SQ:XPDUSD,2022-04-28T00:01:00+02:00,2189.040,2197.560,2189.040,2194.490,14
SQ:XPDUSD,2022-04-28T00:02:00+02:00,2194.310,2198.010,2192.050,2193.480,34
SQ:XPDUSD,2022-04-28T00:03:00+02:00,2196.550,2198.150,2192.240,2197.850,9
SQ:XPDUSD,2022-04-28T00:04:00+02:00,2196.950,2198.330,2191.500,2191.500,4
SQ:XPDUSD,2022-04-28T00:05:00+02:00,2194.480,2197.550,2194.480,2197.550,2
SQ:XPDUSD,2022-04-28T00:06:00+02:00,2190.870,2193.870,2190.870,2193.870,2
SQ:XPDUSD,2022-04-28T00:07:00+02:00,2196.940,2199.830,2194.440,2196.940,15
SQ:XPDUSD,2022-04-28T00:08:00+02:00,2199.930,2201.750,2192.150,2194.070,12
SQ:XPDUSD,2022-04-28T00:09:00+02:00,2195.830,2198.800,2191.240,2191.240,3
SQ:XPDUSD,2022-04-28T00:10:00+02:00,2191.240,2193.870,2191.240,2193.870,2
SQ:XPDUSD,2022-04-28T00:11:00+02:00,2196.940,2196.940,2191.480,2193.870,3
SQ:XPDUSD,2022-04-28T00:12:00+02:00,2193.870,2196.940,2191.600,2191.600,3
SQ:XPDUSD,2022-04-28T00:13:00+02:00,2191.600,2198.970,2191.600,2193.560,8
SQ:XPDUSD,2022-04-28T00:14:00+02:00,2195.100,2198.990,2191.600,2191.600,6
SQ:XPDUSD,2022-04-28T00:15:00+02:00,2191.600,2193.870,2191.600,2193.870,2
SQ:XPDUSD,2022-04-28T00:16:00+02:00,2197.200,2197.230,2191.360,2196.940,8
SQ:XPDUSD,2022-04-28T00:17:00+02:00,2196.940,2196.940,2190.870,2193.870,3
SQ:XPDUSD,2022-04-28T00:18:00+02:00,2193.870,2197.320,2191.120,2191.120,4
SQ:XPDUSD,2022-04-28T00:19:00+02:00,2192.440,2196.940,2191.360,2193.870,5
SQ:XPDUSD,2022-04-28T00:20:00+02:00,2193.870,2199.920,2190.870,2190.870,5
SQ:XPDUSD,2022-04-28T00:21:00+02:00,2190.870,2196.940,2190.870,2196.940,3
SQ:XPDUSD,2022-04-28T00:22:00+02:00,2199.930,2199.980,2191.000,2193.870,4
SQ:XPDUSD,2022-04-28T00:23:00+02:00,2193.870,2199.980,2190.870,2190.870,5
SQ:XPDUSD,2022-04-28T00:24:00+02:00,2190.870,2196.940,2190.870,2196.940,3
SQ:XPDUSD,2022-04-28T00:25:00+02:00,2199.920,2199.970,2190.870,2194.560,4
SQ:XPDUSD,2022-04-28T00:26:00+02:00,2193.870,2197.280,2191.360,2193.870,5
SQ:XPDUSD,2022-04-28T00:27:00+02:00,2193.870,2197.270,2191.480,2191.480,4
SQ:XPDUSD,2022-04-28T00:28:00+02:00,2191.480,2193.870,2191.480,2193.870,2
SQ:XPDUSD,2022-04-28T00:29:00+02:00,2197.230,2197.290,2191.240,2191.240,3
SQ:XPDUSD,2022-04-28T00:30:00+02:00,2193.870,2199.760,2193.870,2199.760,4
SQ:XPDUSD,2022-04-28T00:31:00+02:00,2199.890,2199.890,2199.890,2199.890,1
SQ:XPDUSD,2022-04-28T00:33:00+02:00,2199.890,2199.890,2199.890,2199.890,1
SQ:XPDUSD,2022-04-28T00:35:00+02:00,2200.020,2200.020,2194.440,2194.440,3
SQ:XPDUSD,2022-04-28T00:36:00+02:00,2197.150,2197.150,2191.240,2194.570,3
SQ:XPDUSD,2022-04-28T00:37:00+02:00,2194.570,2199.800,2194.570,2199.800,5
SQ:XPDUSD,2022-04-28T00:38:00+02:00,2199.800,2199.800,2194.440,2194.440,2
SQ:XPDUSD,2022-04-28T00:39:00+02:00,2197.070,2199.800,2197.070,2199.800,3
SQ:XPDUSD,2022-04-28T00:40:00+02:00,2199.800,2199.930,2199.800,2199.930,2
SQ:XPDUSD,2022-04-28T00:41:00+02:00,2199.930,2199.930,2199.930,2199.930,1
SQ:XPDUSD,2022-04-28T00:43:00+02:00,2199.860,2202.650,2199.860,2202.350,3
SQ:XPDUSD,2022-04-28T00:44:00+02:00,2199.840,2201.700,2193.870,2201.700,5
SQ:XPDUSD,2022-04-28T00:45:00+02:00,2201.700,2202.580,2192.250,2194.750,4
SQ:XPDUSD,2022-04-28T00:46:00+02:00,2194.750,2200.560,2194.750,2200.560,4
SQ:XPDUSD,2022-04-28T00:47:00+02:00,2200.560,2200.560,2192.250,2192.250,2
SQ:XPDUSD,2022-04-28T00:48:00+02:00,2195.440,2200.820,2195.440,2200.820,4
SQ:XPDUSD,2022-04-28T00:49:00+02:00,2200.820,2200.820,2192.620,2194.260,3
SQ:XPDUSD,2022-04-28T00:50:00+02:00,2194.260,2201.700,2194.260,2201.700,6
SQ:XPDUSD,2022-04-28T00:51:00+02:00,2201.700,2202.900,2195.250,2195.250,3
SQ:XPDUSD,2022-04-28T00:52:00+02:00,2198.600,2201.740,2192.250,2192.250,4
SQ:XPDUSD,2022-04-28T00:53:00+02:00,2192.250,2197.240,2192.250,2197.240,3
SQ:XPDUSD,2022-04-28T00:54:00+02:00,2197.240,2205.440,2197.240,2205.150,9
SQ:XPDUSD,2022-04-28T00:55:00+02:00,2205.150,2206.850,2192.250,2195.000,4
SQ:XPDUSD,2022-04-28T00:56:00+02:00,2195.000,2203.050,2195.000,2203.050,5
SQ:XPDUSD,2022-04-28T00:57:00+02:00,2203.050,2205.500,2203.050,2205.500,5
SQ:XPDUSD,2022-04-28T00:58:00+02:00,2205.500,2206.150,2205.350,2206.150,4
SQ:XPDUSD,2022-04-28T00:59:00+02:00,2206.150,2206.250,2206.150,2206.250,2
SQ:XPDUSD,2022-04-28T01:00:00+02:00,2206.600,2206.600,2206.600,2206.600,1
SQ:XPDUSD,2022-04-28T01:01:00+02:00,2206.600,2206.600,2206.100,2206.100,2
SQ:XPDUSD,2022-04-28T01:03:00+02:00,2206.100,2206.100,2206.100,2206.100,1
SQ:XPDUSD,2022-04-28T01:06:00+02:00,2206.100,2206.100,2206.100,2206.100,1
SQ:XPDUSD,2022-04-28T01:07:00+02:00,2201.120,2201.120,2198.650,2198.650,2
SQ:XPDUSD,2022-04-28T01:08:00+02:00,2198.650,2201.060,2198.650,2201.060,7
SQ:XPDUSD,2022-04-28T01:09:00+02:00,2200.960,2200.960,2200.960,2200.960,1
SQ:XPDUSD,2022-04-28T01:12:00+02:00,2201.050,2201.050,2200.960,2200.960,2
SQ:XPDUSD,2022-04-28T01:17:00+02:00,2200.960,2200.960,2200.960,2200.960,1
SQ:XPDUSD,2022-04-28T01:22:00+02:00,2200.960,2200.960,2200.850,2200.960,3
SQ:XPDUSD,2022-04-28T01:23:00+02:00,2200.850,2200.850,2200.850,2200.850,1
SQ:XPDUSD,2022-04-28T01:24:00+02:00,2200.850,2200.960,2200.850,2200.960,2
SQ:XPDUSD,2022-04-28T01:25:00+02:00,2200.960,2200.960,2200.850,2200.850,2
SQ:XPDUSD,2022-04-28T01:26:00+02:00,2200.960,2200.960,2200.960,2200.960,1
SQ:XPDUSD,2022-04-28T01:31:00+02:00,2200.960,2200.960,2200.960,2200.960,1
SQ:XPDUSD,2022-04-28T01:33:00+02:00,2200.850,2200.850,2200.850,2200.850,1
SQ:XPDUSD,2022-04-28T01:34:00+02:00,2200.850,2200.960,2200.850,2200.850,5
SQ:XPDUSD,2022-04-28T01:35:00+02:00,2200.960,2200.960,2200.960,2200.960,1
SQ:XPDUSD,2022-04-28T01:40:00+02:00,2200.960,2200.960,2200.960,2200.960,1
SQ:XPDUSD,2022-04-28T01:42:00+02:00,2200.960,2200.960,2200.960,2200.960,1
SQ:XPDUSD,2022-04-28T01:43:00+02:00,2200.960,2201.000,2200.960,2200.960,3
SQ:XPDUSD,2022-04-28T01:44:00+02:00,2200.960,2201.000,2200.960,2200.960,3
SQ:XPDUSD,2022-04-28T01:45:00+02:00,2201.000,2201.020,2200.960,2201.020,5
SQ:XPDUSD,2022-04-28T01:46:00+02:00,2200.960,2201.010,2200.960,2200.960,3
SQ:XPDUSD,2022-04-28T01:48:00+02:00,2200.960,2200.960,2200.960,2200.960,1
SQ:XPDUSD,2022-04-28T01:51:00+02:00,2200.950,2200.950,2200.950,2200.950,1
SQ:XPDUSD,2022-04-28T01:52:00+02:00,2200.960,2200.960,2200.800,2200.800,3
SQ:XPDUSD,2022-04-28T01:53:00+02:00,2200.760,2200.760,2200.650,2200.650,2
SQ:XPDUSD,2022-04-28T01:54:00+02:00,2200.650,2200.650,2200.500,2200.500,2
SQ:XPDUSD,2022-04-28T01:55:00+02:00,2200.500,2200.500,2200.500,2200.500,1
SQ:XPDUSD,2022-04-28T01:56:00+02:00,2200.760,2200.760,2200.760,2200.760,1
SQ:XPDUSD,2022-04-28T01:59:00+02:00,2200.760,2200.760,2200.760,2200.760,1
SQ:XPDUSD,2022-04-28T02:00:00+02:00,2199.950,2201.090,2199.950,2201.090,8
SQ:XPDUSD,2022-04-28T02:01:00+02:00,2201.090,2201.160,2201.090,2201.160,2
SQ:XPDUSD,2022-04-28T02:02:00+02:00,2201.160,2201.160,2201.160,2201.160,1
SQ:XPDUSD,2022-04-28T02:03:00+02:00,2201.160,2201.160,2201.160,2201.160,1
SQ:XPDUSD,2022-04-28T02:04:00+02:00,2201.290,2201.290,2201.290,2201.290,1
SQ:XPDUSD,2022-04-28T02:07:00+02:00,2201.290,2201.290,2201.290,2201.290,1
SQ:XPDUSD,2022-04-28T02:10:00+02:00,2201.250,2201.250,2200.440,2200.440,2
SQ:XPDUSD,2022-04-28T02:11:00+02:00,2200.440,2200.550,2200.440,2200.440,3
SQ:XPDUSD,2022-04-28T02:12:00+02:00,2200.440,2200.440,2200.440,2200.440,1
SQ:XPDUSD,2022-04-28T02:13:00+02:00,2200.440,2200.440,2200.440,2200.440,1
SQ:XPDUSD,2022-04-28T02:14:00+02:00,2200.440,2200.440,2200.440,2200.440,1
SQ:XPDUSD,2022-04-28T02:17:00+02:00,2200.440,2205.050,2200.440,2205.050,4
SQ:XPDUSD,2022-04-28T02:18:00+02:00,2205.050,2205.050,2205.050,2205.050,1
SQ:XPDUSD,2022-04-28T02:19:00+02:00,2205.050,2205.050,2205.050,2205.050,1
SQ:XPDUSD,2022-04-28T02:21:00+02:00,2205.050,2205.050,2205.050,2205.050,1
SQ:XPDUSD,2022-04-28T02:22:00+02:00,2204.250,2204.250,2204.250,2204.250,1
SQ:XPDUSD,2022-04-28T02:27:00+02:00,2204.250,2204.250,2204.250,2204.250,1
SQ:XPDUSD,2022-04-28T02:32:00+02:00,2204.100,2204.100,2204.100,2204.100,1
SQ:XPDUSD,2022-04-28T02:33:00+02:00,2204.800,2204.800,2204.250,2204.550,3
SQ:XPDUSD,2022-04-28T02:34:00+02:00,2204.550,2204.550,2204.550,2204.550,1
SQ:XPDUSD,2022-04-28T02:37:00+02:00,2205.150,2211.190,2200.370,2203.920,8
SQ:XPDUSD,2022-04-28T02:38:00+02:00,2204.100,2204.350,2204.100,2204.350,2
SQ:XPDUSD,2022-04-28T02:39:00+02:00,2204.350,2204.350,2204.350,2204.350,1
SQ:XPDUSD,2022-04-28T02:41:00+02:00,2204.350,2204.350,2204.350,2204.350,1
SQ:XPDUSD,2022-04-28T02:43:00+02:00,2210.540,2216.640,2210.540,2216.640,8
SQ:XPDUSD,2022-04-28T02:44:00+02:00,2217.540,2217.540,2217.540,2217.540,1
SQ:XPDUSD,2022-04-28T02:45:00+02:00,2217.040,2217.040,2216.640,2216.640,2
SQ:XPDUSD,2022-04-28T02:46:00+02:00,2216.640,2216.640,2216.640,2216.640,1
SQ:XPDUSD,2022-04-28T02:47:00+02:00,2217.590,2218.740,2217.590,2218.740,2
SQ:XPDUSD,2022-04-28T02:48:00+02:00,2218.740,2218.740,2218.740,2218.740,1
SQ:XPDUSD,2022-04-28T02:50:00+02:00,2217.590,2218.090,2217.590,2218.090,2
SQ:XPDUSD,2022-04-28T02:51:00+02:00,2216.940,2218.090,2216.940,2216.940,9
SQ:XPDUSD,2022-04-28T02:52:00+02:00,2216.890,2218.040,2216.890,2218.040,6
SQ:XPDUSD,2022-04-28T02:53:00+02:00,2216.890,2218.290,2216.890,2218.290,5
SQ:XPDUSD,2022-04-28T02:58:00+02:00,2218.540,2219.040,2218.540,2219.040,2
SQ:XPDUSD,2022-04-28T03:00:00+02:00,2218.840,2218.840,2218.790,2218.790,2
SQ:XPDUSD,2022-04-28T03:02:00+02:00,2218.290,2218.390,2216.540,2218.390,32
SQ:XPDUSD,2022-04-28T03:03:00+02:00,2217.240,2218.390,2216.640,2216.740,4
SQ:XPDUSD,2022-04-28T03:04:00+02:00,2218.390,2218.390,2214.690,2216.790,42
SQ:XPDUSD,2022-04-28T03:05:00+02:00,2215.390,2218.840,2215.390,2218.840,8
SQ:XPDUSD,2022-04-28T03:07:00+02:00,2219.780,2219.790,2219.540,2219.790,3
SQ:XPDUSD,2022-04-28T03:08:00+02:00,2218.790,2218.790,2218.790,2218.790,1
SQ:XPDUSD,2022-04-28T03:10:00+02:00,2217.640,2218.790,2216.240,2216.240,6
SQ:XPDUSD,2022-04-28T03:11:00+02:00,2215.240,2218.640,2215.240,2216.090,23
SQ:XPDUSD,2022-04-28T03:12:00+02:00,2217.490,2218.640,2216.090,2216.090,37
SQ:XPDUSD,2022-04-28T03:13:00+02:00,2216.090,2218.640,2216.090,2217.490,38
SQ:XPDUSD,2022-04-28T03:14:00+02:00,2218.640,2218.640,2217.490,2218.640,35
SQ:XPDUSD,2022-04-28T03:15:00+02:00,2217.490,2218.790,2217.490,2218.790,3
SQ:XPDUSD,2022-04-28T03:20:00+02:00,2218.790,2218.790,2218.790,2218.790,1
SQ:XPDUSD,2022-04-28T03:22:00+02:00,2217.640,2218.790,2217.640,2218.790,4
SQ:XPDUSD,2022-04-28T03:23:00+02:00,2218.790,2218.790,2218.790,2218.790,1
SQ:XPDUSD,2022-04-28T03:27:00+02:00,2217.640,2218.790,2217.640,2218.790,4
SQ:XPDUSD,2022-04-28T03:29:00+02:00,2218.640,2218.640,2216.090,2218.640,5
SQ:XPDUSD,2022-04-28T03:30:00+02:00,2217.490,2218.640,2216.090,2218.640,21
SQ:XPDUSD,2022-04-28T03:31:00+02:00,2217.490,2218.640,2216.090,2218.640,30
SQ:XPDUSD,2022-04-28T03:32:00+02:00,2217.490,2218.640,2216.090,2216.090,14
SQ:XPDUSD,2022-04-28T03:33:00+02:00,2217.490,2217.490,2216.090,2217.490,5
SQ:XPDUSD,2022-04-28T03:34:00+02:00,2216.090,2218.790,2216.090,2216.240,37
SQ:XPDUSD,2022-04-28T03:35:00+02:00,2217.640,2218.790,2216.240,2216.240,19
SQ:XPDUSD,2022-04-28T03:36:00+02:00,2217.640,2218.790,2216.240,2218.790,20
SQ:XPDUSD,2022-04-28T03:38:00+02:00,2217.640,2218.790,2217.640,2218.790,2
SQ:XPDUSD,2022-04-28T03:39:00+02:00,2218.790,2218.840,2217.640,2218.840,15
SQ:XPDUSD,2022-04-28T03:40:00+02:00,2218.840,2218.840,2217.690,2218.840,7
SQ:XPDUSD,2022-04-28T03:43:00+02:00,2218.590,2221.240,2218.290,2219.590,6
SQ:XPDUSD,2022-04-28T03:44:00+02:00,2220.590,2221.740,2220.590,2221.740,3
SQ:XPDUSD,2022-04-28T03:45:00+02:00,2221.440,2222.180,2220.390,2222.180,4
SQ:XPDUSD,2022-04-28T03:46:00+02:00,2221.480,2221.630,2221.480,2221.630,2
SQ:XPDUSD,2022-04-28T03:47:00+02:00,2220.590,2224.710,2220.590,2224.330,4
SQ:XPDUSD,2022-04-28T03:48:00+02:00,2224.330,2224.330,2221.640,2222.530,4
SQ:XPDUSD,2022-04-28T03:49:00+02:00,2221.240,2225.080,2221.240,2225.080,2
SQ:XPDUSD,2022-04-28T03:51:00+02:00,2222.330,2226.880,2222.330,2226.880,3
SQ:XPDUSD,2022-04-28T03:52:00+02:00,2226.880,2226.880,2219.880,2222.280,4
SQ:XPDUSD,2022-04-28T03:53:00+02:00,2223.430,2223.430,2223.430,2223.430,1
SQ:XPDUSD,2022-04-28T03:54:00+02:00,2222.830,2226.480,2222.830,2226.480,3
SQ:XPDUSD,2022-04-28T03:55:00+02:00,2226.480,2227.780,2225.030,2227.780,4
SQ:XPDUSD,2022-04-28T03:56:00+02:00,2227.780,2227.780,2227.780,2227.780,1
SQ:XPDUSD,2022-04-28T03:57:00+02:00,2226.730,2226.730,2219.930,2223.130,5
SQ:XPDUSD,2022-04-28T03:58:00+02:00,2222.330,2224.280,2222.280,2224.280,5
SQ:XPDUSD,2022-04-28T03:59:00+02:00,2225.080,2225.830,2223.880,2225.830,5
SQ:XPDUSD,2022-04-28T04:00:00+02:00,2227.630,2227.630,2226.830,2226.830,2
SQ:XPDUSD,2022-04-28T04:01:00+02:00,2225.080,2225.080,2222.230,2223.480,3
SQ:XPDUSD,2022-04-28T04:02:00+02:00,2222.480,2225.680,2222.130,2225.680,4
SQ:XPDUSD,2022-04-28T04:03:00+02:00,2225.680,2225.680,2225.680,2225.680,1
SQ:XPDUSD,2022-04-28T04:04:00+02:00,2224.230,2227.480,2224.230,2227.480,3
SQ:XPDUSD,2022-04-28T04:06:00+02:00,2227.280,2227.280,2220.630,2223.230,5
SQ:XPDUSD,2022-04-28T04:07:00+02:00,2222.730,2224.730,2222.140,2224.730,4
SQ:XPDUSD,2022-04-28T04:08:00+02:00,2223.230,2223.230,2222.380,2222.380,2
SQ:XPDUSD,2022-04-28T04:09:00+02:00,2223.630,2223.630,2223.630,2223.630,1
SQ:XPDUSD,2022-04-28T04:10:00+02:00,2222.530,2225.980,2222.130,2225.980,4
SQ:XPDUSD,2022-04-28T04:11:00+02:00,2224.280,2224.280,2219.880,2223.630,5
SQ:XPDUSD,2022-04-28T04:12:00+02:00,2223.630,2225.980,2222.530,2225.980,4
SQ:XPDUSD,2022-04-28T04:13:00+02:00,2225.980,2225.980,2224.280,2224.280,2
SQ:XPDUSD,2022-04-28T04:14:00+02:00,2220.390,2222.880,2220.390,2222.880,3
SQ:XPDUSD,2022-04-28T04:15:00+02:00,2222.230,2225.730,2222.230,2225.730,3
SQ:XPDUSD,2022-04-28T04:16:00+02:00,2223.980,2223.980,2218.740,2221.090,3
SQ:XPDUSD,2022-04-28T04:17:00+02:00,2222.060,2222.060,2221.290,2221.290,2
SQ:XPDUSD,2022-04-28T04:18:00+02:00,2219.090,2222.100,2219.090,2222.100,3
SQ:XPDUSD,2022-04-28T04:19:00+02:00,2222.100,2222.130,2221.620,2222.130,4
SQ:XPDUSD,2022-04-28T04:20:00+02:00,2221.640,2221.640,2219.140,2221.640,5
SQ:XPDUSD,2022-04-28T04:21:00+02:00,2221.640,2221.640,2221.040,2221.040,2
SQ:XPDUSD,2022-04-28T04:22:00+02:00,2221.290,2222.040,2221.290,2222.040,2
SQ:XPDUSD,2022-04-28T04:23:00+02:00,2221.040,2221.840,2218.940,2221.840,4
SQ:XPDUSD,2022-04-28T04:24:00+02:00,2221.240,2223.280,2220.440,2222.630,8
SQ:XPDUSD,2022-04-28T04:25:00+02:00,2222.930,2222.930,2221.430,2221.430,3
SQ:XPDUSD,2022-04-28T04:26:00+02:00,2223.980,2223.980,2223.980,2223.980,1
SQ:XPDUSD,2022-04-28T04:27:00+02:00,2224.130,2224.130,2221.030,2221.030,3
SQ:XPDUSD,2022-04-28T04:28:00+02:00,2222.230,2222.230,2222.230,2222.230,1
SQ:XPDUSD,2022-04-28T04:29:00+02:00,2221.380,2223.280,2221.380,2223.280,2
SQ:XPDUSD,2022-04-28T04:30:00+02:00,2224.030,2224.930,2221.140,2221.140,9
SQ:XPDUSD,2022-04-28T04:32:00+02:00,2221.580,2224.980,2221.580,2224.980,3
SQ:XPDUSD,2022-04-28T04:33:00+02:00,2223.430,2223.430,2221.190,2222.230,3
SQ:XPDUSD,2022-04-28T04:34:00+02:00,2222.230,2223.230,2220.690,2223.230,4
SQ:XPDUSD,2022-04-28T04:35:00+02:00,2224.480,2224.480,2224.480,2224.480,1
SQ:XPDUSD,2022-04-28T04:36:00+02:00,2222.930,2222.930,2220.990,2222.080,3
SQ:XPDUSD,2022-04-28T04:37:00+02:00,2221.040,2224.030,2221.040,2224.030,3
SQ:XPDUSD,2022-04-28T04:38:00+02:00,2224.030,2224.030,2223.180,2223.180,2
SQ:XPDUSD,2022-04-28T04:39:00+02:00,2221.340,2222.430,2221.340,2222.430,2
SQ:XPDUSD,2022-04-28T04:40:00+02:00,2222.230,2224.630,2220.940,2224.630,5
SQ:XPDUSD,2022-04-28T04:41:00+02:00,2225.110,2225.110,2225.110,2225.110,1
SQ:XPDUSD,2022-04-28T04:42:00+02:00,2223.630,2223.630,2220.200,2221.930,4
SQ:XPDUSD,2022-04-28T04:43:00+02:00,2221.390,2224.780,2220.890,2224.780,4
SQ:XPDUSD,2022-04-28T04:44:00+02:00,2223.130,2223.130,2220.890,2221.980,3
SQ:XPDUSD,2022-04-28T04:45:00+02:00,2221.980,2222.330,2221.980,2222.330,2
SQ:XPDUSD,2022-04-28T04:46:00+02:00,2221.680,2225.400,2221.540,2225.400,4
SQ:XPDUSD,2022-04-28T04:47:00+02:00,2223.880,2227.780,2222.480,2227.780,4
SQ:XPDUSD,2022-04-28T04:48:00+02:00,2227.780,2227.780,2227.780,2227.780,1
SQ:XPDUSD,2022-04-28T04:49:00+02:00,2225.630,2225.630,2219.590,2223.880,4
SQ:XPDUSD,2022-04-28T04:50:00+02:00,2222.680,2226.430,2221.680,2226.430,4
SQ:XPDUSD,2022-04-28T04:51:00+02:00,2226.430,2226.430,2226.430,2226.430,1
SQ:XPDUSD,2022-04-28T04:52:00+02:00,2224.730,2226.580,2224.730,2226.580,2
SQ:XPDUSD,2022-04-28T04:53:00+02:00,2228.680,2228.930,2222.930,2226.430,8
SQ:XPDUSD,2022-04-28T04:54:00+02:00,2226.430,2226.430,2226.430,2226.430,1
SQ:XPDUSD,2022-04-28T04:55:00+02:00,2225.380,2227.830,2224.280,2227.830,4
SQ:XPDUSD,2022-04-28T04:56:00+02:00,2228.430,2228.430,2222.180,2226.630,7
SQ:XPDUSD,2022-04-28T04:57:00+02:00,2225.830,2227.020,2223.580,2227.020,11
SQ:XPDUSD,2022-04-28T04:58:00+02:00,2227.020,2227.020,2226.580,2226.580,2
SQ:XPDUSD,2022-04-28T04:59:00+02:00,2225.530,2227.020,2223.750,2226.280,6
SQ:XPDUSD,2022-04-28T05:00:00+02:00,2227.020,2227.020,2223.130,2226.680,13
SQ:XPDUSD,2022-04-28T05:01:00+02:00,2227.020,2227.020,2225.680,2225.680,3
SQ:XPDUSD,2022-04-28T05:02:00+02:00,2227.000,2227.000,2227.000,2227.000,1
SQ:XPDUSD,2022-04-28T05:03:00+02:00,2226.380,2226.680,2223.340,2226.680,4
SQ:XPDUSD,2022-04-28T05:04:00+02:00,2225.630,2225.680,2225.630,2225.680,2
SQ:XPDUSD,2022-04-28T05:05:00+02:00,2226.680,2226.680,2224.880,2224.880,5
SQ:XPDUSD,2022-04-28T05:06:00+02:00,2222.130,2226.990,2222.130,2226.990,4
SQ:XPDUSD,2022-04-28T05:07:00+02:00,2226.990,2229.610,2226.680,2229.610,4
SQ:XPDUSD,2022-04-28T05:08:00+02:00,2228.380,2228.380,2226.100,2226.100,2
SQ:XPDUSD,2022-04-28T05:09:00+02:00,2226.460,2226.520,2225.930,2226.460,19
SQ:XPDUSD,2022-04-28T05:10:00+02:00,2225.930,2229.140,2224.280,2229.140,24
SQ:XPDUSD,2022-04-28T05:11:00+02:00,2229.140,2229.180,2228.280,2229.180,14
SQ:XPDUSD,2022-04-28T05:12:00+02:00,2228.280,2229.190,2224.730,2225.280,11
SQ:XPDUSD,2022-04-28T05:13:00+02:00,2226.530,2226.530,2219.740,2223.960,31
SQ:XPDUSD,2022-04-28T05:14:00+02:00,2223.930,2224.020,2222.380,2222.380,28
SQ:XPDUSD,2022-04-28T05:15:00+02:00,2225.780,2226.610,2225.780,2226.610,2
SQ:XPDUSD,2022-04-28T05:16:00+02:00,2226.610,2226.670,2223.430,2224.130,19
SQ:XPDUSD,2022-04-28T05:17:00+02:00,2223.430,2224.130,2223.330,2223.330,20
SQ:XPDUSD,2022-04-28T05:18:00+02:00,2219.140,2223.080,2219.140,2222.280,12
SQ:XPDUSD,2022-04-28T05:19:00+02:00,2222.440,2222.740,2220.040,2222.740,12
SQ:XPDUSD,2022-04-28T05:20:00+02:00,2222.740,2222.780,2221.740,2221.740,3
SQ:XPDUSD,2022-04-28T05:21:00+02:00,2221.900,2221.900,2213.490,2217.680,51
SQ:XPDUSD,2022-04-28T05:22:00+02:00,2216.440,2216.440,2216.440,2216.440,1
SQ:XPDUSD,2022-04-28T05:23:00+02:00,2214.250,2215.740,2214.250,2215.440,19
SQ:XPDUSD,2022-04-28T05:24:00+02:00,2216.140,2217.420,2214.750,2216.640,20
SQ:XPDUSD,2022-04-28T05:25:00+02:00,2217.290,2218.000,2213.430,2213.430,27
SQ:XPDUSD,2022-04-28T05:26:00+02:00,2217.140,2219.190,2217.140,2219.190,3
SQ:XPDUSD,2022-04-28T05:27:00+02:00,2219.190,2219.190,2216.250,2218.840,5
SQ:XPDUSD,2022-04-28T05:28:00+02:00,2216.250,2218.840,2216.250,2218.840,3
SQ:XPDUSD,2022-04-28T05:29:00+02:00,2218.640,2219.490,2217.490,2218.040,37
SQ:XPDUSD,2022-04-28T05:30:00+02:00,2217.490,2219.090,2214.790,2216.140,14
SQ:XPDUSD,2022-04-28T05:31:00+02:00,2216.490,2218.340,2216.490,2218.340,5
SQ:XPDUSD,2022-04-28T05:34:00+02:00,2217.940,2220.380,2215.890,2220.330,11
SQ:XPDUSD,2022-04-28T05:35:00+02:00,2221.980,2222.430,2216.650,2217.930,11
SQ:XPDUSD,2022-04-28T05:36:00+02:00,2217.930,2217.930,2217.930,2217.930,1
SQ:XPDUSD,2022-04-28T05:37:00+02:00,2217.930,2217.930,2217.930,2217.930,1
SQ:XPDUSD,2022-04-28T05:38:00+02:00,2217.390,2217.390,2216.740,2216.740,2
SQ:XPDUSD,2022-04-28T05:39:00+02:00,2216.740,2217.890,2216.190,2216.440,17
SQ:XPDUSD,2022-04-28T05:40:00+02:00,2216.290,2216.590,2216.290,2216.590,13
SQ:XPDUSD,2022-04-28T05:41:00+02:00,2216.440,2216.590,2216.440,2216.440,11
SQ:XPDUSD,2022-04-28T05:42:00+02:00,2216.440,2216.440,2216.440,2216.440,1
SQ:XPDUSD,2022-04-28T05:43:00+02:00,2216.590,2216.590,2216.440,2216.590,5
SQ:XPDUSD,2022-04-28T05:44:00+02:00,2216.440,2216.590,2216.440,2216.590,10
SQ:XPDUSD,2022-04-28T05:45:00+02:00,2216.440,2216.590,2216.440,2216.440,11
SQ:XPDUSD,2022-04-28T05:46:00+02:00,2216.440,2216.440,2216.440,2216.440,1
SQ:XPDUSD,2022-04-28T05:49:00+02:00,2216.240,2216.390,2216.240,2216.390,4
SQ:XPDUSD,2022-04-28T05:50:00+02:00,2216.240,2216.390,2216.240,2216.390,2
SQ:XPDUSD,2022-04-28T05:51:00+02:00,2216.240,2216.390,2216.240,2216.240,3
SQ:XPDUSD,2022-04-28T05:52:00+02:00,2216.390,2216.390,2216.240,2216.390,7
SQ:XPDUSD,2022-04-28T05:53:00+02:00,2216.240,2216.390,2216.240,2216.240,5
SQ:XPDUSD,2022-04-28T05:54:00+02:00,2216.240,2216.240,2216.240,2216.240,1
SQ:XPDUSD,2022-04-28T05:55:00+02:00,2215.750,2215.990,2215.740,2215.740,8
SQ:XPDUSD,2022-04-28T05:56:00+02:00,2215.990,2215.990,2215.990,2215.990,1
SQ:XPDUSD,2022-04-28T05:57:00+02:00,2217.340,2229.190,2216.890,2225.330,17
SQ:XPDUSD,2022-04-28T05:58:00+02:00,2229.180,2229.180,2226.380,2227.030,16
SQ:XPDUSD,2022-04-28T05:59:00+02:00,2227.930,2229.140,2227.030,2228.840,6
SQ:XPDUSD,2022-04-28T06:00:00+02:00,2228.840,2228.920,2227.730,2227.730,6
SQ:XPDUSD,2022-04-28T06:01:00+02:00,2225.730,2227.730,2225.680,2227.730,22
SQ:XPDUSD,2022-04-28T06:02:00+02:00,2227.730,2227.730,2225.680,2227.730,24
SQ:XPDUSD,2022-04-28T06:03:00+02:00,2227.730,2227.730,2226.680,2226.680,7
SQ:XPDUSD,2022-04-28T06:04:00+02:00,2226.680,2226.680,2226.680,2226.680,1
SQ:XPDUSD,2022-04-28T06:05:00+02:00,2226.680,2226.680,2226.680,2226.680,1
SQ:XPDUSD,2022-04-28T06:06:00+02:00,2226.980,2226.980,2226.680,2226.980,11
SQ:XPDUSD,2022-04-28T06:07:00+02:00,2226.680,2226.980,2226.680,2226.680,9
SQ:XPDUSD,2022-04-28T06:08:00+02:00,2226.980,2226.980,2226.680,2226.680,6
SQ:XPDUSD,2022-04-28T06:09:00+02:00,2226.980,2226.980,2226.680,2226.980,5
SQ:XPDUSD,2022-04-28T06:11:00+02:00,2226.680,2226.980,2226.680,2226.980,4
SQ:XPDUSD,2022-04-28T06:12:00+02:00,2226.680,2226.980,2226.680,2226.980,4
SQ:XPDUSD,2022-04-28T06:13:00+02:00,2226.680,2226.980,2226.680,2226.680,7
SQ:XPDUSD,2022-04-28T06:15:00+02:00,2226.830,2226.830,2226.830,2226.830,1
SQ:XPDUSD,2022-04-28T06:16:00+02:00,2226.830,2226.930,2226.830,2226.930,2
SQ:XPDUSD,2022-04-28T06:17:00+02:00,2227.030,2227.280,2226.980,2227.230,8
SQ:XPDUSD,2022-04-28T06:18:00+02:00,2227.230,2227.230,2220.750,2223.080,24
SQ:XPDUSD,2022-04-28T06:19:00+02:00,2223.630,2224.630,2222.080,2222.080,16
SQ:XPDUSD,2022-04-28T06:20:00+02:00,2222.830,2224.080,2221.980,2223.980,17
SQ:XPDUSD,2022-04-28T06:21:00+02:00,2224.080,2224.580,2222.130,2222.130,19
SQ:XPDUSD,2022-04-28T06:22:00+02:00,2222.130,2224.080,2222.130,2223.330,5
SQ:XPDUSD,2022-04-28T06:25:00+02:00,2221.750,2221.750,2221.750,2221.750,1
SQ:XPDUSD,2022-04-28T06:26:00+02:00,2221.750,2222.880,2221.750,2222.480,17
SQ:XPDUSD,2022-04-28T06:27:00+02:00,2222.330,2223.030,2222.330,2223.030,3
SQ:XPDUSD,2022-04-28T06:28:00+02:00,2223.630,2225.830,2223.630,2225.830,32
SQ:XPDUSD,2022-04-28T06:29:00+02:00,2226.030,2227.330,2226.030,2227.330,4
SQ:XPDUSD,2022-04-28T06:30:00+02:00,2227.330,2227.330,2227.330,2227.330,1
SQ:XPDUSD,2022-04-28T06:31:00+02:00,2227.380,2227.380,2221.530,2221.780,17
SQ:XPDUSD,2022-04-28T06:32:00+02:00,2222.130,2224.430,2221.730,2222.030,34
SQ:XPDUSD,2022-04-28T06:33:00+02:00,2222.030,2224.280,2221.750,2221.750,5
SQ:XPDUSD,2022-04-28T06:34:00+02:00,2221.750,2223.730,2221.750,2221.980,8
SQ:XPDUSD,2022-04-28T06:35:00+02:00,2221.980,2222.330,2221.980,2221.980,3
SQ:XPDUSD,2022-04-28T06:36:00+02:00,2222.330,2222.330,2221.980,2221.980,4
SQ:XPDUSD,2022-04-28T06:37:00+02:00,2221.980,2222.330,2221.980,2222.330,4
SQ:XPDUSD,2022-04-28T06:38:00+02:00,2222.330,2225.730,2221.750,2221.750,7
SQ:XPDUSD,2022-04-28T06:39:00+02:00,2221.750,2221.750,2221.750,2221.750,1
SQ:XPDUSD,2022-04-28T06:40:00+02:00,2221.750,2221.750,2221.750,2221.750,1
SQ:XPDUSD,2022-04-28T06:41:00+02:00,2221.750,2221.750,2221.750,2221.750,1
SQ:XPDUSD,2022-04-28T06:42:00+02:00,2221.750,2221.750,2221.750,2221.750,1
SQ:XPDUSD,2022-04-28T06:43:00+02:00,2221.750,2221.750,2221.750,2221.750,1
SQ:XPDUSD,2022-04-28T06:45:00+02:00,2221.750,2223.750,2221.750,2223.750,3
SQ:XPDUSD,2022-04-28T06:46:00+02:00,2224.630,2225.380,2224.550,2225.380,8
SQ:XPDUSD,2022-04-28T06:47:00+02:00,2225.380,2225.380,2225.230,2225.230,2
SQ:XPDUSD,2022-04-28T06:48:00+02:00,2229.480,2230.030,2229.480,2230.030,2
SQ:XPDUSD,2022-04-28T06:49:00+02:00,2229.730,2230.030,2226.680,2226.680,7
SQ:XPDUSD,2022-04-28T06:50:00+02:00,2230.880,2231.430,2225.230,2228.780,9
SQ:XPDUSD,2022-04-28T06:51:00+02:00,2228.780,2231.180,2228.780,2230.580,14
SQ:XPDUSD,2022-04-28T06:52:00+02:00,2230.230,2231.380,2225.590,2230.030,16
SQ:XPDUSD,2022-04-28T06:53:00+02:00,2230.380,2232.080,2226.630,2227.730,10
SQ:XPDUSD,2022-04-28T06:54:00+02:00,2230.880,2239.110,2226.250,2232.370,18
SQ:XPDUSD,2022-04-28T06:55:00+02:00,2232.370,2233.020,2232.320,2233.020,4
SQ:XPDUSD,2022-04-28T06:56:00+02:00,2233.020,2234.220,2233.020,2234.170,3
SQ:XPDUSD,2022-04-28T06:58:00+02:00,2233.770,2233.770,2229.620,2231.870,10
SQ:XPDUSD,2022-04-28T06:59:00+02:00,2231.870,2231.870,2230.120,2230.220,7
SQ:XPDUSD,2022-04-28T07:00:00+02:00,2230.220,2231.770,2227.080,2231.770,7
SQ:XPDUSD,2022-04-28T07:01:00+02:00,2231.770,2232.420,2231.470,2232.420,5
SQ:XPDUSD,2022-04-28T07:02:00+02:00,2232.420,2233.220,2229.400,2233.220,8
SQ:XPDUSD,2022-04-28T07:03:00+02:00,2232.370,2232.370,2229.340,2229.610,10
SQ:XPDUSD,2022-04-28T07:04:00+02:00,2229.620,2231.290,2229.620,2231.130,32
SQ:XPDUSD,2022-04-28T07:05:00+02:00,2231.130,2231.300,2228.830,2229.210,33
SQ:XPDUSD,2022-04-28T07:06:00+02:00,2229.140,2229.200,2229.140,2229.140,11
SQ:XPDUSD,2022-04-28T07:07:00+02:00,2229.190,2229.190,2229.140,2229.140,4
SQ:XPDUSD,2022-04-28T07:08:00+02:00,2229.180,2231.300,2229.140,2231.300,16
SQ:XPDUSD,2022-04-28T07:09:00+02:00,2231.030,2233.950,2231.030,2233.820,9
SQ:XPDUSD,2022-04-28T07:10:00+02:00,2233.820,2233.820,2228.840,2229.190,11
SQ:XPDUSD,2022-04-28T07:11:00+02:00,2228.840,2229.190,2228.840,2229.150,27
SQ:XPDUSD,2022-04-28T07:12:00+02:00,2228.840,2229.150,2228.840,2229.150,20
SQ:XPDUSD,2022-04-28T07:13:00+02:00,2228.830,2229.170,2221.750,2227.980,9
SQ:XPDUSD,2022-04-28T07:14:00+02:00,2227.080,2228.000,2225.830,2225.830,5
SQ:XPDUSD,2022-04-28T07:15:00+02:00,2225.830,2227.270,2225.830,2226.920,8
SQ:XPDUSD,2022-04-28T07:16:00+02:00,2227.270,2227.270,2226.680,2227.270,6
SQ:XPDUSD,2022-04-28T07:17:00+02:00,2227.270,2227.270,2226.680,2227.270,3
SQ:XPDUSD,2022-04-28T07:18:00+02:00,2226.680,2226.860,2226.680,2226.680,7
SQ:XPDUSD,2022-04-28T07:19:00+02:00,2226.680,2227.270,2225.720,2225.720,3
SQ:XPDUSD,2022-04-28T07:20:00+02:00,2227.020,2227.020,2227.020,2227.020,1
SQ:XPDUSD,2022-04-28T07:21:00+02:00,2227.020,2227.020,2226.430,2227.020,3
SQ:XPDUSD,2022-04-28T07:22:00+02:00,2226.730,2227.020,2226.430,2227.020,7
SQ:XPDUSD,2022-04-28T07:23:00+02:00,2227.020,2227.020,2226.430,2226.630,11
SQ:XPDUSD,2022-04-28T07:24:00+02:00,2226.790,2226.810,2226.630,2226.810,5
SQ:XPDUSD,2022-04-28T07:25:00+02:00,2226.630,2227.430,2225.830,2226.580,6
SQ:XPDUSD,2022-04-28T07:26:00+02:00,2226.580,2228.260,2226.580,2228.260,5
SQ:XPDUSD,2022-04-28T07:27:00+02:00,2228.470,2228.510,2227.580,2228.260,12
SQ:XPDUSD,2022-04-28T07:28:00+02:00,2228.270,2228.530,2227.730,2227.730,9
SQ:XPDUSD,2022-04-28T07:29:00+02:00,2228.540,2228.560,2227.730,2228.560,7
SQ:XPDUSD,2022-04-28T07:30:00+02:00,2228.270,2228.600,2227.130,2228.600,21
SQ:XPDUSD,2022-04-28T07:31:00+02:00,2228.080,2228.610,2227.930,2227.930,18
SQ:XPDUSD,2022-04-28T07:32:00+02:00,2227.930,2228.610,2227.930,2227.930,3
SQ:XPDUSD,2022-04-28T07:33:00+02:00,2228.630,2228.630,2227.930,2227.930,8
SQ:XPDUSD,2022-04-28T07:34:00+02:00,2228.620,2228.630,2227.930,2228.630,17
SQ:XPDUSD,2022-04-28T07:35:00+02:00,2228.570,2229.130,2227.050,2228.550,22
SQ:XPDUSD,2022-04-28T07:36:00+02:00,2228.340,2228.560,2227.180,2227.180,3
SQ:XPDUSD,2022-04-28T07:37:00+02:00,2228.180,2228.600,2227.180,2228.130,11
SQ:XPDUSD,2022-04-28T07:38:00+02:00,2228.130,2228.600,2227.280,2227.280,8
SQ:XPDUSD,2022-04-28T07:39:00+02:00,2227.280,2227.280,2227.280,2227.280,1
SQ:XPDUSD,2022-04-28T07:40:00+02:00,2228.130,2229.130,2227.280,2228.280,24
SQ:XPDUSD,2022-04-28T07:41:00+02:00,2226.530,2229.730,2225.530,2229.730,12
SQ:XPDUSD,2022-04-28T07:42:00+02:00,2229.710,2230.070,2228.260,2230.070,57
SQ:XPDUSD,2022-04-28T07:43:00+02:00,2230.070,2230.070,2229.500,2229.500,24
SQ:XPDUSD,2022-04-28T07:44:00+02:00,2230.070,2230.070,2228.860,2230.070,9
SQ:XPDUSD,2022-04-28T07:45:00+02:00,2230.070,2232.710,2229.500,2231.840,14
SQ:XPDUSD,2022-04-28T07:46:00+02:00,2231.840,2231.840,2231.840,2231.840,1
SQ:XPDUSD,2022-04-28T07:47:00+02:00,2232.430,2232.430,2231.840,2231.840,16
SQ:XPDUSD,2022-04-28T07:48:00+02:00,2231.840,2233.530,2231.840,2233.530,11
SQ:XPDUSD,2022-04-28T07:49:00+02:00,2233.530,2233.820,2233.530,2233.670,8
SQ:XPDUSD,2022-04-28T07:50:00+02:00,2233.670,2233.700,2231.920,2233.570,11
SQ:XPDUSD,2022-04-28T07:51:00+02:00,2233.570,2235.720,2231.920,2235.720,9
SQ:XPDUSD,2022-04-28T07:52:00+02:00,2235.270,2235.970,2234.070,2234.570,13
SQ:XPDUSD,2022-04-28T07:53:00+02:00,2234.870,2234.870,2234.120,2234.120,3
SQ:XPDUSD,2022-04-28T07:54:00+02:00,2234.120,2235.520,2232.420,2232.570,5
SQ:XPDUSD,2022-04-28T07:55:00+02:00,2232.970,2234.720,2232.970,2234.270,4
SQ:XPDUSD,2022-04-28T07:56:00+02:00,2234.270,2235.070,2231.920,2231.920,5
SQ:XPDUSD,2022-04-28T07:57:00+02:00,2232.120,2232.120,2232.120,2232.120,1
SQ:XPDUSD,2022-04-28T07:58:00+02:00,2234.420,2237.070,2234.420,2236.370,19
SQ:XPDUSD,2022-04-28T07:59:00+02:00,2235.770,2236.370,2235.370,2235.370,16
SQ:XPDUSD,2022-04-28T08:00:00+02:00,2235.370,2235.370,2235.370,2235.370,1
SQ:XPDUSD,2022-04-28T08:02:00+02:00,2235.370,2235.370,2235.370,2235.370,1
SQ:XPDUSD,2022-04-28T08:03:00+02:00,2235.370,2236.270,2235.270,2235.270,4
SQ:XPDUSD,2022-04-28T08:04:00+02:00,2235.120,2235.120,2235.120,2235.120,1
SQ:XPDUSD,2022-04-28T08:05:00+02:00,2235.120,2235.120,2235.120,2235.120,1
SQ:XPDUSD,2022-04-28T08:06:00+02:00,2235.270,2235.270,2235.120,2235.120,2
SQ:XPDUSD,2022-04-28T08:07:00+02:00,2235.120,2236.820,2233.150,2236.820,6
SQ:XPDUSD,2022-04-28T08:08:00+02:00,2236.820,2236.820,2234.930,2234.930,2
SQ:XPDUSD,2022-04-28T08:09:00+02:00,2234.930,2237.390,2234.930,2237.390,12
SQ:XPDUSD,2022-04-28T08:10:00+02:00,2235.910,2235.940,2234.840,2235.940,10
SQ:XPDUSD,2022-04-28T08:11:00+02:00,2235.450,2237.750,2234.960,2235.290,9
SQ:XPDUSD,2022-04-28T08:12:00+02:00,2235.840,2236.410,2235.300,2235.560,30
SQ:XPDUSD,2022-04-28T08:13:00+02:00,2235.670,2239.490,2235.600,2238.520,6
SQ:XPDUSD,2022-04-28T08:14:00+02:00,2238.520,2238.520,2238.000,2238.000,2
SQ:XPDUSD,2022-04-28T08:15:00+02:00,2238.610,2238.660,2238.070,2238.660,18
SQ:XPDUSD,2022-04-28T08:16:00+02:00,2239.970,2244.690,2238.990,2243.250,21
SQ:XPDUSD,2022-04-28T08:17:00+02:00,2243.250,2243.320,2242.750,2242.750,5
SQ:XPDUSD,2022-04-28T08:18:00+02:00,2240.250,2242.120,2240.040,2240.040,4
SQ:XPDUSD,2022-04-28T08:19:00+02:00,2240.000,2241.970,2239.220,2241.970,31
SQ:XPDUSD,2022-04-28T08:20:00+02:00,2241.970,2242.880,2240.980,2242.880,33
SQ:XPDUSD,2022-04-28T08:21:00+02:00,2242.200,2242.930,2241.060,2242.560,24
SQ:XPDUSD,2022-04-28T08:22:00+02:00,2242.560,2242.560,2242.560,2242.560,1
SQ:XPDUSD,2022-04-28T08:23:00+02:00,2242.560,2242.650,2242.560,2242.650,2
SQ:XPDUSD,2022-04-28T08:24:00+02:00,2243.530,2243.550,2242.120,2242.680,21
SQ:XPDUSD,2022-04-28T08:25:00+02:00,2242.680,2243.580,2242.680,2242.690,8
SQ:XPDUSD,2022-04-28T08:26:00+02:00,2242.150,2242.150,2236.750,2240.320,9
SQ:XPDUSD,2022-04-28T08:27:00+02:00,2241.290,2241.850,2239.870,2241.760,22
SQ:XPDUSD,2022-04-28T08:28:00+02:00,2240.590,2241.970,2239.590,2239.590,11
SQ:XPDUSD,2022-04-28T08:29:00+02:00,2239.680,2242.390,2239.520,2240.250,7
SQ:XPDUSD,2022-04-28T08:30:00+02:00,2240.250,2240.250,2238.250,2239.830,6
SQ:XPDUSD,2022-04-28T08:31:00+02:00,2238.840,2239.870,2238.750,2238.750,4
SQ:XPDUSD,2022-04-28T08:32:00+02:00,2240.630,2240.630,2238.750,2238.750,12
SQ:XPDUSD,2022-04-28T08:33:00+02:00,2239.940,2240.630,2238.750,2240.630,22
SQ:XPDUSD,2022-04-28T08:34:00+02:00,2239.940,2242.130,2237.980,2242.130,15
SQ:XPDUSD,2022-04-28T08:35:00+02:00,2242.130,2242.750,2242.130,2242.200,5
SQ:XPDUSD,2022-04-28T08:36:00+02:00,2242.200,2242.870,2242.200,2242.870,10
SQ:XPDUSD,2022-04-28T08:37:00+02:00,2242.870,2242.870,2242.870,2242.870,1
SQ:XPDUSD,2022-04-28T08:38:00+02:00,2242.870,2242.970,2242.330,2242.970,10
SQ:XPDUSD,2022-04-28T08:39:00+02:00,2242.980,2242.980,2242.980,2242.980,1
SQ:XPDUSD,2022-04-28T08:40:00+02:00,2242.980,2242.980,2242.980,2242.980,1
SQ:XPDUSD,2022-04-28T08:42:00+02:00,2242.980,2245.590,2241.450,2243.040,56
SQ:XPDUSD,2022-04-28T08:43:00+02:00,2243.040,2243.550,2240.660,2241.830,17
SQ:XPDUSD,2022-04-28T08:44:00+02:00,2241.290,2242.730,2241.290,2241.830,8
SQ:XPDUSD,2022-04-28T08:45:00+02:00,2242.740,2243.060,2241.290,2243.060,7
SQ:XPDUSD,2022-04-28T08:46:00+02:00,2243.280,2247.100,2239.750,2243.670,16
SQ:XPDUSD,2022-04-28T08:47:00+02:00,2249.040,2249.680,2248.290,2249.370,5
SQ:XPDUSD,2022-04-28T08:48:00+02:00,2249.510,2249.640,2249.510,2249.640,2
SQ:XPDUSD,2022-04-28T08:49:00+02:00,2249.640,2258.130,2249.640,2256.260,17
SQ:XPDUSD,2022-04-28T08:50:00+02:00,2256.900,2270.990,2256.900,2270.210,18
SQ:XPDUSD,2022-04-28T08:51:00+02:00,2272.540,2272.570,2270.940,2272.500,8
SQ:XPDUSD,2022-04-28T08:52:00+02:00,2271.840,2274.590,2271.840,2274.590,11
SQ:XPDUSD,2022-04-28T08:53:00+02:00,2274.540,2279.980,2274.540,2279.980,11
SQ:XPDUSD,2022-04-28T08:54:00+02:00,2279.980,2280.520,2273.290,2273.290,19
SQ:XPDUSD,2022-04-28T08:55:00+02:00,2273.290,2273.290,2273.140,2273.140,2
SQ:XPDUSD,2022-04-28T08:56:00+02:00,2273.140,2277.640,2268.940,2272.140,34
SQ:XPDUSD,2022-04-28T08:57:00+02:00,2272.140,2272.140,2272.140,2272.140,1
SQ:XPDUSD,2022-04-28T08:58:00+02:00,2272.340,2273.250,2268.440,2268.740,11
SQ:XPDUSD,2022-04-28T08:59:00+02:00,2268.590,2273.490,2268.590,2273.490,6
SQ:XPDUSD,2022-04-28T09:00:00+02:00,2273.490,2273.540,2272.940,2273.540,11
SQ:XPDUSD,2022-04-28T09:01:00+02:00,2273.340,2273.890,2265.750,2268.190,28
SQ:XPDUSD,2022-04-28T09:02:00+02:00,2267.540,2272.590,2263.800,2272.590,32
SQ:XPDUSD,2022-04-28T09:03:00+02:00,2272.590,2272.590,2269.240,2269.240,8
SQ:XPDUSD,2022-04-28T09:04:00+02:00,2269.190,2269.390,2269.190,2269.390,5
SQ:XPDUSD,2022-04-28T09:05:00+02:00,2269.240,2270.070,2269.040,2270.070,5
SQ:XPDUSD,2022-04-28T09:06:00+02:00,2270.230,2270.230,2267.140,2267.140,18
SQ:XPDUSD,2022-04-28T09:07:00+02:00,2267.140,2274.340,2264.690,2271.790,17
SQ:XPDUSD,2022-04-28T09:09:00+02:00,2274.500,2276.540,2274.190,2276.540,8
SQ:XPDUSD,2022-04-28T09:10:00+02:00,2276.540,2283.080,2276.540,2282.280,14
SQ:XPDUSD,2022-04-28T09:11:00+02:00,2282.630,2282.830,2282.630,2282.680,3
SQ:XPDUSD,2022-04-28T09:12:00+02:00,2282.480,2286.280,2280.480,2283.180,35
SQ:XPDUSD,2022-04-28T09:13:00+02:00,2282.750,2284.240,2282.000,2284.240,5
SQ:XPDUSD,2022-04-28T09:14:00+02:00,2284.240,2284.250,2279.080,2279.730,14
SQ:XPDUSD,2022-04-28T09:15:00+02:00,2279.580,2280.070,2277.250,2277.250,6
SQ:XPDUSD,2022-04-28T09:16:00+02:00,2278.730,2280.630,2277.780,2279.980,16
SQ:XPDUSD,2022-04-28T09:17:00+02:00,2280.330,2282.570,2280.330,2282.000,12
SQ:XPDUSD,2022-04-28T09:18:00+02:00,2282.570,2283.610,2280.830,2283.390,18
SQ:XPDUSD,2022-04-28T09:19:00+02:00,2283.410,2283.480,2283.410,2283.480,3
SQ:XPDUSD,2022-04-28T09:20:00+02:00,2283.330,2283.640,2279.040,2283.640,33
SQ:XPDUSD,2022-04-28T09:21:00+02:00,2283.650,2283.680,2280.030,2281.180,19
SQ:XPDUSD,2022-04-28T09:22:00+02:00,2280.580,2281.680,2280.580,2281.130,5
SQ:XPDUSD,2022-04-28T09:23:00+02:00,2281.330,2284.420,2278.380,2282.230,19
SQ:XPDUSD,2022-04-28T09:24:00+02:00,2282.230,2282.230,2266.640,2266.640,20
SQ:XPDUSD,2022-04-28T09:25:00+02:00,2267.640,2269.940,2266.750,2269.940,18
SQ:XPDUSD,2022-04-28T09:26:00+02:00,2269.940,2271.190,2268.700,2271.190,11
SQ:XPDUSD,2022-04-28T09:27:00+02:00,2270.440,2270.690,2266.250,2268.390,23
SQ:XPDUSD,2022-04-28T09:28:00+02:00,2267.250,2268.740,2265.470,2266.450,18
SQ:XPDUSD,2022-04-28T09:29:00+02:00,2266.840,2268.240,2265.050,2267.740,25
SQ:XPDUSD,2022-04-28T09:30:00+02:00,2268.190,2269.090,2267.640,2267.940,15
SQ:XPDUSD,2022-04-28T09:31:00+02:00,2269.090,2269.090,2263.700,2263.700,12
SQ:XPDUSD,2022-04-28T09:32:00+02:00,2265.550,2265.600,2261.750,2262.750,11
SQ:XPDUSD,2022-04-28T09:33:00+02:00,2263.900,2264.050,2262.400,2262.750,12
SQ:XPDUSD,2022-04-28T09:34:00+02:00,2262.400,2264.000,2261.050,2261.950,28
SQ:XPDUSD,2022-04-28T09:35:00+02:00,2261.950,2263.000,2259.400,2262.050,28
SQ:XPDUSD,2022-04-28T09:36:00+02:00,2260.900,2263.650,2260.600,2263.650,13
SQ:XPDUSD,2022-04-28T09:37:00+02:00,2263.650,2263.650,2262.200,2262.200,5
SQ:XPDUSD,2022-04-28T09:38:00+02:00,2262.200,2262.250,2262.050,2262.250,3
SQ:XPDUSD,2022-04-28T09:39:00+02:00,2262.250,2262.250,2258.050,2258.950,12
SQ:XPDUSD,2022-04-28T09:40:00+02:00,2258.700,2259.450,2256.500,2256.500,26
SQ:XPDUSD,2022-04-28T09:41:00+02:00,2256.530,2256.530,2255.910,2256.090,5
SQ:XPDUSD,2022-04-28T09:42:00+02:00,2255.960,2256.150,2255.860,2256.060,6
SQ:XPDUSD,2022-04-28T09:43:00+02:00,2256.060,2256.210,2254.210,2254.280,9
SQ:XPDUSD,2022-04-28T09:44:00+02:00,2254.280,2255.410,2254.280,2255.160,18
SQ:XPDUSD,2022-04-28T09:45:00+02:00,2254.910,2254.910,2252.260,2253.710,7
SQ:XPDUSD,2022-04-28T09:46:00+02:00,2253.760,2255.010,2253.210,2254.410,10
SQ:XPDUSD,2022-04-28T09:47:00+02:00,2254.110,2256.300,2250.360,2252.160,27
SQ:XPDUSD,2022-04-28T09:48:00+02:00,2252.310,2252.310,2251.760,2252.310,5
SQ:XPDUSD,2022-04-28T09:49:00+02:00,2251.760,2255.500,2251.410,2253.340,11
SQ:XPDUSD,2022-04-28T09:50:00+02:00,2253.340,2253.340,2253.340,2253.340,1
SQ:XPDUSD,2022-04-28T09:51:00+02:00,2253.340,2254.430,2253.340,2253.900,6
SQ:XPDUSD,2022-04-28T09:52:00+02:00,2254.430,2254.430,2253.340,2253.340,5
SQ:XPDUSD,2022-04-28T09:53:00+02:00,2253.340,2253.900,2252.780,2252.780,4
SQ:XPDUSD,2022-04-28T09:54:00+02:00,2252.780,2254.400,2252.280,2253.340,8
SQ:XPDUSD,2022-04-28T09:55:00+02:00,2252.780,2253.860,2252.280,2253.860,8
SQ:XPDUSD,2022-04-28T09:56:00+02:00,2253.860,2253.870,2253.860,2253.870,2
SQ:XPDUSD,2022-04-28T10:00:00+02:00,2253.890,2254.420,2253.890,2254.360,3
SQ:XPDUSD,2022-04-28T10:01:00+02:00,2254.360,2260.000,2254.360,2257.800,33
SQ:XPDUSD,2022-04-28T10:02:00+02:00,2257.950,2260.100,2254.920,2258.000,20
SQ:XPDUSD,2022-04-28T10:03:00+02:00,2259.100,2259.550,2253.400,2253.400,12
SQ:XPDUSD,2022-04-28T10:04:00+02:00,2254.010,2254.010,2253.840,2253.930,4
SQ:XPDUSD,2022-04-28T10:05:00+02:00,2253.930,2253.930,2252.150,2252.150,3
SQ:XPDUSD,2022-04-28T10:06:00+02:00,2252.150,2252.150,2251.360,2251.750,6
SQ:XPDUSD,2022-04-28T10:07:00+02:00,2251.750,2251.750,2251.750,2251.750,1
SQ:XPDUSD,2022-04-28T10:08:00+02:00,2251.750,2251.750,2250.560,2251.150,6
SQ:XPDUSD,2022-04-28T10:09:00+02:00,2251.150,2251.720,2250.560,2251.150,4
SQ:XPDUSD,2022-04-28T10:10:00+02:00,2251.150,2251.150,2251.150,2251.150,1
SQ:XPDUSD,2022-04-28T10:11:00+02:00,2250.330,2250.650,2250.330,2250.650,4
SQ:XPDUSD,2022-04-28T10:12:00+02:00,2250.650,2250.650,2250.650,2250.650,1
SQ:XPDUSD,2022-04-28T10:13:00+02:00,2250.650,2250.650,2250.650,2250.650,1
SQ:XPDUSD,2022-04-28T10:14:00+02:00,2250.650,2252.890,2250.650,2251.320,4
SQ:XPDUSD,2022-04-28T10:15:00+02:00,2251.330,2251.480,2251.330,2251.480,3
SQ:XPDUSD,2022-04-28T10:16:00+02:00,2251.480,2252.100,2250.430,2252.100,22
SQ:XPDUSD,2022-04-28T10:17:00+02:00,2252.130,2252.130,2250.440,2250.440,10
SQ:XPDUSD,2022-04-28T10:18:00+02:00,2250.440,2250.440,2250.440,2250.440,1
SQ:XPDUSD,2022-04-28T10:20:00+02:00,2253.300,2253.300,2253.300,2253.300,1
SQ:XPDUSD,2022-04-28T10:24:00+02:00,2252.110,2252.110,2252.110,2252.110,1
SQ:XPDUSD,2022-04-28T10:26:00+02:00,2252.180,2252.180,2252.180,2252.180,1
SQ:XPDUSD,2022-04-28T10:29:00+02:00,2252.240,2252.240,2252.240,2252.240,1
SQ:XPDUSD,2022-04-28T10:30:00+02:00,2252.280,2252.520,2250.550,2251.200,16
SQ:XPDUSD,2022-04-28T10:31:00+02:00,2251.220,2251.280,2251.220,2251.280,6
SQ:XPDUSD,2022-04-28T10:32:00+02:00,2251.840,2252.390,2251.840,2251.970,7
SQ:XPDUSD,2022-04-28T10:33:00+02:00,2250.930,2252.130,2250.930,2252.130,8
SQ:XPDUSD,2022-04-28T10:34:00+02:00,2252.710,2253.310,2252.710,2253.310,2
SQ:XPDUSD,2022-04-28T10:35:00+02:00,2253.330,2253.330,2252.270,2252.270,2
SQ:XPDUSD,2022-04-28T10:36:00+02:00,2253.370,2253.970,2253.370,2253.970,7
SQ:XPDUSD,2022-04-28T10:37:00+02:00,2253.970,2253.970,2252.910,2252.910,2
SQ:XPDUSD,2022-04-28T10:38:00+02:00,2253.440,2253.990,2253.440,2253.990,2
SQ:XPDUSD,2022-04-28T10:39:00+02:00,2254.560,2262.300,2254.560,2262.300,15
SQ:XPDUSD,2022-04-28T10:40:00+02:00,2262.600,2263.350,2262.600,2262.850,5
SQ:XPDUSD,2022-04-28T10:41:00+02:00,2262.250,2264.000,2262.250,2263.890,21
SQ:XPDUSD,2022-04-28T10:42:00+02:00,2263.250,2265.490,2262.350,2264.540,12
SQ:XPDUSD,2022-04-28T10:43:00+02:00,2264.740,2267.040,2263.940,2266.440,21
SQ:XPDUSD,2022-04-28T10:44:00+02:00,2266.140,2267.090,2262.750,2267.090,20
SQ:XPDUSD,2022-04-28T10:45:00+02:00,2267.490,2267.690,2266.750,2267.250,7
SQ:XPDUSD,2022-04-28T10:46:00+02:00,2266.750,2268.840,2266.750,2268.840,11
SQ:XPDUSD,2022-04-28T10:47:00+02:00,2267.390,2268.340,2267.390,2268.140,11
SQ:XPDUSD,2022-04-28T10:48:00+02:00,2267.750,2270.140,2261.350,2261.350,24
SQ:XPDUSD,2022-04-28T10:49:00+02:00,2260.550,2261.900,2260.350,2261.840,21
SQ:XPDUSD,2022-04-28T10:50:00+02:00,2261.840,2261.840,2236.660,2236.720,21
SQ:XPDUSD,2022-04-28T10:51:00+02:00,2236.700,2239.750,2230.010,2238.850,21
SQ:XPDUSD,2022-04-28T10:52:00+02:00,2238.850,2241.200,2238.700,2239.000,9
SQ:XPDUSD,2022-04-28T10:53:00+02:00,2238.250,2240.900,2238.250,2240.900,7
SQ:XPDUSD,2022-04-28T10:54:00+02:00,2240.450,2241.210,2239.510,2241.210,11
SQ:XPDUSD,2022-04-28T10:55:00+02:00,2241.210,2244.250,2235.260,2235.270,23
SQ:XPDUSD,2022-04-28T10:56:00+02:00,2235.270,2235.270,2232.070,2234.260,12
SQ:XPDUSD,2022-04-28T10:57:00+02:00,2234.260,2234.760,2230.860,2233.750,17
SQ:XPDUSD,2022-04-28T10:58:00+02:00,2234.060,2235.860,2232.650,2232.650,15
SQ:XPDUSD,2022-04-28T10:59:00+02:00,2231.360,2234.420,2231.360,2233.960,4
SQ:XPDUSD,2022-04-28T11:00:00+02:00,2232.060,2232.650,2232.060,2232.650,2
SQ:XPDUSD,2022-04-28T11:01:00+02:00,2233.250,2233.250,2233.250,2233.250,1
SQ:XPDUSD,2022-04-28T11:03:00+02:00,2233.250,2233.250,2233.250,2233.250,1
SQ:XPDUSD,2022-04-28T11:04:00+02:00,2233.250,2233.250,2232.060,2232.060,2
SQ:XPDUSD,2022-04-28T11:06:00+02:00,2237.060,2238.700,2237.060,2238.700,4
SQ:XPDUSD,2022-04-28T11:07:00+02:00,2247.250,2247.250,2238.310,2238.700,7
SQ:XPDUSD,2022-04-28T11:08:00+02:00,2238.600,2250.200,2230.750,2242.300,14
SQ:XPDUSD,2022-04-28T11:09:00+02:00,2242.700,2244.030,2241.700,2241.900,10
SQ:XPDUSD,2022-04-28T11:10:00+02:00,2244.050,2244.670,2241.250,2241.350,20
SQ:XPDUSD,2022-04-28T11:11:00+02:00,2242.050,2242.050,2242.050,2242.050,1
SQ:XPDUSD,2022-04-28T11:12:00+02:00,2241.450,2241.600,2241.450,2241.600,2
SQ:XPDUSD,2022-04-28T11:13:00+02:00,2241.650,2241.650,2241.650,2241.650,1
SQ:XPDUSD,2022-04-28T11:14:00+02:00,2240.750,2240.750,2239.750,2239.750,2
SQ:XPDUSD,2022-04-28T11:15:00+02:00,2239.600,2241.360,2239.350,2240.000,6
SQ:XPDUSD,2022-04-28T11:17:00+02:00,2239.700,2239.950,2239.700,2239.950,2
SQ:XPDUSD,2022-04-28T11:19:00+02:00,2240.100,2240.100,2239.560,2239.560,2
SQ:XPDUSD,2022-04-28T11:20:00+02:00,2240.210,2240.210,2240.210,2240.210,1
SQ:XPDUSD,2022-04-28T11:21:00+02:00,2240.760,2241.210,2239.760,2239.760,5
SQ:XPDUSD,2022-04-28T11:22:00+02:00,2239.760,2249.900,2239.760,2249.350,10
SQ:XPDUSD,2022-04-28T11:23:00+02:00,2250.000,2254.350,2250.000,2253.740,10
SQ:XPDUSD,2022-04-28T11:24:00+02:00,2254.740,2254.920,2253.940,2254.920,7
SQ:XPDUSD,2022-04-28T11:25:00+02:00,2254.920,2254.940,2254.920,2254.940,2
SQ:XPDUSD,2022-04-28T11:26:00+02:00,2254.940,2254.940,2251.450,2251.450,12
SQ:XPDUSD,2022-04-28T11:27:00+02:00,2252.150,2254.900,2246.300,2246.350,23
SQ:XPDUSD,2022-04-28T11:28:00+02:00,2246.350,2248.080,2246.350,2248.080,26
SQ:XPDUSD,2022-04-28T11:29:00+02:00,2248.080,2248.080,2247.850,2247.850,18
SQ:XPDUSD,2022-04-28T11:30:00+02:00,2247.960,2248.020,2246.900,2246.900,19
SQ:XPDUSD,2022-04-28T11:31:00+02:00,2247.450,2248.020,2246.900,2247.350,28
SQ:XPDUSD,2022-04-28T11:32:00+02:00,2248.020,2248.060,2247.800,2248.060,6
SQ:XPDUSD,2022-04-28T11:33:00+02:00,2247.800,2248.020,2246.850,2246.850,9
SQ:XPDUSD,2022-04-28T11:34:00+02:00,2247.300,2250.100,2246.850,2249.060,9
SQ:XPDUSD,2022-04-28T11:35:00+02:00,2249.070,2249.070,2249.070,2249.070,1
SQ:XPDUSD,2022-04-28T11:36:00+02:00,2249.070,2249.070,2249.070,2249.070,1
SQ:XPDUSD,2022-04-28T11:37:00+02:00,2249.070,2259.110,2246.150,2251.420,31
SQ:XPDUSD,2022-04-28T11:38:00+02:00,2250.940,2256.470,2250.940,2255.590,24
SQ:XPDUSD,2022-04-28T11:39:00+02:00,2255.590,2255.590,2254.890,2254.890,8
SQ:XPDUSD,2022-04-28T11:40:00+02:00,2254.090,2254.090,2245.000,2250.950,18
SQ:XPDUSD,2022-04-28T11:41:00+02:00,2250.950,2252.250,2250.300,2252.250,12
SQ:XPDUSD,2022-04-28T11:42:00+02:00,2251.400,2252.150,2251.000,2252.150,4
SQ:XPDUSD,2022-04-28T11:43:00+02:00,2251.750,2253.100,2247.100,2251.100,18
SQ:XPDUSD,2022-04-28T11:44:00+02:00,2251.100,2258.040,2251.100,2256.990,15
SQ:XPDUSD,2022-04-28T11:45:00+02:00,2256.990,2256.990,2244.750,2250.640,37
SQ:XPDUSD,2022-04-28T11:46:00+02:00,2250.490,2251.840,2245.990,2250.540,34
SQ:XPDUSD,2022-04-28T11:47:00+02:00,2250.790,2254.390,2247.490,2248.540,8
SQ:XPDUSD,2022-04-28T11:48:00+02:00,2249.140,2250.270,2246.440,2249.590,8
SQ:XPDUSD,2022-04-28T11:49:00+02:00,2249.440,2249.440,2230.980,2231.530,19
SQ:XPDUSD,2022-04-28T11:50:00+02:00,2231.530,2234.190,2221.130,2228.370,21
SQ:XPDUSD,2022-04-28T11:51:00+02:00,2227.060,2232.060,2214.030,2218.840,45
SQ:XPDUSD,2022-04-28T11:52:00+02:00,2217.140,2218.900,2216.770,2218.900,6
SQ:XPDUSD,2022-04-28T11:53:00+02:00,2218.900,2224.610,2215.860,2224.610,18
SQ:XPDUSD,2022-04-28T11:54:00+02:00,2218.710,2240.090,2218.710,2240.030,22
SQ:XPDUSD,2022-04-28T11:55:00+02:00,2241.620,2253.880,2240.940,2251.450,13
SQ:XPDUSD,2022-04-28T11:56:00+02:00,2251.450,2252.920,2249.500,2250.300,9
SQ:XPDUSD,2022-04-28T11:57:00+02:00,2254.020,2254.180,2253.750,2253.750,5
SQ:XPDUSD,2022-04-28T11:58:00+02:00,2252.930,2252.930,2252.700,2252.700,4
SQ:XPDUSD,2022-04-28T11:59:00+02:00,2252.930,2255.300,2252.700,2255.300,6
SQ:XPDUSD,2022-04-28T12:00:00+02:00,2255.800,2255.800,2250.650,2250.650,2
SQ:XPDUSD,2022-04-28T12:01:00+02:00,2250.650,2252.890,2250.650,2252.890,12
SQ:XPDUSD,2022-04-28T12:03:00+02:00,2252.750,2253.090,2252.750,2252.750,17
SQ:XPDUSD,2022-04-28T12:04:00+02:00,2252.790,2252.790,2252.750,2252.750,4
SQ:XPDUSD,2022-04-28T12:05:00+02:00,2252.720,2252.720,2252.200,2252.350,8
SQ:XPDUSD,2022-04-28T12:06:00+02:00,2251.850,2251.850,2247.100,2247.180,3
SQ:XPDUSD,2022-04-28T12:07:00+02:00,2247.270,2247.600,2246.950,2247.600,15
SQ:XPDUSD,2022-04-28T12:08:00+02:00,2246.950,2248.800,2245.500,2248.800,5
SQ:XPDUSD,2022-04-28T12:09:00+02:00,2248.800,2251.460,2248.800,2249.550,4
SQ:XPDUSD,2022-04-28T12:10:00+02:00,2248.950,2248.950,2248.950,2248.950,1
SQ:XPDUSD,2022-04-28T12:11:00+02:00,2248.950,2248.950,2248.950,2248.950,1
SQ:XPDUSD,2022-04-28T12:14:00+02:00,2248.950,2258.200,2248.950,2250.550,5
SQ:XPDUSD,2022-04-28T12:15:00+02:00,2250.550,2257.750,2250.550,2250.840,6
SQ:XPDUSD,2022-04-28T12:16:00+02:00,2250.840,2250.840,2250.750,2250.750,8
SQ:XPDUSD,2022-04-28T12:17:00+02:00,2250.840,2250.840,2250.750,2250.750,4
SQ:XPDUSD,2022-04-28T12:20:00+02:00,2250.840,2250.840,2250.840,2250.840,1
SQ:XPDUSD,2022-04-28T12:21:00+02:00,2251.890,2251.890,2251.890,2251.890,1
SQ:XPDUSD,2022-04-28T12:24:00+02:00,2252.140,2253.050,2252.140,2252.550,8
SQ:XPDUSD,2022-04-28T12:25:00+02:00,2253.500,2253.500,2252.400,2253.250,11
SQ:XPDUSD,2022-04-28T12:26:00+02:00,2252.400,2260.240,2252.400,2260.240,10
SQ:XPDUSD,2022-04-28T12:27:00+02:00,2259.750,2261.240,2259.750,2261.240,2
SQ:XPDUSD,2022-04-28T12:28:00+02:00,2255.250,2257.430,2255.250,2257.340,3
SQ:XPDUSD,2022-04-28T12:29:00+02:00,2257.390,2257.990,2257.390,2257.990,2
SQ:XPDUSD,2022-04-28T12:31:00+02:00,2257.690,2260.790,2256.060,2256.060,7
SQ:XPDUSD,2022-04-28T12:32:00+02:00,2256.060,2256.640,2256.060,2256.640,2
SQ:XPDUSD,2022-04-28T12:33:00+02:00,2258.140,2259.460,2256.060,2259.460,7
SQ:XPDUSD,2022-04-28T12:34:00+02:00,2259.740,2260.440,2259.740,2260.440,2
SQ:XPDUSD,2022-04-28T12:35:00+02:00,2260.440,2261.340,2260.440,2260.440,4
SQ:XPDUSD,2022-04-28T12:36:00+02:00,2252.750,2254.260,2252.750,2254.260,3
SQ:XPDUSD,2022-04-28T12:37:00+02:00,2255.460,2256.650,2255.460,2256.650,2
SQ:XPDUSD,2022-04-28T12:38:00+02:00,2255.990,2267.090,2254.860,2267.090,12
SQ:XPDUSD,2022-04-28T12:39:00+02:00,2267.090,2267.090,2267.090,2267.090,1
SQ:XPDUSD,2022-04-28T12:41:00+02:00,2268.890,2268.890,2267.090,2267.090,10
SQ:XPDUSD,2022-04-28T12:42:00+02:00,2268.890,2269.840,2267.090,2267.090,21
SQ:XPDUSD,2022-04-28T12:43:00+02:00,2268.890,2269.840,2267.090,2269.840,13
SQ:XPDUSD,2022-04-28T12:44:00+02:00,2269.840,2269.840,2269.840,2269.840,1
SQ:XPDUSD,2022-04-28T12:45:00+02:00,2268.890,2269.840,2267.090,2269.840,9
SQ:XPDUSD,2022-04-28T12:46:00+02:00,2268.890,2269.840,2268.890,2269.840,2
SQ:XPDUSD,2022-04-28T12:47:00+02:00,2268.890,2269.840,2268.890,2269.840,8
SQ:XPDUSD,2022-04-28T12:48:00+02:00,2269.840,2269.840,2267.290,2267.290,12
SQ:XPDUSD,2022-04-28T12:49:00+02:00,2269.090,2270.040,2267.140,2269.890,27
SQ:XPDUSD,2022-04-28T12:50:00+02:00,2268.940,2269.890,2263.330,2267.090,16
SQ:XPDUSD,2022-04-28T12:51:00+02:00,2267.090,2267.890,2267.090,2267.390,4
SQ:XPDUSD,2022-04-28T12:52:00+02:00,2267.390,2267.990,2263.750,2265.090,8
SQ:XPDUSD,2022-04-28T12:53:00+02:00,2267.590,2267.590,2265.250,2266.240,12
SQ:XPDUSD,2022-04-28T12:54:00+02:00,2267.590,2267.940,2266.240,2267.590,8
SQ:XPDUSD,2022-04-28T12:55:00+02:00,2266.240,2268.340,2264.250,2267.590,39
SQ:XPDUSD,2022-04-28T12:56:00+02:00,2268.290,2268.290,2265.090,2266.240,9
SQ:XPDUSD,2022-04-28T12:57:00+02:00,2267.340,2267.940,2263.040,2264.750,8
SQ:XPDUSD,2022-04-28T12:58:00+02:00,2265.840,2266.990,2264.140,2266.640,18
SQ:XPDUSD,2022-04-28T13:00:00+02:00,2267.190,2267.750,2267.190,2267.750,3
SQ:XPDUSD,2022-04-28T13:01:00+02:00,2267.750,2267.750,2267.750,2267.750,1
SQ:XPDUSD,2022-04-28T13:02:00+02:00,2268.250,2268.250,2267.750,2268.250,3
SQ:XPDUSD,2022-04-28T13:03:00+02:00,2268.250,2268.250,2266.250,2266.750,15
SQ:XPDUSD,2022-04-28T13:04:00+02:00,2266.890,2267.750,2266.890,2267.750,10
SQ:XPDUSD,2022-04-28T13:05:00+02:00,2268.400,2268.400,2266.990,2267.340,11
SQ:XPDUSD,2022-04-28T13:06:00+02:00,2267.230,2268.390,2266.690,2268.250,8
SQ:XPDUSD,2022-04-28T13:07:00+02:00,2268.250,2268.250,2268.250,2268.250,1
SQ:XPDUSD,2022-04-28T13:08:00+02:00,2268.250,2268.250,2268.250,2268.250,1
SQ:XPDUSD,2022-04-28T13:09:00+02:00,2268.750,2268.750,2268.750,2268.750,1
SQ:XPDUSD,2022-04-28T13:11:00+02:00,2268.750,2268.750,2268.250,2268.750,3
SQ:XPDUSD,2022-04-28T13:12:00+02:00,2268.750,2268.750,2268.750,2268.750,1
SQ:XPDUSD,2022-04-28T13:13:00+02:00,2268.750,2268.750,2268.750,2268.750,1
SQ:XPDUSD,2022-04-28T13:14:00+02:00,2268.750,2268.750,2268.750,2268.750,1
SQ:XPDUSD,2022-04-28T13:15:00+02:00,2268.750,2269.250,2268.250,2269.250,4
SQ:XPDUSD,2022-04-28T13:16:00+02:00,2269.250,2269.250,2269.250,2269.250,1
SQ:XPDUSD,2022-04-28T13:17:00+02:00,2269.250,2269.250,2269.250,2269.250,1
SQ:XPDUSD,2022-04-28T13:18:00+02:00,2269.250,2269.250,2269.250,2269.250,1
SQ:XPDUSD,2022-04-28T13:19:00+02:00,2269.250,2272.250,2269.250,2272.250,7
SQ:XPDUSD,2022-04-28T13:20:00+02:00,2272.030,2275.630,2272.030,2275.630,3
SQ:XPDUSD,2022-04-28T13:21:00+02:00,2278.020,2278.330,2278.020,2278.030,4
SQ:XPDUSD,2022-04-28T13:22:00+02:00,2278.030,2283.560,2275.930,2276.930,11
SQ:XPDUSD,2022-04-28T13:23:00+02:00,2276.980,2276.980,2275.930,2275.930,2
SQ:XPDUSD,2022-04-28T13:24:00+02:00,2275.670,2277.530,2275.150,2277.530,6
SQ:XPDUSD,2022-04-28T13:25:00+02:00,2274.880,2277.830,2274.880,2277.830,3
SQ:XPDUSD,2022-04-28T13:26:00+02:00,2276.730,2277.830,2274.880,2276.130,5
SQ:XPDUSD,2022-04-28T13:27:00+02:00,2277.230,2277.230,2276.130,2277.230,5
SQ:XPDUSD,2022-04-28T13:28:00+02:00,2277.230,2277.780,2277.230,2277.230,3
SQ:XPDUSD,2022-04-28T13:29:00+02:00,2277.780,2277.780,2277.780,2277.780,1
SQ:XPDUSD,2022-04-28T13:30:00+02:00,2277.230,2277.710,2276.510,2277.710,13
SQ:XPDUSD,2022-04-28T13:31:00+02:00,2277.510,2277.750,2269.830,2270.630,8
SQ:XPDUSD,2022-04-28T13:32:00+02:00,2272.530,2272.530,2269.280,2271.750,5
SQ:XPDUSD,2022-04-28T13:33:00+02:00,2271.750,2273.250,2271.750,2273.150,9
SQ:XPDUSD,2022-04-28T13:34:00+02:00,2273.170,2273.250,2273.170,2273.250,4
SQ:XPDUSD,2022-04-28T13:35:00+02:00,2273.250,2273.250,2273.250,2273.250,1
SQ:XPDUSD,2022-04-28T13:36:00+02:00,2273.250,2273.250,2273.250,2273.250,1
SQ:XPDUSD,2022-04-28T13:40:00+02:00,2273.140,2273.140,2268.490,2270.250,5
SQ:XPDUSD,2022-04-28T13:41:00+02:00,2270.250,2274.180,2270.250,2274.180,9
SQ:XPDUSD,2022-04-28T13:43:00+02:00,2272.340,2273.180,2272.340,2273.180,2
SQ:XPDUSD,2022-04-28T13:47:00+02:00,2273.480,2273.680,2273.480,2273.680,2
SQ:XPDUSD,2022-04-28T13:48:00+02:00,2272.750,2272.750,2271.340,2272.230,3
SQ:XPDUSD,2022-04-28T13:49:00+02:00,2272.230,2272.230,2259.720,2261.240,18
SQ:XPDUSD,2022-04-28T13:50:00+02:00,2261.290,2261.940,2260.090,2261.940,5
SQ:XPDUSD,2022-04-28T13:51:00+02:00,2261.740,2261.940,2261.640,2261.940,4
SQ:XPDUSD,2022-04-28T13:52:00+02:00,2261.940,2261.940,2260.890,2260.890,3
SQ:XPDUSD,2022-04-28T13:53:00+02:00,2260.890,2260.890,2259.780,2259.780,6
SQ:XPDUSD,2022-04-28T13:54:00+02:00,2259.950,2261.090,2251.250,2252.300,10
SQ:XPDUSD,2022-04-28T13:55:00+02:00,2252.800,2253.810,2252.800,2253.500,3
SQ:XPDUSD,2022-04-28T13:56:00+02:00,2252.450,2253.500,2252.450,2253.500,12
SQ:XPDUSD,2022-04-28T13:57:00+02:00,2253.650,2254.390,2251.550,2253.150,18
SQ:XPDUSD,2022-04-28T13:58:00+02:00,2253.150,2255.460,2253.150,2255.460,18
SQ:XPDUSD,2022-04-28T13:59:00+02:00,2255.470,2255.470,2253.840,2253.900,7
SQ:XPDUSD,2022-04-28T14:00:00+02:00,2254.940,2254.940,2248.710,2249.560,247
SQ:XPDUSD,2022-04-28T14:01:00+02:00,2249.560,2249.560,2244.490,2244.810,7
SQ:XPDUSD,2022-04-28T14:02:00+02:00,2245.070,2246.620,2244.170,2245.760,213
SQ:XPDUSD,2022-04-28T14:03:00+02:00,2246.280,2246.560,2245.510,2246.560,74
SQ:XPDUSD,2022-04-28T14:04:00+02:00,2246.570,2247.130,2245.120,2246.640,22
SQ:XPDUSD,2022-04-28T14:05:00+02:00,2245.320,2247.720,2243.440,2247.720,45
SQ:XPDUSD,2022-04-28T14:06:00+02:00,2247.740,2251.150,2247.740,2251.150,23
SQ:XPDUSD,2022-04-28T14:07:00+02:00,2251.150,2251.670,2247.680,2249.210,25
SQ:XPDUSD,2022-04-28T14:08:00+02:00,2247.970,2247.970,2247.450,2247.450,4
SQ:XPDUSD,2022-04-28T14:09:00+02:00,2247.450,2247.450,2247.450,2247.450,1
SQ:XPDUSD,2022-04-28T14:10:00+02:00,2247.390,2247.390,2242.530,2244.910,8
SQ:XPDUSD,2022-04-28T14:11:00+02:00,2244.600,2244.600,2244.000,2244.100,5
SQ:XPDUSD,2022-04-28T14:12:00+02:00,2244.060,2244.420,2243.960,2244.210,9
SQ:XPDUSD,2022-04-28T14:13:00+02:00,2245.280,2245.280,2244.520,2244.520,18
SQ:XPDUSD,2022-04-28T14:14:00+02:00,2244.430,2244.430,2243.790,2243.790,7
SQ:XPDUSD,2022-04-28T14:15:00+02:00,2243.600,2243.600,2243.600,2243.600,1
SQ:XPDUSD,2022-04-28T14:16:00+02:00,2243.860,2244.930,2243.070,2243.070,40
SQ:XPDUSD,2022-04-28T14:17:00+02:00,2243.620,2243.920,2243.070,2243.290,27
SQ:XPDUSD,2022-04-28T14:18:00+02:00,2243.480,2243.480,2241.260,2241.260,11
SQ:XPDUSD,2022-04-28T14:19:00+02:00,2241.190,2244.500,2239.000,2239.410,13
SQ:XPDUSD,2022-04-28T14:20:00+02:00,2238.120,2238.170,2234.030,2234.240,31
SQ:XPDUSD,2022-04-28T14:21:00+02:00,2232.180,2236.750,2232.180,2236.750,6
SQ:XPDUSD,2022-04-28T14:22:00+02:00,2236.750,2237.250,2236.250,2237.110,31
SQ:XPDUSD,2022-04-28T14:23:00+02:00,2237.250,2237.970,2236.470,2237.720,36
SQ:XPDUSD,2022-04-28T14:24:00+02:00,2237.960,2238.170,2237.840,2238.090,14
SQ:XPDUSD,2022-04-28T14:25:00+02:00,2237.850,2248.060,2237.450,2248.050,21
SQ:XPDUSD,2022-04-28T14:26:00+02:00,2247.980,2250.260,2247.790,2248.680,10
SQ:XPDUSD,2022-04-28T14:27:00+02:00,2248.740,2249.130,2248.600,2248.660,4
SQ:XPDUSD,2022-04-28T14:28:00+02:00,2248.620,2248.620,2248.540,2248.540,3
SQ:XPDUSD,2022-04-28T14:29:00+02:00,2248.760,2250.020,2220.230,2220.410,33
SQ:XPDUSD,2022-04-28T14:30:00+02:00,2220.610,2245.800,2220.410,2245.760,143
SQ:XPDUSD,2022-04-28T14:31:00+02:00,2245.800,2246.450,2242.250,2246.450,59
SQ:XPDUSD,2022-04-28T14:32:00+02:00,2246.210,2249.460,2243.440,2244.480,96
SQ:XPDUSD,2022-04-28T14:33:00+02:00,2244.480,2259.740,2244.480,2254.330,128
SQ:XPDUSD,2022-04-28T14:34:00+02:00,2255.280,2256.500,2247.250,2252.270,131
SQ:XPDUSD,2022-04-28T14:35:00+02:00,2252.440,2254.530,2244.750,2248.900,61
SQ:XPDUSD,2022-04-28T14:36:00+02:00,2248.970,2248.970,2244.250,2248.510,37
SQ:XPDUSD,2022-04-28T14:37:00+02:00,2245.750,2248.520,2243.750,2245.250,45
SQ:XPDUSD,2022-04-28T14:38:00+02:00,2245.750,2247.250,2244.250,2245.750,18
SQ:XPDUSD,2022-04-28T14:39:00+02:00,2245.750,2245.750,2243.750,2245.420,12
SQ:XPDUSD,2022-04-28T14:40:00+02:00,2245.330,2246.910,2243.250,2246.910,16
SQ:XPDUSD,2022-04-28T14:41:00+02:00,2246.630,2247.580,2243.250,2246.980,35
SQ:XPDUSD,2022-04-28T14:42:00+02:00,2246.850,2246.850,2246.720,2246.720,4
SQ:XPDUSD,2022-04-28T14:43:00+02:00,2246.850,2249.010,2246.660,2248.910,13
SQ:XPDUSD,2022-04-28T14:44:00+02:00,2249.190,2250.940,2246.150,2250.170,28
SQ:XPDUSD,2022-04-28T14:45:00+02:00,2250.940,2250.940,2246.250,2247.760,24
SQ:XPDUSD,2022-04-28T14:46:00+02:00,2247.610,2247.610,2241.560,2242.140,26
SQ:XPDUSD,2022-04-28T14:47:00+02:00,2242.220,2242.520,2241.230,2241.890,31
SQ:XPDUSD,2022-04-28T14:48:00+02:00,2241.550,2241.590,2239.440,2240.660,26
SQ:XPDUSD,2022-04-28T14:49:00+02:00,2240.140,2240.730,2238.490,2239.480,46
SQ:XPDUSD,2022-04-28T14:50:00+02:00,2238.620,2239.250,2237.720,2238.350,28
SQ:XPDUSD,2022-04-28T14:51:00+02:00,2238.350,2238.350,2232.350,2232.620,21
SQ:XPDUSD,2022-04-28T14:52:00+02:00,2233.000,2237.660,2232.510,2237.350,31
SQ:XPDUSD,2022-04-28T14:53:00+02:00,2237.560,2238.570,2233.370,2233.370,22
SQ:XPDUSD,2022-04-28T14:54:00+02:00,2233.300,2235.700,2232.790,2235.000,9
SQ:XPDUSD,2022-04-28T14:55:00+02:00,2235.000,2235.000,2230.650,2231.090,7
SQ:XPDUSD,2022-04-28T14:56:00+02:00,2230.840,2240.390,2230.840,2238.550,17
SQ:XPDUSD,2022-04-28T14:57:00+02:00,2239.640,2239.640,2238.810,2239.190,8
SQ:XPDUSD,2022-04-28T14:58:00+02:00,2239.690,2241.030,2238.830,2240.200,16
SQ:XPDUSD,2022-04-28T14:59:00+02:00,2240.200,2240.200,2238.600,2238.600,5
SQ:XPDUSD,2022-04-28T15:00:00+02:00,2238.600,2239.800,2237.700,2238.500,7
SQ:XPDUSD,2022-04-28T15:01:00+02:00,2238.500,2245.570,2238.150,2245.570,120
SQ:XPDUSD,2022-04-28T15:02:00+02:00,2245.940,2247.190,2243.270,2244.490,18
SQ:XPDUSD,2022-04-28T15:03:00+02:00,2244.290,2244.650,2228.760,2230.740,20
SQ:XPDUSD,2022-04-28T15:04:00+02:00,2233.800,2244.260,2230.000,2240.250,31
SQ:XPDUSD,2022-04-28T15:05:00+02:00,2239.250,2243.640,2239.250,2240.450,22
SQ:XPDUSD,2022-04-28T15:06:00+02:00,2240.490,2245.790,2239.850,2240.990,21
SQ:XPDUSD,2022-04-28T15:07:00+02:00,2241.840,2246.110,2241.450,2245.590,21
SQ:XPDUSD,2022-04-28T15:08:00+02:00,2246.160,2246.640,2245.590,2246.640,13
SQ:XPDUSD,2022-04-28T15:09:00+02:00,2246.640,2249.190,2242.300,2244.750,58
SQ:XPDUSD,2022-04-28T15:10:00+02:00,2244.750,2245.200,2244.180,2244.190,18
SQ:XPDUSD,2022-04-28T15:11:00+02:00,2244.120,2244.940,2244.100,2244.510,77
SQ:XPDUSD,2022-04-28T15:12:00+02:00,2244.530,2245.010,2244.210,2244.400,48
SQ:XPDUSD,2022-04-28T15:13:00+02:00,2238.750,2240.250,2238.250,2238.750,7
SQ:XPDUSD,2022-04-28T15:14:00+02:00,2239.250,2242.250,2236.750,2236.750,78
SQ:XPDUSD,2022-04-28T15:15:00+02:00,2238.250,2241.750,2238.250,2240.750,162
SQ:XPDUSD,2022-04-28T15:16:00+02:00,2241.250,2242.410,2236.250,2238.750,71
SQ:XPDUSD,2022-04-28T15:17:00+02:00,2239.250,2240.660,2234.250,2235.250,136
SQ:XPDUSD,2022-04-28T15:18:00+02:00,2235.750,2237.250,2233.750,2236.250,90
SQ:XPDUSD,2022-04-28T15:19:00+02:00,2234.330,2234.760,2233.650,2234.530,62
SQ:XPDUSD,2022-04-28T15:20:00+02:00,2234.750,2235.070,2233.460,2234.800,255
SQ:XPDUSD,2022-04-28T15:21:00+02:00,2235.020,2236.790,2232.460,2236.790,187
SQ:XPDUSD,2022-04-28T15:22:00+02:00,2237.540,2241.610,2237.540,2241.610,11
SQ:XPDUSD,2022-04-28T15:23:00+02:00,2241.800,2242.780,2240.500,2242.330,13
SQ:XPDUSD,2022-04-28T15:24:00+02:00,2242.050,2242.050,2240.750,2240.750,4
SQ:XPDUSD,2022-04-28T15:25:00+02:00,2241.250,2241.250,2240.750,2241.250,6
SQ:XPDUSD,2022-04-28T15:26:00+02:00,2241.220,2241.220,2239.890,2240.930,22
SQ:XPDUSD,2022-04-28T15:27:00+02:00,2240.750,2241.250,2239.950,2240.850,83
SQ:XPDUSD,2022-04-28T15:28:00+02:00,2240.630,2241.150,2239.530,2239.950,69
SQ:XPDUSD,2022-04-28T15:29:00+02:00,2239.970,2240.310,2239.370,2239.740,41
SQ:XPDUSD,2022-04-28T15:30:00+02:00,2239.650,2239.650,2231.720,2232.050,132
SQ:XPDUSD,2022-04-28T15:31:00+02:00,2232.190,2238.750,2231.660,2237.250,62
SQ:XPDUSD,2022-04-28T15:32:00+02:00,2237.750,2237.750,2234.250,2236.250,106
SQ:XPDUSD,2022-04-28T15:33:00+02:00,2237.250,2238.250,2236.250,2236.250,304
SQ:XPDUSD,2022-04-28T15:34:00+02:00,2237.250,2237.750,2236.250,2237.750,98
SQ:XPDUSD,2022-04-28T15:35:00+02:00,2237.750,2237.750,2236.750,2237.750,37
SQ:XPDUSD,2022-04-28T15:36:00+02:00,2237.750,2238.120,2237.250,2237.250,12
SQ:XPDUSD,2022-04-28T15:37:00+02:00,2237.250,2238.150,2236.750,2237.750,34
SQ:XPDUSD,2022-04-28T15:38:00+02:00,2238.050,2238.120,2236.750,2237.750,106
SQ:XPDUSD,2022-04-28T15:39:00+02:00,2237.750,2238.210,2234.940,2235.980,154
SQ:XPDUSD,2022-04-28T15:40:00+02:00,2236.080,2236.250,2235.490,2235.620,58
SQ:XPDUSD,2022-04-28T15:41:00+02:00,2235.980,2236.090,2235.310,2235.440,98
SQ:XPDUSD,2022-04-28T15:42:00+02:00,2235.650,2235.990,2234.990,2235.560,153
SQ:XPDUSD,2022-04-28T15:43:00+02:00,2235.760,2236.250,2235.310,2236.250,91
SQ:XPDUSD,2022-04-28T15:44:00+02:00,2236.250,2238.100,2236.250,2237.940,8
SQ:XPDUSD,2022-04-28T15:45:00+02:00,2237.930,2238.120,2237.010,2237.580,32
SQ:XPDUSD,2022-04-28T15:46:00+02:00,2236.620,2237.140,2234.950,2235.750,312
SQ:XPDUSD,2022-04-28T15:47:00+02:00,2236.040,2236.250,2235.220,2235.710,282
SQ:XPDUSD,2022-04-28T15:48:00+02:00,2235.750,2236.330,2232.710,2232.840,122
SQ:XPDUSD,2022-04-28T15:49:00+02:00,2232.820,2233.320,2230.180,2231.030,15
SQ:XPDUSD,2022-04-28T15:51:00+02:00,2233.250,2234.750,2233.250,2234.750,3
SQ:XPDUSD,2022-04-28T15:52:00+02:00,2235.250,2242.470,2235.250,2241.450,10
SQ:XPDUSD,2022-04-28T15:53:00+02:00,2241.570,2241.570,2236.020,2236.250,14
SQ:XPDUSD,2022-04-28T15:54:00+02:00,2236.240,2236.640,2236.220,2236.220,11
SQ:XPDUSD,2022-04-28T15:55:00+02:00,2236.510,2238.800,2236.510,2238.800,8
SQ:XPDUSD,2022-04-28T15:56:00+02:00,2238.660,2238.710,2238.220,2238.710,14
SQ:XPDUSD,2022-04-28T15:57:00+02:00,2238.890,2238.890,2238.180,2238.430,19
SQ:XPDUSD,2022-04-28T15:58:00+02:00,2238.360,2238.750,2238.090,2238.170,21
SQ:XPDUSD,2022-04-28T15:59:00+02:00,2236.680,2236.680,2234.530,2234.920,17
SQ:XPDUSD,2022-04-28T16:00:00+02:00,2236.020,2242.470,2236.020,2238.750,16
SQ:XPDUSD,2022-04-28T16:01:00+02:00,2239.750,2239.750,2237.750,2237.750,5
SQ:XPDUSD,2022-04-28T16:02:00+02:00,2238.250,2239.250,2238.250,2239.250,5
SQ:XPDUSD,2022-04-28T16:03:00+02:00,2239.250,2239.250,2239.250,2239.250,1
SQ:XPDUSD,2022-04-28T16:04:00+02:00,2239.160,2239.230,2239.160,2239.230,2
SQ:XPDUSD,2022-04-28T16:05:00+02:00,2239.250,2239.250,2239.250,2239.250,1
SQ:XPDUSD,2022-04-28T16:06:00+02:00,2239.250,2239.250,2238.110,2238.110,8
SQ:XPDUSD,2022-04-28T16:07:00+02:00,2238.030,2238.030,2236.130,2236.480,17
SQ:XPDUSD,2022-04-28T16:08:00+02:00,2236.480,2236.480,2234.450,2234.970,22
SQ:XPDUSD,2022-04-28T16:09:00+02:00,2234.870,2240.250,2233.950,2233.950,22
SQ:XPDUSD,2022-04-28T16:10:00+02:00,2233.280,2237.250,2233.280,2237.250,4
SQ:XPDUSD,2022-04-28T16:11:00+02:00,2237.250,2239.480,2237.180,2237.180,15
SQ:XPDUSD,2022-04-28T16:12:00+02:00,2237.340,2237.450,2234.660,2235.820,28
SQ:XPDUSD,2022-04-28T16:13:00+02:00,2235.850,2236.190,2224.490,2226.080,9
SQ:XPDUSD,2022-04-28T16:14:00+02:00,2226.130,2227.910,2224.750,2224.750,42
SQ:XPDUSD,2022-04-28T16:15:00+02:00,2225.250,2225.750,2225.250,2225.430,10
SQ:XPDUSD,2022-04-28T16:16:00+02:00,2225.580,2225.950,2219.950,2220.260,15
SQ:XPDUSD,2022-04-28T16:17:00+02:00,2221.800,2227.750,2221.800,2225.280,10
SQ:XPDUSD,2022-04-28T16:18:00+02:00,2224.750,2225.250,2224.570,2224.570,26
SQ:XPDUSD,2022-04-28T16:19:00+02:00,2224.810,2224.870,2224.500,2224.560,15
SQ:XPDUSD,2022-04-28T16:20:00+02:00,2224.700,2224.990,2223.990,2224.530,19
SQ:XPDUSD,2022-04-28T16:21:00+02:00,2224.630,2224.880,2224.400,2224.880,28
SQ:XPDUSD,2022-04-28T16:22:00+02:00,2224.980,2225.820,2224.550,2225.820,34
SQ:XPDUSD,2022-04-28T16:23:00+02:00,2223.570,2225.250,2220.920,2224.180,15
SQ:XPDUSD,2022-04-28T16:24:00+02:00,2224.300,2225.750,2224.300,2225.750,12
SQ:XPDUSD,2022-04-28T16:25:00+02:00,2226.250,2233.250,2225.750,2233.250,19
SQ:XPDUSD,2022-04-28T16:26:00+02:00,2233.250,2233.250,2231.250,2231.250,2
SQ:XPDUSD,2022-04-28T16:27:00+02:00,2231.750,2231.750,2231.250,2231.250,2
SQ:XPDUSD,2022-04-28T16:28:00+02:00,2230.750,2231.250,2230.750,2231.250,8
SQ:XPDUSD,2022-04-28T16:29:00+02:00,2231.250,2233.750,2230.750,2233.750,32
SQ:XPDUSD,2022-04-28T16:30:00+02:00,2233.750,2237.530,2233.700,2237.230,11
SQ:XPDUSD,2022-04-28T16:31:00+02:00,2236.620,2243.250,2235.550,2243.250,84
SQ:XPDUSD,2022-04-28T16:32:00+02:00,2243.250,2243.250,2243.250,2243.250,1
SQ:XPDUSD,2022-04-28T16:33:00+02:00,2243.250,2245.750,2243.250,2245.250,88
SQ:XPDUSD,2022-04-28T16:34:00+02:00,2245.100,2246.750,2244.700,2246.750,48
SQ:XPDUSD,2022-04-28T16:35:00+02:00,2247.640,2247.750,2246.700,2247.750,4
SQ:XPDUSD,2022-04-28T16:36:00+02:00,2248.250,2248.250,2247.750,2248.250,7
SQ:XPDUSD,2022-04-28T16:37:00+02:00,2247.750,2249.250,2247.750,2248.250,5
SQ:XPDUSD,2022-04-28T16:38:00+02:00,2248.240,2248.240,2244.750,2247.250,4
SQ:XPDUSD,2022-04-28T16:39:00+02:00,2247.250,2248.120,2246.750,2246.750,310
SQ:XPDUSD,2022-04-28T16:40:00+02:00,2246.750,2250.130,2246.750,2249.640,67
SQ:XPDUSD,2022-04-28T16:41:00+02:00,2249.670,2249.670,2246.750,2247.250,5
SQ:XPDUSD,2022-04-28T16:42:00+02:00,2247.250,2247.250,2247.250,2247.250,1
SQ:XPDUSD,2022-04-28T16:43:00+02:00,2247.250,2252.380,2247.250,2252.380,2
SQ:XPDUSD,2022-04-28T16:44:00+02:00,2248.750,2248.750,2246.750,2246.750,2
SQ:XPDUSD,2022-04-28T16:45:00+02:00,2250.330,2251.110,2250.330,2251.000,10
SQ:XPDUSD,2022-04-28T16:46:00+02:00,2250.990,2251.050,2250.410,2250.800,17
SQ:XPDUSD,2022-04-28T16:47:00+02:00,2250.950,2250.960,2247.750,2247.750,16
SQ:XPDUSD,2022-04-28T16:48:00+02:00,2247.750,2247.750,2245.250,2245.250,2
SQ:XPDUSD,2022-04-28T16:49:00+02:00,2245.750,2248.250,2245.250,2248.250,10
SQ:XPDUSD,2022-04-28T16:50:00+02:00,2248.230,2248.230,2248.040,2248.040,5
SQ:XPDUSD,2022-04-28T16:51:00+02:00,2247.960,2250.550,2247.960,2250.440,26
SQ:XPDUSD,2022-04-28T16:52:00+02:00,2250.410,2251.000,2247.750,2247.750,5
SQ:XPDUSD,2022-04-28T16:53:00+02:00,2247.250,2247.750,2247.250,2247.750,8
SQ:XPDUSD,2022-04-28T16:54:00+02:00,2247.250,2247.750,2247.250,2247.750,32
SQ:XPDUSD,2022-04-28T16:55:00+02:00,2247.250,2247.750,2247.250,2247.750,8
SQ:XPDUSD,2022-04-28T16:56:00+02:00,2247.750,2247.750,2247.250,2247.750,15
SQ:XPDUSD,2022-04-28T16:57:00+02:00,2247.750,2247.750,2247.250,2247.250,8
SQ:XPDUSD,2022-04-28T16:58:00+02:00,2247.250,2247.250,2245.750,2246.250,5
SQ:XPDUSD,2022-04-28T16:59:00+02:00,2246.250,2246.250,2245.750,2245.750,14
SQ:XPDUSD,2022-04-28T17:00:00+02:00,2245.750,2245.750,2241.830,2242.300,24
SQ:XPDUSD,2022-04-28T17:01:00+02:00,2242.370,2242.420,2239.750,2239.750,6
SQ:XPDUSD,2022-04-28T17:02:00+02:00,2239.750,2239.750,2225.280,2225.280,24
SQ:XPDUSD,2022-04-28T17:03:00+02:00,2224.710,2232.620,2224.710,2230.100,14
SQ:XPDUSD,2022-04-28T17:04:00+02:00,2230.170,2230.170,2230.120,2230.140,3
SQ:XPDUSD,2022-04-28T17:05:00+02:00,2230.150,2230.150,2230.000,2230.000,3
SQ:XPDUSD,2022-04-28T17:06:00+02:00,2230.050,2230.140,2229.630,2229.630,12
SQ:XPDUSD,2022-04-28T17:07:00+02:00,2229.680,2229.740,2229.620,2229.680,5
SQ:XPDUSD,2022-04-28T17:08:00+02:00,2229.700,2229.700,2229.160,2229.160,8
SQ:XPDUSD,2022-04-28T17:09:00+02:00,2229.160,2229.490,2229.160,2229.450,7
SQ:XPDUSD,2022-04-28T17:10:00+02:00,2229.450,2229.450,2221.630,2222.680,25
SQ:XPDUSD,2022-04-28T17:11:00+02:00,2222.760,2223.280,2219.630,2222.630,14
SQ:XPDUSD,2022-04-28T17:12:00+02:00,2222.490,2223.060,2220.790,2221.700,24
SQ:XPDUSD,2022-04-28T17:13:00+02:00,2222.310,2222.310,2221.630,2221.710,10
SQ:XPDUSD,2022-04-28T17:14:00+02:00,2221.630,2223.570,2221.530,2223.570,13
SQ:XPDUSD,2022-04-28T17:15:00+02:00,2223.560,2224.620,2223.260,2224.420,11
SQ:XPDUSD,2022-04-28T17:16:00+02:00,2224.610,2224.610,2223.810,2223.810,3
SQ:XPDUSD,2022-04-28T17:17:00+02:00,2223.830,2223.890,2218.870,2218.870,6
SQ:XPDUSD,2022-04-28T17:18:00+02:00,2219.060,2219.940,2219.060,2219.940,3
SQ:XPDUSD,2022-04-28T17:19:00+02:00,2220.150,2224.030,2220.150,2224.030,16
SQ:XPDUSD,2022-04-28T17:20:00+02:00,2224.260,2225.630,2224.260,2225.170,6
SQ:XPDUSD,2022-04-28T17:21:00+02:00,2225.170,2225.930,2225.120,2225.580,10
SQ:XPDUSD,2022-04-28T17:22:00+02:00,2225.650,2225.980,2225.650,2225.980,3
SQ:XPDUSD,2022-04-28T17:23:00+02:00,2226.060,2226.770,2226.060,2226.770,2
SQ:XPDUSD,2022-04-28T17:24:00+02:00,2226.880,2228.640,2226.880,2228.640,14
SQ:XPDUSD,2022-04-28T17:25:00+02:00,2228.640,2232.640,2228.640,2232.570,5
SQ:XPDUSD,2022-04-28T17:26:00+02:00,2232.570,2232.570,2228.250,2231.840,5
SQ:XPDUSD,2022-04-28T17:28:00+02:00,2231.840,2231.840,2224.810,2224.810,8
SQ:XPDUSD,2022-04-28T17:29:00+02:00,2224.790,2224.860,2224.560,2224.560,9
SQ:XPDUSD,2022-04-28T17:30:00+02:00,2224.690,2224.690,2224.390,2224.480,9
SQ:XPDUSD,2022-04-28T17:31:00+02:00,2224.170,2224.400,2223.930,2224.150,15
SQ:XPDUSD,2022-04-28T17:32:00+02:00,2224.040,2224.040,2222.580,2222.720,10
SQ:XPDUSD,2022-04-28T17:33:00+02:00,2222.550,2222.960,2222.550,2222.880,10
SQ:XPDUSD,2022-04-28T17:34:00+02:00,2222.790,2226.480,2222.570,2226.480,26
SQ:XPDUSD,2022-04-28T17:35:00+02:00,2226.780,2228.840,2226.280,2228.840,5
SQ:XPDUSD,2022-04-28T17:36:00+02:00,2228.600,2228.770,2228.600,2228.770,5
SQ:XPDUSD,2022-04-28T17:37:00+02:00,2228.780,2228.870,2227.590,2227.590,5
SQ:XPDUSD,2022-04-28T17:38:00+02:00,2227.480,2230.450,2227.480,2230.450,5
SQ:XPDUSD,2022-04-28T17:39:00+02:00,2230.280,2230.460,2230.280,2230.460,2
SQ:XPDUSD,2022-04-28T17:40:00+02:00,2230.380,2230.380,2226.680,2226.680,2
SQ:XPDUSD,2022-04-28T17:41:00+02:00,2227.020,2227.020,2226.840,2226.870,5
SQ:XPDUSD,2022-04-28T17:42:00+02:00,2226.490,2226.490,2226.220,2226.220,2
SQ:XPDUSD,2022-04-28T17:43:00+02:00,2226.170,2226.170,2226.170,2226.170,1
SQ:XPDUSD,2022-04-28T17:44:00+02:00,2226.170,2227.050,2226.170,2226.980,9
SQ:XPDUSD,2022-04-28T17:45:00+02:00,2227.200,2227.200,2227.200,2227.200,1
SQ:XPDUSD,2022-04-28T17:46:00+02:00,2227.200,2227.420,2225.430,2227.420,13
SQ:XPDUSD,2022-04-28T17:47:00+02:00,2227.310,2227.830,2226.750,2227.730,10
SQ:XPDUSD,2022-04-28T17:48:00+02:00,2227.130,2229.330,2224.900,2224.900,18
SQ:XPDUSD,2022-04-28T17:49:00+02:00,2224.900,2224.900,2221.350,2221.720,13
SQ:XPDUSD,2022-04-28T17:50:00+02:00,2221.560,2228.930,2221.240,2223.130,21
SQ:XPDUSD,2022-04-28T17:51:00+02:00,2223.160,2223.300,2222.100,2222.900,18
SQ:XPDUSD,2022-04-28T17:52:00+02:00,2223.110,2223.110,2221.990,2221.990,14
SQ:XPDUSD,2022-04-28T17:53:00+02:00,2222.230,2222.300,2221.510,2221.700,10
SQ:XPDUSD,2022-04-28T17:54:00+02:00,2221.700,2222.060,2221.440,2222.030,7
SQ:XPDUSD,2022-04-28T17:55:00+02:00,2221.590,2222.640,2221.290,2222.150,26
SQ:XPDUSD,2022-04-28T17:56:00+02:00,2222.510,2222.510,2220.950,2221.030,9
SQ:XPDUSD,2022-04-28T17:57:00+02:00,2220.760,2221.050,2219.680,2219.680,13
SQ:XPDUSD,2022-04-28T17:58:00+02:00,2219.680,2220.140,2217.880,2217.880,6
SQ:XPDUSD,2022-04-28T17:59:00+02:00,2217.760,2217.760,2216.390,2216.390,8
SQ:XPDUSD,2022-04-28T18:00:00+02:00,2216.390,2217.790,2216.090,2217.040,11
SQ:XPDUSD,2022-04-28T18:01:00+02:00,2217.040,2217.340,2216.070,2216.250,14
SQ:XPDUSD,2022-04-28T18:02:00+02:00,2216.180,2217.340,2216.180,2216.710,19
SQ:XPDUSD,2022-04-28T18:03:00+02:00,2216.710,2216.720,2216.440,2216.550,8
SQ:XPDUSD,2022-04-28T18:04:00+02:00,2216.700,2219.860,2216.480,2219.860,7
SQ:XPDUSD,2022-04-28T18:05:00+02:00,2220.050,2221.270,2220.050,2221.270,4
SQ:XPDUSD,2022-04-28T18:06:00+02:00,2221.200,2221.200,2220.300,2220.300,9
SQ:XPDUSD,2022-04-28T18:07:00+02:00,2220.040,2220.040,2219.350,2219.510,16
SQ:XPDUSD,2022-04-28T18:08:00+02:00,2219.560,2220.060,2219.560,2220.060,10
SQ:XPDUSD,2022-04-28T18:09:00+02:00,2219.890,2219.890,2219.350,2219.640,10
SQ:XPDUSD,2022-04-28T18:10:00+02:00,2219.870,2222.920,2219.860,2222.430,13
SQ:XPDUSD,2022-04-28T18:11:00+02:00,2222.900,2225.090,2222.900,2225.090,7
SQ:XPDUSD,2022-04-28T18:12:00+02:00,2225.320,2225.320,2222.810,2222.810,11
SQ:XPDUSD,2022-04-28T18:13:00+02:00,2222.810,2223.170,2222.560,2223.060,11
SQ:XPDUSD,2022-04-28T18:14:00+02:00,2223.100,2224.320,2223.100,2224.320,7
SQ:XPDUSD,2022-04-28T18:15:00+02:00,2224.300,2224.410,2224.300,2224.410,2
SQ:XPDUSD,2022-04-28T18:16:00+02:00,2224.400,2224.400,2224.400,2224.400,1
SQ:XPDUSD,2022-04-28T18:17:00+02:00,2225.250,2226.040,2225.120,2226.040,5
SQ:XPDUSD,2022-04-28T18:18:00+02:00,2226.180,2230.880,2225.870,2230.540,9
SQ:XPDUSD,2022-04-28T18:19:00+02:00,2230.650,2231.940,2230.580,2231.050,18
SQ:XPDUSD,2022-04-28T18:20:00+02:00,2228.780,2228.780,2228.430,2228.680,4
SQ:XPDUSD,2022-04-28T18:22:00+02:00,2228.710,2228.710,2227.010,2227.540,11
SQ:XPDUSD,2022-04-28T18:23:00+02:00,2227.510,2227.510,2226.910,2227.120,5
SQ:XPDUSD,2022-04-28T18:24:00+02:00,2227.110,2228.400,2226.370,2226.370,4
SQ:XPDUSD,2022-04-28T18:25:00+02:00,2224.070,2227.490,2224.070,2225.980,12
SQ:XPDUSD,2022-04-28T18:26:00+02:00,2225.910,2226.810,2224.000,2226.810,11
SQ:XPDUSD,2022-04-28T18:27:00+02:00,2226.820,2228.630,2226.820,2227.330,13
SQ:XPDUSD,2022-04-28T18:28:00+02:00,2229.780,2231.440,2229.780,2230.890,15
SQ:XPDUSD,2022-04-28T18:29:00+02:00,2231.220,2236.710,2231.220,2236.710,18
SQ:XPDUSD,2022-04-28T18:30:00+02:00,2237.020,2238.360,2237.020,2238.360,13
SQ:XPDUSD,2022-04-28T18:31:00+02:00,2238.140,2243.900,2238.140,2243.710,16
SQ:XPDUSD,2022-04-28T18:32:00+02:00,2243.620,2243.620,2243.620,2243.620,1
SQ:XPDUSD,2022-04-28T18:33:00+02:00,2243.620,2243.620,2240.900,2241.460,9
SQ:XPDUSD,2022-04-28T18:34:00+02:00,2241.640,2245.200,2241.640,2244.640,13
SQ:XPDUSD,2022-04-28T18:35:00+02:00,2244.740,2245.990,2240.080,2243.700,23
SQ:XPDUSD,2022-04-28T18:36:00+02:00,2243.730,2244.020,2241.570,2241.570,7
SQ:XPDUSD,2022-04-28T18:37:00+02:00,2241.570,2242.020,2240.840,2240.920,12
SQ:XPDUSD,2022-04-28T18:38:00+02:00,2240.920,2241.210,2237.560,2239.830,170
SQ:XPDUSD,2022-04-28T18:39:00+02:00,2239.830,2240.450,2238.300,2240.360,171
SQ:XPDUSD,2022-04-28T18:40:00+02:00,2240.330,2242.550,2239.590,2239.590,9
SQ:XPDUSD,2022-04-28T18:41:00+02:00,2240.020,2240.440,2239.840,2239.900,8
SQ:XPDUSD,2022-04-28T18:42:00+02:00,2240.220,2240.220,2239.960,2239.960,4
SQ:XPDUSD,2022-04-28T18:43:00+02:00,2239.940,2239.940,2239.240,2239.380,10
SQ:XPDUSD,2022-04-28T18:44:00+02:00,2239.240,2239.500,2235.920,2235.920,11
SQ:XPDUSD,2022-04-28T18:45:00+02:00,2235.710,2238.700,2235.510,2238.700,7
SQ:XPDUSD,2022-04-28T18:46:00+02:00,2238.700,2238.700,2238.670,2238.670,3
SQ:XPDUSD,2022-04-28T18:48:00+02:00,2238.670,2238.670,2234.370,2234.370,5
SQ:XPDUSD,2022-04-28T18:49:00+02:00,2234.370,2234.370,2231.920,2232.780,14
SQ:XPDUSD,2022-04-28T18:50:00+02:00,2232.660,2234.500,2232.470,2232.510,7
SQ:XPDUSD,2022-04-28T18:51:00+02:00,2232.500,2232.500,2231.940,2232.050,7
SQ:XPDUSD,2022-04-28T18:52:00+02:00,2232.180,2232.480,2231.990,2232.290,9
SQ:XPDUSD,2022-04-28T18:53:00+02:00,2232.290,2232.480,2232.210,2232.210,4
SQ:XPDUSD,2022-04-28T18:54:00+02:00,2232.530,2233.880,2232.360,2232.460,7
SQ:XPDUSD,2022-04-28T18:55:00+02:00,2232.460,2232.910,2229.090,2229.500,15
SQ:XPDUSD,2022-04-28T18:56:00+02:00,2229.630,2230.190,2228.390,2228.390,6
SQ:XPDUSD,2022-04-28T18:57:00+02:00,2228.310,2228.540,2226.840,2226.910,13
SQ:XPDUSD,2022-04-28T18:58:00+02:00,2226.000,2226.000,2213.430,2214.110,52
SQ:XPDUSD,2022-04-28T18:59:00+02:00,2215.850,2219.950,2214.050,2218.750,49
SQ:XPDUSD,2022-04-28T19:00:00+02:00,2218.750,2219.270,2217.010,2219.270,18
SQ:XPDUSD,2022-04-28T19:01:00+02:00,2219.390,2226.470,2219.390,2224.770,17
SQ:XPDUSD,2022-04-28T19:02:00+02:00,2222.250,2224.620,2222.250,2224.060,7
SQ:XPDUSD,2022-04-28T19:03:00+02:00,2224.410,2224.780,2220.560,2221.660,19
SQ:XPDUSD,2022-04-28T19:04:00+02:00,2221.850,2226.870,2220.300,2226.700,15
SQ:XPDUSD,2022-04-28T19:05:00+02:00,2230.870,2232.500,2223.630,2224.490,135
SQ:XPDUSD,2022-04-28T19:06:00+02:00,2224.030,2224.810,2222.850,2224.590,122
SQ:XPDUSD,2022-04-28T19:07:00+02:00,2224.590,2225.100,2223.630,2224.150,150
SQ:XPDUSD,2022-04-28T19:08:00+02:00,2223.930,2225.740,2222.810,2224.040,33
SQ:XPDUSD,2022-04-28T19:09:00+02:00,2223.930,2225.060,2223.050,2224.770,81
SQ:XPDUSD,2022-04-28T19:10:00+02:00,2225.030,2225.030,2223.250,2223.270,3
SQ:XPDUSD,2022-04-28T19:11:00+02:00,2223.270,2223.270,2222.680,2222.920,5
SQ:XPDUSD,2022-04-28T19:12:00+02:00,2223.150,2223.720,2222.820,2222.820,68
SQ:XPDUSD,2022-04-28T19:13:00+02:00,2223.110,2223.110,2222.400,2222.530,17
SQ:XPDUSD,2022-04-28T19:14:00+02:00,2222.530,2223.990,2222.440,2223.660,5
SQ:XPDUSD,2022-04-28T19:15:00+02:00,2223.660,2223.840,2222.280,2222.450,5
SQ:XPDUSD,2022-04-28T19:16:00+02:00,2222.450,2223.790,2222.450,2223.570,5
SQ:XPDUSD,2022-04-28T19:17:00+02:00,2223.570,2223.570,2223.260,2223.340,4
SQ:XPDUSD,2022-04-28T19:18:00+02:00,2223.340,2223.340,2223.180,2223.240,3
SQ:XPDUSD,2022-04-28T19:19:00+02:00,2223.240,2223.240,2223.120,2223.140,3
SQ:XPDUSD,2022-04-28T19:20:00+02:00,2223.140,2223.140,2222.910,2222.910,3
SQ:XPDUSD,2022-04-28T19:21:00+02:00,2222.910,2223.320,2222.570,2223.130,24
SQ:XPDUSD,2022-04-28T19:22:00+02:00,2223.130,2223.130,2222.720,2222.950,3
SQ:XPDUSD,2022-04-28T19:23:00+02:00,2223.100,2223.250,2221.850,2223.250,202
SQ:XPDUSD,2022-04-28T19:24:00+02:00,2223.250,2223.300,2222.520,2222.520,4
SQ:XPDUSD,2022-04-28T19:25:00+02:00,2219.250,2219.870,2218.850,2218.990,10
SQ:XPDUSD,2022-04-28T19:26:00+02:00,2218.800,2219.090,2218.620,2218.620,5
SQ:XPDUSD,2022-04-28T19:27:00+02:00,2218.620,2220.110,2218.620,2219.390,13
SQ:XPDUSD,2022-04-28T19:28:00+02:00,2219.530,2219.530,2219.470,2219.470,2
SQ:XPDUSD,2022-04-28T19:29:00+02:00,2219.880,2219.880,2219.140,2219.140,26
SQ:XPDUSD,2022-04-28T19:30:00+02:00,2219.190,2219.190,2214.570,2216.360,261
SQ:XPDUSD,2022-04-28T19:31:00+02:00,2216.360,2218.200,2216.110,2217.480,79
SQ:XPDUSD,2022-04-28T19:32:00+02:00,2217.250,2217.250,2217.250,2217.250,1
SQ:XPDUSD,2022-04-28T19:34:00+02:00,2217.250,2217.330,2217.040,2217.050,8
SQ:XPDUSD,2022-04-28T19:35:00+02:00,2216.940,2217.380,2216.350,2216.520,14
SQ:XPDUSD,2022-04-28T19:36:00+02:00,2216.400,2217.160,2216.050,2216.190,146
SQ:XPDUSD,2022-04-28T19:37:00+02:00,2216.470,2217.360,2215.700,2216.450,90
SQ:XPDUSD,2022-04-28T19:38:00+02:00,2217.250,2217.250,2217.140,2217.150,3
SQ:XPDUSD,2022-04-28T19:39:00+02:00,2217.120,2217.120,2216.940,2216.940,3
SQ:XPDUSD,2022-04-28T19:40:00+02:00,2216.940,2217.370,2216.430,2216.970,63
SQ:XPDUSD,2022-04-28T19:41:00+02:00,2216.970,2217.040,2216.740,2216.900,4
SQ:XPDUSD,2022-04-28T19:42:00+02:00,2216.950,2216.980,2216.770,2216.770,5
SQ:XPDUSD,2022-04-28T19:43:00+02:00,2216.770,2216.770,2216.390,2216.390,2
SQ:XPDUSD,2022-04-28T19:48:00+02:00,2216.330,2216.330,2216.330,2216.330,1
SQ:XPDUSD,2022-04-28T19:49:00+02:00,2216.330,2216.330,2216.330,2216.330,1
SQ:XPDUSD,2022-04-28T19:50:00+02:00,2213.510,2213.510,2213.510,2213.510,1
SQ:XPDUSD,2022-04-28T19:58:00+02:00,2213.310,2215.310,2213.310,2215.260,106
SQ:XPDUSD,2022-04-28T19:59:00+02:00,2214.760,2215.960,2214.710,2214.710,363
SQ:XPDUSD,2022-04-28T20:00:00+02:00,2214.910,2216.280,2214.910,2216.070,101
SQ:XPDUSD,2022-04-28T20:01:00+02:00,2215.870,2216.270,2215.050,2216.150,393
SQ:XPDUSD,2022-04-28T20:02:00+02:00,2215.950,2216.400,2214.970,2216.020,115
SQ:XPDUSD,2022-04-28T20:03:00+02:00,2215.870,2216.490,2215.020,2216.220,317
SQ:XPDUSD,2022-04-28T20:04:00+02:00,2215.320,2216.540,2215.120,2216.100,231
SQ:XPDUSD,2022-04-28T20:05:00+02:00,2216.220,2217.130,2215.940,2216.540,341
SQ:XPDUSD,2022-04-28T20:06:00+02:00,2216.890,2217.220,2216.110,2217.090,327
SQ:XPDUSD,2022-04-28T20:07:00+02:00,2217.090,2217.180,2216.540,2217.030,95
SQ:XPDUSD,2022-04-28T20:08:00+02:00,2217.830,2217.940,2217.830,2217.860,3
SQ:XPDUSD,2022-04-28T20:09:00+02:00,2217.980,2217.990,2217.980,2217.990,2
SQ:XPDUSD,2022-04-28T20:10:00+02:00,2217.920,2217.950,2217.920,2217.950,2
SQ:XPDUSD,2022-04-28T20:12:00+02:00,2217.980,2217.980,2217.980,2217.980,1
SQ:XPDUSD,2022-04-28T20:13:00+02:00,2218.030,2218.030,2216.820,2216.820,3
SQ:XPDUSD,2022-04-28T20:14:00+02:00,2216.840,2223.710,2216.820,2223.310,27
SQ:XPDUSD,2022-04-28T20:15:00+02:00,2223.310,2225.300,2223.270,2224.570,339
SQ:XPDUSD,2022-04-28T20:16:00+02:00,2223.860,2225.110,2220.790,2220.790,83
SQ:XPDUSD,2022-04-28T20:17:00+02:00,2220.790,2222.170,2220.790,2221.230,11
SQ:XPDUSD,2022-04-28T20:18:00+02:00,2221.270,2221.810,2219.820,2220.380,10
SQ:XPDUSD,2022-04-28T20:19:00+02:00,2220.160,2221.450,2219.610,2221.110,31
SQ:XPDUSD,2022-04-28T20:20:00+02:00,2221.260,2221.460,2220.180,2220.460,26
SQ:XPDUSD,2022-04-28T20:21:00+02:00,2220.440,2220.680,2220.010,2220.010,11
SQ:XPDUSD,2022-04-28T20:22:00+02:00,2219.980,2219.980,2219.870,2219.870,2
SQ:XPDUSD,2022-04-28T20:23:00+02:00,2219.870,2220.500,2219.870,2220.170,7
SQ:XPDUSD,2022-04-28T20:24:00+02:00,2220.290,2220.290,2218.830,2218.990,7
SQ:XPDUSD,2022-04-28T20:25:00+02:00,2218.990,2219.990,2218.910,2219.270,11
SQ:XPDUSD,2022-04-28T20:26:00+02:00,2219.270,2219.910,2218.710,2219.910,7
SQ:XPDUSD,2022-04-28T20:27:00+02:00,2219.890,2220.810,2219.890,2220.640,13
SQ:XPDUSD,2022-04-28T20:28:00+02:00,2220.810,2221.770,2220.810,2221.630,13
SQ:XPDUSD,2022-04-28T20:29:00+02:00,2221.770,2222.490,2220.510,2222.380,8
SQ:XPDUSD,2022-04-28T20:30:00+02:00,2222.380,2224.010,2219.890,2220.790,8
SQ:XPDUSD,2022-04-28T20:31:00+02:00,2220.370,2220.690,2220.300,2220.690,4
SQ:XPDUSD,2022-04-28T20:32:00+02:00,2221.720,2221.720,2218.980,2219.040,7
SQ:XPDUSD,2022-04-28T20:33:00+02:00,2219.040,2219.040,2218.860,2218.880,7
SQ:XPDUSD,2022-04-28T20:34:00+02:00,2218.920,2218.920,2218.750,2218.750,2
SQ:XPDUSD,2022-04-28T20:35:00+02:00,2218.750,2218.820,2218.540,2218.630,9
SQ:XPDUSD,2022-04-28T20:36:00+02:00,2218.380,2218.480,2218.160,2218.480,7
SQ:XPDUSD,2022-04-28T20:37:00+02:00,2218.310,2218.550,2218.310,2218.430,5
SQ:XPDUSD,2022-04-28T20:38:00+02:00,2218.430,2219.080,2218.430,2219.080,3
SQ:XPDUSD,2022-04-28T20:39:00+02:00,2218.870,2219.020,2218.660,2219.020,6
SQ:XPDUSD,2022-04-28T20:40:00+02:00,2218.890,2219.290,2218.830,2219.130,5
SQ:XPDUSD,2022-04-28T20:41:00+02:00,2219.130,2219.590,2219.130,2219.590,7
SQ:XPDUSD,2022-04-28T20:42:00+02:00,2219.450,2219.660,2219.450,2219.470,8
SQ:XPDUSD,2022-04-28T20:43:00+02:00,2219.490,2219.620,2219.490,2219.590,4
SQ:XPDUSD,2022-04-28T20:44:00+02:00,2219.590,2222.500,2219.590,2220.900,21
SQ:XPDUSD,2022-04-28T20:45:00+02:00,2220.600,2220.800,2220.530,2220.530,6
SQ:XPDUSD,2022-04-28T20:46:00+02:00,2220.710,2220.710,2220.400,2220.470,4
SQ:XPDUSD,2022-04-28T20:47:00+02:00,2220.470,2220.630,2219.660,2219.850,13
SQ:XPDUSD,2022-04-28T20:48:00+02:00,2220.050,2220.160,2219.830,2219.850,5
SQ:XPDUSD,2022-04-28T20:49:00+02:00,2219.660,2220.150,2219.570,2219.570,6
SQ:XPDUSD,2022-04-28T20:50:00+02:00,2220.110,2220.980,2219.250,2219.250,22
SQ:XPDUSD,2022-04-28T20:51:00+02:00,2219.250,2219.250,2218.420,2218.770,9
SQ:XPDUSD,2022-04-28T20:52:00+02:00,2219.840,2220.910,2219.780,2219.780,9
SQ:XPDUSD,2022-04-28T20:53:00+02:00,2221.060,2221.740,2219.660,2221.740,6
SQ:XPDUSD,2022-04-28T20:54:00+02:00,2221.670,2222.150,2220.020,2221.830,4
SQ:XPDUSD,2022-04-28T20:55:00+02:00,2221.830,2222.130,2221.830,2221.900,5
SQ:XPDUSD,2022-04-28T20:56:00+02:00,2221.900,2221.900,2221.510,2221.510,2
SQ:XPDUSD,2022-04-28T20:57:00+02:00,2222.110,2222.110,2222.110,2222.110,1
SQ:XPDUSD,2022-04-28T20:58:00+02:00,2222.110,2223.440,2222.110,2223.440,8
SQ:XPDUSD,2022-04-28T20:59:00+02:00,2223.710,2224.250,2223.680,2224.250,14
SQ:XPDUSD,2022-04-28T21:00:00+02:00,2224.250,2226.100,2222.820,2226.080,11
SQ:XPDUSD,2022-04-28T21:01:00+02:00,2226.260,2226.260,2225.360,2225.630,19
SQ:XPDUSD,2022-04-28T21:02:00+02:00,2225.630,2226.200,2225.580,2225.990,22
SQ:XPDUSD,2022-04-28T21:03:00+02:00,2225.990,2226.750,2225.900,2226.750,8
SQ:XPDUSD,2022-04-28T21:04:00+02:00,2227.260,2227.510,2227.110,2227.170,8
SQ:XPDUSD,2022-04-28T21:05:00+02:00,2228.150,2228.400,2228.150,2228.400,4
SQ:XPDUSD,2022-04-28T21:06:00+02:00,2228.400,2228.400,2227.570,2227.700,8
SQ:XPDUSD,2022-04-28T21:07:00+02:00,2227.950,2228.060,2227.940,2228.060,3
SQ:XPDUSD,2022-04-28T21:08:00+02:00,2228.100,2228.160,2228.100,2228.160,2
SQ:XPDUSD,2022-04-28T21:10:00+02:00,2228.160,2228.330,2228.160,2228.330,3
SQ:XPDUSD,2022-04-28T21:11:00+02:00,2228.610,2228.710,2226.530,2226.530,3
SQ:XPDUSD,2022-04-28T21:12:00+02:00,2226.530,2226.530,2224.910,2224.910,9
SQ:XPDUSD,2022-04-28T21:13:00+02:00,2225.110,2225.110,2224.810,2225.080,4
SQ:XPDUSD,2022-04-28T21:14:00+02:00,2225.050,2225.050,2224.540,2224.540,2
SQ:XPDUSD,2022-04-28T21:15:00+02:00,2224.490,2224.640,2224.480,2224.480,5
SQ:XPDUSD,2022-04-28T21:16:00+02:00,2224.390,2224.390,2224.290,2224.290,2
SQ:XPDUSD,2022-04-28T21:17:00+02:00,2224.320,2224.340,2224.250,2224.280,10
SQ:XPDUSD,2022-04-28T21:18:00+02:00,2224.240,2224.240,2224.240,2224.240,1
SQ:XPDUSD,2022-04-28T21:19:00+02:00,2224.400,2224.400,2224.400,2224.400,1
SQ:XPDUSD,2022-04-28T21:20:00+02:00,2224.370,2224.370,2224.250,2224.250,3
SQ:XPDUSD,2022-04-28T21:22:00+02:00,2224.220,2224.220,2224.180,2224.180,2
SQ:XPDUSD,2022-04-28T21:23:00+02:00,2224.260,2225.020,2224.260,2224.980,5
SQ:XPDUSD,2022-04-28T21:24:00+02:00,2224.780,2224.780,2224.780,2224.780,1
SQ:XPDUSD,2022-04-28T21:26:00+02:00,2225.070,2225.070,2224.820,2224.820,2
SQ:XPDUSD,2022-04-28T21:28:00+02:00,2224.920,2224.920,2224.820,2224.820,2
SQ:XPDUSD,2022-04-28T21:29:00+02:00,2224.650,2224.650,2224.220,2224.630,10
SQ:XPDUSD,2022-04-28T21:30:00+02:00,2224.590,2224.670,2224.170,2224.170,6
SQ:XPDUSD,2022-04-28T21:31:00+02:00,2224.170,2224.170,2223.440,2223.620,8
SQ:XPDUSD,2022-04-28T21:32:00+02:00,2223.620,2223.640,2222.640,2222.890,11
SQ:XPDUSD,2022-04-28T21:33:00+02:00,2222.700,2222.850,2220.640,2220.670,5
SQ:XPDUSD,2022-04-28T21:34:00+02:00,2220.670,2221.370,2219.400,2219.760,12
SQ:XPDUSD,2022-04-28T21:35:00+02:00,2219.640,2219.640,2218.650,2218.650,5
SQ:XPDUSD,2022-04-28T21:36:00+02:00,2218.650,2218.700,2218.600,2218.600,3
SQ:XPDUSD,2022-04-28T21:37:00+02:00,2218.570,2218.810,2218.290,2218.290,6
SQ:XPDUSD,2022-04-28T21:38:00+02:00,2218.290,2218.550,2217.720,2217.850,10
SQ:XPDUSD,2022-04-28T21:39:00+02:00,2217.730,2217.740,2217.540,2217.540,10
SQ:XPDUSD,2022-04-28T21:40:00+02:00,2217.680,2217.720,2216.180,2217.720,9
SQ:XPDUSD,2022-04-28T21:41:00+02:00,2217.500,2217.500,2216.200,2216.200,6
SQ:XPDUSD,2022-04-28T21:42:00+02:00,2216.230,2217.100,2216.230,2216.980,9
SQ:XPDUSD,2022-04-28T21:43:00+02:00,2216.720,2217.230,2216.520,2217.100,11
SQ:XPDUSD,2022-04-28T21:44:00+02:00,2216.640,2216.950,2216.430,2216.610,10
SQ:XPDUSD,2022-04-28T21:45:00+02:00,2216.610,2216.980,2216.280,2216.980,5
SQ:XPDUSD,2022-04-28T21:46:00+02:00,2216.980,2218.670,2216.700,2217.220,11
SQ:XPDUSD,2022-04-28T21:47:00+02:00,2217.220,2217.490,2216.650,2217.070,11
SQ:XPDUSD,2022-04-28T21:48:00+02:00,2217.070,2217.700,2216.840,2217.700,5
SQ:XPDUSD,2022-04-28T21:49:00+02:00,2217.500,2217.990,2217.020,2217.320,23
SQ:XPDUSD,2022-04-28T21:50:00+02:00,2217.600,2218.990,2217.350,2218.470,15
SQ:XPDUSD,2022-04-28T21:51:00+02:00,2218.490,2219.330,2218.100,2219.330,13
SQ:XPDUSD,2022-04-28T21:52:00+02:00,2219.080,2219.430,2218.710,2219.200,16
SQ:XPDUSD,2022-04-28T21:53:00+02:00,2219.490,2219.490,2218.620,2218.890,20
SQ:XPDUSD,2022-04-28T21:54:00+02:00,2218.840,2219.080,2218.300,2218.940,8
SQ:XPDUSD,2022-04-28T21:55:00+02:00,2218.650,2219.170,2217.120,2219.170,23
SQ:XPDUSD,2022-04-28T21:56:00+02:00,2220.140,2220.600,2220.010,2220.600,4
SQ:XPDUSD,2022-04-28T21:57:00+02:00,2220.600,2221.790,2220.320,2221.790,5
SQ:XPDUSD,2022-04-28T21:58:00+02:00,2221.790,2222.960,2221.640,2222.960,8
SQ:XPDUSD,2022-04-28T21:59:00+02:00,2222.410,2223.810,2222.210,2223.300,13
SQ:XPDUSD,2022-04-28T22:00:00+02:00,2223.300,2223.300,2218.960,2219.310,15
SQ:XPDUSD,2022-04-28T22:01:00+02:00,2220.310,2220.310,2219.330,2219.550,5
SQ:XPDUSD,2022-04-28T22:02:00+02:00,2220.170,2220.170,2219.720,2219.750,9
SQ:XPDUSD,2022-04-28T22:03:00+02:00,2219.720,2219.890,2219.650,2219.790,6
SQ:XPDUSD,2022-04-28T22:04:00+02:00,2219.790,2219.790,2219.650,2219.650,2
SQ:XPDUSD,2022-04-28T22:05:00+02:00,2219.600,2220.340,2219.600,2220.250,6
SQ:XPDUSD,2022-04-28T22:06:00+02:00,2220.150,2220.150,2220.070,2220.070,3
SQ:XPDUSD,2022-04-28T22:08:00+02:00,2220.070,2220.330,2219.810,2219.970,6
SQ:XPDUSD,2022-04-28T22:09:00+02:00,2219.580,2219.840,2219.390,2219.590,4
SQ:XPDUSD,2022-04-28T22:10:00+02:00,2219.250,2219.250,2219.250,2219.250,1
SQ:XPDUSD,2022-04-28T22:11:00+02:00,2219.110,2219.110,2219.110,2219.110,1
SQ:XPDUSD,2022-04-28T22:14:00+02:00,2224.560,2224.560,2218.860,2218.860,14
SQ:XPDUSD,2022-04-28T22:15:00+02:00,2218.370,2218.370,2218.370,2218.370,1
SQ:XPDUSD,2022-04-28T22:16:00+02:00,2218.720,2218.720,2218.600,2218.600,2
SQ:XPDUSD,2022-04-28T22:17:00+02:00,2218.600,2218.600,2216.600,2216.600,2
SQ:XPDUSD,2022-04-28T22:18:00+02:00,2216.770,2217.090,2216.770,2217.090,2
SQ:XPDUSD,2022-04-28T22:19:00+02:00,2222.510,2223.360,2222.510,2223.360,2
SQ:XPDUSD,2022-04-28T22:20:00+02:00,2223.560,2223.560,2223.560,2223.560,1
SQ:XPDUSD,2022-04-28T22:21:00+02:00,2223.360,2223.670,2223.360,2223.360,19
SQ:XPDUSD,2022-04-28T22:22:00+02:00,2223.700,2223.700,2223.700,2223.700,1
SQ:XPDUSD,2022-04-28T22:23:00+02:00,2223.700,2223.700,2223.700,2223.700,1
SQ:XPDUSD,2022-04-28T22:24:00+02:00,2224.200,2224.200,2224.200,2224.200,1
SQ:XPDUSD,2022-04-28T22:25:00+02:00,2224.200,2224.200,2224.200,2224.200,1
SQ:XPDUSD,2022-04-28T22:27:00+02:00,2225.310,2225.710,2225.310,2225.710,2
SQ:XPDUSD,2022-04-28T22:30:00+02:00,2225.710,2226.410,2225.320,2225.910,279
SQ:XPDUSD,2022-04-28T22:31:00+02:00,2225.710,2227.950,2225.570,2226.180,162
SQ:XPDUSD,2022-04-28T22:32:00+02:00,2226.430,2226.670,2226.160,2226.530,9
SQ:XPDUSD,2022-04-28T22:33:00+02:00,2226.530,2227.430,2226.530,2226.840,81
SQ:XPDUSD,2022-04-28T22:35:00+02:00,2226.840,2227.970,2225.630,2225.630,42
SQ:XPDUSD,2022-04-28T22:36:00+02:00,2225.630,2226.070,2224.690,2225.390,371
SQ:XPDUSD,2022-04-28T22:37:00+02:00,2225.390,2226.310,2224.830,2225.330,427
SQ:XPDUSD,2022-04-28T22:38:00+02:00,2225.750,2225.830,2225.070,2225.830,33
SQ:XPDUSD,2022-04-28T22:39:00+02:00,2225.830,2225.950,2225.130,2225.900,181
SQ:XPDUSD,2022-04-28T22:40:00+02:00,2225.540,2226.730,2225.130,2226.090,403
SQ:XPDUSD,2022-04-28T22:41:00+02:00,2225.690,2227.110,2223.770,2226.740,356
SQ:XPDUSD,2022-04-28T22:42:00+02:00,2226.740,2227.110,2225.540,2226.060,269
SQ:XPDUSD,2022-04-28T22:43:00+02:00,2226.060,2226.980,2225.490,2226.700,259
SQ:XPDUSD,2022-04-28T22:44:00+02:00,2226.700,2227.220,2226.020,2226.920,251
SQ:XPDUSD,2022-04-28T22:45:00+02:00,2226.050,2227.320,2226.050,2226.680,23
SQ:XPDUSD,2022-04-28T22:46:00+02:00,2226.680,2227.380,2226.000,2226.870,230
SQ:XPDUSD,2022-04-28T22:47:00+02:00,2226.170,2227.110,2226.060,2226.220,339
SQ:XPDUSD,2022-04-28T22:48:00+02:00,2226.460,2227.280,2226.170,2226.590,198
SQ:XPDUSD,2022-04-28T22:49:00+02:00,2226.810,2227.250,2226.150,2226.170,118
SQ:XPDUSD,2022-04-28T22:50:00+02:00,2226.970,2228.290,2226.870,2228.290,7
SQ:XPDUSD,2022-04-28T22:51:00+02:00,2228.500,2228.500,2228.200,2228.310,3
SQ:XPDUSD,2022-04-28T22:52:00+02:00,2228.090,2230.030,2228.090,2230.030,2
SQ:XPDUSD,2022-04-28T22:53:00+02:00,2231.010,2231.150,2231.010,2231.150,4
SQ:XPDUSD,2022-04-28T22:54:00+02:00,2231.210,2231.210,2229.900,2229.900,2
