SQ:USDCHF,2022-06-17T00:00:00+02:00,0.96490,0.96536,0.96414,0.96534,124
SQ:USDCHF,2022-06-17T00:01:00+02:00,0.96533,0.96548,0.96525,0.96548,79
SQ:USDCHF,2022-06-17T00:02:00+02:00,0.96548,0.96568,0.96540,0.96566,70
SQ:USDCHF,2022-06-17T00:03:00+02:00,0.96569,0.96575,0.96562,0.96567,39
SQ:USDCHF,2022-06-17T00:04:00+02:00,0.96568,0.96587,0.96567,0.96581,28
SQ:USDCHF,2022-06-17T00:05:00+02:00,0.96583,0.96589,0.96568,0.96586,43
SQ:USDCHF,2022-06-17T00:06:00+02:00,0.96582,0.96585,0.96578,0.96583,13
SQ:USDCHF,2022-06-17T00:07:00+02:00,0.96584,0.96584,0.96577,0.96582,34
SQ:USDCHF,2022-06-17T00:08:00+02:00,0.96583,0.96583,0.96581,0.96581,19
SQ:USDCHF,2022-06-17T00:09:00+02:00,0.96582,0.96582,0.96576,0.96577,6
SQ:USDCHF,2022-06-17T00:10:00+02:00,0.96576,0.96592,0.96575,0.96583,35
SQ:USDCHF,2022-06-17T00:11:00+02:00,0.96583,0.96612,0.96580,0.96612,49
SQ:USDCHF,2022-06-17T00:12:00+02:00,0.96612,0.96612,0.96589,0.96593,63
SQ:USDCHF,2022-06-17T00:13:00+02:00,0.96593,0.96593,0.96579,0.96579,40
SQ:USDCHF,2022-06-17T00:14:00+02:00,0.96579,0.96581,0.96565,0.96580,60
SQ:USDCHF,2022-06-17T00:15:00+02:00,0.96578,0.96587,0.96575,0.96576,52
SQ:USDCHF,2022-06-17T00:16:00+02:00,0.96576,0.96577,0.96569,0.96573,53
SQ:USDCHF,2022-06-17T00:17:00+02:00,0.96575,0.96575,0.96568,0.96573,25
SQ:USDCHF,2022-06-17T00:18:00+02:00,0.96574,0.96608,0.96571,0.96605,63
SQ:USDCHF,2022-06-17T00:19:00+02:00,0.96605,0.96612,0.96603,0.96611,50
SQ:USDCHF,2022-06-17T00:20:00+02:00,0.96612,0.96616,0.96610,0.96612,58
SQ:USDCHF,2022-06-17T00:21:00+02:00,0.96613,0.96614,0.96612,0.96612,40
SQ:USDCHF,2022-06-17T00:22:00+02:00,0.96613,0.96613,0.96610,0.96611,24
SQ:USDCHF,2022-06-17T00:23:00+02:00,0.96612,0.96612,0.96610,0.96610,35
SQ:USDCHF,2022-06-17T00:24:00+02:00,0.96611,0.96616,0.96609,0.96612,16
SQ:USDCHF,2022-06-17T00:25:00+02:00,0.96612,0.96620,0.96611,0.96616,37
SQ:USDCHF,2022-06-17T00:26:00+02:00,0.96616,0.96617,0.96612,0.96617,14
SQ:USDCHF,2022-06-17T00:27:00+02:00,0.96617,0.96618,0.96609,0.96610,19
SQ:USDCHF,2022-06-17T00:28:00+02:00,0.96610,0.96610,0.96608,0.96609,5
SQ:USDCHF,2022-06-17T00:29:00+02:00,0.96609,0.96628,0.96608,0.96627,65
SQ:USDCHF,2022-06-17T00:30:00+02:00,0.96626,0.96626,0.96614,0.96619,97
SQ:USDCHF,2022-06-17T00:31:00+02:00,0.96618,0.96626,0.96616,0.96619,33
SQ:USDCHF,2022-06-17T00:32:00+02:00,0.96617,0.96623,0.96616,0.96617,33
SQ:USDCHF,2022-06-17T00:33:00+02:00,0.96617,0.96622,0.96615,0.96619,36
SQ:USDCHF,2022-06-17T00:34:00+02:00,0.96619,0.96634,0.96618,0.96634,20
SQ:USDCHF,2022-06-17T00:35:00+02:00,0.96634,0.96648,0.96634,0.96648,27
SQ:USDCHF,2022-06-17T00:36:00+02:00,0.96643,0.96655,0.96642,0.96652,25
SQ:USDCHF,2022-06-17T00:37:00+02:00,0.96652,0.96652,0.96651,0.96652,5
SQ:USDCHF,2022-06-17T00:38:00+02:00,0.96651,0.96664,0.96651,0.96662,26
SQ:USDCHF,2022-06-17T00:39:00+02:00,0.96662,0.96667,0.96662,0.96667,6
SQ:USDCHF,2022-06-17T00:40:00+02:00,0.96668,0.96685,0.96666,0.96666,27
SQ:USDCHF,2022-06-17T00:41:00+02:00,0.96666,0.96667,0.96659,0.96667,13
SQ:USDCHF,2022-06-17T00:42:00+02:00,0.96666,0.96678,0.96665,0.96677,13
SQ:USDCHF,2022-06-17T00:43:00+02:00,0.96677,0.96687,0.96675,0.96681,19
SQ:USDCHF,2022-06-17T00:44:00+02:00,0.96680,0.96686,0.96679,0.96686,14
SQ:USDCHF,2022-06-17T00:45:00+02:00,0.96686,0.96688,0.96682,0.96686,9
SQ:USDCHF,2022-06-17T00:46:00+02:00,0.96685,0.96687,0.96685,0.96687,5
SQ:USDCHF,2022-06-17T00:47:00+02:00,0.96687,0.96701,0.96687,0.96695,11
SQ:USDCHF,2022-06-17T00:48:00+02:00,0.96694,0.96696,0.96691,0.96696,7
SQ:USDCHF,2022-06-17T00:49:00+02:00,0.96696,0.96696,0.96694,0.96694,2
SQ:USDCHF,2022-06-17T00:50:00+02:00,0.96694,0.96703,0.96681,0.96702,18
SQ:USDCHF,2022-06-17T00:51:00+02:00,0.96702,0.96702,0.96691,0.96692,15
SQ:USDCHF,2022-06-17T00:52:00+02:00,0.96692,0.96705,0.96692,0.96698,17
SQ:USDCHF,2022-06-17T00:53:00+02:00,0.96699,0.96699,0.96696,0.96697,5
SQ:USDCHF,2022-06-17T00:54:00+02:00,0.96698,0.96700,0.96695,0.96698,14
SQ:USDCHF,2022-06-17T00:55:00+02:00,0.96699,0.96700,0.96695,0.96700,11
SQ:USDCHF,2022-06-17T00:56:00+02:00,0.96699,0.96709,0.96699,0.96706,90
SQ:USDCHF,2022-06-17T00:57:00+02:00,0.96705,0.96706,0.96696,0.96696,82
SQ:USDCHF,2022-06-17T00:58:00+02:00,0.96696,0.96706,0.96691,0.96705,82
SQ:USDCHF,2022-06-17T00:59:00+02:00,0.96706,0.96706,0.96688,0.96690,17
SQ:USDCHF,2022-06-17T01:00:00+02:00,0.96694,0.96702,0.96691,0.96694,40
SQ:USDCHF,2022-06-17T01:01:00+02:00,0.96694,0.96696,0.96692,0.96695,110
SQ:USDCHF,2022-06-17T01:02:00+02:00,0.96695,0.96696,0.96678,0.96688,80
SQ:USDCHF,2022-06-17T01:03:00+02:00,0.96688,0.96689,0.96681,0.96685,50
SQ:USDCHF,2022-06-17T01:04:00+02:00,0.96685,0.96685,0.96654,0.96658,69
SQ:USDCHF,2022-06-17T01:05:00+02:00,0.96654,0.96659,0.96651,0.96653,40
SQ:USDCHF,2022-06-17T01:06:00+02:00,0.96653,0.96671,0.96653,0.96660,75
SQ:USDCHF,2022-06-17T01:07:00+02:00,0.96660,0.96673,0.96660,0.96671,30
SQ:USDCHF,2022-06-17T01:08:00+02:00,0.96671,0.96677,0.96662,0.96664,50
SQ:USDCHF,2022-06-17T01:09:00+02:00,0.96663,0.96665,0.96655,0.96655,53
SQ:USDCHF,2022-06-17T01:10:00+02:00,0.96655,0.96655,0.96646,0.96650,39
SQ:USDCHF,2022-06-17T01:11:00+02:00,0.96650,0.96676,0.96650,0.96662,57
SQ:USDCHF,2022-06-17T01:12:00+02:00,0.96662,0.96675,0.96655,0.96657,33
SQ:USDCHF,2022-06-17T01:13:00+02:00,0.96658,0.96665,0.96657,0.96662,31
SQ:USDCHF,2022-06-17T01:14:00+02:00,0.96663,0.96672,0.96656,0.96668,25
SQ:USDCHF,2022-06-17T01:15:00+02:00,0.96667,0.96676,0.96654,0.96670,58
SQ:USDCHF,2022-06-17T01:16:00+02:00,0.96669,0.96673,0.96665,0.96671,10
SQ:USDCHF,2022-06-17T01:17:00+02:00,0.96670,0.96672,0.96662,0.96669,31
SQ:USDCHF,2022-06-17T01:18:00+02:00,0.96669,0.96670,0.96664,0.96665,36
SQ:USDCHF,2022-06-17T01:19:00+02:00,0.96666,0.96674,0.96663,0.96672,19
SQ:USDCHF,2022-06-17T01:20:00+02:00,0.96674,0.96685,0.96664,0.96683,56
SQ:USDCHF,2022-06-17T01:21:00+02:00,0.96684,0.96684,0.96675,0.96678,74
SQ:USDCHF,2022-06-17T01:22:00+02:00,0.96677,0.96696,0.96675,0.96693,44
SQ:USDCHF,2022-06-17T01:23:00+02:00,0.96693,0.96704,0.96688,0.96699,60
SQ:USDCHF,2022-06-17T01:24:00+02:00,0.96699,0.96703,0.96698,0.96703,44
SQ:USDCHF,2022-06-17T01:25:00+02:00,0.96702,0.96716,0.96700,0.96715,61
SQ:USDCHF,2022-06-17T01:26:00+02:00,0.96715,0.96716,0.96703,0.96705,64
SQ:USDCHF,2022-06-17T01:27:00+02:00,0.96705,0.96705,0.96696,0.96696,52
SQ:USDCHF,2022-06-17T01:28:00+02:00,0.96697,0.96697,0.96691,0.96692,91
SQ:USDCHF,2022-06-17T01:29:00+02:00,0.96693,0.96694,0.96688,0.96688,152
SQ:USDCHF,2022-06-17T01:30:00+02:00,0.96689,0.96689,0.96665,0.96665,72
SQ:USDCHF,2022-06-17T01:31:00+02:00,0.96663,0.96666,0.96660,0.96665,54
SQ:USDCHF,2022-06-17T01:32:00+02:00,0.96665,0.96665,0.96660,0.96660,20
SQ:USDCHF,2022-06-17T01:33:00+02:00,0.96660,0.96685,0.96660,0.96670,107
SQ:USDCHF,2022-06-17T01:34:00+02:00,0.96670,0.96670,0.96657,0.96658,6
SQ:USDCHF,2022-06-17T01:35:00+02:00,0.96657,0.96664,0.96652,0.96663,26
SQ:USDCHF,2022-06-17T01:36:00+02:00,0.96665,0.96676,0.96665,0.96665,28
SQ:USDCHF,2022-06-17T01:37:00+02:00,0.96666,0.96666,0.96652,0.96656,48
SQ:USDCHF,2022-06-17T01:38:00+02:00,0.96656,0.96658,0.96650,0.96657,35
SQ:USDCHF,2022-06-17T01:39:00+02:00,0.96657,0.96673,0.96656,0.96665,61
SQ:USDCHF,2022-06-17T01:40:00+02:00,0.96666,0.96669,0.96663,0.96668,52
SQ:USDCHF,2022-06-17T01:41:00+02:00,0.96668,0.96684,0.96668,0.96680,71
SQ:USDCHF,2022-06-17T01:42:00+02:00,0.96681,0.96682,0.96669,0.96669,32
SQ:USDCHF,2022-06-17T01:43:00+02:00,0.96669,0.96669,0.96650,0.96651,69
SQ:USDCHF,2022-06-17T01:44:00+02:00,0.96651,0.96661,0.96651,0.96656,29
SQ:USDCHF,2022-06-17T01:45:00+02:00,0.96657,0.96663,0.96649,0.96655,33
SQ:USDCHF,2022-06-17T01:46:00+02:00,0.96654,0.96654,0.96643,0.96650,58
SQ:USDCHF,2022-06-17T01:47:00+02:00,0.96650,0.96652,0.96634,0.96642,70
SQ:USDCHF,2022-06-17T01:48:00+02:00,0.96643,0.96673,0.96642,0.96669,52
SQ:USDCHF,2022-06-17T01:49:00+02:00,0.96668,0.96671,0.96648,0.96659,69
SQ:USDCHF,2022-06-17T01:50:00+02:00,0.96659,0.96660,0.96646,0.96653,63
SQ:USDCHF,2022-06-17T01:51:00+02:00,0.96654,0.96654,0.96629,0.96639,123
SQ:USDCHF,2022-06-17T01:52:00+02:00,0.96640,0.96640,0.96625,0.96632,75
SQ:USDCHF,2022-06-17T01:53:00+02:00,0.96632,0.96650,0.96631,0.96650,97
SQ:USDCHF,2022-06-17T01:54:00+02:00,0.96650,0.96661,0.96639,0.96644,110
SQ:USDCHF,2022-06-17T01:55:00+02:00,0.96645,0.96648,0.96629,0.96644,59
SQ:USDCHF,2022-06-17T01:56:00+02:00,0.96646,0.96647,0.96635,0.96636,67
SQ:USDCHF,2022-06-17T01:57:00+02:00,0.96637,0.96647,0.96630,0.96640,112
SQ:USDCHF,2022-06-17T01:58:00+02:00,0.96643,0.96666,0.96632,0.96657,56
SQ:USDCHF,2022-06-17T01:59:00+02:00,0.96657,0.96673,0.96657,0.96669,49
SQ:USDCHF,2022-06-17T02:00:00+02:00,0.96668,0.96676,0.96656,0.96664,89
SQ:USDCHF,2022-06-17T02:01:00+02:00,0.96662,0.96707,0.96654,0.96706,131
SQ:USDCHF,2022-06-17T02:02:00+02:00,0.96706,0.96706,0.96688,0.96691,145
SQ:USDCHF,2022-06-17T02:03:00+02:00,0.96690,0.96693,0.96637,0.96637,188
SQ:USDCHF,2022-06-17T02:04:00+02:00,0.96636,0.96640,0.96608,0.96615,156
SQ:USDCHF,2022-06-17T02:05:00+02:00,0.96615,0.96622,0.96602,0.96603,172
SQ:USDCHF,2022-06-17T02:06:00+02:00,0.96606,0.96616,0.96603,0.96604,158
SQ:USDCHF,2022-06-17T02:07:00+02:00,0.96604,0.96638,0.96603,0.96623,120
SQ:USDCHF,2022-06-17T02:08:00+02:00,0.96623,0.96636,0.96615,0.96627,116
SQ:USDCHF,2022-06-17T02:09:00+02:00,0.96627,0.96677,0.96626,0.96676,151
SQ:USDCHF,2022-06-17T02:10:00+02:00,0.96676,0.96690,0.96667,0.96687,197
SQ:USDCHF,2022-06-17T02:11:00+02:00,0.96688,0.96695,0.96684,0.96691,189
SQ:USDCHF,2022-06-17T02:12:00+02:00,0.96691,0.96704,0.96685,0.96690,185
SQ:USDCHF,2022-06-17T02:13:00+02:00,0.96691,0.96761,0.96685,0.96758,373
SQ:USDCHF,2022-06-17T02:14:00+02:00,0.96757,0.96764,0.96738,0.96743,269
SQ:USDCHF,2022-06-17T02:15:00+02:00,0.96742,0.96744,0.96723,0.96724,172
SQ:USDCHF,2022-06-17T02:16:00+02:00,0.96725,0.96732,0.96712,0.96712,137
SQ:USDCHF,2022-06-17T02:17:00+02:00,0.96713,0.96719,0.96699,0.96710,130
SQ:USDCHF,2022-06-17T02:18:00+02:00,0.96711,0.96711,0.96702,0.96711,87
SQ:USDCHF,2022-06-17T02:19:00+02:00,0.96711,0.96711,0.96692,0.96707,121
SQ:USDCHF,2022-06-17T02:20:00+02:00,0.96707,0.96728,0.96705,0.96725,117
SQ:USDCHF,2022-06-17T02:21:00+02:00,0.96725,0.96726,0.96714,0.96724,87
SQ:USDCHF,2022-06-17T02:22:00+02:00,0.96724,0.96732,0.96716,0.96721,157
SQ:USDCHF,2022-06-17T02:23:00+02:00,0.96721,0.96721,0.96713,0.96721,126
SQ:USDCHF,2022-06-17T02:24:00+02:00,0.96721,0.96721,0.96695,0.96695,125
SQ:USDCHF,2022-06-17T02:25:00+02:00,0.96695,0.96706,0.96695,0.96703,100
SQ:USDCHF,2022-06-17T02:26:00+02:00,0.96703,0.96727,0.96701,0.96716,146
SQ:USDCHF,2022-06-17T02:27:00+02:00,0.96715,0.96715,0.96691,0.96694,61
SQ:USDCHF,2022-06-17T02:28:00+02:00,0.96695,0.96706,0.96694,0.96704,120
SQ:USDCHF,2022-06-17T02:29:00+02:00,0.96705,0.96727,0.96704,0.96717,246
SQ:USDCHF,2022-06-17T02:30:00+02:00,0.96719,0.96728,0.96712,0.96728,141
SQ:USDCHF,2022-06-17T02:31:00+02:00,0.96728,0.96745,0.96724,0.96745,58
SQ:USDCHF,2022-06-17T02:32:00+02:00,0.96746,0.96787,0.96744,0.96784,169
SQ:USDCHF,2022-06-17T02:33:00+02:00,0.96784,0.96788,0.96756,0.96763,229
SQ:USDCHF,2022-06-17T02:34:00+02:00,0.96763,0.96788,0.96762,0.96785,192
SQ:USDCHF,2022-06-17T02:35:00+02:00,0.96785,0.96786,0.96767,0.96769,253
SQ:USDCHF,2022-06-17T02:36:00+02:00,0.96769,0.96772,0.96755,0.96758,169
SQ:USDCHF,2022-06-17T02:37:00+02:00,0.96758,0.96808,0.96758,0.96795,255
SQ:USDCHF,2022-06-17T02:38:00+02:00,0.96794,0.96798,0.96787,0.96792,212
SQ:USDCHF,2022-06-17T02:39:00+02:00,0.96791,0.96794,0.96761,0.96768,246
SQ:USDCHF,2022-06-17T02:40:00+02:00,0.96768,0.96781,0.96761,0.96765,191
SQ:USDCHF,2022-06-17T02:41:00+02:00,0.96764,0.96767,0.96743,0.96743,115
SQ:USDCHF,2022-06-17T02:42:00+02:00,0.96744,0.96760,0.96743,0.96752,195
SQ:USDCHF,2022-06-17T02:43:00+02:00,0.96752,0.96779,0.96752,0.96777,174
SQ:USDCHF,2022-06-17T02:44:00+02:00,0.96777,0.96789,0.96769,0.96775,206
SQ:USDCHF,2022-06-17T02:45:00+02:00,0.96775,0.96775,0.96746,0.96748,214
SQ:USDCHF,2022-06-17T02:46:00+02:00,0.96749,0.96768,0.96747,0.96768,244
SQ:USDCHF,2022-06-17T02:47:00+02:00,0.96769,0.96788,0.96766,0.96784,261
SQ:USDCHF,2022-06-17T02:48:00+02:00,0.96784,0.96793,0.96772,0.96782,121
SQ:USDCHF,2022-06-17T02:49:00+02:00,0.96783,0.96795,0.96782,0.96791,206
SQ:USDCHF,2022-06-17T02:50:00+02:00,0.96791,0.96796,0.96782,0.96787,165
SQ:USDCHF,2022-06-17T02:51:00+02:00,0.96788,0.96793,0.96786,0.96790,133
SQ:USDCHF,2022-06-17T02:52:00+02:00,0.96790,0.96791,0.96773,0.96778,90
SQ:USDCHF,2022-06-17T02:53:00+02:00,0.96777,0.96816,0.96777,0.96798,178
SQ:USDCHF,2022-06-17T02:54:00+02:00,0.96797,0.96824,0.96787,0.96824,268
SQ:USDCHF,2022-06-17T02:55:00+02:00,0.96843,0.96850,0.96817,0.96842,255
SQ:USDCHF,2022-06-17T02:56:00+02:00,0.96841,0.96847,0.96820,0.96820,116
SQ:USDCHF,2022-06-17T02:57:00+02:00,0.96820,0.96833,0.96809,0.96830,59
SQ:USDCHF,2022-06-17T02:58:00+02:00,0.96830,0.96855,0.96830,0.96848,83
SQ:USDCHF,2022-06-17T02:59:00+02:00,0.96848,0.96850,0.96823,0.96823,84
SQ:USDCHF,2022-06-17T03:00:00+02:00,0.96823,0.96823,0.96794,0.96810,111
SQ:USDCHF,2022-06-17T03:01:00+02:00,0.96810,0.96819,0.96799,0.96809,79
SQ:USDCHF,2022-06-17T03:02:00+02:00,0.96809,0.96823,0.96798,0.96823,52
SQ:USDCHF,2022-06-17T03:03:00+02:00,0.96823,0.96847,0.96817,0.96840,71
SQ:USDCHF,2022-06-17T03:04:00+02:00,0.96840,0.96843,0.96828,0.96840,32
SQ:USDCHF,2022-06-17T03:05:00+02:00,0.96840,0.96840,0.96816,0.96825,50
SQ:USDCHF,2022-06-17T03:06:00+02:00,0.96824,0.96828,0.96815,0.96827,40
SQ:USDCHF,2022-06-17T03:07:00+02:00,0.96827,0.96831,0.96820,0.96830,69
SQ:USDCHF,2022-06-17T03:08:00+02:00,0.96830,0.96847,0.96830,0.96845,102
SQ:USDCHF,2022-06-17T03:09:00+02:00,0.96845,0.96861,0.96844,0.96848,110
SQ:USDCHF,2022-06-17T03:10:00+02:00,0.96849,0.96868,0.96837,0.96867,102
SQ:USDCHF,2022-06-17T03:11:00+02:00,0.96869,0.96927,0.96857,0.96907,110
SQ:USDCHF,2022-06-17T03:12:00+02:00,0.96906,0.96924,0.96905,0.96922,114
SQ:USDCHF,2022-06-17T03:13:00+02:00,0.96922,0.96922,0.96895,0.96896,93
SQ:USDCHF,2022-06-17T03:14:00+02:00,0.96895,0.96901,0.96888,0.96897,79
SQ:USDCHF,2022-06-17T03:15:00+02:00,0.96897,0.96897,0.96878,0.96885,55
SQ:USDCHF,2022-06-17T03:16:00+02:00,0.96885,0.96894,0.96873,0.96874,28
SQ:USDCHF,2022-06-17T03:17:00+02:00,0.96873,0.96876,0.96853,0.96859,41
SQ:USDCHF,2022-06-17T03:18:00+02:00,0.96860,0.96879,0.96847,0.96878,60
SQ:USDCHF,2022-06-17T03:19:00+02:00,0.96878,0.96900,0.96872,0.96883,49
SQ:USDCHF,2022-06-17T03:20:00+02:00,0.96882,0.96882,0.96853,0.96854,47
SQ:USDCHF,2022-06-17T03:21:00+02:00,0.96854,0.96854,0.96821,0.96830,77
SQ:USDCHF,2022-06-17T03:22:00+02:00,0.96830,0.96830,0.96793,0.96810,41
SQ:USDCHF,2022-06-17T03:23:00+02:00,0.96811,0.96834,0.96802,0.96825,49
SQ:USDCHF,2022-06-17T03:24:00+02:00,0.96825,0.96830,0.96809,0.96819,41
SQ:USDCHF,2022-06-17T03:25:00+02:00,0.96820,0.96822,0.96798,0.96800,48
SQ:USDCHF,2022-06-17T03:26:00+02:00,0.96800,0.96826,0.96796,0.96822,48
SQ:USDCHF,2022-06-17T03:27:00+02:00,0.96819,0.96829,0.96811,0.96821,50
SQ:USDCHF,2022-06-17T03:28:00+02:00,0.96821,0.96822,0.96807,0.96815,48
SQ:USDCHF,2022-06-17T03:29:00+02:00,0.96812,0.96815,0.96799,0.96813,36
SQ:USDCHF,2022-06-17T03:30:00+02:00,0.96812,0.96816,0.96796,0.96811,64
SQ:USDCHF,2022-06-17T03:31:00+02:00,0.96810,0.96848,0.96809,0.96845,109
SQ:USDCHF,2022-06-17T03:32:00+02:00,0.96847,0.96862,0.96841,0.96846,78
SQ:USDCHF,2022-06-17T03:33:00+02:00,0.96847,0.96860,0.96828,0.96828,110
SQ:USDCHF,2022-06-17T03:34:00+02:00,0.96828,0.96841,0.96818,0.96837,102
SQ:USDCHF,2022-06-17T03:35:00+02:00,0.96837,0.96845,0.96819,0.96844,120
SQ:USDCHF,2022-06-17T03:36:00+02:00,0.96844,0.96868,0.96842,0.96868,133
SQ:USDCHF,2022-06-17T03:37:00+02:00,0.96868,0.96884,0.96861,0.96876,107
SQ:USDCHF,2022-06-17T03:38:00+02:00,0.96877,0.96882,0.96867,0.96872,81
SQ:USDCHF,2022-06-17T03:39:00+02:00,0.96870,0.96893,0.96869,0.96882,99
SQ:USDCHF,2022-06-17T03:40:00+02:00,0.96881,0.96899,0.96878,0.96893,90
SQ:USDCHF,2022-06-17T03:41:00+02:00,0.96894,0.96898,0.96872,0.96873,84
SQ:USDCHF,2022-06-17T03:42:00+02:00,0.96874,0.96874,0.96847,0.96848,109
SQ:USDCHF,2022-06-17T03:43:00+02:00,0.96847,0.96865,0.96841,0.96849,76
SQ:USDCHF,2022-06-17T03:44:00+02:00,0.96849,0.96860,0.96840,0.96843,50
SQ:USDCHF,2022-06-17T03:45:00+02:00,0.96842,0.96861,0.96836,0.96857,99
SQ:USDCHF,2022-06-17T03:46:00+02:00,0.96857,0.96861,0.96842,0.96850,78
SQ:USDCHF,2022-06-17T03:47:00+02:00,0.96853,0.96875,0.96853,0.96857,78
SQ:USDCHF,2022-06-17T03:48:00+02:00,0.96856,0.96861,0.96846,0.96855,55
SQ:USDCHF,2022-06-17T03:49:00+02:00,0.96855,0.96864,0.96854,0.96854,49
SQ:USDCHF,2022-06-17T03:50:00+02:00,0.96854,0.96859,0.96841,0.96848,72
SQ:USDCHF,2022-06-17T03:51:00+02:00,0.96848,0.96869,0.96843,0.96864,38
SQ:USDCHF,2022-06-17T03:52:00+02:00,0.96863,0.96867,0.96846,0.96851,76
SQ:USDCHF,2022-06-17T03:53:00+02:00,0.96851,0.96853,0.96824,0.96833,83
SQ:USDCHF,2022-06-17T03:54:00+02:00,0.96835,0.96846,0.96829,0.96842,76
SQ:USDCHF,2022-06-17T03:55:00+02:00,0.96841,0.96854,0.96838,0.96852,32
SQ:USDCHF,2022-06-17T03:56:00+02:00,0.96852,0.96879,0.96851,0.96873,58
SQ:USDCHF,2022-06-17T03:57:00+02:00,0.96873,0.96874,0.96855,0.96855,57
SQ:USDCHF,2022-06-17T03:58:00+02:00,0.96855,0.96883,0.96852,0.96882,85
SQ:USDCHF,2022-06-17T03:59:00+02:00,0.96881,0.96892,0.96873,0.96882,75
SQ:USDCHF,2022-06-17T04:00:00+02:00,0.96883,0.96883,0.96872,0.96883,58
SQ:USDCHF,2022-06-17T04:01:00+02:00,0.96882,0.96892,0.96874,0.96888,82
SQ:USDCHF,2022-06-17T04:02:00+02:00,0.96887,0.96896,0.96875,0.96894,68
SQ:USDCHF,2022-06-17T04:03:00+02:00,0.96894,0.96912,0.96890,0.96897,61
SQ:USDCHF,2022-06-17T04:04:00+02:00,0.96897,0.96904,0.96881,0.96889,72
SQ:USDCHF,2022-06-17T04:05:00+02:00,0.96890,0.96927,0.96889,0.96927,52
SQ:USDCHF,2022-06-17T04:06:00+02:00,0.96926,0.96926,0.96914,0.96919,79
SQ:USDCHF,2022-06-17T04:07:00+02:00,0.96919,0.96925,0.96915,0.96916,43
SQ:USDCHF,2022-06-17T04:08:00+02:00,0.96915,0.96926,0.96915,0.96920,63
SQ:USDCHF,2022-06-17T04:09:00+02:00,0.96920,0.96922,0.96913,0.96916,35
SQ:USDCHF,2022-06-17T04:10:00+02:00,0.96916,0.96916,0.96892,0.96895,49
SQ:USDCHF,2022-06-17T04:11:00+02:00,0.96893,0.96905,0.96893,0.96905,23
SQ:USDCHF,2022-06-17T04:12:00+02:00,0.96906,0.96906,0.96884,0.96884,47
SQ:USDCHF,2022-06-17T04:13:00+02:00,0.96884,0.96891,0.96882,0.96888,67
SQ:USDCHF,2022-06-17T04:14:00+02:00,0.96888,0.96900,0.96886,0.96894,44
SQ:USDCHF,2022-06-17T04:15:00+02:00,0.96893,0.96900,0.96892,0.96900,39
SQ:USDCHF,2022-06-17T04:16:00+02:00,0.96900,0.96904,0.96897,0.96903,26
SQ:USDCHF,2022-06-17T04:17:00+02:00,0.96903,0.96903,0.96882,0.96885,38
SQ:USDCHF,2022-06-17T04:18:00+02:00,0.96888,0.96902,0.96888,0.96900,27
SQ:USDCHF,2022-06-17T04:19:00+02:00,0.96900,0.96901,0.96883,0.96883,34
SQ:USDCHF,2022-06-17T04:20:00+02:00,0.96884,0.96884,0.96868,0.96881,41
SQ:USDCHF,2022-06-17T04:21:00+02:00,0.96881,0.96888,0.96876,0.96888,29
SQ:USDCHF,2022-06-17T04:22:00+02:00,0.96887,0.96900,0.96878,0.96899,42
SQ:USDCHF,2022-06-17T04:23:00+02:00,0.96898,0.96903,0.96896,0.96899,33
SQ:USDCHF,2022-06-17T04:24:00+02:00,0.96900,0.96903,0.96898,0.96901,26
SQ:USDCHF,2022-06-17T04:25:00+02:00,0.96901,0.96914,0.96901,0.96912,58
SQ:USDCHF,2022-06-17T04:26:00+02:00,0.96914,0.96920,0.96904,0.96907,50
SQ:USDCHF,2022-06-17T04:27:00+02:00,0.96908,0.96926,0.96907,0.96922,42
SQ:USDCHF,2022-06-17T04:28:00+02:00,0.96922,0.96934,0.96919,0.96933,53
SQ:USDCHF,2022-06-17T04:29:00+02:00,0.96935,0.96935,0.96914,0.96917,42
SQ:USDCHF,2022-06-17T04:30:00+02:00,0.96916,0.96921,0.96908,0.96908,50
SQ:USDCHF,2022-06-17T04:31:00+02:00,0.96909,0.96911,0.96899,0.96900,45
SQ:USDCHF,2022-06-17T04:32:00+02:00,0.96900,0.96919,0.96897,0.96919,41
SQ:USDCHF,2022-06-17T04:33:00+02:00,0.96917,0.96934,0.96916,0.96933,63
SQ:USDCHF,2022-06-17T04:34:00+02:00,0.96933,0.96939,0.96914,0.96914,99
SQ:USDCHF,2022-06-17T04:35:00+02:00,0.96914,0.96926,0.96907,0.96924,68
SQ:USDCHF,2022-06-17T04:36:00+02:00,0.96924,0.96939,0.96924,0.96939,91
SQ:USDCHF,2022-06-17T04:37:00+02:00,0.96939,0.96950,0.96936,0.96942,55
SQ:USDCHF,2022-06-17T04:38:00+02:00,0.96942,0.96952,0.96931,0.96947,70
SQ:USDCHF,2022-06-17T04:39:00+02:00,0.96947,0.96965,0.96941,0.96962,90
SQ:USDCHF,2022-06-17T04:40:00+02:00,0.96964,0.97005,0.96956,0.96959,103
SQ:USDCHF,2022-06-17T04:41:00+02:00,0.96956,0.96971,0.96941,0.96970,75
SQ:USDCHF,2022-06-17T04:42:00+02:00,0.96970,0.96983,0.96956,0.96958,69
SQ:USDCHF,2022-06-17T04:43:00+02:00,0.96959,0.97097,0.96958,0.97074,434
SQ:USDCHF,2022-06-17T04:44:00+02:00,0.97074,0.97082,0.96949,0.96959,318
SQ:USDCHF,2022-06-17T04:45:00+02:00,0.96959,0.96991,0.96929,0.96942,262
SQ:USDCHF,2022-06-17T04:46:00+02:00,0.96941,0.97003,0.96930,0.96987,166
SQ:USDCHF,2022-06-17T04:47:00+02:00,0.96981,0.97044,0.96981,0.96999,227
SQ:USDCHF,2022-06-17T04:48:00+02:00,0.97002,0.97052,0.97001,0.97027,174
SQ:USDCHF,2022-06-17T04:49:00+02:00,0.97019,0.97032,0.96960,0.96979,201
SQ:USDCHF,2022-06-17T04:50:00+02:00,0.96978,0.97005,0.96974,0.96977,125
SQ:USDCHF,2022-06-17T04:51:00+02:00,0.96977,0.97001,0.96972,0.96988,134
SQ:USDCHF,2022-06-17T04:52:00+02:00,0.96988,0.96990,0.96968,0.96975,151
SQ:USDCHF,2022-06-17T04:53:00+02:00,0.96976,0.96992,0.96972,0.96991,106
SQ:USDCHF,2022-06-17T04:54:00+02:00,0.96991,0.96998,0.96978,0.96980,79
SQ:USDCHF,2022-06-17T04:55:00+02:00,0.96980,0.97009,0.96975,0.96992,134
SQ:USDCHF,2022-06-17T04:56:00+02:00,0.96992,0.96994,0.96907,0.96909,302
SQ:USDCHF,2022-06-17T04:57:00+02:00,0.96908,0.96908,0.96786,0.96827,393
SQ:USDCHF,2022-06-17T04:58:00+02:00,0.96822,0.96884,0.96794,0.96878,244
SQ:USDCHF,2022-06-17T04:59:00+02:00,0.96875,0.96944,0.96857,0.96857,290
SQ:USDCHF,2022-06-17T05:00:00+02:00,0.96857,0.96889,0.96849,0.96888,183
SQ:USDCHF,2022-06-17T05:01:00+02:00,0.96888,0.96896,0.96875,0.96893,121
SQ:USDCHF,2022-06-17T05:02:00+02:00,0.96891,0.96906,0.96884,0.96884,137
SQ:USDCHF,2022-06-17T05:03:00+02:00,0.96885,0.96921,0.96883,0.96901,72
SQ:USDCHF,2022-06-17T05:04:00+02:00,0.96901,0.96933,0.96897,0.96927,86
SQ:USDCHF,2022-06-17T05:05:00+02:00,0.96925,0.96949,0.96919,0.96928,161
SQ:USDCHF,2022-06-17T05:06:00+02:00,0.96929,0.96944,0.96909,0.96909,115
SQ:USDCHF,2022-06-17T05:07:00+02:00,0.96904,0.96922,0.96904,0.96909,72
SQ:USDCHF,2022-06-17T05:08:00+02:00,0.96910,0.96911,0.96883,0.96885,99
SQ:USDCHF,2022-06-17T05:09:00+02:00,0.96884,0.96885,0.96848,0.96860,152
SQ:USDCHF,2022-06-17T05:10:00+02:00,0.96860,0.96862,0.96845,0.96850,108
SQ:USDCHF,2022-06-17T05:11:00+02:00,0.96850,0.96861,0.96827,0.96830,98
SQ:USDCHF,2022-06-17T05:12:00+02:00,0.96831,0.96847,0.96823,0.96841,76
SQ:USDCHF,2022-06-17T05:13:00+02:00,0.96842,0.96843,0.96818,0.96824,126
SQ:USDCHF,2022-06-17T05:14:00+02:00,0.96825,0.96837,0.96811,0.96812,92
SQ:USDCHF,2022-06-17T05:15:00+02:00,0.96810,0.96827,0.96808,0.96816,102
SQ:USDCHF,2022-06-17T05:16:00+02:00,0.96816,0.96831,0.96798,0.96799,95
SQ:USDCHF,2022-06-17T05:17:00+02:00,0.96799,0.96817,0.96796,0.96812,103
SQ:USDCHF,2022-06-17T05:18:00+02:00,0.96812,0.96828,0.96811,0.96827,74
SQ:USDCHF,2022-06-17T05:19:00+02:00,0.96826,0.96832,0.96809,0.96829,75
SQ:USDCHF,2022-06-17T05:20:00+02:00,0.96830,0.96860,0.96825,0.96858,139
SQ:USDCHF,2022-06-17T05:21:00+02:00,0.96857,0.96892,0.96855,0.96891,99
SQ:USDCHF,2022-06-17T05:22:00+02:00,0.96891,0.96899,0.96883,0.96889,75
SQ:USDCHF,2022-06-17T05:23:00+02:00,0.96890,0.96904,0.96878,0.96903,123
SQ:USDCHF,2022-06-17T05:24:00+02:00,0.96904,0.96905,0.96890,0.96895,75
SQ:USDCHF,2022-06-17T05:25:00+02:00,0.96895,0.96896,0.96883,0.96890,93
SQ:USDCHF,2022-06-17T05:26:00+02:00,0.96889,0.96898,0.96884,0.96884,111
SQ:USDCHF,2022-06-17T05:27:00+02:00,0.96885,0.96898,0.96883,0.96890,82
SQ:USDCHF,2022-06-17T05:28:00+02:00,0.96891,0.96898,0.96888,0.96893,95
SQ:USDCHF,2022-06-17T05:29:00+02:00,0.96893,0.96906,0.96892,0.96904,51
SQ:USDCHF,2022-06-17T05:30:00+02:00,0.96904,0.96905,0.96884,0.96893,101
SQ:USDCHF,2022-06-17T05:31:00+02:00,0.96894,0.96906,0.96889,0.96903,93
SQ:USDCHF,2022-06-17T05:32:00+02:00,0.96904,0.96940,0.96904,0.96935,107
SQ:USDCHF,2022-06-17T05:33:00+02:00,0.96935,0.96954,0.96928,0.96952,147
SQ:USDCHF,2022-06-17T05:34:00+02:00,0.96953,0.96988,0.96948,0.96986,119
SQ:USDCHF,2022-06-17T05:35:00+02:00,0.96986,0.96998,0.96977,0.96983,194
SQ:USDCHF,2022-06-17T05:36:00+02:00,0.96984,0.96995,0.96979,0.96994,169
SQ:USDCHF,2022-06-17T05:37:00+02:00,0.96994,0.97004,0.96981,0.96991,135
SQ:USDCHF,2022-06-17T05:38:00+02:00,0.96991,0.96997,0.96984,0.96990,98
SQ:USDCHF,2022-06-17T05:39:00+02:00,0.96990,0.97012,0.96984,0.97008,113
SQ:USDCHF,2022-06-17T05:40:00+02:00,0.97008,0.97018,0.96997,0.97003,105
SQ:USDCHF,2022-06-17T05:41:00+02:00,0.97003,0.97009,0.96995,0.97005,115
SQ:USDCHF,2022-06-17T05:42:00+02:00,0.97004,0.97024,0.96999,0.97024,98
SQ:USDCHF,2022-06-17T05:43:00+02:00,0.97024,0.97036,0.97019,0.97027,98
SQ:USDCHF,2022-06-17T05:44:00+02:00,0.97029,0.97032,0.97017,0.97017,56
SQ:USDCHF,2022-06-17T05:45:00+02:00,0.97018,0.97018,0.97009,0.97016,84
SQ:USDCHF,2022-06-17T05:46:00+02:00,0.97016,0.97038,0.97016,0.97034,56
SQ:USDCHF,2022-06-17T05:47:00+02:00,0.97034,0.97057,0.97033,0.97052,103
SQ:USDCHF,2022-06-17T05:48:00+02:00,0.97052,0.97064,0.97043,0.97047,131
SQ:USDCHF,2022-06-17T05:49:00+02:00,0.97048,0.97062,0.97044,0.97061,73
SQ:USDCHF,2022-06-17T05:50:00+02:00,0.97059,0.97060,0.97033,0.97042,96
SQ:USDCHF,2022-06-17T05:51:00+02:00,0.97043,0.97061,0.97043,0.97059,114
SQ:USDCHF,2022-06-17T05:52:00+02:00,0.97058,0.97074,0.97040,0.97050,136
SQ:USDCHF,2022-06-17T05:53:00+02:00,0.97051,0.97074,0.97050,0.97068,93
SQ:USDCHF,2022-06-17T05:54:00+02:00,0.97067,0.97076,0.97058,0.97067,106
SQ:USDCHF,2022-06-17T05:55:00+02:00,0.97067,0.97068,0.97049,0.97053,84
SQ:USDCHF,2022-06-17T05:56:00+02:00,0.97054,0.97069,0.97054,0.97067,93
SQ:USDCHF,2022-06-17T05:57:00+02:00,0.97068,0.97068,0.97048,0.97049,85
SQ:USDCHF,2022-06-17T05:58:00+02:00,0.97048,0.97057,0.97048,0.97055,57
SQ:USDCHF,2022-06-17T05:59:00+02:00,0.97055,0.97064,0.97051,0.97062,80
SQ:USDCHF,2022-06-17T06:00:00+02:00,0.97061,0.97062,0.97032,0.97034,69
SQ:USDCHF,2022-06-17T06:01:00+02:00,0.97034,0.97036,0.97015,0.97018,93
SQ:USDCHF,2022-06-17T06:02:00+02:00,0.97018,0.97022,0.97008,0.97009,61
SQ:USDCHF,2022-06-17T06:03:00+02:00,0.97009,0.97020,0.97007,0.97007,63
SQ:USDCHF,2022-06-17T06:04:00+02:00,0.97008,0.97015,0.97003,0.97009,68
SQ:USDCHF,2022-06-17T06:05:00+02:00,0.97008,0.97010,0.96993,0.96999,50
SQ:USDCHF,2022-06-17T06:06:00+02:00,0.97000,0.97000,0.96972,0.96972,93
SQ:USDCHF,2022-06-17T06:07:00+02:00,0.96972,0.96972,0.96963,0.96968,60
SQ:USDCHF,2022-06-17T06:08:00+02:00,0.96968,0.96968,0.96948,0.96949,62
SQ:USDCHF,2022-06-17T06:09:00+02:00,0.96950,0.96954,0.96948,0.96952,81
SQ:USDCHF,2022-06-17T06:10:00+02:00,0.96952,0.96952,0.96939,0.96942,110
SQ:USDCHF,2022-06-17T06:11:00+02:00,0.96941,0.96947,0.96921,0.96945,137
SQ:USDCHF,2022-06-17T06:12:00+02:00,0.96945,0.96950,0.96927,0.96933,105
SQ:USDCHF,2022-06-17T06:13:00+02:00,0.96933,0.96949,0.96933,0.96945,102
SQ:USDCHF,2022-06-17T06:14:00+02:00,0.96945,0.96951,0.96942,0.96946,96
SQ:USDCHF,2022-06-17T06:15:00+02:00,0.96948,0.96948,0.96932,0.96939,124
SQ:USDCHF,2022-06-17T06:16:00+02:00,0.96939,0.96949,0.96939,0.96947,78
SQ:USDCHF,2022-06-17T06:17:00+02:00,0.96946,0.96948,0.96923,0.96931,147
SQ:USDCHF,2022-06-17T06:18:00+02:00,0.96931,0.96933,0.96928,0.96932,112
SQ:USDCHF,2022-06-17T06:19:00+02:00,0.96933,0.96934,0.96915,0.96919,136
SQ:USDCHF,2022-06-17T06:20:00+02:00,0.96919,0.96935,0.96911,0.96930,112
SQ:USDCHF,2022-06-17T06:21:00+02:00,0.96931,0.96944,0.96931,0.96943,93
SQ:USDCHF,2022-06-17T06:22:00+02:00,0.96944,0.96962,0.96935,0.96959,113
SQ:USDCHF,2022-06-17T06:23:00+02:00,0.96959,0.96967,0.96951,0.96964,84
SQ:USDCHF,2022-06-17T06:24:00+02:00,0.96964,0.96966,0.96959,0.96961,72
SQ:USDCHF,2022-06-17T06:25:00+02:00,0.96961,0.96968,0.96959,0.96962,52
SQ:USDCHF,2022-06-17T06:26:00+02:00,0.96963,0.96968,0.96963,0.96968,48
SQ:USDCHF,2022-06-17T06:27:00+02:00,0.96967,0.96967,0.96948,0.96948,59
SQ:USDCHF,2022-06-17T06:28:00+02:00,0.96948,0.96950,0.96942,0.96943,46
SQ:USDCHF,2022-06-17T06:29:00+02:00,0.96944,0.96946,0.96928,0.96931,50
SQ:USDCHF,2022-06-17T06:30:00+02:00,0.96932,0.96936,0.96927,0.96931,50
SQ:USDCHF,2022-06-17T06:31:00+02:00,0.96932,0.96933,0.96925,0.96932,39
SQ:USDCHF,2022-06-17T06:32:00+02:00,0.96932,0.96934,0.96926,0.96927,26
SQ:USDCHF,2022-06-17T06:33:00+02:00,0.96927,0.96931,0.96910,0.96912,52
SQ:USDCHF,2022-06-17T06:34:00+02:00,0.96911,0.96921,0.96911,0.96913,59
SQ:USDCHF,2022-06-17T06:35:00+02:00,0.96913,0.96921,0.96912,0.96919,41
SQ:USDCHF,2022-06-17T06:36:00+02:00,0.96919,0.96923,0.96916,0.96920,15
SQ:USDCHF,2022-06-17T06:37:00+02:00,0.96919,0.96926,0.96916,0.96921,36
SQ:USDCHF,2022-06-17T06:38:00+02:00,0.96920,0.96922,0.96909,0.96917,60
SQ:USDCHF,2022-06-17T06:39:00+02:00,0.96917,0.96923,0.96913,0.96913,30
SQ:USDCHF,2022-06-17T06:40:00+02:00,0.96913,0.96922,0.96904,0.96917,50
SQ:USDCHF,2022-06-17T06:41:00+02:00,0.96918,0.96918,0.96905,0.96909,23
SQ:USDCHF,2022-06-17T06:42:00+02:00,0.96909,0.96914,0.96905,0.96910,22
SQ:USDCHF,2022-06-17T06:43:00+02:00,0.96909,0.96913,0.96893,0.96897,57
SQ:USDCHF,2022-06-17T06:44:00+02:00,0.96896,0.96901,0.96883,0.96899,80
SQ:USDCHF,2022-06-17T06:45:00+02:00,0.96898,0.96903,0.96888,0.96891,51
SQ:USDCHF,2022-06-17T06:46:00+02:00,0.96892,0.96899,0.96889,0.96890,30
SQ:USDCHF,2022-06-17T06:47:00+02:00,0.96890,0.96908,0.96890,0.96903,91
SQ:USDCHF,2022-06-17T06:48:00+02:00,0.96903,0.96910,0.96901,0.96906,91
SQ:USDCHF,2022-06-17T06:49:00+02:00,0.96907,0.96911,0.96905,0.96906,127
SQ:USDCHF,2022-06-17T06:50:00+02:00,0.96906,0.96920,0.96896,0.96912,85
SQ:USDCHF,2022-06-17T06:51:00+02:00,0.96912,0.96921,0.96912,0.96920,68
SQ:USDCHF,2022-06-17T06:52:00+02:00,0.96920,0.96921,0.96898,0.96903,107
SQ:USDCHF,2022-06-17T06:53:00+02:00,0.96903,0.96903,0.96894,0.96895,56
SQ:USDCHF,2022-06-17T06:54:00+02:00,0.96896,0.96903,0.96869,0.96873,43
SQ:USDCHF,2022-06-17T06:55:00+02:00,0.96873,0.96887,0.96871,0.96885,61
SQ:USDCHF,2022-06-17T06:56:00+02:00,0.96886,0.96886,0.96867,0.96879,69
SQ:USDCHF,2022-06-17T06:57:00+02:00,0.96879,0.96889,0.96876,0.96885,62
SQ:USDCHF,2022-06-17T06:58:00+02:00,0.96885,0.96887,0.96873,0.96877,81
SQ:USDCHF,2022-06-17T06:59:00+02:00,0.96877,0.96888,0.96875,0.96886,67
SQ:USDCHF,2022-06-17T07:00:00+02:00,0.96886,0.96892,0.96883,0.96887,55
SQ:USDCHF,2022-06-17T07:01:00+02:00,0.96887,0.96910,0.96886,0.96906,82
SQ:USDCHF,2022-06-17T07:02:00+02:00,0.96907,0.96908,0.96870,0.96872,96
SQ:USDCHF,2022-06-17T07:03:00+02:00,0.96871,0.96885,0.96868,0.96884,67
SQ:USDCHF,2022-06-17T07:04:00+02:00,0.96884,0.96903,0.96884,0.96900,93
SQ:USDCHF,2022-06-17T07:05:00+02:00,0.96901,0.96907,0.96892,0.96900,78
SQ:USDCHF,2022-06-17T07:06:00+02:00,0.96900,0.96921,0.96893,0.96906,83
SQ:USDCHF,2022-06-17T07:07:00+02:00,0.96906,0.96921,0.96905,0.96921,78
SQ:USDCHF,2022-06-17T07:08:00+02:00,0.96920,0.96926,0.96917,0.96918,62
SQ:USDCHF,2022-06-17T07:09:00+02:00,0.96917,0.96929,0.96917,0.96928,33
SQ:USDCHF,2022-06-17T07:10:00+02:00,0.96929,0.96929,0.96907,0.96913,39
SQ:USDCHF,2022-06-17T07:11:00+02:00,0.96913,0.96922,0.96913,0.96918,9
SQ:USDCHF,2022-06-17T07:12:00+02:00,0.96917,0.96930,0.96917,0.96928,14
SQ:USDCHF,2022-06-17T07:13:00+02:00,0.96928,0.96930,0.96914,0.96928,24
SQ:USDCHF,2022-06-17T07:14:00+02:00,0.96928,0.96930,0.96914,0.96917,34
SQ:USDCHF,2022-06-17T07:15:00+02:00,0.96917,0.96929,0.96917,0.96927,35
SQ:USDCHF,2022-06-17T07:16:00+02:00,0.96927,0.96938,0.96906,0.96918,68
SQ:USDCHF,2022-06-17T07:17:00+02:00,0.96918,0.96932,0.96916,0.96932,62
SQ:USDCHF,2022-06-17T07:18:00+02:00,0.96934,0.96937,0.96915,0.96918,46
SQ:USDCHF,2022-06-17T07:19:00+02:00,0.96918,0.96922,0.96909,0.96921,64
SQ:USDCHF,2022-06-17T07:20:00+02:00,0.96917,0.96917,0.96906,0.96917,50
SQ:USDCHF,2022-06-17T07:21:00+02:00,0.96917,0.96925,0.96904,0.96907,37
SQ:USDCHF,2022-06-17T07:22:00+02:00,0.96907,0.96913,0.96906,0.96907,16
SQ:USDCHF,2022-06-17T07:23:00+02:00,0.96907,0.96921,0.96907,0.96917,38
SQ:USDCHF,2022-06-17T07:24:00+02:00,0.96917,0.96921,0.96909,0.96917,75
SQ:USDCHF,2022-06-17T07:25:00+02:00,0.96916,0.96927,0.96909,0.96925,90
SQ:USDCHF,2022-06-17T07:26:00+02:00,0.96924,0.96930,0.96915,0.96926,54
SQ:USDCHF,2022-06-17T07:27:00+02:00,0.96925,0.96926,0.96916,0.96918,38
SQ:USDCHF,2022-06-17T07:28:00+02:00,0.96918,0.96933,0.96918,0.96931,30
SQ:USDCHF,2022-06-17T07:29:00+02:00,0.96931,0.96943,0.96931,0.96935,67
SQ:USDCHF,2022-06-17T07:30:00+02:00,0.96935,0.96962,0.96931,0.96962,93
SQ:USDCHF,2022-06-17T07:31:00+02:00,0.96962,0.96963,0.96950,0.96950,34
SQ:USDCHF,2022-06-17T07:32:00+02:00,0.96950,0.96951,0.96942,0.96946,52
SQ:USDCHF,2022-06-17T07:33:00+02:00,0.96946,0.96946,0.96930,0.96930,60
SQ:USDCHF,2022-06-17T07:34:00+02:00,0.96927,0.96929,0.96923,0.96923,22
SQ:USDCHF,2022-06-17T07:35:00+02:00,0.96922,0.96922,0.96900,0.96900,31
SQ:USDCHF,2022-06-17T07:36:00+02:00,0.96901,0.96910,0.96893,0.96909,38
SQ:USDCHF,2022-06-17T07:37:00+02:00,0.96909,0.96912,0.96905,0.96912,30
SQ:USDCHF,2022-06-17T07:38:00+02:00,0.96912,0.96919,0.96912,0.96916,16
SQ:USDCHF,2022-06-17T07:39:00+02:00,0.96916,0.96922,0.96912,0.96912,13
SQ:USDCHF,2022-06-17T07:40:00+02:00,0.96912,0.96912,0.96892,0.96893,33
SQ:USDCHF,2022-06-17T07:41:00+02:00,0.96893,0.96898,0.96879,0.96898,30
SQ:USDCHF,2022-06-17T07:42:00+02:00,0.96901,0.96901,0.96888,0.96890,27
SQ:USDCHF,2022-06-17T07:43:00+02:00,0.96890,0.96897,0.96882,0.96890,41
SQ:USDCHF,2022-06-17T07:44:00+02:00,0.96889,0.96899,0.96880,0.96897,49
SQ:USDCHF,2022-06-17T07:45:00+02:00,0.96897,0.96912,0.96893,0.96899,85
SQ:USDCHF,2022-06-17T07:46:00+02:00,0.96896,0.96915,0.96894,0.96912,50
SQ:USDCHF,2022-06-17T07:47:00+02:00,0.96913,0.96919,0.96907,0.96913,74
SQ:USDCHF,2022-06-17T07:48:00+02:00,0.96910,0.96910,0.96903,0.96906,40
SQ:USDCHF,2022-06-17T07:49:00+02:00,0.96906,0.96920,0.96897,0.96897,68
SQ:USDCHF,2022-06-17T07:50:00+02:00,0.96897,0.96901,0.96880,0.96887,36
SQ:USDCHF,2022-06-17T07:51:00+02:00,0.96887,0.96900,0.96885,0.96897,73
SQ:USDCHF,2022-06-17T07:52:00+02:00,0.96897,0.96904,0.96894,0.96894,53
SQ:USDCHF,2022-06-17T07:53:00+02:00,0.96894,0.96895,0.96864,0.96864,95
SQ:USDCHF,2022-06-17T07:54:00+02:00,0.96866,0.96876,0.96863,0.96872,86
SQ:USDCHF,2022-06-17T07:55:00+02:00,0.96873,0.96879,0.96865,0.96866,60
SQ:USDCHF,2022-06-17T07:56:00+02:00,0.96866,0.96886,0.96866,0.96882,75
SQ:USDCHF,2022-06-17T07:57:00+02:00,0.96883,0.96920,0.96883,0.96920,92
SQ:USDCHF,2022-06-17T07:58:00+02:00,0.96921,0.96936,0.96919,0.96936,94
SQ:USDCHF,2022-06-17T07:59:00+02:00,0.96937,0.96950,0.96937,0.96946,131
SQ:USDCHF,2022-06-17T08:00:00+02:00,0.96945,0.96956,0.96908,0.96908,168
SQ:USDCHF,2022-06-17T08:01:00+02:00,0.96908,0.96911,0.96882,0.96909,155
SQ:USDCHF,2022-06-17T08:02:00+02:00,0.96910,0.96914,0.96896,0.96899,142
SQ:USDCHF,2022-06-17T08:03:00+02:00,0.96901,0.96920,0.96893,0.96919,84
SQ:USDCHF,2022-06-17T08:04:00+02:00,0.96919,0.96926,0.96912,0.96924,75
SQ:USDCHF,2022-06-17T08:05:00+02:00,0.96924,0.96925,0.96911,0.96911,47
SQ:USDCHF,2022-06-17T08:06:00+02:00,0.96911,0.96912,0.96895,0.96895,57
SQ:USDCHF,2022-06-17T08:07:00+02:00,0.96895,0.96918,0.96880,0.96882,108
SQ:USDCHF,2022-06-17T08:08:00+02:00,0.96882,0.96898,0.96874,0.96877,55
SQ:USDCHF,2022-06-17T08:09:00+02:00,0.96877,0.96907,0.96877,0.96904,102
SQ:USDCHF,2022-06-17T08:10:00+02:00,0.96904,0.96931,0.96904,0.96929,98
SQ:USDCHF,2022-06-17T08:11:00+02:00,0.96929,0.96935,0.96911,0.96925,70
SQ:USDCHF,2022-06-17T08:12:00+02:00,0.96923,0.96936,0.96921,0.96924,63
SQ:USDCHF,2022-06-17T08:13:00+02:00,0.96925,0.96946,0.96925,0.96928,65
SQ:USDCHF,2022-06-17T08:14:00+02:00,0.96928,0.96928,0.96901,0.96903,74
SQ:USDCHF,2022-06-17T08:15:00+02:00,0.96903,0.96934,0.96903,0.96927,79
SQ:USDCHF,2022-06-17T08:16:00+02:00,0.96928,0.96936,0.96905,0.96910,99
SQ:USDCHF,2022-06-17T08:17:00+02:00,0.96908,0.96912,0.96893,0.96897,69
SQ:USDCHF,2022-06-17T08:18:00+02:00,0.96898,0.96937,0.96898,0.96934,64
SQ:USDCHF,2022-06-17T08:19:00+02:00,0.96933,0.96935,0.96874,0.96874,115
SQ:USDCHF,2022-06-17T08:20:00+02:00,0.96874,0.96894,0.96863,0.96894,79
SQ:USDCHF,2022-06-17T08:21:00+02:00,0.96894,0.96912,0.96891,0.96909,99
SQ:USDCHF,2022-06-17T08:22:00+02:00,0.96909,0.96922,0.96890,0.96911,121
SQ:USDCHF,2022-06-17T08:23:00+02:00,0.96910,0.96911,0.96889,0.96895,109
SQ:USDCHF,2022-06-17T08:24:00+02:00,0.96894,0.96913,0.96888,0.96906,48
SQ:USDCHF,2022-06-17T08:25:00+02:00,0.96908,0.96912,0.96890,0.96912,100
SQ:USDCHF,2022-06-17T08:26:00+02:00,0.96912,0.96939,0.96911,0.96914,88
SQ:USDCHF,2022-06-17T08:27:00+02:00,0.96915,0.96915,0.96864,0.96869,157
SQ:USDCHF,2022-06-17T08:28:00+02:00,0.96869,0.96891,0.96862,0.96891,114
SQ:USDCHF,2022-06-17T08:29:00+02:00,0.96891,0.96895,0.96877,0.96878,84
SQ:USDCHF,2022-06-17T08:30:00+02:00,0.96878,0.96878,0.96832,0.96852,121
SQ:USDCHF,2022-06-17T08:31:00+02:00,0.96852,0.96870,0.96852,0.96864,96
SQ:USDCHF,2022-06-17T08:32:00+02:00,0.96864,0.96873,0.96830,0.96830,110
SQ:USDCHF,2022-06-17T08:33:00+02:00,0.96832,0.96840,0.96797,0.96807,117
SQ:USDCHF,2022-06-17T08:34:00+02:00,0.96807,0.96823,0.96788,0.96816,142
SQ:USDCHF,2022-06-17T08:35:00+02:00,0.96817,0.96838,0.96797,0.96827,183
SQ:USDCHF,2022-06-17T08:36:00+02:00,0.96827,0.96853,0.96819,0.96850,223
SQ:USDCHF,2022-06-17T08:37:00+02:00,0.96852,0.96889,0.96832,0.96889,149
SQ:USDCHF,2022-06-17T08:38:00+02:00,0.96891,0.96933,0.96888,0.96907,199
SQ:USDCHF,2022-06-17T08:39:00+02:00,0.96907,0.96912,0.96795,0.96796,270
SQ:USDCHF,2022-06-17T08:40:00+02:00,0.96797,0.96840,0.96781,0.96819,274
SQ:USDCHF,2022-06-17T08:41:00+02:00,0.96819,0.96846,0.96800,0.96835,205
SQ:USDCHF,2022-06-17T08:42:00+02:00,0.96835,0.96883,0.96835,0.96874,227
SQ:USDCHF,2022-06-17T08:43:00+02:00,0.96874,0.96894,0.96874,0.96874,193
SQ:USDCHF,2022-06-17T08:44:00+02:00,0.96873,0.96879,0.96845,0.96850,105
SQ:USDCHF,2022-06-17T08:45:00+02:00,0.96849,0.96857,0.96791,0.96792,174
SQ:USDCHF,2022-06-17T08:46:00+02:00,0.96793,0.96815,0.96781,0.96814,148
SQ:USDCHF,2022-06-17T08:47:00+02:00,0.96813,0.96840,0.96811,0.96833,87
SQ:USDCHF,2022-06-17T08:48:00+02:00,0.96833,0.96834,0.96797,0.96819,98
SQ:USDCHF,2022-06-17T08:49:00+02:00,0.96819,0.96852,0.96815,0.96850,125
SQ:USDCHF,2022-06-17T08:50:00+02:00,0.96850,0.96879,0.96850,0.96870,148
SQ:USDCHF,2022-06-17T08:51:00+02:00,0.96870,0.96908,0.96869,0.96880,189
SQ:USDCHF,2022-06-17T08:52:00+02:00,0.96881,0.96899,0.96864,0.96891,109
SQ:USDCHF,2022-06-17T08:53:00+02:00,0.96891,0.96893,0.96850,0.96850,134
SQ:USDCHF,2022-06-17T08:54:00+02:00,0.96850,0.96859,0.96805,0.96806,114
SQ:USDCHF,2022-06-17T08:55:00+02:00,0.96806,0.96811,0.96786,0.96795,132
SQ:USDCHF,2022-06-17T08:56:00+02:00,0.96795,0.96798,0.96706,0.96708,130
SQ:USDCHF,2022-06-17T08:57:00+02:00,0.96707,0.96707,0.96680,0.96695,66
SQ:USDCHF,2022-06-17T08:58:00+02:00,0.96695,0.96745,0.96695,0.96725,145
SQ:USDCHF,2022-06-17T08:59:00+02:00,0.96725,0.96751,0.96720,0.96751,94
SQ:USDCHF,2022-06-17T09:00:00+02:00,0.96748,0.96804,0.96748,0.96788,222
SQ:USDCHF,2022-06-17T09:01:00+02:00,0.96787,0.96790,0.96752,0.96774,154
SQ:USDCHF,2022-06-17T09:02:00+02:00,0.96775,0.96820,0.96775,0.96815,165
SQ:USDCHF,2022-06-17T09:03:00+02:00,0.96815,0.96880,0.96812,0.96871,219
SQ:USDCHF,2022-06-17T09:04:00+02:00,0.96872,0.96888,0.96860,0.96884,231
SQ:USDCHF,2022-06-17T09:05:00+02:00,0.96884,0.96886,0.96858,0.96865,146
SQ:USDCHF,2022-06-17T09:06:00+02:00,0.96864,0.96864,0.96801,0.96814,186
SQ:USDCHF,2022-06-17T09:07:00+02:00,0.96813,0.96828,0.96805,0.96823,142
SQ:USDCHF,2022-06-17T09:08:00+02:00,0.96823,0.96835,0.96811,0.96822,152
SQ:USDCHF,2022-06-17T09:09:00+02:00,0.96822,0.96830,0.96808,0.96824,128
SQ:USDCHF,2022-06-17T09:10:00+02:00,0.96825,0.96826,0.96801,0.96806,112
SQ:USDCHF,2022-06-17T09:11:00+02:00,0.96806,0.96808,0.96734,0.96743,118
SQ:USDCHF,2022-06-17T09:12:00+02:00,0.96743,0.96785,0.96722,0.96772,149
SQ:USDCHF,2022-06-17T09:13:00+02:00,0.96772,0.96784,0.96712,0.96712,148
SQ:USDCHF,2022-06-17T09:14:00+02:00,0.96712,0.96722,0.96688,0.96691,136
SQ:USDCHF,2022-06-17T09:15:00+02:00,0.96691,0.96701,0.96678,0.96680,128
SQ:USDCHF,2022-06-17T09:16:00+02:00,0.96680,0.96682,0.96633,0.96651,185
SQ:USDCHF,2022-06-17T09:17:00+02:00,0.96651,0.96651,0.96585,0.96588,205
SQ:USDCHF,2022-06-17T09:18:00+02:00,0.96588,0.96647,0.96576,0.96642,165
SQ:USDCHF,2022-06-17T09:19:00+02:00,0.96642,0.96692,0.96601,0.96602,246
SQ:USDCHF,2022-06-17T09:20:00+02:00,0.96603,0.96603,0.96559,0.96582,175
SQ:USDCHF,2022-06-17T09:21:00+02:00,0.96587,0.96608,0.96560,0.96565,202
SQ:USDCHF,2022-06-17T09:22:00+02:00,0.96564,0.96573,0.96548,0.96559,112
SQ:USDCHF,2022-06-17T09:23:00+02:00,0.96558,0.96558,0.96522,0.96529,171
SQ:USDCHF,2022-06-17T09:24:00+02:00,0.96529,0.96536,0.96491,0.96506,150
SQ:USDCHF,2022-06-17T09:25:00+02:00,0.96505,0.96533,0.96502,0.96512,142
SQ:USDCHF,2022-06-17T09:26:00+02:00,0.96512,0.96536,0.96487,0.96523,149
SQ:USDCHF,2022-06-17T09:27:00+02:00,0.96524,0.96526,0.96491,0.96518,137
SQ:USDCHF,2022-06-17T09:28:00+02:00,0.96518,0.96525,0.96494,0.96516,136
SQ:USDCHF,2022-06-17T09:29:00+02:00,0.96515,0.96518,0.96448,0.96452,160
SQ:USDCHF,2022-06-17T09:30:00+02:00,0.96452,0.96485,0.96422,0.96481,227
SQ:USDCHF,2022-06-17T09:31:00+02:00,0.96479,0.96488,0.96440,0.96471,201
SQ:USDCHF,2022-06-17T09:32:00+02:00,0.96471,0.96503,0.96471,0.96481,118
SQ:USDCHF,2022-06-17T09:33:00+02:00,0.96480,0.96486,0.96427,0.96427,140
SQ:USDCHF,2022-06-17T09:34:00+02:00,0.96428,0.96459,0.96427,0.96448,104
SQ:USDCHF,2022-06-17T09:35:00+02:00,0.96450,0.96475,0.96435,0.96473,77
SQ:USDCHF,2022-06-17T09:36:00+02:00,0.96473,0.96473,0.96452,0.96461,81
SQ:USDCHF,2022-06-17T09:37:00+02:00,0.96461,0.96480,0.96453,0.96471,111
SQ:USDCHF,2022-06-17T09:38:00+02:00,0.96471,0.96544,0.96467,0.96523,213
SQ:USDCHF,2022-06-17T09:39:00+02:00,0.96521,0.96548,0.96486,0.96492,158
SQ:USDCHF,2022-06-17T09:40:00+02:00,0.96491,0.96519,0.96482,0.96515,119
SQ:USDCHF,2022-06-17T09:41:00+02:00,0.96515,0.96528,0.96502,0.96522,109
SQ:USDCHF,2022-06-17T09:42:00+02:00,0.96520,0.96520,0.96470,0.96472,90
SQ:USDCHF,2022-06-17T09:43:00+02:00,0.96472,0.96484,0.96459,0.96463,98
SQ:USDCHF,2022-06-17T09:44:00+02:00,0.96463,0.96465,0.96418,0.96436,101
SQ:USDCHF,2022-06-17T09:45:00+02:00,0.96443,0.96449,0.96386,0.96395,131
SQ:USDCHF,2022-06-17T09:46:00+02:00,0.96393,0.96404,0.96387,0.96394,115
SQ:USDCHF,2022-06-17T09:47:00+02:00,0.96394,0.96423,0.96386,0.96420,83
SQ:USDCHF,2022-06-17T09:48:00+02:00,0.96421,0.96468,0.96419,0.96465,120
SQ:USDCHF,2022-06-17T09:49:00+02:00,0.96464,0.96497,0.96454,0.96497,99
SQ:USDCHF,2022-06-17T09:50:00+02:00,0.96497,0.96508,0.96472,0.96481,105
SQ:USDCHF,2022-06-17T09:51:00+02:00,0.96482,0.96489,0.96457,0.96461,101
SQ:USDCHF,2022-06-17T09:52:00+02:00,0.96462,0.96474,0.96443,0.96448,95
SQ:USDCHF,2022-06-17T09:53:00+02:00,0.96448,0.96451,0.96432,0.96443,95
SQ:USDCHF,2022-06-17T09:54:00+02:00,0.96443,0.96445,0.96419,0.96420,115
SQ:USDCHF,2022-06-17T09:55:00+02:00,0.96420,0.96420,0.96379,0.96384,113
SQ:USDCHF,2022-06-17T09:56:00+02:00,0.96383,0.96419,0.96372,0.96419,70
SQ:USDCHF,2022-06-17T09:57:00+02:00,0.96419,0.96447,0.96409,0.96410,63
SQ:USDCHF,2022-06-17T09:58:00+02:00,0.96411,0.96414,0.96373,0.96373,117
SQ:USDCHF,2022-06-17T09:59:00+02:00,0.96373,0.96380,0.96333,0.96342,103
SQ:USDCHF,2022-06-17T10:00:00+02:00,0.96342,0.96355,0.96332,0.96351,84
SQ:USDCHF,2022-06-17T10:01:00+02:00,0.96353,0.96424,0.96345,0.96415,122
SQ:USDCHF,2022-06-17T10:02:00+02:00,0.96415,0.96460,0.96410,0.96458,111
SQ:USDCHF,2022-06-17T10:03:00+02:00,0.96460,0.96479,0.96446,0.96448,122
SQ:USDCHF,2022-06-17T10:04:00+02:00,0.96447,0.96464,0.96413,0.96414,112
SQ:USDCHF,2022-06-17T10:05:00+02:00,0.96413,0.96413,0.96334,0.96335,110
SQ:USDCHF,2022-06-17T10:06:00+02:00,0.96335,0.96383,0.96334,0.96379,79
SQ:USDCHF,2022-06-17T10:07:00+02:00,0.96379,0.96409,0.96362,0.96405,80
SQ:USDCHF,2022-06-17T10:08:00+02:00,0.96399,0.96437,0.96395,0.96431,82
SQ:USDCHF,2022-06-17T10:09:00+02:00,0.96434,0.96469,0.96430,0.96467,78
SQ:USDCHF,2022-06-17T10:10:00+02:00,0.96467,0.96552,0.96467,0.96544,161
SQ:USDCHF,2022-06-17T10:11:00+02:00,0.96544,0.96555,0.96512,0.96538,130
SQ:USDCHF,2022-06-17T10:12:00+02:00,0.96538,0.96552,0.96504,0.96504,152
SQ:USDCHF,2022-06-17T10:13:00+02:00,0.96496,0.96545,0.96491,0.96532,104
SQ:USDCHF,2022-06-17T10:14:00+02:00,0.96532,0.96533,0.96469,0.96474,126
SQ:USDCHF,2022-06-17T10:15:00+02:00,0.96474,0.96505,0.96471,0.96493,111
SQ:USDCHF,2022-06-17T10:16:00+02:00,0.96493,0.96521,0.96489,0.96508,123
SQ:USDCHF,2022-06-17T10:17:00+02:00,0.96510,0.96547,0.96510,0.96546,116
SQ:USDCHF,2022-06-17T10:18:00+02:00,0.96546,0.96549,0.96518,0.96522,100
SQ:USDCHF,2022-06-17T10:19:00+02:00,0.96523,0.96548,0.96523,0.96544,106
SQ:USDCHF,2022-06-17T10:20:00+02:00,0.96544,0.96552,0.96520,0.96549,110
SQ:USDCHF,2022-06-17T10:21:00+02:00,0.96548,0.96553,0.96518,0.96536,119
SQ:USDCHF,2022-06-17T10:22:00+02:00,0.96536,0.96553,0.96531,0.96538,93
SQ:USDCHF,2022-06-17T10:23:00+02:00,0.96538,0.96545,0.96502,0.96505,101
SQ:USDCHF,2022-06-17T10:24:00+02:00,0.96507,0.96527,0.96491,0.96499,77
SQ:USDCHF,2022-06-17T10:25:00+02:00,0.96497,0.96517,0.96484,0.96499,77
SQ:USDCHF,2022-06-17T10:26:00+02:00,0.96499,0.96505,0.96458,0.96466,84
SQ:USDCHF,2022-06-17T10:27:00+02:00,0.96465,0.96492,0.96463,0.96490,74
SQ:USDCHF,2022-06-17T10:28:00+02:00,0.96492,0.96537,0.96492,0.96533,91
SQ:USDCHF,2022-06-17T10:29:00+02:00,0.96533,0.96539,0.96515,0.96531,89
SQ:USDCHF,2022-06-17T10:30:00+02:00,0.96530,0.96530,0.96466,0.96483,156
SQ:USDCHF,2022-06-17T10:31:00+02:00,0.96481,0.96497,0.96478,0.96487,68
SQ:USDCHF,2022-06-17T10:32:00+02:00,0.96487,0.96488,0.96461,0.96464,96
SQ:USDCHF,2022-06-17T10:33:00+02:00,0.96464,0.96475,0.96453,0.96455,113
SQ:USDCHF,2022-06-17T10:34:00+02:00,0.96456,0.96463,0.96455,0.96461,48
SQ:USDCHF,2022-06-17T10:35:00+02:00,0.96461,0.96497,0.96452,0.96496,76
SQ:USDCHF,2022-06-17T10:36:00+02:00,0.96497,0.96515,0.96496,0.96509,66
SQ:USDCHF,2022-06-17T10:37:00+02:00,0.96513,0.96535,0.96499,0.96528,75
SQ:USDCHF,2022-06-17T10:38:00+02:00,0.96528,0.96529,0.96508,0.96514,57
SQ:USDCHF,2022-06-17T10:39:00+02:00,0.96515,0.96516,0.96491,0.96492,59
SQ:USDCHF,2022-06-17T10:40:00+02:00,0.96492,0.96499,0.96456,0.96459,119
SQ:USDCHF,2022-06-17T10:41:00+02:00,0.96457,0.96474,0.96448,0.96461,81
SQ:USDCHF,2022-06-17T10:42:00+02:00,0.96462,0.96470,0.96422,0.96423,121
SQ:USDCHF,2022-06-17T10:43:00+02:00,0.96426,0.96439,0.96398,0.96400,91
SQ:USDCHF,2022-06-17T10:44:00+02:00,0.96403,0.96425,0.96370,0.96384,241
SQ:USDCHF,2022-06-17T10:45:00+02:00,0.96384,0.96402,0.96322,0.96353,335
SQ:USDCHF,2022-06-17T10:46:00+02:00,0.96354,0.96406,0.96353,0.96391,133
SQ:USDCHF,2022-06-17T10:47:00+02:00,0.96391,0.96395,0.96366,0.96393,136
SQ:USDCHF,2022-06-17T10:48:00+02:00,0.96393,0.96431,0.96385,0.96421,124
SQ:USDCHF,2022-06-17T10:49:00+02:00,0.96421,0.96479,0.96419,0.96478,99
SQ:USDCHF,2022-06-17T10:50:00+02:00,0.96478,0.96513,0.96478,0.96502,108
SQ:USDCHF,2022-06-17T10:51:00+02:00,0.96502,0.96509,0.96476,0.96485,75
SQ:USDCHF,2022-06-17T10:52:00+02:00,0.96485,0.96515,0.96482,0.96512,57
SQ:USDCHF,2022-06-17T10:53:00+02:00,0.96511,0.96533,0.96507,0.96531,76
SQ:USDCHF,2022-06-17T10:54:00+02:00,0.96531,0.96556,0.96523,0.96554,100
SQ:USDCHF,2022-06-17T10:55:00+02:00,0.96554,0.96554,0.96539,0.96543,86
SQ:USDCHF,2022-06-17T10:56:00+02:00,0.96544,0.96544,0.96498,0.96507,73
SQ:USDCHF,2022-06-17T10:57:00+02:00,0.96505,0.96507,0.96472,0.96475,68
SQ:USDCHF,2022-06-17T10:58:00+02:00,0.96477,0.96528,0.96473,0.96516,92
SQ:USDCHF,2022-06-17T10:59:00+02:00,0.96517,0.96553,0.96517,0.96540,74
SQ:USDCHF,2022-06-17T11:00:00+02:00,0.96540,0.96544,0.96524,0.96537,49
SQ:USDCHF,2022-06-17T11:01:00+02:00,0.96538,0.96547,0.96508,0.96513,48
SQ:USDCHF,2022-06-17T11:02:00+02:00,0.96513,0.96537,0.96510,0.96534,81
SQ:USDCHF,2022-06-17T11:03:00+02:00,0.96533,0.96555,0.96527,0.96548,78
SQ:USDCHF,2022-06-17T11:04:00+02:00,0.96549,0.96551,0.96526,0.96540,65
SQ:USDCHF,2022-06-17T11:05:00+02:00,0.96538,0.96546,0.96518,0.96535,95
SQ:USDCHF,2022-06-17T11:06:00+02:00,0.96537,0.96539,0.96518,0.96528,67
SQ:USDCHF,2022-06-17T11:07:00+02:00,0.96527,0.96528,0.96504,0.96515,77
SQ:USDCHF,2022-06-17T11:08:00+02:00,0.96516,0.96522,0.96492,0.96503,102
SQ:USDCHF,2022-06-17T11:09:00+02:00,0.96504,0.96515,0.96489,0.96490,73
SQ:USDCHF,2022-06-17T11:10:00+02:00,0.96490,0.96516,0.96486,0.96498,119
SQ:USDCHF,2022-06-17T11:11:00+02:00,0.96497,0.96516,0.96488,0.96489,106
SQ:USDCHF,2022-06-17T11:12:00+02:00,0.96489,0.96494,0.96456,0.96465,102
SQ:USDCHF,2022-06-17T11:13:00+02:00,0.96465,0.96470,0.96459,0.96466,86
SQ:USDCHF,2022-06-17T11:14:00+02:00,0.96465,0.96491,0.96463,0.96484,70
SQ:USDCHF,2022-06-17T11:15:00+02:00,0.96484,0.96527,0.96484,0.96524,108
SQ:USDCHF,2022-06-17T11:16:00+02:00,0.96523,0.96525,0.96508,0.96511,85
SQ:USDCHF,2022-06-17T11:17:00+02:00,0.96509,0.96527,0.96505,0.96518,57
SQ:USDCHF,2022-06-17T11:18:00+02:00,0.96521,0.96576,0.96520,0.96576,85
SQ:USDCHF,2022-06-17T11:19:00+02:00,0.96574,0.96624,0.96574,0.96616,102
SQ:USDCHF,2022-06-17T11:20:00+02:00,0.96616,0.96621,0.96593,0.96620,99
SQ:USDCHF,2022-06-17T11:21:00+02:00,0.96620,0.96653,0.96619,0.96651,68
SQ:USDCHF,2022-06-17T11:22:00+02:00,0.96651,0.96667,0.96640,0.96667,81
SQ:USDCHF,2022-06-17T11:23:00+02:00,0.96667,0.96679,0.96660,0.96667,83
SQ:USDCHF,2022-06-17T11:24:00+02:00,0.96667,0.96705,0.96659,0.96689,93
SQ:USDCHF,2022-06-17T11:25:00+02:00,0.96689,0.96701,0.96688,0.96695,71
SQ:USDCHF,2022-06-17T11:26:00+02:00,0.96695,0.96706,0.96678,0.96704,59
SQ:USDCHF,2022-06-17T11:27:00+02:00,0.96702,0.96727,0.96697,0.96718,59
SQ:USDCHF,2022-06-17T11:28:00+02:00,0.96719,0.96729,0.96718,0.96722,38
SQ:USDCHF,2022-06-17T11:29:00+02:00,0.96722,0.96732,0.96713,0.96722,55
SQ:USDCHF,2022-06-17T11:30:00+02:00,0.96722,0.96726,0.96678,0.96683,71
SQ:USDCHF,2022-06-17T11:31:00+02:00,0.96683,0.96683,0.96666,0.96666,40
SQ:USDCHF,2022-06-17T11:32:00+02:00,0.96667,0.96667,0.96634,0.96639,74
SQ:USDCHF,2022-06-17T11:33:00+02:00,0.96638,0.96655,0.96636,0.96647,58
SQ:USDCHF,2022-06-17T11:34:00+02:00,0.96647,0.96648,0.96624,0.96626,60
SQ:USDCHF,2022-06-17T11:35:00+02:00,0.96627,0.96645,0.96625,0.96637,56
SQ:USDCHF,2022-06-17T11:36:00+02:00,0.96636,0.96641,0.96611,0.96614,84
SQ:USDCHF,2022-06-17T11:37:00+02:00,0.96615,0.96637,0.96605,0.96630,51
SQ:USDCHF,2022-06-17T11:38:00+02:00,0.96629,0.96669,0.96629,0.96665,94
SQ:USDCHF,2022-06-17T11:39:00+02:00,0.96666,0.96690,0.96664,0.96680,78
SQ:USDCHF,2022-06-17T11:40:00+02:00,0.96678,0.96678,0.96628,0.96632,90
SQ:USDCHF,2022-06-17T11:41:00+02:00,0.96632,0.96646,0.96611,0.96612,84
SQ:USDCHF,2022-06-17T11:42:00+02:00,0.96611,0.96656,0.96610,0.96646,133
SQ:USDCHF,2022-06-17T11:43:00+02:00,0.96644,0.96658,0.96636,0.96642,120
SQ:USDCHF,2022-06-17T11:44:00+02:00,0.96642,0.96658,0.96635,0.96635,117
SQ:USDCHF,2022-06-17T11:45:00+02:00,0.96637,0.96637,0.96602,0.96613,102
SQ:USDCHF,2022-06-17T11:46:00+02:00,0.96613,0.96620,0.96609,0.96614,47
SQ:USDCHF,2022-06-17T11:47:00+02:00,0.96612,0.96621,0.96599,0.96604,85
SQ:USDCHF,2022-06-17T11:48:00+02:00,0.96604,0.96615,0.96582,0.96586,84
SQ:USDCHF,2022-06-17T11:49:00+02:00,0.96585,0.96596,0.96581,0.96589,112
SQ:USDCHF,2022-06-17T11:50:00+02:00,0.96590,0.96600,0.96538,0.96540,89
SQ:USDCHF,2022-06-17T11:51:00+02:00,0.96541,0.96554,0.96530,0.96550,89
SQ:USDCHF,2022-06-17T11:52:00+02:00,0.96551,0.96555,0.96520,0.96528,95
SQ:USDCHF,2022-06-17T11:53:00+02:00,0.96528,0.96536,0.96512,0.96529,74
SQ:USDCHF,2022-06-17T11:54:00+02:00,0.96529,0.96571,0.96529,0.96571,78
SQ:USDCHF,2022-06-17T11:55:00+02:00,0.96572,0.96583,0.96559,0.96583,48
SQ:USDCHF,2022-06-17T11:56:00+02:00,0.96582,0.96611,0.96576,0.96602,49
SQ:USDCHF,2022-06-17T11:57:00+02:00,0.96602,0.96604,0.96595,0.96604,52
SQ:USDCHF,2022-06-17T11:58:00+02:00,0.96603,0.96610,0.96600,0.96610,33
SQ:USDCHF,2022-06-17T11:59:00+02:00,0.96610,0.96624,0.96607,0.96619,56
SQ:USDCHF,2022-06-17T12:00:00+02:00,0.96619,0.96645,0.96613,0.96638,83
SQ:USDCHF,2022-06-17T12:01:00+02:00,0.96638,0.96643,0.96617,0.96633,134
SQ:USDCHF,2022-06-17T12:02:00+02:00,0.96633,0.96633,0.96583,0.96586,124
SQ:USDCHF,2022-06-17T12:03:00+02:00,0.96586,0.96594,0.96572,0.96577,63
SQ:USDCHF,2022-06-17T12:04:00+02:00,0.96577,0.96587,0.96577,0.96581,97
SQ:USDCHF,2022-06-17T12:05:00+02:00,0.96581,0.96593,0.96575,0.96590,83
SQ:USDCHF,2022-06-17T12:06:00+02:00,0.96592,0.96619,0.96591,0.96610,105
SQ:USDCHF,2022-06-17T12:07:00+02:00,0.96611,0.96613,0.96609,0.96613,22
SQ:USDCHF,2022-06-17T12:08:00+02:00,0.96615,0.96615,0.96593,0.96595,55
SQ:USDCHF,2022-06-17T12:09:00+02:00,0.96595,0.96600,0.96585,0.96589,68
SQ:USDCHF,2022-06-17T12:10:00+02:00,0.96589,0.96599,0.96581,0.96598,44
SQ:USDCHF,2022-06-17T12:11:00+02:00,0.96598,0.96599,0.96586,0.96596,62
SQ:USDCHF,2022-06-17T12:12:00+02:00,0.96596,0.96615,0.96596,0.96603,89
SQ:USDCHF,2022-06-17T12:13:00+02:00,0.96603,0.96609,0.96596,0.96608,41
SQ:USDCHF,2022-06-17T12:14:00+02:00,0.96609,0.96611,0.96561,0.96569,99
SQ:USDCHF,2022-06-17T12:15:00+02:00,0.96569,0.96575,0.96538,0.96545,97
SQ:USDCHF,2022-06-17T12:16:00+02:00,0.96545,0.96545,0.96519,0.96520,54
SQ:USDCHF,2022-06-17T12:17:00+02:00,0.96519,0.96520,0.96502,0.96509,88
SQ:USDCHF,2022-06-17T12:18:00+02:00,0.96510,0.96537,0.96510,0.96528,45
SQ:USDCHF,2022-06-17T12:19:00+02:00,0.96528,0.96529,0.96509,0.96510,52
SQ:USDCHF,2022-06-17T12:20:00+02:00,0.96509,0.96510,0.96480,0.96485,97
SQ:USDCHF,2022-06-17T12:21:00+02:00,0.96486,0.96486,0.96466,0.96476,55
SQ:USDCHF,2022-06-17T12:22:00+02:00,0.96476,0.96508,0.96476,0.96491,58
SQ:USDCHF,2022-06-17T12:23:00+02:00,0.96491,0.96500,0.96488,0.96498,50
SQ:USDCHF,2022-06-17T12:24:00+02:00,0.96498,0.96519,0.96494,0.96511,59
SQ:USDCHF,2022-06-17T12:25:00+02:00,0.96511,0.96518,0.96504,0.96515,51
SQ:USDCHF,2022-06-17T12:26:00+02:00,0.96515,0.96538,0.96501,0.96537,82
SQ:USDCHF,2022-06-17T12:27:00+02:00,0.96537,0.96539,0.96521,0.96539,73
SQ:USDCHF,2022-06-17T12:28:00+02:00,0.96539,0.96551,0.96537,0.96549,57
SQ:USDCHF,2022-06-17T12:29:00+02:00,0.96550,0.96553,0.96530,0.96541,62
SQ:USDCHF,2022-06-17T12:30:00+02:00,0.96541,0.96550,0.96534,0.96535,74
SQ:USDCHF,2022-06-17T12:31:00+02:00,0.96535,0.96535,0.96512,0.96512,47
SQ:USDCHF,2022-06-17T12:32:00+02:00,0.96512,0.96512,0.96471,0.96489,67
SQ:USDCHF,2022-06-17T12:33:00+02:00,0.96489,0.96502,0.96488,0.96490,60
SQ:USDCHF,2022-06-17T12:34:00+02:00,0.96492,0.96500,0.96488,0.96489,65
SQ:USDCHF,2022-06-17T12:35:00+02:00,0.96491,0.96491,0.96469,0.96481,43
SQ:USDCHF,2022-06-17T12:36:00+02:00,0.96481,0.96496,0.96480,0.96481,57
SQ:USDCHF,2022-06-17T12:37:00+02:00,0.96481,0.96481,0.96463,0.96463,37
SQ:USDCHF,2022-06-17T12:38:00+02:00,0.96463,0.96463,0.96440,0.96444,47
SQ:USDCHF,2022-06-17T12:39:00+02:00,0.96443,0.96462,0.96425,0.96462,69
SQ:USDCHF,2022-06-17T12:40:00+02:00,0.96462,0.96511,0.96458,0.96470,74
SQ:USDCHF,2022-06-17T12:41:00+02:00,0.96470,0.96472,0.96447,0.96447,33
SQ:USDCHF,2022-06-17T12:42:00+02:00,0.96447,0.96448,0.96416,0.96416,63
SQ:USDCHF,2022-06-17T12:43:00+02:00,0.96415,0.96417,0.96401,0.96406,64
SQ:USDCHF,2022-06-17T12:44:00+02:00,0.96407,0.96410,0.96391,0.96392,65
SQ:USDCHF,2022-06-17T12:45:00+02:00,0.96392,0.96416,0.96392,0.96416,87
SQ:USDCHF,2022-06-17T12:46:00+02:00,0.96416,0.96424,0.96405,0.96410,78
SQ:USDCHF,2022-06-17T12:47:00+02:00,0.96409,0.96439,0.96409,0.96437,54
SQ:USDCHF,2022-06-17T12:48:00+02:00,0.96437,0.96443,0.96417,0.96422,56
SQ:USDCHF,2022-06-17T12:49:00+02:00,0.96421,0.96433,0.96421,0.96430,37
SQ:USDCHF,2022-06-17T12:50:00+02:00,0.96431,0.96431,0.96409,0.96413,66
SQ:USDCHF,2022-06-17T12:51:00+02:00,0.96413,0.96435,0.96404,0.96432,100
SQ:USDCHF,2022-06-17T12:52:00+02:00,0.96434,0.96447,0.96430,0.96444,72
SQ:USDCHF,2022-06-17T12:53:00+02:00,0.96444,0.96444,0.96420,0.96420,58
SQ:USDCHF,2022-06-17T12:54:00+02:00,0.96420,0.96432,0.96416,0.96429,72
SQ:USDCHF,2022-06-17T12:55:00+02:00,0.96430,0.96430,0.96409,0.96423,62
SQ:USDCHF,2022-06-17T12:56:00+02:00,0.96423,0.96434,0.96421,0.96432,27
SQ:USDCHF,2022-06-17T12:57:00+02:00,0.96432,0.96448,0.96430,0.96433,85
SQ:USDCHF,2022-06-17T12:58:00+02:00,0.96434,0.96434,0.96408,0.96413,71
SQ:USDCHF,2022-06-17T12:59:00+02:00,0.96413,0.96422,0.96401,0.96422,72
SQ:USDCHF,2022-06-17T13:00:00+02:00,0.96421,0.96439,0.96384,0.96435,128
SQ:USDCHF,2022-06-17T13:01:00+02:00,0.96434,0.96441,0.96429,0.96434,80
SQ:USDCHF,2022-06-17T13:02:00+02:00,0.96434,0.96444,0.96415,0.96417,112
SQ:USDCHF,2022-06-17T13:03:00+02:00,0.96417,0.96444,0.96417,0.96443,89
SQ:USDCHF,2022-06-17T13:04:00+02:00,0.96443,0.96447,0.96432,0.96436,52
SQ:USDCHF,2022-06-17T13:05:00+02:00,0.96436,0.96449,0.96426,0.96426,83
SQ:USDCHF,2022-06-17T13:06:00+02:00,0.96427,0.96428,0.96385,0.96407,117
SQ:USDCHF,2022-06-17T13:07:00+02:00,0.96408,0.96415,0.96381,0.96385,89
SQ:USDCHF,2022-06-17T13:08:00+02:00,0.96384,0.96388,0.96378,0.96385,50
SQ:USDCHF,2022-06-17T13:09:00+02:00,0.96387,0.96388,0.96379,0.96381,85
SQ:USDCHF,2022-06-17T13:10:00+02:00,0.96381,0.96431,0.96379,0.96428,177
SQ:USDCHF,2022-06-17T13:11:00+02:00,0.96428,0.96442,0.96419,0.96425,155
SQ:USDCHF,2022-06-17T13:12:00+02:00,0.96425,0.96443,0.96409,0.96414,97
SQ:USDCHF,2022-06-17T13:13:00+02:00,0.96414,0.96431,0.96394,0.96396,130
SQ:USDCHF,2022-06-17T13:14:00+02:00,0.96396,0.96415,0.96390,0.96409,127
SQ:USDCHF,2022-06-17T13:15:00+02:00,0.96408,0.96417,0.96393,0.96417,76
SQ:USDCHF,2022-06-17T13:16:00+02:00,0.96417,0.96418,0.96389,0.96389,82
SQ:USDCHF,2022-06-17T13:17:00+02:00,0.96390,0.96395,0.96373,0.96378,69
SQ:USDCHF,2022-06-17T13:18:00+02:00,0.96379,0.96393,0.96378,0.96389,49
SQ:USDCHF,2022-06-17T13:19:00+02:00,0.96388,0.96393,0.96373,0.96377,89
SQ:USDCHF,2022-06-17T13:20:00+02:00,0.96377,0.96379,0.96370,0.96377,99
SQ:USDCHF,2022-06-17T13:21:00+02:00,0.96377,0.96381,0.96351,0.96353,111
SQ:USDCHF,2022-06-17T13:22:00+02:00,0.96353,0.96353,0.96319,0.96320,108
SQ:USDCHF,2022-06-17T13:23:00+02:00,0.96322,0.96341,0.96282,0.96300,88
SQ:USDCHF,2022-06-17T13:24:00+02:00,0.96300,0.96311,0.96280,0.96283,132
SQ:USDCHF,2022-06-17T13:25:00+02:00,0.96283,0.96284,0.96224,0.96230,75
SQ:USDCHF,2022-06-17T13:26:00+02:00,0.96230,0.96245,0.96182,0.96221,127
SQ:USDCHF,2022-06-17T13:27:00+02:00,0.96221,0.96236,0.96221,0.96230,47
SQ:USDCHF,2022-06-17T13:28:00+02:00,0.96231,0.96235,0.96209,0.96228,61
SQ:USDCHF,2022-06-17T13:29:00+02:00,0.96228,0.96228,0.96198,0.96199,73
SQ:USDCHF,2022-06-17T13:30:00+02:00,0.96199,0.96223,0.96198,0.96209,88
SQ:USDCHF,2022-06-17T13:31:00+02:00,0.96208,0.96215,0.96178,0.96209,117
SQ:USDCHF,2022-06-17T13:32:00+02:00,0.96210,0.96241,0.96209,0.96231,86
SQ:USDCHF,2022-06-17T13:33:00+02:00,0.96231,0.96262,0.96231,0.96261,84
SQ:USDCHF,2022-06-17T13:34:00+02:00,0.96261,0.96295,0.96259,0.96290,69
SQ:USDCHF,2022-06-17T13:35:00+02:00,0.96290,0.96312,0.96285,0.96303,97
SQ:USDCHF,2022-06-17T13:36:00+02:00,0.96304,0.96327,0.96301,0.96327,45
SQ:USDCHF,2022-06-17T13:37:00+02:00,0.96327,0.96348,0.96322,0.96348,75
SQ:USDCHF,2022-06-17T13:38:00+02:00,0.96346,0.96346,0.96324,0.96324,60
SQ:USDCHF,2022-06-17T13:39:00+02:00,0.96324,0.96344,0.96318,0.96329,101
SQ:USDCHF,2022-06-17T13:40:00+02:00,0.96327,0.96328,0.96287,0.96302,59
SQ:USDCHF,2022-06-17T13:41:00+02:00,0.96303,0.96361,0.96298,0.96361,103
SQ:USDCHF,2022-06-17T13:42:00+02:00,0.96361,0.96363,0.96283,0.96295,102
SQ:USDCHF,2022-06-17T13:43:00+02:00,0.96295,0.96314,0.96290,0.96311,51
SQ:USDCHF,2022-06-17T13:44:00+02:00,0.96311,0.96311,0.96292,0.96294,63
SQ:USDCHF,2022-06-17T13:45:00+02:00,0.96294,0.96311,0.96293,0.96310,44
SQ:USDCHF,2022-06-17T13:46:00+02:00,0.96309,0.96338,0.96306,0.96333,47
SQ:USDCHF,2022-06-17T13:47:00+02:00,0.96329,0.96332,0.96259,0.96281,85
SQ:USDCHF,2022-06-17T13:48:00+02:00,0.96281,0.96288,0.96264,0.96285,73
SQ:USDCHF,2022-06-17T13:49:00+02:00,0.96285,0.96289,0.96268,0.96269,75
SQ:USDCHF,2022-06-17T13:50:00+02:00,0.96269,0.96280,0.96258,0.96258,53
SQ:USDCHF,2022-06-17T13:51:00+02:00,0.96258,0.96280,0.96257,0.96261,105
SQ:USDCHF,2022-06-17T13:52:00+02:00,0.96259,0.96267,0.96245,0.96247,104
SQ:USDCHF,2022-06-17T13:53:00+02:00,0.96247,0.96282,0.96244,0.96278,131
SQ:USDCHF,2022-06-17T13:54:00+02:00,0.96278,0.96294,0.96275,0.96285,74
SQ:USDCHF,2022-06-17T13:55:00+02:00,0.96285,0.96285,0.96230,0.96231,99
SQ:USDCHF,2022-06-17T13:56:00+02:00,0.96231,0.96244,0.96219,0.96241,101
SQ:USDCHF,2022-06-17T13:57:00+02:00,0.96241,0.96274,0.96241,0.96274,64
SQ:USDCHF,2022-06-17T13:58:00+02:00,0.96274,0.96308,0.96269,0.96297,193
SQ:USDCHF,2022-06-17T13:59:00+02:00,0.96297,0.96347,0.96293,0.96327,155
SQ:USDCHF,2022-06-17T14:00:00+02:00,0.96327,0.96332,0.96312,0.96324,164
SQ:USDCHF,2022-06-17T14:01:00+02:00,0.96324,0.96363,0.96322,0.96363,113
SQ:USDCHF,2022-06-17T14:02:00+02:00,0.96363,0.96408,0.96347,0.96398,227
SQ:USDCHF,2022-06-17T14:03:00+02:00,0.96398,0.96403,0.96365,0.96373,145
SQ:USDCHF,2022-06-17T14:04:00+02:00,0.96373,0.96374,0.96339,0.96350,97
SQ:USDCHF,2022-06-17T14:05:00+02:00,0.96351,0.96373,0.96338,0.96338,119
SQ:USDCHF,2022-06-17T14:06:00+02:00,0.96338,0.96390,0.96336,0.96387,156
SQ:USDCHF,2022-06-17T14:07:00+02:00,0.96388,0.96400,0.96358,0.96397,142
SQ:USDCHF,2022-06-17T14:08:00+02:00,0.96397,0.96405,0.96390,0.96393,103
SQ:USDCHF,2022-06-17T14:09:00+02:00,0.96393,0.96404,0.96381,0.96385,66
SQ:USDCHF,2022-06-17T14:18:00+02:00,0.96382,0.96396,0.96382,0.96387,50
SQ:USDCHF,2022-06-17T14:19:00+02:00,0.96386,0.96410,0.96378,0.96380,125
SQ:USDCHF,2022-06-17T14:20:00+02:00,0.96380,0.96416,0.96353,0.96358,181
SQ:USDCHF,2022-06-17T14:21:00+02:00,0.96358,0.96364,0.96317,0.96363,153
SQ:USDCHF,2022-06-17T14:22:00+02:00,0.96363,0.96426,0.96353,0.96423,159
SQ:USDCHF,2022-06-17T14:23:00+02:00,0.96423,0.96453,0.96418,0.96446,86
SQ:USDCHF,2022-06-17T14:24:00+02:00,0.96445,0.96457,0.96442,0.96444,94
SQ:USDCHF,2022-06-17T14:25:00+02:00,0.96444,0.96462,0.96434,0.96446,74
SQ:USDCHF,2022-06-17T14:26:00+02:00,0.96447,0.96462,0.96425,0.96429,92
SQ:USDCHF,2022-06-17T14:27:00+02:00,0.96429,0.96453,0.96429,0.96448,77
SQ:USDCHF,2022-06-17T14:28:00+02:00,0.96447,0.96447,0.96421,0.96424,65
SQ:USDCHF,2022-06-17T14:29:00+02:00,0.96424,0.96434,0.96416,0.96434,71
SQ:USDCHF,2022-06-17T14:30:00+02:00,0.96434,0.96434,0.96376,0.96382,124
SQ:USDCHF,2022-06-17T14:31:00+02:00,0.96384,0.96393,0.96366,0.96370,113
SQ:USDCHF,2022-06-17T14:32:00+02:00,0.96372,0.96401,0.96371,0.96390,141
SQ:USDCHF,2022-06-17T14:33:00+02:00,0.96390,0.96394,0.96377,0.96389,93
SQ:USDCHF,2022-06-17T14:34:00+02:00,0.96389,0.96392,0.96378,0.96379,107
SQ:USDCHF,2022-06-17T14:35:00+02:00,0.96369,0.96370,0.96322,0.96330,126
SQ:USDCHF,2022-06-17T14:36:00+02:00,0.96330,0.96331,0.96299,0.96299,112
SQ:USDCHF,2022-06-17T14:37:00+02:00,0.96300,0.96304,0.96284,0.96295,93
SQ:USDCHF,2022-06-17T14:38:00+02:00,0.96296,0.96325,0.96292,0.96325,113
SQ:USDCHF,2022-06-17T14:39:00+02:00,0.96326,0.96339,0.96307,0.96312,149
SQ:USDCHF,2022-06-17T14:40:00+02:00,0.96312,0.96314,0.96289,0.96308,151
SQ:USDCHF,2022-06-17T14:41:00+02:00,0.96307,0.96307,0.96291,0.96304,118
SQ:USDCHF,2022-06-17T14:42:00+02:00,0.96304,0.96304,0.96262,0.96285,74
SQ:USDCHF,2022-06-17T14:43:00+02:00,0.96283,0.96307,0.96273,0.96302,88
SQ:USDCHF,2022-06-17T14:44:00+02:00,0.96301,0.96314,0.96295,0.96296,78
SQ:USDCHF,2022-06-17T14:45:00+02:00,0.96296,0.96343,0.96294,0.96338,116
SQ:USDCHF,2022-06-17T14:46:00+02:00,0.96337,0.96363,0.96309,0.96336,116
SQ:USDCHF,2022-06-17T14:47:00+02:00,0.96342,0.96374,0.96335,0.96373,69
SQ:USDCHF,2022-06-17T14:48:00+02:00,0.96371,0.96376,0.96361,0.96375,49
SQ:USDCHF,2022-06-17T14:49:00+02:00,0.96375,0.96394,0.96368,0.96386,71
SQ:USDCHF,2022-06-17T14:50:00+02:00,0.96384,0.96398,0.96369,0.96376,97
SQ:USDCHF,2022-06-17T14:51:00+02:00,0.96375,0.96381,0.96355,0.96355,81
SQ:USDCHF,2022-06-17T14:52:00+02:00,0.96356,0.96360,0.96335,0.96344,75
SQ:USDCHF,2022-06-17T14:53:00+02:00,0.96344,0.96344,0.96294,0.96304,90
SQ:USDCHF,2022-06-17T14:54:00+02:00,0.96304,0.96331,0.96297,0.96328,67
SQ:USDCHF,2022-06-17T14:55:00+02:00,0.96328,0.96334,0.96311,0.96329,86
SQ:USDCHF,2022-06-17T14:56:00+02:00,0.96329,0.96332,0.96313,0.96313,77
SQ:USDCHF,2022-06-17T14:57:00+02:00,0.96310,0.96314,0.96296,0.96308,64
SQ:USDCHF,2022-06-17T14:58:00+02:00,0.96308,0.96340,0.96306,0.96323,122
SQ:USDCHF,2022-06-17T14:59:00+02:00,0.96323,0.96324,0.96299,0.96307,69
SQ:USDCHF,2022-06-17T15:00:00+02:00,0.96310,0.96326,0.96304,0.96311,93
SQ:USDCHF,2022-06-17T15:01:00+02:00,0.96309,0.96326,0.96304,0.96325,61
SQ:USDCHF,2022-06-17T15:02:00+02:00,0.96325,0.96341,0.96310,0.96314,93
SQ:USDCHF,2022-06-17T15:03:00+02:00,0.96313,0.96320,0.96301,0.96319,93
SQ:USDCHF,2022-06-17T15:04:00+02:00,0.96319,0.96319,0.96293,0.96297,65
SQ:USDCHF,2022-06-17T15:05:00+02:00,0.96296,0.96317,0.96290,0.96308,66
SQ:USDCHF,2022-06-17T15:06:00+02:00,0.96308,0.96312,0.96285,0.96311,83
SQ:USDCHF,2022-06-17T15:07:00+02:00,0.96311,0.96329,0.96305,0.96327,102
SQ:USDCHF,2022-06-17T15:08:00+02:00,0.96327,0.96328,0.96316,0.96327,63
SQ:USDCHF,2022-06-17T15:09:00+02:00,0.96326,0.96357,0.96322,0.96339,82
SQ:USDCHF,2022-06-17T15:10:00+02:00,0.96339,0.96357,0.96324,0.96357,89
SQ:USDCHF,2022-06-17T15:11:00+02:00,0.96355,0.96366,0.96338,0.96366,61
SQ:USDCHF,2022-06-17T15:12:00+02:00,0.96366,0.96395,0.96361,0.96386,73
SQ:USDCHF,2022-06-17T15:13:00+02:00,0.96386,0.96402,0.96379,0.96401,100
SQ:USDCHF,2022-06-17T15:14:00+02:00,0.96401,0.96418,0.96395,0.96412,105
SQ:USDCHF,2022-06-17T15:15:00+02:00,0.96413,0.96420,0.96400,0.96407,187
SQ:USDCHF,2022-06-17T15:16:00+02:00,0.96407,0.96421,0.96391,0.96416,99
SQ:USDCHF,2022-06-17T15:17:00+02:00,0.96416,0.96448,0.96406,0.96447,100
SQ:USDCHF,2022-06-17T15:18:00+02:00,0.96447,0.96448,0.96424,0.96439,115
SQ:USDCHF,2022-06-17T15:19:00+02:00,0.96441,0.96468,0.96438,0.96467,93
SQ:USDCHF,2022-06-17T15:20:00+02:00,0.96467,0.96489,0.96453,0.96457,104
SQ:USDCHF,2022-06-17T15:21:00+02:00,0.96457,0.96459,0.96441,0.96445,65
SQ:USDCHF,2022-06-17T15:22:00+02:00,0.96446,0.96474,0.96446,0.96471,67
SQ:USDCHF,2022-06-17T15:23:00+02:00,0.96471,0.96474,0.96452,0.96457,75
SQ:USDCHF,2022-06-17T15:24:00+02:00,0.96456,0.96456,0.96433,0.96445,62
SQ:USDCHF,2022-06-17T15:25:00+02:00,0.96444,0.96444,0.96401,0.96414,78
SQ:USDCHF,2022-06-17T15:26:00+02:00,0.96413,0.96416,0.96406,0.96413,47
SQ:USDCHF,2022-06-17T15:27:00+02:00,0.96414,0.96445,0.96414,0.96436,75
SQ:USDCHF,2022-06-17T15:28:00+02:00,0.96436,0.96452,0.96436,0.96439,65
SQ:USDCHF,2022-06-17T15:29:00+02:00,0.96437,0.96450,0.96430,0.96439,89
SQ:USDCHF,2022-06-17T15:30:00+02:00,0.96439,0.96439,0.96379,0.96397,118
SQ:USDCHF,2022-06-17T15:31:00+02:00,0.96397,0.96404,0.96345,0.96353,150
SQ:USDCHF,2022-06-17T15:32:00+02:00,0.96353,0.96382,0.96353,0.96381,118
SQ:USDCHF,2022-06-17T15:33:00+02:00,0.96381,0.96429,0.96381,0.96400,173
SQ:USDCHF,2022-06-17T15:34:00+02:00,0.96398,0.96471,0.96389,0.96455,161
SQ:USDCHF,2022-06-17T15:35:00+02:00,0.96455,0.96463,0.96443,0.96455,162
SQ:USDCHF,2022-06-17T15:36:00+02:00,0.96455,0.96496,0.96453,0.96494,132
SQ:USDCHF,2022-06-17T15:37:00+02:00,0.96495,0.96506,0.96475,0.96489,164
SQ:USDCHF,2022-06-17T15:38:00+02:00,0.96489,0.96528,0.96486,0.96520,114
SQ:USDCHF,2022-06-17T15:39:00+02:00,0.96520,0.96586,0.96520,0.96585,118
SQ:USDCHF,2022-06-17T15:40:00+02:00,0.96586,0.96586,0.96548,0.96556,111
SQ:USDCHF,2022-06-17T15:41:00+02:00,0.96556,0.96571,0.96547,0.96571,141
SQ:USDCHF,2022-06-17T15:42:00+02:00,0.96570,0.96656,0.96570,0.96653,163
SQ:USDCHF,2022-06-17T15:43:00+02:00,0.96653,0.96655,0.96636,0.96639,117
SQ:USDCHF,2022-06-17T15:44:00+02:00,0.96639,0.96645,0.96604,0.96607,81
SQ:USDCHF,2022-06-17T15:45:00+02:00,0.96606,0.96618,0.96592,0.96616,143
SQ:USDCHF,2022-06-17T15:46:00+02:00,0.96616,0.96623,0.96581,0.96598,152
SQ:USDCHF,2022-06-17T15:47:00+02:00,0.96595,0.96623,0.96594,0.96620,163
SQ:USDCHF,2022-06-17T15:48:00+02:00,0.96620,0.96633,0.96577,0.96598,172
SQ:USDCHF,2022-06-17T15:49:00+02:00,0.96599,0.96603,0.96561,0.96563,151
SQ:USDCHF,2022-06-17T15:50:00+02:00,0.96563,0.96575,0.96546,0.96569,120
SQ:USDCHF,2022-06-17T15:51:00+02:00,0.96570,0.96581,0.96538,0.96544,148
SQ:USDCHF,2022-06-17T15:52:00+02:00,0.96544,0.96550,0.96522,0.96542,159
SQ:USDCHF,2022-06-17T15:53:00+02:00,0.96542,0.96563,0.96533,0.96535,197
SQ:USDCHF,2022-06-17T15:54:00+02:00,0.96537,0.96572,0.96535,0.96571,106
SQ:USDCHF,2022-06-17T15:55:00+02:00,0.96569,0.96582,0.96541,0.96554,161
SQ:USDCHF,2022-06-17T15:56:00+02:00,0.96554,0.96563,0.96501,0.96559,186
SQ:USDCHF,2022-06-17T15:57:00+02:00,0.96558,0.96565,0.96549,0.96553,102
SQ:USDCHF,2022-06-17T15:58:00+02:00,0.96553,0.96576,0.96553,0.96558,125
SQ:USDCHF,2022-06-17T15:59:00+02:00,0.96558,0.96566,0.96530,0.96532,156
SQ:USDCHF,2022-06-17T16:00:00+02:00,0.96530,0.96546,0.96528,0.96535,184
SQ:USDCHF,2022-06-17T16:01:00+02:00,0.96535,0.96608,0.96534,0.96593,174
SQ:USDCHF,2022-06-17T16:02:00+02:00,0.96593,0.96623,0.96587,0.96613,191
SQ:USDCHF,2022-06-17T16:03:00+02:00,0.96613,0.96642,0.96613,0.96617,160
SQ:USDCHF,2022-06-17T16:04:00+02:00,0.96617,0.96635,0.96613,0.96623,157
SQ:USDCHF,2022-06-17T16:05:00+02:00,0.96620,0.96645,0.96588,0.96626,334
SQ:USDCHF,2022-06-17T16:06:00+02:00,0.96627,0.96631,0.96590,0.96595,234
SQ:USDCHF,2022-06-17T16:07:00+02:00,0.96595,0.96627,0.96586,0.96622,178
SQ:USDCHF,2022-06-17T16:08:00+02:00,0.96622,0.96627,0.96610,0.96615,193
SQ:USDCHF,2022-06-17T16:09:00+02:00,0.96614,0.96620,0.96592,0.96594,154
SQ:USDCHF,2022-06-17T16:10:00+02:00,0.96596,0.96624,0.96593,0.96621,98
SQ:USDCHF,2022-06-17T16:11:00+02:00,0.96621,0.96645,0.96621,0.96643,77
SQ:USDCHF,2022-06-17T16:12:00+02:00,0.96644,0.96672,0.96633,0.96647,122
SQ:USDCHF,2022-06-17T16:13:00+02:00,0.96645,0.96669,0.96634,0.96653,221
SQ:USDCHF,2022-06-17T16:14:00+02:00,0.96651,0.96660,0.96631,0.96656,120
SQ:USDCHF,2022-06-17T16:15:00+02:00,0.96656,0.96703,0.96638,0.96701,233
SQ:USDCHF,2022-06-17T16:16:00+02:00,0.96701,0.96750,0.96691,0.96748,177
SQ:USDCHF,2022-06-17T16:17:00+02:00,0.96749,0.96781,0.96738,0.96774,212
SQ:USDCHF,2022-06-17T16:18:00+02:00,0.96774,0.96855,0.96755,0.96855,195
SQ:USDCHF,2022-06-17T16:19:00+02:00,0.96856,0.96949,0.96856,0.96908,226
SQ:USDCHF,2022-06-17T16:20:00+02:00,0.96908,0.96970,0.96878,0.96969,232
SQ:USDCHF,2022-06-17T16:21:00+02:00,0.96968,0.97005,0.96937,0.96980,235
SQ:USDCHF,2022-06-17T16:22:00+02:00,0.96981,0.97027,0.96979,0.96991,229
SQ:USDCHF,2022-06-17T16:23:00+02:00,0.96991,0.97014,0.96924,0.96937,179
SQ:USDCHF,2022-06-17T16:24:00+02:00,0.96937,0.96967,0.96924,0.96951,227
SQ:USDCHF,2022-06-17T16:25:00+02:00,0.96949,0.96960,0.96907,0.96934,204
SQ:USDCHF,2022-06-17T16:26:00+02:00,0.96933,0.96967,0.96915,0.96962,179
SQ:USDCHF,2022-06-17T16:27:00+02:00,0.96963,0.96963,0.96916,0.96952,186
SQ:USDCHF,2022-06-17T16:28:00+02:00,0.96952,0.96956,0.96911,0.96932,150
SQ:USDCHF,2022-06-17T16:29:00+02:00,0.96931,0.96971,0.96930,0.96939,140
SQ:USDCHF,2022-06-17T16:30:00+02:00,0.96939,0.96947,0.96899,0.96943,204
SQ:USDCHF,2022-06-17T16:31:00+02:00,0.96944,0.97002,0.96941,0.96987,111
SQ:USDCHF,2022-06-17T16:32:00+02:00,0.96986,0.96992,0.96935,0.96978,94
SQ:USDCHF,2022-06-17T16:33:00+02:00,0.96978,0.96992,0.96957,0.96959,95
SQ:USDCHF,2022-06-17T16:34:00+02:00,0.96959,0.96986,0.96944,0.96982,117
SQ:USDCHF,2022-06-17T16:35:00+02:00,0.96982,0.97098,0.96982,0.97094,193
SQ:USDCHF,2022-06-17T16:36:00+02:00,0.97094,0.97096,0.97051,0.97054,154
SQ:USDCHF,2022-06-17T16:37:00+02:00,0.97053,0.97080,0.97037,0.97037,145
SQ:USDCHF,2022-06-17T16:38:00+02:00,0.97036,0.97037,0.97001,0.97003,145
SQ:USDCHF,2022-06-17T16:39:00+02:00,0.97001,0.97034,0.96984,0.97034,137
SQ:USDCHF,2022-06-17T16:40:00+02:00,0.97031,0.97049,0.96979,0.96979,135
SQ:USDCHF,2022-06-17T16:41:00+02:00,0.96980,0.97091,0.96978,0.97086,152
SQ:USDCHF,2022-06-17T16:42:00+02:00,0.97085,0.97130,0.97053,0.97060,189
SQ:USDCHF,2022-06-17T16:43:00+02:00,0.97060,0.97076,0.97035,0.97068,97
SQ:USDCHF,2022-06-17T16:44:00+02:00,0.97069,0.97105,0.97031,0.97031,127
SQ:USDCHF,2022-06-17T16:45:00+02:00,0.97031,0.97079,0.97021,0.97037,137
SQ:USDCHF,2022-06-17T16:46:00+02:00,0.97036,0.97083,0.97036,0.97077,127
SQ:USDCHF,2022-06-17T16:47:00+02:00,0.97075,0.97078,0.97028,0.97043,140
SQ:USDCHF,2022-06-17T16:48:00+02:00,0.97042,0.97120,0.97039,0.97098,131
SQ:USDCHF,2022-06-17T16:49:00+02:00,0.97099,0.97150,0.97078,0.97135,247
SQ:USDCHF,2022-06-17T16:50:00+02:00,0.97135,0.97170,0.97120,0.97131,168
SQ:USDCHF,2022-06-17T16:51:00+02:00,0.97128,0.97209,0.97127,0.97200,208
SQ:USDCHF,2022-06-17T16:52:00+02:00,0.97203,0.97245,0.97201,0.97215,232
SQ:USDCHF,2022-06-17T16:53:00+02:00,0.97215,0.97269,0.97153,0.97259,251
SQ:USDCHF,2022-06-17T16:54:00+02:00,0.97259,0.97313,0.97240,0.97307,285
SQ:USDCHF,2022-06-17T16:55:00+02:00,0.97308,0.97308,0.97230,0.97296,276
SQ:USDCHF,2022-06-17T16:56:00+02:00,0.97296,0.97300,0.97227,0.97229,204
SQ:USDCHF,2022-06-17T16:57:00+02:00,0.97229,0.97238,0.97212,0.97226,156
SQ:USDCHF,2022-06-17T16:58:00+02:00,0.97226,0.97228,0.97186,0.97187,172
SQ:USDCHF,2022-06-17T16:59:00+02:00,0.97189,0.97217,0.97185,0.97211,123
SQ:USDCHF,2022-06-17T17:00:00+02:00,0.97203,0.97207,0.97181,0.97201,134
SQ:USDCHF,2022-06-17T17:01:00+02:00,0.97201,0.97210,0.97188,0.97189,150
SQ:USDCHF,2022-06-17T17:02:00+02:00,0.97189,0.97201,0.97149,0.97164,188
SQ:USDCHF,2022-06-17T17:03:00+02:00,0.97162,0.97200,0.97161,0.97162,169
SQ:USDCHF,2022-06-17T17:04:00+02:00,0.97165,0.97174,0.97138,0.97155,126
SQ:USDCHF,2022-06-17T17:05:00+02:00,0.97154,0.97170,0.97103,0.97104,162
SQ:USDCHF,2022-06-17T17:06:00+02:00,0.97105,0.97116,0.97072,0.97072,187
SQ:USDCHF,2022-06-17T17:07:00+02:00,0.97072,0.97078,0.97023,0.97032,160
SQ:USDCHF,2022-06-17T17:08:00+02:00,0.97032,0.97048,0.97020,0.97042,151
SQ:USDCHF,2022-06-17T17:09:00+02:00,0.97042,0.97061,0.97036,0.97051,202
SQ:USDCHF,2022-06-17T17:10:00+02:00,0.97051,0.97073,0.97044,0.97052,142
SQ:USDCHF,2022-06-17T17:11:00+02:00,0.97051,0.97060,0.97039,0.97051,84
SQ:USDCHF,2022-06-17T17:12:00+02:00,0.97050,0.97076,0.97024,0.97037,101
SQ:USDCHF,2022-06-17T17:13:00+02:00,0.97037,0.97041,0.97023,0.97028,105
SQ:USDCHF,2022-06-17T17:14:00+02:00,0.97028,0.97031,0.96989,0.97003,98
SQ:USDCHF,2022-06-17T17:15:00+02:00,0.97003,0.97010,0.96975,0.96981,122
SQ:USDCHF,2022-06-17T17:16:00+02:00,0.96981,0.97003,0.96975,0.96991,104
SQ:USDCHF,2022-06-17T17:17:00+02:00,0.96990,0.97005,0.96976,0.97000,107
SQ:USDCHF,2022-06-17T17:18:00+02:00,0.97000,0.97004,0.96975,0.96985,126
SQ:USDCHF,2022-06-17T17:19:00+02:00,0.96986,0.97018,0.96981,0.97016,130
SQ:USDCHF,2022-06-17T17:20:00+02:00,0.97015,0.97015,0.96989,0.96996,129
SQ:USDCHF,2022-06-17T17:21:00+02:00,0.96997,0.97034,0.96997,0.97027,139
SQ:USDCHF,2022-06-17T17:22:00+02:00,0.97027,0.97105,0.97027,0.97105,163
SQ:USDCHF,2022-06-17T17:23:00+02:00,0.97105,0.97122,0.97066,0.97086,142
SQ:USDCHF,2022-06-17T17:24:00+02:00,0.97088,0.97103,0.97071,0.97103,87
SQ:USDCHF,2022-06-17T17:25:00+02:00,0.97100,0.97101,0.97068,0.97082,206
SQ:USDCHF,2022-06-17T17:26:00+02:00,0.97082,0.97085,0.97067,0.97082,120
SQ:USDCHF,2022-06-17T17:27:00+02:00,0.97081,0.97093,0.97060,0.97060,98
SQ:USDCHF,2022-06-17T17:28:00+02:00,0.97060,0.97095,0.97060,0.97095,104
SQ:USDCHF,2022-06-17T17:29:00+02:00,0.97095,0.97117,0.97091,0.97098,57
SQ:USDCHF,2022-06-17T17:30:00+02:00,0.97097,0.97097,0.97047,0.97078,113
SQ:USDCHF,2022-06-17T17:31:00+02:00,0.97076,0.97076,0.97052,0.97057,64
SQ:USDCHF,2022-06-17T17:32:00+02:00,0.97056,0.97056,0.97018,0.97041,132
SQ:USDCHF,2022-06-17T17:33:00+02:00,0.97041,0.97138,0.97041,0.97117,127
SQ:USDCHF,2022-06-17T17:34:00+02:00,0.97117,0.97118,0.97102,0.97108,63
SQ:USDCHF,2022-06-17T17:35:00+02:00,0.97109,0.97112,0.97059,0.97069,106
SQ:USDCHF,2022-06-17T17:36:00+02:00,0.97069,0.97084,0.97065,0.97073,75
SQ:USDCHF,2022-06-17T17:37:00+02:00,0.97074,0.97081,0.97071,0.97078,52
SQ:USDCHF,2022-06-17T17:38:00+02:00,0.97079,0.97131,0.97079,0.97128,65
SQ:USDCHF,2022-06-17T17:39:00+02:00,0.97128,0.97148,0.97125,0.97133,106
SQ:USDCHF,2022-06-17T17:40:00+02:00,0.97133,0.97134,0.97077,0.97078,103
SQ:USDCHF,2022-06-17T17:41:00+02:00,0.97078,0.97086,0.97072,0.97081,43
SQ:USDCHF,2022-06-17T17:42:00+02:00,0.97082,0.97088,0.97075,0.97076,67
SQ:USDCHF,2022-06-17T17:43:00+02:00,0.97075,0.97080,0.97063,0.97080,82
SQ:USDCHF,2022-06-17T17:44:00+02:00,0.97080,0.97089,0.97066,0.97083,103
SQ:USDCHF,2022-06-17T17:45:00+02:00,0.97083,0.97095,0.97080,0.97090,95
SQ:USDCHF,2022-06-17T17:46:00+02:00,0.97090,0.97090,0.97080,0.97084,68
SQ:USDCHF,2022-06-17T17:47:00+02:00,0.97084,0.97085,0.97080,0.97085,19
SQ:USDCHF,2022-06-17T17:48:00+02:00,0.97083,0.97086,0.97081,0.97082,24
SQ:USDCHF,2022-06-17T17:49:00+02:00,0.97079,0.97083,0.97072,0.97074,38
SQ:USDCHF,2022-06-17T17:50:00+02:00,0.97074,0.97096,0.97051,0.97095,62
SQ:USDCHF,2022-06-17T17:51:00+02:00,0.97095,0.97135,0.97091,0.97133,84
SQ:USDCHF,2022-06-17T17:52:00+02:00,0.97132,0.97162,0.97132,0.97152,84
SQ:USDCHF,2022-06-17T17:53:00+02:00,0.97152,0.97157,0.97127,0.97139,68
SQ:USDCHF,2022-06-17T17:54:00+02:00,0.97139,0.97176,0.97131,0.97172,91
SQ:USDCHF,2022-06-17T17:55:00+02:00,0.97171,0.97171,0.97147,0.97159,63
SQ:USDCHF,2022-06-17T17:56:00+02:00,0.97159,0.97164,0.97138,0.97148,60
SQ:USDCHF,2022-06-17T17:57:00+02:00,0.97148,0.97160,0.97142,0.97158,62
SQ:USDCHF,2022-06-17T17:58:00+02:00,0.97158,0.97176,0.97151,0.97152,55
SQ:USDCHF,2022-06-17T17:59:00+02:00,0.97154,0.97159,0.97152,0.97158,37
SQ:USDCHF,2022-06-17T18:00:00+02:00,0.97157,0.97180,0.97157,0.97172,78
SQ:USDCHF,2022-06-17T18:01:00+02:00,0.97172,0.97191,0.97166,0.97190,55
SQ:USDCHF,2022-06-17T18:02:00+02:00,0.97188,0.97223,0.97186,0.97201,66
SQ:USDCHF,2022-06-17T18:03:00+02:00,0.97201,0.97204,0.97175,0.97175,73
SQ:USDCHF,2022-06-17T18:04:00+02:00,0.97175,0.97179,0.97149,0.97163,130
SQ:USDCHF,2022-06-17T18:05:00+02:00,0.97163,0.97187,0.97159,0.97170,86
SQ:USDCHF,2022-06-17T18:06:00+02:00,0.97171,0.97174,0.97154,0.97154,100
SQ:USDCHF,2022-06-17T18:07:00+02:00,0.97154,0.97164,0.97147,0.97159,118
SQ:USDCHF,2022-06-17T18:08:00+02:00,0.97159,0.97168,0.97154,0.97167,87
SQ:USDCHF,2022-06-17T18:09:00+02:00,0.97168,0.97193,0.97168,0.97190,59
SQ:USDCHF,2022-06-17T18:10:00+02:00,0.97190,0.97190,0.97163,0.97169,69
SQ:USDCHF,2022-06-17T18:11:00+02:00,0.97169,0.97182,0.97163,0.97173,64
SQ:USDCHF,2022-06-17T18:12:00+02:00,0.97173,0.97174,0.97142,0.97146,156
SQ:USDCHF,2022-06-17T18:13:00+02:00,0.97146,0.97150,0.97122,0.97123,110
SQ:USDCHF,2022-06-17T18:14:00+02:00,0.97123,0.97139,0.97123,0.97131,173
SQ:USDCHF,2022-06-17T18:15:00+02:00,0.97130,0.97134,0.97100,0.97112,193
SQ:USDCHF,2022-06-17T18:16:00+02:00,0.97112,0.97117,0.97104,0.97113,175
SQ:USDCHF,2022-06-17T18:17:00+02:00,0.97114,0.97120,0.97111,0.97119,140
SQ:USDCHF,2022-06-17T18:18:00+02:00,0.97119,0.97138,0.97119,0.97134,91
SQ:USDCHF,2022-06-17T18:19:00+02:00,0.97134,0.97138,0.97125,0.97136,79
SQ:USDCHF,2022-06-17T18:20:00+02:00,0.97136,0.97142,0.97118,0.97135,126
SQ:USDCHF,2022-06-17T18:21:00+02:00,0.97137,0.97164,0.97136,0.97164,60
SQ:USDCHF,2022-06-17T18:22:00+02:00,0.97164,0.97164,0.97152,0.97157,30
SQ:USDCHF,2022-06-17T18:23:00+02:00,0.97157,0.97165,0.97131,0.97149,90
SQ:USDCHF,2022-06-17T18:24:00+02:00,0.97148,0.97150,0.97135,0.97137,72
SQ:USDCHF,2022-06-17T18:25:00+02:00,0.97136,0.97137,0.97127,0.97134,110
SQ:USDCHF,2022-06-17T18:26:00+02:00,0.97133,0.97137,0.97127,0.97136,72
SQ:USDCHF,2022-06-17T18:27:00+02:00,0.97137,0.97139,0.97127,0.97131,61
SQ:USDCHF,2022-06-17T18:28:00+02:00,0.97131,0.97141,0.97131,0.97132,42
SQ:USDCHF,2022-06-17T18:29:00+02:00,0.97133,0.97140,0.97129,0.97133,57
SQ:USDCHF,2022-06-17T18:30:00+02:00,0.97133,0.97162,0.97133,0.97162,59
SQ:USDCHF,2022-06-17T18:31:00+02:00,0.97162,0.97185,0.97161,0.97180,73
SQ:USDCHF,2022-06-17T18:32:00+02:00,0.97180,0.97182,0.97163,0.97180,54
SQ:USDCHF,2022-06-17T18:33:00+02:00,0.97181,0.97203,0.97167,0.97190,78
SQ:USDCHF,2022-06-17T18:34:00+02:00,0.97190,0.97191,0.97176,0.97178,25
SQ:USDCHF,2022-06-17T18:35:00+02:00,0.97179,0.97190,0.97179,0.97187,49
SQ:USDCHF,2022-06-17T18:36:00+02:00,0.97189,0.97191,0.97166,0.97168,64
SQ:USDCHF,2022-06-17T18:37:00+02:00,0.97167,0.97179,0.97163,0.97175,72
SQ:USDCHF,2022-06-17T18:38:00+02:00,0.97176,0.97189,0.97171,0.97183,89
SQ:USDCHF,2022-06-17T18:39:00+02:00,0.97182,0.97186,0.97168,0.97169,56
SQ:USDCHF,2022-06-17T18:40:00+02:00,0.97168,0.97172,0.97159,0.97162,21
SQ:USDCHF,2022-06-17T18:41:00+02:00,0.97162,0.97175,0.97156,0.97168,89
SQ:USDCHF,2022-06-17T18:42:00+02:00,0.97167,0.97174,0.97167,0.97174,28
SQ:USDCHF,2022-06-17T18:43:00+02:00,0.97173,0.97183,0.97160,0.97160,60
SQ:USDCHF,2022-06-17T18:44:00+02:00,0.97160,0.97164,0.97149,0.97150,84
SQ:USDCHF,2022-06-17T18:45:00+02:00,0.97150,0.97160,0.97149,0.97154,121
SQ:USDCHF,2022-06-17T18:46:00+02:00,0.97153,0.97155,0.97151,0.97154,55
SQ:USDCHF,2022-06-17T18:47:00+02:00,0.97154,0.97173,0.97153,0.97168,136
SQ:USDCHF,2022-06-17T18:48:00+02:00,0.97169,0.97172,0.97162,0.97168,88
SQ:USDCHF,2022-06-17T18:49:00+02:00,0.97166,0.97168,0.97144,0.97144,65
SQ:USDCHF,2022-06-17T18:50:00+02:00,0.97144,0.97153,0.97140,0.97140,81
SQ:USDCHF,2022-06-17T18:51:00+02:00,0.97140,0.97166,0.97137,0.97166,139
SQ:USDCHF,2022-06-17T18:52:00+02:00,0.97166,0.97186,0.97166,0.97180,86
SQ:USDCHF,2022-06-17T18:53:00+02:00,0.97182,0.97182,0.97175,0.97175,30
SQ:USDCHF,2022-06-17T18:54:00+02:00,0.97176,0.97179,0.97152,0.97163,47
SQ:USDCHF,2022-06-17T18:55:00+02:00,0.97161,0.97165,0.97157,0.97159,40
SQ:USDCHF,2022-06-17T18:56:00+02:00,0.97159,0.97165,0.97146,0.97151,73
SQ:USDCHF,2022-06-17T18:57:00+02:00,0.97151,0.97160,0.97140,0.97153,138
SQ:USDCHF,2022-06-17T18:58:00+02:00,0.97154,0.97154,0.97121,0.97129,107
SQ:USDCHF,2022-06-17T18:59:00+02:00,0.97129,0.97138,0.97121,0.97136,123
SQ:USDCHF,2022-06-17T19:00:00+02:00,0.97137,0.97152,0.97127,0.97135,86
SQ:USDCHF,2022-06-17T19:01:00+02:00,0.97135,0.97135,0.97097,0.97097,150
SQ:USDCHF,2022-06-17T19:02:00+02:00,0.97098,0.97100,0.97076,0.97081,133
SQ:USDCHF,2022-06-17T19:03:00+02:00,0.97081,0.97082,0.97056,0.97060,108
SQ:USDCHF,2022-06-17T19:04:00+02:00,0.97059,0.97062,0.97028,0.97034,140
SQ:USDCHF,2022-06-17T19:05:00+02:00,0.97035,0.97037,0.97018,0.97019,188
SQ:USDCHF,2022-06-17T19:06:00+02:00,0.97019,0.97026,0.96999,0.97017,105
SQ:USDCHF,2022-06-17T19:07:00+02:00,0.97017,0.97038,0.97010,0.97038,94
SQ:USDCHF,2022-06-17T19:08:00+02:00,0.97038,0.97056,0.97036,0.97044,70
SQ:USDCHF,2022-06-17T19:09:00+02:00,0.97044,0.97048,0.97041,0.97048,35
SQ:USDCHF,2022-06-17T19:10:00+02:00,0.97048,0.97053,0.97036,0.97038,36
SQ:USDCHF,2022-06-17T19:11:00+02:00,0.97038,0.97038,0.97019,0.97034,64
SQ:USDCHF,2022-06-17T19:12:00+02:00,0.97036,0.97038,0.97016,0.97016,64
SQ:USDCHF,2022-06-17T19:13:00+02:00,0.97016,0.97036,0.97016,0.97035,56
SQ:USDCHF,2022-06-17T19:14:00+02:00,0.97035,0.97043,0.97031,0.97039,63
SQ:USDCHF,2022-06-17T19:15:00+02:00,0.97041,0.97057,0.97037,0.97037,66
SQ:USDCHF,2022-06-17T19:16:00+02:00,0.97037,0.97049,0.97030,0.97030,37
SQ:USDCHF,2022-06-17T19:17:00+02:00,0.97030,0.97039,0.97025,0.97032,34
SQ:USDCHF,2022-06-17T19:18:00+02:00,0.97032,0.97036,0.97027,0.97033,39
SQ:USDCHF,2022-06-17T19:19:00+02:00,0.97033,0.97049,0.97030,0.97047,36
SQ:USDCHF,2022-06-17T19:20:00+02:00,0.97047,0.97049,0.97035,0.97038,61
SQ:USDCHF,2022-06-17T19:21:00+02:00,0.97037,0.97039,0.97026,0.97037,66
SQ:USDCHF,2022-06-17T19:22:00+02:00,0.97037,0.97038,0.97018,0.97023,84
SQ:USDCHF,2022-06-17T19:23:00+02:00,0.97024,0.97033,0.97009,0.97014,90
SQ:USDCHF,2022-06-17T19:24:00+02:00,0.97014,0.97014,0.96970,0.96974,112
SQ:USDCHF,2022-06-17T19:25:00+02:00,0.96974,0.96989,0.96966,0.96979,63
SQ:USDCHF,2022-06-17T19:26:00+02:00,0.96978,0.96982,0.96965,0.96969,39
SQ:USDCHF,2022-06-17T19:27:00+02:00,0.96969,0.96972,0.96957,0.96960,86
SQ:USDCHF,2022-06-17T19:28:00+02:00,0.96959,0.96994,0.96959,0.96982,59
SQ:USDCHF,2022-06-17T19:29:00+02:00,0.96982,0.96991,0.96969,0.96975,95
SQ:USDCHF,2022-06-17T19:30:00+02:00,0.96975,0.96995,0.96963,0.96992,108
SQ:USDCHF,2022-06-17T19:31:00+02:00,0.96992,0.96995,0.96985,0.96986,86
SQ:USDCHF,2022-06-17T19:32:00+02:00,0.96986,0.96992,0.96983,0.96985,64
SQ:USDCHF,2022-06-17T19:33:00+02:00,0.96985,0.96985,0.96970,0.96975,46
SQ:USDCHF,2022-06-17T19:34:00+02:00,0.96976,0.96981,0.96967,0.96971,60
SQ:USDCHF,2022-06-17T19:35:00+02:00,0.96970,0.96985,0.96960,0.96984,111
SQ:USDCHF,2022-06-17T19:36:00+02:00,0.96984,0.96989,0.96981,0.96984,41
SQ:USDCHF,2022-06-17T19:37:00+02:00,0.96986,0.96996,0.96986,0.96990,62
SQ:USDCHF,2022-06-17T19:38:00+02:00,0.96990,0.96995,0.96984,0.96993,49
SQ:USDCHF,2022-06-17T19:39:00+02:00,0.96993,0.97063,0.96991,0.97057,87
SQ:USDCHF,2022-06-17T19:40:00+02:00,0.97057,0.97057,0.97048,0.97050,56
SQ:USDCHF,2022-06-17T19:41:00+02:00,0.97050,0.97053,0.97014,0.97015,89
SQ:USDCHF,2022-06-17T19:42:00+02:00,0.97014,0.97016,0.96964,0.96968,121
SQ:USDCHF,2022-06-17T19:43:00+02:00,0.96969,0.96971,0.96948,0.96960,144
SQ:USDCHF,2022-06-17T19:44:00+02:00,0.96959,0.96970,0.96944,0.96946,137
SQ:USDCHF,2022-06-17T19:45:00+02:00,0.96948,0.96956,0.96942,0.96942,151
SQ:USDCHF,2022-06-17T19:46:00+02:00,0.96942,0.96978,0.96942,0.96972,119
SQ:USDCHF,2022-06-17T19:47:00+02:00,0.96974,0.97009,0.96974,0.97008,78
SQ:USDCHF,2022-06-17T19:48:00+02:00,0.97008,0.97014,0.96999,0.97004,80
SQ:USDCHF,2022-06-17T19:49:00+02:00,0.97003,0.97004,0.96982,0.96992,85
SQ:USDCHF,2022-06-17T19:50:00+02:00,0.96992,0.96992,0.96973,0.96978,98
SQ:USDCHF,2022-06-17T19:51:00+02:00,0.96979,0.96998,0.96977,0.96996,90
SQ:USDCHF,2022-06-17T19:52:00+02:00,0.96996,0.97004,0.96987,0.96997,68
SQ:USDCHF,2022-06-17T19:53:00+02:00,0.96998,0.97001,0.96996,0.97001,40
SQ:USDCHF,2022-06-17T19:54:00+02:00,0.97001,0.97038,0.96998,0.97038,63
SQ:USDCHF,2022-06-17T19:55:00+02:00,0.97037,0.97043,0.97022,0.97033,71
SQ:USDCHF,2022-06-17T19:56:00+02:00,0.97033,0.97036,0.97020,0.97024,96
SQ:USDCHF,2022-06-17T19:57:00+02:00,0.97024,0.97028,0.97021,0.97024,73
SQ:USDCHF,2022-06-17T19:58:00+02:00,0.97023,0.97026,0.97009,0.97017,70
SQ:USDCHF,2022-06-17T19:59:00+02:00,0.97017,0.97030,0.97017,0.97022,33
SQ:USDCHF,2022-06-17T20:00:00+02:00,0.97021,0.97021,0.96973,0.96974,152
SQ:USDCHF,2022-06-17T20:01:00+02:00,0.96975,0.96992,0.96963,0.96970,132
SQ:USDCHF,2022-06-17T20:02:00+02:00,0.96970,0.96974,0.96955,0.96962,123
SQ:USDCHF,2022-06-17T20:03:00+02:00,0.96963,0.96992,0.96956,0.96982,185
SQ:USDCHF,2022-06-17T20:04:00+02:00,0.96983,0.96986,0.96964,0.96969,154
SQ:USDCHF,2022-06-17T20:05:00+02:00,0.96969,0.96979,0.96965,0.96971,72
SQ:USDCHF,2022-06-17T20:06:00+02:00,0.96971,0.96982,0.96969,0.96976,84
SQ:USDCHF,2022-06-17T20:07:00+02:00,0.96976,0.96979,0.96965,0.96968,97
SQ:USDCHF,2022-06-17T20:08:00+02:00,0.96968,0.96971,0.96954,0.96955,86
SQ:USDCHF,2022-06-17T20:09:00+02:00,0.96955,0.96955,0.96939,0.96942,153
SQ:USDCHF,2022-06-17T20:10:00+02:00,0.96942,0.96957,0.96940,0.96952,86
SQ:USDCHF,2022-06-17T20:11:00+02:00,0.96951,0.96955,0.96947,0.96953,50
SQ:USDCHF,2022-06-17T20:12:00+02:00,0.96953,0.96954,0.96939,0.96939,30
SQ:USDCHF,2022-06-17T20:13:00+02:00,0.96940,0.96940,0.96916,0.96919,163
SQ:USDCHF,2022-06-17T20:14:00+02:00,0.96919,0.96925,0.96912,0.96917,128
SQ:USDCHF,2022-06-17T20:15:00+02:00,0.96918,0.96932,0.96914,0.96923,86
SQ:USDCHF,2022-06-17T20:16:00+02:00,0.96921,0.96924,0.96911,0.96915,144
SQ:USDCHF,2022-06-17T20:17:00+02:00,0.96915,0.96928,0.96914,0.96928,61
SQ:USDCHF,2022-06-17T20:18:00+02:00,0.96928,0.96929,0.96923,0.96925,18
SQ:USDCHF,2022-06-17T20:19:00+02:00,0.96925,0.96926,0.96920,0.96923,36
SQ:USDCHF,2022-06-17T20:20:00+02:00,0.96923,0.96924,0.96922,0.96923,5
SQ:USDCHF,2022-06-17T20:21:00+02:00,0.96923,0.96944,0.96923,0.96942,35
SQ:USDCHF,2022-06-17T20:22:00+02:00,0.96942,0.96943,0.96935,0.96939,21
SQ:USDCHF,2022-06-17T20:23:00+02:00,0.96939,0.96956,0.96934,0.96952,54
SQ:USDCHF,2022-06-17T20:24:00+02:00,0.96952,0.96952,0.96936,0.96944,60
SQ:USDCHF,2022-06-17T20:25:00+02:00,0.96944,0.96952,0.96934,0.96944,71
SQ:USDCHF,2022-06-17T20:26:00+02:00,0.96944,0.96944,0.96924,0.96924,47
SQ:USDCHF,2022-06-17T20:27:00+02:00,0.96924,0.96930,0.96914,0.96917,120
SQ:USDCHF,2022-06-17T20:28:00+02:00,0.96917,0.96935,0.96915,0.96935,142
SQ:USDCHF,2022-06-17T20:29:00+02:00,0.96935,0.96962,0.96935,0.96960,74
SQ:USDCHF,2022-06-17T20:30:00+02:00,0.96960,0.96982,0.96957,0.96980,85
SQ:USDCHF,2022-06-17T20:31:00+02:00,0.96980,0.96980,0.96969,0.96972,65
SQ:USDCHF,2022-06-17T20:32:00+02:00,0.96971,0.96973,0.96955,0.96959,53
SQ:USDCHF,2022-06-17T20:33:00+02:00,0.96959,0.96974,0.96958,0.96973,40
SQ:USDCHF,2022-06-17T20:34:00+02:00,0.96974,0.96974,0.96964,0.96965,31
SQ:USDCHF,2022-06-17T20:35:00+02:00,0.96965,0.96970,0.96952,0.96954,50
SQ:USDCHF,2022-06-17T20:36:00+02:00,0.96954,0.96957,0.96938,0.96940,110
SQ:USDCHF,2022-06-17T20:37:00+02:00,0.96940,0.96941,0.96933,0.96934,90
SQ:USDCHF,2022-06-17T20:38:00+02:00,0.96934,0.96948,0.96934,0.96939,76
SQ:USDCHF,2022-06-17T20:39:00+02:00,0.96940,0.96951,0.96936,0.96937,44
SQ:USDCHF,2022-06-17T20:40:00+02:00,0.96937,0.96937,0.96927,0.96932,95
SQ:USDCHF,2022-06-17T20:41:00+02:00,0.96931,0.96938,0.96931,0.96933,44
SQ:USDCHF,2022-06-17T20:42:00+02:00,0.96934,0.96946,0.96934,0.96940,68
SQ:USDCHF,2022-06-17T20:43:00+02:00,0.96940,0.96944,0.96936,0.96942,59
SQ:USDCHF,2022-06-17T20:44:00+02:00,0.96942,0.96948,0.96940,0.96943,31
SQ:USDCHF,2022-06-17T20:45:00+02:00,0.96943,0.96965,0.96942,0.96962,73
SQ:USDCHF,2022-06-17T20:46:00+02:00,0.96960,0.96962,0.96950,0.96955,55
SQ:USDCHF,2022-06-17T20:47:00+02:00,0.96955,0.96974,0.96950,0.96973,67
SQ:USDCHF,2022-06-17T20:48:00+02:00,0.96973,0.96978,0.96970,0.96971,19
SQ:USDCHF,2022-06-17T20:49:00+02:00,0.96971,0.96989,0.96971,0.96989,21
SQ:USDCHF,2022-06-17T20:50:00+02:00,0.96989,0.97003,0.96980,0.97000,83
SQ:USDCHF,2022-06-17T20:51:00+02:00,0.97000,0.97000,0.96989,0.96991,46
SQ:USDCHF,2022-06-17T20:52:00+02:00,0.96991,0.97007,0.96990,0.97004,80
SQ:USDCHF,2022-06-17T20:53:00+02:00,0.97004,0.97006,0.96986,0.96998,90
SQ:USDCHF,2022-06-17T20:54:00+02:00,0.96997,0.96999,0.96982,0.96983,90
SQ:USDCHF,2022-06-17T20:55:00+02:00,0.96983,0.96993,0.96982,0.96993,102
SQ:USDCHF,2022-06-17T20:56:00+02:00,0.96992,0.97022,0.96989,0.97020,99
SQ:USDCHF,2022-06-17T20:57:00+02:00,0.97022,0.97032,0.97022,0.97023,60
SQ:USDCHF,2022-06-17T20:58:00+02:00,0.97023,0.97034,0.97014,0.97025,74
SQ:USDCHF,2022-06-17T20:59:00+02:00,0.97025,0.97036,0.97014,0.97033,187
SQ:USDCHF,2022-06-17T21:00:00+02:00,0.97035,0.97042,0.97024,0.97033,69
SQ:USDCHF,2022-06-17T21:01:00+02:00,0.97032,0.97045,0.97024,0.97030,90
SQ:USDCHF,2022-06-17T21:02:00+02:00,0.97032,0.97042,0.97024,0.97027,78
SQ:USDCHF,2022-06-17T21:03:00+02:00,0.97027,0.97042,0.97024,0.97041,49
SQ:USDCHF,2022-06-17T21:04:00+02:00,0.97041,0.97046,0.97036,0.97046,38
SQ:USDCHF,2022-06-17T21:05:00+02:00,0.97046,0.97059,0.97041,0.97058,41
SQ:USDCHF,2022-06-17T21:06:00+02:00,0.97059,0.97081,0.97056,0.97075,48
SQ:USDCHF,2022-06-17T21:07:00+02:00,0.97075,0.97075,0.97062,0.97068,37
SQ:USDCHF,2022-06-17T21:08:00+02:00,0.97068,0.97069,0.97057,0.97061,47
SQ:USDCHF,2022-06-17T21:09:00+02:00,0.97061,0.97064,0.97057,0.97064,31
SQ:USDCHF,2022-06-17T21:10:00+02:00,0.97063,0.97065,0.97059,0.97062,36
SQ:USDCHF,2022-06-17T21:11:00+02:00,0.97062,0.97065,0.97056,0.97057,30
SQ:USDCHF,2022-06-17T21:12:00+02:00,0.97057,0.97067,0.97054,0.97056,29
SQ:USDCHF,2022-06-17T21:13:00+02:00,0.97055,0.97066,0.97054,0.97062,34
SQ:USDCHF,2022-06-17T21:14:00+02:00,0.97063,0.97067,0.97056,0.97058,36
SQ:USDCHF,2022-06-17T21:15:00+02:00,0.97058,0.97062,0.97051,0.97056,42
SQ:USDCHF,2022-06-17T21:16:00+02:00,0.97055,0.97071,0.97051,0.97064,53
SQ:USDCHF,2022-06-17T21:17:00+02:00,0.97064,0.97064,0.97035,0.97043,38
SQ:USDCHF,2022-06-17T21:18:00+02:00,0.97043,0.97045,0.97039,0.97043,27
SQ:USDCHF,2022-06-17T21:19:00+02:00,0.97043,0.97043,0.97025,0.97029,29
SQ:USDCHF,2022-06-17T21:20:00+02:00,0.97029,0.97029,0.97017,0.97022,34
SQ:USDCHF,2022-06-17T21:21:00+02:00,0.97022,0.97022,0.97014,0.97018,20
SQ:USDCHF,2022-06-17T21:22:00+02:00,0.97018,0.97022,0.97009,0.97012,56
SQ:USDCHF,2022-06-17T21:23:00+02:00,0.97013,0.97018,0.96997,0.96997,31
SQ:USDCHF,2022-06-17T21:24:00+02:00,0.96999,0.97010,0.96998,0.97006,33
SQ:USDCHF,2022-06-17T21:25:00+02:00,0.97006,0.97009,0.97003,0.97009,28
SQ:USDCHF,2022-06-17T21:26:00+02:00,0.97009,0.97017,0.97001,0.97005,39
SQ:USDCHF,2022-06-17T21:27:00+02:00,0.97004,0.97005,0.96995,0.96997,44
SQ:USDCHF,2022-06-17T21:28:00+02:00,0.96997,0.96999,0.96992,0.96992,23
SQ:USDCHF,2022-06-17T21:29:00+02:00,0.96991,0.96994,0.96983,0.96988,50
SQ:USDCHF,2022-06-17T21:30:00+02:00,0.96988,0.96988,0.96979,0.96985,60
SQ:USDCHF,2022-06-17T21:31:00+02:00,0.96986,0.96999,0.96983,0.96997,32
SQ:USDCHF,2022-06-17T21:32:00+02:00,0.96996,0.96997,0.96960,0.96966,45
SQ:USDCHF,2022-06-17T21:33:00+02:00,0.96967,0.96979,0.96964,0.96978,30
SQ:USDCHF,2022-06-17T21:34:00+02:00,0.96978,0.96978,0.96966,0.96970,28
SQ:USDCHF,2022-06-17T21:35:00+02:00,0.96969,0.96975,0.96956,0.96963,48
SQ:USDCHF,2022-06-17T21:36:00+02:00,0.96963,0.96963,0.96950,0.96953,25
SQ:USDCHF,2022-06-17T21:37:00+02:00,0.96953,0.96956,0.96941,0.96946,49
SQ:USDCHF,2022-06-17T21:38:00+02:00,0.96946,0.96953,0.96946,0.96951,41
SQ:USDCHF,2022-06-17T21:39:00+02:00,0.96951,0.96963,0.96951,0.96959,43
SQ:USDCHF,2022-06-17T21:40:00+02:00,0.96959,0.96960,0.96940,0.96942,50
SQ:USDCHF,2022-06-17T21:41:00+02:00,0.96943,0.96946,0.96941,0.96943,22
SQ:USDCHF,2022-06-17T21:42:00+02:00,0.96943,0.96943,0.96937,0.96942,34
SQ:USDCHF,2022-06-17T21:43:00+02:00,0.96942,0.96945,0.96930,0.96930,52
SQ:USDCHF,2022-06-17T21:44:00+02:00,0.96932,0.96932,0.96918,0.96923,70
SQ:USDCHF,2022-06-17T21:45:00+02:00,0.96923,0.96925,0.96917,0.96925,47
SQ:USDCHF,2022-06-17T21:46:00+02:00,0.96926,0.96939,0.96923,0.96930,24
SQ:USDCHF,2022-06-17T21:47:00+02:00,0.96930,0.96938,0.96924,0.96938,36
SQ:USDCHF,2022-06-17T21:48:00+02:00,0.96941,0.96956,0.96941,0.96955,23
SQ:USDCHF,2022-06-17T21:49:00+02:00,0.96957,0.96965,0.96957,0.96963,14
SQ:USDCHF,2022-06-17T21:50:00+02:00,0.96962,0.96973,0.96961,0.96967,72
SQ:USDCHF,2022-06-17T21:51:00+02:00,0.96967,0.96977,0.96960,0.96977,36
SQ:USDCHF,2022-06-17T21:52:00+02:00,0.96976,0.96982,0.96975,0.96975,20
SQ:USDCHF,2022-06-17T21:53:00+02:00,0.96972,0.96972,0.96968,0.96970,17
SQ:USDCHF,2022-06-17T21:54:00+02:00,0.96972,0.96972,0.96934,0.96937,33
SQ:USDCHF,2022-06-17T21:55:00+02:00,0.96936,0.96957,0.96930,0.96957,25
SQ:USDCHF,2022-06-17T21:56:00+02:00,0.96957,0.96991,0.96957,0.96989,50
SQ:USDCHF,2022-06-17T21:57:00+02:00,0.96988,0.97041,0.96988,0.97037,61
SQ:USDCHF,2022-06-17T21:58:00+02:00,0.97037,0.97043,0.97027,0.97035,60
SQ:USDCHF,2022-06-17T21:59:00+02:00,0.97035,0.97043,0.97024,0.97042,48
SQ:USDCHF,2022-06-17T22:00:00+02:00,0.97041,0.97064,0.97033,0.97057,129
SQ:USDCHF,2022-06-17T22:01:00+02:00,0.97058,0.97065,0.97040,0.97042,64
SQ:USDCHF,2022-06-17T22:02:00+02:00,0.97045,0.97069,0.97044,0.97060,37
SQ:USDCHF,2022-06-17T22:03:00+02:00,0.97061,0.97063,0.97056,0.97062,16
SQ:USDCHF,2022-06-17T22:04:00+02:00,0.97063,0.97063,0.97040,0.97046,34
SQ:USDCHF,2022-06-17T22:05:00+02:00,0.97048,0.97049,0.97047,0.97049,4
SQ:USDCHF,2022-06-17T22:06:00+02:00,0.97049,0.97055,0.97049,0.97054,6
SQ:USDCHF,2022-06-17T22:07:00+02:00,0.97054,0.97054,0.97052,0.97052,3
SQ:USDCHF,2022-06-17T22:08:00+02:00,0.97052,0.97062,0.97051,0.97061,20
SQ:USDCHF,2022-06-17T22:09:00+02:00,0.97061,0.97062,0.97059,0.97062,6
SQ:USDCHF,2022-06-17T22:10:00+02:00,0.97061,0.97061,0.97056,0.97058,10
SQ:USDCHF,2022-06-17T22:11:00+02:00,0.97058,0.97099,0.97058,0.97088,36
SQ:USDCHF,2022-06-17T22:12:00+02:00,0.97089,0.97097,0.97081,0.97087,34
SQ:USDCHF,2022-06-17T22:13:00+02:00,0.97089,0.97094,0.97083,0.97083,30
SQ:USDCHF,2022-06-17T22:14:00+02:00,0.97084,0.97087,0.97083,0.97087,24
SQ:USDCHF,2022-06-17T22:15:00+02:00,0.97085,0.97085,0.97061,0.97061,9
SQ:USDCHF,2022-06-17T22:16:00+02:00,0.97061,0.97061,0.97050,0.97054,15
SQ:USDCHF,2022-06-17T22:17:00+02:00,0.97054,0.97057,0.97038,0.97038,23
SQ:USDCHF,2022-06-17T22:18:00+02:00,0.97038,0.97040,0.97037,0.97038,20
SQ:USDCHF,2022-06-17T22:19:00+02:00,0.97038,0.97041,0.97036,0.97037,26
SQ:USDCHF,2022-06-17T22:20:00+02:00,0.97037,0.97037,0.97032,0.97032,15
SQ:USDCHF,2022-06-17T22:21:00+02:00,0.97032,0.97032,0.97016,0.97019,36
SQ:USDCHF,2022-06-17T22:22:00+02:00,0.97019,0.97019,0.97018,0.97019,7
SQ:USDCHF,2022-06-17T22:23:00+02:00,0.97019,0.97020,0.97019,0.97019,3
SQ:USDCHF,2022-06-17T22:24:00+02:00,0.97019,0.97019,0.97013,0.97016,16
SQ:USDCHF,2022-06-17T22:25:00+02:00,0.97016,0.97022,0.97011,0.97014,22
SQ:USDCHF,2022-06-17T22:26:00+02:00,0.97014,0.97022,0.97014,0.97019,27
SQ:USDCHF,2022-06-17T22:27:00+02:00,0.97019,0.97022,0.97017,0.97018,12
SQ:USDCHF,2022-06-17T22:28:00+02:00,0.97019,0.97021,0.97004,0.97020,25
SQ:USDCHF,2022-06-17T22:29:00+02:00,0.97020,0.97051,0.97019,0.97048,55
SQ:USDCHF,2022-06-17T22:30:00+02:00,0.97046,0.97047,0.97042,0.97046,11
SQ:USDCHF,2022-06-17T22:31:00+02:00,0.97046,0.97061,0.97046,0.97059,14
SQ:USDCHF,2022-06-17T22:32:00+02:00,0.97061,0.97061,0.97059,0.97059,2
SQ:USDCHF,2022-06-17T22:33:00+02:00,0.97057,0.97057,0.97057,0.97057,1
SQ:USDCHF,2022-06-17T22:34:00+02:00,0.97059,0.97059,0.97046,0.97047,23
SQ:USDCHF,2022-06-17T22:35:00+02:00,0.97046,0.97047,0.97003,0.97003,43
SQ:USDCHF,2022-06-17T22:36:00+02:00,0.97003,0.97003,0.97000,0.97001,16
SQ:USDCHF,2022-06-17T22:37:00+02:00,0.97002,0.97005,0.97002,0.97003,9
SQ:USDCHF,2022-06-17T22:38:00+02:00,0.97002,0.97007,0.97000,0.97007,18
SQ:USDCHF,2022-06-17T22:39:00+02:00,0.97006,0.97010,0.97006,0.97010,11
SQ:USDCHF,2022-06-17T22:40:00+02:00,0.97010,0.97010,0.97005,0.97009,13
SQ:USDCHF,2022-06-17T22:41:00+02:00,0.97010,0.97019,0.97009,0.97017,14
SQ:USDCHF,2022-06-17T22:42:00+02:00,0.97017,0.97023,0.97017,0.97020,15
SQ:USDCHF,2022-06-17T22:43:00+02:00,0.97020,0.97033,0.97020,0.97032,15
SQ:USDCHF,2022-06-17T22:44:00+02:00,0.97031,0.97032,0.97025,0.97027,23
SQ:USDCHF,2022-06-17T22:45:00+02:00,0.97027,0.97031,0.97024,0.97024,10
SQ:USDCHF,2022-06-17T22:46:00+02:00,0.97024,0.97025,0.97023,0.97025,8
SQ:USDCHF,2022-06-17T22:47:00+02:00,0.97024,0.97024,0.97021,0.97021,3
SQ:USDCHF,2022-06-17T22:48:00+02:00,0.97016,0.97017,0.96988,0.96989,18
SQ:USDCHF,2022-06-17T22:49:00+02:00,0.96989,0.96989,0.96917,0.96925,75
SQ:USDCHF,2022-06-17T22:50:00+02:00,0.96925,0.96932,0.96920,0.96927,30
SQ:USDCHF,2022-06-17T22:51:00+02:00,0.96927,0.96930,0.96920,0.96924,143
SQ:USDCHF,2022-06-17T22:52:00+02:00,0.96926,0.96926,0.96917,0.96922,49
SQ:USDCHF,2022-06-17T22:53:00+02:00,0.96920,0.96936,0.96919,0.96927,83
SQ:USDCHF,2022-06-17T22:54:00+02:00,0.96927,0.96938,0.96920,0.96929,64
