SQ:US500,2018-09-14T00:01:00+02:00,2902.23,2902.24,2901.70,2901.97,83
SQ:US500,2018-09-14T00:02:00+02:00,2901.98,2901.98,2901.71,2901.71,28
SQ:US500,2018-09-14T00:03:00+02:00,2901.73,2901.93,2901.72,2901.93,23
SQ:US500,2018-09-14T00:04:00+02:00,2901.92,2901.93,2901.73,2901.76,25
SQ:US500,2018-09-14T00:05:00+02:00,2901.78,2901.92,2901.74,2901.74,33
SQ:US500,2018-09-14T00:06:00+02:00,2901.75,2901.93,2901.72,2901.93,25
SQ:US500,2018-09-14T00:07:00+02:00,2902.23,2902.50,2902.23,2902.47,31
SQ:US500,2018-09-14T00:08:00+02:00,2902.48,2902.96,2902.48,2902.94,51
SQ:US500,2018-09-14T00:09:00+02:00,2902.93,2903.01,2902.73,2902.98,52
SQ:US500,2018-09-14T00:10:00+02:00,2902.97,2902.99,2902.97,2902.98,4
SQ:US500,2018-09-14T00:11:00+02:00,2902.98,2902.98,2902.97,2902.97,2
SQ:US500,2018-09-14T00:12:00+02:00,2902.98,2902.98,2902.98,2902.98,1
SQ:US500,2018-09-14T00:13:00+02:00,2902.98,2902.98,2902.97,2902.97,2
SQ:US500,2018-09-14T00:14:00+02:00,2902.98,2903.20,2902.98,2903.20,23
SQ:US500,2018-09-14T00:15:00+02:00,2903.21,2903.21,2903.19,2903.19,3
SQ:US500,2018-09-14T00:16:00+02:00,2903.11,2903.11,2902.98,2903.00,16
SQ:US500,2018-09-14T00:17:00+02:00,2903.01,2903.01,2903.01,2903.01,1
SQ:US500,2018-09-14T00:18:00+02:00,2903.02,2903.46,2903.02,2903.45,46
SQ:US500,2018-09-14T00:19:00+02:00,2903.46,2903.48,2903.46,2903.47,4
SQ:US500,2018-09-14T00:20:00+02:00,2903.46,2903.47,2903.46,2903.47,2
SQ:US500,2018-09-14T00:21:00+02:00,2903.48,2903.69,2903.46,2903.49,46
SQ:US500,2018-09-14T00:22:00+02:00,2903.48,2903.49,2903.48,2903.49,2
SQ:US500,2018-09-14T00:23:00+02:00,2903.49,2903.49,2903.48,2903.48,2
SQ:US500,2018-09-14T00:24:00+02:00,2903.49,2903.49,2903.48,2903.48,2
SQ:US500,2018-09-14T00:25:00+02:00,2903.47,2903.49,2903.47,2903.49,3
SQ:US500,2018-09-14T00:26:00+02:00,2903.48,2903.71,2903.48,2903.71,24
SQ:US500,2018-09-14T00:27:00+02:00,2903.52,2903.52,2903.49,2903.49,4
SQ:US500,2018-09-14T00:28:00+02:00,2903.48,2903.48,2903.47,2903.48,3
SQ:US500,2018-09-14T00:29:00+02:00,2903.43,2903.43,2902.96,2902.96,48
SQ:US500,2018-09-14T00:30:00+02:00,2902.95,2902.95,2902.74,2902.95,43
SQ:US500,2018-09-14T00:31:00+02:00,2902.94,2902.94,2902.94,2902.94,1
SQ:US500,2018-09-14T00:32:00+02:00,2902.73,2902.74,2902.72,2902.73,5
SQ:US500,2018-09-14T00:33:00+02:00,2902.72,2902.73,2902.69,2902.70,7
SQ:US500,2018-09-14T00:34:00+02:00,2902.69,2902.70,2902.67,2902.70,6
SQ:US500,2018-09-14T00:35:00+02:00,2902.70,2902.70,2902.70,2902.70,1
SQ:US500,2018-09-14T00:36:00+02:00,2902.69,2902.69,2902.69,2902.69,1
SQ:US500,2018-09-14T00:37:00+02:00,2902.70,2902.70,2902.69,2902.70,3
SQ:US500,2018-09-14T00:38:00+02:00,2902.53,2902.53,2902.45,2902.48,12
SQ:US500,2018-09-14T00:39:00+02:00,2902.53,2902.96,2902.53,2902.96,44
SQ:US500,2018-09-14T00:40:00+02:00,2902.97,2902.98,2902.71,2902.71,29
SQ:US500,2018-09-14T00:41:00+02:00,2902.71,2902.71,2902.71,2902.71,1
SQ:US500,2018-09-14T00:43:00+02:00,2902.71,2902.72,2902.71,2902.72,2
SQ:US500,2018-09-14T00:44:00+02:00,2902.73,2902.74,2902.71,2902.71,5
SQ:US500,2018-09-14T00:45:00+02:00,2902.72,2902.72,2902.71,2902.72,3
SQ:US500,2018-09-14T00:46:00+02:00,2902.71,2902.72,2902.71,2902.71,3
SQ:US500,2018-09-14T00:47:00+02:00,2902.72,2902.72,2902.71,2902.71,2
SQ:US500,2018-09-14T00:48:00+02:00,2902.72,2902.97,2902.71,2902.97,28
SQ:US500,2018-09-14T00:49:00+02:00,2902.96,2902.97,2902.96,2902.97,2
SQ:US500,2018-09-14T00:50:00+02:00,2902.96,2902.96,2902.96,2902.96,1
SQ:US500,2018-09-14T00:51:00+02:00,2902.96,2902.96,2902.96,2902.96,1
SQ:US500,2018-09-14T00:52:00+02:00,2902.97,2903.20,2902.97,2903.20,24
SQ:US500,2018-09-14T00:53:00+02:00,2903.21,2903.27,2903.20,2903.27,9
SQ:US500,2018-09-14T00:54:00+02:00,2903.28,2903.33,2903.27,2903.27,12
SQ:US500,2018-09-14T00:55:00+02:00,2903.28,2903.33,2903.26,2903.26,13
SQ:US500,2018-09-14T00:56:00+02:00,2903.25,2903.26,2903.25,2903.26,2
SQ:US500,2018-09-14T00:57:00+02:00,2903.25,2903.25,2903.25,2903.25,1
SQ:US500,2018-09-14T00:58:00+02:00,2903.24,2903.25,2903.24,2903.24,3
SQ:US500,2018-09-14T00:59:00+02:00,2903.25,2903.26,2903.25,2903.26,2
SQ:US500,2018-09-14T01:00:00+02:00,2903.25,2903.25,2903.23,2903.24,4
SQ:US500,2018-09-14T01:01:00+02:00,2903.25,2903.28,2903.23,2903.26,10
SQ:US500,2018-09-14T01:02:00+02:00,2903.27,2903.27,2903.21,2903.23,9
SQ:US500,2018-09-14T01:03:00+02:00,2903.22,2903.22,2903.21,2903.21,2
SQ:US500,2018-09-14T01:04:00+02:00,2903.02,2903.02,2903.00,2903.01,4
SQ:US500,2018-09-14T01:05:00+02:00,2903.18,2903.18,2902.75,2902.75,44
SQ:US500,2018-09-14T01:06:00+02:00,2902.74,2902.97,2902.73,2902.97,26
SQ:US500,2018-09-14T01:07:00+02:00,2902.87,2902.87,2902.74,2902.74,14
SQ:US500,2018-09-14T01:08:00+02:00,2902.75,2902.75,2902.72,2902.73,5
SQ:US500,2018-09-14T01:09:00+02:00,2902.72,2902.73,2902.72,2902.73,2
SQ:US500,2018-09-14T01:10:00+02:00,2902.72,2902.72,2902.71,2902.71,2
SQ:US500,2018-09-14T01:11:00+02:00,2902.96,2902.99,2902.94,2902.95,10
SQ:US500,2018-09-14T01:12:00+02:00,2902.75,2902.91,2902.74,2902.74,34
SQ:US500,2018-09-14T01:13:00+02:00,2902.75,2902.75,2902.74,2902.75,3
SQ:US500,2018-09-14T01:14:00+02:00,2902.74,2902.75,2902.74,2902.74,3
SQ:US500,2018-09-14T01:15:00+02:00,2902.75,2902.75,2902.74,2902.74,2
SQ:US500,2018-09-14T01:16:00+02:00,2902.75,2902.75,2902.75,2902.75,1
SQ:US500,2018-09-14T01:17:00+02:00,2902.74,2902.76,2902.74,2902.76,3
SQ:US500,2018-09-14T01:18:00+02:00,2902.75,2902.76,2902.74,2902.75,5
SQ:US500,2018-09-14T01:19:00+02:00,2902.76,2902.93,2902.75,2902.75,36
SQ:US500,2018-09-14T01:20:00+02:00,2902.74,2902.75,2902.50,2902.53,30
SQ:US500,2018-09-14T01:21:00+02:00,2902.52,2902.52,2902.50,2902.50,3
SQ:US500,2018-09-14T01:22:00+02:00,2902.49,2902.49,2902.49,2902.49,1
SQ:US500,2018-09-14T01:23:00+02:00,2902.49,2902.51,2902.49,2902.51,3
SQ:US500,2018-09-14T01:24:00+02:00,2902.52,2902.52,2902.50,2902.50,3
SQ:US500,2018-09-14T01:25:00+02:00,2902.50,2902.50,2902.50,2902.50,1
SQ:US500,2018-09-14T01:26:00+02:00,2902.48,2902.50,2902.48,2902.50,3
SQ:US500,2018-09-14T01:27:00+02:00,2902.51,2902.53,2902.50,2902.52,6
SQ:US500,2018-09-14T01:28:00+02:00,2902.51,2902.52,2902.51,2902.52,2
SQ:US500,2018-09-14T01:29:00+02:00,2902.53,2902.53,2902.52,2902.52,2
SQ:US500,2018-09-14T01:30:00+02:00,2902.69,2902.69,2902.52,2902.52,18
SQ:US500,2018-09-14T01:31:00+02:00,2902.53,2902.73,2902.53,2902.73,21
SQ:US500,2018-09-14T01:32:00+02:00,2902.74,2902.99,2902.73,2902.99,28
SQ:US500,2018-09-14T01:33:00+02:00,2903.00,2903.23,2903.00,2903.23,24
SQ:US500,2018-09-14T01:34:00+02:00,2903.24,2903.43,2903.24,2903.43,20
SQ:US500,2018-09-14T01:35:00+02:00,2903.44,2903.46,2903.44,2903.46,3
SQ:US500,2018-09-14T01:36:00+02:00,2903.47,2903.52,2903.26,2903.26,32
SQ:US500,2018-09-14T01:37:00+02:00,2903.35,2903.48,2903.28,2903.47,29
SQ:US500,2018-09-14T01:38:00+02:00,2903.46,2903.46,2903.27,2903.27,20
SQ:US500,2018-09-14T01:39:00+02:00,2903.28,2903.28,2903.27,2903.27,2
SQ:US500,2018-09-14T01:40:00+02:00,2903.26,2903.41,2903.26,2903.41,16
SQ:US500,2018-09-14T01:41:00+02:00,2903.42,2903.43,2903.42,2903.43,2
SQ:US500,2018-09-14T01:42:00+02:00,2903.42,2903.48,2903.42,2903.48,7
SQ:US500,2018-09-14T01:43:00+02:00,2903.47,2903.48,2903.46,2903.47,5
SQ:US500,2018-09-14T01:44:00+02:00,2903.44,2903.46,2903.42,2903.46,7
SQ:US500,2018-09-14T01:45:00+02:00,2903.45,2903.50,2903.45,2903.50,6
SQ:US500,2018-09-14T01:46:00+02:00,2903.42,2903.72,2903.25,2903.71,66
SQ:US500,2018-09-14T01:47:00+02:00,2903.74,2903.98,2903.74,2903.97,26
SQ:US500,2018-09-14T01:48:00+02:00,2903.96,2903.97,2903.95,2903.95,4
SQ:US500,2018-09-14T01:49:00+02:00,2903.96,2903.99,2903.96,2903.99,4
SQ:US500,2018-09-14T01:50:00+02:00,2903.98,2903.99,2903.97,2903.97,4
SQ:US500,2018-09-14T01:51:00+02:00,2903.96,2903.96,2903.73,2903.96,47
SQ:US500,2018-09-14T01:52:00+02:00,2903.95,2903.95,2903.76,2903.76,20
SQ:US500,2018-09-14T01:53:00+02:00,2903.77,2903.77,2903.72,2903.73,7
SQ:US500,2018-09-14T01:54:00+02:00,2903.72,2903.73,2903.71,2903.71,4
SQ:US500,2018-09-14T01:55:00+02:00,2903.72,2903.72,2903.48,2903.59,36
SQ:US500,2018-09-14T01:56:00+02:00,2903.68,2903.68,2903.42,2903.44,29
SQ:US500,2018-09-14T01:57:00+02:00,2903.45,2903.47,2903.25,2903.25,25
SQ:US500,2018-09-14T01:58:00+02:00,2903.24,2903.25,2902.98,2903.19,50
SQ:US500,2018-09-14T01:59:00+02:00,2902.99,2903.17,2902.99,2903.17,19
SQ:US500,2018-09-14T02:00:00+02:00,2903.52,2904.44,2903.47,2903.75,172
SQ:US500,2018-09-14T02:01:00+02:00,2903.94,2903.94,2903.73,2903.77,26
SQ:US500,2018-09-14T02:02:00+02:00,2903.76,2904.22,2903.74,2904.02,71
SQ:US500,2018-09-14T02:03:00+02:00,2904.03,2904.21,2903.98,2904.21,29
SQ:US500,2018-09-14T02:04:00+02:00,2904.20,2904.44,2904.20,2904.43,26
SQ:US500,2018-09-14T02:05:00+02:00,2904.44,2904.71,2904.43,2904.71,30
SQ:US500,2018-09-14T02:06:00+02:00,2904.73,2904.92,2903.96,2904.02,122
SQ:US500,2018-09-14T02:07:00+02:00,2904.03,2904.18,2903.97,2904.01,41
SQ:US500,2018-09-14T02:08:00+02:00,2904.00,2904.24,2903.99,2904.24,27
SQ:US500,2018-09-14T02:09:00+02:00,2904.25,2904.68,2904.25,2904.46,66
SQ:US500,2018-09-14T02:10:00+02:00,2904.47,2904.77,2904.45,2904.75,37
SQ:US500,2018-09-14T02:11:00+02:00,2904.73,2905.17,2904.73,2904.95,67
SQ:US500,2018-09-14T02:12:00+02:00,2904.94,2904.95,2904.24,2904.24,73
SQ:US500,2018-09-14T02:13:00+02:00,2904.23,2904.26,2903.93,2904.24,66
SQ:US500,2018-09-14T02:14:00+02:00,2904.25,2904.52,2904.23,2904.28,56
SQ:US500,2018-09-14T02:15:00+02:00,2904.27,2904.27,2903.85,2903.96,54
SQ:US500,2018-09-14T02:16:00+02:00,2903.95,2903.95,2903.73,2903.74,24
SQ:US500,2018-09-14T02:17:00+02:00,2903.73,2903.76,2903.47,2903.72,58
SQ:US500,2018-09-14T02:18:00+02:00,2903.71,2903.74,2903.20,2903.48,86
SQ:US500,2018-09-14T02:19:00+02:00,2903.47,2903.70,2903.44,2903.44,50
SQ:US500,2018-09-14T02:20:00+02:00,2903.43,2903.50,2902.97,2903.49,101
SQ:US500,2018-09-14T02:21:00+02:00,2903.48,2903.48,2902.95,2903.00,59
SQ:US500,2018-09-14T02:22:00+02:00,2903.01,2903.20,2902.95,2903.20,32
SQ:US500,2018-09-14T02:23:00+02:00,2903.21,2903.23,2902.95,2902.95,31
SQ:US500,2018-09-14T02:24:00+02:00,2902.94,2902.99,2902.94,2902.99,6
SQ:US500,2018-09-14T02:25:00+02:00,2903.17,2903.50,2903.01,2903.47,69
SQ:US500,2018-09-14T02:26:00+02:00,2903.48,2903.71,2903.45,2903.70,31
SQ:US500,2018-09-14T02:27:00+02:00,2903.71,2903.73,2903.50,2903.69,45
SQ:US500,2018-09-14T02:28:00+02:00,2903.68,2903.69,2903.48,2903.48,23
SQ:US500,2018-09-14T02:29:00+02:00,2903.49,2903.49,2903.23,2903.23,27
SQ:US500,2018-09-14T02:30:00+02:00,2903.25,2903.53,2903.22,2903.49,39
SQ:US500,2018-09-14T02:31:00+02:00,2903.48,2903.59,2903.26,2903.59,56
SQ:US500,2018-09-14T02:32:00+02:00,2903.58,2903.98,2903.49,2903.97,60
SQ:US500,2018-09-14T02:33:00+02:00,2903.98,2904.02,2902.95,2902.95,112
SQ:US500,2018-09-14T02:34:00+02:00,2902.94,2902.95,2902.78,2902.95,34
SQ:US500,2018-09-14T02:35:00+02:00,2902.97,2903.21,2902.95,2902.96,52
SQ:US500,2018-09-14T02:36:00+02:00,2902.97,2903.00,2902.75,2902.75,29
SQ:US500,2018-09-14T02:37:00+02:00,2902.74,2903.01,2902.70,2902.98,39
SQ:US500,2018-09-14T02:38:00+02:00,2903.01,2903.24,2903.01,2903.20,28
SQ:US500,2018-09-14T02:39:00+02:00,2903.19,2903.22,2903.19,2903.21,5
SQ:US500,2018-09-14T02:40:00+02:00,2903.22,2903.22,2903.19,2903.21,6
SQ:US500,2018-09-14T02:41:00+02:00,2903.23,2903.23,2903.20,2903.21,5
SQ:US500,2018-09-14T02:42:00+02:00,2903.22,2903.48,2903.21,2903.47,30
SQ:US500,2018-09-14T02:43:00+02:00,2903.46,2903.46,2903.24,2903.24,23
SQ:US500,2018-09-14T02:44:00+02:00,2903.23,2903.27,2903.01,2903.27,49
SQ:US500,2018-09-14T02:45:00+02:00,2903.28,2903.67,2903.26,2903.26,81
SQ:US500,2018-09-14T02:46:00+02:00,2903.27,2903.49,2903.27,2903.46,26
SQ:US500,2018-09-14T02:47:00+02:00,2903.47,2903.47,2903.23,2903.45,47
SQ:US500,2018-09-14T02:48:00+02:00,2903.43,2903.47,2903.23,2903.25,31
SQ:US500,2018-09-14T02:49:00+02:00,2903.24,2903.47,2903.24,2903.41,30
SQ:US500,2018-09-14T02:50:00+02:00,2903.45,2903.96,2903.45,2903.83,65
SQ:US500,2018-09-14T02:51:00+02:00,2903.92,2903.96,2903.77,2903.94,37
SQ:US500,2018-09-14T02:52:00+02:00,2903.92,2904.21,2903.84,2904.19,48
SQ:US500,2018-09-14T02:53:00+02:00,2904.21,2904.23,2904.17,2904.22,12
SQ:US500,2018-09-14T02:54:00+02:00,2903.98,2904.22,2903.76,2903.96,91
SQ:US500,2018-09-14T02:55:00+02:00,2903.93,2904.45,2903.93,2904.00,98
SQ:US500,2018-09-14T02:56:00+02:00,2904.01,2904.16,2903.94,2904.16,30
SQ:US500,2018-09-14T02:57:00+02:00,2904.10,2904.10,2903.73,2903.98,63
SQ:US500,2018-09-14T02:58:00+02:00,2903.97,2904.20,2903.94,2904.20,30
SQ:US500,2018-09-14T02:59:00+02:00,2904.21,2904.21,2903.99,2904.18,42
SQ:US500,2018-09-14T03:00:00+02:00,2904.16,2904.21,2903.99,2904.01,30
SQ:US500,2018-09-14T03:01:00+02:00,2904.00,2904.16,2903.99,2903.99,34
SQ:US500,2018-09-14T03:02:00+02:00,2904.01,2904.19,2903.74,2903.76,66
SQ:US500,2018-09-14T03:03:00+02:00,2903.75,2903.76,2903.73,2903.73,5
SQ:US500,2018-09-14T03:04:00+02:00,2903.72,2904.03,2903.72,2904.01,34
SQ:US500,2018-09-14T03:05:00+02:00,2904.00,2904.22,2904.00,2904.20,25
SQ:US500,2018-09-14T03:06:00+02:00,2904.19,2904.21,2904.01,2904.21,39
SQ:US500,2018-09-14T03:07:00+02:00,2904.20,2904.69,2903.98,2904.24,139
SQ:US500,2018-09-14T03:08:00+02:00,2904.23,2904.68,2904.23,2904.46,68
SQ:US500,2018-09-14T03:09:00+02:00,2904.45,2904.46,2904.44,2904.46,4
SQ:US500,2018-09-14T03:10:00+02:00,2904.45,2904.46,2904.44,2904.45,5
SQ:US500,2018-09-14T03:11:00+02:00,2904.44,2904.45,2904.44,2904.45,2
SQ:US500,2018-09-14T03:12:00+02:00,2904.44,2904.46,2904.26,2904.42,39
SQ:US500,2018-09-14T03:13:00+02:00,2904.44,2904.47,2904.43,2904.44,9
SQ:US500,2018-09-14T03:14:00+02:00,2904.45,2904.46,2904.44,2904.45,5
SQ:US500,2018-09-14T03:15:00+02:00,2904.44,2904.44,2903.99,2904.20,67
SQ:US500,2018-09-14T03:16:00+02:00,2904.19,2904.72,2904.19,2904.72,54
SQ:US500,2018-09-14T03:17:00+02:00,2904.74,2904.78,2904.24,2904.24,59
SQ:US500,2018-09-14T03:18:00+02:00,2904.25,2904.25,2903.94,2903.94,32
SQ:US500,2018-09-14T03:19:00+02:00,2903.92,2903.92,2903.73,2903.73,20
SQ:US500,2018-09-14T03:20:00+02:00,2903.68,2903.96,2903.59,2903.73,70
SQ:US500,2018-09-14T03:21:00+02:00,2903.74,2903.94,2903.68,2903.70,49
SQ:US500,2018-09-14T03:22:00+02:00,2903.68,2903.73,2903.49,2903.49,30
SQ:US500,2018-09-14T03:23:00+02:00,2903.47,2903.47,2903.23,2903.44,46
SQ:US500,2018-09-14T03:24:00+02:00,2903.45,2903.68,2903.45,2903.51,41
SQ:US500,2018-09-14T03:25:00+02:00,2903.50,2903.96,2903.27,2903.95,94
SQ:US500,2018-09-14T03:26:00+02:00,2903.94,2903.94,2903.74,2903.77,24
SQ:US500,2018-09-14T03:27:00+02:00,2903.76,2903.76,2903.71,2903.74,9
SQ:US500,2018-09-14T03:28:00+02:00,2903.73,2903.92,2903.51,2903.68,78
SQ:US500,2018-09-14T03:29:00+02:00,2903.67,2903.67,2903.43,2903.47,29
SQ:US500,2018-09-14T03:30:00+02:00,2903.48,2903.48,2902.52,2902.70,115
SQ:US500,2018-09-14T03:31:00+02:00,2902.69,2902.69,2902.25,2902.25,45
SQ:US500,2018-09-14T03:32:00+02:00,2902.24,2902.24,2901.42,2901.45,86
SQ:US500,2018-09-14T03:33:00+02:00,2901.42,2902.02,2901.20,2902.02,105
SQ:US500,2018-09-14T03:34:00+02:00,2902.01,2902.20,2901.74,2901.99,91
SQ:US500,2018-09-14T03:35:00+02:00,2901.95,2901.97,2901.24,2901.96,146
SQ:US500,2018-09-14T03:36:00+02:00,2901.91,2902.22,2901.74,2901.91,97
SQ:US500,2018-09-14T03:37:00+02:00,2901.92,2902.21,2901.73,2902.19,70
SQ:US500,2018-09-14T03:38:00+02:00,2902.20,2902.25,2901.71,2901.72,61
SQ:US500,2018-09-14T03:39:00+02:00,2901.74,2901.99,2901.70,2901.93,40
SQ:US500,2018-09-14T03:40:00+02:00,2901.77,2901.77,2901.23,2901.70,102
SQ:US500,2018-09-14T03:41:00+02:00,2901.74,2901.91,2901.71,2901.74,41
SQ:US500,2018-09-14T03:42:00+02:00,2901.73,2901.91,2901.47,2901.47,63
SQ:US500,2018-09-14T03:43:00+02:00,2901.48,2901.53,2901.23,2901.24,37
SQ:US500,2018-09-14T03:44:00+02:00,2901.23,2901.24,2901.00,2901.00,26
SQ:US500,2018-09-14T03:45:00+02:00,2900.78,2901.44,2900.76,2901.25,90
SQ:US500,2018-09-14T03:46:00+02:00,2901.26,2901.70,2901.21,2901.67,58
SQ:US500,2018-09-14T03:47:00+02:00,2901.60,2901.67,2901.00,2901.18,93
SQ:US500,2018-09-14T03:48:00+02:00,2901.19,2901.48,2901.16,2901.48,36
SQ:US500,2018-09-14T03:49:00+02:00,2901.47,2901.99,2901.47,2901.95,57
SQ:US500,2018-09-14T03:50:00+02:00,2901.94,2901.95,2901.68,2901.77,38
SQ:US500,2018-09-14T03:51:00+02:00,2901.76,2901.92,2901.51,2901.72,79
SQ:US500,2018-09-14T03:52:00+02:00,2901.71,2902.01,2901.71,2901.94,38
SQ:US500,2018-09-14T03:53:00+02:00,2901.95,2902.01,2901.49,2901.66,76
SQ:US500,2018-09-14T03:54:00+02:00,2901.53,2901.75,2901.49,2901.72,34
SQ:US500,2018-09-14T03:55:00+02:00,2901.70,2902.22,2901.49,2902.21,96
SQ:US500,2018-09-14T03:56:00+02:00,2902.16,2902.18,2901.91,2901.94,33
SQ:US500,2018-09-14T03:57:00+02:00,2901.95,2902.00,2901.93,2901.93,13
SQ:US500,2018-09-14T03:58:00+02:00,2901.85,2901.95,2901.75,2901.92,34
SQ:US500,2018-09-14T03:59:00+02:00,2901.91,2901.95,2901.77,2901.92,36
SQ:US500,2018-09-14T04:00:00+02:00,2901.93,2902.52,2901.76,2902.46,100
SQ:US500,2018-09-14T04:01:00+02:00,2902.45,2903.19,2902.45,2903.02,92
SQ:US500,2018-09-14T04:02:00+02:00,2903.03,2903.21,2902.44,2903.21,137
SQ:US500,2018-09-14T04:03:00+02:00,2903.22,2903.51,2903.20,2903.50,35
SQ:US500,2018-09-14T04:04:00+02:00,2903.49,2903.72,2903.18,2903.46,106
SQ:US500,2018-09-14T04:05:00+02:00,2903.43,2903.84,2902.95,2903.69,153
SQ:US500,2018-09-14T04:06:00+02:00,2903.73,2903.93,2903.50,2903.76,84
SQ:US500,2018-09-14T04:07:00+02:00,2903.78,2903.91,2903.68,2903.74,43
SQ:US500,2018-09-14T04:08:00+02:00,2903.75,2903.97,2903.69,2903.93,39
SQ:US500,2018-09-14T04:09:00+02:00,2903.94,2904.19,2903.93,2904.01,46
SQ:US500,2018-09-14T04:10:00+02:00,2904.00,2904.23,2903.98,2904.23,28
SQ:US500,2018-09-14T04:11:00+02:00,2904.22,2904.70,2904.22,2904.46,73
SQ:US500,2018-09-14T04:12:00+02:00,2904.47,2904.48,2904.23,2904.43,47
SQ:US500,2018-09-14T04:13:00+02:00,2904.44,2904.44,2904.24,2904.44,41
SQ:US500,2018-09-14T04:14:00+02:00,2904.43,2904.44,2904.25,2904.42,38
SQ:US500,2018-09-14T04:15:00+02:00,2904.44,2904.45,2904.26,2904.41,36
SQ:US500,2018-09-14T04:16:00+02:00,2904.33,2904.33,2904.23,2904.24,12
SQ:US500,2018-09-14T04:17:00+02:00,2904.25,2904.26,2904.20,2904.20,8
SQ:US500,2018-09-14T04:18:00+02:00,2904.22,2904.23,2903.92,2903.95,36
SQ:US500,2018-09-14T04:19:00+02:00,2903.94,2904.19,2903.92,2903.93,54
SQ:US500,2018-09-14T04:20:00+02:00,2903.92,2904.16,2903.92,2904.16,25
SQ:US500,2018-09-14T04:21:00+02:00,2904.09,2904.21,2903.99,2904.01,37
SQ:US500,2018-09-14T04:22:00+02:00,2904.00,2904.19,2903.98,2904.19,24
SQ:US500,2018-09-14T04:23:00+02:00,2904.20,2904.22,2904.02,2904.17,38
SQ:US500,2018-09-14T04:24:00+02:00,2904.16,2904.43,2903.98,2904.16,91
SQ:US500,2018-09-14T04:25:00+02:00,2904.17,2904.48,2904.17,2904.47,33
SQ:US500,2018-09-14T04:26:00+02:00,2904.49,2904.68,2904.21,2904.44,90
SQ:US500,2018-09-14T04:27:00+02:00,2904.45,2904.49,2904.41,2904.48,14
SQ:US500,2018-09-14T04:28:00+02:00,2904.47,2904.51,2904.45,2904.50,10
SQ:US500,2018-09-14T04:29:00+02:00,2904.51,2904.51,2904.46,2904.46,6
SQ:US500,2018-09-14T04:30:00+02:00,2904.45,2904.46,2904.45,2904.45,3
SQ:US500,2018-09-14T04:31:00+02:00,2904.46,2904.70,2904.26,2904.27,70
SQ:US500,2018-09-14T04:32:00+02:00,2904.25,2904.27,2904.17,2904.18,14
SQ:US500,2018-09-14T04:33:00+02:00,2904.17,2904.47,2904.17,2904.47,31
SQ:US500,2018-09-14T04:34:00+02:00,2904.46,2904.47,2904.28,2904.45,38
SQ:US500,2018-09-14T04:35:00+02:00,2904.47,2904.72,2904.47,2904.72,26
SQ:US500,2018-09-14T04:36:00+02:00,2904.93,2904.93,2904.75,2904.76,20
SQ:US500,2018-09-14T04:37:00+02:00,2904.75,2904.77,2904.69,2904.70,12
SQ:US500,2018-09-14T04:38:00+02:00,2904.71,2904.74,2904.49,2904.50,30
SQ:US500,2018-09-14T04:39:00+02:00,2904.51,2904.51,2904.25,2904.26,28
SQ:US500,2018-09-14T04:40:00+02:00,2904.23,2904.25,2904.21,2904.25,7
SQ:US500,2018-09-14T04:41:00+02:00,2904.24,2904.25,2903.99,2904.08,37
SQ:US500,2018-09-14T04:42:00+02:00,2904.01,2904.21,2904.01,2904.21,21
SQ:US500,2018-09-14T04:43:00+02:00,2904.20,2904.20,2904.03,2904.03,18
SQ:US500,2018-09-14T04:44:00+02:00,2904.08,2904.22,2904.08,2904.20,17
SQ:US500,2018-09-14T04:45:00+02:00,2904.19,2904.43,2904.01,2904.28,76
SQ:US500,2018-09-14T04:46:00+02:00,2904.27,2904.51,2904.26,2904.50,28
SQ:US500,2018-09-14T04:47:00+02:00,2904.49,2904.69,2904.47,2904.52,42
SQ:US500,2018-09-14T04:48:00+02:00,2904.51,2904.59,2904.27,2904.45,59
SQ:US500,2018-09-14T04:49:00+02:00,2904.42,2904.52,2904.42,2904.46,17
SQ:US500,2018-09-14T04:50:00+02:00,2904.49,2904.69,2904.43,2904.45,49
SQ:US500,2018-09-14T04:51:00+02:00,2904.46,2904.73,2904.46,2904.71,30
SQ:US500,2018-09-14T04:52:00+02:00,2904.72,2904.73,2904.70,2904.70,5
SQ:US500,2018-09-14T04:53:00+02:00,2904.71,2904.71,2904.51,2904.53,23
SQ:US500,2018-09-14T04:54:00+02:00,2904.52,2904.74,2904.47,2904.72,35
SQ:US500,2018-09-14T04:55:00+02:00,2904.71,2904.74,2904.70,2904.70,8
SQ:US500,2018-09-14T04:56:00+02:00,2904.69,2904.70,2904.48,2904.51,27
SQ:US500,2018-09-14T04:57:00+02:00,2904.52,2904.67,2904.41,2904.43,44
SQ:US500,2018-09-14T04:58:00+02:00,2904.42,2904.42,2903.93,2904.24,81
SQ:US500,2018-09-14T04:59:00+02:00,2904.23,2904.25,2904.20,2904.21,9
SQ:US500,2018-09-14T05:00:00+02:00,2904.22,2904.26,2904.20,2904.26,9
SQ:US500,2018-09-14T05:01:00+02:00,2904.23,2904.43,2904.23,2904.42,22
SQ:US500,2018-09-14T05:02:00+02:00,2904.43,2904.47,2904.24,2904.45,45
SQ:US500,2018-09-14T05:03:00+02:00,2904.44,2904.46,2904.44,2904.46,3
SQ:US500,2018-09-14T05:04:00+02:00,2904.47,2904.50,2904.46,2904.47,9
SQ:US500,2018-09-14T05:05:00+02:00,2904.48,2904.50,2904.46,2904.47,8
SQ:US500,2018-09-14T05:06:00+02:00,2904.46,2904.46,2904.17,2904.17,30
SQ:US500,2018-09-14T05:07:00+02:00,2904.16,2904.24,2904.00,2904.23,42
SQ:US500,2018-09-14T05:08:00+02:00,2904.25,2904.26,2904.22,2904.23,7
SQ:US500,2018-09-14T05:09:00+02:00,2904.24,2904.66,2904.22,2904.45,68
SQ:US500,2018-09-14T05:10:00+02:00,2904.27,2904.45,2904.25,2904.26,40
SQ:US500,2018-09-14T05:11:00+02:00,2904.25,2904.51,2904.25,2904.46,32
SQ:US500,2018-09-14T05:12:00+02:00,2904.45,2904.45,2904.25,2904.42,38
SQ:US500,2018-09-14T05:13:00+02:00,2904.41,2904.44,2904.25,2904.26,24
SQ:US500,2018-09-14T05:14:00+02:00,2904.25,2904.28,2904.18,2904.28,18
SQ:US500,2018-09-14T05:15:00+02:00,2904.27,2904.27,2904.21,2904.23,9
SQ:US500,2018-09-14T05:16:00+02:00,2904.22,2904.23,2904.01,2904.17,40
SQ:US500,2018-09-14T05:17:00+02:00,2904.20,2904.22,2904.02,2904.21,40
SQ:US500,2018-09-14T05:18:00+02:00,2904.20,2904.27,2903.99,2903.99,36
SQ:US500,2018-09-14T05:19:00+02:00,2903.98,2904.22,2903.98,2904.22,25
SQ:US500,2018-09-14T05:20:00+02:00,2904.21,2904.28,2903.99,2904.21,59
SQ:US500,2018-09-14T05:21:00+02:00,2904.22,2904.24,2904.02,2904.23,44
SQ:US500,2018-09-14T05:22:00+02:00,2904.24,2904.46,2904.23,2904.46,25
SQ:US500,2018-09-14T05:23:00+02:00,2904.45,2904.48,2904.45,2904.48,4
SQ:US500,2018-09-14T05:24:00+02:00,2904.52,2904.53,2904.25,2904.26,31
SQ:US500,2018-09-14T05:25:00+02:00,2904.27,2904.42,2904.17,2904.34,44
SQ:US500,2018-09-14T05:26:00+02:00,2904.41,2904.46,2904.24,2904.44,42
SQ:US500,2018-09-14T05:27:00+02:00,2904.43,2904.46,2904.00,2904.22,72
SQ:US500,2018-09-14T05:28:00+02:00,2904.19,2904.46,2904.19,2904.22,52
SQ:US500,2018-09-14T05:29:00+02:00,2904.23,2904.23,2903.98,2904.03,31
SQ:US500,2018-09-14T05:30:00+02:00,2904.19,2904.41,2904.17,2904.26,42
SQ:US500,2018-09-14T05:31:00+02:00,2904.26,2904.26,2904.25,2904.26,3
SQ:US500,2018-09-14T05:32:00+02:00,2904.25,2904.26,2904.23,2904.24,6
SQ:US500,2018-09-14T05:33:00+02:00,2904.00,2904.00,2903.97,2903.97,4
SQ:US500,2018-09-14T05:34:00+02:00,2903.98,2903.98,2903.95,2903.98,7
SQ:US500,2018-09-14T05:35:00+02:00,2903.97,2904.18,2903.97,2904.01,39
SQ:US500,2018-09-14T05:36:00+02:00,2904.00,2904.16,2903.95,2903.98,41
SQ:US500,2018-09-14T05:37:00+02:00,2903.97,2903.97,2903.78,2903.97,39
SQ:US500,2018-09-14T05:38:00+02:00,2903.96,2903.96,2903.76,2903.95,40
SQ:US500,2018-09-14T05:39:00+02:00,2903.96,2904.18,2903.96,2904.00,41
SQ:US500,2018-09-14T05:40:00+02:00,2903.99,2904.20,2903.95,2904.17,33
SQ:US500,2018-09-14T05:41:00+02:00,2904.09,2904.09,2903.97,2903.97,13
SQ:US500,2018-09-14T05:42:00+02:00,2903.98,2903.99,2903.94,2903.98,11
SQ:US500,2018-09-14T05:43:00+02:00,2903.99,2903.99,2903.94,2903.95,7
SQ:US500,2018-09-14T05:44:00+02:00,2903.94,2903.98,2903.73,2903.76,33
SQ:US500,2018-09-14T05:45:00+02:00,2903.75,2903.76,2903.72,2903.72,6
SQ:US500,2018-09-14T05:46:00+02:00,2903.72,2903.76,2903.69,2903.70,13
SQ:US500,2018-09-14T05:47:00+02:00,2903.72,2903.72,2903.70,2903.71,4
SQ:US500,2018-09-14T05:48:00+02:00,2903.69,2903.71,2903.68,2903.71,5
SQ:US500,2018-09-14T05:49:00+02:00,2903.70,2903.70,2903.52,2903.70,37
SQ:US500,2018-09-14T05:50:00+02:00,2903.69,2903.72,2903.68,2903.71,7
SQ:US500,2018-09-14T05:51:00+02:00,2903.70,2903.70,2903.53,2903.66,31
SQ:US500,2018-09-14T05:52:00+02:00,2903.67,2903.72,2903.67,2903.71,7
SQ:US500,2018-09-14T05:53:00+02:00,2903.72,2903.75,2903.71,2903.72,9
SQ:US500,2018-09-14T05:54:00+02:00,2903.71,2903.95,2903.71,2903.92,28
SQ:US500,2018-09-14T05:55:00+02:00,2903.78,2903.94,2903.78,2903.92,19
SQ:US500,2018-09-14T05:56:00+02:00,2903.77,2903.77,2903.68,2903.69,11
SQ:US500,2018-09-14T05:57:00+02:00,2903.70,2903.70,2903.67,2903.69,6
SQ:US500,2018-09-14T05:58:00+02:00,2903.68,2903.69,2903.53,2903.67,32
SQ:US500,2018-09-14T05:59:00+02:00,2903.68,2903.69,2903.67,2903.69,4
SQ:US500,2018-09-14T06:00:00+02:00,2903.68,2903.69,2903.68,2903.69,2
SQ:US500,2018-09-14T06:01:00+02:00,2903.69,2903.69,2903.69,2903.69,1
SQ:US500,2018-09-14T06:02:00+02:00,2903.69,2903.69,2903.69,2903.69,1
SQ:US500,2018-09-14T06:03:00+02:00,2903.70,2903.71,2903.69,2903.69,4
SQ:US500,2018-09-14T06:04:00+02:00,2903.70,2903.70,2903.69,2903.69,2
SQ:US500,2018-09-14T06:05:00+02:00,2903.68,2903.74,2903.68,2903.73,8
SQ:US500,2018-09-14T06:06:00+02:00,2903.72,2903.73,2903.72,2903.72,3
SQ:US500,2018-09-14T06:07:00+02:00,2903.72,2903.72,2903.62,2903.69,18
SQ:US500,2018-09-14T06:08:00+02:00,2903.70,2903.73,2903.70,2903.70,7
SQ:US500,2018-09-14T06:09:00+02:00,2903.53,2903.53,2903.49,2903.50,6
SQ:US500,2018-09-14T06:10:00+02:00,2903.51,2903.51,2903.50,2903.50,2
SQ:US500,2018-09-14T06:11:00+02:00,2903.50,2903.50,2903.50,2903.50,1
SQ:US500,2018-09-14T06:12:00+02:00,2903.51,2903.51,2903.50,2903.50,2
SQ:US500,2018-09-14T06:13:00+02:00,2903.50,2903.51,2903.50,2903.51,2
SQ:US500,2018-09-14T06:14:00+02:00,2903.50,2903.51,2903.50,2903.51,2
SQ:US500,2018-09-14T06:15:00+02:00,2903.50,2903.74,2903.50,2903.73,26
SQ:US500,2018-09-14T06:16:00+02:00,2903.74,2903.74,2903.72,2903.73,4
SQ:US500,2018-09-14T06:17:00+02:00,2903.72,2903.72,2903.72,2903.72,1
SQ:US500,2018-09-14T06:18:00+02:00,2903.72,2903.73,2903.71,2903.72,5
SQ:US500,2018-09-14T06:19:00+02:00,2903.71,2903.76,2903.71,2903.76,6
SQ:US500,2018-09-14T06:20:00+02:00,2903.75,2903.75,2903.73,2903.73,3
SQ:US500,2018-09-14T06:21:00+02:00,2903.73,2903.74,2903.53,2903.53,23
SQ:US500,2018-09-14T06:22:00+02:00,2903.52,2903.53,2903.48,2903.49,8
SQ:US500,2018-09-14T06:24:00+02:00,2903.49,2903.49,2903.49,2903.49,1
SQ:US500,2018-09-14T06:25:00+02:00,2903.49,2903.49,2903.48,2903.48,2
SQ:US500,2018-09-14T06:26:00+02:00,2903.24,2903.24,2903.02,2903.19,40
SQ:US500,2018-09-14T06:27:00+02:00,2903.18,2903.20,2903.18,2903.20,3
SQ:US500,2018-09-14T06:28:00+02:00,2903.19,2903.20,2903.18,2903.19,5
SQ:US500,2018-09-14T06:29:00+02:00,2903.20,2903.46,2903.20,2903.46,27
SQ:US500,2018-09-14T06:30:00+02:00,2903.47,2903.50,2903.46,2903.46,8
SQ:US500,2018-09-14T06:31:00+02:00,2903.45,2903.45,2903.26,2903.27,21
SQ:US500,2018-09-14T06:32:00+02:00,2903.28,2903.42,2903.26,2903.35,26
SQ:US500,2018-09-14T06:33:00+02:00,2903.28,2903.28,2903.26,2903.27,4
SQ:US500,2018-09-14T06:34:00+02:00,2903.26,2903.27,2903.24,2903.27,6
SQ:US500,2018-09-14T06:35:00+02:00,2903.26,2903.42,2903.25,2903.41,20
SQ:US500,2018-09-14T06:36:00+02:00,2903.42,2903.44,2903.28,2903.42,33
SQ:US500,2018-09-14T06:37:00+02:00,2903.43,2903.43,2903.28,2903.43,31
SQ:US500,2018-09-14T06:38:00+02:00,2903.41,2903.42,2903.27,2903.42,30
SQ:US500,2018-09-14T06:39:00+02:00,2903.34,2903.34,2903.27,2903.27,8
SQ:US500,2018-09-14T06:40:00+02:00,2903.27,2903.27,2903.20,2903.21,9
SQ:US500,2018-09-14T06:41:00+02:00,2903.19,2903.22,2903.19,2903.22,4
SQ:US500,2018-09-14T06:42:00+02:00,2903.22,2903.22,2903.19,2903.19,4
SQ:US500,2018-09-14T06:43:00+02:00,2903.21,2903.24,2903.21,2903.24,4
SQ:US500,2018-09-14T06:44:00+02:00,2903.23,2903.23,2903.16,2903.17,9
SQ:US500,2018-09-14T06:45:00+02:00,2903.18,2903.19,2902.95,2903.18,49
SQ:US500,2018-09-14T06:46:00+02:00,2903.19,2903.23,2903.17,2903.20,12
SQ:US500,2018-09-14T06:47:00+02:00,2903.21,2903.22,2903.20,2903.21,5
SQ:US500,2018-09-14T06:48:00+02:00,2903.20,2903.21,2903.18,2903.20,7
SQ:US500,2018-09-14T06:49:00+02:00,2903.21,2903.23,2903.20,2903.23,5
SQ:US500,2018-09-14T06:50:00+02:00,2903.21,2903.24,2903.21,2903.24,4
SQ:US500,2018-09-14T06:51:00+02:00,2903.21,2903.21,2903.18,2903.19,5
SQ:US500,2018-09-14T06:52:00+02:00,2903.18,2903.20,2903.18,2903.18,5
SQ:US500,2018-09-14T06:53:00+02:00,2903.19,2903.21,2903.19,2903.21,3
SQ:US500,2018-09-14T06:54:00+02:00,2903.22,2903.23,2903.21,2903.22,5
SQ:US500,2018-09-14T06:55:00+02:00,2903.21,2903.22,2903.20,2903.22,4
SQ:US500,2018-09-14T06:56:00+02:00,2903.22,2903.43,2903.22,2903.42,23
SQ:US500,2018-09-14T06:57:00+02:00,2903.43,2903.46,2903.42,2903.46,6
SQ:US500,2018-09-14T06:58:00+02:00,2903.45,2903.45,2903.44,2903.44,2
SQ:US500,2018-09-14T06:59:00+02:00,2903.44,2903.46,2903.44,2903.46,3
SQ:US500,2018-09-14T07:00:00+02:00,2903.49,2903.50,2903.19,2903.19,33
SQ:US500,2018-09-14T07:01:00+02:00,2903.23,2903.24,2902.97,2902.97,29
SQ:US500,2018-09-14T07:02:00+02:00,2902.98,2903.24,2902.98,2903.24,27
SQ:US500,2018-09-14T07:03:00+02:00,2903.23,2903.34,2903.23,2903.26,20
SQ:US500,2018-09-14T07:04:00+02:00,2903.27,2903.46,2903.27,2903.46,20
SQ:US500,2018-09-14T07:05:00+02:00,2903.45,2903.72,2903.45,2903.70,30
SQ:US500,2018-09-14T07:06:00+02:00,2903.71,2903.74,2903.71,2903.73,5
SQ:US500,2018-09-14T07:07:00+02:00,2903.72,2903.76,2903.72,2903.72,9
SQ:US500,2018-09-14T07:08:00+02:00,2903.73,2903.75,2903.70,2903.71,9
SQ:US500,2018-09-14T07:09:00+02:00,2903.72,2903.97,2903.72,2903.77,46
SQ:US500,2018-09-14T07:10:00+02:00,2903.76,2903.77,2903.74,2903.76,7
SQ:US500,2018-09-14T07:11:00+02:00,2903.75,2903.75,2903.70,2903.73,9
SQ:US500,2018-09-14T07:12:00+02:00,2903.72,2903.74,2903.70,2903.70,7
SQ:US500,2018-09-14T07:13:00+02:00,2903.71,2903.94,2903.71,2903.94,24
SQ:US500,2018-09-14T07:14:00+02:00,2903.95,2904.00,2903.95,2903.99,7
SQ:US500,2018-09-14T07:15:00+02:00,2903.98,2904.23,2903.98,2904.21,28
SQ:US500,2018-09-14T07:16:00+02:00,2904.22,2904.23,2904.17,2904.17,8
SQ:US500,2018-09-14T07:17:00+02:00,2904.18,2904.19,2904.17,2904.18,5
SQ:US500,2018-09-14T07:18:00+02:00,2904.19,2904.19,2903.96,2903.96,24
SQ:US500,2018-09-14T07:19:00+02:00,2903.97,2903.98,2903.94,2903.98,8
SQ:US500,2018-09-14T07:20:00+02:00,2904.00,2904.19,2903.69,2903.69,70
SQ:US500,2018-09-14T07:21:00+02:00,2903.70,2903.73,2903.69,2903.70,9
SQ:US500,2018-09-14T07:22:00+02:00,2903.71,2903.97,2903.70,2903.96,30
SQ:US500,2018-09-14T07:23:00+02:00,2903.97,2904.22,2903.96,2904.20,30
SQ:US500,2018-09-14T07:24:00+02:00,2904.21,2904.23,2904.02,2904.19,41
SQ:US500,2018-09-14T07:25:00+02:00,2904.20,2904.63,2904.01,2904.56,89
SQ:US500,2018-09-14T07:26:00+02:00,2904.57,2904.58,2903.92,2903.94,70
SQ:US500,2018-09-14T07:27:00+02:00,2903.93,2904.21,2903.93,2903.95,55
SQ:US500,2018-09-14T07:28:00+02:00,2903.96,2903.96,2903.70,2903.70,27
SQ:US500,2018-09-14T07:29:00+02:00,2903.69,2903.69,2903.48,2903.69,43
SQ:US500,2018-09-14T07:30:00+02:00,2903.70,2903.75,2903.69,2903.73,10
SQ:US500,2018-09-14T07:31:00+02:00,2903.72,2903.77,2903.68,2903.70,17
SQ:US500,2018-09-14T07:32:00+02:00,2903.71,2903.74,2903.70,2903.74,6
SQ:US500,2018-09-14T07:33:00+02:00,2903.73,2903.97,2903.73,2903.92,30
SQ:US500,2018-09-14T07:34:00+02:00,2903.93,2903.99,2903.93,2903.97,9
SQ:US500,2018-09-14T07:35:00+02:00,2903.96,2903.98,2903.93,2903.93,8
SQ:US500,2018-09-14T07:36:00+02:00,2903.94,2903.98,2903.92,2903.95,12
SQ:US500,2018-09-14T07:37:00+02:00,2903.94,2903.95,2903.77,2903.95,36
SQ:US500,2018-09-14T07:38:00+02:00,2903.93,2903.97,2903.92,2903.95,9
SQ:US500,2018-09-14T07:39:00+02:00,2903.96,2904.19,2903.95,2904.02,43
SQ:US500,2018-09-14T07:40:00+02:00,2904.09,2904.49,2904.09,2904.49,41
SQ:US500,2018-09-14T07:41:00+02:00,2904.48,2904.71,2904.45,2904.71,30
SQ:US500,2018-09-14T07:42:00+02:00,2904.72,2904.75,2904.68,2904.73,14
SQ:US500,2018-09-14T07:43:00+02:00,2904.74,2904.93,2904.71,2904.78,41
SQ:US500,2018-09-14T07:44:00+02:00,2904.77,2904.92,2904.74,2904.74,34
SQ:US500,2018-09-14T07:45:00+02:00,2904.76,2904.94,2904.74,2904.91,26
SQ:US500,2018-09-14T07:46:00+02:00,2904.92,2904.94,2904.77,2904.77,20
SQ:US500,2018-09-14T07:47:00+02:00,2904.78,2904.97,2904.78,2904.96,21
SQ:US500,2018-09-14T07:48:00+02:00,2904.97,2904.97,2904.95,2904.95,3
SQ:US500,2018-09-14T07:49:00+02:00,2904.96,2904.96,2904.95,2904.95,2
SQ:US500,2018-09-14T07:50:00+02:00,2904.96,2905.25,2904.46,2904.48,111
SQ:US500,2018-09-14T07:51:00+02:00,2904.47,2904.48,2904.26,2904.43,41
SQ:US500,2018-09-14T07:52:00+02:00,2904.42,2904.43,2904.23,2904.23,22
SQ:US500,2018-09-14T07:53:00+02:00,2904.24,2904.48,2904.22,2904.48,29
SQ:US500,2018-09-14T07:54:00+02:00,2904.47,2904.48,2904.44,2904.48,8
SQ:US500,2018-09-14T07:55:00+02:00,2904.51,2904.72,2904.50,2904.69,27
SQ:US500,2018-09-14T07:56:00+02:00,2904.71,2904.72,2904.49,2904.49,25
SQ:US500,2018-09-14T07:57:00+02:00,2904.48,2904.48,2904.43,2904.46,9
SQ:US500,2018-09-14T07:58:00+02:00,2904.45,2904.45,2904.42,2904.45,7
SQ:US500,2018-09-14T07:59:00+02:00,2904.46,2904.68,2904.44,2904.49,46
SQ:US500,2018-09-14T08:00:00+02:00,2904.48,2905.39,2904.48,2905.39,92
SQ:US500,2018-09-14T08:01:00+02:00,2905.40,2906.14,2905.40,2905.91,98
SQ:US500,2018-09-14T08:02:00+02:00,2906.13,2906.13,2905.89,2905.89,25
SQ:US500,2018-09-14T08:03:00+02:00,2905.89,2905.89,2905.89,2905.89,1
SQ:US500,2018-09-14T08:04:00+02:00,2905.65,2905.65,2905.39,2905.63,51
SQ:US500,2018-09-14T08:05:00+02:00,2905.64,2905.64,2905.63,2905.63,2
SQ:US500,2018-09-14T08:06:00+02:00,2905.64,2905.64,2905.63,2905.63,2
SQ:US500,2018-09-14T08:07:00+02:00,2905.63,2905.64,2905.63,2905.64,2
SQ:US500,2018-09-14T08:08:00+02:00,2905.64,2905.64,2905.39,2905.39,26
SQ:US500,2018-09-14T08:09:00+02:00,2905.38,2905.38,2905.15,2905.15,24
SQ:US500,2018-09-14T08:10:00+02:00,2905.15,2905.38,2905.14,2905.15,49
SQ:US500,2018-09-14T08:11:00+02:00,2905.16,2905.38,2905.16,2905.38,23
SQ:US500,2018-09-14T08:12:00+02:00,2905.38,2905.38,2905.15,2905.38,47
SQ:US500,2018-09-14T08:13:00+02:00,2905.39,2905.39,2905.16,2905.39,47
SQ:US500,2018-09-14T08:14:00+02:00,2905.90,2905.90,2905.63,2905.65,30
SQ:US500,2018-09-14T08:15:00+02:00,2905.64,2905.65,2905.64,2905.65,2
SQ:US500,2018-09-14T08:16:00+02:00,2905.64,2905.65,2905.64,2905.65,2
SQ:US500,2018-09-14T08:17:00+02:00,2905.65,2905.65,2905.65,2905.65,1
SQ:US500,2018-09-14T08:18:00+02:00,2905.40,2905.40,2905.15,2905.39,50
SQ:US500,2018-09-14T08:19:00+02:00,2905.38,2905.38,2905.16,2905.38,45
SQ:US500,2018-09-14T08:20:00+02:00,2905.38,2905.38,2905.38,2905.38,1
SQ:US500,2018-09-14T08:21:00+02:00,2905.39,2905.39,2905.39,2905.39,1
SQ:US500,2018-09-14T08:22:00+02:00,2905.38,2905.39,2905.38,2905.39,2
SQ:US500,2018-09-14T08:23:00+02:00,2905.39,2905.39,2905.15,2905.38,48
SQ:US500,2018-09-14T08:24:00+02:00,2905.39,2905.64,2905.39,2905.64,26
SQ:US500,2018-09-14T08:25:00+02:00,2905.89,2906.40,2905.65,2906.40,100
SQ:US500,2018-09-14T08:26:00+02:00,2906.39,2907.15,2906.39,2907.14,78
SQ:US500,2018-09-14T08:27:00+02:00,2907.15,2907.15,2906.90,2907.13,49
SQ:US500,2018-09-14T08:28:00+02:00,2907.14,2907.38,2906.90,2907.38,73
SQ:US500,2018-09-14T08:29:00+02:00,2907.16,2907.39,2907.15,2907.38,27
SQ:US500,2018-09-14T08:30:00+02:00,2907.39,2907.41,2907.39,2907.40,4
SQ:US500,2018-09-14T08:31:00+02:00,2907.41,2907.65,2907.14,2907.14,76
SQ:US500,2018-09-14T08:32:00+02:00,2907.13,2907.13,2906.89,2906.90,26
SQ:US500,2018-09-14T08:33:00+02:00,2907.14,2907.39,2906.90,2907.39,74
SQ:US500,2018-09-14T08:34:00+02:00,2907.63,2908.13,2907.63,2907.91,73
SQ:US500,2018-09-14T08:35:00+02:00,2907.90,2908.15,2907.90,2908.14,27
SQ:US500,2018-09-14T08:36:00+02:00,2908.14,2908.15,2908.14,2908.14,3
SQ:US500,2018-09-14T08:37:00+02:00,2907.91,2907.91,2907.66,2907.66,26
SQ:US500,2018-09-14T08:38:00+02:00,2907.65,2908.14,2907.65,2908.13,51
SQ:US500,2018-09-14T08:39:00+02:00,2907.91,2908.40,2907.91,2908.40,50
SQ:US500,2018-09-14T08:40:00+02:00,2908.39,2908.40,2908.15,2908.16,28
SQ:US500,2018-09-14T08:41:00+02:00,2908.15,2908.39,2908.15,2908.39,25
SQ:US500,2018-09-14T08:42:00+02:00,2908.38,2908.38,2907.90,2907.90,49
SQ:US500,2018-09-14T08:43:00+02:00,2907.91,2908.14,2907.91,2908.13,25
SQ:US500,2018-09-14T08:44:00+02:00,2908.14,2908.14,2907.89,2907.89,26
SQ:US500,2018-09-14T08:45:00+02:00,2907.90,2907.90,2907.65,2907.66,27
SQ:US500,2018-09-14T08:46:00+02:00,2907.65,2907.89,2907.65,2907.89,25
SQ:US500,2018-09-14T08:47:00+02:00,2907.88,2907.90,2907.65,2907.90,49
SQ:US500,2018-09-14T08:48:00+02:00,2907.89,2908.13,2907.89,2908.13,25
SQ:US500,2018-09-14T08:49:00+02:00,2908.02,2908.15,2907.89,2907.89,40
SQ:US500,2018-09-14T08:50:00+02:00,2907.90,2908.14,2907.90,2908.13,26
SQ:US500,2018-09-14T08:51:00+02:00,2908.02,2908.02,2907.90,2907.90,13
SQ:US500,2018-09-14T08:52:00+02:00,2907.88,2907.88,2907.63,2907.63,26
SQ:US500,2018-09-14T08:53:00+02:00,2907.65,2907.65,2907.65,2907.65,1
SQ:US500,2018-09-14T08:54:00+02:00,2907.66,2907.66,2907.40,2907.52,39
SQ:US500,2018-09-14T08:55:00+02:00,2907.41,2908.40,2907.39,2908.40,104
SQ:US500,2018-09-14T08:56:00+02:00,2908.41,2908.63,2908.39,2908.63,27
SQ:US500,2018-09-14T08:57:00+02:00,2908.64,2908.64,2908.41,2908.64,47
SQ:US500,2018-09-14T08:58:00+02:00,2908.63,2908.63,2908.40,2908.52,36
SQ:US500,2018-09-14T08:59:00+02:00,2908.41,2908.63,2908.40,2908.40,46
SQ:US500,2018-09-14T09:00:00+02:00,2908.41,2909.14,2908.14,2908.15,175
SQ:US500,2018-09-14T09:01:00+02:00,2908.16,2908.39,2907.89,2908.15,100
SQ:US500,2018-09-14T09:02:00+02:00,2908.14,2908.15,2907.90,2907.91,28
SQ:US500,2018-09-14T09:03:00+02:00,2907.90,2908.40,2907.90,2908.15,76
SQ:US500,2018-09-14T09:04:00+02:00,2908.14,2908.15,2907.90,2908.15,50
SQ:US500,2018-09-14T09:05:00+02:00,2908.39,2908.39,2907.90,2908.16,76
SQ:US500,2018-09-14T09:06:00+02:00,2908.15,2908.39,2908.15,2908.38,26
SQ:US500,2018-09-14T09:07:00+02:00,2908.39,2908.90,2908.16,2908.90,98
SQ:US500,2018-09-14T09:08:00+02:00,2908.89,2909.38,2908.66,2909.15,119
SQ:US500,2018-09-14T09:09:00+02:00,2909.16,2909.65,2909.14,2909.64,55
SQ:US500,2018-09-14T09:10:00+02:00,2909.40,2909.65,2909.39,2909.64,29
SQ:US500,2018-09-14T09:11:00+02:00,2909.63,2909.64,2909.14,2909.39,77
SQ:US500,2018-09-14T09:12:00+02:00,2909.38,2909.63,2909.15,2909.16,75
SQ:US500,2018-09-14T09:13:00+02:00,2909.15,2909.65,2909.15,2909.64,52
SQ:US500,2018-09-14T09:14:00+02:00,2909.41,2909.65,2909.15,2909.63,79
SQ:US500,2018-09-14T09:15:00+02:00,2909.41,2909.65,2909.39,2909.64,30
SQ:US500,2018-09-14T09:16:00+02:00,2909.65,2909.91,2909.64,2909.90,30
SQ:US500,2018-09-14T09:17:00+02:00,2910.13,2910.15,2909.90,2909.90,28
SQ:US500,2018-09-14T09:18:00+02:00,2909.89,2910.15,2909.89,2910.13,29
SQ:US500,2018-09-14T09:19:00+02:00,2909.91,2910.15,2909.89,2909.91,53
SQ:US500,2018-09-14T09:20:00+02:00,2909.90,2910.15,2909.89,2909.89,52
SQ:US500,2018-09-14T09:21:00+02:00,2909.66,2909.66,2909.14,2909.15,54
SQ:US500,2018-09-14T09:22:00+02:00,2909.14,2909.65,2909.14,2909.40,77
SQ:US500,2018-09-14T09:23:00+02:00,2909.41,2909.64,2908.91,2909.15,121
SQ:US500,2018-09-14T09:24:00+02:00,2909.16,2909.16,2908.69,2908.69,48
SQ:US500,2018-09-14T09:25:00+02:00,2908.68,2908.90,2908.68,2908.88,25
SQ:US500,2018-09-14T09:26:00+02:00,2908.91,2909.91,2908.91,2909.90,102
SQ:US500,2018-09-14T09:27:00+02:00,2909.88,2910.58,2909.64,2909.66,167
SQ:US500,2018-09-14T09:28:00+02:00,2909.65,2910.14,2909.65,2909.91,73
SQ:US500,2018-09-14T09:29:00+02:00,2910.13,2910.13,2909.40,2909.66,100
SQ:US500,2018-09-14T09:30:00+02:00,2909.88,2910.13,2909.41,2909.90,143
SQ:US500,2018-09-14T09:31:00+02:00,2909.91,2910.14,2909.90,2909.91,49
SQ:US500,2018-09-14T09:32:00+02:00,2910.02,2910.14,2909.90,2909.91,38
SQ:US500,2018-09-14T09:33:00+02:00,2910.13,2910.14,2909.90,2910.14,48
SQ:US500,2018-09-14T09:34:00+02:00,2910.13,2910.14,2910.13,2910.14,2
SQ:US500,2018-09-14T09:35:00+02:00,2910.38,2910.88,2910.38,2910.64,75
SQ:US500,2018-09-14T09:36:00+02:00,2910.40,2910.40,2909.90,2910.15,76
SQ:US500,2018-09-14T09:37:00+02:00,2910.14,2910.14,2909.66,2909.90,73
SQ:US500,2018-09-14T09:38:00+02:00,2909.89,2910.16,2909.65,2909.90,102
SQ:US500,2018-09-14T09:39:00+02:00,2909.89,2909.91,2909.66,2909.88,50
SQ:US500,2018-09-14T09:40:00+02:00,2909.89,2910.13,2909.66,2909.89,95
SQ:US500,2018-09-14T09:41:00+02:00,2909.91,2910.16,2909.89,2910.14,32
SQ:US500,2018-09-14T09:42:00+02:00,2910.16,2910.16,2909.91,2910.13,48
SQ:US500,2018-09-14T09:43:00+02:00,2909.91,2910.14,2909.90,2910.13,27
SQ:US500,2018-09-14T09:44:00+02:00,2909.91,2909.91,2909.65,2909.65,27
SQ:US500,2018-09-14T09:45:00+02:00,2909.66,2909.89,2909.39,2909.65,100
SQ:US500,2018-09-14T09:46:00+02:00,2909.66,2910.13,2909.41,2909.63,142
SQ:US500,2018-09-14T09:47:00+02:00,2909.65,2909.88,2909.63,2909.64,50
SQ:US500,2018-09-14T09:48:00+02:00,2909.65,2909.65,2909.64,2909.64,2
SQ:US500,2018-09-14T09:49:00+02:00,2909.63,2909.64,2909.40,2909.63,49
SQ:US500,2018-09-14T09:50:00+02:00,2909.41,2909.41,2909.38,2909.38,4
SQ:US500,2018-09-14T09:51:00+02:00,2909.39,2909.39,2908.65,2908.90,100
SQ:US500,2018-09-14T09:52:00+02:00,2908.91,2909.40,2908.90,2909.15,77
SQ:US500,2018-09-14T09:53:00+02:00,2909.13,2909.16,2908.64,2909.16,102
SQ:US500,2018-09-14T09:54:00+02:00,2909.14,2909.27,2909.13,2909.15,28
SQ:US500,2018-09-14T09:55:00+02:00,2909.14,2909.15,2908.66,2908.78,63
SQ:US500,2018-09-14T09:56:00+02:00,2908.66,2909.65,2908.66,2909.16,149
SQ:US500,2018-09-14T09:57:00+02:00,2909.39,2909.39,2908.91,2909.15,73
SQ:US500,2018-09-14T09:58:00+02:00,2909.14,2909.15,2908.65,2908.89,76
SQ:US500,2018-09-14T09:59:00+02:00,2908.88,2908.90,2908.38,2908.39,56
SQ:US500,2018-09-14T10:00:00+02:00,2908.16,2908.38,2907.65,2907.65,96
SQ:US500,2018-09-14T10:01:00+02:00,2907.63,2908.39,2907.38,2908.15,151
SQ:US500,2018-09-14T10:02:00+02:00,2908.14,2908.14,2907.40,2907.89,124
SQ:US500,2018-09-14T10:03:00+02:00,2907.88,2908.40,2907.88,2908.40,53
SQ:US500,2018-09-14T10:04:00+02:00,2908.41,2908.65,2908.27,2908.65,53
SQ:US500,2018-09-14T10:05:00+02:00,2908.66,2908.91,2908.64,2908.65,54
SQ:US500,2018-09-14T10:06:00+02:00,2908.64,2908.90,2908.39,2908.40,79
SQ:US500,2018-09-14T10:07:00+02:00,2908.41,2908.65,2908.38,2908.38,52
SQ:US500,2018-09-14T10:08:00+02:00,2908.27,2908.66,2908.27,2908.63,43
SQ:US500,2018-09-14T10:09:00+02:00,2908.41,2908.65,2908.39,2908.63,31
SQ:US500,2018-09-14T10:10:00+02:00,2908.64,2908.64,2908.39,2908.39,26
SQ:US500,2018-09-14T10:11:00+02:00,2908.40,2908.65,2908.39,2908.63,30
SQ:US500,2018-09-14T10:12:00+02:00,2908.64,2908.65,2908.41,2908.63,48
SQ:US500,2018-09-14T10:13:00+02:00,2908.53,2908.63,2908.40,2908.41,35
SQ:US500,2018-09-14T10:14:00+02:00,2908.40,2908.41,2908.39,2908.39,4
SQ:US500,2018-09-14T10:15:00+02:00,2908.16,2908.16,2907.65,2907.89,76
SQ:US500,2018-09-14T10:16:00+02:00,2907.88,2908.13,2907.65,2907.90,95
SQ:US500,2018-09-14T10:17:00+02:00,2907.89,2907.91,2907.88,2907.88,6
SQ:US500,2018-09-14T10:18:00+02:00,2907.89,2907.90,2907.65,2907.89,51
SQ:US500,2018-09-14T10:19:00+02:00,2907.90,2908.89,2907.89,2908.89,102
SQ:US500,2018-09-14T10:20:00+02:00,2908.90,2909.15,2908.88,2909.14,31
SQ:US500,2018-09-14T10:21:00+02:00,2909.13,2909.38,2908.90,2909.38,72
SQ:US500,2018-09-14T10:22:00+02:00,2909.27,2909.38,2908.91,2909.14,82
SQ:US500,2018-09-14T10:23:00+02:00,2909.15,2909.39,2909.15,2909.39,25
SQ:US500,2018-09-14T10:24:00+02:00,2909.40,2909.88,2909.39,2909.64,75
SQ:US500,2018-09-14T10:25:00+02:00,2909.41,2909.63,2908.91,2909.13,117
SQ:US500,2018-09-14T10:26:00+02:00,2909.15,2909.15,2909.02,2909.15,27
SQ:US500,2018-09-14T10:27:00+02:00,2909.14,2909.14,2908.65,2908.88,73
SQ:US500,2018-09-14T10:28:00+02:00,2908.89,2908.91,2908.65,2908.65,29
SQ:US500,2018-09-14T10:29:00+02:00,2908.66,2908.66,2908.63,2908.64,5
SQ:US500,2018-09-14T10:30:00+02:00,2908.65,2908.65,2908.40,2908.40,26
SQ:US500,2018-09-14T10:31:00+02:00,2908.38,2908.63,2908.16,2908.39,94
SQ:US500,2018-09-14T10:32:00+02:00,2908.16,2908.40,2908.15,2908.40,27
SQ:US500,2018-09-14T10:33:00+02:00,2908.38,2908.40,2908.14,2908.14,29
SQ:US500,2018-09-14T10:34:00+02:00,2908.13,2908.14,2907.90,2908.14,48
SQ:US500,2018-09-14T10:35:00+02:00,2908.13,2908.66,2907.91,2908.66,98
SQ:US500,2018-09-14T10:36:00+02:00,2908.65,2908.89,2908.64,2908.64,50
SQ:US500,2018-09-14T10:37:00+02:00,2908.41,2908.63,2908.15,2908.39,95
SQ:US500,2018-09-14T10:38:00+02:00,2908.38,2908.40,2907.88,2907.89,56
SQ:US500,2018-09-14T10:39:00+02:00,2907.88,2907.90,2907.66,2907.90,47
SQ:US500,2018-09-14T10:40:00+02:00,2908.14,2908.27,2907.88,2907.90,55
SQ:US500,2018-09-14T10:41:00+02:00,2907.89,2907.90,2907.40,2907.90,100
SQ:US500,2018-09-14T10:42:00+02:00,2907.91,2907.91,2907.41,2907.88,98
SQ:US500,2018-09-14T10:43:00+02:00,2907.66,2907.66,2907.40,2907.40,27
SQ:US500,2018-09-14T10:44:00+02:00,2907.41,2907.90,2907.41,2907.90,50
SQ:US500,2018-09-14T10:45:00+02:00,2907.89,2907.89,2907.39,2907.39,51
SQ:US500,2018-09-14T10:46:00+02:00,2907.38,2907.40,2907.38,2907.39,4
SQ:US500,2018-09-14T10:47:00+02:00,2907.40,2907.90,2907.40,2907.90,51
SQ:US500,2018-09-14T10:48:00+02:00,2907.91,2908.16,2907.90,2908.15,29
SQ:US500,2018-09-14T10:49:00+02:00,2908.16,2908.38,2907.90,2907.90,71
SQ:US500,2018-09-14T10:50:00+02:00,2907.89,2908.38,2907.65,2908.16,120
SQ:US500,2018-09-14T10:51:00+02:00,2908.27,2908.66,2908.27,2908.66,40
SQ:US500,2018-09-14T10:52:00+02:00,2908.89,2909.14,2908.77,2908.91,73
SQ:US500,2018-09-14T10:53:00+02:00,2908.90,2908.91,2908.66,2908.77,38
SQ:US500,2018-09-14T10:54:00+02:00,2908.66,2908.90,2908.65,2908.65,50
SQ:US500,2018-09-14T10:55:00+02:00,2908.66,2908.89,2908.40,2908.65,98
SQ:US500,2018-09-14T10:56:00+02:00,2908.66,2908.89,2908.65,2908.65,48
SQ:US500,2018-09-14T10:57:00+02:00,2908.64,2908.91,2908.52,2908.88,55
SQ:US500,2018-09-14T10:58:00+02:00,2908.89,2909.13,2908.66,2908.88,94
SQ:US500,2018-09-14T10:59:00+02:00,2908.78,2909.39,2908.66,2908.91,134
SQ:US500,2018-09-14T11:00:00+02:00,2908.88,2908.90,2908.64,2908.90,51
SQ:US500,2018-09-14T11:01:00+02:00,2908.91,2908.91,2908.66,2908.66,26
SQ:US500,2018-09-14T11:02:00+02:00,2908.88,2908.91,2908.66,2908.90,49
SQ:US500,2018-09-14T11:03:00+02:00,2908.91,2909.14,2908.91,2909.14,24
SQ:US500,2018-09-14T11:04:00+02:00,2909.16,2909.38,2909.15,2909.38,25
SQ:US500,2018-09-14T11:05:00+02:00,2909.16,2909.38,2908.90,2909.02,83
SQ:US500,2018-09-14T11:06:00+02:00,2909.13,2909.38,2908.88,2909.15,99
SQ:US500,2018-09-14T11:07:00+02:00,2909.14,2909.38,2909.13,2909.38,27
SQ:US500,2018-09-14T11:08:00+02:00,2909.16,2909.38,2909.13,2909.13,48
SQ:US500,2018-09-14T11:09:00+02:00,2908.89,2909.38,2908.89,2909.38,50
SQ:US500,2018-09-14T11:10:00+02:00,2909.16,2909.38,2909.15,2909.15,46
SQ:US500,2018-09-14T11:11:00+02:00,2909.16,2909.38,2909.14,2909.14,47
SQ:US500,2018-09-14T11:12:00+02:00,2909.16,2909.16,2908.64,2908.65,54
SQ:US500,2018-09-14T11:13:00+02:00,2908.77,2908.90,2908.65,2908.89,39
SQ:US500,2018-09-14T11:14:00+02:00,2908.66,2908.89,2908.65,2908.65,48
SQ:US500,2018-09-14T11:15:00+02:00,2908.66,2908.90,2908.65,2908.90,27
SQ:US500,2018-09-14T11:16:00+02:00,2908.91,2909.15,2908.90,2909.14,28
SQ:US500,2018-09-14T11:17:00+02:00,2909.13,2909.15,2909.13,2909.14,4
SQ:US500,2018-09-14T11:18:00+02:00,2909.15,2909.16,2908.88,2908.88,30
SQ:US500,2018-09-14T11:19:00+02:00,2908.89,2909.13,2908.89,2908.90,48
SQ:US500,2018-09-14T11:20:00+02:00,2908.91,2908.91,2908.65,2908.66,28
SQ:US500,2018-09-14T11:21:00+02:00,2908.65,2908.89,2908.65,2908.66,48
SQ:US500,2018-09-14T11:22:00+02:00,2908.88,2908.88,2908.64,2908.64,25
SQ:US500,2018-09-14T11:23:00+02:00,2908.65,2908.65,2908.63,2908.65,5
SQ:US500,2018-09-14T11:24:00+02:00,2908.64,2908.89,2908.64,2908.66,49
SQ:US500,2018-09-14T11:25:00+02:00,2908.65,2908.88,2908.64,2908.66,48
SQ:US500,2018-09-14T11:26:00+02:00,2908.65,2908.65,2908.64,2908.65,3
SQ:US500,2018-09-14T11:27:00+02:00,2908.64,2908.66,2908.64,2908.65,4
SQ:US500,2018-09-14T11:28:00+02:00,2908.64,2908.65,2908.63,2908.64,5
SQ:US500,2018-09-14T11:29:00+02:00,2908.64,2908.64,2908.40,2908.40,25
SQ:US500,2018-09-14T11:30:00+02:00,2908.41,2908.41,2908.16,2908.41,51
SQ:US500,2018-09-14T11:31:00+02:00,2908.52,2909.14,2908.52,2909.14,63
SQ:US500,2018-09-14T11:32:00+02:00,2909.38,2909.88,2909.38,2909.41,98
SQ:US500,2018-09-14T11:33:00+02:00,2909.40,2909.41,2909.02,2909.15,54
SQ:US500,2018-09-14T11:34:00+02:00,2909.16,2909.38,2908.65,2908.65,96
SQ:US500,2018-09-14T11:35:00+02:00,2908.66,2909.13,2908.65,2908.90,73
SQ:US500,2018-09-14T11:36:00+02:00,2908.89,2908.89,2908.52,2908.65,51
SQ:US500,2018-09-14T11:37:00+02:00,2908.66,2908.66,2908.15,2908.15,52
SQ:US500,2018-09-14T11:38:00+02:00,2908.16,2908.16,2907.90,2908.15,52
SQ:US500,2018-09-14T11:39:00+02:00,2908.16,2908.39,2908.15,2908.39,26
SQ:US500,2018-09-14T11:40:00+02:00,2908.40,2908.40,2908.38,2908.38,3
SQ:US500,2018-09-14T11:41:00+02:00,2908.39,2908.39,2908.16,2908.38,46
SQ:US500,2018-09-14T11:42:00+02:00,2908.39,2908.39,2908.16,2908.38,46
SQ:US500,2018-09-14T11:43:00+02:00,2908.39,2908.39,2908.39,2908.39,1
SQ:US500,2018-09-14T11:44:00+02:00,2908.39,2908.89,2908.39,2908.65,75
SQ:US500,2018-09-14T11:45:00+02:00,2908.66,2908.66,2908.39,2908.39,28
SQ:US500,2018-09-14T11:46:00+02:00,2908.41,2908.63,2908.15,2908.39,95
SQ:US500,2018-09-14T11:47:00+02:00,2908.40,2908.64,2908.39,2908.64,27
SQ:US500,2018-09-14T11:48:00+02:00,2908.65,2908.66,2908.64,2908.64,4
SQ:US500,2018-09-14T11:49:00+02:00,2908.65,2908.65,2908.38,2908.39,29
SQ:US500,2018-09-14T11:50:00+02:00,2908.38,2908.39,2907.90,2907.90,51
SQ:US500,2018-09-14T11:51:00+02:00,2907.66,2908.27,2907.66,2908.15,74
SQ:US500,2018-09-14T11:52:00+02:00,2908.14,2908.15,2908.13,2908.15,4
SQ:US500,2018-09-14T11:53:00+02:00,2908.13,2908.38,2908.13,2908.16,48
SQ:US500,2018-09-14T11:54:00+02:00,2908.15,2908.39,2908.15,2908.39,25
SQ:US500,2018-09-14T11:55:00+02:00,2908.38,2908.39,2908.14,2908.14,27
SQ:US500,2018-09-14T11:56:00+02:00,2908.13,2908.15,2907.66,2907.88,74
SQ:US500,2018-09-14T11:57:00+02:00,2907.89,2907.90,2907.89,2907.89,3
SQ:US500,2018-09-14T11:58:00+02:00,2907.90,2908.41,2907.90,2908.40,53
SQ:US500,2018-09-14T11:59:00+02:00,2908.41,2908.65,2908.14,2908.14,76
SQ:US500,2018-09-14T12:00:00+02:00,2908.15,2908.38,2907.90,2907.90,72
SQ:US500,2018-09-14T12:01:00+02:00,2907.89,2907.89,2907.64,2907.64,26
SQ:US500,2018-09-14T12:02:00+02:00,2907.63,2908.02,2907.40,2907.89,99
SQ:US500,2018-09-14T12:03:00+02:00,2907.88,2907.89,2907.63,2907.64,29
SQ:US500,2018-09-14T12:04:00+02:00,2907.63,2907.89,2907.63,2907.88,28
SQ:US500,2018-09-14T12:05:00+02:00,2907.89,2907.89,2907.39,2907.39,51
SQ:US500,2018-09-14T12:06:00+02:00,2907.40,2907.40,2907.39,2907.40,3
SQ:US500,2018-09-14T12:07:00+02:00,2907.63,2907.88,2907.63,2907.63,51
SQ:US500,2018-09-14T12:08:00+02:00,2907.64,2907.88,2907.64,2907.88,25
SQ:US500,2018-09-14T12:09:00+02:00,2907.77,2907.90,2907.64,2907.90,40
SQ:US500,2018-09-14T12:10:00+02:00,2907.89,2907.91,2907.88,2907.89,7
SQ:US500,2018-09-14T12:11:00+02:00,2907.88,2907.89,2907.52,2907.65,52
SQ:US500,2018-09-14T12:12:00+02:00,2907.66,2908.13,2907.63,2907.91,76
SQ:US500,2018-09-14T12:13:00+02:00,2907.89,2907.91,2907.88,2907.88,6
SQ:US500,2018-09-14T12:14:00+02:00,2907.89,2907.91,2907.88,2907.90,6
SQ:US500,2018-09-14T12:15:00+02:00,2907.91,2908.14,2907.90,2908.14,26
SQ:US500,2018-09-14T12:16:00+02:00,2908.15,2908.16,2908.14,2908.14,4
SQ:US500,2018-09-14T12:17:00+02:00,2908.13,2908.14,2907.88,2908.14,52
SQ:US500,2018-09-14T12:18:00+02:00,2908.15,2908.15,2908.13,2908.13,3
SQ:US500,2018-09-14T12:19:00+02:00,2908.14,2908.15,2907.89,2908.15,52
SQ:US500,2018-09-14T12:20:00+02:00,2908.14,2908.39,2908.13,2908.39,28
SQ:US500,2018-09-14T12:21:00+02:00,2908.38,2908.91,2908.38,2908.91,54
SQ:US500,2018-09-14T12:22:00+02:00,2909.02,2909.15,2908.90,2909.14,39
SQ:US500,2018-09-14T12:23:00+02:00,2909.15,2909.15,2908.65,2908.89,75
SQ:US500,2018-09-14T12:24:00+02:00,2908.90,2908.90,2908.63,2908.89,54
SQ:US500,2018-09-14T12:25:00+02:00,2908.90,2909.15,2908.90,2908.90,51
SQ:US500,2018-09-14T12:26:00+02:00,2908.89,2908.90,2908.88,2908.90,4
SQ:US500,2018-09-14T12:27:00+02:00,2908.89,2908.89,2908.40,2908.40,50
SQ:US500,2018-09-14T12:28:00+02:00,2908.41,2908.63,2908.15,2908.15,71
SQ:US500,2018-09-14T12:29:00+02:00,2908.16,2908.38,2908.15,2908.16,47
SQ:US500,2018-09-14T12:30:00+02:00,2908.15,2908.15,2907.91,2907.91,25
SQ:US500,2018-09-14T12:31:00+02:00,2908.13,2908.13,2907.90,2907.90,24
SQ:US500,2018-09-14T12:32:00+02:00,2907.91,2908.14,2907.90,2907.91,49
SQ:US500,2018-09-14T12:33:00+02:00,2908.02,2908.15,2907.90,2907.90,39
SQ:US500,2018-09-14T12:34:00+02:00,2907.90,2907.90,2907.90,2907.90,1
SQ:US500,2018-09-14T12:35:00+02:00,2907.89,2907.89,2907.41,2907.63,71
SQ:US500,2018-09-14T12:36:00+02:00,2907.64,2907.65,2907.40,2907.40,27
SQ:US500,2018-09-14T12:37:00+02:00,2907.41,2907.77,2907.40,2907.65,51
SQ:US500,2018-09-14T12:38:00+02:00,2907.66,2907.66,2907.64,2907.66,5
SQ:US500,2018-09-14T12:39:00+02:00,2907.88,2907.88,2907.41,2907.41,48
SQ:US500,2018-09-14T12:40:00+02:00,2907.63,2907.63,2906.89,2906.90,76
SQ:US500,2018-09-14T12:41:00+02:00,2906.89,2906.90,2906.89,2906.89,3
SQ:US500,2018-09-14T12:42:00+02:00,2906.90,2907.15,2906.89,2907.15,28
SQ:US500,2018-09-14T12:43:00+02:00,2907.39,2907.41,2907.38,2907.39,7
SQ:US500,2018-09-14T12:44:00+02:00,2907.41,2907.89,2907.41,2907.89,49
SQ:US500,2018-09-14T12:45:00+02:00,2907.89,2907.89,2907.89,2907.89,1
SQ:US500,2018-09-14T12:46:00+02:00,2907.90,2908.13,2907.89,2907.89,48
SQ:US500,2018-09-14T12:47:00+02:00,2907.88,2907.88,2907.65,2907.65,24
SQ:US500,2018-09-14T12:48:00+02:00,2907.63,2907.65,2907.41,2907.41,27
SQ:US500,2018-09-14T12:49:00+02:00,2907.40,2907.40,2907.40,2907.40,1
SQ:US500,2018-09-14T12:50:00+02:00,2907.40,2907.63,2907.40,2907.63,24
SQ:US500,2018-09-14T12:51:00+02:00,2907.64,2907.65,2907.64,2907.65,2
SQ:US500,2018-09-14T12:52:00+02:00,2907.66,2907.89,2907.66,2907.66,47
SQ:US500,2018-09-14T12:53:00+02:00,2907.65,2907.89,2907.64,2907.66,50
SQ:US500,2018-09-14T12:54:00+02:00,2907.89,2908.14,2907.66,2908.14,72
SQ:US500,2018-09-14T12:55:00+02:00,2908.15,2908.39,2907.89,2908.38,78
SQ:US500,2018-09-14T12:56:00+02:00,2908.39,2908.40,2908.15,2908.15,27
SQ:US500,2018-09-14T12:57:00+02:00,2908.16,2908.39,2908.14,2908.38,29
SQ:US500,2018-09-14T12:58:00+02:00,2908.27,2908.40,2908.16,2908.39,37
SQ:US500,2018-09-14T12:59:00+02:00,2908.38,2908.40,2908.38,2908.39,4
SQ:US500,2018-09-14T13:00:00+02:00,2908.40,2908.63,2908.38,2908.41,50
SQ:US500,2018-09-14T13:01:00+02:00,2908.63,2908.64,2908.38,2908.38,28
SQ:US500,2018-09-14T13:02:00+02:00,2908.39,2908.40,2908.14,2908.15,29
SQ:US500,2018-09-14T13:03:00+02:00,2908.14,2908.16,2908.13,2908.15,6
SQ:US500,2018-09-14T13:04:00+02:00,2908.14,2908.38,2908.13,2908.15,50
SQ:US500,2018-09-14T13:05:00+02:00,2908.14,2908.15,2907.89,2907.91,30
SQ:US500,2018-09-14T13:06:00+02:00,2908.13,2908.15,2907.91,2908.14,48
SQ:US500,2018-09-14T13:07:00+02:00,2908.38,2908.39,2908.38,2908.39,2
SQ:US500,2018-09-14T13:08:00+02:00,2908.39,2908.66,2908.39,2908.66,28
SQ:US500,2018-09-14T13:09:00+02:00,2908.65,2908.89,2908.65,2908.89,25
SQ:US500,2018-09-14T13:10:00+02:00,2908.91,2909.15,2908.90,2909.14,28
SQ:US500,2018-09-14T13:11:00+02:00,2908.91,2909.15,2908.90,2908.91,51
SQ:US500,2018-09-14T13:12:00+02:00,2909.14,2909.14,2908.88,2909.14,53
SQ:US500,2018-09-14T13:13:00+02:00,2909.13,2909.14,2908.66,2908.66,50
SQ:US500,2018-09-14T13:14:00+02:00,2908.88,2908.88,2908.40,2908.41,50
SQ:US500,2018-09-14T13:15:00+02:00,2908.63,2908.65,2908.39,2908.39,29
SQ:US500,2018-09-14T13:16:00+02:00,2908.16,2909.39,2908.15,2909.15,150
SQ:US500,2018-09-14T13:17:00+02:00,2909.14,2909.65,2908.90,2909.40,125
SQ:US500,2018-09-14T13:18:00+02:00,2909.39,2909.40,2908.91,2909.13,73
SQ:US500,2018-09-14T13:19:00+02:00,2909.25,2909.41,2909.15,2909.15,43
SQ:US500,2018-09-14T13:20:00+02:00,2908.91,2909.65,2908.91,2909.65,75
SQ:US500,2018-09-14T13:21:00+02:00,2909.64,2909.66,2909.39,2909.65,54
SQ:US500,2018-09-14T13:22:00+02:00,2909.64,2909.65,2909.39,2909.64,53
SQ:US500,2018-09-14T13:23:00+02:00,2909.65,2909.65,2909.63,2909.63,3
SQ:US500,2018-09-14T13:24:00+02:00,2909.40,2909.89,2909.38,2909.65,78
SQ:US500,2018-09-14T13:25:00+02:00,2909.89,2910.14,2909.88,2909.90,52
SQ:US500,2018-09-14T13:26:00+02:00,2909.89,2909.91,2909.66,2909.88,50
SQ:US500,2018-09-14T13:27:00+02:00,2909.66,2910.13,2909.41,2909.90,121
SQ:US500,2018-09-14T13:28:00+02:00,2909.89,2909.90,2909.39,2909.40,54
SQ:US500,2018-09-14T13:29:00+02:00,2909.16,2909.40,2909.16,2909.40,25
SQ:US500,2018-09-14T13:30:00+02:00,2909.38,2909.40,2909.16,2909.40,47
SQ:US500,2018-09-14T13:31:00+02:00,2909.39,2909.39,2908.90,2908.91,51
SQ:US500,2018-09-14T13:32:00+02:00,2908.90,2909.40,2908.90,2909.40,51
SQ:US500,2018-09-14T13:33:00+02:00,2909.39,2909.41,2909.14,2909.16,32
SQ:US500,2018-09-14T13:34:00+02:00,2909.15,2909.15,2908.90,2908.91,27
SQ:US500,2018-09-14T13:35:00+02:00,2908.90,2909.14,2908.89,2909.14,27
SQ:US500,2018-09-14T13:36:00+02:00,2908.91,2909.38,2908.91,2909.38,48
SQ:US500,2018-09-14T13:37:00+02:00,2909.39,2909.39,2909.14,2909.14,26
SQ:US500,2018-09-14T13:38:00+02:00,2909.15,2909.65,2909.15,2909.41,75
SQ:US500,2018-09-14T13:39:00+02:00,2909.40,2909.41,2909.39,2909.40,5
SQ:US500,2018-09-14T13:40:00+02:00,2909.28,2909.38,2908.91,2909.38,85
SQ:US500,2018-09-14T13:41:00+02:00,2909.39,2909.40,2909.38,2909.39,5
SQ:US500,2018-09-14T13:42:00+02:00,2909.38,2909.40,2909.15,2909.16,29
SQ:US500,2018-09-14T13:43:00+02:00,2909.39,2909.39,2909.16,2909.39,47
SQ:US500,2018-09-14T13:44:00+02:00,2909.16,2909.16,2908.89,2908.89,28
SQ:US500,2018-09-14T13:45:00+02:00,2908.90,2908.90,2908.89,2908.89,2
SQ:US500,2018-09-14T13:46:00+02:00,2908.88,2908.90,2908.64,2908.64,29
SQ:US500,2018-09-14T13:47:00+02:00,2908.63,2908.90,2908.40,2908.90,74
SQ:US500,2018-09-14T13:48:00+02:00,2908.89,2908.90,2908.89,2908.90,2
SQ:US500,2018-09-14T13:49:00+02:00,2909.14,2909.16,2908.91,2908.91,28
SQ:US500,2018-09-14T13:50:00+02:00,2908.90,2909.14,2908.90,2909.14,25
SQ:US500,2018-09-14T13:51:00+02:00,2909.13,2909.14,2908.91,2908.91,25
SQ:US500,2018-09-14T13:52:00+02:00,2908.90,2909.13,2908.90,2908.91,46
SQ:US500,2018-09-14T13:53:00+02:00,2908.90,2908.90,2908.66,2908.89,48
SQ:US500,2018-09-14T13:54:00+02:00,2908.66,2908.89,2908.66,2908.66,47
SQ:US500,2018-09-14T13:55:00+02:00,2908.88,2908.89,2908.88,2908.88,3
SQ:US500,2018-09-14T13:56:00+02:00,2908.66,2908.66,2908.66,2908.66,1
SQ:US500,2018-09-14T13:57:00+02:00,2908.66,2908.88,2908.65,2908.66,47
SQ:US500,2018-09-14T13:58:00+02:00,2908.65,2908.66,2908.65,2908.65,3
SQ:US500,2018-09-14T13:59:00+02:00,2908.64,2908.65,2908.40,2908.64,51
SQ:US500,2018-09-14T14:00:00+02:00,2908.65,2908.65,2908.39,2908.40,28
SQ:US500,2018-09-14T14:01:00+02:00,2908.40,2908.40,2908.40,2908.40,1
SQ:US500,2018-09-14T14:02:00+02:00,2908.40,2908.40,2908.40,2908.40,1
SQ:US500,2018-09-14T14:03:00+02:00,2908.15,2908.15,2908.15,2908.15,1
SQ:US500,2018-09-14T14:04:00+02:00,2908.15,2908.65,2908.15,2908.64,52
SQ:US500,2018-09-14T14:05:00+02:00,2908.52,2908.65,2908.52,2908.64,15
SQ:US500,2018-09-14T14:06:00+02:00,2908.63,2908.63,2908.40,2908.40,24
SQ:US500,2018-09-14T14:07:00+02:00,2908.39,2908.39,2908.15,2908.16,26
SQ:US500,2018-09-14T14:08:00+02:00,2908.15,2908.40,2908.15,2908.16,50
SQ:US500,2018-09-14T14:09:00+02:00,2908.15,2908.15,2907.90,2907.90,26
SQ:US500,2018-09-14T14:10:00+02:00,2907.66,2907.66,2907.64,2907.64,3
SQ:US500,2018-09-14T14:11:00+02:00,2907.65,2907.65,2907.40,2907.65,51
SQ:US500,2018-09-14T14:12:00+02:00,2907.66,2907.90,2907.65,2907.89,28
SQ:US500,2018-09-14T14:13:00+02:00,2907.66,2907.89,2907.65,2907.65,48
SQ:US500,2018-09-14T14:14:00+02:00,2907.66,2908.14,2907.65,2907.89,76
SQ:US500,2018-09-14T14:15:00+02:00,2907.88,2907.90,2907.66,2907.89,48
SQ:US500,2018-09-14T14:16:00+02:00,2907.66,2907.90,2907.65,2907.90,27
SQ:US500,2018-09-14T14:17:00+02:00,2907.90,2907.90,2907.90,2907.90,1
SQ:US500,2018-09-14T14:18:00+02:00,2907.89,2908.15,2907.89,2908.15,27
SQ:US500,2018-09-14T14:19:00+02:00,2908.14,2908.14,2907.65,2907.66,51
SQ:US500,2018-09-14T14:20:00+02:00,2907.41,2907.89,2907.40,2907.89,51
SQ:US500,2018-09-14T14:21:00+02:00,2907.65,2907.65,2907.40,2907.40,26
SQ:US500,2018-09-14T14:22:00+02:00,2907.41,2907.65,2907.15,2907.15,75
SQ:US500,2018-09-14T14:23:00+02:00,2907.13,2907.39,2907.13,2907.16,50
SQ:US500,2018-09-14T14:24:00+02:00,2907.15,2907.39,2907.15,2907.39,25
SQ:US500,2018-09-14T14:25:00+02:00,2907.40,2907.63,2907.39,2907.63,26
SQ:US500,2018-09-14T14:26:00+02:00,2907.40,2907.40,2907.39,2907.40,3
SQ:US500,2018-09-14T14:27:00+02:00,2907.41,2907.63,2907.40,2907.41,47
SQ:US500,2018-09-14T14:28:00+02:00,2907.63,2907.63,2907.40,2907.41,25
SQ:US500,2018-09-14T14:29:00+02:00,2907.63,2907.88,2907.63,2907.77,37
SQ:US500,2018-09-14T14:30:00+02:00,2907.88,2908.38,2907.88,2907.91,98
SQ:US500,2018-09-14T14:31:00+02:00,2907.90,2907.90,2907.88,2907.88,3
SQ:US500,2018-09-14T14:32:00+02:00,2907.89,2907.89,2907.52,2907.64,50
SQ:US500,2018-09-14T14:33:00+02:00,2907.41,2907.41,2907.15,2907.15,27
SQ:US500,2018-09-14T14:34:00+02:00,2907.14,2907.15,2906.90,2906.90,27
SQ:US500,2018-09-14T14:35:00+02:00,2906.90,2906.90,2906.90,2906.90,1
SQ:US500,2018-09-14T14:36:00+02:00,2906.91,2907.40,2906.90,2907.40,52
SQ:US500,2018-09-14T14:37:00+02:00,2907.39,2907.39,2906.90,2906.90,50
SQ:US500,2018-09-14T14:38:00+02:00,2906.89,2906.91,2906.89,2906.89,5
SQ:US500,2018-09-14T14:39:00+02:00,2906.66,2907.15,2906.65,2906.91,76
SQ:US500,2018-09-14T14:40:00+02:00,2907.14,2907.15,2907.13,2907.14,5
SQ:US500,2018-09-14T14:41:00+02:00,2907.15,2907.15,2906.90,2907.13,49
SQ:US500,2018-09-14T14:42:00+02:00,2906.90,2907.14,2906.90,2907.14,25
SQ:US500,2018-09-14T14:43:00+02:00,2907.13,2907.14,2907.13,2907.14,2
SQ:US500,2018-09-14T14:44:00+02:00,2907.13,2907.13,2906.64,2906.65,51
SQ:US500,2018-09-14T14:45:00+02:00,2906.64,2906.89,2906.64,2906.89,26
SQ:US500,2018-09-14T14:46:00+02:00,2906.90,2906.91,2906.41,2906.41,52
SQ:US500,2018-09-14T14:47:00+02:00,2906.40,2906.52,2906.40,2906.40,25
SQ:US500,2018-09-14T14:48:00+02:00,2906.41,2907.14,2906.39,2907.14,78
SQ:US500,2018-09-14T14:49:00+02:00,2907.13,2907.14,2906.90,2907.14,48
SQ:US500,2018-09-14T14:50:00+02:00,2907.13,2907.15,2906.90,2907.14,50
SQ:US500,2018-09-14T14:51:00+02:00,2907.13,2907.14,2907.13,2907.14,2
SQ:US500,2018-09-14T14:52:00+02:00,2907.15,2907.15,2906.90,2907.13,49
SQ:US500,2018-09-14T14:53:00+02:00,2906.90,2907.14,2906.88,2906.91,52
SQ:US500,2018-09-14T14:54:00+02:00,2907.13,2907.64,2907.13,2907.63,53
SQ:US500,2018-09-14T14:55:00+02:00,2907.64,2907.64,2907.39,2907.40,27
SQ:US500,2018-09-14T14:56:00+02:00,2907.15,2907.15,2906.65,2907.15,101
SQ:US500,2018-09-14T14:57:00+02:00,2907.14,2907.16,2907.14,2907.15,4
SQ:US500,2018-09-14T14:58:00+02:00,2907.14,2907.14,2906.65,2906.65,50
SQ:US500,2018-09-14T14:59:00+02:00,2906.40,2906.65,2906.40,2906.65,26
SQ:US500,2018-09-14T15:00:00+02:00,2906.64,2906.66,2905.89,2905.90,81
SQ:US500,2018-09-14T15:01:00+02:00,2905.89,2906.39,2905.89,2906.16,74
SQ:US500,2018-09-14T15:02:00+02:00,2906.15,2906.63,2906.14,2906.40,74
SQ:US500,2018-09-14T15:03:00+02:00,2906.41,2906.63,2906.14,2906.15,73
SQ:US500,2018-09-14T15:04:00+02:00,2905.88,2905.88,2905.39,2905.39,50
SQ:US500,2018-09-14T15:05:00+02:00,2905.40,2906.13,2905.40,2906.13,74
SQ:US500,2018-09-14T15:06:00+02:00,2906.16,2906.16,2906.14,2906.14,3
SQ:US500,2018-09-14T15:07:00+02:00,2906.15,2906.40,2906.14,2906.39,29
SQ:US500,2018-09-14T15:08:00+02:00,2906.40,2906.83,2906.40,2906.60,67
SQ:US500,2018-09-14T15:09:00+02:00,2906.61,2906.88,2906.39,2906.65,95
SQ:US500,2018-09-14T15:10:00+02:00,2906.64,2906.65,2906.40,2906.41,28
SQ:US500,2018-09-14T15:11:00+02:00,2906.40,2906.40,2906.15,2906.16,27
SQ:US500,2018-09-14T15:12:00+02:00,2906.27,2906.66,2906.27,2906.65,41
SQ:US500,2018-09-14T15:13:00+02:00,2906.64,2906.64,2906.27,2906.39,50
SQ:US500,2018-09-14T15:14:00+02:00,2906.38,2906.38,2906.16,2906.38,45
SQ:US500,2018-09-14T15:15:00+02:00,2906.16,2906.66,2906.16,2906.64,53
SQ:US500,2018-09-14T15:16:00+02:00,2906.40,2906.40,2906.15,2906.15,26
SQ:US500,2018-09-14T15:17:00+02:00,2906.16,2906.65,2906.16,2906.65,50
SQ:US500,2018-09-14T15:18:00+02:00,2906.90,2907.15,2906.88,2906.89,54
SQ:US500,2018-09-14T15:19:00+02:00,2906.90,2907.39,2906.89,2907.39,52
SQ:US500,2018-09-14T15:20:00+02:00,2907.16,2907.16,2906.88,2906.91,32
SQ:US500,2018-09-14T15:21:00+02:00,2906.90,2906.90,2906.65,2906.66,27
SQ:US500,2018-09-14T15:22:00+02:00,2906.77,2906.77,2906.39,2906.64,64
SQ:US500,2018-09-14T15:23:00+02:00,2906.65,2906.65,2906.64,2906.64,2
SQ:US500,2018-09-14T15:24:00+02:00,2906.65,2906.89,2906.64,2906.88,28
SQ:US500,2018-09-14T15:25:00+02:00,2906.64,2906.64,2906.02,2906.14,75
SQ:US500,2018-09-14T15:26:00+02:00,2906.15,2906.15,2906.14,2906.14,2
SQ:US500,2018-09-14T15:27:00+02:00,2906.15,2906.15,2905.90,2905.90,26
SQ:US500,2018-09-14T15:28:00+02:00,2905.89,2906.02,2905.65,2905.90,74
SQ:US500,2018-09-14T15:29:00+02:00,2905.91,2906.40,2905.66,2905.66,124
SQ:US500,2018-09-14T15:30:00+02:00,2905.89,2906.47,2905.22,2905.23,185
SQ:US500,2018-09-14T15:31:00+02:00,2905.46,2905.48,2904.48,2904.96,151
SQ:US500,2018-09-14T15:32:00+02:00,2904.72,2904.97,2904.22,2904.71,150
SQ:US500,2018-09-14T15:33:00+02:00,2904.72,2904.96,2903.23,2903.72,247
SQ:US500,2018-09-14T15:34:00+02:00,2903.71,2905.10,2903.71,2904.97,153
SQ:US500,2018-09-14T15:35:00+02:00,2904.98,2905.48,2904.47,2904.97,202
SQ:US500,2018-09-14T15:36:00+02:00,2904.98,2905.72,2904.72,2905.71,128
SQ:US500,2018-09-14T15:37:00+02:00,2905.72,2906.46,2905.71,2905.97,126
SQ:US500,2018-09-14T15:38:00+02:00,2905.98,2906.21,2905.22,2905.98,199
SQ:US500,2018-09-14T15:39:00+02:00,2905.72,2906.22,2905.23,2905.98,173
SQ:US500,2018-09-14T15:40:00+02:00,2905.72,2906.97,2905.71,2906.71,154
SQ:US500,2018-09-14T15:41:00+02:00,2906.72,2906.96,2906.47,2906.47,74
SQ:US500,2018-09-14T15:42:00+02:00,2906.22,2907.23,2906.21,2907.22,105
SQ:US500,2018-09-14T15:43:00+02:00,2906.98,2907.48,2906.98,2907.47,52
SQ:US500,2018-09-14T15:44:00+02:00,2907.46,2907.46,2906.21,2906.21,126
SQ:US500,2018-09-14T15:45:00+02:00,2906.22,2907.47,2906.22,2907.21,152
SQ:US500,2018-09-14T15:46:00+02:00,2907.22,2907.23,2906.73,2907.22,101
SQ:US500,2018-09-14T15:47:00+02:00,2907.21,2907.21,2906.22,2906.22,100
SQ:US500,2018-09-14T15:48:00+02:00,2906.21,2906.21,2905.46,2905.72,102
SQ:US500,2018-09-14T15:49:00+02:00,2905.73,2905.97,2904.72,2904.72,150
SQ:US500,2018-09-14T15:50:00+02:00,2904.71,2905.98,2904.71,2905.98,128
SQ:US500,2018-09-14T15:51:00+02:00,2905.97,2905.98,2905.22,2905.48,104
SQ:US500,2018-09-14T15:52:00+02:00,2905.72,2905.72,2904.22,2904.48,177
SQ:US500,2018-09-14T15:53:00+02:00,2904.71,2905.73,2904.47,2905.73,151
SQ:US500,2018-09-14T15:54:00+02:00,2905.72,2905.73,2904.73,2905.73,200
SQ:US500,2018-09-14T15:55:00+02:00,2905.72,2905.73,2904.97,2905.46,127
SQ:US500,2018-09-14T15:56:00+02:00,2905.23,2905.71,2904.98,2904.98,122
SQ:US500,2018-09-14T15:57:00+02:00,2905.22,2905.23,2904.47,2904.48,79
SQ:US500,2018-09-14T15:58:00+02:00,2904.71,2904.96,2904.46,2904.71,101
SQ:US500,2018-09-14T15:59:00+02:00,2904.72,2905.72,2904.48,2905.09,212
SQ:US500,2018-09-14T16:00:00+02:00,2904.98,2905.23,2903.72,2904.23,228
SQ:US500,2018-09-14T16:01:00+02:00,2904.22,2904.47,2903.46,2904.47,178
SQ:US500,2018-09-14T16:02:00+02:00,2904.71,2905.47,2904.71,2904.73,151
SQ:US500,2018-09-14T16:03:00+02:00,2904.72,2904.73,2903.72,2903.98,129
SQ:US500,2018-09-14T16:04:00+02:00,2904.21,2904.21,2902.72,2902.97,175
SQ:US500,2018-09-14T16:05:00+02:00,2902.98,2903.47,2902.96,2902.97,102
SQ:US500,2018-09-14T16:06:00+02:00,2902.98,2903.72,2902.71,2902.72,177
SQ:US500,2018-09-14T16:07:00+02:00,2902.71,2902.71,2901.97,2901.97,75
SQ:US500,2018-09-14T16:08:00+02:00,2901.73,2901.97,2901.72,2901.96,28
SQ:US500,2018-09-14T16:09:00+02:00,2901.73,2902.46,2900.60,2900.72,272
SQ:US500,2018-09-14T16:10:00+02:00,2900.97,2901.98,2900.97,2901.72,128
SQ:US500,2018-09-14T16:11:00+02:00,2901.96,2902.23,2901.47,2901.73,130
SQ:US500,2018-09-14T16:12:00+02:00,2901.97,2902.23,2901.72,2901.97,103
SQ:US500,2018-09-14T16:13:00+02:00,2902.21,2902.46,2901.22,2901.47,175
SQ:US500,2018-09-14T16:14:00+02:00,2901.46,2901.73,2901.22,2901.73,76
SQ:US500,2018-09-14T16:15:00+02:00,2901.72,2903.22,2901.71,2903.22,153
SQ:US500,2018-09-14T16:16:00+02:00,2903.23,2903.47,2902.97,2903.21,99
SQ:US500,2018-09-14T16:17:00+02:00,2902.98,2903.47,2902.98,2903.23,74
SQ:US500,2018-09-14T16:18:00+02:00,2903.46,2903.71,2902.98,2903.48,145
SQ:US500,2018-09-14T16:19:00+02:00,2903.47,2903.96,2902.98,2903.47,197
SQ:US500,2018-09-14T16:20:00+02:00,2903.48,2903.73,2903.22,2903.46,101
SQ:US500,2018-09-14T16:21:00+02:00,2903.47,2904.22,2903.22,2903.72,176
SQ:US500,2018-09-14T16:22:00+02:00,2903.73,2904.21,2903.47,2903.97,125
SQ:US500,2018-09-14T16:23:00+02:00,2904.21,2904.22,2903.97,2903.97,27
SQ:US500,2018-09-14T16:24:00+02:00,2903.73,2903.73,2902.97,2903.71,151
SQ:US500,2018-09-14T16:25:00+02:00,2903.72,2903.72,2902.97,2902.97,76
SQ:US500,2018-09-14T16:26:00+02:00,2902.98,2903.23,2902.73,2903.22,77
SQ:US500,2018-09-14T16:27:00+02:00,2903.21,2903.72,2903.21,2903.71,53
SQ:US500,2018-09-14T16:28:00+02:00,2903.48,2904.46,2903.48,2904.46,99
SQ:US500,2018-09-14T16:29:00+02:00,2904.23,2904.23,2903.23,2903.48,126
SQ:US500,2018-09-14T16:30:00+02:00,2903.71,2905.22,2903.71,2904.98,176
SQ:US500,2018-09-14T16:31:00+02:00,2905.21,2905.22,2904.72,2905.22,100
SQ:US500,2018-09-14T16:32:00+02:00,2905.21,2905.22,2904.97,2904.97,27
SQ:US500,2018-09-14T16:33:00+02:00,2904.98,2905.47,2904.73,2905.47,100
SQ:US500,2018-09-14T16:34:00+02:00,2905.46,2905.72,2905.23,2905.72,73
SQ:US500,2018-09-14T16:35:00+02:00,2905.73,2906.22,2905.34,2905.35,139
SQ:US500,2018-09-14T16:36:00+02:00,2905.58,2905.71,2904.98,2905.22,111
SQ:US500,2018-09-14T16:37:00+02:00,2905.21,2905.71,2904.98,2905.47,121
SQ:US500,2018-09-14T16:38:00+02:00,2905.46,2906.22,2905.46,2905.97,102
SQ:US500,2018-09-14T16:39:00+02:00,2906.21,2906.21,2905.22,2905.22,100
SQ:US500,2018-09-14T16:40:00+02:00,2905.21,2905.47,2904.72,2904.96,126
SQ:US500,2018-09-14T16:41:00+02:00,2904.73,2905.22,2904.72,2904.97,77
SQ:US500,2018-09-14T16:42:00+02:00,2904.98,2905.97,2904.98,2905.97,100
SQ:US500,2018-09-14T16:43:00+02:00,2905.72,2906.22,2905.72,2905.98,75
SQ:US500,2018-09-14T16:44:00+02:00,2906.22,2906.47,2905.98,2906.22,99
SQ:US500,2018-09-14T16:45:00+02:00,2906.21,2906.22,2905.71,2905.73,55
SQ:US500,2018-09-14T16:46:00+02:00,2905.97,2905.98,2905.72,2905.97,53
SQ:US500,2018-09-14T16:47:00+02:00,2905.96,2906.22,2905.71,2905.72,79
SQ:US500,2018-09-14T16:48:00+02:00,2905.71,2905.72,2904.97,2904.97,77
SQ:US500,2018-09-14T16:49:00+02:00,2904.98,2905.47,2904.97,2904.97,100
SQ:US500,2018-09-14T16:50:00+02:00,2904.98,2904.98,2904.48,2904.72,75
SQ:US500,2018-09-14T16:51:00+02:00,2904.73,2904.96,2904.47,2904.73,99
SQ:US500,2018-09-14T16:52:00+02:00,2904.72,2904.96,2904.71,2904.72,51
SQ:US500,2018-09-14T16:53:00+02:00,2904.73,2905.46,2904.72,2904.98,124
SQ:US500,2018-09-14T16:54:00+02:00,2904.97,2905.97,2904.97,2905.73,125
SQ:US500,2018-09-14T16:55:00+02:00,2905.72,2906.46,2905.72,2906.46,75
SQ:US500,2018-09-14T16:56:00+02:00,2906.47,2906.47,2905.98,2906.22,74
SQ:US500,2018-09-14T16:57:00+02:00,2906.23,2906.47,2906.10,2906.47,51
SQ:US500,2018-09-14T16:58:00+02:00,2906.23,2906.47,2905.97,2905.97,75
SQ:US500,2018-09-14T16:59:00+02:00,2905.73,2905.97,2905.48,2905.72,98
SQ:US500,2018-09-14T17:00:00+02:00,2905.71,2905.97,2904.60,2904.72,176
SQ:US500,2018-09-14T17:01:00+02:00,2904.73,2905.71,2904.73,2905.71,99
SQ:US500,2018-09-14T17:02:00+02:00,2905.72,2905.97,2905.47,2905.97,76
SQ:US500,2018-09-14T17:03:00+02:00,2905.98,2906.47,2905.98,2906.46,51
SQ:US500,2018-09-14T17:04:00+02:00,2906.22,2906.76,2905.98,2906.51,128
SQ:US500,2018-09-14T17:05:00+02:00,2906.25,2907.02,2906.25,2907.01,79
SQ:US500,2018-09-14T17:06:00+02:00,2907.02,2907.76,2907.01,2907.26,127
SQ:US500,2018-09-14T17:07:00+02:00,2907.02,2907.26,2906.14,2906.63,186
SQ:US500,2018-09-14T17:08:00+02:00,2906.39,2906.64,2906.27,2906.50,64
SQ:US500,2018-09-14T17:09:00+02:00,2906.27,2907.26,2906.26,2907.02,126
SQ:US500,2018-09-14T17:10:00+02:00,2907.01,2907.26,2907.00,2907.01,53
SQ:US500,2018-09-14T17:11:00+02:00,2907.25,2907.26,2906.14,2906.14,114
SQ:US500,2018-09-14T17:12:00+02:00,2906.25,2906.26,2905.00,2905.25,153
SQ:US500,2018-09-14T17:13:00+02:00,2905.02,2905.76,2905.02,2905.75,76
SQ:US500,2018-09-14T17:14:00+02:00,2905.52,2906.01,2905.50,2905.52,103
SQ:US500,2018-09-14T17:15:00+02:00,2905.75,2905.77,2905.26,2905.76,102
SQ:US500,2018-09-14T17:16:00+02:00,2906.00,2906.01,2905.01,2905.76,177
SQ:US500,2018-09-14T17:17:00+02:00,2905.75,2906.01,2905.26,2905.50,126
SQ:US500,2018-09-14T17:18:00+02:00,2905.27,2905.27,2905.01,2905.02,28
SQ:US500,2018-09-14T17:19:00+02:00,2905.25,2905.51,2905.01,2905.26,100
SQ:US500,2018-09-14T17:20:00+02:00,2905.25,2905.26,2904.51,2904.76,102
SQ:US500,2018-09-14T17:21:00+02:00,2904.88,2906.51,2904.64,2906.01,262
SQ:US500,2018-09-14T17:22:00+02:00,2905.76,2906.50,2905.76,2906.26,99
SQ:US500,2018-09-14T17:23:00+02:00,2906.25,2906.25,2905.76,2905.76,50
SQ:US500,2018-09-14T17:24:00+02:00,2906.01,2906.76,2905.76,2906.76,126
SQ:US500,2018-09-14T17:25:00+02:00,2906.52,2907.50,2906.51,2907.38,113
SQ:US500,2018-09-14T17:26:00+02:00,2907.39,2907.39,2906.27,2906.75,161
SQ:US500,2018-09-14T17:27:00+02:00,2906.76,2906.76,2906.02,2906.26,99
SQ:US500,2018-09-14T17:28:00+02:00,2906.27,2906.52,2905.77,2906.26,150
SQ:US500,2018-09-14T17:29:00+02:00,2906.27,2906.50,2906.01,2906.50,76
SQ:US500,2018-09-14T17:30:00+02:00,2906.51,2907.00,2906.26,2906.26,124
SQ:US500,2018-09-14T17:31:00+02:00,2906.38,2906.51,2906.02,2906.26,87
SQ:US500,2018-09-14T17:32:00+02:00,2906.27,2907.27,2906.26,2907.26,104
SQ:US500,2018-09-14T17:33:00+02:00,2907.50,2907.51,2906.77,2907.01,100
SQ:US500,2018-09-14T17:34:00+02:00,2907.00,2907.27,2906.76,2906.76,79
SQ:US500,2018-09-14T17:35:00+02:00,2906.75,2906.75,2906.27,2906.27,49
SQ:US500,2018-09-14T17:36:00+02:00,2906.26,2906.50,2905.52,2906.27,196
SQ:US500,2018-09-14T17:37:00+02:00,2906.26,2906.52,2906.02,2906.27,100
SQ:US500,2018-09-14T17:38:00+02:00,2906.50,2906.77,2906.27,2906.75,76
SQ:US500,2018-09-14T17:39:00+02:00,2906.76,2906.76,2906.50,2906.50,27
SQ:US500,2018-09-14T17:40:00+02:00,2906.51,2906.76,2906.25,2906.26,78
SQ:US500,2018-09-14T17:41:00+02:00,2906.00,2906.02,2905.76,2906.02,51
SQ:US500,2018-09-14T17:42:00+02:00,2906.25,2906.51,2906.25,2906.25,53
SQ:US500,2018-09-14T17:43:00+02:00,2906.26,2907.01,2906.26,2907.01,76
SQ:US500,2018-09-14T17:44:00+02:00,2906.77,2907.25,2906.76,2907.01,75
SQ:US500,2018-09-14T17:45:00+02:00,2906.88,2907.01,2906.77,2907.01,36
SQ:US500,2018-09-14T17:46:00+02:00,2907.25,2907.25,2907.01,2907.01,25
SQ:US500,2018-09-14T17:47:00+02:00,2907.00,2907.51,2906.77,2907.51,98
SQ:US500,2018-09-14T17:48:00+02:00,2907.50,2907.50,2907.01,2907.01,50
SQ:US500,2018-09-14T17:49:00+02:00,2907.02,2907.26,2907.01,2907.01,50
SQ:US500,2018-09-14T17:50:00+02:00,2906.89,2906.89,2906.51,2906.51,39
SQ:US500,2018-09-14T17:51:00+02:00,2906.52,2907.51,2906.52,2907.27,124
SQ:US500,2018-09-14T17:52:00+02:00,2907.50,2908.01,2907.26,2907.26,127
SQ:US500,2018-09-14T17:53:00+02:00,2907.25,2907.26,2906.76,2906.77,53
SQ:US500,2018-09-14T17:54:00+02:00,2906.76,2906.77,2906.26,2906.50,77
SQ:US500,2018-09-14T17:55:00+02:00,2906.51,2906.76,2906.51,2906.76,26
SQ:US500,2018-09-14T17:56:00+02:00,2907.01,2907.01,2907.00,2907.01,3
SQ:US500,2018-09-14T17:57:00+02:00,2907.00,2907.01,2906.51,2906.51,52
SQ:US500,2018-09-14T17:58:00+02:00,2906.50,2907.01,2906.26,2907.01,100
SQ:US500,2018-09-14T17:59:00+02:00,2907.00,2907.02,2906.75,2907.02,53
SQ:US500,2018-09-14T18:00:00+02:00,2907.01,2907.26,2901.13,2902.12,738
SQ:US500,2018-09-14T18:01:00+02:00,2901.89,2902.25,2900.76,2902.01,287
SQ:US500,2018-09-14T18:02:00+02:00,2901.77,2903.76,2901.77,2903.01,275
SQ:US500,2018-09-14T18:03:00+02:00,2903.00,2903.00,2900.76,2900.89,238
SQ:US500,2018-09-14T18:04:00+02:00,2900.77,2901.50,2899.77,2900.50,320
SQ:US500,2018-09-14T18:05:00+02:00,2900.26,2900.27,2898.75,2899.01,180
SQ:US500,2018-09-14T18:06:00+02:00,2899.00,2899.63,2898.25,2898.52,229
SQ:US500,2018-09-14T18:07:00+02:00,2898.51,2900.13,2898.02,2899.76,298
SQ:US500,2018-09-14T18:08:00+02:00,2899.52,2900.76,2899.26,2900.76,177
SQ:US500,2018-09-14T18:09:00+02:00,2900.52,2901.13,2899.77,2900.76,249
SQ:US500,2018-09-14T18:10:00+02:00,2901.00,2901.63,2900.02,2900.51,274
SQ:US500,2018-09-14T18:11:00+02:00,2900.52,2900.76,2900.02,2900.26,123
SQ:US500,2018-09-14T18:12:00+02:00,2900.27,2900.27,2898.88,2899.39,191
SQ:US500,2018-09-14T18:13:00+02:00,2899.63,2901.26,2899.63,2900.77,213
SQ:US500,2018-09-14T18:14:00+02:00,2901.00,2901.50,2900.52,2900.76,173
SQ:US500,2018-09-14T18:15:00+02:00,2900.75,2902.00,2900.50,2901.88,188
SQ:US500,2018-09-14T18:16:00+02:00,2901.89,2902.02,2901.25,2901.26,92
SQ:US500,2018-09-14T18:17:00+02:00,2901.27,2901.52,2900.64,2900.76,126
SQ:US500,2018-09-14T18:18:00+02:00,2900.77,2901.50,2900.75,2900.75,149
SQ:US500,2018-09-14T18:19:00+02:00,2900.51,2900.77,2899.25,2899.39,193
SQ:US500,2018-09-14T18:20:00+02:00,2899.40,2900.63,2899.39,2900.39,150
SQ:US500,2018-09-14T18:21:00+02:00,2900.15,2900.15,2898.52,2898.76,188
SQ:US500,2018-09-14T18:22:00+02:00,2898.64,2899.00,2897.77,2898.00,183
SQ:US500,2018-09-14T18:23:00+02:00,2897.77,2898.00,2897.01,2897.26,148
SQ:US500,2018-09-14T18:24:00+02:00,2897.02,2898.00,2897.01,2897.77,124
SQ:US500,2018-09-14T18:25:00+02:00,2898.00,2898.76,2897.76,2898.26,175
SQ:US500,2018-09-14T18:26:00+02:00,2898.25,2899.14,2898.00,2898.89,165
SQ:US500,2018-09-14T18:27:00+02:00,2898.88,2898.89,2898.25,2898.51,92
SQ:US500,2018-09-14T18:28:00+02:00,2898.50,2899.26,2898.01,2899.02,199
SQ:US500,2018-09-14T18:29:00+02:00,2899.01,2899.75,2898.77,2898.77,173
SQ:US500,2018-09-14T18:30:00+02:00,2898.76,2899.26,2898.26,2899.26,151
SQ:US500,2018-09-14T18:31:00+02:00,2899.25,2900.01,2899.01,2899.51,175
SQ:US500,2018-09-14T18:32:00+02:00,2899.52,2899.76,2898.52,2898.75,172
SQ:US500,2018-09-14T18:33:00+02:00,2898.52,2898.76,2897.77,2898.26,173
SQ:US500,2018-09-14T18:34:00+02:00,2898.25,2899.01,2898.25,2899.01,77
SQ:US500,2018-09-14T18:35:00+02:00,2899.00,2899.01,2898.02,2898.52,151
SQ:US500,2018-09-14T18:36:00+02:00,2898.75,2899.25,2898.75,2898.76,100
SQ:US500,2018-09-14T18:37:00+02:00,2899.00,2899.02,2898.50,2898.51,56
SQ:US500,2018-09-14T18:38:00+02:00,2898.27,2898.27,2898.25,2898.25,3
SQ:US500,2018-09-14T18:39:00+02:00,2898.26,2899.51,2898.26,2899.00,177
SQ:US500,2018-09-14T18:40:00+02:00,2899.01,2899.51,2898.77,2898.77,125
SQ:US500,2018-09-14T18:41:00+02:00,2899.00,2900.26,2899.00,2900.01,152
SQ:US500,2018-09-14T18:42:00+02:00,2900.26,2900.26,2899.02,2899.02,125
SQ:US500,2018-09-14T18:43:00+02:00,2899.25,2899.51,2899.02,2899.02,76
SQ:US500,2018-09-14T18:44:00+02:00,2899.26,2899.76,2899.01,2899.26,151
SQ:US500,2018-09-14T18:45:00+02:00,2899.02,2899.77,2898.76,2899.76,129
SQ:US500,2018-09-14T18:46:00+02:00,2899.77,2900.02,2899.76,2900.01,29
SQ:US500,2018-09-14T18:47:00+02:00,2900.00,2900.01,2899.51,2899.51,52
SQ:US500,2018-09-14T18:48:00+02:00,2899.50,2900.01,2899.01,2900.01,150
SQ:US500,2018-09-14T18:49:00+02:00,2900.00,2900.52,2900.00,2900.26,79
SQ:US500,2018-09-14T18:50:00+02:00,2900.00,2900.00,2898.39,2899.51,274
SQ:US500,2018-09-14T18:51:00+02:00,2899.52,2899.52,2899.26,2899.51,52
SQ:US500,2018-09-14T18:52:00+02:00,2899.50,2900.01,2899.26,2900.01,100
SQ:US500,2018-09-14T18:53:00+02:00,2899.77,2900.00,2899.26,2899.26,98
SQ:US500,2018-09-14T18:54:00+02:00,2899.27,2899.27,2899.01,2899.26,52
SQ:US500,2018-09-14T18:55:00+02:00,2899.50,2900.00,2899.26,2899.27,126
SQ:US500,2018-09-14T18:56:00+02:00,2899.26,2899.75,2899.26,2899.75,50
SQ:US500,2018-09-14T18:57:00+02:00,2900.01,2900.26,2899.76,2899.76,76
SQ:US500,2018-09-14T18:58:00+02:00,2899.52,2899.75,2898.52,2898.88,183
SQ:US500,2018-09-14T18:59:00+02:00,2899.00,2899.00,2898.52,2898.64,61
SQ:US500,2018-09-14T19:00:00+02:00,2898.62,2898.75,2898.13,2898.50,113
SQ:US500,2018-09-14T19:01:00+02:00,2898.51,2898.51,2898.02,2898.27,75
SQ:US500,2018-09-14T19:02:00+02:00,2898.26,2898.76,2898.02,2898.27,148
SQ:US500,2018-09-14T19:03:00+02:00,2898.26,2898.75,2898.01,2898.75,100
SQ:US500,2018-09-14T19:04:00+02:00,2898.64,2899.01,2898.51,2898.76,89
SQ:US500,2018-09-14T19:05:00+02:00,2898.75,2898.88,2898.01,2898.26,126
SQ:US500,2018-09-14T19:06:00+02:00,2898.02,2898.26,2897.75,2897.76,77
SQ:US500,2018-09-14T19:07:00+02:00,2897.75,2897.77,2896.77,2896.77,103
SQ:US500,2018-09-14T19:08:00+02:00,2896.52,2897.50,2896.51,2896.75,176
SQ:US500,2018-09-14T19:09:00+02:00,2896.52,2896.76,2895.76,2896.25,174
SQ:US500,2018-09-14T19:10:00+02:00,2896.02,2896.51,2895.51,2896.51,152
SQ:US500,2018-09-14T19:11:00+02:00,2896.26,2896.75,2896.25,2896.26,101
SQ:US500,2018-09-14T19:12:00+02:00,2896.25,2896.51,2896.25,2896.27,51
SQ:US500,2018-09-14T19:13:00+02:00,2896.50,2897.51,2896.27,2897.50,149
SQ:US500,2018-09-14T19:14:00+02:00,2897.26,2897.51,2896.77,2897.01,124
SQ:US500,2018-09-14T19:15:00+02:00,2897.25,2897.25,2896.77,2897.01,73
SQ:US500,2018-09-14T19:16:00+02:00,2897.02,2897.52,2897.01,2897.50,55
SQ:US500,2018-09-14T19:17:00+02:00,2897.27,2898.51,2897.26,2898.50,128
SQ:US500,2018-09-14T19:18:00+02:00,2898.27,2898.51,2898.26,2898.51,27
SQ:US500,2018-09-14T19:19:00+02:00,2898.50,2898.76,2898.27,2898.50,99
SQ:US500,2018-09-14T19:20:00+02:00,2898.27,2899.51,2898.01,2899.01,227
SQ:US500,2018-09-14T19:21:00+02:00,2898.77,2899.26,2898.76,2899.01,77
SQ:US500,2018-09-14T19:22:00+02:00,2899.00,2899.26,2898.75,2899.01,102
SQ:US500,2018-09-14T19:23:00+02:00,2899.25,2899.51,2899.02,2899.25,99
SQ:US500,2018-09-14T19:24:00+02:00,2899.26,2899.50,2898.64,2898.64,111
SQ:US500,2018-09-14T19:25:00+02:00,2898.88,2899.75,2898.88,2899.75,88
SQ:US500,2018-09-14T19:26:00+02:00,2899.76,2900.51,2899.76,2900.50,77
SQ:US500,2018-09-14T19:27:00+02:00,2900.27,2900.75,2900.26,2900.50,76
SQ:US500,2018-09-14T19:28:00+02:00,2900.38,2900.51,2900.00,2900.00,65
SQ:US500,2018-09-14T19:29:00+02:00,2900.01,2900.01,2899.76,2899.77,27
SQ:US500,2018-09-14T19:30:00+02:00,2900.00,2900.76,2899.77,2900.51,148
SQ:US500,2018-09-14T19:31:00+02:00,2900.26,2900.75,2900.02,2900.51,122
SQ:US500,2018-09-14T19:32:00+02:00,2900.27,2901.02,2900.27,2901.01,77
SQ:US500,2018-09-14T19:33:00+02:00,2901.02,2901.02,2900.51,2900.52,53
SQ:US500,2018-09-14T19:34:00+02:00,2900.51,2900.52,2900.02,2900.51,101
SQ:US500,2018-09-14T19:35:00+02:00,2900.75,2901.00,2900.52,2900.52,74
SQ:US500,2018-09-14T19:36:00+02:00,2900.75,2901.00,2900.52,2900.76,96
SQ:US500,2018-09-14T19:37:00+02:00,2901.00,2901.01,2900.76,2900.76,27
SQ:US500,2018-09-14T19:38:00+02:00,2900.77,2901.00,2900.51,2901.00,76
SQ:US500,2018-09-14T19:39:00+02:00,2900.77,2901.00,2900.51,2900.52,74
SQ:US500,2018-09-14T19:40:00+02:00,2900.51,2901.01,2900.27,2901.00,100
SQ:US500,2018-09-14T19:41:00+02:00,2901.01,2901.27,2900.76,2901.26,78
SQ:US500,2018-09-14T19:42:00+02:00,2901.02,2901.02,2900.27,2900.38,87
SQ:US500,2018-09-14T19:43:00+02:00,2900.27,2900.77,2900.27,2900.76,52
SQ:US500,2018-09-14T19:44:00+02:00,2900.52,2900.76,2900.50,2900.64,41
SQ:US500,2018-09-14T19:45:00+02:00,2900.75,2901.00,2900.26,2900.26,100
SQ:US500,2018-09-14T19:46:00+02:00,2900.27,2900.75,2900.26,2900.27,99
SQ:US500,2018-09-14T19:47:00+02:00,2900.26,2900.26,2900.00,2900.25,52
SQ:US500,2018-09-14T19:48:00+02:00,2900.26,2900.26,2900.01,2900.25,50
SQ:US500,2018-09-14T19:49:00+02:00,2900.01,2900.75,2900.01,2900.27,123
SQ:US500,2018-09-14T19:50:00+02:00,2900.52,2901.02,2900.51,2901.02,53
SQ:US500,2018-09-14T19:51:00+02:00,2901.01,2901.51,2901.01,2901.27,75
SQ:US500,2018-09-14T19:52:00+02:00,2901.26,2901.50,2901.26,2901.50,25
SQ:US500,2018-09-14T19:53:00+02:00,2901.51,2901.51,2901.26,2901.27,27
SQ:US500,2018-09-14T19:54:00+02:00,2901.50,2901.76,2901.26,2901.76,75
SQ:US500,2018-09-14T19:55:00+02:00,2901.52,2901.76,2901.51,2901.76,27
SQ:US500,2018-09-14T19:56:00+02:00,2901.52,2901.76,2901.51,2901.51,50
SQ:US500,2018-09-14T19:57:00+02:00,2901.27,2901.51,2901.27,2901.51,25
SQ:US500,2018-09-14T19:58:00+02:00,2901.50,2901.77,2901.27,2901.51,100
SQ:US500,2018-09-14T19:59:00+02:00,2901.26,2901.76,2901.26,2901.75,52
SQ:US500,2018-09-14T20:00:00+02:00,2901.77,2902.25,2901.51,2901.76,148
SQ:US500,2018-09-14T20:01:00+02:00,2901.77,2902.26,2901.77,2902.26,50
SQ:US500,2018-09-14T20:02:00+02:00,2902.27,2903.01,2902.27,2902.75,101
SQ:US500,2018-09-14T20:03:00+02:00,2902.52,2902.52,2902.01,2902.26,77
SQ:US500,2018-09-14T20:04:00+02:00,2902.25,2902.26,2901.77,2902.25,99
SQ:US500,2018-09-14T20:05:00+02:00,2902.26,2902.50,2902.02,2902.02,73
SQ:US500,2018-09-14T20:06:00+02:00,2902.01,2902.02,2901.76,2901.77,29
SQ:US500,2018-09-14T20:07:00+02:00,2901.76,2901.76,2901.26,2901.50,75
SQ:US500,2018-09-14T20:08:00+02:00,2901.39,2901.77,2901.27,2901.76,64
SQ:US500,2018-09-14T20:09:00+02:00,2901.77,2902.50,2901.76,2902.26,100
SQ:US500,2018-09-14T20:10:00+02:00,2902.27,2902.50,2902.26,2902.27,49
SQ:US500,2018-09-14T20:11:00+02:00,2902.26,2902.26,2901.50,2901.50,77
SQ:US500,2018-09-14T20:12:00+02:00,2901.51,2901.51,2901.25,2901.51,53
SQ:US500,2018-09-14T20:13:00+02:00,2901.75,2902.01,2901.52,2902.01,73
SQ:US500,2018-09-14T20:14:00+02:00,2902.00,2902.01,2901.75,2901.76,29
SQ:US500,2018-09-14T20:15:00+02:00,2901.77,2902.51,2901.76,2902.51,77
SQ:US500,2018-09-14T20:16:00+02:00,2902.27,2902.52,2902.27,2902.52,26
SQ:US500,2018-09-14T20:17:00+02:00,2902.75,2902.76,2902.51,2902.51,27
SQ:US500,2018-09-14T20:18:00+02:00,2902.26,2902.27,2902.02,2902.13,38
SQ:US500,2018-09-14T20:19:00+02:00,2901.89,2902.01,2901.52,2901.76,86
SQ:US500,2018-09-14T20:20:00+02:00,2902.26,2902.50,2902.25,2902.26,51
SQ:US500,2018-09-14T20:21:00+02:00,2902.27,2902.50,2902.14,2902.26,72
SQ:US500,2018-09-14T20:22:00+02:00,2902.27,2903.00,2902.26,2903.00,76
SQ:US500,2018-09-14T20:23:00+02:00,2902.76,2902.76,2901.75,2901.76,103
SQ:US500,2018-09-14T20:24:00+02:00,2902.01,2902.76,2902.01,2902.76,76
SQ:US500,2018-09-14T20:25:00+02:00,2902.75,2902.77,2902.51,2902.51,29
SQ:US500,2018-09-14T20:26:00+02:00,2902.27,2902.52,2902.27,2902.51,27
SQ:US500,2018-09-14T20:27:00+02:00,2902.50,2902.51,2902.02,2902.26,75
SQ:US500,2018-09-14T20:28:00+02:00,2902.52,2902.52,2901.26,2901.51,152
SQ:US500,2018-09-14T20:29:00+02:00,2901.25,2902.26,2901.25,2902.01,127
SQ:US500,2018-09-14T20:30:00+02:00,2902.25,2902.50,2901.51,2901.51,125
SQ:US500,2018-09-14T20:31:00+02:00,2901.52,2901.76,2901.26,2901.62,91
SQ:US500,2018-09-14T20:32:00+02:00,2901.51,2901.63,2901.01,2901.50,124
SQ:US500,2018-09-14T20:33:00+02:00,2901.38,2902.01,2901.27,2902.01,86
SQ:US500,2018-09-14T20:34:00+02:00,2902.02,2902.02,2901.51,2901.76,77
SQ:US500,2018-09-14T20:35:00+02:00,2902.00,2902.01,2901.52,2901.76,75
SQ:US500,2018-09-14T20:36:00+02:00,2902.01,2902.01,2902.01,2902.01,1
SQ:US500,2018-09-14T20:37:00+02:00,2902.26,2902.51,2902.02,2902.51,74
SQ:US500,2018-09-14T20:38:00+02:00,2902.50,2902.51,2902.01,2902.02,53
SQ:US500,2018-09-14T20:39:00+02:00,2902.01,2902.50,2902.01,2902.02,98
SQ:US500,2018-09-14T20:40:00+02:00,2902.26,2902.50,2902.25,2902.26,51
SQ:US500,2018-09-14T20:41:00+02:00,2902.27,2902.27,2901.77,2902.00,74
SQ:US500,2018-09-14T20:42:00+02:00,2902.01,2902.01,2901.76,2902.00,50
SQ:US500,2018-09-14T20:43:00+02:00,2902.01,2902.26,2902.00,2902.01,53
SQ:US500,2018-09-14T20:44:00+02:00,2902.02,2902.25,2901.77,2902.02,97
SQ:US500,2018-09-14T20:45:00+02:00,2902.01,2902.02,2901.51,2901.52,54
SQ:US500,2018-09-14T20:46:00+02:00,2901.51,2901.76,2901.51,2901.75,27
SQ:US500,2018-09-14T20:47:00+02:00,2901.52,2902.01,2901.52,2902.01,50
SQ:US500,2018-09-14T20:48:00+02:00,2902.25,2902.51,2902.25,2902.27,51
SQ:US500,2018-09-14T20:49:00+02:00,2902.50,2902.75,2902.50,2902.51,50
SQ:US500,2018-09-14T20:50:00+02:00,2902.52,2903.01,2902.51,2902.51,100
SQ:US500,2018-09-14T20:51:00+02:00,2902.52,2902.76,2902.26,2902.27,76
SQ:US500,2018-09-14T20:52:00+02:00,2902.26,2902.51,2902.26,2902.26,51
SQ:US500,2018-09-14T20:53:00+02:00,2902.27,2903.00,2902.26,2902.77,99
SQ:US500,2018-09-14T20:54:00+02:00,2902.76,2903.02,2902.76,2903.01,28
SQ:US500,2018-09-14T20:55:00+02:00,2903.25,2903.25,2902.77,2902.77,49
SQ:US500,2018-09-14T20:56:00+02:00,2902.88,2903.25,2902.88,2903.01,62
SQ:US500,2018-09-14T20:57:00+02:00,2903.02,2903.25,2902.76,2902.76,73
SQ:US500,2018-09-14T20:58:00+02:00,2903.00,2903.02,2902.76,2903.00,53
SQ:US500,2018-09-14T20:59:00+02:00,2902.77,2902.77,2902.52,2902.76,50
SQ:US500,2018-09-14T21:00:00+02:00,2902.77,2903.25,2902.26,2903.01,175
SQ:US500,2018-09-14T21:01:00+02:00,2903.02,2903.25,2903.01,2903.02,49
SQ:US500,2018-09-14T21:02:00+02:00,2903.25,2903.50,2903.25,2903.50,26
SQ:US500,2018-09-14T21:03:00+02:00,2903.27,2903.50,2903.26,2903.27,49
SQ:US500,2018-09-14T21:04:00+02:00,2903.26,2903.27,2903.01,2903.01,28
SQ:US500,2018-09-14T21:05:00+02:00,2902.77,2903.26,2902.76,2903.00,78
SQ:US500,2018-09-14T21:06:00+02:00,2902.88,2903.26,2902.88,2903.25,40
SQ:US500,2018-09-14T21:07:00+02:00,2903.26,2903.26,2903.02,2903.25,48
SQ:US500,2018-09-14T21:08:00+02:00,2903.26,2903.26,2903.25,2903.26,3
SQ:US500,2018-09-14T21:09:00+02:00,2903.25,2903.27,2903.01,2903.26,52
SQ:US500,2018-09-14T21:10:00+02:00,2903.25,2903.76,2903.01,2903.76,100
SQ:US500,2018-09-14T21:11:00+02:00,2903.75,2903.75,2903.27,2903.51,73
SQ:US500,2018-09-14T21:12:00+02:00,2903.50,2903.51,2903.26,2903.27,28
SQ:US500,2018-09-14T21:13:00+02:00,2903.50,2903.76,2903.26,2903.75,76
SQ:US500,2018-09-14T21:14:00+02:00,2903.76,2904.00,2903.51,2903.76,99
SQ:US500,2018-09-14T21:15:00+02:00,2903.77,2904.01,2903.76,2904.01,27
SQ:US500,2018-09-14T21:16:00+02:00,2904.01,2904.01,2904.01,2904.01,1
SQ:US500,2018-09-14T21:17:00+02:00,2904.01,2904.01,2903.51,2903.52,52
SQ:US500,2018-09-14T21:18:00+02:00,2903.75,2904.26,2903.51,2904.26,100
SQ:US500,2018-09-14T21:19:00+02:00,2904.25,2904.50,2903.76,2904.50,124
SQ:US500,2018-09-14T21:20:00+02:00,2904.27,2904.27,2903.75,2903.75,53
SQ:US500,2018-09-14T21:21:00+02:00,2903.52,2904.00,2903.51,2903.52,99
SQ:US500,2018-09-14T21:22:00+02:00,2903.51,2903.52,2903.50,2903.50,4
SQ:US500,2018-09-14T21:23:00+02:00,2903.51,2903.51,2903.25,2903.25,27
SQ:US500,2018-09-14T21:24:00+02:00,2903.26,2903.75,2903.25,2903.52,75
SQ:US500,2018-09-14T21:25:00+02:00,2903.51,2903.52,2902.51,2902.52,104
SQ:US500,2018-09-14T21:26:00+02:00,2902.51,2903.26,2902.51,2903.25,77
SQ:US500,2018-09-14T21:27:00+02:00,2903.01,2903.26,2902.76,2903.00,100
SQ:US500,2018-09-14T21:28:00+02:00,2903.01,2903.26,2903.00,2903.01,53
SQ:US500,2018-09-14T21:29:00+02:00,2903.00,2903.01,2902.75,2902.76,29
SQ:US500,2018-09-14T21:30:00+02:00,2903.01,2903.02,2902.76,2903.01,53
SQ:US500,2018-09-14T21:31:00+02:00,2903.51,2904.00,2903.00,2903.01,151
SQ:US500,2018-09-14T21:32:00+02:00,2903.25,2903.26,2903.01,2903.26,50
SQ:US500,2018-09-14T21:33:00+02:00,2903.51,2904.01,2903.50,2904.01,53
SQ:US500,2018-09-14T21:34:00+02:00,2904.00,2904.01,2903.75,2903.76,29
SQ:US500,2018-09-14T21:35:00+02:00,2904.00,2904.01,2903.76,2904.01,50
SQ:US500,2018-09-14T21:36:00+02:00,2903.76,2903.77,2903.26,2903.50,77
SQ:US500,2018-09-14T21:37:00+02:00,2903.27,2903.50,2902.77,2903.26,146
SQ:US500,2018-09-14T21:38:00+02:00,2903.25,2903.51,2902.77,2903.50,124
SQ:US500,2018-09-14T21:39:00+02:00,2903.51,2904.50,2903.50,2904.27,125
SQ:US500,2018-09-14T21:40:00+02:00,2904.26,2904.50,2904.02,2904.26,97
SQ:US500,2018-09-14T21:41:00+02:00,2904.02,2904.27,2904.01,2904.26,29
SQ:US500,2018-09-14T21:42:00+02:00,2904.25,2904.26,2903.76,2903.76,52
SQ:US500,2018-09-14T21:43:00+02:00,2903.76,2903.76,2903.76,2903.76,1
SQ:US500,2018-09-14T21:44:00+02:00,2904.00,2904.50,2904.00,2904.26,75
SQ:US500,2018-09-14T21:45:00+02:00,2904.02,2905.13,2904.01,2905.13,114
SQ:US500,2018-09-14T21:46:00+02:00,2904.89,2904.90,2904.51,2904.76,66
SQ:US500,2018-09-14T21:47:00+02:00,2904.75,2905.00,2904.52,2904.76,96
SQ:US500,2018-09-14T21:48:00+02:00,2904.75,2905.27,2904.52,2905.27,99
SQ:US500,2018-09-14T21:49:00+02:00,2905.02,2905.27,2905.01,2905.27,28
SQ:US500,2018-09-14T21:50:00+02:00,2905.38,2906.00,2905.02,2905.51,184
SQ:US500,2018-09-14T21:51:00+02:00,2905.50,2905.50,2905.26,2905.50,49
SQ:US500,2018-09-14T21:52:00+02:00,2905.27,2905.50,2905.27,2905.50,24
SQ:US500,2018-09-14T21:53:00+02:00,2905.50,2905.75,2905.50,2905.50,51
SQ:US500,2018-09-14T21:54:00+02:00,2905.51,2905.51,2905.26,2905.26,26
SQ:US500,2018-09-14T21:55:00+02:00,2905.25,2905.77,2905.25,2905.75,55
SQ:US500,2018-09-14T21:56:00+02:00,2905.76,2905.76,2905.27,2905.75,98
SQ:US500,2018-09-14T21:57:00+02:00,2905.63,2905.75,2905.50,2905.75,39
SQ:US500,2018-09-14T21:58:00+02:00,2905.52,2905.76,2904.76,2904.77,126
SQ:US500,2018-09-14T21:59:00+02:00,2905.00,2905.25,2903.77,2904.50,247
SQ:US500,2018-09-14T22:00:00+02:00,2904.75,2905.54,2903.82,2905.51,269
SQ:US500,2018-09-14T22:01:00+02:00,2905.53,2905.54,2904.29,2904.47,145
SQ:US500,2018-09-14T22:02:00+02:00,2904.45,2904.52,2904.26,2904.27,35
SQ:US500,2018-09-14T22:03:00+02:00,2904.26,2904.28,2904.25,2904.25,6
SQ:US500,2018-09-14T22:04:00+02:00,2904.24,2904.75,2904.24,2904.74,53
SQ:US500,2018-09-14T22:05:00+02:00,2904.73,2904.74,2904.53,2904.72,42
SQ:US500,2018-09-14T22:06:00+02:00,2904.73,2904.73,2904.71,2904.72,4
SQ:US500,2018-09-14T22:07:00+02:00,2904.71,2904.72,2904.62,2904.70,20
SQ:US500,2018-09-14T22:08:00+02:00,2904.71,2904.71,2904.49,2904.49,23
SQ:US500,2018-09-14T22:09:00+02:00,2904.47,2904.48,2904.31,2904.32,20
SQ:US500,2018-09-14T22:10:00+02:00,2904.31,2904.49,2904.31,2904.48,20
SQ:US500,2018-09-14T22:11:00+02:00,2904.49,2904.54,2904.29,2904.45,47
SQ:US500,2018-09-14T22:12:00+02:00,2904.46,2904.48,2904.29,2904.45,38
SQ:US500,2018-09-14T22:13:00+02:00,2904.31,2904.32,2904.00,2904.00,34
SQ:US500,2018-09-14T22:14:00+02:00,2903.99,2904.49,2903.99,2904.49,51
SQ:US500,2018-09-14T22:30:00+02:00,2904.49,2905.25,2904.49,2904.82,120
SQ:US500,2018-09-14T22:31:00+02:00,2904.97,2905.01,2904.97,2904.99,7
SQ:US500,2018-09-14T22:32:00+02:00,2905.00,2905.01,2904.99,2905.01,4
SQ:US500,2018-09-14T22:33:00+02:00,2905.02,2905.02,2904.57,2904.75,64
SQ:US500,2018-09-14T22:34:00+02:00,2904.72,2904.76,2904.72,2904.75,6
SQ:US500,2018-09-14T22:35:00+02:00,2904.74,2904.75,2904.32,2904.47,60
SQ:US500,2018-09-14T22:36:00+02:00,2904.46,2904.48,2904.39,2904.47,18
SQ:US500,2018-09-14T22:37:00+02:00,2904.46,2904.46,2904.21,2904.24,29
SQ:US500,2018-09-14T22:38:00+02:00,2904.25,2904.25,2904.20,2904.23,9
SQ:US500,2018-09-14T22:39:00+02:00,2904.22,2904.29,2904.22,2904.29,8
SQ:US500,2018-09-14T22:40:00+02:00,2904.25,2904.26,2904.21,2904.25,11
SQ:US500,2018-09-14T22:41:00+02:00,2904.24,2904.24,2904.06,2904.06,19
SQ:US500,2018-09-14T22:42:00+02:00,2904.04,2904.25,2904.03,2904.21,28
SQ:US500,2018-09-14T22:43:00+02:00,2904.22,2904.22,2904.04,2904.06,21
SQ:US500,2018-09-14T22:44:00+02:00,2904.05,2904.06,2903.81,2903.98,44
SQ:US500,2018-09-14T22:45:00+02:00,2903.97,2903.97,2903.55,2903.55,43
SQ:US500,2018-09-14T22:46:00+02:00,2903.57,2903.76,2903.30,2903.51,87
SQ:US500,2018-09-14T22:47:00+02:00,2903.50,2903.50,2903.24,2903.24,27
SQ:US500,2018-09-14T22:48:00+02:00,2903.25,2903.25,2903.24,2903.24,2
SQ:US500,2018-09-14T22:49:00+02:00,2903.28,2903.45,2903.25,2903.40,29
SQ:US500,2018-09-14T22:50:00+02:00,2903.39,2903.50,2903.26,2903.48,40
SQ:US500,2018-09-14T22:51:00+02:00,2903.49,2903.52,2903.48,2903.51,7
SQ:US500,2018-09-14T22:52:00+02:00,2903.50,2903.74,2903.47,2903.73,32
SQ:US500,2018-09-14T22:53:00+02:00,2903.74,2903.98,2903.53,2903.53,70
SQ:US500,2018-09-14T22:54:00+02:00,2903.52,2903.57,2903.52,2903.56,7
