SQ:EURUSD,2018-02-12T00:00:00+01:00,1.22515,1.22515,1.22494,1.22501,64
SQ:EURUSD,2018-02-12T00:01:00+01:00,1.22500,1.22501,1.22486,1.22493,38
SQ:EURUSD,2018-02-12T00:02:00+01:00,1.22487,1.22500,1.22487,1.22497,44
SQ:EURUSD,2018-02-12T00:03:00+01:00,1.22496,1.22500,1.22490,1.22494,40
SQ:EURUSD,2018-02-12T00:04:00+01:00,1.22496,1.22501,1.22476,1.22477,37
SQ:EURUSD,2018-02-12T00:05:00+01:00,1.22479,1.22484,1.22457,1.22475,64
SQ:EURUSD,2018-02-12T00:06:00+01:00,1.22476,1.22476,1.22465,1.22473,40
SQ:EURUSD,2018-02-12T00:07:00+01:00,1.22477,1.22481,1.22471,1.22472,22
SQ:EURUSD,2018-02-12T00:08:00+01:00,1.22477,1.22482,1.22477,1.22482,7
SQ:EURUSD,2018-02-12T00:09:00+01:00,1.22480,1.22480,1.22473,1.22477,11
SQ:EURUSD,2018-02-12T00:10:00+01:00,1.22477,1.22479,1.22474,1.22479,19
SQ:EURUSD,2018-02-12T00:11:00+01:00,1.22481,1.22483,1.22477,1.22477,27
SQ:EURUSD,2018-02-12T00:12:00+01:00,1.22477,1.22481,1.22457,1.22457,74
SQ:EURUSD,2018-02-12T00:13:00+01:00,1.22457,1.22464,1.22447,1.22447,54
SQ:EURUSD,2018-02-12T00:14:00+01:00,1.22448,1.22461,1.22445,1.22448,54
SQ:EURUSD,2018-02-12T00:15:00+01:00,1.22448,1.22450,1.22433,1.22443,65
SQ:EURUSD,2018-02-12T00:16:00+01:00,1.22447,1.22450,1.22439,1.22440,34
SQ:EURUSD,2018-02-12T00:17:00+01:00,1.22442,1.22449,1.22442,1.22447,8
SQ:EURUSD,2018-02-12T00:18:00+01:00,1.22448,1.22448,1.22432,1.22446,55
SQ:EURUSD,2018-02-12T00:19:00+01:00,1.22448,1.22456,1.22439,1.22440,51
SQ:EURUSD,2018-02-12T00:20:00+01:00,1.22442,1.22465,1.22442,1.22465,56
SQ:EURUSD,2018-02-12T00:21:00+01:00,1.22465,1.22480,1.22460,1.22477,50
SQ:EURUSD,2018-02-12T00:22:00+01:00,1.22479,1.22484,1.22460,1.22462,42
SQ:EURUSD,2018-02-12T00:23:00+01:00,1.22464,1.22471,1.22460,1.22467,33
SQ:EURUSD,2018-02-12T00:24:00+01:00,1.22469,1.22484,1.22467,1.22483,43
SQ:EURUSD,2018-02-12T00:25:00+01:00,1.22483,1.22484,1.22477,1.22484,22
SQ:EURUSD,2018-02-12T00:26:00+01:00,1.22483,1.22493,1.22483,1.22487,40
SQ:EURUSD,2018-02-12T00:27:00+01:00,1.22489,1.22498,1.22489,1.22492,29
SQ:EURUSD,2018-02-12T00:28:00+01:00,1.22492,1.22494,1.22483,1.22490,33
SQ:EURUSD,2018-02-12T00:29:00+01:00,1.22491,1.22491,1.22484,1.22484,20
SQ:EURUSD,2018-02-12T00:30:00+01:00,1.22487,1.22494,1.22481,1.22486,37
SQ:EURUSD,2018-02-12T00:31:00+01:00,1.22484,1.22487,1.22473,1.22487,26
SQ:EURUSD,2018-02-12T00:32:00+01:00,1.22483,1.22483,1.22477,1.22477,24
SQ:EURUSD,2018-02-12T00:33:00+01:00,1.22476,1.22477,1.22467,1.22470,48
SQ:EURUSD,2018-02-12T00:34:00+01:00,1.22469,1.22470,1.22463,1.22466,50
SQ:EURUSD,2018-02-12T00:35:00+01:00,1.22466,1.22471,1.22460,1.22460,27
SQ:EURUSD,2018-02-12T00:36:00+01:00,1.22460,1.22463,1.22457,1.22457,23
SQ:EURUSD,2018-02-12T00:37:00+01:00,1.22457,1.22462,1.22453,1.22457,32
SQ:EURUSD,2018-02-12T00:38:00+01:00,1.22457,1.22459,1.22457,1.22459,3
SQ:EURUSD,2018-02-12T00:39:00+01:00,1.22459,1.22459,1.22457,1.22457,10
SQ:EURUSD,2018-02-12T00:40:00+01:00,1.22457,1.22459,1.22453,1.22454,23
SQ:EURUSD,2018-02-12T00:41:00+01:00,1.22453,1.22453,1.22450,1.22450,7
SQ:EURUSD,2018-02-12T00:42:00+01:00,1.22450,1.22450,1.22443,1.22443,20
SQ:EURUSD,2018-02-12T00:43:00+01:00,1.22443,1.22443,1.22440,1.22443,7
SQ:EURUSD,2018-02-12T00:44:00+01:00,1.22443,1.22454,1.22443,1.22454,9
SQ:EURUSD,2018-02-12T00:45:00+01:00,1.22455,1.22472,1.22454,1.22470,27
SQ:EURUSD,2018-02-12T00:46:00+01:00,1.22470,1.22471,1.22470,1.22471,4
SQ:EURUSD,2018-02-12T00:47:00+01:00,1.22470,1.22470,1.22467,1.22469,12
SQ:EURUSD,2018-02-12T00:48:00+01:00,1.22467,1.22472,1.22467,1.22472,11
SQ:EURUSD,2018-02-12T00:49:00+01:00,1.22473,1.22473,1.22470,1.22473,11
SQ:EURUSD,2018-02-12T00:50:00+01:00,1.22472,1.22473,1.22472,1.22473,5
SQ:EURUSD,2018-02-12T00:51:00+01:00,1.22474,1.22489,1.22474,1.22489,12
SQ:EURUSD,2018-02-12T00:52:00+01:00,1.22487,1.22494,1.22487,1.22487,12
SQ:EURUSD,2018-02-12T00:53:00+01:00,1.22490,1.22494,1.22487,1.22487,21
SQ:EURUSD,2018-02-12T00:54:00+01:00,1.22487,1.22501,1.22484,1.22501,21
SQ:EURUSD,2018-02-12T00:55:00+01:00,1.22501,1.22506,1.22501,1.22506,8
SQ:EURUSD,2018-02-12T00:56:00+01:00,1.22506,1.22515,1.22506,1.22514,23
SQ:EURUSD,2018-02-12T00:57:00+01:00,1.22520,1.22520,1.22511,1.22514,13
SQ:EURUSD,2018-02-12T00:58:00+01:00,1.22515,1.22515,1.22515,1.22515,2
SQ:EURUSD,2018-02-12T00:59:00+01:00,1.22514,1.22515,1.22514,1.22515,2
SQ:EURUSD,2018-02-12T01:00:00+01:00,1.22515,1.22521,1.22510,1.22518,35
SQ:EURUSD,2018-02-12T01:01:00+01:00,1.22520,1.22524,1.22518,1.22524,31
SQ:EURUSD,2018-02-12T01:02:00+01:00,1.22523,1.22523,1.22513,1.22513,14
SQ:EURUSD,2018-02-12T01:03:00+01:00,1.22514,1.22516,1.22508,1.22514,15
SQ:EURUSD,2018-02-12T01:04:00+01:00,1.22515,1.22525,1.22515,1.22525,14
SQ:EURUSD,2018-02-12T01:05:00+01:00,1.22526,1.22538,1.22526,1.22538,21
SQ:EURUSD,2018-02-12T01:06:00+01:00,1.22540,1.22550,1.22538,1.22550,44
SQ:EURUSD,2018-02-12T01:07:00+01:00,1.22548,1.22568,1.22548,1.22565,71
SQ:EURUSD,2018-02-12T01:08:00+01:00,1.22567,1.22581,1.22567,1.22581,30
SQ:EURUSD,2018-02-12T01:09:00+01:00,1.22579,1.22591,1.22575,1.22591,42
SQ:EURUSD,2018-02-12T01:10:00+01:00,1.22591,1.22592,1.22574,1.22574,56
SQ:EURUSD,2018-02-12T01:11:00+01:00,1.22575,1.22579,1.22570,1.22570,33
SQ:EURUSD,2018-02-12T01:12:00+01:00,1.22570,1.22575,1.22564,1.22575,33
SQ:EURUSD,2018-02-12T01:13:00+01:00,1.22575,1.22575,1.22558,1.22565,48
SQ:EURUSD,2018-02-12T01:14:00+01:00,1.22565,1.22569,1.22552,1.22555,61
SQ:EURUSD,2018-02-12T01:15:00+01:00,1.22555,1.22562,1.22548,1.22548,51
SQ:EURUSD,2018-02-12T01:16:00+01:00,1.22548,1.22550,1.22543,1.22543,25
SQ:EURUSD,2018-02-12T01:17:00+01:00,1.22543,1.22558,1.22543,1.22553,30
SQ:EURUSD,2018-02-12T01:18:00+01:00,1.22553,1.22553,1.22538,1.22543,38
SQ:EURUSD,2018-02-12T01:19:00+01:00,1.22542,1.22543,1.22521,1.22524,47
SQ:EURUSD,2018-02-12T01:20:00+01:00,1.22523,1.22528,1.22518,1.22518,38
SQ:EURUSD,2018-02-12T01:21:00+01:00,1.22518,1.22527,1.22518,1.22521,23
SQ:EURUSD,2018-02-12T01:22:00+01:00,1.22521,1.22532,1.22521,1.22528,35
SQ:EURUSD,2018-02-12T01:23:00+01:00,1.22532,1.22548,1.22528,1.22548,49
SQ:EURUSD,2018-02-12T01:24:00+01:00,1.22547,1.22554,1.22543,1.22548,58
SQ:EURUSD,2018-02-12T01:25:00+01:00,1.22548,1.22552,1.22517,1.22518,75
SQ:EURUSD,2018-02-12T01:26:00+01:00,1.22518,1.22523,1.22507,1.22516,62
SQ:EURUSD,2018-02-12T01:27:00+01:00,1.22517,1.22523,1.22514,1.22517,35
SQ:EURUSD,2018-02-12T01:28:00+01:00,1.22517,1.22528,1.22516,1.22528,34
SQ:EURUSD,2018-02-12T01:29:00+01:00,1.22533,1.22538,1.22528,1.22531,58
SQ:EURUSD,2018-02-12T01:30:00+01:00,1.22528,1.22543,1.22525,1.22527,60
SQ:EURUSD,2018-02-12T01:31:00+01:00,1.22528,1.22534,1.22521,1.22525,52
SQ:EURUSD,2018-02-12T01:32:00+01:00,1.22526,1.22528,1.22518,1.22524,60
SQ:EURUSD,2018-02-12T01:33:00+01:00,1.22525,1.22530,1.22521,1.22521,49
SQ:EURUSD,2018-02-12T01:34:00+01:00,1.22521,1.22537,1.22521,1.22535,49
SQ:EURUSD,2018-02-12T01:35:00+01:00,1.22535,1.22559,1.22535,1.22558,48
SQ:EURUSD,2018-02-12T01:36:00+01:00,1.22561,1.22565,1.22548,1.22565,52
SQ:EURUSD,2018-02-12T01:37:00+01:00,1.22567,1.22582,1.22565,1.22576,76
SQ:EURUSD,2018-02-12T01:38:00+01:00,1.22577,1.22581,1.22575,1.22579,44
SQ:EURUSD,2018-02-12T01:39:00+01:00,1.22581,1.22582,1.22575,1.22576,58
SQ:EURUSD,2018-02-12T01:40:00+01:00,1.22577,1.22589,1.22575,1.22578,56
SQ:EURUSD,2018-02-12T01:41:00+01:00,1.22579,1.22595,1.22579,1.22594,47
SQ:EURUSD,2018-02-12T01:42:00+01:00,1.22593,1.22604,1.22593,1.22599,25
SQ:EURUSD,2018-02-12T01:43:00+01:00,1.22598,1.22618,1.22598,1.22609,59
SQ:EURUSD,2018-02-12T01:44:00+01:00,1.22608,1.22623,1.22608,1.22619,42
SQ:EURUSD,2018-02-12T01:45:00+01:00,1.22619,1.22623,1.22605,1.22605,63
SQ:EURUSD,2018-02-12T01:46:00+01:00,1.22606,1.22609,1.22598,1.22605,52
SQ:EURUSD,2018-02-12T01:47:00+01:00,1.22604,1.22609,1.22604,1.22608,35
SQ:EURUSD,2018-02-12T01:48:00+01:00,1.22608,1.22612,1.22598,1.22599,34
SQ:EURUSD,2018-02-12T01:49:00+01:00,1.22598,1.22606,1.22598,1.22604,18
SQ:EURUSD,2018-02-12T01:50:00+01:00,1.22603,1.22603,1.22585,1.22587,44
SQ:EURUSD,2018-02-12T01:51:00+01:00,1.22587,1.22587,1.22579,1.22587,31
SQ:EURUSD,2018-02-12T01:52:00+01:00,1.22587,1.22589,1.22585,1.22587,27
SQ:EURUSD,2018-02-12T01:53:00+01:00,1.22587,1.22603,1.22586,1.22603,41
SQ:EURUSD,2018-02-12T01:54:00+01:00,1.22602,1.22616,1.22602,1.22609,44
SQ:EURUSD,2018-02-12T01:55:00+01:00,1.22613,1.22623,1.22612,1.22621,50
SQ:EURUSD,2018-02-12T01:56:00+01:00,1.22620,1.22621,1.22602,1.22603,41
SQ:EURUSD,2018-02-12T01:57:00+01:00,1.22602,1.22613,1.22602,1.22605,42
SQ:EURUSD,2018-02-12T01:58:00+01:00,1.22605,1.22633,1.22604,1.22626,59
SQ:EURUSD,2018-02-12T01:59:00+01:00,1.22628,1.22628,1.22613,1.22619,32
SQ:EURUSD,2018-02-12T02:00:00+01:00,1.22621,1.22628,1.22605,1.22606,56
SQ:EURUSD,2018-02-12T02:01:00+01:00,1.22605,1.22633,1.22602,1.22633,73
SQ:EURUSD,2018-02-12T02:02:00+01:00,1.22633,1.22647,1.22626,1.22645,51
SQ:EURUSD,2018-02-12T02:03:00+01:00,1.22646,1.22659,1.22645,1.22655,64
SQ:EURUSD,2018-02-12T02:04:00+01:00,1.22657,1.22681,1.22657,1.22681,68
SQ:EURUSD,2018-02-12T02:05:00+01:00,1.22677,1.22711,1.22675,1.22709,81
SQ:EURUSD,2018-02-12T02:06:00+01:00,1.22709,1.22713,1.22698,1.22703,66
SQ:EURUSD,2018-02-12T02:07:00+01:00,1.22700,1.22714,1.22696,1.22704,42
SQ:EURUSD,2018-02-12T02:08:00+01:00,1.22704,1.22706,1.22697,1.22698,36
SQ:EURUSD,2018-02-12T02:09:00+01:00,1.22698,1.22741,1.22697,1.22737,65
SQ:EURUSD,2018-02-12T02:10:00+01:00,1.22736,1.22740,1.22723,1.22725,40
SQ:EURUSD,2018-02-12T02:11:00+01:00,1.22724,1.22725,1.22713,1.22715,30
SQ:EURUSD,2018-02-12T02:12:00+01:00,1.22714,1.22718,1.22709,1.22715,46
SQ:EURUSD,2018-02-12T02:13:00+01:00,1.22714,1.22715,1.22704,1.22709,30
SQ:EURUSD,2018-02-12T02:14:00+01:00,1.22706,1.22741,1.22704,1.22723,83
SQ:EURUSD,2018-02-12T02:15:00+01:00,1.22726,1.22762,1.22714,1.22760,167
SQ:EURUSD,2018-02-12T02:16:00+01:00,1.22762,1.22769,1.22751,1.22755,87
SQ:EURUSD,2018-02-12T02:17:00+01:00,1.22755,1.22769,1.22755,1.22767,48
SQ:EURUSD,2018-02-12T02:18:00+01:00,1.22765,1.22768,1.22757,1.22764,62
SQ:EURUSD,2018-02-12T02:19:00+01:00,1.22763,1.22769,1.22751,1.22751,31
SQ:EURUSD,2018-02-12T02:20:00+01:00,1.22751,1.22761,1.22750,1.22752,26
SQ:EURUSD,2018-02-12T02:21:00+01:00,1.22753,1.22763,1.22753,1.22753,17
SQ:EURUSD,2018-02-12T02:22:00+01:00,1.22755,1.22759,1.22728,1.22735,53
SQ:EURUSD,2018-02-12T02:23:00+01:00,1.22734,1.22736,1.22724,1.22725,65
SQ:EURUSD,2018-02-12T02:24:00+01:00,1.22725,1.22736,1.22720,1.22720,54
SQ:EURUSD,2018-02-12T02:25:00+01:00,1.22720,1.22723,1.22714,1.22718,36
SQ:EURUSD,2018-02-12T02:26:00+01:00,1.22720,1.22720,1.22714,1.22714,16
SQ:EURUSD,2018-02-12T02:27:00+01:00,1.22714,1.22720,1.22714,1.22720,21
SQ:EURUSD,2018-02-12T02:28:00+01:00,1.22721,1.22744,1.22720,1.22744,45
SQ:EURUSD,2018-02-12T02:29:00+01:00,1.22744,1.22760,1.22742,1.22758,32
SQ:EURUSD,2018-02-12T02:30:00+01:00,1.22757,1.22759,1.22742,1.22744,44
SQ:EURUSD,2018-02-12T02:31:00+01:00,1.22745,1.22747,1.22744,1.22745,12
SQ:EURUSD,2018-02-12T02:32:00+01:00,1.22745,1.22765,1.22742,1.22765,35
SQ:EURUSD,2018-02-12T02:33:00+01:00,1.22765,1.22791,1.22765,1.22784,71
SQ:EURUSD,2018-02-12T02:34:00+01:00,1.22782,1.22794,1.22762,1.22767,100
SQ:EURUSD,2018-02-12T02:35:00+01:00,1.22765,1.22789,1.22762,1.22784,94
SQ:EURUSD,2018-02-12T02:36:00+01:00,1.22782,1.22784,1.22772,1.22772,58
SQ:EURUSD,2018-02-12T02:37:00+01:00,1.22772,1.22789,1.22767,1.22779,63
SQ:EURUSD,2018-02-12T02:38:00+01:00,1.22779,1.22788,1.22777,1.22785,38
SQ:EURUSD,2018-02-12T02:39:00+01:00,1.22785,1.22785,1.22757,1.22759,37
SQ:EURUSD,2018-02-12T02:40:00+01:00,1.22755,1.22767,1.22755,1.22760,53
SQ:EURUSD,2018-02-12T02:41:00+01:00,1.22757,1.22759,1.22752,1.22753,23
SQ:EURUSD,2018-02-12T02:42:00+01:00,1.22752,1.22754,1.22745,1.22745,51
SQ:EURUSD,2018-02-12T02:43:00+01:00,1.22747,1.22764,1.22743,1.22760,61
SQ:EURUSD,2018-02-12T02:44:00+01:00,1.22759,1.22759,1.22744,1.22745,28
SQ:EURUSD,2018-02-12T02:45:00+01:00,1.22745,1.22745,1.22743,1.22743,15
SQ:EURUSD,2018-02-12T02:46:00+01:00,1.22744,1.22745,1.22736,1.22738,23
SQ:EURUSD,2018-02-12T02:47:00+01:00,1.22737,1.22738,1.22733,1.22734,27
SQ:EURUSD,2018-02-12T02:48:00+01:00,1.22733,1.22733,1.22724,1.22727,44
SQ:EURUSD,2018-02-12T02:49:00+01:00,1.22726,1.22727,1.22724,1.22726,26
SQ:EURUSD,2018-02-12T02:50:00+01:00,1.22725,1.22755,1.22724,1.22752,51
SQ:EURUSD,2018-02-12T02:51:00+01:00,1.22753,1.22761,1.22753,1.22755,25
SQ:EURUSD,2018-02-12T02:52:00+01:00,1.22755,1.22755,1.22743,1.22748,34
SQ:EURUSD,2018-02-12T02:53:00+01:00,1.22747,1.22753,1.22744,1.22744,19
SQ:EURUSD,2018-02-12T02:54:00+01:00,1.22743,1.22743,1.22734,1.22736,17
SQ:EURUSD,2018-02-12T02:55:00+01:00,1.22737,1.22737,1.22725,1.22727,53
SQ:EURUSD,2018-02-12T02:56:00+01:00,1.22726,1.22726,1.22711,1.22713,49
SQ:EURUSD,2018-02-12T02:57:00+01:00,1.22714,1.22714,1.22710,1.22714,10
SQ:EURUSD,2018-02-12T02:58:00+01:00,1.22716,1.22718,1.22709,1.22711,35
SQ:EURUSD,2018-02-12T02:59:00+01:00,1.22711,1.22713,1.22708,1.22708,17
SQ:EURUSD,2018-02-12T03:00:00+01:00,1.22708,1.22708,1.22701,1.22708,23
SQ:EURUSD,2018-02-12T03:01:00+01:00,1.22708,1.22713,1.22704,1.22713,14
SQ:EURUSD,2018-02-12T03:02:00+01:00,1.22713,1.22718,1.22710,1.22713,25
SQ:EURUSD,2018-02-12T03:03:00+01:00,1.22714,1.22728,1.22714,1.22727,26
SQ:EURUSD,2018-02-12T03:04:00+01:00,1.22725,1.22734,1.22720,1.22734,37
SQ:EURUSD,2018-02-12T03:05:00+01:00,1.22735,1.22744,1.22735,1.22743,36
SQ:EURUSD,2018-02-12T03:06:00+01:00,1.22741,1.22741,1.22727,1.22730,38
SQ:EURUSD,2018-02-12T03:07:00+01:00,1.22728,1.22758,1.22728,1.22755,25
SQ:EURUSD,2018-02-12T03:08:00+01:00,1.22755,1.22760,1.22752,1.22755,31
SQ:EURUSD,2018-02-12T03:09:00+01:00,1.22755,1.22782,1.22755,1.22781,32
SQ:EURUSD,2018-02-12T03:10:00+01:00,1.22781,1.22791,1.22774,1.22774,45
SQ:EURUSD,2018-02-12T03:11:00+01:00,1.22774,1.22782,1.22771,1.22778,44
SQ:EURUSD,2018-02-12T03:12:00+01:00,1.22776,1.22779,1.22764,1.22764,38
SQ:EURUSD,2018-02-12T03:13:00+01:00,1.22764,1.22764,1.22753,1.22755,27
SQ:EURUSD,2018-02-12T03:14:00+01:00,1.22754,1.22754,1.22734,1.22734,38
SQ:EURUSD,2018-02-12T03:15:00+01:00,1.22734,1.22734,1.22715,1.22715,65
SQ:EURUSD,2018-02-12T03:16:00+01:00,1.22718,1.22718,1.22707,1.22708,35
SQ:EURUSD,2018-02-12T03:17:00+01:00,1.22708,1.22718,1.22707,1.22714,45
SQ:EURUSD,2018-02-12T03:18:00+01:00,1.22713,1.22713,1.22709,1.22710,37
SQ:EURUSD,2018-02-12T03:19:00+01:00,1.22711,1.22714,1.22709,1.22711,36
SQ:EURUSD,2018-02-12T03:20:00+01:00,1.22713,1.22714,1.22709,1.22709,18
SQ:EURUSD,2018-02-12T03:21:00+01:00,1.22711,1.22712,1.22707,1.22708,11
SQ:EURUSD,2018-02-12T03:22:00+01:00,1.22708,1.22708,1.22699,1.22699,20
SQ:EURUSD,2018-02-12T03:23:00+01:00,1.22700,1.22701,1.22697,1.22701,10
SQ:EURUSD,2018-02-12T03:24:00+01:00,1.22700,1.22701,1.22697,1.22697,8
SQ:EURUSD,2018-02-12T03:25:00+01:00,1.22694,1.22696,1.22691,1.22691,6
SQ:EURUSD,2018-02-12T03:26:00+01:00,1.22692,1.22698,1.22691,1.22694,10
SQ:EURUSD,2018-02-12T03:27:00+01:00,1.22694,1.22709,1.22694,1.22708,15
SQ:EURUSD,2018-02-12T03:28:00+01:00,1.22706,1.22710,1.22704,1.22706,31
SQ:EURUSD,2018-02-12T03:29:00+01:00,1.22704,1.22717,1.22704,1.22717,25
SQ:EURUSD,2018-02-12T03:30:00+01:00,1.22715,1.22715,1.22704,1.22708,39
SQ:EURUSD,2018-02-12T03:31:00+01:00,1.22708,1.22708,1.22706,1.22708,11
SQ:EURUSD,2018-02-12T03:32:00+01:00,1.22707,1.22708,1.22700,1.22708,30
SQ:EURUSD,2018-02-12T03:33:00+01:00,1.22709,1.22718,1.22709,1.22718,22
SQ:EURUSD,2018-02-12T03:34:00+01:00,1.22718,1.22738,1.22718,1.22737,50
SQ:EURUSD,2018-02-12T03:35:00+01:00,1.22738,1.22738,1.22735,1.22736,17
SQ:EURUSD,2018-02-12T03:36:00+01:00,1.22736,1.22760,1.22736,1.22760,30
SQ:EURUSD,2018-02-12T03:37:00+01:00,1.22760,1.22765,1.22748,1.22748,49
SQ:EURUSD,2018-02-12T03:38:00+01:00,1.22748,1.22750,1.22745,1.22745,16
SQ:EURUSD,2018-02-12T03:39:00+01:00,1.22747,1.22765,1.22747,1.22764,35
SQ:EURUSD,2018-02-12T03:40:00+01:00,1.22762,1.22762,1.22755,1.22758,25
SQ:EURUSD,2018-02-12T03:41:00+01:00,1.22759,1.22761,1.22758,1.22761,5
SQ:EURUSD,2018-02-12T03:42:00+01:00,1.22764,1.22779,1.22764,1.22777,41
SQ:EURUSD,2018-02-12T03:43:00+01:00,1.22776,1.22801,1.22772,1.22796,56
SQ:EURUSD,2018-02-12T03:44:00+01:00,1.22797,1.22819,1.22796,1.22815,77
SQ:EURUSD,2018-02-12T03:45:00+01:00,1.22814,1.22833,1.22812,1.22833,56
SQ:EURUSD,2018-02-12T03:46:00+01:00,1.22832,1.22840,1.22826,1.22826,40
SQ:EURUSD,2018-02-12T03:47:00+01:00,1.22829,1.22837,1.22798,1.22799,59
SQ:EURUSD,2018-02-12T03:48:00+01:00,1.22801,1.22801,1.22792,1.22797,32
SQ:EURUSD,2018-02-12T03:49:00+01:00,1.22799,1.22803,1.22792,1.22797,53
SQ:EURUSD,2018-02-12T03:50:00+01:00,1.22796,1.22808,1.22796,1.22805,24
SQ:EURUSD,2018-02-12T03:51:00+01:00,1.22809,1.22822,1.22809,1.22816,26
SQ:EURUSD,2018-02-12T03:52:00+01:00,1.22815,1.22815,1.22795,1.22795,27
SQ:EURUSD,2018-02-12T03:53:00+01:00,1.22794,1.22802,1.22792,1.22797,33
SQ:EURUSD,2018-02-12T03:54:00+01:00,1.22797,1.22797,1.22791,1.22792,27
SQ:EURUSD,2018-02-12T03:55:00+01:00,1.22792,1.22799,1.22791,1.22799,31
SQ:EURUSD,2018-02-12T03:56:00+01:00,1.22801,1.22809,1.22799,1.22802,30
SQ:EURUSD,2018-02-12T03:57:00+01:00,1.22802,1.22803,1.22799,1.22802,14
SQ:EURUSD,2018-02-12T03:58:00+01:00,1.22801,1.22813,1.22801,1.22813,18
SQ:EURUSD,2018-02-12T03:59:00+01:00,1.22813,1.22830,1.22812,1.22829,45
SQ:EURUSD,2018-02-12T04:00:00+01:00,1.22830,1.22839,1.22812,1.22812,64
SQ:EURUSD,2018-02-12T04:01:00+01:00,1.22813,1.22813,1.22805,1.22808,22
SQ:EURUSD,2018-02-12T04:02:00+01:00,1.22806,1.22812,1.22802,1.22811,19
SQ:EURUSD,2018-02-12T04:03:00+01:00,1.22809,1.22811,1.22798,1.22799,36
SQ:EURUSD,2018-02-12T04:04:00+01:00,1.22802,1.22804,1.22801,1.22802,17
SQ:EURUSD,2018-02-12T04:05:00+01:00,1.22805,1.22816,1.22802,1.22812,39
SQ:EURUSD,2018-02-12T04:06:00+01:00,1.22811,1.22811,1.22802,1.22809,21
SQ:EURUSD,2018-02-12T04:07:00+01:00,1.22809,1.22815,1.22808,1.22814,20
SQ:EURUSD,2018-02-12T04:08:00+01:00,1.22813,1.22813,1.22801,1.22809,26
SQ:EURUSD,2018-02-12T04:09:00+01:00,1.22808,1.22808,1.22801,1.22803,30
SQ:EURUSD,2018-02-12T04:10:00+01:00,1.22803,1.22806,1.22803,1.22803,14
SQ:EURUSD,2018-02-12T04:11:00+01:00,1.22803,1.22809,1.22802,1.22806,18
SQ:EURUSD,2018-02-12T04:12:00+01:00,1.22808,1.22808,1.22801,1.22804,25
SQ:EURUSD,2018-02-12T04:13:00+01:00,1.22805,1.22809,1.22802,1.22803,20
SQ:EURUSD,2018-02-12T04:14:00+01:00,1.22802,1.22809,1.22802,1.22808,20
SQ:EURUSD,2018-02-12T04:15:00+01:00,1.22806,1.22808,1.22803,1.22806,19
SQ:EURUSD,2018-02-12T04:16:00+01:00,1.22806,1.22811,1.22802,1.22811,27
SQ:EURUSD,2018-02-12T04:17:00+01:00,1.22816,1.22836,1.22816,1.22830,31
SQ:EURUSD,2018-02-12T04:18:00+01:00,1.22830,1.22840,1.22830,1.22838,44
SQ:EURUSD,2018-02-12T04:19:00+01:00,1.22838,1.22846,1.22838,1.22842,24
SQ:EURUSD,2018-02-12T04:20:00+01:00,1.22840,1.22840,1.22829,1.22833,25
SQ:EURUSD,2018-02-12T04:21:00+01:00,1.22835,1.22835,1.22809,1.22811,24
SQ:EURUSD,2018-02-12T04:22:00+01:00,1.22809,1.22809,1.22799,1.22799,34
SQ:EURUSD,2018-02-12T04:23:00+01:00,1.22803,1.22820,1.22803,1.22815,61
SQ:EURUSD,2018-02-12T04:24:00+01:00,1.22815,1.22822,1.22812,1.22813,25
SQ:EURUSD,2018-02-12T04:25:00+01:00,1.22812,1.22812,1.22796,1.22798,34
SQ:EURUSD,2018-02-12T04:26:00+01:00,1.22798,1.22801,1.22791,1.22791,30
SQ:EURUSD,2018-02-12T04:27:00+01:00,1.22789,1.22792,1.22785,1.22785,26
SQ:EURUSD,2018-02-12T04:28:00+01:00,1.22785,1.22797,1.22781,1.22792,52
SQ:EURUSD,2018-02-12T04:29:00+01:00,1.22792,1.22799,1.22792,1.22792,16
SQ:EURUSD,2018-02-12T04:30:00+01:00,1.22792,1.22795,1.22779,1.22786,21
SQ:EURUSD,2018-02-12T04:31:00+01:00,1.22785,1.22786,1.22781,1.22781,19
SQ:EURUSD,2018-02-12T04:32:00+01:00,1.22781,1.22796,1.22776,1.22792,30
SQ:EURUSD,2018-02-12T04:33:00+01:00,1.22792,1.22799,1.22784,1.22792,50
SQ:EURUSD,2018-02-12T04:34:00+01:00,1.22792,1.22795,1.22784,1.22785,32
SQ:EURUSD,2018-02-12T04:35:00+01:00,1.22785,1.22785,1.22779,1.22781,27
SQ:EURUSD,2018-02-12T04:36:00+01:00,1.22782,1.22782,1.22779,1.22782,19
SQ:EURUSD,2018-02-12T04:37:00+01:00,1.22782,1.22799,1.22782,1.22799,33
SQ:EURUSD,2018-02-12T04:38:00+01:00,1.22798,1.22798,1.22778,1.22795,53
SQ:EURUSD,2018-02-12T04:39:00+01:00,1.22792,1.22798,1.22791,1.22797,15
SQ:EURUSD,2018-02-12T04:40:00+01:00,1.22796,1.22799,1.22796,1.22798,21
SQ:EURUSD,2018-02-12T04:41:00+01:00,1.22797,1.22797,1.22791,1.22792,14
SQ:EURUSD,2018-02-12T04:42:00+01:00,1.22792,1.22795,1.22792,1.22795,10
SQ:EURUSD,2018-02-12T04:43:00+01:00,1.22796,1.22804,1.22796,1.22799,13
SQ:EURUSD,2018-02-12T04:44:00+01:00,1.22798,1.22805,1.22792,1.22805,51
SQ:EURUSD,2018-02-12T04:45:00+01:00,1.22805,1.22806,1.22803,1.22805,20
SQ:EURUSD,2018-02-12T04:46:00+01:00,1.22805,1.22806,1.22805,1.22805,4
SQ:EURUSD,2018-02-12T04:47:00+01:00,1.22805,1.22806,1.22799,1.22806,16
SQ:EURUSD,2018-02-12T04:48:00+01:00,1.22804,1.22814,1.22804,1.22811,16
SQ:EURUSD,2018-02-12T04:49:00+01:00,1.22809,1.22812,1.22806,1.22812,13
SQ:EURUSD,2018-02-12T04:50:00+01:00,1.22812,1.22812,1.22797,1.22797,13
SQ:EURUSD,2018-02-12T04:51:00+01:00,1.22799,1.22808,1.22799,1.22806,11
SQ:EURUSD,2018-02-12T04:52:00+01:00,1.22806,1.22808,1.22801,1.22808,13
SQ:EURUSD,2018-02-12T04:53:00+01:00,1.22809,1.22821,1.22808,1.22812,20
SQ:EURUSD,2018-02-12T04:54:00+01:00,1.22813,1.22839,1.22806,1.22839,42
SQ:EURUSD,2018-02-12T04:55:00+01:00,1.22838,1.22846,1.22835,1.22843,20
SQ:EURUSD,2018-02-12T04:56:00+01:00,1.22843,1.22891,1.22839,1.22870,101
SQ:EURUSD,2018-02-12T04:57:00+01:00,1.22869,1.22870,1.22860,1.22867,38
SQ:EURUSD,2018-02-12T04:58:00+01:00,1.22867,1.22870,1.22854,1.22858,47
SQ:EURUSD,2018-02-12T04:59:00+01:00,1.22858,1.22858,1.22855,1.22858,7
SQ:EURUSD,2018-02-12T05:00:00+01:00,1.22857,1.22860,1.22856,1.22860,39
SQ:EURUSD,2018-02-12T05:01:00+01:00,1.22862,1.22869,1.22856,1.22869,46
SQ:EURUSD,2018-02-12T05:02:00+01:00,1.22870,1.22891,1.22870,1.22884,75
SQ:EURUSD,2018-02-12T05:03:00+01:00,1.22884,1.22941,1.22883,1.22925,121
SQ:EURUSD,2018-02-12T05:04:00+01:00,1.22925,1.22963,1.22921,1.22934,99
SQ:EURUSD,2018-02-12T05:05:00+01:00,1.22934,1.22934,1.22898,1.22900,82
SQ:EURUSD,2018-02-12T05:06:00+01:00,1.22900,1.22903,1.22881,1.22883,72
SQ:EURUSD,2018-02-12T05:07:00+01:00,1.22883,1.22883,1.22867,1.22869,43
SQ:EURUSD,2018-02-12T05:08:00+01:00,1.22869,1.22877,1.22867,1.22877,28
SQ:EURUSD,2018-02-12T05:09:00+01:00,1.22875,1.22879,1.22874,1.22875,20
SQ:EURUSD,2018-02-12T05:10:00+01:00,1.22874,1.22877,1.22870,1.22876,23
SQ:EURUSD,2018-02-12T05:11:00+01:00,1.22877,1.22877,1.22874,1.22875,20
SQ:EURUSD,2018-02-12T05:12:00+01:00,1.22874,1.22896,1.22865,1.22896,35
SQ:EURUSD,2018-02-12T05:13:00+01:00,1.22894,1.22894,1.22877,1.22890,24
SQ:EURUSD,2018-02-12T05:14:00+01:00,1.22889,1.22889,1.22880,1.22883,14
SQ:EURUSD,2018-02-12T05:15:00+01:00,1.22883,1.22883,1.22867,1.22867,24
SQ:EURUSD,2018-02-12T05:16:00+01:00,1.22865,1.22867,1.22845,1.22848,54
SQ:EURUSD,2018-02-12T05:17:00+01:00,1.22848,1.22857,1.22848,1.22854,48
SQ:EURUSD,2018-02-12T05:18:00+01:00,1.22853,1.22853,1.22849,1.22849,30
SQ:EURUSD,2018-02-12T05:19:00+01:00,1.22849,1.22850,1.22845,1.22848,13
SQ:EURUSD,2018-02-12T05:20:00+01:00,1.22849,1.22874,1.22848,1.22874,30
SQ:EURUSD,2018-02-12T05:21:00+01:00,1.22875,1.22875,1.22864,1.22864,9
SQ:EURUSD,2018-02-12T05:22:00+01:00,1.22864,1.22864,1.22843,1.22848,23
SQ:EURUSD,2018-02-12T05:23:00+01:00,1.22848,1.22852,1.22829,1.22829,34
SQ:EURUSD,2018-02-12T05:24:00+01:00,1.22829,1.22829,1.22823,1.22828,34
SQ:EURUSD,2018-02-12T05:25:00+01:00,1.22826,1.22830,1.22825,1.22828,18
SQ:EURUSD,2018-02-12T05:26:00+01:00,1.22835,1.22847,1.22835,1.22838,48
SQ:EURUSD,2018-02-12T05:27:00+01:00,1.22838,1.22843,1.22838,1.22839,18
SQ:EURUSD,2018-02-12T05:28:00+01:00,1.22839,1.22839,1.22839,1.22839,11
SQ:EURUSD,2018-02-12T05:29:00+01:00,1.22839,1.22839,1.22829,1.22829,11
SQ:EURUSD,2018-02-12T05:30:00+01:00,1.22826,1.22826,1.22822,1.22823,19
SQ:EURUSD,2018-02-12T05:31:00+01:00,1.22823,1.22825,1.22819,1.22819,11
SQ:EURUSD,2018-02-12T05:32:00+01:00,1.22819,1.22819,1.22814,1.22818,22
SQ:EURUSD,2018-02-12T05:33:00+01:00,1.22820,1.22832,1.22820,1.22823,32
SQ:EURUSD,2018-02-12T05:34:00+01:00,1.22822,1.22823,1.22821,1.22822,18
SQ:EURUSD,2018-02-12T05:35:00+01:00,1.22823,1.22825,1.22821,1.22823,19
SQ:EURUSD,2018-02-12T05:36:00+01:00,1.22823,1.22825,1.22823,1.22825,5
SQ:EURUSD,2018-02-12T05:37:00+01:00,1.22826,1.22826,1.22822,1.22822,10
SQ:EURUSD,2018-02-12T05:38:00+01:00,1.22823,1.22829,1.22823,1.22826,9
SQ:EURUSD,2018-02-12T05:39:00+01:00,1.22826,1.22826,1.22822,1.22825,6
SQ:EURUSD,2018-02-12T05:40:00+01:00,1.22825,1.22826,1.22825,1.22825,5
SQ:EURUSD,2018-02-12T05:41:00+01:00,1.22828,1.22835,1.22828,1.22829,23
SQ:EURUSD,2018-02-12T05:42:00+01:00,1.22828,1.22828,1.22822,1.22825,11
SQ:EURUSD,2018-02-12T05:43:00+01:00,1.22825,1.22825,1.22811,1.22811,23
SQ:EURUSD,2018-02-12T05:44:00+01:00,1.22809,1.22814,1.22809,1.22811,9
SQ:EURUSD,2018-02-12T05:45:00+01:00,1.22813,1.22815,1.22795,1.22801,55
SQ:EURUSD,2018-02-12T05:46:00+01:00,1.22801,1.22825,1.22799,1.22825,44
SQ:EURUSD,2018-02-12T05:47:00+01:00,1.22825,1.22830,1.22820,1.22823,18
SQ:EURUSD,2018-02-12T05:48:00+01:00,1.22823,1.22829,1.22823,1.22828,13
SQ:EURUSD,2018-02-12T05:49:00+01:00,1.22828,1.22833,1.22822,1.22825,24
SQ:EURUSD,2018-02-12T05:50:00+01:00,1.22829,1.22829,1.22823,1.22823,11
SQ:EURUSD,2018-02-12T05:51:00+01:00,1.22821,1.22839,1.22821,1.22839,24
SQ:EURUSD,2018-02-12T05:52:00+01:00,1.22837,1.22846,1.22835,1.22845,16
SQ:EURUSD,2018-02-12T05:53:00+01:00,1.22846,1.22866,1.22846,1.22866,30
SQ:EURUSD,2018-02-12T05:54:00+01:00,1.22866,1.22881,1.22864,1.22870,46
SQ:EURUSD,2018-02-12T05:55:00+01:00,1.22870,1.22870,1.22866,1.22866,13
SQ:EURUSD,2018-02-12T05:56:00+01:00,1.22867,1.22867,1.22856,1.22856,28
SQ:EURUSD,2018-02-12T05:57:00+01:00,1.22856,1.22867,1.22856,1.22860,28
SQ:EURUSD,2018-02-12T05:58:00+01:00,1.22862,1.22862,1.22856,1.22856,10
SQ:EURUSD,2018-02-12T05:59:00+01:00,1.22855,1.22860,1.22852,1.22858,29
SQ:EURUSD,2018-02-12T06:00:00+01:00,1.22858,1.22858,1.22845,1.22849,30
SQ:EURUSD,2018-02-12T06:01:00+01:00,1.22849,1.22852,1.22845,1.22850,31
SQ:EURUSD,2018-02-12T06:02:00+01:00,1.22849,1.22849,1.22840,1.22843,13
SQ:EURUSD,2018-02-12T06:03:00+01:00,1.22842,1.22846,1.22837,1.22838,34
SQ:EURUSD,2018-02-12T06:04:00+01:00,1.22840,1.22840,1.22825,1.22825,26
SQ:EURUSD,2018-02-12T06:05:00+01:00,1.22826,1.22832,1.22822,1.22823,44
SQ:EURUSD,2018-02-12T06:06:00+01:00,1.22823,1.22826,1.22820,1.22823,35
SQ:EURUSD,2018-02-12T06:07:00+01:00,1.22822,1.22823,1.22809,1.22809,26
SQ:EURUSD,2018-02-12T06:08:00+01:00,1.22806,1.22806,1.22792,1.22792,36
SQ:EURUSD,2018-02-12T06:09:00+01:00,1.22794,1.22795,1.22779,1.22781,52
SQ:EURUSD,2018-02-12T06:10:00+01:00,1.22782,1.22786,1.22781,1.22781,39
SQ:EURUSD,2018-02-12T06:11:00+01:00,1.22781,1.22785,1.22779,1.22779,10
SQ:EURUSD,2018-02-12T06:12:00+01:00,1.22779,1.22779,1.22774,1.22774,21
SQ:EURUSD,2018-02-12T06:13:00+01:00,1.22775,1.22778,1.22770,1.22771,27
SQ:EURUSD,2018-02-12T06:14:00+01:00,1.22770,1.22782,1.22770,1.22782,32
SQ:EURUSD,2018-02-12T06:15:00+01:00,1.22782,1.22782,1.22776,1.22776,8
SQ:EURUSD,2018-02-12T06:16:00+01:00,1.22778,1.22786,1.22778,1.22784,16
SQ:EURUSD,2018-02-12T06:17:00+01:00,1.22785,1.22785,1.22778,1.22778,26
SQ:EURUSD,2018-02-12T06:18:00+01:00,1.22779,1.22786,1.22778,1.22785,29
SQ:EURUSD,2018-02-12T06:19:00+01:00,1.22786,1.22789,1.22785,1.22789,13
SQ:EURUSD,2018-02-12T06:20:00+01:00,1.22791,1.22795,1.22788,1.22792,21
SQ:EURUSD,2018-02-12T06:21:00+01:00,1.22794,1.22794,1.22789,1.22792,24
SQ:EURUSD,2018-02-12T06:22:00+01:00,1.22792,1.22794,1.22791,1.22791,18
SQ:EURUSD,2018-02-12T06:23:00+01:00,1.22791,1.22809,1.22789,1.22796,45
SQ:EURUSD,2018-02-12T06:24:00+01:00,1.22797,1.22806,1.22795,1.22795,21
SQ:EURUSD,2018-02-12T06:25:00+01:00,1.22796,1.22816,1.22795,1.22811,25
SQ:EURUSD,2018-02-12T06:26:00+01:00,1.22812,1.22837,1.22812,1.22837,41
SQ:EURUSD,2018-02-12T06:27:00+01:00,1.22839,1.22840,1.22831,1.22831,14
SQ:EURUSD,2018-02-12T06:28:00+01:00,1.22832,1.22833,1.22831,1.22831,9
SQ:EURUSD,2018-02-12T06:29:00+01:00,1.22830,1.22843,1.22830,1.22843,25
SQ:EURUSD,2018-02-12T06:30:00+01:00,1.22840,1.22847,1.22837,1.22837,25
SQ:EURUSD,2018-02-12T06:31:00+01:00,1.22838,1.22848,1.22836,1.22848,25
SQ:EURUSD,2018-02-12T06:32:00+01:00,1.22848,1.22852,1.22848,1.22852,19
SQ:EURUSD,2018-02-12T06:33:00+01:00,1.22853,1.22862,1.22852,1.22860,9
SQ:EURUSD,2018-02-12T06:34:00+01:00,1.22859,1.22862,1.22847,1.22847,34
SQ:EURUSD,2018-02-12T06:35:00+01:00,1.22836,1.22836,1.22811,1.22815,36
SQ:EURUSD,2018-02-12T06:36:00+01:00,1.22815,1.22816,1.22815,1.22815,12
SQ:EURUSD,2018-02-12T06:37:00+01:00,1.22815,1.22826,1.22814,1.22823,22
SQ:EURUSD,2018-02-12T06:38:00+01:00,1.22822,1.22826,1.22820,1.22820,30
SQ:EURUSD,2018-02-12T06:39:00+01:00,1.22820,1.22820,1.22818,1.22819,11
SQ:EURUSD,2018-02-12T06:40:00+01:00,1.22819,1.22819,1.22809,1.22809,15
SQ:EURUSD,2018-02-12T06:41:00+01:00,1.22809,1.22809,1.22808,1.22809,8
SQ:EURUSD,2018-02-12T06:42:00+01:00,1.22809,1.22811,1.22789,1.22791,44
SQ:EURUSD,2018-02-12T06:43:00+01:00,1.22788,1.22789,1.22770,1.22772,54
SQ:EURUSD,2018-02-12T06:44:00+01:00,1.22771,1.22789,1.22770,1.22770,29
SQ:EURUSD,2018-02-12T06:45:00+01:00,1.22771,1.22798,1.22771,1.22792,38
SQ:EURUSD,2018-02-12T06:46:00+01:00,1.22789,1.22794,1.22787,1.22789,10
SQ:EURUSD,2018-02-12T06:47:00+01:00,1.22789,1.22789,1.22787,1.22789,11
SQ:EURUSD,2018-02-12T06:48:00+01:00,1.22789,1.22794,1.22784,1.22794,13
SQ:EURUSD,2018-02-12T06:49:00+01:00,1.22794,1.22799,1.22791,1.22796,16
SQ:EURUSD,2018-02-12T06:50:00+01:00,1.22796,1.22805,1.22795,1.22805,25
SQ:EURUSD,2018-02-12T06:51:00+01:00,1.22806,1.22819,1.22806,1.22813,53
SQ:EURUSD,2018-02-12T06:52:00+01:00,1.22814,1.22830,1.22813,1.22825,38
SQ:EURUSD,2018-02-12T06:53:00+01:00,1.22826,1.22836,1.22826,1.22836,13
SQ:EURUSD,2018-02-12T06:54:00+01:00,1.22836,1.22837,1.22830,1.22832,28
SQ:EURUSD,2018-02-12T06:55:00+01:00,1.22833,1.22837,1.22829,1.22836,19
SQ:EURUSD,2018-02-12T06:56:00+01:00,1.22835,1.22842,1.22830,1.22842,30
SQ:EURUSD,2018-02-12T06:57:00+01:00,1.22843,1.22845,1.22837,1.22838,34
SQ:EURUSD,2018-02-12T06:58:00+01:00,1.22839,1.22839,1.22816,1.22821,27
SQ:EURUSD,2018-02-12T06:59:00+01:00,1.22822,1.22822,1.22816,1.22818,27
SQ:EURUSD,2018-02-12T07:00:00+01:00,1.22822,1.22831,1.22806,1.22831,41
SQ:EURUSD,2018-02-12T07:01:00+01:00,1.22832,1.22832,1.22823,1.22829,17
SQ:EURUSD,2018-02-12T07:02:00+01:00,1.22831,1.22840,1.22826,1.22839,33
SQ:EURUSD,2018-02-12T07:03:00+01:00,1.22837,1.22848,1.22836,1.22838,40
SQ:EURUSD,2018-02-12T07:04:00+01:00,1.22839,1.22842,1.22836,1.22839,23
SQ:EURUSD,2018-02-12T07:05:00+01:00,1.22838,1.22838,1.22825,1.22828,27
SQ:EURUSD,2018-02-12T07:06:00+01:00,1.22828,1.22828,1.22809,1.22809,37
SQ:EURUSD,2018-02-12T07:07:00+01:00,1.22808,1.22811,1.22799,1.22799,34
SQ:EURUSD,2018-02-12T07:08:00+01:00,1.22795,1.22805,1.22789,1.22789,25
SQ:EURUSD,2018-02-12T07:09:00+01:00,1.22789,1.22799,1.22784,1.22785,34
SQ:EURUSD,2018-02-12T07:10:00+01:00,1.22788,1.22791,1.22779,1.22779,26
SQ:EURUSD,2018-02-12T07:11:00+01:00,1.22779,1.22797,1.22779,1.22797,28
SQ:EURUSD,2018-02-12T07:12:00+01:00,1.22795,1.22808,1.22789,1.22802,64
SQ:EURUSD,2018-02-12T07:13:00+01:00,1.22803,1.22816,1.22803,1.22816,43
SQ:EURUSD,2018-02-12T07:14:00+01:00,1.22815,1.22850,1.22814,1.22845,64
SQ:EURUSD,2018-02-12T07:15:00+01:00,1.22846,1.22850,1.22836,1.22847,26
SQ:EURUSD,2018-02-12T07:16:00+01:00,1.22846,1.22847,1.22823,1.22823,38
SQ:EURUSD,2018-02-12T07:17:00+01:00,1.22825,1.22833,1.22808,1.22823,57
SQ:EURUSD,2018-02-12T07:18:00+01:00,1.22822,1.22835,1.22809,1.22826,40
SQ:EURUSD,2018-02-12T07:19:00+01:00,1.22828,1.22838,1.22826,1.22833,28
SQ:EURUSD,2018-02-12T07:20:00+01:00,1.22833,1.22833,1.22829,1.22833,19
SQ:EURUSD,2018-02-12T07:21:00+01:00,1.22833,1.22850,1.22833,1.22845,40
SQ:EURUSD,2018-02-12T07:22:00+01:00,1.22846,1.22879,1.22846,1.22877,45
SQ:EURUSD,2018-02-12T07:23:00+01:00,1.22877,1.22890,1.22872,1.22880,74
SQ:EURUSD,2018-02-12T07:24:00+01:00,1.22880,1.22886,1.22869,1.22870,53
SQ:EURUSD,2018-02-12T07:25:00+01:00,1.22870,1.22901,1.22870,1.22898,46
SQ:EURUSD,2018-02-12T07:26:00+01:00,1.22899,1.22904,1.22891,1.22898,59
SQ:EURUSD,2018-02-12T07:27:00+01:00,1.22899,1.22899,1.22887,1.22890,18
SQ:EURUSD,2018-02-12T07:28:00+01:00,1.22890,1.22894,1.22882,1.22884,28
SQ:EURUSD,2018-02-12T07:29:00+01:00,1.22884,1.22884,1.22863,1.22870,67
SQ:EURUSD,2018-02-12T07:30:00+01:00,1.22870,1.22880,1.22863,1.22876,46
SQ:EURUSD,2018-02-12T07:31:00+01:00,1.22875,1.22875,1.22858,1.22863,49
SQ:EURUSD,2018-02-12T07:32:00+01:00,1.22862,1.22869,1.22850,1.22853,27
SQ:EURUSD,2018-02-12T07:33:00+01:00,1.22850,1.22852,1.22840,1.22840,28
SQ:EURUSD,2018-02-12T07:34:00+01:00,1.22840,1.22846,1.22819,1.22819,72
SQ:EURUSD,2018-02-12T07:35:00+01:00,1.22821,1.22823,1.22819,1.22819,8
SQ:EURUSD,2018-02-12T07:36:00+01:00,1.22818,1.22819,1.22792,1.22794,38
SQ:EURUSD,2018-02-12T07:37:00+01:00,1.22792,1.22794,1.22772,1.22778,102
SQ:EURUSD,2018-02-12T07:38:00+01:00,1.22777,1.22796,1.22768,1.22789,54
SQ:EURUSD,2018-02-12T07:39:00+01:00,1.22797,1.22815,1.22794,1.22811,45
SQ:EURUSD,2018-02-12T07:40:00+01:00,1.22809,1.22813,1.22803,1.22809,21
SQ:EURUSD,2018-02-12T07:41:00+01:00,1.22806,1.22813,1.22805,1.22809,16
SQ:EURUSD,2018-02-12T07:42:00+01:00,1.22808,1.22809,1.22806,1.22809,8
SQ:EURUSD,2018-02-12T07:43:00+01:00,1.22809,1.22809,1.22809,1.22809,2
SQ:EURUSD,2018-02-12T07:44:00+01:00,1.22809,1.22825,1.22804,1.22814,28
SQ:EURUSD,2018-02-12T07:45:00+01:00,1.22812,1.22821,1.22803,1.22809,42
SQ:EURUSD,2018-02-12T07:46:00+01:00,1.22808,1.22809,1.22806,1.22809,15
SQ:EURUSD,2018-02-12T07:47:00+01:00,1.22809,1.22814,1.22809,1.22814,2
SQ:EURUSD,2018-02-12T07:48:00+01:00,1.22811,1.22813,1.22806,1.22812,19
SQ:EURUSD,2018-02-12T07:49:00+01:00,1.22819,1.22856,1.22819,1.22840,62
SQ:EURUSD,2018-02-12T07:50:00+01:00,1.22842,1.22866,1.22835,1.22860,53
SQ:EURUSD,2018-02-12T07:51:00+01:00,1.22860,1.22884,1.22860,1.22882,73
SQ:EURUSD,2018-02-12T07:52:00+01:00,1.22883,1.22890,1.22883,1.22884,67
SQ:EURUSD,2018-02-12T07:53:00+01:00,1.22883,1.22887,1.22881,1.22883,27
SQ:EURUSD,2018-02-12T07:54:00+01:00,1.22884,1.22884,1.22860,1.22864,25
SQ:EURUSD,2018-02-12T07:55:00+01:00,1.22864,1.22864,1.22855,1.22855,12
SQ:EURUSD,2018-02-12T07:56:00+01:00,1.22850,1.22884,1.22850,1.22884,39
SQ:EURUSD,2018-02-12T07:57:00+01:00,1.22884,1.22890,1.22877,1.22889,50
SQ:EURUSD,2018-02-12T07:58:00+01:00,1.22890,1.22894,1.22889,1.22894,21
SQ:EURUSD,2018-02-12T07:59:00+01:00,1.22892,1.22896,1.22883,1.22892,43
SQ:EURUSD,2018-02-12T08:00:00+01:00,1.22890,1.22890,1.22845,1.22847,56
SQ:EURUSD,2018-02-12T08:01:00+01:00,1.22846,1.22860,1.22830,1.22856,65
SQ:EURUSD,2018-02-12T08:02:00+01:00,1.22852,1.22852,1.22825,1.22839,55
SQ:EURUSD,2018-02-12T08:03:00+01:00,1.22838,1.22849,1.22825,1.22833,49
SQ:EURUSD,2018-02-12T08:04:00+01:00,1.22832,1.22850,1.22825,1.22849,59
SQ:EURUSD,2018-02-12T08:05:00+01:00,1.22850,1.22875,1.22843,1.22850,59
SQ:EURUSD,2018-02-12T08:06:00+01:00,1.22850,1.22893,1.22848,1.22893,67
SQ:EURUSD,2018-02-12T08:07:00+01:00,1.22890,1.22933,1.22890,1.22911,157
SQ:EURUSD,2018-02-12T08:08:00+01:00,1.22911,1.22911,1.22853,1.22860,107
SQ:EURUSD,2018-02-12T08:09:00+01:00,1.22862,1.22886,1.22860,1.22880,88
SQ:EURUSD,2018-02-12T08:10:00+01:00,1.22881,1.22910,1.22860,1.22903,90
SQ:EURUSD,2018-02-12T08:11:00+01:00,1.22904,1.22911,1.22896,1.22904,82
SQ:EURUSD,2018-02-12T08:12:00+01:00,1.22906,1.22911,1.22880,1.22901,88
SQ:EURUSD,2018-02-12T08:13:00+01:00,1.22903,1.22910,1.22898,1.22901,56
SQ:EURUSD,2018-02-12T08:14:00+01:00,1.22901,1.22928,1.22901,1.22924,45
SQ:EURUSD,2018-02-12T08:15:00+01:00,1.22924,1.22936,1.22921,1.22935,62
SQ:EURUSD,2018-02-12T08:16:00+01:00,1.22931,1.22948,1.22928,1.22941,66
SQ:EURUSD,2018-02-12T08:17:00+01:00,1.22942,1.22951,1.22921,1.22938,93
SQ:EURUSD,2018-02-12T08:18:00+01:00,1.22943,1.22945,1.22926,1.22927,73
SQ:EURUSD,2018-02-12T08:19:00+01:00,1.22926,1.22926,1.22904,1.22915,101
SQ:EURUSD,2018-02-12T08:20:00+01:00,1.22913,1.22913,1.22901,1.22904,68
SQ:EURUSD,2018-02-12T08:21:00+01:00,1.22903,1.22916,1.22882,1.22910,125
SQ:EURUSD,2018-02-12T08:22:00+01:00,1.22910,1.22927,1.22906,1.22921,91
SQ:EURUSD,2018-02-12T08:23:00+01:00,1.22923,1.22924,1.22891,1.22892,100
SQ:EURUSD,2018-02-12T08:24:00+01:00,1.22892,1.22896,1.22870,1.22872,57
SQ:EURUSD,2018-02-12T08:25:00+01:00,1.22877,1.22882,1.22873,1.22876,42
SQ:EURUSD,2018-02-12T08:26:00+01:00,1.22877,1.22881,1.22855,1.22865,79
SQ:EURUSD,2018-02-12T08:27:00+01:00,1.22864,1.22866,1.22843,1.22848,78
SQ:EURUSD,2018-02-12T08:28:00+01:00,1.22850,1.22874,1.22850,1.22870,63
SQ:EURUSD,2018-02-12T08:29:00+01:00,1.22870,1.22880,1.22850,1.22855,99
SQ:EURUSD,2018-02-12T08:30:00+01:00,1.22854,1.22870,1.22836,1.22840,106
SQ:EURUSD,2018-02-12T08:31:00+01:00,1.22840,1.22866,1.22833,1.22838,90
SQ:EURUSD,2018-02-12T08:32:00+01:00,1.22839,1.22839,1.22802,1.22808,100
SQ:EURUSD,2018-02-12T08:33:00+01:00,1.22808,1.22812,1.22776,1.22777,93
SQ:EURUSD,2018-02-12T08:34:00+01:00,1.22778,1.22808,1.22772,1.22798,99
SQ:EURUSD,2018-02-12T08:35:00+01:00,1.22797,1.22820,1.22797,1.22798,78
SQ:EURUSD,2018-02-12T08:36:00+01:00,1.22799,1.22799,1.22742,1.22772,140
SQ:EURUSD,2018-02-12T08:37:00+01:00,1.22775,1.22813,1.22765,1.22809,124
SQ:EURUSD,2018-02-12T08:38:00+01:00,1.22809,1.22823,1.22799,1.22814,98
SQ:EURUSD,2018-02-12T08:39:00+01:00,1.22813,1.22814,1.22784,1.22785,101
SQ:EURUSD,2018-02-12T08:40:00+01:00,1.22789,1.22806,1.22779,1.22791,115
SQ:EURUSD,2018-02-12T08:41:00+01:00,1.22791,1.22794,1.22770,1.22775,64
SQ:EURUSD,2018-02-12T08:42:00+01:00,1.22774,1.22786,1.22759,1.22765,95
SQ:EURUSD,2018-02-12T08:43:00+01:00,1.22764,1.22775,1.22743,1.22751,128
SQ:EURUSD,2018-02-12T08:44:00+01:00,1.22748,1.22775,1.22745,1.22755,120
SQ:EURUSD,2018-02-12T08:45:00+01:00,1.22755,1.22775,1.22747,1.22775,100
SQ:EURUSD,2018-02-12T08:46:00+01:00,1.22774,1.22777,1.22750,1.22759,76
SQ:EURUSD,2018-02-12T08:47:00+01:00,1.22762,1.22762,1.22724,1.22728,98
SQ:EURUSD,2018-02-12T08:48:00+01:00,1.22730,1.22786,1.22728,1.22769,113
SQ:EURUSD,2018-02-12T08:49:00+01:00,1.22769,1.22788,1.22768,1.22779,60
SQ:EURUSD,2018-02-12T08:50:00+01:00,1.22779,1.22779,1.22762,1.22777,56
SQ:EURUSD,2018-02-12T08:51:00+01:00,1.22776,1.22776,1.22737,1.22740,74
SQ:EURUSD,2018-02-12T08:52:00+01:00,1.22741,1.22758,1.22737,1.22754,50
SQ:EURUSD,2018-02-12T08:53:00+01:00,1.22751,1.22768,1.22747,1.22759,71
SQ:EURUSD,2018-02-12T08:54:00+01:00,1.22757,1.22784,1.22755,1.22762,98
SQ:EURUSD,2018-02-12T08:55:00+01:00,1.22761,1.22779,1.22737,1.22740,97
SQ:EURUSD,2018-02-12T08:56:00+01:00,1.22738,1.22740,1.22711,1.22715,97
SQ:EURUSD,2018-02-12T08:57:00+01:00,1.22717,1.22728,1.22711,1.22727,85
SQ:EURUSD,2018-02-12T08:58:00+01:00,1.22727,1.22727,1.22693,1.22708,125
SQ:EURUSD,2018-02-12T08:59:00+01:00,1.22708,1.22709,1.22682,1.22687,124
SQ:EURUSD,2018-02-12T09:00:00+01:00,1.22683,1.22683,1.22647,1.22663,161
SQ:EURUSD,2018-02-12T09:01:00+01:00,1.22662,1.22692,1.22638,1.22643,164
SQ:EURUSD,2018-02-12T09:02:00+01:00,1.22643,1.22654,1.22635,1.22635,135
SQ:EURUSD,2018-02-12T09:03:00+01:00,1.22635,1.22642,1.22623,1.22633,101
SQ:EURUSD,2018-02-12T09:04:00+01:00,1.22632,1.22636,1.22614,1.22629,126
SQ:EURUSD,2018-02-12T09:05:00+01:00,1.22626,1.22645,1.22621,1.22637,99
SQ:EURUSD,2018-02-12T09:06:00+01:00,1.22635,1.22635,1.22606,1.22623,120
SQ:EURUSD,2018-02-12T09:07:00+01:00,1.22622,1.22639,1.22614,1.22623,119
SQ:EURUSD,2018-02-12T09:08:00+01:00,1.22623,1.22639,1.22614,1.22633,87
SQ:EURUSD,2018-02-12T09:09:00+01:00,1.22642,1.22666,1.22640,1.22664,102
SQ:EURUSD,2018-02-12T09:10:00+01:00,1.22664,1.22680,1.22643,1.22650,91
SQ:EURUSD,2018-02-12T09:11:00+01:00,1.22656,1.22666,1.22636,1.22662,93
SQ:EURUSD,2018-02-12T09:12:00+01:00,1.22660,1.22660,1.22647,1.22656,62
SQ:EURUSD,2018-02-12T09:13:00+01:00,1.22655,1.22660,1.22625,1.22625,82
SQ:EURUSD,2018-02-12T09:14:00+01:00,1.22623,1.22626,1.22601,1.22614,96
SQ:EURUSD,2018-02-12T09:15:00+01:00,1.22615,1.22618,1.22604,1.22605,93
SQ:EURUSD,2018-02-12T09:16:00+01:00,1.22606,1.22626,1.22606,1.22625,61
SQ:EURUSD,2018-02-12T09:17:00+01:00,1.22625,1.22650,1.22622,1.22650,87
SQ:EURUSD,2018-02-12T09:18:00+01:00,1.22650,1.22666,1.22650,1.22660,80
SQ:EURUSD,2018-02-12T09:19:00+01:00,1.22662,1.22666,1.22640,1.22654,57
SQ:EURUSD,2018-02-12T09:20:00+01:00,1.22655,1.22664,1.22639,1.22652,76
SQ:EURUSD,2018-02-12T09:21:00+01:00,1.22650,1.22662,1.22642,1.22649,59
SQ:EURUSD,2018-02-12T09:22:00+01:00,1.22649,1.22650,1.22631,1.22646,64
SQ:EURUSD,2018-02-12T09:23:00+01:00,1.22647,1.22667,1.22640,1.22663,78
SQ:EURUSD,2018-02-12T09:24:00+01:00,1.22662,1.22665,1.22649,1.22664,97
SQ:EURUSD,2018-02-12T09:25:00+01:00,1.22660,1.22687,1.22659,1.22670,109
SQ:EURUSD,2018-02-12T09:26:00+01:00,1.22670,1.22710,1.22670,1.22694,140
SQ:EURUSD,2018-02-12T09:27:00+01:00,1.22694,1.22700,1.22657,1.22670,81
SQ:EURUSD,2018-02-12T09:28:00+01:00,1.22670,1.22708,1.22670,1.22694,94
SQ:EURUSD,2018-02-12T09:29:00+01:00,1.22693,1.22718,1.22693,1.22701,81
SQ:EURUSD,2018-02-12T09:30:00+01:00,1.22700,1.22701,1.22672,1.22672,88
SQ:EURUSD,2018-02-12T09:31:00+01:00,1.22670,1.22693,1.22648,1.22654,109
SQ:EURUSD,2018-02-12T09:32:00+01:00,1.22648,1.22660,1.22631,1.22644,93
SQ:EURUSD,2018-02-12T09:33:00+01:00,1.22645,1.22656,1.22640,1.22643,81
SQ:EURUSD,2018-02-12T09:34:00+01:00,1.22640,1.22656,1.22630,1.22655,94
SQ:EURUSD,2018-02-12T09:35:00+01:00,1.22656,1.22670,1.22653,1.22667,62
SQ:EURUSD,2018-02-12T09:36:00+01:00,1.22667,1.22680,1.22662,1.22673,81
SQ:EURUSD,2018-02-12T09:37:00+01:00,1.22676,1.22676,1.22645,1.22649,78
SQ:EURUSD,2018-02-12T09:38:00+01:00,1.22649,1.22654,1.22631,1.22635,64
SQ:EURUSD,2018-02-12T09:39:00+01:00,1.22635,1.22648,1.22631,1.22633,63
SQ:EURUSD,2018-02-12T09:40:00+01:00,1.22636,1.22654,1.22631,1.22653,101
SQ:EURUSD,2018-02-12T09:41:00+01:00,1.22654,1.22660,1.22645,1.22654,76
SQ:EURUSD,2018-02-12T09:42:00+01:00,1.22653,1.22743,1.22650,1.22742,201
SQ:EURUSD,2018-02-12T09:43:00+01:00,1.22742,1.22785,1.22721,1.22779,208
SQ:EURUSD,2018-02-12T09:44:00+01:00,1.22782,1.22799,1.22765,1.22785,150
SQ:EURUSD,2018-02-12T09:45:00+01:00,1.22782,1.22784,1.22765,1.22774,98
SQ:EURUSD,2018-02-12T09:46:00+01:00,1.22775,1.22809,1.22755,1.22801,123
SQ:EURUSD,2018-02-12T09:47:00+01:00,1.22802,1.22809,1.22755,1.22762,120
SQ:EURUSD,2018-02-12T09:48:00+01:00,1.22764,1.22795,1.22764,1.22774,93
SQ:EURUSD,2018-02-12T09:49:00+01:00,1.22777,1.22816,1.22765,1.22801,96
SQ:EURUSD,2018-02-12T09:50:00+01:00,1.22804,1.22811,1.22792,1.22794,69
SQ:EURUSD,2018-02-12T09:51:00+01:00,1.22795,1.22802,1.22764,1.22764,99
SQ:EURUSD,2018-02-12T09:52:00+01:00,1.22764,1.22769,1.22742,1.22742,126
SQ:EURUSD,2018-02-12T09:53:00+01:00,1.22742,1.22745,1.22724,1.22724,92
SQ:EURUSD,2018-02-12T09:54:00+01:00,1.22727,1.22728,1.22699,1.22699,112
SQ:EURUSD,2018-02-12T09:55:00+01:00,1.22703,1.22708,1.22679,1.22679,90
SQ:EURUSD,2018-02-12T09:56:00+01:00,1.22679,1.22725,1.22673,1.22725,76
SQ:EURUSD,2018-02-12T09:57:00+01:00,1.22726,1.22741,1.22713,1.22724,61
SQ:EURUSD,2018-02-12T09:58:00+01:00,1.22725,1.22730,1.22707,1.22723,51
SQ:EURUSD,2018-02-12T09:59:00+01:00,1.22718,1.22731,1.22704,1.22718,78
SQ:EURUSD,2018-02-12T10:00:00+01:00,1.22721,1.22764,1.22721,1.22762,167
SQ:EURUSD,2018-02-12T10:01:00+01:00,1.22764,1.22771,1.22737,1.22741,115
SQ:EURUSD,2018-02-12T10:02:00+01:00,1.22737,1.22789,1.22737,1.22789,122
SQ:EURUSD,2018-02-12T10:03:00+01:00,1.22786,1.22789,1.22771,1.22782,99
SQ:EURUSD,2018-02-12T10:04:00+01:00,1.22784,1.22789,1.22734,1.22738,109
SQ:EURUSD,2018-02-12T10:05:00+01:00,1.22742,1.22774,1.22738,1.22769,115
SQ:EURUSD,2018-02-12T10:06:00+01:00,1.22769,1.22805,1.22767,1.22804,116
SQ:EURUSD,2018-02-12T10:07:00+01:00,1.22805,1.22805,1.22762,1.22765,96
SQ:EURUSD,2018-02-12T10:08:00+01:00,1.22769,1.22772,1.22745,1.22748,81
SQ:EURUSD,2018-02-12T10:09:00+01:00,1.22751,1.22775,1.22751,1.22769,61
SQ:EURUSD,2018-02-12T10:10:00+01:00,1.22770,1.22777,1.22751,1.22765,74
SQ:EURUSD,2018-02-12T10:11:00+01:00,1.22765,1.22778,1.22754,1.22755,78
SQ:EURUSD,2018-02-12T10:12:00+01:00,1.22755,1.22765,1.22748,1.22760,81
SQ:EURUSD,2018-02-12T10:13:00+01:00,1.22762,1.22762,1.22728,1.22735,76
SQ:EURUSD,2018-02-12T10:14:00+01:00,1.22734,1.22744,1.22718,1.22730,74
SQ:EURUSD,2018-02-12T10:15:00+01:00,1.22728,1.22747,1.22718,1.22745,124
SQ:EURUSD,2018-02-12T10:16:00+01:00,1.22747,1.22778,1.22745,1.22755,99
SQ:EURUSD,2018-02-12T10:17:00+01:00,1.22758,1.22805,1.22757,1.22798,76
SQ:EURUSD,2018-02-12T10:18:00+01:00,1.22805,1.22809,1.22777,1.22777,91
SQ:EURUSD,2018-02-12T10:19:00+01:00,1.22781,1.22782,1.22757,1.22772,75
SQ:EURUSD,2018-02-12T10:20:00+01:00,1.22772,1.22795,1.22760,1.22787,95
SQ:EURUSD,2018-02-12T10:21:00+01:00,1.22787,1.22788,1.22774,1.22788,54
SQ:EURUSD,2018-02-12T10:22:00+01:00,1.22787,1.22788,1.22767,1.22777,79
SQ:EURUSD,2018-02-12T10:23:00+01:00,1.22777,1.22795,1.22762,1.22788,85
SQ:EURUSD,2018-02-12T10:24:00+01:00,1.22788,1.22789,1.22753,1.22755,92
SQ:EURUSD,2018-02-12T10:25:00+01:00,1.22755,1.22762,1.22748,1.22753,43
SQ:EURUSD,2018-02-12T10:26:00+01:00,1.22754,1.22757,1.22748,1.22748,29
SQ:EURUSD,2018-02-12T10:27:00+01:00,1.22748,1.22748,1.22687,1.22699,72
SQ:EURUSD,2018-02-12T10:28:00+01:00,1.22698,1.22713,1.22693,1.22709,75
SQ:EURUSD,2018-02-12T10:29:00+01:00,1.22708,1.22715,1.22699,1.22709,51
SQ:EURUSD,2018-02-12T10:30:00+01:00,1.22707,1.22707,1.22687,1.22692,80
SQ:EURUSD,2018-02-12T10:31:00+01:00,1.22692,1.22711,1.22691,1.22703,69
SQ:EURUSD,2018-02-12T10:32:00+01:00,1.22701,1.22714,1.22698,1.22714,67
SQ:EURUSD,2018-02-12T10:33:00+01:00,1.22713,1.22724,1.22709,1.22717,73
SQ:EURUSD,2018-02-12T10:34:00+01:00,1.22715,1.22727,1.22701,1.22701,49
SQ:EURUSD,2018-02-12T10:35:00+01:00,1.22701,1.22708,1.22690,1.22707,44
SQ:EURUSD,2018-02-12T10:36:00+01:00,1.22711,1.22718,1.22701,1.22701,42
SQ:EURUSD,2018-02-12T10:37:00+01:00,1.22701,1.22701,1.22687,1.22687,51
SQ:EURUSD,2018-02-12T10:38:00+01:00,1.22689,1.22693,1.22675,1.22679,56
SQ:EURUSD,2018-02-12T10:39:00+01:00,1.22677,1.22689,1.22667,1.22672,51
SQ:EURUSD,2018-02-12T10:40:00+01:00,1.22673,1.22684,1.22667,1.22677,63
SQ:EURUSD,2018-02-12T10:41:00+01:00,1.22676,1.22684,1.22667,1.22670,64
SQ:EURUSD,2018-02-12T10:42:00+01:00,1.22667,1.22672,1.22650,1.22657,76
SQ:EURUSD,2018-02-12T10:43:00+01:00,1.22657,1.22657,1.22636,1.22637,69
SQ:EURUSD,2018-02-12T10:44:00+01:00,1.22636,1.22650,1.22631,1.22638,75
SQ:EURUSD,2018-02-12T10:45:00+01:00,1.22637,1.22667,1.22637,1.22657,68
SQ:EURUSD,2018-02-12T10:46:00+01:00,1.22656,1.22686,1.22656,1.22682,73
SQ:EURUSD,2018-02-12T10:47:00+01:00,1.22681,1.22698,1.22675,1.22681,56
SQ:EURUSD,2018-02-12T10:48:00+01:00,1.22681,1.22686,1.22670,1.22682,55
SQ:EURUSD,2018-02-12T10:49:00+01:00,1.22683,1.22698,1.22669,1.22672,45
SQ:EURUSD,2018-02-12T10:50:00+01:00,1.22670,1.22683,1.22656,1.22656,57
SQ:EURUSD,2018-02-12T10:51:00+01:00,1.22654,1.22654,1.22638,1.22643,74
SQ:EURUSD,2018-02-12T10:52:00+01:00,1.22642,1.22648,1.22640,1.22642,26
SQ:EURUSD,2018-02-12T10:53:00+01:00,1.22645,1.22703,1.22645,1.22699,121
SQ:EURUSD,2018-02-12T10:54:00+01:00,1.22699,1.22703,1.22672,1.22682,73
SQ:EURUSD,2018-02-12T10:55:00+01:00,1.22680,1.22683,1.22667,1.22676,62
SQ:EURUSD,2018-02-12T10:56:00+01:00,1.22677,1.22687,1.22669,1.22670,37
SQ:EURUSD,2018-02-12T10:57:00+01:00,1.22673,1.22677,1.22632,1.22640,98
SQ:EURUSD,2018-02-12T10:58:00+01:00,1.22642,1.22655,1.22629,1.22632,96
SQ:EURUSD,2018-02-12T10:59:00+01:00,1.22633,1.22645,1.22626,1.22626,90
SQ:EURUSD,2018-02-12T11:00:00+01:00,1.22626,1.22626,1.22602,1.22623,106
SQ:EURUSD,2018-02-12T11:01:00+01:00,1.22622,1.22633,1.22611,1.22618,79
SQ:EURUSD,2018-02-12T11:02:00+01:00,1.22620,1.22622,1.22606,1.22608,67
SQ:EURUSD,2018-02-12T11:03:00+01:00,1.22606,1.22612,1.22599,1.22603,69
SQ:EURUSD,2018-02-12T11:04:00+01:00,1.22602,1.22612,1.22582,1.22589,54
SQ:EURUSD,2018-02-12T11:05:00+01:00,1.22589,1.22611,1.22576,1.22609,96
SQ:EURUSD,2018-02-12T11:06:00+01:00,1.22609,1.22625,1.22599,1.22612,102
SQ:EURUSD,2018-02-12T11:07:00+01:00,1.22609,1.22616,1.22602,1.22602,41
SQ:EURUSD,2018-02-12T11:08:00+01:00,1.22603,1.22613,1.22603,1.22612,25
SQ:EURUSD,2018-02-12T11:09:00+01:00,1.22616,1.22623,1.22613,1.22620,52
SQ:EURUSD,2018-02-12T11:10:00+01:00,1.22618,1.22621,1.22616,1.22616,21
SQ:EURUSD,2018-02-12T11:11:00+01:00,1.22618,1.22623,1.22613,1.22623,39
SQ:EURUSD,2018-02-12T11:12:00+01:00,1.22620,1.22632,1.22616,1.22632,55
SQ:EURUSD,2018-02-12T11:13:00+01:00,1.22632,1.22653,1.22626,1.22646,80
SQ:EURUSD,2018-02-12T11:14:00+01:00,1.22646,1.22679,1.22640,1.22679,77
SQ:EURUSD,2018-02-12T11:15:00+01:00,1.22677,1.22697,1.22673,1.22690,67
SQ:EURUSD,2018-02-12T11:16:00+01:00,1.22687,1.22693,1.22673,1.22681,88
SQ:EURUSD,2018-02-12T11:17:00+01:00,1.22682,1.22694,1.22682,1.22687,59
SQ:EURUSD,2018-02-12T11:18:00+01:00,1.22687,1.22708,1.22687,1.22699,85
SQ:EURUSD,2018-02-12T11:19:00+01:00,1.22698,1.22704,1.22694,1.22697,46
SQ:EURUSD,2018-02-12T11:20:00+01:00,1.22694,1.22699,1.22687,1.22687,68
SQ:EURUSD,2018-02-12T11:21:00+01:00,1.22691,1.22692,1.22670,1.22670,53
SQ:EURUSD,2018-02-12T11:22:00+01:00,1.22672,1.22684,1.22672,1.22677,23
SQ:EURUSD,2018-02-12T11:23:00+01:00,1.22675,1.22686,1.22670,1.22676,41
SQ:EURUSD,2018-02-12T11:24:00+01:00,1.22676,1.22677,1.22646,1.22650,60
SQ:EURUSD,2018-02-12T11:25:00+01:00,1.22647,1.22650,1.22638,1.22640,33
SQ:EURUSD,2018-02-12T11:26:00+01:00,1.22640,1.22652,1.22639,1.22650,47
SQ:EURUSD,2018-02-12T11:27:00+01:00,1.22652,1.22667,1.22640,1.22657,78
SQ:EURUSD,2018-02-12T11:28:00+01:00,1.22660,1.22670,1.22657,1.22662,65
SQ:EURUSD,2018-02-12T11:29:00+01:00,1.22664,1.22664,1.22632,1.22638,44
SQ:EURUSD,2018-02-12T11:30:00+01:00,1.22639,1.22653,1.22633,1.22635,68
SQ:EURUSD,2018-02-12T11:31:00+01:00,1.22636,1.22654,1.22636,1.22653,67
SQ:EURUSD,2018-02-12T11:32:00+01:00,1.22653,1.22673,1.22652,1.22670,60
SQ:EURUSD,2018-02-12T11:33:00+01:00,1.22670,1.22687,1.22667,1.22677,64
SQ:EURUSD,2018-02-12T11:34:00+01:00,1.22677,1.22678,1.22667,1.22674,27
SQ:EURUSD,2018-02-12T11:35:00+01:00,1.22678,1.22678,1.22667,1.22667,39
SQ:EURUSD,2018-02-12T11:36:00+01:00,1.22667,1.22667,1.22639,1.22649,59
SQ:EURUSD,2018-02-12T11:37:00+01:00,1.22648,1.22657,1.22647,1.22657,34
SQ:EURUSD,2018-02-12T11:38:00+01:00,1.22659,1.22663,1.22626,1.22626,44
SQ:EURUSD,2018-02-12T11:39:00+01:00,1.22623,1.22645,1.22623,1.22632,65
SQ:EURUSD,2018-02-12T11:40:00+01:00,1.22630,1.22639,1.22626,1.22629,58
SQ:EURUSD,2018-02-12T11:41:00+01:00,1.22633,1.22640,1.22633,1.22637,22
SQ:EURUSD,2018-02-12T11:42:00+01:00,1.22638,1.22669,1.22638,1.22667,66
SQ:EURUSD,2018-02-12T11:43:00+01:00,1.22667,1.22689,1.22666,1.22667,92
SQ:EURUSD,2018-02-12T11:44:00+01:00,1.22666,1.22666,1.22656,1.22659,38
SQ:EURUSD,2018-02-12T11:45:00+01:00,1.22657,1.22670,1.22657,1.22667,33
SQ:EURUSD,2018-02-12T11:46:00+01:00,1.22667,1.22691,1.22645,1.22677,63
SQ:EURUSD,2018-02-12T11:47:00+01:00,1.22674,1.22684,1.22667,1.22683,51
SQ:EURUSD,2018-02-12T11:48:00+01:00,1.22682,1.22684,1.22679,1.22681,38
SQ:EURUSD,2018-02-12T11:49:00+01:00,1.22682,1.22704,1.22681,1.22700,47
SQ:EURUSD,2018-02-12T11:50:00+01:00,1.22701,1.22706,1.22698,1.22701,26
SQ:EURUSD,2018-02-12T11:51:00+01:00,1.22701,1.22701,1.22691,1.22691,39
SQ:EURUSD,2018-02-12T11:52:00+01:00,1.22691,1.22704,1.22691,1.22703,63
SQ:EURUSD,2018-02-12T11:53:00+01:00,1.22703,1.22744,1.22701,1.22726,86
SQ:EURUSD,2018-02-12T11:54:00+01:00,1.22727,1.22733,1.22718,1.22728,58
SQ:EURUSD,2018-02-12T11:55:00+01:00,1.22728,1.22735,1.22721,1.22725,29
SQ:EURUSD,2018-02-12T11:56:00+01:00,1.22724,1.22724,1.22693,1.22698,45
SQ:EURUSD,2018-02-12T11:57:00+01:00,1.22698,1.22706,1.22697,1.22701,45
SQ:EURUSD,2018-02-12T11:58:00+01:00,1.22701,1.22701,1.22683,1.22687,50
SQ:EURUSD,2018-02-12T11:59:00+01:00,1.22687,1.22693,1.22667,1.22672,54
SQ:EURUSD,2018-02-12T12:00:00+01:00,1.22674,1.22674,1.22647,1.22653,57
SQ:EURUSD,2018-02-12T12:01:00+01:00,1.22652,1.22669,1.22648,1.22667,59
SQ:EURUSD,2018-02-12T12:02:00+01:00,1.22666,1.22694,1.22664,1.22694,56
SQ:EURUSD,2018-02-12T12:03:00+01:00,1.22693,1.22706,1.22687,1.22691,67
SQ:EURUSD,2018-02-12T12:04:00+01:00,1.22687,1.22697,1.22677,1.22687,57
SQ:EURUSD,2018-02-12T12:05:00+01:00,1.22689,1.22717,1.22687,1.22710,38
SQ:EURUSD,2018-02-12T12:06:00+01:00,1.22716,1.22730,1.22716,1.22728,43
SQ:EURUSD,2018-02-12T12:07:00+01:00,1.22728,1.22728,1.22711,1.22723,26
SQ:EURUSD,2018-02-12T12:08:00+01:00,1.22723,1.22724,1.22708,1.22711,29
SQ:EURUSD,2018-02-12T12:09:00+01:00,1.22711,1.22718,1.22711,1.22717,26
SQ:EURUSD,2018-02-12T12:10:00+01:00,1.22715,1.22718,1.22711,1.22713,32
SQ:EURUSD,2018-02-12T12:11:00+01:00,1.22713,1.22713,1.22689,1.22691,36
SQ:EURUSD,2018-02-12T12:12:00+01:00,1.22690,1.22692,1.22684,1.22691,25
SQ:EURUSD,2018-02-12T12:13:00+01:00,1.22691,1.22711,1.22691,1.22708,45
SQ:EURUSD,2018-02-12T12:14:00+01:00,1.22707,1.22713,1.22694,1.22713,43
SQ:EURUSD,2018-02-12T12:15:00+01:00,1.22713,1.22714,1.22701,1.22701,45
SQ:EURUSD,2018-02-12T12:16:00+01:00,1.22701,1.22706,1.22700,1.22706,14
SQ:EURUSD,2018-02-12T12:17:00+01:00,1.22707,1.22713,1.22696,1.22696,50
SQ:EURUSD,2018-02-12T12:18:00+01:00,1.22697,1.22701,1.22684,1.22686,17
SQ:EURUSD,2018-02-12T12:19:00+01:00,1.22684,1.22684,1.22666,1.22672,45
SQ:EURUSD,2018-02-12T12:20:00+01:00,1.22673,1.22674,1.22660,1.22665,31
SQ:EURUSD,2018-02-12T12:21:00+01:00,1.22663,1.22677,1.22660,1.22676,58
SQ:EURUSD,2018-02-12T12:22:00+01:00,1.22675,1.22688,1.22670,1.22677,53
SQ:EURUSD,2018-02-12T12:23:00+01:00,1.22677,1.22677,1.22652,1.22652,54
SQ:EURUSD,2018-02-12T12:24:00+01:00,1.22654,1.22663,1.22649,1.22654,63
SQ:EURUSD,2018-02-12T12:25:00+01:00,1.22652,1.22665,1.22650,1.22659,62
SQ:EURUSD,2018-02-12T12:26:00+01:00,1.22659,1.22662,1.22652,1.22657,36
SQ:EURUSD,2018-02-12T12:27:00+01:00,1.22659,1.22667,1.22652,1.22652,47
SQ:EURUSD,2018-02-12T12:28:00+01:00,1.22652,1.22660,1.22650,1.22652,33
SQ:EURUSD,2018-02-12T12:29:00+01:00,1.22657,1.22660,1.22652,1.22657,26
SQ:EURUSD,2018-02-12T12:30:00+01:00,1.22657,1.22660,1.22652,1.22652,26
SQ:EURUSD,2018-02-12T12:31:00+01:00,1.22653,1.22659,1.22652,1.22655,32
SQ:EURUSD,2018-02-12T12:32:00+01:00,1.22654,1.22681,1.22653,1.22680,62
SQ:EURUSD,2018-02-12T12:33:00+01:00,1.22677,1.22687,1.22674,1.22684,31
SQ:EURUSD,2018-02-12T12:34:00+01:00,1.22683,1.22724,1.22683,1.22721,75
SQ:EURUSD,2018-02-12T12:35:00+01:00,1.22723,1.22734,1.22714,1.22721,90
SQ:EURUSD,2018-02-12T12:36:00+01:00,1.22717,1.22738,1.22716,1.22738,41
SQ:EURUSD,2018-02-12T12:37:00+01:00,1.22742,1.22742,1.22727,1.22727,68
SQ:EURUSD,2018-02-12T12:38:00+01:00,1.22727,1.22738,1.22724,1.22724,52
SQ:EURUSD,2018-02-12T12:39:00+01:00,1.22727,1.22741,1.22725,1.22736,44
SQ:EURUSD,2018-02-12T12:40:00+01:00,1.22736,1.22737,1.22706,1.22711,41
SQ:EURUSD,2018-02-12T12:41:00+01:00,1.22711,1.22713,1.22692,1.22701,39
SQ:EURUSD,2018-02-12T12:42:00+01:00,1.22697,1.22697,1.22682,1.22683,46
SQ:EURUSD,2018-02-12T12:43:00+01:00,1.22682,1.22696,1.22678,1.22682,74
SQ:EURUSD,2018-02-12T12:44:00+01:00,1.22683,1.22697,1.22680,1.22686,57
SQ:EURUSD,2018-02-12T12:45:00+01:00,1.22682,1.22682,1.22657,1.22662,56
SQ:EURUSD,2018-02-12T12:46:00+01:00,1.22662,1.22674,1.22652,1.22652,55
SQ:EURUSD,2018-02-12T12:47:00+01:00,1.22652,1.22670,1.22652,1.22669,45
SQ:EURUSD,2018-02-12T12:48:00+01:00,1.22667,1.22694,1.22666,1.22691,48
SQ:EURUSD,2018-02-12T12:49:00+01:00,1.22692,1.22701,1.22692,1.22698,27
SQ:EURUSD,2018-02-12T12:50:00+01:00,1.22701,1.22710,1.22684,1.22686,54
SQ:EURUSD,2018-02-12T12:51:00+01:00,1.22687,1.22694,1.22677,1.22681,28
SQ:EURUSD,2018-02-12T12:52:00+01:00,1.22682,1.22684,1.22665,1.22670,39
SQ:EURUSD,2018-02-12T12:53:00+01:00,1.22672,1.22691,1.22670,1.22687,66
SQ:EURUSD,2018-02-12T12:54:00+01:00,1.22684,1.22684,1.22669,1.22670,57
SQ:EURUSD,2018-02-12T12:55:00+01:00,1.22674,1.22675,1.22657,1.22657,38
SQ:EURUSD,2018-02-12T12:56:00+01:00,1.22657,1.22657,1.22643,1.22643,60
SQ:EURUSD,2018-02-12T12:57:00+01:00,1.22643,1.22643,1.22621,1.22631,64
SQ:EURUSD,2018-02-12T12:58:00+01:00,1.22629,1.22649,1.22629,1.22647,44
SQ:EURUSD,2018-02-12T12:59:00+01:00,1.22648,1.22689,1.22647,1.22689,95
SQ:EURUSD,2018-02-12T13:00:00+01:00,1.22687,1.22693,1.22660,1.22663,74
SQ:EURUSD,2018-02-12T13:01:00+01:00,1.22663,1.22664,1.22643,1.22656,55
SQ:EURUSD,2018-02-12T13:02:00+01:00,1.22657,1.22657,1.22628,1.22640,100
SQ:EURUSD,2018-02-12T13:03:00+01:00,1.22640,1.22662,1.22637,1.22649,80
SQ:EURUSD,2018-02-12T13:04:00+01:00,1.22649,1.22655,1.22643,1.22643,84
SQ:EURUSD,2018-02-12T13:05:00+01:00,1.22645,1.22649,1.22638,1.22639,38
SQ:EURUSD,2018-02-12T13:06:00+01:00,1.22638,1.22654,1.22631,1.22633,71
SQ:EURUSD,2018-02-12T13:07:00+01:00,1.22635,1.22643,1.22623,1.22633,60
SQ:EURUSD,2018-02-12T13:08:00+01:00,1.22630,1.22630,1.22604,1.22614,70
SQ:EURUSD,2018-02-12T13:09:00+01:00,1.22614,1.22630,1.22614,1.22616,78
SQ:EURUSD,2018-02-12T13:10:00+01:00,1.22616,1.22633,1.22616,1.22626,87
SQ:EURUSD,2018-02-12T13:11:00+01:00,1.22626,1.22635,1.22625,1.22631,37
SQ:EURUSD,2018-02-12T13:12:00+01:00,1.22632,1.22635,1.22621,1.22621,34
SQ:EURUSD,2018-02-12T13:13:00+01:00,1.22620,1.22620,1.22603,1.22603,53
SQ:EURUSD,2018-02-12T13:14:00+01:00,1.22603,1.22613,1.22603,1.22611,57
SQ:EURUSD,2018-02-12T13:15:00+01:00,1.22611,1.22623,1.22609,1.22623,34
SQ:EURUSD,2018-02-12T13:16:00+01:00,1.22622,1.22639,1.22622,1.22637,66
SQ:EURUSD,2018-02-12T13:17:00+01:00,1.22636,1.22639,1.22605,1.22608,87
SQ:EURUSD,2018-02-12T13:18:00+01:00,1.22609,1.22615,1.22603,1.22608,64
SQ:EURUSD,2018-02-12T13:19:00+01:00,1.22609,1.22619,1.22603,1.22606,68
SQ:EURUSD,2018-02-12T13:20:00+01:00,1.22608,1.22614,1.22603,1.22609,40
SQ:EURUSD,2018-02-12T13:21:00+01:00,1.22612,1.22626,1.22611,1.22611,37
SQ:EURUSD,2018-02-12T13:22:00+01:00,1.22611,1.22612,1.22603,1.22609,47
SQ:EURUSD,2018-02-12T13:23:00+01:00,1.22608,1.22626,1.22608,1.22626,53
SQ:EURUSD,2018-02-12T13:24:00+01:00,1.22626,1.22626,1.22613,1.22616,35
SQ:EURUSD,2018-02-12T13:25:00+01:00,1.22616,1.22623,1.22615,1.22619,30
SQ:EURUSD,2018-02-12T13:26:00+01:00,1.22618,1.22619,1.22615,1.22616,27
SQ:EURUSD,2018-02-12T13:27:00+01:00,1.22616,1.22619,1.22606,1.22606,25
SQ:EURUSD,2018-02-12T13:28:00+01:00,1.22606,1.22612,1.22602,1.22608,30
SQ:EURUSD,2018-02-12T13:29:00+01:00,1.22608,1.22608,1.22598,1.22598,22
SQ:EURUSD,2018-02-12T13:30:00+01:00,1.22599,1.22599,1.22578,1.22587,77
SQ:EURUSD,2018-02-12T13:31:00+01:00,1.22586,1.22595,1.22586,1.22589,47
SQ:EURUSD,2018-02-12T13:32:00+01:00,1.22591,1.22591,1.22572,1.22572,26
SQ:EURUSD,2018-02-12T13:33:00+01:00,1.22572,1.22572,1.22554,1.22558,75
SQ:EURUSD,2018-02-12T13:34:00+01:00,1.22558,1.22567,1.22550,1.22554,72
SQ:EURUSD,2018-02-12T13:35:00+01:00,1.22554,1.22582,1.22554,1.22574,77
SQ:EURUSD,2018-02-12T13:36:00+01:00,1.22575,1.22579,1.22569,1.22579,35
SQ:EURUSD,2018-02-12T13:37:00+01:00,1.22579,1.22579,1.22562,1.22562,66
SQ:EURUSD,2018-02-12T13:38:00+01:00,1.22564,1.22565,1.22553,1.22565,81
SQ:EURUSD,2018-02-12T13:39:00+01:00,1.22567,1.22574,1.22567,1.22572,41
SQ:EURUSD,2018-02-12T13:40:00+01:00,1.22572,1.22578,1.22565,1.22574,38
SQ:EURUSD,2018-02-12T13:41:00+01:00,1.22572,1.22585,1.22560,1.22564,35
SQ:EURUSD,2018-02-12T13:42:00+01:00,1.22565,1.22569,1.22552,1.22558,58
SQ:EURUSD,2018-02-12T13:43:00+01:00,1.22554,1.22562,1.22541,1.22542,81
SQ:EURUSD,2018-02-12T13:44:00+01:00,1.22544,1.22544,1.22527,1.22535,73
SQ:EURUSD,2018-02-12T13:45:00+01:00,1.22537,1.22548,1.22531,1.22548,50
SQ:EURUSD,2018-02-12T13:46:00+01:00,1.22548,1.22561,1.22543,1.22558,78
SQ:EURUSD,2018-02-12T13:47:00+01:00,1.22559,1.22578,1.22553,1.22572,84
SQ:EURUSD,2018-02-12T13:48:00+01:00,1.22572,1.22584,1.22562,1.22571,59
SQ:EURUSD,2018-02-12T13:49:00+01:00,1.22572,1.22579,1.22571,1.22577,47
SQ:EURUSD,2018-02-12T13:50:00+01:00,1.22574,1.22592,1.22568,1.22568,67
SQ:EURUSD,2018-02-12T13:51:00+01:00,1.22569,1.22572,1.22548,1.22558,61
SQ:EURUSD,2018-02-12T13:52:00+01:00,1.22559,1.22579,1.22558,1.22579,33
SQ:EURUSD,2018-02-12T13:53:00+01:00,1.22578,1.22595,1.22577,1.22588,59
SQ:EURUSD,2018-02-12T13:54:00+01:00,1.22588,1.22598,1.22582,1.22585,85
SQ:EURUSD,2018-02-12T13:55:00+01:00,1.22585,1.22599,1.22584,1.22593,44
SQ:EURUSD,2018-02-12T13:56:00+01:00,1.22594,1.22605,1.22594,1.22599,63
SQ:EURUSD,2018-02-12T13:57:00+01:00,1.22598,1.22603,1.22593,1.22598,54
SQ:EURUSD,2018-02-12T13:58:00+01:00,1.22599,1.22618,1.22594,1.22609,75
SQ:EURUSD,2018-02-12T13:59:00+01:00,1.22609,1.22623,1.22606,1.22614,88
SQ:EURUSD,2018-02-12T14:00:00+01:00,1.22616,1.22618,1.22599,1.22599,83
SQ:EURUSD,2018-02-12T14:01:00+01:00,1.22598,1.22605,1.22578,1.22593,99
SQ:EURUSD,2018-02-12T14:02:00+01:00,1.22593,1.22594,1.22572,1.22594,66
SQ:EURUSD,2018-02-12T14:03:00+01:00,1.22593,1.22640,1.22593,1.22639,98
SQ:EURUSD,2018-02-12T14:04:00+01:00,1.22643,1.22643,1.22626,1.22626,47
SQ:EURUSD,2018-02-12T14:05:00+01:00,1.22625,1.22630,1.22620,1.22626,32
SQ:EURUSD,2018-02-12T14:06:00+01:00,1.22623,1.22638,1.22623,1.22630,44
SQ:EURUSD,2018-02-12T14:07:00+01:00,1.22630,1.22659,1.22629,1.22648,89
SQ:EURUSD,2018-02-12T14:08:00+01:00,1.22648,1.22656,1.22638,1.22639,87
SQ:EURUSD,2018-02-12T14:09:00+01:00,1.22643,1.22659,1.22640,1.22655,66
SQ:EURUSD,2018-02-12T14:10:00+01:00,1.22656,1.22664,1.22650,1.22659,51
SQ:EURUSD,2018-02-12T14:11:00+01:00,1.22660,1.22669,1.22650,1.22654,41
SQ:EURUSD,2018-02-12T14:12:00+01:00,1.22653,1.22657,1.22638,1.22643,74
SQ:EURUSD,2018-02-12T14:13:00+01:00,1.22647,1.22648,1.22629,1.22630,64
SQ:EURUSD,2018-02-12T14:14:00+01:00,1.22630,1.22632,1.22612,1.22616,80
SQ:EURUSD,2018-02-12T14:15:00+01:00,1.22615,1.22621,1.22598,1.22603,84
SQ:EURUSD,2018-02-12T14:16:00+01:00,1.22603,1.22608,1.22593,1.22605,74
SQ:EURUSD,2018-02-12T14:17:00+01:00,1.22605,1.22606,1.22581,1.22581,58
SQ:EURUSD,2018-02-12T14:18:00+01:00,1.22581,1.22581,1.22550,1.22551,101
SQ:EURUSD,2018-02-12T14:19:00+01:00,1.22552,1.22553,1.22511,1.22515,62
SQ:EURUSD,2018-02-12T14:20:00+01:00,1.22517,1.22538,1.22504,1.22504,114
SQ:EURUSD,2018-02-12T14:21:00+01:00,1.22504,1.22516,1.22482,1.22484,103
SQ:EURUSD,2018-02-12T14:22:00+01:00,1.22484,1.22484,1.22431,1.22443,169
SQ:EURUSD,2018-02-12T14:23:00+01:00,1.22440,1.22457,1.22429,1.22436,114
SQ:EURUSD,2018-02-12T14:24:00+01:00,1.22437,1.22464,1.22437,1.22454,86
SQ:EURUSD,2018-02-12T14:25:00+01:00,1.22456,1.22457,1.22438,1.22450,79
SQ:EURUSD,2018-02-12T14:26:00+01:00,1.22450,1.22459,1.22448,1.22449,46
SQ:EURUSD,2018-02-12T14:27:00+01:00,1.22450,1.22450,1.22423,1.22423,89
SQ:EURUSD,2018-02-12T14:28:00+01:00,1.22423,1.22433,1.22420,1.22426,80
SQ:EURUSD,2018-02-12T14:29:00+01:00,1.22428,1.22436,1.22423,1.22426,54
SQ:EURUSD,2018-02-12T14:30:00+01:00,1.22432,1.22433,1.22423,1.22426,53
SQ:EURUSD,2018-02-12T14:31:00+01:00,1.22425,1.22428,1.22418,1.22428,56
SQ:EURUSD,2018-02-12T14:32:00+01:00,1.22428,1.22443,1.22422,1.22443,46
SQ:EURUSD,2018-02-12T14:33:00+01:00,1.22443,1.22443,1.22409,1.22415,99
SQ:EURUSD,2018-02-12T14:34:00+01:00,1.22414,1.22414,1.22360,1.22367,154
SQ:EURUSD,2018-02-12T14:35:00+01:00,1.22365,1.22389,1.22352,1.22379,111
SQ:EURUSD,2018-02-12T14:36:00+01:00,1.22379,1.22396,1.22379,1.22393,60
SQ:EURUSD,2018-02-12T14:37:00+01:00,1.22393,1.22409,1.22393,1.22405,79
SQ:EURUSD,2018-02-12T14:38:00+01:00,1.22405,1.22405,1.22371,1.22371,56
SQ:EURUSD,2018-02-12T14:39:00+01:00,1.22371,1.22374,1.22342,1.22344,121
SQ:EURUSD,2018-02-12T14:40:00+01:00,1.22345,1.22365,1.22344,1.22354,95
SQ:EURUSD,2018-02-12T14:41:00+01:00,1.22354,1.22377,1.22353,1.22377,61
SQ:EURUSD,2018-02-12T14:42:00+01:00,1.22376,1.22392,1.22372,1.22392,67
SQ:EURUSD,2018-02-12T14:43:00+01:00,1.22391,1.22392,1.22379,1.22386,61
SQ:EURUSD,2018-02-12T14:44:00+01:00,1.22386,1.22386,1.22375,1.22376,40
SQ:EURUSD,2018-02-12T14:45:00+01:00,1.22377,1.22426,1.22376,1.22426,94
SQ:EURUSD,2018-02-12T14:46:00+01:00,1.22425,1.22448,1.22418,1.22437,125
SQ:EURUSD,2018-02-12T14:47:00+01:00,1.22436,1.22436,1.22406,1.22408,76
SQ:EURUSD,2018-02-12T14:48:00+01:00,1.22409,1.22448,1.22409,1.22442,80
SQ:EURUSD,2018-02-12T14:49:00+01:00,1.22440,1.22448,1.22426,1.22426,53
SQ:EURUSD,2018-02-12T14:50:00+01:00,1.22426,1.22437,1.22411,1.22411,85
SQ:EURUSD,2018-02-12T14:51:00+01:00,1.22415,1.22443,1.22415,1.22428,91
SQ:EURUSD,2018-02-12T14:52:00+01:00,1.22430,1.22439,1.22418,1.22437,76
SQ:EURUSD,2018-02-12T14:53:00+01:00,1.22436,1.22438,1.22413,1.22413,94
SQ:EURUSD,2018-02-12T14:54:00+01:00,1.22415,1.22426,1.22395,1.22425,105
SQ:EURUSD,2018-02-12T14:55:00+01:00,1.22426,1.22426,1.22394,1.22408,110
SQ:EURUSD,2018-02-12T14:56:00+01:00,1.22409,1.22430,1.22402,1.22420,102
SQ:EURUSD,2018-02-12T14:57:00+01:00,1.22421,1.22421,1.22399,1.22421,79
SQ:EURUSD,2018-02-12T14:58:00+01:00,1.22416,1.22432,1.22416,1.22430,67
SQ:EURUSD,2018-02-12T14:59:00+01:00,1.22430,1.22438,1.22411,1.22422,72
SQ:EURUSD,2018-02-12T15:00:00+01:00,1.22421,1.22456,1.22421,1.22450,110
SQ:EURUSD,2018-02-12T15:01:00+01:00,1.22450,1.22453,1.22425,1.22452,98
SQ:EURUSD,2018-02-12T15:02:00+01:00,1.22452,1.22467,1.22450,1.22457,64
SQ:EURUSD,2018-02-12T15:03:00+01:00,1.22453,1.22457,1.22440,1.22440,50
SQ:EURUSD,2018-02-12T15:04:00+01:00,1.22440,1.22442,1.22411,1.22431,102
SQ:EURUSD,2018-02-12T15:05:00+01:00,1.22430,1.22431,1.22398,1.22399,69
SQ:EURUSD,2018-02-12T15:06:00+01:00,1.22403,1.22403,1.22365,1.22371,95
SQ:EURUSD,2018-02-12T15:07:00+01:00,1.22371,1.22393,1.22371,1.22388,86
SQ:EURUSD,2018-02-12T15:08:00+01:00,1.22392,1.22428,1.22387,1.22425,93
SQ:EURUSD,2018-02-12T15:09:00+01:00,1.22425,1.22457,1.22423,1.22443,112
SQ:EURUSD,2018-02-12T15:10:00+01:00,1.22443,1.22459,1.22443,1.22457,96
SQ:EURUSD,2018-02-12T15:11:00+01:00,1.22457,1.22460,1.22452,1.22457,61
SQ:EURUSD,2018-02-12T15:12:00+01:00,1.22457,1.22460,1.22438,1.22447,80
SQ:EURUSD,2018-02-12T15:13:00+01:00,1.22450,1.22470,1.22450,1.22463,91
SQ:EURUSD,2018-02-12T15:14:00+01:00,1.22463,1.22477,1.22463,1.22467,70
SQ:EURUSD,2018-02-12T15:15:00+01:00,1.22470,1.22474,1.22447,1.22472,76
SQ:EURUSD,2018-02-12T15:16:00+01:00,1.22476,1.22476,1.22426,1.22426,96
SQ:EURUSD,2018-02-12T15:17:00+01:00,1.22426,1.22443,1.22422,1.22429,85
SQ:EURUSD,2018-02-12T15:18:00+01:00,1.22429,1.22443,1.22426,1.22443,49
SQ:EURUSD,2018-02-12T15:19:00+01:00,1.22443,1.22457,1.22442,1.22447,56
SQ:EURUSD,2018-02-12T15:20:00+01:00,1.22446,1.22457,1.22438,1.22457,57
SQ:EURUSD,2018-02-12T15:21:00+01:00,1.22460,1.22464,1.22447,1.22463,44
SQ:EURUSD,2018-02-12T15:22:00+01:00,1.22464,1.22477,1.22457,1.22463,67
SQ:EURUSD,2018-02-12T15:23:00+01:00,1.22462,1.22473,1.22452,1.22464,51
SQ:EURUSD,2018-02-12T15:24:00+01:00,1.22468,1.22477,1.22450,1.22456,64
SQ:EURUSD,2018-02-12T15:25:00+01:00,1.22453,1.22454,1.22442,1.22452,64
SQ:EURUSD,2018-02-12T15:26:00+01:00,1.22450,1.22470,1.22450,1.22462,57
SQ:EURUSD,2018-02-12T15:27:00+01:00,1.22463,1.22469,1.22447,1.22447,64
SQ:EURUSD,2018-02-12T15:28:00+01:00,1.22450,1.22469,1.22450,1.22465,31
SQ:EURUSD,2018-02-12T15:29:00+01:00,1.22465,1.22476,1.22462,1.22473,49
SQ:EURUSD,2018-02-12T15:30:00+01:00,1.22474,1.22510,1.22467,1.22510,138
SQ:EURUSD,2018-02-12T15:31:00+01:00,1.22508,1.22536,1.22508,1.22524,152
SQ:EURUSD,2018-02-12T15:32:00+01:00,1.22521,1.22537,1.22511,1.22517,96
SQ:EURUSD,2018-02-12T15:33:00+01:00,1.22516,1.22530,1.22511,1.22515,113
SQ:EURUSD,2018-02-12T15:34:00+01:00,1.22514,1.22526,1.22501,1.22520,141
SQ:EURUSD,2018-02-12T15:35:00+01:00,1.22520,1.22542,1.22514,1.22531,156
SQ:EURUSD,2018-02-12T15:36:00+01:00,1.22528,1.22536,1.22511,1.22536,115
SQ:EURUSD,2018-02-12T15:37:00+01:00,1.22539,1.22543,1.22501,1.22510,119
SQ:EURUSD,2018-02-12T15:38:00+01:00,1.22510,1.22564,1.22510,1.22557,141
SQ:EURUSD,2018-02-12T15:39:00+01:00,1.22557,1.22567,1.22545,1.22545,106
SQ:EURUSD,2018-02-12T15:40:00+01:00,1.22548,1.22562,1.22530,1.22547,89
SQ:EURUSD,2018-02-12T15:41:00+01:00,1.22548,1.22565,1.22538,1.22565,117
SQ:EURUSD,2018-02-12T15:42:00+01:00,1.22564,1.22578,1.22552,1.22575,130
SQ:EURUSD,2018-02-12T15:43:00+01:00,1.22575,1.22601,1.22562,1.22575,147
SQ:EURUSD,2018-02-12T15:44:00+01:00,1.22576,1.22586,1.22567,1.22576,99
SQ:EURUSD,2018-02-12T15:45:00+01:00,1.22576,1.22596,1.22540,1.22592,163
SQ:EURUSD,2018-02-12T15:46:00+01:00,1.22591,1.22617,1.22587,1.22614,128
SQ:EURUSD,2018-02-12T15:47:00+01:00,1.22615,1.22615,1.22579,1.22582,95
SQ:EURUSD,2018-02-12T15:48:00+01:00,1.22581,1.22582,1.22547,1.22562,113
SQ:EURUSD,2018-02-12T15:49:00+01:00,1.22564,1.22572,1.22530,1.22541,134
SQ:EURUSD,2018-02-12T15:50:00+01:00,1.22542,1.22593,1.22541,1.22584,86
SQ:EURUSD,2018-02-12T15:51:00+01:00,1.22584,1.22584,1.22555,1.22568,100
SQ:EURUSD,2018-02-12T15:52:00+01:00,1.22565,1.22595,1.22555,1.22595,84
SQ:EURUSD,2018-02-12T15:53:00+01:00,1.22595,1.22598,1.22554,1.22571,100
SQ:EURUSD,2018-02-12T15:54:00+01:00,1.22572,1.22574,1.22545,1.22560,93
SQ:EURUSD,2018-02-12T15:55:00+01:00,1.22561,1.22601,1.22560,1.22586,100
SQ:EURUSD,2018-02-12T15:56:00+01:00,1.22585,1.22604,1.22574,1.22595,71
SQ:EURUSD,2018-02-12T15:57:00+01:00,1.22597,1.22629,1.22595,1.22623,102
SQ:EURUSD,2018-02-12T15:58:00+01:00,1.22625,1.22639,1.22621,1.22622,116
SQ:EURUSD,2018-02-12T15:59:00+01:00,1.22622,1.22638,1.22604,1.22619,115
SQ:EURUSD,2018-02-12T16:00:00+01:00,1.22618,1.22618,1.22595,1.22597,128
SQ:EURUSD,2018-02-12T16:01:00+01:00,1.22595,1.22595,1.22569,1.22570,108
SQ:EURUSD,2018-02-12T16:02:00+01:00,1.22569,1.22613,1.22567,1.22613,75
SQ:EURUSD,2018-02-12T16:03:00+01:00,1.22618,1.22662,1.22618,1.22649,166
SQ:EURUSD,2018-02-12T16:04:00+01:00,1.22649,1.22649,1.22621,1.22623,101
SQ:EURUSD,2018-02-12T16:05:00+01:00,1.22626,1.22638,1.22623,1.22628,90
SQ:EURUSD,2018-02-12T16:06:00+01:00,1.22629,1.22631,1.22606,1.22628,114
SQ:EURUSD,2018-02-12T16:07:00+01:00,1.22626,1.22640,1.22616,1.22635,91
SQ:EURUSD,2018-02-12T16:08:00+01:00,1.22632,1.22640,1.22612,1.22612,93
SQ:EURUSD,2018-02-12T16:09:00+01:00,1.22613,1.22623,1.22609,1.22609,102
SQ:EURUSD,2018-02-12T16:10:00+01:00,1.22611,1.22638,1.22606,1.22622,106
SQ:EURUSD,2018-02-12T16:11:00+01:00,1.22626,1.22647,1.22612,1.22642,81
SQ:EURUSD,2018-02-12T16:12:00+01:00,1.22642,1.22654,1.22622,1.22630,95
SQ:EURUSD,2018-02-12T16:13:00+01:00,1.22628,1.22633,1.22615,1.22633,90
SQ:EURUSD,2018-02-12T16:14:00+01:00,1.22636,1.22652,1.22631,1.22652,97
SQ:EURUSD,2018-02-12T16:15:00+01:00,1.22656,1.22657,1.22622,1.22626,102
SQ:EURUSD,2018-02-12T16:16:00+01:00,1.22626,1.22633,1.22621,1.22632,78
SQ:EURUSD,2018-02-12T16:17:00+01:00,1.22631,1.22633,1.22612,1.22623,89
SQ:EURUSD,2018-02-12T16:18:00+01:00,1.22625,1.22650,1.22625,1.22643,109
SQ:EURUSD,2018-02-12T16:19:00+01:00,1.22640,1.22643,1.22629,1.22638,78
SQ:EURUSD,2018-02-12T16:20:00+01:00,1.22633,1.22648,1.22626,1.22629,95
SQ:EURUSD,2018-02-12T16:21:00+01:00,1.22629,1.22638,1.22602,1.22609,106
SQ:EURUSD,2018-02-12T16:22:00+01:00,1.22612,1.22621,1.22605,1.22606,79
SQ:EURUSD,2018-02-12T16:23:00+01:00,1.22606,1.22613,1.22552,1.22552,133
SQ:EURUSD,2018-02-12T16:24:00+01:00,1.22551,1.22570,1.22537,1.22552,137
SQ:EURUSD,2018-02-12T16:25:00+01:00,1.22552,1.22561,1.22541,1.22542,95
SQ:EURUSD,2018-02-12T16:26:00+01:00,1.22542,1.22542,1.22525,1.22528,89
SQ:EURUSD,2018-02-12T16:27:00+01:00,1.22528,1.22528,1.22501,1.22513,129
SQ:EURUSD,2018-02-12T16:28:00+01:00,1.22514,1.22553,1.22514,1.22553,126
SQ:EURUSD,2018-02-12T16:29:00+01:00,1.22554,1.22569,1.22548,1.22569,82
SQ:EURUSD,2018-02-12T16:30:00+01:00,1.22568,1.22572,1.22537,1.22542,93
SQ:EURUSD,2018-02-12T16:31:00+01:00,1.22543,1.22555,1.22532,1.22551,97
SQ:EURUSD,2018-02-12T16:32:00+01:00,1.22550,1.22561,1.22545,1.22559,96
SQ:EURUSD,2018-02-12T16:33:00+01:00,1.22559,1.22559,1.22521,1.22543,109
SQ:EURUSD,2018-02-12T16:34:00+01:00,1.22544,1.22587,1.22533,1.22577,131
SQ:EURUSD,2018-02-12T16:35:00+01:00,1.22576,1.22639,1.22576,1.22623,149
SQ:EURUSD,2018-02-12T16:36:00+01:00,1.22623,1.22636,1.22596,1.22605,109
SQ:EURUSD,2018-02-12T16:37:00+01:00,1.22606,1.22640,1.22606,1.22622,88
SQ:EURUSD,2018-02-12T16:38:00+01:00,1.22622,1.22623,1.22596,1.22618,87
SQ:EURUSD,2018-02-12T16:39:00+01:00,1.22618,1.22618,1.22575,1.22581,98
SQ:EURUSD,2018-02-12T16:40:00+01:00,1.22581,1.22589,1.22565,1.22588,73
SQ:EURUSD,2018-02-12T16:41:00+01:00,1.22588,1.22599,1.22582,1.22598,101
SQ:EURUSD,2018-02-12T16:42:00+01:00,1.22595,1.22595,1.22582,1.22589,67
SQ:EURUSD,2018-02-12T16:43:00+01:00,1.22591,1.22611,1.22591,1.22595,116
SQ:EURUSD,2018-02-12T16:44:00+01:00,1.22597,1.22598,1.22548,1.22551,102
SQ:EURUSD,2018-02-12T16:45:00+01:00,1.22553,1.22606,1.22553,1.22604,118
SQ:EURUSD,2018-02-12T16:46:00+01:00,1.22606,1.22645,1.22606,1.22643,111
SQ:EURUSD,2018-02-12T16:47:00+01:00,1.22639,1.22639,1.22632,1.22638,62
SQ:EURUSD,2018-02-12T16:48:00+01:00,1.22638,1.22673,1.22638,1.22659,109
SQ:EURUSD,2018-02-12T16:49:00+01:00,1.22662,1.22667,1.22639,1.22655,107
SQ:EURUSD,2018-02-12T16:50:00+01:00,1.22656,1.22723,1.22643,1.22711,160
SQ:EURUSD,2018-02-12T16:51:00+01:00,1.22709,1.22730,1.22707,1.22717,187
SQ:EURUSD,2018-02-12T16:52:00+01:00,1.22718,1.22738,1.22708,1.22725,144
SQ:EURUSD,2018-02-12T16:53:00+01:00,1.22724,1.22748,1.22717,1.22747,112
SQ:EURUSD,2018-02-12T16:54:00+01:00,1.22747,1.22761,1.22736,1.22737,128
SQ:EURUSD,2018-02-12T16:55:00+01:00,1.22737,1.22758,1.22733,1.22758,89
SQ:EURUSD,2018-02-12T16:56:00+01:00,1.22759,1.22779,1.22744,1.22765,132
SQ:EURUSD,2018-02-12T16:57:00+01:00,1.22768,1.22774,1.22731,1.22743,109
SQ:EURUSD,2018-02-12T16:58:00+01:00,1.22742,1.22779,1.22742,1.22777,168
SQ:EURUSD,2018-02-12T16:59:00+01:00,1.22778,1.22789,1.22757,1.22761,167
SQ:EURUSD,2018-02-12T17:00:00+01:00,1.22759,1.22764,1.22733,1.22733,177
SQ:EURUSD,2018-02-12T17:01:00+01:00,1.22733,1.22737,1.22723,1.22728,113
SQ:EURUSD,2018-02-12T17:02:00+01:00,1.22727,1.22731,1.22701,1.22701,133
SQ:EURUSD,2018-02-12T17:03:00+01:00,1.22701,1.22731,1.22686,1.22723,106
SQ:EURUSD,2018-02-12T17:04:00+01:00,1.22727,1.22731,1.22698,1.22715,100
SQ:EURUSD,2018-02-12T17:05:00+01:00,1.22713,1.22727,1.22701,1.22703,81
SQ:EURUSD,2018-02-12T17:06:00+01:00,1.22707,1.22735,1.22697,1.22697,77
SQ:EURUSD,2018-02-12T17:07:00+01:00,1.22698,1.22704,1.22679,1.22698,119
SQ:EURUSD,2018-02-12T17:08:00+01:00,1.22701,1.22723,1.22692,1.22692,89
SQ:EURUSD,2018-02-12T17:09:00+01:00,1.22692,1.22713,1.22684,1.22710,97
SQ:EURUSD,2018-02-12T17:10:00+01:00,1.22711,1.22721,1.22684,1.22692,81
SQ:EURUSD,2018-02-12T17:11:00+01:00,1.22692,1.22709,1.22689,1.22694,108
SQ:EURUSD,2018-02-12T17:12:00+01:00,1.22692,1.22713,1.22692,1.22708,95
SQ:EURUSD,2018-02-12T17:13:00+01:00,1.22710,1.22730,1.22707,1.22718,83
SQ:EURUSD,2018-02-12T17:14:00+01:00,1.22721,1.22738,1.22717,1.22718,82
SQ:EURUSD,2018-02-12T17:15:00+01:00,1.22718,1.22727,1.22701,1.22710,88
SQ:EURUSD,2018-02-12T17:16:00+01:00,1.22708,1.22708,1.22687,1.22689,84
SQ:EURUSD,2018-02-12T17:17:00+01:00,1.22687,1.22693,1.22675,1.22680,74
SQ:EURUSD,2018-02-12T17:18:00+01:00,1.22682,1.22716,1.22682,1.22713,91
SQ:EURUSD,2018-02-12T17:19:00+01:00,1.22714,1.22737,1.22708,1.22723,114
SQ:EURUSD,2018-02-12T17:20:00+01:00,1.22724,1.22738,1.22723,1.22728,75
SQ:EURUSD,2018-02-12T17:21:00+01:00,1.22727,1.22736,1.22721,1.22734,64
SQ:EURUSD,2018-02-12T17:22:00+01:00,1.22736,1.22737,1.22723,1.22725,61
SQ:EURUSD,2018-02-12T17:23:00+01:00,1.22725,1.22734,1.22701,1.22733,82
SQ:EURUSD,2018-02-12T17:24:00+01:00,1.22737,1.22764,1.22731,1.22754,97
SQ:EURUSD,2018-02-12T17:25:00+01:00,1.22754,1.22754,1.22731,1.22731,105
SQ:EURUSD,2018-02-12T17:26:00+01:00,1.22732,1.22732,1.22717,1.22721,57
SQ:EURUSD,2018-02-12T17:27:00+01:00,1.22723,1.22762,1.22723,1.22762,68
SQ:EURUSD,2018-02-12T17:28:00+01:00,1.22762,1.22770,1.22751,1.22752,66
SQ:EURUSD,2018-02-12T17:29:00+01:00,1.22752,1.22816,1.22752,1.22768,134
SQ:EURUSD,2018-02-12T17:30:00+01:00,1.22768,1.22772,1.22723,1.22727,123
SQ:EURUSD,2018-02-12T17:31:00+01:00,1.22728,1.22728,1.22653,1.22659,183
SQ:EURUSD,2018-02-12T17:32:00+01:00,1.22660,1.22689,1.22660,1.22684,99
SQ:EURUSD,2018-02-12T17:33:00+01:00,1.22684,1.22714,1.22684,1.22714,77
SQ:EURUSD,2018-02-12T17:34:00+01:00,1.22715,1.22744,1.22715,1.22730,118
SQ:EURUSD,2018-02-12T17:35:00+01:00,1.22730,1.22760,1.22720,1.22759,116
SQ:EURUSD,2018-02-12T17:36:00+01:00,1.22759,1.22761,1.22731,1.22738,89
SQ:EURUSD,2018-02-12T17:37:00+01:00,1.22738,1.22752,1.22738,1.22738,85
SQ:EURUSD,2018-02-12T17:38:00+01:00,1.22738,1.22762,1.22738,1.22761,57
SQ:EURUSD,2018-02-12T17:39:00+01:00,1.22760,1.22769,1.22753,1.22755,87
SQ:EURUSD,2018-02-12T17:40:00+01:00,1.22758,1.22767,1.22753,1.22753,68
SQ:EURUSD,2018-02-12T17:41:00+01:00,1.22753,1.22759,1.22724,1.22725,69
SQ:EURUSD,2018-02-12T17:42:00+01:00,1.22721,1.22728,1.22717,1.22721,55
SQ:EURUSD,2018-02-12T17:43:00+01:00,1.22721,1.22738,1.22721,1.22723,62
SQ:EURUSD,2018-02-12T17:44:00+01:00,1.22721,1.22737,1.22721,1.22737,48
SQ:EURUSD,2018-02-12T17:45:00+01:00,1.22744,1.22759,1.22738,1.22754,107
SQ:EURUSD,2018-02-12T17:46:00+01:00,1.22755,1.22758,1.22740,1.22747,52
SQ:EURUSD,2018-02-12T17:47:00+01:00,1.22747,1.22748,1.22743,1.22747,39
SQ:EURUSD,2018-02-12T17:48:00+01:00,1.22748,1.22748,1.22711,1.22711,66
SQ:EURUSD,2018-02-12T17:49:00+01:00,1.22711,1.22725,1.22703,1.22721,61
SQ:EURUSD,2018-02-12T17:50:00+01:00,1.22724,1.22731,1.22703,1.22710,75
SQ:EURUSD,2018-02-12T17:51:00+01:00,1.22708,1.22708,1.22680,1.22680,110
SQ:EURUSD,2018-02-12T17:52:00+01:00,1.22685,1.22697,1.22676,1.22680,83
SQ:EURUSD,2018-02-12T17:53:00+01:00,1.22681,1.22693,1.22676,1.22679,67
SQ:EURUSD,2018-02-12T17:54:00+01:00,1.22679,1.22679,1.22663,1.22663,85
SQ:EURUSD,2018-02-12T17:55:00+01:00,1.22662,1.22664,1.22640,1.22647,83
SQ:EURUSD,2018-02-12T17:56:00+01:00,1.22649,1.22654,1.22633,1.22640,72
SQ:EURUSD,2018-02-12T17:57:00+01:00,1.22640,1.22660,1.22640,1.22654,71
SQ:EURUSD,2018-02-12T17:58:00+01:00,1.22653,1.22657,1.22646,1.22650,64
SQ:EURUSD,2018-02-12T17:59:00+01:00,1.22652,1.22667,1.22650,1.22659,38
SQ:EURUSD,2018-02-12T18:00:00+01:00,1.22657,1.22684,1.22657,1.22682,62
SQ:EURUSD,2018-02-12T18:01:00+01:00,1.22683,1.22683,1.22672,1.22677,51
SQ:EURUSD,2018-02-12T18:02:00+01:00,1.22677,1.22677,1.22638,1.22642,87
SQ:EURUSD,2018-02-12T18:03:00+01:00,1.22645,1.22650,1.22623,1.22637,77
SQ:EURUSD,2018-02-12T18:04:00+01:00,1.22631,1.22636,1.22612,1.22621,72
SQ:EURUSD,2018-02-12T18:05:00+01:00,1.22622,1.22631,1.22599,1.22608,74
SQ:EURUSD,2018-02-12T18:06:00+01:00,1.22608,1.22621,1.22606,1.22611,38
SQ:EURUSD,2018-02-12T18:07:00+01:00,1.22611,1.22620,1.22606,1.22619,54
SQ:EURUSD,2018-02-12T18:08:00+01:00,1.22618,1.22654,1.22618,1.22648,57
SQ:EURUSD,2018-02-12T18:09:00+01:00,1.22645,1.22645,1.22619,1.22631,88
SQ:EURUSD,2018-02-12T18:10:00+01:00,1.22630,1.22649,1.22622,1.22640,71
SQ:EURUSD,2018-02-12T18:11:00+01:00,1.22640,1.22677,1.22640,1.22663,81
SQ:EURUSD,2018-02-12T18:12:00+01:00,1.22664,1.22680,1.22662,1.22680,53
SQ:EURUSD,2018-02-12T18:13:00+01:00,1.22681,1.22683,1.22656,1.22680,66
SQ:EURUSD,2018-02-12T18:14:00+01:00,1.22676,1.22684,1.22667,1.22682,63
SQ:EURUSD,2018-02-12T18:15:00+01:00,1.22680,1.22709,1.22680,1.22704,96
SQ:EURUSD,2018-02-12T18:16:00+01:00,1.22704,1.22720,1.22696,1.22718,100
SQ:EURUSD,2018-02-12T18:17:00+01:00,1.22718,1.22733,1.22713,1.22715,60
SQ:EURUSD,2018-02-12T18:18:00+01:00,1.22716,1.22716,1.22686,1.22686,76
SQ:EURUSD,2018-02-12T18:19:00+01:00,1.22687,1.22689,1.22673,1.22673,50
SQ:EURUSD,2018-02-12T18:20:00+01:00,1.22674,1.22687,1.22672,1.22683,43
SQ:EURUSD,2018-02-12T18:21:00+01:00,1.22684,1.22704,1.22683,1.22692,46
SQ:EURUSD,2018-02-12T18:22:00+01:00,1.22693,1.22703,1.22692,1.22692,34
SQ:EURUSD,2018-02-12T18:23:00+01:00,1.22691,1.22692,1.22675,1.22675,29
SQ:EURUSD,2018-02-12T18:24:00+01:00,1.22675,1.22675,1.22657,1.22657,42
SQ:EURUSD,2018-02-12T18:25:00+01:00,1.22659,1.22670,1.22657,1.22657,63
SQ:EURUSD,2018-02-12T18:26:00+01:00,1.22657,1.22664,1.22648,1.22662,34
SQ:EURUSD,2018-02-12T18:27:00+01:00,1.22662,1.22677,1.22653,1.22677,64
SQ:EURUSD,2018-02-12T18:28:00+01:00,1.22676,1.22677,1.22663,1.22677,29
SQ:EURUSD,2018-02-12T18:29:00+01:00,1.22677,1.22683,1.22677,1.22677,30
SQ:EURUSD,2018-02-12T18:30:00+01:00,1.22677,1.22677,1.22653,1.22657,42
SQ:EURUSD,2018-02-12T18:31:00+01:00,1.22660,1.22679,1.22652,1.22679,52
SQ:EURUSD,2018-02-12T18:32:00+01:00,1.22679,1.22684,1.22667,1.22677,39
SQ:EURUSD,2018-02-12T18:33:00+01:00,1.22679,1.22716,1.22679,1.22711,55
SQ:EURUSD,2018-02-12T18:34:00+01:00,1.22710,1.22710,1.22675,1.22679,35
SQ:EURUSD,2018-02-12T18:35:00+01:00,1.22679,1.22680,1.22657,1.22660,59
SQ:EURUSD,2018-02-12T18:36:00+01:00,1.22659,1.22660,1.22649,1.22652,26
SQ:EURUSD,2018-02-12T18:37:00+01:00,1.22652,1.22660,1.22652,1.22656,44
SQ:EURUSD,2018-02-12T18:38:00+01:00,1.22656,1.22656,1.22649,1.22654,22
SQ:EURUSD,2018-02-12T18:39:00+01:00,1.22653,1.22657,1.22647,1.22653,24
SQ:EURUSD,2018-02-12T18:40:00+01:00,1.22656,1.22659,1.22643,1.22646,38
SQ:EURUSD,2018-02-12T18:41:00+01:00,1.22647,1.22660,1.22643,1.22657,18
SQ:EURUSD,2018-02-12T18:42:00+01:00,1.22659,1.22669,1.22657,1.22667,55
SQ:EURUSD,2018-02-12T18:43:00+01:00,1.22667,1.22673,1.22657,1.22664,45
SQ:EURUSD,2018-02-12T18:44:00+01:00,1.22664,1.22684,1.22664,1.22684,36
SQ:EURUSD,2018-02-12T18:45:00+01:00,1.22683,1.22725,1.22683,1.22718,75
SQ:EURUSD,2018-02-12T18:46:00+01:00,1.22716,1.22716,1.22701,1.22703,47
SQ:EURUSD,2018-02-12T18:47:00+01:00,1.22704,1.22723,1.22697,1.22697,63
SQ:EURUSD,2018-02-12T18:48:00+01:00,1.22698,1.22714,1.22687,1.22687,63
SQ:EURUSD,2018-02-12T18:49:00+01:00,1.22687,1.22720,1.22687,1.22718,43
SQ:EURUSD,2018-02-12T18:50:00+01:00,1.22717,1.22735,1.22717,1.22728,49
SQ:EURUSD,2018-02-12T18:51:00+01:00,1.22727,1.22728,1.22718,1.22718,28
SQ:EURUSD,2018-02-12T18:52:00+01:00,1.22718,1.22750,1.22718,1.22748,59
SQ:EURUSD,2018-02-12T18:53:00+01:00,1.22747,1.22764,1.22747,1.22762,52
SQ:EURUSD,2018-02-12T18:54:00+01:00,1.22761,1.22762,1.22741,1.22748,71
SQ:EURUSD,2018-02-12T18:55:00+01:00,1.22748,1.22762,1.22745,1.22752,29
SQ:EURUSD,2018-02-12T18:56:00+01:00,1.22752,1.22762,1.22747,1.22747,37
SQ:EURUSD,2018-02-12T18:57:00+01:00,1.22747,1.22755,1.22738,1.22752,46
SQ:EURUSD,2018-02-12T18:58:00+01:00,1.22750,1.22755,1.22735,1.22747,60
SQ:EURUSD,2018-02-12T18:59:00+01:00,1.22748,1.22764,1.22740,1.22742,49
SQ:EURUSD,2018-02-12T19:00:00+01:00,1.22741,1.22753,1.22740,1.22743,61
SQ:EURUSD,2018-02-12T19:01:00+01:00,1.22745,1.22777,1.22743,1.22775,57
SQ:EURUSD,2018-02-12T19:02:00+01:00,1.22772,1.22782,1.22772,1.22782,59
SQ:EURUSD,2018-02-12T19:03:00+01:00,1.22784,1.22794,1.22777,1.22778,60
SQ:EURUSD,2018-02-12T19:04:00+01:00,1.22779,1.22789,1.22775,1.22779,34
SQ:EURUSD,2018-02-12T19:05:00+01:00,1.22778,1.22784,1.22772,1.22774,42
SQ:EURUSD,2018-02-12T19:06:00+01:00,1.22772,1.22803,1.22762,1.22801,60
SQ:EURUSD,2018-02-12T19:07:00+01:00,1.22803,1.22804,1.22789,1.22792,36
SQ:EURUSD,2018-02-12T19:08:00+01:00,1.22792,1.22813,1.22792,1.22806,40
SQ:EURUSD,2018-02-12T19:09:00+01:00,1.22806,1.22809,1.22795,1.22803,33
SQ:EURUSD,2018-02-12T19:10:00+01:00,1.22803,1.22803,1.22802,1.22803,15
SQ:EURUSD,2018-02-12T19:11:00+01:00,1.22803,1.22820,1.22802,1.22819,42
SQ:EURUSD,2018-02-12T19:12:00+01:00,1.22821,1.22839,1.22813,1.22833,86
SQ:EURUSD,2018-02-12T19:13:00+01:00,1.22831,1.22838,1.22823,1.22828,50
SQ:EURUSD,2018-02-12T19:14:00+01:00,1.22826,1.22833,1.22822,1.22826,56
SQ:EURUSD,2018-02-12T19:15:00+01:00,1.22826,1.22829,1.22822,1.22823,50
SQ:EURUSD,2018-02-12T19:16:00+01:00,1.22823,1.22823,1.22799,1.22811,56
SQ:EURUSD,2018-02-12T19:17:00+01:00,1.22822,1.22840,1.22822,1.22836,55
SQ:EURUSD,2018-02-12T19:18:00+01:00,1.22837,1.22839,1.22822,1.22835,69
SQ:EURUSD,2018-02-12T19:19:00+01:00,1.22835,1.22840,1.22828,1.22837,49
SQ:EURUSD,2018-02-12T19:20:00+01:00,1.22837,1.22847,1.22816,1.22816,78
SQ:EURUSD,2018-02-12T19:21:00+01:00,1.22818,1.22826,1.22818,1.22823,40
SQ:EURUSD,2018-02-12T19:22:00+01:00,1.22823,1.22859,1.22822,1.22856,55
SQ:EURUSD,2018-02-12T19:23:00+01:00,1.22857,1.22859,1.22850,1.22853,39
SQ:EURUSD,2018-02-12T19:24:00+01:00,1.22855,1.22864,1.22850,1.22852,45
SQ:EURUSD,2018-02-12T19:25:00+01:00,1.22854,1.22867,1.22849,1.22864,56
SQ:EURUSD,2018-02-12T19:26:00+01:00,1.22863,1.22867,1.22860,1.22863,45
SQ:EURUSD,2018-02-12T19:27:00+01:00,1.22863,1.22870,1.22863,1.22869,32
SQ:EURUSD,2018-02-12T19:28:00+01:00,1.22867,1.22869,1.22862,1.22863,42
SQ:EURUSD,2018-02-12T19:29:00+01:00,1.22863,1.22870,1.22863,1.22867,32
SQ:EURUSD,2018-02-12T19:30:00+01:00,1.22867,1.22883,1.22867,1.22877,78
SQ:EURUSD,2018-02-12T19:31:00+01:00,1.22873,1.22887,1.22860,1.22887,62
SQ:EURUSD,2018-02-12T19:32:00+01:00,1.22887,1.22889,1.22887,1.22887,11
SQ:EURUSD,2018-02-12T19:33:00+01:00,1.22887,1.22887,1.22873,1.22880,55
SQ:EURUSD,2018-02-12T19:34:00+01:00,1.22879,1.22879,1.22843,1.22852,115
SQ:EURUSD,2018-02-12T19:35:00+01:00,1.22856,1.22858,1.22847,1.22848,22
SQ:EURUSD,2018-02-12T19:36:00+01:00,1.22848,1.22849,1.22840,1.22843,47
SQ:EURUSD,2018-02-12T19:37:00+01:00,1.22843,1.22843,1.22826,1.22837,94
SQ:EURUSD,2018-02-12T19:38:00+01:00,1.22837,1.22837,1.22826,1.22833,58
SQ:EURUSD,2018-02-12T19:39:00+01:00,1.22832,1.22837,1.22822,1.22828,62
SQ:EURUSD,2018-02-12T19:40:00+01:00,1.22828,1.22837,1.22825,1.22837,33
SQ:EURUSD,2018-02-12T19:41:00+01:00,1.22838,1.22852,1.22838,1.22846,56
SQ:EURUSD,2018-02-12T19:42:00+01:00,1.22845,1.22848,1.22840,1.22848,30
SQ:EURUSD,2018-02-12T19:43:00+01:00,1.22850,1.22850,1.22840,1.22842,26
SQ:EURUSD,2018-02-12T19:44:00+01:00,1.22842,1.22850,1.22823,1.22823,37
SQ:EURUSD,2018-02-12T19:45:00+01:00,1.22823,1.22833,1.22823,1.22833,34
SQ:EURUSD,2018-02-12T19:46:00+01:00,1.22833,1.22849,1.22833,1.22839,33
SQ:EURUSD,2018-02-12T19:47:00+01:00,1.22833,1.22843,1.22831,1.22840,49
SQ:EURUSD,2018-02-12T19:48:00+01:00,1.22842,1.22848,1.22833,1.22840,43
SQ:EURUSD,2018-02-12T19:49:00+01:00,1.22840,1.22852,1.22840,1.22847,28
SQ:EURUSD,2018-02-12T19:50:00+01:00,1.22847,1.22849,1.22847,1.22849,23
SQ:EURUSD,2018-02-12T19:51:00+01:00,1.22849,1.22849,1.22832,1.22833,29
SQ:EURUSD,2018-02-12T19:52:00+01:00,1.22828,1.22833,1.22828,1.22833,12
SQ:EURUSD,2018-02-12T19:53:00+01:00,1.22833,1.22839,1.22832,1.22838,27
SQ:EURUSD,2018-02-12T19:54:00+01:00,1.22837,1.22840,1.22833,1.22835,41
SQ:EURUSD,2018-02-12T19:55:00+01:00,1.22835,1.22835,1.22828,1.22828,42
SQ:EURUSD,2018-02-12T19:56:00+01:00,1.22826,1.22830,1.22821,1.22829,33
SQ:EURUSD,2018-02-12T19:57:00+01:00,1.22830,1.22838,1.22828,1.22833,33
SQ:EURUSD,2018-02-12T19:58:00+01:00,1.22832,1.22833,1.22816,1.22818,39
SQ:EURUSD,2018-02-12T19:59:00+01:00,1.22819,1.22823,1.22816,1.22818,20
SQ:EURUSD,2018-02-12T20:00:00+01:00,1.22816,1.22816,1.22812,1.22813,24
SQ:EURUSD,2018-02-12T20:01:00+01:00,1.22813,1.22814,1.22811,1.22813,30
SQ:EURUSD,2018-02-12T20:02:00+01:00,1.22812,1.22814,1.22806,1.22812,42
SQ:EURUSD,2018-02-12T20:03:00+01:00,1.22813,1.22826,1.22809,1.22826,38
SQ:EURUSD,2018-02-12T20:04:00+01:00,1.22825,1.22829,1.22814,1.22814,41
SQ:EURUSD,2018-02-12T20:05:00+01:00,1.22809,1.22814,1.22806,1.22813,49
SQ:EURUSD,2018-02-12T20:06:00+01:00,1.22813,1.22823,1.22812,1.22822,28
SQ:EURUSD,2018-02-12T20:07:00+01:00,1.22823,1.22823,1.22809,1.22812,44
SQ:EURUSD,2018-02-12T20:08:00+01:00,1.22812,1.22814,1.22805,1.22805,21
SQ:EURUSD,2018-02-12T20:09:00+01:00,1.22804,1.22804,1.22794,1.22803,39
SQ:EURUSD,2018-02-12T20:10:00+01:00,1.22802,1.22814,1.22798,1.22809,50
SQ:EURUSD,2018-02-12T20:11:00+01:00,1.22809,1.22814,1.22808,1.22814,25
SQ:EURUSD,2018-02-12T20:12:00+01:00,1.22814,1.22814,1.22808,1.22808,18
SQ:EURUSD,2018-02-12T20:13:00+01:00,1.22804,1.22804,1.22797,1.22797,31
SQ:EURUSD,2018-02-12T20:14:00+01:00,1.22796,1.22796,1.22791,1.22794,37
SQ:EURUSD,2018-02-12T20:15:00+01:00,1.22794,1.22794,1.22792,1.22794,9
SQ:EURUSD,2018-02-12T20:16:00+01:00,1.22795,1.22796,1.22789,1.22789,18
SQ:EURUSD,2018-02-12T20:17:00+01:00,1.22789,1.22801,1.22789,1.22801,22
SQ:EURUSD,2018-02-12T20:18:00+01:00,1.22804,1.22809,1.22804,1.22808,12
SQ:EURUSD,2018-02-12T20:19:00+01:00,1.22809,1.22809,1.22799,1.22799,16
SQ:EURUSD,2018-02-12T20:20:00+01:00,1.22799,1.22809,1.22799,1.22809,17
SQ:EURUSD,2018-02-12T20:21:00+01:00,1.22808,1.22816,1.22805,1.22809,34
SQ:EURUSD,2018-02-12T20:22:00+01:00,1.22809,1.22820,1.22806,1.22820,35
SQ:EURUSD,2018-02-12T20:23:00+01:00,1.22819,1.22825,1.22818,1.22819,43
SQ:EURUSD,2018-02-12T20:24:00+01:00,1.22818,1.22826,1.22818,1.22825,16
SQ:EURUSD,2018-02-12T20:25:00+01:00,1.22826,1.22837,1.22821,1.22832,45
SQ:EURUSD,2018-02-12T20:26:00+01:00,1.22831,1.22833,1.22814,1.22816,38
SQ:EURUSD,2018-02-12T20:27:00+01:00,1.22815,1.22815,1.22799,1.22799,43
SQ:EURUSD,2018-02-12T20:28:00+01:00,1.22803,1.22805,1.22789,1.22789,31
SQ:EURUSD,2018-02-12T20:29:00+01:00,1.22789,1.22796,1.22788,1.22794,40
SQ:EURUSD,2018-02-12T20:30:00+01:00,1.22794,1.22806,1.22792,1.22806,35
SQ:EURUSD,2018-02-12T20:31:00+01:00,1.22806,1.22816,1.22806,1.22815,26
SQ:EURUSD,2018-02-12T20:32:00+01:00,1.22816,1.22845,1.22816,1.22840,51
SQ:EURUSD,2018-02-12T20:33:00+01:00,1.22842,1.22858,1.22840,1.22856,46
SQ:EURUSD,2018-02-12T20:34:00+01:00,1.22856,1.22867,1.22856,1.22863,55
SQ:EURUSD,2018-02-12T20:35:00+01:00,1.22864,1.22864,1.22852,1.22854,66
SQ:EURUSD,2018-02-12T20:36:00+01:00,1.22853,1.22860,1.22850,1.22854,25
SQ:EURUSD,2018-02-12T20:37:00+01:00,1.22855,1.22859,1.22853,1.22854,11
SQ:EURUSD,2018-02-12T20:38:00+01:00,1.22853,1.22856,1.22848,1.22848,43
SQ:EURUSD,2018-02-12T20:39:00+01:00,1.22849,1.22849,1.22833,1.22833,26
SQ:EURUSD,2018-02-12T20:40:00+01:00,1.22833,1.22839,1.22831,1.22838,24
SQ:EURUSD,2018-02-12T20:41:00+01:00,1.22839,1.22840,1.22832,1.22833,23
SQ:EURUSD,2018-02-12T20:42:00+01:00,1.22835,1.22855,1.22835,1.22850,36
SQ:EURUSD,2018-02-12T20:43:00+01:00,1.22849,1.22852,1.22843,1.22843,49
SQ:EURUSD,2018-02-12T20:44:00+01:00,1.22846,1.22847,1.22833,1.22835,23
SQ:EURUSD,2018-02-12T20:45:00+01:00,1.22836,1.22843,1.22825,1.22839,62
SQ:EURUSD,2018-02-12T20:46:00+01:00,1.22842,1.22843,1.22839,1.22840,22
SQ:EURUSD,2018-02-12T20:47:00+01:00,1.22840,1.22840,1.22837,1.22839,17
SQ:EURUSD,2018-02-12T20:48:00+01:00,1.22840,1.22840,1.22830,1.22833,19
SQ:EURUSD,2018-02-12T20:49:00+01:00,1.22833,1.22839,1.22832,1.22833,26
SQ:EURUSD,2018-02-12T20:50:00+01:00,1.22832,1.22833,1.22820,1.22820,27
SQ:EURUSD,2018-02-12T20:51:00+01:00,1.22820,1.22820,1.22802,1.22804,46
SQ:EURUSD,2018-02-12T20:52:00+01:00,1.22803,1.22803,1.22784,1.22791,50
SQ:EURUSD,2018-02-12T20:53:00+01:00,1.22793,1.22803,1.22787,1.22803,30
SQ:EURUSD,2018-02-12T20:54:00+01:00,1.22807,1.22821,1.22805,1.22819,39
SQ:EURUSD,2018-02-12T20:55:00+01:00,1.22818,1.22821,1.22818,1.22818,9
SQ:EURUSD,2018-02-12T20:56:00+01:00,1.22817,1.22827,1.22813,1.22826,15
SQ:EURUSD,2018-02-12T20:57:00+01:00,1.22825,1.22826,1.22814,1.22815,23
SQ:EURUSD,2018-02-12T20:58:00+01:00,1.22816,1.22819,1.22813,1.22816,41
SQ:EURUSD,2018-02-12T20:59:00+01:00,1.22816,1.22819,1.22805,1.22816,98
SQ:EURUSD,2018-02-12T21:00:00+01:00,1.22816,1.22838,1.22813,1.22813,84
SQ:EURUSD,2018-02-12T21:01:00+01:00,1.22814,1.22816,1.22808,1.22815,61
SQ:EURUSD,2018-02-12T21:02:00+01:00,1.22816,1.22830,1.22815,1.22826,72
SQ:EURUSD,2018-02-12T21:03:00+01:00,1.22828,1.22832,1.22826,1.22830,28
SQ:EURUSD,2018-02-12T21:04:00+01:00,1.22831,1.22840,1.22831,1.22840,36
SQ:EURUSD,2018-02-12T21:05:00+01:00,1.22840,1.22842,1.22838,1.22840,29
SQ:EURUSD,2018-02-12T21:06:00+01:00,1.22840,1.22850,1.22839,1.22850,69
SQ:EURUSD,2018-02-12T21:07:00+01:00,1.22850,1.22850,1.22839,1.22840,54
SQ:EURUSD,2018-02-12T21:08:00+01:00,1.22839,1.22840,1.22836,1.22837,37
SQ:EURUSD,2018-02-12T21:09:00+01:00,1.22837,1.22840,1.22833,1.22840,17
SQ:EURUSD,2018-02-12T21:10:00+01:00,1.22840,1.22845,1.22840,1.22843,32
SQ:EURUSD,2018-02-12T21:11:00+01:00,1.22843,1.22850,1.22843,1.22850,34
SQ:EURUSD,2018-02-12T21:12:00+01:00,1.22849,1.22873,1.22848,1.22873,40
SQ:EURUSD,2018-02-12T21:13:00+01:00,1.22875,1.22886,1.22869,1.22879,64
SQ:EURUSD,2018-02-12T21:14:00+01:00,1.22881,1.22893,1.22877,1.22890,89
SQ:EURUSD,2018-02-12T21:15:00+01:00,1.22891,1.22891,1.22876,1.22880,78
SQ:EURUSD,2018-02-12T21:16:00+01:00,1.22881,1.22891,1.22881,1.22887,38
SQ:EURUSD,2018-02-12T21:17:00+01:00,1.22889,1.22896,1.22889,1.22894,33
SQ:EURUSD,2018-02-12T21:18:00+01:00,1.22894,1.22900,1.22894,1.22899,38
SQ:EURUSD,2018-02-12T21:19:00+01:00,1.22900,1.22913,1.22894,1.22911,35
SQ:EURUSD,2018-02-12T21:20:00+01:00,1.22911,1.22943,1.22911,1.22940,59
SQ:EURUSD,2018-02-12T21:21:00+01:00,1.22940,1.22962,1.22938,1.22943,91
SQ:EURUSD,2018-02-12T21:22:00+01:00,1.22944,1.22953,1.22944,1.22945,39
SQ:EURUSD,2018-02-12T21:23:00+01:00,1.22945,1.22947,1.22937,1.22937,32
SQ:EURUSD,2018-02-12T21:24:00+01:00,1.22937,1.22942,1.22924,1.22940,55
SQ:EURUSD,2018-02-12T21:25:00+01:00,1.22941,1.22953,1.22924,1.22945,87
SQ:EURUSD,2018-02-12T21:26:00+01:00,1.22944,1.22957,1.22940,1.22952,47
SQ:EURUSD,2018-02-12T21:27:00+01:00,1.22951,1.22953,1.22931,1.22934,31
SQ:EURUSD,2018-02-12T21:28:00+01:00,1.22931,1.22938,1.22921,1.22938,44
SQ:EURUSD,2018-02-12T21:29:00+01:00,1.22942,1.22951,1.22933,1.22934,43
SQ:EURUSD,2018-02-12T21:30:00+01:00,1.22936,1.22940,1.22921,1.22935,57
SQ:EURUSD,2018-02-12T21:31:00+01:00,1.22936,1.22936,1.22921,1.22924,56
SQ:EURUSD,2018-02-12T21:32:00+01:00,1.22925,1.22930,1.22923,1.22928,58
SQ:EURUSD,2018-02-12T21:33:00+01:00,1.22928,1.22935,1.22921,1.22928,47
SQ:EURUSD,2018-02-12T21:34:00+01:00,1.22928,1.22938,1.22928,1.22938,41
SQ:EURUSD,2018-02-12T21:35:00+01:00,1.22946,1.22955,1.22928,1.22934,52
SQ:EURUSD,2018-02-12T21:36:00+01:00,1.22933,1.22947,1.22928,1.22944,60
SQ:EURUSD,2018-02-12T21:37:00+01:00,1.22945,1.22950,1.22938,1.22943,37
SQ:EURUSD,2018-02-12T21:38:00+01:00,1.22944,1.22945,1.22933,1.22934,37
SQ:EURUSD,2018-02-12T21:39:00+01:00,1.22933,1.22938,1.22928,1.22938,38
SQ:EURUSD,2018-02-12T21:40:00+01:00,1.22936,1.22938,1.22916,1.22927,42
SQ:EURUSD,2018-02-12T21:41:00+01:00,1.22926,1.22926,1.22919,1.22923,22
SQ:EURUSD,2018-02-12T21:42:00+01:00,1.22923,1.22935,1.22918,1.22925,52
SQ:EURUSD,2018-02-12T21:43:00+01:00,1.22924,1.22936,1.22919,1.22935,40
SQ:EURUSD,2018-02-12T21:44:00+01:00,1.22935,1.22940,1.22928,1.22938,46
SQ:EURUSD,2018-02-12T21:45:00+01:00,1.22937,1.22938,1.22917,1.22934,110
SQ:EURUSD,2018-02-12T21:46:00+01:00,1.22934,1.22934,1.22903,1.22903,129
SQ:EURUSD,2018-02-12T21:47:00+01:00,1.22903,1.22923,1.22898,1.22914,86
SQ:EURUSD,2018-02-12T21:48:00+01:00,1.22908,1.22910,1.22894,1.22894,44
SQ:EURUSD,2018-02-12T21:49:00+01:00,1.22896,1.22900,1.22876,1.22883,70
SQ:EURUSD,2018-02-12T21:50:00+01:00,1.22887,1.22899,1.22883,1.22894,55
SQ:EURUSD,2018-02-12T21:51:00+01:00,1.22894,1.22901,1.22883,1.22901,65
SQ:EURUSD,2018-02-12T21:52:00+01:00,1.22903,1.22907,1.22894,1.22906,40
SQ:EURUSD,2018-02-12T21:53:00+01:00,1.22907,1.22910,1.22893,1.22901,75
SQ:EURUSD,2018-02-12T21:54:00+01:00,1.22901,1.22903,1.22877,1.22889,86
SQ:EURUSD,2018-02-12T21:55:00+01:00,1.22890,1.22914,1.22882,1.22883,72
SQ:EURUSD,2018-02-12T21:56:00+01:00,1.22884,1.22890,1.22877,1.22889,71
SQ:EURUSD,2018-02-12T21:57:00+01:00,1.22889,1.22891,1.22876,1.22883,63
SQ:EURUSD,2018-02-12T21:58:00+01:00,1.22882,1.22901,1.22881,1.22898,46
SQ:EURUSD,2018-02-12T21:59:00+01:00,1.22896,1.22906,1.22891,1.22900,88
SQ:EURUSD,2018-02-12T22:00:00+01:00,1.22901,1.22901,1.22873,1.22879,80
SQ:EURUSD,2018-02-12T22:01:00+01:00,1.22877,1.22887,1.22870,1.22887,49
SQ:EURUSD,2018-02-12T22:02:00+01:00,1.22887,1.22914,1.22887,1.22913,31
SQ:EURUSD,2018-02-12T22:03:00+01:00,1.22914,1.22915,1.22903,1.22903,21
SQ:EURUSD,2018-02-12T22:04:00+01:00,1.22903,1.22903,1.22896,1.22898,8
SQ:EURUSD,2018-02-12T22:05:00+01:00,1.22897,1.22909,1.22896,1.22904,35
SQ:EURUSD,2018-02-12T22:06:00+01:00,1.22904,1.22908,1.22903,1.22904,43
SQ:EURUSD,2018-02-12T22:07:00+01:00,1.22901,1.22931,1.22899,1.22920,54
SQ:EURUSD,2018-02-12T22:31:00+01:00,1.22904,1.22906,1.22904,1.22906,5
SQ:EURUSD,2018-02-12T22:32:00+01:00,1.22907,1.22911,1.22894,1.22894,48
SQ:EURUSD,2018-02-12T22:33:00+01:00,1.22898,1.22898,1.22893,1.22894,12
SQ:EURUSD,2018-02-12T22:34:00+01:00,1.22894,1.22894,1.22883,1.22891,35
SQ:EURUSD,2018-02-12T22:35:00+01:00,1.22890,1.22901,1.22890,1.22893,31
SQ:EURUSD,2018-02-12T22:36:00+01:00,1.22894,1.22897,1.22894,1.22896,9
SQ:EURUSD,2018-02-12T22:37:00+01:00,1.22894,1.22898,1.22894,1.22894,7
SQ:EURUSD,2018-02-12T22:38:00+01:00,1.22894,1.22899,1.22894,1.22899,6
SQ:EURUSD,2018-02-12T22:39:00+01:00,1.22899,1.22910,1.22899,1.22910,14
SQ:EURUSD,2018-02-12T22:40:00+01:00,1.22910,1.22911,1.22910,1.22911,13
SQ:EURUSD,2018-02-12T22:41:00+01:00,1.22911,1.22919,1.22908,1.22918,35
SQ:EURUSD,2018-02-12T22:42:00+01:00,1.22921,1.22923,1.22911,1.22911,23
SQ:EURUSD,2018-02-12T22:43:00+01:00,1.22914,1.22914,1.22907,1.22908,16
SQ:EURUSD,2018-02-12T22:44:00+01:00,1.22907,1.22909,1.22904,1.22908,21
SQ:EURUSD,2018-02-12T22:45:00+01:00,1.22907,1.22908,1.22903,1.22904,10
SQ:EURUSD,2018-02-12T22:46:00+01:00,1.22904,1.22906,1.22903,1.22903,6
SQ:EURUSD,2018-02-12T22:47:00+01:00,1.22904,1.22923,1.22904,1.22921,22
SQ:EURUSD,2018-02-12T22:48:00+01:00,1.22921,1.22921,1.22915,1.22918,18
SQ:EURUSD,2018-02-12T22:49:00+01:00,1.22916,1.22918,1.22915,1.22918,17
SQ:EURUSD,2018-02-12T22:50:00+01:00,1.22916,1.22920,1.22907,1.22907,32
SQ:EURUSD,2018-02-12T22:51:00+01:00,1.22906,1.22921,1.22906,1.22917,32
SQ:EURUSD,2018-02-12T22:52:00+01:00,1.22917,1.22917,1.22911,1.22916,20
SQ:EURUSD,2018-02-12T22:53:00+01:00,1.22917,1.22921,1.22911,1.22911,32
SQ:EURUSD,2018-02-12T22:54:00+01:00,1.22913,1.22919,1.22913,1.22919,16
SQ:EURUSD,2018-02-12T22:55:00+01:00,1.22918,1.22919,1.22911,1.22918,19
SQ:EURUSD,2018-02-12T22:56:00+01:00,1.22919,1.22919,1.22915,1.22919,22
SQ:EURUSD,2018-02-12T22:57:00+01:00,1.22918,1.22920,1.22900,1.22900,32
SQ:EURUSD,2018-02-12T23:00:00+01:00,1.22903,1.22903,1.22903,1.22903,1
SQ:EURUSD,2018-02-12T23:01:00+01:00,1.22903,1.22903,1.22874,1.22898,7
SQ:EURUSD,2018-02-12T23:02:00+01:00,1.22898,1.22898,1.22860,1.22872,10
SQ:EURUSD,2018-02-12T23:03:00+01:00,1.22872,1.22877,1.22847,1.22873,27
SQ:EURUSD,2018-02-12T23:04:00+01:00,1.22879,1.22881,1.22879,1.22881,4
SQ:EURUSD,2018-02-12T23:05:00+01:00,1.22881,1.22889,1.22881,1.22887,7
SQ:EURUSD,2018-02-12T23:06:00+01:00,1.22891,1.22893,1.22887,1.22887,8
SQ:EURUSD,2018-02-12T23:07:00+01:00,1.22889,1.22889,1.22877,1.22879,7
SQ:EURUSD,2018-02-12T23:08:00+01:00,1.22877,1.22879,1.22877,1.22879,2
SQ:EURUSD,2018-02-12T23:09:00+01:00,1.22879,1.22881,1.22879,1.22881,2
SQ:EURUSD,2018-02-12T23:10:00+01:00,1.22881,1.22881,1.22870,1.22870,7
SQ:EURUSD,2018-02-12T23:11:00+01:00,1.22872,1.22884,1.22859,1.22877,16
SQ:EURUSD,2018-02-12T23:12:00+01:00,1.22874,1.22883,1.22858,1.22883,38
SQ:EURUSD,2018-02-12T23:13:00+01:00,1.22882,1.22884,1.22882,1.22884,2
SQ:EURUSD,2018-02-12T23:14:00+01:00,1.22884,1.22884,1.22883,1.22883,2
SQ:EURUSD,2018-02-12T23:15:00+01:00,1.22881,1.22887,1.22877,1.22882,10
SQ:EURUSD,2018-02-12T23:16:00+01:00,1.22884,1.22911,1.22882,1.22901,16
SQ:EURUSD,2018-02-12T23:17:00+01:00,1.22901,1.22904,1.22901,1.22903,29
SQ:EURUSD,2018-02-12T23:18:00+01:00,1.22901,1.22904,1.22901,1.22904,10
SQ:EURUSD,2018-02-12T23:19:00+01:00,1.22909,1.22909,1.22891,1.22892,17
SQ:EURUSD,2018-02-12T23:20:00+01:00,1.22892,1.22896,1.22890,1.22892,8
SQ:EURUSD,2018-02-12T23:21:00+01:00,1.22894,1.22896,1.22892,1.22896,4
SQ:EURUSD,2018-02-12T23:22:00+01:00,1.22894,1.22894,1.22887,1.22889,7
SQ:EURUSD,2018-02-12T23:23:00+01:00,1.22887,1.22889,1.22887,1.22889,3
SQ:EURUSD,2018-02-12T23:24:00+01:00,1.22887,1.22887,1.22887,1.22887,2
SQ:EURUSD,2018-02-12T23:25:00+01:00,1.22887,1.22887,1.22887,1.22887,2
SQ:EURUSD,2018-02-12T23:26:00+01:00,1.22887,1.22887,1.22887,1.22887,1
SQ:EURUSD,2018-02-12T23:27:00+01:00,1.22887,1.22893,1.22882,1.22893,13
SQ:EURUSD,2018-02-12T23:28:00+01:00,1.22893,1.22893,1.22892,1.22892,5
SQ:EURUSD,2018-02-12T23:29:00+01:00,1.22893,1.22893,1.22884,1.22884,9
SQ:EURUSD,2018-02-12T23:30:00+01:00,1.22884,1.22884,1.22883,1.22884,4
SQ:EURUSD,2018-02-12T23:31:00+01:00,1.22884,1.22884,1.22883,1.22883,11
SQ:EURUSD,2018-02-12T23:32:00+01:00,1.22884,1.22896,1.22884,1.22896,21
SQ:EURUSD,2018-02-12T23:33:00+01:00,1.22896,1.22897,1.22881,1.22884,24
SQ:EURUSD,2018-02-12T23:34:00+01:00,1.22886,1.22886,1.22880,1.22883,74
SQ:EURUSD,2018-02-12T23:35:00+01:00,1.22883,1.22884,1.22880,1.22882,30
SQ:EURUSD,2018-02-12T23:36:00+01:00,1.22883,1.22884,1.22880,1.22884,14
SQ:EURUSD,2018-02-12T23:37:00+01:00,1.22884,1.22884,1.22884,1.22884,7
SQ:EURUSD,2018-02-12T23:38:00+01:00,1.22884,1.22893,1.22884,1.22890,15
SQ:EURUSD,2018-02-12T23:39:00+01:00,1.22890,1.22890,1.22884,1.22889,22
SQ:EURUSD,2018-02-12T23:40:00+01:00,1.22891,1.22891,1.22889,1.22889,5
SQ:EURUSD,2018-02-12T23:41:00+01:00,1.22889,1.22890,1.22889,1.22889,9
SQ:EURUSD,2018-02-12T23:42:00+01:00,1.22890,1.22890,1.22890,1.22890,5
SQ:EURUSD,2018-02-12T23:43:00+01:00,1.22889,1.22889,1.22887,1.22889,20
SQ:EURUSD,2018-02-12T23:44:00+01:00,1.22890,1.22890,1.22887,1.22887,13
SQ:EURUSD,2018-02-12T23:45:00+01:00,1.22887,1.22889,1.22887,1.22887,7
SQ:EURUSD,2018-02-12T23:46:00+01:00,1.22887,1.22889,1.22887,1.22889,10
SQ:EURUSD,2018-02-12T23:47:00+01:00,1.22889,1.22889,1.22883,1.22889,11
SQ:EURUSD,2018-02-12T23:48:00+01:00,1.22889,1.22889,1.22886,1.22887,20
SQ:EURUSD,2018-02-12T23:49:00+01:00,1.22887,1.22891,1.22887,1.22891,15
SQ:EURUSD,2018-02-12T23:50:00+01:00,1.22889,1.22891,1.22889,1.22891,12
SQ:EURUSD,2018-02-12T23:51:00+01:00,1.22893,1.22893,1.22891,1.22892,10
SQ:EURUSD,2018-02-12T23:52:00+01:00,1.22891,1.22896,1.22890,1.22891,20
SQ:EURUSD,2018-02-12T23:53:00+01:00,1.22891,1.22891,1.22886,1.22889,19
SQ:EURUSD,2018-02-12T23:54:00+01:00,1.22889,1.22894,1.22889,1.22891,11
SQ:EURUSD,2018-02-12T23:55:00+01:00,1.22894,1.22894,1.22894,1.22894,31
SQ:EURUSD,2018-02-12T23:56:00+01:00,1.22894,1.22894,1.22891,1.22891,15
SQ:EURUSD,2018-02-12T23:57:00+01:00,1.22893,1.22893,1.22891,1.22891,12
SQ:EURUSD,2018-02-12T23:58:00+01:00,1.22891,1.22891,1.22887,1.22889,13
SQ:EURUSD,2018-02-12T23:59:00+01:00,1.22887,1.22899,1.22887,1.22897,24
