SQ:USDCAD,2021-11-26T00:00:00+01:00,1.26453,1.26484,1.26453,1.26483,23
SQ:USDCAD,2021-11-26T00:01:00+01:00,1.26483,1.26483,1.26475,1.26477,11
SQ:USDCAD,2021-11-26T00:02:00+01:00,1.26477,1.26483,1.26477,1.26483,6
SQ:USDCAD,2021-11-26T00:03:00+01:00,1.26483,1.26483,1.26469,1.26471,39
SQ:USDCAD,2021-11-26T00:04:00+01:00,1.26471,1.26471,1.26460,1.26471,56
SQ:USDCAD,2021-11-26T00:05:00+01:00,1.26471,1.26487,1.26470,1.26485,36
SQ:USDCAD,2021-11-26T00:06:00+01:00,1.26484,1.26486,1.26480,1.26480,9
SQ:USDCAD,2021-11-26T00:07:00+01:00,1.26482,1.26487,1.26482,1.26487,2
SQ:USDCAD,2021-11-26T00:08:00+01:00,1.26487,1.26487,1.26487,1.26487,1
SQ:USDCAD,2021-11-26T00:09:00+01:00,1.26488,1.26489,1.26487,1.26487,4
SQ:USDCAD,2021-11-26T00:10:00+01:00,1.26488,1.26498,1.26488,1.26496,10
SQ:USDCAD,2021-11-26T00:11:00+01:00,1.26496,1.26497,1.26487,1.26497,9
SQ:USDCAD,2021-11-26T00:12:00+01:00,1.26496,1.26496,1.26482,1.26482,12
SQ:USDCAD,2021-11-26T00:13:00+01:00,1.26482,1.26482,1.26475,1.26480,10
SQ:USDCAD,2021-11-26T00:14:00+01:00,1.26480,1.26487,1.26480,1.26487,6
SQ:USDCAD,2021-11-26T00:15:00+01:00,1.26487,1.26491,1.26487,1.26490,8
SQ:USDCAD,2021-11-26T00:17:00+01:00,1.26489,1.26489,1.26487,1.26487,2
SQ:USDCAD,2021-11-26T00:18:00+01:00,1.26487,1.26497,1.26487,1.26497,11
SQ:USDCAD,2021-11-26T00:19:00+01:00,1.26497,1.26507,1.26497,1.26505,19
SQ:USDCAD,2021-11-26T00:20:00+01:00,1.26505,1.26520,1.26504,1.26519,17
SQ:USDCAD,2021-11-26T00:21:00+01:00,1.26519,1.26519,1.26506,1.26506,8
SQ:USDCAD,2021-11-26T00:22:00+01:00,1.26506,1.26506,1.26499,1.26499,5
SQ:USDCAD,2021-11-26T00:23:00+01:00,1.26499,1.26499,1.26497,1.26498,3
SQ:USDCAD,2021-11-26T00:24:00+01:00,1.26499,1.26508,1.26499,1.26508,11
SQ:USDCAD,2021-11-26T00:25:00+01:00,1.26508,1.26510,1.26505,1.26508,6
SQ:USDCAD,2021-11-26T00:26:00+01:00,1.26511,1.26515,1.26511,1.26515,2
SQ:USDCAD,2021-11-26T00:27:00+01:00,1.26515,1.26515,1.26508,1.26508,11
SQ:USDCAD,2021-11-26T00:28:00+01:00,1.26507,1.26509,1.26501,1.26508,13
SQ:USDCAD,2021-11-26T00:29:00+01:00,1.26508,1.26516,1.26501,1.26501,15
SQ:USDCAD,2021-11-26T00:30:00+01:00,1.26500,1.26511,1.26499,1.26506,15
SQ:USDCAD,2021-11-26T00:31:00+01:00,1.26506,1.26535,1.26505,1.26535,21
SQ:USDCAD,2021-11-26T00:32:00+01:00,1.26537,1.26540,1.26535,1.26539,6
SQ:USDCAD,2021-11-26T00:33:00+01:00,1.26539,1.26562,1.26539,1.26554,25
SQ:USDCAD,2021-11-26T00:34:00+01:00,1.26554,1.26576,1.26552,1.26572,26
SQ:USDCAD,2021-11-26T00:35:00+01:00,1.26572,1.26572,1.26562,1.26562,8
SQ:USDCAD,2021-11-26T00:36:00+01:00,1.26562,1.26572,1.26562,1.26572,12
SQ:USDCAD,2021-11-26T00:37:00+01:00,1.26572,1.26578,1.26561,1.26578,19
SQ:USDCAD,2021-11-26T00:38:00+01:00,1.26578,1.26580,1.26562,1.26562,14
SQ:USDCAD,2021-11-26T00:39:00+01:00,1.26562,1.26572,1.26561,1.26572,12
SQ:USDCAD,2021-11-26T00:40:00+01:00,1.26571,1.26586,1.26565,1.26586,12
SQ:USDCAD,2021-11-26T00:41:00+01:00,1.26586,1.26596,1.26583,1.26595,13
SQ:USDCAD,2021-11-26T00:42:00+01:00,1.26595,1.26598,1.26595,1.26597,4
SQ:USDCAD,2021-11-26T00:43:00+01:00,1.26597,1.26598,1.26597,1.26597,3
SQ:USDCAD,2021-11-26T00:44:00+01:00,1.26596,1.26598,1.26596,1.26596,9
SQ:USDCAD,2021-11-26T00:45:00+01:00,1.26597,1.26598,1.26573,1.26578,20
SQ:USDCAD,2021-11-26T00:46:00+01:00,1.26579,1.26579,1.26579,1.26579,1
SQ:USDCAD,2021-11-26T00:47:00+01:00,1.26580,1.26581,1.26571,1.26581,12
SQ:USDCAD,2021-11-26T00:48:00+01:00,1.26582,1.26586,1.26582,1.26586,4
SQ:USDCAD,2021-11-26T00:50:00+01:00,1.26585,1.26602,1.26585,1.26601,11
SQ:USDCAD,2021-11-26T00:51:00+01:00,1.26601,1.26601,1.26593,1.26596,10
SQ:USDCAD,2021-11-26T00:52:00+01:00,1.26596,1.26599,1.26591,1.26595,9
SQ:USDCAD,2021-11-26T00:53:00+01:00,1.26597,1.26602,1.26595,1.26599,14
SQ:USDCAD,2021-11-26T00:54:00+01:00,1.26599,1.26611,1.26598,1.26611,13
SQ:USDCAD,2021-11-26T00:55:00+01:00,1.26610,1.26617,1.26603,1.26604,23
SQ:USDCAD,2021-11-26T00:56:00+01:00,1.26603,1.26623,1.26603,1.26619,18
SQ:USDCAD,2021-11-26T00:57:00+01:00,1.26619,1.26619,1.26611,1.26619,12
SQ:USDCAD,2021-11-26T00:58:00+01:00,1.26619,1.26622,1.26615,1.26622,18
SQ:USDCAD,2021-11-26T00:59:00+01:00,1.26628,1.26628,1.26622,1.26628,20
SQ:USDCAD,2021-11-26T01:00:00+01:00,1.26628,1.26628,1.26620,1.26620,19
SQ:USDCAD,2021-11-26T01:01:00+01:00,1.26620,1.26620,1.26605,1.26607,11
SQ:USDCAD,2021-11-26T01:02:00+01:00,1.26603,1.26603,1.26595,1.26597,15
SQ:USDCAD,2021-11-26T01:03:00+01:00,1.26596,1.26620,1.26593,1.26620,20
SQ:USDCAD,2021-11-26T01:04:00+01:00,1.26622,1.26627,1.26608,1.26611,39
SQ:USDCAD,2021-11-26T01:05:00+01:00,1.26610,1.26615,1.26608,1.26610,16
SQ:USDCAD,2021-11-26T01:06:00+01:00,1.26610,1.26625,1.26610,1.26620,39
SQ:USDCAD,2021-11-26T01:07:00+01:00,1.26619,1.26634,1.26615,1.26633,56
SQ:USDCAD,2021-11-26T01:08:00+01:00,1.26633,1.26635,1.26625,1.26634,27
SQ:USDCAD,2021-11-26T01:09:00+01:00,1.26634,1.26635,1.26629,1.26629,22
SQ:USDCAD,2021-11-26T01:10:00+01:00,1.26629,1.26636,1.26629,1.26632,12
SQ:USDCAD,2021-11-26T01:11:00+01:00,1.26633,1.26638,1.26632,1.26636,17
SQ:USDCAD,2021-11-26T01:12:00+01:00,1.26636,1.26663,1.26636,1.26660,49
SQ:USDCAD,2021-11-26T01:13:00+01:00,1.26659,1.26683,1.26658,1.26678,71
SQ:USDCAD,2021-11-26T01:14:00+01:00,1.26679,1.26688,1.26667,1.26668,69
SQ:USDCAD,2021-11-26T01:15:00+01:00,1.26667,1.26683,1.26664,1.26675,69
SQ:USDCAD,2021-11-26T01:16:00+01:00,1.26676,1.26679,1.26655,1.26668,54
SQ:USDCAD,2021-11-26T01:17:00+01:00,1.26669,1.26674,1.26664,1.26673,53
SQ:USDCAD,2021-11-26T01:18:00+01:00,1.26672,1.26683,1.26672,1.26682,29
SQ:USDCAD,2021-11-26T01:19:00+01:00,1.26683,1.26689,1.26682,1.26684,24
SQ:USDCAD,2021-11-26T01:20:00+01:00,1.26684,1.26691,1.26682,1.26683,35
SQ:USDCAD,2021-11-26T01:21:00+01:00,1.26683,1.26694,1.26671,1.26672,41
SQ:USDCAD,2021-11-26T01:22:00+01:00,1.26672,1.26701,1.26668,1.26699,53
SQ:USDCAD,2021-11-26T01:23:00+01:00,1.26699,1.26699,1.26682,1.26695,56
SQ:USDCAD,2021-11-26T01:24:00+01:00,1.26696,1.26700,1.26679,1.26691,64
SQ:USDCAD,2021-11-26T01:25:00+01:00,1.26691,1.26718,1.26683,1.26711,86
SQ:USDCAD,2021-11-26T01:26:00+01:00,1.26711,1.26715,1.26707,1.26710,44
SQ:USDCAD,2021-11-26T01:27:00+01:00,1.26710,1.26711,1.26699,1.26699,26
SQ:USDCAD,2021-11-26T01:28:00+01:00,1.26699,1.26711,1.26697,1.26702,41
SQ:USDCAD,2021-11-26T01:29:00+01:00,1.26704,1.26705,1.26680,1.26681,37
SQ:USDCAD,2021-11-26T01:30:00+01:00,1.26681,1.26696,1.26681,1.26692,27
SQ:USDCAD,2021-11-26T01:31:00+01:00,1.26694,1.26706,1.26691,1.26698,42
SQ:USDCAD,2021-11-26T01:32:00+01:00,1.26698,1.26698,1.26670,1.26670,37
SQ:USDCAD,2021-11-26T01:33:00+01:00,1.26671,1.26680,1.26671,1.26673,33
SQ:USDCAD,2021-11-26T01:34:00+01:00,1.26673,1.26677,1.26667,1.26667,42
SQ:USDCAD,2021-11-26T01:35:00+01:00,1.26668,1.26671,1.26651,1.26659,46
SQ:USDCAD,2021-11-26T01:36:00+01:00,1.26659,1.26668,1.26649,1.26652,57
SQ:USDCAD,2021-11-26T01:37:00+01:00,1.26652,1.26663,1.26651,1.26654,52
SQ:USDCAD,2021-11-26T01:38:00+01:00,1.26655,1.26660,1.26646,1.26652,45
SQ:USDCAD,2021-11-26T01:39:00+01:00,1.26653,1.26664,1.26651,1.26654,38
SQ:USDCAD,2021-11-26T01:40:00+01:00,1.26654,1.26657,1.26644,1.26644,17
SQ:USDCAD,2021-11-26T01:41:00+01:00,1.26643,1.26645,1.26637,1.26641,22
SQ:USDCAD,2021-11-26T01:42:00+01:00,1.26640,1.26653,1.26637,1.26638,28
SQ:USDCAD,2021-11-26T01:43:00+01:00,1.26639,1.26651,1.26639,1.26650,37
SQ:USDCAD,2021-11-26T01:44:00+01:00,1.26650,1.26666,1.26650,1.26666,28
SQ:USDCAD,2021-11-26T01:45:00+01:00,1.26666,1.26666,1.26657,1.26660,19
SQ:USDCAD,2021-11-26T01:46:00+01:00,1.26660,1.26664,1.26657,1.26661,17
SQ:USDCAD,2021-11-26T01:47:00+01:00,1.26661,1.26663,1.26658,1.26658,7
SQ:USDCAD,2021-11-26T01:48:00+01:00,1.26658,1.26658,1.26642,1.26648,15
SQ:USDCAD,2021-11-26T01:49:00+01:00,1.26650,1.26653,1.26643,1.26646,32
SQ:USDCAD,2021-11-26T01:50:00+01:00,1.26643,1.26653,1.26643,1.26651,17
SQ:USDCAD,2021-11-26T01:51:00+01:00,1.26651,1.26651,1.26635,1.26650,32
SQ:USDCAD,2021-11-26T01:52:00+01:00,1.26651,1.26651,1.26642,1.26646,17
SQ:USDCAD,2021-11-26T01:53:00+01:00,1.26646,1.26660,1.26645,1.26655,29
SQ:USDCAD,2021-11-26T01:54:00+01:00,1.26656,1.26682,1.26656,1.26670,95
SQ:USDCAD,2021-11-26T01:55:00+01:00,1.26669,1.26673,1.26657,1.26657,55
SQ:USDCAD,2021-11-26T01:56:00+01:00,1.26657,1.26682,1.26657,1.26675,47
SQ:USDCAD,2021-11-26T01:57:00+01:00,1.26676,1.26685,1.26669,1.26669,39
SQ:USDCAD,2021-11-26T01:58:00+01:00,1.26669,1.26670,1.26649,1.26655,66
SQ:USDCAD,2021-11-26T01:59:00+01:00,1.26656,1.26660,1.26645,1.26650,40
SQ:USDCAD,2021-11-26T02:00:00+01:00,1.26649,1.26665,1.26626,1.26659,81
SQ:USDCAD,2021-11-26T02:01:00+01:00,1.26660,1.26707,1.26653,1.26697,70
SQ:USDCAD,2021-11-26T02:02:00+01:00,1.26696,1.26698,1.26673,1.26692,56
SQ:USDCAD,2021-11-26T02:03:00+01:00,1.26691,1.26699,1.26677,1.26680,46
SQ:USDCAD,2021-11-26T02:04:00+01:00,1.26681,1.26681,1.26671,1.26680,34
SQ:USDCAD,2021-11-26T02:05:00+01:00,1.26680,1.26684,1.26665,1.26677,38
SQ:USDCAD,2021-11-26T02:06:00+01:00,1.26677,1.26701,1.26677,1.26700,42
SQ:USDCAD,2021-11-26T02:07:00+01:00,1.26701,1.26707,1.26694,1.26706,63
SQ:USDCAD,2021-11-26T02:08:00+01:00,1.26706,1.26713,1.26697,1.26711,43
SQ:USDCAD,2021-11-26T02:09:00+01:00,1.26711,1.26716,1.26701,1.26706,28
SQ:USDCAD,2021-11-26T02:10:00+01:00,1.26706,1.26716,1.26704,1.26716,17
SQ:USDCAD,2021-11-26T02:11:00+01:00,1.26715,1.26746,1.26715,1.26741,32
SQ:USDCAD,2021-11-26T02:12:00+01:00,1.26741,1.26748,1.26724,1.26730,42
SQ:USDCAD,2021-11-26T02:13:00+01:00,1.26730,1.26739,1.26725,1.26738,43
SQ:USDCAD,2021-11-26T02:14:00+01:00,1.26739,1.26745,1.26731,1.26737,25
SQ:USDCAD,2021-11-26T02:15:00+01:00,1.26737,1.26741,1.26720,1.26738,56
SQ:USDCAD,2021-11-26T02:16:00+01:00,1.26738,1.26743,1.26726,1.26739,75
SQ:USDCAD,2021-11-26T02:17:00+01:00,1.26740,1.26775,1.26740,1.26768,51
SQ:USDCAD,2021-11-26T02:18:00+01:00,1.26768,1.26769,1.26746,1.26760,51
SQ:USDCAD,2021-11-26T02:19:00+01:00,1.26761,1.26778,1.26761,1.26772,63
SQ:USDCAD,2021-11-26T02:20:00+01:00,1.26772,1.26777,1.26762,1.26764,32
SQ:USDCAD,2021-11-26T02:21:00+01:00,1.26765,1.26789,1.26765,1.26788,40
SQ:USDCAD,2021-11-26T02:22:00+01:00,1.26788,1.26789,1.26763,1.26766,34
SQ:USDCAD,2021-11-26T02:23:00+01:00,1.26766,1.26773,1.26765,1.26768,28
SQ:USDCAD,2021-11-26T02:24:00+01:00,1.26767,1.26776,1.26758,1.26775,36
SQ:USDCAD,2021-11-26T02:25:00+01:00,1.26777,1.26781,1.26747,1.26748,86
SQ:USDCAD,2021-11-26T02:26:00+01:00,1.26749,1.26770,1.26732,1.26761,65
SQ:USDCAD,2021-11-26T02:27:00+01:00,1.26761,1.26770,1.26753,1.26755,43
SQ:USDCAD,2021-11-26T02:28:00+01:00,1.26755,1.26757,1.26749,1.26753,34
SQ:USDCAD,2021-11-26T02:29:00+01:00,1.26753,1.26765,1.26753,1.26762,33
SQ:USDCAD,2021-11-26T02:30:00+01:00,1.26762,1.26769,1.26756,1.26761,32
SQ:USDCAD,2021-11-26T02:31:00+01:00,1.26761,1.26765,1.26755,1.26763,38
SQ:USDCAD,2021-11-26T02:32:00+01:00,1.26763,1.26763,1.26755,1.26758,26
SQ:USDCAD,2021-11-26T02:33:00+01:00,1.26759,1.26773,1.26751,1.26751,33
SQ:USDCAD,2021-11-26T02:34:00+01:00,1.26752,1.26771,1.26752,1.26768,50
SQ:USDCAD,2021-11-26T02:35:00+01:00,1.26769,1.26780,1.26768,1.26774,55
SQ:USDCAD,2021-11-26T02:36:00+01:00,1.26774,1.26776,1.26760,1.26766,48
SQ:USDCAD,2021-11-26T02:37:00+01:00,1.26767,1.26789,1.26765,1.26782,24
SQ:USDCAD,2021-11-26T02:38:00+01:00,1.26782,1.26788,1.26779,1.26779,24
SQ:USDCAD,2021-11-26T02:39:00+01:00,1.26782,1.26806,1.26782,1.26805,50
SQ:USDCAD,2021-11-26T02:40:00+01:00,1.26805,1.26813,1.26800,1.26806,37
SQ:USDCAD,2021-11-26T02:41:00+01:00,1.26805,1.26807,1.26789,1.26797,39
SQ:USDCAD,2021-11-26T02:42:00+01:00,1.26798,1.26811,1.26797,1.26806,57
SQ:USDCAD,2021-11-26T02:43:00+01:00,1.26807,1.26819,1.26806,1.26816,46
SQ:USDCAD,2021-11-26T02:44:00+01:00,1.26816,1.26829,1.26813,1.26828,54
SQ:USDCAD,2021-11-26T02:45:00+01:00,1.26831,1.26831,1.26807,1.26807,31
SQ:USDCAD,2021-11-26T02:46:00+01:00,1.26807,1.26807,1.26790,1.26792,36
SQ:USDCAD,2021-11-26T02:47:00+01:00,1.26792,1.26813,1.26789,1.26806,49
SQ:USDCAD,2021-11-26T02:48:00+01:00,1.26805,1.26813,1.26802,1.26805,18
SQ:USDCAD,2021-11-26T02:49:00+01:00,1.26805,1.26812,1.26798,1.26807,29
SQ:USDCAD,2021-11-26T02:50:00+01:00,1.26811,1.26820,1.26810,1.26814,32
SQ:USDCAD,2021-11-26T02:51:00+01:00,1.26814,1.26829,1.26804,1.26804,41
SQ:USDCAD,2021-11-26T02:52:00+01:00,1.26804,1.26806,1.26791,1.26791,25
SQ:USDCAD,2021-11-26T02:53:00+01:00,1.26789,1.26800,1.26788,1.26800,28
SQ:USDCAD,2021-11-26T02:54:00+01:00,1.26800,1.26820,1.26794,1.26814,39
SQ:USDCAD,2021-11-26T02:55:00+01:00,1.26814,1.26821,1.26803,1.26805,51
SQ:USDCAD,2021-11-26T02:56:00+01:00,1.26805,1.26825,1.26804,1.26806,53
SQ:USDCAD,2021-11-26T02:57:00+01:00,1.26805,1.26822,1.26805,1.26822,29
SQ:USDCAD,2021-11-26T02:58:00+01:00,1.26823,1.26827,1.26804,1.26804,44
SQ:USDCAD,2021-11-26T02:59:00+01:00,1.26805,1.26813,1.26797,1.26810,22
SQ:USDCAD,2021-11-26T03:00:00+01:00,1.26809,1.26821,1.26805,1.26816,44
SQ:USDCAD,2021-11-26T03:01:00+01:00,1.26816,1.26840,1.26816,1.26837,35
SQ:USDCAD,2021-11-26T03:02:00+01:00,1.26837,1.26847,1.26832,1.26844,33
SQ:USDCAD,2021-11-26T03:03:00+01:00,1.26844,1.26844,1.26833,1.26844,33
SQ:USDCAD,2021-11-26T03:04:00+01:00,1.26844,1.26849,1.26843,1.26848,24
SQ:USDCAD,2021-11-26T03:05:00+01:00,1.26847,1.26852,1.26845,1.26851,32
SQ:USDCAD,2021-11-26T03:06:00+01:00,1.26850,1.26850,1.26826,1.26830,32
SQ:USDCAD,2021-11-26T03:07:00+01:00,1.26830,1.26845,1.26828,1.26844,16
SQ:USDCAD,2021-11-26T03:08:00+01:00,1.26845,1.26866,1.26843,1.26863,27
SQ:USDCAD,2021-11-26T03:09:00+01:00,1.26863,1.26875,1.26863,1.26871,23
SQ:USDCAD,2021-11-26T03:10:00+01:00,1.26876,1.26880,1.26867,1.26879,31
SQ:USDCAD,2021-11-26T03:11:00+01:00,1.26879,1.26895,1.26876,1.26892,26
SQ:USDCAD,2021-11-26T03:12:00+01:00,1.26891,1.26892,1.26877,1.26877,36
SQ:USDCAD,2021-11-26T03:13:00+01:00,1.26877,1.26895,1.26875,1.26888,41
SQ:USDCAD,2021-11-26T03:14:00+01:00,1.26887,1.26890,1.26878,1.26885,35
SQ:USDCAD,2021-11-26T03:15:00+01:00,1.26885,1.26891,1.26881,1.26888,68
SQ:USDCAD,2021-11-26T03:16:00+01:00,1.26888,1.26897,1.26883,1.26892,52
SQ:USDCAD,2021-11-26T03:17:00+01:00,1.26892,1.26910,1.26892,1.26899,49
SQ:USDCAD,2021-11-26T03:18:00+01:00,1.26900,1.26908,1.26889,1.26897,58
SQ:USDCAD,2021-11-26T03:19:00+01:00,1.26896,1.26904,1.26889,1.26891,42
SQ:USDCAD,2021-11-26T03:20:00+01:00,1.26891,1.26898,1.26886,1.26895,55
SQ:USDCAD,2021-11-26T03:21:00+01:00,1.26894,1.26902,1.26894,1.26901,16
SQ:USDCAD,2021-11-26T03:22:00+01:00,1.26901,1.26909,1.26891,1.26903,32
SQ:USDCAD,2021-11-26T03:23:00+01:00,1.26902,1.26917,1.26901,1.26917,33
SQ:USDCAD,2021-11-26T03:24:00+01:00,1.26916,1.26919,1.26901,1.26919,34
SQ:USDCAD,2021-11-26T03:25:00+01:00,1.26919,1.26927,1.26913,1.26923,50
SQ:USDCAD,2021-11-26T03:26:00+01:00,1.26925,1.26946,1.26923,1.26940,52
SQ:USDCAD,2021-11-26T03:27:00+01:00,1.26940,1.26949,1.26938,1.26938,32
SQ:USDCAD,2021-11-26T03:28:00+01:00,1.26937,1.26937,1.26916,1.26922,60
SQ:USDCAD,2021-11-26T03:29:00+01:00,1.26923,1.26950,1.26918,1.26950,54
SQ:USDCAD,2021-11-26T03:30:00+01:00,1.26950,1.26960,1.26948,1.26956,40
SQ:USDCAD,2021-11-26T03:31:00+01:00,1.26956,1.26960,1.26952,1.26957,22
SQ:USDCAD,2021-11-26T03:32:00+01:00,1.26957,1.26979,1.26954,1.26975,49
SQ:USDCAD,2021-11-26T03:33:00+01:00,1.26975,1.26980,1.26974,1.26979,38
SQ:USDCAD,2021-11-26T03:34:00+01:00,1.26980,1.26980,1.26967,1.26975,66
SQ:USDCAD,2021-11-26T03:35:00+01:00,1.26975,1.26993,1.26973,1.26991,42
SQ:USDCAD,2021-11-26T03:36:00+01:00,1.26990,1.26990,1.26973,1.26974,24
SQ:USDCAD,2021-11-26T03:37:00+01:00,1.26973,1.26995,1.26971,1.26995,40
SQ:USDCAD,2021-11-26T03:38:00+01:00,1.26995,1.27000,1.26979,1.26999,51
SQ:USDCAD,2021-11-26T03:39:00+01:00,1.26998,1.27045,1.26987,1.27037,102
SQ:USDCAD,2021-11-26T03:40:00+01:00,1.27036,1.27038,1.27005,1.27021,65
SQ:USDCAD,2021-11-26T03:41:00+01:00,1.27022,1.27033,1.27005,1.27005,54
SQ:USDCAD,2021-11-26T03:42:00+01:00,1.27004,1.27006,1.26993,1.26993,35
SQ:USDCAD,2021-11-26T03:43:00+01:00,1.26993,1.26994,1.26967,1.26973,74
SQ:USDCAD,2021-11-26T03:44:00+01:00,1.26973,1.26984,1.26971,1.26983,42
SQ:USDCAD,2021-11-26T03:45:00+01:00,1.26982,1.26984,1.26971,1.26983,43
SQ:USDCAD,2021-11-26T03:46:00+01:00,1.26981,1.26991,1.26967,1.26972,48
SQ:USDCAD,2021-11-26T03:47:00+01:00,1.26973,1.26974,1.26958,1.26958,31
SQ:USDCAD,2021-11-26T03:48:00+01:00,1.26959,1.26982,1.26959,1.26976,44
SQ:USDCAD,2021-11-26T03:49:00+01:00,1.26976,1.26981,1.26966,1.26975,41
SQ:USDCAD,2021-11-26T03:50:00+01:00,1.26975,1.26975,1.26964,1.26973,25
SQ:USDCAD,2021-11-26T03:51:00+01:00,1.26973,1.26986,1.26958,1.26983,54
SQ:USDCAD,2021-11-26T03:52:00+01:00,1.26983,1.26985,1.26978,1.26983,35
SQ:USDCAD,2021-11-26T03:53:00+01:00,1.26982,1.27010,1.26982,1.27010,43
SQ:USDCAD,2021-11-26T03:54:00+01:00,1.27009,1.27012,1.26995,1.27003,53
SQ:USDCAD,2021-11-26T03:55:00+01:00,1.27003,1.27003,1.26967,1.26977,70
SQ:USDCAD,2021-11-26T03:56:00+01:00,1.26977,1.26992,1.26972,1.26988,46
SQ:USDCAD,2021-11-26T03:57:00+01:00,1.26988,1.27011,1.26975,1.27011,74
SQ:USDCAD,2021-11-26T03:58:00+01:00,1.27010,1.27010,1.26990,1.27008,51
SQ:USDCAD,2021-11-26T03:59:00+01:00,1.27008,1.27014,1.27000,1.27005,42
SQ:USDCAD,2021-11-26T04:00:00+01:00,1.27004,1.27014,1.26997,1.27005,55
SQ:USDCAD,2021-11-26T04:01:00+01:00,1.27006,1.27023,1.27006,1.27014,47
SQ:USDCAD,2021-11-26T04:02:00+01:00,1.27015,1.27021,1.27000,1.27001,58
SQ:USDCAD,2021-11-26T04:03:00+01:00,1.27001,1.27024,1.26991,1.27024,76
SQ:USDCAD,2021-11-26T04:04:00+01:00,1.27025,1.27025,1.27014,1.27022,19
SQ:USDCAD,2021-11-26T04:05:00+01:00,1.27021,1.27048,1.27019,1.27043,35
SQ:USDCAD,2021-11-26T04:06:00+01:00,1.27043,1.27061,1.27043,1.27055,45
SQ:USDCAD,2021-11-26T04:07:00+01:00,1.27055,1.27061,1.27027,1.27028,46
SQ:USDCAD,2021-11-26T04:08:00+01:00,1.27028,1.27053,1.27028,1.27042,47
SQ:USDCAD,2021-11-26T04:09:00+01:00,1.27041,1.27053,1.27039,1.27053,23
SQ:USDCAD,2021-11-26T04:10:00+01:00,1.27053,1.27080,1.27047,1.27076,99
SQ:USDCAD,2021-11-26T04:11:00+01:00,1.27076,1.27112,1.27075,1.27110,77
SQ:USDCAD,2021-11-26T04:12:00+01:00,1.27111,1.27111,1.27075,1.27086,60
SQ:USDCAD,2021-11-26T04:13:00+01:00,1.27083,1.27095,1.27069,1.27093,68
SQ:USDCAD,2021-11-26T04:14:00+01:00,1.27093,1.27096,1.27082,1.27094,45
SQ:USDCAD,2021-11-26T04:15:00+01:00,1.27094,1.27110,1.27094,1.27106,29
SQ:USDCAD,2021-11-26T04:16:00+01:00,1.27107,1.27110,1.27101,1.27109,34
SQ:USDCAD,2021-11-26T04:17:00+01:00,1.27110,1.27110,1.27095,1.27101,16
SQ:USDCAD,2021-11-26T04:18:00+01:00,1.27100,1.27110,1.27098,1.27109,22
SQ:USDCAD,2021-11-26T04:19:00+01:00,1.27109,1.27109,1.27084,1.27084,23
SQ:USDCAD,2021-11-26T04:20:00+01:00,1.27084,1.27100,1.27082,1.27100,30
SQ:USDCAD,2021-11-26T04:21:00+01:00,1.27100,1.27112,1.27095,1.27111,29
SQ:USDCAD,2021-11-26T04:22:00+01:00,1.27111,1.27115,1.27108,1.27108,9
SQ:USDCAD,2021-11-26T04:23:00+01:00,1.27108,1.27119,1.27107,1.27117,17
SQ:USDCAD,2021-11-26T04:24:00+01:00,1.27117,1.27123,1.27107,1.27115,26
SQ:USDCAD,2021-11-26T04:25:00+01:00,1.27115,1.27124,1.27115,1.27117,31
SQ:USDCAD,2021-11-26T04:26:00+01:00,1.27118,1.27126,1.27116,1.27125,29
SQ:USDCAD,2021-11-26T04:27:00+01:00,1.27125,1.27130,1.27103,1.27103,49
SQ:USDCAD,2021-11-26T04:28:00+01:00,1.27101,1.27113,1.27100,1.27111,24
SQ:USDCAD,2021-11-26T04:29:00+01:00,1.27111,1.27120,1.27103,1.27116,13
SQ:USDCAD,2021-11-26T04:30:00+01:00,1.27116,1.27117,1.27106,1.27117,25
SQ:USDCAD,2021-11-26T04:31:00+01:00,1.27117,1.27124,1.27116,1.27117,21
SQ:USDCAD,2021-11-26T04:32:00+01:00,1.27116,1.27116,1.27100,1.27104,33
SQ:USDCAD,2021-11-26T04:33:00+01:00,1.27106,1.27111,1.27100,1.27111,37
SQ:USDCAD,2021-11-26T04:34:00+01:00,1.27110,1.27127,1.27103,1.27121,55
SQ:USDCAD,2021-11-26T04:35:00+01:00,1.27121,1.27127,1.27116,1.27124,38
SQ:USDCAD,2021-11-26T04:36:00+01:00,1.27125,1.27126,1.27112,1.27116,53
SQ:USDCAD,2021-11-26T04:37:00+01:00,1.27118,1.27126,1.27118,1.27125,9
SQ:USDCAD,2021-11-26T04:38:00+01:00,1.27125,1.27129,1.27124,1.27125,11
SQ:USDCAD,2021-11-26T04:39:00+01:00,1.27125,1.27125,1.27111,1.27124,30
SQ:USDCAD,2021-11-26T04:40:00+01:00,1.27124,1.27125,1.27110,1.27111,26
SQ:USDCAD,2021-11-26T04:41:00+01:00,1.27111,1.27122,1.27104,1.27115,13
SQ:USDCAD,2021-11-26T04:42:00+01:00,1.27116,1.27122,1.27115,1.27122,16
SQ:USDCAD,2021-11-26T04:43:00+01:00,1.27121,1.27121,1.27113,1.27118,24
SQ:USDCAD,2021-11-26T04:44:00+01:00,1.27118,1.27121,1.27116,1.27118,13
SQ:USDCAD,2021-11-26T04:45:00+01:00,1.27118,1.27118,1.27110,1.27117,14
SQ:USDCAD,2021-11-26T04:46:00+01:00,1.27117,1.27117,1.27108,1.27114,26
SQ:USDCAD,2021-11-26T04:47:00+01:00,1.27114,1.27118,1.27102,1.27104,51
SQ:USDCAD,2021-11-26T04:48:00+01:00,1.27102,1.27111,1.27088,1.27093,48
SQ:USDCAD,2021-11-26T04:49:00+01:00,1.27093,1.27095,1.27085,1.27093,26
SQ:USDCAD,2021-11-26T04:50:00+01:00,1.27093,1.27096,1.27068,1.27068,39
SQ:USDCAD,2021-11-26T04:51:00+01:00,1.27068,1.27070,1.27052,1.27057,31
SQ:USDCAD,2021-11-26T04:52:00+01:00,1.27057,1.27081,1.27054,1.27073,26
SQ:USDCAD,2021-11-26T04:53:00+01:00,1.27073,1.27073,1.27065,1.27068,14
SQ:USDCAD,2021-11-26T04:54:00+01:00,1.27068,1.27087,1.27067,1.27086,20
SQ:USDCAD,2021-11-26T04:55:00+01:00,1.27086,1.27097,1.27086,1.27088,30
SQ:USDCAD,2021-11-26T04:56:00+01:00,1.27088,1.27105,1.27081,1.27085,56
SQ:USDCAD,2021-11-26T04:57:00+01:00,1.27083,1.27087,1.27080,1.27082,47
SQ:USDCAD,2021-11-26T04:58:00+01:00,1.27082,1.27091,1.27077,1.27087,23
SQ:USDCAD,2021-11-26T04:59:00+01:00,1.27087,1.27095,1.27086,1.27095,26
SQ:USDCAD,2021-11-26T05:00:00+01:00,1.27095,1.27095,1.27077,1.27077,37
SQ:USDCAD,2021-11-26T05:01:00+01:00,1.27077,1.27093,1.27077,1.27088,17
SQ:USDCAD,2021-11-26T05:02:00+01:00,1.27087,1.27089,1.27086,1.27087,16
SQ:USDCAD,2021-11-26T05:03:00+01:00,1.27089,1.27096,1.27089,1.27094,20
SQ:USDCAD,2021-11-26T05:04:00+01:00,1.27093,1.27100,1.27093,1.27097,24
SQ:USDCAD,2021-11-26T05:05:00+01:00,1.27098,1.27123,1.27098,1.27121,38
SQ:USDCAD,2021-11-26T05:06:00+01:00,1.27121,1.27126,1.27119,1.27119,23
SQ:USDCAD,2021-11-26T05:07:00+01:00,1.27120,1.27126,1.27116,1.27117,26
SQ:USDCAD,2021-11-26T05:08:00+01:00,1.27117,1.27121,1.27116,1.27120,6
SQ:USDCAD,2021-11-26T05:09:00+01:00,1.27120,1.27132,1.27117,1.27128,28
SQ:USDCAD,2021-11-26T05:10:00+01:00,1.27127,1.27127,1.27117,1.27122,43
SQ:USDCAD,2021-11-26T05:11:00+01:00,1.27121,1.27125,1.27117,1.27118,45
SQ:USDCAD,2021-11-26T05:12:00+01:00,1.27118,1.27123,1.27113,1.27114,26
SQ:USDCAD,2021-11-26T05:13:00+01:00,1.27114,1.27124,1.27114,1.27118,23
SQ:USDCAD,2021-11-26T05:14:00+01:00,1.27119,1.27120,1.27116,1.27116,12
SQ:USDCAD,2021-11-26T05:15:00+01:00,1.27116,1.27123,1.27110,1.27122,32
SQ:USDCAD,2021-11-26T05:16:00+01:00,1.27122,1.27126,1.27120,1.27121,36
SQ:USDCAD,2021-11-26T05:17:00+01:00,1.27121,1.27122,1.27114,1.27117,21
SQ:USDCAD,2021-11-26T05:18:00+01:00,1.27118,1.27119,1.27113,1.27117,26
SQ:USDCAD,2021-11-26T05:19:00+01:00,1.27117,1.27122,1.27113,1.27114,37
SQ:USDCAD,2021-11-26T05:20:00+01:00,1.27114,1.27115,1.27102,1.27106,30
SQ:USDCAD,2021-11-26T05:21:00+01:00,1.27105,1.27111,1.27102,1.27109,23
SQ:USDCAD,2021-11-26T05:22:00+01:00,1.27109,1.27119,1.27106,1.27106,25
SQ:USDCAD,2021-11-26T05:23:00+01:00,1.27106,1.27112,1.27101,1.27101,33
SQ:USDCAD,2021-11-26T05:24:00+01:00,1.27101,1.27106,1.27101,1.27103,16
SQ:USDCAD,2021-11-26T05:25:00+01:00,1.27102,1.27110,1.27098,1.27098,21
SQ:USDCAD,2021-11-26T05:26:00+01:00,1.27097,1.27098,1.27090,1.27091,34
SQ:USDCAD,2021-11-26T05:27:00+01:00,1.27091,1.27100,1.27090,1.27094,42
SQ:USDCAD,2021-11-26T05:28:00+01:00,1.27093,1.27095,1.27086,1.27086,25
SQ:USDCAD,2021-11-26T05:29:00+01:00,1.27086,1.27093,1.27086,1.27091,31
SQ:USDCAD,2021-11-26T05:30:00+01:00,1.27089,1.27094,1.27085,1.27090,32
SQ:USDCAD,2021-11-26T05:31:00+01:00,1.27089,1.27095,1.27088,1.27088,17
SQ:USDCAD,2021-11-26T05:32:00+01:00,1.27088,1.27101,1.27087,1.27101,26
SQ:USDCAD,2021-11-26T05:33:00+01:00,1.27101,1.27102,1.27095,1.27101,11
SQ:USDCAD,2021-11-26T05:34:00+01:00,1.27101,1.27104,1.27100,1.27102,11
SQ:USDCAD,2021-11-26T05:35:00+01:00,1.27103,1.27103,1.27096,1.27099,21
SQ:USDCAD,2021-11-26T05:36:00+01:00,1.27099,1.27101,1.27098,1.27099,13
SQ:USDCAD,2021-11-26T05:37:00+01:00,1.27099,1.27101,1.27094,1.27094,17
SQ:USDCAD,2021-11-26T05:38:00+01:00,1.27093,1.27093,1.27082,1.27084,19
SQ:USDCAD,2021-11-26T05:39:00+01:00,1.27084,1.27086,1.27081,1.27086,22
SQ:USDCAD,2021-11-26T05:40:00+01:00,1.27085,1.27088,1.27080,1.27084,10
SQ:USDCAD,2021-11-26T05:41:00+01:00,1.27084,1.27085,1.27077,1.27083,14
SQ:USDCAD,2021-11-26T05:42:00+01:00,1.27083,1.27094,1.27082,1.27089,19
SQ:USDCAD,2021-11-26T05:43:00+01:00,1.27089,1.27094,1.27087,1.27093,18
SQ:USDCAD,2021-11-26T05:44:00+01:00,1.27093,1.27108,1.27093,1.27102,21
SQ:USDCAD,2021-11-26T05:45:00+01:00,1.27101,1.27101,1.27091,1.27093,12
SQ:USDCAD,2021-11-26T05:46:00+01:00,1.27092,1.27108,1.27092,1.27108,18
SQ:USDCAD,2021-11-26T05:47:00+01:00,1.27107,1.27109,1.27101,1.27102,46
SQ:USDCAD,2021-11-26T05:48:00+01:00,1.27102,1.27109,1.27099,1.27109,23
SQ:USDCAD,2021-11-26T05:49:00+01:00,1.27109,1.27117,1.27105,1.27116,32
SQ:USDCAD,2021-11-26T05:50:00+01:00,1.27116,1.27117,1.27111,1.27113,19
SQ:USDCAD,2021-11-26T05:51:00+01:00,1.27113,1.27116,1.27110,1.27110,21
SQ:USDCAD,2021-11-26T05:52:00+01:00,1.27110,1.27110,1.27101,1.27104,18
SQ:USDCAD,2021-11-26T05:53:00+01:00,1.27103,1.27110,1.27102,1.27107,15
SQ:USDCAD,2021-11-26T05:54:00+01:00,1.27105,1.27112,1.27102,1.27104,27
SQ:USDCAD,2021-11-26T05:55:00+01:00,1.27105,1.27118,1.27105,1.27107,66
SQ:USDCAD,2021-11-26T05:56:00+01:00,1.27106,1.27118,1.27103,1.27115,65
SQ:USDCAD,2021-11-26T05:57:00+01:00,1.27115,1.27116,1.27113,1.27113,11
SQ:USDCAD,2021-11-26T05:58:00+01:00,1.27115,1.27124,1.27115,1.27122,19
SQ:USDCAD,2021-11-26T05:59:00+01:00,1.27123,1.27137,1.27120,1.27133,37
SQ:USDCAD,2021-11-26T06:00:00+01:00,1.27133,1.27137,1.27129,1.27134,40
SQ:USDCAD,2021-11-26T06:01:00+01:00,1.27134,1.27146,1.27134,1.27144,39
SQ:USDCAD,2021-11-26T06:02:00+01:00,1.27146,1.27146,1.27136,1.27142,15
SQ:USDCAD,2021-11-26T06:03:00+01:00,1.27142,1.27147,1.27134,1.27145,41
SQ:USDCAD,2021-11-26T06:04:00+01:00,1.27145,1.27148,1.27140,1.27141,36
SQ:USDCAD,2021-11-26T06:05:00+01:00,1.27141,1.27146,1.27137,1.27144,22
SQ:USDCAD,2021-11-26T06:06:00+01:00,1.27143,1.27146,1.27137,1.27141,40
SQ:USDCAD,2021-11-26T06:07:00+01:00,1.27141,1.27147,1.27134,1.27147,19
SQ:USDCAD,2021-11-26T06:08:00+01:00,1.27148,1.27155,1.27144,1.27148,29
SQ:USDCAD,2021-11-26T06:09:00+01:00,1.27147,1.27147,1.27139,1.27143,13
SQ:USDCAD,2021-11-26T06:10:00+01:00,1.27143,1.27149,1.27141,1.27142,22
SQ:USDCAD,2021-11-26T06:11:00+01:00,1.27142,1.27148,1.27140,1.27143,32
SQ:USDCAD,2021-11-26T06:12:00+01:00,1.27143,1.27143,1.27138,1.27142,18
SQ:USDCAD,2021-11-26T06:13:00+01:00,1.27142,1.27149,1.27141,1.27149,8
SQ:USDCAD,2021-11-26T06:14:00+01:00,1.27148,1.27148,1.27141,1.27143,19
SQ:USDCAD,2021-11-26T06:15:00+01:00,1.27143,1.27150,1.27141,1.27145,26
SQ:USDCAD,2021-11-26T06:16:00+01:00,1.27145,1.27145,1.27140,1.27140,10
SQ:USDCAD,2021-11-26T06:17:00+01:00,1.27140,1.27143,1.27140,1.27143,12
SQ:USDCAD,2021-11-26T06:18:00+01:00,1.27143,1.27143,1.27141,1.27142,5
SQ:USDCAD,2021-11-26T06:19:00+01:00,1.27143,1.27148,1.27140,1.27140,10
SQ:USDCAD,2021-11-26T06:20:00+01:00,1.27140,1.27141,1.27140,1.27141,4
SQ:USDCAD,2021-11-26T06:21:00+01:00,1.27140,1.27145,1.27137,1.27145,5
SQ:USDCAD,2021-11-26T06:22:00+01:00,1.27145,1.27154,1.27144,1.27150,20
SQ:USDCAD,2021-11-26T06:23:00+01:00,1.27151,1.27158,1.27151,1.27157,7
SQ:USDCAD,2021-11-26T06:24:00+01:00,1.27157,1.27158,1.27154,1.27158,7
SQ:USDCAD,2021-11-26T06:25:00+01:00,1.27158,1.27159,1.27150,1.27158,10
SQ:USDCAD,2021-11-26T06:26:00+01:00,1.27158,1.27159,1.27151,1.27156,19
SQ:USDCAD,2021-11-26T06:27:00+01:00,1.27155,1.27174,1.27155,1.27169,20
SQ:USDCAD,2021-11-26T06:28:00+01:00,1.27169,1.27170,1.27166,1.27167,8
SQ:USDCAD,2021-11-26T06:29:00+01:00,1.27167,1.27177,1.27167,1.27176,27
SQ:USDCAD,2021-11-26T06:30:00+01:00,1.27175,1.27175,1.27153,1.27154,24
SQ:USDCAD,2021-11-26T06:31:00+01:00,1.27155,1.27167,1.27155,1.27157,34
SQ:USDCAD,2021-11-26T06:32:00+01:00,1.27157,1.27160,1.27155,1.27160,33
SQ:USDCAD,2021-11-26T06:33:00+01:00,1.27160,1.27171,1.27160,1.27166,25
SQ:USDCAD,2021-11-26T06:34:00+01:00,1.27167,1.27174,1.27166,1.27173,18
SQ:USDCAD,2021-11-26T06:35:00+01:00,1.27171,1.27175,1.27167,1.27174,16
SQ:USDCAD,2021-11-26T06:36:00+01:00,1.27174,1.27178,1.27171,1.27175,15
SQ:USDCAD,2021-11-26T06:37:00+01:00,1.27175,1.27176,1.27171,1.27175,18
SQ:USDCAD,2021-11-26T06:38:00+01:00,1.27173,1.27176,1.27161,1.27165,30
SQ:USDCAD,2021-11-26T06:39:00+01:00,1.27164,1.27175,1.27163,1.27174,30
SQ:USDCAD,2021-11-26T06:40:00+01:00,1.27174,1.27174,1.27170,1.27173,10
SQ:USDCAD,2021-11-26T06:41:00+01:00,1.27174,1.27175,1.27172,1.27173,12
SQ:USDCAD,2021-11-26T06:42:00+01:00,1.27173,1.27175,1.27153,1.27153,17
SQ:USDCAD,2021-11-26T06:43:00+01:00,1.27153,1.27153,1.27142,1.27152,27
SQ:USDCAD,2021-11-26T06:44:00+01:00,1.27152,1.27165,1.27149,1.27161,37
SQ:USDCAD,2021-11-26T06:45:00+01:00,1.27161,1.27161,1.27153,1.27157,26
SQ:USDCAD,2021-11-26T06:46:00+01:00,1.27157,1.27158,1.27155,1.27157,24
SQ:USDCAD,2021-11-26T06:47:00+01:00,1.27158,1.27158,1.27146,1.27150,21
SQ:USDCAD,2021-11-26T06:48:00+01:00,1.27151,1.27151,1.27143,1.27144,16
SQ:USDCAD,2021-11-26T06:49:00+01:00,1.27144,1.27148,1.27142,1.27142,13
SQ:USDCAD,2021-11-26T06:50:00+01:00,1.27142,1.27151,1.27142,1.27145,16
SQ:USDCAD,2021-11-26T06:51:00+01:00,1.27145,1.27145,1.27141,1.27141,7
SQ:USDCAD,2021-11-26T06:52:00+01:00,1.27141,1.27143,1.27135,1.27143,22
SQ:USDCAD,2021-11-26T06:53:00+01:00,1.27142,1.27144,1.27135,1.27137,10
SQ:USDCAD,2021-11-26T06:54:00+01:00,1.27136,1.27143,1.27135,1.27139,9
SQ:USDCAD,2021-11-26T06:55:00+01:00,1.27141,1.27143,1.27136,1.27136,14
SQ:USDCAD,2021-11-26T06:56:00+01:00,1.27136,1.27142,1.27133,1.27141,11
SQ:USDCAD,2021-11-26T06:57:00+01:00,1.27140,1.27142,1.27134,1.27140,21
SQ:USDCAD,2021-11-26T06:58:00+01:00,1.27140,1.27150,1.27137,1.27145,18
SQ:USDCAD,2021-11-26T06:59:00+01:00,1.27145,1.27145,1.27143,1.27145,4
SQ:USDCAD,2021-11-26T07:00:00+01:00,1.27145,1.27170,1.27145,1.27151,42
SQ:USDCAD,2021-11-26T07:01:00+01:00,1.27150,1.27153,1.27142,1.27143,40
SQ:USDCAD,2021-11-26T07:02:00+01:00,1.27143,1.27146,1.27132,1.27135,37
SQ:USDCAD,2021-11-26T07:03:00+01:00,1.27136,1.27136,1.27129,1.27136,37
SQ:USDCAD,2021-11-26T07:04:00+01:00,1.27135,1.27142,1.27134,1.27142,36
SQ:USDCAD,2021-11-26T07:05:00+01:00,1.27142,1.27148,1.27138,1.27145,32
SQ:USDCAD,2021-11-26T07:06:00+01:00,1.27146,1.27146,1.27133,1.27140,41
SQ:USDCAD,2021-11-26T07:07:00+01:00,1.27141,1.27141,1.27125,1.27125,26
SQ:USDCAD,2021-11-26T07:08:00+01:00,1.27128,1.27132,1.27124,1.27132,36
SQ:USDCAD,2021-11-26T07:09:00+01:00,1.27133,1.27144,1.27129,1.27140,30
SQ:USDCAD,2021-11-26T07:10:00+01:00,1.27139,1.27145,1.27137,1.27141,22
SQ:USDCAD,2021-11-26T07:11:00+01:00,1.27142,1.27143,1.27129,1.27129,26
SQ:USDCAD,2021-11-26T07:12:00+01:00,1.27129,1.27135,1.27122,1.27134,23
SQ:USDCAD,2021-11-26T07:13:00+01:00,1.27134,1.27144,1.27134,1.27144,15
SQ:USDCAD,2021-11-26T07:14:00+01:00,1.27144,1.27149,1.27144,1.27146,12
SQ:USDCAD,2021-11-26T07:15:00+01:00,1.27146,1.27151,1.27135,1.27149,50
SQ:USDCAD,2021-11-26T07:16:00+01:00,1.27149,1.27152,1.27140,1.27144,21
SQ:USDCAD,2021-11-26T07:17:00+01:00,1.27143,1.27144,1.27140,1.27143,13
SQ:USDCAD,2021-11-26T07:18:00+01:00,1.27144,1.27144,1.27140,1.27143,10
SQ:USDCAD,2021-11-26T07:19:00+01:00,1.27143,1.27143,1.27143,1.27143,1
SQ:USDCAD,2021-11-26T07:20:00+01:00,1.27143,1.27152,1.27143,1.27150,23
SQ:USDCAD,2021-11-26T07:21:00+01:00,1.27150,1.27152,1.27149,1.27149,15
SQ:USDCAD,2021-11-26T07:22:00+01:00,1.27150,1.27151,1.27147,1.27151,16
SQ:USDCAD,2021-11-26T07:23:00+01:00,1.27151,1.27153,1.27149,1.27151,25
SQ:USDCAD,2021-11-26T07:24:00+01:00,1.27152,1.27168,1.27152,1.27168,19
SQ:USDCAD,2021-11-26T07:25:00+01:00,1.27168,1.27168,1.27160,1.27165,12
SQ:USDCAD,2021-11-26T07:26:00+01:00,1.27166,1.27167,1.27155,1.27159,18
SQ:USDCAD,2021-11-26T07:27:00+01:00,1.27158,1.27161,1.27157,1.27160,25
SQ:USDCAD,2021-11-26T07:28:00+01:00,1.27160,1.27168,1.27157,1.27168,20
SQ:USDCAD,2021-11-26T07:29:00+01:00,1.27167,1.27183,1.27167,1.27178,59
SQ:USDCAD,2021-11-26T07:30:00+01:00,1.27178,1.27197,1.27176,1.27193,67
SQ:USDCAD,2021-11-26T07:31:00+01:00,1.27192,1.27225,1.27192,1.27215,75
SQ:USDCAD,2021-11-26T07:32:00+01:00,1.27215,1.27217,1.27206,1.27216,66
SQ:USDCAD,2021-11-26T07:33:00+01:00,1.27216,1.27223,1.27212,1.27217,39
SQ:USDCAD,2021-11-26T07:34:00+01:00,1.27217,1.27222,1.27207,1.27216,20
SQ:USDCAD,2021-11-26T07:35:00+01:00,1.27217,1.27228,1.27217,1.27224,26
SQ:USDCAD,2021-11-26T07:36:00+01:00,1.27223,1.27225,1.27220,1.27223,22
SQ:USDCAD,2021-11-26T07:37:00+01:00,1.27222,1.27225,1.27214,1.27225,25
SQ:USDCAD,2021-11-26T07:38:00+01:00,1.27227,1.27228,1.27212,1.27217,31
SQ:USDCAD,2021-11-26T07:39:00+01:00,1.27214,1.27225,1.27214,1.27224,13
SQ:USDCAD,2021-11-26T07:40:00+01:00,1.27225,1.27225,1.27217,1.27220,38
SQ:USDCAD,2021-11-26T07:41:00+01:00,1.27220,1.27221,1.27205,1.27208,25
SQ:USDCAD,2021-11-26T07:42:00+01:00,1.27209,1.27220,1.27208,1.27220,30
SQ:USDCAD,2021-11-26T07:43:00+01:00,1.27221,1.27221,1.27207,1.27216,28
SQ:USDCAD,2021-11-26T07:44:00+01:00,1.27216,1.27216,1.27198,1.27200,37
SQ:USDCAD,2021-11-26T07:45:00+01:00,1.27200,1.27205,1.27183,1.27201,38
SQ:USDCAD,2021-11-26T07:46:00+01:00,1.27200,1.27216,1.27200,1.27209,42
SQ:USDCAD,2021-11-26T07:47:00+01:00,1.27209,1.27209,1.27202,1.27202,17
SQ:USDCAD,2021-11-26T07:48:00+01:00,1.27207,1.27210,1.27201,1.27210,35
SQ:USDCAD,2021-11-26T07:49:00+01:00,1.27210,1.27210,1.27191,1.27198,47
SQ:USDCAD,2021-11-26T07:50:00+01:00,1.27198,1.27208,1.27190,1.27191,36
SQ:USDCAD,2021-11-26T07:51:00+01:00,1.27191,1.27193,1.27183,1.27193,31
SQ:USDCAD,2021-11-26T07:52:00+01:00,1.27193,1.27201,1.27182,1.27185,39
SQ:USDCAD,2021-11-26T07:53:00+01:00,1.27185,1.27185,1.27159,1.27160,39
SQ:USDCAD,2021-11-26T07:54:00+01:00,1.27160,1.27160,1.27150,1.27152,26
SQ:USDCAD,2021-11-26T07:55:00+01:00,1.27151,1.27151,1.27136,1.27139,45
SQ:USDCAD,2021-11-26T07:56:00+01:00,1.27138,1.27144,1.27133,1.27143,41
SQ:USDCAD,2021-11-26T07:57:00+01:00,1.27142,1.27184,1.27142,1.27183,45
SQ:USDCAD,2021-11-26T07:58:00+01:00,1.27183,1.27195,1.27174,1.27189,36
SQ:USDCAD,2021-11-26T07:59:00+01:00,1.27189,1.27200,1.27189,1.27197,42
SQ:USDCAD,2021-11-26T08:00:00+01:00,1.27197,1.27228,1.27197,1.27224,87
SQ:USDCAD,2021-11-26T08:01:00+01:00,1.27224,1.27229,1.27213,1.27213,42
SQ:USDCAD,2021-11-26T08:02:00+01:00,1.27215,1.27223,1.27209,1.27220,62
SQ:USDCAD,2021-11-26T08:03:00+01:00,1.27220,1.27246,1.27217,1.27240,59
SQ:USDCAD,2021-11-26T08:04:00+01:00,1.27240,1.27263,1.27230,1.27246,82
SQ:USDCAD,2021-11-26T08:05:00+01:00,1.27246,1.27269,1.27223,1.27262,136
SQ:USDCAD,2021-11-26T08:06:00+01:00,1.27262,1.27278,1.27261,1.27270,134
SQ:USDCAD,2021-11-26T08:07:00+01:00,1.27270,1.27298,1.27270,1.27298,93
SQ:USDCAD,2021-11-26T08:08:00+01:00,1.27298,1.27336,1.27298,1.27324,139
SQ:USDCAD,2021-11-26T08:09:00+01:00,1.27323,1.27352,1.27323,1.27351,130
SQ:USDCAD,2021-11-26T08:10:00+01:00,1.27352,1.27379,1.27346,1.27368,115
SQ:USDCAD,2021-11-26T08:11:00+01:00,1.27368,1.27374,1.27364,1.27368,62
SQ:USDCAD,2021-11-26T08:12:00+01:00,1.27369,1.27378,1.27366,1.27367,30
SQ:USDCAD,2021-11-26T08:13:00+01:00,1.27368,1.27378,1.27363,1.27378,33
SQ:USDCAD,2021-11-26T08:14:00+01:00,1.27377,1.27378,1.27362,1.27369,60
SQ:USDCAD,2021-11-26T08:15:00+01:00,1.27368,1.27378,1.27363,1.27363,64
SQ:USDCAD,2021-11-26T08:16:00+01:00,1.27365,1.27370,1.27356,1.27361,92
SQ:USDCAD,2021-11-26T08:17:00+01:00,1.27361,1.27366,1.27351,1.27362,83
SQ:USDCAD,2021-11-26T08:18:00+01:00,1.27361,1.27361,1.27326,1.27328,69
SQ:USDCAD,2021-11-26T08:19:00+01:00,1.27328,1.27362,1.27326,1.27336,63
SQ:USDCAD,2021-11-26T08:20:00+01:00,1.27336,1.27336,1.27313,1.27324,53
SQ:USDCAD,2021-11-26T08:21:00+01:00,1.27321,1.27345,1.27308,1.27318,88
SQ:USDCAD,2021-11-26T08:22:00+01:00,1.27320,1.27329,1.27302,1.27316,70
SQ:USDCAD,2021-11-26T08:23:00+01:00,1.27315,1.27330,1.27312,1.27320,58
SQ:USDCAD,2021-11-26T08:24:00+01:00,1.27320,1.27343,1.27315,1.27342,82
SQ:USDCAD,2021-11-26T08:25:00+01:00,1.27342,1.27359,1.27333,1.27350,98
SQ:USDCAD,2021-11-26T08:26:00+01:00,1.27350,1.27354,1.27335,1.27350,82
SQ:USDCAD,2021-11-26T08:27:00+01:00,1.27351,1.27354,1.27341,1.27353,113
SQ:USDCAD,2021-11-26T08:28:00+01:00,1.27354,1.27373,1.27353,1.27368,101
SQ:USDCAD,2021-11-26T08:29:00+01:00,1.27368,1.27373,1.27357,1.27368,77
SQ:USDCAD,2021-11-26T08:30:00+01:00,1.27367,1.27371,1.27349,1.27360,105
SQ:USDCAD,2021-11-26T08:31:00+01:00,1.27360,1.27373,1.27347,1.27350,97
SQ:USDCAD,2021-11-26T08:32:00+01:00,1.27352,1.27358,1.27335,1.27342,123
SQ:USDCAD,2021-11-26T08:33:00+01:00,1.27341,1.27361,1.27336,1.27358,115
SQ:USDCAD,2021-11-26T08:34:00+01:00,1.27360,1.27361,1.27342,1.27343,93
SQ:USDCAD,2021-11-26T08:35:00+01:00,1.27342,1.27353,1.27333,1.27347,85
SQ:USDCAD,2021-11-26T08:36:00+01:00,1.27346,1.27377,1.27346,1.27376,74
SQ:USDCAD,2021-11-26T08:37:00+01:00,1.27376,1.27376,1.27354,1.27354,123
SQ:USDCAD,2021-11-26T08:38:00+01:00,1.27354,1.27371,1.27352,1.27366,90
SQ:USDCAD,2021-11-26T08:39:00+01:00,1.27367,1.27376,1.27365,1.27371,56
SQ:USDCAD,2021-11-26T08:40:00+01:00,1.27371,1.27376,1.27361,1.27369,76
SQ:USDCAD,2021-11-26T08:41:00+01:00,1.27368,1.27373,1.27363,1.27367,63
SQ:USDCAD,2021-11-26T08:42:00+01:00,1.27366,1.27377,1.27359,1.27361,66
SQ:USDCAD,2021-11-26T08:43:00+01:00,1.27361,1.27376,1.27359,1.27361,55
SQ:USDCAD,2021-11-26T08:44:00+01:00,1.27361,1.27378,1.27359,1.27374,51
SQ:USDCAD,2021-11-26T08:45:00+01:00,1.27374,1.27380,1.27367,1.27372,40
SQ:USDCAD,2021-11-26T08:46:00+01:00,1.27371,1.27382,1.27361,1.27382,74
SQ:USDCAD,2021-11-26T08:47:00+01:00,1.27382,1.27396,1.27378,1.27388,73
SQ:USDCAD,2021-11-26T08:48:00+01:00,1.27391,1.27401,1.27367,1.27367,67
SQ:USDCAD,2021-11-26T08:49:00+01:00,1.27367,1.27370,1.27351,1.27368,96
SQ:USDCAD,2021-11-26T08:50:00+01:00,1.27367,1.27404,1.27367,1.27404,123
SQ:USDCAD,2021-11-26T08:51:00+01:00,1.27403,1.27416,1.27392,1.27413,93
SQ:USDCAD,2021-11-26T08:52:00+01:00,1.27412,1.27412,1.27367,1.27384,144
SQ:USDCAD,2021-11-26T08:53:00+01:00,1.27383,1.27412,1.27378,1.27400,95
SQ:USDCAD,2021-11-26T08:54:00+01:00,1.27400,1.27409,1.27391,1.27391,106
SQ:USDCAD,2021-11-26T08:55:00+01:00,1.27387,1.27411,1.27380,1.27406,108
SQ:USDCAD,2021-11-26T08:56:00+01:00,1.27406,1.27410,1.27383,1.27388,140
SQ:USDCAD,2021-11-26T08:57:00+01:00,1.27389,1.27395,1.27380,1.27384,114
SQ:USDCAD,2021-11-26T08:58:00+01:00,1.27385,1.27394,1.27372,1.27379,95
SQ:USDCAD,2021-11-26T08:59:00+01:00,1.27379,1.27403,1.27377,1.27400,77
SQ:USDCAD,2021-11-26T09:00:00+01:00,1.27402,1.27429,1.27402,1.27425,116
SQ:USDCAD,2021-11-26T09:01:00+01:00,1.27424,1.27466,1.27423,1.27466,134
SQ:USDCAD,2021-11-26T09:02:00+01:00,1.27467,1.27468,1.27444,1.27449,80
SQ:USDCAD,2021-11-26T09:03:00+01:00,1.27450,1.27469,1.27440,1.27466,101
SQ:USDCAD,2021-11-26T09:04:00+01:00,1.27466,1.27474,1.27458,1.27470,136
SQ:USDCAD,2021-11-26T09:05:00+01:00,1.27470,1.27502,1.27470,1.27502,192
SQ:USDCAD,2021-11-26T09:06:00+01:00,1.27502,1.27514,1.27482,1.27492,186
SQ:USDCAD,2021-11-26T09:07:00+01:00,1.27492,1.27503,1.27477,1.27486,145
SQ:USDCAD,2021-11-26T09:08:00+01:00,1.27485,1.27514,1.27485,1.27513,137
SQ:USDCAD,2021-11-26T09:09:00+01:00,1.27514,1.27516,1.27496,1.27511,113
SQ:USDCAD,2021-11-26T09:10:00+01:00,1.27510,1.27510,1.27480,1.27489,113
SQ:USDCAD,2021-11-26T09:11:00+01:00,1.27488,1.27507,1.27475,1.27506,79
SQ:USDCAD,2021-11-26T09:12:00+01:00,1.27508,1.27525,1.27508,1.27520,93
SQ:USDCAD,2021-11-26T09:13:00+01:00,1.27519,1.27532,1.27506,1.27518,106
SQ:USDCAD,2021-11-26T09:14:00+01:00,1.27518,1.27523,1.27493,1.27496,105
SQ:USDCAD,2021-11-26T09:15:00+01:00,1.27496,1.27532,1.27496,1.27526,113
SQ:USDCAD,2021-11-26T09:16:00+01:00,1.27527,1.27532,1.27508,1.27524,107
SQ:USDCAD,2021-11-26T09:17:00+01:00,1.27525,1.27569,1.27525,1.27565,125
SQ:USDCAD,2021-11-26T09:18:00+01:00,1.27563,1.27573,1.27556,1.27565,106
SQ:USDCAD,2021-11-26T09:19:00+01:00,1.27564,1.27572,1.27553,1.27566,156
SQ:USDCAD,2021-11-26T09:20:00+01:00,1.27566,1.27572,1.27546,1.27559,144
SQ:USDCAD,2021-11-26T09:21:00+01:00,1.27559,1.27574,1.27546,1.27563,99
SQ:USDCAD,2021-11-26T09:22:00+01:00,1.27565,1.27568,1.27545,1.27563,130
SQ:USDCAD,2021-11-26T09:23:00+01:00,1.27563,1.27614,1.27555,1.27612,145
SQ:USDCAD,2021-11-26T09:24:00+01:00,1.27611,1.27617,1.27579,1.27579,195
SQ:USDCAD,2021-11-26T09:25:00+01:00,1.27578,1.27587,1.27553,1.27560,141
SQ:USDCAD,2021-11-26T09:26:00+01:00,1.27559,1.27587,1.27546,1.27555,122
SQ:USDCAD,2021-11-26T09:27:00+01:00,1.27554,1.27563,1.27520,1.27520,122
SQ:USDCAD,2021-11-26T09:28:00+01:00,1.27520,1.27550,1.27514,1.27531,121
SQ:USDCAD,2021-11-26T09:29:00+01:00,1.27532,1.27542,1.27506,1.27530,142
SQ:USDCAD,2021-11-26T09:30:00+01:00,1.27530,1.27538,1.27510,1.27515,136
SQ:USDCAD,2021-11-26T09:31:00+01:00,1.27516,1.27523,1.27481,1.27482,140
SQ:USDCAD,2021-11-26T09:32:00+01:00,1.27481,1.27491,1.27458,1.27471,108
SQ:USDCAD,2021-11-26T09:33:00+01:00,1.27471,1.27525,1.27470,1.27520,80
SQ:USDCAD,2021-11-26T09:34:00+01:00,1.27521,1.27526,1.27492,1.27523,179
SQ:USDCAD,2021-11-26T09:35:00+01:00,1.27525,1.27721,1.27522,1.27656,376
SQ:USDCAD,2021-11-26T09:36:00+01:00,1.27658,1.27728,1.27658,1.27675,224
SQ:USDCAD,2021-11-26T09:37:00+01:00,1.27675,1.27723,1.27675,1.27707,134
SQ:USDCAD,2021-11-26T09:38:00+01:00,1.27707,1.27716,1.27666,1.27668,154
SQ:USDCAD,2021-11-26T09:39:00+01:00,1.27668,1.27689,1.27553,1.27559,212
SQ:USDCAD,2021-11-26T09:40:00+01:00,1.27561,1.27576,1.27550,1.27564,189
SQ:USDCAD,2021-11-26T09:41:00+01:00,1.27563,1.27605,1.27563,1.27590,144
SQ:USDCAD,2021-11-26T09:42:00+01:00,1.27590,1.27605,1.27561,1.27595,134
SQ:USDCAD,2021-11-26T09:43:00+01:00,1.27594,1.27613,1.27556,1.27556,213
SQ:USDCAD,2021-11-26T09:44:00+01:00,1.27555,1.27564,1.27520,1.27529,121
SQ:USDCAD,2021-11-26T09:45:00+01:00,1.27529,1.27566,1.27527,1.27557,133
SQ:USDCAD,2021-11-26T09:46:00+01:00,1.27555,1.27558,1.27515,1.27516,83
SQ:USDCAD,2021-11-26T09:47:00+01:00,1.27515,1.27523,1.27503,1.27503,67
SQ:USDCAD,2021-11-26T09:48:00+01:00,1.27504,1.27517,1.27490,1.27501,113
SQ:USDCAD,2021-11-26T09:49:00+01:00,1.27499,1.27524,1.27496,1.27499,104
SQ:USDCAD,2021-11-26T09:50:00+01:00,1.27498,1.27544,1.27493,1.27513,136
SQ:USDCAD,2021-11-26T09:51:00+01:00,1.27513,1.27528,1.27513,1.27518,132
SQ:USDCAD,2021-11-26T09:52:00+01:00,1.27517,1.27536,1.27506,1.27514,123
SQ:USDCAD,2021-11-26T09:53:00+01:00,1.27514,1.27528,1.27512,1.27520,131
SQ:USDCAD,2021-11-26T09:54:00+01:00,1.27519,1.27524,1.27491,1.27497,147
SQ:USDCAD,2021-11-26T09:55:00+01:00,1.27498,1.27507,1.27474,1.27475,150
SQ:USDCAD,2021-11-26T09:56:00+01:00,1.27475,1.27496,1.27473,1.27485,90
SQ:USDCAD,2021-11-26T09:57:00+01:00,1.27485,1.27488,1.27447,1.27466,188
SQ:USDCAD,2021-11-26T09:58:00+01:00,1.27466,1.27500,1.27466,1.27483,135
SQ:USDCAD,2021-11-26T09:59:00+01:00,1.27481,1.27486,1.27465,1.27466,59
SQ:USDCAD,2021-11-26T10:00:00+01:00,1.27466,1.27519,1.27465,1.27505,147
SQ:USDCAD,2021-11-26T10:01:00+01:00,1.27505,1.27537,1.27503,1.27521,131
SQ:USDCAD,2021-11-26T10:02:00+01:00,1.27521,1.27537,1.27514,1.27523,112
SQ:USDCAD,2021-11-26T10:03:00+01:00,1.27523,1.27534,1.27511,1.27515,105
SQ:USDCAD,2021-11-26T10:04:00+01:00,1.27514,1.27530,1.27491,1.27514,129
SQ:USDCAD,2021-11-26T10:05:00+01:00,1.27513,1.27535,1.27511,1.27527,94
SQ:USDCAD,2021-11-26T10:06:00+01:00,1.27528,1.27565,1.27528,1.27555,120
SQ:USDCAD,2021-11-26T10:07:00+01:00,1.27557,1.27563,1.27536,1.27556,187
SQ:USDCAD,2021-11-26T10:08:00+01:00,1.27556,1.27586,1.27556,1.27580,122
SQ:USDCAD,2021-11-26T10:09:00+01:00,1.27580,1.27602,1.27566,1.27587,130
SQ:USDCAD,2021-11-26T10:10:00+01:00,1.27588,1.27588,1.27548,1.27554,106
SQ:USDCAD,2021-11-26T10:11:00+01:00,1.27555,1.27570,1.27514,1.27526,149
SQ:USDCAD,2021-11-26T10:12:00+01:00,1.27526,1.27526,1.27505,1.27517,85
SQ:USDCAD,2021-11-26T10:13:00+01:00,1.27516,1.27516,1.27487,1.27487,127
SQ:USDCAD,2021-11-26T10:14:00+01:00,1.27487,1.27497,1.27473,1.27488,105
SQ:USDCAD,2021-11-26T10:15:00+01:00,1.27488,1.27517,1.27488,1.27510,133
SQ:USDCAD,2021-11-26T10:16:00+01:00,1.27511,1.27532,1.27505,1.27515,105
SQ:USDCAD,2021-11-26T10:17:00+01:00,1.27516,1.27519,1.27480,1.27480,130
SQ:USDCAD,2021-11-26T10:18:00+01:00,1.27480,1.27513,1.27472,1.27511,176
SQ:USDCAD,2021-11-26T10:19:00+01:00,1.27511,1.27521,1.27496,1.27508,140
SQ:USDCAD,2021-11-26T10:20:00+01:00,1.27508,1.27509,1.27465,1.27472,120
SQ:USDCAD,2021-11-26T10:21:00+01:00,1.27471,1.27474,1.27447,1.27465,145
SQ:USDCAD,2021-11-26T10:22:00+01:00,1.27465,1.27476,1.27450,1.27472,140
SQ:USDCAD,2021-11-26T10:23:00+01:00,1.27472,1.27484,1.27444,1.27471,145
SQ:USDCAD,2021-11-26T10:24:00+01:00,1.27473,1.27491,1.27473,1.27490,66
SQ:USDCAD,2021-11-26T10:25:00+01:00,1.27490,1.27502,1.27477,1.27485,126
SQ:USDCAD,2021-11-26T10:26:00+01:00,1.27486,1.27498,1.27467,1.27490,106
SQ:USDCAD,2021-11-26T10:27:00+01:00,1.27490,1.27499,1.27476,1.27491,175
SQ:USDCAD,2021-11-26T10:28:00+01:00,1.27492,1.27544,1.27482,1.27543,123
SQ:USDCAD,2021-11-26T10:29:00+01:00,1.27543,1.27546,1.27488,1.27512,129
SQ:USDCAD,2021-11-26T10:30:00+01:00,1.27511,1.27520,1.27488,1.27516,170
SQ:USDCAD,2021-11-26T10:31:00+01:00,1.27516,1.27552,1.27492,1.27552,165
SQ:USDCAD,2021-11-26T10:32:00+01:00,1.27552,1.27564,1.27533,1.27540,137
SQ:USDCAD,2021-11-26T10:33:00+01:00,1.27540,1.27565,1.27527,1.27554,142
SQ:USDCAD,2021-11-26T10:34:00+01:00,1.27554,1.27600,1.27546,1.27596,124
SQ:USDCAD,2021-11-26T10:35:00+01:00,1.27595,1.27655,1.27594,1.27640,119
SQ:USDCAD,2021-11-26T10:36:00+01:00,1.27640,1.27640,1.27597,1.27632,177
SQ:USDCAD,2021-11-26T10:37:00+01:00,1.27631,1.27631,1.27601,1.27629,166
SQ:USDCAD,2021-11-26T10:38:00+01:00,1.27629,1.27635,1.27582,1.27583,104
SQ:USDCAD,2021-11-26T10:39:00+01:00,1.27583,1.27596,1.27555,1.27555,116
SQ:USDCAD,2021-11-26T10:40:00+01:00,1.27556,1.27589,1.27555,1.27577,118
SQ:USDCAD,2021-11-26T10:41:00+01:00,1.27578,1.27592,1.27572,1.27588,106
SQ:USDCAD,2021-11-26T10:42:00+01:00,1.27585,1.27600,1.27570,1.27591,86
SQ:USDCAD,2021-11-26T10:43:00+01:00,1.27590,1.27634,1.27584,1.27634,114
SQ:USDCAD,2021-11-26T10:44:00+01:00,1.27633,1.27643,1.27615,1.27625,141
SQ:USDCAD,2021-11-26T10:45:00+01:00,1.27622,1.27632,1.27603,1.27610,185
SQ:USDCAD,2021-11-26T10:46:00+01:00,1.27610,1.27635,1.27578,1.27578,87
SQ:USDCAD,2021-11-26T10:47:00+01:00,1.27578,1.27646,1.27568,1.27646,127
SQ:USDCAD,2021-11-26T10:48:00+01:00,1.27645,1.27674,1.27625,1.27661,104
SQ:USDCAD,2021-11-26T10:49:00+01:00,1.27661,1.27671,1.27636,1.27654,91
SQ:USDCAD,2021-11-26T10:50:00+01:00,1.27654,1.27675,1.27647,1.27671,102
SQ:USDCAD,2021-11-26T10:51:00+01:00,1.27670,1.27705,1.27667,1.27693,137
SQ:USDCAD,2021-11-26T10:52:00+01:00,1.27692,1.27692,1.27621,1.27621,147
SQ:USDCAD,2021-11-26T10:53:00+01:00,1.27621,1.27645,1.27618,1.27624,115
SQ:USDCAD,2021-11-26T10:54:00+01:00,1.27625,1.27670,1.27625,1.27666,133
SQ:USDCAD,2021-11-26T10:55:00+01:00,1.27663,1.27671,1.27636,1.27661,110
SQ:USDCAD,2021-11-26T10:56:00+01:00,1.27662,1.27674,1.27641,1.27644,78
SQ:USDCAD,2021-11-26T10:57:00+01:00,1.27645,1.27645,1.27610,1.27621,162
SQ:USDCAD,2021-11-26T10:58:00+01:00,1.27618,1.27626,1.27601,1.27625,142
SQ:USDCAD,2021-11-26T10:59:00+01:00,1.27625,1.27632,1.27606,1.27615,162
SQ:USDCAD,2021-11-26T11:00:00+01:00,1.27616,1.27631,1.27562,1.27565,152
SQ:USDCAD,2021-11-26T11:01:00+01:00,1.27565,1.27585,1.27555,1.27575,212
SQ:USDCAD,2021-11-26T11:02:00+01:00,1.27576,1.27578,1.27541,1.27545,141
SQ:USDCAD,2021-11-26T11:03:00+01:00,1.27544,1.27559,1.27540,1.27555,128
SQ:USDCAD,2021-11-26T11:04:00+01:00,1.27555,1.27556,1.27533,1.27541,115
SQ:USDCAD,2021-11-26T11:05:00+01:00,1.27541,1.27546,1.27524,1.27541,120
SQ:USDCAD,2021-11-26T11:06:00+01:00,1.27540,1.27545,1.27523,1.27530,124
SQ:USDCAD,2021-11-26T11:07:00+01:00,1.27530,1.27545,1.27526,1.27526,166
SQ:USDCAD,2021-11-26T11:08:00+01:00,1.27523,1.27539,1.27512,1.27519,78
SQ:USDCAD,2021-11-26T11:09:00+01:00,1.27519,1.27532,1.27497,1.27500,132
SQ:USDCAD,2021-11-26T11:10:00+01:00,1.27500,1.27500,1.27471,1.27471,125
SQ:USDCAD,2021-11-26T11:11:00+01:00,1.27471,1.27478,1.27463,1.27473,105
SQ:USDCAD,2021-11-26T11:12:00+01:00,1.27474,1.27488,1.27463,1.27471,139
SQ:USDCAD,2021-11-26T11:13:00+01:00,1.27469,1.27469,1.27443,1.27443,87
SQ:USDCAD,2021-11-26T11:14:00+01:00,1.27443,1.27446,1.27433,1.27437,122
SQ:USDCAD,2021-11-26T11:15:00+01:00,1.27437,1.27441,1.27405,1.27415,127
SQ:USDCAD,2021-11-26T11:16:00+01:00,1.27416,1.27441,1.27408,1.27434,118
SQ:USDCAD,2021-11-26T11:17:00+01:00,1.27434,1.27456,1.27429,1.27440,102
SQ:USDCAD,2021-11-26T11:18:00+01:00,1.27439,1.27485,1.27433,1.27485,104
SQ:USDCAD,2021-11-26T11:19:00+01:00,1.27485,1.27487,1.27453,1.27458,47
SQ:USDCAD,2021-11-26T11:20:00+01:00,1.27457,1.27476,1.27447,1.27467,75
SQ:USDCAD,2021-11-26T11:21:00+01:00,1.27467,1.27468,1.27441,1.27458,102
SQ:USDCAD,2021-11-26T11:22:00+01:00,1.27458,1.27462,1.27418,1.27421,84
SQ:USDCAD,2021-11-26T11:23:00+01:00,1.27421,1.27432,1.27418,1.27424,53
SQ:USDCAD,2021-11-26T11:24:00+01:00,1.27424,1.27424,1.27386,1.27386,87
SQ:USDCAD,2021-11-26T11:25:00+01:00,1.27385,1.27409,1.27383,1.27400,80
SQ:USDCAD,2021-11-26T11:26:00+01:00,1.27404,1.27408,1.27375,1.27376,74
SQ:USDCAD,2021-11-26T11:27:00+01:00,1.27377,1.27402,1.27377,1.27382,44
SQ:USDCAD,2021-11-26T11:28:00+01:00,1.27383,1.27385,1.27363,1.27376,96
SQ:USDCAD,2021-11-26T11:29:00+01:00,1.27374,1.27427,1.27374,1.27421,113
SQ:USDCAD,2021-11-26T11:30:00+01:00,1.27423,1.27438,1.27418,1.27434,63
SQ:USDCAD,2021-11-26T11:31:00+01:00,1.27437,1.27443,1.27430,1.27439,51
SQ:USDCAD,2021-11-26T11:32:00+01:00,1.27439,1.27453,1.27423,1.27429,101
SQ:USDCAD,2021-11-26T11:33:00+01:00,1.27429,1.27471,1.27429,1.27468,106
SQ:USDCAD,2021-11-26T11:34:00+01:00,1.27470,1.27471,1.27458,1.27466,44
SQ:USDCAD,2021-11-26T11:35:00+01:00,1.27466,1.27500,1.27465,1.27500,108
SQ:USDCAD,2021-11-26T11:36:00+01:00,1.27500,1.27500,1.27483,1.27494,76
SQ:USDCAD,2021-11-26T11:37:00+01:00,1.27495,1.27512,1.27488,1.27495,123
SQ:USDCAD,2021-11-26T11:38:00+01:00,1.27496,1.27526,1.27489,1.27519,111
SQ:USDCAD,2021-11-26T11:39:00+01:00,1.27519,1.27539,1.27509,1.27535,91
SQ:USDCAD,2021-11-26T11:40:00+01:00,1.27535,1.27539,1.27496,1.27508,104
SQ:USDCAD,2021-11-26T11:41:00+01:00,1.27508,1.27548,1.27508,1.27533,131
SQ:USDCAD,2021-11-26T11:42:00+01:00,1.27532,1.27562,1.27528,1.27561,133
SQ:USDCAD,2021-11-26T11:43:00+01:00,1.27561,1.27571,1.27553,1.27556,100
SQ:USDCAD,2021-11-26T11:44:00+01:00,1.27555,1.27569,1.27554,1.27569,53
SQ:USDCAD,2021-11-26T11:45:00+01:00,1.27569,1.27600,1.27569,1.27600,76
SQ:USDCAD,2021-11-26T11:46:00+01:00,1.27600,1.27602,1.27589,1.27596,54
SQ:USDCAD,2021-11-26T11:47:00+01:00,1.27597,1.27607,1.27585,1.27594,81
SQ:USDCAD,2021-11-26T11:48:00+01:00,1.27594,1.27616,1.27593,1.27601,85
SQ:USDCAD,2021-11-26T11:49:00+01:00,1.27602,1.27615,1.27602,1.27608,91
SQ:USDCAD,2021-11-26T11:50:00+01:00,1.27607,1.27614,1.27573,1.27579,60
SQ:USDCAD,2021-11-26T11:51:00+01:00,1.27580,1.27594,1.27573,1.27575,80
SQ:USDCAD,2021-11-26T11:52:00+01:00,1.27577,1.27636,1.27573,1.27625,179
SQ:USDCAD,2021-11-26T11:53:00+01:00,1.27625,1.27625,1.27594,1.27601,116
SQ:USDCAD,2021-11-26T11:54:00+01:00,1.27600,1.27624,1.27586,1.27586,93
SQ:USDCAD,2021-11-26T11:55:00+01:00,1.27585,1.27608,1.27585,1.27606,91
SQ:USDCAD,2021-11-26T11:56:00+01:00,1.27606,1.27627,1.27600,1.27605,106
SQ:USDCAD,2021-11-26T11:57:00+01:00,1.27604,1.27639,1.27602,1.27622,92
SQ:USDCAD,2021-11-26T11:58:00+01:00,1.27619,1.27622,1.27591,1.27601,92
SQ:USDCAD,2021-11-26T11:59:00+01:00,1.27602,1.27613,1.27592,1.27611,109
SQ:USDCAD,2021-11-26T12:00:00+01:00,1.27612,1.27614,1.27584,1.27606,107
SQ:USDCAD,2021-11-26T12:01:00+01:00,1.27605,1.27620,1.27587,1.27607,129
SQ:USDCAD,2021-11-26T12:02:00+01:00,1.27607,1.27634,1.27594,1.27612,109
SQ:USDCAD,2021-11-26T12:03:00+01:00,1.27611,1.27637,1.27607,1.27630,133
SQ:USDCAD,2021-11-26T12:04:00+01:00,1.27629,1.27638,1.27615,1.27626,89
SQ:USDCAD,2021-11-26T12:05:00+01:00,1.27626,1.27627,1.27603,1.27603,60
SQ:USDCAD,2021-11-26T12:06:00+01:00,1.27603,1.27603,1.27557,1.27564,103
SQ:USDCAD,2021-11-26T12:07:00+01:00,1.27564,1.27578,1.27556,1.27578,137
SQ:USDCAD,2021-11-26T12:08:00+01:00,1.27578,1.27600,1.27564,1.27589,162
SQ:USDCAD,2021-11-26T12:09:00+01:00,1.27590,1.27597,1.27567,1.27575,160
SQ:USDCAD,2021-11-26T12:10:00+01:00,1.27576,1.27588,1.27554,1.27567,75
SQ:USDCAD,2021-11-26T12:11:00+01:00,1.27566,1.27589,1.27562,1.27588,92
SQ:USDCAD,2021-11-26T12:12:00+01:00,1.27589,1.27589,1.27558,1.27586,98
SQ:USDCAD,2021-11-26T12:13:00+01:00,1.27585,1.27591,1.27572,1.27584,92
SQ:USDCAD,2021-11-26T12:14:00+01:00,1.27583,1.27587,1.27563,1.27568,82
SQ:USDCAD,2021-11-26T12:15:00+01:00,1.27568,1.27588,1.27555,1.27586,79
SQ:USDCAD,2021-11-26T12:16:00+01:00,1.27586,1.27598,1.27573,1.27574,74
SQ:USDCAD,2021-11-26T12:17:00+01:00,1.27575,1.27592,1.27573,1.27574,68
SQ:USDCAD,2021-11-26T12:18:00+01:00,1.27573,1.27589,1.27565,1.27584,50
SQ:USDCAD,2021-11-26T12:19:00+01:00,1.27584,1.27605,1.27582,1.27602,67
SQ:USDCAD,2021-11-26T12:20:00+01:00,1.27601,1.27610,1.27580,1.27583,76
SQ:USDCAD,2021-11-26T12:21:00+01:00,1.27583,1.27592,1.27564,1.27566,64
SQ:USDCAD,2021-11-26T12:22:00+01:00,1.27566,1.27567,1.27547,1.27548,32
SQ:USDCAD,2021-11-26T12:23:00+01:00,1.27548,1.27551,1.27534,1.27538,53
SQ:USDCAD,2021-11-26T12:24:00+01:00,1.27538,1.27569,1.27537,1.27569,66
SQ:USDCAD,2021-11-26T12:25:00+01:00,1.27568,1.27568,1.27552,1.27557,65
SQ:USDCAD,2021-11-26T12:26:00+01:00,1.27557,1.27572,1.27553,1.27564,79
SQ:USDCAD,2021-11-26T12:27:00+01:00,1.27563,1.27564,1.27539,1.27558,88
SQ:USDCAD,2021-11-26T12:28:00+01:00,1.27558,1.27576,1.27554,1.27559,69
SQ:USDCAD,2021-11-26T12:29:00+01:00,1.27560,1.27581,1.27556,1.27581,87
SQ:USDCAD,2021-11-26T12:30:00+01:00,1.27581,1.27597,1.27577,1.27579,51
SQ:USDCAD,2021-11-26T12:31:00+01:00,1.27579,1.27590,1.27563,1.27569,87
SQ:USDCAD,2021-11-26T12:32:00+01:00,1.27570,1.27602,1.27566,1.27599,72
SQ:USDCAD,2021-11-26T12:33:00+01:00,1.27600,1.27636,1.27598,1.27624,69
SQ:USDCAD,2021-11-26T12:34:00+01:00,1.27624,1.27631,1.27622,1.27624,62
SQ:USDCAD,2021-11-26T12:35:00+01:00,1.27624,1.27637,1.27613,1.27617,73
SQ:USDCAD,2021-11-26T12:36:00+01:00,1.27617,1.27618,1.27599,1.27611,85
SQ:USDCAD,2021-11-26T12:37:00+01:00,1.27611,1.27636,1.27608,1.27616,104
SQ:USDCAD,2021-11-26T12:38:00+01:00,1.27617,1.27632,1.27614,1.27617,117
SQ:USDCAD,2021-11-26T12:39:00+01:00,1.27615,1.27623,1.27602,1.27608,89
SQ:USDCAD,2021-11-26T12:40:00+01:00,1.27609,1.27640,1.27609,1.27625,82
SQ:USDCAD,2021-11-26T12:41:00+01:00,1.27624,1.27629,1.27594,1.27605,66
SQ:USDCAD,2021-11-26T12:42:00+01:00,1.27605,1.27605,1.27583,1.27583,70
SQ:USDCAD,2021-11-26T12:43:00+01:00,1.27583,1.27608,1.27577,1.27600,76
SQ:USDCAD,2021-11-26T12:44:00+01:00,1.27600,1.27600,1.27579,1.27588,97
SQ:USDCAD,2021-11-26T12:45:00+01:00,1.27589,1.27600,1.27578,1.27593,64
SQ:USDCAD,2021-11-26T12:46:00+01:00,1.27593,1.27593,1.27560,1.27572,43
SQ:USDCAD,2021-11-26T12:47:00+01:00,1.27572,1.27607,1.27570,1.27606,78
SQ:USDCAD,2021-11-26T12:48:00+01:00,1.27604,1.27606,1.27589,1.27598,47
SQ:USDCAD,2021-11-26T12:49:00+01:00,1.27598,1.27617,1.27588,1.27617,41
SQ:USDCAD,2021-11-26T12:50:00+01:00,1.27613,1.27633,1.27613,1.27633,76
SQ:USDCAD,2021-11-26T12:51:00+01:00,1.27632,1.27639,1.27618,1.27623,82
SQ:USDCAD,2021-11-26T12:52:00+01:00,1.27623,1.27628,1.27613,1.27622,51
SQ:USDCAD,2021-11-26T12:53:00+01:00,1.27622,1.27649,1.27622,1.27644,41
SQ:USDCAD,2021-11-26T12:54:00+01:00,1.27644,1.27656,1.27629,1.27629,42
SQ:USDCAD,2021-11-26T12:55:00+01:00,1.27628,1.27658,1.27622,1.27658,53
SQ:USDCAD,2021-11-26T12:56:00+01:00,1.27659,1.27666,1.27658,1.27666,52
SQ:USDCAD,2021-11-26T12:57:00+01:00,1.27666,1.27679,1.27663,1.27663,38
SQ:USDCAD,2021-11-26T12:58:00+01:00,1.27663,1.27673,1.27647,1.27670,46
SQ:USDCAD,2021-11-26T12:59:00+01:00,1.27670,1.27681,1.27651,1.27664,96
SQ:USDCAD,2021-11-26T13:00:00+01:00,1.27664,1.27673,1.27645,1.27658,90
SQ:USDCAD,2021-11-26T13:01:00+01:00,1.27658,1.27662,1.27643,1.27643,47
SQ:USDCAD,2021-11-26T13:02:00+01:00,1.27643,1.27644,1.27633,1.27638,66
SQ:USDCAD,2021-11-26T13:03:00+01:00,1.27639,1.27644,1.27618,1.27642,78
SQ:USDCAD,2021-11-26T13:04:00+01:00,1.27642,1.27644,1.27614,1.27622,66
SQ:USDCAD,2021-11-26T13:05:00+01:00,1.27621,1.27650,1.27619,1.27646,53
SQ:USDCAD,2021-11-26T13:06:00+01:00,1.27646,1.27648,1.27642,1.27646,25
SQ:USDCAD,2021-11-26T13:07:00+01:00,1.27646,1.27647,1.27616,1.27622,85
SQ:USDCAD,2021-11-26T13:08:00+01:00,1.27622,1.27632,1.27606,1.27627,65
SQ:USDCAD,2021-11-26T13:09:00+01:00,1.27626,1.27648,1.27616,1.27640,63
SQ:USDCAD,2021-11-26T13:10:00+01:00,1.27643,1.27663,1.27643,1.27656,82
SQ:USDCAD,2021-11-26T13:11:00+01:00,1.27658,1.27660,1.27647,1.27654,69
SQ:USDCAD,2021-11-26T13:12:00+01:00,1.27651,1.27651,1.27611,1.27626,79
SQ:USDCAD,2021-11-26T13:13:00+01:00,1.27624,1.27648,1.27618,1.27644,65
SQ:USDCAD,2021-11-26T13:14:00+01:00,1.27643,1.27664,1.27640,1.27663,36
SQ:USDCAD,2021-11-26T13:15:00+01:00,1.27662,1.27669,1.27645,1.27667,82
SQ:USDCAD,2021-11-26T13:16:00+01:00,1.27667,1.27689,1.27667,1.27677,76
SQ:USDCAD,2021-11-26T13:17:00+01:00,1.27677,1.27684,1.27657,1.27669,102
SQ:USDCAD,2021-11-26T13:18:00+01:00,1.27669,1.27669,1.27643,1.27644,69
SQ:USDCAD,2021-11-26T13:19:00+01:00,1.27643,1.27661,1.27638,1.27659,67
SQ:USDCAD,2021-11-26T13:20:00+01:00,1.27661,1.27669,1.27658,1.27662,74
SQ:USDCAD,2021-11-26T13:21:00+01:00,1.27662,1.27667,1.27656,1.27661,55
SQ:USDCAD,2021-11-26T13:22:00+01:00,1.27662,1.27662,1.27643,1.27646,42
SQ:USDCAD,2021-11-26T13:23:00+01:00,1.27646,1.27654,1.27638,1.27642,60
SQ:USDCAD,2021-11-26T13:24:00+01:00,1.27637,1.27641,1.27628,1.27630,56
SQ:USDCAD,2021-11-26T13:25:00+01:00,1.27631,1.27641,1.27613,1.27622,79
SQ:USDCAD,2021-11-26T13:26:00+01:00,1.27620,1.27625,1.27614,1.27624,61
SQ:USDCAD,2021-11-26T13:27:00+01:00,1.27623,1.27634,1.27622,1.27629,35
SQ:USDCAD,2021-11-26T13:28:00+01:00,1.27629,1.27645,1.27629,1.27641,40
SQ:USDCAD,2021-11-26T13:29:00+01:00,1.27639,1.27640,1.27620,1.27625,43
SQ:USDCAD,2021-11-26T13:30:00+01:00,1.27624,1.27636,1.27622,1.27622,38
SQ:USDCAD,2021-11-26T13:31:00+01:00,1.27622,1.27627,1.27595,1.27597,64
SQ:USDCAD,2021-11-26T13:32:00+01:00,1.27597,1.27601,1.27583,1.27585,63
SQ:USDCAD,2021-11-26T13:33:00+01:00,1.27585,1.27585,1.27555,1.27557,40
SQ:USDCAD,2021-11-26T13:34:00+01:00,1.27557,1.27590,1.27554,1.27590,75
SQ:USDCAD,2021-11-26T13:35:00+01:00,1.27591,1.27593,1.27564,1.27564,64
SQ:USDCAD,2021-11-26T13:36:00+01:00,1.27564,1.27565,1.27544,1.27552,101
SQ:USDCAD,2021-11-26T13:37:00+01:00,1.27552,1.27568,1.27541,1.27541,57
SQ:USDCAD,2021-11-26T13:38:00+01:00,1.27542,1.27551,1.27539,1.27547,46
SQ:USDCAD,2021-11-26T13:39:00+01:00,1.27545,1.27547,1.27510,1.27523,90
SQ:USDCAD,2021-11-26T13:40:00+01:00,1.27522,1.27551,1.27519,1.27548,94
SQ:USDCAD,2021-11-26T13:41:00+01:00,1.27549,1.27561,1.27537,1.27538,84
SQ:USDCAD,2021-11-26T13:42:00+01:00,1.27539,1.27547,1.27533,1.27533,48
SQ:USDCAD,2021-11-26T13:43:00+01:00,1.27533,1.27533,1.27513,1.27513,16
SQ:USDCAD,2021-11-26T13:44:00+01:00,1.27515,1.27515,1.27487,1.27487,39
SQ:USDCAD,2021-11-26T13:45:00+01:00,1.27487,1.27491,1.27464,1.27464,49
SQ:USDCAD,2021-11-26T13:46:00+01:00,1.27464,1.27464,1.27416,1.27419,66
SQ:USDCAD,2021-11-26T13:47:00+01:00,1.27419,1.27434,1.27415,1.27415,59
SQ:USDCAD,2021-11-26T13:48:00+01:00,1.27414,1.27434,1.27413,1.27430,66
SQ:USDCAD,2021-11-26T13:49:00+01:00,1.27430,1.27431,1.27411,1.27417,51
SQ:USDCAD,2021-11-26T13:50:00+01:00,1.27418,1.27431,1.27399,1.27400,58
SQ:USDCAD,2021-11-26T13:51:00+01:00,1.27400,1.27408,1.27391,1.27408,60
SQ:USDCAD,2021-11-26T13:52:00+01:00,1.27409,1.27432,1.27402,1.27424,91
SQ:USDCAD,2021-11-26T13:53:00+01:00,1.27425,1.27447,1.27425,1.27442,68
SQ:USDCAD,2021-11-26T13:54:00+01:00,1.27441,1.27466,1.27441,1.27463,73
SQ:USDCAD,2021-11-26T13:55:00+01:00,1.27462,1.27474,1.27451,1.27451,55
SQ:USDCAD,2021-11-26T13:56:00+01:00,1.27453,1.27466,1.27452,1.27459,55
SQ:USDCAD,2021-11-26T13:57:00+01:00,1.27460,1.27474,1.27457,1.27469,49
SQ:USDCAD,2021-11-26T13:58:00+01:00,1.27470,1.27490,1.27456,1.27484,77
SQ:USDCAD,2021-11-26T13:59:00+01:00,1.27483,1.27494,1.27478,1.27491,37
SQ:USDCAD,2021-11-26T14:00:00+01:00,1.27492,1.27523,1.27484,1.27485,110
SQ:USDCAD,2021-11-26T14:01:00+01:00,1.27485,1.27513,1.27485,1.27501,77
SQ:USDCAD,2021-11-26T14:02:00+01:00,1.27501,1.27547,1.27501,1.27543,110
SQ:USDCAD,2021-11-26T14:03:00+01:00,1.27542,1.27548,1.27521,1.27540,101
SQ:USDCAD,2021-11-26T14:04:00+01:00,1.27539,1.27545,1.27515,1.27517,72
SQ:USDCAD,2021-11-26T14:05:00+01:00,1.27517,1.27527,1.27493,1.27511,101
SQ:USDCAD,2021-11-26T14:06:00+01:00,1.27513,1.27517,1.27494,1.27496,120
SQ:USDCAD,2021-11-26T14:07:00+01:00,1.27495,1.27500,1.27471,1.27474,88
SQ:USDCAD,2021-11-26T14:08:00+01:00,1.27475,1.27503,1.27471,1.27502,118
SQ:USDCAD,2021-11-26T14:09:00+01:00,1.27504,1.27514,1.27488,1.27498,95
SQ:USDCAD,2021-11-26T14:10:00+01:00,1.27498,1.27520,1.27485,1.27507,84
SQ:USDCAD,2021-11-26T14:11:00+01:00,1.27508,1.27517,1.27484,1.27491,96
SQ:USDCAD,2021-11-26T14:12:00+01:00,1.27490,1.27492,1.27457,1.27460,88
SQ:USDCAD,2021-11-26T14:13:00+01:00,1.27462,1.27507,1.27461,1.27507,68
SQ:USDCAD,2021-11-26T14:14:00+01:00,1.27503,1.27506,1.27483,1.27487,82
SQ:USDCAD,2021-11-26T14:15:00+01:00,1.27483,1.27530,1.27480,1.27522,95
SQ:USDCAD,2021-11-26T14:16:00+01:00,1.27522,1.27557,1.27522,1.27557,92
SQ:USDCAD,2021-11-26T14:17:00+01:00,1.27557,1.27581,1.27554,1.27579,66
SQ:USDCAD,2021-11-26T14:18:00+01:00,1.27578,1.27587,1.27560,1.27581,82
SQ:USDCAD,2021-11-26T14:19:00+01:00,1.27582,1.27594,1.27568,1.27591,55
SQ:USDCAD,2021-11-26T14:20:00+01:00,1.27593,1.27615,1.27593,1.27601,55
SQ:USDCAD,2021-11-26T14:21:00+01:00,1.27601,1.27605,1.27569,1.27570,103
SQ:USDCAD,2021-11-26T14:22:00+01:00,1.27570,1.27598,1.27548,1.27548,124
SQ:USDCAD,2021-11-26T14:23:00+01:00,1.27548,1.27564,1.27547,1.27562,82
SQ:USDCAD,2021-11-26T14:24:00+01:00,1.27561,1.27579,1.27553,1.27563,93
SQ:USDCAD,2021-11-26T14:25:00+01:00,1.27563,1.27601,1.27563,1.27593,154
SQ:USDCAD,2021-11-26T14:26:00+01:00,1.27595,1.27615,1.27580,1.27596,131
SQ:USDCAD,2021-11-26T14:27:00+01:00,1.27595,1.27621,1.27593,1.27615,118
SQ:USDCAD,2021-11-26T14:28:00+01:00,1.27617,1.27643,1.27616,1.27631,98
SQ:USDCAD,2021-11-26T14:29:00+01:00,1.27632,1.27636,1.27606,1.27626,132
SQ:USDCAD,2021-11-26T14:30:00+01:00,1.27625,1.27641,1.27605,1.27619,126
SQ:USDCAD,2021-11-26T14:31:00+01:00,1.27619,1.27626,1.27586,1.27586,86
SQ:USDCAD,2021-11-26T14:32:00+01:00,1.27587,1.27597,1.27577,1.27582,102
SQ:USDCAD,2021-11-26T14:33:00+01:00,1.27582,1.27598,1.27578,1.27596,80
SQ:USDCAD,2021-11-26T14:34:00+01:00,1.27597,1.27613,1.27582,1.27595,93
SQ:USDCAD,2021-11-26T14:35:00+01:00,1.27596,1.27597,1.27565,1.27572,71
SQ:USDCAD,2021-11-26T14:36:00+01:00,1.27573,1.27585,1.27531,1.27531,80
SQ:USDCAD,2021-11-26T14:37:00+01:00,1.27530,1.27542,1.27523,1.27523,67
SQ:USDCAD,2021-11-26T14:38:00+01:00,1.27523,1.27533,1.27522,1.27531,58
SQ:USDCAD,2021-11-26T14:39:00+01:00,1.27531,1.27531,1.27504,1.27507,36
SQ:USDCAD,2021-11-26T14:40:00+01:00,1.27508,1.27555,1.27504,1.27549,77
SQ:USDCAD,2021-11-26T14:41:00+01:00,1.27549,1.27563,1.27542,1.27547,56
SQ:USDCAD,2021-11-26T14:42:00+01:00,1.27548,1.27559,1.27541,1.27554,34
SQ:USDCAD,2021-11-26T14:43:00+01:00,1.27555,1.27563,1.27546,1.27559,97
SQ:USDCAD,2021-11-26T14:44:00+01:00,1.27557,1.27580,1.27551,1.27578,66
SQ:USDCAD,2021-11-26T14:45:00+01:00,1.27579,1.27581,1.27555,1.27576,76
SQ:USDCAD,2021-11-26T14:46:00+01:00,1.27575,1.27578,1.27567,1.27575,30
SQ:USDCAD,2021-11-26T14:47:00+01:00,1.27574,1.27580,1.27564,1.27568,43
SQ:USDCAD,2021-11-26T14:48:00+01:00,1.27571,1.27601,1.27571,1.27598,52
SQ:USDCAD,2021-11-26T14:49:00+01:00,1.27595,1.27595,1.27577,1.27581,72
SQ:USDCAD,2021-11-26T14:50:00+01:00,1.27582,1.27606,1.27581,1.27601,76
SQ:USDCAD,2021-11-26T14:51:00+01:00,1.27603,1.27616,1.27593,1.27595,65
SQ:USDCAD,2021-11-26T14:52:00+01:00,1.27595,1.27605,1.27578,1.27579,59
SQ:USDCAD,2021-11-26T14:53:00+01:00,1.27584,1.27610,1.27584,1.27591,60
SQ:USDCAD,2021-11-26T14:54:00+01:00,1.27586,1.27647,1.27585,1.27647,75
SQ:USDCAD,2021-11-26T14:55:00+01:00,1.27654,1.27673,1.27636,1.27638,109
SQ:USDCAD,2021-11-26T14:56:00+01:00,1.27639,1.27649,1.27628,1.27647,89
SQ:USDCAD,2021-11-26T14:57:00+01:00,1.27650,1.27677,1.27647,1.27673,83
SQ:USDCAD,2021-11-26T14:58:00+01:00,1.27674,1.27686,1.27666,1.27675,48
SQ:USDCAD,2021-11-26T14:59:00+01:00,1.27675,1.27690,1.27669,1.27679,62
SQ:USDCAD,2021-11-26T15:00:00+01:00,1.27680,1.27692,1.27675,1.27688,87
SQ:USDCAD,2021-11-26T15:01:00+01:00,1.27688,1.27698,1.27664,1.27669,108
SQ:USDCAD,2021-11-26T15:02:00+01:00,1.27673,1.27687,1.27671,1.27679,70
SQ:USDCAD,2021-11-26T15:03:00+01:00,1.27680,1.27692,1.27668,1.27686,93
SQ:USDCAD,2021-11-26T15:04:00+01:00,1.27687,1.27716,1.27678,1.27704,95
SQ:USDCAD,2021-11-26T15:05:00+01:00,1.27704,1.27707,1.27681,1.27686,108
SQ:USDCAD,2021-11-26T15:06:00+01:00,1.27687,1.27705,1.27684,1.27699,89
SQ:USDCAD,2021-11-26T15:07:00+01:00,1.27701,1.27715,1.27686,1.27715,55
SQ:USDCAD,2021-11-26T15:08:00+01:00,1.27715,1.27717,1.27699,1.27710,83
SQ:USDCAD,2021-11-26T15:09:00+01:00,1.27711,1.27729,1.27701,1.27702,48
SQ:USDCAD,2021-11-26T15:10:00+01:00,1.27703,1.27703,1.27666,1.27666,74
SQ:USDCAD,2021-11-26T15:11:00+01:00,1.27666,1.27696,1.27661,1.27677,88
SQ:USDCAD,2021-11-26T15:12:00+01:00,1.27677,1.27684,1.27670,1.27678,60
SQ:USDCAD,2021-11-26T15:13:00+01:00,1.27679,1.27692,1.27667,1.27670,74
SQ:USDCAD,2021-11-26T15:14:00+01:00,1.27668,1.27680,1.27662,1.27680,108
SQ:USDCAD,2021-11-26T15:15:00+01:00,1.27681,1.27695,1.27677,1.27694,59
SQ:USDCAD,2021-11-26T15:16:00+01:00,1.27693,1.27724,1.27692,1.27719,104
SQ:USDCAD,2021-11-26T15:17:00+01:00,1.27719,1.27766,1.27719,1.27756,54
SQ:USDCAD,2021-11-26T15:18:00+01:00,1.27756,1.27756,1.27726,1.27726,52
SQ:USDCAD,2021-11-26T15:19:00+01:00,1.27725,1.27771,1.27725,1.27756,64
SQ:USDCAD,2021-11-26T15:20:00+01:00,1.27757,1.27765,1.27748,1.27748,55
SQ:USDCAD,2021-11-26T15:21:00+01:00,1.27748,1.27785,1.27747,1.27782,70
SQ:USDCAD,2021-11-26T15:22:00+01:00,1.27783,1.27784,1.27756,1.27778,61
SQ:USDCAD,2021-11-26T15:23:00+01:00,1.27777,1.27791,1.27775,1.27791,40
SQ:USDCAD,2021-11-26T15:24:00+01:00,1.27792,1.27798,1.27765,1.27768,67
SQ:USDCAD,2021-11-26T15:25:00+01:00,1.27769,1.27772,1.27731,1.27736,116
SQ:USDCAD,2021-11-26T15:26:00+01:00,1.27736,1.27747,1.27726,1.27737,111
SQ:USDCAD,2021-11-26T15:27:00+01:00,1.27736,1.27761,1.27736,1.27739,95
SQ:USDCAD,2021-11-26T15:28:00+01:00,1.27738,1.27749,1.27721,1.27728,138
SQ:USDCAD,2021-11-26T15:29:00+01:00,1.27729,1.27731,1.27690,1.27699,122
SQ:USDCAD,2021-11-26T15:30:00+01:00,1.27699,1.27707,1.27675,1.27692,224
SQ:USDCAD,2021-11-26T15:31:00+01:00,1.27692,1.27716,1.27684,1.27711,149
SQ:USDCAD,2021-11-26T15:32:00+01:00,1.27711,1.27740,1.27705,1.27710,174
SQ:USDCAD,2021-11-26T15:33:00+01:00,1.27711,1.27752,1.27699,1.27699,207
SQ:USDCAD,2021-11-26T15:34:00+01:00,1.27699,1.27708,1.27683,1.27684,76
SQ:USDCAD,2021-11-26T15:35:00+01:00,1.27685,1.27689,1.27655,1.27679,146
SQ:USDCAD,2021-11-26T15:36:00+01:00,1.27681,1.27719,1.27675,1.27703,97
SQ:USDCAD,2021-11-26T15:37:00+01:00,1.27700,1.27713,1.27666,1.27712,181
SQ:USDCAD,2021-11-26T15:38:00+01:00,1.27713,1.27714,1.27696,1.27708,135
SQ:USDCAD,2021-11-26T15:39:00+01:00,1.27709,1.27718,1.27685,1.27689,117
SQ:USDCAD,2021-11-26T15:40:00+01:00,1.27688,1.27742,1.27688,1.27742,137
SQ:USDCAD,2021-11-26T15:41:00+01:00,1.27743,1.27752,1.27730,1.27743,219
SQ:USDCAD,2021-11-26T15:42:00+01:00,1.27743,1.27813,1.27743,1.27808,176
SQ:USDCAD,2021-11-26T15:43:00+01:00,1.27807,1.27833,1.27797,1.27820,105
SQ:USDCAD,2021-11-26T15:44:00+01:00,1.27819,1.27819,1.27773,1.27794,115
SQ:USDCAD,2021-11-26T15:45:00+01:00,1.27795,1.27820,1.27790,1.27809,88
SQ:USDCAD,2021-11-26T15:46:00+01:00,1.27809,1.27823,1.27798,1.27819,83
SQ:USDCAD,2021-11-26T15:47:00+01:00,1.27819,1.27877,1.27811,1.27868,137
SQ:USDCAD,2021-11-26T15:48:00+01:00,1.27868,1.27889,1.27857,1.27889,124
SQ:USDCAD,2021-11-26T15:49:00+01:00,1.27890,1.27898,1.27875,1.27883,103
SQ:USDCAD,2021-11-26T15:50:00+01:00,1.27885,1.27902,1.27864,1.27870,96
SQ:USDCAD,2021-11-26T15:51:00+01:00,1.27875,1.27891,1.27866,1.27875,143
SQ:USDCAD,2021-11-26T15:52:00+01:00,1.27875,1.27910,1.27868,1.27905,155
SQ:USDCAD,2021-11-26T15:53:00+01:00,1.27904,1.27926,1.27895,1.27908,111
SQ:USDCAD,2021-11-26T15:54:00+01:00,1.27908,1.27928,1.27899,1.27908,111
SQ:USDCAD,2021-11-26T15:55:00+01:00,1.27908,1.27917,1.27838,1.27845,185
SQ:USDCAD,2021-11-26T15:56:00+01:00,1.27846,1.27846,1.27783,1.27802,182
SQ:USDCAD,2021-11-26T15:57:00+01:00,1.27801,1.27801,1.27729,1.27747,168
SQ:USDCAD,2021-11-26T15:58:00+01:00,1.27748,1.27756,1.27713,1.27719,182
SQ:USDCAD,2021-11-26T15:59:00+01:00,1.27719,1.27725,1.27694,1.27711,135
SQ:USDCAD,2021-11-26T16:00:00+01:00,1.27711,1.27744,1.27705,1.27744,107
SQ:USDCAD,2021-11-26T16:01:00+01:00,1.27744,1.27754,1.27725,1.27729,85
SQ:USDCAD,2021-11-26T16:02:00+01:00,1.27734,1.27735,1.27722,1.27722,96
SQ:USDCAD,2021-11-26T16:03:00+01:00,1.27722,1.27743,1.27722,1.27733,111
SQ:USDCAD,2021-11-26T16:04:00+01:00,1.27733,1.27755,1.27711,1.27754,122
SQ:USDCAD,2021-11-26T16:05:00+01:00,1.27753,1.27799,1.27742,1.27784,198
SQ:USDCAD,2021-11-26T16:06:00+01:00,1.27784,1.27786,1.27750,1.27765,138
SQ:USDCAD,2021-11-26T16:07:00+01:00,1.27764,1.27764,1.27741,1.27749,127
SQ:USDCAD,2021-11-26T16:08:00+01:00,1.27751,1.27801,1.27742,1.27795,116
SQ:USDCAD,2021-11-26T16:09:00+01:00,1.27795,1.27826,1.27781,1.27825,152
SQ:USDCAD,2021-11-26T16:10:00+01:00,1.27825,1.27841,1.27818,1.27830,110
SQ:USDCAD,2021-11-26T16:11:00+01:00,1.27829,1.27889,1.27816,1.27887,154
SQ:USDCAD,2021-11-26T16:12:00+01:00,1.27887,1.27918,1.27886,1.27914,121
SQ:USDCAD,2021-11-26T16:13:00+01:00,1.27916,1.27938,1.27881,1.27938,124
SQ:USDCAD,2021-11-26T16:14:00+01:00,1.27937,1.27939,1.27878,1.27889,154
SQ:USDCAD,2021-11-26T16:15:00+01:00,1.27889,1.27900,1.27861,1.27883,136
SQ:USDCAD,2021-11-26T16:16:00+01:00,1.27883,1.27908,1.27869,1.27882,154
SQ:USDCAD,2021-11-26T16:17:00+01:00,1.27880,1.27913,1.27870,1.27907,191
SQ:USDCAD,2021-11-26T16:18:00+01:00,1.27908,1.27933,1.27894,1.27894,130
SQ:USDCAD,2021-11-26T16:19:00+01:00,1.27894,1.27920,1.27880,1.27907,160
SQ:USDCAD,2021-11-26T16:20:00+01:00,1.27907,1.27910,1.27852,1.27852,170
SQ:USDCAD,2021-11-26T16:21:00+01:00,1.27851,1.27864,1.27828,1.27856,161
SQ:USDCAD,2021-11-26T16:22:00+01:00,1.27857,1.27864,1.27844,1.27854,87
SQ:USDCAD,2021-11-26T16:23:00+01:00,1.27853,1.27861,1.27830,1.27830,56
SQ:USDCAD,2021-11-26T16:24:00+01:00,1.27830,1.27834,1.27805,1.27817,117
SQ:USDCAD,2021-11-26T16:25:00+01:00,1.27817,1.27865,1.27817,1.27857,109
SQ:USDCAD,2021-11-26T16:26:00+01:00,1.27857,1.27862,1.27838,1.27849,89
SQ:USDCAD,2021-11-26T16:27:00+01:00,1.27850,1.27861,1.27796,1.27805,127
SQ:USDCAD,2021-11-26T16:28:00+01:00,1.27807,1.27816,1.27756,1.27756,105
SQ:USDCAD,2021-11-26T16:29:00+01:00,1.27757,1.27804,1.27757,1.27789,106
SQ:USDCAD,2021-11-26T16:30:00+01:00,1.27789,1.27792,1.27759,1.27768,96
SQ:USDCAD,2021-11-26T16:31:00+01:00,1.27767,1.27816,1.27766,1.27814,71
SQ:USDCAD,2021-11-26T16:32:00+01:00,1.27814,1.27865,1.27805,1.27865,114
SQ:USDCAD,2021-11-26T16:33:00+01:00,1.27865,1.27868,1.27801,1.27812,136
SQ:USDCAD,2021-11-26T16:34:00+01:00,1.27811,1.27883,1.27807,1.27872,145
SQ:USDCAD,2021-11-26T16:35:00+01:00,1.27870,1.27875,1.27841,1.27847,173
SQ:USDCAD,2021-11-26T16:36:00+01:00,1.27847,1.27881,1.27834,1.27874,116
SQ:USDCAD,2021-11-26T16:37:00+01:00,1.27874,1.27895,1.27864,1.27865,118
SQ:USDCAD,2021-11-26T16:38:00+01:00,1.27866,1.27867,1.27838,1.27857,120
SQ:USDCAD,2021-11-26T16:39:00+01:00,1.27857,1.27892,1.27848,1.27890,96
SQ:USDCAD,2021-11-26T16:40:00+01:00,1.27890,1.27892,1.27849,1.27886,132
SQ:USDCAD,2021-11-26T16:41:00+01:00,1.27886,1.27940,1.27882,1.27939,131
SQ:USDCAD,2021-11-26T16:42:00+01:00,1.27938,1.27941,1.27899,1.27939,147
SQ:USDCAD,2021-11-26T16:43:00+01:00,1.27939,1.27939,1.27900,1.27905,145
SQ:USDCAD,2021-11-26T16:44:00+01:00,1.27905,1.27923,1.27890,1.27922,90
SQ:USDCAD,2021-11-26T16:45:00+01:00,1.27922,1.27944,1.27922,1.27943,103
SQ:USDCAD,2021-11-26T16:46:00+01:00,1.27943,1.27962,1.27914,1.27930,130
SQ:USDCAD,2021-11-26T16:47:00+01:00,1.27930,1.27977,1.27928,1.27947,114
SQ:USDCAD,2021-11-26T16:48:00+01:00,1.27947,1.27967,1.27933,1.27962,115
SQ:USDCAD,2021-11-26T16:49:00+01:00,1.27961,1.27964,1.27907,1.27910,113
SQ:USDCAD,2021-11-26T16:50:00+01:00,1.27913,1.27951,1.27894,1.27951,166
SQ:USDCAD,2021-11-26T16:51:00+01:00,1.27951,1.27970,1.27939,1.27967,100
SQ:USDCAD,2021-11-26T16:52:00+01:00,1.27966,1.27971,1.27898,1.27898,141
SQ:USDCAD,2021-11-26T16:53:00+01:00,1.27899,1.27947,1.27892,1.27925,114
SQ:USDCAD,2021-11-26T16:54:00+01:00,1.27925,1.27968,1.27925,1.27958,134
SQ:USDCAD,2021-11-26T16:55:00+01:00,1.27958,1.27963,1.27924,1.27947,139
SQ:USDCAD,2021-11-26T16:56:00+01:00,1.27944,1.27944,1.27888,1.27891,199
SQ:USDCAD,2021-11-26T16:57:00+01:00,1.27892,1.27904,1.27824,1.27843,224
SQ:USDCAD,2021-11-26T16:58:00+01:00,1.27843,1.27884,1.27840,1.27874,220
SQ:USDCAD,2021-11-26T16:59:00+01:00,1.27875,1.27900,1.27856,1.27892,194
SQ:USDCAD,2021-11-26T17:00:00+01:00,1.27890,1.27928,1.27868,1.27913,219
SQ:USDCAD,2021-11-26T17:01:00+01:00,1.27913,1.27913,1.27874,1.27886,182
SQ:USDCAD,2021-11-26T17:02:00+01:00,1.27886,1.27907,1.27865,1.27904,169
SQ:USDCAD,2021-11-26T17:03:00+01:00,1.27904,1.27945,1.27896,1.27921,136
SQ:USDCAD,2021-11-26T17:04:00+01:00,1.27921,1.27923,1.27902,1.27906,79
SQ:USDCAD,2021-11-26T17:05:00+01:00,1.27906,1.27912,1.27838,1.27852,183
SQ:USDCAD,2021-11-26T17:06:00+01:00,1.27852,1.27873,1.27837,1.27846,159
SQ:USDCAD,2021-11-26T17:07:00+01:00,1.27845,1.27856,1.27822,1.27844,99
SQ:USDCAD,2021-11-26T17:08:00+01:00,1.27843,1.27875,1.27796,1.27808,117
SQ:USDCAD,2021-11-26T17:09:00+01:00,1.27808,1.27843,1.27806,1.27833,112
SQ:USDCAD,2021-11-26T17:10:00+01:00,1.27835,1.27897,1.27820,1.27897,129
SQ:USDCAD,2021-11-26T17:11:00+01:00,1.27899,1.27899,1.27873,1.27881,76
SQ:USDCAD,2021-11-26T17:12:00+01:00,1.27880,1.27913,1.27872,1.27895,80
SQ:USDCAD,2021-11-26T17:13:00+01:00,1.27892,1.27912,1.27876,1.27911,46
SQ:USDCAD,2021-11-26T17:14:00+01:00,1.27911,1.27925,1.27898,1.27925,74
SQ:USDCAD,2021-11-26T17:15:00+01:00,1.27922,1.27929,1.27912,1.27914,87
SQ:USDCAD,2021-11-26T17:16:00+01:00,1.27913,1.27924,1.27904,1.27917,75
SQ:USDCAD,2021-11-26T17:17:00+01:00,1.27917,1.27930,1.27916,1.27922,51
SQ:USDCAD,2021-11-26T17:18:00+01:00,1.27921,1.27928,1.27905,1.27923,68
SQ:USDCAD,2021-11-26T17:19:00+01:00,1.27924,1.27924,1.27892,1.27892,65
SQ:USDCAD,2021-11-26T17:20:00+01:00,1.27893,1.27906,1.27875,1.27904,95
SQ:USDCAD,2021-11-26T17:21:00+01:00,1.27904,1.27908,1.27884,1.27885,53
SQ:USDCAD,2021-11-26T17:22:00+01:00,1.27884,1.27893,1.27878,1.27888,55
SQ:USDCAD,2021-11-26T17:23:00+01:00,1.27889,1.27889,1.27864,1.27864,38
SQ:USDCAD,2021-11-26T17:24:00+01:00,1.27864,1.27864,1.27833,1.27847,58
SQ:USDCAD,2021-11-26T17:25:00+01:00,1.27847,1.27850,1.27831,1.27831,57
SQ:USDCAD,2021-11-26T17:26:00+01:00,1.27831,1.27870,1.27824,1.27866,70
SQ:USDCAD,2021-11-26T17:27:00+01:00,1.27866,1.27882,1.27865,1.27878,67
SQ:USDCAD,2021-11-26T17:28:00+01:00,1.27878,1.27888,1.27854,1.27886,67
SQ:USDCAD,2021-11-26T17:29:00+01:00,1.27886,1.27891,1.27850,1.27860,94
SQ:USDCAD,2021-11-26T17:30:00+01:00,1.27861,1.27882,1.27854,1.27856,81
SQ:USDCAD,2021-11-26T17:31:00+01:00,1.27856,1.27868,1.27843,1.27849,99
SQ:USDCAD,2021-11-26T17:32:00+01:00,1.27850,1.27850,1.27816,1.27826,72
SQ:USDCAD,2021-11-26T17:33:00+01:00,1.27826,1.27852,1.27817,1.27848,98
SQ:USDCAD,2021-11-26T17:34:00+01:00,1.27847,1.27847,1.27814,1.27815,111
SQ:USDCAD,2021-11-26T17:35:00+01:00,1.27815,1.27823,1.27797,1.27808,125
SQ:USDCAD,2021-11-26T17:36:00+01:00,1.27808,1.27813,1.27800,1.27812,92
SQ:USDCAD,2021-11-26T17:37:00+01:00,1.27811,1.27818,1.27800,1.27816,108
SQ:USDCAD,2021-11-26T17:38:00+01:00,1.27816,1.27824,1.27795,1.27811,103
SQ:USDCAD,2021-11-26T17:39:00+01:00,1.27811,1.27818,1.27783,1.27787,104
SQ:USDCAD,2021-11-26T17:40:00+01:00,1.27788,1.27790,1.27693,1.27698,171
SQ:USDCAD,2021-11-26T17:41:00+01:00,1.27698,1.27748,1.27698,1.27738,82
SQ:USDCAD,2021-11-26T17:42:00+01:00,1.27739,1.27760,1.27712,1.27714,191
SQ:USDCAD,2021-11-26T17:43:00+01:00,1.27721,1.27730,1.27626,1.27629,129
SQ:USDCAD,2021-11-26T17:44:00+01:00,1.27629,1.27651,1.27620,1.27621,96
SQ:USDCAD,2021-11-26T17:45:00+01:00,1.27620,1.27658,1.27617,1.27633,116
SQ:USDCAD,2021-11-26T17:46:00+01:00,1.27633,1.27637,1.27604,1.27633,69
SQ:USDCAD,2021-11-26T17:47:00+01:00,1.27634,1.27683,1.27629,1.27658,141
SQ:USDCAD,2021-11-26T17:48:00+01:00,1.27657,1.27679,1.27650,1.27651,93
SQ:USDCAD,2021-11-26T17:49:00+01:00,1.27653,1.27676,1.27648,1.27676,85
SQ:USDCAD,2021-11-26T17:50:00+01:00,1.27674,1.27674,1.27634,1.27663,106
SQ:USDCAD,2021-11-26T17:51:00+01:00,1.27663,1.27683,1.27659,1.27682,74
SQ:USDCAD,2021-11-26T17:52:00+01:00,1.27681,1.27728,1.27669,1.27728,127
SQ:USDCAD,2021-11-26T17:53:00+01:00,1.27728,1.27757,1.27707,1.27718,151
SQ:USDCAD,2021-11-26T17:54:00+01:00,1.27717,1.27742,1.27689,1.27740,130
SQ:USDCAD,2021-11-26T17:55:00+01:00,1.27739,1.27739,1.27700,1.27708,111
SQ:USDCAD,2021-11-26T17:56:00+01:00,1.27708,1.27715,1.27689,1.27714,90
SQ:USDCAD,2021-11-26T17:57:00+01:00,1.27711,1.27712,1.27633,1.27633,104
SQ:USDCAD,2021-11-26T17:58:00+01:00,1.27633,1.27633,1.27601,1.27612,138
SQ:USDCAD,2021-11-26T17:59:00+01:00,1.27609,1.27631,1.27574,1.27583,105
SQ:USDCAD,2021-11-26T18:00:00+01:00,1.27583,1.27583,1.27526,1.27544,138
SQ:USDCAD,2021-11-26T18:01:00+01:00,1.27544,1.27560,1.27529,1.27529,77
SQ:USDCAD,2021-11-26T18:02:00+01:00,1.27527,1.27562,1.27524,1.27553,109
SQ:USDCAD,2021-11-26T18:03:00+01:00,1.27552,1.27554,1.27524,1.27532,58
SQ:USDCAD,2021-11-26T18:04:00+01:00,1.27530,1.27545,1.27523,1.27524,91
SQ:USDCAD,2021-11-26T18:05:00+01:00,1.27525,1.27526,1.27502,1.27506,71
SQ:USDCAD,2021-11-26T18:06:00+01:00,1.27505,1.27577,1.27505,1.27565,125
SQ:USDCAD,2021-11-26T18:07:00+01:00,1.27564,1.27577,1.27534,1.27537,96
SQ:USDCAD,2021-11-26T18:08:00+01:00,1.27537,1.27541,1.27523,1.27529,82
SQ:USDCAD,2021-11-26T18:09:00+01:00,1.27528,1.27538,1.27523,1.27536,60
SQ:USDCAD,2021-11-26T18:10:00+01:00,1.27536,1.27542,1.27525,1.27529,64
SQ:USDCAD,2021-11-26T18:11:00+01:00,1.27529,1.27532,1.27489,1.27499,79
SQ:USDCAD,2021-11-26T18:12:00+01:00,1.27499,1.27568,1.27493,1.27557,76
SQ:USDCAD,2021-11-26T18:13:00+01:00,1.27557,1.27591,1.27547,1.27586,79
SQ:USDCAD,2021-11-26T18:14:00+01:00,1.27586,1.27629,1.27586,1.27615,108
SQ:USDCAD,2021-11-26T18:15:00+01:00,1.27615,1.27641,1.27609,1.27619,75
SQ:USDCAD,2021-11-26T18:16:00+01:00,1.27618,1.27629,1.27610,1.27622,41
SQ:USDCAD,2021-11-26T18:17:00+01:00,1.27622,1.27651,1.27622,1.27649,30
SQ:USDCAD,2021-11-26T18:18:00+01:00,1.27649,1.27651,1.27639,1.27644,32
SQ:USDCAD,2021-11-26T18:19:00+01:00,1.27644,1.27678,1.27644,1.27653,40
SQ:USDCAD,2021-11-26T18:20:00+01:00,1.27652,1.27674,1.27645,1.27674,42
SQ:USDCAD,2021-11-26T18:21:00+01:00,1.27674,1.27677,1.27645,1.27649,63
SQ:USDCAD,2021-11-26T18:22:00+01:00,1.27650,1.27662,1.27635,1.27650,72
SQ:USDCAD,2021-11-26T18:23:00+01:00,1.27649,1.27663,1.27635,1.27635,48
SQ:USDCAD,2021-11-26T18:24:00+01:00,1.27635,1.27639,1.27622,1.27638,58
SQ:USDCAD,2021-11-26T18:25:00+01:00,1.27638,1.27652,1.27626,1.27652,63
SQ:USDCAD,2021-11-26T18:26:00+01:00,1.27652,1.27680,1.27650,1.27671,64
SQ:USDCAD,2021-11-26T18:27:00+01:00,1.27670,1.27675,1.27639,1.27666,55
SQ:USDCAD,2021-11-26T18:28:00+01:00,1.27667,1.27679,1.27665,1.27676,67
SQ:USDCAD,2021-11-26T18:29:00+01:00,1.27676,1.27686,1.27648,1.27652,83
SQ:USDCAD,2021-11-26T18:30:00+01:00,1.27649,1.27655,1.27623,1.27639,84
SQ:USDCAD,2021-11-26T18:31:00+01:00,1.27638,1.27639,1.27615,1.27619,87
SQ:USDCAD,2021-11-26T18:32:00+01:00,1.27619,1.27619,1.27591,1.27599,52
SQ:USDCAD,2021-11-26T18:33:00+01:00,1.27599,1.27602,1.27580,1.27580,50
SQ:USDCAD,2021-11-26T18:34:00+01:00,1.27580,1.27580,1.27536,1.27538,39
SQ:USDCAD,2021-11-26T18:35:00+01:00,1.27538,1.27553,1.27538,1.27550,53
SQ:USDCAD,2021-11-26T18:36:00+01:00,1.27549,1.27549,1.27521,1.27521,25
SQ:USDCAD,2021-11-26T18:37:00+01:00,1.27521,1.27533,1.27513,1.27521,36
SQ:USDCAD,2021-11-26T18:38:00+01:00,1.27521,1.27531,1.27517,1.27519,35
SQ:USDCAD,2021-11-26T18:39:00+01:00,1.27520,1.27547,1.27520,1.27541,42
SQ:USDCAD,2021-11-26T18:40:00+01:00,1.27541,1.27543,1.27529,1.27543,35
SQ:USDCAD,2021-11-26T18:41:00+01:00,1.27543,1.27550,1.27524,1.27529,69
SQ:USDCAD,2021-11-26T18:42:00+01:00,1.27527,1.27537,1.27515,1.27516,81
SQ:USDCAD,2021-11-26T18:43:00+01:00,1.27516,1.27562,1.27513,1.27562,85
SQ:USDCAD,2021-11-26T18:44:00+01:00,1.27562,1.27566,1.27516,1.27517,66
SQ:USDCAD,2021-11-26T18:45:00+01:00,1.27517,1.27561,1.27517,1.27560,62
SQ:USDCAD,2021-11-26T18:46:00+01:00,1.27559,1.27563,1.27557,1.27560,23
SQ:USDCAD,2021-11-26T18:47:00+01:00,1.27560,1.27585,1.27559,1.27584,27
SQ:USDCAD,2021-11-26T18:48:00+01:00,1.27583,1.27592,1.27580,1.27584,29
SQ:USDCAD,2021-11-26T18:49:00+01:00,1.27584,1.27584,1.27558,1.27566,36
SQ:USDCAD,2021-11-26T18:50:00+01:00,1.27566,1.27616,1.27566,1.27577,144
SQ:USDCAD,2021-11-26T18:51:00+01:00,1.27578,1.27580,1.27570,1.27570,62
SQ:USDCAD,2021-11-26T18:52:00+01:00,1.27571,1.27610,1.27570,1.27579,79
SQ:USDCAD,2021-11-26T18:53:00+01:00,1.27578,1.27618,1.27578,1.27618,46
SQ:USDCAD,2021-11-26T18:54:00+01:00,1.27617,1.27657,1.27606,1.27657,38
SQ:USDCAD,2021-11-26T18:55:00+01:00,1.27657,1.27657,1.27613,1.27619,59
SQ:USDCAD,2021-11-26T18:56:00+01:00,1.27621,1.27630,1.27614,1.27615,46
SQ:USDCAD,2021-11-26T18:57:00+01:00,1.27615,1.27636,1.27615,1.27628,59
SQ:USDCAD,2021-11-26T18:58:00+01:00,1.27629,1.27633,1.27605,1.27632,53
SQ:USDCAD,2021-11-26T18:59:00+01:00,1.27632,1.27774,1.27630,1.27750,201
SQ:USDCAD,2021-11-26T19:00:00+01:00,1.27746,1.27752,1.27666,1.27666,106
SQ:USDCAD,2021-11-26T19:01:00+01:00,1.27666,1.27727,1.27661,1.27715,112
SQ:USDCAD,2021-11-26T19:02:00+01:00,1.27715,1.27715,1.27627,1.27654,176
SQ:USDCAD,2021-11-26T19:03:00+01:00,1.27653,1.27662,1.27650,1.27650,84
SQ:USDCAD,2021-11-26T19:04:00+01:00,1.27650,1.27665,1.27645,1.27649,87
SQ:USDCAD,2021-11-26T19:05:00+01:00,1.27649,1.27663,1.27631,1.27645,204
SQ:USDCAD,2021-11-26T19:06:00+01:00,1.27645,1.27660,1.27617,1.27651,222
SQ:USDCAD,2021-11-26T19:07:00+01:00,1.27651,1.27664,1.27647,1.27663,77
SQ:USDCAD,2021-11-26T19:08:00+01:00,1.27664,1.27754,1.27660,1.27715,65
SQ:USDCAD,2021-11-26T19:09:00+01:00,1.27715,1.27725,1.27694,1.27697,74
SQ:USDCAD,2021-11-26T19:10:00+01:00,1.27697,1.27706,1.27697,1.27705,69
SQ:USDCAD,2021-11-26T19:11:00+01:00,1.27706,1.27706,1.27703,1.27706,6
SQ:USDCAD,2021-11-26T19:12:00+01:00,1.27705,1.27705,1.27699,1.27703,24
SQ:USDCAD,2021-11-26T19:13:00+01:00,1.27704,1.27706,1.27682,1.27682,182
SQ:USDCAD,2021-11-26T19:14:00+01:00,1.27682,1.27729,1.27679,1.27690,281
SQ:USDCAD,2021-11-26T19:15:00+01:00,1.27689,1.27691,1.27554,1.27589,63
SQ:USDCAD,2021-11-26T19:16:00+01:00,1.27589,1.27664,1.27547,1.27587,83
SQ:USDCAD,2021-11-26T19:17:00+01:00,1.27587,1.27656,1.27587,1.27589,21
SQ:USDCAD,2021-11-26T19:18:00+01:00,1.27590,1.27591,1.27586,1.27587,31
SQ:USDCAD,2021-11-26T19:19:00+01:00,1.27588,1.27612,1.27586,1.27611,28
SQ:USDCAD,2021-11-26T19:20:00+01:00,1.27610,1.27612,1.27559,1.27562,25
SQ:USDCAD,2021-11-26T19:21:00+01:00,1.27562,1.27675,1.27559,1.27672,69
SQ:USDCAD,2021-11-26T19:22:00+01:00,1.27672,1.27700,1.27535,1.27616,225
SQ:USDCAD,2021-11-26T19:23:00+01:00,1.27616,1.27687,1.27616,1.27658,330
SQ:USDCAD,2021-11-26T19:24:00+01:00,1.27658,1.27660,1.27613,1.27617,234
SQ:USDCAD,2021-11-26T19:25:00+01:00,1.27616,1.27640,1.27613,1.27628,224
SQ:USDCAD,2021-11-26T19:26:00+01:00,1.27627,1.27627,1.27563,1.27573,272
SQ:USDCAD,2021-11-26T19:27:00+01:00,1.27578,1.27595,1.27554,1.27591,77
SQ:USDCAD,2021-11-26T19:28:00+01:00,1.27591,1.27593,1.27553,1.27555,84
SQ:USDCAD,2021-11-26T19:29:00+01:00,1.27554,1.27643,1.27550,1.27583,36
SQ:USDCAD,2021-11-26T19:30:00+01:00,1.27583,1.27613,1.27564,1.27570,150
SQ:USDCAD,2021-11-26T19:31:00+01:00,1.27571,1.27587,1.27564,1.27584,188
SQ:USDCAD,2021-11-26T19:32:00+01:00,1.27585,1.27589,1.27567,1.27576,72
SQ:USDCAD,2021-11-26T19:33:00+01:00,1.27576,1.27592,1.27575,1.27586,90
SQ:USDCAD,2021-11-26T19:34:00+01:00,1.27587,1.27589,1.27568,1.27577,55
SQ:USDCAD,2021-11-26T19:35:00+01:00,1.27577,1.27597,1.27540,1.27558,192
SQ:USDCAD,2021-11-26T19:36:00+01:00,1.27558,1.27558,1.27495,1.27509,164
SQ:USDCAD,2021-11-26T19:37:00+01:00,1.27503,1.27550,1.27500,1.27533,115
SQ:USDCAD,2021-11-26T19:38:00+01:00,1.27532,1.27536,1.27514,1.27514,26
SQ:USDCAD,2021-11-26T19:39:00+01:00,1.27514,1.27535,1.27514,1.27516,30
SQ:USDCAD,2021-11-26T19:40:00+01:00,1.27516,1.27550,1.27516,1.27529,61
SQ:USDCAD,2021-11-26T19:41:00+01:00,1.27529,1.27531,1.27514,1.27515,11
SQ:USDCAD,2021-11-26T19:42:00+01:00,1.27515,1.27520,1.27515,1.27517,7
SQ:USDCAD,2021-11-26T19:43:00+01:00,1.27516,1.27518,1.27506,1.27518,19
SQ:USDCAD,2021-11-26T19:44:00+01:00,1.27518,1.27518,1.27515,1.27515,6
SQ:USDCAD,2021-11-26T19:45:00+01:00,1.27515,1.27515,1.27514,1.27515,3
SQ:USDCAD,2021-11-26T19:46:00+01:00,1.27515,1.27519,1.27505,1.27505,15
SQ:USDCAD,2021-11-26T19:47:00+01:00,1.27505,1.27510,1.27505,1.27505,4
SQ:USDCAD,2021-11-26T19:48:00+01:00,1.27503,1.27543,1.27503,1.27538,20
SQ:USDCAD,2021-11-26T19:49:00+01:00,1.27539,1.27546,1.27539,1.27543,7
SQ:USDCAD,2021-11-26T19:50:00+01:00,1.27543,1.27551,1.27534,1.27540,41
SQ:USDCAD,2021-11-26T19:51:00+01:00,1.27539,1.27543,1.27538,1.27542,7
SQ:USDCAD,2021-11-26T19:52:00+01:00,1.27541,1.27543,1.27535,1.27543,35
SQ:USDCAD,2021-11-26T19:53:00+01:00,1.27542,1.27545,1.27542,1.27545,4
SQ:USDCAD,2021-11-26T19:54:00+01:00,1.27545,1.27545,1.27525,1.27526,21
SQ:USDCAD,2021-11-26T19:55:00+01:00,1.27526,1.27526,1.27509,1.27520,44
SQ:USDCAD,2021-11-26T19:56:00+01:00,1.27522,1.27526,1.27516,1.27526,34
SQ:USDCAD,2021-11-26T19:57:00+01:00,1.27527,1.27527,1.27517,1.27517,49
SQ:USDCAD,2021-11-26T19:58:00+01:00,1.27516,1.27539,1.27514,1.27537,46
SQ:USDCAD,2021-11-26T19:59:00+01:00,1.27536,1.27536,1.27529,1.27530,26
SQ:USDCAD,2021-11-26T20:00:00+01:00,1.27530,1.27535,1.27530,1.27534,11
SQ:USDCAD,2021-11-26T20:01:00+01:00,1.27533,1.27552,1.27525,1.27552,40
SQ:USDCAD,2021-11-26T20:02:00+01:00,1.27553,1.27577,1.27553,1.27574,33
SQ:USDCAD,2021-11-26T20:03:00+01:00,1.27574,1.27577,1.27573,1.27577,10
SQ:USDCAD,2021-11-26T20:04:00+01:00,1.27576,1.27577,1.27576,1.27577,2
SQ:USDCAD,2021-11-26T20:05:00+01:00,1.27578,1.27592,1.27573,1.27592,18
SQ:USDCAD,2021-11-26T20:06:00+01:00,1.27592,1.27604,1.27545,1.27548,103
SQ:USDCAD,2021-11-26T20:07:00+01:00,1.27548,1.27588,1.27548,1.27581,34
SQ:USDCAD,2021-11-26T20:08:00+01:00,1.27581,1.27601,1.27567,1.27598,91
SQ:USDCAD,2021-11-26T20:09:00+01:00,1.27595,1.27602,1.27590,1.27597,34
SQ:USDCAD,2021-11-26T20:10:00+01:00,1.27599,1.27607,1.27596,1.27605,18
SQ:USDCAD,2021-11-26T20:11:00+01:00,1.27606,1.27611,1.27586,1.27587,36
SQ:USDCAD,2021-11-26T20:12:00+01:00,1.27587,1.27589,1.27585,1.27585,18
SQ:USDCAD,2021-11-26T20:13:00+01:00,1.27585,1.27591,1.27585,1.27591,17
SQ:USDCAD,2021-11-26T20:14:00+01:00,1.27591,1.27591,1.27583,1.27585,11
SQ:USDCAD,2021-11-26T20:15:00+01:00,1.27585,1.27591,1.27585,1.27587,7
SQ:USDCAD,2021-11-26T20:16:00+01:00,1.27587,1.27592,1.27587,1.27592,9
SQ:USDCAD,2021-11-26T20:17:00+01:00,1.27592,1.27592,1.27592,1.27592,1
SQ:USDCAD,2021-11-26T20:18:00+01:00,1.27592,1.27592,1.27592,1.27592,1
SQ:USDCAD,2021-11-26T20:19:00+01:00,1.27592,1.27610,1.27592,1.27609,16
SQ:USDCAD,2021-11-26T20:20:00+01:00,1.27609,1.27623,1.27609,1.27623,6
SQ:USDCAD,2021-11-26T20:21:00+01:00,1.27623,1.27636,1.27623,1.27624,8
SQ:USDCAD,2021-11-26T20:22:00+01:00,1.27624,1.27624,1.27568,1.27595,22
SQ:USDCAD,2021-11-26T20:23:00+01:00,1.27595,1.27596,1.27571,1.27573,8
SQ:USDCAD,2021-11-26T20:24:00+01:00,1.27573,1.27577,1.27571,1.27577,5
SQ:USDCAD,2021-11-26T20:25:00+01:00,1.27579,1.27589,1.27571,1.27589,83
SQ:USDCAD,2021-11-26T20:26:00+01:00,1.27589,1.27592,1.27588,1.27591,23
SQ:USDCAD,2021-11-26T20:27:00+01:00,1.27591,1.27615,1.27578,1.27596,105
SQ:USDCAD,2021-11-26T20:28:00+01:00,1.27596,1.27605,1.27571,1.27593,245
SQ:USDCAD,2021-11-26T20:29:00+01:00,1.27594,1.27618,1.27572,1.27593,212
SQ:USDCAD,2021-11-26T20:30:00+01:00,1.27591,1.27597,1.27573,1.27593,222
SQ:USDCAD,2021-11-26T20:31:00+01:00,1.27593,1.27597,1.27571,1.27578,224
SQ:USDCAD,2021-11-26T20:32:00+01:00,1.27578,1.27593,1.27571,1.27583,119
SQ:USDCAD,2021-11-26T20:33:00+01:00,1.27580,1.27593,1.27571,1.27582,109
SQ:USDCAD,2021-11-26T20:34:00+01:00,1.27579,1.27593,1.27572,1.27585,54
SQ:USDCAD,2021-11-26T20:35:00+01:00,1.27581,1.27593,1.27576,1.27593,35
SQ:USDCAD,2021-11-26T20:36:00+01:00,1.27593,1.27612,1.27573,1.27611,65
SQ:USDCAD,2021-11-26T20:37:00+01:00,1.27611,1.27639,1.27578,1.27598,43
SQ:USDCAD,2021-11-26T20:38:00+01:00,1.27598,1.27677,1.27598,1.27672,43
SQ:USDCAD,2021-11-26T20:39:00+01:00,1.27671,1.27695,1.27595,1.27629,77
SQ:USDCAD,2021-11-26T20:40:00+01:00,1.27629,1.27632,1.27615,1.27624,59
SQ:USDCAD,2021-11-26T20:41:00+01:00,1.27624,1.27652,1.27616,1.27651,40
SQ:USDCAD,2021-11-26T20:42:00+01:00,1.27651,1.27658,1.27639,1.27658,31
SQ:USDCAD,2021-11-26T20:43:00+01:00,1.27658,1.27690,1.27628,1.27690,51
SQ:USDCAD,2021-11-26T20:44:00+01:00,1.27690,1.27712,1.27686,1.27712,32
SQ:USDCAD,2021-11-26T20:45:00+01:00,1.27711,1.27724,1.27704,1.27718,49
SQ:USDCAD,2021-11-26T20:46:00+01:00,1.27720,1.27721,1.27701,1.27703,31
SQ:USDCAD,2021-11-26T20:47:00+01:00,1.27702,1.27712,1.27700,1.27702,40
SQ:USDCAD,2021-11-26T20:48:00+01:00,1.27702,1.27712,1.27702,1.27706,16
SQ:USDCAD,2021-11-26T20:49:00+01:00,1.27706,1.27716,1.27703,1.27714,22
SQ:USDCAD,2021-11-26T20:50:00+01:00,1.27715,1.27727,1.27710,1.27722,41
SQ:USDCAD,2021-11-26T20:51:00+01:00,1.27733,1.27740,1.27713,1.27735,21
SQ:USDCAD,2021-11-26T20:52:00+01:00,1.27735,1.27741,1.27735,1.27739,14
SQ:USDCAD,2021-11-26T20:53:00+01:00,1.27738,1.27739,1.27736,1.27736,14
SQ:USDCAD,2021-11-26T20:54:00+01:00,1.27736,1.27738,1.27736,1.27738,3
SQ:USDCAD,2021-11-26T20:55:00+01:00,1.27745,1.27753,1.27738,1.27752,17
SQ:USDCAD,2021-11-26T20:56:00+01:00,1.27753,1.27759,1.27751,1.27754,12
SQ:USDCAD,2021-11-26T20:57:00+01:00,1.27753,1.27785,1.27747,1.27785,53
SQ:USDCAD,2021-11-26T20:58:00+01:00,1.27786,1.27809,1.27755,1.27796,79
SQ:USDCAD,2021-11-26T20:59:00+01:00,1.27796,1.27843,1.27796,1.27815,39
SQ:USDCAD,2021-11-26T21:00:00+01:00,1.27820,1.27839,1.27816,1.27839,40
SQ:USDCAD,2021-11-26T21:01:00+01:00,1.27838,1.27839,1.27826,1.27836,29
SQ:USDCAD,2021-11-26T21:02:00+01:00,1.27836,1.27870,1.27830,1.27858,42
SQ:USDCAD,2021-11-26T21:03:00+01:00,1.27859,1.27859,1.27630,1.27630,29
SQ:USDCAD,2021-11-26T21:04:00+01:00,1.27630,1.27659,1.27630,1.27634,24
SQ:USDCAD,2021-11-26T21:05:00+01:00,1.27634,1.27677,1.27634,1.27672,8
SQ:USDCAD,2021-11-26T21:06:00+01:00,1.27672,1.27673,1.27672,1.27673,2
SQ:USDCAD,2021-11-26T21:07:00+01:00,1.27673,1.27676,1.27673,1.27674,4
SQ:USDCAD,2021-11-26T21:08:00+01:00,1.27674,1.27725,1.27656,1.27674,11
SQ:USDCAD,2021-11-26T21:09:00+01:00,1.27674,1.27674,1.27631,1.27656,16
SQ:USDCAD,2021-11-26T21:10:00+01:00,1.27656,1.27657,1.27656,1.27657,2
SQ:USDCAD,2021-11-26T21:11:00+01:00,1.27657,1.27657,1.27657,1.27657,1
SQ:USDCAD,2021-11-26T21:12:00+01:00,1.27657,1.27665,1.27657,1.27657,5
SQ:USDCAD,2021-11-26T21:13:00+01:00,1.27657,1.27657,1.27633,1.27653,17
SQ:USDCAD,2021-11-26T21:14:00+01:00,1.27654,1.27751,1.27654,1.27751,11
SQ:USDCAD,2021-11-26T21:15:00+01:00,1.27751,1.27765,1.27744,1.27760,27
SQ:USDCAD,2021-11-26T21:16:00+01:00,1.27760,1.27769,1.27746,1.27766,60
SQ:USDCAD,2021-11-26T21:17:00+01:00,1.27768,1.27786,1.27757,1.27781,72
SQ:USDCAD,2021-11-26T21:18:00+01:00,1.27780,1.27807,1.27780,1.27801,32
SQ:USDCAD,2021-11-26T21:19:00+01:00,1.27802,1.27833,1.27763,1.27774,90
SQ:USDCAD,2021-11-26T21:20:00+01:00,1.27774,1.27790,1.27770,1.27787,36
SQ:USDCAD,2021-11-26T21:21:00+01:00,1.27793,1.27809,1.27789,1.27794,54
SQ:USDCAD,2021-11-26T21:22:00+01:00,1.27792,1.27797,1.27783,1.27795,24
SQ:USDCAD,2021-11-26T21:23:00+01:00,1.27794,1.27794,1.27788,1.27792,12
SQ:USDCAD,2021-11-26T21:24:00+01:00,1.27792,1.27797,1.27789,1.27793,40
SQ:USDCAD,2021-11-26T21:25:00+01:00,1.27793,1.27807,1.27776,1.27794,40
SQ:USDCAD,2021-11-26T21:26:00+01:00,1.27794,1.27809,1.27786,1.27793,12
SQ:USDCAD,2021-11-26T21:27:00+01:00,1.27793,1.27804,1.27792,1.27801,14
SQ:USDCAD,2021-11-26T21:28:00+01:00,1.27801,1.27802,1.27785,1.27788,12
SQ:USDCAD,2021-11-26T21:29:00+01:00,1.27788,1.27804,1.27777,1.27804,103
SQ:USDCAD,2021-11-26T21:30:00+01:00,1.27803,1.27814,1.27779,1.27814,44
SQ:USDCAD,2021-11-26T21:31:00+01:00,1.27814,1.27838,1.27814,1.27838,14
SQ:USDCAD,2021-11-26T21:32:00+01:00,1.27837,1.27840,1.27829,1.27830,7
SQ:USDCAD,2021-11-26T21:33:00+01:00,1.27829,1.27853,1.27826,1.27847,31
SQ:USDCAD,2021-11-26T21:34:00+01:00,1.27847,1.27873,1.27844,1.27858,28
SQ:USDCAD,2021-11-26T21:35:00+01:00,1.27860,1.27867,1.27857,1.27861,32
SQ:USDCAD,2021-11-26T21:36:00+01:00,1.27861,1.27875,1.27858,1.27875,11
SQ:USDCAD,2021-11-26T21:37:00+01:00,1.27874,1.27874,1.27853,1.27853,15
SQ:USDCAD,2021-11-26T21:38:00+01:00,1.27853,1.27853,1.27824,1.27832,21
SQ:USDCAD,2021-11-26T21:39:00+01:00,1.27831,1.27866,1.27829,1.27865,19
SQ:USDCAD,2021-11-26T21:40:00+01:00,1.27862,1.27878,1.27832,1.27834,27
SQ:USDCAD,2021-11-26T21:41:00+01:00,1.27835,1.27870,1.27813,1.27870,61
SQ:USDCAD,2021-11-26T21:42:00+01:00,1.27867,1.27870,1.27845,1.27861,20
SQ:USDCAD,2021-11-26T21:43:00+01:00,1.27861,1.27861,1.27824,1.27856,61
SQ:USDCAD,2021-11-26T21:44:00+01:00,1.27855,1.27855,1.27846,1.27849,12
SQ:USDCAD,2021-11-26T21:45:00+01:00,1.27849,1.27859,1.27832,1.27850,28
SQ:USDCAD,2021-11-26T21:46:00+01:00,1.27850,1.27873,1.27850,1.27856,8
SQ:USDCAD,2021-11-26T21:47:00+01:00,1.27856,1.27856,1.27856,1.27856,1
SQ:USDCAD,2021-11-26T21:48:00+01:00,1.27856,1.27856,1.27842,1.27846,11
SQ:USDCAD,2021-11-26T21:49:00+01:00,1.27847,1.27847,1.27790,1.27811,34
SQ:USDCAD,2021-11-26T21:50:00+01:00,1.27811,1.27821,1.27805,1.27809,29
SQ:USDCAD,2021-11-26T21:51:00+01:00,1.27808,1.27837,1.27806,1.27837,26
SQ:USDCAD,2021-11-26T21:52:00+01:00,1.27836,1.27837,1.27810,1.27827,29
SQ:USDCAD,2021-11-26T21:53:00+01:00,1.27834,1.27859,1.27821,1.27841,39
SQ:USDCAD,2021-11-26T21:54:00+01:00,1.27840,1.27847,1.27828,1.27843,16
SQ:USDCAD,2021-11-26T21:55:00+01:00,1.27845,1.27855,1.27845,1.27855,13
SQ:USDCAD,2021-11-26T21:56:00+01:00,1.27854,1.27856,1.27851,1.27851,7
SQ:USDCAD,2021-11-26T21:57:00+01:00,1.27850,1.27850,1.27789,1.27810,34
SQ:USDCAD,2021-11-26T21:58:00+01:00,1.27811,1.27835,1.27810,1.27835,40
SQ:USDCAD,2021-11-26T21:59:00+01:00,1.27835,1.27843,1.27823,1.27843,23
SQ:USDCAD,2021-11-26T22:00:00+01:00,1.27833,1.27851,1.27829,1.27843,44
SQ:USDCAD,2021-11-26T22:01:00+01:00,1.27840,1.27852,1.27832,1.27833,23
SQ:USDCAD,2021-11-26T22:02:00+01:00,1.27833,1.27856,1.27833,1.27836,28
SQ:USDCAD,2021-11-26T22:03:00+01:00,1.27835,1.27835,1.27833,1.27833,4
SQ:USDCAD,2021-11-26T22:04:00+01:00,1.27835,1.27841,1.27833,1.27841,21
SQ:USDCAD,2021-11-26T22:05:00+01:00,1.27840,1.27840,1.27833,1.27836,11
SQ:USDCAD,2021-11-26T22:06:00+01:00,1.27835,1.27845,1.27765,1.27815,14
SQ:USDCAD,2021-11-26T22:07:00+01:00,1.27808,1.27841,1.27794,1.27841,12
SQ:USDCAD,2021-11-26T22:08:00+01:00,1.27837,1.27862,1.27837,1.27840,10
SQ:USDCAD,2021-11-26T22:09:00+01:00,1.27840,1.27865,1.27838,1.27864,11
SQ:USDCAD,2021-11-26T22:10:00+01:00,1.27864,1.27866,1.27863,1.27863,14
SQ:USDCAD,2021-11-26T22:11:00+01:00,1.27867,1.27867,1.27853,1.27853,23
SQ:USDCAD,2021-11-26T22:12:00+01:00,1.27853,1.27863,1.27853,1.27862,9
SQ:USDCAD,2021-11-26T22:13:00+01:00,1.27860,1.27865,1.27859,1.27865,18
SQ:USDCAD,2021-11-26T22:14:00+01:00,1.27861,1.27861,1.27857,1.27858,6
SQ:USDCAD,2021-11-26T22:15:00+01:00,1.27857,1.27858,1.27853,1.27853,10
SQ:USDCAD,2021-11-26T22:16:00+01:00,1.27853,1.27853,1.27853,1.27853,1
SQ:USDCAD,2021-11-26T22:17:00+01:00,1.27858,1.27861,1.27858,1.27861,2
SQ:USDCAD,2021-11-26T22:18:00+01:00,1.27861,1.27866,1.27858,1.27860,14
SQ:USDCAD,2021-11-26T22:19:00+01:00,1.27860,1.27863,1.27860,1.27863,6
SQ:USDCAD,2021-11-26T22:20:00+01:00,1.27863,1.27864,1.27863,1.27863,3
SQ:USDCAD,2021-11-26T22:21:00+01:00,1.27863,1.27864,1.27863,1.27864,2
SQ:USDCAD,2021-11-26T22:22:00+01:00,1.27864,1.27871,1.27864,1.27868,25
SQ:USDCAD,2021-11-26T22:23:00+01:00,1.27868,1.27880,1.27857,1.27864,31
SQ:USDCAD,2021-11-26T22:24:00+01:00,1.27861,1.27868,1.27856,1.27865,13
SQ:USDCAD,2021-11-26T22:25:00+01:00,1.27864,1.27868,1.27858,1.27864,10
SQ:USDCAD,2021-11-26T22:26:00+01:00,1.27864,1.27866,1.27856,1.27856,11
SQ:USDCAD,2021-11-26T22:27:00+01:00,1.27858,1.27890,1.27856,1.27890,11
SQ:USDCAD,2021-11-26T22:28:00+01:00,1.27891,1.27891,1.27891,1.27891,1
SQ:USDCAD,2021-11-26T22:29:00+01:00,1.27892,1.27892,1.27886,1.27886,4
SQ:USDCAD,2021-11-26T22:30:00+01:00,1.27886,1.27888,1.27857,1.27884,13
SQ:USDCAD,2021-11-26T22:31:00+01:00,1.27884,1.27895,1.27884,1.27895,3
SQ:USDCAD,2021-11-26T22:32:00+01:00,1.27895,1.27895,1.27886,1.27886,3
SQ:USDCAD,2021-11-26T22:33:00+01:00,1.27885,1.27890,1.27885,1.27885,9
SQ:USDCAD,2021-11-26T22:34:00+01:00,1.27885,1.27885,1.27871,1.27872,10
SQ:USDCAD,2021-11-26T22:35:00+01:00,1.27875,1.27875,1.27857,1.27857,9
SQ:USDCAD,2021-11-26T22:36:00+01:00,1.27866,1.27866,1.27855,1.27855,8
SQ:USDCAD,2021-11-26T22:37:00+01:00,1.27855,1.27856,1.27855,1.27856,2
SQ:USDCAD,2021-11-26T22:38:00+01:00,1.27855,1.27884,1.27855,1.27884,2
SQ:USDCAD,2021-11-26T22:39:00+01:00,1.27883,1.27884,1.27883,1.27884,4
SQ:USDCAD,2021-11-26T22:40:00+01:00,1.27884,1.27884,1.27884,1.27884,1
SQ:USDCAD,2021-11-26T22:41:00+01:00,1.27884,1.27884,1.27883,1.27883,2
SQ:USDCAD,2021-11-26T22:42:00+01:00,1.27883,1.27883,1.27883,1.27883,1
SQ:USDCAD,2021-11-26T22:43:00+01:00,1.27883,1.27883,1.27883,1.27883,1
SQ:USDCAD,2021-11-26T22:44:00+01:00,1.27883,1.27883,1.27883,1.27883,1
SQ:USDCAD,2021-11-26T22:45:00+01:00,1.27883,1.27883,1.27833,1.27835,15
SQ:USDCAD,2021-11-26T22:46:00+01:00,1.27835,1.27843,1.27835,1.27843,2
SQ:USDCAD,2021-11-26T22:47:00+01:00,1.27843,1.27845,1.27843,1.27845,2
SQ:USDCAD,2021-11-26T22:48:00+01:00,1.27845,1.27853,1.27845,1.27853,4
SQ:USDCAD,2021-11-26T22:49:00+01:00,1.27855,1.27855,1.27855,1.27855,1
SQ:USDCAD,2021-11-26T22:50:00+01:00,1.27855,1.27923,1.27853,1.27855,8
SQ:USDCAD,2021-11-26T22:51:00+01:00,1.27855,1.27855,1.27843,1.27853,5
SQ:USDCAD,2021-11-26T22:52:00+01:00,1.27845,1.27973,1.27833,1.27973,14
SQ:USDCAD,2021-11-26T22:53:00+01:00,1.27831,1.27833,1.27831,1.27833,4
SQ:USDCAD,2021-11-26T22:54:00+01:00,1.27835,1.27853,1.27835,1.27853,3
