SQ:NAS100,2023-08-08T00:01:00+02:00,15412.77,15414.77,15411.02,15412.27,38
SQ:NAS100,2023-08-08T00:02:00+02:00,15412.27,15415.02,15412.02,15412.02,44
SQ:NAS100,2023-08-08T00:03:00+02:00,15412.02,15414.52,15412.02,15413.52,37
SQ:NAS100,2023-08-08T00:04:00+02:00,15413.52,15414.27,15413.02,15413.02,26
SQ:NAS100,2023-08-08T00:05:00+02:00,15413.02,15413.02,15410.52,15410.77,28
SQ:NAS100,2023-08-08T00:06:00+02:00,15410.52,15410.52,15408.77,15409.02,34
SQ:NAS100,2023-08-08T00:07:00+02:00,15408.77,15409.02,15408.27,15408.27,19
SQ:NAS100,2023-08-08T00:08:00+02:00,15408.27,15409.27,15407.27,15408.52,24
SQ:NAS100,2023-08-08T00:09:00+02:00,15408.52,15409.52,15407.52,15407.52,24
SQ:NAS100,2023-08-08T00:10:00+02:00,15407.52,15408.27,15406.52,15406.52,19
SQ:NAS100,2023-08-08T00:11:00+02:00,15406.27,15406.27,15404.02,15404.02,21
SQ:NAS100,2023-08-08T00:12:00+02:00,15404.02,15406.02,15403.77,15405.77,20
SQ:NAS100,2023-08-08T00:13:00+02:00,15405.77,15406.27,15405.02,15405.52,15
SQ:NAS100,2023-08-08T00:14:00+02:00,15405.52,15405.52,15404.27,15404.52,14
SQ:NAS100,2023-08-08T00:15:00+02:00,15404.77,15405.52,15404.27,15404.27,19
SQ:NAS100,2023-08-08T00:16:00+02:00,15404.27,15404.27,15401.77,15402.02,36
SQ:NAS100,2023-08-08T00:17:00+02:00,15402.02,15403.27,15401.77,15402.77,19
SQ:NAS100,2023-08-08T00:18:00+02:00,15402.77,15403.52,15401.02,15401.27,20
SQ:NAS100,2023-08-08T00:19:00+02:00,15401.27,15401.52,15400.77,15401.27,19
SQ:NAS100,2023-08-08T00:20:00+02:00,15401.27,15402.27,15401.02,15402.02,12
SQ:NAS100,2023-08-08T00:21:00+02:00,15402.02,15402.77,15401.77,15401.77,13
SQ:NAS100,2023-08-08T00:22:00+02:00,15401.77,15402.02,15400.52,15400.52,8
SQ:NAS100,2023-08-08T00:23:00+02:00,15400.52,15400.52,15399.77,15399.77,13
SQ:NAS100,2023-08-08T00:24:00+02:00,15399.52,15400.52,15398.52,15398.77,21
SQ:NAS100,2023-08-08T00:25:00+02:00,15398.77,15400.02,15398.77,15399.27,20
SQ:NAS100,2023-08-08T00:26:00+02:00,15399.27,15399.27,15398.52,15399.02,18
SQ:NAS100,2023-08-08T00:27:00+02:00,15399.02,15400.02,15399.02,15399.52,9
SQ:NAS100,2023-08-08T00:28:00+02:00,15399.52,15400.02,15399.52,15399.77,10
SQ:NAS100,2023-08-08T00:29:00+02:00,15399.77,15401.02,15399.77,15400.27,19
SQ:NAS100,2023-08-08T00:30:00+02:00,15400.27,15400.27,15399.77,15400.02,20
SQ:NAS100,2023-08-08T00:31:00+02:00,15400.02,15400.27,15399.77,15400.27,6
SQ:NAS100,2023-08-08T00:32:00+02:00,15400.27,15402.52,15400.27,15402.52,22
SQ:NAS100,2023-08-08T00:33:00+02:00,15402.77,15403.27,15401.77,15401.77,12
SQ:NAS100,2023-08-08T00:34:00+02:00,15402.02,15403.52,15402.02,15403.27,23
SQ:NAS100,2023-08-08T00:35:00+02:00,15403.02,15404.52,15402.77,15402.77,20
SQ:NAS100,2023-08-08T00:36:00+02:00,15402.52,15404.52,15402.27,15404.52,14
SQ:NAS100,2023-08-08T00:37:00+02:00,15404.77,15405.77,15404.27,15405.27,22
SQ:NAS100,2023-08-08T00:38:00+02:00,15405.02,15405.77,15405.02,15405.27,14
SQ:NAS100,2023-08-08T00:39:00+02:00,15405.27,15406.52,15405.27,15406.52,21
SQ:NAS100,2023-08-08T00:40:00+02:00,15406.52,15407.27,15406.02,15406.02,15
SQ:NAS100,2023-08-08T00:41:00+02:00,15406.27,15406.27,15405.27,15405.52,18
SQ:NAS100,2023-08-08T00:42:00+02:00,15405.77,15405.77,15404.77,15405.02,14
SQ:NAS100,2023-08-08T00:43:00+02:00,15405.02,15405.02,15404.02,15404.02,8
SQ:NAS100,2023-08-08T00:44:00+02:00,15404.02,15404.27,15403.77,15404.02,9
SQ:NAS100,2023-08-08T00:45:00+02:00,15404.02,15404.27,15403.77,15403.77,9
SQ:NAS100,2023-08-08T00:46:00+02:00,15403.77,15403.77,15403.02,15403.02,12
SQ:NAS100,2023-08-08T00:47:00+02:00,15403.02,15403.77,15402.52,15403.27,10
SQ:NAS100,2023-08-08T00:48:00+02:00,15403.27,15403.52,15402.77,15403.27,13
SQ:NAS100,2023-08-08T00:49:00+02:00,15403.27,15403.27,15402.77,15403.02,6
SQ:NAS100,2023-08-08T00:50:00+02:00,15403.02,15403.27,15402.27,15403.27,17
SQ:NAS100,2023-08-08T00:51:00+02:00,15403.27,15403.27,15402.27,15402.52,15
SQ:NAS100,2023-08-08T00:52:00+02:00,15402.52,15404.27,15402.52,15403.27,13
SQ:NAS100,2023-08-08T00:53:00+02:00,15403.52,15403.77,15402.77,15403.02,11
SQ:NAS100,2023-08-08T00:54:00+02:00,15403.02,15403.27,15402.52,15402.77,7
SQ:NAS100,2023-08-08T00:55:00+02:00,15402.77,15403.27,15402.27,15402.27,13
SQ:NAS100,2023-08-08T00:56:00+02:00,15402.27,15402.52,15401.52,15402.02,14
SQ:NAS100,2023-08-08T00:57:00+02:00,15402.02,15402.02,15401.52,15401.52,9
SQ:NAS100,2023-08-08T00:58:00+02:00,15401.52,15402.27,15401.52,15402.27,7
SQ:NAS100,2023-08-08T00:59:00+02:00,15402.27,15403.02,15402.02,15402.77,8
SQ:NAS100,2023-08-08T01:00:00+02:00,15402.77,15403.02,15402.27,15402.77,17
SQ:NAS100,2023-08-08T01:01:00+02:00,15402.77,15403.02,15402.27,15403.02,14
SQ:NAS100,2023-08-08T01:02:00+02:00,15403.27,15403.27,15402.27,15402.77,14
SQ:NAS100,2023-08-08T01:03:00+02:00,15402.52,15405.27,15401.77,15404.52,30
SQ:NAS100,2023-08-08T01:04:00+02:00,15404.27,15405.02,15404.27,15404.52,11
SQ:NAS100,2023-08-08T01:05:00+02:00,15404.52,15404.52,15402.52,15402.52,15
SQ:NAS100,2023-08-08T01:06:00+02:00,15402.52,15402.52,15402.02,15402.27,6
SQ:NAS100,2023-08-08T01:07:00+02:00,15402.27,15402.27,15400.27,15400.77,23
SQ:NAS100,2023-08-08T01:08:00+02:00,15400.77,15401.27,15400.52,15401.27,12
SQ:NAS100,2023-08-08T01:09:00+02:00,15401.02,15402.27,15400.77,15402.27,20
SQ:NAS100,2023-08-08T01:10:00+02:00,15402.27,15402.52,15400.77,15401.77,14
SQ:NAS100,2023-08-08T01:11:00+02:00,15401.52,15401.52,15400.77,15400.77,4
SQ:NAS100,2023-08-08T01:12:00+02:00,15401.02,15401.52,15400.77,15401.02,15
SQ:NAS100,2023-08-08T01:13:00+02:00,15401.02,15401.02,15400.27,15400.27,8
SQ:NAS100,2023-08-08T01:14:00+02:00,15400.27,15401.02,15400.27,15400.27,7
SQ:NAS100,2023-08-08T01:15:00+02:00,15400.27,15401.77,15400.27,15401.77,11
SQ:NAS100,2023-08-08T01:16:00+02:00,15402.27,15402.27,15401.52,15402.02,19
SQ:NAS100,2023-08-08T01:17:00+02:00,15402.02,15402.02,15401.27,15401.77,6
SQ:NAS100,2023-08-08T01:18:00+02:00,15401.77,15401.77,15401.02,15401.02,5
SQ:NAS100,2023-08-08T01:19:00+02:00,15401.27,15403.77,15400.77,15403.77,17
SQ:NAS100,2023-08-08T01:20:00+02:00,15403.77,15404.02,15401.77,15402.52,16
SQ:NAS100,2023-08-08T01:21:00+02:00,15402.77,15403.02,15402.27,15402.52,13
SQ:NAS100,2023-08-08T01:22:00+02:00,15402.77,15404.02,15402.52,15404.02,28
SQ:NAS100,2023-08-08T01:23:00+02:00,15404.02,15404.02,15402.77,15404.02,12
SQ:NAS100,2023-08-08T01:24:00+02:00,15404.02,15404.02,15403.02,15403.02,7
SQ:NAS100,2023-08-08T01:25:00+02:00,15402.77,15403.77,15402.77,15403.77,12
SQ:NAS100,2023-08-08T01:26:00+02:00,15403.52,15403.52,15403.02,15403.27,7
SQ:NAS100,2023-08-08T01:27:00+02:00,15403.02,15404.52,15403.02,15403.77,14
SQ:NAS100,2023-08-08T01:28:00+02:00,15403.77,15404.02,15402.77,15403.02,10
SQ:NAS100,2023-08-08T01:29:00+02:00,15403.02,15403.77,15402.77,15402.77,13
SQ:NAS100,2023-08-08T01:30:00+02:00,15402.77,15403.27,15401.52,15403.02,18
SQ:NAS100,2023-08-08T01:31:00+02:00,15403.02,15403.52,15402.27,15402.27,10
SQ:NAS100,2023-08-08T01:32:00+02:00,15402.27,15402.77,15401.27,15402.27,19
SQ:NAS100,2023-08-08T01:33:00+02:00,15402.27,15402.27,15401.52,15401.77,5
SQ:NAS100,2023-08-08T01:34:00+02:00,15401.77,15401.77,15400.77,15400.77,11
SQ:NAS100,2023-08-08T01:35:00+02:00,15400.77,15402.02,15400.77,15401.52,13
SQ:NAS100,2023-08-08T01:36:00+02:00,15401.52,15401.77,15401.27,15401.77,6
SQ:NAS100,2023-08-08T01:37:00+02:00,15402.02,15402.27,15401.27,15401.27,11
SQ:NAS100,2023-08-08T01:38:00+02:00,15401.02,15401.52,15401.02,15401.52,9
SQ:NAS100,2023-08-08T01:39:00+02:00,15401.27,15402.02,15401.02,15401.27,9
SQ:NAS100,2023-08-08T01:40:00+02:00,15401.27,15401.27,15399.52,15399.52,15
SQ:NAS100,2023-08-08T01:41:00+02:00,15399.52,15400.27,15399.02,15400.02,16
SQ:NAS100,2023-08-08T01:42:00+02:00,15400.02,15401.27,15399.27,15401.27,21
SQ:NAS100,2023-08-08T01:43:00+02:00,15401.27,15404.27,15401.02,15404.27,24
SQ:NAS100,2023-08-08T01:44:00+02:00,15404.27,15404.27,15402.52,15402.52,12
SQ:NAS100,2023-08-08T01:45:00+02:00,15402.52,15403.02,15401.27,15402.52,32
SQ:NAS100,2023-08-08T01:46:00+02:00,15402.27,15403.02,15402.27,15402.77,13
SQ:NAS100,2023-08-08T01:47:00+02:00,15403.02,15405.77,15403.02,15404.02,33
SQ:NAS100,2023-08-08T01:48:00+02:00,15404.27,15405.27,15403.77,15404.27,28
SQ:NAS100,2023-08-08T01:49:00+02:00,15404.27,15406.27,15404.27,15406.02,41
SQ:NAS100,2023-08-08T01:50:00+02:00,15406.02,15406.52,15403.02,15403.27,27
SQ:NAS100,2023-08-08T01:51:00+02:00,15403.02,15404.02,15401.27,15402.27,34
SQ:NAS100,2023-08-08T01:52:00+02:00,15402.52,15402.77,15400.77,15402.02,25
SQ:NAS100,2023-08-08T01:53:00+02:00,15402.02,15402.27,15401.27,15401.52,18
SQ:NAS100,2023-08-08T01:54:00+02:00,15402.02,15402.02,15401.02,15401.27,12
SQ:NAS100,2023-08-08T01:55:00+02:00,15401.27,15402.77,15401.27,15402.52,15
SQ:NAS100,2023-08-08T01:56:00+02:00,15402.52,15403.52,15402.52,15403.52,12
SQ:NAS100,2023-08-08T01:57:00+02:00,15403.27,15403.27,15402.02,15402.52,17
SQ:NAS100,2023-08-08T01:58:00+02:00,15402.52,15403.27,15402.27,15403.27,17
SQ:NAS100,2023-08-08T01:59:00+02:00,15403.27,15405.27,15402.27,15405.27,39
SQ:NAS100,2023-08-08T02:00:00+02:00,15405.52,15409.27,15403.52,15406.77,109
SQ:NAS100,2023-08-08T02:01:00+02:00,15406.27,15407.02,15401.77,15404.77,89
SQ:NAS100,2023-08-08T02:02:00+02:00,15404.77,15407.02,15402.52,15407.02,60
SQ:NAS100,2023-08-08T02:03:00+02:00,15406.77,15407.27,15405.27,15405.77,48
SQ:NAS100,2023-08-08T02:04:00+02:00,15405.52,15405.52,15397.52,15397.52,50
SQ:NAS100,2023-08-08T02:05:00+02:00,15397.52,15398.02,15391.77,15397.02,105
SQ:NAS100,2023-08-08T02:06:00+02:00,15397.02,15404.27,15396.77,15404.02,60
SQ:NAS100,2023-08-08T02:07:00+02:00,15404.02,15405.02,15401.27,15401.77,49
SQ:NAS100,2023-08-08T02:08:00+02:00,15401.77,15404.02,15401.27,15403.77,62
SQ:NAS100,2023-08-08T02:09:00+02:00,15404.02,15405.02,15399.27,15399.77,73
SQ:NAS100,2023-08-08T02:10:00+02:00,15399.77,15400.02,15395.27,15395.77,61
SQ:NAS100,2023-08-08T02:11:00+02:00,15395.77,15399.02,15394.77,15399.02,60
SQ:NAS100,2023-08-08T02:12:00+02:00,15399.27,15401.27,15398.27,15399.27,51
SQ:NAS100,2023-08-08T02:13:00+02:00,15399.27,15401.77,15398.52,15401.77,62
SQ:NAS100,2023-08-08T02:14:00+02:00,15401.77,15401.77,15397.27,15398.77,51
SQ:NAS100,2023-08-08T02:15:00+02:00,15398.77,15399.52,15395.27,15396.02,88
SQ:NAS100,2023-08-08T02:16:00+02:00,15396.02,15398.52,15395.52,15398.02,50
SQ:NAS100,2023-08-08T02:17:00+02:00,15398.02,15398.02,15395.52,15395.77,52
SQ:NAS100,2023-08-08T02:18:00+02:00,15395.77,15397.52,15394.02,15397.27,60
SQ:NAS100,2023-08-08T02:19:00+02:00,15397.52,15399.77,15396.77,15397.77,54
SQ:NAS100,2023-08-08T02:20:00+02:00,15397.52,15398.27,15397.02,15398.02,51
SQ:NAS100,2023-08-08T02:21:00+02:00,15398.02,15399.27,15395.02,15396.77,47
SQ:NAS100,2023-08-08T02:22:00+02:00,15396.77,15398.52,15396.27,15397.52,33
SQ:NAS100,2023-08-08T02:23:00+02:00,15397.52,15399.02,15396.02,15397.77,31
SQ:NAS100,2023-08-08T02:24:00+02:00,15397.77,15398.27,15396.02,15397.02,42
SQ:NAS100,2023-08-08T02:25:00+02:00,15397.52,15398.77,15396.27,15398.27,36
SQ:NAS100,2023-08-08T02:26:00+02:00,15398.27,15399.77,15396.77,15399.77,28
SQ:NAS100,2023-08-08T02:27:00+02:00,15399.77,15401.27,15399.27,15401.27,27
SQ:NAS100,2023-08-08T02:28:00+02:00,15401.27,15403.02,15400.02,15401.02,39
SQ:NAS100,2023-08-08T02:29:00+02:00,15401.02,15401.02,15397.27,15398.77,56
SQ:NAS100,2023-08-08T02:30:00+02:00,15398.77,15398.77,15395.77,15396.27,46
SQ:NAS100,2023-08-08T02:31:00+02:00,15396.27,15397.77,15395.27,15396.27,37
SQ:NAS100,2023-08-08T02:32:00+02:00,15396.27,15397.02,15394.77,15394.77,43
SQ:NAS100,2023-08-08T02:33:00+02:00,15394.77,15395.77,15394.02,15394.77,52
SQ:NAS100,2023-08-08T02:34:00+02:00,15394.77,15395.02,15392.77,15393.27,40
SQ:NAS100,2023-08-08T02:35:00+02:00,15393.52,15397.27,15393.52,15396.52,44
SQ:NAS100,2023-08-08T02:36:00+02:00,15396.52,15397.52,15396.02,15397.52,34
SQ:NAS100,2023-08-08T02:37:00+02:00,15397.52,15400.02,15396.77,15399.27,47
SQ:NAS100,2023-08-08T02:38:00+02:00,15399.27,15401.27,15398.27,15401.27,53
SQ:NAS100,2023-08-08T02:39:00+02:00,15401.02,15401.02,15398.52,15398.52,27
SQ:NAS100,2023-08-08T02:40:00+02:00,15398.52,15399.02,15398.27,15398.77,24
SQ:NAS100,2023-08-08T02:41:00+02:00,15398.77,15399.77,15398.27,15398.27,33
SQ:NAS100,2023-08-08T02:42:00+02:00,15398.27,15399.77,15396.77,15397.02,24
SQ:NAS100,2023-08-08T02:43:00+02:00,15397.02,15397.27,15396.27,15396.77,28
SQ:NAS100,2023-08-08T02:44:00+02:00,15396.77,15398.27,15396.77,15397.27,24
SQ:NAS100,2023-08-08T02:45:00+02:00,15397.52,15398.02,15396.27,15397.02,36
SQ:NAS100,2023-08-08T02:46:00+02:00,15397.02,15398.02,15395.52,15395.52,34
SQ:NAS100,2023-08-08T02:47:00+02:00,15395.52,15397.02,15395.02,15396.77,43
SQ:NAS100,2023-08-08T02:48:00+02:00,15397.02,15399.27,15396.77,15398.52,29
SQ:NAS100,2023-08-08T02:49:00+02:00,15398.52,15398.77,15397.52,15397.77,32
SQ:NAS100,2023-08-08T02:50:00+02:00,15397.77,15398.02,15397.02,15397.52,26
SQ:NAS100,2023-08-08T02:51:00+02:00,15397.52,15398.27,15396.77,15398.02,21
SQ:NAS100,2023-08-08T02:52:00+02:00,15398.02,15399.27,15397.02,15399.02,22
SQ:NAS100,2023-08-08T02:53:00+02:00,15399.02,15400.77,15398.77,15399.02,40
SQ:NAS100,2023-08-08T02:54:00+02:00,15399.02,15399.77,15396.77,15396.77,23
SQ:NAS100,2023-08-08T02:55:00+02:00,15396.77,15396.77,15394.77,15394.77,29
SQ:NAS100,2023-08-08T02:56:00+02:00,15394.77,15395.27,15393.77,15394.52,27
SQ:NAS100,2023-08-08T02:57:00+02:00,15395.02,15396.27,15395.02,15395.02,43
SQ:NAS100,2023-08-08T02:58:00+02:00,15395.02,15396.52,15395.02,15395.77,22
SQ:NAS100,2023-08-08T02:59:00+02:00,15395.77,15397.27,15395.52,15396.77,31
SQ:NAS100,2023-08-08T03:00:00+02:00,15396.77,15397.27,15393.02,15393.02,46
SQ:NAS100,2023-08-08T03:01:00+02:00,15393.02,15393.02,15388.02,15388.27,90
SQ:NAS100,2023-08-08T03:02:00+02:00,15388.27,15391.77,15388.27,15390.02,68
SQ:NAS100,2023-08-08T03:03:00+02:00,15390.02,15390.52,15388.02,15388.77,44
SQ:NAS100,2023-08-08T03:04:00+02:00,15389.27,15391.77,15388.77,15391.27,50
SQ:NAS100,2023-08-08T03:05:00+02:00,15391.27,15393.02,15391.27,15392.52,47
SQ:NAS100,2023-08-08T03:06:00+02:00,15392.52,15393.77,15392.52,15392.77,29
SQ:NAS100,2023-08-08T03:07:00+02:00,15392.77,15394.52,15392.52,15393.02,47
SQ:NAS100,2023-08-08T03:08:00+02:00,15393.27,15393.27,15390.77,15391.27,34
SQ:NAS100,2023-08-08T03:09:00+02:00,15391.02,15391.02,15389.02,15389.52,45
SQ:NAS100,2023-08-08T03:10:00+02:00,15389.27,15391.52,15389.02,15390.52,50
SQ:NAS100,2023-08-08T03:11:00+02:00,15390.77,15391.02,15388.27,15388.77,34
SQ:NAS100,2023-08-08T03:12:00+02:00,15388.77,15388.77,15381.27,15382.27,82
SQ:NAS100,2023-08-08T03:13:00+02:00,15382.27,15383.02,15377.77,15379.02,92
SQ:NAS100,2023-08-08T03:14:00+02:00,15379.27,15381.02,15377.52,15378.77,63
SQ:NAS100,2023-08-08T03:15:00+02:00,15378.77,15382.02,15376.77,15379.77,152
SQ:NAS100,2023-08-08T03:16:00+02:00,15379.77,15379.77,15373.77,15374.77,127
SQ:NAS100,2023-08-08T03:17:00+02:00,15374.77,15376.52,15373.27,15375.52,107
SQ:NAS100,2023-08-08T03:18:00+02:00,15375.77,15375.77,15373.02,15374.27,93
SQ:NAS100,2023-08-08T03:19:00+02:00,15374.27,15375.77,15372.27,15373.52,85
SQ:NAS100,2023-08-08T03:20:00+02:00,15373.52,15376.77,15373.02,15375.52,91
SQ:NAS100,2023-08-08T03:21:00+02:00,15375.77,15377.27,15375.02,15376.77,79
SQ:NAS100,2023-08-08T03:22:00+02:00,15376.77,15378.77,15374.52,15376.27,84
SQ:NAS100,2023-08-08T03:23:00+02:00,15376.27,15380.02,15375.52,15379.52,68
SQ:NAS100,2023-08-08T03:24:00+02:00,15379.52,15380.27,15377.02,15377.77,71
SQ:NAS100,2023-08-08T03:25:00+02:00,15377.77,15378.77,15374.02,15374.77,71
SQ:NAS100,2023-08-08T03:26:00+02:00,15374.27,15374.27,15364.27,15366.02,129
SQ:NAS100,2023-08-08T03:27:00+02:00,15366.02,15367.02,15359.77,15360.27,109
SQ:NAS100,2023-08-08T03:28:00+02:00,15360.52,15365.02,15359.02,15364.77,124
SQ:NAS100,2023-08-08T03:29:00+02:00,15364.77,15366.52,15361.27,15361.27,87
SQ:NAS100,2023-08-08T03:30:00+02:00,15361.27,15363.52,15351.27,15352.52,181
SQ:NAS100,2023-08-08T03:31:00+02:00,15352.52,15359.77,15351.27,15359.02,146
SQ:NAS100,2023-08-08T03:32:00+02:00,15359.02,15366.02,15359.02,15366.02,141
SQ:NAS100,2023-08-08T03:33:00+02:00,15365.52,15366.02,15359.77,15362.52,145
SQ:NAS100,2023-08-08T03:34:00+02:00,15362.77,15365.27,15362.27,15363.77,116
SQ:NAS100,2023-08-08T03:35:00+02:00,15364.27,15365.02,15355.77,15360.52,138
SQ:NAS100,2023-08-08T03:36:00+02:00,15360.52,15360.77,15357.77,15360.02,117
SQ:NAS100,2023-08-08T03:37:00+02:00,15359.77,15361.27,15353.52,15361.02,155
SQ:NAS100,2023-08-08T03:38:00+02:00,15361.02,15361.02,15356.77,15356.77,112
SQ:NAS100,2023-08-08T03:39:00+02:00,15356.77,15358.02,15354.27,15356.77,83
SQ:NAS100,2023-08-08T03:40:00+02:00,15357.02,15361.52,15357.02,15359.52,108
SQ:NAS100,2023-08-08T03:41:00+02:00,15359.27,15360.52,15358.02,15360.52,79
SQ:NAS100,2023-08-08T03:42:00+02:00,15360.52,15360.77,15357.27,15357.27,93
SQ:NAS100,2023-08-08T03:43:00+02:00,15357.27,15358.52,15353.77,15358.52,115
SQ:NAS100,2023-08-08T03:44:00+02:00,15358.27,15359.02,15354.27,15356.02,99
SQ:NAS100,2023-08-08T03:45:00+02:00,15356.02,15359.52,15354.77,15355.02,112
SQ:NAS100,2023-08-08T03:46:00+02:00,15355.02,15358.02,15354.77,15355.77,84
SQ:NAS100,2023-08-08T03:47:00+02:00,15355.77,15357.77,15354.52,15355.77,66
SQ:NAS100,2023-08-08T03:48:00+02:00,15355.77,15359.52,15354.27,15358.77,74
SQ:NAS100,2023-08-08T03:49:00+02:00,15358.77,15360.77,15358.52,15359.77,79
SQ:NAS100,2023-08-08T03:50:00+02:00,15359.77,15362.77,15359.27,15362.77,77
SQ:NAS100,2023-08-08T03:51:00+02:00,15362.52,15364.27,15361.27,15363.52,87
SQ:NAS100,2023-08-08T03:52:00+02:00,15363.27,15363.52,15360.27,15362.02,71
SQ:NAS100,2023-08-08T03:53:00+02:00,15361.77,15362.02,15357.77,15359.02,73
SQ:NAS100,2023-08-08T03:54:00+02:00,15359.02,15359.77,15357.77,15358.27,71
SQ:NAS100,2023-08-08T03:55:00+02:00,15358.27,15358.52,15355.77,15358.27,74
SQ:NAS100,2023-08-08T03:56:00+02:00,15358.27,15360.02,15358.02,15358.77,69
SQ:NAS100,2023-08-08T03:57:00+02:00,15358.77,15358.77,15344.27,15350.02,98
SQ:NAS100,2023-08-08T03:58:00+02:00,15350.27,15351.52,15345.52,15346.52,142
SQ:NAS100,2023-08-08T03:59:00+02:00,15346.77,15349.52,15344.52,15346.77,110
SQ:NAS100,2023-08-08T04:00:00+02:00,15346.77,15346.77,15341.52,15343.27,112
SQ:NAS100,2023-08-08T04:01:00+02:00,15343.02,15344.02,15340.27,15343.02,108
SQ:NAS100,2023-08-08T04:02:00+02:00,15343.02,15343.27,15340.52,15341.27,83
SQ:NAS100,2023-08-08T04:03:00+02:00,15341.27,15343.52,15338.02,15343.02,117
SQ:NAS100,2023-08-08T04:04:00+02:00,15343.02,15347.77,15343.02,15347.02,111
SQ:NAS100,2023-08-08T04:05:00+02:00,15347.02,15348.52,15345.52,15348.02,106
SQ:NAS100,2023-08-08T04:06:00+02:00,15348.02,15348.77,15346.77,15347.02,73
SQ:NAS100,2023-08-08T04:07:00+02:00,15347.02,15347.77,15345.02,15346.02,77
SQ:NAS100,2023-08-08T04:08:00+02:00,15346.02,15349.77,15345.27,15347.02,90
SQ:NAS100,2023-08-08T04:09:00+02:00,15347.02,15347.27,15344.77,15344.77,58
SQ:NAS100,2023-08-08T04:10:00+02:00,15344.77,15348.52,15344.77,15347.52,82
SQ:NAS100,2023-08-08T04:11:00+02:00,15347.52,15349.77,15346.27,15349.27,78
SQ:NAS100,2023-08-08T04:12:00+02:00,15349.27,15350.52,15349.02,15349.77,58
SQ:NAS100,2023-08-08T04:13:00+02:00,15350.02,15350.77,15348.27,15349.77,59
SQ:NAS100,2023-08-08T04:14:00+02:00,15349.77,15350.77,15348.27,15348.52,50
SQ:NAS100,2023-08-08T04:15:00+02:00,15348.52,15350.77,15348.52,15350.52,37
SQ:NAS100,2023-08-08T04:16:00+02:00,15350.52,15352.52,15350.27,15351.52,57
SQ:NAS100,2023-08-08T04:17:00+02:00,15351.52,15354.02,15351.52,15353.02,57
SQ:NAS100,2023-08-08T04:18:00+02:00,15353.02,15357.77,15352.02,15357.77,78
SQ:NAS100,2023-08-08T04:19:00+02:00,15358.02,15358.77,15356.02,15356.77,78
SQ:NAS100,2023-08-08T04:20:00+02:00,15356.77,15357.27,15352.77,15353.02,80
SQ:NAS100,2023-08-08T04:21:00+02:00,15353.02,15356.77,15351.27,15356.77,77
SQ:NAS100,2023-08-08T04:22:00+02:00,15356.77,15356.77,15354.02,15355.02,47
SQ:NAS100,2023-08-08T04:23:00+02:00,15355.02,15358.02,15354.77,15358.02,40
SQ:NAS100,2023-08-08T04:24:00+02:00,15358.02,15359.77,15354.52,15355.02,70
SQ:NAS100,2023-08-08T04:25:00+02:00,15354.77,15357.27,15354.77,15356.77,52
SQ:NAS100,2023-08-08T04:26:00+02:00,15356.52,15361.27,15356.27,15361.27,61
SQ:NAS100,2023-08-08T04:27:00+02:00,15361.27,15361.27,15358.02,15358.52,53
SQ:NAS100,2023-08-08T04:28:00+02:00,15358.52,15359.02,15356.02,15357.02,45
SQ:NAS100,2023-08-08T04:29:00+02:00,15356.77,15357.77,15356.02,15357.52,53
SQ:NAS100,2023-08-08T04:30:00+02:00,15357.52,15358.77,15357.27,15358.27,51
SQ:NAS100,2023-08-08T04:31:00+02:00,15358.27,15358.27,15355.02,15355.77,55
SQ:NAS100,2023-08-08T04:32:00+02:00,15355.77,15358.27,15355.77,15357.27,46
SQ:NAS100,2023-08-08T04:33:00+02:00,15357.52,15360.02,15357.52,15360.02,45
SQ:NAS100,2023-08-08T04:34:00+02:00,15360.02,15360.77,15355.52,15357.02,54
SQ:NAS100,2023-08-08T04:35:00+02:00,15357.02,15357.02,15355.52,15356.02,44
SQ:NAS100,2023-08-08T04:36:00+02:00,15356.02,15358.77,15356.02,15357.77,44
SQ:NAS100,2023-08-08T04:37:00+02:00,15358.02,15361.02,15358.02,15359.52,52
SQ:NAS100,2023-08-08T04:38:00+02:00,15359.52,15360.52,15358.27,15358.27,59
SQ:NAS100,2023-08-08T04:39:00+02:00,15358.27,15363.02,15357.77,15363.02,84
SQ:NAS100,2023-08-08T04:40:00+02:00,15363.02,15363.27,15361.52,15362.02,78
SQ:NAS100,2023-08-08T04:41:00+02:00,15362.02,15364.27,15359.52,15359.77,65
SQ:NAS100,2023-08-08T04:42:00+02:00,15359.77,15361.52,15359.27,15361.02,44
SQ:NAS100,2023-08-08T04:43:00+02:00,15361.02,15363.52,15361.02,15362.77,54
SQ:NAS100,2023-08-08T04:44:00+02:00,15362.77,15363.27,15361.52,15363.02,48
SQ:NAS100,2023-08-08T04:45:00+02:00,15363.27,15363.27,15360.77,15361.27,32
SQ:NAS100,2023-08-08T04:46:00+02:00,15361.02,15361.52,15358.52,15359.02,58
SQ:NAS100,2023-08-08T04:47:00+02:00,15359.02,15359.27,15357.77,15357.77,42
SQ:NAS100,2023-08-08T04:48:00+02:00,15357.77,15359.77,15357.77,15359.77,49
SQ:NAS100,2023-08-08T04:49:00+02:00,15359.77,15359.77,15357.77,15358.02,40
SQ:NAS100,2023-08-08T04:50:00+02:00,15358.02,15358.52,15356.77,15357.27,38
SQ:NAS100,2023-08-08T04:51:00+02:00,15357.27,15359.27,15357.27,15358.02,45
SQ:NAS100,2023-08-08T04:52:00+02:00,15358.02,15360.02,15357.52,15357.77,41
SQ:NAS100,2023-08-08T04:53:00+02:00,15357.77,15360.77,15357.77,15360.52,36
SQ:NAS100,2023-08-08T04:54:00+02:00,15360.52,15361.77,15359.27,15359.77,46
SQ:NAS100,2023-08-08T04:55:00+02:00,15359.77,15362.02,15359.52,15360.77,42
SQ:NAS100,2023-08-08T04:56:00+02:00,15360.77,15361.02,15359.27,15359.77,36
SQ:NAS100,2023-08-08T04:57:00+02:00,15360.02,15362.02,15358.52,15361.77,32
SQ:NAS100,2023-08-08T04:58:00+02:00,15361.77,15361.77,15359.77,15360.27,24
SQ:NAS100,2023-08-08T04:59:00+02:00,15359.77,15361.77,15359.52,15360.02,55
SQ:NAS100,2023-08-08T05:00:00+02:00,15360.02,15360.27,15356.77,15357.27,61
SQ:NAS100,2023-08-08T05:01:00+02:00,15357.27,15358.52,15357.02,15357.27,41
SQ:NAS100,2023-08-08T05:02:00+02:00,15357.02,15359.02,15357.02,15358.02,28
SQ:NAS100,2023-08-08T05:03:00+02:00,15358.02,15358.27,15357.02,15357.52,33
SQ:NAS100,2023-08-08T05:04:00+02:00,15357.52,15358.02,15356.27,15356.77,42
SQ:NAS100,2023-08-08T05:05:00+02:00,15356.27,15356.52,15351.77,15353.02,50
SQ:NAS100,2023-08-08T05:06:00+02:00,15353.02,15356.77,15353.02,15356.77,49
SQ:NAS100,2023-08-08T05:07:00+02:00,15356.77,15357.77,15355.77,15357.77,41
SQ:NAS100,2023-08-08T05:08:00+02:00,15357.77,15358.02,15354.52,15354.52,51
SQ:NAS100,2023-08-08T05:09:00+02:00,15354.52,15355.27,15353.52,15354.52,39
SQ:NAS100,2023-08-08T05:10:00+02:00,15354.52,15356.52,15353.52,15356.52,37
SQ:NAS100,2023-08-08T05:11:00+02:00,15356.27,15358.77,15356.27,15357.77,48
SQ:NAS100,2023-08-08T05:12:00+02:00,15358.02,15358.52,15357.02,15357.27,29
SQ:NAS100,2023-08-08T05:13:00+02:00,15357.52,15361.77,15357.02,15361.77,44
SQ:NAS100,2023-08-08T05:14:00+02:00,15361.27,15365.77,15360.77,15365.27,91
SQ:NAS100,2023-08-08T05:15:00+02:00,15365.27,15367.02,15364.27,15364.77,68
SQ:NAS100,2023-08-08T05:16:00+02:00,15364.77,15364.77,15361.77,15362.02,58
SQ:NAS100,2023-08-08T05:17:00+02:00,15362.02,15362.27,15360.77,15361.02,33
SQ:NAS100,2023-08-08T05:18:00+02:00,15361.02,15361.02,15357.02,15358.02,63
SQ:NAS100,2023-08-08T05:19:00+02:00,15358.52,15358.52,15351.77,15352.77,67
SQ:NAS100,2023-08-08T05:20:00+02:00,15352.77,15352.77,15349.52,15350.27,60
SQ:NAS100,2023-08-08T05:21:00+02:00,15350.27,15351.02,15349.27,15349.77,45
SQ:NAS100,2023-08-08T05:22:00+02:00,15349.77,15351.02,15347.02,15348.27,56
SQ:NAS100,2023-08-08T05:23:00+02:00,15348.27,15351.02,15348.02,15350.52,60
SQ:NAS100,2023-08-08T05:24:00+02:00,15350.77,15352.02,15350.27,15351.02,44
SQ:NAS100,2023-08-08T05:25:00+02:00,15351.02,15351.27,15349.27,15351.02,31
SQ:NAS100,2023-08-08T05:26:00+02:00,15351.27,15351.27,15349.02,15350.27,34
SQ:NAS100,2023-08-08T05:27:00+02:00,15350.52,15350.52,15348.77,15349.52,28
SQ:NAS100,2023-08-08T05:28:00+02:00,15349.52,15351.27,15349.27,15350.27,30
SQ:NAS100,2023-08-08T05:29:00+02:00,15350.52,15350.52,15349.02,15349.77,40
SQ:NAS100,2023-08-08T05:30:00+02:00,15349.77,15350.52,15347.77,15350.27,54
SQ:NAS100,2023-08-08T05:31:00+02:00,15350.27,15352.27,15349.52,15350.52,52
SQ:NAS100,2023-08-08T05:32:00+02:00,15350.52,15353.52,15350.52,15352.52,49
SQ:NAS100,2023-08-08T05:33:00+02:00,15352.52,15352.52,15347.02,15349.27,57
SQ:NAS100,2023-08-08T05:34:00+02:00,15349.27,15349.27,15346.02,15346.77,45
SQ:NAS100,2023-08-08T05:35:00+02:00,15346.77,15349.02,15346.27,15348.77,45
SQ:NAS100,2023-08-08T05:36:00+02:00,15348.77,15350.02,15348.52,15349.52,32
SQ:NAS100,2023-08-08T05:37:00+02:00,15349.77,15351.02,15349.02,15349.52,34
SQ:NAS100,2023-08-08T05:38:00+02:00,15349.52,15349.52,15348.27,15348.27,30
SQ:NAS100,2023-08-08T05:39:00+02:00,15348.52,15348.52,15347.27,15348.02,30
SQ:NAS100,2023-08-08T05:40:00+02:00,15347.77,15349.52,15347.77,15348.77,25
SQ:NAS100,2023-08-08T05:41:00+02:00,15348.77,15349.02,15346.77,15348.27,30
SQ:NAS100,2023-08-08T05:42:00+02:00,15348.27,15351.52,15347.27,15351.52,28
SQ:NAS100,2023-08-08T05:43:00+02:00,15351.52,15352.77,15350.77,15352.27,61
SQ:NAS100,2023-08-08T05:44:00+02:00,15352.02,15352.27,15349.77,15350.52,26
SQ:NAS100,2023-08-08T05:45:00+02:00,15350.27,15351.77,15349.77,15351.77,15
SQ:NAS100,2023-08-08T05:46:00+02:00,15351.77,15355.27,15351.77,15355.27,50
SQ:NAS100,2023-08-08T05:47:00+02:00,15355.27,15357.52,15355.27,15357.27,42
SQ:NAS100,2023-08-08T05:48:00+02:00,15357.02,15358.02,15355.02,15355.02,56
SQ:NAS100,2023-08-08T05:49:00+02:00,15355.27,15356.27,15354.77,15356.27,36
SQ:NAS100,2023-08-08T05:50:00+02:00,15356.02,15356.52,15354.77,15356.02,42
SQ:NAS100,2023-08-08T05:51:00+02:00,15356.27,15356.77,15355.52,15355.52,27
SQ:NAS100,2023-08-08T05:52:00+02:00,15355.52,15355.52,15353.52,15354.77,31
SQ:NAS100,2023-08-08T05:53:00+02:00,15354.77,15355.02,15353.77,15353.77,38
SQ:NAS100,2023-08-08T05:54:00+02:00,15354.02,15354.77,15353.27,15354.27,19
SQ:NAS100,2023-08-08T05:55:00+02:00,15354.27,15355.02,15353.77,15354.27,18
SQ:NAS100,2023-08-08T05:56:00+02:00,15354.27,15354.27,15350.02,15350.02,36
SQ:NAS100,2023-08-08T05:57:00+02:00,15350.02,15352.02,15349.52,15351.77,35
SQ:NAS100,2023-08-08T05:58:00+02:00,15351.77,15352.27,15351.02,15351.77,24
SQ:NAS100,2023-08-08T05:59:00+02:00,15351.77,15352.02,15350.52,15351.02,26
SQ:NAS100,2023-08-08T06:00:00+02:00,15351.02,15351.77,15350.52,15351.52,32
SQ:NAS100,2023-08-08T06:01:00+02:00,15351.52,15351.52,15349.77,15351.27,24
SQ:NAS100,2023-08-08T06:02:00+02:00,15351.52,15353.27,15351.52,15352.27,28
SQ:NAS100,2023-08-08T06:03:00+02:00,15352.27,15352.52,15351.77,15352.02,20
SQ:NAS100,2023-08-08T06:04:00+02:00,15351.77,15352.27,15350.52,15350.52,17
SQ:NAS100,2023-08-08T06:05:00+02:00,15350.52,15351.27,15350.27,15351.02,22
SQ:NAS100,2023-08-08T06:06:00+02:00,15351.02,15351.27,15349.27,15349.52,25
SQ:NAS100,2023-08-08T06:07:00+02:00,15349.52,15350.52,15348.77,15350.02,30
SQ:NAS100,2023-08-08T06:08:00+02:00,15350.02,15352.27,15349.77,15352.02,29
SQ:NAS100,2023-08-08T06:09:00+02:00,15352.02,15353.02,15352.02,15352.77,24
SQ:NAS100,2023-08-08T06:10:00+02:00,15352.77,15353.27,15352.27,15353.02,20
SQ:NAS100,2023-08-08T06:11:00+02:00,15353.27,15353.27,15350.77,15351.77,21
SQ:NAS100,2023-08-08T06:12:00+02:00,15351.52,15352.27,15350.77,15351.77,20
SQ:NAS100,2023-08-08T06:13:00+02:00,15351.77,15353.27,15351.77,15352.52,30
SQ:NAS100,2023-08-08T06:14:00+02:00,15352.52,15353.77,15352.27,15353.27,21
SQ:NAS100,2023-08-08T06:15:00+02:00,15353.27,15354.77,15352.02,15354.02,25
SQ:NAS100,2023-08-08T06:16:00+02:00,15354.02,15355.27,15354.02,15354.77,30
SQ:NAS100,2023-08-08T06:17:00+02:00,15354.52,15356.02,15354.52,15356.02,14
SQ:NAS100,2023-08-08T06:18:00+02:00,15356.02,15356.77,15355.52,15356.27,22
SQ:NAS100,2023-08-08T06:19:00+02:00,15356.27,15356.27,15354.27,15354.52,16
SQ:NAS100,2023-08-08T06:20:00+02:00,15354.77,15354.77,15354.02,15354.02,16
SQ:NAS100,2023-08-08T06:21:00+02:00,15354.02,15355.27,15353.77,15355.27,17
SQ:NAS100,2023-08-08T06:22:00+02:00,15355.27,15355.77,15354.52,15354.52,10
SQ:NAS100,2023-08-08T06:23:00+02:00,15354.52,15355.02,15354.52,15354.52,10
SQ:NAS100,2023-08-08T06:24:00+02:00,15354.52,15355.27,15354.02,15355.27,16
SQ:NAS100,2023-08-08T06:25:00+02:00,15355.02,15355.77,15354.77,15355.52,11
SQ:NAS100,2023-08-08T06:26:00+02:00,15355.52,15355.52,15354.77,15355.52,12
SQ:NAS100,2023-08-08T06:27:00+02:00,15355.52,15356.77,15355.27,15356.77,10
SQ:NAS100,2023-08-08T06:28:00+02:00,15356.77,15357.77,15356.27,15356.77,26
SQ:NAS100,2023-08-08T06:29:00+02:00,15356.77,15356.77,15355.77,15355.77,13
SQ:NAS100,2023-08-08T06:30:00+02:00,15355.77,15359.77,15355.77,15358.52,53
SQ:NAS100,2023-08-08T06:31:00+02:00,15358.52,15358.77,15356.02,15356.02,25
SQ:NAS100,2023-08-08T06:32:00+02:00,15356.02,15356.27,15354.02,15355.27,38
SQ:NAS100,2023-08-08T06:33:00+02:00,15355.27,15355.27,15354.27,15355.02,17
SQ:NAS100,2023-08-08T06:34:00+02:00,15355.02,15356.52,15355.02,15356.02,10
SQ:NAS100,2023-08-08T06:35:00+02:00,15355.77,15356.02,15355.02,15356.02,18
SQ:NAS100,2023-08-08T06:36:00+02:00,15356.27,15356.52,15355.02,15355.27,13
SQ:NAS100,2023-08-08T06:37:00+02:00,15355.27,15356.02,15354.52,15356.02,22
SQ:NAS100,2023-08-08T06:38:00+02:00,15356.02,15357.02,15356.02,15356.77,12
SQ:NAS100,2023-08-08T06:39:00+02:00,15356.77,15357.52,15356.27,15357.52,16
SQ:NAS100,2023-08-08T06:40:00+02:00,15357.52,15358.27,15357.27,15358.02,18
SQ:NAS100,2023-08-08T06:41:00+02:00,15357.77,15358.27,15357.77,15358.02,14
SQ:NAS100,2023-08-08T06:42:00+02:00,15358.27,15359.02,15358.27,15359.02,20
SQ:NAS100,2023-08-08T06:43:00+02:00,15358.77,15359.77,15358.02,15359.52,24
SQ:NAS100,2023-08-08T06:44:00+02:00,15359.52,15360.02,15359.27,15359.52,19
SQ:NAS100,2023-08-08T06:45:00+02:00,15359.52,15360.02,15359.27,15359.52,18
SQ:NAS100,2023-08-08T06:46:00+02:00,15359.52,15360.02,15358.77,15359.02,23
SQ:NAS100,2023-08-08T06:47:00+02:00,15359.02,15359.27,15358.77,15358.77,14
SQ:NAS100,2023-08-08T06:48:00+02:00,15358.77,15359.27,15358.02,15358.77,38
SQ:NAS100,2023-08-08T06:49:00+02:00,15359.02,15359.52,15358.02,15358.02,18
SQ:NAS100,2023-08-08T06:50:00+02:00,15358.02,15358.52,15357.77,15357.77,9
SQ:NAS100,2023-08-08T06:51:00+02:00,15357.77,15358.27,15357.27,15358.27,21
SQ:NAS100,2023-08-08T06:52:00+02:00,15358.02,15359.52,15357.77,15359.52,16
SQ:NAS100,2023-08-08T06:53:00+02:00,15359.52,15361.77,15359.27,15361.02,38
SQ:NAS100,2023-08-08T06:54:00+02:00,15361.02,15362.77,15360.02,15362.52,26
SQ:NAS100,2023-08-08T06:55:00+02:00,15362.52,15363.52,15361.52,15362.02,27
SQ:NAS100,2023-08-08T06:56:00+02:00,15362.02,15362.27,15361.02,15362.27,17
SQ:NAS100,2023-08-08T06:57:00+02:00,15362.27,15362.27,15360.77,15361.77,18
SQ:NAS100,2023-08-08T06:58:00+02:00,15361.77,15361.77,15360.02,15360.27,13
SQ:NAS100,2023-08-08T06:59:00+02:00,15360.27,15360.52,15359.02,15359.52,21
SQ:NAS100,2023-08-08T07:00:00+02:00,15359.52,15360.77,15357.02,15359.52,72
SQ:NAS100,2023-08-08T07:01:00+02:00,15359.52,15360.52,15358.27,15358.52,37
SQ:NAS100,2023-08-08T07:02:00+02:00,15358.52,15358.52,15353.02,15355.02,71
SQ:NAS100,2023-08-08T07:03:00+02:00,15355.02,15357.02,15354.77,15355.27,43
SQ:NAS100,2023-08-08T07:04:00+02:00,15355.27,15359.02,15355.27,15358.27,46
SQ:NAS100,2023-08-08T07:05:00+02:00,15358.27,15362.02,15358.27,15360.77,40
SQ:NAS100,2023-08-08T07:06:00+02:00,15361.02,15361.27,15359.77,15360.27,32
SQ:NAS100,2023-08-08T07:07:00+02:00,15360.52,15361.52,15360.02,15360.77,29
SQ:NAS100,2023-08-08T07:08:00+02:00,15360.52,15360.77,15359.27,15360.27,35
SQ:NAS100,2023-08-08T07:09:00+02:00,15360.27,15360.27,15357.77,15358.02,19
SQ:NAS100,2023-08-08T07:10:00+02:00,15358.02,15358.52,15356.27,15358.02,44
SQ:NAS100,2023-08-08T07:11:00+02:00,15358.27,15360.52,15358.02,15360.02,37
SQ:NAS100,2023-08-08T07:12:00+02:00,15360.02,15362.52,15359.52,15361.02,37
SQ:NAS100,2023-08-08T07:13:00+02:00,15361.02,15361.52,15359.77,15361.02,37
SQ:NAS100,2023-08-08T07:14:00+02:00,15361.27,15361.52,15359.27,15360.02,32
SQ:NAS100,2023-08-08T07:15:00+02:00,15360.02,15360.27,15359.27,15360.27,35
SQ:NAS100,2023-08-08T07:16:00+02:00,15360.27,15360.27,15356.52,15357.02,34
SQ:NAS100,2023-08-08T07:17:00+02:00,15357.27,15357.27,15355.52,15356.27,33
SQ:NAS100,2023-08-08T07:18:00+02:00,15356.27,15358.02,15355.52,15358.02,38
SQ:NAS100,2023-08-08T07:19:00+02:00,15358.02,15358.77,15357.77,15358.02,18
SQ:NAS100,2023-08-08T07:20:00+02:00,15358.02,15361.02,15358.02,15360.52,31
SQ:NAS100,2023-08-08T07:21:00+02:00,15360.52,15360.77,15357.77,15358.02,40
SQ:NAS100,2023-08-08T07:22:00+02:00,15358.02,15358.02,15355.02,15355.02,44
SQ:NAS100,2023-08-08T07:23:00+02:00,15355.02,15355.77,15353.77,15355.02,41
SQ:NAS100,2023-08-08T07:24:00+02:00,15355.02,15355.02,15351.52,15352.52,54
SQ:NAS100,2023-08-08T07:25:00+02:00,15352.77,15357.77,15352.52,15356.52,46
SQ:NAS100,2023-08-08T07:26:00+02:00,15356.52,15358.77,15356.52,15357.77,40
SQ:NAS100,2023-08-08T07:27:00+02:00,15357.77,15357.77,15356.02,15357.52,32
SQ:NAS100,2023-08-08T07:28:00+02:00,15357.77,15358.27,15355.77,15356.02,30
SQ:NAS100,2023-08-08T07:29:00+02:00,15356.02,15356.27,15353.77,15353.77,40
SQ:NAS100,2023-08-08T07:30:00+02:00,15353.77,15354.27,15351.77,15352.52,47
SQ:NAS100,2023-08-08T07:31:00+02:00,15352.52,15353.77,15352.02,15353.52,32
SQ:NAS100,2023-08-08T07:32:00+02:00,15353.52,15356.52,15353.52,15355.27,51
SQ:NAS100,2023-08-08T07:33:00+02:00,15355.27,15355.52,15352.27,15353.02,50
SQ:NAS100,2023-08-08T07:34:00+02:00,15353.02,15353.77,15350.27,15350.52,48
SQ:NAS100,2023-08-08T07:35:00+02:00,15350.52,15351.27,15349.02,15350.02,60
SQ:NAS100,2023-08-08T07:36:00+02:00,15350.27,15351.02,15349.52,15350.52,45
SQ:NAS100,2023-08-08T07:37:00+02:00,15350.27,15351.27,15349.52,15351.27,48
SQ:NAS100,2023-08-08T07:38:00+02:00,15351.02,15351.02,15349.52,15349.77,21
SQ:NAS100,2023-08-08T07:39:00+02:00,15349.52,15353.02,15349.52,15352.77,45
SQ:NAS100,2023-08-08T07:40:00+02:00,15353.02,15353.52,15351.02,15351.02,22
SQ:NAS100,2023-08-08T07:41:00+02:00,15351.27,15352.02,15350.27,15350.77,43
SQ:NAS100,2023-08-08T07:42:00+02:00,15350.77,15352.52,15350.77,15352.27,32
SQ:NAS100,2023-08-08T07:43:00+02:00,15352.27,15354.02,15352.02,15353.52,26
SQ:NAS100,2023-08-08T07:44:00+02:00,15353.52,15354.02,15352.52,15352.77,43
SQ:NAS100,2023-08-08T07:45:00+02:00,15352.77,15352.77,15352.02,15352.27,24
SQ:NAS100,2023-08-08T07:46:00+02:00,15352.27,15353.02,15351.27,15353.02,21
SQ:NAS100,2023-08-08T07:47:00+02:00,15352.77,15353.02,15351.77,15352.02,16
SQ:NAS100,2023-08-08T07:48:00+02:00,15352.02,15352.77,15351.02,15351.52,36
SQ:NAS100,2023-08-08T07:49:00+02:00,15351.52,15351.52,15349.02,15349.52,38
SQ:NAS100,2023-08-08T07:50:00+02:00,15350.02,15351.02,15349.52,15351.02,45
SQ:NAS100,2023-08-08T07:51:00+02:00,15350.77,15351.02,15343.27,15344.27,73
SQ:NAS100,2023-08-08T07:52:00+02:00,15344.52,15347.77,15344.27,15347.02,50
SQ:NAS100,2023-08-08T07:53:00+02:00,15346.77,15347.02,15340.02,15340.27,78
SQ:NAS100,2023-08-08T07:54:00+02:00,15340.27,15344.02,15338.77,15338.77,77
SQ:NAS100,2023-08-08T07:55:00+02:00,15339.02,15339.52,15328.02,15329.52,128
SQ:NAS100,2023-08-08T07:56:00+02:00,15329.27,15331.52,15328.27,15328.27,87
SQ:NAS100,2023-08-08T07:57:00+02:00,15329.27,15331.27,15327.77,15329.02,70
SQ:NAS100,2023-08-08T07:58:00+02:00,15329.02,15330.52,15328.27,15329.02,78
SQ:NAS100,2023-08-08T07:59:00+02:00,15328.77,15329.77,15326.02,15329.77,73
SQ:NAS100,2023-08-08T08:00:00+02:00,15329.77,15332.27,15328.02,15329.27,122
SQ:NAS100,2023-08-08T08:01:00+02:00,15329.02,15329.52,15324.77,15326.77,123
SQ:NAS100,2023-08-08T08:02:00+02:00,15326.77,15330.52,15326.27,15330.02,96
SQ:NAS100,2023-08-08T08:03:00+02:00,15330.02,15334.02,15329.77,15332.77,76
SQ:NAS100,2023-08-08T08:04:00+02:00,15333.02,15333.77,15327.77,15328.77,92
SQ:NAS100,2023-08-08T08:05:00+02:00,15329.02,15329.02,15324.27,15327.27,93
SQ:NAS100,2023-08-08T08:06:00+02:00,15327.02,15327.02,15320.77,15324.52,86
SQ:NAS100,2023-08-08T08:07:00+02:00,15324.02,15326.77,15321.02,15321.77,92
SQ:NAS100,2023-08-08T08:08:00+02:00,15321.77,15324.02,15319.27,15322.27,98
SQ:NAS100,2023-08-08T08:09:00+02:00,15322.02,15325.02,15322.02,15323.02,98
SQ:NAS100,2023-08-08T08:10:00+02:00,15323.02,15326.02,15321.77,15322.02,86
SQ:NAS100,2023-08-08T08:11:00+02:00,15322.27,15324.27,15320.77,15323.77,60
SQ:NAS100,2023-08-08T08:12:00+02:00,15323.52,15326.02,15321.77,15326.02,55
SQ:NAS100,2023-08-08T08:13:00+02:00,15326.02,15327.52,15322.77,15327.52,90
SQ:NAS100,2023-08-08T08:14:00+02:00,15328.02,15328.52,15324.77,15326.52,86
SQ:NAS100,2023-08-08T08:15:00+02:00,15326.52,15329.02,15323.77,15328.02,84
SQ:NAS100,2023-08-08T08:16:00+02:00,15327.77,15331.27,15327.52,15331.27,69
SQ:NAS100,2023-08-08T08:17:00+02:00,15331.02,15331.52,15328.27,15330.02,78
SQ:NAS100,2023-08-08T08:18:00+02:00,15330.02,15333.02,15329.52,15332.27,73
SQ:NAS100,2023-08-08T08:19:00+02:00,15332.02,15333.02,15329.77,15330.02,50
SQ:NAS100,2023-08-08T08:20:00+02:00,15330.02,15334.02,15330.02,15333.52,62
SQ:NAS100,2023-08-08T08:21:00+02:00,15333.52,15335.02,15330.27,15330.77,46
SQ:NAS100,2023-08-08T08:22:00+02:00,15330.52,15332.77,15327.77,15332.77,71
SQ:NAS100,2023-08-08T08:23:00+02:00,15332.77,15333.52,15331.02,15333.02,70
SQ:NAS100,2023-08-08T08:24:00+02:00,15333.02,15333.02,15330.52,15331.52,38
SQ:NAS100,2023-08-08T08:25:00+02:00,15331.77,15332.77,15329.77,15332.77,40
SQ:NAS100,2023-08-08T08:26:00+02:00,15332.77,15333.02,15330.77,15332.02,42
SQ:NAS100,2023-08-08T08:27:00+02:00,15332.27,15333.02,15328.27,15329.02,51
SQ:NAS100,2023-08-08T08:28:00+02:00,15329.02,15329.52,15327.27,15328.27,57
SQ:NAS100,2023-08-08T08:29:00+02:00,15328.27,15328.77,15326.27,15327.27,62
SQ:NAS100,2023-08-08T08:30:00+02:00,15327.27,15329.52,15325.02,15325.77,84
SQ:NAS100,2023-08-08T08:31:00+02:00,15325.77,15326.02,15323.02,15325.27,64
SQ:NAS100,2023-08-08T08:32:00+02:00,15325.27,15329.02,15325.27,15328.27,55
SQ:NAS100,2023-08-08T08:33:00+02:00,15328.27,15331.77,15328.27,15331.77,47
SQ:NAS100,2023-08-08T08:34:00+02:00,15331.77,15333.27,15330.27,15331.27,46
SQ:NAS100,2023-08-08T08:35:00+02:00,15331.27,15332.52,15329.27,15331.02,45
SQ:NAS100,2023-08-08T08:36:00+02:00,15331.02,15333.52,15330.77,15332.52,42
SQ:NAS100,2023-08-08T08:37:00+02:00,15332.52,15333.02,15331.02,15332.52,40
SQ:NAS100,2023-08-08T08:38:00+02:00,15332.52,15333.52,15331.52,15332.02,33
SQ:NAS100,2023-08-08T08:39:00+02:00,15332.02,15332.27,15331.02,15331.77,30
SQ:NAS100,2023-08-08T08:40:00+02:00,15331.77,15332.77,15331.02,15331.52,47
SQ:NAS100,2023-08-08T08:41:00+02:00,15331.77,15334.02,15330.27,15333.02,40
SQ:NAS100,2023-08-08T08:42:00+02:00,15333.27,15333.27,15331.02,15331.02,34
SQ:NAS100,2023-08-08T08:43:00+02:00,15331.02,15333.27,15331.02,15333.02,36
SQ:NAS100,2023-08-08T08:44:00+02:00,15333.27,15335.02,15333.02,15333.27,43
SQ:NAS100,2023-08-08T08:45:00+02:00,15333.27,15333.27,15327.77,15328.52,54
SQ:NAS100,2023-08-08T08:46:00+02:00,15328.52,15328.77,15326.52,15326.77,37
SQ:NAS100,2023-08-08T08:47:00+02:00,15327.02,15327.27,15323.52,15323.52,52
SQ:NAS100,2023-08-08T08:48:00+02:00,15323.52,15324.52,15323.02,15324.27,67
SQ:NAS100,2023-08-08T08:49:00+02:00,15324.02,15326.52,15322.52,15325.77,61
SQ:NAS100,2023-08-08T08:50:00+02:00,15326.77,15330.77,15326.02,15330.52,77
SQ:NAS100,2023-08-08T08:51:00+02:00,15330.27,15332.27,15329.77,15331.77,48
SQ:NAS100,2023-08-08T08:52:00+02:00,15331.77,15332.77,15330.02,15330.52,55
SQ:NAS100,2023-08-08T08:53:00+02:00,15329.77,15330.27,15325.52,15325.77,82
SQ:NAS100,2023-08-08T08:54:00+02:00,15325.52,15326.52,15324.02,15326.02,61
SQ:NAS100,2023-08-08T08:55:00+02:00,15326.02,15326.27,15322.02,15325.27,56
SQ:NAS100,2023-08-08T08:56:00+02:00,15325.27,15327.27,15323.52,15326.52,57
SQ:NAS100,2023-08-08T08:57:00+02:00,15326.52,15327.02,15325.02,15326.27,56
SQ:NAS100,2023-08-08T08:58:00+02:00,15326.27,15326.52,15324.77,15325.02,55
SQ:NAS100,2023-08-08T08:59:00+02:00,15325.02,15326.52,15322.02,15326.02,89
SQ:NAS100,2023-08-08T09:00:00+02:00,15326.77,15328.77,15321.27,15328.77,256
SQ:NAS100,2023-08-08T09:01:00+02:00,15328.52,15333.77,15324.77,15330.77,208
SQ:NAS100,2023-08-08T09:02:00+02:00,15331.02,15337.52,15327.02,15337.52,181
SQ:NAS100,2023-08-08T09:03:00+02:00,15337.52,15339.77,15333.02,15333.52,178
SQ:NAS100,2023-08-08T09:04:00+02:00,15333.02,15338.77,15332.52,15338.77,100
SQ:NAS100,2023-08-08T09:05:00+02:00,15338.77,15341.27,15336.52,15341.27,136
SQ:NAS100,2023-08-08T09:06:00+02:00,15341.02,15342.52,15335.02,15335.77,130
SQ:NAS100,2023-08-08T09:07:00+02:00,15335.77,15341.02,15334.02,15340.77,143
SQ:NAS100,2023-08-08T09:08:00+02:00,15341.02,15341.77,15339.02,15341.27,131
SQ:NAS100,2023-08-08T09:09:00+02:00,15341.27,15342.77,15338.52,15338.52,97
SQ:NAS100,2023-08-08T09:10:00+02:00,15338.52,15341.27,15337.77,15339.52,98
SQ:NAS100,2023-08-08T09:11:00+02:00,15339.52,15345.02,15339.02,15344.02,108
SQ:NAS100,2023-08-08T09:12:00+02:00,15343.77,15344.02,15341.27,15342.02,98
SQ:NAS100,2023-08-08T09:13:00+02:00,15342.02,15342.77,15337.77,15338.27,89
SQ:NAS100,2023-08-08T09:14:00+02:00,15338.27,15339.02,15331.02,15332.52,118
SQ:NAS100,2023-08-08T09:15:00+02:00,15332.52,15332.52,15327.77,15328.77,136
SQ:NAS100,2023-08-08T09:16:00+02:00,15328.77,15329.02,15323.77,15325.52,112
SQ:NAS100,2023-08-08T09:17:00+02:00,15325.77,15332.02,15325.52,15331.77,128
SQ:NAS100,2023-08-08T09:18:00+02:00,15331.77,15334.52,15330.52,15331.52,132
SQ:NAS100,2023-08-08T09:19:00+02:00,15331.52,15337.27,15331.27,15334.77,124
SQ:NAS100,2023-08-08T09:20:00+02:00,15334.77,15336.27,15326.77,15327.52,119
SQ:NAS100,2023-08-08T09:21:00+02:00,15327.52,15335.52,15327.52,15331.52,122
SQ:NAS100,2023-08-08T09:22:00+02:00,15331.52,15332.27,15329.27,15329.27,77
SQ:NAS100,2023-08-08T09:23:00+02:00,15329.02,15330.02,15327.27,15327.77,92
SQ:NAS100,2023-08-08T09:24:00+02:00,15327.52,15331.52,15327.02,15331.27,88
SQ:NAS100,2023-08-08T09:25:00+02:00,15331.27,15334.77,15329.27,15329.27,145
SQ:NAS100,2023-08-08T09:26:00+02:00,15329.52,15330.77,15326.77,15330.77,119
SQ:NAS100,2023-08-08T09:27:00+02:00,15330.52,15335.52,15330.52,15334.77,131
SQ:NAS100,2023-08-08T09:28:00+02:00,15334.52,15339.77,15333.52,15338.02,134
SQ:NAS100,2023-08-08T09:29:00+02:00,15338.02,15339.27,15336.27,15337.77,103
SQ:NAS100,2023-08-08T09:30:00+02:00,15337.77,15340.02,15335.02,15337.77,130
SQ:NAS100,2023-08-08T09:31:00+02:00,15338.02,15341.52,15337.52,15339.52,154
SQ:NAS100,2023-08-08T09:32:00+02:00,15339.27,15340.77,15335.02,15335.77,108
SQ:NAS100,2023-08-08T09:33:00+02:00,15335.77,15342.27,15335.77,15341.77,87
SQ:NAS100,2023-08-08T09:34:00+02:00,15342.02,15346.02,15342.02,15344.77,125
SQ:NAS100,2023-08-08T09:35:00+02:00,15344.77,15345.52,15341.27,15343.02,113
SQ:NAS100,2023-08-08T09:36:00+02:00,15343.02,15344.77,15340.27,15340.77,113
SQ:NAS100,2023-08-08T09:37:00+02:00,15340.77,15343.77,15340.27,15341.52,107
SQ:NAS100,2023-08-08T09:38:00+02:00,15341.52,15342.77,15336.77,15338.02,112
SQ:NAS100,2023-08-08T09:39:00+02:00,15337.77,15337.77,15333.77,15336.27,115
SQ:NAS100,2023-08-08T09:40:00+02:00,15336.27,15338.02,15327.02,15328.02,153
SQ:NAS100,2023-08-08T09:41:00+02:00,15328.02,15332.02,15328.02,15330.77,135
SQ:NAS100,2023-08-08T09:42:00+02:00,15330.77,15334.77,15328.77,15334.52,102
SQ:NAS100,2023-08-08T09:43:00+02:00,15334.52,15336.27,15331.27,15335.77,87
SQ:NAS100,2023-08-08T09:44:00+02:00,15335.77,15337.52,15334.27,15337.27,77
SQ:NAS100,2023-08-08T09:45:00+02:00,15337.27,15342.77,15337.02,15342.27,114
SQ:NAS100,2023-08-08T09:46:00+02:00,15342.27,15344.02,15341.27,15343.02,96
SQ:NAS100,2023-08-08T09:47:00+02:00,15343.52,15344.27,15342.52,15344.27,76
SQ:NAS100,2023-08-08T09:48:00+02:00,15344.27,15346.27,15342.52,15345.77,76
SQ:NAS100,2023-08-08T09:49:00+02:00,15345.52,15348.27,15345.27,15347.27,118
SQ:NAS100,2023-08-08T09:50:00+02:00,15347.02,15349.52,15346.02,15346.52,88
SQ:NAS100,2023-08-08T09:51:00+02:00,15346.27,15346.77,15344.02,15344.52,86
SQ:NAS100,2023-08-08T09:52:00+02:00,15344.52,15348.27,15344.27,15347.77,85
SQ:NAS100,2023-08-08T09:53:00+02:00,15348.02,15349.27,15346.02,15348.77,83
SQ:NAS100,2023-08-08T09:54:00+02:00,15348.52,15349.52,15346.02,15346.77,68
SQ:NAS100,2023-08-08T09:55:00+02:00,15346.77,15351.27,15346.77,15350.77,91
SQ:NAS100,2023-08-08T09:56:00+02:00,15350.77,15352.27,15349.27,15351.77,91
SQ:NAS100,2023-08-08T09:57:00+02:00,15351.77,15353.77,15350.52,15353.02,75
SQ:NAS100,2023-08-08T09:58:00+02:00,15353.02,15356.27,15352.77,15355.77,91
SQ:NAS100,2023-08-08T09:59:00+02:00,15356.02,15357.02,15354.27,15356.02,79
SQ:NAS100,2023-08-08T10:00:00+02:00,15356.02,15362.02,15356.02,15357.02,157
SQ:NAS100,2023-08-08T10:01:00+02:00,15357.02,15358.52,15353.27,15354.02,96
SQ:NAS100,2023-08-08T10:02:00+02:00,15354.02,15354.77,15350.27,15350.52,90
SQ:NAS100,2023-08-08T10:03:00+02:00,15350.77,15354.27,15349.77,15353.27,86
SQ:NAS100,2023-08-08T10:04:00+02:00,15353.27,15353.52,15348.02,15350.27,97
SQ:NAS100,2023-08-08T10:05:00+02:00,15350.52,15352.77,15348.77,15351.27,105
SQ:NAS100,2023-08-08T10:06:00+02:00,15351.52,15352.27,15347.52,15347.52,79
SQ:NAS100,2023-08-08T10:07:00+02:00,15347.77,15348.52,15344.52,15345.77,73
SQ:NAS100,2023-08-08T10:08:00+02:00,15345.52,15345.52,15339.27,15339.77,114
SQ:NAS100,2023-08-08T10:09:00+02:00,15339.77,15342.77,15339.27,15340.52,104
SQ:NAS100,2023-08-08T10:10:00+02:00,15340.52,15341.52,15338.77,15338.77,74
SQ:NAS100,2023-08-08T10:11:00+02:00,15338.77,15339.52,15336.52,15337.27,84
SQ:NAS100,2023-08-08T10:12:00+02:00,15337.52,15341.02,15336.52,15336.77,113
SQ:NAS100,2023-08-08T10:13:00+02:00,15336.77,15338.77,15334.27,15337.77,124
SQ:NAS100,2023-08-08T10:14:00+02:00,15337.52,15340.27,15336.77,15339.02,96
SQ:NAS100,2023-08-08T10:15:00+02:00,15338.77,15339.77,15336.02,15336.02,76
SQ:NAS100,2023-08-08T10:16:00+02:00,15336.02,15340.02,15334.27,15339.77,98
SQ:NAS100,2023-08-08T10:17:00+02:00,15340.02,15345.52,15339.02,15344.27,114
SQ:NAS100,2023-08-08T10:18:00+02:00,15344.27,15344.52,15341.02,15344.02,77
SQ:NAS100,2023-08-08T10:19:00+02:00,15344.02,15345.02,15340.27,15340.27,76
SQ:NAS100,2023-08-08T10:20:00+02:00,15340.27,15341.02,15337.27,15339.52,89
SQ:NAS100,2023-08-08T10:21:00+02:00,15339.52,15339.52,15337.52,15339.02,64
SQ:NAS100,2023-08-08T10:22:00+02:00,15339.02,15339.27,15331.77,15332.02,74
SQ:NAS100,2023-08-08T10:23:00+02:00,15332.27,15332.52,15329.77,15330.77,90
SQ:NAS100,2023-08-08T10:24:00+02:00,15330.77,15337.27,15330.77,15337.27,86
SQ:NAS100,2023-08-08T10:25:00+02:00,15337.27,15338.77,15334.77,15335.77,72
SQ:NAS100,2023-08-08T10:26:00+02:00,15335.52,15336.27,15334.77,15335.02,64
SQ:NAS100,2023-08-08T10:27:00+02:00,15335.02,15335.02,15330.77,15332.52,71
SQ:NAS100,2023-08-08T10:28:00+02:00,15333.02,15334.02,15330.52,15330.77,99
SQ:NAS100,2023-08-08T10:29:00+02:00,15330.77,15331.52,15328.52,15329.02,89
SQ:NAS100,2023-08-08T10:30:00+02:00,15329.02,15331.52,15327.77,15329.52,117
SQ:NAS100,2023-08-08T10:31:00+02:00,15329.27,15333.52,15329.02,15332.02,88
SQ:NAS100,2023-08-08T10:32:00+02:00,15331.77,15334.02,15329.77,15331.52,113
SQ:NAS100,2023-08-08T10:33:00+02:00,15331.52,15334.02,15331.27,15333.27,79
SQ:NAS100,2023-08-08T10:34:00+02:00,15333.27,15336.02,15331.77,15335.02,101
SQ:NAS100,2023-08-08T10:35:00+02:00,15335.02,15338.02,15333.27,15335.27,107
SQ:NAS100,2023-08-08T10:36:00+02:00,15335.27,15341.27,15334.77,15340.52,119
SQ:NAS100,2023-08-08T10:37:00+02:00,15340.52,15343.02,15340.27,15341.27,97
SQ:NAS100,2023-08-08T10:38:00+02:00,15341.27,15341.27,15336.27,15338.02,103
SQ:NAS100,2023-08-08T10:39:00+02:00,15338.27,15338.27,15335.27,15336.27,66
SQ:NAS100,2023-08-08T10:40:00+02:00,15336.27,15338.52,15335.02,15337.27,70
SQ:NAS100,2023-08-08T10:41:00+02:00,15337.27,15340.77,15337.02,15340.52,65
SQ:NAS100,2023-08-08T10:42:00+02:00,15340.27,15343.52,15340.02,15343.27,76
SQ:NAS100,2023-08-08T10:43:00+02:00,15343.27,15345.52,15342.27,15345.02,71
SQ:NAS100,2023-08-08T10:44:00+02:00,15345.02,15346.77,15343.52,15343.52,63
SQ:NAS100,2023-08-08T10:45:00+02:00,15343.52,15344.77,15343.27,15344.02,48
SQ:NAS100,2023-08-08T10:46:00+02:00,15343.77,15346.52,15343.77,15345.27,65
SQ:NAS100,2023-08-08T10:47:00+02:00,15345.52,15349.27,15344.77,15349.27,76
SQ:NAS100,2023-08-08T10:48:00+02:00,15349.27,15351.02,15347.02,15349.02,91
SQ:NAS100,2023-08-08T10:49:00+02:00,15349.02,15350.02,15346.77,15347.02,71
SQ:NAS100,2023-08-08T10:50:00+02:00,15347.02,15349.52,15344.77,15348.27,80
SQ:NAS100,2023-08-08T10:51:00+02:00,15347.77,15347.77,15345.52,15345.77,64
SQ:NAS100,2023-08-08T10:52:00+02:00,15345.02,15348.52,15344.77,15348.02,62
SQ:NAS100,2023-08-08T10:53:00+02:00,15347.77,15348.52,15346.77,15347.77,56
SQ:NAS100,2023-08-08T10:54:00+02:00,15348.02,15350.02,15347.52,15350.02,59
SQ:NAS100,2023-08-08T10:55:00+02:00,15349.52,15350.27,15347.77,15349.27,68
SQ:NAS100,2023-08-08T10:56:00+02:00,15349.27,15351.02,15346.77,15347.77,77
SQ:NAS100,2023-08-08T10:57:00+02:00,15347.52,15349.27,15347.02,15347.27,63
SQ:NAS100,2023-08-08T10:58:00+02:00,15347.27,15348.27,15346.77,15347.27,63
SQ:NAS100,2023-08-08T10:59:00+02:00,15347.02,15350.77,15346.77,15350.52,54
SQ:NAS100,2023-08-08T11:00:00+02:00,15350.27,15352.52,15349.02,15350.52,79
SQ:NAS100,2023-08-08T11:01:00+02:00,15350.52,15350.52,15348.02,15349.52,45
SQ:NAS100,2023-08-08T11:02:00+02:00,15349.77,15350.02,15346.02,15349.77,72
SQ:NAS100,2023-08-08T11:03:00+02:00,15349.77,15351.27,15348.27,15348.77,83
SQ:NAS100,2023-08-08T11:04:00+02:00,15348.52,15352.27,15348.52,15349.77,70
SQ:NAS100,2023-08-08T11:05:00+02:00,15349.27,15352.02,15349.02,15352.02,55
SQ:NAS100,2023-08-08T11:06:00+02:00,15351.52,15351.77,15348.52,15348.52,58
SQ:NAS100,2023-08-08T11:07:00+02:00,15348.52,15348.52,15343.27,15344.52,94
SQ:NAS100,2023-08-08T11:08:00+02:00,15344.52,15344.77,15339.52,15341.52,106
SQ:NAS100,2023-08-08T11:09:00+02:00,15341.52,15342.52,15337.52,15338.27,94
SQ:NAS100,2023-08-08T11:10:00+02:00,15338.27,15338.27,15334.77,15336.27,101
SQ:NAS100,2023-08-08T11:11:00+02:00,15336.27,15336.27,15332.27,15333.27,86
SQ:NAS100,2023-08-08T11:12:00+02:00,15333.27,15334.27,15332.02,15332.77,78
SQ:NAS100,2023-08-08T11:13:00+02:00,15332.77,15332.77,15329.27,15329.77,110
SQ:NAS100,2023-08-08T11:14:00+02:00,15329.52,15330.02,15325.77,15325.77,105
SQ:NAS100,2023-08-08T11:15:00+02:00,15325.77,15325.77,15319.77,15320.77,160
SQ:NAS100,2023-08-08T11:16:00+02:00,15321.27,15325.27,15319.02,15325.02,145
SQ:NAS100,2023-08-08T11:17:00+02:00,15325.02,15327.27,15323.52,15326.52,123
SQ:NAS100,2023-08-08T11:18:00+02:00,15326.52,15328.02,15325.27,15327.27,114
SQ:NAS100,2023-08-08T11:19:00+02:00,15327.02,15328.02,15322.02,15324.02,92
SQ:NAS100,2023-08-08T11:20:00+02:00,15323.77,15324.77,15321.02,15324.77,110
SQ:NAS100,2023-08-08T11:21:00+02:00,15324.52,15330.27,15324.27,15330.02,145
SQ:NAS100,2023-08-08T11:22:00+02:00,15330.02,15330.02,15324.77,15326.02,89
SQ:NAS100,2023-08-08T11:23:00+02:00,15326.02,15329.02,15324.27,15328.02,95
SQ:NAS100,2023-08-08T11:24:00+02:00,15328.02,15328.52,15325.77,15327.27,54
SQ:NAS100,2023-08-08T11:25:00+02:00,15327.27,15327.27,15323.02,15324.27,98
SQ:NAS100,2023-08-08T11:26:00+02:00,15324.27,15328.27,15323.77,15325.02,94
SQ:NAS100,2023-08-08T11:27:00+02:00,15325.02,15326.27,15322.77,15324.52,89
SQ:NAS100,2023-08-08T11:28:00+02:00,15324.27,15326.52,15322.02,15322.02,114
SQ:NAS100,2023-08-08T11:29:00+02:00,15322.02,15326.02,15322.02,15325.52,119
SQ:NAS100,2023-08-08T11:30:00+02:00,15325.52,15327.52,15325.02,15327.52,96
SQ:NAS100,2023-08-08T11:31:00+02:00,15327.52,15328.77,15324.27,15325.02,69
SQ:NAS100,2023-08-08T11:32:00+02:00,15325.02,15327.52,15321.77,15325.77,94
SQ:NAS100,2023-08-08T11:33:00+02:00,15325.77,15329.02,15324.52,15329.02,92
SQ:NAS100,2023-08-08T11:34:00+02:00,15328.77,15329.27,15324.27,15325.02,94
SQ:NAS100,2023-08-08T11:35:00+02:00,15325.02,15328.02,15323.77,15326.27,75
SQ:NAS100,2023-08-08T11:36:00+02:00,15326.52,15326.52,15321.52,15322.02,98
SQ:NAS100,2023-08-08T11:37:00+02:00,15322.02,15323.77,15320.52,15321.02,116
SQ:NAS100,2023-08-08T11:38:00+02:00,15321.02,15322.02,15318.77,15321.52,89
SQ:NAS100,2023-08-08T11:39:00+02:00,15321.52,15324.52,15321.02,15324.52,86
SQ:NAS100,2023-08-08T11:40:00+02:00,15324.27,15328.02,15323.77,15326.02,111
SQ:NAS100,2023-08-08T11:41:00+02:00,15325.77,15328.02,15323.77,15326.52,93
SQ:NAS100,2023-08-08T11:42:00+02:00,15326.52,15330.77,15323.52,15330.27,115
SQ:NAS100,2023-08-08T11:43:00+02:00,15330.27,15331.52,15328.02,15330.27,111
SQ:NAS100,2023-08-08T11:44:00+02:00,15330.27,15332.02,15328.52,15331.52,96
SQ:NAS100,2023-08-08T11:45:00+02:00,15331.52,15333.27,15328.77,15332.52,94
SQ:NAS100,2023-08-08T11:46:00+02:00,15333.02,15335.52,15330.02,15330.02,118
SQ:NAS100,2023-08-08T11:47:00+02:00,15330.27,15330.52,15328.02,15328.77,101
SQ:NAS100,2023-08-08T11:48:00+02:00,15328.77,15331.27,15326.52,15331.27,89
SQ:NAS100,2023-08-08T11:49:00+02:00,15331.02,15331.02,15327.77,15329.02,82
SQ:NAS100,2023-08-08T11:50:00+02:00,15329.02,15333.77,15328.77,15333.27,98
SQ:NAS100,2023-08-08T11:51:00+02:00,15333.27,15334.02,15329.02,15329.27,81
SQ:NAS100,2023-08-08T11:52:00+02:00,15329.27,15330.02,15328.27,15328.77,58
SQ:NAS100,2023-08-08T11:53:00+02:00,15328.77,15329.02,15325.27,15325.27,90
SQ:NAS100,2023-08-08T11:54:00+02:00,15325.52,15326.27,15323.02,15325.27,94
SQ:NAS100,2023-08-08T11:55:00+02:00,15325.27,15329.77,15325.02,15329.27,104
SQ:NAS100,2023-08-08T11:56:00+02:00,15329.27,15334.02,15327.77,15333.27,105
SQ:NAS100,2023-08-08T11:57:00+02:00,15333.52,15338.02,15333.52,15338.02,96
SQ:NAS100,2023-08-08T11:58:00+02:00,15338.02,15340.77,15337.77,15338.77,102
SQ:NAS100,2023-08-08T11:59:00+02:00,15338.52,15340.77,15337.02,15339.02,79
SQ:NAS100,2023-08-08T12:00:00+02:00,15339.02,15343.52,15338.02,15338.02,145
SQ:NAS100,2023-08-08T12:01:00+02:00,15338.02,15339.52,15335.27,15336.02,91
SQ:NAS100,2023-08-08T12:02:00+02:00,15335.77,15337.52,15334.77,15336.77,100
SQ:NAS100,2023-08-08T12:03:00+02:00,15336.77,15336.77,15329.52,15329.77,119
SQ:NAS100,2023-08-08T12:04:00+02:00,15329.77,15335.27,15329.77,15334.77,111
SQ:NAS100,2023-08-08T12:05:00+02:00,15334.77,15336.02,15333.77,15336.02,71
SQ:NAS100,2023-08-08T12:06:00+02:00,15336.52,15338.77,15335.77,15337.27,98
SQ:NAS100,2023-08-08T12:07:00+02:00,15337.27,15340.77,15336.77,15336.77,98
SQ:NAS100,2023-08-08T12:08:00+02:00,15336.77,15339.77,15336.52,15339.02,113
SQ:NAS100,2023-08-08T12:09:00+02:00,15339.02,15342.52,15337.77,15342.27,102
SQ:NAS100,2023-08-08T12:10:00+02:00,15342.27,15345.02,15339.52,15339.52,115
SQ:NAS100,2023-08-08T12:11:00+02:00,15339.52,15339.52,15336.77,15337.27,73
SQ:NAS100,2023-08-08T12:12:00+02:00,15337.52,15337.52,15334.77,15336.52,77
SQ:NAS100,2023-08-08T12:13:00+02:00,15336.27,15337.77,15332.77,15337.52,90
SQ:NAS100,2023-08-08T12:14:00+02:00,15337.52,15339.27,15335.77,15335.77,101
SQ:NAS100,2023-08-08T12:15:00+02:00,15335.77,15338.77,15334.77,15335.52,76
SQ:NAS100,2023-08-08T12:16:00+02:00,15335.52,15338.52,15335.02,15338.27,65
SQ:NAS100,2023-08-08T12:17:00+02:00,15338.27,15344.77,15338.02,15342.52,112
SQ:NAS100,2023-08-08T12:18:00+02:00,15342.52,15342.52,15338.52,15338.52,67
SQ:NAS100,2023-08-08T12:19:00+02:00,15338.52,15338.52,15331.02,15331.27,77
SQ:NAS100,2023-08-08T12:20:00+02:00,15331.27,15334.27,15330.77,15333.02,79
SQ:NAS100,2023-08-08T12:21:00+02:00,15332.77,15333.02,15328.52,15328.52,55
SQ:NAS100,2023-08-08T12:22:00+02:00,15328.52,15330.27,15326.77,15329.27,77
SQ:NAS100,2023-08-08T12:23:00+02:00,15329.27,15330.77,15325.02,15325.27,97
SQ:NAS100,2023-08-08T12:24:00+02:00,15325.27,15328.77,15323.77,15327.77,104
SQ:NAS100,2023-08-08T12:25:00+02:00,15327.77,15329.27,15326.52,15328.02,83
SQ:NAS100,2023-08-08T12:26:00+02:00,15328.02,15328.27,15324.27,15324.52,80
SQ:NAS100,2023-08-08T12:27:00+02:00,15324.27,15325.77,15323.27,15324.27,80
SQ:NAS100,2023-08-08T12:28:00+02:00,15324.02,15324.02,15321.02,15323.02,115
SQ:NAS100,2023-08-08T12:29:00+02:00,15323.02,15327.02,15322.27,15323.77,136
SQ:NAS100,2023-08-08T12:30:00+02:00,15323.77,15323.77,15315.52,15318.27,118
SQ:NAS100,2023-08-08T12:31:00+02:00,15318.27,15325.52,15315.52,15325.27,124
SQ:NAS100,2023-08-08T12:32:00+02:00,15325.02,15325.27,15320.02,15323.77,87
SQ:NAS100,2023-08-08T12:33:00+02:00,15323.77,15324.02,15319.77,15320.52,89
SQ:NAS100,2023-08-08T12:34:00+02:00,15320.52,15322.77,15320.27,15320.27,71
SQ:NAS100,2023-08-08T12:35:00+02:00,15320.27,15324.52,15320.27,15320.77,80
SQ:NAS100,2023-08-08T12:36:00+02:00,15320.77,15323.52,15320.27,15320.77,72
SQ:NAS100,2023-08-08T12:37:00+02:00,15321.02,15321.77,15318.77,15318.77,56
SQ:NAS100,2023-08-08T12:38:00+02:00,15318.77,15320.02,15317.52,15318.27,76
SQ:NAS100,2023-08-08T12:39:00+02:00,15318.52,15320.77,15318.02,15319.27,72
SQ:NAS100,2023-08-08T12:40:00+02:00,15319.27,15323.77,15318.77,15323.02,103
SQ:NAS100,2023-08-08T12:41:00+02:00,15322.77,15324.27,15320.02,15323.77,85
SQ:NAS100,2023-08-08T12:42:00+02:00,15324.02,15327.02,15323.77,15326.52,95
SQ:NAS100,2023-08-08T12:43:00+02:00,15326.52,15331.02,15326.27,15331.02,81
SQ:NAS100,2023-08-08T12:44:00+02:00,15331.02,15331.27,15325.77,15326.52,81
SQ:NAS100,2023-08-08T12:45:00+02:00,15326.27,15328.27,15324.77,15327.77,83
SQ:NAS100,2023-08-08T12:46:00+02:00,15327.77,15331.02,15326.77,15328.52,94
SQ:NAS100,2023-08-08T12:47:00+02:00,15328.52,15330.52,15326.77,15329.77,68
SQ:NAS100,2023-08-08T12:48:00+02:00,15330.27,15331.27,15328.27,15329.52,66
SQ:NAS100,2023-08-08T12:49:00+02:00,15329.52,15329.77,15327.52,15327.77,33
SQ:NAS100,2023-08-08T12:50:00+02:00,15328.02,15329.52,15326.02,15326.77,63
SQ:NAS100,2023-08-08T12:51:00+02:00,15326.77,15328.02,15326.27,15326.77,53
SQ:NAS100,2023-08-08T12:52:00+02:00,15326.77,15326.77,15320.27,15320.27,87
SQ:NAS100,2023-08-08T12:53:00+02:00,15320.27,15320.27,15317.27,15318.02,84
SQ:NAS100,2023-08-08T12:54:00+02:00,15318.27,15320.77,15314.27,15320.77,134
SQ:NAS100,2023-08-08T12:55:00+02:00,15320.77,15325.27,15319.77,15324.52,130
SQ:NAS100,2023-08-08T12:56:00+02:00,15324.52,15326.77,15323.52,15325.02,109
SQ:NAS100,2023-08-08T12:57:00+02:00,15325.02,15326.02,15319.77,15321.52,101
SQ:NAS100,2023-08-08T12:58:00+02:00,15321.52,15323.02,15319.27,15321.52,114
SQ:NAS100,2023-08-08T12:59:00+02:00,15321.52,15325.27,15321.52,15325.02,90
SQ:NAS100,2023-08-08T13:00:00+02:00,15325.77,15328.77,15317.77,15318.52,161
SQ:NAS100,2023-08-08T13:01:00+02:00,15318.52,15320.02,15313.52,15316.02,133
SQ:NAS100,2023-08-08T13:02:00+02:00,15316.02,15316.52,15309.77,15311.27,141
SQ:NAS100,2023-08-08T13:03:00+02:00,15309.77,15311.52,15306.27,15310.02,130
SQ:NAS100,2023-08-08T13:04:00+02:00,15310.02,15311.77,15308.02,15309.27,111
SQ:NAS100,2023-08-08T13:05:00+02:00,15309.27,15311.27,15306.77,15311.27,126
SQ:NAS100,2023-08-08T13:06:00+02:00,15311.27,15312.27,15303.52,15305.27,109
SQ:NAS100,2023-08-08T13:07:00+02:00,15305.27,15307.27,15302.02,15302.27,101
SQ:NAS100,2023-08-08T13:08:00+02:00,15302.02,15304.77,15299.52,15301.27,141
SQ:NAS100,2023-08-08T13:09:00+02:00,15301.27,15301.77,15297.77,15301.27,105
SQ:NAS100,2023-08-08T13:10:00+02:00,15301.52,15302.02,15293.77,15293.77,152
SQ:NAS100,2023-08-08T13:11:00+02:00,15293.77,15295.77,15291.52,15295.52,133
SQ:NAS100,2023-08-08T13:12:00+02:00,15295.52,15295.52,15289.77,15292.02,132
SQ:NAS100,2023-08-08T13:13:00+02:00,15292.02,15292.52,15286.77,15287.27,115
SQ:NAS100,2023-08-08T13:14:00+02:00,15287.52,15292.77,15287.52,15291.52,128
SQ:NAS100,2023-08-08T13:15:00+02:00,15291.27,15295.02,15289.27,15290.02,122
SQ:NAS100,2023-08-08T13:16:00+02:00,15290.02,15290.02,15284.52,15284.52,116
SQ:NAS100,2023-08-08T13:17:00+02:00,15284.52,15288.52,15284.27,15284.77,129
SQ:NAS100,2023-08-08T13:18:00+02:00,15284.77,15288.27,15284.02,15286.77,105
SQ:NAS100,2023-08-08T13:19:00+02:00,15286.77,15287.27,15283.52,15283.77,113
SQ:NAS100,2023-08-08T13:20:00+02:00,15283.77,15285.27,15281.27,15284.52,120
SQ:NAS100,2023-08-08T13:21:00+02:00,15284.27,15284.52,15281.52,15282.27,93
SQ:NAS100,2023-08-08T13:22:00+02:00,15282.27,15284.52,15282.27,15284.27,97
SQ:NAS100,2023-08-08T13:23:00+02:00,15284.27,15289.77,15283.77,15289.02,141
SQ:NAS100,2023-08-08T13:24:00+02:00,15289.02,15293.52,15286.02,15286.27,149
SQ:NAS100,2023-08-08T13:25:00+02:00,15286.27,15288.77,15284.27,15288.77,97
SQ:NAS100,2023-08-08T13:26:00+02:00,15288.77,15290.27,15286.77,15287.52,77
SQ:NAS100,2023-08-08T13:27:00+02:00,15287.52,15290.77,15286.52,15289.77,78
SQ:NAS100,2023-08-08T13:28:00+02:00,15289.52,15290.52,15285.27,15285.27,85
SQ:NAS100,2023-08-08T13:29:00+02:00,15285.27,15285.27,15282.77,15284.77,110
SQ:NAS100,2023-08-08T13:30:00+02:00,15284.52,15284.52,15275.52,15276.02,172
SQ:NAS100,2023-08-08T13:31:00+02:00,15276.27,15279.02,15268.27,15268.27,169
SQ:NAS100,2023-08-08T13:32:00+02:00,15268.02,15273.27,15266.52,15272.77,191
SQ:NAS100,2023-08-08T13:33:00+02:00,15272.52,15273.02,15269.27,15269.52,112
SQ:NAS100,2023-08-08T13:34:00+02:00,15269.52,15273.27,15267.77,15272.02,111
SQ:NAS100,2023-08-08T13:35:00+02:00,15272.27,15274.02,15270.02,15272.77,111
SQ:NAS100,2023-08-08T13:36:00+02:00,15272.77,15275.52,15271.02,15275.27,116
SQ:NAS100,2023-08-08T13:37:00+02:00,15275.27,15275.27,15266.52,15266.77,132
SQ:NAS100,2023-08-08T13:38:00+02:00,15266.77,15275.27,15266.52,15274.52,143
SQ:NAS100,2023-08-08T13:39:00+02:00,15274.27,15275.52,15271.27,15274.77,111
SQ:NAS100,2023-08-08T13:40:00+02:00,15274.77,15275.02,15272.02,15272.02,107
SQ:NAS100,2023-08-08T13:41:00+02:00,15272.02,15276.77,15271.27,15273.27,89
SQ:NAS100,2023-08-08T13:42:00+02:00,15273.27,15280.27,15273.02,15278.77,135
SQ:NAS100,2023-08-08T13:43:00+02:00,15279.02,15279.27,15275.02,15277.02,105
SQ:NAS100,2023-08-08T13:44:00+02:00,15277.02,15279.77,15276.27,15279.27,75
SQ:NAS100,2023-08-08T13:45:00+02:00,15279.27,15280.27,15273.77,15274.77,107
SQ:NAS100,2023-08-08T13:46:00+02:00,15274.77,15276.77,15273.52,15274.77,92
SQ:NAS100,2023-08-08T13:47:00+02:00,15274.77,15277.27,15272.52,15274.27,105
SQ:NAS100,2023-08-08T13:48:00+02:00,15274.02,15275.52,15272.52,15275.02,84
SQ:NAS100,2023-08-08T13:49:00+02:00,15275.02,15277.77,15273.77,15275.27,101
SQ:NAS100,2023-08-08T13:50:00+02:00,15274.52,15278.02,15274.27,15277.52,76
SQ:NAS100,2023-08-08T13:51:00+02:00,15277.27,15280.27,15277.02,15278.27,95
SQ:NAS100,2023-08-08T13:52:00+02:00,15278.52,15281.77,15278.52,15279.77,104
SQ:NAS100,2023-08-08T13:53:00+02:00,15279.77,15286.02,15279.52,15283.52,131
SQ:NAS100,2023-08-08T13:54:00+02:00,15283.52,15285.77,15282.27,15283.52,136
SQ:NAS100,2023-08-08T13:55:00+02:00,15283.52,15284.77,15279.02,15279.77,105
SQ:NAS100,2023-08-08T13:56:00+02:00,15279.77,15285.52,15279.27,15285.27,94
SQ:NAS100,2023-08-08T13:57:00+02:00,15285.27,15286.27,15281.77,15281.77,105
SQ:NAS100,2023-08-08T13:58:00+02:00,15281.77,15286.52,15281.52,15286.52,68
SQ:NAS100,2023-08-08T13:59:00+02:00,15286.27,15288.77,15285.27,15288.77,82
SQ:NAS100,2023-08-08T14:00:00+02:00,15288.27,15289.52,15284.52,15285.52,99
SQ:NAS100,2023-08-08T14:01:00+02:00,15285.77,15286.02,15278.27,15278.77,127
SQ:NAS100,2023-08-08T14:02:00+02:00,15278.77,15278.77,15275.02,15275.02,135
SQ:NAS100,2023-08-08T14:03:00+02:00,15275.02,15276.52,15271.77,15276.52,141
SQ:NAS100,2023-08-08T14:04:00+02:00,15276.52,15280.27,15274.52,15275.52,148
SQ:NAS100,2023-08-08T14:05:00+02:00,15275.52,15276.27,15268.52,15269.77,128
SQ:NAS100,2023-08-08T14:06:00+02:00,15269.77,15271.27,15264.02,15264.02,119
SQ:NAS100,2023-08-08T14:07:00+02:00,15264.02,15265.77,15240.77,15243.27,192
SQ:NAS100,2023-08-08T14:08:00+02:00,15243.27,15249.27,15236.52,15248.27,280
SQ:NAS100,2023-08-08T14:09:00+02:00,15248.52,15256.52,15246.77,15256.02,175
SQ:NAS100,2023-08-08T14:10:00+02:00,15256.02,15256.77,15252.52,15256.77,157
SQ:NAS100,2023-08-08T14:11:00+02:00,15256.77,15261.02,15255.77,15260.77,182
SQ:NAS100,2023-08-08T14:12:00+02:00,15260.77,15261.52,15258.02,15259.02,144
SQ:NAS100,2023-08-08T14:13:00+02:00,15259.02,15260.02,15253.77,15254.27,107
SQ:NAS100,2023-08-08T14:14:00+02:00,15254.27,15261.02,15254.27,15260.77,124
SQ:NAS100,2023-08-08T14:15:00+02:00,15260.52,15266.77,15259.52,15264.02,136
SQ:NAS100,2023-08-08T14:16:00+02:00,15264.02,15271.77,15264.02,15270.77,156
SQ:NAS100,2023-08-08T14:17:00+02:00,15270.77,15272.02,15269.27,15271.52,125
SQ:NAS100,2023-08-08T14:18:00+02:00,15271.52,15271.77,15268.77,15270.27,93
SQ:NAS100,2023-08-08T14:19:00+02:00,15270.27,15272.77,15270.27,15272.27,80
SQ:NAS100,2023-08-08T14:20:00+02:00,15272.02,15276.52,15269.52,15276.02,111
SQ:NAS100,2023-08-08T14:21:00+02:00,15275.77,15278.02,15273.02,15276.52,108
SQ:NAS100,2023-08-08T14:22:00+02:00,15276.52,15277.77,15274.02,15277.02,86
SQ:NAS100,2023-08-08T14:23:00+02:00,15277.02,15281.27,15275.27,15280.27,104
SQ:NAS100,2023-08-08T14:24:00+02:00,15280.27,15282.02,15278.52,15279.02,76
SQ:NAS100,2023-08-08T14:25:00+02:00,15279.02,15281.02,15277.02,15280.77,92
SQ:NAS100,2023-08-08T14:26:00+02:00,15280.77,15282.77,15280.52,15281.77,79
SQ:NAS100,2023-08-08T14:27:00+02:00,15281.77,15281.77,15279.27,15279.52,80
SQ:NAS100,2023-08-08T14:28:00+02:00,15279.52,15286.02,15279.02,15284.77,100
SQ:NAS100,2023-08-08T14:29:00+02:00,15284.77,15287.02,15283.27,15283.52,90
SQ:NAS100,2023-08-08T14:30:00+02:00,15283.27,15284.77,15278.52,15279.27,141
SQ:NAS100,2023-08-08T14:31:00+02:00,15279.52,15279.77,15276.52,15278.77,115
SQ:NAS100,2023-08-08T14:32:00+02:00,15278.52,15282.77,15276.27,15276.77,92
SQ:NAS100,2023-08-08T14:33:00+02:00,15276.52,15277.52,15275.52,15275.52,97
SQ:NAS100,2023-08-08T14:34:00+02:00,15275.52,15281.52,15275.02,15281.27,95
SQ:NAS100,2023-08-08T14:35:00+02:00,15281.02,15284.52,15278.52,15284.02,125
SQ:NAS100,2023-08-08T14:36:00+02:00,15284.02,15287.02,15283.77,15286.27,121
SQ:NAS100,2023-08-08T14:37:00+02:00,15286.77,15290.77,15284.02,15290.52,108
SQ:NAS100,2023-08-08T14:38:00+02:00,15290.52,15292.52,15288.77,15291.77,135
SQ:NAS100,2023-08-08T14:39:00+02:00,15291.52,15293.52,15290.27,15292.27,120
SQ:NAS100,2023-08-08T14:40:00+02:00,15292.27,15293.77,15289.52,15291.77,104
SQ:NAS100,2023-08-08T14:41:00+02:00,15291.52,15300.52,15290.77,15299.77,182
SQ:NAS100,2023-08-08T14:42:00+02:00,15299.52,15301.52,15296.52,15300.77,136
SQ:NAS100,2023-08-08T14:43:00+02:00,15300.77,15310.02,15300.27,15310.02,152
SQ:NAS100,2023-08-08T14:44:00+02:00,15310.27,15310.77,15304.52,15306.77,147
SQ:NAS100,2023-08-08T14:45:00+02:00,15307.02,15307.77,15305.02,15305.52,111
SQ:NAS100,2023-08-08T14:46:00+02:00,15305.27,15307.02,15304.27,15305.02,88
SQ:NAS100,2023-08-08T14:47:00+02:00,15305.02,15308.27,15303.27,15303.52,96
SQ:NAS100,2023-08-08T14:48:00+02:00,15303.52,15304.52,15301.77,15302.27,87
SQ:NAS100,2023-08-08T14:49:00+02:00,15302.27,15302.52,15298.27,15298.77,95
SQ:NAS100,2023-08-08T14:50:00+02:00,15299.02,15299.27,15295.27,15296.27,116
SQ:NAS100,2023-08-08T14:51:00+02:00,15296.77,15297.52,15295.27,15296.27,74
SQ:NAS100,2023-08-08T14:52:00+02:00,15296.27,15300.27,15295.02,15299.27,78
SQ:NAS100,2023-08-08T14:53:00+02:00,15299.02,15300.52,15297.02,15298.02,100
SQ:NAS100,2023-08-08T14:54:00+02:00,15298.02,15299.27,15295.27,15295.52,87
SQ:NAS100,2023-08-08T14:55:00+02:00,15295.52,15295.77,15293.52,15294.52,76
SQ:NAS100,2023-08-08T14:56:00+02:00,15294.52,15297.27,15294.02,15296.27,62
SQ:NAS100,2023-08-08T14:57:00+02:00,15296.52,15296.77,15293.77,15294.02,66
SQ:NAS100,2023-08-08T14:58:00+02:00,15294.02,15295.52,15292.52,15294.52,83
SQ:NAS100,2023-08-08T14:59:00+02:00,15294.52,15295.52,15291.52,15292.77,115
SQ:NAS100,2023-08-08T15:00:00+02:00,15292.77,15292.77,15286.77,15288.27,173
SQ:NAS100,2023-08-08T15:01:00+02:00,15288.52,15292.27,15287.52,15290.52,125
SQ:NAS100,2023-08-08T15:02:00+02:00,15290.77,15292.77,15286.27,15286.77,100
SQ:NAS100,2023-08-08T15:03:00+02:00,15286.27,15291.52,15284.52,15290.27,100
SQ:NAS100,2023-08-08T15:04:00+02:00,15290.02,15293.27,15287.52,15289.52,105
SQ:NAS100,2023-08-08T15:05:00+02:00,15289.52,15289.52,15282.77,15283.77,117
SQ:NAS100,2023-08-08T15:06:00+02:00,15283.77,15284.02,15278.52,15279.77,145
SQ:NAS100,2023-08-08T15:07:00+02:00,15279.77,15281.52,15276.02,15281.02,121
SQ:NAS100,2023-08-08T15:08:00+02:00,15281.02,15284.77,15281.02,15283.27,109
SQ:NAS100,2023-08-08T15:09:00+02:00,15283.27,15284.27,15282.02,15284.02,87
SQ:NAS100,2023-08-08T15:10:00+02:00,15284.02,15288.27,15283.02,15287.77,120
SQ:NAS100,2023-08-08T15:11:00+02:00,15287.77,15292.27,15287.77,15289.02,131
SQ:NAS100,2023-08-08T15:12:00+02:00,15289.02,15290.02,15285.27,15285.52,100
SQ:NAS100,2023-08-08T15:13:00+02:00,15285.52,15287.77,15284.52,15285.52,76
SQ:NAS100,2023-08-08T15:14:00+02:00,15285.27,15285.77,15282.52,15284.02,74
SQ:NAS100,2023-08-08T15:15:00+02:00,15284.27,15288.02,15283.27,15286.77,125
SQ:NAS100,2023-08-08T15:16:00+02:00,15287.02,15289.27,15286.27,15289.27,114
SQ:NAS100,2023-08-08T15:17:00+02:00,15289.27,15295.02,15288.77,15294.02,134
SQ:NAS100,2023-08-08T15:18:00+02:00,15294.02,15298.02,15293.77,15295.27,131
SQ:NAS100,2023-08-08T15:19:00+02:00,15295.77,15300.02,15295.02,15299.77,93
SQ:NAS100,2023-08-08T15:20:00+02:00,15300.02,15300.52,15295.52,15295.77,125
SQ:NAS100,2023-08-08T15:21:00+02:00,15295.77,15300.27,15294.77,15300.27,129
SQ:NAS100,2023-08-08T15:22:00+02:00,15300.27,15302.27,15300.02,15301.27,123
SQ:NAS100,2023-08-08T15:23:00+02:00,15301.27,15303.52,15299.02,15303.27,88
SQ:NAS100,2023-08-08T15:24:00+02:00,15303.27,15305.52,15298.02,15298.52,121
SQ:NAS100,2023-08-08T15:25:00+02:00,15298.52,15299.27,15292.77,15292.77,130
SQ:NAS100,2023-08-08T15:26:00+02:00,15293.02,15295.52,15291.27,15292.02,103
SQ:NAS100,2023-08-08T15:27:00+02:00,15292.02,15295.52,15290.27,15294.02,118
SQ:NAS100,2023-08-08T15:28:00+02:00,15293.77,15293.77,15285.52,15287.02,160
SQ:NAS100,2023-08-08T15:29:00+02:00,15287.02,15297.27,15287.02,15297.02,250
SQ:NAS100,2023-08-08T15:30:00+02:00,15296.52,15296.52,15270.52,15289.52,745
SQ:NAS100,2023-08-08T15:31:00+02:00,15288.77,15288.77,15275.52,15277.02,690
SQ:NAS100,2023-08-08T15:32:00+02:00,15276.52,15282.52,15268.27,15279.77,700
SQ:NAS100,2023-08-08T15:33:00+02:00,15279.27,15285.27,15274.52,15274.52,623
SQ:NAS100,2023-08-08T15:34:00+02:00,15274.52,15283.77,15271.27,15281.27,596
SQ:NAS100,2023-08-08T15:35:00+02:00,15281.77,15291.77,15275.77,15285.02,607
SQ:NAS100,2023-08-08T15:36:00+02:00,15285.27,15291.27,15275.77,15277.02,641
SQ:NAS100,2023-08-08T15:37:00+02:00,15277.02,15277.02,15264.02,15266.52,608
SQ:NAS100,2023-08-08T15:38:00+02:00,15266.52,15269.77,15260.52,15264.27,545
SQ:NAS100,2023-08-08T15:39:00+02:00,15264.27,15291.02,15263.52,15283.77,588
SQ:NAS100,2023-08-08T15:40:00+02:00,15282.52,15286.77,15270.77,15271.02,593
SQ:NAS100,2023-08-08T15:41:00+02:00,15270.77,15278.02,15268.27,15273.52,528
SQ:NAS100,2023-08-08T15:42:00+02:00,15274.02,15279.52,15266.02,15267.02,497
SQ:NAS100,2023-08-08T15:43:00+02:00,15267.02,15268.02,15257.27,15260.52,463
SQ:NAS100,2023-08-08T15:44:00+02:00,15259.77,15260.02,15235.77,15248.02,613
SQ:NAS100,2023-08-08T15:45:00+02:00,15248.27,15248.27,15230.02,15231.02,572
SQ:NAS100,2023-08-08T15:46:00+02:00,15230.52,15240.77,15228.27,15235.77,542
SQ:NAS100,2023-08-08T15:47:00+02:00,15235.52,15243.52,15231.02,15231.02,487
SQ:NAS100,2023-08-08T15:48:00+02:00,15231.77,15231.77,15219.77,15220.77,514
SQ:NAS100,2023-08-08T15:49:00+02:00,15220.77,15223.52,15202.02,15204.52,597
SQ:NAS100,2023-08-08T15:50:00+02:00,15206.02,15207.02,15192.02,15200.77,588
SQ:NAS100,2023-08-08T15:51:00+02:00,15200.52,15213.02,15196.52,15210.27,561
SQ:NAS100,2023-08-08T15:52:00+02:00,15210.27,15210.52,15198.02,15199.77,501
SQ:NAS100,2023-08-08T15:53:00+02:00,15199.52,15214.02,15198.77,15204.77,491
SQ:NAS100,2023-08-08T15:54:00+02:00,15205.27,15213.02,15202.27,15209.02,450
SQ:NAS100,2023-08-08T15:55:00+02:00,15207.77,15216.02,15203.77,15212.27,492
SQ:NAS100,2023-08-08T15:56:00+02:00,15211.02,15215.77,15205.77,15215.02,442
SQ:NAS100,2023-08-08T15:57:00+02:00,15215.02,15216.77,15209.77,15210.02,431
SQ:NAS100,2023-08-08T15:58:00+02:00,15210.02,15214.02,15200.52,15203.02,448
SQ:NAS100,2023-08-08T15:59:00+02:00,15203.02,15212.27,15197.77,15212.27,466
SQ:NAS100,2023-08-08T16:00:00+02:00,15210.02,15210.77,15201.52,15203.27,520
SQ:NAS100,2023-08-08T16:01:00+02:00,15202.77,15204.27,15183.27,15186.02,556
SQ:NAS100,2023-08-08T16:02:00+02:00,15186.27,15202.77,15185.02,15195.77,515
SQ:NAS100,2023-08-08T16:03:00+02:00,15195.52,15199.02,15188.02,15197.77,470
SQ:NAS100,2023-08-08T16:04:00+02:00,15197.77,15216.77,15197.77,15216.52,479
SQ:NAS100,2023-08-08T16:05:00+02:00,15217.02,15225.52,15213.27,15214.52,536
SQ:NAS100,2023-08-08T16:06:00+02:00,15214.52,15216.27,15203.52,15215.52,508
SQ:NAS100,2023-08-08T16:07:00+02:00,15215.02,15218.77,15211.02,15213.02,450
SQ:NAS100,2023-08-08T16:08:00+02:00,15213.02,15213.02,15200.02,15206.52,464
SQ:NAS100,2023-08-08T16:09:00+02:00,15206.52,15213.52,15202.52,15204.02,431
SQ:NAS100,2023-08-08T16:10:00+02:00,15204.02,15204.52,15185.27,15187.52,551
SQ:NAS100,2023-08-08T16:11:00+02:00,15187.52,15190.52,15176.77,15177.52,562
SQ:NAS100,2023-08-08T16:12:00+02:00,15177.77,15192.52,15176.52,15192.02,534
SQ:NAS100,2023-08-08T16:13:00+02:00,15192.27,15196.52,15185.02,15193.02,488
SQ:NAS100,2023-08-08T16:14:00+02:00,15193.02,15193.52,15173.27,15178.52,519
SQ:NAS100,2023-08-08T16:15:00+02:00,15178.27,15178.52,15169.77,15173.02,536
SQ:NAS100,2023-08-08T16:16:00+02:00,15172.52,15179.77,15171.77,15174.27,409
SQ:NAS100,2023-08-08T16:17:00+02:00,15173.77,15178.52,15163.52,15175.77,475
SQ:NAS100,2023-08-08T16:18:00+02:00,15176.02,15189.52,15173.77,15182.77,543
SQ:NAS100,2023-08-08T16:19:00+02:00,15182.27,15191.02,15177.02,15177.77,438
SQ:NAS100,2023-08-08T16:20:00+02:00,15177.77,15187.77,15175.27,15175.27,487
SQ:NAS100,2023-08-08T16:21:00+02:00,15175.52,15178.27,15171.27,15172.77,452
SQ:NAS100,2023-08-08T16:22:00+02:00,15172.77,15180.52,15163.27,15176.77,513
SQ:NAS100,2023-08-08T16:23:00+02:00,15176.77,15183.77,15175.77,15181.27,421
SQ:NAS100,2023-08-08T16:24:00+02:00,15181.02,15184.77,15174.27,15175.77,374
SQ:NAS100,2023-08-08T16:25:00+02:00,15176.52,15180.52,15170.27,15176.02,430
SQ:NAS100,2023-08-08T16:26:00+02:00,15176.02,15191.77,15175.27,15189.77,445
SQ:NAS100,2023-08-08T16:27:00+02:00,15189.52,15200.02,15187.52,15198.77,387
SQ:NAS100,2023-08-08T16:28:00+02:00,15198.52,15201.77,15194.27,15200.52,331
SQ:NAS100,2023-08-08T16:29:00+02:00,15200.27,15206.52,15196.77,15204.02,405
SQ:NAS100,2023-08-08T16:30:00+02:00,15204.27,15205.77,15192.02,15194.02,416
SQ:NAS100,2023-08-08T16:31:00+02:00,15194.02,15201.27,15184.52,15185.77,428
SQ:NAS100,2023-08-08T16:32:00+02:00,15185.52,15187.77,15181.77,15183.27,384
SQ:NAS100,2023-08-08T16:33:00+02:00,15183.27,15186.77,15179.52,15179.77,372
SQ:NAS100,2023-08-08T16:34:00+02:00,15179.77,15183.52,15175.27,15181.77,356
SQ:NAS100,2023-08-08T16:35:00+02:00,15182.02,15188.52,15178.52,15181.02,365
SQ:NAS100,2023-08-08T16:36:00+02:00,15180.27,15187.77,15174.02,15183.52,417
SQ:NAS100,2023-08-08T16:37:00+02:00,15183.52,15188.02,15177.77,15180.27,329
SQ:NAS100,2023-08-08T16:38:00+02:00,15180.27,15191.02,15179.52,15183.02,377
SQ:NAS100,2023-08-08T16:39:00+02:00,15183.27,15198.52,15182.77,15198.02,406
SQ:NAS100,2023-08-08T16:40:00+02:00,15197.77,15203.02,15188.77,15189.77,448
SQ:NAS100,2023-08-08T16:41:00+02:00,15189.77,15198.02,15189.27,15195.52,389
SQ:NAS100,2023-08-08T16:42:00+02:00,15195.52,15202.02,15194.27,15199.77,393
SQ:NAS100,2023-08-08T16:43:00+02:00,15199.77,15206.02,15197.27,15204.02,399
SQ:NAS100,2023-08-08T16:44:00+02:00,15204.27,15213.77,15202.77,15206.77,440
SQ:NAS100,2023-08-08T16:45:00+02:00,15207.02,15208.77,15200.52,15201.27,375
SQ:NAS100,2023-08-08T16:46:00+02:00,15201.02,15202.27,15183.02,15184.52,419
SQ:NAS100,2023-08-08T16:47:00+02:00,15184.27,15189.52,15182.02,15182.27,389
SQ:NAS100,2023-08-08T16:48:00+02:00,15181.27,15182.52,15176.27,15181.27,373
SQ:NAS100,2023-08-08T16:49:00+02:00,15180.77,15185.02,15178.52,15180.02,341
SQ:NAS100,2023-08-08T16:50:00+02:00,15179.27,15190.02,15174.02,15189.77,415
SQ:NAS100,2023-08-08T16:51:00+02:00,15189.27,15191.02,15168.52,15169.27,441
SQ:NAS100,2023-08-08T16:52:00+02:00,15169.27,15179.27,15164.52,15179.27,454
SQ:NAS100,2023-08-08T16:53:00+02:00,15179.52,15180.02,15168.02,15170.27,361
SQ:NAS100,2023-08-08T16:54:00+02:00,15170.27,15183.52,15169.02,15182.52,370
SQ:NAS100,2023-08-08T16:55:00+02:00,15182.27,15182.77,15168.52,15169.77,362
SQ:NAS100,2023-08-08T16:56:00+02:00,15169.02,15170.02,15157.27,15160.27,427
SQ:NAS100,2023-08-08T16:57:00+02:00,15159.27,15162.27,15151.52,15153.52,470
SQ:NAS100,2023-08-08T16:58:00+02:00,15153.27,15157.77,15149.27,15154.52,385
SQ:NAS100,2023-08-08T16:59:00+02:00,15154.52,15155.52,15149.27,15150.77,362
SQ:NAS100,2023-08-08T17:00:00+02:00,15150.77,15156.52,15148.27,15150.77,402
SQ:NAS100,2023-08-08T17:01:00+02:00,15150.77,15152.02,15144.52,15149.27,396
SQ:NAS100,2023-08-08T17:02:00+02:00,15149.02,15151.27,15142.52,15142.52,350
SQ:NAS100,2023-08-08T17:03:00+02:00,15142.52,15157.02,15142.02,15154.77,383
SQ:NAS100,2023-08-08T17:04:00+02:00,15154.27,15158.27,15148.27,15148.77,371
SQ:NAS100,2023-08-08T17:05:00+02:00,15147.27,15150.77,15144.77,15147.02,347
SQ:NAS100,2023-08-08T17:06:00+02:00,15147.02,15154.27,15145.77,15151.52,362
SQ:NAS100,2023-08-08T17:07:00+02:00,15151.52,15157.02,15147.77,15150.77,336
SQ:NAS100,2023-08-08T17:08:00+02:00,15151.02,15154.52,15145.02,15147.02,324
SQ:NAS100,2023-08-08T17:09:00+02:00,15147.02,15155.02,15147.02,15153.77,316
SQ:NAS100,2023-08-08T17:10:00+02:00,15153.52,15154.77,15144.77,15145.27,317
SQ:NAS100,2023-08-08T17:11:00+02:00,15145.02,15146.77,15140.52,15145.77,325
SQ:NAS100,2023-08-08T17:12:00+02:00,15145.77,15153.77,15144.27,15148.27,311
SQ:NAS100,2023-08-08T17:13:00+02:00,15148.52,15157.77,15147.52,15155.52,303
SQ:NAS100,2023-08-08T17:14:00+02:00,15155.52,15164.27,15155.27,15161.02,333
SQ:NAS100,2023-08-08T17:15:00+02:00,15161.02,15165.52,15160.02,15163.27,283
SQ:NAS100,2023-08-08T17:16:00+02:00,15163.52,15165.77,15159.52,15162.02,289
SQ:NAS100,2023-08-08T17:17:00+02:00,15162.02,15164.02,15155.52,15156.02,286
SQ:NAS100,2023-08-08T17:18:00+02:00,15156.02,15165.52,15153.52,15162.77,328
SQ:NAS100,2023-08-08T17:19:00+02:00,15162.52,15166.77,15155.27,15164.52,332
SQ:NAS100,2023-08-08T17:20:00+02:00,15164.27,15166.77,15161.27,15165.02,354
SQ:NAS100,2023-08-08T17:21:00+02:00,15165.02,15165.02,15156.77,15161.27,332
SQ:NAS100,2023-08-08T17:22:00+02:00,15161.27,15163.77,15156.27,15163.77,308
SQ:NAS100,2023-08-08T17:23:00+02:00,15164.02,15166.27,15160.52,15163.27,313
SQ:NAS100,2023-08-08T17:24:00+02:00,15163.52,15172.02,15159.77,15170.77,330
SQ:NAS100,2023-08-08T17:25:00+02:00,15170.77,15173.02,15161.02,15161.27,321
SQ:NAS100,2023-08-08T17:26:00+02:00,15161.02,15165.02,15158.27,15162.52,323
SQ:NAS100,2023-08-08T17:27:00+02:00,15162.52,15167.77,15159.77,15167.02,291
SQ:NAS100,2023-08-08T17:28:00+02:00,15167.02,15178.02,15165.02,15175.52,307
SQ:NAS100,2023-08-08T17:29:00+02:00,15175.52,15184.27,15171.77,15179.77,386
SQ:NAS100,2023-08-08T17:30:00+02:00,15180.52,15183.52,15175.02,15179.77,360
SQ:NAS100,2023-08-08T17:31:00+02:00,15179.77,15182.77,15173.27,15173.77,346
SQ:NAS100,2023-08-08T17:32:00+02:00,15173.77,15181.77,15173.77,15179.02,329
SQ:NAS100,2023-08-08T17:33:00+02:00,15178.77,15179.02,15167.52,15168.02,351
SQ:NAS100,2023-08-08T17:34:00+02:00,15167.77,15170.52,15165.27,15167.52,336
SQ:NAS100,2023-08-08T17:35:00+02:00,15168.02,15177.27,15165.77,15167.52,381
SQ:NAS100,2023-08-08T17:36:00+02:00,15167.52,15177.52,15166.27,15175.52,322
SQ:NAS100,2023-08-08T17:37:00+02:00,15175.52,15186.02,15174.52,15185.77,286
SQ:NAS100,2023-08-08T17:38:00+02:00,15186.02,15190.52,15180.52,15188.52,316
SQ:NAS100,2023-08-08T17:39:00+02:00,15188.52,15189.27,15183.02,15185.02,302
SQ:NAS100,2023-08-08T17:40:00+02:00,15185.52,15185.77,15177.77,15179.52,306
SQ:NAS100,2023-08-08T17:41:00+02:00,15179.52,15179.77,15167.77,15170.27,299
SQ:NAS100,2023-08-08T17:42:00+02:00,15170.77,15171.52,15151.52,15156.77,402
SQ:NAS100,2023-08-08T17:43:00+02:00,15156.77,15160.27,15152.77,15152.77,352
SQ:NAS100,2023-08-08T17:44:00+02:00,15152.27,15161.27,15145.27,15158.52,408
SQ:NAS100,2023-08-08T17:45:00+02:00,15158.77,15158.77,15152.77,15158.02,317
SQ:NAS100,2023-08-08T17:46:00+02:00,15157.77,15158.77,15147.52,15148.52,313
SQ:NAS100,2023-08-08T17:47:00+02:00,15148.52,15157.02,15145.52,15149.52,368
SQ:NAS100,2023-08-08T17:48:00+02:00,15148.77,15155.02,15148.77,15152.52,334
SQ:NAS100,2023-08-08T17:49:00+02:00,15151.52,15160.02,15139.52,15143.52,373
SQ:NAS100,2023-08-08T17:50:00+02:00,15143.77,15154.27,15143.77,15150.27,382
SQ:NAS100,2023-08-08T17:51:00+02:00,15150.27,15160.77,15150.27,15157.52,363
SQ:NAS100,2023-08-08T17:52:00+02:00,15158.27,15162.27,15154.02,15154.27,293
SQ:NAS100,2023-08-08T17:53:00+02:00,15155.02,15162.27,15155.02,15157.52,265
SQ:NAS100,2023-08-08T17:54:00+02:00,15157.27,15159.52,15153.02,15153.77,288
SQ:NAS100,2023-08-08T17:55:00+02:00,15153.77,15161.27,15150.52,15153.52,311
SQ:NAS100,2023-08-08T17:56:00+02:00,15153.52,15164.52,15153.02,15164.27,333
SQ:NAS100,2023-08-08T17:57:00+02:00,15164.02,15164.77,15157.52,15161.02,279
SQ:NAS100,2023-08-08T17:58:00+02:00,15161.02,15161.77,15154.02,15156.52,240
SQ:NAS100,2023-08-08T17:59:00+02:00,15156.52,15160.02,15154.52,15155.27,251
SQ:NAS100,2023-08-08T18:00:00+02:00,15155.27,15161.52,15149.27,15160.27,283
SQ:NAS100,2023-08-08T18:01:00+02:00,15159.77,15165.27,15157.77,15165.02,280
SQ:NAS100,2023-08-08T18:02:00+02:00,15164.52,15170.77,15163.02,15169.02,305
SQ:NAS100,2023-08-08T18:03:00+02:00,15169.27,15172.27,15167.02,15169.52,264
SQ:NAS100,2023-08-08T18:04:00+02:00,15170.02,15174.52,15169.77,15171.77,275
SQ:NAS100,2023-08-08T18:05:00+02:00,15171.77,15180.02,15170.77,15178.27,283
SQ:NAS100,2023-08-08T18:06:00+02:00,15178.27,15182.02,15174.77,15181.77,241
SQ:NAS100,2023-08-08T18:07:00+02:00,15182.02,15188.27,15180.02,15183.02,262
SQ:NAS100,2023-08-08T18:08:00+02:00,15183.02,15186.27,15181.77,15184.02,242
SQ:NAS100,2023-08-08T18:09:00+02:00,15184.02,15191.02,15184.02,15189.77,264
SQ:NAS100,2023-08-08T18:10:00+02:00,15189.77,15190.77,15184.27,15189.02,270
SQ:NAS100,2023-08-08T18:11:00+02:00,15189.02,15191.27,15188.02,15190.52,253
SQ:NAS100,2023-08-08T18:12:00+02:00,15190.77,15191.27,15184.77,15189.77,212
SQ:NAS100,2023-08-08T18:13:00+02:00,15190.02,15191.27,15186.52,15187.77,178
SQ:NAS100,2023-08-08T18:14:00+02:00,15187.77,15192.27,15187.02,15189.77,245
SQ:NAS100,2023-08-08T18:15:00+02:00,15189.77,15198.27,15188.52,15194.77,249
SQ:NAS100,2023-08-08T18:16:00+02:00,15194.77,15198.77,15189.27,15192.27,243
SQ:NAS100,2023-08-08T18:17:00+02:00,15192.27,15195.02,15191.02,15194.27,193
SQ:NAS100,2023-08-08T18:18:00+02:00,15194.27,15197.52,15193.77,15196.02,184
SQ:NAS100,2023-08-08T18:19:00+02:00,15196.02,15200.27,15195.52,15198.27,227
SQ:NAS100,2023-08-08T18:20:00+02:00,15198.02,15198.77,15189.02,15189.52,221
SQ:NAS100,2023-08-08T18:21:00+02:00,15189.52,15194.77,15186.77,15190.77,247
SQ:NAS100,2023-08-08T18:22:00+02:00,15190.77,15196.02,15187.02,15189.27,261
SQ:NAS100,2023-08-08T18:23:00+02:00,15189.52,15197.52,15188.02,15195.02,232
SQ:NAS100,2023-08-08T18:24:00+02:00,15195.27,15197.02,15192.02,15194.77,194
SQ:NAS100,2023-08-08T18:25:00+02:00,15194.77,15195.77,15192.27,15195.27,184
SQ:NAS100,2023-08-08T18:26:00+02:00,15195.77,15198.27,15192.52,15193.27,196
SQ:NAS100,2023-08-08T18:27:00+02:00,15193.27,15193.77,15188.77,15191.02,192
SQ:NAS100,2023-08-08T18:28:00+02:00,15191.02,15192.52,15187.02,15190.77,172
SQ:NAS100,2023-08-08T18:29:00+02:00,15190.77,15193.27,15186.02,15188.52,219
SQ:NAS100,2023-08-08T18:30:00+02:00,15188.52,15195.77,15186.52,15194.27,218
SQ:NAS100,2023-08-08T18:31:00+02:00,15194.52,15197.27,15191.52,15197.02,214
SQ:NAS100,2023-08-08T18:32:00+02:00,15197.02,15207.52,15196.77,15206.27,295
SQ:NAS100,2023-08-08T18:33:00+02:00,15206.02,15209.52,15202.27,15205.52,278
SQ:NAS100,2023-08-08T18:34:00+02:00,15205.52,15210.27,15205.02,15209.02,251
SQ:NAS100,2023-08-08T18:35:00+02:00,15209.02,15212.77,15207.52,15211.27,294
SQ:NAS100,2023-08-08T18:36:00+02:00,15211.27,15212.02,15199.77,15201.52,287
SQ:NAS100,2023-08-08T18:37:00+02:00,15201.52,15205.02,15200.27,15203.52,241
SQ:NAS100,2023-08-08T18:38:00+02:00,15203.52,15205.02,15193.52,15197.77,285
SQ:NAS100,2023-08-08T18:39:00+02:00,15197.77,15198.77,15191.52,15196.52,259
SQ:NAS100,2023-08-08T18:40:00+02:00,15196.77,15197.77,15194.27,15195.77,155
SQ:NAS100,2023-08-08T18:41:00+02:00,15195.27,15197.52,15189.77,15190.02,205
SQ:NAS100,2023-08-08T18:42:00+02:00,15190.02,15190.02,15182.77,15185.02,289
SQ:NAS100,2023-08-08T18:43:00+02:00,15185.02,15189.77,15181.77,15182.77,243
SQ:NAS100,2023-08-08T18:44:00+02:00,15182.52,15183.77,15178.77,15179.02,239
SQ:NAS100,2023-08-08T18:45:00+02:00,15179.02,15183.02,15179.02,15181.52,249
SQ:NAS100,2023-08-08T18:46:00+02:00,15181.52,15184.52,15178.27,15180.02,268
SQ:NAS100,2023-08-08T18:47:00+02:00,15180.02,15184.52,15178.27,15182.52,220
SQ:NAS100,2023-08-08T18:48:00+02:00,15182.27,15186.02,15179.02,15186.02,246
SQ:NAS100,2023-08-08T18:49:00+02:00,15186.02,15186.52,15179.77,15180.02,241
SQ:NAS100,2023-08-08T18:50:00+02:00,15180.02,15184.52,15177.77,15182.02,222
SQ:NAS100,2023-08-08T18:51:00+02:00,15181.52,15186.52,15180.52,15182.77,234
SQ:NAS100,2023-08-08T18:52:00+02:00,15182.77,15183.52,15174.77,15179.27,248
SQ:NAS100,2023-08-08T18:53:00+02:00,15179.02,15184.77,15177.02,15184.02,252
SQ:NAS100,2023-08-08T18:54:00+02:00,15184.02,15185.27,15179.52,15180.02,222
SQ:NAS100,2023-08-08T18:55:00+02:00,15180.02,15187.77,15179.52,15186.52,249
SQ:NAS100,2023-08-08T18:56:00+02:00,15186.52,15188.27,15182.02,15184.52,244
SQ:NAS100,2023-08-08T18:57:00+02:00,15183.77,15185.52,15181.52,15183.02,210
SQ:NAS100,2023-08-08T18:58:00+02:00,15183.27,15191.02,15182.27,15190.52,227
SQ:NAS100,2023-08-08T18:59:00+02:00,15190.27,15195.52,15188.02,15194.52,301
SQ:NAS100,2023-08-08T19:00:00+02:00,15195.52,15198.77,15190.77,15193.77,284
SQ:NAS100,2023-08-08T19:01:00+02:00,15193.27,15208.52,15193.02,15207.52,326
SQ:NAS100,2023-08-08T19:02:00+02:00,15207.02,15209.27,15203.52,15205.52,333
SQ:NAS100,2023-08-08T19:03:00+02:00,15205.52,15208.77,15203.77,15204.52,266
SQ:NAS100,2023-08-08T19:04:00+02:00,15204.52,15207.52,15203.77,15204.77,209
SQ:NAS100,2023-08-08T19:05:00+02:00,15204.52,15208.52,15195.52,15196.52,272
SQ:NAS100,2023-08-08T19:06:00+02:00,15196.52,15197.27,15189.52,15192.52,289
SQ:NAS100,2023-08-08T19:07:00+02:00,15192.77,15199.02,15192.02,15195.52,248
SQ:NAS100,2023-08-08T19:08:00+02:00,15195.52,15197.27,15191.02,15196.27,216
SQ:NAS100,2023-08-08T19:09:00+02:00,15196.52,15196.77,15190.02,15192.52,232
SQ:NAS100,2023-08-08T19:10:00+02:00,15192.52,15192.77,15184.77,15188.02,244
SQ:NAS100,2023-08-08T19:11:00+02:00,15188.27,15191.52,15183.77,15186.77,243
SQ:NAS100,2023-08-08T19:12:00+02:00,15186.77,15198.02,15185.27,15197.02,258
SQ:NAS100,2023-08-08T19:13:00+02:00,15196.77,15199.27,15194.27,15197.27,255
SQ:NAS100,2023-08-08T19:14:00+02:00,15197.77,15202.27,15196.52,15202.27,206
SQ:NAS100,2023-08-08T19:15:00+02:00,15202.02,15212.77,15201.02,15212.77,289
SQ:NAS100,2023-08-08T19:16:00+02:00,15212.52,15220.27,15210.77,15219.77,353
SQ:NAS100,2023-08-08T19:17:00+02:00,15219.77,15227.02,15219.77,15225.02,325
SQ:NAS100,2023-08-08T19:18:00+02:00,15224.77,15226.02,15216.52,15218.02,286
SQ:NAS100,2023-08-08T19:19:00+02:00,15217.77,15218.27,15213.27,15215.77,253
SQ:NAS100,2023-08-08T19:20:00+02:00,15215.77,15220.52,15214.02,15218.27,246
SQ:NAS100,2023-08-08T19:21:00+02:00,15218.02,15222.77,15215.77,15218.02,239
SQ:NAS100,2023-08-08T19:22:00+02:00,15218.02,15223.02,15215.52,15220.52,213
SQ:NAS100,2023-08-08T19:23:00+02:00,15220.27,15220.52,15211.77,15213.27,205
SQ:NAS100,2023-08-08T19:24:00+02:00,15213.27,15215.02,15203.52,15205.77,275
SQ:NAS100,2023-08-08T19:25:00+02:00,15205.77,15206.27,15197.02,15199.77,306
SQ:NAS100,2023-08-08T19:26:00+02:00,15200.02,15204.27,15196.27,15196.52,233
SQ:NAS100,2023-08-08T19:27:00+02:00,15196.52,15202.02,15194.02,15202.02,213
SQ:NAS100,2023-08-08T19:28:00+02:00,15201.77,15202.27,15197.27,15200.77,227
SQ:NAS100,2023-08-08T19:29:00+02:00,15200.77,15208.02,15198.52,15206.77,253
SQ:NAS100,2023-08-08T19:30:00+02:00,15206.77,15217.52,15205.02,15216.77,289
SQ:NAS100,2023-08-08T19:31:00+02:00,15217.02,15219.27,15211.52,15213.02,260
SQ:NAS100,2023-08-08T19:32:00+02:00,15213.52,15215.77,15209.52,15214.77,220
SQ:NAS100,2023-08-08T19:33:00+02:00,15214.77,15218.02,15213.77,15215.77,197
SQ:NAS100,2023-08-08T19:34:00+02:00,15215.77,15217.52,15202.52,15203.02,296
SQ:NAS100,2023-08-08T19:35:00+02:00,15203.02,15203.52,15194.52,15197.02,301
SQ:NAS100,2023-08-08T19:36:00+02:00,15197.02,15198.27,15186.27,15186.52,266
SQ:NAS100,2023-08-08T19:37:00+02:00,15187.52,15201.02,15187.27,15200.52,273
SQ:NAS100,2023-08-08T19:38:00+02:00,15200.52,15210.27,15199.52,15210.27,234
SQ:NAS100,2023-08-08T19:39:00+02:00,15210.27,15214.27,15207.27,15214.27,228
SQ:NAS100,2023-08-08T19:40:00+02:00,15214.02,15219.02,15212.02,15217.02,225
SQ:NAS100,2023-08-08T19:41:00+02:00,15216.77,15220.27,15212.27,15213.77,230
SQ:NAS100,2023-08-08T19:42:00+02:00,15213.52,15218.02,15210.27,15215.52,206
SQ:NAS100,2023-08-08T19:43:00+02:00,15215.77,15216.27,15210.77,15212.27,190
SQ:NAS100,2023-08-08T19:44:00+02:00,15212.27,15217.77,15211.77,15212.02,166
SQ:NAS100,2023-08-08T19:45:00+02:00,15211.02,15217.52,15208.52,15215.52,235
SQ:NAS100,2023-08-08T19:46:00+02:00,15214.77,15215.02,15207.27,15207.77,240
SQ:NAS100,2023-08-08T19:47:00+02:00,15207.52,15208.02,15203.27,15204.52,252
SQ:NAS100,2023-08-08T19:48:00+02:00,15204.52,15208.27,15203.02,15205.27,200
SQ:NAS100,2023-08-08T19:49:00+02:00,15205.52,15210.02,15202.27,15206.27,195
SQ:NAS100,2023-08-08T19:50:00+02:00,15206.52,15213.27,15203.52,15210.52,230
SQ:NAS100,2023-08-08T19:51:00+02:00,15210.52,15212.77,15207.27,15209.02,212
SQ:NAS100,2023-08-08T19:52:00+02:00,15209.02,15219.52,15206.77,15218.52,254
SQ:NAS100,2023-08-08T19:53:00+02:00,15218.27,15224.52,15218.27,15222.77,265
SQ:NAS100,2023-08-08T19:54:00+02:00,15222.77,15226.27,15218.77,15219.02,286
SQ:NAS100,2023-08-08T19:55:00+02:00,15218.77,15222.27,15216.27,15221.02,218
SQ:NAS100,2023-08-08T19:56:00+02:00,15221.02,15223.52,15216.77,15220.52,212
SQ:NAS100,2023-08-08T19:57:00+02:00,15220.52,15225.52,15220.52,15223.27,220
SQ:NAS100,2023-08-08T19:58:00+02:00,15222.77,15223.52,15215.27,15215.52,209
SQ:NAS100,2023-08-08T19:59:00+02:00,15215.27,15223.27,15214.27,15222.27,209
SQ:NAS100,2023-08-08T20:00:00+02:00,15223.02,15225.02,15215.77,15220.27,212
SQ:NAS100,2023-08-08T20:01:00+02:00,15220.27,15224.27,15217.52,15223.52,167
SQ:NAS100,2023-08-08T20:02:00+02:00,15223.27,15227.52,15218.02,15218.02,230
SQ:NAS100,2023-08-08T20:03:00+02:00,15218.02,15218.52,15207.27,15212.52,272
SQ:NAS100,2023-08-08T20:04:00+02:00,15212.52,15216.02,15211.77,15214.27,221
SQ:NAS100,2023-08-08T20:05:00+02:00,15213.27,15215.02,15208.77,15209.27,225
SQ:NAS100,2023-08-08T20:06:00+02:00,15209.02,15219.27,15207.77,15218.77,276
SQ:NAS100,2023-08-08T20:07:00+02:00,15218.52,15222.02,15217.27,15218.27,220
SQ:NAS100,2023-08-08T20:08:00+02:00,15218.27,15222.27,15215.77,15222.02,232
SQ:NAS100,2023-08-08T20:09:00+02:00,15222.02,15222.02,15213.02,15215.02,201
SQ:NAS100,2023-08-08T20:10:00+02:00,15215.02,15220.77,15213.02,15213.77,223
SQ:NAS100,2023-08-08T20:11:00+02:00,15213.77,15215.52,15208.27,15213.27,222
SQ:NAS100,2023-08-08T20:12:00+02:00,15213.27,15222.52,15212.77,15221.77,251
SQ:NAS100,2023-08-08T20:13:00+02:00,15221.77,15232.52,15220.52,15232.02,316
SQ:NAS100,2023-08-08T20:14:00+02:00,15232.02,15234.52,15227.27,15229.27,289
SQ:NAS100,2023-08-08T20:15:00+02:00,15229.77,15238.52,15228.02,15237.02,302
SQ:NAS100,2023-08-08T20:16:00+02:00,15237.02,15237.27,15233.77,15235.02,229
SQ:NAS100,2023-08-08T20:17:00+02:00,15235.02,15239.27,15234.02,15239.27,214
SQ:NAS100,2023-08-08T20:18:00+02:00,15239.27,15251.52,15238.02,15248.02,357
SQ:NAS100,2023-08-08T20:19:00+02:00,15248.02,15251.27,15244.02,15244.27,303
SQ:NAS100,2023-08-08T20:20:00+02:00,15244.27,15249.52,15243.02,15248.77,265
SQ:NAS100,2023-08-08T20:21:00+02:00,15248.52,15249.27,15239.27,15241.27,281
SQ:NAS100,2023-08-08T20:22:00+02:00,15241.27,15245.52,15238.52,15238.77,233
SQ:NAS100,2023-08-08T20:23:00+02:00,15239.02,15240.77,15235.02,15240.77,242
SQ:NAS100,2023-08-08T20:24:00+02:00,15240.77,15243.52,15237.02,15237.02,236
SQ:NAS100,2023-08-08T20:25:00+02:00,15237.77,15242.02,15232.02,15233.52,231
SQ:NAS100,2023-08-08T20:26:00+02:00,15233.52,15238.52,15232.27,15235.52,236
SQ:NAS100,2023-08-08T20:27:00+02:00,15235.77,15238.27,15229.02,15229.77,221
SQ:NAS100,2023-08-08T20:28:00+02:00,15229.52,15232.52,15226.52,15228.77,296
SQ:NAS100,2023-08-08T20:29:00+02:00,15229.02,15234.52,15225.52,15233.77,284
SQ:NAS100,2023-08-08T20:30:00+02:00,15233.77,15238.77,15230.77,15235.77,298
SQ:NAS100,2023-08-08T20:31:00+02:00,15235.77,15237.27,15229.27,15232.52,254
SQ:NAS100,2023-08-08T20:32:00+02:00,15232.27,15234.77,15228.27,15231.02,208
SQ:NAS100,2023-08-08T20:33:00+02:00,15232.02,15233.02,15224.52,15231.52,278
SQ:NAS100,2023-08-08T20:34:00+02:00,15231.27,15237.52,15231.27,15236.02,231
SQ:NAS100,2023-08-08T20:35:00+02:00,15236.52,15240.52,15232.52,15234.77,267
SQ:NAS100,2023-08-08T20:36:00+02:00,15234.77,15237.52,15227.52,15231.52,263
SQ:NAS100,2023-08-08T20:37:00+02:00,15231.52,15235.02,15228.27,15228.77,235
SQ:NAS100,2023-08-08T20:38:00+02:00,15228.77,15233.02,15227.77,15232.77,219
SQ:NAS100,2023-08-08T20:39:00+02:00,15233.27,15235.77,15228.27,15231.27,200
SQ:NAS100,2023-08-08T20:40:00+02:00,15231.27,15231.77,15226.02,15228.27,201
SQ:NAS100,2023-08-08T20:41:00+02:00,15228.27,15228.27,15218.52,15221.52,286
SQ:NAS100,2023-08-08T20:42:00+02:00,15220.77,15230.77,15220.02,15230.27,261
SQ:NAS100,2023-08-08T20:43:00+02:00,15230.77,15230.77,15222.27,15223.02,225
SQ:NAS100,2023-08-08T20:44:00+02:00,15222.77,15225.27,15221.02,15222.52,215
SQ:NAS100,2023-08-08T20:45:00+02:00,15222.77,15228.27,15221.52,15227.52,235
SQ:NAS100,2023-08-08T20:46:00+02:00,15227.77,15227.77,15222.27,15223.27,223
SQ:NAS100,2023-08-08T20:47:00+02:00,15223.02,15229.52,15222.77,15226.02,201
SQ:NAS100,2023-08-08T20:48:00+02:00,15225.77,15233.52,15223.52,15232.77,219
SQ:NAS100,2023-08-08T20:49:00+02:00,15232.77,15233.77,15226.77,15232.52,247
SQ:NAS100,2023-08-08T20:50:00+02:00,15232.52,15235.52,15229.52,15230.27,234
SQ:NAS100,2023-08-08T20:51:00+02:00,15230.52,15235.77,15228.02,15234.77,232
SQ:NAS100,2023-08-08T20:52:00+02:00,15234.52,15235.77,15230.27,15231.52,193
SQ:NAS100,2023-08-08T20:53:00+02:00,15231.52,15237.27,15231.52,15237.02,178
SQ:NAS100,2023-08-08T20:54:00+02:00,15237.02,15240.77,15236.27,15239.27,211
SQ:NAS100,2023-08-08T20:55:00+02:00,15239.02,15244.77,15238.02,15244.02,241
SQ:NAS100,2023-08-08T20:56:00+02:00,15244.52,15254.52,15242.02,15254.52,318
SQ:NAS100,2023-08-08T20:57:00+02:00,15255.02,15266.77,15254.27,15261.77,462
SQ:NAS100,2023-08-08T20:58:00+02:00,15261.52,15264.77,15254.77,15258.27,337
SQ:NAS100,2023-08-08T20:59:00+02:00,15258.27,15261.77,15256.02,15257.52,310
SQ:NAS100,2023-08-08T21:00:00+02:00,15256.77,15261.52,15252.02,15254.02,314
SQ:NAS100,2023-08-08T21:01:00+02:00,15254.27,15256.77,15248.77,15253.77,279
SQ:NAS100,2023-08-08T21:02:00+02:00,15253.77,15255.27,15248.52,15249.77,247
SQ:NAS100,2023-08-08T21:03:00+02:00,15249.27,15253.02,15246.77,15252.52,249
SQ:NAS100,2023-08-08T21:04:00+02:00,15252.27,15263.02,15251.52,15256.52,279
SQ:NAS100,2023-08-08T21:05:00+02:00,15256.02,15257.27,15251.77,15256.52,230
SQ:NAS100,2023-08-08T21:06:00+02:00,15256.27,15263.02,15256.02,15256.77,241
SQ:NAS100,2023-08-08T21:07:00+02:00,15256.77,15257.77,15249.02,15252.27,284
SQ:NAS100,2023-08-08T21:08:00+02:00,15252.27,15257.27,15252.02,15257.27,218
SQ:NAS100,2023-08-08T21:09:00+02:00,15256.77,15257.52,15246.02,15247.77,250
SQ:NAS100,2023-08-08T21:10:00+02:00,15247.77,15250.02,15243.77,15244.77,256
SQ:NAS100,2023-08-08T21:11:00+02:00,15245.27,15253.52,15245.27,15248.52,255
SQ:NAS100,2023-08-08T21:12:00+02:00,15248.52,15253.77,15247.77,15248.52,220
SQ:NAS100,2023-08-08T21:13:00+02:00,15248.77,15254.77,15248.52,15250.02,193
SQ:NAS100,2023-08-08T21:14:00+02:00,15250.02,15252.52,15247.52,15251.52,193
SQ:NAS100,2023-08-08T21:15:00+02:00,15251.27,15257.27,15250.02,15256.77,231
SQ:NAS100,2023-08-08T21:16:00+02:00,15256.52,15256.77,15243.27,15244.77,218
SQ:NAS100,2023-08-08T21:17:00+02:00,15245.02,15245.27,15240.02,15245.02,230
SQ:NAS100,2023-08-08T21:18:00+02:00,15244.77,15248.27,15243.52,15246.77,215
SQ:NAS100,2023-08-08T21:19:00+02:00,15246.77,15247.27,15242.77,15244.52,211
SQ:NAS100,2023-08-08T21:20:00+02:00,15244.52,15249.02,15244.02,15247.52,221
SQ:NAS100,2023-08-08T21:21:00+02:00,15247.52,15255.52,15247.52,15255.27,229
SQ:NAS100,2023-08-08T21:22:00+02:00,15255.27,15259.77,15254.02,15259.27,253
SQ:NAS100,2023-08-08T21:23:00+02:00,15259.02,15259.52,15253.52,15254.77,215
SQ:NAS100,2023-08-08T21:24:00+02:00,15254.77,15260.02,15252.02,15259.27,243
SQ:NAS100,2023-08-08T21:25:00+02:00,15259.27,15261.02,15255.02,15258.02,228
SQ:NAS100,2023-08-08T21:26:00+02:00,15258.02,15261.27,15253.77,15255.52,224
SQ:NAS100,2023-08-08T21:27:00+02:00,15255.52,15260.27,15253.77,15260.27,232
SQ:NAS100,2023-08-08T21:28:00+02:00,15260.27,15262.27,15257.02,15261.52,210
SQ:NAS100,2023-08-08T21:29:00+02:00,15261.52,15263.77,15254.27,15254.77,244
SQ:NAS100,2023-08-08T21:30:00+02:00,15254.77,15259.52,15246.02,15248.52,338
SQ:NAS100,2023-08-08T21:31:00+02:00,15247.52,15252.52,15243.27,15244.52,256
SQ:NAS100,2023-08-08T21:32:00+02:00,15244.77,15245.02,15236.02,15237.52,294
SQ:NAS100,2023-08-08T21:33:00+02:00,15237.27,15242.27,15235.52,15239.52,255
SQ:NAS100,2023-08-08T21:34:00+02:00,15239.52,15242.27,15236.77,15241.52,231
SQ:NAS100,2023-08-08T21:35:00+02:00,15241.27,15243.27,15237.27,15239.02,237
SQ:NAS100,2023-08-08T21:36:00+02:00,15239.02,15248.52,15239.02,15246.27,238
SQ:NAS100,2023-08-08T21:37:00+02:00,15246.52,15248.02,15242.77,15247.52,199
SQ:NAS100,2023-08-08T21:38:00+02:00,15247.77,15253.77,15246.77,15250.02,233
SQ:NAS100,2023-08-08T21:39:00+02:00,15250.02,15251.27,15245.52,15248.77,207
SQ:NAS100,2023-08-08T21:40:00+02:00,15248.77,15262.27,15248.27,15260.77,263
SQ:NAS100,2023-08-08T21:41:00+02:00,15260.52,15263.77,15255.27,15263.52,251
SQ:NAS100,2023-08-08T21:42:00+02:00,15263.27,15278.02,15262.52,15275.77,384
SQ:NAS100,2023-08-08T21:43:00+02:00,15276.02,15277.77,15267.77,15268.77,304
SQ:NAS100,2023-08-08T21:44:00+02:00,15268.52,15270.27,15263.52,15268.02,284
SQ:NAS100,2023-08-08T21:45:00+02:00,15267.02,15284.27,15266.02,15280.77,359
SQ:NAS100,2023-08-08T21:46:00+02:00,15280.77,15283.02,15276.27,15279.77,285
SQ:NAS100,2023-08-08T21:47:00+02:00,15279.52,15281.77,15275.77,15278.77,265
SQ:NAS100,2023-08-08T21:48:00+02:00,15279.02,15282.77,15278.02,15278.52,253
SQ:NAS100,2023-08-08T21:49:00+02:00,15278.52,15284.27,15278.02,15278.77,247
SQ:NAS100,2023-08-08T21:50:00+02:00,15278.52,15292.27,15276.52,15290.52,365
SQ:NAS100,2023-08-08T21:51:00+02:00,15291.02,15292.02,15279.02,15283.77,320
SQ:NAS100,2023-08-08T21:52:00+02:00,15283.77,15283.77,15275.02,15277.02,276
SQ:NAS100,2023-08-08T21:53:00+02:00,15277.27,15281.52,15272.77,15273.77,281
SQ:NAS100,2023-08-08T21:54:00+02:00,15274.02,15276.77,15269.77,15271.02,259
SQ:NAS100,2023-08-08T21:55:00+02:00,15269.02,15282.77,15268.02,15278.77,358
SQ:NAS100,2023-08-08T21:56:00+02:00,15279.27,15282.52,15271.27,15272.77,313
SQ:NAS100,2023-08-08T21:57:00+02:00,15273.02,15279.27,15271.52,15278.77,252
SQ:NAS100,2023-08-08T21:58:00+02:00,15279.27,15282.52,15278.27,15282.27,249
SQ:NAS100,2023-08-08T21:59:00+02:00,15282.27,15282.52,15272.27,15272.52,380
SQ:NAS100,2023-08-08T22:00:00+02:00,15274.27,15279.52,15271.77,15278.52,337
SQ:NAS100,2023-08-08T22:01:00+02:00,15278.02,15281.77,15277.02,15278.52,215
SQ:NAS100,2023-08-08T22:02:00+02:00,15278.77,15279.52,15275.77,15277.02,140
SQ:NAS100,2023-08-08T22:03:00+02:00,15277.27,15277.77,15270.52,15270.77,138
SQ:NAS100,2023-08-08T22:04:00+02:00,15271.02,15273.02,15270.77,15272.27,97
SQ:NAS100,2023-08-08T22:05:00+02:00,15271.27,15273.52,15269.02,15273.52,123
SQ:NAS100,2023-08-08T22:06:00+02:00,15273.52,15276.77,15273.02,15275.52,106
SQ:NAS100,2023-08-08T22:07:00+02:00,15275.52,15278.52,15275.02,15277.02,84
SQ:NAS100,2023-08-08T22:08:00+02:00,15277.02,15278.27,15276.02,15276.27,71
SQ:NAS100,2023-08-08T22:09:00+02:00,15276.27,15279.02,15276.27,15278.02,63
SQ:NAS100,2023-08-08T22:10:00+02:00,15278.02,15279.27,15276.02,15276.52,87
SQ:NAS100,2023-08-08T22:11:00+02:00,15276.52,15276.77,15274.02,15274.52,68
SQ:NAS100,2023-08-08T22:12:00+02:00,15274.52,15276.02,15273.77,15275.27,57
SQ:NAS100,2023-08-08T22:13:00+02:00,15275.27,15278.77,15274.02,15277.52,66
SQ:NAS100,2023-08-08T22:14:00+02:00,15277.52,15278.27,15276.27,15277.02,58
SQ:NAS100,2023-08-08T22:15:00+02:00,15277.02,15277.27,15275.27,15275.77,43
SQ:NAS100,2023-08-08T22:16:00+02:00,15275.52,15275.52,15273.52,15274.27,48
SQ:NAS100,2023-08-08T22:17:00+02:00,15274.27,15276.77,15273.52,15276.52,31
SQ:NAS100,2023-08-08T22:18:00+02:00,15276.52,15277.02,15276.02,15277.02,20
SQ:NAS100,2023-08-08T22:19:00+02:00,15277.02,15277.02,15274.27,15274.52,30
SQ:NAS100,2023-08-08T22:20:00+02:00,15274.52,15274.77,15272.52,15272.52,52
SQ:NAS100,2023-08-08T22:21:00+02:00,15272.52,15273.52,15272.52,15273.27,31
SQ:NAS100,2023-08-08T22:22:00+02:00,15273.02,15273.77,15271.77,15271.77,20
SQ:NAS100,2023-08-08T22:23:00+02:00,15271.77,15273.27,15271.52,15272.77,34
SQ:NAS100,2023-08-08T22:24:00+02:00,15272.77,15272.77,15271.52,15272.02,30
SQ:NAS100,2023-08-08T22:25:00+02:00,15272.02,15272.52,15269.77,15269.77,35
SQ:NAS100,2023-08-08T22:26:00+02:00,15269.77,15270.27,15269.27,15269.27,24
SQ:NAS100,2023-08-08T22:27:00+02:00,15269.27,15269.27,15268.52,15268.52,27
SQ:NAS100,2023-08-08T22:28:00+02:00,15268.52,15269.02,15267.77,15269.02,24
SQ:NAS100,2023-08-08T22:29:00+02:00,15269.02,15270.77,15268.77,15270.52,29
SQ:NAS100,2023-08-08T22:30:00+02:00,15270.52,15271.02,15270.52,15270.52,17
SQ:NAS100,2023-08-08T22:31:00+02:00,15270.52,15271.52,15270.52,15271.27,11
SQ:NAS100,2023-08-08T22:32:00+02:00,15271.27,15271.27,15270.77,15271.02,8
SQ:NAS100,2023-08-08T22:33:00+02:00,15271.02,15271.52,15270.27,15270.77,17
SQ:NAS100,2023-08-08T22:34:00+02:00,15270.77,15270.77,15270.52,15270.52,12
SQ:NAS100,2023-08-08T22:35:00+02:00,15270.52,15272.52,15270.27,15272.52,30
SQ:NAS100,2023-08-08T22:36:00+02:00,15272.52,15272.77,15271.52,15272.02,26
SQ:NAS100,2023-08-08T22:37:00+02:00,15272.02,15272.52,15271.27,15271.52,24
SQ:NAS100,2023-08-08T22:38:00+02:00,15271.52,15272.27,15270.02,15270.02,18
SQ:NAS100,2023-08-08T22:39:00+02:00,15270.02,15271.02,15269.77,15270.77,18
SQ:NAS100,2023-08-08T22:40:00+02:00,15271.02,15271.52,15270.27,15271.52,11
SQ:NAS100,2023-08-08T22:41:00+02:00,15271.77,15272.02,15271.27,15271.27,9
SQ:NAS100,2023-08-08T22:42:00+02:00,15271.27,15271.52,15270.27,15270.52,12
SQ:NAS100,2023-08-08T22:43:00+02:00,15270.52,15271.27,15270.52,15271.02,17
SQ:NAS100,2023-08-08T22:44:00+02:00,15271.27,15271.52,15270.27,15270.52,22
SQ:NAS100,2023-08-08T22:45:00+02:00,15270.52,15271.02,15270.02,15270.77,24
SQ:NAS100,2023-08-08T22:46:00+02:00,15270.77,15273.27,15270.52,15272.52,30
SQ:NAS100,2023-08-08T22:47:00+02:00,15272.52,15273.52,15272.27,15272.52,18
SQ:NAS100,2023-08-08T22:48:00+02:00,15272.52,15272.52,15271.52,15271.77,20
SQ:NAS100,2023-08-08T22:49:00+02:00,15271.77,15272.52,15271.77,15272.52,14
SQ:NAS100,2023-08-08T22:50:00+02:00,15272.52,15273.27,15271.77,15272.02,24
SQ:NAS100,2023-08-08T22:51:00+02:00,15272.02,15272.52,15271.77,15272.52,6
