SQ:NAS100,2022-02-07T00:01:00+01:00,14678.77,14697.77,14675.52,14696.27,122
SQ:NAS100,2022-02-07T00:02:00+01:00,14696.52,14701.27,14674.02,14675.27,170
SQ:NAS100,2022-02-07T00:03:00+01:00,14675.27,14675.27,14647.52,14652.27,186
SQ:NAS100,2022-02-07T00:04:00+01:00,14652.27,14665.27,14651.77,14663.52,108
SQ:NAS100,2022-02-07T00:05:00+01:00,14663.52,14669.27,14653.77,14665.02,112
SQ:NAS100,2022-02-07T00:06:00+01:00,14665.02,14668.77,14664.77,14668.77,50
SQ:NAS100,2022-02-07T00:07:00+01:00,14668.77,14673.02,14660.02,14664.52,66
SQ:NAS100,2022-02-07T00:08:00+01:00,14664.52,14673.77,14663.77,14671.52,52
SQ:NAS100,2022-02-07T00:09:00+01:00,14671.52,14674.02,14666.02,14672.27,45
SQ:NAS100,2022-02-07T00:10:00+01:00,14672.27,14679.27,14670.02,14678.52,37
SQ:NAS100,2022-02-07T00:11:00+01:00,14678.52,14685.77,14676.02,14683.52,101
SQ:NAS100,2022-02-07T00:12:00+01:00,14683.27,14693.02,14681.52,14690.27,99
SQ:NAS100,2022-02-07T00:13:00+01:00,14690.27,14690.27,14683.52,14686.02,65
SQ:NAS100,2022-02-07T00:14:00+01:00,14686.02,14706.77,14686.02,14703.77,138
SQ:NAS100,2022-02-07T00:15:00+01:00,14702.02,14708.02,14697.52,14702.02,88
SQ:NAS100,2022-02-07T00:16:00+01:00,14701.52,14707.02,14694.52,14695.02,64
SQ:NAS100,2022-02-07T00:17:00+01:00,14695.02,14701.27,14687.27,14690.02,83
SQ:NAS100,2022-02-07T00:18:00+01:00,14690.02,14694.02,14687.27,14689.77,77
SQ:NAS100,2022-02-07T00:19:00+01:00,14690.02,14692.02,14684.27,14686.02,69
SQ:NAS100,2022-02-07T00:20:00+01:00,14686.02,14702.52,14685.52,14700.77,108
SQ:NAS100,2022-02-07T00:21:00+01:00,14700.77,14707.77,14699.77,14705.02,88
SQ:NAS100,2022-02-07T00:22:00+01:00,14705.02,14706.52,14694.02,14701.52,97
SQ:NAS100,2022-02-07T00:23:00+01:00,14701.52,14711.27,14701.52,14710.02,92
SQ:NAS100,2022-02-07T00:24:00+01:00,14709.77,14710.27,14702.52,14703.27,52
SQ:NAS100,2022-02-07T00:25:00+01:00,14703.27,14711.27,14701.52,14707.77,68
SQ:NAS100,2022-02-07T00:26:00+01:00,14707.52,14714.02,14707.02,14710.52,75
SQ:NAS100,2022-02-07T00:27:00+01:00,14710.52,14710.52,14706.77,14706.77,54
SQ:NAS100,2022-02-07T00:28:00+01:00,14707.02,14714.52,14706.77,14713.52,52
SQ:NAS100,2022-02-07T00:29:00+01:00,14714.27,14717.77,14711.02,14712.02,90
SQ:NAS100,2022-02-07T00:30:00+01:00,14711.02,14721.27,14711.02,14713.27,117
SQ:NAS100,2022-02-07T00:31:00+01:00,14713.27,14721.02,14712.52,14716.52,81
SQ:NAS100,2022-02-07T00:32:00+01:00,14716.52,14722.52,14716.52,14721.77,67
SQ:NAS100,2022-02-07T00:33:00+01:00,14722.02,14723.77,14716.02,14716.02,73
SQ:NAS100,2022-02-07T00:34:00+01:00,14716.02,14718.27,14711.77,14712.77,81
SQ:NAS100,2022-02-07T00:35:00+01:00,14713.27,14715.27,14706.77,14710.77,80
SQ:NAS100,2022-02-07T00:36:00+01:00,14710.77,14719.27,14710.02,14715.52,84
SQ:NAS100,2022-02-07T00:37:00+01:00,14715.27,14720.27,14715.27,14717.27,52
SQ:NAS100,2022-02-07T00:38:00+01:00,14717.27,14718.27,14711.52,14715.52,69
SQ:NAS100,2022-02-07T00:39:00+01:00,14716.27,14716.52,14707.27,14710.02,58
SQ:NAS100,2022-02-07T00:40:00+01:00,14710.02,14716.27,14710.02,14715.02,66
SQ:NAS100,2022-02-07T00:41:00+01:00,14715.02,14715.52,14708.52,14710.27,73
SQ:NAS100,2022-02-07T00:42:00+01:00,14710.27,14714.02,14709.77,14712.52,51
SQ:NAS100,2022-02-07T00:43:00+01:00,14712.52,14719.52,14712.52,14713.77,56
SQ:NAS100,2022-02-07T00:44:00+01:00,14713.77,14716.52,14713.27,14713.52,56
SQ:NAS100,2022-02-07T00:45:00+01:00,14713.77,14715.02,14711.52,14714.27,64
SQ:NAS100,2022-02-07T00:46:00+01:00,14713.27,14718.52,14712.77,14715.27,61
SQ:NAS100,2022-02-07T00:47:00+01:00,14715.27,14715.27,14712.77,14714.77,27
SQ:NAS100,2022-02-07T00:48:00+01:00,14714.77,14717.27,14713.77,14714.77,38
SQ:NAS100,2022-02-07T00:49:00+01:00,14714.77,14717.52,14714.77,14716.52,55
SQ:NAS100,2022-02-07T00:50:00+01:00,14716.52,14720.02,14715.27,14720.02,49
SQ:NAS100,2022-02-07T00:51:00+01:00,14720.27,14722.02,14715.27,14715.77,62
SQ:NAS100,2022-02-07T00:52:00+01:00,14716.52,14720.02,14716.02,14716.77,53
SQ:NAS100,2022-02-07T00:53:00+01:00,14716.77,14716.77,14714.52,14716.27,23
SQ:NAS100,2022-02-07T00:54:00+01:00,14716.27,14717.02,14713.77,14717.02,33
SQ:NAS100,2022-02-07T00:55:00+01:00,14717.02,14717.02,14708.77,14710.52,61
SQ:NAS100,2022-02-07T00:56:00+01:00,14710.77,14717.77,14710.52,14717.27,37
SQ:NAS100,2022-02-07T00:57:00+01:00,14717.27,14719.27,14717.27,14719.02,28
SQ:NAS100,2022-02-07T00:58:00+01:00,14719.02,14730.27,14718.52,14722.77,106
SQ:NAS100,2022-02-07T00:59:00+01:00,14722.77,14724.02,14721.77,14723.02,36
SQ:NAS100,2022-02-07T01:00:00+01:00,14723.27,14724.77,14717.52,14722.77,105
SQ:NAS100,2022-02-07T01:01:00+01:00,14722.77,14724.02,14704.52,14710.77,140
SQ:NAS100,2022-02-07T01:02:00+01:00,14710.77,14715.27,14708.27,14711.27,120
SQ:NAS100,2022-02-07T01:03:00+01:00,14711.27,14712.77,14696.27,14697.77,172
SQ:NAS100,2022-02-07T01:04:00+01:00,14697.77,14702.02,14691.52,14692.52,99
SQ:NAS100,2022-02-07T01:05:00+01:00,14692.52,14692.52,14670.52,14672.52,174
SQ:NAS100,2022-02-07T01:06:00+01:00,14672.52,14672.52,14659.77,14670.27,211
SQ:NAS100,2022-02-07T01:07:00+01:00,14670.27,14673.52,14665.77,14665.77,165
SQ:NAS100,2022-02-07T01:08:00+01:00,14665.77,14665.77,14654.02,14662.77,153
SQ:NAS100,2022-02-07T01:09:00+01:00,14662.77,14663.77,14656.27,14656.77,113
SQ:NAS100,2022-02-07T01:10:00+01:00,14656.77,14656.77,14648.77,14654.02,161
SQ:NAS100,2022-02-07T01:11:00+01:00,14654.02,14655.52,14634.27,14640.27,146
SQ:NAS100,2022-02-07T01:12:00+01:00,14640.52,14649.02,14638.52,14646.27,141
SQ:NAS100,2022-02-07T01:13:00+01:00,14646.52,14659.02,14646.52,14658.02,153
SQ:NAS100,2022-02-07T01:14:00+01:00,14658.02,14661.02,14653.77,14655.52,83
SQ:NAS100,2022-02-07T01:15:00+01:00,14656.27,14656.27,14645.52,14649.02,155
SQ:NAS100,2022-02-07T01:16:00+01:00,14648.77,14649.02,14638.77,14645.27,124
SQ:NAS100,2022-02-07T01:17:00+01:00,14645.27,14653.52,14643.77,14650.52,114
SQ:NAS100,2022-02-07T01:18:00+01:00,14650.77,14659.52,14649.02,14657.02,128
SQ:NAS100,2022-02-07T01:19:00+01:00,14657.27,14658.27,14645.02,14647.27,109
SQ:NAS100,2022-02-07T01:20:00+01:00,14647.02,14648.52,14643.77,14646.27,102
SQ:NAS100,2022-02-07T01:21:00+01:00,14645.77,14646.52,14636.77,14639.52,105
SQ:NAS100,2022-02-07T01:22:00+01:00,14639.52,14645.27,14637.77,14643.77,77
SQ:NAS100,2022-02-07T01:23:00+01:00,14643.77,14652.77,14643.77,14652.77,107
SQ:NAS100,2022-02-07T01:24:00+01:00,14652.77,14657.77,14647.77,14651.27,104
SQ:NAS100,2022-02-07T01:25:00+01:00,14651.02,14662.02,14650.02,14662.02,70
SQ:NAS100,2022-02-07T01:26:00+01:00,14663.02,14669.77,14658.02,14658.02,131
SQ:NAS100,2022-02-07T01:27:00+01:00,14658.27,14664.02,14658.27,14663.02,72
SQ:NAS100,2022-02-07T01:28:00+01:00,14663.02,14663.27,14660.52,14660.77,75
SQ:NAS100,2022-02-07T01:29:00+01:00,14660.77,14665.02,14658.77,14664.52,59
SQ:NAS100,2022-02-07T01:30:00+01:00,14664.52,14666.27,14659.52,14664.02,98
SQ:NAS100,2022-02-07T01:31:00+01:00,14664.02,14671.02,14661.27,14665.02,83
SQ:NAS100,2022-02-07T01:32:00+01:00,14665.02,14665.02,14662.02,14662.02,48
SQ:NAS100,2022-02-07T01:33:00+01:00,14662.02,14662.27,14656.77,14659.77,60
SQ:NAS100,2022-02-07T01:34:00+01:00,14659.77,14668.27,14655.52,14666.02,101
SQ:NAS100,2022-02-07T01:35:00+01:00,14666.02,14668.02,14663.52,14664.02,67
SQ:NAS100,2022-02-07T01:36:00+01:00,14664.02,14666.77,14649.27,14652.52,108
SQ:NAS100,2022-02-07T01:37:00+01:00,14652.52,14659.27,14649.77,14656.77,68
SQ:NAS100,2022-02-07T01:38:00+01:00,14656.77,14662.02,14655.77,14658.77,82
SQ:NAS100,2022-02-07T01:39:00+01:00,14658.52,14660.52,14655.52,14660.02,57
SQ:NAS100,2022-02-07T01:40:00+01:00,14660.02,14668.52,14659.02,14659.52,73
SQ:NAS100,2022-02-07T01:41:00+01:00,14659.52,14667.27,14654.77,14655.02,89
SQ:NAS100,2022-02-07T01:42:00+01:00,14655.02,14661.77,14655.02,14661.77,60
SQ:NAS100,2022-02-07T01:43:00+01:00,14661.77,14662.02,14654.52,14655.02,51
SQ:NAS100,2022-02-07T01:44:00+01:00,14655.02,14660.02,14654.02,14658.02,59
SQ:NAS100,2022-02-07T01:45:00+01:00,14658.02,14659.02,14650.77,14654.52,78
SQ:NAS100,2022-02-07T01:46:00+01:00,14654.52,14655.27,14649.52,14651.27,52
SQ:NAS100,2022-02-07T01:47:00+01:00,14650.77,14653.52,14649.77,14650.02,60
SQ:NAS100,2022-02-07T01:48:00+01:00,14650.02,14651.27,14644.02,14644.27,95
SQ:NAS100,2022-02-07T01:49:00+01:00,14644.27,14646.27,14640.27,14645.77,114
SQ:NAS100,2022-02-07T01:50:00+01:00,14645.27,14651.52,14644.52,14644.52,124
SQ:NAS100,2022-02-07T01:51:00+01:00,14644.27,14654.27,14642.52,14652.77,88
SQ:NAS100,2022-02-07T01:52:00+01:00,14652.77,14653.52,14646.02,14649.52,99
SQ:NAS100,2022-02-07T01:53:00+01:00,14649.52,14655.52,14649.27,14650.02,77
SQ:NAS100,2022-02-07T01:54:00+01:00,14650.02,14654.77,14644.52,14652.77,85
SQ:NAS100,2022-02-07T01:55:00+01:00,14652.77,14659.52,14647.52,14659.02,82
SQ:NAS100,2022-02-07T01:56:00+01:00,14659.02,14669.27,14658.27,14664.27,135
SQ:NAS100,2022-02-07T01:57:00+01:00,14664.27,14669.02,14664.27,14668.52,104
SQ:NAS100,2022-02-07T01:58:00+01:00,14668.52,14670.02,14663.52,14664.27,104
SQ:NAS100,2022-02-07T01:59:00+01:00,14664.27,14668.02,14659.52,14659.52,92
SQ:NAS100,2022-02-07T02:00:00+01:00,14659.52,14664.77,14653.02,14655.52,153
SQ:NAS100,2022-02-07T02:01:00+01:00,14655.52,14665.27,14655.52,14665.02,142
SQ:NAS100,2022-02-07T02:02:00+01:00,14665.02,14669.27,14660.52,14665.02,118
SQ:NAS100,2022-02-07T02:03:00+01:00,14665.02,14666.27,14662.02,14662.02,86
SQ:NAS100,2022-02-07T02:04:00+01:00,14662.02,14665.77,14656.27,14663.77,79
SQ:NAS100,2022-02-07T02:05:00+01:00,14663.27,14666.02,14658.27,14659.27,104
SQ:NAS100,2022-02-07T02:06:00+01:00,14659.27,14661.02,14651.52,14653.02,122
SQ:NAS100,2022-02-07T02:07:00+01:00,14652.77,14656.02,14651.02,14655.77,91
SQ:NAS100,2022-02-07T02:08:00+01:00,14655.77,14656.02,14637.02,14641.27,171
SQ:NAS100,2022-02-07T02:09:00+01:00,14641.27,14648.52,14640.52,14641.52,119
SQ:NAS100,2022-02-07T02:10:00+01:00,14641.52,14648.52,14638.02,14647.02,104
SQ:NAS100,2022-02-07T02:11:00+01:00,14647.02,14651.77,14646.77,14651.02,77
SQ:NAS100,2022-02-07T02:12:00+01:00,14651.02,14660.77,14650.27,14659.02,71
SQ:NAS100,2022-02-07T02:13:00+01:00,14659.02,14663.27,14656.02,14662.52,107
SQ:NAS100,2022-02-07T02:14:00+01:00,14662.02,14665.02,14657.77,14659.77,81
SQ:NAS100,2022-02-07T02:15:00+01:00,14658.77,14666.52,14655.52,14665.27,146
SQ:NAS100,2022-02-07T02:16:00+01:00,14665.27,14668.52,14660.77,14661.52,99
SQ:NAS100,2022-02-07T02:17:00+01:00,14661.77,14665.27,14660.52,14660.77,77
SQ:NAS100,2022-02-07T02:18:00+01:00,14660.52,14664.27,14658.27,14659.52,56
SQ:NAS100,2022-02-07T02:19:00+01:00,14659.52,14662.77,14657.77,14659.27,68
SQ:NAS100,2022-02-07T02:20:00+01:00,14659.27,14662.02,14652.02,14654.02,122
SQ:NAS100,2022-02-07T02:21:00+01:00,14654.02,14656.27,14650.02,14653.77,72
SQ:NAS100,2022-02-07T02:22:00+01:00,14653.77,14661.77,14653.27,14658.77,80
SQ:NAS100,2022-02-07T02:23:00+01:00,14658.77,14676.52,14658.77,14675.02,139
SQ:NAS100,2022-02-07T02:24:00+01:00,14674.02,14683.52,14673.02,14675.77,125
SQ:NAS100,2022-02-07T02:25:00+01:00,14676.27,14683.27,14676.27,14678.52,90
SQ:NAS100,2022-02-07T02:26:00+01:00,14678.52,14681.77,14678.02,14678.52,54
SQ:NAS100,2022-02-07T02:27:00+01:00,14679.02,14679.27,14674.77,14675.52,51
SQ:NAS100,2022-02-07T02:28:00+01:00,14675.52,14676.27,14674.52,14674.77,48
SQ:NAS100,2022-02-07T02:29:00+01:00,14674.52,14674.52,14658.27,14664.02,129
SQ:NAS100,2022-02-07T02:30:00+01:00,14664.02,14668.02,14660.27,14661.02,97
SQ:NAS100,2022-02-07T02:31:00+01:00,14661.02,14663.02,14655.52,14658.77,88
SQ:NAS100,2022-02-07T02:32:00+01:00,14658.77,14658.77,14651.02,14653.27,83
SQ:NAS100,2022-02-07T02:33:00+01:00,14653.27,14659.02,14653.27,14659.02,124
SQ:NAS100,2022-02-07T02:34:00+01:00,14659.02,14660.02,14653.77,14658.27,86
SQ:NAS100,2022-02-07T02:35:00+01:00,14658.27,14662.27,14655.77,14661.52,82
SQ:NAS100,2022-02-07T02:36:00+01:00,14661.02,14665.77,14658.52,14659.77,81
SQ:NAS100,2022-02-07T02:37:00+01:00,14659.77,14666.27,14658.77,14665.52,82
SQ:NAS100,2022-02-07T02:38:00+01:00,14665.77,14675.52,14665.27,14671.52,99
SQ:NAS100,2022-02-07T02:39:00+01:00,14671.52,14676.52,14671.27,14675.77,110
SQ:NAS100,2022-02-07T02:40:00+01:00,14675.27,14680.27,14668.52,14671.02,113
SQ:NAS100,2022-02-07T02:41:00+01:00,14670.27,14672.02,14661.52,14663.77,123
SQ:NAS100,2022-02-07T02:42:00+01:00,14663.77,14667.02,14655.77,14664.52,127
SQ:NAS100,2022-02-07T02:43:00+01:00,14665.02,14665.77,14661.52,14662.52,70
SQ:NAS100,2022-02-07T02:44:00+01:00,14662.77,14665.52,14662.02,14664.52,64
SQ:NAS100,2022-02-07T02:45:00+01:00,14664.52,14665.27,14659.02,14660.02,65
SQ:NAS100,2022-02-07T02:46:00+01:00,14660.02,14666.27,14658.52,14663.27,77
SQ:NAS100,2022-02-07T02:47:00+01:00,14663.27,14666.52,14661.27,14664.77,93
SQ:NAS100,2022-02-07T02:48:00+01:00,14664.52,14666.02,14661.02,14664.27,102
SQ:NAS100,2022-02-07T02:49:00+01:00,14664.27,14664.27,14659.52,14662.02,69
SQ:NAS100,2022-02-07T02:50:00+01:00,14662.27,14667.52,14661.02,14663.52,85
SQ:NAS100,2022-02-07T02:51:00+01:00,14663.77,14668.27,14661.02,14665.02,77
SQ:NAS100,2022-02-07T02:52:00+01:00,14664.77,14669.77,14664.27,14667.27,114
SQ:NAS100,2022-02-07T02:53:00+01:00,14667.27,14668.77,14666.52,14667.52,47
SQ:NAS100,2022-02-07T02:54:00+01:00,14667.77,14670.52,14663.52,14663.52,81
SQ:NAS100,2022-02-07T02:55:00+01:00,14663.52,14667.02,14661.52,14663.77,72
SQ:NAS100,2022-02-07T02:56:00+01:00,14663.77,14664.27,14658.02,14658.27,66
SQ:NAS100,2022-02-07T02:57:00+01:00,14658.27,14658.27,14647.27,14647.27,157
SQ:NAS100,2022-02-07T02:58:00+01:00,14647.27,14651.02,14645.77,14648.77,100
SQ:NAS100,2022-02-07T02:59:00+01:00,14648.77,14654.02,14645.02,14652.52,117
SQ:NAS100,2022-02-07T03:00:00+01:00,14652.52,14659.77,14652.27,14659.02,116
SQ:NAS100,2022-02-07T03:01:00+01:00,14659.27,14664.27,14658.52,14661.77,83
SQ:NAS100,2022-02-07T03:02:00+01:00,14661.77,14667.27,14660.52,14661.27,148
SQ:NAS100,2022-02-07T03:03:00+01:00,14661.27,14662.77,14659.52,14660.02,81
SQ:NAS100,2022-02-07T03:04:00+01:00,14660.02,14665.27,14659.52,14660.52,84
SQ:NAS100,2022-02-07T03:05:00+01:00,14660.02,14664.52,14659.27,14661.77,144
SQ:NAS100,2022-02-07T03:06:00+01:00,14661.77,14663.77,14656.27,14658.52,97
SQ:NAS100,2022-02-07T03:07:00+01:00,14658.77,14660.02,14654.52,14656.27,81
SQ:NAS100,2022-02-07T03:08:00+01:00,14656.27,14659.77,14656.02,14659.52,77
SQ:NAS100,2022-02-07T03:09:00+01:00,14659.52,14663.77,14659.52,14661.02,95
SQ:NAS100,2022-02-07T03:10:00+01:00,14661.02,14661.52,14637.27,14640.52,166
SQ:NAS100,2022-02-07T03:11:00+01:00,14640.52,14646.77,14640.52,14646.27,151
SQ:NAS100,2022-02-07T03:12:00+01:00,14647.27,14657.52,14646.52,14655.77,137
SQ:NAS100,2022-02-07T03:13:00+01:00,14655.77,14659.27,14654.27,14657.77,86
SQ:NAS100,2022-02-07T03:14:00+01:00,14657.77,14660.02,14656.27,14658.77,89
SQ:NAS100,2022-02-07T03:15:00+01:00,14658.77,14665.02,14658.27,14660.52,121
SQ:NAS100,2022-02-07T03:16:00+01:00,14660.52,14662.02,14659.02,14660.27,67
SQ:NAS100,2022-02-07T03:17:00+01:00,14660.27,14663.02,14658.02,14659.27,94
SQ:NAS100,2022-02-07T03:18:00+01:00,14659.27,14662.02,14655.52,14656.02,97
SQ:NAS100,2022-02-07T03:19:00+01:00,14656.27,14656.27,14647.02,14649.52,138
SQ:NAS100,2022-02-07T03:20:00+01:00,14650.02,14656.77,14649.77,14656.77,91
SQ:NAS100,2022-02-07T03:21:00+01:00,14655.52,14658.27,14653.52,14657.27,88
SQ:NAS100,2022-02-07T03:22:00+01:00,14657.27,14657.27,14651.27,14652.77,84
SQ:NAS100,2022-02-07T03:23:00+01:00,14652.77,14654.77,14650.77,14654.27,75
SQ:NAS100,2022-02-07T03:24:00+01:00,14654.27,14655.52,14650.77,14652.02,74
SQ:NAS100,2022-02-07T03:25:00+01:00,14652.02,14652.27,14650.02,14651.52,57
SQ:NAS100,2022-02-07T03:26:00+01:00,14651.52,14652.52,14650.77,14650.77,60
SQ:NAS100,2022-02-07T03:27:00+01:00,14650.77,14652.52,14650.52,14651.27,38
SQ:NAS100,2022-02-07T03:28:00+01:00,14651.02,14652.52,14643.77,14647.52,105
SQ:NAS100,2022-02-07T03:29:00+01:00,14647.52,14647.52,14644.77,14645.52,91
SQ:NAS100,2022-02-07T03:30:00+01:00,14645.77,14650.02,14642.52,14645.02,117
SQ:NAS100,2022-02-07T03:31:00+01:00,14644.52,14648.27,14643.77,14647.27,69
SQ:NAS100,2022-02-07T03:32:00+01:00,14647.27,14647.52,14636.27,14641.52,125
SQ:NAS100,2022-02-07T03:33:00+01:00,14641.52,14646.02,14641.27,14646.02,94
SQ:NAS100,2022-02-07T03:34:00+01:00,14646.02,14653.02,14646.02,14652.02,101
SQ:NAS100,2022-02-07T03:35:00+01:00,14652.52,14653.02,14646.52,14649.77,96
SQ:NAS100,2022-02-07T03:36:00+01:00,14649.77,14651.02,14647.77,14647.77,82
SQ:NAS100,2022-02-07T03:37:00+01:00,14647.77,14647.77,14620.27,14621.27,147
SQ:NAS100,2022-02-07T03:38:00+01:00,14621.77,14625.77,14619.02,14625.02,135
SQ:NAS100,2022-02-07T03:39:00+01:00,14626.02,14626.02,14621.27,14624.02,99
SQ:NAS100,2022-02-07T03:40:00+01:00,14624.52,14626.27,14621.27,14621.52,80
SQ:NAS100,2022-02-07T03:41:00+01:00,14621.52,14625.02,14616.02,14625.02,163
SQ:NAS100,2022-02-07T03:42:00+01:00,14625.27,14629.02,14624.27,14628.52,124
SQ:NAS100,2022-02-07T03:43:00+01:00,14628.27,14629.02,14621.77,14623.52,96
SQ:NAS100,2022-02-07T03:44:00+01:00,14623.52,14625.02,14618.27,14619.77,85
SQ:NAS100,2022-02-07T03:45:00+01:00,14619.77,14620.77,14617.52,14618.77,85
SQ:NAS100,2022-02-07T03:46:00+01:00,14618.77,14625.27,14618.77,14623.02,91
SQ:NAS100,2022-02-07T03:47:00+01:00,14623.77,14631.52,14621.77,14630.52,92
SQ:NAS100,2022-02-07T03:48:00+01:00,14630.02,14630.52,14626.02,14626.77,68
SQ:NAS100,2022-02-07T03:49:00+01:00,14627.02,14627.27,14623.27,14623.52,68
SQ:NAS100,2022-02-07T03:50:00+01:00,14623.52,14625.27,14617.02,14617.02,97
SQ:NAS100,2022-02-07T03:51:00+01:00,14617.52,14623.27,14617.02,14620.27,111
SQ:NAS100,2022-02-07T03:52:00+01:00,14620.27,14622.52,14618.52,14618.52,54
SQ:NAS100,2022-02-07T03:53:00+01:00,14618.52,14620.77,14617.27,14618.52,66
SQ:NAS100,2022-02-07T03:54:00+01:00,14618.52,14619.77,14616.02,14617.27,57
SQ:NAS100,2022-02-07T03:55:00+01:00,14617.27,14621.02,14614.02,14620.77,138
SQ:NAS100,2022-02-07T03:56:00+01:00,14620.52,14628.52,14617.52,14626.77,144
SQ:NAS100,2022-02-07T03:57:00+01:00,14626.77,14629.27,14626.52,14627.02,96
SQ:NAS100,2022-02-07T03:58:00+01:00,14627.02,14627.77,14620.02,14621.52,87
SQ:NAS100,2022-02-07T03:59:00+01:00,14621.52,14624.27,14620.77,14623.52,81
SQ:NAS100,2022-02-07T04:00:00+01:00,14623.52,14626.52,14623.27,14626.52,67
SQ:NAS100,2022-02-07T04:01:00+01:00,14626.77,14628.02,14625.77,14626.77,73
SQ:NAS100,2022-02-07T04:02:00+01:00,14626.77,14628.52,14623.52,14627.02,64
SQ:NAS100,2022-02-07T04:03:00+01:00,14627.02,14628.27,14624.52,14627.02,65
SQ:NAS100,2022-02-07T04:04:00+01:00,14627.02,14628.02,14625.52,14626.02,71
SQ:NAS100,2022-02-07T04:05:00+01:00,14626.02,14629.02,14625.02,14628.02,71
SQ:NAS100,2022-02-07T04:06:00+01:00,14627.77,14627.77,14624.27,14625.77,54
SQ:NAS100,2022-02-07T04:07:00+01:00,14625.77,14633.27,14625.77,14631.27,79
SQ:NAS100,2022-02-07T04:08:00+01:00,14631.27,14631.27,14627.52,14629.52,64
SQ:NAS100,2022-02-07T04:09:00+01:00,14629.52,14633.02,14629.27,14629.27,72
SQ:NAS100,2022-02-07T04:10:00+01:00,14629.27,14629.27,14627.77,14628.52,43
SQ:NAS100,2022-02-07T04:11:00+01:00,14628.52,14630.77,14626.52,14630.52,61
SQ:NAS100,2022-02-07T04:12:00+01:00,14630.52,14631.27,14626.77,14630.27,74
SQ:NAS100,2022-02-07T04:13:00+01:00,14630.27,14630.52,14629.27,14629.77,45
SQ:NAS100,2022-02-07T04:14:00+01:00,14629.77,14635.52,14629.77,14635.27,70
SQ:NAS100,2022-02-07T04:15:00+01:00,14635.02,14637.02,14633.77,14636.02,87
SQ:NAS100,2022-02-07T04:16:00+01:00,14636.02,14641.27,14635.77,14638.52,74
SQ:NAS100,2022-02-07T04:17:00+01:00,14638.52,14639.27,14636.02,14638.27,75
SQ:NAS100,2022-02-07T04:18:00+01:00,14638.52,14639.02,14637.27,14637.27,43
SQ:NAS100,2022-02-07T04:19:00+01:00,14637.27,14638.52,14636.52,14636.77,60
SQ:NAS100,2022-02-07T04:20:00+01:00,14636.77,14637.27,14632.77,14632.77,78
SQ:NAS100,2022-02-07T04:21:00+01:00,14632.77,14639.77,14632.77,14639.52,79
SQ:NAS100,2022-02-07T04:22:00+01:00,14639.52,14640.27,14636.27,14637.52,48
SQ:NAS100,2022-02-07T04:23:00+01:00,14637.52,14642.27,14637.02,14641.27,53
SQ:NAS100,2022-02-07T04:24:00+01:00,14641.52,14644.77,14641.52,14644.02,66
SQ:NAS100,2022-02-07T04:25:00+01:00,14644.02,14644.52,14640.02,14642.77,83
SQ:NAS100,2022-02-07T04:26:00+01:00,14642.77,14643.27,14641.02,14642.77,59
SQ:NAS100,2022-02-07T04:27:00+01:00,14642.77,14655.52,14642.02,14648.77,107
SQ:NAS100,2022-02-07T04:28:00+01:00,14648.77,14649.27,14646.52,14647.02,92
SQ:NAS100,2022-02-07T04:29:00+01:00,14647.02,14648.77,14644.27,14644.27,76
SQ:NAS100,2022-02-07T04:30:00+01:00,14644.27,14646.52,14640.77,14640.77,86
SQ:NAS100,2022-02-07T04:31:00+01:00,14641.02,14644.52,14641.02,14642.27,71
SQ:NAS100,2022-02-07T04:32:00+01:00,14642.27,14644.27,14641.27,14642.27,46
SQ:NAS100,2022-02-07T04:33:00+01:00,14642.52,14644.52,14640.77,14640.77,89
SQ:NAS100,2022-02-07T04:34:00+01:00,14640.77,14644.02,14640.77,14642.02,49
SQ:NAS100,2022-02-07T04:35:00+01:00,14642.52,14646.02,14642.02,14645.52,73
SQ:NAS100,2022-02-07T04:36:00+01:00,14645.27,14652.02,14645.27,14650.77,85
SQ:NAS100,2022-02-07T04:37:00+01:00,14650.77,14659.77,14650.27,14658.02,118
SQ:NAS100,2022-02-07T04:38:00+01:00,14658.02,14661.02,14657.77,14659.52,80
SQ:NAS100,2022-02-07T04:39:00+01:00,14659.52,14660.52,14656.52,14657.77,81
SQ:NAS100,2022-02-07T04:40:00+01:00,14657.77,14659.52,14657.77,14658.27,73
SQ:NAS100,2022-02-07T04:41:00+01:00,14658.27,14664.77,14658.27,14664.27,104
SQ:NAS100,2022-02-07T04:42:00+01:00,14664.27,14672.27,14663.77,14667.52,125
SQ:NAS100,2022-02-07T04:43:00+01:00,14667.52,14669.27,14666.52,14668.52,89
SQ:NAS100,2022-02-07T04:44:00+01:00,14669.27,14674.02,14664.02,14665.52,92
SQ:NAS100,2022-02-07T04:45:00+01:00,14665.52,14667.52,14659.52,14661.02,96
SQ:NAS100,2022-02-07T04:46:00+01:00,14661.02,14661.77,14660.27,14660.52,46
SQ:NAS100,2022-02-07T04:47:00+01:00,14660.52,14663.27,14660.52,14662.77,41
SQ:NAS100,2022-02-07T04:48:00+01:00,14662.77,14664.27,14660.77,14664.02,64
SQ:NAS100,2022-02-07T04:49:00+01:00,14664.27,14664.27,14661.27,14663.27,58
SQ:NAS100,2022-02-07T04:50:00+01:00,14663.27,14665.52,14662.27,14663.02,58
SQ:NAS100,2022-02-07T04:51:00+01:00,14662.77,14663.52,14660.02,14661.52,54
SQ:NAS100,2022-02-07T04:52:00+01:00,14661.27,14662.77,14660.02,14662.77,44
SQ:NAS100,2022-02-07T04:53:00+01:00,14662.77,14665.02,14662.02,14663.52,51
SQ:NAS100,2022-02-07T04:54:00+01:00,14663.52,14665.02,14661.52,14665.02,52
SQ:NAS100,2022-02-07T04:55:00+01:00,14665.02,14666.02,14659.77,14660.02,63
SQ:NAS100,2022-02-07T04:56:00+01:00,14660.02,14662.02,14660.02,14661.02,44
SQ:NAS100,2022-02-07T04:57:00+01:00,14659.77,14660.02,14655.52,14655.77,59
SQ:NAS100,2022-02-07T04:58:00+01:00,14655.77,14658.02,14655.77,14657.77,61
SQ:NAS100,2022-02-07T04:59:00+01:00,14657.77,14659.77,14657.27,14657.77,56
SQ:NAS100,2022-02-07T05:00:00+01:00,14658.02,14660.27,14657.52,14660.02,43
SQ:NAS100,2022-02-07T05:01:00+01:00,14660.27,14670.77,14660.27,14670.27,91
SQ:NAS100,2022-02-07T05:02:00+01:00,14670.02,14676.02,14668.02,14669.77,119
SQ:NAS100,2022-02-07T05:03:00+01:00,14669.77,14671.52,14668.02,14668.52,64
SQ:NAS100,2022-02-07T05:04:00+01:00,14668.52,14672.52,14668.52,14672.02,37
SQ:NAS100,2022-02-07T05:05:00+01:00,14672.02,14676.02,14671.77,14676.02,76
SQ:NAS100,2022-02-07T05:06:00+01:00,14676.27,14679.77,14674.77,14679.02,87
SQ:NAS100,2022-02-07T05:07:00+01:00,14678.77,14682.27,14678.02,14680.77,102
SQ:NAS100,2022-02-07T05:08:00+01:00,14680.77,14684.77,14679.52,14683.02,86
SQ:NAS100,2022-02-07T05:09:00+01:00,14683.52,14683.52,14675.27,14675.77,59
SQ:NAS100,2022-02-07T05:10:00+01:00,14675.77,14678.27,14675.52,14677.77,22
SQ:NAS100,2022-02-07T05:11:00+01:00,14677.77,14678.02,14677.02,14677.77,22
SQ:NAS100,2022-02-07T05:12:00+01:00,14677.77,14680.27,14677.27,14680.27,35
SQ:NAS100,2022-02-07T05:13:00+01:00,14680.27,14682.52,14680.02,14681.52,45
SQ:NAS100,2022-02-07T05:14:00+01:00,14681.52,14683.02,14679.02,14681.77,54
SQ:NAS100,2022-02-07T05:15:00+01:00,14681.77,14683.52,14680.52,14682.27,48
SQ:NAS100,2022-02-07T05:16:00+01:00,14682.27,14696.02,14682.27,14691.77,85
SQ:NAS100,2022-02-07T05:17:00+01:00,14691.27,14695.27,14690.27,14691.27,123
SQ:NAS100,2022-02-07T05:18:00+01:00,14691.52,14699.27,14690.27,14696.02,75
SQ:NAS100,2022-02-07T05:19:00+01:00,14696.02,14698.52,14694.52,14697.27,96
SQ:NAS100,2022-02-07T05:20:00+01:00,14697.27,14699.52,14695.77,14697.52,94
SQ:NAS100,2022-02-07T05:21:00+01:00,14697.52,14701.02,14695.02,14698.27,81
SQ:NAS100,2022-02-07T05:22:00+01:00,14698.27,14706.52,14697.52,14705.52,131
SQ:NAS100,2022-02-07T05:23:00+01:00,14705.77,14719.52,14705.77,14718.27,155
SQ:NAS100,2022-02-07T05:24:00+01:00,14718.77,14720.52,14713.52,14713.77,103
SQ:NAS100,2022-02-07T05:25:00+01:00,14713.77,14716.77,14712.77,14712.77,66
SQ:NAS100,2022-02-07T05:26:00+01:00,14713.02,14713.02,14706.77,14707.52,96
SQ:NAS100,2022-02-07T05:27:00+01:00,14707.52,14708.77,14706.52,14708.27,54
SQ:NAS100,2022-02-07T05:28:00+01:00,14708.02,14709.52,14707.52,14707.77,52
SQ:NAS100,2022-02-07T05:29:00+01:00,14708.02,14710.52,14708.02,14710.27,41
SQ:NAS100,2022-02-07T05:30:00+01:00,14710.27,14721.52,14710.27,14718.77,123
SQ:NAS100,2022-02-07T05:31:00+01:00,14719.02,14719.77,14716.02,14717.27,72
SQ:NAS100,2022-02-07T05:32:00+01:00,14717.27,14722.27,14715.52,14722.27,73
SQ:NAS100,2022-02-07T05:33:00+01:00,14721.77,14727.02,14716.77,14719.02,131
SQ:NAS100,2022-02-07T05:34:00+01:00,14719.02,14723.52,14718.52,14723.02,69
SQ:NAS100,2022-02-07T05:35:00+01:00,14723.02,14724.02,14719.77,14722.02,47
SQ:NAS100,2022-02-07T05:36:00+01:00,14722.02,14724.02,14720.77,14722.02,45
SQ:NAS100,2022-02-07T05:37:00+01:00,14722.02,14723.77,14721.27,14722.77,48
SQ:NAS100,2022-02-07T05:38:00+01:00,14722.77,14723.27,14720.52,14721.52,53
SQ:NAS100,2022-02-07T05:39:00+01:00,14721.27,14722.02,14717.02,14718.52,55
SQ:NAS100,2022-02-07T05:40:00+01:00,14718.52,14719.27,14717.52,14718.77,41
SQ:NAS100,2022-02-07T05:41:00+01:00,14718.77,14723.27,14718.52,14720.77,38
SQ:NAS100,2022-02-07T05:42:00+01:00,14720.77,14723.77,14717.27,14718.02,49
SQ:NAS100,2022-02-07T05:43:00+01:00,14718.02,14719.02,14714.77,14715.27,53
SQ:NAS100,2022-02-07T05:44:00+01:00,14715.27,14716.27,14714.02,14715.27,45
SQ:NAS100,2022-02-07T05:45:00+01:00,14715.27,14717.77,14715.27,14716.27,51
SQ:NAS100,2022-02-07T05:46:00+01:00,14717.27,14718.02,14716.77,14718.02,17
SQ:NAS100,2022-02-07T05:47:00+01:00,14717.77,14718.02,14715.77,14716.27,46
SQ:NAS100,2022-02-07T05:48:00+01:00,14716.52,14716.52,14709.27,14710.77,44
SQ:NAS100,2022-02-07T05:49:00+01:00,14710.77,14715.27,14710.77,14714.52,53
SQ:NAS100,2022-02-07T05:50:00+01:00,14714.52,14717.77,14714.52,14716.77,53
SQ:NAS100,2022-02-07T05:51:00+01:00,14716.77,14717.52,14711.02,14711.27,38
SQ:NAS100,2022-02-07T05:52:00+01:00,14709.77,14710.52,14708.52,14709.77,44
SQ:NAS100,2022-02-07T05:53:00+01:00,14709.77,14710.77,14709.02,14709.27,52
SQ:NAS100,2022-02-07T05:54:00+01:00,14709.27,14709.77,14705.77,14706.27,72
SQ:NAS100,2022-02-07T05:55:00+01:00,14706.27,14709.77,14706.27,14706.77,39
SQ:NAS100,2022-02-07T05:56:00+01:00,14707.02,14710.77,14707.02,14710.52,45
SQ:NAS100,2022-02-07T05:57:00+01:00,14710.52,14714.77,14710.52,14713.77,54
SQ:NAS100,2022-02-07T05:58:00+01:00,14712.77,14713.27,14707.02,14709.77,52
SQ:NAS100,2022-02-07T05:59:00+01:00,14709.77,14713.27,14709.77,14710.77,42
SQ:NAS100,2022-02-07T06:00:00+01:00,14710.77,14712.77,14709.02,14710.77,82
SQ:NAS100,2022-02-07T06:01:00+01:00,14710.77,14714.77,14710.02,14710.02,81
SQ:NAS100,2022-02-07T06:02:00+01:00,14710.02,14712.52,14708.27,14709.77,82
SQ:NAS100,2022-02-07T06:03:00+01:00,14709.77,14710.02,14702.27,14702.52,98
SQ:NAS100,2022-02-07T06:04:00+01:00,14702.52,14704.02,14702.02,14703.77,64
SQ:NAS100,2022-02-07T06:05:00+01:00,14703.77,14705.02,14700.77,14703.02,77
SQ:NAS100,2022-02-07T06:06:00+01:00,14703.02,14704.02,14700.52,14702.77,66
SQ:NAS100,2022-02-07T06:07:00+01:00,14702.77,14705.02,14702.77,14704.27,73
SQ:NAS100,2022-02-07T06:08:00+01:00,14704.52,14706.77,14703.02,14706.27,77
SQ:NAS100,2022-02-07T06:09:00+01:00,14706.27,14714.77,14705.52,14714.52,116
SQ:NAS100,2022-02-07T06:10:00+01:00,14714.27,14725.52,14714.27,14724.52,94
SQ:NAS100,2022-02-07T06:11:00+01:00,14724.27,14724.27,14719.02,14722.02,92
SQ:NAS100,2022-02-07T06:12:00+01:00,14721.77,14723.52,14720.27,14723.02,83
SQ:NAS100,2022-02-07T06:13:00+01:00,14722.77,14723.27,14719.27,14720.02,56
SQ:NAS100,2022-02-07T06:14:00+01:00,14720.02,14720.52,14716.02,14719.77,73
SQ:NAS100,2022-02-07T06:15:00+01:00,14719.52,14722.02,14719.52,14721.02,55
SQ:NAS100,2022-02-07T06:16:00+01:00,14721.02,14724.27,14718.77,14719.77,63
SQ:NAS100,2022-02-07T06:17:00+01:00,14719.77,14722.77,14719.02,14722.27,44
SQ:NAS100,2022-02-07T06:18:00+01:00,14722.02,14723.27,14718.52,14719.02,76
SQ:NAS100,2022-02-07T06:19:00+01:00,14719.02,14719.77,14715.02,14717.02,71
SQ:NAS100,2022-02-07T06:20:00+01:00,14717.02,14718.27,14715.52,14716.02,74
SQ:NAS100,2022-02-07T06:21:00+01:00,14716.27,14717.02,14710.77,14714.27,72
SQ:NAS100,2022-02-07T06:22:00+01:00,14714.27,14714.52,14705.52,14708.52,96
SQ:NAS100,2022-02-07T06:23:00+01:00,14708.52,14710.52,14707.27,14708.52,62
SQ:NAS100,2022-02-07T06:24:00+01:00,14708.77,14711.02,14708.52,14709.02,58
SQ:NAS100,2022-02-07T06:25:00+01:00,14709.27,14710.02,14705.52,14705.77,70
SQ:NAS100,2022-02-07T06:26:00+01:00,14705.77,14708.52,14705.02,14705.52,73
SQ:NAS100,2022-02-07T06:27:00+01:00,14705.52,14708.02,14705.52,14707.02,68
SQ:NAS100,2022-02-07T06:28:00+01:00,14707.02,14710.02,14705.27,14708.02,76
SQ:NAS100,2022-02-07T06:29:00+01:00,14708.02,14709.27,14698.27,14701.52,100
SQ:NAS100,2022-02-07T06:30:00+01:00,14701.02,14701.52,14696.02,14699.77,151
SQ:NAS100,2022-02-07T06:31:00+01:00,14699.77,14707.52,14697.27,14704.77,113
SQ:NAS100,2022-02-07T06:32:00+01:00,14704.77,14711.77,14704.52,14710.02,88
SQ:NAS100,2022-02-07T06:33:00+01:00,14709.77,14712.27,14708.27,14711.27,80
SQ:NAS100,2022-02-07T06:34:00+01:00,14711.27,14714.27,14711.27,14713.27,102
SQ:NAS100,2022-02-07T06:35:00+01:00,14713.27,14715.52,14708.52,14709.27,101
SQ:NAS100,2022-02-07T06:36:00+01:00,14709.27,14712.27,14707.52,14707.52,54
SQ:NAS100,2022-02-07T06:37:00+01:00,14707.52,14709.02,14706.77,14708.27,57
SQ:NAS100,2022-02-07T06:38:00+01:00,14708.52,14711.52,14708.27,14710.27,44
SQ:NAS100,2022-02-07T06:39:00+01:00,14710.27,14712.27,14710.27,14710.52,38
SQ:NAS100,2022-02-07T06:40:00+01:00,14710.52,14710.52,14703.77,14704.27,97
SQ:NAS100,2022-02-07T06:41:00+01:00,14704.27,14705.52,14702.02,14703.52,83
SQ:NAS100,2022-02-07T06:42:00+01:00,14703.77,14704.77,14698.52,14701.27,69
SQ:NAS100,2022-02-07T06:43:00+01:00,14701.27,14701.52,14696.77,14699.02,92
SQ:NAS100,2022-02-07T06:44:00+01:00,14699.02,14703.02,14698.77,14702.77,60
SQ:NAS100,2022-02-07T06:45:00+01:00,14702.77,14703.27,14697.27,14698.27,74
SQ:NAS100,2022-02-07T06:46:00+01:00,14698.27,14700.27,14694.77,14698.02,67
SQ:NAS100,2022-02-07T06:47:00+01:00,14698.52,14701.27,14697.52,14697.77,56
SQ:NAS100,2022-02-07T06:48:00+01:00,14697.77,14704.27,14697.77,14702.52,61
SQ:NAS100,2022-02-07T06:49:00+01:00,14702.27,14705.27,14700.77,14703.27,63
SQ:NAS100,2022-02-07T06:50:00+01:00,14703.27,14705.02,14696.77,14697.77,68
SQ:NAS100,2022-02-07T06:51:00+01:00,14697.77,14703.77,14697.52,14699.77,53
SQ:NAS100,2022-02-07T06:52:00+01:00,14699.77,14702.02,14695.77,14700.77,56
SQ:NAS100,2022-02-07T06:53:00+01:00,14700.77,14708.02,14699.77,14706.27,72
SQ:NAS100,2022-02-07T06:54:00+01:00,14706.02,14710.52,14705.27,14708.02,104
SQ:NAS100,2022-02-07T06:55:00+01:00,14708.02,14710.52,14707.52,14708.27,49
SQ:NAS100,2022-02-07T06:56:00+01:00,14708.27,14708.52,14703.52,14703.52,44
SQ:NAS100,2022-02-07T06:57:00+01:00,14703.52,14707.52,14703.02,14705.02,67
SQ:NAS100,2022-02-07T06:58:00+01:00,14705.02,14714.77,14705.02,14709.52,82
SQ:NAS100,2022-02-07T06:59:00+01:00,14709.52,14715.27,14707.77,14715.02,77
SQ:NAS100,2022-02-07T07:00:00+01:00,14715.02,14719.77,14715.02,14716.02,116
SQ:NAS100,2022-02-07T07:01:00+01:00,14716.02,14717.52,14712.52,14714.52,71
SQ:NAS100,2022-02-07T07:02:00+01:00,14714.52,14721.02,14713.77,14720.52,76
SQ:NAS100,2022-02-07T07:03:00+01:00,14720.52,14722.27,14713.52,14718.02,101
SQ:NAS100,2022-02-07T07:04:00+01:00,14718.02,14719.52,14716.52,14717.77,51
SQ:NAS100,2022-02-07T07:05:00+01:00,14717.52,14721.02,14716.77,14719.52,56
SQ:NAS100,2022-02-07T07:06:00+01:00,14719.52,14728.52,14719.52,14725.77,81
SQ:NAS100,2022-02-07T07:07:00+01:00,14725.77,14727.02,14721.27,14723.27,51
SQ:NAS100,2022-02-07T07:08:00+01:00,14723.27,14723.27,14716.02,14718.02,71
SQ:NAS100,2022-02-07T07:09:00+01:00,14718.02,14718.02,14715.02,14716.27,56
SQ:NAS100,2022-02-07T07:10:00+01:00,14715.77,14717.02,14710.77,14712.77,56
SQ:NAS100,2022-02-07T07:11:00+01:00,14712.77,14715.02,14709.52,14713.02,42
SQ:NAS100,2022-02-07T07:12:00+01:00,14712.77,14713.27,14711.27,14712.02,31
SQ:NAS100,2022-02-07T07:13:00+01:00,14712.02,14715.02,14704.27,14704.77,37
SQ:NAS100,2022-02-07T07:14:00+01:00,14705.27,14710.27,14705.27,14710.27,42
SQ:NAS100,2022-02-07T07:15:00+01:00,14710.27,14711.52,14707.52,14707.52,56
SQ:NAS100,2022-02-07T07:16:00+01:00,14707.77,14712.27,14706.27,14711.27,48
SQ:NAS100,2022-02-07T07:17:00+01:00,14711.27,14712.27,14705.02,14705.02,43
SQ:NAS100,2022-02-07T07:18:00+01:00,14705.02,14706.02,14700.02,14704.77,60
SQ:NAS100,2022-02-07T07:19:00+01:00,14703.27,14705.52,14701.52,14701.77,49
SQ:NAS100,2022-02-07T07:20:00+01:00,14701.77,14705.02,14700.52,14704.52,65
SQ:NAS100,2022-02-07T07:21:00+01:00,14704.02,14711.77,14702.27,14709.02,73
SQ:NAS100,2022-02-07T07:22:00+01:00,14709.02,14710.27,14703.52,14703.77,39
SQ:NAS100,2022-02-07T07:23:00+01:00,14703.77,14704.52,14701.52,14703.02,45
SQ:NAS100,2022-02-07T07:24:00+01:00,14703.02,14705.77,14702.77,14705.52,37
SQ:NAS100,2022-02-07T07:25:00+01:00,14705.77,14705.77,14701.77,14702.52,41
SQ:NAS100,2022-02-07T07:26:00+01:00,14702.52,14705.02,14700.52,14705.02,50
SQ:NAS100,2022-02-07T07:27:00+01:00,14705.02,14705.77,14703.27,14705.27,45
SQ:NAS100,2022-02-07T07:28:00+01:00,14705.52,14709.52,14705.02,14707.52,60
SQ:NAS100,2022-02-07T07:29:00+01:00,14707.77,14711.27,14704.52,14706.52,50
SQ:NAS100,2022-02-07T07:30:00+01:00,14706.27,14715.52,14706.27,14714.02,84
SQ:NAS100,2022-02-07T07:31:00+01:00,14714.02,14714.52,14709.77,14710.27,48
SQ:NAS100,2022-02-07T07:32:00+01:00,14710.27,14711.02,14709.27,14710.27,40
SQ:NAS100,2022-02-07T07:33:00+01:00,14710.27,14710.27,14696.02,14698.02,82
SQ:NAS100,2022-02-07T07:34:00+01:00,14698.02,14700.52,14698.02,14698.52,54
SQ:NAS100,2022-02-07T07:35:00+01:00,14698.77,14698.77,14691.27,14694.02,96
SQ:NAS100,2022-02-07T07:36:00+01:00,14694.27,14696.52,14693.02,14693.02,40
SQ:NAS100,2022-02-07T07:37:00+01:00,14693.02,14693.52,14686.52,14688.27,78
SQ:NAS100,2022-02-07T07:38:00+01:00,14688.27,14689.52,14686.27,14686.77,58
SQ:NAS100,2022-02-07T07:39:00+01:00,14687.02,14692.02,14685.52,14690.02,70
SQ:NAS100,2022-02-07T07:40:00+01:00,14690.27,14694.77,14686.77,14687.52,44
SQ:NAS100,2022-02-07T07:41:00+01:00,14687.52,14696.02,14687.52,14694.77,60
SQ:NAS100,2022-02-07T07:42:00+01:00,14694.52,14702.77,14694.52,14701.27,66
SQ:NAS100,2022-02-07T07:43:00+01:00,14701.52,14703.02,14698.77,14702.77,41
SQ:NAS100,2022-02-07T07:44:00+01:00,14702.77,14707.27,14699.27,14706.52,63
SQ:NAS100,2022-02-07T07:45:00+01:00,14706.52,14710.02,14705.27,14709.52,71
SQ:NAS100,2022-02-07T07:46:00+01:00,14709.52,14709.52,14707.02,14708.77,42
SQ:NAS100,2022-02-07T07:47:00+01:00,14709.02,14716.77,14709.02,14716.02,53
SQ:NAS100,2022-02-07T07:48:00+01:00,14716.02,14716.02,14712.52,14712.77,39
SQ:NAS100,2022-02-07T07:49:00+01:00,14712.77,14715.27,14708.52,14714.02,49
SQ:NAS100,2022-02-07T07:50:00+01:00,14714.02,14715.52,14712.02,14713.27,43
SQ:NAS100,2022-02-07T07:51:00+01:00,14713.52,14715.02,14711.02,14713.02,35
SQ:NAS100,2022-02-07T07:52:00+01:00,14713.02,14715.52,14712.77,14715.27,49
SQ:NAS100,2022-02-07T07:53:00+01:00,14715.27,14716.27,14713.52,14715.77,34
SQ:NAS100,2022-02-07T07:54:00+01:00,14715.77,14716.27,14712.27,14714.02,51
SQ:NAS100,2022-02-07T07:55:00+01:00,14714.02,14715.27,14713.52,14714.52,32
SQ:NAS100,2022-02-07T07:56:00+01:00,14714.52,14725.27,14714.02,14722.27,104
SQ:NAS100,2022-02-07T07:57:00+01:00,14722.02,14725.02,14720.77,14722.27,49
SQ:NAS100,2022-02-07T07:58:00+01:00,14722.27,14724.52,14721.02,14724.27,48
SQ:NAS100,2022-02-07T07:59:00+01:00,14724.27,14727.77,14723.52,14723.77,78
SQ:NAS100,2022-02-07T08:00:00+01:00,14723.77,14746.27,14721.02,14744.77,175
SQ:NAS100,2022-02-07T08:01:00+01:00,14744.27,14746.52,14739.02,14742.02,107
SQ:NAS100,2022-02-07T08:02:00+01:00,14742.02,14748.52,14742.02,14744.27,107
SQ:NAS100,2022-02-07T08:03:00+01:00,14744.27,14747.77,14743.27,14746.52,76
SQ:NAS100,2022-02-07T08:04:00+01:00,14746.52,14747.02,14738.52,14740.02,74
SQ:NAS100,2022-02-07T08:05:00+01:00,14740.02,14742.27,14735.02,14736.27,81
SQ:NAS100,2022-02-07T08:06:00+01:00,14736.27,14741.02,14732.52,14741.02,74
SQ:NAS100,2022-02-07T08:07:00+01:00,14740.27,14743.77,14737.77,14738.77,80
SQ:NAS100,2022-02-07T08:08:00+01:00,14738.77,14740.52,14735.52,14737.77,66
SQ:NAS100,2022-02-07T08:09:00+01:00,14737.77,14739.27,14736.52,14738.77,54
SQ:NAS100,2022-02-07T08:10:00+01:00,14739.27,14745.52,14739.27,14742.77,88
SQ:NAS100,2022-02-07T08:11:00+01:00,14742.02,14742.02,14739.02,14739.77,33
SQ:NAS100,2022-02-07T08:12:00+01:00,14739.77,14742.02,14736.27,14736.52,74
SQ:NAS100,2022-02-07T08:13:00+01:00,14736.52,14754.27,14736.27,14752.02,112
SQ:NAS100,2022-02-07T08:14:00+01:00,14752.02,14756.77,14749.02,14749.27,124
SQ:NAS100,2022-02-07T08:15:00+01:00,14749.27,14753.77,14749.27,14752.77,122
SQ:NAS100,2022-02-07T08:16:00+01:00,14752.77,14753.52,14746.77,14747.52,95
SQ:NAS100,2022-02-07T08:17:00+01:00,14747.52,14749.27,14743.77,14744.02,98
SQ:NAS100,2022-02-07T08:18:00+01:00,14744.02,14745.02,14737.52,14738.52,111
SQ:NAS100,2022-02-07T08:19:00+01:00,14738.52,14738.77,14733.77,14735.52,123
SQ:NAS100,2022-02-07T08:20:00+01:00,14735.52,14741.27,14733.77,14740.77,120
SQ:NAS100,2022-02-07T08:21:00+01:00,14740.52,14741.27,14733.52,14735.27,116
SQ:NAS100,2022-02-07T08:22:00+01:00,14735.27,14739.52,14734.52,14738.02,79
SQ:NAS100,2022-02-07T08:23:00+01:00,14738.27,14738.77,14730.77,14731.52,87
SQ:NAS100,2022-02-07T08:24:00+01:00,14731.52,14733.27,14730.52,14732.02,79
SQ:NAS100,2022-02-07T08:25:00+01:00,14732.27,14735.52,14730.77,14735.52,47
SQ:NAS100,2022-02-07T08:26:00+01:00,14736.02,14740.27,14735.52,14737.02,74
SQ:NAS100,2022-02-07T08:27:00+01:00,14737.02,14741.77,14737.02,14738.27,56
SQ:NAS100,2022-02-07T08:28:00+01:00,14738.27,14742.77,14738.02,14742.02,83
SQ:NAS100,2022-02-07T08:29:00+01:00,14742.27,14747.02,14742.27,14747.02,101
SQ:NAS100,2022-02-07T08:30:00+01:00,14747.02,14747.02,14737.52,14737.77,123
SQ:NAS100,2022-02-07T08:31:00+01:00,14737.77,14738.52,14734.52,14738.02,86
SQ:NAS100,2022-02-07T08:32:00+01:00,14737.52,14742.02,14737.02,14737.77,85
SQ:NAS100,2022-02-07T08:33:00+01:00,14736.77,14738.02,14731.52,14731.77,84
SQ:NAS100,2022-02-07T08:34:00+01:00,14731.77,14741.02,14731.27,14739.52,74
SQ:NAS100,2022-02-07T08:35:00+01:00,14739.52,14741.02,14735.77,14739.27,76
SQ:NAS100,2022-02-07T08:36:00+01:00,14739.27,14739.27,14734.77,14738.27,89
SQ:NAS100,2022-02-07T08:37:00+01:00,14738.02,14741.02,14738.02,14740.02,55
SQ:NAS100,2022-02-07T08:38:00+01:00,14739.77,14744.27,14739.27,14744.27,87
SQ:NAS100,2022-02-07T08:39:00+01:00,14745.27,14746.77,14742.52,14746.27,77
SQ:NAS100,2022-02-07T08:40:00+01:00,14746.52,14750.27,14745.77,14747.52,87
SQ:NAS100,2022-02-07T08:41:00+01:00,14747.52,14748.02,14744.77,14745.52,93
SQ:NAS100,2022-02-07T08:42:00+01:00,14745.52,14746.02,14739.52,14741.52,107
SQ:NAS100,2022-02-07T08:43:00+01:00,14741.52,14744.77,14740.77,14744.27,54
SQ:NAS100,2022-02-07T08:44:00+01:00,14744.02,14745.02,14733.52,14734.27,80
SQ:NAS100,2022-02-07T08:45:00+01:00,14734.27,14742.77,14734.27,14739.52,101
SQ:NAS100,2022-02-07T08:46:00+01:00,14739.52,14740.02,14732.02,14732.52,97
SQ:NAS100,2022-02-07T08:47:00+01:00,14732.52,14733.77,14728.02,14731.02,111
SQ:NAS100,2022-02-07T08:48:00+01:00,14731.02,14731.77,14725.52,14727.52,129
SQ:NAS100,2022-02-07T08:49:00+01:00,14727.52,14733.27,14725.52,14733.27,120
SQ:NAS100,2022-02-07T08:50:00+01:00,14733.27,14734.02,14726.02,14727.52,80
SQ:NAS100,2022-02-07T08:51:00+01:00,14727.52,14732.27,14719.52,14719.52,86
SQ:NAS100,2022-02-07T08:52:00+01:00,14719.52,14721.27,14714.77,14715.52,115
SQ:NAS100,2022-02-07T08:53:00+01:00,14715.52,14721.77,14715.27,14721.27,91
SQ:NAS100,2022-02-07T08:54:00+01:00,14721.27,14723.02,14719.02,14723.02,94
SQ:NAS100,2022-02-07T08:55:00+01:00,14723.02,14731.52,14723.02,14731.27,110
SQ:NAS100,2022-02-07T08:56:00+01:00,14731.52,14733.27,14726.77,14731.77,129
SQ:NAS100,2022-02-07T08:57:00+01:00,14731.77,14734.52,14729.52,14730.02,100
SQ:NAS100,2022-02-07T08:58:00+01:00,14730.02,14737.52,14729.02,14737.27,131
SQ:NAS100,2022-02-07T08:59:00+01:00,14737.27,14741.02,14734.02,14741.02,120
SQ:NAS100,2022-02-07T09:00:00+01:00,14740.77,14742.02,14718.02,14720.02,416
SQ:NAS100,2022-02-07T09:01:00+01:00,14720.02,14742.27,14719.02,14732.02,363
SQ:NAS100,2022-02-07T09:02:00+01:00,14731.77,14742.02,14731.77,14741.02,257
SQ:NAS100,2022-02-07T09:03:00+01:00,14741.02,14743.77,14724.27,14729.77,284
SQ:NAS100,2022-02-07T09:04:00+01:00,14730.27,14731.02,14716.02,14724.77,273
SQ:NAS100,2022-02-07T09:05:00+01:00,14724.52,14737.52,14723.52,14724.52,351
SQ:NAS100,2022-02-07T09:06:00+01:00,14725.27,14730.27,14719.77,14724.52,338
SQ:NAS100,2022-02-07T09:07:00+01:00,14725.27,14731.02,14718.77,14723.77,315
SQ:NAS100,2022-02-07T09:08:00+01:00,14723.77,14725.52,14714.52,14715.77,294
SQ:NAS100,2022-02-07T09:09:00+01:00,14715.52,14718.77,14698.52,14707.52,341
SQ:NAS100,2022-02-07T09:10:00+01:00,14707.27,14720.77,14705.77,14719.77,335
SQ:NAS100,2022-02-07T09:11:00+01:00,14720.02,14720.27,14709.52,14714.27,235
SQ:NAS100,2022-02-07T09:12:00+01:00,14714.52,14728.27,14714.27,14723.27,325
SQ:NAS100,2022-02-07T09:13:00+01:00,14723.52,14724.52,14707.02,14709.02,321
SQ:NAS100,2022-02-07T09:14:00+01:00,14709.27,14711.02,14699.52,14701.52,264
SQ:NAS100,2022-02-07T09:15:00+01:00,14702.27,14703.27,14688.77,14690.02,325
SQ:NAS100,2022-02-07T09:16:00+01:00,14690.27,14692.27,14676.52,14682.77,328
SQ:NAS100,2022-02-07T09:17:00+01:00,14682.52,14685.27,14664.77,14671.27,368
SQ:NAS100,2022-02-07T09:18:00+01:00,14670.52,14670.52,14662.27,14663.02,292
SQ:NAS100,2022-02-07T09:19:00+01:00,14663.27,14663.27,14656.77,14658.02,293
SQ:NAS100,2022-02-07T09:20:00+01:00,14658.02,14661.77,14645.52,14660.27,342
SQ:NAS100,2022-02-07T09:21:00+01:00,14659.77,14662.27,14653.52,14654.27,258
SQ:NAS100,2022-02-07T09:22:00+01:00,14654.27,14663.27,14654.02,14661.27,234
SQ:NAS100,2022-02-07T09:23:00+01:00,14661.27,14663.77,14652.77,14653.02,248
SQ:NAS100,2022-02-07T09:24:00+01:00,14653.02,14657.27,14636.02,14638.02,261
SQ:NAS100,2022-02-07T09:25:00+01:00,14637.52,14648.77,14630.77,14644.77,375
SQ:NAS100,2022-02-07T09:26:00+01:00,14644.77,14651.52,14642.27,14650.52,225
SQ:NAS100,2022-02-07T09:27:00+01:00,14650.27,14651.52,14640.27,14646.02,238
SQ:NAS100,2022-02-07T09:28:00+01:00,14646.27,14646.27,14633.52,14635.77,230
SQ:NAS100,2022-02-07T09:29:00+01:00,14636.02,14641.52,14631.52,14641.02,225
SQ:NAS100,2022-02-07T09:30:00+01:00,14641.02,14650.52,14636.02,14647.52,339
SQ:NAS100,2022-02-07T09:31:00+01:00,14647.52,14655.27,14643.02,14644.52,331
SQ:NAS100,2022-02-07T09:32:00+01:00,14644.52,14648.27,14639.52,14648.27,236
SQ:NAS100,2022-02-07T09:33:00+01:00,14648.02,14650.77,14632.77,14634.77,238
SQ:NAS100,2022-02-07T09:34:00+01:00,14635.52,14644.77,14635.52,14636.52,286
SQ:NAS100,2022-02-07T09:35:00+01:00,14636.77,14650.27,14630.27,14647.27,278
SQ:NAS100,2022-02-07T09:36:00+01:00,14647.27,14658.77,14646.27,14654.02,326
SQ:NAS100,2022-02-07T09:37:00+01:00,14654.02,14663.27,14653.02,14661.02,259
SQ:NAS100,2022-02-07T09:38:00+01:00,14660.77,14670.02,14657.52,14657.52,268
SQ:NAS100,2022-02-07T09:39:00+01:00,14658.27,14663.27,14654.02,14662.02,245
SQ:NAS100,2022-02-07T09:40:00+01:00,14662.02,14670.52,14657.52,14664.02,262
SQ:NAS100,2022-02-07T09:41:00+01:00,14664.52,14665.52,14655.77,14664.02,223
SQ:NAS100,2022-02-07T09:42:00+01:00,14664.02,14666.77,14657.77,14664.52,204
SQ:NAS100,2022-02-07T09:43:00+01:00,14664.52,14665.52,14657.27,14660.52,192
SQ:NAS100,2022-02-07T09:44:00+01:00,14660.52,14662.77,14657.27,14660.77,154
SQ:NAS100,2022-02-07T09:45:00+01:00,14660.77,14678.52,14657.52,14675.02,248
SQ:NAS100,2022-02-07T09:46:00+01:00,14675.02,14678.02,14670.27,14672.77,233
SQ:NAS100,2022-02-07T09:47:00+01:00,14673.02,14678.52,14671.52,14676.52,202
SQ:NAS100,2022-02-07T09:48:00+01:00,14676.52,14678.52,14672.27,14673.52,183
SQ:NAS100,2022-02-07T09:49:00+01:00,14673.52,14675.27,14668.77,14672.77,197
SQ:NAS100,2022-02-07T09:50:00+01:00,14672.52,14674.52,14670.27,14671.77,184
SQ:NAS100,2022-02-07T09:51:00+01:00,14672.02,14676.02,14669.02,14674.02,156
SQ:NAS100,2022-02-07T09:52:00+01:00,14674.02,14686.52,14674.02,14684.77,206
SQ:NAS100,2022-02-07T09:53:00+01:00,14684.52,14688.27,14682.52,14682.52,198
SQ:NAS100,2022-02-07T09:54:00+01:00,14682.52,14686.27,14680.52,14685.02,232
SQ:NAS100,2022-02-07T09:55:00+01:00,14684.02,14686.02,14679.52,14681.77,193
SQ:NAS100,2022-02-07T09:56:00+01:00,14681.77,14684.02,14673.52,14674.52,191
SQ:NAS100,2022-02-07T09:57:00+01:00,14674.77,14678.27,14672.27,14674.02,185
SQ:NAS100,2022-02-07T09:58:00+01:00,14673.77,14677.27,14669.52,14669.52,173
SQ:NAS100,2022-02-07T09:59:00+01:00,14669.77,14676.77,14669.77,14676.27,208
SQ:NAS100,2022-02-07T10:00:00+01:00,14676.27,14693.27,14665.27,14693.27,304
SQ:NAS100,2022-02-07T10:01:00+01:00,14692.52,14700.52,14685.52,14689.52,332
SQ:NAS100,2022-02-07T10:02:00+01:00,14689.52,14692.77,14679.27,14691.02,220
SQ:NAS100,2022-02-07T10:03:00+01:00,14691.02,14692.77,14683.77,14684.27,169
SQ:NAS100,2022-02-07T10:04:00+01:00,14684.27,14689.77,14682.02,14687.27,145
SQ:NAS100,2022-02-07T10:05:00+01:00,14687.27,14687.27,14681.02,14682.52,163
SQ:NAS100,2022-02-07T10:06:00+01:00,14682.52,14689.52,14682.02,14686.77,182
SQ:NAS100,2022-02-07T10:07:00+01:00,14686.77,14694.52,14685.27,14693.77,182
SQ:NAS100,2022-02-07T10:08:00+01:00,14694.02,14699.27,14687.52,14687.77,234
SQ:NAS100,2022-02-07T10:09:00+01:00,14687.52,14688.02,14680.52,14682.02,150
SQ:NAS100,2022-02-07T10:10:00+01:00,14682.52,14686.02,14676.52,14680.77,195
SQ:NAS100,2022-02-07T10:11:00+01:00,14680.77,14681.52,14671.02,14672.02,213
SQ:NAS100,2022-02-07T10:12:00+01:00,14672.02,14672.27,14659.27,14663.77,275
SQ:NAS100,2022-02-07T10:13:00+01:00,14663.77,14664.27,14659.02,14662.52,224
SQ:NAS100,2022-02-07T10:14:00+01:00,14662.27,14680.02,14660.02,14679.27,278
SQ:NAS100,2022-02-07T10:15:00+01:00,14679.52,14690.02,14679.02,14684.02,259
SQ:NAS100,2022-02-07T10:16:00+01:00,14684.52,14686.02,14679.02,14683.27,167
SQ:NAS100,2022-02-07T10:17:00+01:00,14683.27,14687.27,14676.27,14676.52,175
SQ:NAS100,2022-02-07T10:18:00+01:00,14676.52,14678.02,14671.52,14671.77,171
SQ:NAS100,2022-02-07T10:19:00+01:00,14672.02,14672.27,14663.52,14663.52,176
SQ:NAS100,2022-02-07T10:20:00+01:00,14663.52,14668.02,14659.02,14661.52,211
SQ:NAS100,2022-02-07T10:21:00+01:00,14661.27,14675.77,14660.52,14671.27,200
SQ:NAS100,2022-02-07T10:22:00+01:00,14671.27,14679.77,14670.52,14675.77,236
SQ:NAS100,2022-02-07T10:23:00+01:00,14675.27,14678.27,14672.52,14674.52,191
SQ:NAS100,2022-02-07T10:24:00+01:00,14674.52,14674.52,14662.27,14663.27,203
SQ:NAS100,2022-02-07T10:25:00+01:00,14663.27,14674.27,14662.27,14668.52,149
SQ:NAS100,2022-02-07T10:26:00+01:00,14668.52,14671.02,14665.27,14668.52,201
SQ:NAS100,2022-02-07T10:27:00+01:00,14668.52,14671.52,14663.77,14670.02,161
SQ:NAS100,2022-02-07T10:28:00+01:00,14669.77,14676.52,14668.77,14676.52,173
SQ:NAS100,2022-02-07T10:29:00+01:00,14676.27,14678.52,14674.27,14677.52,166
SQ:NAS100,2022-02-07T10:30:00+01:00,14678.52,14680.77,14668.52,14677.52,216
SQ:NAS100,2022-02-07T10:31:00+01:00,14677.52,14688.52,14671.02,14686.77,227
SQ:NAS100,2022-02-07T10:32:00+01:00,14686.02,14688.02,14681.77,14682.52,185
SQ:NAS100,2022-02-07T10:33:00+01:00,14682.52,14684.52,14676.27,14677.52,154
SQ:NAS100,2022-02-07T10:34:00+01:00,14677.77,14677.77,14669.77,14670.77,212
SQ:NAS100,2022-02-07T10:35:00+01:00,14670.77,14672.02,14662.77,14667.02,199
SQ:NAS100,2022-02-07T10:36:00+01:00,14667.02,14678.02,14667.02,14673.02,201
SQ:NAS100,2022-02-07T10:37:00+01:00,14673.77,14677.02,14667.27,14677.02,178
SQ:NAS100,2022-02-07T10:38:00+01:00,14677.02,14682.02,14671.27,14673.27,207
SQ:NAS100,2022-02-07T10:39:00+01:00,14673.27,14673.27,14664.52,14667.52,224
SQ:NAS100,2022-02-07T10:40:00+01:00,14667.52,14669.77,14662.52,14667.52,222
SQ:NAS100,2022-02-07T10:41:00+01:00,14667.52,14667.52,14652.02,14655.27,200
SQ:NAS100,2022-02-07T10:42:00+01:00,14655.27,14660.02,14651.02,14651.52,197
SQ:NAS100,2022-02-07T10:43:00+01:00,14651.02,14655.77,14648.77,14655.02,213
SQ:NAS100,2022-02-07T10:44:00+01:00,14655.02,14659.02,14653.52,14657.02,184
SQ:NAS100,2022-02-07T10:45:00+01:00,14656.52,14657.52,14650.02,14650.77,164
SQ:NAS100,2022-02-07T10:46:00+01:00,14650.77,14656.02,14647.27,14654.27,198
SQ:NAS100,2022-02-07T10:47:00+01:00,14654.27,14666.52,14654.02,14656.52,232
SQ:NAS100,2022-02-07T10:48:00+01:00,14656.27,14666.02,14655.27,14660.27,221
SQ:NAS100,2022-02-07T10:49:00+01:00,14660.27,14663.27,14644.02,14644.02,193
SQ:NAS100,2022-02-07T10:50:00+01:00,14644.02,14645.27,14637.52,14645.02,291
SQ:NAS100,2022-02-07T10:51:00+01:00,14645.02,14657.27,14643.27,14656.27,309
SQ:NAS100,2022-02-07T10:52:00+01:00,14656.27,14659.77,14653.77,14654.52,191
SQ:NAS100,2022-02-07T10:53:00+01:00,14654.52,14657.77,14654.02,14656.77,139
SQ:NAS100,2022-02-07T10:54:00+01:00,14656.77,14660.02,14651.02,14656.77,177
SQ:NAS100,2022-02-07T10:55:00+01:00,14656.77,14672.27,14656.52,14670.02,202
SQ:NAS100,2022-02-07T10:56:00+01:00,14670.02,14670.02,14662.52,14667.02,181
SQ:NAS100,2022-02-07T10:57:00+01:00,14667.02,14670.02,14663.02,14669.02,174
SQ:NAS100,2022-02-07T10:58:00+01:00,14669.52,14672.02,14666.02,14670.77,130
SQ:NAS100,2022-02-07T10:59:00+01:00,14670.77,14675.52,14666.52,14667.52,123
SQ:NAS100,2022-02-07T11:00:00+01:00,14666.77,14672.77,14666.52,14672.02,143
SQ:NAS100,2022-02-07T11:01:00+01:00,14672.02,14676.02,14668.02,14675.02,150
SQ:NAS100,2022-02-07T11:02:00+01:00,14674.77,14683.02,14673.02,14674.77,251
SQ:NAS100,2022-02-07T11:03:00+01:00,14674.77,14679.02,14673.02,14676.27,189
SQ:NAS100,2022-02-07T11:04:00+01:00,14676.27,14677.27,14671.27,14676.52,184
SQ:NAS100,2022-02-07T11:05:00+01:00,14676.27,14679.02,14671.52,14673.77,162
SQ:NAS100,2022-02-07T11:06:00+01:00,14673.77,14676.27,14666.02,14671.27,164
SQ:NAS100,2022-02-07T11:07:00+01:00,14671.27,14672.02,14666.77,14667.02,146
SQ:NAS100,2022-02-07T11:08:00+01:00,14666.77,14670.52,14665.27,14670.27,153
SQ:NAS100,2022-02-07T11:09:00+01:00,14670.02,14672.27,14664.77,14669.27,130
SQ:NAS100,2022-02-07T11:10:00+01:00,14669.27,14679.52,14663.02,14677.77,163
SQ:NAS100,2022-02-07T11:11:00+01:00,14677.77,14681.02,14673.52,14679.02,160
SQ:NAS100,2022-02-07T11:12:00+01:00,14679.02,14679.02,14672.27,14673.77,129
SQ:NAS100,2022-02-07T11:13:00+01:00,14673.77,14678.77,14672.77,14674.52,154
SQ:NAS100,2022-02-07T11:14:00+01:00,14674.52,14678.27,14672.52,14677.02,151
SQ:NAS100,2022-02-07T11:15:00+01:00,14677.02,14679.77,14676.27,14677.02,138
SQ:NAS100,2022-02-07T11:16:00+01:00,14677.02,14678.02,14672.52,14676.02,111
SQ:NAS100,2022-02-07T11:17:00+01:00,14676.52,14676.52,14671.02,14671.77,137
SQ:NAS100,2022-02-07T11:18:00+01:00,14672.02,14675.02,14669.77,14673.27,162
SQ:NAS100,2022-02-07T11:19:00+01:00,14673.27,14673.27,14669.27,14669.27,84
SQ:NAS100,2022-02-07T11:20:00+01:00,14669.52,14670.27,14663.77,14669.52,151
SQ:NAS100,2022-02-07T11:21:00+01:00,14669.52,14673.27,14668.52,14668.52,137
SQ:NAS100,2022-02-07T11:22:00+01:00,14668.52,14669.52,14661.52,14669.27,152
SQ:NAS100,2022-02-07T11:23:00+01:00,14668.52,14674.27,14665.52,14671.27,175
SQ:NAS100,2022-02-07T11:24:00+01:00,14671.02,14671.02,14663.52,14666.77,98
SQ:NAS100,2022-02-07T11:25:00+01:00,14666.77,14670.02,14664.52,14667.27,106
SQ:NAS100,2022-02-07T11:26:00+01:00,14667.27,14672.02,14664.27,14669.02,119
SQ:NAS100,2022-02-07T11:27:00+01:00,14669.02,14669.02,14664.52,14668.02,106
SQ:NAS100,2022-02-07T11:28:00+01:00,14668.02,14675.77,14667.52,14675.77,98
SQ:NAS100,2022-02-07T11:29:00+01:00,14675.52,14685.52,14672.27,14673.77,179
SQ:NAS100,2022-02-07T11:30:00+01:00,14673.77,14680.77,14672.27,14678.52,171
SQ:NAS100,2022-02-07T11:31:00+01:00,14678.52,14681.27,14671.52,14672.52,161
SQ:NAS100,2022-02-07T11:32:00+01:00,14672.52,14672.77,14667.52,14668.52,135
SQ:NAS100,2022-02-07T11:33:00+01:00,14668.52,14669.27,14665.52,14666.52,127
SQ:NAS100,2022-02-07T11:34:00+01:00,14666.52,14669.02,14665.77,14668.52,110
SQ:NAS100,2022-02-07T11:35:00+01:00,14668.52,14673.52,14658.02,14671.27,219
SQ:NAS100,2022-02-07T11:36:00+01:00,14671.27,14680.27,14667.27,14672.77,195
SQ:NAS100,2022-02-07T11:37:00+01:00,14673.02,14676.52,14671.02,14673.02,152
SQ:NAS100,2022-02-07T11:38:00+01:00,14673.02,14675.02,14668.27,14671.27,140
SQ:NAS100,2022-02-07T11:39:00+01:00,14671.02,14673.52,14668.27,14672.52,150
SQ:NAS100,2022-02-07T11:40:00+01:00,14672.52,14677.77,14670.02,14675.77,162
SQ:NAS100,2022-02-07T11:41:00+01:00,14675.77,14677.52,14673.52,14676.52,147
SQ:NAS100,2022-02-07T11:42:00+01:00,14676.52,14683.52,14674.02,14674.77,153
SQ:NAS100,2022-02-07T11:43:00+01:00,14674.77,14680.02,14672.02,14679.02,113
SQ:NAS100,2022-02-07T11:44:00+01:00,14678.77,14688.77,14676.02,14688.77,192
SQ:NAS100,2022-02-07T11:45:00+01:00,14687.77,14694.27,14682.02,14693.52,195
SQ:NAS100,2022-02-07T11:46:00+01:00,14693.27,14697.27,14690.52,14692.27,184
SQ:NAS100,2022-02-07T11:47:00+01:00,14692.27,14694.52,14690.77,14691.02,146
SQ:NAS100,2022-02-07T11:48:00+01:00,14691.02,14696.27,14688.77,14695.77,148
SQ:NAS100,2022-02-07T11:49:00+01:00,14696.02,14696.02,14686.02,14686.27,136
SQ:NAS100,2022-02-07T11:50:00+01:00,14686.27,14688.02,14682.77,14683.52,139
SQ:NAS100,2022-02-07T11:51:00+01:00,14683.77,14685.77,14680.77,14683.02,140
SQ:NAS100,2022-02-07T11:52:00+01:00,14683.52,14683.52,14676.77,14680.02,143
SQ:NAS100,2022-02-07T11:53:00+01:00,14680.02,14681.77,14676.52,14680.27,126
SQ:NAS100,2022-02-07T11:54:00+01:00,14680.27,14681.77,14677.52,14677.52,127
SQ:NAS100,2022-02-07T11:55:00+01:00,14677.27,14678.02,14669.52,14669.52,145
SQ:NAS100,2022-02-07T11:56:00+01:00,14669.52,14676.52,14669.52,14675.02,152
SQ:NAS100,2022-02-07T11:57:00+01:00,14675.02,14675.02,14666.02,14667.27,126
SQ:NAS100,2022-02-07T11:58:00+01:00,14667.27,14672.77,14666.27,14669.27,159
SQ:NAS100,2022-02-07T11:59:00+01:00,14669.27,14671.27,14661.77,14665.27,148
SQ:NAS100,2022-02-07T12:00:00+01:00,14665.27,14672.27,14663.27,14666.02,184
SQ:NAS100,2022-02-07T12:01:00+01:00,14666.02,14671.02,14664.27,14669.52,128
SQ:NAS100,2022-02-07T12:02:00+01:00,14669.27,14670.52,14663.77,14670.27,131
SQ:NAS100,2022-02-07T12:03:00+01:00,14670.27,14673.27,14669.77,14671.52,156
SQ:NAS100,2022-02-07T12:04:00+01:00,14671.52,14671.52,14661.52,14666.52,153
SQ:NAS100,2022-02-07T12:05:00+01:00,14666.52,14669.77,14662.52,14666.77,168
SQ:NAS100,2022-02-07T12:06:00+01:00,14667.02,14667.27,14656.52,14657.02,149
SQ:NAS100,2022-02-07T12:07:00+01:00,14656.77,14666.52,14656.77,14658.02,194
SQ:NAS100,2022-02-07T12:08:00+01:00,14658.02,14666.27,14658.02,14666.27,175
SQ:NAS100,2022-02-07T12:09:00+01:00,14666.02,14669.02,14664.77,14665.52,149
SQ:NAS100,2022-02-07T12:10:00+01:00,14665.52,14667.77,14657.77,14665.27,179
SQ:NAS100,2022-02-07T12:11:00+01:00,14665.27,14675.77,14664.27,14675.52,161
SQ:NAS100,2022-02-07T12:12:00+01:00,14675.77,14677.27,14670.52,14674.52,167
SQ:NAS100,2022-02-07T12:13:00+01:00,14674.52,14678.27,14671.77,14675.77,159
SQ:NAS100,2022-02-07T12:14:00+01:00,14675.77,14677.27,14669.02,14670.27,150
SQ:NAS100,2022-02-07T12:15:00+01:00,14670.02,14678.52,14666.02,14677.02,232
SQ:NAS100,2022-02-07T12:16:00+01:00,14677.02,14678.77,14673.77,14675.52,140
SQ:NAS100,2022-02-07T12:17:00+01:00,14675.52,14676.52,14668.52,14672.77,175
SQ:NAS100,2022-02-07T12:18:00+01:00,14673.02,14677.02,14671.52,14672.52,127
SQ:NAS100,2022-02-07T12:19:00+01:00,14672.52,14672.77,14668.02,14671.27,118
SQ:NAS100,2022-02-07T12:20:00+01:00,14671.27,14676.02,14671.02,14673.52,124
SQ:NAS100,2022-02-07T12:21:00+01:00,14673.52,14676.52,14669.77,14675.02,106
SQ:NAS100,2022-02-07T12:22:00+01:00,14675.02,14677.52,14673.02,14676.02,122
SQ:NAS100,2022-02-07T12:23:00+01:00,14676.02,14684.27,14675.52,14682.77,140
SQ:NAS100,2022-02-07T12:24:00+01:00,14682.77,14683.27,14677.02,14677.77,133
SQ:NAS100,2022-02-07T12:25:00+01:00,14677.77,14688.77,14677.77,14686.77,166
SQ:NAS100,2022-02-07T12:26:00+01:00,14686.77,14687.02,14679.52,14683.77,135
SQ:NAS100,2022-02-07T12:27:00+01:00,14683.77,14688.27,14682.77,14687.02,121
SQ:NAS100,2022-02-07T12:28:00+01:00,14687.02,14689.52,14682.27,14683.02,150
SQ:NAS100,2022-02-07T12:29:00+01:00,14683.27,14684.02,14681.77,14683.52,75
SQ:NAS100,2022-02-07T12:30:00+01:00,14683.52,14689.77,14682.52,14688.27,152
SQ:NAS100,2022-02-07T12:31:00+01:00,14688.02,14689.27,14684.27,14685.27,101
SQ:NAS100,2022-02-07T12:32:00+01:00,14686.77,14690.52,14686.52,14689.77,90
SQ:NAS100,2022-02-07T12:33:00+01:00,14689.77,14692.77,14687.77,14691.27,137
SQ:NAS100,2022-02-07T12:34:00+01:00,14691.02,14691.27,14685.77,14689.52,179
SQ:NAS100,2022-02-07T12:35:00+01:00,14689.52,14700.77,14689.52,14695.52,182
SQ:NAS100,2022-02-07T12:36:00+01:00,14695.52,14704.52,14689.52,14703.02,189
SQ:NAS100,2022-02-07T12:37:00+01:00,14703.02,14707.52,14700.77,14704.52,136
SQ:NAS100,2022-02-07T12:38:00+01:00,14704.52,14706.27,14697.77,14701.27,118
SQ:NAS100,2022-02-07T12:39:00+01:00,14701.02,14701.27,14694.52,14696.27,138
SQ:NAS100,2022-02-07T12:40:00+01:00,14696.27,14696.27,14689.52,14691.27,144
SQ:NAS100,2022-02-07T12:41:00+01:00,14691.27,14692.27,14686.52,14691.02,104
SQ:NAS100,2022-02-07T12:42:00+01:00,14691.02,14693.27,14688.77,14689.27,104
SQ:NAS100,2022-02-07T12:43:00+01:00,14689.27,14690.52,14682.02,14683.27,116
SQ:NAS100,2022-02-07T12:44:00+01:00,14683.77,14684.77,14681.77,14683.77,115
SQ:NAS100,2022-02-07T12:45:00+01:00,14683.77,14684.27,14681.52,14682.27,91
SQ:NAS100,2022-02-07T12:46:00+01:00,14682.52,14684.02,14681.77,14682.77,64
SQ:NAS100,2022-02-07T12:47:00+01:00,14682.77,14683.27,14680.77,14681.77,86
SQ:NAS100,2022-02-07T12:48:00+01:00,14681.77,14685.77,14676.27,14685.27,120
SQ:NAS100,2022-02-07T12:49:00+01:00,14685.27,14692.27,14684.77,14687.02,152
SQ:NAS100,2022-02-07T12:50:00+01:00,14686.77,14690.77,14686.27,14689.52,115
SQ:NAS100,2022-02-07T12:51:00+01:00,14690.02,14692.27,14687.77,14688.02,76
SQ:NAS100,2022-02-07T12:52:00+01:00,14688.02,14688.27,14678.52,14685.52,149
SQ:NAS100,2022-02-07T12:53:00+01:00,14685.02,14690.77,14684.27,14689.52,127
SQ:NAS100,2022-02-07T12:54:00+01:00,14689.52,14691.52,14684.27,14687.02,117
SQ:NAS100,2022-02-07T12:55:00+01:00,14687.27,14688.52,14681.27,14687.27,138
SQ:NAS100,2022-02-07T12:56:00+01:00,14687.27,14688.77,14681.77,14688.52,118
SQ:NAS100,2022-02-07T12:57:00+01:00,14688.52,14692.27,14688.02,14690.77,127
SQ:NAS100,2022-02-07T12:58:00+01:00,14690.77,14700.02,14690.02,14697.02,189
SQ:NAS100,2022-02-07T12:59:00+01:00,14697.52,14698.77,14689.52,14690.02,137
SQ:NAS100,2022-02-07T13:00:00+01:00,14690.27,14697.52,14690.27,14697.02,139
SQ:NAS100,2022-02-07T13:01:00+01:00,14697.02,14701.77,14696.27,14700.27,143
SQ:NAS100,2022-02-07T13:02:00+01:00,14700.27,14709.27,14698.02,14709.02,178
SQ:NAS100,2022-02-07T13:03:00+01:00,14708.77,14709.77,14703.02,14703.77,176
SQ:NAS100,2022-02-07T13:04:00+01:00,14703.77,14715.27,14703.52,14714.02,168
SQ:NAS100,2022-02-07T13:05:00+01:00,14713.77,14718.02,14712.77,14717.27,185
SQ:NAS100,2022-02-07T13:06:00+01:00,14716.77,14718.27,14713.52,14714.27,114
SQ:NAS100,2022-02-07T13:07:00+01:00,14714.27,14715.02,14710.77,14713.77,81
SQ:NAS100,2022-02-07T13:08:00+01:00,14714.02,14714.52,14711.02,14712.27,87
SQ:NAS100,2022-02-07T13:09:00+01:00,14712.27,14716.52,14711.02,14715.27,125
SQ:NAS100,2022-02-07T13:10:00+01:00,14715.27,14724.02,14714.27,14723.27,154
SQ:NAS100,2022-02-07T13:11:00+01:00,14723.27,14724.52,14721.52,14722.77,137
SQ:NAS100,2022-02-07T13:12:00+01:00,14722.77,14727.02,14721.52,14724.02,112
SQ:NAS100,2022-02-07T13:13:00+01:00,14724.02,14724.52,14721.27,14723.02,79
SQ:NAS100,2022-02-07T13:14:00+01:00,14723.52,14724.02,14720.02,14722.77,123
SQ:NAS100,2022-02-07T13:15:00+01:00,14722.77,14731.27,14722.52,14728.77,137
SQ:NAS100,2022-02-07T13:16:00+01:00,14729.02,14737.27,14727.02,14734.02,135
SQ:NAS100,2022-02-07T13:17:00+01:00,14733.77,14737.27,14731.52,14736.27,145
SQ:NAS100,2022-02-07T13:18:00+01:00,14736.02,14740.02,14732.27,14733.77,151
SQ:NAS100,2022-02-07T13:19:00+01:00,14733.77,14735.27,14728.02,14728.77,132
SQ:NAS100,2022-02-07T13:20:00+01:00,14728.77,14729.52,14723.52,14726.27,158
SQ:NAS100,2022-02-07T13:21:00+01:00,14726.27,14728.77,14723.52,14727.52,117
SQ:NAS100,2022-02-07T13:22:00+01:00,14727.52,14727.77,14720.52,14721.52,117
SQ:NAS100,2022-02-07T13:23:00+01:00,14721.52,14723.02,14720.27,14722.27,89
SQ:NAS100,2022-02-07T13:24:00+01:00,14722.52,14723.77,14718.52,14720.52,79
SQ:NAS100,2022-02-07T13:25:00+01:00,14720.52,14721.27,14715.52,14715.52,104
SQ:NAS100,2022-02-07T13:26:00+01:00,14715.52,14716.02,14710.77,14712.52,116
SQ:NAS100,2022-02-07T13:27:00+01:00,14712.52,14715.52,14712.02,14712.27,81
SQ:NAS100,2022-02-07T13:28:00+01:00,14712.27,14714.02,14709.52,14714.02,117
SQ:NAS100,2022-02-07T13:29:00+01:00,14714.02,14719.52,14713.52,14718.77,110
SQ:NAS100,2022-02-07T13:30:00+01:00,14718.52,14722.77,14716.77,14721.02,143
SQ:NAS100,2022-02-07T13:31:00+01:00,14721.02,14724.02,14718.02,14722.27,124
SQ:NAS100,2022-02-07T13:32:00+01:00,14722.27,14726.27,14721.27,14723.52,119
SQ:NAS100,2022-02-07T13:33:00+01:00,14723.52,14724.27,14718.77,14721.77,111
SQ:NAS100,2022-02-07T13:34:00+01:00,14721.77,14721.77,14716.27,14717.52,98
SQ:NAS100,2022-02-07T13:35:00+01:00,14717.77,14721.52,14716.77,14721.27,91
SQ:NAS100,2022-02-07T13:36:00+01:00,14721.02,14721.02,14714.77,14716.77,67
SQ:NAS100,2022-02-07T13:37:00+01:00,14716.77,14723.27,14716.27,14721.52,88
SQ:NAS100,2022-02-07T13:38:00+01:00,14721.77,14722.27,14715.02,14715.27,95
SQ:NAS100,2022-02-07T13:39:00+01:00,14715.27,14717.52,14711.52,14717.52,92
SQ:NAS100,2022-02-07T13:40:00+01:00,14717.52,14721.77,14716.02,14720.52,100
SQ:NAS100,2022-02-07T13:41:00+01:00,14721.02,14722.02,14716.77,14721.77,75
SQ:NAS100,2022-02-07T13:42:00+01:00,14721.77,14721.77,14715.52,14716.77,90
SQ:NAS100,2022-02-07T13:43:00+01:00,14716.77,14722.02,14716.77,14719.27,88
SQ:NAS100,2022-02-07T13:44:00+01:00,14719.27,14721.52,14718.02,14721.52,63
SQ:NAS100,2022-02-07T13:45:00+01:00,14721.52,14727.02,14718.27,14726.52,131
SQ:NAS100,2022-02-07T13:46:00+01:00,14726.52,14732.02,14726.27,14729.27,153
SQ:NAS100,2022-02-07T13:47:00+01:00,14729.52,14737.52,14728.27,14737.52,155
SQ:NAS100,2022-02-07T13:48:00+01:00,14737.27,14738.52,14733.77,14734.52,110
SQ:NAS100,2022-02-07T13:49:00+01:00,14734.52,14735.77,14730.52,14734.77,110
SQ:NAS100,2022-02-07T13:50:00+01:00,14734.77,14742.52,14733.52,14741.52,148
SQ:NAS100,2022-02-07T13:51:00+01:00,14741.52,14747.52,14740.02,14745.52,123
SQ:NAS100,2022-02-07T13:52:00+01:00,14745.52,14746.27,14741.77,14742.77,84
SQ:NAS100,2022-02-07T13:53:00+01:00,14743.02,14743.52,14737.02,14738.27,126
SQ:NAS100,2022-02-07T13:54:00+01:00,14738.27,14739.27,14732.52,14735.27,121
SQ:NAS100,2022-02-07T13:55:00+01:00,14735.27,14741.27,14733.77,14739.77,120
SQ:NAS100,2022-02-07T13:56:00+01:00,14739.77,14745.77,14739.77,14744.52,127
SQ:NAS100,2022-02-07T13:57:00+01:00,14744.52,14749.27,14740.77,14743.27,155
SQ:NAS100,2022-02-07T13:58:00+01:00,14743.02,14743.27,14736.27,14736.77,136
SQ:NAS100,2022-02-07T13:59:00+01:00,14736.77,14739.02,14736.52,14737.77,122
SQ:NAS100,2022-02-07T14:00:00+01:00,14737.77,14744.77,14728.27,14741.52,207
SQ:NAS100,2022-02-07T14:01:00+01:00,14741.52,14748.27,14736.02,14745.77,177
SQ:NAS100,2022-02-07T14:02:00+01:00,14745.77,14753.77,14743.52,14752.77,172
SQ:NAS100,2022-02-07T14:03:00+01:00,14752.77,14754.77,14749.77,14750.77,157
SQ:NAS100,2022-02-07T14:04:00+01:00,14750.77,14755.52,14748.02,14755.02,151
SQ:NAS100,2022-02-07T14:05:00+01:00,14755.27,14756.27,14747.52,14749.02,162
SQ:NAS100,2022-02-07T14:06:00+01:00,14749.02,14752.52,14748.02,14751.02,121
SQ:NAS100,2022-02-07T14:07:00+01:00,14751.02,14760.77,14751.02,14760.52,165
SQ:NAS100,2022-02-07T14:08:00+01:00,14760.52,14767.02,14760.02,14765.77,177
SQ:NAS100,2022-02-07T14:09:00+01:00,14765.77,14771.77,14761.52,14762.02,206
SQ:NAS100,2022-02-07T14:10:00+01:00,14762.27,14766.27,14758.77,14764.02,187
SQ:NAS100,2022-02-07T14:11:00+01:00,14764.02,14765.02,14759.52,14760.77,168
SQ:NAS100,2022-02-07T14:12:00+01:00,14761.02,14765.02,14758.52,14764.27,139
SQ:NAS100,2022-02-07T14:13:00+01:00,14763.77,14771.77,14763.02,14763.77,201
SQ:NAS100,2022-02-07T14:14:00+01:00,14763.77,14764.27,14760.02,14762.52,154
SQ:NAS100,2022-02-07T14:15:00+01:00,14762.52,14764.52,14757.52,14760.27,148
SQ:NAS100,2022-02-07T14:16:00+01:00,14760.27,14761.27,14755.77,14757.02,154
SQ:NAS100,2022-02-07T14:17:00+01:00,14757.02,14758.77,14753.77,14753.77,151
SQ:NAS100,2022-02-07T14:18:00+01:00,14753.77,14756.52,14753.02,14754.77,170
SQ:NAS100,2022-02-07T14:19:00+01:00,14754.52,14758.02,14754.52,14754.52,141
SQ:NAS100,2022-02-07T14:20:00+01:00,14754.27,14765.77,14753.52,14765.77,183
SQ:NAS100,2022-02-07T14:21:00+01:00,14765.77,14768.27,14758.02,14759.27,201
SQ:NAS100,2022-02-07T14:22:00+01:00,14759.27,14767.27,14755.27,14765.77,199
SQ:NAS100,2022-02-07T14:23:00+01:00,14765.77,14771.52,14760.02,14764.27,257
SQ:NAS100,2022-02-07T14:24:00+01:00,14764.27,14765.27,14756.77,14760.52,195
SQ:NAS100,2022-02-07T14:25:00+01:00,14760.52,14764.52,14757.52,14760.02,143
SQ:NAS100,2022-02-07T14:26:00+01:00,14759.77,14760.52,14753.02,14754.27,146
SQ:NAS100,2022-02-07T14:27:00+01:00,14754.27,14757.77,14751.52,14755.27,158
SQ:NAS100,2022-02-07T14:28:00+01:00,14754.77,14756.77,14753.27,14754.02,115
SQ:NAS100,2022-02-07T14:29:00+01:00,14754.02,14755.27,14748.77,14751.02,149
SQ:NAS100,2022-02-07T14:30:00+01:00,14750.27,14751.77,14748.02,14749.27,139
SQ:NAS100,2022-02-07T14:31:00+01:00,14749.27,14750.77,14741.52,14741.77,143
SQ:NAS100,2022-02-07T14:32:00+01:00,14742.27,14744.77,14741.27,14743.77,152
SQ:NAS100,2022-02-07T14:33:00+01:00,14743.77,14744.52,14741.27,14741.27,80
SQ:NAS100,2022-02-07T14:34:00+01:00,14741.27,14741.77,14729.77,14734.27,190
SQ:NAS100,2022-02-07T14:35:00+01:00,14734.27,14735.77,14728.27,14730.77,166
SQ:NAS100,2022-02-07T14:36:00+01:00,14731.27,14732.27,14728.02,14732.02,105
SQ:NAS100,2022-02-07T14:37:00+01:00,14732.02,14735.52,14729.77,14730.02,148
SQ:NAS100,2022-02-07T14:38:00+01:00,14729.77,14738.02,14721.77,14736.77,172
SQ:NAS100,2022-02-07T14:39:00+01:00,14736.77,14738.52,14732.52,14737.52,126
SQ:NAS100,2022-02-07T14:40:00+01:00,14737.52,14737.52,14731.52,14734.02,137
SQ:NAS100,2022-02-07T14:41:00+01:00,14734.02,14736.52,14733.77,14735.27,99
SQ:NAS100,2022-02-07T14:42:00+01:00,14735.27,14739.52,14731.52,14739.27,88
SQ:NAS100,2022-02-07T14:43:00+01:00,14739.27,14741.02,14727.02,14730.02,149
SQ:NAS100,2022-02-07T14:44:00+01:00,14729.77,14736.52,14728.77,14732.27,96
SQ:NAS100,2022-02-07T14:45:00+01:00,14732.27,14734.02,14727.27,14729.77,113
SQ:NAS100,2022-02-07T14:46:00+01:00,14729.77,14735.52,14728.02,14734.52,107
SQ:NAS100,2022-02-07T14:47:00+01:00,14734.52,14735.27,14727.27,14732.52,147
SQ:NAS100,2022-02-07T14:48:00+01:00,14732.52,14736.27,14731.77,14735.77,78
SQ:NAS100,2022-02-07T14:49:00+01:00,14735.77,14743.27,14734.02,14740.77,162
SQ:NAS100,2022-02-07T14:50:00+01:00,14740.52,14744.77,14738.27,14741.52,135
SQ:NAS100,2022-02-07T14:51:00+01:00,14741.52,14742.27,14736.02,14737.02,92
SQ:NAS100,2022-02-07T14:52:00+01:00,14737.02,14739.52,14733.77,14737.77,108
SQ:NAS100,2022-02-07T14:53:00+01:00,14737.77,14740.52,14734.52,14736.77,101
SQ:NAS100,2022-02-07T14:54:00+01:00,14736.52,14737.52,14730.77,14732.02,81
SQ:NAS100,2022-02-07T14:55:00+01:00,14732.02,14739.02,14731.27,14738.27,110
SQ:NAS100,2022-02-07T14:56:00+01:00,14738.27,14740.27,14735.52,14738.52,74
SQ:NAS100,2022-02-07T14:57:00+01:00,14738.27,14743.77,14735.52,14741.77,81
SQ:NAS100,2022-02-07T14:58:00+01:00,14741.52,14743.52,14738.02,14741.27,93
SQ:NAS100,2022-02-07T14:59:00+01:00,14740.77,14743.52,14740.02,14741.27,74
SQ:NAS100,2022-02-07T15:00:00+01:00,14741.27,14743.77,14737.27,14740.52,109
SQ:NAS100,2022-02-07T15:01:00+01:00,14740.52,14741.27,14736.52,14737.52,109
SQ:NAS100,2022-02-07T15:02:00+01:00,14737.52,14740.77,14737.52,14739.27,91
SQ:NAS100,2022-02-07T15:03:00+01:00,14739.52,14740.27,14737.77,14740.27,47
SQ:NAS100,2022-02-07T15:04:00+01:00,14740.02,14740.77,14737.52,14738.52,90
SQ:NAS100,2022-02-07T15:05:00+01:00,14738.77,14740.27,14735.27,14736.77,91
SQ:NAS100,2022-02-07T15:06:00+01:00,14737.27,14737.77,14731.52,14732.52,109
SQ:NAS100,2022-02-07T15:07:00+01:00,14732.77,14736.02,14730.02,14734.02,84
SQ:NAS100,2022-02-07T15:08:00+01:00,14734.02,14736.52,14733.02,14736.02,53
SQ:NAS100,2022-02-07T15:09:00+01:00,14736.02,14746.02,14735.27,14744.02,133
SQ:NAS100,2022-02-07T15:10:00+01:00,14744.02,14747.77,14743.02,14747.02,101
SQ:NAS100,2022-02-07T15:11:00+01:00,14747.02,14747.27,14739.52,14739.77,116
SQ:NAS100,2022-02-07T15:12:00+01:00,14739.77,14741.52,14737.02,14739.27,105
SQ:NAS100,2022-02-07T15:13:00+01:00,14739.27,14742.02,14732.52,14733.77,138
SQ:NAS100,2022-02-07T15:14:00+01:00,14733.77,14735.52,14724.27,14725.02,172
SQ:NAS100,2022-02-07T15:15:00+01:00,14725.02,14727.02,14709.77,14714.02,287
SQ:NAS100,2022-02-07T15:16:00+01:00,14714.27,14717.77,14712.77,14716.27,125
SQ:NAS100,2022-02-07T15:17:00+01:00,14716.27,14727.27,14714.52,14718.77,187
SQ:NAS100,2022-02-07T15:18:00+01:00,14718.77,14720.77,14708.02,14709.52,162
SQ:NAS100,2022-02-07T15:19:00+01:00,14709.27,14719.52,14707.52,14717.52,156
SQ:NAS100,2022-02-07T15:20:00+01:00,14717.02,14723.77,14714.52,14723.02,157
SQ:NAS100,2022-02-07T15:21:00+01:00,14723.27,14725.52,14719.02,14723.27,100
SQ:NAS100,2022-02-07T15:22:00+01:00,14723.77,14728.02,14720.52,14727.02,133
SQ:NAS100,2022-02-07T15:23:00+01:00,14727.02,14731.27,14726.77,14729.77,104
SQ:NAS100,2022-02-07T15:24:00+01:00,14730.02,14733.52,14727.52,14732.52,108
SQ:NAS100,2022-02-07T15:25:00+01:00,14732.52,14734.02,14725.52,14725.77,98
SQ:NAS100,2022-02-07T15:26:00+01:00,14726.02,14732.52,14725.52,14731.02,116
SQ:NAS100,2022-02-07T15:27:00+01:00,14730.77,14736.02,14722.77,14723.02,149
SQ:NAS100,2022-02-07T15:28:00+01:00,14723.02,14726.02,14717.02,14723.02,178
SQ:NAS100,2022-02-07T15:29:00+01:00,14723.02,14725.52,14716.52,14720.77,200
SQ:NAS100,2022-02-07T15:30:00+01:00,14720.27,14731.02,14698.27,14708.52,704
SQ:NAS100,2022-02-07T15:31:00+01:00,14709.02,14727.27,14695.77,14717.02,707
SQ:NAS100,2022-02-07T15:32:00+01:00,14716.77,14738.02,14716.27,14725.27,660
SQ:NAS100,2022-02-07T15:33:00+01:00,14725.52,14730.02,14685.27,14694.77,672
SQ:NAS100,2022-02-07T15:34:00+01:00,14694.02,14708.02,14683.77,14692.02,738
SQ:NAS100,2022-02-07T15:35:00+01:00,14692.77,14735.52,14690.77,14732.02,757
SQ:NAS100,2022-02-07T15:36:00+01:00,14732.02,14756.52,14731.77,14737.52,726
SQ:NAS100,2022-02-07T15:37:00+01:00,14736.77,14757.27,14728.02,14749.52,686
SQ:NAS100,2022-02-07T15:38:00+01:00,14750.77,14762.27,14738.52,14750.52,672
SQ:NAS100,2022-02-07T15:39:00+01:00,14751.27,14768.52,14743.77,14761.77,606
SQ:NAS100,2022-02-07T15:40:00+01:00,14762.27,14768.77,14744.77,14757.02,609
SQ:NAS100,2022-02-07T15:41:00+01:00,14756.77,14785.02,14751.27,14783.77,640
SQ:NAS100,2022-02-07T15:42:00+01:00,14783.77,14795.77,14779.02,14790.02,609
SQ:NAS100,2022-02-07T15:43:00+01:00,14790.27,14791.02,14767.02,14770.02,610
SQ:NAS100,2022-02-07T15:44:00+01:00,14769.77,14782.52,14754.52,14776.02,631
SQ:NAS100,2022-02-07T15:45:00+01:00,14776.27,14786.77,14766.27,14781.02,598
SQ:NAS100,2022-02-07T15:46:00+01:00,14780.77,14786.52,14770.02,14774.77,507
SQ:NAS100,2022-02-07T15:47:00+01:00,14776.02,14789.27,14767.02,14773.52,578
SQ:NAS100,2022-02-07T15:48:00+01:00,14773.52,14776.52,14745.02,14752.27,655
SQ:NAS100,2022-02-07T15:49:00+01:00,14752.77,14753.27,14733.77,14748.02,621
SQ:NAS100,2022-02-07T15:50:00+01:00,14747.02,14779.27,14746.02,14779.27,663
SQ:NAS100,2022-02-07T15:51:00+01:00,14779.52,14807.77,14779.27,14803.02,684
SQ:NAS100,2022-02-07T15:52:00+01:00,14803.02,14812.02,14796.77,14801.52,607
SQ:NAS100,2022-02-07T15:53:00+01:00,14801.52,14810.27,14790.77,14807.02,611
SQ:NAS100,2022-02-07T15:54:00+01:00,14806.52,14815.27,14802.52,14813.27,531
SQ:NAS100,2022-02-07T15:55:00+01:00,14813.52,14817.02,14801.27,14814.27,579
SQ:NAS100,2022-02-07T15:56:00+01:00,14814.77,14818.77,14800.77,14807.27,565
SQ:NAS100,2022-02-07T15:57:00+01:00,14806.77,14808.77,14768.77,14779.77,627
SQ:NAS100,2022-02-07T15:58:00+01:00,14779.77,14791.27,14777.52,14788.02,592
SQ:NAS100,2022-02-07T15:59:00+01:00,14788.02,14799.27,14786.77,14793.27,564
SQ:NAS100,2022-02-07T16:00:00+01:00,14794.02,14803.27,14779.77,14782.77,640
SQ:NAS100,2022-02-07T16:01:00+01:00,14782.52,14788.27,14770.02,14784.52,641
SQ:NAS100,2022-02-07T16:02:00+01:00,14785.02,14787.52,14759.27,14761.52,586
SQ:NAS100,2022-02-07T16:03:00+01:00,14761.52,14767.77,14750.02,14759.52,622
SQ:NAS100,2022-02-07T16:04:00+01:00,14759.77,14769.77,14752.77,14763.02,602
SQ:NAS100,2022-02-07T16:05:00+01:00,14763.27,14787.52,14753.77,14787.52,618
SQ:NAS100,2022-02-07T16:06:00+01:00,14787.77,14796.27,14773.52,14780.52,576
SQ:NAS100,2022-02-07T16:07:00+01:00,14780.02,14786.27,14761.02,14770.52,591
SQ:NAS100,2022-02-07T16:08:00+01:00,14770.27,14783.02,14766.27,14780.77,522
SQ:NAS100,2022-02-07T16:09:00+01:00,14780.77,14787.02,14774.52,14782.77,522
SQ:NAS100,2022-02-07T16:10:00+01:00,14782.52,14791.02,14779.52,14783.77,541
SQ:NAS100,2022-02-07T16:11:00+01:00,14780.52,14780.77,14745.27,14760.77,647
SQ:NAS100,2022-02-07T16:12:00+01:00,14760.77,14762.02,14729.77,14734.77,684
SQ:NAS100,2022-02-07T16:13:00+01:00,14735.02,14735.27,14722.02,14729.02,630
SQ:NAS100,2022-02-07T16:14:00+01:00,14729.02,14731.27,14717.52,14724.27,592
SQ:NAS100,2022-02-07T16:15:00+01:00,14724.27,14735.77,14716.77,14734.27,570
SQ:NAS100,2022-02-07T16:16:00+01:00,14734.52,14739.52,14729.02,14735.02,549
SQ:NAS100,2022-02-07T16:17:00+01:00,14735.02,14735.02,14708.52,14709.77,609
SQ:NAS100,2022-02-07T16:18:00+01:00,14709.77,14717.27,14700.02,14717.27,602
SQ:NAS100,2022-02-07T16:19:00+01:00,14718.77,14719.77,14704.52,14711.52,604
SQ:NAS100,2022-02-07T16:20:00+01:00,14711.27,14728.77,14701.77,14727.02,588
SQ:NAS100,2022-02-07T16:21:00+01:00,14726.77,14738.27,14722.77,14729.77,589
SQ:NAS100,2022-02-07T16:22:00+01:00,14729.77,14745.02,14725.52,14739.77,534
SQ:NAS100,2022-02-07T16:23:00+01:00,14739.77,14753.77,14739.77,14747.52,522
SQ:NAS100,2022-02-07T16:24:00+01:00,14747.77,14753.77,14741.02,14744.27,527
SQ:NAS100,2022-02-07T16:25:00+01:00,14744.02,14755.02,14731.52,14750.27,589
SQ:NAS100,2022-02-07T16:26:00+01:00,14750.27,14756.27,14746.02,14752.27,482
SQ:NAS100,2022-02-07T16:27:00+01:00,14752.52,14770.52,14751.02,14760.77,498
SQ:NAS100,2022-02-07T16:28:00+01:00,14760.77,14762.77,14753.52,14759.77,417
SQ:NAS100,2022-02-07T16:29:00+01:00,14760.52,14760.52,14743.52,14749.77,468
SQ:NAS100,2022-02-07T16:30:00+01:00,14749.52,14750.77,14728.52,14739.77,569
SQ:NAS100,2022-02-07T16:31:00+01:00,14739.77,14749.52,14737.02,14738.77,451
SQ:NAS100,2022-02-07T16:32:00+01:00,14738.52,14744.02,14731.52,14743.02,492
SQ:NAS100,2022-02-07T16:33:00+01:00,14743.02,14774.27,14740.27,14771.27,533
SQ:NAS100,2022-02-07T16:34:00+01:00,14771.27,14780.27,14770.77,14772.52,501
SQ:NAS100,2022-02-07T16:35:00+01:00,14772.27,14776.27,14760.77,14766.77,488
SQ:NAS100,2022-02-07T16:36:00+01:00,14767.27,14779.52,14763.27,14774.52,448
SQ:NAS100,2022-02-07T16:37:00+01:00,14774.52,14781.77,14774.52,14777.02,406
SQ:NAS100,2022-02-07T16:38:00+01:00,14777.27,14778.77,14767.02,14772.02,407
SQ:NAS100,2022-02-07T16:39:00+01:00,14772.27,14772.52,14750.27,14760.02,491
SQ:NAS100,2022-02-07T16:40:00+01:00,14760.02,14761.02,14732.77,14737.02,559
SQ:NAS100,2022-02-07T16:41:00+01:00,14737.02,14737.52,14708.77,14719.52,683
SQ:NAS100,2022-02-07T16:42:00+01:00,14719.02,14731.77,14711.27,14726.52,581
SQ:NAS100,2022-02-07T16:43:00+01:00,14726.52,14733.52,14720.77,14722.77,479
SQ:NAS100,2022-02-07T16:44:00+01:00,14722.52,14724.77,14710.27,14724.02,545
SQ:NAS100,2022-02-07T16:45:00+01:00,14723.77,14734.52,14716.27,14729.52,529
SQ:NAS100,2022-02-07T16:46:00+01:00,14729.52,14742.27,14726.52,14733.27,529
SQ:NAS100,2022-02-07T16:47:00+01:00,14733.02,14742.27,14727.77,14731.52,475
SQ:NAS100,2022-02-07T16:48:00+01:00,14731.27,14733.02,14714.27,14718.52,560
SQ:NAS100,2022-02-07T16:49:00+01:00,14718.27,14724.02,14705.02,14717.27,529
SQ:NAS100,2022-02-07T16:50:00+01:00,14717.27,14724.02,14711.02,14714.52,520
SQ:NAS100,2022-02-07T16:51:00+01:00,14714.27,14730.02,14708.77,14728.27,558
SQ:NAS100,2022-02-07T16:52:00+01:00,14728.27,14749.77,14728.27,14733.52,577
SQ:NAS100,2022-02-07T16:53:00+01:00,14733.77,14740.27,14731.27,14733.52,440
SQ:NAS100,2022-02-07T16:54:00+01:00,14732.52,14739.52,14725.52,14725.52,387
SQ:NAS100,2022-02-07T16:55:00+01:00,14726.27,14732.02,14714.02,14721.02,495
SQ:NAS100,2022-02-07T16:56:00+01:00,14721.52,14730.77,14717.77,14723.27,430
SQ:NAS100,2022-02-07T16:57:00+01:00,14723.02,14740.27,14723.02,14725.27,471
SQ:NAS100,2022-02-07T16:58:00+01:00,14725.27,14738.02,14722.77,14731.27,424
SQ:NAS100,2022-02-07T16:59:00+01:00,14731.27,14744.77,14731.27,14736.52,423
SQ:NAS100,2022-02-07T17:00:00+01:00,14736.27,14750.27,14729.27,14750.02,442
SQ:NAS100,2022-02-07T17:01:00+01:00,14750.02,14752.52,14742.27,14747.52,470
SQ:NAS100,2022-02-07T17:02:00+01:00,14748.02,14751.27,14743.27,14747.02,364
SQ:NAS100,2022-02-07T17:03:00+01:00,14746.77,14757.27,14736.02,14736.02,444
SQ:NAS100,2022-02-07T17:04:00+01:00,14736.27,14736.77,14711.52,14723.02,590
SQ:NAS100,2022-02-07T17:05:00+01:00,14723.27,14728.77,14711.52,14722.02,525
SQ:NAS100,2022-02-07T17:06:00+01:00,14722.27,14730.27,14717.77,14726.77,429
SQ:NAS100,2022-02-07T17:07:00+01:00,14726.27,14731.77,14723.27,14729.27,398
SQ:NAS100,2022-02-07T17:08:00+01:00,14729.27,14735.52,14712.02,14712.52,442
SQ:NAS100,2022-02-07T17:09:00+01:00,14712.52,14713.52,14677.27,14685.52,617
SQ:NAS100,2022-02-07T17:10:00+01:00,14685.77,14696.02,14683.52,14691.77,503
SQ:NAS100,2022-02-07T17:11:00+01:00,14692.52,14700.02,14691.52,14697.02,417
SQ:NAS100,2022-02-07T17:12:00+01:00,14696.52,14706.27,14691.52,14698.27,450
SQ:NAS100,2022-02-07T17:13:00+01:00,14698.27,14707.77,14696.27,14704.52,456
SQ:NAS100,2022-02-07T17:14:00+01:00,14704.27,14707.27,14697.77,14703.52,427
SQ:NAS100,2022-02-07T17:15:00+01:00,14702.77,14705.27,14690.27,14693.77,484
SQ:NAS100,2022-02-07T17:16:00+01:00,14693.77,14696.02,14685.27,14692.52,445
SQ:NAS100,2022-02-07T17:17:00+01:00,14692.52,14693.52,14668.27,14669.77,456
SQ:NAS100,2022-02-07T17:18:00+01:00,14669.52,14678.02,14666.77,14675.77,452
SQ:NAS100,2022-02-07T17:19:00+01:00,14675.52,14686.27,14674.27,14684.52,472
SQ:NAS100,2022-02-07T17:20:00+01:00,14684.77,14691.77,14673.77,14675.52,480
SQ:NAS100,2022-02-07T17:21:00+01:00,14675.52,14681.27,14671.27,14679.52,424
SQ:NAS100,2022-02-07T17:22:00+01:00,14679.77,14683.52,14666.02,14680.52,431
SQ:NAS100,2022-02-07T17:23:00+01:00,14680.52,14680.77,14660.52,14668.77,479
SQ:NAS100,2022-02-07T17:24:00+01:00,14668.27,14680.27,14668.27,14673.27,406
SQ:NAS100,2022-02-07T17:25:00+01:00,14673.02,14695.02,14673.02,14689.52,455
SQ:NAS100,2022-02-07T17:26:00+01:00,14689.77,14703.52,14688.52,14697.27,423
SQ:NAS100,2022-02-07T17:27:00+01:00,14696.77,14705.02,14693.27,14695.27,376
SQ:NAS100,2022-02-07T17:28:00+01:00,14694.77,14699.27,14690.02,14692.02,381
SQ:NAS100,2022-02-07T17:29:00+01:00,14692.02,14692.02,14678.27,14683.27,447
SQ:NAS100,2022-02-07T17:30:00+01:00,14683.27,14683.27,14673.27,14676.27,452
SQ:NAS100,2022-02-07T17:31:00+01:00,14676.52,14681.02,14669.27,14676.77,382
SQ:NAS100,2022-02-07T17:32:00+01:00,14676.77,14684.27,14654.27,14655.52,498
SQ:NAS100,2022-02-07T17:33:00+01:00,14655.77,14657.02,14649.27,14652.77,464
SQ:NAS100,2022-02-07T17:34:00+01:00,14652.52,14661.52,14647.02,14658.02,441
SQ:NAS100,2022-02-07T17:35:00+01:00,14658.02,14663.27,14652.52,14657.02,411
SQ:NAS100,2022-02-07T17:36:00+01:00,14657.02,14660.77,14651.02,14658.77,385
SQ:NAS100,2022-02-07T17:37:00+01:00,14658.77,14661.52,14654.52,14654.77,297
SQ:NAS100,2022-02-07T17:38:00+01:00,14654.52,14654.77,14619.02,14628.02,533
SQ:NAS100,2022-02-07T17:39:00+01:00,14628.27,14629.27,14612.02,14619.02,529
SQ:NAS100,2022-02-07T17:40:00+01:00,14619.52,14620.52,14612.27,14614.52,406
SQ:NAS100,2022-02-07T17:41:00+01:00,14614.52,14620.52,14613.27,14618.27,379
SQ:NAS100,2022-02-07T17:42:00+01:00,14618.02,14624.52,14616.27,14618.02,394
SQ:NAS100,2022-02-07T17:43:00+01:00,14618.02,14621.27,14591.52,14598.27,467
SQ:NAS100,2022-02-07T17:44:00+01:00,14599.27,14600.27,14585.27,14591.52,480
SQ:NAS100,2022-02-07T17:45:00+01:00,14591.77,14604.77,14588.02,14602.27,515
SQ:NAS100,2022-02-07T17:46:00+01:00,14601.77,14609.02,14598.77,14606.27,396
SQ:NAS100,2022-02-07T17:47:00+01:00,14606.27,14606.27,14592.52,14596.02,370
SQ:NAS100,2022-02-07T17:48:00+01:00,14595.77,14600.77,14582.77,14598.27,473
SQ:NAS100,2022-02-07T17:49:00+01:00,14598.27,14608.27,14598.27,14606.52,409
SQ:NAS100,2022-02-07T17:50:00+01:00,14606.77,14614.52,14604.52,14614.02,379
SQ:NAS100,2022-02-07T17:51:00+01:00,14613.77,14615.77,14607.02,14609.02,380
SQ:NAS100,2022-02-07T17:52:00+01:00,14608.77,14613.77,14594.27,14601.02,428
SQ:NAS100,2022-02-07T17:53:00+01:00,14601.27,14604.27,14589.77,14595.27,426
SQ:NAS100,2022-02-07T17:54:00+01:00,14595.27,14606.27,14594.27,14604.27,445
SQ:NAS100,2022-02-07T17:55:00+01:00,14604.02,14612.02,14597.52,14612.02,400
SQ:NAS100,2022-02-07T17:56:00+01:00,14611.77,14617.77,14604.02,14611.52,401
SQ:NAS100,2022-02-07T17:57:00+01:00,14611.52,14620.77,14611.52,14619.27,393
SQ:NAS100,2022-02-07T17:58:00+01:00,14619.52,14628.02,14617.52,14622.52,394
SQ:NAS100,2022-02-07T17:59:00+01:00,14622.52,14630.52,14622.27,14624.27,334
SQ:NAS100,2022-02-07T18:00:00+01:00,14624.27,14629.02,14609.52,14614.27,428
SQ:NAS100,2022-02-07T18:01:00+01:00,14615.02,14615.02,14602.27,14604.27,395
SQ:NAS100,2022-02-07T18:02:00+01:00,14604.27,14614.52,14604.02,14610.52,380
SQ:NAS100,2022-02-07T18:03:00+01:00,14610.52,14628.27,14607.27,14627.52,383
SQ:NAS100,2022-02-07T18:04:00+01:00,14627.52,14637.52,14627.52,14631.52,426
SQ:NAS100,2022-02-07T18:05:00+01:00,14631.52,14632.02,14620.77,14623.27,330
SQ:NAS100,2022-02-07T18:06:00+01:00,14623.27,14631.52,14621.52,14625.77,345
SQ:NAS100,2022-02-07T18:07:00+01:00,14626.02,14628.02,14617.77,14625.02,305
SQ:NAS100,2022-02-07T18:08:00+01:00,14625.02,14625.77,14616.27,14620.77,299
SQ:NAS100,2022-02-07T18:09:00+01:00,14620.77,14634.52,14604.02,14608.27,489
SQ:NAS100,2022-02-07T18:10:00+01:00,14609.02,14621.77,14608.52,14610.77,455
SQ:NAS100,2022-02-07T18:11:00+01:00,14611.02,14621.27,14610.27,14616.77,397
SQ:NAS100,2022-02-07T18:12:00+01:00,14615.77,14617.02,14604.52,14613.77,416
SQ:NAS100,2022-02-07T18:13:00+01:00,14613.77,14626.02,14613.52,14622.52,398
SQ:NAS100,2022-02-07T18:14:00+01:00,14622.02,14623.52,14613.77,14616.02,423
SQ:NAS100,2022-02-07T18:15:00+01:00,14616.02,14624.52,14607.27,14622.02,401
SQ:NAS100,2022-02-07T18:16:00+01:00,14621.52,14633.02,14620.77,14631.27,405
SQ:NAS100,2022-02-07T18:17:00+01:00,14632.02,14641.77,14624.27,14628.02,454
SQ:NAS100,2022-02-07T18:18:00+01:00,14627.27,14630.27,14622.52,14627.27,361
SQ:NAS100,2022-02-07T18:19:00+01:00,14628.27,14632.02,14623.52,14626.27,346
SQ:NAS100,2022-02-07T18:20:00+01:00,14625.52,14644.02,14621.02,14640.52,449
SQ:NAS100,2022-02-07T18:21:00+01:00,14640.27,14643.27,14634.52,14638.02,377
SQ:NAS100,2022-02-07T18:22:00+01:00,14638.02,14644.27,14631.27,14631.77,322
SQ:NAS100,2022-02-07T18:23:00+01:00,14631.77,14636.02,14628.02,14633.27,321
SQ:NAS100,2022-02-07T18:24:00+01:00,14633.27,14646.52,14633.27,14640.02,359
SQ:NAS100,2022-02-07T18:25:00+01:00,14640.02,14647.02,14633.27,14635.02,307
SQ:NAS100,2022-02-07T18:26:00+01:00,14635.52,14637.52,14628.27,14629.52,323
SQ:NAS100,2022-02-07T18:27:00+01:00,14629.27,14632.27,14615.52,14621.52,411
SQ:NAS100,2022-02-07T18:28:00+01:00,14620.77,14621.27,14605.02,14610.02,361
SQ:NAS100,2022-02-07T18:29:00+01:00,14610.27,14617.27,14602.27,14605.77,389
SQ:NAS100,2022-02-07T18:30:00+01:00,14605.52,14607.27,14588.02,14602.27,543
SQ:NAS100,2022-02-07T18:31:00+01:00,14602.27,14615.77,14602.27,14613.02,406
SQ:NAS100,2022-02-07T18:32:00+01:00,14612.52,14622.52,14612.52,14620.77,369
SQ:NAS100,2022-02-07T18:33:00+01:00,14620.27,14620.52,14610.02,14611.27,320
SQ:NAS100,2022-02-07T18:34:00+01:00,14610.52,14622.52,14610.52,14614.27,329
SQ:NAS100,2022-02-07T18:35:00+01:00,14614.27,14623.02,14604.52,14608.52,401
SQ:NAS100,2022-02-07T18:36:00+01:00,14606.52,14620.77,14605.27,14612.77,355
SQ:NAS100,2022-02-07T18:37:00+01:00,14612.02,14614.77,14601.27,14602.02,366
SQ:NAS100,2022-02-07T18:38:00+01:00,14602.52,14602.52,14584.27,14585.77,395
SQ:NAS100,2022-02-07T18:39:00+01:00,14585.27,14585.77,14569.52,14583.77,515
SQ:NAS100,2022-02-07T18:40:00+01:00,14583.77,14604.02,14583.77,14601.02,502
SQ:NAS100,2022-02-07T18:41:00+01:00,14601.02,14605.52,14598.27,14601.02,390
SQ:NAS100,2022-02-07T18:42:00+01:00,14601.02,14610.02,14601.02,14605.27,368
SQ:NAS100,2022-02-07T18:43:00+01:00,14606.02,14610.27,14602.27,14605.27,333
SQ:NAS100,2022-02-07T18:44:00+01:00,14605.27,14609.27,14601.02,14603.52,284
SQ:NAS100,2022-02-07T18:45:00+01:00,14603.27,14609.77,14596.02,14605.52,396
SQ:NAS100,2022-02-07T18:46:00+01:00,14605.52,14619.52,14602.77,14617.77,416
SQ:NAS100,2022-02-07T18:47:00+01:00,14617.77,14629.02,14616.02,14622.77,443
SQ:NAS100,2022-02-07T18:48:00+01:00,14622.77,14622.77,14614.02,14615.77,322
SQ:NAS100,2022-02-07T18:49:00+01:00,14616.27,14623.02,14614.77,14614.77,314
SQ:NAS100,2022-02-07T18:50:00+01:00,14614.77,14624.52,14613.77,14621.52,355
SQ:NAS100,2022-02-07T18:51:00+01:00,14621.27,14622.27,14605.52,14614.27,391
SQ:NAS100,2022-02-07T18:52:00+01:00,14614.27,14621.77,14611.77,14614.52,333
SQ:NAS100,2022-02-07T18:53:00+01:00,14614.02,14616.77,14609.52,14612.27,285
SQ:NAS100,2022-02-07T18:54:00+01:00,14612.27,14614.52,14606.02,14607.02,330
SQ:NAS100,2022-02-07T18:55:00+01:00,14607.02,14616.77,14606.27,14612.02,334
SQ:NAS100,2022-02-07T18:56:00+01:00,14612.27,14623.27,14609.02,14617.02,362
SQ:NAS100,2022-02-07T18:57:00+01:00,14617.02,14617.77,14607.52,14610.52,323
SQ:NAS100,2022-02-07T18:58:00+01:00,14610.52,14611.77,14599.77,14609.52,384
SQ:NAS100,2022-02-07T18:59:00+01:00,14609.52,14614.77,14606.27,14607.27,305
SQ:NAS100,2022-02-07T19:00:00+01:00,14607.27,14612.02,14598.77,14603.02,326
SQ:NAS100,2022-02-07T19:01:00+01:00,14603.02,14618.27,14603.02,14617.02,319
SQ:NAS100,2022-02-07T19:02:00+01:00,14617.02,14629.27,14617.02,14620.77,447
SQ:NAS100,2022-02-07T19:03:00+01:00,14620.77,14647.77,14618.27,14633.27,456
SQ:NAS100,2022-02-07T19:04:00+01:00,14633.27,14639.77,14632.27,14634.02,311
SQ:NAS100,2022-02-07T19:05:00+01:00,14634.27,14640.77,14629.27,14639.27,309
SQ:NAS100,2022-02-07T19:06:00+01:00,14639.02,14641.77,14628.02,14638.52,358
SQ:NAS100,2022-02-07T19:07:00+01:00,14638.52,14650.77,14638.52,14648.77,403
SQ:NAS100,2022-02-07T19:08:00+01:00,14648.52,14656.77,14644.27,14653.02,325
SQ:NAS100,2022-02-07T19:09:00+01:00,14652.77,14653.02,14646.77,14651.77,315
SQ:NAS100,2022-02-07T19:10:00+01:00,14652.02,14652.27,14642.02,14649.02,353
SQ:NAS100,2022-02-07T19:11:00+01:00,14649.52,14665.52,14649.52,14660.02,444
SQ:NAS100,2022-02-07T19:12:00+01:00,14660.27,14669.02,14660.02,14665.77,369
SQ:NAS100,2022-02-07T19:13:00+01:00,14665.52,14677.27,14663.02,14665.27,344
SQ:NAS100,2022-02-07T19:14:00+01:00,14665.52,14665.52,14659.52,14663.02,284
SQ:NAS100,2022-02-07T19:15:00+01:00,14663.27,14663.27,14657.02,14659.77,302
SQ:NAS100,2022-02-07T19:16:00+01:00,14659.77,14666.27,14653.02,14653.02,302
SQ:NAS100,2022-02-07T19:17:00+01:00,14653.02,14654.02,14645.77,14653.27,367
SQ:NAS100,2022-02-07T19:18:00+01:00,14653.27,14657.02,14652.27,14653.77,295
SQ:NAS100,2022-02-07T19:19:00+01:00,14653.27,14657.77,14652.02,14657.02,237
SQ:NAS100,2022-02-07T19:20:00+01:00,14657.02,14665.02,14654.52,14655.77,279
SQ:NAS100,2022-02-07T19:21:00+01:00,14655.77,14658.77,14649.52,14651.52,278
SQ:NAS100,2022-02-07T19:22:00+01:00,14651.52,14659.27,14648.52,14656.77,278
SQ:NAS100,2022-02-07T19:23:00+01:00,14656.77,14669.52,14656.02,14658.02,347
SQ:NAS100,2022-02-07T19:24:00+01:00,14657.77,14657.77,14647.27,14656.02,337
SQ:NAS100,2022-02-07T19:25:00+01:00,14655.27,14663.52,14654.27,14662.52,293
SQ:NAS100,2022-02-07T19:26:00+01:00,14662.77,14663.77,14650.77,14654.02,304
SQ:NAS100,2022-02-07T19:27:00+01:00,14654.52,14664.52,14653.27,14663.77,341
SQ:NAS100,2022-02-07T19:28:00+01:00,14664.27,14674.52,14662.77,14673.77,384
SQ:NAS100,2022-02-07T19:29:00+01:00,14674.02,14677.02,14668.02,14669.52,314
SQ:NAS100,2022-02-07T19:30:00+01:00,14669.52,14678.52,14668.27,14675.02,336
SQ:NAS100,2022-02-07T19:31:00+01:00,14675.27,14681.52,14670.77,14670.77,313
SQ:NAS100,2022-02-07T19:32:00+01:00,14670.27,14674.77,14666.52,14672.52,274
SQ:NAS100,2022-02-07T19:33:00+01:00,14672.52,14675.02,14665.02,14665.52,295
SQ:NAS100,2022-02-07T19:34:00+01:00,14665.52,14667.27,14656.77,14662.77,330
SQ:NAS100,2022-02-07T19:35:00+01:00,14663.27,14666.02,14656.27,14663.77,293
SQ:NAS100,2022-02-07T19:36:00+01:00,14663.77,14670.27,14663.02,14668.27,250
SQ:NAS100,2022-02-07T19:37:00+01:00,14667.77,14669.27,14661.52,14665.52,267
SQ:NAS100,2022-02-07T19:38:00+01:00,14665.52,14673.52,14663.77,14671.77,229
SQ:NAS100,2022-02-07T19:39:00+01:00,14672.27,14676.27,14669.27,14671.02,272
SQ:NAS100,2022-02-07T19:40:00+01:00,14670.77,14675.02,14666.52,14673.27,237
SQ:NAS100,2022-02-07T19:41:00+01:00,14673.27,14678.27,14672.02,14673.02,220
SQ:NAS100,2022-02-07T19:42:00+01:00,14673.02,14674.27,14667.77,14670.52,257
SQ:NAS100,2022-02-07T19:43:00+01:00,14670.52,14674.77,14669.77,14672.02,192
SQ:NAS100,2022-02-07T19:44:00+01:00,14671.77,14677.02,14666.77,14669.52,272
SQ:NAS100,2022-02-07T19:45:00+01:00,14669.52,14671.52,14662.02,14669.77,305
SQ:NAS100,2022-02-07T19:46:00+01:00,14669.52,14676.27,14667.52,14671.27,277
SQ:NAS100,2022-02-07T19:47:00+01:00,14671.02,14674.52,14667.27,14669.52,222
SQ:NAS100,2022-02-07T19:48:00+01:00,14669.52,14669.52,14659.52,14661.52,331
SQ:NAS100,2022-02-07T19:49:00+01:00,14661.77,14662.02,14640.52,14649.77,393
SQ:NAS100,2022-02-07T19:50:00+01:00,14650.52,14652.27,14642.52,14651.52,357
SQ:NAS100,2022-02-07T19:51:00+01:00,14651.52,14656.02,14645.27,14655.77,337
SQ:NAS100,2022-02-07T19:52:00+01:00,14655.77,14662.52,14654.27,14655.02,291
SQ:NAS100,2022-02-07T19:53:00+01:00,14655.02,14655.02,14645.27,14648.77,274
SQ:NAS100,2022-02-07T19:54:00+01:00,14649.02,14653.27,14647.52,14651.77,261
SQ:NAS100,2022-02-07T19:55:00+01:00,14652.27,14669.02,14651.02,14663.77,367
SQ:NAS100,2022-02-07T19:56:00+01:00,14663.77,14669.77,14658.27,14660.52,303
SQ:NAS100,2022-02-07T19:57:00+01:00,14660.27,14664.52,14657.52,14660.77,259
SQ:NAS100,2022-02-07T19:58:00+01:00,14660.77,14677.77,14660.52,14676.77,319
SQ:NAS100,2022-02-07T19:59:00+01:00,14677.52,14687.02,14676.77,14679.77,421
SQ:NAS100,2022-02-07T20:00:00+01:00,14680.52,14681.27,14673.02,14679.77,334
SQ:NAS100,2022-02-07T20:01:00+01:00,14680.02,14684.77,14675.77,14676.77,290
SQ:NAS100,2022-02-07T20:02:00+01:00,14676.77,14677.77,14666.77,14671.52,294
SQ:NAS100,2022-02-07T20:03:00+01:00,14671.52,14675.02,14667.77,14673.27,290
SQ:NAS100,2022-02-07T20:04:00+01:00,14673.27,14680.02,14671.27,14674.52,288
SQ:NAS100,2022-02-07T20:05:00+01:00,14674.27,14675.27,14668.27,14672.27,214
SQ:NAS100,2022-02-07T20:06:00+01:00,14672.52,14673.52,14667.02,14669.52,214
SQ:NAS100,2022-02-07T20:07:00+01:00,14669.52,14671.77,14662.52,14663.27,294
SQ:NAS100,2022-02-07T20:08:00+01:00,14663.27,14663.27,14646.77,14653.52,399
SQ:NAS100,2022-02-07T20:09:00+01:00,14653.27,14656.27,14646.77,14650.52,317
SQ:NAS100,2022-02-07T20:10:00+01:00,14650.77,14659.02,14650.02,14657.52,255
SQ:NAS100,2022-02-07T20:11:00+01:00,14657.52,14660.27,14655.52,14657.77,210
SQ:NAS100,2022-02-07T20:12:00+01:00,14657.02,14661.27,14654.02,14661.27,268
SQ:NAS100,2022-02-07T20:13:00+01:00,14661.02,14663.52,14656.77,14660.27,212
SQ:NAS100,2022-02-07T20:14:00+01:00,14660.52,14662.02,14649.52,14650.02,229
SQ:NAS100,2022-02-07T20:15:00+01:00,14650.02,14654.77,14645.02,14652.27,368
SQ:NAS100,2022-02-07T20:16:00+01:00,14652.27,14668.02,14652.27,14667.02,392
SQ:NAS100,2022-02-07T20:17:00+01:00,14667.27,14676.02,14663.02,14666.02,342
SQ:NAS100,2022-02-07T20:18:00+01:00,14666.02,14666.52,14661.52,14662.27,258
SQ:NAS100,2022-02-07T20:19:00+01:00,14662.27,14666.52,14656.52,14659.52,300
SQ:NAS100,2022-02-07T20:20:00+01:00,14659.52,14669.77,14656.77,14667.77,333
SQ:NAS100,2022-02-07T20:21:00+01:00,14667.77,14669.02,14661.27,14666.27,234
SQ:NAS100,2022-02-07T20:22:00+01:00,14666.27,14668.77,14658.77,14659.27,245
SQ:NAS100,2022-02-07T20:23:00+01:00,14659.27,14661.02,14648.52,14655.02,358
SQ:NAS100,2022-02-07T20:24:00+01:00,14655.02,14659.27,14654.52,14656.27,254
SQ:NAS100,2022-02-07T20:25:00+01:00,14655.77,14659.27,14654.77,14657.77,259
SQ:NAS100,2022-02-07T20:26:00+01:00,14657.77,14671.27,14653.77,14668.27,338
SQ:NAS100,2022-02-07T20:27:00+01:00,14668.27,14674.52,14665.27,14667.02,341
SQ:NAS100,2022-02-07T20:28:00+01:00,14666.77,14682.52,14666.52,14680.02,363
SQ:NAS100,2022-02-07T20:29:00+01:00,14679.52,14703.02,14679.52,14702.77,438
SQ:NAS100,2022-02-07T20:30:00+01:00,14702.02,14711.52,14700.52,14704.52,412
SQ:NAS100,2022-02-07T20:31:00+01:00,14704.27,14704.52,14696.52,14699.52,284
SQ:NAS100,2022-02-07T20:32:00+01:00,14699.77,14700.77,14694.27,14694.77,281
SQ:NAS100,2022-02-07T20:33:00+01:00,14694.77,14697.77,14691.27,14695.52,260
SQ:NAS100,2022-02-07T20:34:00+01:00,14695.77,14704.52,14694.02,14701.02,276
SQ:NAS100,2022-02-07T20:35:00+01:00,14701.27,14713.27,14700.27,14707.27,312
SQ:NAS100,2022-02-07T20:36:00+01:00,14707.27,14712.02,14705.52,14709.02,265
SQ:NAS100,2022-02-07T20:37:00+01:00,14709.02,14710.52,14703.52,14705.52,257
SQ:NAS100,2022-02-07T20:38:00+01:00,14705.52,14706.27,14684.77,14690.52,342
SQ:NAS100,2022-02-07T20:39:00+01:00,14689.52,14695.52,14689.52,14693.27,281
SQ:NAS100,2022-02-07T20:40:00+01:00,14693.52,14697.77,14687.02,14695.77,271
SQ:NAS100,2022-02-07T20:41:00+01:00,14695.52,14701.02,14695.27,14699.77,266
SQ:NAS100,2022-02-07T20:42:00+01:00,14700.02,14710.77,14699.27,14709.52,304
SQ:NAS100,2022-02-07T20:43:00+01:00,14709.77,14718.77,14709.02,14711.52,318
SQ:NAS100,2022-02-07T20:44:00+01:00,14711.27,14717.77,14708.27,14713.02,289
SQ:NAS100,2022-02-07T20:45:00+01:00,14713.02,14717.77,14707.27,14707.77,299
SQ:NAS100,2022-02-07T20:46:00+01:00,14707.77,14712.27,14706.77,14707.02,271
SQ:NAS100,2022-02-07T20:47:00+01:00,14707.02,14710.02,14703.77,14707.02,237
SQ:NAS100,2022-02-07T20:48:00+01:00,14707.02,14717.77,14706.52,14710.27,248
SQ:NAS100,2022-02-07T20:49:00+01:00,14710.27,14710.27,14695.27,14697.77,341
SQ:NAS100,2022-02-07T20:50:00+01:00,14697.52,14698.77,14679.02,14693.77,443
SQ:NAS100,2022-02-07T20:51:00+01:00,14693.52,14699.52,14691.02,14695.02,322
SQ:NAS100,2022-02-07T20:52:00+01:00,14694.77,14699.02,14690.77,14695.77,280
SQ:NAS100,2022-02-07T20:53:00+01:00,14695.77,14696.77,14690.77,14694.02,220
SQ:NAS100,2022-02-07T20:54:00+01:00,14694.02,14700.02,14694.02,14697.02,260
SQ:NAS100,2022-02-07T20:55:00+01:00,14697.52,14702.27,14686.77,14699.02,352
SQ:NAS100,2022-02-07T20:56:00+01:00,14699.27,14704.52,14693.77,14704.02,305
SQ:NAS100,2022-02-07T20:57:00+01:00,14704.52,14705.02,14695.52,14696.52,309
SQ:NAS100,2022-02-07T20:58:00+01:00,14696.77,14697.27,14688.52,14692.27,281
SQ:NAS100,2022-02-07T20:59:00+01:00,14691.52,14692.52,14687.77,14690.27,235
SQ:NAS100,2022-02-07T21:00:00+01:00,14690.27,14690.27,14671.77,14673.52,402
SQ:NAS100,2022-02-07T21:01:00+01:00,14673.52,14686.02,14671.77,14682.02,351
SQ:NAS100,2022-02-07T21:02:00+01:00,14682.02,14704.27,14681.77,14702.52,396
SQ:NAS100,2022-02-07T21:03:00+01:00,14702.27,14704.27,14694.02,14698.02,340
SQ:NAS100,2022-02-07T21:04:00+01:00,14698.02,14707.27,14694.52,14707.02,333
SQ:NAS100,2022-02-07T21:05:00+01:00,14706.52,14711.27,14704.27,14708.52,383
SQ:NAS100,2022-02-07T21:06:00+01:00,14708.52,14709.02,14698.27,14706.27,342
SQ:NAS100,2022-02-07T21:07:00+01:00,14706.27,14706.27,14692.52,14694.02,347
SQ:NAS100,2022-02-07T21:08:00+01:00,14694.02,14698.27,14682.02,14698.02,350
SQ:NAS100,2022-02-07T21:09:00+01:00,14698.77,14709.52,14698.52,14702.77,365
SQ:NAS100,2022-02-07T21:10:00+01:00,14703.02,14713.77,14695.52,14710.02,364
SQ:NAS100,2022-02-07T21:11:00+01:00,14710.02,14728.02,14703.77,14724.02,424
SQ:NAS100,2022-02-07T21:12:00+01:00,14723.52,14733.77,14721.02,14727.02,444
SQ:NAS100,2022-02-07T21:13:00+01:00,14727.02,14727.02,14717.77,14724.52,327
SQ:NAS100,2022-02-07T21:14:00+01:00,14724.52,14736.27,14723.52,14735.52,321
SQ:NAS100,2022-02-07T21:15:00+01:00,14735.52,14738.02,14723.52,14725.77,329
SQ:NAS100,2022-02-07T21:16:00+01:00,14725.52,14727.77,14720.02,14722.02,285
SQ:NAS100,2022-02-07T21:17:00+01:00,14722.02,14728.77,14719.52,14723.77,249
SQ:NAS100,2022-02-07T21:18:00+01:00,14723.52,14725.27,14714.77,14718.77,291
SQ:NAS100,2022-02-07T21:19:00+01:00,14718.77,14722.52,14709.52,14709.77,257
SQ:NAS100,2022-02-07T21:20:00+01:00,14709.77,14716.77,14701.02,14706.77,388
SQ:NAS100,2022-02-07T21:21:00+01:00,14707.02,14711.52,14699.52,14703.02,292
SQ:NAS100,2022-02-07T21:22:00+01:00,14703.02,14703.27,14688.27,14697.27,407
SQ:NAS100,2022-02-07T21:23:00+01:00,14697.02,14700.27,14695.02,14698.52,315
SQ:NAS100,2022-02-07T21:24:00+01:00,14698.02,14698.52,14678.77,14685.52,415
SQ:NAS100,2022-02-07T21:25:00+01:00,14685.27,14694.52,14674.02,14679.77,427
SQ:NAS100,2022-02-07T21:26:00+01:00,14680.27,14684.52,14668.02,14675.02,418
SQ:NAS100,2022-02-07T21:27:00+01:00,14675.02,14675.02,14656.52,14658.27,420
SQ:NAS100,2022-02-07T21:28:00+01:00,14658.27,14662.52,14648.77,14652.27,487
SQ:NAS100,2022-02-07T21:29:00+01:00,14652.27,14653.77,14642.52,14652.02,436
SQ:NAS100,2022-02-07T21:30:00+01:00,14652.27,14666.27,14648.27,14663.77,480
SQ:NAS100,2022-02-07T21:31:00+01:00,14663.27,14665.27,14656.52,14661.02,370
SQ:NAS100,2022-02-07T21:32:00+01:00,14661.02,14663.27,14647.02,14655.52,406
SQ:NAS100,2022-02-07T21:33:00+01:00,14655.52,14659.77,14644.27,14655.27,402
SQ:NAS100,2022-02-07T21:34:00+01:00,14655.27,14655.27,14643.52,14653.02,460
SQ:NAS100,2022-02-07T21:35:00+01:00,14653.27,14655.52,14641.02,14650.02,446
SQ:NAS100,2022-02-07T21:36:00+01:00,14650.27,14664.52,14644.77,14662.02,421
SQ:NAS100,2022-02-07T21:37:00+01:00,14661.52,14663.52,14633.27,14638.52,482
SQ:NAS100,2022-02-07T21:38:00+01:00,14638.52,14638.52,14611.27,14621.02,590
SQ:NAS100,2022-02-07T21:39:00+01:00,14620.77,14620.77,14604.02,14606.02,558
SQ:NAS100,2022-02-07T21:40:00+01:00,14606.02,14607.02,14593.52,14595.02,523
SQ:NAS100,2022-02-07T21:41:00+01:00,14595.02,14600.27,14588.27,14597.27,473
SQ:NAS100,2022-02-07T21:42:00+01:00,14597.27,14603.77,14592.52,14600.02,457
SQ:NAS100,2022-02-07T21:43:00+01:00,14600.02,14614.77,14598.52,14609.77,445
SQ:NAS100,2022-02-07T21:44:00+01:00,14609.52,14610.27,14593.27,14596.77,404
SQ:NAS100,2022-02-07T21:45:00+01:00,14596.27,14596.27,14580.27,14585.77,500
SQ:NAS100,2022-02-07T21:46:00+01:00,14585.77,14596.77,14582.77,14587.02,456
SQ:NAS100,2022-02-07T21:47:00+01:00,14587.77,14595.02,14577.02,14593.02,434
SQ:NAS100,2022-02-07T21:48:00+01:00,14593.02,14598.77,14587.52,14593.52,413
SQ:NAS100,2022-02-07T21:49:00+01:00,14593.27,14594.27,14570.27,14573.02,444
SQ:NAS100,2022-02-07T21:50:00+01:00,14573.02,14601.02,14573.02,14590.52,619
SQ:NAS100,2022-02-07T21:51:00+01:00,14590.77,14594.77,14571.02,14574.52,548
SQ:NAS100,2022-02-07T21:52:00+01:00,14574.27,14574.27,14540.52,14544.27,656
SQ:NAS100,2022-02-07T21:53:00+01:00,14545.27,14553.52,14534.77,14549.52,547
SQ:NAS100,2022-02-07T21:54:00+01:00,14549.52,14555.02,14527.52,14534.52,643
SQ:NAS100,2022-02-07T21:55:00+01:00,14534.02,14549.27,14530.27,14531.27,655
SQ:NAS100,2022-02-07T21:56:00+01:00,14531.77,14545.02,14523.52,14536.52,600
SQ:NAS100,2022-02-07T21:57:00+01:00,14536.52,14554.02,14536.27,14546.52,571
SQ:NAS100,2022-02-07T21:58:00+01:00,14546.77,14559.02,14544.77,14556.77,481
SQ:NAS100,2022-02-07T21:59:00+01:00,14556.02,14582.27,14556.02,14577.52,667
SQ:NAS100,2022-02-07T22:00:00+01:00,14578.02,14599.77,14576.27,14592.27,443
SQ:NAS100,2022-02-07T22:01:00+01:00,14592.27,14601.27,14592.27,14598.77,265
SQ:NAS100,2022-02-07T22:02:00+01:00,14599.02,14600.02,14587.77,14596.27,201
SQ:NAS100,2022-02-07T22:03:00+01:00,14596.27,14603.52,14595.77,14602.77,168
SQ:NAS100,2022-02-07T22:04:00+01:00,14602.52,14606.27,14600.77,14603.27,156
SQ:NAS100,2022-02-07T22:05:00+01:00,14603.02,14605.02,14598.77,14602.52,161
SQ:NAS100,2022-02-07T22:06:00+01:00,14602.02,14603.77,14602.02,14602.02,12
SQ:NAS100,2022-02-07T22:08:00+01:00,14602.27,14602.27,14599.27,14600.02,41
SQ:NAS100,2022-02-07T22:09:00+01:00,14600.02,14604.02,14599.27,14600.27,83
SQ:NAS100,2022-02-07T22:10:00+01:00,14600.27,14604.27,14599.27,14604.02,81
SQ:NAS100,2022-02-07T22:11:00+01:00,14604.02,14605.02,14601.27,14602.77,81
SQ:NAS100,2022-02-07T22:12:00+01:00,14602.77,14605.52,14600.77,14602.02,72
SQ:NAS100,2022-02-07T22:13:00+01:00,14602.02,14608.27,14602.02,14602.52,89
SQ:NAS100,2022-02-07T22:14:00+01:00,14602.52,14607.02,14601.77,14604.77,88
SQ:NAS100,2022-02-07T22:15:00+01:00,14604.77,14605.52,14602.52,14603.27,41
SQ:NAS100,2022-02-07T22:16:00+01:00,14603.02,14607.27,14602.52,14605.27,74
SQ:NAS100,2022-02-07T22:17:00+01:00,14605.27,14605.27,14600.77,14602.27,38
SQ:NAS100,2022-02-07T22:18:00+01:00,14602.27,14602.27,14598.27,14598.77,38
SQ:NAS100,2022-02-07T22:19:00+01:00,14598.77,14601.02,14598.52,14601.02,39
SQ:NAS100,2022-02-07T22:20:00+01:00,14600.77,14604.27,14600.77,14602.27,37
SQ:NAS100,2022-02-07T22:21:00+01:00,14602.77,14603.52,14600.52,14601.02,25
SQ:NAS100,2022-02-07T22:22:00+01:00,14601.02,14602.52,14600.52,14601.77,23
SQ:NAS100,2022-02-07T22:23:00+01:00,14601.77,14603.77,14601.27,14602.02,30
SQ:NAS100,2022-02-07T22:24:00+01:00,14602.02,14603.52,14601.02,14603.52,25
SQ:NAS100,2022-02-07T22:25:00+01:00,14603.52,14607.77,14602.02,14606.02,44
SQ:NAS100,2022-02-07T22:26:00+01:00,14606.02,14606.02,14603.02,14603.27,35
SQ:NAS100,2022-02-07T22:27:00+01:00,14603.27,14607.02,14603.27,14604.52,43
SQ:NAS100,2022-02-07T22:28:00+01:00,14604.77,14605.27,14602.52,14604.27,42
SQ:NAS100,2022-02-07T22:29:00+01:00,14604.27,14607.52,14604.02,14606.27,38
SQ:NAS100,2022-02-07T22:30:00+01:00,14606.27,14606.27,14603.52,14604.02,33
SQ:NAS100,2022-02-07T22:31:00+01:00,14604.27,14606.27,14604.27,14605.77,17
SQ:NAS100,2022-02-07T22:32:00+01:00,14606.02,14606.77,14604.52,14605.02,19
SQ:NAS100,2022-02-07T22:33:00+01:00,14605.02,14607.77,14603.27,14607.27,28
SQ:NAS100,2022-02-07T22:34:00+01:00,14607.52,14610.52,14607.27,14608.52,55
SQ:NAS100,2022-02-07T22:35:00+01:00,14608.52,14609.02,14607.27,14608.02,33
SQ:NAS100,2022-02-07T22:36:00+01:00,14608.02,14611.27,14608.02,14611.02,42
SQ:NAS100,2022-02-07T22:37:00+01:00,14611.02,14613.52,14611.02,14612.77,39
SQ:NAS100,2022-02-07T22:38:00+01:00,14612.77,14615.27,14612.77,14614.52,36
SQ:NAS100,2022-02-07T22:39:00+01:00,14614.52,14614.52,14611.77,14612.52,30
SQ:NAS100,2022-02-07T22:40:00+01:00,14612.52,14613.77,14611.52,14613.27,33
SQ:NAS100,2022-02-07T22:41:00+01:00,14613.27,14613.27,14610.52,14611.52,25
SQ:NAS100,2022-02-07T22:42:00+01:00,14611.52,14611.52,14609.02,14611.52,28
SQ:NAS100,2022-02-07T22:43:00+01:00,14611.52,14612.52,14610.52,14610.52,17
SQ:NAS100,2022-02-07T22:44:00+01:00,14610.52,14613.77,14610.52,14611.52,29
SQ:NAS100,2022-02-07T22:45:00+01:00,14611.52,14612.02,14609.27,14610.27,33
SQ:NAS100,2022-02-07T22:46:00+01:00,14610.27,14612.77,14609.77,14610.52,24
SQ:NAS100,2022-02-07T22:47:00+01:00,14610.52,14610.77,14608.52,14608.52,33
SQ:NAS100,2022-02-07T22:48:00+01:00,14608.52,14612.27,14608.52,14612.27,14
SQ:NAS100,2022-02-07T22:49:00+01:00,14612.27,14613.27,14611.52,14612.77,41
SQ:NAS100,2022-02-07T22:50:00+01:00,14612.52,14614.02,14611.02,14612.27,31
SQ:NAS100,2022-02-07T22:51:00+01:00,14612.27,14614.27,14612.27,14614.27,22
SQ:NAS100,2022-02-07T22:52:00+01:00,14614.27,14615.52,14613.77,14614.52,40
SQ:NAS100,2022-02-07T22:53:00+01:00,14614.52,14617.02,14614.52,14617.02,27
SQ:NAS100,2022-02-07T22:54:00+01:00,14617.02,14619.52,14616.52,14619.52,35
