SQ:XAUUSD,2020-05-08T00:01:00+02:00,1713.220,1715.130,1713.110,1714.540,62
SQ:XAUUSD,2020-05-08T00:02:00+02:00,1714.540,1715.510,1713.360,1714.940,33
SQ:XAUUSD,2020-05-08T00:03:00+02:00,1714.940,1715.050,1713.234,1713.362,37
SQ:XAUUSD,2020-05-08T00:04:00+02:00,1713.362,1713.950,1712.254,1713.800,56
SQ:XAUUSD,2020-05-08T00:05:00+02:00,1713.800,1714.520,1712.580,1713.920,39
SQ:XAUUSD,2020-05-08T00:06:00+02:00,1713.920,1713.950,1713.430,1713.570,12
SQ:XAUUSD,2020-05-08T00:07:00+02:00,1713.570,1714.040,1712.550,1713.170,33
SQ:XAUUSD,2020-05-08T00:08:00+02:00,1713.390,1714.440,1713.110,1714.020,45
SQ:XAUUSD,2020-05-08T00:09:00+02:00,1714.410,1714.420,1713.250,1713.990,18
SQ:XAUUSD,2020-05-08T00:10:00+02:00,1713.990,1714.020,1713.510,1713.950,17
SQ:XAUUSD,2020-05-08T00:11:00+02:00,1713.950,1713.950,1712.778,1713.410,24
SQ:XAUUSD,2020-05-08T00:12:00+02:00,1713.250,1713.570,1712.110,1712.720,43
SQ:XAUUSD,2020-05-08T00:13:00+02:00,1712.720,1712.720,1712.110,1712.450,53
SQ:XAUUSD,2020-05-08T00:14:00+02:00,1712.450,1712.770,1712.190,1712.240,40
SQ:XAUUSD,2020-05-08T00:15:00+02:00,1712.240,1712.390,1712.170,1712.320,15
SQ:XAUUSD,2020-05-08T00:16:00+02:00,1712.300,1712.620,1712.300,1712.470,15
SQ:XAUUSD,2020-05-08T00:17:00+02:00,1712.520,1713.200,1712.520,1713.200,19
SQ:XAUUSD,2020-05-08T00:18:00+02:00,1713.010,1714.140,1712.700,1713.890,21
SQ:XAUUSD,2020-05-08T00:19:00+02:00,1713.850,1715.290,1713.530,1713.550,90
SQ:XAUUSD,2020-05-08T00:20:00+02:00,1713.550,1714.800,1713.260,1713.400,30
SQ:XAUUSD,2020-05-08T00:21:00+02:00,1713.410,1713.810,1713.240,1713.460,13
SQ:XAUUSD,2020-05-08T00:22:00+02:00,1713.490,1715.440,1713.340,1714.300,36
SQ:XAUUSD,2020-05-08T00:23:00+02:00,1715.440,1715.580,1714.030,1714.180,48
SQ:XAUUSD,2020-05-08T00:24:00+02:00,1714.410,1715.490,1713.860,1714.060,19
SQ:XAUUSD,2020-05-08T00:25:00+02:00,1714.060,1714.950,1713.630,1713.870,12
SQ:XAUUSD,2020-05-08T00:26:00+02:00,1713.830,1715.020,1713.610,1713.620,50
SQ:XAUUSD,2020-05-08T00:27:00+02:00,1713.630,1713.960,1713.080,1713.640,28
SQ:XAUUSD,2020-05-08T00:28:00+02:00,1713.640,1713.940,1713.320,1713.780,21
SQ:XAUUSD,2020-05-08T00:29:00+02:00,1713.780,1714.460,1713.508,1713.574,13
SQ:XAUUSD,2020-05-08T00:30:00+02:00,1713.460,1714.560,1713.460,1713.730,54
SQ:XAUUSD,2020-05-08T00:31:00+02:00,1713.720,1715.540,1713.720,1714.380,35
SQ:XAUUSD,2020-05-08T00:32:00+02:00,1714.370,1714.620,1713.840,1714.010,39
SQ:XAUUSD,2020-05-08T00:33:00+02:00,1714.010,1714.320,1713.960,1714.240,19
SQ:XAUUSD,2020-05-08T00:34:00+02:00,1714.200,1714.480,1714.200,1714.260,6
SQ:XAUUSD,2020-05-08T00:35:00+02:00,1714.300,1714.300,1713.810,1713.850,14
SQ:XAUUSD,2020-05-08T00:36:00+02:00,1713.820,1715.210,1713.820,1714.730,20
SQ:XAUUSD,2020-05-08T00:37:00+02:00,1714.810,1714.940,1714.600,1714.600,27
SQ:XAUUSD,2020-05-08T00:38:00+02:00,1714.610,1714.670,1714.350,1714.510,17
SQ:XAUUSD,2020-05-08T00:39:00+02:00,1714.510,1714.510,1714.160,1714.390,17
SQ:XAUUSD,2020-05-08T00:40:00+02:00,1714.390,1714.710,1714.320,1714.480,23
SQ:XAUUSD,2020-05-08T00:41:00+02:00,1714.540,1714.540,1714.220,1714.220,8
SQ:XAUUSD,2020-05-08T00:42:00+02:00,1714.210,1714.590,1714.210,1714.390,17
SQ:XAUUSD,2020-05-08T00:43:00+02:00,1714.390,1714.420,1713.890,1714.010,17
SQ:XAUUSD,2020-05-08T00:44:00+02:00,1714.070,1714.130,1713.520,1713.540,20
SQ:XAUUSD,2020-05-08T00:45:00+02:00,1713.540,1713.540,1713.110,1713.110,42
SQ:XAUUSD,2020-05-08T00:46:00+02:00,1713.070,1713.370,1713.060,1713.280,34
SQ:XAUUSD,2020-05-08T00:47:00+02:00,1713.250,1713.280,1713.070,1713.200,29
SQ:XAUUSD,2020-05-08T00:48:00+02:00,1713.180,1713.300,1712.940,1713.020,17
SQ:XAUUSD,2020-05-08T00:49:00+02:00,1713.020,1713.200,1712.960,1713.200,11
SQ:XAUUSD,2020-05-08T00:50:00+02:00,1713.200,1713.240,1712.720,1713.080,24
SQ:XAUUSD,2020-05-08T00:51:00+02:00,1713.080,1713.150,1713.050,1713.050,11
SQ:XAUUSD,2020-05-08T00:52:00+02:00,1713.050,1713.320,1712.930,1713.320,10
SQ:XAUUSD,2020-05-08T00:53:00+02:00,1713.320,1713.370,1712.920,1712.980,11
SQ:XAUUSD,2020-05-08T00:54:00+02:00,1712.930,1713.240,1712.930,1713.180,8
SQ:XAUUSD,2020-05-08T00:55:00+02:00,1713.240,1713.460,1713.230,1713.460,10
SQ:XAUUSD,2020-05-08T00:56:00+02:00,1713.440,1713.570,1713.370,1713.480,15
SQ:XAUUSD,2020-05-08T00:57:00+02:00,1713.550,1713.660,1713.470,1713.630,10
SQ:XAUUSD,2020-05-08T00:58:00+02:00,1713.630,1713.800,1713.460,1713.460,9
SQ:XAUUSD,2020-05-08T00:59:00+02:00,1713.420,1714.040,1713.420,1713.740,19
SQ:XAUUSD,2020-05-08T01:00:00+02:00,1713.740,1714.830,1713.700,1714.750,63
SQ:XAUUSD,2020-05-08T01:01:00+02:00,1714.640,1715.020,1714.220,1714.930,34
SQ:XAUUSD,2020-05-08T01:02:00+02:00,1714.990,1715.120,1714.080,1714.330,35
SQ:XAUUSD,2020-05-08T01:03:00+02:00,1714.410,1714.780,1713.998,1714.270,38
SQ:XAUUSD,2020-05-08T01:04:00+02:00,1714.380,1714.540,1714.060,1714.160,23
SQ:XAUUSD,2020-05-08T01:05:00+02:00,1714.160,1714.200,1713.420,1713.420,19
SQ:XAUUSD,2020-05-08T01:06:00+02:00,1713.420,1713.470,1713.120,1713.120,25
SQ:XAUUSD,2020-05-08T01:07:00+02:00,1713.120,1713.420,1713.110,1713.290,18
SQ:XAUUSD,2020-05-08T01:08:00+02:00,1713.290,1714.030,1713.260,1714.030,9
SQ:XAUUSD,2020-05-08T01:09:00+02:00,1714.030,1714.270,1713.510,1713.860,27
SQ:XAUUSD,2020-05-08T01:10:00+02:00,1713.860,1713.970,1713.640,1713.910,18
SQ:XAUUSD,2020-05-08T01:11:00+02:00,1713.692,1713.950,1713.600,1713.910,20
SQ:XAUUSD,2020-05-08T01:12:00+02:00,1713.910,1714.130,1713.348,1713.870,41
SQ:XAUUSD,2020-05-08T01:13:00+02:00,1713.870,1713.870,1713.340,1713.640,17
SQ:XAUUSD,2020-05-08T01:14:00+02:00,1713.640,1714.560,1713.590,1714.070,32
SQ:XAUUSD,2020-05-08T01:15:00+02:00,1714.070,1714.460,1714.050,1714.360,17
SQ:XAUUSD,2020-05-08T01:16:00+02:00,1714.400,1714.520,1714.250,1714.420,13
SQ:XAUUSD,2020-05-08T01:17:00+02:00,1714.420,1714.430,1714.220,1714.270,6
SQ:XAUUSD,2020-05-08T01:18:00+02:00,1714.270,1714.330,1714.140,1714.320,12
SQ:XAUUSD,2020-05-08T01:19:00+02:00,1714.320,1714.330,1713.870,1713.880,14
SQ:XAUUSD,2020-05-08T01:20:00+02:00,1713.880,1713.880,1712.810,1713.130,50
SQ:XAUUSD,2020-05-08T01:21:00+02:00,1713.130,1713.320,1713.020,1713.220,30
SQ:XAUUSD,2020-05-08T01:22:00+02:00,1713.220,1713.500,1713.060,1713.060,19
SQ:XAUUSD,2020-05-08T01:23:00+02:00,1713.060,1713.070,1712.680,1712.800,34
SQ:XAUUSD,2020-05-08T01:24:00+02:00,1712.800,1712.930,1712.540,1712.620,41
SQ:XAUUSD,2020-05-08T01:25:00+02:00,1712.620,1713.250,1712.580,1713.080,162
SQ:XAUUSD,2020-05-08T01:26:00+02:00,1713.060,1713.080,1713.000,1713.020,12
SQ:XAUUSD,2020-05-08T01:27:00+02:00,1713.040,1713.080,1712.550,1712.620,13
SQ:XAUUSD,2020-05-08T01:28:00+02:00,1712.620,1712.840,1712.450,1712.770,29
SQ:XAUUSD,2020-05-08T01:29:00+02:00,1712.770,1712.850,1712.580,1712.590,17
SQ:XAUUSD,2020-05-08T01:30:00+02:00,1712.570,1712.880,1712.570,1712.880,16
SQ:XAUUSD,2020-05-08T01:31:00+02:00,1712.850,1713.120,1712.620,1712.750,43
SQ:XAUUSD,2020-05-08T01:32:00+02:00,1712.670,1713.160,1712.670,1712.750,36
SQ:XAUUSD,2020-05-08T01:33:00+02:00,1712.750,1713.160,1712.560,1712.710,43
SQ:XAUUSD,2020-05-08T01:34:00+02:00,1712.710,1712.770,1712.590,1712.610,11
SQ:XAUUSD,2020-05-08T01:35:00+02:00,1712.610,1712.830,1712.420,1712.440,26
SQ:XAUUSD,2020-05-08T01:36:00+02:00,1712.480,1712.560,1712.320,1712.440,17
SQ:XAUUSD,2020-05-08T01:37:00+02:00,1712.440,1712.480,1711.980,1712.480,16
SQ:XAUUSD,2020-05-08T01:38:00+02:00,1712.480,1712.500,1712.320,1712.440,12
SQ:XAUUSD,2020-05-08T01:39:00+02:00,1712.440,1712.440,1712.340,1712.440,6
SQ:XAUUSD,2020-05-08T01:40:00+02:00,1712.440,1712.440,1712.380,1712.440,5
SQ:XAUUSD,2020-05-08T01:41:00+02:00,1712.440,1712.710,1712.440,1712.710,9
SQ:XAUUSD,2020-05-08T01:42:00+02:00,1712.710,1713.130,1712.710,1713.010,19
SQ:XAUUSD,2020-05-08T01:43:00+02:00,1713.110,1713.140,1712.790,1712.790,22
SQ:XAUUSD,2020-05-08T01:44:00+02:00,1712.790,1712.990,1712.580,1712.990,49
SQ:XAUUSD,2020-05-08T01:45:00+02:00,1712.990,1712.990,1712.370,1712.520,41
SQ:XAUUSD,2020-05-08T01:46:00+02:00,1712.530,1712.940,1712.530,1712.760,20
SQ:XAUUSD,2020-05-08T01:47:00+02:00,1712.840,1712.860,1712.530,1712.650,27
SQ:XAUUSD,2020-05-08T01:48:00+02:00,1712.690,1712.780,1712.500,1712.610,19
SQ:XAUUSD,2020-05-08T01:49:00+02:00,1712.610,1713.010,1712.610,1712.880,15
SQ:XAUUSD,2020-05-08T01:50:00+02:00,1712.890,1713.250,1712.740,1713.250,25
SQ:XAUUSD,2020-05-08T01:51:00+02:00,1713.230,1713.440,1713.030,1713.300,27
SQ:XAUUSD,2020-05-08T01:52:00+02:00,1713.270,1713.430,1712.670,1712.960,52
SQ:XAUUSD,2020-05-08T01:53:00+02:00,1712.940,1714.160,1712.870,1714.070,52
SQ:XAUUSD,2020-05-08T01:54:00+02:00,1714.030,1714.030,1713.440,1713.850,38
SQ:XAUUSD,2020-05-08T01:55:00+02:00,1713.890,1714.230,1713.530,1714.050,41
SQ:XAUUSD,2020-05-08T01:56:00+02:00,1714.050,1714.670,1713.750,1714.320,63
SQ:XAUUSD,2020-05-08T01:57:00+02:00,1714.320,1714.360,1713.430,1714.080,45
SQ:XAUUSD,2020-05-08T01:58:00+02:00,1714.090,1714.130,1713.610,1713.700,40
SQ:XAUUSD,2020-05-08T01:59:00+02:00,1713.700,1713.970,1713.570,1713.680,24
SQ:XAUUSD,2020-05-08T02:00:00+02:00,1713.680,1714.090,1713.650,1713.710,43
SQ:XAUUSD,2020-05-08T02:01:00+02:00,1713.710,1713.960,1713.060,1713.180,41
SQ:XAUUSD,2020-05-08T02:02:00+02:00,1713.190,1713.570,1712.880,1713.510,31
SQ:XAUUSD,2020-05-08T02:03:00+02:00,1713.590,1714.170,1713.590,1713.720,40
SQ:XAUUSD,2020-05-08T02:04:00+02:00,1713.630,1714.570,1713.290,1713.980,26
SQ:XAUUSD,2020-05-08T02:05:00+02:00,1713.980,1714.250,1713.650,1713.860,39
SQ:XAUUSD,2020-05-08T02:06:00+02:00,1713.810,1713.840,1713.030,1713.180,40
SQ:XAUUSD,2020-05-08T02:07:00+02:00,1713.180,1713.180,1712.350,1712.730,52
SQ:XAUUSD,2020-05-08T02:08:00+02:00,1712.820,1713.200,1712.720,1712.980,63
SQ:XAUUSD,2020-05-08T02:09:00+02:00,1712.940,1713.500,1712.760,1712.760,52
SQ:XAUUSD,2020-05-08T02:10:00+02:00,1712.780,1712.780,1712.210,1712.430,40
SQ:XAUUSD,2020-05-08T02:11:00+02:00,1712.430,1712.500,1712.300,1712.430,32
SQ:XAUUSD,2020-05-08T02:12:00+02:00,1712.430,1713.090,1712.430,1712.820,40
SQ:XAUUSD,2020-05-08T02:13:00+02:00,1712.820,1713.100,1712.710,1712.790,47
SQ:XAUUSD,2020-05-08T02:14:00+02:00,1712.890,1713.070,1712.790,1712.850,21
SQ:XAUUSD,2020-05-08T02:15:00+02:00,1712.850,1713.230,1712.430,1712.520,46
SQ:XAUUSD,2020-05-08T02:16:00+02:00,1712.460,1712.890,1712.410,1712.810,36
SQ:XAUUSD,2020-05-08T02:17:00+02:00,1712.840,1713.050,1712.770,1712.820,43
SQ:XAUUSD,2020-05-08T02:18:00+02:00,1712.790,1712.950,1712.670,1712.840,35
SQ:XAUUSD,2020-05-08T02:19:00+02:00,1712.840,1713.060,1712.790,1712.910,52
SQ:XAUUSD,2020-05-08T02:20:00+02:00,1712.910,1713.190,1712.640,1713.000,33
SQ:XAUUSD,2020-05-08T02:21:00+02:00,1713.050,1713.060,1712.440,1712.660,39
SQ:XAUUSD,2020-05-08T02:22:00+02:00,1712.610,1712.610,1711.270,1711.630,74
SQ:XAUUSD,2020-05-08T02:23:00+02:00,1711.680,1712.130,1711.470,1711.490,116
SQ:XAUUSD,2020-05-08T02:24:00+02:00,1711.440,1711.610,1710.670,1710.760,94
SQ:XAUUSD,2020-05-08T02:25:00+02:00,1710.830,1711.670,1710.760,1711.430,36
SQ:XAUUSD,2020-05-08T02:26:00+02:00,1711.430,1712.320,1711.390,1711.970,43
SQ:XAUUSD,2020-05-08T02:27:00+02:00,1712.110,1712.230,1711.750,1711.870,60
SQ:XAUUSD,2020-05-08T02:28:00+02:00,1711.870,1711.940,1711.460,1711.600,39
SQ:XAUUSD,2020-05-08T02:29:00+02:00,1711.560,1711.810,1711.390,1711.390,44
SQ:XAUUSD,2020-05-08T02:30:00+02:00,1711.550,1712.130,1711.290,1711.990,54
SQ:XAUUSD,2020-05-08T02:31:00+02:00,1711.990,1712.320,1711.850,1712.240,33
SQ:XAUUSD,2020-05-08T02:32:00+02:00,1712.090,1712.960,1712.000,1712.760,79
SQ:XAUUSD,2020-05-08T02:33:00+02:00,1712.760,1712.890,1712.360,1712.520,43
SQ:XAUUSD,2020-05-08T02:34:00+02:00,1712.520,1712.910,1712.500,1712.650,30
SQ:XAUUSD,2020-05-08T02:35:00+02:00,1712.630,1712.740,1712.440,1712.570,25
SQ:XAUUSD,2020-05-08T02:36:00+02:00,1712.580,1713.450,1712.460,1713.450,46
SQ:XAUUSD,2020-05-08T02:37:00+02:00,1713.280,1714.370,1712.960,1713.970,108
SQ:XAUUSD,2020-05-08T02:38:00+02:00,1713.980,1714.060,1713.590,1713.590,69
SQ:XAUUSD,2020-05-08T02:39:00+02:00,1713.590,1714.340,1713.500,1713.960,47
SQ:XAUUSD,2020-05-08T02:40:00+02:00,1713.960,1714.040,1713.790,1713.940,22
SQ:XAUUSD,2020-05-08T02:41:00+02:00,1713.940,1715.120,1713.860,1714.880,92
SQ:XAUUSD,2020-05-08T02:42:00+02:00,1714.880,1716.240,1714.810,1716.120,138
SQ:XAUUSD,2020-05-08T02:43:00+02:00,1716.120,1716.120,1715.250,1715.750,57
SQ:XAUUSD,2020-05-08T02:44:00+02:00,1715.750,1715.970,1715.390,1715.700,58
SQ:XAUUSD,2020-05-08T02:45:00+02:00,1715.680,1715.860,1715.040,1715.040,37
SQ:XAUUSD,2020-05-08T02:46:00+02:00,1715.100,1715.250,1714.740,1715.150,63
SQ:XAUUSD,2020-05-08T02:47:00+02:00,1715.150,1715.550,1714.400,1714.620,60
SQ:XAUUSD,2020-05-08T02:48:00+02:00,1714.620,1715.230,1714.460,1715.190,41
SQ:XAUUSD,2020-05-08T02:49:00+02:00,1715.150,1715.150,1714.950,1714.960,33
SQ:XAUUSD,2020-05-08T02:50:00+02:00,1715.310,1715.310,1714.590,1714.600,51
SQ:XAUUSD,2020-05-08T02:51:00+02:00,1714.600,1714.950,1714.160,1714.370,46
SQ:XAUUSD,2020-05-08T02:52:00+02:00,1714.370,1715.260,1714.280,1714.590,59
SQ:XAUUSD,2020-05-08T02:53:00+02:00,1714.630,1714.860,1714.190,1714.370,66
SQ:XAUUSD,2020-05-08T02:54:00+02:00,1714.340,1714.980,1713.860,1714.080,74
SQ:XAUUSD,2020-05-08T02:55:00+02:00,1714.080,1714.610,1713.640,1713.750,67
SQ:XAUUSD,2020-05-08T02:56:00+02:00,1713.750,1714.820,1713.650,1713.900,39
SQ:XAUUSD,2020-05-08T02:57:00+02:00,1713.900,1714.840,1713.900,1714.270,42
SQ:XAUUSD,2020-05-08T02:58:00+02:00,1714.270,1714.550,1714.270,1714.390,41
SQ:XAUUSD,2020-05-08T02:59:00+02:00,1714.490,1714.610,1713.740,1714.000,38
SQ:XAUUSD,2020-05-08T03:00:00+02:00,1714.630,1715.680,1714.090,1715.240,267
SQ:XAUUSD,2020-05-08T03:01:00+02:00,1715.240,1716.280,1715.220,1716.040,116
SQ:XAUUSD,2020-05-08T03:02:00+02:00,1716.080,1718.000,1715.990,1717.320,125
SQ:XAUUSD,2020-05-08T03:03:00+02:00,1717.320,1717.780,1716.760,1717.610,75
SQ:XAUUSD,2020-05-08T03:04:00+02:00,1717.070,1717.690,1716.950,1717.680,85
SQ:XAUUSD,2020-05-08T03:05:00+02:00,1717.660,1717.700,1717.010,1717.090,74
SQ:XAUUSD,2020-05-08T03:06:00+02:00,1717.150,1717.630,1716.800,1717.630,55
SQ:XAUUSD,2020-05-08T03:07:00+02:00,1717.540,1718.090,1717.250,1718.060,78
SQ:XAUUSD,2020-05-08T03:08:00+02:00,1718.060,1718.740,1718.060,1718.650,94
SQ:XAUUSD,2020-05-08T03:09:00+02:00,1718.650,1719.290,1718.650,1719.200,112
SQ:XAUUSD,2020-05-08T03:10:00+02:00,1719.260,1720.230,1718.820,1719.210,148
SQ:XAUUSD,2020-05-08T03:11:00+02:00,1719.180,1719.200,1718.350,1718.700,81
SQ:XAUUSD,2020-05-08T03:12:00+02:00,1718.780,1719.430,1717.330,1717.380,112
SQ:XAUUSD,2020-05-08T03:13:00+02:00,1717.430,1719.260,1717.260,1718.710,83
SQ:XAUUSD,2020-05-08T03:14:00+02:00,1718.710,1719.430,1718.530,1718.920,94
SQ:XAUUSD,2020-05-08T03:15:00+02:00,1718.980,1719.620,1718.760,1719.070,77
SQ:XAUUSD,2020-05-08T03:16:00+02:00,1719.070,1719.250,1718.260,1718.390,106
SQ:XAUUSD,2020-05-08T03:17:00+02:00,1718.390,1719.450,1718.140,1718.420,83
SQ:XAUUSD,2020-05-08T03:18:00+02:00,1718.420,1718.670,1717.820,1718.570,43
SQ:XAUUSD,2020-05-08T03:19:00+02:00,1718.570,1718.570,1718.310,1718.570,21
SQ:XAUUSD,2020-05-08T03:20:00+02:00,1718.510,1718.570,1718.380,1718.570,34
SQ:XAUUSD,2020-05-08T03:21:00+02:00,1718.570,1718.900,1718.330,1718.570,56
SQ:XAUUSD,2020-05-08T03:22:00+02:00,1718.630,1719.280,1718.570,1718.570,66
SQ:XAUUSD,2020-05-08T03:23:00+02:00,1718.570,1719.160,1718.360,1718.840,45
SQ:XAUUSD,2020-05-08T03:24:00+02:00,1718.840,1719.270,1718.680,1718.770,38
SQ:XAUUSD,2020-05-08T03:25:00+02:00,1718.720,1719.390,1718.620,1719.360,47
SQ:XAUUSD,2020-05-08T03:26:00+02:00,1719.420,1719.730,1719.280,1719.620,79
SQ:XAUUSD,2020-05-08T03:27:00+02:00,1719.620,1719.850,1719.320,1719.450,60
SQ:XAUUSD,2020-05-08T03:28:00+02:00,1719.450,1720.140,1719.450,1720.040,105
SQ:XAUUSD,2020-05-08T03:29:00+02:00,1720.040,1720.200,1719.440,1719.510,72
SQ:XAUUSD,2020-05-08T03:30:00+02:00,1719.520,1719.700,1718.730,1719.010,69
SQ:XAUUSD,2020-05-08T03:31:00+02:00,1719.040,1719.390,1718.940,1719.160,27
SQ:XAUUSD,2020-05-08T03:32:00+02:00,1719.170,1719.170,1718.680,1718.900,70
SQ:XAUUSD,2020-05-08T03:33:00+02:00,1718.870,1719.020,1718.690,1718.830,47
SQ:XAUUSD,2020-05-08T03:34:00+02:00,1718.830,1718.830,1718.340,1718.450,32
SQ:XAUUSD,2020-05-08T03:35:00+02:00,1718.450,1719.130,1718.450,1719.090,21
SQ:XAUUSD,2020-05-08T03:36:00+02:00,1719.090,1719.180,1718.700,1718.700,32
SQ:XAUUSD,2020-05-08T03:37:00+02:00,1718.750,1718.870,1718.500,1718.500,50
SQ:XAUUSD,2020-05-08T03:38:00+02:00,1718.500,1719.230,1717.900,1718.350,89
SQ:XAUUSD,2020-05-08T03:39:00+02:00,1718.350,1718.790,1717.630,1717.790,64
SQ:XAUUSD,2020-05-08T03:40:00+02:00,1717.790,1718.040,1717.550,1717.550,51
SQ:XAUUSD,2020-05-08T03:41:00+02:00,1717.550,1718.150,1717.550,1718.000,68
SQ:XAUUSD,2020-05-08T03:42:00+02:00,1718.000,1718.210,1717.440,1717.750,72
SQ:XAUUSD,2020-05-08T03:43:00+02:00,1717.750,1718.330,1717.750,1717.970,52
SQ:XAUUSD,2020-05-08T03:44:00+02:00,1717.960,1718.050,1717.650,1717.670,40
SQ:XAUUSD,2020-05-08T03:45:00+02:00,1717.670,1718.060,1717.600,1717.840,47
SQ:XAUUSD,2020-05-08T03:46:00+02:00,1717.840,1718.630,1717.440,1718.560,58
SQ:XAUUSD,2020-05-08T03:47:00+02:00,1718.510,1718.830,1717.940,1718.040,48
SQ:XAUUSD,2020-05-08T03:48:00+02:00,1718.050,1718.870,1717.850,1718.870,57
SQ:XAUUSD,2020-05-08T03:49:00+02:00,1718.890,1718.990,1717.968,1718.310,87
SQ:XAUUSD,2020-05-08T03:50:00+02:00,1718.340,1719.000,1717.820,1717.830,58
SQ:XAUUSD,2020-05-08T03:51:00+02:00,1717.850,1718.120,1717.040,1717.080,84
SQ:XAUUSD,2020-05-08T03:52:00+02:00,1717.080,1717.370,1716.920,1717.350,44
SQ:XAUUSD,2020-05-08T03:53:00+02:00,1717.350,1717.500,1716.880,1717.410,69
SQ:XAUUSD,2020-05-08T03:54:00+02:00,1717.390,1717.430,1717.080,1717.090,119
SQ:XAUUSD,2020-05-08T03:55:00+02:00,1717.130,1717.200,1716.740,1717.180,88
SQ:XAUUSD,2020-05-08T03:56:00+02:00,1717.180,1717.220,1716.350,1717.040,60
SQ:XAUUSD,2020-05-08T03:57:00+02:00,1717.110,1717.210,1716.740,1716.930,38
SQ:XAUUSD,2020-05-08T03:58:00+02:00,1716.930,1717.050,1716.390,1716.490,34
SQ:XAUUSD,2020-05-08T03:59:00+02:00,1716.470,1716.710,1716.300,1716.400,27
SQ:XAUUSD,2020-05-08T04:00:00+02:00,1716.420,1716.850,1716.350,1716.780,64
SQ:XAUUSD,2020-05-08T04:01:00+02:00,1716.780,1717.350,1716.560,1717.350,51
SQ:XAUUSD,2020-05-08T04:02:00+02:00,1717.350,1717.540,1717.140,1717.140,22
SQ:XAUUSD,2020-05-08T04:03:00+02:00,1717.140,1717.450,1717.140,1717.350,37
SQ:XAUUSD,2020-05-08T04:04:00+02:00,1717.340,1717.750,1717.250,1717.540,34
SQ:XAUUSD,2020-05-08T04:05:00+02:00,1717.540,1717.690,1716.830,1717.060,33
SQ:XAUUSD,2020-05-08T04:06:00+02:00,1716.830,1717.080,1716.590,1716.980,28
SQ:XAUUSD,2020-05-08T04:07:00+02:00,1716.980,1717.170,1716.750,1717.150,35
SQ:XAUUSD,2020-05-08T04:08:00+02:00,1717.150,1717.390,1717.150,1717.240,26
SQ:XAUUSD,2020-05-08T04:09:00+02:00,1717.240,1717.240,1717.040,1717.090,24
SQ:XAUUSD,2020-05-08T04:10:00+02:00,1717.040,1717.380,1717.040,1717.080,21
SQ:XAUUSD,2020-05-08T04:11:00+02:00,1716.980,1717.340,1716.500,1716.590,21
SQ:XAUUSD,2020-05-08T04:12:00+02:00,1716.610,1716.920,1716.560,1716.830,26
SQ:XAUUSD,2020-05-08T04:13:00+02:00,1716.830,1716.870,1715.940,1716.010,46
SQ:XAUUSD,2020-05-08T04:14:00+02:00,1716.010,1716.050,1715.050,1715.120,63
SQ:XAUUSD,2020-05-08T04:15:00+02:00,1715.120,1715.360,1715.010,1715.180,30
SQ:XAUUSD,2020-05-08T04:16:00+02:00,1715.170,1715.820,1715.170,1715.680,30
SQ:XAUUSD,2020-05-08T04:17:00+02:00,1715.680,1715.870,1715.260,1715.330,28
SQ:XAUUSD,2020-05-08T04:18:00+02:00,1715.320,1715.490,1715.300,1715.420,23
SQ:XAUUSD,2020-05-08T04:19:00+02:00,1715.430,1715.660,1715.070,1715.600,31
SQ:XAUUSD,2020-05-08T04:20:00+02:00,1715.810,1715.910,1715.470,1715.610,31
SQ:XAUUSD,2020-05-08T04:21:00+02:00,1715.740,1715.740,1715.530,1715.650,37
SQ:XAUUSD,2020-05-08T04:22:00+02:00,1715.620,1716.390,1715.460,1716.350,56
SQ:XAUUSD,2020-05-08T04:23:00+02:00,1716.360,1717.200,1716.230,1717.090,36
SQ:XAUUSD,2020-05-08T04:24:00+02:00,1717.060,1717.800,1717.060,1717.800,41
SQ:XAUUSD,2020-05-08T04:25:00+02:00,1717.860,1717.860,1717.070,1717.120,36
SQ:XAUUSD,2020-05-08T04:26:00+02:00,1717.090,1717.260,1717.050,1717.050,21
SQ:XAUUSD,2020-05-08T04:27:00+02:00,1717.050,1717.220,1716.980,1717.180,25
SQ:XAUUSD,2020-05-08T04:28:00+02:00,1717.200,1717.220,1716.780,1716.780,31
SQ:XAUUSD,2020-05-08T04:29:00+02:00,1716.780,1717.490,1716.500,1717.220,82
SQ:XAUUSD,2020-05-08T04:30:00+02:00,1717.220,1718.040,1716.600,1717.870,83
SQ:XAUUSD,2020-05-08T04:31:00+02:00,1717.870,1718.050,1717.780,1717.940,39
SQ:XAUUSD,2020-05-08T04:32:00+02:00,1717.940,1718.180,1717.550,1717.630,59
SQ:XAUUSD,2020-05-08T04:33:00+02:00,1717.680,1718.280,1717.680,1718.180,39
SQ:XAUUSD,2020-05-08T04:34:00+02:00,1718.180,1718.560,1717.830,1718.000,48
SQ:XAUUSD,2020-05-08T04:35:00+02:00,1718.000,1718.000,1717.450,1717.650,39
SQ:XAUUSD,2020-05-08T04:36:00+02:00,1717.650,1717.780,1717.550,1717.550,21
SQ:XAUUSD,2020-05-08T04:37:00+02:00,1717.550,1717.790,1717.550,1717.650,33
SQ:XAUUSD,2020-05-08T04:38:00+02:00,1717.650,1718.490,1717.560,1718.490,40
SQ:XAUUSD,2020-05-08T04:39:00+02:00,1718.540,1718.950,1718.330,1718.860,51
SQ:XAUUSD,2020-05-08T04:40:00+02:00,1718.840,1718.930,1718.450,1718.930,32
SQ:XAUUSD,2020-05-08T04:41:00+02:00,1718.980,1718.990,1718.790,1718.940,19
SQ:XAUUSD,2020-05-08T04:42:00+02:00,1718.890,1719.060,1718.660,1718.690,35
SQ:XAUUSD,2020-05-08T04:43:00+02:00,1718.580,1718.890,1718.480,1718.890,28
SQ:XAUUSD,2020-05-08T04:44:00+02:00,1718.890,1719.190,1718.890,1719.190,19
SQ:XAUUSD,2020-05-08T04:45:00+02:00,1719.140,1719.530,1718.480,1718.580,47
SQ:XAUUSD,2020-05-08T04:46:00+02:00,1718.630,1718.840,1718.350,1718.350,34
SQ:XAUUSD,2020-05-08T04:47:00+02:00,1718.350,1718.420,1717.510,1717.610,46
SQ:XAUUSD,2020-05-08T04:48:00+02:00,1717.620,1717.680,1717.240,1717.370,36
SQ:XAUUSD,2020-05-08T04:49:00+02:00,1717.360,1717.370,1716.680,1716.690,40
SQ:XAUUSD,2020-05-08T04:50:00+02:00,1716.700,1717.000,1716.590,1716.650,45
SQ:XAUUSD,2020-05-08T04:51:00+02:00,1716.650,1716.980,1716.600,1716.770,28
SQ:XAUUSD,2020-05-08T04:52:00+02:00,1716.820,1716.950,1716.200,1716.750,51
SQ:XAUUSD,2020-05-08T04:53:00+02:00,1716.730,1716.950,1716.630,1716.860,47
SQ:XAUUSD,2020-05-08T04:54:00+02:00,1716.860,1716.960,1716.720,1716.810,42
SQ:XAUUSD,2020-05-08T04:55:00+02:00,1716.810,1716.930,1716.660,1716.660,33
SQ:XAUUSD,2020-05-08T04:56:00+02:00,1716.660,1716.920,1716.660,1716.760,26
SQ:XAUUSD,2020-05-08T04:57:00+02:00,1716.760,1716.820,1715.720,1715.860,58
SQ:XAUUSD,2020-05-08T04:58:00+02:00,1715.860,1716.180,1715.860,1716.050,41
SQ:XAUUSD,2020-05-08T04:59:00+02:00,1716.060,1716.060,1715.610,1715.860,30
SQ:XAUUSD,2020-05-08T05:00:00+02:00,1715.860,1716.160,1715.820,1716.090,41
SQ:XAUUSD,2020-05-08T05:01:00+02:00,1716.170,1716.170,1715.910,1715.980,31
SQ:XAUUSD,2020-05-08T05:02:00+02:00,1715.930,1716.290,1715.930,1716.200,30
SQ:XAUUSD,2020-05-08T05:03:00+02:00,1716.140,1716.170,1715.980,1716.030,32
SQ:XAUUSD,2020-05-08T05:04:00+02:00,1716.010,1716.170,1715.840,1715.850,25
SQ:XAUUSD,2020-05-08T05:05:00+02:00,1715.850,1715.990,1715.640,1715.690,29
SQ:XAUUSD,2020-05-08T05:06:00+02:00,1715.650,1715.830,1715.600,1715.690,27
SQ:XAUUSD,2020-05-08T05:07:00+02:00,1715.690,1716.590,1715.440,1716.520,42
SQ:XAUUSD,2020-05-08T05:08:00+02:00,1716.460,1716.460,1715.770,1716.460,35
SQ:XAUUSD,2020-05-08T05:09:00+02:00,1716.490,1716.630,1716.290,1716.440,31
SQ:XAUUSD,2020-05-08T05:10:00+02:00,1716.440,1716.480,1716.140,1716.140,37
SQ:XAUUSD,2020-05-08T05:11:00+02:00,1716.140,1716.190,1715.850,1715.850,22
SQ:XAUUSD,2020-05-08T05:12:00+02:00,1715.790,1715.840,1715.560,1715.660,52
SQ:XAUUSD,2020-05-08T05:13:00+02:00,1715.660,1715.800,1715.510,1715.630,23
SQ:XAUUSD,2020-05-08T05:14:00+02:00,1715.630,1715.630,1714.920,1715.260,47
SQ:XAUUSD,2020-05-08T05:15:00+02:00,1715.280,1715.480,1715.220,1715.390,41
SQ:XAUUSD,2020-05-08T05:16:00+02:00,1715.430,1715.440,1715.000,1715.000,40
SQ:XAUUSD,2020-05-08T05:17:00+02:00,1715.000,1715.140,1714.610,1715.060,66
SQ:XAUUSD,2020-05-08T05:18:00+02:00,1715.090,1715.630,1715.090,1715.430,53
SQ:XAUUSD,2020-05-08T05:19:00+02:00,1715.410,1715.670,1715.220,1715.260,44
SQ:XAUUSD,2020-05-08T05:20:00+02:00,1715.310,1715.510,1715.270,1715.360,31
SQ:XAUUSD,2020-05-08T05:21:00+02:00,1715.360,1715.360,1714.740,1714.760,39
SQ:XAUUSD,2020-05-08T05:22:00+02:00,1714.690,1714.950,1714.690,1714.950,34
SQ:XAUUSD,2020-05-08T05:23:00+02:00,1714.850,1715.550,1714.850,1715.450,26
SQ:XAUUSD,2020-05-08T05:24:00+02:00,1715.450,1715.530,1715.200,1715.350,36
SQ:XAUUSD,2020-05-08T05:25:00+02:00,1715.350,1715.520,1715.230,1715.500,27
SQ:XAUUSD,2020-05-08T05:26:00+02:00,1715.500,1715.820,1715.390,1715.820,32
SQ:XAUUSD,2020-05-08T05:27:00+02:00,1715.810,1716.020,1715.730,1715.990,42
SQ:XAUUSD,2020-05-08T05:28:00+02:00,1715.980,1716.060,1715.760,1715.860,57
SQ:XAUUSD,2020-05-08T05:29:00+02:00,1715.860,1715.950,1715.620,1715.950,28
SQ:XAUUSD,2020-05-08T05:30:00+02:00,1715.950,1715.990,1715.140,1715.140,53
SQ:XAUUSD,2020-05-08T05:31:00+02:00,1715.140,1715.410,1715.070,1715.370,29
SQ:XAUUSD,2020-05-08T05:32:00+02:00,1715.370,1715.500,1714.980,1715.140,29
SQ:XAUUSD,2020-05-08T05:33:00+02:00,1715.140,1715.180,1714.560,1714.890,59
SQ:XAUUSD,2020-05-08T05:34:00+02:00,1714.890,1715.160,1714.660,1714.680,28
SQ:XAUUSD,2020-05-08T05:35:00+02:00,1714.680,1715.290,1714.630,1715.160,31
SQ:XAUUSD,2020-05-08T05:36:00+02:00,1715.170,1715.310,1715.040,1715.150,38
SQ:XAUUSD,2020-05-08T05:37:00+02:00,1715.150,1715.420,1714.990,1715.420,35
SQ:XAUUSD,2020-05-08T05:38:00+02:00,1715.370,1715.550,1715.300,1715.470,35
SQ:XAUUSD,2020-05-08T05:39:00+02:00,1715.470,1715.670,1714.940,1715.090,23
SQ:XAUUSD,2020-05-08T05:40:00+02:00,1715.090,1715.090,1714.670,1714.930,22
SQ:XAUUSD,2020-05-08T05:41:00+02:00,1714.930,1715.100,1714.920,1714.920,22
SQ:XAUUSD,2020-05-08T05:42:00+02:00,1714.910,1714.970,1714.610,1714.880,12
SQ:XAUUSD,2020-05-08T05:43:00+02:00,1714.880,1714.940,1714.560,1714.560,34
SQ:XAUUSD,2020-05-08T05:44:00+02:00,1714.560,1714.880,1714.560,1714.800,23
SQ:XAUUSD,2020-05-08T05:45:00+02:00,1714.800,1714.860,1714.560,1714.860,8
SQ:XAUUSD,2020-05-08T05:46:00+02:00,1714.860,1714.860,1714.800,1714.860,10
SQ:XAUUSD,2020-05-08T05:47:00+02:00,1714.860,1715.310,1714.570,1714.590,27
SQ:XAUUSD,2020-05-08T05:48:00+02:00,1714.600,1714.810,1714.330,1714.610,29
SQ:XAUUSD,2020-05-08T05:49:00+02:00,1714.690,1714.810,1714.520,1714.700,36
SQ:XAUUSD,2020-05-08T05:50:00+02:00,1714.720,1714.880,1714.540,1714.880,16
SQ:XAUUSD,2020-05-08T05:51:00+02:00,1714.940,1714.990,1714.600,1714.930,29
SQ:XAUUSD,2020-05-08T05:52:00+02:00,1714.980,1715.190,1714.860,1714.930,17
SQ:XAUUSD,2020-05-08T05:53:00+02:00,1714.930,1715.030,1714.630,1714.850,31
SQ:XAUUSD,2020-05-08T05:54:00+02:00,1714.850,1714.990,1714.640,1714.670,18
SQ:XAUUSD,2020-05-08T05:55:00+02:00,1714.720,1714.890,1714.540,1714.760,16
SQ:XAUUSD,2020-05-08T05:56:00+02:00,1714.760,1714.850,1714.610,1714.720,25
SQ:XAUUSD,2020-05-08T05:57:00+02:00,1714.700,1715.160,1714.460,1714.640,36
SQ:XAUUSD,2020-05-08T05:58:00+02:00,1714.640,1714.890,1714.640,1714.780,26
SQ:XAUUSD,2020-05-08T05:59:00+02:00,1714.790,1715.250,1714.790,1715.050,34
SQ:XAUUSD,2020-05-08T06:00:00+02:00,1715.050,1715.110,1714.870,1715.100,28
SQ:XAUUSD,2020-05-08T06:01:00+02:00,1715.070,1715.100,1714.950,1715.040,15
SQ:XAUUSD,2020-05-08T06:02:00+02:00,1715.030,1715.070,1714.740,1714.790,26
SQ:XAUUSD,2020-05-08T06:03:00+02:00,1714.770,1714.950,1714.640,1714.950,18
SQ:XAUUSD,2020-05-08T06:04:00+02:00,1714.950,1715.330,1714.950,1715.330,12
SQ:XAUUSD,2020-05-08T06:05:00+02:00,1715.330,1715.440,1715.320,1715.360,20
SQ:XAUUSD,2020-05-08T06:06:00+02:00,1715.360,1715.380,1715.220,1715.300,13
SQ:XAUUSD,2020-05-08T06:07:00+02:00,1715.300,1715.350,1715.220,1715.290,20
SQ:XAUUSD,2020-05-08T06:08:00+02:00,1715.290,1715.300,1714.980,1715.080,16
SQ:XAUUSD,2020-05-08T06:09:00+02:00,1715.080,1715.530,1715.080,1715.290,22
SQ:XAUUSD,2020-05-08T06:10:00+02:00,1715.270,1715.330,1715.150,1715.230,11
SQ:XAUUSD,2020-05-08T06:11:00+02:00,1715.230,1715.370,1715.230,1715.370,12
SQ:XAUUSD,2020-05-08T06:12:00+02:00,1715.420,1715.420,1714.690,1714.740,42
SQ:XAUUSD,2020-05-08T06:13:00+02:00,1714.750,1715.080,1714.750,1715.040,45
SQ:XAUUSD,2020-05-08T06:14:00+02:00,1715.010,1715.070,1714.860,1715.010,273
SQ:XAUUSD,2020-05-08T06:15:00+02:00,1715.030,1715.280,1715.000,1715.240,126
SQ:XAUUSD,2020-05-08T06:16:00+02:00,1715.280,1715.320,1715.070,1715.230,21
SQ:XAUUSD,2020-05-08T06:17:00+02:00,1715.230,1715.230,1714.690,1714.690,59
SQ:XAUUSD,2020-05-08T06:18:00+02:00,1714.680,1714.750,1714.620,1714.730,21
SQ:XAUUSD,2020-05-08T06:19:00+02:00,1714.730,1714.790,1714.520,1714.740,27
SQ:XAUUSD,2020-05-08T06:20:00+02:00,1714.740,1714.930,1714.650,1714.800,18
SQ:XAUUSD,2020-05-08T06:21:00+02:00,1714.800,1715.020,1714.530,1714.970,38
SQ:XAUUSD,2020-05-08T06:22:00+02:00,1714.970,1714.970,1713.790,1713.860,71
SQ:XAUUSD,2020-05-08T06:23:00+02:00,1713.860,1714.000,1713.350,1713.680,51
SQ:XAUUSD,2020-05-08T06:24:00+02:00,1713.680,1714.150,1713.510,1714.120,53
SQ:XAUUSD,2020-05-08T06:25:00+02:00,1714.120,1714.200,1713.970,1714.130,45
SQ:XAUUSD,2020-05-08T06:26:00+02:00,1714.130,1714.210,1714.070,1714.200,20
SQ:XAUUSD,2020-05-08T06:27:00+02:00,1714.200,1714.270,1714.130,1714.130,17
SQ:XAUUSD,2020-05-08T06:28:00+02:00,1714.120,1714.200,1713.360,1714.020,29
SQ:XAUUSD,2020-05-08T06:29:00+02:00,1714.020,1714.110,1713.200,1713.560,65
SQ:XAUUSD,2020-05-08T06:30:00+02:00,1713.600,1713.870,1713.450,1713.760,40
SQ:XAUUSD,2020-05-08T06:31:00+02:00,1713.760,1714.020,1713.680,1714.020,62
SQ:XAUUSD,2020-05-08T06:32:00+02:00,1714.020,1714.040,1713.790,1714.040,24
SQ:XAUUSD,2020-05-08T06:33:00+02:00,1714.000,1714.300,1713.760,1714.270,48
SQ:XAUUSD,2020-05-08T06:34:00+02:00,1714.270,1714.270,1714.020,1714.190,38
SQ:XAUUSD,2020-05-08T06:35:00+02:00,1714.190,1714.220,1714.060,1714.120,20
SQ:XAUUSD,2020-05-08T06:36:00+02:00,1714.180,1714.710,1714.160,1714.630,31
SQ:XAUUSD,2020-05-08T06:37:00+02:00,1714.630,1714.850,1714.190,1714.200,55
SQ:XAUUSD,2020-05-08T06:38:00+02:00,1714.200,1714.340,1714.130,1714.250,17
SQ:XAUUSD,2020-05-08T06:39:00+02:00,1714.250,1714.250,1713.790,1713.900,32
SQ:XAUUSD,2020-05-08T06:40:00+02:00,1713.900,1714.270,1713.860,1714.050,23
SQ:XAUUSD,2020-05-08T06:41:00+02:00,1714.050,1714.090,1713.940,1714.050,15
SQ:XAUUSD,2020-05-08T06:42:00+02:00,1714.050,1714.220,1713.930,1714.220,28
SQ:XAUUSD,2020-05-08T06:43:00+02:00,1714.220,1714.240,1714.120,1714.240,7
SQ:XAUUSD,2020-05-08T06:44:00+02:00,1714.240,1714.430,1713.930,1714.200,30
SQ:XAUUSD,2020-05-08T06:45:00+02:00,1714.210,1714.210,1713.840,1713.900,43
SQ:XAUUSD,2020-05-08T06:46:00+02:00,1713.860,1714.780,1713.780,1714.040,69
SQ:XAUUSD,2020-05-08T06:47:00+02:00,1714.050,1714.720,1713.850,1713.850,46
SQ:XAUUSD,2020-05-08T06:48:00+02:00,1713.900,1713.910,1713.550,1713.780,28
SQ:XAUUSD,2020-05-08T06:49:00+02:00,1713.810,1714.380,1713.660,1714.380,25
SQ:XAUUSD,2020-05-08T06:50:00+02:00,1714.380,1714.450,1713.850,1714.080,24
SQ:XAUUSD,2020-05-08T06:51:00+02:00,1714.140,1714.600,1714.140,1714.600,20
SQ:XAUUSD,2020-05-08T06:52:00+02:00,1714.650,1714.700,1714.380,1714.410,26
SQ:XAUUSD,2020-05-08T06:53:00+02:00,1714.410,1714.510,1714.370,1714.370,15
SQ:XAUUSD,2020-05-08T06:54:00+02:00,1714.370,1714.370,1714.320,1714.320,4
SQ:XAUUSD,2020-05-08T06:55:00+02:00,1714.320,1715.640,1714.320,1715.210,59
SQ:XAUUSD,2020-05-08T06:56:00+02:00,1715.200,1715.270,1714.960,1715.100,32
SQ:XAUUSD,2020-05-08T06:57:00+02:00,1715.100,1715.460,1715.090,1715.320,39
SQ:XAUUSD,2020-05-08T06:58:00+02:00,1715.320,1715.570,1715.250,1715.450,32
SQ:XAUUSD,2020-05-08T06:59:00+02:00,1715.450,1715.590,1715.040,1715.160,47
SQ:XAUUSD,2020-05-08T07:00:00+02:00,1715.160,1715.340,1715.000,1715.040,26
SQ:XAUUSD,2020-05-08T07:01:00+02:00,1715.040,1715.190,1714.830,1714.830,34
SQ:XAUUSD,2020-05-08T07:02:00+02:00,1714.830,1715.330,1714.830,1715.240,29
SQ:XAUUSD,2020-05-08T07:03:00+02:00,1715.240,1715.430,1715.150,1715.310,24
SQ:XAUUSD,2020-05-08T07:04:00+02:00,1715.310,1715.590,1715.310,1715.460,28
SQ:XAUUSD,2020-05-08T07:05:00+02:00,1715.500,1715.750,1715.430,1715.430,34
SQ:XAUUSD,2020-05-08T07:06:00+02:00,1715.400,1715.710,1715.330,1715.570,32
SQ:XAUUSD,2020-05-08T07:07:00+02:00,1715.570,1716.800,1715.470,1716.370,37
SQ:XAUUSD,2020-05-08T07:08:00+02:00,1716.370,1716.670,1716.060,1716.190,43
SQ:XAUUSD,2020-05-08T07:09:00+02:00,1716.200,1716.580,1715.960,1716.520,38
SQ:XAUUSD,2020-05-08T07:10:00+02:00,1716.520,1716.620,1716.330,1716.330,11
SQ:XAUUSD,2020-05-08T07:11:00+02:00,1716.330,1716.330,1716.180,1716.200,13
SQ:XAUUSD,2020-05-08T07:12:00+02:00,1716.200,1717.140,1716.160,1716.830,38
SQ:XAUUSD,2020-05-08T07:13:00+02:00,1716.800,1717.210,1716.770,1717.180,50
SQ:XAUUSD,2020-05-08T07:14:00+02:00,1717.140,1717.630,1716.690,1717.540,33
SQ:XAUUSD,2020-05-08T07:15:00+02:00,1717.710,1717.710,1717.210,1717.210,19
SQ:XAUUSD,2020-05-08T07:16:00+02:00,1717.210,1717.550,1717.210,1717.410,23
SQ:XAUUSD,2020-05-08T07:17:00+02:00,1717.580,1717.770,1717.420,1717.520,16
SQ:XAUUSD,2020-05-08T07:18:00+02:00,1717.450,1718.640,1717.440,1717.710,68
SQ:XAUUSD,2020-05-08T07:19:00+02:00,1717.710,1718.410,1717.550,1717.550,74
SQ:XAUUSD,2020-05-08T07:20:00+02:00,1717.500,1718.030,1717.390,1718.030,56
SQ:XAUUSD,2020-05-08T07:21:00+02:00,1718.100,1718.100,1717.690,1718.030,33
SQ:XAUUSD,2020-05-08T07:22:00+02:00,1718.010,1718.490,1717.360,1717.630,96
SQ:XAUUSD,2020-05-08T07:23:00+02:00,1717.640,1718.528,1717.640,1717.770,38
SQ:XAUUSD,2020-05-08T07:24:00+02:00,1717.750,1717.970,1717.480,1717.870,49
SQ:XAUUSD,2020-05-08T07:25:00+02:00,1717.860,1717.970,1717.520,1717.910,57
SQ:XAUUSD,2020-05-08T07:26:00+02:00,1717.910,1717.920,1717.230,1717.460,35
SQ:XAUUSD,2020-05-08T07:27:00+02:00,1717.460,1717.790,1717.240,1717.340,39
SQ:XAUUSD,2020-05-08T07:28:00+02:00,1717.340,1717.340,1716.460,1716.670,18
SQ:XAUUSD,2020-05-08T07:29:00+02:00,1716.670,1716.940,1716.430,1716.840,40
SQ:XAUUSD,2020-05-08T07:30:00+02:00,1716.980,1717.140,1716.570,1717.060,58
SQ:XAUUSD,2020-05-08T07:31:00+02:00,1717.120,1717.560,1716.750,1717.110,43
SQ:XAUUSD,2020-05-08T07:32:00+02:00,1717.110,1717.700,1717.050,1717.680,50
SQ:XAUUSD,2020-05-08T07:33:00+02:00,1717.630,1718.060,1717.590,1718.060,46
SQ:XAUUSD,2020-05-08T07:34:00+02:00,1717.920,1718.520,1717.590,1718.130,40
SQ:XAUUSD,2020-05-08T07:35:00+02:00,1718.130,1718.220,1717.600,1717.810,30
SQ:XAUUSD,2020-05-08T07:36:00+02:00,1717.810,1718.010,1717.140,1717.190,25
SQ:XAUUSD,2020-05-08T07:37:00+02:00,1717.190,1717.390,1716.650,1717.140,35
SQ:XAUUSD,2020-05-08T07:38:00+02:00,1717.140,1717.450,1717.050,1717.220,42
SQ:XAUUSD,2020-05-08T07:39:00+02:00,1717.230,1717.230,1716.890,1716.990,39
SQ:XAUUSD,2020-05-08T07:40:00+02:00,1716.990,1717.200,1716.710,1716.870,43
SQ:XAUUSD,2020-05-08T07:41:00+02:00,1716.870,1717.580,1716.870,1717.530,39
SQ:XAUUSD,2020-05-08T07:42:00+02:00,1717.510,1717.680,1717.410,1717.660,33
SQ:XAUUSD,2020-05-08T07:43:00+02:00,1717.660,1717.720,1717.460,1717.620,38
SQ:XAUUSD,2020-05-08T07:44:00+02:00,1717.630,1718.200,1717.600,1717.730,59
SQ:XAUUSD,2020-05-08T07:45:00+02:00,1717.660,1717.870,1717.490,1717.500,32
SQ:XAUUSD,2020-05-08T07:46:00+02:00,1717.500,1717.620,1717.310,1717.500,34
SQ:XAUUSD,2020-05-08T07:47:00+02:00,1717.500,1717.570,1717.370,1717.500,12
SQ:XAUUSD,2020-05-08T07:48:00+02:00,1717.500,1717.620,1717.460,1717.470,38
SQ:XAUUSD,2020-05-08T07:49:00+02:00,1717.470,1717.620,1717.120,1717.190,40
SQ:XAUUSD,2020-05-08T07:50:00+02:00,1717.100,1717.200,1716.660,1717.160,65
SQ:XAUUSD,2020-05-08T07:51:00+02:00,1717.210,1717.510,1717.060,1717.260,32
SQ:XAUUSD,2020-05-08T07:52:00+02:00,1717.210,1717.260,1716.960,1717.010,18
SQ:XAUUSD,2020-05-08T07:53:00+02:00,1716.960,1717.010,1716.560,1716.840,32
SQ:XAUUSD,2020-05-08T07:54:00+02:00,1716.840,1716.840,1715.440,1715.690,64
SQ:XAUUSD,2020-05-08T07:55:00+02:00,1715.690,1716.240,1715.690,1716.200,35
SQ:XAUUSD,2020-05-08T07:56:00+02:00,1716.200,1716.240,1715.680,1715.960,32
SQ:XAUUSD,2020-05-08T07:57:00+02:00,1715.960,1715.960,1715.680,1715.680,11
SQ:XAUUSD,2020-05-08T07:58:00+02:00,1715.680,1716.020,1715.680,1715.890,27
SQ:XAUUSD,2020-05-08T07:59:00+02:00,1715.890,1716.380,1715.440,1715.540,96
SQ:XAUUSD,2020-05-08T08:00:00+02:00,1715.540,1716.160,1714.490,1714.660,207
SQ:XAUUSD,2020-05-08T08:01:00+02:00,1714.690,1715.440,1714.470,1715.290,106
SQ:XAUUSD,2020-05-08T08:02:00+02:00,1715.310,1715.430,1714.510,1714.540,143
SQ:XAUUSD,2020-05-08T08:03:00+02:00,1714.540,1714.850,1714.540,1714.830,54
SQ:XAUUSD,2020-05-08T08:04:00+02:00,1714.830,1715.000,1714.680,1714.740,48
SQ:XAUUSD,2020-05-08T08:05:00+02:00,1714.740,1716.570,1714.740,1716.570,138
SQ:XAUUSD,2020-05-08T08:06:00+02:00,1716.570,1717.240,1716.140,1717.140,98
SQ:XAUUSD,2020-05-08T08:07:00+02:00,1717.140,1717.140,1716.230,1716.650,179
SQ:XAUUSD,2020-05-08T08:08:00+02:00,1716.640,1717.180,1716.240,1717.090,87
SQ:XAUUSD,2020-05-08T08:09:00+02:00,1717.090,1717.240,1716.800,1716.920,113
SQ:XAUUSD,2020-05-08T08:10:00+02:00,1717.000,1717.090,1716.130,1716.130,112
SQ:XAUUSD,2020-05-08T08:11:00+02:00,1716.130,1717.650,1716.130,1717.380,146
SQ:XAUUSD,2020-05-08T08:12:00+02:00,1717.270,1718.180,1717.200,1717.840,133
SQ:XAUUSD,2020-05-08T08:13:00+02:00,1717.890,1718.090,1717.580,1718.090,136
SQ:XAUUSD,2020-05-08T08:14:00+02:00,1718.090,1718.090,1716.880,1717.270,54
SQ:XAUUSD,2020-05-08T08:15:00+02:00,1717.260,1717.610,1716.730,1717.340,62
SQ:XAUUSD,2020-05-08T08:16:00+02:00,1717.340,1718.450,1717.070,1718.310,109
SQ:XAUUSD,2020-05-08T08:17:00+02:00,1718.310,1718.310,1717.540,1717.660,60
SQ:XAUUSD,2020-05-08T08:18:00+02:00,1717.680,1718.910,1717.500,1717.890,75
SQ:XAUUSD,2020-05-08T08:19:00+02:00,1717.950,1719.170,1717.500,1718.410,134
SQ:XAUUSD,2020-05-08T08:20:00+02:00,1718.410,1718.700,1717.840,1717.920,85
SQ:XAUUSD,2020-05-08T08:21:00+02:00,1718.010,1718.840,1717.870,1718.370,70
SQ:XAUUSD,2020-05-08T08:22:00+02:00,1718.430,1719.540,1718.400,1719.160,109
SQ:XAUUSD,2020-05-08T08:23:00+02:00,1719.070,1719.380,1717.530,1717.550,116
SQ:XAUUSD,2020-05-08T08:24:00+02:00,1717.550,1718.170,1716.960,1717.860,120
SQ:XAUUSD,2020-05-08T08:25:00+02:00,1717.870,1718.050,1717.600,1717.880,98
SQ:XAUUSD,2020-05-08T08:26:00+02:00,1717.880,1718.040,1717.490,1717.490,111
SQ:XAUUSD,2020-05-08T08:27:00+02:00,1717.490,1717.910,1717.260,1717.910,83
SQ:XAUUSD,2020-05-08T08:28:00+02:00,1717.910,1718.280,1717.410,1717.580,75
SQ:XAUUSD,2020-05-08T08:29:00+02:00,1717.580,1717.580,1716.620,1716.760,120
SQ:XAUUSD,2020-05-08T08:30:00+02:00,1716.760,1717.710,1716.440,1717.090,155
SQ:XAUUSD,2020-05-08T08:31:00+02:00,1717.090,1717.600,1716.590,1717.510,137
SQ:XAUUSD,2020-05-08T08:32:00+02:00,1717.490,1717.590,1716.850,1717.080,119
SQ:XAUUSD,2020-05-08T08:33:00+02:00,1717.070,1718.740,1716.980,1717.660,173
SQ:XAUUSD,2020-05-08T08:34:00+02:00,1717.660,1718.750,1717.640,1718.350,126
SQ:XAUUSD,2020-05-08T08:35:00+02:00,1718.350,1719.190,1718.220,1718.860,123
SQ:XAUUSD,2020-05-08T08:36:00+02:00,1718.860,1719.260,1718.380,1718.510,99
SQ:XAUUSD,2020-05-08T08:37:00+02:00,1718.530,1718.930,1718.410,1718.590,125
SQ:XAUUSD,2020-05-08T08:38:00+02:00,1718.540,1718.990,1717.780,1717.920,99
SQ:XAUUSD,2020-05-08T08:39:00+02:00,1717.920,1718.500,1717.810,1718.300,85
SQ:XAUUSD,2020-05-08T08:40:00+02:00,1718.300,1718.910,1718.010,1718.150,109
SQ:XAUUSD,2020-05-08T08:41:00+02:00,1718.140,1718.150,1715.930,1716.310,154
SQ:XAUUSD,2020-05-08T08:42:00+02:00,1716.260,1716.610,1715.620,1716.360,123
SQ:XAUUSD,2020-05-08T08:43:00+02:00,1716.330,1716.690,1716.230,1716.340,96
SQ:XAUUSD,2020-05-08T08:44:00+02:00,1716.350,1717.730,1716.180,1717.520,125
SQ:XAUUSD,2020-05-08T08:45:00+02:00,1717.520,1717.910,1717.100,1717.110,109
SQ:XAUUSD,2020-05-08T08:46:00+02:00,1717.110,1717.180,1716.660,1716.870,87
SQ:XAUUSD,2020-05-08T08:47:00+02:00,1716.880,1717.680,1716.880,1717.430,85
SQ:XAUUSD,2020-05-08T08:48:00+02:00,1717.240,1717.360,1716.010,1716.810,98
SQ:XAUUSD,2020-05-08T08:49:00+02:00,1716.810,1717.050,1715.530,1716.030,122
SQ:XAUUSD,2020-05-08T08:50:00+02:00,1716.030,1717.040,1715.780,1716.290,99
SQ:XAUUSD,2020-05-08T08:51:00+02:00,1716.290,1716.390,1715.990,1716.010,72
SQ:XAUUSD,2020-05-08T08:52:00+02:00,1716.010,1717.050,1716.010,1716.520,75
SQ:XAUUSD,2020-05-08T08:53:00+02:00,1716.520,1716.690,1716.340,1716.480,67
SQ:XAUUSD,2020-05-08T08:54:00+02:00,1716.480,1717.100,1716.460,1716.770,91
SQ:XAUUSD,2020-05-08T08:55:00+02:00,1716.780,1717.020,1716.750,1716.810,42
SQ:XAUUSD,2020-05-08T08:56:00+02:00,1716.810,1717.100,1716.800,1716.900,62
SQ:XAUUSD,2020-05-08T08:57:00+02:00,1716.900,1716.980,1716.240,1716.830,89
SQ:XAUUSD,2020-05-08T08:58:00+02:00,1716.830,1716.970,1716.260,1716.360,59
SQ:XAUUSD,2020-05-08T08:59:00+02:00,1716.360,1716.580,1716.180,1716.580,53
SQ:XAUUSD,2020-05-08T09:00:00+02:00,1716.530,1716.530,1715.120,1715.840,103
SQ:XAUUSD,2020-05-08T09:01:00+02:00,1715.840,1715.860,1715.000,1715.410,31
SQ:XAUUSD,2020-05-08T09:02:00+02:00,1715.410,1715.900,1715.360,1715.810,53
SQ:XAUUSD,2020-05-08T09:03:00+02:00,1715.810,1715.990,1715.380,1715.800,79
SQ:XAUUSD,2020-05-08T09:04:00+02:00,1715.800,1716.690,1715.800,1716.410,88
SQ:XAUUSD,2020-05-08T09:05:00+02:00,1716.410,1716.410,1715.400,1715.670,104
SQ:XAUUSD,2020-05-08T09:06:00+02:00,1715.670,1717.370,1715.610,1716.650,122
SQ:XAUUSD,2020-05-08T09:07:00+02:00,1716.650,1717.280,1716.560,1716.710,75
SQ:XAUUSD,2020-05-08T09:08:00+02:00,1716.710,1717.230,1716.450,1717.200,258
SQ:XAUUSD,2020-05-08T09:09:00+02:00,1717.130,1717.270,1716.830,1717.090,185
SQ:XAUUSD,2020-05-08T09:10:00+02:00,1717.090,1717.240,1716.570,1717.110,207
SQ:XAUUSD,2020-05-08T09:11:00+02:00,1717.160,1717.750,1716.960,1717.740,95
SQ:XAUUSD,2020-05-08T09:12:00+02:00,1717.770,1718.430,1717.720,1718.260,88
SQ:XAUUSD,2020-05-08T09:13:00+02:00,1718.260,1718.610,1717.380,1718.550,226
SQ:XAUUSD,2020-05-08T09:14:00+02:00,1718.310,1718.430,1717.560,1717.860,153
SQ:XAUUSD,2020-05-08T09:15:00+02:00,1717.810,1718.270,1717.540,1718.190,137
SQ:XAUUSD,2020-05-08T09:16:00+02:00,1718.190,1718.230,1717.620,1717.850,119
SQ:XAUUSD,2020-05-08T09:17:00+02:00,1717.830,1717.970,1717.630,1717.740,122
SQ:XAUUSD,2020-05-08T09:18:00+02:00,1717.740,1717.800,1717.630,1717.750,48
SQ:XAUUSD,2020-05-08T09:19:00+02:00,1717.750,1717.880,1717.750,1717.880,38
SQ:XAUUSD,2020-05-08T09:20:00+02:00,1717.880,1718.750,1717.870,1718.750,21
SQ:XAUUSD,2020-05-08T09:21:00+02:00,1718.750,1719.140,1718.320,1719.140,40
SQ:XAUUSD,2020-05-08T09:22:00+02:00,1719.140,1719.140,1718.780,1718.830,39
SQ:XAUUSD,2020-05-08T09:23:00+02:00,1718.830,1718.970,1718.290,1718.780,53
SQ:XAUUSD,2020-05-08T09:24:00+02:00,1718.830,1719.030,1718.570,1718.690,25
SQ:XAUUSD,2020-05-08T09:25:00+02:00,1718.690,1719.300,1718.690,1719.010,43
SQ:XAUUSD,2020-05-08T09:26:00+02:00,1719.010,1719.490,1718.930,1719.490,38
SQ:XAUUSD,2020-05-08T09:27:00+02:00,1719.490,1719.570,1719.070,1719.400,31
SQ:XAUUSD,2020-05-08T09:28:00+02:00,1719.400,1719.480,1718.570,1718.930,45
SQ:XAUUSD,2020-05-08T09:29:00+02:00,1718.930,1719.660,1718.930,1719.280,60
SQ:XAUUSD,2020-05-08T09:30:00+02:00,1719.280,1719.800,1719.250,1719.490,60
SQ:XAUUSD,2020-05-08T09:31:00+02:00,1719.540,1719.540,1717.620,1718.890,202
SQ:XAUUSD,2020-05-08T09:32:00+02:00,1718.890,1718.910,1718.000,1718.014,166
SQ:XAUUSD,2020-05-08T09:33:00+02:00,1718.040,1718.172,1717.880,1718.078,191
SQ:XAUUSD,2020-05-08T09:34:00+02:00,1718.058,1718.608,1718.010,1718.598,182
SQ:XAUUSD,2020-05-08T09:35:00+02:00,1718.528,1718.964,1718.432,1718.892,189
SQ:XAUUSD,2020-05-08T09:36:00+02:00,1718.840,1719.610,1718.840,1719.520,191
SQ:XAUUSD,2020-05-08T09:37:00+02:00,1719.520,1719.520,1718.550,1718.900,159
SQ:XAUUSD,2020-05-08T09:38:00+02:00,1718.900,1719.418,1718.680,1718.960,254
SQ:XAUUSD,2020-05-08T09:39:00+02:00,1719.040,1719.342,1718.430,1718.670,207
SQ:XAUUSD,2020-05-08T09:40:00+02:00,1718.700,1719.352,1717.860,1718.124,165
SQ:XAUUSD,2020-05-08T09:41:00+02:00,1718.184,1718.360,1717.520,1717.800,198
SQ:XAUUSD,2020-05-08T09:42:00+02:00,1717.840,1718.392,1717.240,1717.930,90
SQ:XAUUSD,2020-05-08T09:43:00+02:00,1717.990,1718.730,1717.740,1717.750,171
SQ:XAUUSD,2020-05-08T09:44:00+02:00,1717.750,1718.622,1717.610,1718.240,236
SQ:XAUUSD,2020-05-08T09:45:00+02:00,1718.180,1718.580,1717.740,1717.970,369
SQ:XAUUSD,2020-05-08T09:46:00+02:00,1717.968,1718.210,1717.420,1717.600,479
SQ:XAUUSD,2020-05-08T09:47:00+02:00,1717.518,1718.202,1717.316,1717.850,466
SQ:XAUUSD,2020-05-08T09:48:00+02:00,1717.850,1718.766,1717.760,1718.660,359
SQ:XAUUSD,2020-05-08T09:49:00+02:00,1718.590,1718.788,1717.950,1718.580,282
SQ:XAUUSD,2020-05-08T09:50:00+02:00,1718.590,1719.020,1718.258,1718.490,178
SQ:XAUUSD,2020-05-08T09:51:00+02:00,1718.510,1719.230,1718.292,1719.040,140
SQ:XAUUSD,2020-05-08T09:52:00+02:00,1719.080,1719.486,1718.760,1719.314,426
SQ:XAUUSD,2020-05-08T09:53:00+02:00,1719.374,1719.610,1718.358,1718.930,338
SQ:XAUUSD,2020-05-08T09:54:00+02:00,1718.930,1719.230,1718.490,1719.230,327
SQ:XAUUSD,2020-05-08T09:55:00+02:00,1719.190,1719.190,1718.140,1718.280,179
SQ:XAUUSD,2020-05-08T09:56:00+02:00,1718.330,1718.430,1716.840,1717.540,342
SQ:XAUUSD,2020-05-08T09:57:00+02:00,1717.520,1718.960,1717.480,1718.860,332
SQ:XAUUSD,2020-05-08T09:58:00+02:00,1718.900,1719.460,1718.570,1718.920,469
SQ:XAUUSD,2020-05-08T09:59:00+02:00,1718.920,1719.520,1718.790,1719.220,172
SQ:XAUUSD,2020-05-08T10:00:00+02:00,1719.160,1719.700,1719.040,1719.440,80
SQ:XAUUSD,2020-05-08T10:01:00+02:00,1719.440,1719.750,1719.280,1719.300,32
SQ:XAUUSD,2020-05-08T10:02:00+02:00,1719.300,1719.420,1718.930,1719.240,35
SQ:XAUUSD,2020-05-08T10:03:00+02:00,1719.240,1719.340,1718.920,1719.340,26
SQ:XAUUSD,2020-05-08T10:04:00+02:00,1719.340,1719.380,1718.610,1718.610,39
SQ:XAUUSD,2020-05-08T10:05:00+02:00,1718.440,1718.540,1716.980,1717.640,60
SQ:XAUUSD,2020-05-08T10:06:00+02:00,1717.640,1717.740,1716.870,1716.950,40
SQ:XAUUSD,2020-05-08T10:07:00+02:00,1716.970,1717.010,1716.720,1716.820,93
SQ:XAUUSD,2020-05-08T10:08:00+02:00,1716.810,1716.870,1716.680,1716.820,78
SQ:XAUUSD,2020-05-08T10:09:00+02:00,1716.830,1717.000,1716.130,1716.600,123
SQ:XAUUSD,2020-05-08T10:10:00+02:00,1716.530,1716.986,1716.210,1716.220,137
SQ:XAUUSD,2020-05-08T10:11:00+02:00,1716.290,1716.890,1715.930,1716.110,120
SQ:XAUUSD,2020-05-08T10:12:00+02:00,1716.110,1718.210,1716.110,1717.280,150
SQ:XAUUSD,2020-05-08T10:13:00+02:00,1717.280,1717.400,1716.660,1716.770,46
SQ:XAUUSD,2020-05-08T10:14:00+02:00,1716.780,1717.030,1716.460,1716.960,56
SQ:XAUUSD,2020-05-08T10:15:00+02:00,1716.960,1717.310,1716.590,1717.180,64
SQ:XAUUSD,2020-05-08T10:16:00+02:00,1717.180,1717.770,1716.850,1717.770,47
SQ:XAUUSD,2020-05-08T10:17:00+02:00,1717.770,1717.800,1717.130,1717.490,68
SQ:XAUUSD,2020-05-08T10:18:00+02:00,1717.490,1718.100,1717.490,1718.020,40
SQ:XAUUSD,2020-05-08T10:19:00+02:00,1718.020,1718.050,1717.410,1717.470,72
SQ:XAUUSD,2020-05-08T10:20:00+02:00,1717.470,1717.830,1717.240,1717.830,80
SQ:XAUUSD,2020-05-08T10:21:00+02:00,1717.830,1718.040,1717.550,1717.780,73
SQ:XAUUSD,2020-05-08T10:22:00+02:00,1717.780,1717.780,1717.000,1717.400,121
SQ:XAUUSD,2020-05-08T10:23:00+02:00,1717.400,1717.560,1717.310,1717.440,31
SQ:XAUUSD,2020-05-08T10:24:00+02:00,1717.440,1717.790,1717.250,1717.610,43
SQ:XAUUSD,2020-05-08T10:25:00+02:00,1717.610,1717.610,1716.670,1717.140,63
SQ:XAUUSD,2020-05-08T10:26:00+02:00,1717.140,1717.610,1716.630,1717.510,65
SQ:XAUUSD,2020-05-08T10:27:00+02:00,1717.450,1717.800,1716.770,1717.720,76
SQ:XAUUSD,2020-05-08T10:28:00+02:00,1717.720,1717.720,1717.330,1717.500,31
SQ:XAUUSD,2020-05-08T10:29:00+02:00,1717.500,1717.790,1717.450,1717.790,112
SQ:XAUUSD,2020-05-08T10:30:00+02:00,1717.790,1718.070,1717.510,1717.820,212
SQ:XAUUSD,2020-05-08T10:31:00+02:00,1717.800,1718.140,1717.380,1717.410,198
SQ:XAUUSD,2020-05-08T10:32:00+02:00,1717.410,1718.260,1717.410,1717.810,62
SQ:XAUUSD,2020-05-08T10:33:00+02:00,1717.810,1718.180,1717.460,1718.070,47
SQ:XAUUSD,2020-05-08T10:34:00+02:00,1718.070,1718.680,1717.700,1718.440,70
SQ:XAUUSD,2020-05-08T10:35:00+02:00,1718.440,1718.560,1718.250,1718.460,26
SQ:XAUUSD,2020-05-08T10:36:00+02:00,1718.460,1718.600,1718.200,1718.310,29
SQ:XAUUSD,2020-05-08T10:37:00+02:00,1718.310,1718.800,1717.820,1718.080,78
SQ:XAUUSD,2020-05-08T10:38:00+02:00,1718.080,1718.180,1717.550,1717.630,75
SQ:XAUUSD,2020-05-08T10:39:00+02:00,1717.630,1717.770,1717.550,1717.630,162
SQ:XAUUSD,2020-05-08T10:40:00+02:00,1717.630,1717.870,1717.592,1717.730,83
SQ:XAUUSD,2020-05-08T10:41:00+02:00,1717.730,1717.830,1717.570,1717.608,66
SQ:XAUUSD,2020-05-08T10:42:00+02:00,1717.590,1717.860,1717.490,1717.860,169
SQ:XAUUSD,2020-05-08T10:43:00+02:00,1717.860,1717.860,1717.480,1717.690,41
SQ:XAUUSD,2020-05-08T10:44:00+02:00,1717.690,1718.460,1717.350,1718.070,116
SQ:XAUUSD,2020-05-08T10:45:00+02:00,1718.070,1718.350,1717.586,1717.692,131
SQ:XAUUSD,2020-05-08T10:46:00+02:00,1717.692,1717.800,1717.586,1717.666,268
SQ:XAUUSD,2020-05-08T10:47:00+02:00,1717.666,1717.960,1717.580,1717.720,166
SQ:XAUUSD,2020-05-08T10:48:00+02:00,1717.720,1718.020,1717.630,1717.670,54
SQ:XAUUSD,2020-05-08T10:49:00+02:00,1717.670,1718.050,1717.594,1717.960,100
SQ:XAUUSD,2020-05-08T10:50:00+02:00,1717.960,1718.000,1717.670,1717.870,30
SQ:XAUUSD,2020-05-08T10:51:00+02:00,1717.870,1717.960,1717.720,1717.730,23
SQ:XAUUSD,2020-05-08T10:52:00+02:00,1717.730,1719.020,1717.710,1718.530,112
SQ:XAUUSD,2020-05-08T10:53:00+02:00,1718.510,1718.850,1718.370,1718.510,105
SQ:XAUUSD,2020-05-08T10:54:00+02:00,1718.510,1718.640,1718.170,1718.470,55
SQ:XAUUSD,2020-05-08T10:55:00+02:00,1718.470,1719.100,1718.250,1718.250,69
SQ:XAUUSD,2020-05-08T10:56:00+02:00,1718.260,1718.610,1718.260,1718.390,32
SQ:XAUUSD,2020-05-08T10:57:00+02:00,1718.390,1720.620,1718.370,1720.400,60
SQ:XAUUSD,2020-05-08T10:58:00+02:00,1720.340,1720.960,1719.276,1720.050,365
SQ:XAUUSD,2020-05-08T10:59:00+02:00,1720.050,1720.060,1718.720,1719.256,282
SQ:XAUUSD,2020-05-08T11:00:00+02:00,1719.316,1719.652,1718.530,1719.240,160
SQ:XAUUSD,2020-05-08T11:01:00+02:00,1719.240,1719.340,1718.700,1719.100,86
SQ:XAUUSD,2020-05-08T11:02:00+02:00,1719.130,1719.350,1719.020,1719.200,60
SQ:XAUUSD,2020-05-08T11:03:00+02:00,1719.090,1719.120,1718.210,1718.460,118
SQ:XAUUSD,2020-05-08T11:04:00+02:00,1718.460,1718.710,1718.430,1718.650,75
SQ:XAUUSD,2020-05-08T11:05:00+02:00,1718.690,1718.790,1718.140,1718.790,76
SQ:XAUUSD,2020-05-08T11:06:00+02:00,1718.790,1719.270,1718.790,1719.210,77
SQ:XAUUSD,2020-05-08T11:07:00+02:00,1719.250,1720.290,1719.090,1719.950,82
SQ:XAUUSD,2020-05-08T11:08:00+02:00,1719.900,1720.590,1719.770,1720.340,179
SQ:XAUUSD,2020-05-08T11:09:00+02:00,1720.340,1720.430,1719.980,1720.190,110
SQ:XAUUSD,2020-05-08T11:10:00+02:00,1720.200,1720.700,1719.830,1720.480,184
SQ:XAUUSD,2020-05-08T11:11:00+02:00,1720.500,1720.940,1720.420,1720.640,309
SQ:XAUUSD,2020-05-08T11:12:00+02:00,1720.640,1721.330,1720.620,1721.200,112
SQ:XAUUSD,2020-05-08T11:13:00+02:00,1721.280,1721.470,1720.810,1721.020,241
SQ:XAUUSD,2020-05-08T11:14:00+02:00,1721.150,1721.530,1721.020,1721.340,207
SQ:XAUUSD,2020-05-08T11:15:00+02:00,1721.270,1722.680,1720.580,1722.630,273
SQ:XAUUSD,2020-05-08T11:16:00+02:00,1722.510,1723.090,1721.830,1722.630,193
SQ:XAUUSD,2020-05-08T11:17:00+02:00,1722.630,1722.630,1721.550,1721.980,167
SQ:XAUUSD,2020-05-08T11:18:00+02:00,1721.980,1722.230,1721.700,1721.790,246
SQ:XAUUSD,2020-05-08T11:19:00+02:00,1721.790,1721.840,1721.360,1721.660,54
SQ:XAUUSD,2020-05-08T11:20:00+02:00,1721.660,1721.660,1721.120,1721.220,79
SQ:XAUUSD,2020-05-08T11:21:00+02:00,1721.220,1721.560,1721.170,1721.450,47
SQ:XAUUSD,2020-05-08T11:22:00+02:00,1721.450,1721.640,1721.360,1721.470,33
SQ:XAUUSD,2020-05-08T11:23:00+02:00,1721.470,1721.470,1720.730,1720.820,160
SQ:XAUUSD,2020-05-08T11:24:00+02:00,1720.820,1722.070,1720.590,1721.380,251
SQ:XAUUSD,2020-05-08T11:25:00+02:00,1721.370,1722.130,1721.170,1721.450,101
SQ:XAUUSD,2020-05-08T11:26:00+02:00,1721.450,1721.840,1721.340,1721.580,49
SQ:XAUUSD,2020-05-08T11:27:00+02:00,1721.580,1721.580,1720.680,1720.940,134
SQ:XAUUSD,2020-05-08T11:28:00+02:00,1720.690,1721.160,1720.690,1721.030,189
SQ:XAUUSD,2020-05-08T11:29:00+02:00,1721.070,1721.370,1720.070,1720.650,141
SQ:XAUUSD,2020-05-08T11:30:00+02:00,1720.640,1720.640,1719.660,1720.130,246
SQ:XAUUSD,2020-05-08T11:31:00+02:00,1720.470,1720.870,1720.470,1720.810,51
SQ:XAUUSD,2020-05-08T11:32:00+02:00,1720.810,1720.900,1720.210,1720.560,34
SQ:XAUUSD,2020-05-08T11:33:00+02:00,1720.560,1720.930,1720.040,1720.040,73
SQ:XAUUSD,2020-05-08T11:34:00+02:00,1720.030,1720.232,1719.120,1719.870,317
SQ:XAUUSD,2020-05-08T11:35:00+02:00,1719.880,1720.100,1719.170,1720.100,102
SQ:XAUUSD,2020-05-08T11:36:00+02:00,1720.100,1720.100,1719.250,1719.690,110
SQ:XAUUSD,2020-05-08T11:37:00+02:00,1719.690,1719.820,1719.460,1719.720,84
SQ:XAUUSD,2020-05-08T11:38:00+02:00,1719.770,1720.300,1719.168,1719.178,52
SQ:XAUUSD,2020-05-08T11:39:00+02:00,1719.188,1719.774,1719.110,1719.570,191
SQ:XAUUSD,2020-05-08T11:40:00+02:00,1719.570,1720.000,1719.500,1719.900,82
SQ:XAUUSD,2020-05-08T11:41:00+02:00,1719.790,1720.330,1719.780,1720.330,39
SQ:XAUUSD,2020-05-08T11:42:00+02:00,1720.310,1720.310,1719.700,1719.760,26
SQ:XAUUSD,2020-05-08T11:43:00+02:00,1719.760,1720.020,1719.240,1719.920,51
SQ:XAUUSD,2020-05-08T11:44:00+02:00,1719.920,1720.128,1719.770,1719.800,191
SQ:XAUUSD,2020-05-08T11:45:00+02:00,1719.800,1719.950,1719.720,1719.830,124
SQ:XAUUSD,2020-05-08T11:46:00+02:00,1719.840,1720.010,1719.790,1719.820,180
SQ:XAUUSD,2020-05-08T11:47:00+02:00,1719.820,1719.960,1719.450,1719.630,27
SQ:XAUUSD,2020-05-08T11:48:00+02:00,1719.580,1720.160,1719.580,1719.970,25
SQ:XAUUSD,2020-05-08T11:49:00+02:00,1719.960,1720.770,1719.930,1720.770,92
SQ:XAUUSD,2020-05-08T11:50:00+02:00,1720.710,1720.800,1720.370,1720.370,39
SQ:XAUUSD,2020-05-08T11:51:00+02:00,1720.360,1720.750,1720.360,1720.670,45
SQ:XAUUSD,2020-05-08T11:52:00+02:00,1720.680,1720.700,1720.540,1720.580,51
SQ:XAUUSD,2020-05-08T11:53:00+02:00,1720.540,1720.920,1720.390,1720.890,103
SQ:XAUUSD,2020-05-08T11:54:00+02:00,1720.870,1721.530,1720.870,1721.510,36
SQ:XAUUSD,2020-05-08T11:55:00+02:00,1721.510,1721.560,1720.810,1720.870,31
SQ:XAUUSD,2020-05-08T11:56:00+02:00,1720.870,1720.940,1720.810,1720.810,13
SQ:XAUUSD,2020-05-08T11:57:00+02:00,1720.810,1721.610,1720.810,1721.390,53
SQ:XAUUSD,2020-05-08T11:58:00+02:00,1721.390,1721.820,1721.290,1721.300,119
SQ:XAUUSD,2020-05-08T11:59:00+02:00,1721.300,1721.810,1721.060,1721.300,73
SQ:XAUUSD,2020-05-08T12:00:00+02:00,1721.310,1721.660,1721.070,1721.080,152
SQ:XAUUSD,2020-05-08T12:01:00+02:00,1721.080,1721.550,1721.060,1721.350,140
SQ:XAUUSD,2020-05-08T12:02:00+02:00,1721.350,1721.440,1721.030,1721.140,30
SQ:XAUUSD,2020-05-08T12:03:00+02:00,1721.140,1721.440,1720.930,1721.240,28
SQ:XAUUSD,2020-05-08T12:04:00+02:00,1721.240,1721.410,1721.110,1721.390,53
SQ:XAUUSD,2020-05-08T12:05:00+02:00,1721.390,1721.780,1721.390,1721.610,39
SQ:XAUUSD,2020-05-08T12:06:00+02:00,1721.610,1721.900,1721.530,1721.890,35
SQ:XAUUSD,2020-05-08T12:07:00+02:00,1721.890,1721.940,1721.510,1721.610,24
SQ:XAUUSD,2020-05-08T12:08:00+02:00,1721.610,1721.800,1721.350,1721.730,38
SQ:XAUUSD,2020-05-08T12:09:00+02:00,1721.730,1721.880,1721.350,1721.430,31
SQ:XAUUSD,2020-05-08T12:10:00+02:00,1721.430,1722.080,1721.430,1721.910,24
SQ:XAUUSD,2020-05-08T12:11:00+02:00,1721.910,1722.070,1721.710,1722.020,19
SQ:XAUUSD,2020-05-08T12:12:00+02:00,1722.020,1722.160,1721.820,1721.940,53
SQ:XAUUSD,2020-05-08T12:13:00+02:00,1721.940,1722.130,1721.740,1721.790,77
SQ:XAUUSD,2020-05-08T12:14:00+02:00,1721.790,1722.070,1721.790,1721.940,59
SQ:XAUUSD,2020-05-08T12:15:00+02:00,1721.970,1722.050,1721.730,1722.000,57
SQ:XAUUSD,2020-05-08T12:16:00+02:00,1721.970,1722.200,1721.870,1722.200,49
SQ:XAUUSD,2020-05-08T12:17:00+02:00,1722.200,1722.350,1721.720,1721.730,31
SQ:XAUUSD,2020-05-08T12:18:00+02:00,1721.730,1721.730,1720.950,1721.270,119
SQ:XAUUSD,2020-05-08T12:19:00+02:00,1721.270,1721.530,1721.160,1721.340,34
SQ:XAUUSD,2020-05-08T12:20:00+02:00,1721.340,1721.470,1721.220,1721.400,40
SQ:XAUUSD,2020-05-08T12:21:00+02:00,1721.400,1721.570,1721.360,1721.360,20
SQ:XAUUSD,2020-05-08T12:22:00+02:00,1721.360,1721.550,1721.310,1721.550,18
SQ:XAUUSD,2020-05-08T12:23:00+02:00,1721.550,1721.680,1721.290,1721.450,53
SQ:XAUUSD,2020-05-08T12:24:00+02:00,1721.450,1721.550,1721.090,1721.550,94
SQ:XAUUSD,2020-05-08T12:25:00+02:00,1721.550,1722.100,1721.400,1722.030,108
SQ:XAUUSD,2020-05-08T12:26:00+02:00,1722.010,1722.010,1721.740,1721.890,37
SQ:XAUUSD,2020-05-08T12:27:00+02:00,1721.890,1721.940,1721.340,1721.410,134
SQ:XAUUSD,2020-05-08T12:28:00+02:00,1721.370,1721.870,1721.320,1721.710,187
SQ:XAUUSD,2020-05-08T12:29:00+02:00,1721.710,1721.720,1721.410,1721.510,138
SQ:XAUUSD,2020-05-08T12:30:00+02:00,1721.510,1721.620,1721.420,1721.610,74
SQ:XAUUSD,2020-05-08T12:31:00+02:00,1721.560,1721.710,1721.010,1721.650,219
SQ:XAUUSD,2020-05-08T12:32:00+02:00,1721.650,1721.650,1720.660,1721.000,138
SQ:XAUUSD,2020-05-08T12:33:00+02:00,1721.020,1721.310,1720.640,1720.660,150
SQ:XAUUSD,2020-05-08T12:34:00+02:00,1720.650,1720.970,1720.480,1720.540,323
SQ:XAUUSD,2020-05-08T12:35:00+02:00,1720.510,1721.270,1720.470,1720.970,90
SQ:XAUUSD,2020-05-08T12:36:00+02:00,1720.970,1720.970,1720.310,1720.730,100
SQ:XAUUSD,2020-05-08T12:37:00+02:00,1720.730,1720.880,1719.920,1720.420,47
SQ:XAUUSD,2020-05-08T12:38:00+02:00,1720.420,1720.770,1720.420,1720.470,17
SQ:XAUUSD,2020-05-08T12:39:00+02:00,1720.470,1721.050,1720.460,1720.860,142
SQ:XAUUSD,2020-05-08T12:40:00+02:00,1720.870,1720.990,1720.750,1720.820,174
SQ:XAUUSD,2020-05-08T12:41:00+02:00,1720.800,1721.440,1720.770,1721.330,308
SQ:XAUUSD,2020-05-08T12:42:00+02:00,1721.370,1721.580,1720.930,1721.030,157
SQ:XAUUSD,2020-05-08T12:43:00+02:00,1721.030,1721.750,1720.970,1721.550,71
SQ:XAUUSD,2020-05-08T12:44:00+02:00,1721.590,1721.710,1721.380,1721.470,49
SQ:XAUUSD,2020-05-08T12:45:00+02:00,1721.470,1721.510,1721.330,1721.440,39
SQ:XAUUSD,2020-05-08T12:46:00+02:00,1721.450,1721.580,1721.290,1721.290,38
SQ:XAUUSD,2020-05-08T12:47:00+02:00,1721.290,1721.290,1720.910,1721.120,36
SQ:XAUUSD,2020-05-08T12:48:00+02:00,1721.090,1721.550,1720.980,1721.270,33
SQ:XAUUSD,2020-05-08T12:49:00+02:00,1721.270,1721.370,1721.100,1721.370,28
SQ:XAUUSD,2020-05-08T12:50:00+02:00,1721.370,1721.620,1721.260,1721.600,32
SQ:XAUUSD,2020-05-08T12:51:00+02:00,1721.600,1721.750,1721.410,1721.450,37
SQ:XAUUSD,2020-05-08T12:52:00+02:00,1721.450,1721.940,1721.030,1721.540,75
SQ:XAUUSD,2020-05-08T12:53:00+02:00,1721.490,1721.540,1721.190,1721.530,25
SQ:XAUUSD,2020-05-08T12:54:00+02:00,1721.530,1721.540,1721.210,1721.240,23
SQ:XAUUSD,2020-05-08T12:55:00+02:00,1721.240,1721.420,1721.010,1721.060,37
SQ:XAUUSD,2020-05-08T12:56:00+02:00,1721.010,1721.060,1720.570,1720.810,30
SQ:XAUUSD,2020-05-08T12:57:00+02:00,1720.810,1720.890,1720.250,1720.350,22
SQ:XAUUSD,2020-05-08T12:58:00+02:00,1720.350,1720.610,1719.950,1720.090,34
SQ:XAUUSD,2020-05-08T12:59:00+02:00,1720.010,1720.240,1719.290,1719.460,82
SQ:XAUUSD,2020-05-08T13:00:00+02:00,1719.400,1719.570,1718.910,1719.500,88
SQ:XAUUSD,2020-05-08T13:01:00+02:00,1719.500,1719.500,1718.950,1719.230,64
SQ:XAUUSD,2020-05-08T13:02:00+02:00,1719.230,1719.860,1719.070,1719.850,238
SQ:XAUUSD,2020-05-08T13:03:00+02:00,1719.840,1719.930,1719.650,1719.900,130
SQ:XAUUSD,2020-05-08T13:04:00+02:00,1719.900,1720.740,1719.770,1720.570,113
SQ:XAUUSD,2020-05-08T13:05:00+02:00,1720.560,1720.830,1720.560,1720.660,96
SQ:XAUUSD,2020-05-08T13:06:00+02:00,1720.660,1720.890,1720.460,1720.580,188
SQ:XAUUSD,2020-05-08T13:07:00+02:00,1720.620,1720.800,1720.330,1720.550,172
SQ:XAUUSD,2020-05-08T13:08:00+02:00,1720.570,1720.750,1720.130,1720.390,183
SQ:XAUUSD,2020-05-08T13:09:00+02:00,1720.350,1720.370,1717.930,1719.210,316
SQ:XAUUSD,2020-05-08T13:10:00+02:00,1719.210,1719.350,1718.770,1719.120,183
SQ:XAUUSD,2020-05-08T13:11:00+02:00,1719.210,1719.520,1717.810,1718.430,235
SQ:XAUUSD,2020-05-08T13:12:00+02:00,1718.430,1718.880,1718.280,1718.680,54
SQ:XAUUSD,2020-05-08T13:13:00+02:00,1718.680,1719.080,1718.480,1719.080,50
SQ:XAUUSD,2020-05-08T13:14:00+02:00,1719.080,1719.420,1718.480,1718.670,57
SQ:XAUUSD,2020-05-08T13:15:00+02:00,1718.670,1718.830,1717.940,1718.200,117
SQ:XAUUSD,2020-05-08T13:16:00+02:00,1718.200,1719.220,1718.140,1718.830,65
SQ:XAUUSD,2020-05-08T13:17:00+02:00,1718.830,1718.910,1718.680,1718.910,28
SQ:XAUUSD,2020-05-08T13:18:00+02:00,1718.820,1719.640,1718.820,1719.020,65
SQ:XAUUSD,2020-05-08T13:19:00+02:00,1719.020,1719.250,1718.570,1718.980,97
SQ:XAUUSD,2020-05-08T13:20:00+02:00,1718.970,1719.150,1718.670,1718.740,126
SQ:XAUUSD,2020-05-08T13:21:00+02:00,1718.740,1719.310,1718.580,1719.220,168
SQ:XAUUSD,2020-05-08T13:22:00+02:00,1719.310,1719.310,1718.890,1718.930,214
SQ:XAUUSD,2020-05-08T13:23:00+02:00,1718.820,1719.040,1718.680,1718.790,496
SQ:XAUUSD,2020-05-08T13:24:00+02:00,1718.800,1719.010,1718.700,1718.920,569
SQ:XAUUSD,2020-05-08T13:25:00+02:00,1718.930,1719.040,1718.690,1718.950,558
SQ:XAUUSD,2020-05-08T13:26:00+02:00,1718.950,1719.070,1718.620,1718.950,534
SQ:XAUUSD,2020-05-08T13:27:00+02:00,1719.010,1719.050,1718.770,1718.950,526
SQ:XAUUSD,2020-05-08T13:28:00+02:00,1718.930,1719.080,1717.540,1718.380,342
SQ:XAUUSD,2020-05-08T13:29:00+02:00,1718.380,1718.630,1717.100,1718.440,213
SQ:XAUUSD,2020-05-08T13:30:00+02:00,1718.390,1718.990,1717.420,1718.490,132
SQ:XAUUSD,2020-05-08T13:31:00+02:00,1718.500,1718.600,1718.070,1718.370,57
SQ:XAUUSD,2020-05-08T13:32:00+02:00,1718.370,1718.710,1718.180,1718.510,50
SQ:XAUUSD,2020-05-08T13:33:00+02:00,1718.570,1718.600,1717.910,1718.070,64
SQ:XAUUSD,2020-05-08T13:34:00+02:00,1718.070,1718.910,1718.070,1718.570,46
SQ:XAUUSD,2020-05-08T13:35:00+02:00,1718.570,1718.800,1718.280,1718.630,56
SQ:XAUUSD,2020-05-08T13:36:00+02:00,1718.630,1718.770,1718.210,1718.580,45
SQ:XAUUSD,2020-05-08T13:37:00+02:00,1718.580,1718.740,1718.440,1718.610,34
SQ:XAUUSD,2020-05-08T13:38:00+02:00,1718.610,1719.080,1718.580,1719.030,52
SQ:XAUUSD,2020-05-08T13:39:00+02:00,1719.030,1719.200,1718.440,1718.450,73
SQ:XAUUSD,2020-05-08T13:40:00+02:00,1718.490,1718.530,1717.970,1718.090,53
SQ:XAUUSD,2020-05-08T13:41:00+02:00,1718.090,1718.560,1717.760,1718.410,87
SQ:XAUUSD,2020-05-08T13:42:00+02:00,1718.410,1718.960,1718.260,1718.960,50
SQ:XAUUSD,2020-05-08T13:43:00+02:00,1718.960,1719.290,1718.660,1719.290,31
SQ:XAUUSD,2020-05-08T13:44:00+02:00,1719.290,1719.600,1718.910,1719.400,46
SQ:XAUUSD,2020-05-08T13:45:00+02:00,1719.400,1719.880,1719.300,1719.780,46
SQ:XAUUSD,2020-05-08T13:46:00+02:00,1719.780,1719.810,1719.270,1719.320,45
SQ:XAUUSD,2020-05-08T13:47:00+02:00,1719.320,1719.720,1718.340,1719.630,44
SQ:XAUUSD,2020-05-08T13:48:00+02:00,1719.610,1719.760,1719.370,1719.370,31
SQ:XAUUSD,2020-05-08T13:49:00+02:00,1719.370,1719.710,1719.190,1719.620,48
SQ:XAUUSD,2020-05-08T13:50:00+02:00,1719.620,1719.960,1719.310,1719.480,66
SQ:XAUUSD,2020-05-08T13:51:00+02:00,1719.480,1719.770,1719.390,1719.580,30
SQ:XAUUSD,2020-05-08T13:52:00+02:00,1719.580,1719.760,1719.080,1719.320,42
SQ:XAUUSD,2020-05-08T13:53:00+02:00,1719.320,1719.890,1719.240,1719.670,40
SQ:XAUUSD,2020-05-08T13:54:00+02:00,1719.620,1719.660,1719.270,1719.510,26
SQ:XAUUSD,2020-05-08T13:55:00+02:00,1719.550,1719.550,1718.900,1719.210,46
SQ:XAUUSD,2020-05-08T13:56:00+02:00,1719.210,1719.290,1718.142,1718.700,96
SQ:XAUUSD,2020-05-08T13:57:00+02:00,1718.710,1718.740,1717.670,1717.750,64
SQ:XAUUSD,2020-05-08T13:58:00+02:00,1717.750,1718.118,1716.950,1717.110,74
SQ:XAUUSD,2020-05-08T13:59:00+02:00,1717.090,1718.460,1717.020,1718.330,104
SQ:XAUUSD,2020-05-08T14:00:00+02:00,1718.330,1718.580,1715.730,1717.530,230
SQ:XAUUSD,2020-05-08T14:01:00+02:00,1717.530,1718.390,1717.200,1718.330,91
SQ:XAUUSD,2020-05-08T14:02:00+02:00,1718.280,1718.900,1718.090,1718.550,101
SQ:XAUUSD,2020-05-08T14:03:00+02:00,1718.580,1719.290,1718.380,1719.160,62
SQ:XAUUSD,2020-05-08T14:04:00+02:00,1719.160,1719.440,1718.380,1718.980,126
SQ:XAUUSD,2020-05-08T14:05:00+02:00,1718.970,1719.620,1718.622,1719.460,175
SQ:XAUUSD,2020-05-08T14:06:00+02:00,1719.480,1719.680,1719.430,1719.630,150
SQ:XAUUSD,2020-05-08T14:07:00+02:00,1719.640,1721.150,1719.320,1720.520,254
SQ:XAUUSD,2020-05-08T14:08:00+02:00,1720.510,1721.460,1720.284,1721.460,393
SQ:XAUUSD,2020-05-08T14:09:00+02:00,1721.460,1722.260,1720.590,1720.740,364
SQ:XAUUSD,2020-05-08T14:10:00+02:00,1720.720,1721.660,1720.650,1721.550,165
SQ:XAUUSD,2020-05-08T14:11:00+02:00,1721.550,1721.670,1720.790,1720.870,177
SQ:XAUUSD,2020-05-08T14:12:00+02:00,1720.870,1721.950,1720.580,1721.900,159
SQ:XAUUSD,2020-05-08T14:13:00+02:00,1721.900,1721.940,1720.040,1720.060,153
SQ:XAUUSD,2020-05-08T14:14:00+02:00,1720.070,1720.190,1719.020,1719.290,119
SQ:XAUUSD,2020-05-08T14:15:00+02:00,1719.240,1721.070,1719.040,1720.990,124
SQ:XAUUSD,2020-05-08T14:16:00+02:00,1720.910,1720.910,1719.970,1720.000,122
SQ:XAUUSD,2020-05-08T14:17:00+02:00,1719.920,1720.410,1718.600,1720.310,150
SQ:XAUUSD,2020-05-08T14:18:00+02:00,1720.310,1720.710,1719.790,1719.850,82
SQ:XAUUSD,2020-05-08T14:19:00+02:00,1719.830,1720.070,1719.210,1719.250,51
SQ:XAUUSD,2020-05-08T14:20:00+02:00,1719.280,1719.910,1717.590,1719.900,206
SQ:XAUUSD,2020-05-08T14:21:00+02:00,1719.530,1719.870,1717.410,1717.860,264
SQ:XAUUSD,2020-05-08T14:22:00+02:00,1717.960,1719.080,1717.300,1717.340,172
SQ:XAUUSD,2020-05-08T14:23:00+02:00,1717.330,1717.820,1715.090,1715.810,276
SQ:XAUUSD,2020-05-08T14:24:00+02:00,1715.760,1717.920,1714.930,1717.410,272
SQ:XAUUSD,2020-05-08T14:25:00+02:00,1717.390,1718.670,1717.300,1718.180,202
SQ:XAUUSD,2020-05-08T14:26:00+02:00,1718.180,1718.380,1717.180,1717.850,138
SQ:XAUUSD,2020-05-08T14:27:00+02:00,1717.850,1718.080,1716.160,1717.610,130
SQ:XAUUSD,2020-05-08T14:28:00+02:00,1717.640,1718.350,1716.990,1717.910,125
SQ:XAUUSD,2020-05-08T14:29:00+02:00,1717.970,1718.420,1716.130,1716.230,183
SQ:XAUUSD,2020-05-08T14:30:00+02:00,1716.230,1716.230,1711.580,1715.630,490
SQ:XAUUSD,2020-05-08T14:31:00+02:00,1715.390,1716.870,1713.420,1715.570,409
SQ:XAUUSD,2020-05-08T14:32:00+02:00,1715.570,1719.220,1715.450,1719.180,332
SQ:XAUUSD,2020-05-08T14:33:00+02:00,1719.130,1719.130,1716.220,1716.310,276
SQ:XAUUSD,2020-05-08T14:34:00+02:00,1716.310,1717.510,1716.220,1717.500,176
SQ:XAUUSD,2020-05-08T14:35:00+02:00,1717.500,1717.670,1716.210,1716.330,180
SQ:XAUUSD,2020-05-08T14:36:00+02:00,1715.730,1717.470,1715.240,1716.160,222
SQ:XAUUSD,2020-05-08T14:37:00+02:00,1716.160,1718.230,1715.940,1717.270,200
SQ:XAUUSD,2020-05-08T14:38:00+02:00,1717.270,1717.920,1716.120,1716.630,134
SQ:XAUUSD,2020-05-08T14:39:00+02:00,1716.630,1716.750,1715.000,1715.070,168
SQ:XAUUSD,2020-05-08T14:40:00+02:00,1715.110,1716.010,1715.080,1715.260,152
SQ:XAUUSD,2020-05-08T14:41:00+02:00,1715.260,1716.760,1715.110,1716.740,195
SQ:XAUUSD,2020-05-08T14:42:00+02:00,1716.740,1716.740,1713.450,1713.450,168
SQ:XAUUSD,2020-05-08T14:43:00+02:00,1713.450,1713.570,1710.370,1710.370,264
SQ:XAUUSD,2020-05-08T14:44:00+02:00,1710.410,1712.280,1709.770,1711.980,249
SQ:XAUUSD,2020-05-08T14:45:00+02:00,1711.980,1711.980,1709.650,1711.300,260
SQ:XAUUSD,2020-05-08T14:46:00+02:00,1711.300,1711.300,1709.360,1709.470,329
SQ:XAUUSD,2020-05-08T14:47:00+02:00,1709.390,1711.060,1709.230,1711.050,293
SQ:XAUUSD,2020-05-08T14:48:00+02:00,1711.020,1711.020,1708.440,1709.400,348
SQ:XAUUSD,2020-05-08T14:49:00+02:00,1709.510,1710.410,1705.410,1707.860,394
SQ:XAUUSD,2020-05-08T14:50:00+02:00,1707.940,1708.640,1706.930,1708.200,278
SQ:XAUUSD,2020-05-08T14:51:00+02:00,1708.200,1708.630,1705.800,1708.600,256
SQ:XAUUSD,2020-05-08T14:52:00+02:00,1708.600,1709.980,1708.540,1709.750,168
SQ:XAUUSD,2020-05-08T14:53:00+02:00,1709.790,1710.530,1709.480,1710.410,231
SQ:XAUUSD,2020-05-08T14:54:00+02:00,1710.410,1711.070,1709.200,1709.230,297
SQ:XAUUSD,2020-05-08T14:55:00+02:00,1709.200,1711.200,1709.200,1711.080,248
SQ:XAUUSD,2020-05-08T14:56:00+02:00,1711.110,1711.540,1709.990,1711.530,176
SQ:XAUUSD,2020-05-08T14:57:00+02:00,1711.510,1711.510,1709.720,1711.010,139
SQ:XAUUSD,2020-05-08T14:58:00+02:00,1711.010,1711.150,1710.300,1710.370,182
SQ:XAUUSD,2020-05-08T14:59:00+02:00,1710.370,1711.740,1710.370,1711.670,235
SQ:XAUUSD,2020-05-08T15:00:00+02:00,1711.680,1711.930,1710.880,1711.260,281
SQ:XAUUSD,2020-05-08T15:01:00+02:00,1711.260,1711.490,1710.480,1711.490,230
SQ:XAUUSD,2020-05-08T15:02:00+02:00,1711.480,1711.480,1710.510,1710.510,212
SQ:XAUUSD,2020-05-08T15:03:00+02:00,1710.500,1710.510,1708.760,1709.580,373
SQ:XAUUSD,2020-05-08T15:04:00+02:00,1709.580,1710.320,1709.190,1710.010,347
SQ:XAUUSD,2020-05-08T15:05:00+02:00,1710.010,1710.400,1709.230,1709.790,205
SQ:XAUUSD,2020-05-08T15:06:00+02:00,1709.790,1710.790,1709.680,1710.660,112
SQ:XAUUSD,2020-05-08T15:07:00+02:00,1710.640,1711.050,1710.350,1710.910,81
SQ:XAUUSD,2020-05-08T15:08:00+02:00,1710.910,1710.960,1709.700,1709.790,209
SQ:XAUUSD,2020-05-08T15:09:00+02:00,1709.810,1710.130,1709.560,1709.700,131
SQ:XAUUSD,2020-05-08T15:10:00+02:00,1709.700,1710.860,1709.470,1710.720,144
SQ:XAUUSD,2020-05-08T15:11:00+02:00,1710.720,1711.380,1709.980,1709.980,142
SQ:XAUUSD,2020-05-08T15:12:00+02:00,1710.040,1710.850,1709.800,1710.680,125
SQ:XAUUSD,2020-05-08T15:13:00+02:00,1710.760,1711.270,1710.740,1711.020,79
SQ:XAUUSD,2020-05-08T15:14:00+02:00,1711.050,1711.060,1709.820,1709.900,118
SQ:XAUUSD,2020-05-08T15:15:00+02:00,1709.900,1710.060,1708.750,1709.290,131
SQ:XAUUSD,2020-05-08T15:16:00+02:00,1709.290,1710.600,1708.720,1710.300,170
SQ:XAUUSD,2020-05-08T15:17:00+02:00,1710.250,1711.620,1710.080,1711.620,128
SQ:XAUUSD,2020-05-08T15:18:00+02:00,1711.560,1712.040,1711.280,1711.840,134
SQ:XAUUSD,2020-05-08T15:19:00+02:00,1711.830,1711.830,1710.890,1711.060,85
SQ:XAUUSD,2020-05-08T15:20:00+02:00,1711.060,1711.060,1709.840,1710.090,134
SQ:XAUUSD,2020-05-08T15:21:00+02:00,1710.090,1710.400,1709.590,1709.870,92
SQ:XAUUSD,2020-05-08T15:22:00+02:00,1709.920,1711.120,1709.880,1710.640,79
SQ:XAUUSD,2020-05-08T15:23:00+02:00,1710.620,1710.720,1709.710,1709.770,125
SQ:XAUUSD,2020-05-08T15:24:00+02:00,1709.800,1710.520,1709.770,1709.820,91
SQ:XAUUSD,2020-05-08T15:25:00+02:00,1709.870,1710.840,1709.470,1710.840,91
SQ:XAUUSD,2020-05-08T15:26:00+02:00,1710.790,1710.790,1710.070,1710.450,91
SQ:XAUUSD,2020-05-08T15:27:00+02:00,1710.590,1711.210,1710.590,1710.850,82
SQ:XAUUSD,2020-05-08T15:28:00+02:00,1710.900,1711.350,1710.250,1710.600,71
SQ:XAUUSD,2020-05-08T15:29:00+02:00,1710.590,1711.450,1710.440,1711.190,96
SQ:XAUUSD,2020-05-08T15:30:00+02:00,1711.190,1712.860,1711.150,1712.670,177
SQ:XAUUSD,2020-05-08T15:31:00+02:00,1712.670,1713.640,1712.150,1713.440,214
SQ:XAUUSD,2020-05-08T15:32:00+02:00,1713.440,1714.470,1713.150,1714.060,261
SQ:XAUUSD,2020-05-08T15:33:00+02:00,1714.060,1714.460,1713.080,1713.560,170
SQ:XAUUSD,2020-05-08T15:34:00+02:00,1713.560,1713.600,1712.770,1713.040,126
SQ:XAUUSD,2020-05-08T15:35:00+02:00,1713.240,1713.570,1712.480,1713.090,226
SQ:XAUUSD,2020-05-08T15:36:00+02:00,1712.890,1715.490,1712.710,1715.490,164
SQ:XAUUSD,2020-05-08T15:37:00+02:00,1715.610,1715.940,1714.990,1715.440,216
SQ:XAUUSD,2020-05-08T15:38:00+02:00,1715.440,1715.900,1714.860,1715.560,137
SQ:XAUUSD,2020-05-08T15:39:00+02:00,1715.560,1716.300,1714.790,1715.960,171
SQ:XAUUSD,2020-05-08T15:40:00+02:00,1716.040,1716.250,1714.930,1716.170,215
SQ:XAUUSD,2020-05-08T15:41:00+02:00,1716.150,1716.800,1715.460,1716.460,204
SQ:XAUUSD,2020-05-08T15:42:00+02:00,1716.460,1718.100,1716.230,1718.100,175
SQ:XAUUSD,2020-05-08T15:43:00+02:00,1718.100,1718.800,1717.200,1717.300,280
SQ:XAUUSD,2020-05-08T15:44:00+02:00,1717.300,1718.490,1717.300,1717.660,242
SQ:XAUUSD,2020-05-08T15:45:00+02:00,1717.660,1718.310,1717.450,1717.570,147
SQ:XAUUSD,2020-05-08T15:46:00+02:00,1717.570,1718.090,1717.520,1717.540,148
SQ:XAUUSD,2020-05-08T15:47:00+02:00,1717.540,1719.100,1717.540,1718.270,209
SQ:XAUUSD,2020-05-08T15:48:00+02:00,1718.270,1719.940,1718.270,1719.520,314
SQ:XAUUSD,2020-05-08T15:49:00+02:00,1719.520,1719.900,1717.580,1718.330,283
SQ:XAUUSD,2020-05-08T15:50:00+02:00,1718.330,1718.590,1717.200,1717.270,151
SQ:XAUUSD,2020-05-08T15:51:00+02:00,1717.270,1717.870,1717.150,1717.570,213
SQ:XAUUSD,2020-05-08T15:52:00+02:00,1717.570,1717.590,1716.440,1716.800,192
SQ:XAUUSD,2020-05-08T15:53:00+02:00,1716.800,1717.530,1716.630,1717.040,85
SQ:XAUUSD,2020-05-08T15:54:00+02:00,1717.040,1717.640,1716.950,1717.000,123
SQ:XAUUSD,2020-05-08T15:55:00+02:00,1717.000,1717.250,1715.730,1715.770,238
SQ:XAUUSD,2020-05-08T15:56:00+02:00,1715.770,1716.180,1715.472,1715.860,181
SQ:XAUUSD,2020-05-08T15:57:00+02:00,1715.860,1716.458,1714.820,1715.720,179
SQ:XAUUSD,2020-05-08T15:58:00+02:00,1715.720,1716.480,1715.360,1716.230,257
SQ:XAUUSD,2020-05-08T15:59:00+02:00,1716.230,1716.900,1716.040,1716.820,170
SQ:XAUUSD,2020-05-08T16:00:00+02:00,1716.810,1716.940,1715.850,1716.690,291
SQ:XAUUSD,2020-05-08T16:01:00+02:00,1716.670,1716.680,1715.320,1715.600,280
SQ:XAUUSD,2020-05-08T16:02:00+02:00,1715.600,1715.760,1714.640,1714.740,200
SQ:XAUUSD,2020-05-08T16:03:00+02:00,1714.740,1715.250,1714.640,1714.940,284
SQ:XAUUSD,2020-05-08T16:04:00+02:00,1714.930,1714.980,1714.090,1714.470,260
SQ:XAUUSD,2020-05-08T16:05:00+02:00,1714.480,1714.670,1713.150,1713.640,220
SQ:XAUUSD,2020-05-08T16:06:00+02:00,1713.650,1714.220,1713.400,1713.900,219
SQ:XAUUSD,2020-05-08T16:07:00+02:00,1713.850,1714.400,1713.700,1713.760,250
SQ:XAUUSD,2020-05-08T16:08:00+02:00,1713.760,1713.800,1712.840,1713.070,224
SQ:XAUUSD,2020-05-08T16:09:00+02:00,1713.070,1713.750,1712.920,1713.688,193
SQ:XAUUSD,2020-05-08T16:10:00+02:00,1713.742,1714.922,1713.500,1714.868,310
SQ:XAUUSD,2020-05-08T16:11:00+02:00,1714.870,1715.800,1714.730,1715.296,347
SQ:XAUUSD,2020-05-08T16:12:00+02:00,1715.308,1716.100,1714.980,1715.730,227
SQ:XAUUSD,2020-05-08T16:13:00+02:00,1715.730,1716.118,1715.590,1716.020,132
SQ:XAUUSD,2020-05-08T16:14:00+02:00,1716.020,1717.270,1716.020,1716.480,197
SQ:XAUUSD,2020-05-08T16:15:00+02:00,1716.480,1717.160,1715.850,1716.590,376
SQ:XAUUSD,2020-05-08T16:16:00+02:00,1716.580,1716.950,1715.540,1716.530,372
SQ:XAUUSD,2020-05-08T16:17:00+02:00,1716.530,1718.230,1716.420,1717.780,499
SQ:XAUUSD,2020-05-08T16:18:00+02:00,1717.800,1718.750,1716.810,1717.096,326
SQ:XAUUSD,2020-05-08T16:19:00+02:00,1717.090,1718.522,1716.828,1718.250,449
SQ:XAUUSD,2020-05-08T16:20:00+02:00,1718.250,1718.930,1717.400,1717.770,383
SQ:XAUUSD,2020-05-08T16:21:00+02:00,1717.760,1717.820,1716.480,1716.644,376
SQ:XAUUSD,2020-05-08T16:22:00+02:00,1716.536,1717.350,1716.400,1716.958,336
SQ:XAUUSD,2020-05-08T16:23:00+02:00,1717.108,1718.164,1716.850,1718.062,412
SQ:XAUUSD,2020-05-08T16:24:00+02:00,1718.064,1718.820,1717.860,1718.320,358
SQ:XAUUSD,2020-05-08T16:25:00+02:00,1718.320,1720.560,1718.320,1719.770,388
SQ:XAUUSD,2020-05-08T16:26:00+02:00,1719.740,1720.180,1718.710,1719.580,340
SQ:XAUUSD,2020-05-08T16:27:00+02:00,1719.580,1720.098,1719.200,1719.420,272
SQ:XAUUSD,2020-05-08T16:28:00+02:00,1719.420,1719.690,1718.168,1718.740,217
SQ:XAUUSD,2020-05-08T16:29:00+02:00,1718.742,1718.892,1718.308,1718.598,258
SQ:XAUUSD,2020-05-08T16:30:00+02:00,1718.548,1719.462,1718.360,1718.500,288
SQ:XAUUSD,2020-05-08T16:31:00+02:00,1718.620,1719.176,1718.280,1718.980,204
SQ:XAUUSD,2020-05-08T16:32:00+02:00,1719.080,1720.670,1719.080,1720.160,207
SQ:XAUUSD,2020-05-08T16:33:00+02:00,1720.160,1721.180,1719.100,1719.420,368
SQ:XAUUSD,2020-05-08T16:34:00+02:00,1719.440,1719.500,1718.320,1718.460,116
SQ:XAUUSD,2020-05-08T16:35:00+02:00,1718.460,1718.600,1717.810,1717.840,98
SQ:XAUUSD,2020-05-08T16:36:00+02:00,1717.840,1718.610,1717.370,1717.860,128
SQ:XAUUSD,2020-05-08T16:37:00+02:00,1717.880,1718.150,1716.700,1717.480,160
SQ:XAUUSD,2020-05-08T16:38:00+02:00,1717.480,1718.430,1717.140,1718.270,110
SQ:XAUUSD,2020-05-08T16:39:00+02:00,1718.270,1718.270,1717.320,1717.440,97
SQ:XAUUSD,2020-05-08T16:40:00+02:00,1717.510,1717.520,1715.970,1716.220,176
SQ:XAUUSD,2020-05-08T16:41:00+02:00,1716.220,1716.780,1716.220,1716.620,156
SQ:XAUUSD,2020-05-08T16:42:00+02:00,1716.720,1718.010,1716.720,1717.950,362
SQ:XAUUSD,2020-05-08T16:43:00+02:00,1717.950,1719.100,1717.440,1718.720,376
SQ:XAUUSD,2020-05-08T16:44:00+02:00,1718.720,1719.320,1718.360,1718.430,342
SQ:XAUUSD,2020-05-08T16:45:00+02:00,1718.440,1718.560,1717.780,1718.500,300
SQ:XAUUSD,2020-05-08T16:46:00+02:00,1718.490,1719.470,1718.390,1719.030,299
SQ:XAUUSD,2020-05-08T16:47:00+02:00,1718.920,1719.420,1718.730,1718.950,383
SQ:XAUUSD,2020-05-08T16:48:00+02:00,1719.010,1719.620,1718.158,1718.220,411
SQ:XAUUSD,2020-05-08T16:49:00+02:00,1718.220,1718.370,1717.430,1717.630,386
SQ:XAUUSD,2020-05-08T16:50:00+02:00,1717.620,1718.040,1717.250,1717.330,330
SQ:XAUUSD,2020-05-08T16:51:00+02:00,1717.330,1717.370,1715.790,1715.870,263
SQ:XAUUSD,2020-05-08T16:52:00+02:00,1715.870,1715.870,1715.050,1715.480,345
SQ:XAUUSD,2020-05-08T16:53:00+02:00,1715.470,1715.610,1713.760,1713.760,312
SQ:XAUUSD,2020-05-08T16:54:00+02:00,1713.710,1714.670,1712.280,1712.590,419
SQ:XAUUSD,2020-05-08T16:55:00+02:00,1712.590,1713.380,1711.310,1711.710,255
SQ:XAUUSD,2020-05-08T16:56:00+02:00,1711.710,1713.470,1710.710,1712.700,236
SQ:XAUUSD,2020-05-08T16:57:00+02:00,1712.700,1714.510,1712.530,1714.190,151
SQ:XAUUSD,2020-05-08T16:58:00+02:00,1714.190,1714.750,1713.600,1714.550,182
SQ:XAUUSD,2020-05-08T16:59:00+02:00,1714.550,1715.600,1714.270,1715.350,181
SQ:XAUUSD,2020-05-08T17:00:00+02:00,1715.340,1716.580,1715.100,1715.870,161
SQ:XAUUSD,2020-05-08T17:01:00+02:00,1715.870,1716.690,1715.860,1716.610,153
SQ:XAUUSD,2020-05-08T17:02:00+02:00,1716.630,1717.560,1715.730,1715.980,226
SQ:XAUUSD,2020-05-08T17:03:00+02:00,1715.980,1716.430,1714.640,1714.640,219
SQ:XAUUSD,2020-05-08T17:04:00+02:00,1714.640,1716.160,1714.610,1716.100,149
SQ:XAUUSD,2020-05-08T17:05:00+02:00,1716.200,1716.300,1714.780,1715.600,99
SQ:XAUUSD,2020-05-08T17:06:00+02:00,1715.600,1715.770,1713.960,1714.030,105
SQ:XAUUSD,2020-05-08T17:07:00+02:00,1714.060,1714.850,1713.430,1714.230,132
SQ:XAUUSD,2020-05-08T17:08:00+02:00,1714.230,1715.310,1714.210,1715.190,85
SQ:XAUUSD,2020-05-08T17:09:00+02:00,1715.190,1715.880,1714.750,1714.950,93
SQ:XAUUSD,2020-05-08T17:10:00+02:00,1715.010,1715.980,1715.000,1715.330,202
SQ:XAUUSD,2020-05-08T17:11:00+02:00,1715.330,1715.850,1714.530,1715.720,215
SQ:XAUUSD,2020-05-08T17:12:00+02:00,1715.720,1715.910,1714.090,1714.090,138
SQ:XAUUSD,2020-05-08T17:13:00+02:00,1713.830,1714.040,1713.100,1713.400,242
SQ:XAUUSD,2020-05-08T17:14:00+02:00,1713.400,1714.350,1712.950,1713.490,107
SQ:XAUUSD,2020-05-08T17:15:00+02:00,1713.490,1714.450,1712.910,1714.260,226
SQ:XAUUSD,2020-05-08T17:16:00+02:00,1714.260,1714.260,1712.630,1712.870,245
SQ:XAUUSD,2020-05-08T17:17:00+02:00,1712.870,1714.150,1712.740,1713.940,158
SQ:XAUUSD,2020-05-08T17:18:00+02:00,1713.940,1714.470,1713.210,1713.930,109
SQ:XAUUSD,2020-05-08T17:19:00+02:00,1713.940,1714.780,1713.200,1714.040,162
SQ:XAUUSD,2020-05-08T17:20:00+02:00,1714.040,1714.780,1713.010,1713.410,145
SQ:XAUUSD,2020-05-08T17:21:00+02:00,1713.410,1714.340,1713.170,1713.460,131
SQ:XAUUSD,2020-05-08T17:22:00+02:00,1713.580,1714.140,1710.340,1710.710,257
SQ:XAUUSD,2020-05-08T17:23:00+02:00,1710.650,1712.150,1710.510,1712.040,346
SQ:XAUUSD,2020-05-08T17:24:00+02:00,1712.070,1712.620,1711.870,1712.300,265
SQ:XAUUSD,2020-05-08T17:25:00+02:00,1712.300,1712.300,1710.690,1710.950,193
SQ:XAUUSD,2020-05-08T17:26:00+02:00,1710.950,1711.780,1710.720,1711.730,211
SQ:XAUUSD,2020-05-08T17:27:00+02:00,1711.730,1712.080,1711.410,1711.870,85
SQ:XAUUSD,2020-05-08T17:28:00+02:00,1711.870,1712.130,1711.340,1711.750,76
SQ:XAUUSD,2020-05-08T17:29:00+02:00,1711.750,1712.390,1711.460,1711.690,105
SQ:XAUUSD,2020-05-08T17:30:00+02:00,1711.690,1712.990,1711.520,1712.650,209
SQ:XAUUSD,2020-05-08T17:31:00+02:00,1712.650,1713.320,1712.540,1712.630,136
SQ:XAUUSD,2020-05-08T17:32:00+02:00,1712.630,1713.170,1712.580,1712.840,80
SQ:XAUUSD,2020-05-08T17:33:00+02:00,1712.840,1713.480,1712.710,1713.240,125
SQ:XAUUSD,2020-05-08T17:34:00+02:00,1713.240,1713.760,1713.040,1713.530,83
SQ:XAUUSD,2020-05-08T17:35:00+02:00,1713.530,1714.230,1713.150,1713.220,187
SQ:XAUUSD,2020-05-08T17:36:00+02:00,1712.890,1713.950,1712.660,1713.810,239
SQ:XAUUSD,2020-05-08T17:37:00+02:00,1713.850,1714.600,1713.590,1714.090,220
SQ:XAUUSD,2020-05-08T17:38:00+02:00,1713.970,1714.130,1713.410,1713.510,176
SQ:XAUUSD,2020-05-08T17:39:00+02:00,1713.560,1714.110,1713.480,1713.480,152
SQ:XAUUSD,2020-05-08T17:40:00+02:00,1713.470,1713.810,1712.990,1713.030,146
SQ:XAUUSD,2020-05-08T17:41:00+02:00,1713.030,1713.130,1712.100,1713.000,190
SQ:XAUUSD,2020-05-08T17:42:00+02:00,1713.000,1714.080,1712.840,1713.840,173
SQ:XAUUSD,2020-05-08T17:43:00+02:00,1713.840,1713.970,1712.840,1712.930,156
SQ:XAUUSD,2020-05-08T17:44:00+02:00,1712.960,1713.490,1712.960,1713.490,168
SQ:XAUUSD,2020-05-08T17:45:00+02:00,1713.490,1714.170,1713.250,1714.110,161
SQ:XAUUSD,2020-05-08T17:46:00+02:00,1714.120,1714.120,1713.150,1713.390,125
SQ:XAUUSD,2020-05-08T17:47:00+02:00,1713.390,1713.770,1712.880,1713.620,99
SQ:XAUUSD,2020-05-08T17:48:00+02:00,1713.610,1714.440,1713.610,1713.930,82
SQ:XAUUSD,2020-05-08T17:49:00+02:00,1713.930,1714.730,1713.580,1714.570,62
SQ:XAUUSD,2020-05-08T17:50:00+02:00,1714.570,1714.780,1714.300,1714.690,162
SQ:XAUUSD,2020-05-08T17:51:00+02:00,1714.690,1715.310,1714.670,1715.140,147
SQ:XAUUSD,2020-05-08T17:52:00+02:00,1715.180,1715.180,1714.530,1714.720,128
SQ:XAUUSD,2020-05-08T17:53:00+02:00,1714.780,1715.330,1714.690,1715.050,111
SQ:XAUUSD,2020-05-08T17:54:00+02:00,1715.040,1715.530,1714.720,1714.750,122
SQ:XAUUSD,2020-05-08T17:55:00+02:00,1714.750,1714.860,1714.450,1714.590,126
SQ:XAUUSD,2020-05-08T17:56:00+02:00,1714.590,1714.790,1714.030,1714.150,120
SQ:XAUUSD,2020-05-08T17:57:00+02:00,1714.150,1714.650,1714.070,1714.470,115
SQ:XAUUSD,2020-05-08T17:58:00+02:00,1714.480,1715.050,1714.300,1714.910,114
SQ:XAUUSD,2020-05-08T17:59:00+02:00,1714.910,1714.910,1714.400,1714.750,121
SQ:XAUUSD,2020-05-08T18:00:00+02:00,1714.770,1715.070,1714.560,1714.670,101
SQ:XAUUSD,2020-05-08T18:01:00+02:00,1714.670,1715.440,1714.630,1714.870,123
SQ:XAUUSD,2020-05-08T18:02:00+02:00,1714.920,1714.960,1714.270,1714.680,120
SQ:XAUUSD,2020-05-08T18:03:00+02:00,1714.690,1714.690,1713.910,1713.930,103
SQ:XAUUSD,2020-05-08T18:04:00+02:00,1713.930,1713.960,1713.550,1713.850,72
SQ:XAUUSD,2020-05-08T18:05:00+02:00,1713.800,1713.860,1711.610,1711.860,229
SQ:XAUUSD,2020-05-08T18:06:00+02:00,1711.730,1712.270,1710.880,1710.910,398
SQ:XAUUSD,2020-05-08T18:07:00+02:00,1710.910,1711.660,1710.180,1710.370,322
SQ:XAUUSD,2020-05-08T18:08:00+02:00,1710.370,1711.340,1709.930,1710.730,234
SQ:XAUUSD,2020-05-08T18:09:00+02:00,1710.690,1711.030,1709.090,1709.800,290
SQ:XAUUSD,2020-05-08T18:10:00+02:00,1709.800,1710.290,1709.090,1709.290,188
SQ:XAUUSD,2020-05-08T18:11:00+02:00,1709.280,1710.340,1709.260,1710.200,170
SQ:XAUUSD,2020-05-08T18:12:00+02:00,1710.230,1710.270,1707.930,1708.820,260
SQ:XAUUSD,2020-05-08T18:13:00+02:00,1708.820,1708.970,1708.280,1708.660,269
SQ:XAUUSD,2020-05-08T18:14:00+02:00,1708.600,1710.100,1708.600,1709.170,269
SQ:XAUUSD,2020-05-08T18:15:00+02:00,1709.150,1710.470,1709.120,1709.680,264
SQ:XAUUSD,2020-05-08T18:16:00+02:00,1709.650,1710.000,1709.190,1709.660,174
SQ:XAUUSD,2020-05-08T18:17:00+02:00,1709.660,1709.900,1709.080,1709.530,140
SQ:XAUUSD,2020-05-08T18:18:00+02:00,1709.530,1710.590,1709.330,1710.590,211
SQ:XAUUSD,2020-05-08T18:19:00+02:00,1710.540,1710.540,1709.750,1710.420,163
SQ:XAUUSD,2020-05-08T18:20:00+02:00,1710.440,1710.560,1710.160,1710.430,149
SQ:XAUUSD,2020-05-08T18:21:00+02:00,1710.430,1710.814,1710.368,1710.736,108
SQ:XAUUSD,2020-05-08T18:22:00+02:00,1710.778,1711.040,1710.210,1710.240,154
SQ:XAUUSD,2020-05-08T18:23:00+02:00,1710.250,1711.200,1710.180,1711.180,204
SQ:XAUUSD,2020-05-08T18:24:00+02:00,1711.176,1711.420,1711.050,1711.120,182
SQ:XAUUSD,2020-05-08T18:25:00+02:00,1711.120,1711.130,1710.730,1710.960,148
SQ:XAUUSD,2020-05-08T18:26:00+02:00,1710.960,1710.980,1710.090,1710.130,97
SQ:XAUUSD,2020-05-08T18:27:00+02:00,1710.130,1710.360,1709.580,1710.270,68
SQ:XAUUSD,2020-05-08T18:28:00+02:00,1710.250,1710.290,1709.600,1709.750,49
SQ:XAUUSD,2020-05-08T18:29:00+02:00,1709.750,1710.080,1709.640,1709.920,52
SQ:XAUUSD,2020-05-08T18:30:00+02:00,1709.950,1710.770,1709.880,1710.670,109
SQ:XAUUSD,2020-05-08T18:31:00+02:00,1710.680,1711.170,1710.570,1711.110,158
SQ:XAUUSD,2020-05-08T18:32:00+02:00,1711.110,1712.060,1710.980,1711.410,164
SQ:XAUUSD,2020-05-08T18:33:00+02:00,1711.360,1711.604,1711.116,1711.116,131
SQ:XAUUSD,2020-05-08T18:34:00+02:00,1711.116,1712.016,1711.070,1711.800,170
SQ:XAUUSD,2020-05-08T18:35:00+02:00,1711.790,1711.880,1711.420,1711.440,98
SQ:XAUUSD,2020-05-08T18:36:00+02:00,1711.440,1711.500,1710.600,1710.710,99
SQ:XAUUSD,2020-05-08T18:37:00+02:00,1710.710,1710.920,1710.480,1710.780,71
SQ:XAUUSD,2020-05-08T18:38:00+02:00,1710.790,1711.510,1710.280,1711.510,122
SQ:XAUUSD,2020-05-08T18:39:00+02:00,1711.550,1711.550,1711.240,1711.260,77
SQ:XAUUSD,2020-05-08T18:40:00+02:00,1711.260,1711.440,1710.820,1711.200,116
SQ:XAUUSD,2020-05-08T18:41:00+02:00,1711.180,1712.260,1710.280,1712.170,238
SQ:XAUUSD,2020-05-08T18:42:00+02:00,1712.130,1712.300,1711.320,1711.380,184
SQ:XAUUSD,2020-05-08T18:43:00+02:00,1711.380,1711.550,1711.000,1711.040,165
SQ:XAUUSD,2020-05-08T18:44:00+02:00,1711.040,1711.820,1710.920,1711.640,113
SQ:XAUUSD,2020-05-08T18:45:00+02:00,1711.530,1712.050,1711.530,1711.870,98
SQ:XAUUSD,2020-05-08T18:46:00+02:00,1711.890,1712.040,1711.610,1711.710,114
SQ:XAUUSD,2020-05-08T18:47:00+02:00,1711.700,1711.960,1711.560,1711.960,128
SQ:XAUUSD,2020-05-08T18:48:00+02:00,1711.950,1712.210,1711.750,1711.750,57
SQ:XAUUSD,2020-05-08T18:49:00+02:00,1711.750,1711.800,1711.460,1711.730,66
SQ:XAUUSD,2020-05-08T18:50:00+02:00,1711.730,1712.140,1710.830,1710.870,57
SQ:XAUUSD,2020-05-08T18:51:00+02:00,1710.870,1711.140,1710.720,1710.730,60
SQ:XAUUSD,2020-05-08T18:52:00+02:00,1710.710,1710.800,1708.960,1709.200,169
SQ:XAUUSD,2020-05-08T18:53:00+02:00,1709.200,1710.200,1709.090,1709.900,130
SQ:XAUUSD,2020-05-08T18:54:00+02:00,1709.960,1710.120,1709.570,1709.810,174
SQ:XAUUSD,2020-05-08T18:55:00+02:00,1709.760,1710.160,1709.660,1710.150,56
SQ:XAUUSD,2020-05-08T18:56:00+02:00,1710.240,1710.460,1709.140,1709.140,71
SQ:XAUUSD,2020-05-08T18:57:00+02:00,1709.030,1710.030,1708.630,1709.300,121
SQ:XAUUSD,2020-05-08T18:58:00+02:00,1709.300,1709.520,1709.030,1709.230,114
SQ:XAUUSD,2020-05-08T18:59:00+02:00,1709.230,1709.850,1709.210,1709.620,50
SQ:XAUUSD,2020-05-08T19:00:00+02:00,1709.670,1709.760,1708.790,1709.750,75
SQ:XAUUSD,2020-05-08T19:01:00+02:00,1709.730,1709.850,1708.800,1708.960,80
SQ:XAUUSD,2020-05-08T19:02:00+02:00,1708.960,1709.200,1708.830,1709.070,72
SQ:XAUUSD,2020-05-08T19:03:00+02:00,1709.070,1709.180,1708.860,1708.860,42
SQ:XAUUSD,2020-05-08T19:04:00+02:00,1708.860,1709.070,1708.840,1709.000,42
SQ:XAUUSD,2020-05-08T19:05:00+02:00,1708.990,1710.170,1708.930,1709.460,122
SQ:XAUUSD,2020-05-08T19:06:00+02:00,1709.460,1710.080,1709.460,1709.660,114
SQ:XAUUSD,2020-05-08T19:07:00+02:00,1709.660,1710.300,1709.170,1709.560,99
SQ:XAUUSD,2020-05-08T19:08:00+02:00,1709.560,1709.580,1708.950,1709.540,134
SQ:XAUUSD,2020-05-08T19:09:00+02:00,1709.540,1710.750,1709.540,1710.390,162
SQ:XAUUSD,2020-05-08T19:10:00+02:00,1710.390,1710.940,1710.250,1710.390,134
SQ:XAUUSD,2020-05-08T19:11:00+02:00,1710.400,1710.880,1710.370,1710.880,144
SQ:XAUUSD,2020-05-08T19:12:00+02:00,1710.680,1710.950,1709.750,1709.870,91
SQ:XAUUSD,2020-05-08T19:13:00+02:00,1709.870,1710.550,1709.870,1710.350,136
SQ:XAUUSD,2020-05-08T19:14:00+02:00,1710.350,1710.460,1710.090,1710.310,103
SQ:XAUUSD,2020-05-08T19:15:00+02:00,1710.310,1710.810,1710.150,1710.290,78
SQ:XAUUSD,2020-05-08T19:16:00+02:00,1710.290,1710.290,1709.540,1709.800,101
SQ:XAUUSD,2020-05-08T19:17:00+02:00,1709.760,1710.410,1709.760,1709.940,104
SQ:XAUUSD,2020-05-08T19:18:00+02:00,1709.940,1709.940,1709.170,1709.580,157
SQ:XAUUSD,2020-05-08T19:19:00+02:00,1709.590,1709.870,1709.580,1709.740,65
SQ:XAUUSD,2020-05-08T19:20:00+02:00,1709.740,1709.930,1709.140,1709.710,107
SQ:XAUUSD,2020-05-08T19:21:00+02:00,1709.660,1709.830,1709.540,1709.690,63
SQ:XAUUSD,2020-05-08T19:22:00+02:00,1709.700,1710.590,1709.660,1709.840,180
SQ:XAUUSD,2020-05-08T19:23:00+02:00,1709.840,1710.370,1709.610,1710.150,171
SQ:XAUUSD,2020-05-08T19:24:00+02:00,1710.130,1710.500,1710.070,1710.190,148
SQ:XAUUSD,2020-05-08T19:25:00+02:00,1710.190,1710.430,1710.040,1710.200,113
SQ:XAUUSD,2020-05-08T19:26:00+02:00,1710.220,1710.770,1709.970,1710.370,99
SQ:XAUUSD,2020-05-08T19:27:00+02:00,1710.310,1710.650,1709.350,1709.410,184
SQ:XAUUSD,2020-05-08T19:28:00+02:00,1709.410,1710.800,1709.410,1710.140,173
SQ:XAUUSD,2020-05-08T19:29:00+02:00,1710.140,1710.160,1708.420,1708.960,344
SQ:XAUUSD,2020-05-08T19:30:00+02:00,1708.890,1709.490,1708.460,1708.650,239
SQ:XAUUSD,2020-05-08T19:31:00+02:00,1708.670,1709.270,1708.610,1709.100,134
SQ:XAUUSD,2020-05-08T19:32:00+02:00,1709.100,1709.920,1709.100,1709.490,150
SQ:XAUUSD,2020-05-08T19:33:00+02:00,1709.490,1709.510,1709.080,1709.250,71
SQ:XAUUSD,2020-05-08T19:34:00+02:00,1709.290,1710.230,1709.110,1709.780,124
SQ:XAUUSD,2020-05-08T19:35:00+02:00,1709.780,1709.930,1709.310,1709.310,42
SQ:XAUUSD,2020-05-08T19:36:00+02:00,1709.350,1709.720,1708.500,1709.380,164
SQ:XAUUSD,2020-05-08T19:37:00+02:00,1709.380,1709.450,1708.520,1708.530,65
SQ:XAUUSD,2020-05-08T19:38:00+02:00,1708.530,1708.530,1707.170,1707.900,205
SQ:XAUUSD,2020-05-08T19:39:00+02:00,1707.920,1708.040,1707.320,1707.790,264
SQ:XAUUSD,2020-05-08T19:40:00+02:00,1707.810,1708.480,1707.320,1708.470,180
SQ:XAUUSD,2020-05-08T19:41:00+02:00,1708.470,1708.930,1708.120,1708.520,80
SQ:XAUUSD,2020-05-08T19:42:00+02:00,1708.530,1708.960,1708.420,1708.490,40
SQ:XAUUSD,2020-05-08T19:43:00+02:00,1708.490,1708.840,1708.460,1708.650,36
SQ:XAUUSD,2020-05-08T19:44:00+02:00,1708.650,1709.250,1708.640,1709.150,64
SQ:XAUUSD,2020-05-08T19:45:00+02:00,1709.150,1709.230,1708.770,1708.790,30
SQ:XAUUSD,2020-05-08T19:46:00+02:00,1708.790,1708.790,1708.160,1708.230,44
SQ:XAUUSD,2020-05-08T19:47:00+02:00,1708.230,1708.550,1708.180,1708.330,37
SQ:XAUUSD,2020-05-08T19:48:00+02:00,1708.300,1708.930,1708.300,1708.830,40
SQ:XAUUSD,2020-05-08T19:49:00+02:00,1708.830,1708.830,1707.450,1707.530,89
SQ:XAUUSD,2020-05-08T19:50:00+02:00,1707.530,1708.450,1707.530,1708.360,67
SQ:XAUUSD,2020-05-08T19:51:00+02:00,1708.360,1708.360,1707.900,1707.940,54
SQ:XAUUSD,2020-05-08T19:52:00+02:00,1707.990,1708.430,1707.940,1708.120,105
SQ:XAUUSD,2020-05-08T19:53:00+02:00,1708.120,1708.540,1707.910,1708.390,197
SQ:XAUUSD,2020-05-08T19:54:00+02:00,1708.390,1708.580,1707.970,1708.200,163
SQ:XAUUSD,2020-05-08T19:55:00+02:00,1708.230,1708.300,1707.870,1708.090,148
SQ:XAUUSD,2020-05-08T19:56:00+02:00,1708.080,1708.380,1707.950,1708.160,195
SQ:XAUUSD,2020-05-08T19:57:00+02:00,1708.150,1708.240,1707.770,1708.160,137
SQ:XAUUSD,2020-05-08T19:58:00+02:00,1708.160,1708.450,1708.060,1708.340,98
SQ:XAUUSD,2020-05-08T19:59:00+02:00,1708.340,1708.940,1708.320,1708.810,94
SQ:XAUUSD,2020-05-08T20:00:00+02:00,1708.810,1708.900,1708.530,1708.640,120
SQ:XAUUSD,2020-05-08T20:01:00+02:00,1708.640,1708.980,1708.370,1708.780,111
SQ:XAUUSD,2020-05-08T20:02:00+02:00,1708.780,1708.900,1708.400,1708.400,116
SQ:XAUUSD,2020-05-08T20:03:00+02:00,1708.410,1708.640,1708.300,1708.500,65
SQ:XAUUSD,2020-05-08T20:04:00+02:00,1708.400,1708.510,1707.870,1707.970,122
SQ:XAUUSD,2020-05-08T20:05:00+02:00,1707.900,1708.470,1707.870,1708.090,199
SQ:XAUUSD,2020-05-08T20:06:00+02:00,1708.180,1708.600,1708.020,1708.420,97
SQ:XAUUSD,2020-05-08T20:07:00+02:00,1708.470,1708.510,1707.920,1707.940,132
SQ:XAUUSD,2020-05-08T20:08:00+02:00,1707.930,1708.490,1707.830,1708.190,208
SQ:XAUUSD,2020-05-08T20:09:00+02:00,1708.162,1708.300,1707.560,1707.640,136
SQ:XAUUSD,2020-05-08T20:10:00+02:00,1707.660,1707.690,1703.450,1703.890,606
SQ:XAUUSD,2020-05-08T20:11:00+02:00,1703.860,1705.130,1703.750,1704.750,178
SQ:XAUUSD,2020-05-08T20:12:00+02:00,1704.750,1704.770,1703.370,1703.870,143
SQ:XAUUSD,2020-05-08T20:13:00+02:00,1703.870,1704.820,1703.870,1704.450,100
SQ:XAUUSD,2020-05-08T20:14:00+02:00,1704.530,1704.530,1703.580,1704.040,113
SQ:XAUUSD,2020-05-08T20:15:00+02:00,1704.040,1705.440,1703.880,1705.020,229
SQ:XAUUSD,2020-05-08T20:16:00+02:00,1705.020,1705.690,1704.870,1705.500,156
SQ:XAUUSD,2020-05-08T20:17:00+02:00,1705.500,1705.680,1704.800,1704.890,209
SQ:XAUUSD,2020-05-08T20:18:00+02:00,1704.890,1705.770,1704.800,1705.230,231
SQ:XAUUSD,2020-05-08T20:19:00+02:00,1705.300,1706.490,1705.300,1706.310,159
SQ:XAUUSD,2020-05-08T20:20:00+02:00,1706.460,1706.870,1705.700,1706.090,208
SQ:XAUUSD,2020-05-08T20:21:00+02:00,1706.140,1706.350,1705.480,1705.720,167
SQ:XAUUSD,2020-05-08T20:22:00+02:00,1705.720,1705.720,1705.080,1705.310,60
SQ:XAUUSD,2020-05-08T20:23:00+02:00,1705.310,1705.540,1704.860,1704.970,180
SQ:XAUUSD,2020-05-08T20:24:00+02:00,1704.960,1705.600,1704.520,1704.580,286
SQ:XAUUSD,2020-05-08T20:25:00+02:00,1704.760,1705.750,1704.200,1705.420,396
SQ:XAUUSD,2020-05-08T20:26:00+02:00,1705.390,1705.810,1704.830,1704.950,163
SQ:XAUUSD,2020-05-08T20:27:00+02:00,1704.960,1705.290,1704.800,1704.880,127
SQ:XAUUSD,2020-05-08T20:28:00+02:00,1704.880,1705.270,1704.670,1705.000,158
SQ:XAUUSD,2020-05-08T20:29:00+02:00,1705.000,1705.450,1704.790,1705.200,124
SQ:XAUUSD,2020-05-08T20:30:00+02:00,1705.200,1705.470,1704.770,1704.860,129
SQ:XAUUSD,2020-05-08T20:31:00+02:00,1704.840,1705.290,1704.630,1705.060,157
SQ:XAUUSD,2020-05-08T20:32:00+02:00,1705.080,1705.500,1704.610,1704.850,263
SQ:XAUUSD,2020-05-08T20:33:00+02:00,1704.850,1705.140,1704.660,1704.850,98
SQ:XAUUSD,2020-05-08T20:34:00+02:00,1704.850,1704.850,1704.380,1704.670,77
SQ:XAUUSD,2020-05-08T20:35:00+02:00,1704.670,1704.820,1704.350,1704.470,129
SQ:XAUUSD,2020-05-08T20:36:00+02:00,1704.480,1704.800,1704.170,1704.670,211
SQ:XAUUSD,2020-05-08T20:37:00+02:00,1704.680,1704.850,1704.310,1704.620,159
SQ:XAUUSD,2020-05-08T20:38:00+02:00,1704.620,1704.780,1704.390,1704.440,159
SQ:XAUUSD,2020-05-08T20:39:00+02:00,1704.440,1704.930,1704.410,1704.500,131
SQ:XAUUSD,2020-05-08T20:40:00+02:00,1704.560,1704.760,1704.380,1704.580,136
SQ:XAUUSD,2020-05-08T20:41:00+02:00,1704.580,1704.820,1704.310,1704.760,111
SQ:XAUUSD,2020-05-08T20:42:00+02:00,1704.770,1705.490,1704.770,1705.250,176
SQ:XAUUSD,2020-05-08T20:43:00+02:00,1705.250,1705.310,1704.680,1704.900,140
SQ:XAUUSD,2020-05-08T20:44:00+02:00,1704.860,1705.110,1704.560,1704.830,154
SQ:XAUUSD,2020-05-08T20:45:00+02:00,1704.800,1705.400,1704.600,1705.380,136
SQ:XAUUSD,2020-05-08T20:46:00+02:00,1705.180,1705.390,1704.570,1704.720,105
SQ:XAUUSD,2020-05-08T20:47:00+02:00,1704.780,1705.070,1704.600,1704.750,152
SQ:XAUUSD,2020-05-08T20:48:00+02:00,1704.730,1705.180,1704.310,1704.460,175
SQ:XAUUSD,2020-05-08T20:49:00+02:00,1704.460,1705.100,1704.460,1704.940,104
SQ:XAUUSD,2020-05-08T20:50:00+02:00,1704.930,1704.930,1704.330,1704.490,93
SQ:XAUUSD,2020-05-08T20:51:00+02:00,1704.480,1704.950,1704.480,1704.940,63
SQ:XAUUSD,2020-05-08T20:52:00+02:00,1704.940,1705.110,1704.530,1705.000,80
SQ:XAUUSD,2020-05-08T20:53:00+02:00,1705.020,1705.020,1704.460,1704.460,70
SQ:XAUUSD,2020-05-08T20:54:00+02:00,1704.460,1704.690,1704.320,1704.590,33
SQ:XAUUSD,2020-05-08T20:55:00+02:00,1704.590,1704.680,1704.390,1704.430,58
SQ:XAUUSD,2020-05-08T20:56:00+02:00,1704.430,1704.440,1703.360,1703.670,170
SQ:XAUUSD,2020-05-08T20:57:00+02:00,1703.670,1704.600,1703.670,1704.420,114
SQ:XAUUSD,2020-05-08T20:58:00+02:00,1704.370,1705.380,1704.370,1705.200,121
SQ:XAUUSD,2020-05-08T20:59:00+02:00,1705.280,1705.370,1704.380,1704.490,152
SQ:XAUUSD,2020-05-08T21:00:00+02:00,1704.490,1704.950,1703.970,1704.100,194
SQ:XAUUSD,2020-05-08T21:01:00+02:00,1704.100,1705.040,1703.980,1704.810,91
SQ:XAUUSD,2020-05-08T21:02:00+02:00,1704.830,1704.890,1704.600,1704.890,61
SQ:XAUUSD,2020-05-08T21:03:00+02:00,1704.890,1705.230,1704.590,1704.670,68
SQ:XAUUSD,2020-05-08T21:04:00+02:00,1704.690,1704.830,1704.280,1704.380,95
SQ:XAUUSD,2020-05-08T21:05:00+02:00,1704.400,1704.610,1703.530,1703.800,126
SQ:XAUUSD,2020-05-08T21:06:00+02:00,1703.940,1704.000,1703.590,1703.950,99
SQ:XAUUSD,2020-05-08T21:07:00+02:00,1703.930,1704.310,1703.320,1703.680,125
SQ:XAUUSD,2020-05-08T21:08:00+02:00,1703.680,1703.890,1703.330,1703.350,99
SQ:XAUUSD,2020-05-08T21:09:00+02:00,1703.350,1703.450,1702.682,1702.820,133
SQ:XAUUSD,2020-05-08T21:10:00+02:00,1702.820,1702.920,1702.600,1702.600,97
SQ:XAUUSD,2020-05-08T21:11:00+02:00,1702.600,1702.800,1702.600,1702.800,87
SQ:XAUUSD,2020-05-08T21:12:00+02:00,1702.790,1703.170,1702.770,1703.060,120
SQ:XAUUSD,2020-05-08T21:13:00+02:00,1703.060,1703.320,1702.780,1702.840,85
SQ:XAUUSD,2020-05-08T21:14:00+02:00,1702.840,1703.050,1702.620,1702.940,90
SQ:XAUUSD,2020-05-08T21:15:00+02:00,1702.930,1703.230,1702.670,1702.680,103
SQ:XAUUSD,2020-05-08T21:16:00+02:00,1702.680,1702.970,1702.510,1702.530,110
SQ:XAUUSD,2020-05-08T21:17:00+02:00,1702.530,1703.010,1702.500,1702.960,104
SQ:XAUUSD,2020-05-08T21:18:00+02:00,1702.960,1703.160,1702.862,1702.974,141
SQ:XAUUSD,2020-05-08T21:19:00+02:00,1702.970,1703.550,1702.658,1703.550,141
SQ:XAUUSD,2020-05-08T21:20:00+02:00,1703.550,1703.860,1703.400,1703.690,145
SQ:XAUUSD,2020-05-08T21:21:00+02:00,1703.690,1703.830,1703.220,1703.360,227
SQ:XAUUSD,2020-05-08T21:22:00+02:00,1703.350,1703.380,1702.820,1703.210,174
SQ:XAUUSD,2020-05-08T21:23:00+02:00,1702.960,1703.230,1702.820,1703.000,136
SQ:XAUUSD,2020-05-08T21:24:00+02:00,1702.860,1703.162,1702.830,1703.118,95
SQ:XAUUSD,2020-05-08T21:25:00+02:00,1703.088,1703.130,1701.340,1702.380,245
SQ:XAUUSD,2020-05-08T21:26:00+02:00,1702.330,1702.540,1701.750,1701.760,215
SQ:XAUUSD,2020-05-08T21:27:00+02:00,1701.910,1702.040,1701.540,1701.810,161
SQ:XAUUSD,2020-05-08T21:28:00+02:00,1701.750,1702.700,1701.570,1702.470,242
SQ:XAUUSD,2020-05-08T21:29:00+02:00,1702.460,1702.620,1702.050,1702.300,138
SQ:XAUUSD,2020-05-08T21:30:00+02:00,1702.300,1702.620,1702.190,1702.430,196
SQ:XAUUSD,2020-05-08T21:31:00+02:00,1702.430,1702.770,1702.300,1702.660,133
SQ:XAUUSD,2020-05-08T21:32:00+02:00,1702.660,1703.810,1702.650,1703.370,148
SQ:XAUUSD,2020-05-08T21:33:00+02:00,1703.370,1703.860,1703.370,1703.790,150
SQ:XAUUSD,2020-05-08T21:34:00+02:00,1703.800,1705.150,1703.620,1705.010,209
SQ:XAUUSD,2020-05-08T21:35:00+02:00,1705.060,1705.690,1705.000,1705.470,180
SQ:XAUUSD,2020-05-08T21:36:00+02:00,1705.460,1705.790,1705.150,1705.430,218
SQ:XAUUSD,2020-05-08T21:37:00+02:00,1705.430,1705.640,1704.960,1705.340,97
SQ:XAUUSD,2020-05-08T21:38:00+02:00,1705.340,1705.470,1705.020,1705.150,71
SQ:XAUUSD,2020-05-08T21:39:00+02:00,1705.140,1705.300,1704.790,1705.060,138
SQ:XAUUSD,2020-05-08T21:40:00+02:00,1705.060,1705.350,1704.830,1704.880,195
SQ:XAUUSD,2020-05-08T21:41:00+02:00,1704.880,1705.062,1704.732,1704.990,74
SQ:XAUUSD,2020-05-08T21:42:00+02:00,1704.990,1705.200,1704.650,1704.730,122
SQ:XAUUSD,2020-05-08T21:43:00+02:00,1704.700,1704.890,1704.470,1704.610,86
SQ:XAUUSD,2020-05-08T21:44:00+02:00,1704.610,1705.300,1704.610,1705.200,95
SQ:XAUUSD,2020-05-08T21:45:00+02:00,1705.206,1705.360,1704.730,1704.730,86
SQ:XAUUSD,2020-05-08T21:46:00+02:00,1704.730,1705.078,1704.730,1705.008,86
SQ:XAUUSD,2020-05-08T21:47:00+02:00,1704.896,1705.180,1704.800,1705.180,137
SQ:XAUUSD,2020-05-08T21:48:00+02:00,1705.210,1705.480,1704.950,1705.010,157
SQ:XAUUSD,2020-05-08T21:49:00+02:00,1705.030,1705.410,1704.920,1705.378,130
SQ:XAUUSD,2020-05-08T21:50:00+02:00,1705.378,1705.500,1704.990,1705.118,157
SQ:XAUUSD,2020-05-08T21:51:00+02:00,1705.118,1705.538,1704.880,1705.100,126
SQ:XAUUSD,2020-05-08T21:52:00+02:00,1705.100,1705.230,1704.740,1705.020,132
SQ:XAUUSD,2020-05-08T21:53:00+02:00,1705.000,1705.510,1705.000,1705.340,149
SQ:XAUUSD,2020-05-08T21:54:00+02:00,1705.340,1705.900,1705.150,1705.780,166
SQ:XAUUSD,2020-05-08T21:55:00+02:00,1705.780,1706.360,1705.626,1706.002,239
SQ:XAUUSD,2020-05-08T21:56:00+02:00,1705.960,1706.440,1705.830,1705.980,191
SQ:XAUUSD,2020-05-08T21:57:00+02:00,1706.000,1706.460,1705.650,1706.200,196
SQ:XAUUSD,2020-05-08T21:58:00+02:00,1706.190,1706.430,1705.870,1706.140,244
SQ:XAUUSD,2020-05-08T21:59:00+02:00,1706.130,1706.710,1706.030,1706.510,237
SQ:XAUUSD,2020-05-08T22:00:00+02:00,1706.510,1706.680,1706.058,1706.510,89
SQ:XAUUSD,2020-05-08T22:01:00+02:00,1706.600,1706.650,1705.890,1705.970,47
SQ:XAUUSD,2020-05-08T22:02:00+02:00,1705.970,1706.030,1705.320,1705.460,27
SQ:XAUUSD,2020-05-08T22:03:00+02:00,1705.500,1705.590,1705.400,1705.460,15
SQ:XAUUSD,2020-05-08T22:04:00+02:00,1705.460,1705.600,1705.340,1705.600,16
SQ:XAUUSD,2020-05-08T22:05:00+02:00,1705.510,1705.740,1705.360,1705.740,18
SQ:XAUUSD,2020-05-08T22:06:00+02:00,1705.740,1705.760,1705.040,1705.040,26
SQ:XAUUSD,2020-05-08T22:07:00+02:00,1705.120,1705.290,1705.030,1705.030,23
SQ:XAUUSD,2020-05-08T22:08:00+02:00,1705.030,1705.410,1704.910,1705.400,17
SQ:XAUUSD,2020-05-08T22:09:00+02:00,1705.400,1705.510,1705.170,1705.380,18
SQ:XAUUSD,2020-05-08T22:10:00+02:00,1705.380,1705.830,1705.380,1705.780,28
SQ:XAUUSD,2020-05-08T22:11:00+02:00,1705.780,1705.970,1705.750,1705.940,20
SQ:XAUUSD,2020-05-08T22:12:00+02:00,1705.930,1706.000,1705.650,1705.650,18
SQ:XAUUSD,2020-05-08T22:13:00+02:00,1705.640,1705.700,1705.470,1705.690,19
SQ:XAUUSD,2020-05-08T22:14:00+02:00,1705.690,1705.700,1705.290,1705.580,25
SQ:XAUUSD,2020-05-08T22:15:00+02:00,1705.590,1705.660,1705.370,1705.400,15
SQ:XAUUSD,2020-05-08T22:16:00+02:00,1705.390,1705.510,1705.360,1705.460,23
SQ:XAUUSD,2020-05-08T22:17:00+02:00,1705.460,1705.500,1705.430,1705.490,14
SQ:XAUUSD,2020-05-08T22:18:00+02:00,1705.490,1705.570,1705.490,1705.570,10
SQ:XAUUSD,2020-05-08T22:19:00+02:00,1705.620,1705.830,1705.590,1705.660,19
SQ:XAUUSD,2020-05-08T22:20:00+02:00,1705.660,1705.660,1705.210,1705.340,14
SQ:XAUUSD,2020-05-08T22:21:00+02:00,1705.370,1705.430,1705.040,1705.040,20
SQ:XAUUSD,2020-05-08T22:22:00+02:00,1705.040,1705.310,1704.920,1705.270,20
SQ:XAUUSD,2020-05-08T22:23:00+02:00,1705.300,1705.530,1705.130,1705.430,25
SQ:XAUUSD,2020-05-08T22:24:00+02:00,1705.420,1705.700,1705.220,1705.270,23
SQ:XAUUSD,2020-05-08T22:25:00+02:00,1705.290,1705.380,1705.010,1705.060,19
SQ:XAUUSD,2020-05-08T22:26:00+02:00,1705.060,1705.340,1705.060,1705.330,14
SQ:XAUUSD,2020-05-08T22:27:00+02:00,1705.330,1705.330,1704.930,1705.190,18
SQ:XAUUSD,2020-05-08T22:28:00+02:00,1705.300,1705.590,1705.170,1705.590,15
SQ:XAUUSD,2020-05-08T22:29:00+02:00,1705.550,1705.550,1704.600,1704.600,42
SQ:XAUUSD,2020-05-08T22:30:00+02:00,1704.600,1704.740,1703.160,1703.160,101
SQ:XAUUSD,2020-05-08T22:31:00+02:00,1703.160,1703.300,1702.800,1702.826,26
SQ:XAUUSD,2020-05-08T22:32:00+02:00,1702.890,1703.370,1702.690,1702.710,39
SQ:XAUUSD,2020-05-08T22:33:00+02:00,1702.710,1702.900,1702.430,1702.820,111
SQ:XAUUSD,2020-05-08T22:34:00+02:00,1702.820,1703.370,1702.740,1703.340,30
SQ:XAUUSD,2020-05-08T22:35:00+02:00,1703.340,1703.530,1703.340,1703.350,9
SQ:XAUUSD,2020-05-08T22:36:00+02:00,1703.350,1703.350,1702.910,1703.230,25
SQ:XAUUSD,2020-05-08T22:37:00+02:00,1703.290,1703.390,1702.910,1703.210,22
SQ:XAUUSD,2020-05-08T22:38:00+02:00,1703.210,1703.620,1702.950,1703.310,27
SQ:XAUUSD,2020-05-08T22:39:00+02:00,1703.310,1703.980,1703.310,1703.610,44
SQ:XAUUSD,2020-05-08T22:40:00+02:00,1703.610,1704.290,1703.410,1703.770,62
SQ:XAUUSD,2020-05-08T22:41:00+02:00,1703.770,1704.320,1703.700,1704.110,30
SQ:XAUUSD,2020-05-08T22:42:00+02:00,1704.110,1704.590,1703.900,1704.090,80
SQ:XAUUSD,2020-05-08T22:43:00+02:00,1704.090,1704.730,1703.650,1703.860,177
SQ:XAUUSD,2020-05-08T22:44:00+02:00,1704.720,1704.720,1703.530,1704.070,63
SQ:XAUUSD,2020-05-08T22:45:00+02:00,1704.040,1704.040,1702.766,1702.862,33
SQ:XAUUSD,2020-05-08T22:46:00+02:00,1702.822,1703.340,1702.736,1703.060,28
SQ:XAUUSD,2020-05-08T22:47:00+02:00,1703.060,1703.060,1702.850,1703.040,14
SQ:XAUUSD,2020-05-08T22:48:00+02:00,1703.040,1703.412,1702.530,1702.704,29
SQ:XAUUSD,2020-05-08T22:49:00+02:00,1702.700,1702.800,1702.060,1702.060,71
SQ:XAUUSD,2020-05-08T22:50:00+02:00,1702.050,1702.480,1700.220,1700.650,50
SQ:XAUUSD,2020-05-08T22:51:00+02:00,1700.650,1702.030,1700.650,1702.030,15
SQ:XAUUSD,2020-05-08T22:52:00+02:00,1702.030,1702.030,1701.186,1701.220,17
SQ:XAUUSD,2020-05-08T22:53:00+02:00,1701.220,1701.440,1701.030,1701.330,16
SQ:XAUUSD,2020-05-08T22:54:00+02:00,1701.290,1701.750,1700.530,1701.040,29
