SQ:USDSEK,2022-01-05T00:00:00+01:00,9.08466,9.08690,9.08322,9.08590,51
SQ:USDSEK,2022-01-05T00:01:00+01:00,9.08712,9.09133,9.08712,9.08920,68
SQ:USDSEK,2022-01-05T00:02:00+01:00,9.08930,9.08930,9.08784,9.08784,4
SQ:USDSEK,2022-01-05T00:03:00+01:00,9.08784,9.08810,9.08784,9.08810,13
SQ:USDSEK,2022-01-05T00:04:00+01:00,9.08830,9.08830,9.08830,9.08830,1
SQ:USDSEK,2022-01-05T00:05:00+01:00,9.08830,9.08900,9.08810,9.08810,204
SQ:USDSEK,2022-01-05T00:06:00+01:00,9.08810,9.08990,9.08810,9.08850,253
SQ:USDSEK,2022-01-05T00:07:00+01:00,9.08850,9.08950,9.08810,9.08860,46
SQ:USDSEK,2022-01-05T00:08:00+01:00,9.08850,9.08960,9.08850,9.08873,23
SQ:USDSEK,2022-01-05T00:09:00+01:00,9.08910,9.09000,9.08910,9.09000,10
SQ:USDSEK,2022-01-05T00:10:00+01:00,9.08990,9.09020,9.08890,9.09020,26
SQ:USDSEK,2022-01-05T00:11:00+01:00,9.09030,9.09030,9.08890,9.08910,31
SQ:USDSEK,2022-01-05T00:12:00+01:00,9.08900,9.08920,9.08900,9.08920,13
SQ:USDSEK,2022-01-05T00:13:00+01:00,9.08920,9.09146,9.08890,9.09146,12
SQ:USDSEK,2022-01-05T00:14:00+01:00,9.09146,9.09146,9.09138,9.09138,2
SQ:USDSEK,2022-01-05T00:15:00+01:00,9.09138,9.09146,9.09138,9.09146,2
SQ:USDSEK,2022-01-05T00:16:00+01:00,9.09123,9.09162,9.09123,9.09162,2
SQ:USDSEK,2022-01-05T00:17:00+01:00,9.09069,9.09184,9.09069,9.09184,2
SQ:USDSEK,2022-01-05T00:18:00+01:00,9.09184,9.09184,9.09161,9.09161,2
SQ:USDSEK,2022-01-05T00:19:00+01:00,9.09161,9.09196,9.09031,9.09196,5
SQ:USDSEK,2022-01-05T00:20:00+01:00,9.09196,9.09209,9.09196,9.09209,2
SQ:USDSEK,2022-01-05T00:21:00+01:00,9.09212,9.09212,9.09212,9.09212,1
SQ:USDSEK,2022-01-05T00:22:00+01:00,9.09212,9.09230,9.09212,9.09230,2
SQ:USDSEK,2022-01-05T00:23:00+01:00,9.09218,9.09218,9.09218,9.09218,1
SQ:USDSEK,2022-01-05T00:24:00+01:00,9.09212,9.09212,9.09212,9.09212,1
SQ:USDSEK,2022-01-05T00:25:00+01:00,9.09212,9.09212,9.09176,9.09176,2
SQ:USDSEK,2022-01-05T00:26:00+01:00,9.09176,9.09350,9.09176,9.09242,24
SQ:USDSEK,2022-01-05T00:27:00+01:00,9.09139,9.09356,9.09132,9.09221,18
SQ:USDSEK,2022-01-05T00:28:00+01:00,9.09221,9.09221,9.09125,9.09125,2
SQ:USDSEK,2022-01-05T00:29:00+01:00,9.09124,9.09192,9.09124,9.09192,2
SQ:USDSEK,2022-01-05T00:30:00+01:00,9.09192,9.09303,9.09192,9.09224,3
SQ:USDSEK,2022-01-05T00:31:00+01:00,9.09230,9.09260,9.09208,9.09208,13
SQ:USDSEK,2022-01-05T00:32:00+01:00,9.09208,9.09216,9.09208,9.09216,2
SQ:USDSEK,2022-01-05T00:33:00+01:00,9.09202,9.09202,9.09202,9.09202,1
SQ:USDSEK,2022-01-05T00:34:00+01:00,9.09207,9.09207,9.09207,9.09207,1
SQ:USDSEK,2022-01-05T00:35:00+01:00,9.09225,9.09225,9.09225,9.09225,1
SQ:USDSEK,2022-01-05T00:36:00+01:00,9.09234,9.09234,9.09234,9.09234,1
SQ:USDSEK,2022-01-05T00:37:00+01:00,9.09234,9.09234,9.09123,9.09130,13
SQ:USDSEK,2022-01-05T00:38:00+01:00,9.09123,9.09160,9.09113,9.09140,13
SQ:USDSEK,2022-01-05T00:39:00+01:00,9.09140,9.09140,9.09068,9.09131,3
SQ:USDSEK,2022-01-05T00:40:00+01:00,9.09050,9.09201,9.09050,9.09143,5
SQ:USDSEK,2022-01-05T00:41:00+01:00,9.09187,9.09187,9.09111,9.09122,5
SQ:USDSEK,2022-01-05T00:42:00+01:00,9.09123,9.09123,9.09123,9.09123,1
SQ:USDSEK,2022-01-05T00:43:00+01:00,9.09123,9.09210,9.09123,9.09169,11
SQ:USDSEK,2022-01-05T00:44:00+01:00,9.09169,9.09250,9.09169,9.09210,14
SQ:USDSEK,2022-01-05T00:45:00+01:00,9.09200,9.09260,9.09130,9.09215,10
SQ:USDSEK,2022-01-05T00:46:00+01:00,9.09215,9.09353,9.09211,9.09270,30
SQ:USDSEK,2022-01-05T00:47:00+01:00,9.09260,9.09382,9.09213,9.09382,6
SQ:USDSEK,2022-01-05T00:48:00+01:00,9.09289,9.09364,9.09289,9.09364,2
SQ:USDSEK,2022-01-05T00:49:00+01:00,9.09363,9.09363,9.09363,9.09363,1
SQ:USDSEK,2022-01-05T00:50:00+01:00,9.09310,9.09423,9.09310,9.09362,5
SQ:USDSEK,2022-01-05T00:51:00+01:00,9.09428,9.09428,9.09428,9.09428,1
SQ:USDSEK,2022-01-05T00:52:00+01:00,9.09428,9.09428,9.09428,9.09428,1
SQ:USDSEK,2022-01-05T00:53:00+01:00,9.09370,9.09370,9.09256,9.09256,4
SQ:USDSEK,2022-01-05T00:54:00+01:00,9.09253,9.09253,9.09253,9.09253,1
SQ:USDSEK,2022-01-05T00:55:00+01:00,9.09217,9.09288,9.09217,9.09288,3
SQ:USDSEK,2022-01-05T00:57:00+01:00,9.09308,9.09311,9.09308,9.09311,2
SQ:USDSEK,2022-01-05T00:59:00+01:00,9.09368,9.09368,9.09368,9.09368,1
SQ:USDSEK,2022-01-05T01:02:00+01:00,9.09366,9.09441,9.09351,9.09375,9
SQ:USDSEK,2022-01-05T01:03:00+01:00,9.09332,9.09332,9.09332,9.09332,1
SQ:USDSEK,2022-01-05T01:04:00+01:00,9.09326,9.09326,9.09326,9.09326,1
SQ:USDSEK,2022-01-05T01:05:00+01:00,9.09326,9.09382,9.09311,9.09382,3
SQ:USDSEK,2022-01-05T01:06:00+01:00,9.09381,9.09381,9.09352,9.09360,4
SQ:USDSEK,2022-01-05T01:07:00+01:00,9.09352,9.09352,9.09261,9.09261,4
SQ:USDSEK,2022-01-05T01:08:00+01:00,9.09251,9.09251,9.09195,9.09195,2
SQ:USDSEK,2022-01-05T01:09:00+01:00,9.09163,9.09163,9.09163,9.09163,1
SQ:USDSEK,2022-01-05T01:10:00+01:00,9.09187,9.09203,9.09187,9.09203,2
SQ:USDSEK,2022-01-05T01:11:00+01:00,9.09203,9.09211,9.09203,9.09211,2
SQ:USDSEK,2022-01-05T01:12:00+01:00,9.09211,9.09221,9.09211,9.09221,2
SQ:USDSEK,2022-01-05T01:13:00+01:00,9.09212,9.09212,9.09212,9.09212,1
SQ:USDSEK,2022-01-05T01:14:00+01:00,9.09212,9.09212,9.09212,9.09212,1
SQ:USDSEK,2022-01-05T01:15:00+01:00,9.09200,9.09291,9.09200,9.09291,6
SQ:USDSEK,2022-01-05T01:16:00+01:00,9.09291,9.09291,9.09235,9.09235,2
SQ:USDSEK,2022-01-05T01:17:00+01:00,9.09221,9.09243,9.09221,9.09243,3
SQ:USDSEK,2022-01-05T01:18:00+01:00,9.09235,9.09235,9.09235,9.09235,1
SQ:USDSEK,2022-01-05T01:19:00+01:00,9.09235,9.09242,9.09235,9.09242,2
SQ:USDSEK,2022-01-05T01:20:00+01:00,9.09298,9.09298,9.09258,9.09269,4
SQ:USDSEK,2022-01-05T01:21:00+01:00,9.09269,9.09284,9.09269,9.09284,2
SQ:USDSEK,2022-01-05T01:22:00+01:00,9.09284,9.09300,9.09284,9.09300,2
SQ:USDSEK,2022-01-05T01:23:00+01:00,9.09303,9.09303,9.09303,9.09303,1
SQ:USDSEK,2022-01-05T01:24:00+01:00,9.09275,9.09275,9.09275,9.09275,1
SQ:USDSEK,2022-01-05T01:25:00+01:00,9.09271,9.09271,9.09271,9.09271,1
SQ:USDSEK,2022-01-05T01:26:00+01:00,9.09277,9.09318,9.09277,9.09318,2
SQ:USDSEK,2022-01-05T01:27:00+01:00,9.09318,9.09318,9.09316,9.09316,2
SQ:USDSEK,2022-01-05T01:28:00+01:00,9.09348,9.09348,9.09348,9.09348,1
SQ:USDSEK,2022-01-05T01:29:00+01:00,9.09348,9.09348,9.09348,9.09348,1
SQ:USDSEK,2022-01-05T01:30:00+01:00,9.09355,9.09355,9.09355,9.09355,1
SQ:USDSEK,2022-01-05T01:31:00+01:00,9.09358,9.09465,9.09358,9.09465,4
SQ:USDSEK,2022-01-05T01:32:00+01:00,9.09471,9.09471,9.09408,9.09408,2
SQ:USDSEK,2022-01-05T01:33:00+01:00,9.09408,9.09481,9.09408,9.09431,17
SQ:USDSEK,2022-01-05T01:34:00+01:00,9.09466,9.09515,9.09466,9.09488,3
SQ:USDSEK,2022-01-05T01:35:00+01:00,9.09542,9.09752,9.09542,9.09752,5
SQ:USDSEK,2022-01-05T01:36:00+01:00,9.09719,9.09719,9.09617,9.09617,3
SQ:USDSEK,2022-01-05T01:37:00+01:00,9.09571,9.09571,9.09567,9.09567,2
SQ:USDSEK,2022-01-05T01:38:00+01:00,9.09567,9.09567,9.09482,9.09482,3
SQ:USDSEK,2022-01-05T01:39:00+01:00,9.09482,9.09482,9.09482,9.09482,1
SQ:USDSEK,2022-01-05T01:43:00+01:00,9.09469,9.09481,9.09469,9.09481,2
SQ:USDSEK,2022-01-05T01:45:00+01:00,9.09454,9.09455,9.09454,9.09454,3
SQ:USDSEK,2022-01-05T01:47:00+01:00,9.09403,9.09403,9.09362,9.09374,5
SQ:USDSEK,2022-01-05T01:48:00+01:00,9.09374,9.09448,9.09374,9.09448,3
SQ:USDSEK,2022-01-05T01:50:00+01:00,9.09360,9.09509,9.09349,9.09509,23
SQ:USDSEK,2022-01-05T01:51:00+01:00,9.09509,9.09539,9.09502,9.09502,3
SQ:USDSEK,2022-01-05T01:52:00+01:00,9.09522,9.09570,9.09522,9.09570,2
SQ:USDSEK,2022-01-05T01:53:00+01:00,9.09570,9.09570,9.09478,9.09478,3
SQ:USDSEK,2022-01-05T01:54:00+01:00,9.09522,9.09522,9.09477,9.09501,3
SQ:USDSEK,2022-01-05T01:55:00+01:00,9.09501,9.09501,9.09468,9.09468,2
SQ:USDSEK,2022-01-05T01:56:00+01:00,9.09514,9.09654,9.09514,9.09607,6
SQ:USDSEK,2022-01-05T01:57:00+01:00,9.09607,9.09752,9.09570,9.09752,12
SQ:USDSEK,2022-01-05T01:58:00+01:00,9.09781,9.09781,9.09781,9.09781,1
SQ:USDSEK,2022-01-05T02:00:00+01:00,9.09734,9.09734,9.09675,9.09723,4
SQ:USDSEK,2022-01-05T02:02:00+01:00,9.09683,9.09683,9.09526,9.09611,7
SQ:USDSEK,2022-01-05T02:03:00+01:00,9.09574,9.09622,9.09500,9.09500,5
SQ:USDSEK,2022-01-05T02:04:00+01:00,9.09501,9.09583,9.09501,9.09524,6
SQ:USDSEK,2022-01-05T02:05:00+01:00,9.09537,9.09537,9.09410,9.09410,4
SQ:USDSEK,2022-01-05T02:06:00+01:00,9.09408,9.09408,9.09408,9.09408,1
SQ:USDSEK,2022-01-05T02:07:00+01:00,9.09373,9.09447,9.09373,9.09447,3
SQ:USDSEK,2022-01-05T02:08:00+01:00,9.09476,9.09476,9.09476,9.09476,1
SQ:USDSEK,2022-01-05T02:09:00+01:00,9.09450,9.09450,9.09403,9.09403,2
SQ:USDSEK,2022-01-05T02:10:00+01:00,9.09355,9.09355,9.09322,9.09322,2
SQ:USDSEK,2022-01-05T02:11:00+01:00,9.09278,9.09278,9.09278,9.09278,1
SQ:USDSEK,2022-01-05T02:12:00+01:00,9.09324,9.09324,9.09324,9.09324,1
SQ:USDSEK,2022-01-05T02:13:00+01:00,9.09371,9.09371,9.09371,9.09371,1
SQ:USDSEK,2022-01-05T02:14:00+01:00,9.09323,9.09406,9.09323,9.09342,3
SQ:USDSEK,2022-01-05T02:15:00+01:00,9.09295,9.09295,9.09295,9.09295,1
SQ:USDSEK,2022-01-05T02:16:00+01:00,9.09328,9.09330,9.09296,9.09303,4
SQ:USDSEK,2022-01-05T02:17:00+01:00,9.09264,9.09264,9.09264,9.09264,1
SQ:USDSEK,2022-01-05T02:18:00+01:00,9.09225,9.09329,9.09225,9.09329,3
SQ:USDSEK,2022-01-05T02:20:00+01:00,9.09325,9.09325,9.09307,9.09307,2
SQ:USDSEK,2022-01-05T02:21:00+01:00,9.09267,9.09267,9.09213,9.09213,2
SQ:USDSEK,2022-01-05T02:22:00+01:00,9.09258,9.09291,9.09258,9.09291,2
SQ:USDSEK,2022-01-05T02:23:00+01:00,9.09245,9.09245,9.09204,9.09228,4
SQ:USDSEK,2022-01-05T02:24:00+01:00,9.09189,9.09189,9.09189,9.09189,1
SQ:USDSEK,2022-01-05T02:25:00+01:00,9.09221,9.09221,9.09221,9.09221,1
SQ:USDSEK,2022-01-05T02:26:00+01:00,9.09222,9.09261,9.09222,9.09261,2
SQ:USDSEK,2022-01-05T02:27:00+01:00,9.09261,9.09261,9.09172,9.09172,3
SQ:USDSEK,2022-01-05T02:28:00+01:00,9.09133,9.09133,9.09133,9.09133,1
SQ:USDSEK,2022-01-05T02:30:00+01:00,9.09109,9.09186,9.09109,9.09186,3
SQ:USDSEK,2022-01-05T02:31:00+01:00,9.09233,9.09233,9.09233,9.09233,1
SQ:USDSEK,2022-01-05T02:33:00+01:00,9.09233,9.09233,9.09233,9.09233,1
SQ:USDSEK,2022-01-05T02:34:00+01:00,9.09233,9.09233,9.09233,9.09233,1
SQ:USDSEK,2022-01-05T02:35:00+01:00,9.09187,9.09187,9.09187,9.09187,1
SQ:USDSEK,2022-01-05T02:37:00+01:00,9.09190,9.09190,9.09163,9.09163,2
SQ:USDSEK,2022-01-05T02:40:00+01:00,9.09196,9.09196,9.09196,9.09196,1
SQ:USDSEK,2022-01-05T02:41:00+01:00,9.09244,9.09244,9.09217,9.09217,2
SQ:USDSEK,2022-01-05T02:43:00+01:00,9.09188,9.09188,9.09076,9.09076,4
SQ:USDSEK,2022-01-05T02:44:00+01:00,9.09035,9.09035,9.09035,9.09035,1
SQ:USDSEK,2022-01-05T02:45:00+01:00,9.09009,9.09765,9.09009,9.09659,33
SQ:USDSEK,2022-01-05T02:46:00+01:00,9.09669,9.09721,9.09523,9.09588,32
SQ:USDSEK,2022-01-05T02:47:00+01:00,9.09623,9.09705,9.09605,9.09664,38
SQ:USDSEK,2022-01-05T02:48:00+01:00,9.09684,9.09722,9.09594,9.09645,19
SQ:USDSEK,2022-01-05T02:49:00+01:00,9.09677,9.09710,9.09648,9.09648,13
SQ:USDSEK,2022-01-05T02:50:00+01:00,9.09634,9.09634,9.09550,9.09550,7
SQ:USDSEK,2022-01-05T02:51:00+01:00,9.09581,9.09651,9.09581,9.09600,7
SQ:USDSEK,2022-01-05T02:52:00+01:00,9.09604,9.09817,9.09442,9.09659,28
SQ:USDSEK,2022-01-05T02:53:00+01:00,9.09659,9.09690,9.09640,9.09680,18
SQ:USDSEK,2022-01-05T02:54:00+01:00,9.09680,9.09763,9.09590,9.09732,25
SQ:USDSEK,2022-01-05T02:55:00+01:00,9.09732,9.09770,9.09732,9.09732,8
SQ:USDSEK,2022-01-05T02:56:00+01:00,9.09732,9.09770,9.09732,9.09770,7
SQ:USDSEK,2022-01-05T02:57:00+01:00,9.09770,9.09810,9.09770,9.09783,5
SQ:USDSEK,2022-01-05T02:58:00+01:00,9.09783,9.09783,9.09783,9.09783,1
SQ:USDSEK,2022-01-05T02:59:00+01:00,9.09783,9.09944,9.09783,9.09944,8
SQ:USDSEK,2022-01-05T03:00:00+01:00,9.09944,9.09980,9.09909,9.09909,11
SQ:USDSEK,2022-01-05T03:01:00+01:00,9.09909,9.09955,9.09840,9.09915,29
SQ:USDSEK,2022-01-05T03:02:00+01:00,9.09915,9.09980,9.09915,9.09973,23
SQ:USDSEK,2022-01-05T03:03:00+01:00,9.09973,9.09973,9.09921,9.09921,22
SQ:USDSEK,2022-01-05T03:04:00+01:00,9.09930,9.09952,9.09857,9.09857,49
SQ:USDSEK,2022-01-05T03:05:00+01:00,9.09862,9.09897,9.09857,9.09892,22
SQ:USDSEK,2022-01-05T03:06:00+01:00,9.09892,9.09907,9.09854,9.09905,37
SQ:USDSEK,2022-01-05T03:07:00+01:00,9.09905,9.09905,9.09811,9.09816,22
SQ:USDSEK,2022-01-05T03:08:00+01:00,9.09816,9.09894,9.09778,9.09894,33
SQ:USDSEK,2022-01-05T03:09:00+01:00,9.09894,9.09937,9.09894,9.09932,19
SQ:USDSEK,2022-01-05T03:10:00+01:00,9.09936,9.09946,9.09936,9.09936,12
SQ:USDSEK,2022-01-05T03:11:00+01:00,9.09936,9.09937,9.09936,9.09936,3
SQ:USDSEK,2022-01-05T03:12:00+01:00,9.09938,9.09956,9.09897,9.09903,23
SQ:USDSEK,2022-01-05T03:13:00+01:00,9.09903,9.09903,9.09882,9.09897,19
SQ:USDSEK,2022-01-05T03:14:00+01:00,9.09892,9.09942,9.09892,9.09936,18
SQ:USDSEK,2022-01-05T03:15:00+01:00,9.09936,9.09937,9.09897,9.09898,27
SQ:USDSEK,2022-01-05T03:16:00+01:00,9.09898,9.09900,9.09888,9.09897,11
SQ:USDSEK,2022-01-05T03:17:00+01:00,9.09897,9.09935,9.09896,9.09903,12
SQ:USDSEK,2022-01-05T03:18:00+01:00,9.09903,9.09928,9.09769,9.09769,25
SQ:USDSEK,2022-01-05T03:19:00+01:00,9.09769,9.09821,9.09750,9.09769,22
SQ:USDSEK,2022-01-05T03:20:00+01:00,9.09769,9.09788,9.09660,9.09682,46
SQ:USDSEK,2022-01-05T03:21:00+01:00,9.09682,9.09682,9.09660,9.09660,4
SQ:USDSEK,2022-01-05T03:22:00+01:00,9.09660,9.09660,9.09593,9.09595,12
SQ:USDSEK,2022-01-05T03:23:00+01:00,9.09595,9.09595,9.09512,9.09513,18
SQ:USDSEK,2022-01-05T03:24:00+01:00,9.09480,9.09530,9.09359,9.09387,38
SQ:USDSEK,2022-01-05T03:25:00+01:00,9.09392,9.09522,9.09392,9.09522,10
SQ:USDSEK,2022-01-05T03:26:00+01:00,9.09491,9.09491,9.09354,9.09354,16
SQ:USDSEK,2022-01-05T03:27:00+01:00,9.09355,9.09440,9.09350,9.09389,16
SQ:USDSEK,2022-01-05T03:28:00+01:00,9.09385,9.09420,9.09367,9.09394,18
SQ:USDSEK,2022-01-05T03:29:00+01:00,9.09400,9.09400,9.09293,9.09293,14
SQ:USDSEK,2022-01-05T03:30:00+01:00,9.09293,9.09440,9.09293,9.09416,31
SQ:USDSEK,2022-01-05T03:31:00+01:00,9.09416,9.09470,9.09380,9.09390,38
SQ:USDSEK,2022-01-05T03:32:00+01:00,9.09390,9.09390,9.09330,9.09330,9
SQ:USDSEK,2022-01-05T03:33:00+01:00,9.09330,9.09370,9.09330,9.09360,13
SQ:USDSEK,2022-01-05T03:34:00+01:00,9.09360,9.09370,9.09117,9.09230,34
SQ:USDSEK,2022-01-05T03:35:00+01:00,9.09210,9.09310,9.09190,9.09300,17
SQ:USDSEK,2022-01-05T03:36:00+01:00,9.09300,9.09380,9.09260,9.09380,20
SQ:USDSEK,2022-01-05T03:37:00+01:00,9.09380,9.09440,9.09275,9.09390,16
SQ:USDSEK,2022-01-05T03:38:00+01:00,9.09390,9.09410,9.09340,9.09380,9
SQ:USDSEK,2022-01-05T03:39:00+01:00,9.09360,9.09420,9.09258,9.09390,30
SQ:USDSEK,2022-01-05T03:40:00+01:00,9.09390,9.09430,9.09296,9.09370,27
SQ:USDSEK,2022-01-05T03:41:00+01:00,9.09370,9.09430,9.09310,9.09390,14
SQ:USDSEK,2022-01-05T03:42:00+01:00,9.09390,9.09430,9.09301,9.09420,32
SQ:USDSEK,2022-01-05T03:43:00+01:00,9.09400,9.09440,9.09181,9.09310,61
SQ:USDSEK,2022-01-05T03:44:00+01:00,9.09320,9.09330,9.09172,9.09240,15
SQ:USDSEK,2022-01-05T03:45:00+01:00,9.09230,9.09250,9.09150,9.09170,14
SQ:USDSEK,2022-01-05T03:46:00+01:00,9.09170,9.09180,9.09060,9.09160,17
SQ:USDSEK,2022-01-05T03:47:00+01:00,9.09160,9.09160,9.09080,9.09150,10
SQ:USDSEK,2022-01-05T03:48:00+01:00,9.09150,9.09150,9.09060,9.09100,12
SQ:USDSEK,2022-01-05T03:49:00+01:00,9.09110,9.09110,9.09050,9.09070,16
SQ:USDSEK,2022-01-05T03:50:00+01:00,9.09080,9.09100,9.08975,9.09060,22
SQ:USDSEK,2022-01-05T03:51:00+01:00,9.09060,9.09080,9.09010,9.09070,13
SQ:USDSEK,2022-01-05T03:52:00+01:00,9.09070,9.09080,9.08927,9.08953,13
SQ:USDSEK,2022-01-05T03:53:00+01:00,9.08930,9.09046,9.08930,9.08974,59
SQ:USDSEK,2022-01-05T03:54:00+01:00,9.08980,9.09030,9.08980,9.09000,19
SQ:USDSEK,2022-01-05T03:55:00+01:00,9.08990,9.09030,9.08946,9.08970,44
SQ:USDSEK,2022-01-05T03:56:00+01:00,9.08980,9.09010,9.08926,9.08998,44
SQ:USDSEK,2022-01-05T03:57:00+01:00,9.08998,9.09040,9.08960,9.09010,62
SQ:USDSEK,2022-01-05T03:58:00+01:00,9.09010,9.09040,9.08981,9.09040,17
SQ:USDSEK,2022-01-05T03:59:00+01:00,9.09040,9.09070,9.09030,9.09060,6
SQ:USDSEK,2022-01-05T04:00:00+01:00,9.09060,9.09130,9.08998,9.09060,21
SQ:USDSEK,2022-01-05T04:01:00+01:00,9.09060,9.09140,9.09040,9.09100,59
SQ:USDSEK,2022-01-05T04:02:00+01:00,9.09100,9.09150,9.09090,9.09098,40
SQ:USDSEK,2022-01-05T04:03:00+01:00,9.09078,9.09081,9.09078,9.09080,11
SQ:USDSEK,2022-01-05T04:04:00+01:00,9.09085,9.09085,9.08966,9.08999,21
SQ:USDSEK,2022-01-05T04:05:00+01:00,9.08999,9.08999,9.08958,9.08958,4
SQ:USDSEK,2022-01-05T04:06:00+01:00,9.08958,9.08968,9.08958,9.08961,4
SQ:USDSEK,2022-01-05T04:07:00+01:00,9.08995,9.08995,9.08961,9.08961,4
SQ:USDSEK,2022-01-05T04:08:00+01:00,9.08961,9.08985,9.08961,9.08985,8
SQ:USDSEK,2022-01-05T04:09:00+01:00,9.08989,9.09020,9.08969,9.08988,32
SQ:USDSEK,2022-01-05T04:10:00+01:00,9.08988,9.09090,9.08976,9.09050,42
SQ:USDSEK,2022-01-05T04:11:00+01:00,9.09040,9.09105,9.08993,9.09010,28
SQ:USDSEK,2022-01-05T04:12:00+01:00,9.08990,9.09020,9.08973,9.08999,33
SQ:USDSEK,2022-01-05T04:13:00+01:00,9.08999,9.09003,9.08981,9.09000,18
SQ:USDSEK,2022-01-05T04:14:00+01:00,9.09020,9.09240,9.08953,9.09240,55
SQ:USDSEK,2022-01-05T04:15:00+01:00,9.09210,9.09260,9.09086,9.09129,37
SQ:USDSEK,2022-01-05T04:16:00+01:00,9.09129,9.09166,9.09093,9.09164,11
SQ:USDSEK,2022-01-05T04:17:00+01:00,9.09164,9.09172,9.09157,9.09171,7
SQ:USDSEK,2022-01-05T04:18:00+01:00,9.09160,9.09162,9.09062,9.09116,23
SQ:USDSEK,2022-01-05T04:19:00+01:00,9.09116,9.09120,9.09077,9.09077,4
SQ:USDSEK,2022-01-05T04:20:00+01:00,9.09077,9.09077,9.09008,9.09018,28
SQ:USDSEK,2022-01-05T04:21:00+01:00,9.09018,9.09018,9.08973,9.08985,17
SQ:USDSEK,2022-01-05T04:22:00+01:00,9.08985,9.09026,9.08977,9.09020,35
SQ:USDSEK,2022-01-05T04:23:00+01:00,9.09059,9.09059,9.09027,9.09027,2
SQ:USDSEK,2022-01-05T04:24:00+01:00,9.09027,9.09027,9.09027,9.09027,1
SQ:USDSEK,2022-01-05T04:25:00+01:00,9.09043,9.09043,9.09043,9.09043,1
SQ:USDSEK,2022-01-05T04:26:00+01:00,9.09043,9.09043,9.08970,9.08980,8
SQ:USDSEK,2022-01-05T04:27:00+01:00,9.08980,9.08980,9.08968,9.08976,3
SQ:USDSEK,2022-01-05T04:28:00+01:00,9.08976,9.08976,9.08966,9.08973,3
SQ:USDSEK,2022-01-05T04:29:00+01:00,9.08973,9.08974,9.08968,9.08973,6
SQ:USDSEK,2022-01-05T04:30:00+01:00,9.08971,9.08991,9.08954,9.08956,15
SQ:USDSEK,2022-01-05T04:31:00+01:00,9.08956,9.08973,9.08936,9.08973,14
SQ:USDSEK,2022-01-05T04:32:00+01:00,9.08973,9.08981,9.08945,9.08950,15
SQ:USDSEK,2022-01-05T04:33:00+01:00,9.08950,9.08950,9.08837,9.08838,5
SQ:USDSEK,2022-01-05T04:34:00+01:00,9.08838,9.08838,9.08778,9.08778,16
SQ:USDSEK,2022-01-05T04:35:00+01:00,9.08788,9.08833,9.08752,9.08814,8
SQ:USDSEK,2022-01-05T04:36:00+01:00,9.08831,9.08831,9.08831,9.08831,1
SQ:USDSEK,2022-01-05T04:37:00+01:00,9.08831,9.08831,9.08783,9.08783,4
SQ:USDSEK,2022-01-05T04:38:00+01:00,9.08783,9.08783,9.08772,9.08772,2
SQ:USDSEK,2022-01-05T04:39:00+01:00,9.08751,9.08838,9.08751,9.08838,4
SQ:USDSEK,2022-01-05T04:40:00+01:00,9.08825,9.08829,9.08825,9.08825,5
SQ:USDSEK,2022-01-05T04:41:00+01:00,9.08830,9.08850,9.08809,9.08809,11
SQ:USDSEK,2022-01-05T04:42:00+01:00,9.08808,9.08834,9.08800,9.08834,8
SQ:USDSEK,2022-01-05T04:43:00+01:00,9.08834,9.08834,9.08834,9.08834,1
SQ:USDSEK,2022-01-05T04:44:00+01:00,9.08834,9.08900,9.08834,9.08900,3
SQ:USDSEK,2022-01-05T04:45:00+01:00,9.08900,9.08900,9.08900,9.08900,1
SQ:USDSEK,2022-01-05T04:46:00+01:00,9.08900,9.08900,9.08888,9.08888,2
SQ:USDSEK,2022-01-05T04:47:00+01:00,9.08915,9.08919,9.08915,9.08919,2
SQ:USDSEK,2022-01-05T04:48:00+01:00,9.08873,9.08873,9.08873,9.08873,1
SQ:USDSEK,2022-01-05T04:50:00+01:00,9.08837,9.08842,9.08745,9.08745,9
SQ:USDSEK,2022-01-05T04:51:00+01:00,9.08761,9.08761,9.08746,9.08753,4
SQ:USDSEK,2022-01-05T04:52:00+01:00,9.08746,9.08770,9.08746,9.08770,6
SQ:USDSEK,2022-01-05T04:53:00+01:00,9.08760,9.08770,9.08760,9.08770,4
SQ:USDSEK,2022-01-05T04:54:00+01:00,9.08794,9.08794,9.08794,9.08794,1
SQ:USDSEK,2022-01-05T04:55:00+01:00,9.08788,9.08821,9.08788,9.08821,2
SQ:USDSEK,2022-01-05T04:56:00+01:00,9.08799,9.08837,9.08799,9.08837,4
SQ:USDSEK,2022-01-05T04:57:00+01:00,9.08882,9.08882,9.08882,9.08882,1
SQ:USDSEK,2022-01-05T04:59:00+01:00,9.08882,9.08882,9.08882,9.08882,1
SQ:USDSEK,2022-01-05T05:00:00+01:00,9.08831,9.08831,9.08831,9.08831,1
SQ:USDSEK,2022-01-05T05:01:00+01:00,9.08879,9.08879,9.08879,9.08879,1
SQ:USDSEK,2022-01-05T05:02:00+01:00,9.08911,9.08915,9.08879,9.08904,4
SQ:USDSEK,2022-01-05T05:03:00+01:00,9.08942,9.08986,9.08942,9.08986,3
SQ:USDSEK,2022-01-05T05:04:00+01:00,9.08990,9.09046,9.08990,9.09046,9
SQ:USDSEK,2022-01-05T05:05:00+01:00,9.09050,9.09203,9.09046,9.09203,44
SQ:USDSEK,2022-01-05T05:06:00+01:00,9.09236,9.09650,9.09231,9.09492,76
SQ:USDSEK,2022-01-05T05:07:00+01:00,9.09409,9.09770,9.09321,9.09321,193
SQ:USDSEK,2022-01-05T05:08:00+01:00,9.09346,9.09770,9.09346,9.09760,106
SQ:USDSEK,2022-01-05T05:09:00+01:00,9.09760,9.09780,9.09287,9.09333,42
SQ:USDSEK,2022-01-05T05:10:00+01:00,9.09308,9.09308,9.09308,9.09308,1
SQ:USDSEK,2022-01-05T05:11:00+01:00,9.09299,9.09299,9.09227,9.09251,5
SQ:USDSEK,2022-01-05T05:12:00+01:00,9.09290,9.09290,9.09290,9.09290,1
SQ:USDSEK,2022-01-05T05:13:00+01:00,9.09290,9.09376,9.09290,9.09376,2
SQ:USDSEK,2022-01-05T05:14:00+01:00,9.09388,9.09391,9.09388,9.09391,2
SQ:USDSEK,2022-01-05T05:15:00+01:00,9.09352,9.09352,9.09219,9.09251,6
SQ:USDSEK,2022-01-05T05:16:00+01:00,9.09243,9.09243,9.09243,9.09243,1
SQ:USDSEK,2022-01-05T05:17:00+01:00,9.09237,9.09237,9.09237,9.09237,1
SQ:USDSEK,2022-01-05T05:18:00+01:00,9.09205,9.09238,9.09205,9.09234,3
SQ:USDSEK,2022-01-05T05:19:00+01:00,9.09249,9.09249,9.09249,9.09249,1
SQ:USDSEK,2022-01-05T05:21:00+01:00,9.09217,9.09235,9.09217,9.09235,2
SQ:USDSEK,2022-01-05T05:22:00+01:00,9.09214,9.09214,9.09214,9.09214,1
SQ:USDSEK,2022-01-05T05:24:00+01:00,9.09182,9.09201,9.09006,9.09072,16
SQ:USDSEK,2022-01-05T05:26:00+01:00,9.09043,9.09043,9.09043,9.09043,1
SQ:USDSEK,2022-01-05T05:27:00+01:00,9.09081,9.09206,9.09081,9.09206,7
SQ:USDSEK,2022-01-05T05:29:00+01:00,9.09237,9.09270,9.09237,9.09270,3
SQ:USDSEK,2022-01-05T05:30:00+01:00,9.09270,9.09270,9.09239,9.09239,2
SQ:USDSEK,2022-01-05T05:31:00+01:00,9.09245,9.09245,9.09215,9.09245,4
SQ:USDSEK,2022-01-05T05:32:00+01:00,9.09262,9.09262,9.09222,9.09249,3
SQ:USDSEK,2022-01-05T05:33:00+01:00,9.09280,9.09317,9.09280,9.09291,4
SQ:USDSEK,2022-01-05T05:34:00+01:00,9.09317,9.09350,9.09298,9.09350,4
SQ:USDSEK,2022-01-05T05:35:00+01:00,9.09390,9.09390,9.09329,9.09329,3
SQ:USDSEK,2022-01-05T05:36:00+01:00,9.09346,9.09378,9.09346,9.09373,4
SQ:USDSEK,2022-01-05T05:37:00+01:00,9.09369,9.09377,9.09365,9.09377,3
SQ:USDSEK,2022-01-05T05:38:00+01:00,9.09395,9.09395,9.09371,9.09371,2
SQ:USDSEK,2022-01-05T05:39:00+01:00,9.09346,9.09346,9.09324,9.09324,2
SQ:USDSEK,2022-01-05T05:40:00+01:00,9.09298,9.09298,9.09281,9.09281,2
SQ:USDSEK,2022-01-05T05:41:00+01:00,9.09284,9.09350,9.09284,9.09350,3
SQ:USDSEK,2022-01-05T05:42:00+01:00,9.09334,9.09334,9.09334,9.09334,1
SQ:USDSEK,2022-01-05T05:43:00+01:00,9.09267,9.09267,9.09218,9.09218,3
SQ:USDSEK,2022-01-05T05:44:00+01:00,9.09196,9.09196,9.09196,9.09196,1
SQ:USDSEK,2022-01-05T05:45:00+01:00,9.09169,9.09198,9.09169,9.09198,8
SQ:USDSEK,2022-01-05T05:46:00+01:00,9.09233,9.09233,9.09213,9.09213,2
SQ:USDSEK,2022-01-05T05:47:00+01:00,9.09175,9.09175,9.09161,9.09161,2
SQ:USDSEK,2022-01-05T05:48:00+01:00,9.09189,9.09189,9.09189,9.09189,1
SQ:USDSEK,2022-01-05T05:49:00+01:00,9.09178,9.09191,9.09178,9.09178,3
SQ:USDSEK,2022-01-05T05:51:00+01:00,9.09215,9.09287,9.09215,9.09287,3
SQ:USDSEK,2022-01-05T05:52:00+01:00,9.09306,9.09382,9.09306,9.09359,7
SQ:USDSEK,2022-01-05T05:53:00+01:00,9.09323,9.09323,9.09266,9.09266,3
SQ:USDSEK,2022-01-05T05:54:00+01:00,9.09304,9.09304,9.09304,9.09304,1
SQ:USDSEK,2022-01-05T05:55:00+01:00,9.09330,9.09369,9.09330,9.09369,2
SQ:USDSEK,2022-01-05T05:56:00+01:00,9.09343,9.09343,9.09343,9.09343,1
SQ:USDSEK,2022-01-05T05:57:00+01:00,9.09383,9.09383,9.08869,9.08869,23
SQ:USDSEK,2022-01-05T05:58:00+01:00,9.08860,9.08860,9.08774,9.08810,20
SQ:USDSEK,2022-01-05T05:59:00+01:00,9.08774,9.08820,9.08774,9.08783,15
SQ:USDSEK,2022-01-05T06:00:00+01:00,9.08770,9.08812,9.08770,9.08812,2
SQ:USDSEK,2022-01-05T06:01:00+01:00,9.08849,9.08960,9.08729,9.08950,6
SQ:USDSEK,2022-01-05T06:02:00+01:00,9.08931,9.09059,9.08931,9.09006,9
SQ:USDSEK,2022-01-05T06:03:00+01:00,9.09001,9.09002,9.09001,9.09002,2
SQ:USDSEK,2022-01-05T06:04:00+01:00,9.09002,9.09054,9.09002,9.09034,5
SQ:USDSEK,2022-01-05T06:05:00+01:00,9.09034,9.09080,9.08997,9.09031,5
SQ:USDSEK,2022-01-05T06:06:00+01:00,9.09031,9.09032,9.09031,9.09032,2
SQ:USDSEK,2022-01-05T06:07:00+01:00,9.09032,9.09032,9.09022,9.09030,3
SQ:USDSEK,2022-01-05T06:08:00+01:00,9.09030,9.09030,9.09006,9.09006,2
SQ:USDSEK,2022-01-05T06:09:00+01:00,9.09006,9.09050,9.09006,9.09050,3
SQ:USDSEK,2022-01-05T06:10:00+01:00,9.09050,9.09068,9.09050,9.09068,4
SQ:USDSEK,2022-01-05T06:11:00+01:00,9.09068,9.09070,9.09068,9.09068,7
SQ:USDSEK,2022-01-05T06:12:00+01:00,9.09068,9.09120,9.09066,9.09120,5
SQ:USDSEK,2022-01-05T06:13:00+01:00,9.09120,9.09180,9.09090,9.09120,13
SQ:USDSEK,2022-01-05T06:14:00+01:00,9.09115,9.09115,9.09115,9.09115,1
SQ:USDSEK,2022-01-05T06:15:00+01:00,9.09115,9.09115,9.09115,9.09115,1
SQ:USDSEK,2022-01-05T06:16:00+01:00,9.09115,9.09117,9.09115,9.09117,2
SQ:USDSEK,2022-01-05T06:17:00+01:00,9.09115,9.09120,9.09099,9.09105,5
SQ:USDSEK,2022-01-05T06:18:00+01:00,9.09105,9.09105,9.09105,9.09105,1
SQ:USDSEK,2022-01-05T06:19:00+01:00,9.09120,9.09230,9.09105,9.09156,10
SQ:USDSEK,2022-01-05T06:20:00+01:00,9.09156,9.09160,9.09156,9.09160,2
SQ:USDSEK,2022-01-05T06:21:00+01:00,9.09155,9.09155,9.09091,9.09120,3
SQ:USDSEK,2022-01-05T06:22:00+01:00,9.09123,9.09135,9.09123,9.09135,2
SQ:USDSEK,2022-01-05T06:23:00+01:00,9.09135,9.09135,9.09051,9.09051,4
SQ:USDSEK,2022-01-05T06:24:00+01:00,9.09037,9.09037,9.09037,9.09037,1
SQ:USDSEK,2022-01-05T06:25:00+01:00,9.09048,9.09048,9.09048,9.09048,1
SQ:USDSEK,2022-01-05T06:26:00+01:00,9.09027,9.09027,9.08989,9.08989,2
SQ:USDSEK,2022-01-05T06:27:00+01:00,9.08989,9.08989,9.08988,9.08988,2
SQ:USDSEK,2022-01-05T06:28:00+01:00,9.08988,9.09013,9.08956,9.09013,3
SQ:USDSEK,2022-01-05T06:29:00+01:00,9.08976,9.09025,9.08976,9.09025,3
SQ:USDSEK,2022-01-05T06:30:00+01:00,9.09023,9.09023,9.08986,9.08986,2
SQ:USDSEK,2022-01-05T06:31:00+01:00,9.08964,9.09111,9.08964,9.09111,9
SQ:USDSEK,2022-01-05T06:32:00+01:00,9.09086,9.09086,9.09086,9.09086,1
SQ:USDSEK,2022-01-05T06:33:00+01:00,9.09131,9.09133,9.09106,9.09106,3
SQ:USDSEK,2022-01-05T06:34:00+01:00,9.09185,9.09390,9.09185,9.09390,7
SQ:USDSEK,2022-01-05T06:35:00+01:00,9.09371,9.09381,9.09352,9.09352,4
SQ:USDSEK,2022-01-05T06:36:00+01:00,9.09382,9.09382,9.09342,9.09342,4
SQ:USDSEK,2022-01-05T06:37:00+01:00,9.09359,9.09412,9.09359,9.09384,6
SQ:USDSEK,2022-01-05T06:38:00+01:00,9.09361,9.09385,9.09344,9.09344,6
SQ:USDSEK,2022-01-05T06:39:00+01:00,9.09344,9.09475,9.09344,9.09475,10
SQ:USDSEK,2022-01-05T06:40:00+01:00,9.09452,9.09475,9.09428,9.09428,11
SQ:USDSEK,2022-01-05T06:41:00+01:00,9.09428,9.09428,9.09398,9.09398,2
SQ:USDSEK,2022-01-05T06:42:00+01:00,9.09372,9.09390,9.09372,9.09390,17
SQ:USDSEK,2022-01-05T06:43:00+01:00,9.09371,9.09464,9.09353,9.09464,12
SQ:USDSEK,2022-01-05T06:47:00+01:00,9.09454,9.09454,9.09365,9.09365,5
SQ:USDSEK,2022-01-05T06:48:00+01:00,9.09326,9.09326,9.09285,9.09285,3
SQ:USDSEK,2022-01-05T06:49:00+01:00,9.09269,9.09269,9.09177,9.09233,7
SQ:USDSEK,2022-01-05T06:50:00+01:00,9.09222,9.09222,9.09119,9.09119,7
SQ:USDSEK,2022-01-05T06:51:00+01:00,9.09109,9.09205,9.09093,9.09201,7
SQ:USDSEK,2022-01-05T06:52:00+01:00,9.09185,9.09201,9.09185,9.09201,2
SQ:USDSEK,2022-01-05T06:53:00+01:00,9.09179,9.09198,9.09179,9.09198,2
SQ:USDSEK,2022-01-05T06:55:00+01:00,9.09182,9.09182,9.09159,9.09159,2
SQ:USDSEK,2022-01-05T06:56:00+01:00,9.09142,9.09215,9.09142,9.09215,4
SQ:USDSEK,2022-01-05T06:57:00+01:00,9.09196,9.09196,9.09148,9.09148,3
SQ:USDSEK,2022-01-05T06:58:00+01:00,9.09132,9.09132,9.09021,9.09021,5
SQ:USDSEK,2022-01-05T06:59:00+01:00,9.09045,9.09102,9.09045,9.09086,4
SQ:USDSEK,2022-01-05T07:00:00+01:00,9.09109,9.09163,9.09054,9.09083,16
SQ:USDSEK,2022-01-05T07:01:00+01:00,9.09064,9.09092,9.09046,9.09075,11
SQ:USDSEK,2022-01-05T07:02:00+01:00,9.09074,9.09092,9.09071,9.09071,6
SQ:USDSEK,2022-01-05T07:03:00+01:00,9.09095,9.09128,9.09080,9.09080,10
SQ:USDSEK,2022-01-05T07:04:00+01:00,9.09092,9.09126,9.09062,9.09126,8
SQ:USDSEK,2022-01-05T07:05:00+01:00,9.09115,9.09131,9.09065,9.09065,10
SQ:USDSEK,2022-01-05T07:06:00+01:00,9.09070,9.09161,9.09065,9.09151,13
SQ:USDSEK,2022-01-05T07:07:00+01:00,9.09143,9.09143,9.09088,9.09110,16
SQ:USDSEK,2022-01-05T07:08:00+01:00,9.09110,9.09110,9.09080,9.09100,12
SQ:USDSEK,2022-01-05T07:09:00+01:00,9.09094,9.09100,9.08825,9.08900,61
SQ:USDSEK,2022-01-05T07:10:00+01:00,9.08900,9.08900,9.08820,9.08880,28
SQ:USDSEK,2022-01-05T07:11:00+01:00,9.08870,9.08881,9.08860,9.08881,6
SQ:USDSEK,2022-01-05T07:12:00+01:00,9.08880,9.08880,9.08815,9.08830,11
SQ:USDSEK,2022-01-05T07:13:00+01:00,9.08830,9.08960,9.08790,9.08960,25
SQ:USDSEK,2022-01-05T07:14:00+01:00,9.08940,9.08960,9.08900,9.08900,15
SQ:USDSEK,2022-01-05T07:15:00+01:00,9.08890,9.08950,9.08880,9.08950,22
SQ:USDSEK,2022-01-05T07:16:00+01:00,9.08940,9.09230,9.08930,9.09230,27
SQ:USDSEK,2022-01-05T07:17:00+01:00,9.09230,9.09350,9.09230,9.09300,19
SQ:USDSEK,2022-01-05T07:18:00+01:00,9.09300,9.09410,9.09290,9.09410,14
SQ:USDSEK,2022-01-05T07:19:00+01:00,9.09410,9.09470,9.09410,9.09460,25
SQ:USDSEK,2022-01-05T07:20:00+01:00,9.09450,9.09480,9.09410,9.09430,22
SQ:USDSEK,2022-01-05T07:21:00+01:00,9.09430,9.09660,9.09430,9.09472,33
SQ:USDSEK,2022-01-05T07:22:00+01:00,9.09472,9.09472,9.09331,9.09343,14
SQ:USDSEK,2022-01-05T07:23:00+01:00,9.09351,9.09369,9.09308,9.09308,12
SQ:USDSEK,2022-01-05T07:24:00+01:00,9.09308,9.09360,9.09256,9.09360,20
SQ:USDSEK,2022-01-05T07:25:00+01:00,9.09360,9.09480,9.09340,9.09415,21
SQ:USDSEK,2022-01-05T07:26:00+01:00,9.09415,9.09520,9.09415,9.09490,39
SQ:USDSEK,2022-01-05T07:27:00+01:00,9.09480,9.09610,9.09480,9.09510,33
SQ:USDSEK,2022-01-05T07:28:00+01:00,9.09530,9.09530,9.09510,9.09520,10
SQ:USDSEK,2022-01-05T07:29:00+01:00,9.09510,9.09510,9.09390,9.09410,13
SQ:USDSEK,2022-01-05T07:30:00+01:00,9.09390,9.09410,9.09360,9.09360,14
SQ:USDSEK,2022-01-05T07:31:00+01:00,9.09360,9.09410,9.09360,9.09390,7
SQ:USDSEK,2022-01-05T07:32:00+01:00,9.09410,9.09410,9.09310,9.09330,22
SQ:USDSEK,2022-01-05T07:33:00+01:00,9.09330,9.09340,9.09290,9.09290,19
SQ:USDSEK,2022-01-05T07:34:00+01:00,9.09300,9.09310,9.09280,9.09280,16
SQ:USDSEK,2022-01-05T07:35:00+01:00,9.09290,9.09330,9.09270,9.09270,27
SQ:USDSEK,2022-01-05T07:36:00+01:00,9.09270,9.09298,9.09217,9.09217,18
SQ:USDSEK,2022-01-05T07:37:00+01:00,9.09230,9.09230,9.09110,9.09140,17
SQ:USDSEK,2022-01-05T07:38:00+01:00,9.09130,9.09260,9.09112,9.09260,14
SQ:USDSEK,2022-01-05T07:39:00+01:00,9.09260,9.09290,9.09080,9.09080,25
SQ:USDSEK,2022-01-05T07:40:00+01:00,9.09080,9.09090,9.08950,9.08980,16
SQ:USDSEK,2022-01-05T07:41:00+01:00,9.08970,9.09007,9.08920,9.08947,22
SQ:USDSEK,2022-01-05T07:42:00+01:00,9.08950,9.08980,9.08912,9.08955,23
SQ:USDSEK,2022-01-05T07:43:00+01:00,9.08940,9.08940,9.08835,9.08840,25
SQ:USDSEK,2022-01-05T07:44:00+01:00,9.08850,9.08920,9.08830,9.08900,17
SQ:USDSEK,2022-01-05T07:45:00+01:00,9.08900,9.08980,9.08900,9.08950,40
SQ:USDSEK,2022-01-05T07:46:00+01:00,9.08960,9.08996,9.08915,9.08996,31
SQ:USDSEK,2022-01-05T07:47:00+01:00,9.09012,9.09018,9.08986,9.09000,9
SQ:USDSEK,2022-01-05T07:48:00+01:00,9.09009,9.09034,9.08980,9.08981,11
SQ:USDSEK,2022-01-05T07:49:00+01:00,9.08975,9.09001,9.08966,9.08981,9
SQ:USDSEK,2022-01-05T07:50:00+01:00,9.08982,9.09095,9.08982,9.09086,29
SQ:USDSEK,2022-01-05T07:51:00+01:00,9.09085,9.09140,9.08632,9.09110,61
SQ:USDSEK,2022-01-05T07:52:00+01:00,9.09120,9.09180,9.09090,9.09135,21
SQ:USDSEK,2022-01-05T07:53:00+01:00,9.09127,9.09127,9.09119,9.09119,2
SQ:USDSEK,2022-01-05T07:54:00+01:00,9.09137,9.09137,9.09120,9.09135,13
SQ:USDSEK,2022-01-05T07:55:00+01:00,9.09135,9.09135,9.09002,9.09024,9
SQ:USDSEK,2022-01-05T07:56:00+01:00,9.09022,9.09022,9.08907,9.08922,13
SQ:USDSEK,2022-01-05T07:57:00+01:00,9.08915,9.09024,9.08899,9.09015,18
SQ:USDSEK,2022-01-05T07:58:00+01:00,9.09032,9.09090,9.09000,9.09090,33
SQ:USDSEK,2022-01-05T07:59:00+01:00,9.09090,9.09100,9.09010,9.09017,19
SQ:USDSEK,2022-01-05T08:00:00+01:00,9.09085,9.09099,9.08991,9.09087,29
SQ:USDSEK,2022-01-05T08:01:00+01:00,9.09079,9.09136,9.09062,9.09095,20
SQ:USDSEK,2022-01-05T08:02:00+01:00,9.09096,9.09127,9.09021,9.09021,30
SQ:USDSEK,2022-01-05T08:03:00+01:00,9.09029,9.09060,9.08968,9.08991,16
SQ:USDSEK,2022-01-05T08:04:00+01:00,9.08983,9.09048,9.08982,9.09048,14
SQ:USDSEK,2022-01-05T08:05:00+01:00,9.09049,9.09049,9.08852,9.08856,25
SQ:USDSEK,2022-01-05T08:06:00+01:00,9.08820,9.08967,9.08800,9.08830,50
SQ:USDSEK,2022-01-05T08:07:00+01:00,9.08830,9.08910,9.08762,9.08762,21
SQ:USDSEK,2022-01-05T08:08:00+01:00,9.08762,9.08762,9.08674,9.08707,35
SQ:USDSEK,2022-01-05T08:09:00+01:00,9.08691,9.08810,9.08650,9.08650,29
SQ:USDSEK,2022-01-05T08:10:00+01:00,9.08650,9.08650,9.08555,9.08555,18
SQ:USDSEK,2022-01-05T08:11:00+01:00,9.08555,9.08604,9.08425,9.08527,49
SQ:USDSEK,2022-01-05T08:12:00+01:00,9.08535,9.08560,9.08480,9.08554,23
SQ:USDSEK,2022-01-05T08:13:00+01:00,9.08562,9.08577,9.08482,9.08483,15
SQ:USDSEK,2022-01-05T08:14:00+01:00,9.08483,9.08530,9.08441,9.08520,35
SQ:USDSEK,2022-01-05T08:15:00+01:00,9.08504,9.08993,9.08450,9.08992,63
SQ:USDSEK,2022-01-05T08:16:00+01:00,9.08992,9.08992,9.08730,9.08780,34
SQ:USDSEK,2022-01-05T08:17:00+01:00,9.08780,9.08943,9.08780,9.08943,34
SQ:USDSEK,2022-01-05T08:18:00+01:00,9.08932,9.09120,9.08932,9.09120,43
SQ:USDSEK,2022-01-05T08:19:00+01:00,9.09129,9.09183,9.09122,9.09183,23
SQ:USDSEK,2022-01-05T08:20:00+01:00,9.09175,9.09298,9.09163,9.09248,46
SQ:USDSEK,2022-01-05T08:21:00+01:00,9.09242,9.09272,9.09158,9.09158,37
SQ:USDSEK,2022-01-05T08:22:00+01:00,9.09155,9.09155,9.08960,9.08960,36
SQ:USDSEK,2022-01-05T08:23:00+01:00,9.08960,9.09027,9.08960,9.09020,14
SQ:USDSEK,2022-01-05T08:24:00+01:00,9.09013,9.09107,9.08918,9.08942,36
SQ:USDSEK,2022-01-05T08:25:00+01:00,9.08942,9.08943,9.08892,9.08892,18
SQ:USDSEK,2022-01-05T08:26:00+01:00,9.08892,9.08892,9.08862,9.08869,12
SQ:USDSEK,2022-01-05T08:27:00+01:00,9.08876,9.08876,9.08593,9.08607,47
SQ:USDSEK,2022-01-05T08:28:00+01:00,9.08607,9.08607,9.08509,9.08529,27
SQ:USDSEK,2022-01-05T08:29:00+01:00,9.08529,9.08972,9.08516,9.08657,52
SQ:USDSEK,2022-01-05T08:30:00+01:00,9.08660,9.08778,9.08658,9.08762,66
SQ:USDSEK,2022-01-05T08:31:00+01:00,9.08776,9.08787,9.08670,9.08670,26
SQ:USDSEK,2022-01-05T08:32:00+01:00,9.08670,9.08710,9.08654,9.08654,8
SQ:USDSEK,2022-01-05T08:33:00+01:00,9.08654,9.08736,9.08626,9.08626,26
SQ:USDSEK,2022-01-05T08:34:00+01:00,9.08642,9.08704,9.08253,9.08321,54
SQ:USDSEK,2022-01-05T08:35:00+01:00,9.08296,9.08340,9.08227,9.08227,23
SQ:USDSEK,2022-01-05T08:36:00+01:00,9.08242,9.08268,9.08196,9.08265,18
SQ:USDSEK,2022-01-05T08:37:00+01:00,9.08249,9.08270,9.08184,9.08184,20
SQ:USDSEK,2022-01-05T08:38:00+01:00,9.08168,9.08501,9.08068,9.08476,49
SQ:USDSEK,2022-01-05T08:39:00+01:00,9.08468,9.08525,9.08392,9.08458,36
SQ:USDSEK,2022-01-05T08:40:00+01:00,9.08450,9.08472,9.08339,9.08347,32
SQ:USDSEK,2022-01-05T08:41:00+01:00,9.08347,9.08442,9.08231,9.08231,37
SQ:USDSEK,2022-01-05T08:42:00+01:00,9.08215,9.08301,9.08215,9.08280,27
SQ:USDSEK,2022-01-05T08:43:00+01:00,9.08286,9.08466,9.08281,9.08414,33
SQ:USDSEK,2022-01-05T08:44:00+01:00,9.08407,9.08491,9.08402,9.08468,39
SQ:USDSEK,2022-01-05T08:45:00+01:00,9.08475,9.08475,9.08270,9.08270,24
SQ:USDSEK,2022-01-05T08:46:00+01:00,9.08280,9.08326,9.08190,9.08212,60
SQ:USDSEK,2022-01-05T08:47:00+01:00,9.08212,9.08292,9.08183,9.08233,48
SQ:USDSEK,2022-01-05T08:48:00+01:00,9.08234,9.08308,9.08206,9.08273,31
SQ:USDSEK,2022-01-05T08:49:00+01:00,9.08273,9.08337,9.08272,9.08322,11
SQ:USDSEK,2022-01-05T08:50:00+01:00,9.08313,9.08342,9.08264,9.08322,25
SQ:USDSEK,2022-01-05T08:51:00+01:00,9.08322,9.08322,9.08220,9.08255,15
SQ:USDSEK,2022-01-05T08:52:00+01:00,9.08270,9.08425,9.08270,9.08391,26
SQ:USDSEK,2022-01-05T08:53:00+01:00,9.08391,9.08391,9.08218,9.08224,27
SQ:USDSEK,2022-01-05T08:54:00+01:00,9.08224,9.08224,9.07954,9.07954,39
SQ:USDSEK,2022-01-05T08:55:00+01:00,9.07962,9.07969,9.07886,9.07911,35
SQ:USDSEK,2022-01-05T08:56:00+01:00,9.07911,9.07911,9.07784,9.07790,33
SQ:USDSEK,2022-01-05T08:57:00+01:00,9.07805,9.07889,9.07597,9.07728,44
SQ:USDSEK,2022-01-05T08:58:00+01:00,9.07722,9.07920,9.07722,9.07787,46
SQ:USDSEK,2022-01-05T08:59:00+01:00,9.07787,9.07956,9.07787,9.07890,61
SQ:USDSEK,2022-01-05T09:00:00+01:00,9.07890,9.07891,9.07575,9.07724,69
SQ:USDSEK,2022-01-05T09:01:00+01:00,9.07716,9.07904,9.07716,9.07837,77
SQ:USDSEK,2022-01-05T09:02:00+01:00,9.07837,9.07846,9.07340,9.07821,155
SQ:USDSEK,2022-01-05T09:03:00+01:00,9.07822,9.07973,9.07798,9.07921,58
SQ:USDSEK,2022-01-05T09:04:00+01:00,9.07930,9.07984,9.07811,9.07936,87
SQ:USDSEK,2022-01-05T09:05:00+01:00,9.07945,9.07960,9.07470,9.07654,63
SQ:USDSEK,2022-01-05T09:06:00+01:00,9.07641,9.07641,9.07383,9.07412,75
SQ:USDSEK,2022-01-05T09:07:00+01:00,9.07397,9.07420,9.07070,9.07147,63
SQ:USDSEK,2022-01-05T09:08:00+01:00,9.07160,9.07174,9.07083,9.07114,51
SQ:USDSEK,2022-01-05T09:09:00+01:00,9.07118,9.07180,9.07075,9.07180,40
SQ:USDSEK,2022-01-05T09:10:00+01:00,9.07180,9.07270,9.07000,9.07270,74
SQ:USDSEK,2022-01-05T09:11:00+01:00,9.07270,9.07320,9.07194,9.07320,43
SQ:USDSEK,2022-01-05T09:12:00+01:00,9.07330,9.07330,9.06800,9.06809,67
SQ:USDSEK,2022-01-05T09:13:00+01:00,9.06810,9.06830,9.06410,9.06623,88
SQ:USDSEK,2022-01-05T09:14:00+01:00,9.06612,9.06730,9.06430,9.06540,74
SQ:USDSEK,2022-01-05T09:15:00+01:00,9.06540,9.06590,9.06258,9.06391,54
SQ:USDSEK,2022-01-05T09:16:00+01:00,9.06404,9.06691,9.06257,9.06327,118
SQ:USDSEK,2022-01-05T09:17:00+01:00,9.06327,9.06483,9.06323,9.06474,46
SQ:USDSEK,2022-01-05T09:18:00+01:00,9.06474,9.06619,9.06266,9.06443,92
SQ:USDSEK,2022-01-05T09:19:00+01:00,9.06427,9.06680,9.06409,9.06509,58
SQ:USDSEK,2022-01-05T09:20:00+01:00,9.06534,9.06560,9.06360,9.06390,45
SQ:USDSEK,2022-01-05T09:21:00+01:00,9.06392,9.06440,9.06150,9.06150,54
SQ:USDSEK,2022-01-05T09:22:00+01:00,9.06141,9.06200,9.06092,9.06150,44
SQ:USDSEK,2022-01-05T09:23:00+01:00,9.06160,9.06267,9.06100,9.06100,80
SQ:USDSEK,2022-01-05T09:24:00+01:00,9.06120,9.06299,9.06090,9.06265,54
SQ:USDSEK,2022-01-05T09:25:00+01:00,9.06274,9.06355,9.06048,9.06080,71
SQ:USDSEK,2022-01-05T09:26:00+01:00,9.06062,9.06213,9.06050,9.06153,44
SQ:USDSEK,2022-01-05T09:27:00+01:00,9.06168,9.06291,9.06141,9.06291,33
SQ:USDSEK,2022-01-05T09:28:00+01:00,9.06288,9.06610,9.06272,9.06510,112
SQ:USDSEK,2022-01-05T09:29:00+01:00,9.06520,9.06560,9.06280,9.06540,67
SQ:USDSEK,2022-01-05T09:30:00+01:00,9.06540,9.06540,9.06142,9.06150,68
SQ:USDSEK,2022-01-05T09:31:00+01:00,9.06163,9.06208,9.06040,9.06080,81
SQ:USDSEK,2022-01-05T09:32:00+01:00,9.06071,9.06250,9.06031,9.06240,43
SQ:USDSEK,2022-01-05T09:33:00+01:00,9.06250,9.06513,9.06184,9.06513,96
SQ:USDSEK,2022-01-05T09:34:00+01:00,9.06535,9.06742,9.06456,9.06699,67
SQ:USDSEK,2022-01-05T09:35:00+01:00,9.06731,9.06993,9.06726,9.06990,69
SQ:USDSEK,2022-01-05T09:36:00+01:00,9.06980,9.07145,9.06930,9.07100,47
SQ:USDSEK,2022-01-05T09:37:00+01:00,9.07109,9.07148,9.07060,9.07125,51
SQ:USDSEK,2022-01-05T09:38:00+01:00,9.07109,9.07165,9.07015,9.07149,63
SQ:USDSEK,2022-01-05T09:39:00+01:00,9.07149,9.07424,9.07143,9.07244,77
SQ:USDSEK,2022-01-05T09:40:00+01:00,9.07280,9.07420,9.07120,9.07350,100
SQ:USDSEK,2022-01-05T09:41:00+01:00,9.07354,9.07550,9.07310,9.07400,152
SQ:USDSEK,2022-01-05T09:42:00+01:00,9.07400,9.07650,9.07294,9.07650,90
SQ:USDSEK,2022-01-05T09:43:00+01:00,9.07641,9.07814,9.07641,9.07782,46
SQ:USDSEK,2022-01-05T09:44:00+01:00,9.07782,9.08300,9.07782,9.07894,140
SQ:USDSEK,2022-01-05T09:45:00+01:00,9.07894,9.08138,9.07670,9.08022,110
SQ:USDSEK,2022-01-05T09:46:00+01:00,9.08028,9.08166,9.07960,9.07968,62
SQ:USDSEK,2022-01-05T09:47:00+01:00,9.07982,9.07985,9.07709,9.07864,79
SQ:USDSEK,2022-01-05T09:48:00+01:00,9.07864,9.08015,9.07864,9.08000,49
SQ:USDSEK,2022-01-05T09:49:00+01:00,9.08008,9.08178,9.07936,9.07972,85
SQ:USDSEK,2022-01-05T09:50:00+01:00,9.07973,9.08038,9.07800,9.07960,80
SQ:USDSEK,2022-01-05T09:51:00+01:00,9.07970,9.08381,9.07860,9.08239,86
SQ:USDSEK,2022-01-05T09:52:00+01:00,9.08239,9.08337,9.08124,9.08337,52
SQ:USDSEK,2022-01-05T09:53:00+01:00,9.08342,9.08440,9.08236,9.08277,44
SQ:USDSEK,2022-01-05T09:54:00+01:00,9.08287,9.08287,9.07950,9.08146,110
SQ:USDSEK,2022-01-05T09:55:00+01:00,9.08102,9.08200,9.08076,9.08108,56
SQ:USDSEK,2022-01-05T09:56:00+01:00,9.08141,9.08228,9.07760,9.07897,77
SQ:USDSEK,2022-01-05T09:57:00+01:00,9.07913,9.07943,9.07875,9.07891,54
SQ:USDSEK,2022-01-05T09:58:00+01:00,9.07890,9.08054,9.07818,9.08054,42
SQ:USDSEK,2022-01-05T09:59:00+01:00,9.08062,9.08065,9.07949,9.07986,50
SQ:USDSEK,2022-01-05T10:00:00+01:00,9.07986,9.08204,9.07800,9.08174,95
SQ:USDSEK,2022-01-05T10:01:00+01:00,9.08177,9.08185,9.07892,9.07900,46
SQ:USDSEK,2022-01-05T10:02:00+01:00,9.07940,9.08120,9.07904,9.08080,66
SQ:USDSEK,2022-01-05T10:03:00+01:00,9.08070,9.08140,9.07852,9.07956,86
SQ:USDSEK,2022-01-05T10:04:00+01:00,9.07940,9.07986,9.07863,9.07919,35
SQ:USDSEK,2022-01-05T10:05:00+01:00,9.07908,9.08055,9.07908,9.07967,54
SQ:USDSEK,2022-01-05T10:06:00+01:00,9.07950,9.07980,9.07741,9.07761,27
SQ:USDSEK,2022-01-05T10:07:00+01:00,9.07754,9.07754,9.07531,9.07620,65
SQ:USDSEK,2022-01-05T10:08:00+01:00,9.07623,9.07683,9.07582,9.07650,54
SQ:USDSEK,2022-01-05T10:09:00+01:00,9.07640,9.07720,9.07580,9.07680,34
SQ:USDSEK,2022-01-05T10:10:00+01:00,9.07690,9.07910,9.07640,9.07910,80
SQ:USDSEK,2022-01-05T10:11:00+01:00,9.07890,9.07950,9.07830,9.07890,87
SQ:USDSEK,2022-01-05T10:12:00+01:00,9.07890,9.07910,9.07850,9.07850,46
SQ:USDSEK,2022-01-05T10:13:00+01:00,9.07870,9.08000,9.07760,9.07781,95
SQ:USDSEK,2022-01-05T10:14:00+01:00,9.07773,9.07837,9.07600,9.07670,54
SQ:USDSEK,2022-01-05T10:15:00+01:00,9.07663,9.07737,9.07510,9.07610,78
SQ:USDSEK,2022-01-05T10:16:00+01:00,9.07620,9.07882,9.07600,9.07882,41
SQ:USDSEK,2022-01-05T10:17:00+01:00,9.07914,9.07985,9.07886,9.07886,52
SQ:USDSEK,2022-01-05T10:18:00+01:00,9.07903,9.07919,9.07820,9.07900,72
SQ:USDSEK,2022-01-05T10:19:00+01:00,9.07900,9.07914,9.07801,9.07808,59
SQ:USDSEK,2022-01-05T10:20:00+01:00,9.07792,9.07856,9.07701,9.07815,44
SQ:USDSEK,2022-01-05T10:21:00+01:00,9.07830,9.07831,9.07675,9.07675,35
SQ:USDSEK,2022-01-05T10:22:00+01:00,9.07659,9.07861,9.07657,9.07861,61
SQ:USDSEK,2022-01-05T10:23:00+01:00,9.07846,9.07854,9.07660,9.07736,49
SQ:USDSEK,2022-01-05T10:24:00+01:00,9.07744,9.07744,9.07353,9.07387,69
SQ:USDSEK,2022-01-05T10:25:00+01:00,9.07387,9.07692,9.07387,9.07622,63
SQ:USDSEK,2022-01-05T10:26:00+01:00,9.07630,9.07684,9.07244,9.07314,52
SQ:USDSEK,2022-01-05T10:27:00+01:00,9.07303,9.07639,9.07238,9.07589,43
SQ:USDSEK,2022-01-05T10:28:00+01:00,9.07589,9.07669,9.07503,9.07656,48
SQ:USDSEK,2022-01-05T10:29:00+01:00,9.07658,9.07867,9.07658,9.07865,57
SQ:USDSEK,2022-01-05T10:30:00+01:00,9.07860,9.07912,9.07701,9.07702,67
SQ:USDSEK,2022-01-05T10:31:00+01:00,9.07702,9.07737,9.07660,9.07698,51
SQ:USDSEK,2022-01-05T10:32:00+01:00,9.07698,9.07698,9.07457,9.07475,75
SQ:USDSEK,2022-01-05T10:33:00+01:00,9.07475,9.07564,9.07366,9.07366,47
SQ:USDSEK,2022-01-05T10:34:00+01:00,9.07366,9.07366,9.07131,9.07241,72
SQ:USDSEK,2022-01-05T10:35:00+01:00,9.07250,9.07316,9.06510,9.06770,124
SQ:USDSEK,2022-01-05T10:36:00+01:00,9.06770,9.06866,9.06380,9.06861,85
SQ:USDSEK,2022-01-05T10:37:00+01:00,9.06868,9.07303,9.06807,9.07302,105
SQ:USDSEK,2022-01-05T10:38:00+01:00,9.07303,9.07630,9.07120,9.07610,147
SQ:USDSEK,2022-01-05T10:39:00+01:00,9.07600,9.07685,9.07515,9.07540,100
SQ:USDSEK,2022-01-05T10:40:00+01:00,9.07540,9.07860,9.07473,9.07810,76
SQ:USDSEK,2022-01-05T10:41:00+01:00,9.07810,9.07815,9.07418,9.07528,73
SQ:USDSEK,2022-01-05T10:42:00+01:00,9.07528,9.07593,9.07380,9.07521,80
SQ:USDSEK,2022-01-05T10:43:00+01:00,9.07548,9.07586,9.07460,9.07550,78
SQ:USDSEK,2022-01-05T10:44:00+01:00,9.07557,9.07584,9.07444,9.07462,54
SQ:USDSEK,2022-01-05T10:45:00+01:00,9.07495,9.07520,9.07319,9.07319,87
SQ:USDSEK,2022-01-05T10:46:00+01:00,9.07371,9.07598,9.07371,9.07548,62
SQ:USDSEK,2022-01-05T10:47:00+01:00,9.07539,9.07562,9.07313,9.07324,43
SQ:USDSEK,2022-01-05T10:48:00+01:00,9.07326,9.07334,9.07110,9.07213,52
SQ:USDSEK,2022-01-05T10:49:00+01:00,9.07220,9.07220,9.07100,9.07107,40
SQ:USDSEK,2022-01-05T10:50:00+01:00,9.07108,9.07164,9.07077,9.07164,34
SQ:USDSEK,2022-01-05T10:51:00+01:00,9.07172,9.07224,9.07087,9.07087,28
SQ:USDSEK,2022-01-05T10:52:00+01:00,9.07080,9.07080,9.06720,9.06783,71
SQ:USDSEK,2022-01-05T10:53:00+01:00,9.06783,9.07258,9.06783,9.07258,81
SQ:USDSEK,2022-01-05T10:54:00+01:00,9.07236,9.07361,9.07010,9.07361,72
SQ:USDSEK,2022-01-05T10:55:00+01:00,9.07361,9.07417,9.07203,9.07253,54
SQ:USDSEK,2022-01-05T10:56:00+01:00,9.07269,9.07339,9.07078,9.07240,51
SQ:USDSEK,2022-01-05T10:57:00+01:00,9.07240,9.07280,9.07140,9.07210,65
SQ:USDSEK,2022-01-05T10:58:00+01:00,9.07200,9.07240,9.07140,9.07190,69
SQ:USDSEK,2022-01-05T10:59:00+01:00,9.07190,9.07217,9.07000,9.07045,60
SQ:USDSEK,2022-01-05T11:00:00+01:00,9.07055,9.07140,9.06916,9.06990,93
SQ:USDSEK,2022-01-05T11:01:00+01:00,9.06990,9.07060,9.06880,9.07030,94
SQ:USDSEK,2022-01-05T11:02:00+01:00,9.07030,9.07090,9.06710,9.06710,51
SQ:USDSEK,2022-01-05T11:03:00+01:00,9.06720,9.06720,9.06550,9.06660,47
SQ:USDSEK,2022-01-05T11:04:00+01:00,9.06660,9.06760,9.06630,9.06730,47
SQ:USDSEK,2022-01-05T11:05:00+01:00,9.06730,9.06730,9.06525,9.06700,91
SQ:USDSEK,2022-01-05T11:06:00+01:00,9.06720,9.06760,9.06521,9.06678,73
SQ:USDSEK,2022-01-05T11:07:00+01:00,9.06666,9.06843,9.06652,9.06843,89
SQ:USDSEK,2022-01-05T11:08:00+01:00,9.06826,9.06826,9.06420,9.06430,40
SQ:USDSEK,2022-01-05T11:09:00+01:00,9.06400,9.06400,9.05971,9.06020,117
SQ:USDSEK,2022-01-05T11:10:00+01:00,9.06020,9.06386,9.06010,9.06120,105
SQ:USDSEK,2022-01-05T11:11:00+01:00,9.06120,9.06135,9.05990,9.06127,71
SQ:USDSEK,2022-01-05T11:12:00+01:00,9.06111,9.06200,9.06020,9.06200,61
SQ:USDSEK,2022-01-05T11:13:00+01:00,9.06200,9.06413,9.06086,9.06340,125
SQ:USDSEK,2022-01-05T11:14:00+01:00,9.06340,9.06440,9.06110,9.06190,108
SQ:USDSEK,2022-01-05T11:15:00+01:00,9.06170,9.06340,9.06150,9.06251,73
SQ:USDSEK,2022-01-05T11:16:00+01:00,9.06250,9.06300,9.06190,9.06234,66
SQ:USDSEK,2022-01-05T11:17:00+01:00,9.06225,9.06319,9.06135,9.06185,79
SQ:USDSEK,2022-01-05T11:18:00+01:00,9.06170,9.06170,9.05949,9.06004,72
SQ:USDSEK,2022-01-05T11:19:00+01:00,9.05980,9.06020,9.05928,9.05928,50
SQ:USDSEK,2022-01-05T11:20:00+01:00,9.05928,9.05973,9.05330,9.05340,137
SQ:USDSEK,2022-01-05T11:21:00+01:00,9.05354,9.05794,9.05330,9.05690,102
SQ:USDSEK,2022-01-05T11:22:00+01:00,9.05656,9.05900,9.05424,9.05878,65
SQ:USDSEK,2022-01-05T11:23:00+01:00,9.05871,9.06000,9.05800,9.05975,40
SQ:USDSEK,2022-01-05T11:24:00+01:00,9.05975,9.06050,9.05955,9.06001,59
SQ:USDSEK,2022-01-05T11:25:00+01:00,9.06001,9.06001,9.05660,9.05660,54
SQ:USDSEK,2022-01-05T11:26:00+01:00,9.05660,9.05662,9.05660,9.05660,3
SQ:USDSEK,2022-01-05T11:27:00+01:00,9.05660,9.05660,9.05409,9.05548,25
SQ:USDSEK,2022-01-05T11:28:00+01:00,9.05548,9.05604,9.05440,9.05450,77
SQ:USDSEK,2022-01-05T11:29:00+01:00,9.05450,9.05450,9.05260,9.05308,54
SQ:USDSEK,2022-01-05T11:30:00+01:00,9.05311,9.05350,9.05210,9.05328,62
SQ:USDSEK,2022-01-05T11:31:00+01:00,9.05282,9.05413,9.05214,9.05377,84
SQ:USDSEK,2022-01-05T11:32:00+01:00,9.05377,9.05550,9.05376,9.05530,83
SQ:USDSEK,2022-01-05T11:33:00+01:00,9.05536,9.05536,9.05340,9.05486,71
SQ:USDSEK,2022-01-05T11:34:00+01:00,9.05471,9.05531,9.05432,9.05505,47
SQ:USDSEK,2022-01-05T11:35:00+01:00,9.05505,9.05690,9.05494,9.05670,51
SQ:USDSEK,2022-01-05T11:36:00+01:00,9.05670,9.05768,9.05660,9.05710,35
SQ:USDSEK,2022-01-05T11:37:00+01:00,9.05700,9.05710,9.05585,9.05680,42
SQ:USDSEK,2022-01-05T11:38:00+01:00,9.05680,9.05860,9.05680,9.05851,36
SQ:USDSEK,2022-01-05T11:39:00+01:00,9.05851,9.05900,9.05822,9.05867,42
SQ:USDSEK,2022-01-05T11:40:00+01:00,9.05882,9.06413,9.05882,9.06283,82
SQ:USDSEK,2022-01-05T11:41:00+01:00,9.06260,9.06261,9.06140,9.06184,43
SQ:USDSEK,2022-01-05T11:42:00+01:00,9.06184,9.06260,9.06184,9.06200,16
SQ:USDSEK,2022-01-05T11:43:00+01:00,9.06200,9.06251,9.06169,9.06199,29
SQ:USDSEK,2022-01-05T11:44:00+01:00,9.06182,9.06182,9.06086,9.06107,28
SQ:USDSEK,2022-01-05T11:45:00+01:00,9.06107,9.06107,9.05950,9.05980,47
SQ:USDSEK,2022-01-05T11:46:00+01:00,9.05980,9.06030,9.05730,9.05730,40
SQ:USDSEK,2022-01-05T11:47:00+01:00,9.05730,9.05762,9.05557,9.05591,72
SQ:USDSEK,2022-01-05T11:48:00+01:00,9.05574,9.05678,9.05550,9.05614,53
SQ:USDSEK,2022-01-05T11:49:00+01:00,9.05614,9.06197,9.05580,9.06100,87
SQ:USDSEK,2022-01-05T11:50:00+01:00,9.06100,9.06230,9.05970,9.05990,58
SQ:USDSEK,2022-01-05T11:51:00+01:00,9.06010,9.06030,9.05802,9.05850,75
SQ:USDSEK,2022-01-05T11:52:00+01:00,9.05850,9.05950,9.05710,9.05710,63
SQ:USDSEK,2022-01-05T11:53:00+01:00,9.05710,9.05786,9.05593,9.05778,48
SQ:USDSEK,2022-01-05T11:54:00+01:00,9.05766,9.05784,9.05591,9.05591,58
SQ:USDSEK,2022-01-05T11:55:00+01:00,9.05604,9.05685,9.05587,9.05587,52
SQ:USDSEK,2022-01-05T11:56:00+01:00,9.05590,9.05590,9.05500,9.05552,29
SQ:USDSEK,2022-01-05T11:57:00+01:00,9.05550,9.05760,9.05540,9.05760,42
SQ:USDSEK,2022-01-05T11:58:00+01:00,9.05750,9.06290,9.05740,9.06240,96
SQ:USDSEK,2022-01-05T11:59:00+01:00,9.06230,9.06269,9.06120,9.06213,58
SQ:USDSEK,2022-01-05T12:00:00+01:00,9.06213,9.06361,9.06028,9.06132,118
SQ:USDSEK,2022-01-05T12:01:00+01:00,9.06132,9.06260,9.06132,9.06250,45
SQ:USDSEK,2022-01-05T12:02:00+01:00,9.06250,9.06270,9.05940,9.05940,86
SQ:USDSEK,2022-01-05T12:03:00+01:00,9.05970,9.05970,9.05811,9.05860,117
SQ:USDSEK,2022-01-05T12:04:00+01:00,9.05860,9.05900,9.05441,9.05453,84
SQ:USDSEK,2022-01-05T12:05:00+01:00,9.05454,9.05584,9.05392,9.05413,49
SQ:USDSEK,2022-01-05T12:06:00+01:00,9.05413,9.05462,9.05330,9.05350,47
SQ:USDSEK,2022-01-05T12:07:00+01:00,9.05330,9.05330,9.05100,9.05111,47
SQ:USDSEK,2022-01-05T12:08:00+01:00,9.05111,9.05160,9.04999,9.05090,53
SQ:USDSEK,2022-01-05T12:09:00+01:00,9.05090,9.05162,9.05080,9.05150,45
SQ:USDSEK,2022-01-05T12:10:00+01:00,9.05130,9.05190,9.04980,9.04980,76
SQ:USDSEK,2022-01-05T12:11:00+01:00,9.04980,9.05000,9.04580,9.04620,76
SQ:USDSEK,2022-01-05T12:12:00+01:00,9.04630,9.04650,9.04422,9.04462,55
SQ:USDSEK,2022-01-05T12:13:00+01:00,9.04478,9.04560,9.04463,9.04550,82
SQ:USDSEK,2022-01-05T12:14:00+01:00,9.04530,9.04672,9.04492,9.04671,49
SQ:USDSEK,2022-01-05T12:15:00+01:00,9.04670,9.04670,9.04420,9.04430,48
SQ:USDSEK,2022-01-05T12:16:00+01:00,9.04430,9.04495,9.04340,9.04350,34
SQ:USDSEK,2022-01-05T12:17:00+01:00,9.04350,9.04396,9.04301,9.04340,50
SQ:USDSEK,2022-01-05T12:18:00+01:00,9.04340,9.04467,9.04340,9.04430,52
SQ:USDSEK,2022-01-05T12:19:00+01:00,9.04410,9.04580,9.04400,9.04547,47
SQ:USDSEK,2022-01-05T12:20:00+01:00,9.04532,9.04550,9.04470,9.04490,32
SQ:USDSEK,2022-01-05T12:21:00+01:00,9.04490,9.04580,9.04490,9.04530,22
SQ:USDSEK,2022-01-05T12:22:00+01:00,9.04520,9.04520,9.04230,9.04300,44
SQ:USDSEK,2022-01-05T12:23:00+01:00,9.04300,9.04575,9.04300,9.04574,51
SQ:USDSEK,2022-01-05T12:24:00+01:00,9.04574,9.04574,9.04481,9.04550,51
SQ:USDSEK,2022-01-05T12:25:00+01:00,9.04550,9.04564,9.04294,9.04294,58
SQ:USDSEK,2022-01-05T12:26:00+01:00,9.04310,9.04559,9.04309,9.04440,73
SQ:USDSEK,2022-01-05T12:27:00+01:00,9.04440,9.04530,9.04430,9.04484,43
SQ:USDSEK,2022-01-05T12:28:00+01:00,9.04484,9.04540,9.04440,9.04490,47
SQ:USDSEK,2022-01-05T12:29:00+01:00,9.04490,9.04618,9.04430,9.04603,55
SQ:USDSEK,2022-01-05T12:30:00+01:00,9.04618,9.04621,9.04320,9.04420,65
SQ:USDSEK,2022-01-05T12:31:00+01:00,9.04440,9.04460,9.04335,9.04368,36
SQ:USDSEK,2022-01-05T12:32:00+01:00,9.04374,9.04381,9.04301,9.04304,21
SQ:USDSEK,2022-01-05T12:33:00+01:00,9.04281,9.04289,9.04131,9.04199,37
SQ:USDSEK,2022-01-05T12:34:00+01:00,9.04199,9.04230,9.04140,9.04201,47
SQ:USDSEK,2022-01-05T12:35:00+01:00,9.04201,9.04296,9.04080,9.04080,45
SQ:USDSEK,2022-01-05T12:36:00+01:00,9.04080,9.04171,9.04080,9.04080,28
SQ:USDSEK,2022-01-05T12:37:00+01:00,9.04080,9.04162,9.04080,9.04080,34
SQ:USDSEK,2022-01-05T12:38:00+01:00,9.04080,9.04260,9.04080,9.04250,76
SQ:USDSEK,2022-01-05T12:39:00+01:00,9.04250,9.04440,9.04150,9.04380,61
SQ:USDSEK,2022-01-05T12:40:00+01:00,9.04380,9.04390,9.04240,9.04290,39
SQ:USDSEK,2022-01-05T12:41:00+01:00,9.04290,9.04330,9.04260,9.04281,49
SQ:USDSEK,2022-01-05T12:42:00+01:00,9.04280,9.04280,9.04086,9.04249,63
SQ:USDSEK,2022-01-05T12:43:00+01:00,9.04249,9.04393,9.04203,9.04330,62
SQ:USDSEK,2022-01-05T12:44:00+01:00,9.04340,9.04348,9.04189,9.04189,77
SQ:USDSEK,2022-01-05T12:45:00+01:00,9.04177,9.04224,9.04020,9.04050,50
SQ:USDSEK,2022-01-05T12:46:00+01:00,9.04030,9.04254,9.04001,9.04241,41
SQ:USDSEK,2022-01-05T12:47:00+01:00,9.04241,9.04346,9.04109,9.04346,67
SQ:USDSEK,2022-01-05T12:48:00+01:00,9.04359,9.04401,9.04190,9.04190,48
SQ:USDSEK,2022-01-05T12:49:00+01:00,9.04190,9.04421,9.04143,9.04266,96
SQ:USDSEK,2022-01-05T12:50:00+01:00,9.04266,9.04277,9.04152,9.04225,51
SQ:USDSEK,2022-01-05T12:51:00+01:00,9.04225,9.04310,9.04213,9.04290,39
SQ:USDSEK,2022-01-05T12:52:00+01:00,9.04290,9.04337,9.04250,9.04337,37
SQ:USDSEK,2022-01-05T12:53:00+01:00,9.04323,9.04362,9.04141,9.04141,37
SQ:USDSEK,2022-01-05T12:54:00+01:00,9.04131,9.04350,9.04100,9.04330,39
SQ:USDSEK,2022-01-05T12:55:00+01:00,9.04350,9.04350,9.04260,9.04280,11
SQ:USDSEK,2022-01-05T12:56:00+01:00,9.04310,9.04500,9.04310,9.04460,35
SQ:USDSEK,2022-01-05T12:57:00+01:00,9.04460,9.04460,9.04360,9.04410,21
SQ:USDSEK,2022-01-05T12:58:00+01:00,9.04410,9.04430,9.04160,9.04350,49
SQ:USDSEK,2022-01-05T12:59:00+01:00,9.04350,9.04790,9.04350,9.04538,70
SQ:USDSEK,2022-01-05T13:00:00+01:00,9.04521,9.04641,9.04504,9.04540,87
SQ:USDSEK,2022-01-05T13:01:00+01:00,9.04550,9.04620,9.04440,9.04510,75
SQ:USDSEK,2022-01-05T13:02:00+01:00,9.04500,9.04853,9.04500,9.04670,58
SQ:USDSEK,2022-01-05T13:03:00+01:00,9.04670,9.04878,9.04606,9.04878,79
SQ:USDSEK,2022-01-05T13:04:00+01:00,9.04889,9.04978,9.04840,9.04951,73
SQ:USDSEK,2022-01-05T13:05:00+01:00,9.04958,9.05190,9.04896,9.04945,128
SQ:USDSEK,2022-01-05T13:06:00+01:00,9.04940,9.04940,9.04810,9.04890,66
SQ:USDSEK,2022-01-05T13:07:00+01:00,9.04890,9.05040,9.04890,9.04930,68
SQ:USDSEK,2022-01-05T13:08:00+01:00,9.04919,9.05030,9.04880,9.04939,63
SQ:USDSEK,2022-01-05T13:09:00+01:00,9.04948,9.05200,9.04948,9.05190,47
SQ:USDSEK,2022-01-05T13:10:00+01:00,9.05190,9.05190,9.04800,9.04830,66
SQ:USDSEK,2022-01-05T13:11:00+01:00,9.04830,9.04870,9.04740,9.04860,53
SQ:USDSEK,2022-01-05T13:12:00+01:00,9.04870,9.05120,9.04740,9.05107,68
SQ:USDSEK,2022-01-05T13:13:00+01:00,9.05093,9.05123,9.05050,9.05109,39
SQ:USDSEK,2022-01-05T13:14:00+01:00,9.05108,9.05151,9.05108,9.05147,32
SQ:USDSEK,2022-01-05T13:15:00+01:00,9.05127,9.05496,9.05100,9.05496,94
SQ:USDSEK,2022-01-05T13:16:00+01:00,9.05488,9.05686,9.05481,9.05632,67
SQ:USDSEK,2022-01-05T13:17:00+01:00,9.05632,9.05661,9.05543,9.05636,76
SQ:USDSEK,2022-01-05T13:18:00+01:00,9.05621,9.05658,9.04737,9.05229,317
SQ:USDSEK,2022-01-05T13:19:00+01:00,9.05221,9.05805,9.04966,9.05741,172
SQ:USDSEK,2022-01-05T13:20:00+01:00,9.05733,9.05733,9.05105,9.05182,161
SQ:USDSEK,2022-01-05T13:21:00+01:00,9.05182,9.05479,9.05135,9.05414,89
SQ:USDSEK,2022-01-05T13:22:00+01:00,9.05408,9.05610,9.05408,9.05447,70
SQ:USDSEK,2022-01-05T13:23:00+01:00,9.05447,9.05546,9.05430,9.05480,52
SQ:USDSEK,2022-01-05T13:24:00+01:00,9.05480,9.05540,9.05440,9.05470,96
SQ:USDSEK,2022-01-05T13:25:00+01:00,9.05470,9.05690,9.05290,9.05290,122
SQ:USDSEK,2022-01-05T13:26:00+01:00,9.05300,9.05480,9.05190,9.05190,73
SQ:USDSEK,2022-01-05T13:27:00+01:00,9.05190,9.05275,9.05060,9.05269,52
SQ:USDSEK,2022-01-05T13:28:00+01:00,9.05253,9.05262,9.04908,9.04908,42
SQ:USDSEK,2022-01-05T13:29:00+01:00,9.04911,9.05391,9.04866,9.05387,70
SQ:USDSEK,2022-01-05T13:30:00+01:00,9.05376,9.05532,9.05157,9.05516,82
SQ:USDSEK,2022-01-05T13:31:00+01:00,9.05524,9.05611,9.05516,9.05530,75
SQ:USDSEK,2022-01-05T13:32:00+01:00,9.05540,9.05839,9.05520,9.05839,66
SQ:USDSEK,2022-01-05T13:33:00+01:00,9.05831,9.05871,9.05690,9.05690,68
SQ:USDSEK,2022-01-05T13:34:00+01:00,9.05691,9.05783,9.05677,9.05717,69
SQ:USDSEK,2022-01-05T13:35:00+01:00,9.05716,9.05738,9.05617,9.05634,90
SQ:USDSEK,2022-01-05T13:36:00+01:00,9.05642,9.05770,9.05510,9.05674,84
SQ:USDSEK,2022-01-05T13:37:00+01:00,9.05681,9.05776,9.05592,9.05623,55
SQ:USDSEK,2022-01-05T13:38:00+01:00,9.05638,9.05940,9.05590,9.05863,76
SQ:USDSEK,2022-01-05T13:39:00+01:00,9.05863,9.06364,9.05855,9.06339,84
SQ:USDSEK,2022-01-05T13:40:00+01:00,9.06319,9.06340,9.06166,9.06183,63
SQ:USDSEK,2022-01-05T13:41:00+01:00,9.06180,9.06190,9.05892,9.06112,68
SQ:USDSEK,2022-01-05T13:42:00+01:00,9.06112,9.06125,9.05808,9.05808,51
SQ:USDSEK,2022-01-05T13:43:00+01:00,9.05808,9.05808,9.05678,9.05701,65
SQ:USDSEK,2022-01-05T13:44:00+01:00,9.05703,9.05720,9.05600,9.05708,76
SQ:USDSEK,2022-01-05T13:45:00+01:00,9.05708,9.06189,9.05660,9.06167,64
SQ:USDSEK,2022-01-05T13:46:00+01:00,9.06187,9.06204,9.06067,9.06099,68
SQ:USDSEK,2022-01-05T13:47:00+01:00,9.06099,9.06320,9.06096,9.06251,55
SQ:USDSEK,2022-01-05T13:48:00+01:00,9.06261,9.06261,9.06180,9.06217,50
SQ:USDSEK,2022-01-05T13:49:00+01:00,9.06224,9.06491,9.06205,9.06491,62
SQ:USDSEK,2022-01-05T13:50:00+01:00,9.06461,9.06480,9.06256,9.06399,83
SQ:USDSEK,2022-01-05T13:51:00+01:00,9.06399,9.06430,9.06279,9.06300,58
SQ:USDSEK,2022-01-05T13:52:00+01:00,9.06290,9.06310,9.06204,9.06204,31
SQ:USDSEK,2022-01-05T13:53:00+01:00,9.06204,9.06330,9.06204,9.06320,71
SQ:USDSEK,2022-01-05T13:54:00+01:00,9.06320,9.06349,9.06234,9.06340,38
SQ:USDSEK,2022-01-05T13:55:00+01:00,9.06340,9.06500,9.06340,9.06470,48
SQ:USDSEK,2022-01-05T13:56:00+01:00,9.06470,9.06507,9.06320,9.06360,57
SQ:USDSEK,2022-01-05T13:57:00+01:00,9.06360,9.06450,9.06042,9.06130,109
SQ:USDSEK,2022-01-05T13:58:00+01:00,9.06130,9.06240,9.06038,9.06170,69
SQ:USDSEK,2022-01-05T13:59:00+01:00,9.06170,9.06170,9.05958,9.05958,48
SQ:USDSEK,2022-01-05T14:00:00+01:00,9.05970,9.06338,9.05863,9.06110,112
SQ:USDSEK,2022-01-05T14:01:00+01:00,9.06120,9.06360,9.06120,9.06210,53
SQ:USDSEK,2022-01-05T14:02:00+01:00,9.06210,9.06320,9.06116,9.06125,82
SQ:USDSEK,2022-01-05T14:03:00+01:00,9.06140,9.06160,9.05930,9.05980,53
SQ:USDSEK,2022-01-05T14:04:00+01:00,9.05970,9.06260,9.05970,9.06230,61
SQ:USDSEK,2022-01-05T14:05:00+01:00,9.06230,9.06290,9.06010,9.06200,56
SQ:USDSEK,2022-01-05T14:06:00+01:00,9.06200,9.06370,9.06115,9.06370,29
SQ:USDSEK,2022-01-05T14:07:00+01:00,9.06370,9.06600,9.06370,9.06490,69
SQ:USDSEK,2022-01-05T14:08:00+01:00,9.06490,9.06510,9.06280,9.06360,70
SQ:USDSEK,2022-01-05T14:09:00+01:00,9.06340,9.06340,9.05817,9.05980,106
SQ:USDSEK,2022-01-05T14:10:00+01:00,9.05980,9.06050,9.05850,9.05880,179
SQ:USDSEK,2022-01-05T14:11:00+01:00,9.05890,9.06263,9.05771,9.06205,138
SQ:USDSEK,2022-01-05T14:12:00+01:00,9.06205,9.06420,9.05931,9.05931,99
SQ:USDSEK,2022-01-05T14:13:00+01:00,9.05923,9.05976,9.05779,9.05780,69
SQ:USDSEK,2022-01-05T14:14:00+01:00,9.05830,9.05870,9.05566,9.05588,102
SQ:USDSEK,2022-01-05T14:15:00+01:00,9.05596,9.06560,9.05579,9.06560,284
SQ:USDSEK,2022-01-05T14:16:00+01:00,9.06570,9.06570,9.06117,9.06440,145
SQ:USDSEK,2022-01-05T14:17:00+01:00,9.06440,9.06630,9.06171,9.06210,128
SQ:USDSEK,2022-01-05T14:18:00+01:00,9.06200,9.06336,9.05790,9.06187,114
SQ:USDSEK,2022-01-05T14:19:00+01:00,9.06203,9.06387,9.06170,9.06227,98
SQ:USDSEK,2022-01-05T14:20:00+01:00,9.06227,9.06490,9.06170,9.06424,132
SQ:USDSEK,2022-01-05T14:21:00+01:00,9.06439,9.06520,9.06291,9.06357,102
SQ:USDSEK,2022-01-05T14:22:00+01:00,9.06357,9.06427,9.06170,9.06427,74
SQ:USDSEK,2022-01-05T14:23:00+01:00,9.06412,9.06590,9.06390,9.06400,76
SQ:USDSEK,2022-01-05T14:24:00+01:00,9.06400,9.06400,9.06101,9.06110,67
SQ:USDSEK,2022-01-05T14:25:00+01:00,9.06090,9.06124,9.05915,9.06075,83
SQ:USDSEK,2022-01-05T14:26:00+01:00,9.06092,9.06319,9.06088,9.06257,81
SQ:USDSEK,2022-01-05T14:27:00+01:00,9.06272,9.06410,9.06145,9.06170,55
SQ:USDSEK,2022-01-05T14:28:00+01:00,9.06162,9.06400,9.06154,9.06380,59
SQ:USDSEK,2022-01-05T14:29:00+01:00,9.06376,9.06376,9.06153,9.06170,70
SQ:USDSEK,2022-01-05T14:30:00+01:00,9.06170,9.06170,9.05800,9.05830,86
SQ:USDSEK,2022-01-05T14:31:00+01:00,9.05830,9.05910,9.05670,9.05800,70
SQ:USDSEK,2022-01-05T14:32:00+01:00,9.05800,9.05820,9.05571,9.05596,78
SQ:USDSEK,2022-01-05T14:33:00+01:00,9.05596,9.05980,9.05577,9.05790,96
SQ:USDSEK,2022-01-05T14:34:00+01:00,9.05790,9.06183,9.05780,9.06174,78
SQ:USDSEK,2022-01-05T14:35:00+01:00,9.06174,9.06199,9.05840,9.05900,98
SQ:USDSEK,2022-01-05T14:36:00+01:00,9.05900,9.06170,9.05880,9.05880,104
SQ:USDSEK,2022-01-05T14:37:00+01:00,9.05880,9.05940,9.05725,9.05770,102
SQ:USDSEK,2022-01-05T14:38:00+01:00,9.05777,9.05950,9.05630,9.05681,88
SQ:USDSEK,2022-01-05T14:39:00+01:00,9.05682,9.05816,9.05645,9.05659,70
SQ:USDSEK,2022-01-05T14:40:00+01:00,9.05665,9.05790,9.05389,9.05444,74
SQ:USDSEK,2022-01-05T14:41:00+01:00,9.05444,9.05493,9.05314,9.05360,62
SQ:USDSEK,2022-01-05T14:42:00+01:00,9.05420,9.06270,9.05420,9.06190,71
SQ:USDSEK,2022-01-05T14:43:00+01:00,9.06190,9.06390,9.06120,9.06272,92
SQ:USDSEK,2022-01-05T14:44:00+01:00,9.06278,9.06325,9.05970,9.06030,126
SQ:USDSEK,2022-01-05T14:45:00+01:00,9.06030,9.06308,9.05800,9.06266,141
SQ:USDSEK,2022-01-05T14:46:00+01:00,9.06266,9.06336,9.05960,9.06283,130
SQ:USDSEK,2022-01-05T14:47:00+01:00,9.06283,9.06304,9.06057,9.06070,94
SQ:USDSEK,2022-01-05T14:48:00+01:00,9.06070,9.06160,9.06010,9.06080,95
SQ:USDSEK,2022-01-05T14:49:00+01:00,9.06066,9.06150,9.05730,9.05885,119
SQ:USDSEK,2022-01-05T14:50:00+01:00,9.05930,9.06190,9.05916,9.05985,100
SQ:USDSEK,2022-01-05T14:51:00+01:00,9.05985,9.06153,9.05962,9.06110,83
SQ:USDSEK,2022-01-05T14:52:00+01:00,9.06110,9.06170,9.05905,9.05946,82
SQ:USDSEK,2022-01-05T14:53:00+01:00,9.05960,9.06070,9.05905,9.05920,83
SQ:USDSEK,2022-01-05T14:54:00+01:00,9.05910,9.06010,9.05820,9.05943,91
SQ:USDSEK,2022-01-05T14:55:00+01:00,9.05941,9.06187,9.05941,9.06023,103
SQ:USDSEK,2022-01-05T14:56:00+01:00,9.06023,9.06065,9.05922,9.06065,68
SQ:USDSEK,2022-01-05T14:57:00+01:00,9.06053,9.06670,9.05936,9.06600,133
SQ:USDSEK,2022-01-05T14:58:00+01:00,9.06620,9.06790,9.06520,9.06550,82
SQ:USDSEK,2022-01-05T14:59:00+01:00,9.06550,9.06550,9.06100,9.06136,99
SQ:USDSEK,2022-01-05T15:00:00+01:00,9.06149,9.06500,9.05879,9.06436,126
SQ:USDSEK,2022-01-05T15:01:00+01:00,9.06452,9.06543,9.06180,9.06320,86
SQ:USDSEK,2022-01-05T15:02:00+01:00,9.06312,9.06330,9.05810,9.06013,101
SQ:USDSEK,2022-01-05T15:03:00+01:00,9.06013,9.06163,9.06013,9.06151,165
SQ:USDSEK,2022-01-05T15:04:00+01:00,9.06151,9.06186,9.06033,9.06047,118
SQ:USDSEK,2022-01-05T15:05:00+01:00,9.06040,9.06142,9.06026,9.06046,103
SQ:USDSEK,2022-01-05T15:06:00+01:00,9.06037,9.06150,9.05996,9.06125,81
SQ:USDSEK,2022-01-05T15:07:00+01:00,9.06120,9.06160,9.06060,9.06130,47
SQ:USDSEK,2022-01-05T15:08:00+01:00,9.06130,9.06130,9.05815,9.06041,111
SQ:USDSEK,2022-01-05T15:09:00+01:00,9.06041,9.06102,9.05860,9.05880,81
SQ:USDSEK,2022-01-05T15:10:00+01:00,9.05904,9.05930,9.05670,9.05743,73
SQ:USDSEK,2022-01-05T15:11:00+01:00,9.05743,9.06020,9.05743,9.05857,125
SQ:USDSEK,2022-01-05T15:12:00+01:00,9.05850,9.05869,9.05670,9.05720,101
SQ:USDSEK,2022-01-05T15:13:00+01:00,9.05731,9.05990,9.05720,9.05970,105
SQ:USDSEK,2022-01-05T15:14:00+01:00,9.05978,9.06060,9.05955,9.05979,96
SQ:USDSEK,2022-01-05T15:15:00+01:00,9.05972,9.05972,9.05816,9.05914,57
SQ:USDSEK,2022-01-05T15:16:00+01:00,9.05908,9.05962,9.05870,9.05890,56
SQ:USDSEK,2022-01-05T15:17:00+01:00,9.05880,9.05910,9.05780,9.05801,44
SQ:USDSEK,2022-01-05T15:18:00+01:00,9.05802,9.05802,9.05570,9.05590,63
SQ:USDSEK,2022-01-05T15:19:00+01:00,9.05590,9.05650,9.05464,9.05490,50
SQ:USDSEK,2022-01-05T15:20:00+01:00,9.05473,9.05480,9.05260,9.05270,73
SQ:USDSEK,2022-01-05T15:21:00+01:00,9.05290,9.05389,9.05224,9.05287,79
SQ:USDSEK,2022-01-05T15:22:00+01:00,9.05287,9.05298,9.05064,9.05096,119
SQ:USDSEK,2022-01-05T15:23:00+01:00,9.05096,9.05144,9.04996,9.05097,74
SQ:USDSEK,2022-01-05T15:24:00+01:00,9.05097,9.05480,9.05022,9.05360,84
SQ:USDSEK,2022-01-05T15:25:00+01:00,9.05360,9.05360,9.05284,9.05350,58
SQ:USDSEK,2022-01-05T15:26:00+01:00,9.05350,9.05370,9.05270,9.05290,52
SQ:USDSEK,2022-01-05T15:27:00+01:00,9.05270,9.05754,9.05270,9.05480,82
SQ:USDSEK,2022-01-05T15:28:00+01:00,9.05489,9.05804,9.05489,9.05705,91
SQ:USDSEK,2022-01-05T15:29:00+01:00,9.05705,9.05880,9.05639,9.05805,139
SQ:USDSEK,2022-01-05T15:30:00+01:00,9.05801,9.05801,9.05277,9.05570,160
SQ:USDSEK,2022-01-05T15:31:00+01:00,9.05570,9.05600,9.05540,9.05580,49
SQ:USDSEK,2022-01-05T15:32:00+01:00,9.05600,9.05820,9.05570,9.05712,176
SQ:USDSEK,2022-01-05T15:33:00+01:00,9.05712,9.06035,9.05660,9.06022,175
SQ:USDSEK,2022-01-05T15:34:00+01:00,9.06022,9.06128,9.05842,9.06070,123
SQ:USDSEK,2022-01-05T15:35:00+01:00,9.06060,9.06246,9.06060,9.06180,70
SQ:USDSEK,2022-01-05T15:36:00+01:00,9.06180,9.06350,9.06010,9.06040,91
SQ:USDSEK,2022-01-05T15:37:00+01:00,9.06060,9.06304,9.05969,9.06291,104
SQ:USDSEK,2022-01-05T15:38:00+01:00,9.06329,9.06452,9.06087,9.06087,113
SQ:USDSEK,2022-01-05T15:39:00+01:00,9.06089,9.06196,9.05858,9.05875,63
SQ:USDSEK,2022-01-05T15:40:00+01:00,9.05866,9.05947,9.05830,9.05850,60
SQ:USDSEK,2022-01-05T15:41:00+01:00,9.05850,9.05860,9.05490,9.05710,87
SQ:USDSEK,2022-01-05T15:42:00+01:00,9.05695,9.05880,9.05659,9.05737,81
SQ:USDSEK,2022-01-05T15:43:00+01:00,9.05730,9.05800,9.05524,9.05660,79
SQ:USDSEK,2022-01-05T15:44:00+01:00,9.05630,9.05881,9.05630,9.05802,75
SQ:USDSEK,2022-01-05T15:45:00+01:00,9.05802,9.05850,9.05411,9.05426,47
SQ:USDSEK,2022-01-05T15:46:00+01:00,9.05396,9.05421,9.05239,9.05293,58
SQ:USDSEK,2022-01-05T15:47:00+01:00,9.05308,9.05309,9.04900,9.05120,81
SQ:USDSEK,2022-01-05T15:48:00+01:00,9.05120,9.05370,9.05090,9.05320,99
SQ:USDSEK,2022-01-05T15:49:00+01:00,9.05320,9.05430,9.05020,9.05078,108
SQ:USDSEK,2022-01-05T15:50:00+01:00,9.05076,9.05200,9.05012,9.05012,74
SQ:USDSEK,2022-01-05T15:51:00+01:00,9.05010,9.05483,9.04900,9.05400,113
SQ:USDSEK,2022-01-05T15:52:00+01:00,9.05380,9.05380,9.05068,9.05069,45
SQ:USDSEK,2022-01-05T15:53:00+01:00,9.05061,9.05102,9.05020,9.05070,47
SQ:USDSEK,2022-01-05T15:54:00+01:00,9.05078,9.05184,9.05078,9.05136,35
SQ:USDSEK,2022-01-05T15:55:00+01:00,9.05152,9.05240,9.05029,9.05160,71
SQ:USDSEK,2022-01-05T15:56:00+01:00,9.05180,9.05320,9.05097,9.05100,121
SQ:USDSEK,2022-01-05T15:57:00+01:00,9.05105,9.05579,9.05010,9.05579,105
SQ:USDSEK,2022-01-05T15:58:00+01:00,9.05573,9.05600,9.05180,9.05190,151
SQ:USDSEK,2022-01-05T15:59:00+01:00,9.05200,9.05250,9.04990,9.05000,109
SQ:USDSEK,2022-01-05T16:00:00+01:00,9.05020,9.05030,9.04740,9.04907,106
SQ:USDSEK,2022-01-05T16:01:00+01:00,9.04907,9.04970,9.04620,9.04866,165
SQ:USDSEK,2022-01-05T16:02:00+01:00,9.04850,9.04900,9.04743,9.04790,45
SQ:USDSEK,2022-01-05T16:03:00+01:00,9.04797,9.04801,9.04646,9.04734,164
SQ:USDSEK,2022-01-05T16:04:00+01:00,9.04727,9.04787,9.04620,9.04656,85
SQ:USDSEK,2022-01-05T16:05:00+01:00,9.04644,9.04720,9.04622,9.04670,69
SQ:USDSEK,2022-01-05T16:06:00+01:00,9.04670,9.04880,9.04619,9.04700,81
SQ:USDSEK,2022-01-05T16:07:00+01:00,9.04700,9.04900,9.04680,9.04720,46
SQ:USDSEK,2022-01-05T16:08:00+01:00,9.04720,9.05040,9.04650,9.05040,258
SQ:USDSEK,2022-01-05T16:09:00+01:00,9.05040,9.05090,9.04780,9.04930,135
SQ:USDSEK,2022-01-05T16:10:00+01:00,9.04921,9.05020,9.04890,9.04910,104
SQ:USDSEK,2022-01-05T16:11:00+01:00,9.04900,9.04960,9.04740,9.04810,53
SQ:USDSEK,2022-01-05T16:12:00+01:00,9.04810,9.04850,9.04261,9.04361,62
SQ:USDSEK,2022-01-05T16:13:00+01:00,9.04362,9.04804,9.04240,9.04778,106
SQ:USDSEK,2022-01-05T16:14:00+01:00,9.04778,9.04794,9.04410,9.04463,143
SQ:USDSEK,2022-01-05T16:15:00+01:00,9.04450,9.04760,9.04410,9.04424,106
SQ:USDSEK,2022-01-05T16:16:00+01:00,9.04424,9.04566,9.04104,9.04200,101
SQ:USDSEK,2022-01-05T16:17:00+01:00,9.04200,9.04570,9.04194,9.04570,68
SQ:USDSEK,2022-01-05T16:18:00+01:00,9.04555,9.04630,9.04500,9.04570,72
SQ:USDSEK,2022-01-05T16:19:00+01:00,9.04570,9.04610,9.04510,9.04530,82
SQ:USDSEK,2022-01-05T16:20:00+01:00,9.04570,9.04610,9.04494,9.04529,100
SQ:USDSEK,2022-01-05T16:21:00+01:00,9.04529,9.04589,9.04479,9.04565,61
SQ:USDSEK,2022-01-05T16:22:00+01:00,9.04552,9.04560,9.04346,9.04408,52
SQ:USDSEK,2022-01-05T16:23:00+01:00,9.04385,9.04429,9.04225,9.04419,88
SQ:USDSEK,2022-01-05T16:24:00+01:00,9.04417,9.04495,9.04405,9.04448,53
SQ:USDSEK,2022-01-05T16:25:00+01:00,9.04464,9.04464,9.04274,9.04380,88
SQ:USDSEK,2022-01-05T16:26:00+01:00,9.04400,9.04600,9.04364,9.04580,136
SQ:USDSEK,2022-01-05T16:27:00+01:00,9.04580,9.04590,9.04385,9.04430,129
SQ:USDSEK,2022-01-05T16:28:00+01:00,9.04440,9.04570,9.04440,9.04530,226
SQ:USDSEK,2022-01-05T16:29:00+01:00,9.04509,9.04630,9.04381,9.04492,128
SQ:USDSEK,2022-01-05T16:30:00+01:00,9.04486,9.04847,9.04450,9.04758,138
SQ:USDSEK,2022-01-05T16:31:00+01:00,9.04758,9.04973,9.04713,9.04920,63
SQ:USDSEK,2022-01-05T16:32:00+01:00,9.04960,9.05140,9.04960,9.05075,94
SQ:USDSEK,2022-01-05T16:33:00+01:00,9.05084,9.05114,9.05036,9.05070,101
SQ:USDSEK,2022-01-05T16:34:00+01:00,9.05070,9.05310,9.05004,9.05260,97
SQ:USDSEK,2022-01-05T16:35:00+01:00,9.05260,9.05480,9.05260,9.05410,77
SQ:USDSEK,2022-01-05T16:36:00+01:00,9.05400,9.05480,9.05185,9.05200,55
SQ:USDSEK,2022-01-05T16:37:00+01:00,9.05200,9.05230,9.05150,9.05200,43
SQ:USDSEK,2022-01-05T16:38:00+01:00,9.05200,9.05280,9.05200,9.05280,32
SQ:USDSEK,2022-01-05T16:39:00+01:00,9.05270,9.05600,9.05260,9.05600,71
SQ:USDSEK,2022-01-05T16:40:00+01:00,9.05590,9.05600,9.05210,9.05310,45
SQ:USDSEK,2022-01-05T16:41:00+01:00,9.05310,9.05310,9.05079,9.05214,60
SQ:USDSEK,2022-01-05T16:42:00+01:00,9.05224,9.05677,9.05224,9.05555,107
SQ:USDSEK,2022-01-05T16:43:00+01:00,9.05555,9.05630,9.05510,9.05570,54
SQ:USDSEK,2022-01-05T16:44:00+01:00,9.05560,9.05570,9.05180,9.05180,60
SQ:USDSEK,2022-01-05T16:45:00+01:00,9.05180,9.05445,9.05180,9.05445,87
SQ:USDSEK,2022-01-05T16:46:00+01:00,9.05470,9.05700,9.05364,9.05572,71
SQ:USDSEK,2022-01-05T16:47:00+01:00,9.05572,9.05610,9.05317,9.05360,111
SQ:USDSEK,2022-01-05T16:48:00+01:00,9.05376,9.05590,9.05216,9.05418,71
SQ:USDSEK,2022-01-05T16:49:00+01:00,9.05403,9.05610,9.05360,9.05600,94
SQ:USDSEK,2022-01-05T16:50:00+01:00,9.05600,9.06080,9.05570,9.06080,158
SQ:USDSEK,2022-01-05T16:51:00+01:00,9.06090,9.06130,9.05820,9.05990,93
SQ:USDSEK,2022-01-05T16:52:00+01:00,9.05990,9.06050,9.05842,9.05995,91
SQ:USDSEK,2022-01-05T16:53:00+01:00,9.05995,9.06344,9.05966,9.06025,117
SQ:USDSEK,2022-01-05T16:54:00+01:00,9.06030,9.06160,9.05790,9.06035,97
SQ:USDSEK,2022-01-05T16:55:00+01:00,9.06028,9.06350,9.05910,9.06110,114
SQ:USDSEK,2022-01-05T16:56:00+01:00,9.06105,9.06392,9.06030,9.06224,121
SQ:USDSEK,2022-01-05T16:57:00+01:00,9.06208,9.06210,9.05770,9.06030,124
SQ:USDSEK,2022-01-05T16:58:00+01:00,9.06030,9.06050,9.05430,9.05690,172
SQ:USDSEK,2022-01-05T16:59:00+01:00,9.05690,9.06030,9.05690,9.05970,139
SQ:USDSEK,2022-01-05T17:00:00+01:00,9.06010,9.06220,9.05930,9.06070,122
SQ:USDSEK,2022-01-05T17:01:00+01:00,9.06070,9.06170,9.05930,9.06132,135
SQ:USDSEK,2022-01-05T17:02:00+01:00,9.06132,9.06200,9.05977,9.05977,106
SQ:USDSEK,2022-01-05T17:03:00+01:00,9.05992,9.06085,9.05786,9.05894,87
SQ:USDSEK,2022-01-05T17:04:00+01:00,9.05894,9.05939,9.05841,9.05915,33
SQ:USDSEK,2022-01-05T17:05:00+01:00,9.05915,9.05915,9.05680,9.05729,40
SQ:USDSEK,2022-01-05T17:06:00+01:00,9.05705,9.05821,9.05626,9.05783,59
SQ:USDSEK,2022-01-05T17:07:00+01:00,9.05744,9.05775,9.05719,9.05734,24
SQ:USDSEK,2022-01-05T17:08:00+01:00,9.05740,9.06180,9.05677,9.06180,95
SQ:USDSEK,2022-01-05T17:09:00+01:00,9.06180,9.06490,9.05735,9.05760,127
SQ:USDSEK,2022-01-05T17:10:00+01:00,9.05760,9.05801,9.05640,9.05779,59
SQ:USDSEK,2022-01-05T17:11:00+01:00,9.05779,9.05968,9.05741,9.05958,50
SQ:USDSEK,2022-01-05T17:12:00+01:00,9.05945,9.05966,9.05908,9.05917,36
SQ:USDSEK,2022-01-05T17:13:00+01:00,9.05909,9.06045,9.05899,9.05911,56
SQ:USDSEK,2022-01-05T17:14:00+01:00,9.05910,9.06003,9.05890,9.05960,24
SQ:USDSEK,2022-01-05T17:15:00+01:00,9.05940,9.06016,9.05911,9.05950,76
SQ:USDSEK,2022-01-05T17:16:00+01:00,9.05960,9.06280,9.05940,9.06221,59
SQ:USDSEK,2022-01-05T17:17:00+01:00,9.06243,9.06350,9.06146,9.06205,68
SQ:USDSEK,2022-01-05T17:18:00+01:00,9.06189,9.06500,9.06173,9.06450,56
SQ:USDSEK,2022-01-05T17:19:00+01:00,9.06450,9.06553,9.06352,9.06553,47
SQ:USDSEK,2022-01-05T17:20:00+01:00,9.06562,9.06617,9.06480,9.06595,46
SQ:USDSEK,2022-01-05T17:21:00+01:00,9.06590,9.06842,9.06581,9.06842,72
SQ:USDSEK,2022-01-05T17:22:00+01:00,9.06830,9.07068,9.06830,9.07068,51
SQ:USDSEK,2022-01-05T17:23:00+01:00,9.07074,9.07160,9.07044,9.07089,61
SQ:USDSEK,2022-01-05T17:24:00+01:00,9.07089,9.07151,9.06932,9.07000,74
SQ:USDSEK,2022-01-05T17:25:00+01:00,9.07028,9.07058,9.06970,9.07011,41
SQ:USDSEK,2022-01-05T17:26:00+01:00,9.07017,9.07140,9.07002,9.07090,62
SQ:USDSEK,2022-01-05T17:27:00+01:00,9.07104,9.07193,9.07088,9.07134,59
SQ:USDSEK,2022-01-05T17:28:00+01:00,9.07134,9.07213,9.07110,9.07140,34
SQ:USDSEK,2022-01-05T17:29:00+01:00,9.07160,9.07189,9.06634,9.06651,70
SQ:USDSEK,2022-01-05T17:30:00+01:00,9.06662,9.06700,9.06544,9.06649,45
SQ:USDSEK,2022-01-05T17:31:00+01:00,9.06641,9.06714,9.06637,9.06683,23
SQ:USDSEK,2022-01-05T17:32:00+01:00,9.06681,9.06740,9.06681,9.06740,13
SQ:USDSEK,2022-01-05T17:33:00+01:00,9.06740,9.06876,9.06740,9.06771,22
SQ:USDSEK,2022-01-05T17:34:00+01:00,9.06747,9.06980,9.06747,9.06756,59
SQ:USDSEK,2022-01-05T17:35:00+01:00,9.06756,9.06756,9.06638,9.06715,35
SQ:USDSEK,2022-01-05T17:36:00+01:00,9.06696,9.06779,9.06690,9.06779,27
SQ:USDSEK,2022-01-05T17:37:00+01:00,9.06767,9.06767,9.06667,9.06667,30
SQ:USDSEK,2022-01-05T17:38:00+01:00,9.06664,9.06689,9.06507,9.06629,47
SQ:USDSEK,2022-01-05T17:39:00+01:00,9.06613,9.06762,9.06613,9.06762,30
SQ:USDSEK,2022-01-05T17:40:00+01:00,9.06769,9.06797,9.06323,9.06371,57
SQ:USDSEK,2022-01-05T17:41:00+01:00,9.06357,9.06394,9.05945,9.06240,90
SQ:USDSEK,2022-01-05T17:42:00+01:00,9.06131,9.06389,9.05912,9.06389,64
SQ:USDSEK,2022-01-05T17:43:00+01:00,9.06403,9.06661,9.06387,9.06629,37
SQ:USDSEK,2022-01-05T17:44:00+01:00,9.06621,9.06635,9.06526,9.06526,45
SQ:USDSEK,2022-01-05T17:45:00+01:00,9.06523,9.06674,9.06477,9.06553,59
SQ:USDSEK,2022-01-05T17:46:00+01:00,9.06544,9.06728,9.06484,9.06644,55
SQ:USDSEK,2022-01-05T17:47:00+01:00,9.06655,9.06655,9.06491,9.06507,30
SQ:USDSEK,2022-01-05T17:48:00+01:00,9.06519,9.06589,9.06506,9.06589,26
SQ:USDSEK,2022-01-05T17:49:00+01:00,9.06581,9.06643,9.06495,9.06495,37
SQ:USDSEK,2022-01-05T17:50:00+01:00,9.06495,9.06599,9.06452,9.06459,37
SQ:USDSEK,2022-01-05T17:51:00+01:00,9.06453,9.06568,9.06453,9.06552,21
SQ:USDSEK,2022-01-05T17:52:00+01:00,9.06538,9.06596,9.06538,9.06579,13
SQ:USDSEK,2022-01-05T17:53:00+01:00,9.06572,9.06572,9.06427,9.06492,23
SQ:USDSEK,2022-01-05T17:54:00+01:00,9.06492,9.06570,9.06440,9.06550,69
SQ:USDSEK,2022-01-05T17:55:00+01:00,9.06550,9.06550,9.06313,9.06345,49
SQ:USDSEK,2022-01-05T17:56:00+01:00,9.06346,9.06347,9.06224,9.06269,32
SQ:USDSEK,2022-01-05T17:57:00+01:00,9.06268,9.06310,9.06236,9.06250,28
SQ:USDSEK,2022-01-05T17:58:00+01:00,9.06256,9.06410,9.06230,9.06380,38
SQ:USDSEK,2022-01-05T17:59:00+01:00,9.06360,9.06370,9.06100,9.06100,60
SQ:USDSEK,2022-01-05T18:00:00+01:00,9.06100,9.06260,9.06085,9.06166,67
SQ:USDSEK,2022-01-05T18:01:00+01:00,9.06166,9.06229,9.06102,9.06190,75
SQ:USDSEK,2022-01-05T18:02:00+01:00,9.06200,9.06272,9.06127,9.06190,57
SQ:USDSEK,2022-01-05T18:03:00+01:00,9.06200,9.06220,9.06140,9.06150,59
SQ:USDSEK,2022-01-05T18:04:00+01:00,9.06140,9.06160,9.06002,9.06041,48
SQ:USDSEK,2022-01-05T18:05:00+01:00,9.06041,9.06088,9.05873,9.05887,39
SQ:USDSEK,2022-01-05T18:06:00+01:00,9.05888,9.06041,9.05875,9.06012,29
SQ:USDSEK,2022-01-05T18:07:00+01:00,9.06012,9.06070,9.05980,9.06046,53
SQ:USDSEK,2022-01-05T18:08:00+01:00,9.06046,9.06046,9.05980,9.06040,32
SQ:USDSEK,2022-01-05T18:09:00+01:00,9.06030,9.06050,9.05970,9.05993,112
SQ:USDSEK,2022-01-05T18:10:00+01:00,9.06010,9.06060,9.05970,9.06060,99
SQ:USDSEK,2022-01-05T18:11:00+01:00,9.06060,9.06090,9.05940,9.05970,82
SQ:USDSEK,2022-01-05T18:12:00+01:00,9.05980,9.06040,9.05921,9.05970,39
SQ:USDSEK,2022-01-05T18:13:00+01:00,9.05970,9.06080,9.05920,9.06000,40
SQ:USDSEK,2022-01-05T18:14:00+01:00,9.06000,9.06130,9.05930,9.06120,18
SQ:USDSEK,2022-01-05T18:15:00+01:00,9.06120,9.06120,9.05944,9.05976,27
SQ:USDSEK,2022-01-05T18:16:00+01:00,9.05976,9.05976,9.05892,9.05892,16
SQ:USDSEK,2022-01-05T18:17:00+01:00,9.05883,9.05920,9.05850,9.05910,36
SQ:USDSEK,2022-01-05T18:18:00+01:00,9.05910,9.05910,9.05830,9.05833,24
SQ:USDSEK,2022-01-05T18:19:00+01:00,9.05830,9.05848,9.05744,9.05744,26
SQ:USDSEK,2022-01-05T18:20:00+01:00,9.05736,9.05736,9.05364,9.05364,105
SQ:USDSEK,2022-01-05T18:21:00+01:00,9.05393,9.05526,9.05232,9.05526,79
SQ:USDSEK,2022-01-05T18:22:00+01:00,9.05527,9.05670,9.05520,9.05653,75
SQ:USDSEK,2022-01-05T18:23:00+01:00,9.05661,9.05662,9.05370,9.05460,52
SQ:USDSEK,2022-01-05T18:24:00+01:00,9.05460,9.05551,9.05349,9.05551,26
SQ:USDSEK,2022-01-05T18:25:00+01:00,9.05551,9.05739,9.05522,9.05617,53
SQ:USDSEK,2022-01-05T18:26:00+01:00,9.05617,9.05673,9.05510,9.05614,56
SQ:USDSEK,2022-01-05T18:27:00+01:00,9.05627,9.05751,9.05588,9.05751,38
SQ:USDSEK,2022-01-05T18:28:00+01:00,9.05741,9.05803,9.05741,9.05771,38
SQ:USDSEK,2022-01-05T18:29:00+01:00,9.05763,9.05905,9.05763,9.05891,39
SQ:USDSEK,2022-01-05T18:30:00+01:00,9.05900,9.05932,9.05885,9.05926,18
SQ:USDSEK,2022-01-05T18:31:00+01:00,9.05928,9.05991,9.05889,9.05976,33
SQ:USDSEK,2022-01-05T18:32:00+01:00,9.05982,9.06047,9.05982,9.06023,28
SQ:USDSEK,2022-01-05T18:33:00+01:00,9.06019,9.06149,9.06019,9.06038,25
SQ:USDSEK,2022-01-05T18:34:00+01:00,9.06038,9.06038,9.05889,9.05994,44
SQ:USDSEK,2022-01-05T18:35:00+01:00,9.05995,9.06043,9.05985,9.05994,47
SQ:USDSEK,2022-01-05T18:36:00+01:00,9.05994,9.06084,9.05994,9.06003,34
SQ:USDSEK,2022-01-05T18:37:00+01:00,9.06003,9.06023,9.05988,9.05988,32
SQ:USDSEK,2022-01-05T18:38:00+01:00,9.05988,9.06073,9.05988,9.06073,23
SQ:USDSEK,2022-01-05T18:39:00+01:00,9.06073,9.06078,9.05989,9.06034,23
SQ:USDSEK,2022-01-05T18:40:00+01:00,9.06048,9.06048,9.05979,9.05997,19
SQ:USDSEK,2022-01-05T18:41:00+01:00,9.05989,9.06052,9.05981,9.06049,39
SQ:USDSEK,2022-01-05T18:42:00+01:00,9.06049,9.06063,9.06025,9.06063,13
SQ:USDSEK,2022-01-05T18:43:00+01:00,9.06079,9.06141,9.06000,9.06101,21
SQ:USDSEK,2022-01-05T18:44:00+01:00,9.06086,9.06140,9.06037,9.06067,36
SQ:USDSEK,2022-01-05T18:45:00+01:00,9.06067,9.06137,9.05970,9.05970,35
SQ:USDSEK,2022-01-05T18:46:00+01:00,9.05970,9.05975,9.05874,9.05882,12
SQ:USDSEK,2022-01-05T18:47:00+01:00,9.05867,9.05867,9.05757,9.05774,22
SQ:USDSEK,2022-01-05T18:48:00+01:00,9.05774,9.05783,9.05698,9.05717,27
SQ:USDSEK,2022-01-05T18:49:00+01:00,9.05731,9.06159,9.05731,9.06112,57
SQ:USDSEK,2022-01-05T18:50:00+01:00,9.06104,9.06104,9.05983,9.06068,36
SQ:USDSEK,2022-01-05T18:51:00+01:00,9.06084,9.06084,9.06018,9.06028,32
SQ:USDSEK,2022-01-05T18:52:00+01:00,9.06041,9.06073,9.06020,9.06071,22
SQ:USDSEK,2022-01-05T18:53:00+01:00,9.06080,9.06102,9.06030,9.06030,11
SQ:USDSEK,2022-01-05T18:54:00+01:00,9.06030,9.06050,9.05860,9.05870,22
SQ:USDSEK,2022-01-05T18:55:00+01:00,9.05850,9.05920,9.05810,9.05820,29
SQ:USDSEK,2022-01-05T18:56:00+01:00,9.05820,9.05900,9.05820,9.05880,15
SQ:USDSEK,2022-01-05T18:57:00+01:00,9.05900,9.05981,9.05900,9.05974,16
SQ:USDSEK,2022-01-05T18:58:00+01:00,9.05981,9.06070,9.05981,9.06015,25
SQ:USDSEK,2022-01-05T18:59:00+01:00,9.06016,9.06016,9.05755,9.05795,29
SQ:USDSEK,2022-01-05T19:00:00+01:00,9.05802,9.06031,9.05802,9.06024,46
SQ:USDSEK,2022-01-05T19:01:00+01:00,9.06013,9.06063,9.05933,9.06018,40
SQ:USDSEK,2022-01-05T19:02:00+01:00,9.06023,9.06023,9.05940,9.06014,24
SQ:USDSEK,2022-01-05T19:03:00+01:00,9.06013,9.06215,9.05979,9.06181,27
SQ:USDSEK,2022-01-05T19:04:00+01:00,9.06168,9.06221,9.06168,9.06194,13
SQ:USDSEK,2022-01-05T19:05:00+01:00,9.06180,9.06225,9.06176,9.06225,16
SQ:USDSEK,2022-01-05T19:06:00+01:00,9.06217,9.06232,9.06170,9.06170,18
SQ:USDSEK,2022-01-05T19:07:00+01:00,9.06171,9.06261,9.06171,9.06209,25
SQ:USDSEK,2022-01-05T19:08:00+01:00,9.06197,9.06294,9.06197,9.06294,19
SQ:USDSEK,2022-01-05T19:09:00+01:00,9.06294,9.06304,9.06243,9.06278,26
SQ:USDSEK,2022-01-05T19:10:00+01:00,9.06288,9.06301,9.06257,9.06270,29
SQ:USDSEK,2022-01-05T19:11:00+01:00,9.06282,9.06312,9.06270,9.06283,17
SQ:USDSEK,2022-01-05T19:12:00+01:00,9.06258,9.06259,9.06170,9.06180,50
SQ:USDSEK,2022-01-05T19:13:00+01:00,9.06180,9.06210,9.06170,9.06210,29
SQ:USDSEK,2022-01-05T19:14:00+01:00,9.06235,9.06242,9.06182,9.06210,16
SQ:USDSEK,2022-01-05T19:15:00+01:00,9.06203,9.06251,9.06172,9.06231,43
SQ:USDSEK,2022-01-05T19:16:00+01:00,9.06215,9.06215,9.06160,9.06193,27
SQ:USDSEK,2022-01-05T19:17:00+01:00,9.06179,9.06289,9.06161,9.06270,13
SQ:USDSEK,2022-01-05T19:18:00+01:00,9.06255,9.06283,9.06238,9.06283,19
SQ:USDSEK,2022-01-05T19:19:00+01:00,9.06291,9.06314,9.06227,9.06227,20
SQ:USDSEK,2022-01-05T19:20:00+01:00,9.06227,9.06252,9.06227,9.06235,16
SQ:USDSEK,2022-01-05T19:21:00+01:00,9.06220,9.06220,9.06160,9.06182,28
SQ:USDSEK,2022-01-05T19:22:00+01:00,9.06194,9.06300,9.06194,9.06250,24
SQ:USDSEK,2022-01-05T19:23:00+01:00,9.06248,9.06248,9.06080,9.06080,20
SQ:USDSEK,2022-01-05T19:24:00+01:00,9.06080,9.06080,9.06059,9.06059,5
SQ:USDSEK,2022-01-05T19:25:00+01:00,9.06059,9.06090,9.06041,9.06041,9
SQ:USDSEK,2022-01-05T19:26:00+01:00,9.06020,9.06020,9.05920,9.05966,26
SQ:USDSEK,2022-01-05T19:27:00+01:00,9.05962,9.05978,9.05948,9.05978,14
SQ:USDSEK,2022-01-05T19:28:00+01:00,9.05962,9.05962,9.05903,9.05948,16
SQ:USDSEK,2022-01-05T19:29:00+01:00,9.05971,9.06001,9.05910,9.05923,18
SQ:USDSEK,2022-01-05T19:30:00+01:00,9.05938,9.05963,9.05910,9.05910,11
SQ:USDSEK,2022-01-05T19:31:00+01:00,9.05910,9.05910,9.05910,9.05910,1
SQ:USDSEK,2022-01-05T19:32:00+01:00,9.05910,9.05940,9.05910,9.05920,13
SQ:USDSEK,2022-01-05T19:33:00+01:00,9.05920,9.05955,9.05910,9.05940,19
SQ:USDSEK,2022-01-05T19:34:00+01:00,9.05940,9.05942,9.05890,9.05907,9
SQ:USDSEK,2022-01-05T19:35:00+01:00,9.05895,9.05943,9.05894,9.05910,20
SQ:USDSEK,2022-01-05T19:36:00+01:00,9.05905,9.05910,9.05732,9.05828,55
SQ:USDSEK,2022-01-05T19:37:00+01:00,9.05821,9.05843,9.05754,9.05795,44
SQ:USDSEK,2022-01-05T19:38:00+01:00,9.05784,9.05918,9.05784,9.05912,36
SQ:USDSEK,2022-01-05T19:39:00+01:00,9.05911,9.05911,9.05815,9.05815,18
SQ:USDSEK,2022-01-05T19:40:00+01:00,9.05799,9.05799,9.05678,9.05733,31
SQ:USDSEK,2022-01-05T19:41:00+01:00,9.05722,9.05733,9.05690,9.05727,25
SQ:USDSEK,2022-01-05T19:42:00+01:00,9.05744,9.05894,9.05739,9.05841,20
SQ:USDSEK,2022-01-05T19:43:00+01:00,9.05840,9.05840,9.05737,9.05753,29
SQ:USDSEK,2022-01-05T19:44:00+01:00,9.05748,9.05853,9.05748,9.05811,35
SQ:USDSEK,2022-01-05T19:45:00+01:00,9.05809,9.05873,9.05780,9.05873,22
SQ:USDSEK,2022-01-05T19:46:00+01:00,9.05866,9.05906,9.05832,9.05847,34
SQ:USDSEK,2022-01-05T19:47:00+01:00,9.05847,9.06234,9.05825,9.06231,49
SQ:USDSEK,2022-01-05T19:48:00+01:00,9.06220,9.06221,9.06132,9.06187,31
SQ:USDSEK,2022-01-05T19:49:00+01:00,9.06186,9.06234,9.06141,9.06234,20
SQ:USDSEK,2022-01-05T19:50:00+01:00,9.06250,9.06317,9.06250,9.06317,146
SQ:USDSEK,2022-01-05T19:51:00+01:00,9.06320,9.06420,9.06317,9.06420,128
SQ:USDSEK,2022-01-05T19:52:00+01:00,9.06410,9.06494,9.06400,9.06474,91
SQ:USDSEK,2022-01-05T19:53:00+01:00,9.06489,9.06504,9.06420,9.06447,18
SQ:USDSEK,2022-01-05T19:54:00+01:00,9.06455,9.06503,9.06455,9.06490,19
SQ:USDSEK,2022-01-05T19:55:00+01:00,9.06521,9.06521,9.06423,9.06439,22
SQ:USDSEK,2022-01-05T19:56:00+01:00,9.06439,9.06439,9.06300,9.06342,50
SQ:USDSEK,2022-01-05T19:57:00+01:00,9.06382,9.06532,9.06380,9.06479,35
SQ:USDSEK,2022-01-05T19:58:00+01:00,9.06479,9.06554,9.06440,9.06541,63
SQ:USDSEK,2022-01-05T19:59:00+01:00,9.06537,9.06636,9.06380,9.06553,33
SQ:USDSEK,2022-01-05T20:00:00+01:00,9.06554,9.06839,9.06441,9.06640,67
SQ:USDSEK,2022-01-05T20:01:00+01:00,9.06640,9.06740,9.06416,9.06740,99
SQ:USDSEK,2022-01-05T20:02:00+01:00,9.06723,9.06759,9.06429,9.06668,134
SQ:USDSEK,2022-01-05T20:03:00+01:00,9.06684,9.07134,9.06649,9.07110,154
SQ:USDSEK,2022-01-05T20:04:00+01:00,9.07102,9.07111,9.06775,9.06950,242
SQ:USDSEK,2022-01-05T20:05:00+01:00,9.06958,9.07838,9.06690,9.07838,185
SQ:USDSEK,2022-01-05T20:06:00+01:00,9.07871,9.07871,9.07553,9.07760,82
SQ:USDSEK,2022-01-05T20:07:00+01:00,9.07760,9.08060,9.07743,9.08050,90
SQ:USDSEK,2022-01-05T20:08:00+01:00,9.08050,9.08350,9.08050,9.08090,115
SQ:USDSEK,2022-01-05T20:09:00+01:00,9.08090,9.08870,9.08050,9.08870,162
SQ:USDSEK,2022-01-05T20:10:00+01:00,9.08870,9.09230,9.08645,9.09020,93
SQ:USDSEK,2022-01-05T20:11:00+01:00,9.09040,9.09560,9.09020,9.09560,117
SQ:USDSEK,2022-01-05T20:12:00+01:00,9.09423,9.09740,9.09288,9.09577,163
SQ:USDSEK,2022-01-05T20:13:00+01:00,9.09570,9.09908,9.09514,9.09805,146
SQ:USDSEK,2022-01-05T20:14:00+01:00,9.09798,9.09836,9.09356,9.09367,132
SQ:USDSEK,2022-01-05T20:15:00+01:00,9.09376,9.09512,9.09272,9.09278,131
SQ:USDSEK,2022-01-05T20:16:00+01:00,9.09247,9.09247,9.08681,9.08681,113
SQ:USDSEK,2022-01-05T20:17:00+01:00,9.08708,9.08884,9.08630,9.08829,99
SQ:USDSEK,2022-01-05T20:18:00+01:00,9.08816,9.08940,9.08739,9.08926,93
SQ:USDSEK,2022-01-05T20:19:00+01:00,9.08942,9.09100,9.08820,9.08890,83
SQ:USDSEK,2022-01-05T20:20:00+01:00,9.08890,9.08890,9.08645,9.08700,25
SQ:USDSEK,2022-01-05T20:21:00+01:00,9.08712,9.09060,9.08703,9.09060,76
SQ:USDSEK,2022-01-05T20:22:00+01:00,9.09060,9.09100,9.09000,9.09030,41
SQ:USDSEK,2022-01-05T20:23:00+01:00,9.09060,9.09366,9.09060,9.09335,113
SQ:USDSEK,2022-01-05T20:24:00+01:00,9.09358,9.09455,9.09164,9.09164,96
SQ:USDSEK,2022-01-05T20:25:00+01:00,9.09181,9.09195,9.08916,9.08916,95
SQ:USDSEK,2022-01-05T20:26:00+01:00,9.08905,9.08944,9.08620,9.08921,111
SQ:USDSEK,2022-01-05T20:27:00+01:00,9.08922,9.09060,9.08886,9.08910,91
SQ:USDSEK,2022-01-05T20:28:00+01:00,9.08910,9.08910,9.08368,9.08601,170
SQ:USDSEK,2022-01-05T20:29:00+01:00,9.08584,9.08775,9.08569,9.08730,54
SQ:USDSEK,2022-01-05T20:30:00+01:00,9.08715,9.09035,9.08715,9.09026,73
SQ:USDSEK,2022-01-05T20:31:00+01:00,9.09020,9.09020,9.08806,9.08912,77
SQ:USDSEK,2022-01-05T20:32:00+01:00,9.08921,9.09041,9.08888,9.09013,102
SQ:USDSEK,2022-01-05T20:33:00+01:00,9.09021,9.09300,9.09021,9.09240,125
SQ:USDSEK,2022-01-05T20:34:00+01:00,9.09236,9.09380,9.09160,9.09350,105
SQ:USDSEK,2022-01-05T20:35:00+01:00,9.09360,9.09440,9.09220,9.09300,79
SQ:USDSEK,2022-01-05T20:36:00+01:00,9.09320,9.09400,9.09140,9.09380,102
SQ:USDSEK,2022-01-05T20:37:00+01:00,9.09385,9.09500,9.09300,9.09440,49
SQ:USDSEK,2022-01-05T20:38:00+01:00,9.09450,9.09650,9.09450,9.09650,78
SQ:USDSEK,2022-01-05T20:39:00+01:00,9.09640,9.09702,9.09376,9.09420,126
SQ:USDSEK,2022-01-05T20:40:00+01:00,9.09431,9.09599,9.09400,9.09400,112
SQ:USDSEK,2022-01-05T20:41:00+01:00,9.09370,9.09494,9.09260,9.09280,123
SQ:USDSEK,2022-01-05T20:42:00+01:00,9.09280,9.09340,9.09170,9.09310,76
SQ:USDSEK,2022-01-05T20:43:00+01:00,9.09310,9.09427,9.09284,9.09390,44
SQ:USDSEK,2022-01-05T20:44:00+01:00,9.09410,9.09531,9.09303,9.09319,71
SQ:USDSEK,2022-01-05T20:45:00+01:00,9.09310,9.09455,9.09290,9.09290,81
SQ:USDSEK,2022-01-05T20:46:00+01:00,9.09300,9.09320,9.09220,9.09220,52
SQ:USDSEK,2022-01-05T20:47:00+01:00,9.09230,9.09320,9.09220,9.09320,67
SQ:USDSEK,2022-01-05T20:48:00+01:00,9.09310,9.09430,9.09290,9.09320,81
SQ:USDSEK,2022-01-05T20:49:00+01:00,9.09320,9.09380,9.09250,9.09380,45
SQ:USDSEK,2022-01-05T20:50:00+01:00,9.09389,9.09499,9.09322,9.09380,93
SQ:USDSEK,2022-01-05T20:51:00+01:00,9.09380,9.09420,9.09316,9.09320,49
SQ:USDSEK,2022-01-05T20:52:00+01:00,9.09304,9.09328,9.09230,9.09230,42
SQ:USDSEK,2022-01-05T20:53:00+01:00,9.09230,9.09423,9.09230,9.09423,79
SQ:USDSEK,2022-01-05T20:54:00+01:00,9.09430,9.09525,9.09326,9.09326,61
SQ:USDSEK,2022-01-05T20:55:00+01:00,9.09337,9.09412,9.09288,9.09290,59
SQ:USDSEK,2022-01-05T20:56:00+01:00,9.09288,9.09340,9.09210,9.09210,25
SQ:USDSEK,2022-01-05T20:57:00+01:00,9.09210,9.09320,9.09210,9.09260,52
SQ:USDSEK,2022-01-05T20:58:00+01:00,9.09260,9.09570,9.09210,9.09560,73
SQ:USDSEK,2022-01-05T20:59:00+01:00,9.09560,9.09732,9.09502,9.09660,144
SQ:USDSEK,2022-01-05T21:00:00+01:00,9.09650,9.09820,9.09550,9.09820,77
SQ:USDSEK,2022-01-05T21:01:00+01:00,9.09831,9.10030,9.09740,9.10020,106
SQ:USDSEK,2022-01-05T21:02:00+01:00,9.10020,9.10170,9.09947,9.10140,89
SQ:USDSEK,2022-01-05T21:03:00+01:00,9.10140,9.10150,9.09850,9.09920,76
SQ:USDSEK,2022-01-05T21:04:00+01:00,9.09920,9.09970,9.09780,9.09790,88
SQ:USDSEK,2022-01-05T21:05:00+01:00,9.09820,9.10020,9.09820,9.09980,61
SQ:USDSEK,2022-01-05T21:06:00+01:00,9.09990,9.10043,9.09910,9.10027,66
SQ:USDSEK,2022-01-05T21:07:00+01:00,9.10010,9.10177,9.09981,9.10102,55
SQ:USDSEK,2022-01-05T21:08:00+01:00,9.10126,9.10200,9.10056,9.10190,68
SQ:USDSEK,2022-01-05T21:09:00+01:00,9.10190,9.10530,9.10174,9.10420,71
SQ:USDSEK,2022-01-05T21:10:00+01:00,9.10396,9.10530,9.10370,9.10460,44
SQ:USDSEK,2022-01-05T21:11:00+01:00,9.10460,9.10460,9.10339,9.10350,52
SQ:USDSEK,2022-01-05T21:12:00+01:00,9.10360,9.10819,9.10310,9.10809,114
SQ:USDSEK,2022-01-05T21:13:00+01:00,9.10812,9.10844,9.10620,9.10750,226
SQ:USDSEK,2022-01-05T21:14:00+01:00,9.10740,9.11101,9.10690,9.11101,119
SQ:USDSEK,2022-01-05T21:15:00+01:00,9.11091,9.11288,9.11000,9.11288,67
SQ:USDSEK,2022-01-05T21:16:00+01:00,9.11296,9.11347,9.11230,9.11300,68
SQ:USDSEK,2022-01-05T21:17:00+01:00,9.11300,9.11430,9.11300,9.11380,49
SQ:USDSEK,2022-01-05T21:18:00+01:00,9.11370,9.11370,9.11149,9.11200,71
SQ:USDSEK,2022-01-05T21:19:00+01:00,9.11210,9.11260,9.11080,9.11110,69
SQ:USDSEK,2022-01-05T21:20:00+01:00,9.11110,9.11199,9.11020,9.11104,77
SQ:USDSEK,2022-01-05T21:21:00+01:00,9.11104,9.11190,9.11065,9.11094,44
SQ:USDSEK,2022-01-05T21:22:00+01:00,9.11094,9.11094,9.10892,9.10908,39
SQ:USDSEK,2022-01-05T21:23:00+01:00,9.10910,9.10943,9.10804,9.10821,26
SQ:USDSEK,2022-01-05T21:24:00+01:00,9.10812,9.10812,9.10733,9.10780,34
SQ:USDSEK,2022-01-05T21:25:00+01:00,9.10772,9.10830,9.10759,9.10800,41
SQ:USDSEK,2022-01-05T21:26:00+01:00,9.10800,9.10820,9.10620,9.10620,60
SQ:USDSEK,2022-01-05T21:27:00+01:00,9.10620,9.10690,9.10620,9.10620,46
SQ:USDSEK,2022-01-05T21:28:00+01:00,9.10620,9.10620,9.10450,9.10460,31
SQ:USDSEK,2022-01-05T21:29:00+01:00,9.10480,9.10510,9.10409,9.10480,59
SQ:USDSEK,2022-01-05T21:30:00+01:00,9.10480,9.10570,9.10469,9.10540,65
SQ:USDSEK,2022-01-05T21:31:00+01:00,9.10540,9.10646,9.10500,9.10605,56
SQ:USDSEK,2022-01-05T21:32:00+01:00,9.10605,9.10688,9.10580,9.10688,41
SQ:USDSEK,2022-01-05T21:33:00+01:00,9.10674,9.10735,9.10674,9.10699,11
SQ:USDSEK,2022-01-05T21:34:00+01:00,9.10698,9.10756,9.10696,9.10726,30
SQ:USDSEK,2022-01-05T21:35:00+01:00,9.10747,9.10752,9.10676,9.10677,21
SQ:USDSEK,2022-01-05T21:36:00+01:00,9.10696,9.10709,9.10580,9.10654,59
SQ:USDSEK,2022-01-05T21:37:00+01:00,9.10640,9.10676,9.10464,9.10464,49
SQ:USDSEK,2022-01-05T21:38:00+01:00,9.10465,9.10465,9.10332,9.10332,32
SQ:USDSEK,2022-01-05T21:39:00+01:00,9.10318,9.10427,9.10318,9.10370,37
SQ:USDSEK,2022-01-05T21:40:00+01:00,9.10358,9.10462,9.10332,9.10462,28
SQ:USDSEK,2022-01-05T21:41:00+01:00,9.10469,9.10515,9.10335,9.10336,33
SQ:USDSEK,2022-01-05T21:42:00+01:00,9.10345,9.10363,9.10228,9.10277,21
SQ:USDSEK,2022-01-05T21:43:00+01:00,9.10290,9.10332,9.10290,9.10332,26
SQ:USDSEK,2022-01-05T21:44:00+01:00,9.10338,9.10338,9.10270,9.10290,12
SQ:USDSEK,2022-01-05T21:45:00+01:00,9.10290,9.10395,9.10290,9.10381,12
SQ:USDSEK,2022-01-05T21:46:00+01:00,9.10373,9.10373,9.10290,9.10290,37
SQ:USDSEK,2022-01-05T21:47:00+01:00,9.10290,9.10370,9.10290,9.10319,22
SQ:USDSEK,2022-01-05T21:48:00+01:00,9.10334,9.10365,9.10295,9.10357,18
SQ:USDSEK,2022-01-05T21:49:00+01:00,9.10351,9.10375,9.10303,9.10316,18
SQ:USDSEK,2022-01-05T21:50:00+01:00,9.10338,9.10413,9.10314,9.10355,47
SQ:USDSEK,2022-01-05T21:51:00+01:00,9.10347,9.10467,9.10347,9.10467,19
SQ:USDSEK,2022-01-05T21:52:00+01:00,9.10470,9.10580,9.10470,9.10548,23
SQ:USDSEK,2022-01-05T21:53:00+01:00,9.10541,9.10555,9.10467,9.10467,12
SQ:USDSEK,2022-01-05T21:54:00+01:00,9.10467,9.10482,9.10450,9.10450,7
SQ:USDSEK,2022-01-05T21:55:00+01:00,9.10450,9.10506,9.10450,9.10459,24
SQ:USDSEK,2022-01-05T21:56:00+01:00,9.10464,9.10517,9.10417,9.10417,46
SQ:USDSEK,2022-01-05T21:57:00+01:00,9.10416,9.10547,9.10377,9.10377,53
SQ:USDSEK,2022-01-05T21:58:00+01:00,9.10363,9.10760,9.10363,9.10585,62
SQ:USDSEK,2022-01-05T21:59:00+01:00,9.10490,9.10533,9.10404,9.10481,67
SQ:USDSEK,2022-01-05T22:00:00+01:00,9.10495,9.10573,9.10495,9.10514,28
SQ:USDSEK,2022-01-05T22:01:00+01:00,9.10531,9.10634,9.10463,9.10634,46
SQ:USDSEK,2022-01-05T22:02:00+01:00,9.10650,9.10718,9.10632,9.10718,14
SQ:USDSEK,2022-01-05T22:03:00+01:00,9.10734,9.10919,9.10724,9.10889,19
SQ:USDSEK,2022-01-05T22:04:00+01:00,9.10875,9.11052,9.10855,9.11052,38
SQ:USDSEK,2022-01-05T22:05:00+01:00,9.11052,9.11052,9.10990,9.11007,30
SQ:USDSEK,2022-01-05T22:08:00+01:00,9.11380,9.11410,9.11380,9.11380,7
SQ:USDSEK,2022-01-05T22:09:00+01:00,9.11400,9.11453,9.11362,9.11414,48
SQ:USDSEK,2022-01-05T22:10:00+01:00,9.11406,9.11462,9.11406,9.11462,4
SQ:USDSEK,2022-01-05T22:11:00+01:00,9.11454,9.11454,9.11370,9.11370,11
SQ:USDSEK,2022-01-05T22:12:00+01:00,9.11366,9.11380,9.11350,9.11350,5
SQ:USDSEK,2022-01-05T22:13:00+01:00,9.11350,9.11350,9.11350,9.11350,1
SQ:USDSEK,2022-01-05T22:14:00+01:00,9.11340,9.11340,9.11260,9.11270,10
SQ:USDSEK,2022-01-05T22:15:00+01:00,9.11260,9.11282,9.11229,9.11259,17
SQ:USDSEK,2022-01-05T22:16:00+01:00,9.11235,9.11340,9.11113,9.11130,15
SQ:USDSEK,2022-01-05T22:17:00+01:00,9.11130,9.11157,9.11130,9.11136,6
SQ:USDSEK,2022-01-05T22:18:00+01:00,9.11168,9.11270,9.11152,9.11270,6
SQ:USDSEK,2022-01-05T22:19:00+01:00,9.11270,9.11280,9.11270,9.11270,3
SQ:USDSEK,2022-01-05T22:20:00+01:00,9.11285,9.11360,9.11137,9.11137,24
SQ:USDSEK,2022-01-05T22:21:00+01:00,9.11137,9.11155,9.11100,9.11141,16
SQ:USDSEK,2022-01-05T22:22:00+01:00,9.11155,9.11155,9.11075,9.11095,24
SQ:USDSEK,2022-01-05T22:23:00+01:00,9.11112,9.11114,9.10987,9.11094,36
SQ:USDSEK,2022-01-05T22:24:00+01:00,9.11091,9.11165,9.11010,9.11035,31
SQ:USDSEK,2022-01-05T22:25:00+01:00,9.11058,9.11093,9.10958,9.11036,15
SQ:USDSEK,2022-01-05T22:26:00+01:00,9.11015,9.11093,9.11015,9.11072,7
SQ:USDSEK,2022-01-05T22:27:00+01:00,9.11092,9.11092,9.10879,9.10930,40
SQ:USDSEK,2022-01-05T22:28:00+01:00,9.10930,9.11141,9.10930,9.11110,80
SQ:USDSEK,2022-01-05T22:29:00+01:00,9.11100,9.11148,9.11034,9.11120,128
SQ:USDSEK,2022-01-05T22:30:00+01:00,9.11110,9.11160,9.11030,9.11150,184
SQ:USDSEK,2022-01-05T22:31:00+01:00,9.11150,9.11160,9.11060,9.11130,145
SQ:USDSEK,2022-01-05T22:32:00+01:00,9.11120,9.11160,9.11070,9.11150,102
SQ:USDSEK,2022-01-05T22:33:00+01:00,9.11140,9.11160,9.11000,9.11070,210
SQ:USDSEK,2022-01-05T22:34:00+01:00,9.11060,9.11218,9.11023,9.11062,69
SQ:USDSEK,2022-01-05T22:35:00+01:00,9.11062,9.11110,9.11060,9.11092,28
SQ:USDSEK,2022-01-05T22:36:00+01:00,9.11102,9.11160,9.11020,9.11110,17
SQ:USDSEK,2022-01-05T22:37:00+01:00,9.11100,9.11120,9.11050,9.11070,95
SQ:USDSEK,2022-01-05T22:38:00+01:00,9.11090,9.11182,9.11040,9.11070,61
SQ:USDSEK,2022-01-05T22:39:00+01:00,9.11060,9.11213,9.11050,9.11060,6
SQ:USDSEK,2022-01-05T22:40:00+01:00,9.11065,9.11110,9.11060,9.11090,24
SQ:USDSEK,2022-01-05T22:41:00+01:00,9.11090,9.11240,9.11080,9.11220,208
SQ:USDSEK,2022-01-05T22:42:00+01:00,9.11210,9.11230,9.11100,9.11150,173
SQ:USDSEK,2022-01-05T22:43:00+01:00,9.11140,9.11230,9.11050,9.11170,339
SQ:USDSEK,2022-01-05T22:44:00+01:00,9.11180,9.11190,9.10970,9.11110,343
SQ:USDSEK,2022-01-05T22:45:00+01:00,9.11100,9.11100,9.11010,9.11010,15
SQ:USDSEK,2022-01-05T22:46:00+01:00,9.11010,9.11050,9.11010,9.11030,21
SQ:USDSEK,2022-01-05T22:47:00+01:00,9.11020,9.11020,9.11000,9.11000,2
SQ:USDSEK,2022-01-05T22:48:00+01:00,9.11000,9.11000,9.10930,9.10970,26
SQ:USDSEK,2022-01-05T22:49:00+01:00,9.10970,9.10970,9.10830,9.10842,20
SQ:USDSEK,2022-01-05T22:50:00+01:00,9.10840,9.10840,9.10790,9.10790,6
SQ:USDSEK,2022-01-05T22:51:00+01:00,9.10790,9.10790,9.10690,9.10700,19
SQ:USDSEK,2022-01-05T22:52:00+01:00,9.10690,9.10730,9.10690,9.10710,8
SQ:USDSEK,2022-01-05T22:53:00+01:00,9.10700,9.10700,9.10700,9.10700,1
SQ:USDSEK,2022-01-05T22:54:00+01:00,9.10700,9.10700,9.10660,9.10660,2
SQ:USDSEK,2022-01-05T23:25:00+01:00,9.10069,9.10069,9.10069,9.10069,1
SQ:USDSEK,2022-01-05T23:27:00+01:00,9.10064,9.10225,9.10064,9.10225,5
SQ:USDSEK,2022-01-05T23:28:00+01:00,9.10241,9.10257,9.10233,9.10257,5
SQ:USDSEK,2022-01-05T23:29:00+01:00,9.10265,9.10265,9.10200,9.10200,8
SQ:USDSEK,2022-01-05T23:30:00+01:00,9.10200,9.10240,9.10200,9.10240,2
SQ:USDSEK,2022-01-05T23:31:00+01:00,9.10240,9.10240,9.10240,9.10240,1
SQ:USDSEK,2022-01-05T23:32:00+01:00,9.10240,9.10240,9.10240,9.10240,1
SQ:USDSEK,2022-01-05T23:33:00+01:00,9.10240,9.10240,9.10240,9.10240,1
SQ:USDSEK,2022-01-05T23:35:00+01:00,9.10290,9.10290,9.10290,9.10290,1
SQ:USDSEK,2022-01-05T23:36:00+01:00,9.10290,9.10290,9.10290,9.10290,1
SQ:USDSEK,2022-01-05T23:37:00+01:00,9.10290,9.10290,9.10290,9.10290,1
SQ:USDSEK,2022-01-05T23:38:00+01:00,9.10290,9.10290,9.10290,9.10290,1
SQ:USDSEK,2022-01-05T23:39:00+01:00,9.10290,9.10290,9.10290,9.10290,1
SQ:USDSEK,2022-01-05T23:40:00+01:00,9.10290,9.10290,9.10210,9.10210,2
SQ:USDSEK,2022-01-05T23:41:00+01:00,9.10210,9.10210,9.09830,9.09830,3
SQ:USDSEK,2022-01-05T23:42:00+01:00,9.09830,9.09980,9.09820,9.09980,3
SQ:USDSEK,2022-01-05T23:43:00+01:00,9.09980,9.09980,9.09980,9.09980,1
SQ:USDSEK,2022-01-05T23:44:00+01:00,9.10080,9.10280,9.10080,9.10280,2
SQ:USDSEK,2022-01-05T23:45:00+01:00,9.10290,9.10300,9.10290,9.10300,2
SQ:USDSEK,2022-01-05T23:46:00+01:00,9.10300,9.10440,9.10290,9.10290,5
SQ:USDSEK,2022-01-05T23:47:00+01:00,9.10290,9.10530,9.10290,9.10300,7
SQ:USDSEK,2022-01-05T23:48:00+01:00,9.10300,9.10300,9.10300,9.10300,1
SQ:USDSEK,2022-01-05T23:49:00+01:00,9.10300,9.10300,9.10300,9.10300,1
SQ:USDSEK,2022-01-05T23:50:00+01:00,9.10300,9.10300,9.10300,9.10300,1
SQ:USDSEK,2022-01-05T23:51:00+01:00,9.10300,9.10300,9.10300,9.10300,1
SQ:USDSEK,2022-01-05T23:52:00+01:00,9.10300,9.10300,9.10300,9.10300,1
SQ:USDSEK,2022-01-05T23:53:00+01:00,9.10300,9.10300,9.10290,9.10290,2
SQ:USDSEK,2022-01-05T23:54:00+01:00,9.10290,9.10320,9.10290,9.10290,4
SQ:USDSEK,2022-01-05T23:55:00+01:00,9.10290,9.10310,9.10280,9.10300,14
SQ:USDSEK,2022-01-05T23:56:00+01:00,9.10280,9.10370,9.10280,9.10370,17
SQ:USDSEK,2022-01-05T23:57:00+01:00,9.10370,9.10380,9.10280,9.10370,17
SQ:USDSEK,2022-01-05T23:58:00+01:00,9.10280,9.10370,9.10280,9.10310,12
SQ:USDSEK,2022-01-05T23:59:00+01:00,9.10310,9.10320,9.10290,9.10310,17
