SQ:XPTUSD,2020-04-30T00:01:00+02:00,776.310,777.890,776.310,777.390,14
SQ:XPTUSD,2020-04-30T00:02:00+02:00,777.320,778.010,777.320,778.010,12
SQ:XPTUSD,2020-04-30T00:03:00+02:00,778.060,778.430,777.830,778.030,15
SQ:XPTUSD,2020-04-30T00:04:00+02:00,778.050,778.050,778.040,778.040,2
SQ:XPTUSD,2020-04-30T00:05:00+02:00,778.050,778.080,778.000,778.040,7
SQ:XPTUSD,2020-04-30T00:06:00+02:00,778.160,778.260,778.020,778.260,6
SQ:XPTUSD,2020-04-30T00:07:00+02:00,778.360,779.010,778.340,778.870,13
SQ:XPTUSD,2020-04-30T00:08:00+02:00,778.830,778.860,778.650,778.700,16
SQ:XPTUSD,2020-04-30T00:09:00+02:00,778.720,778.720,778.640,778.710,4
SQ:XPTUSD,2020-04-30T00:10:00+02:00,778.570,778.730,778.570,778.650,9
SQ:XPTUSD,2020-04-30T00:11:00+02:00,778.710,778.710,778.610,778.630,9
SQ:XPTUSD,2020-04-30T00:12:00+02:00,778.590,778.690,778.590,778.660,6
SQ:XPTUSD,2020-04-30T00:13:00+02:00,778.630,778.690,778.630,778.670,5
SQ:XPTUSD,2020-04-30T00:15:00+02:00,778.680,778.680,778.330,778.340,6
SQ:XPTUSD,2020-04-30T00:16:00+02:00,778.430,778.540,778.340,778.370,8
SQ:XPTUSD,2020-04-30T00:17:00+02:00,778.450,778.530,778.450,778.470,5
SQ:XPTUSD,2020-04-30T00:18:00+02:00,778.570,778.680,778.570,778.590,8
SQ:XPTUSD,2020-04-30T00:19:00+02:00,778.660,778.660,778.610,778.610,3
SQ:XPTUSD,2020-04-30T00:21:00+02:00,778.630,778.630,778.630,778.630,1
SQ:XPTUSD,2020-04-30T00:23:00+02:00,778.710,778.740,778.650,778.730,4
SQ:XPTUSD,2020-04-30T00:24:00+02:00,778.720,779.190,778.720,779.120,8
SQ:XPTUSD,2020-04-30T00:25:00+02:00,779.160,779.580,779.160,779.580,7
SQ:XPTUSD,2020-04-30T00:26:00+02:00,779.670,779.980,779.440,779.630,20
SQ:XPTUSD,2020-04-30T00:27:00+02:00,779.680,779.810,779.660,779.660,7
SQ:XPTUSD,2020-04-30T00:28:00+02:00,779.750,780.020,779.740,779.950,7
SQ:XPTUSD,2020-04-30T00:29:00+02:00,780.060,780.270,780.060,780.270,6
SQ:XPTUSD,2020-04-30T00:30:00+02:00,780.310,780.330,780.260,780.300,7
SQ:XPTUSD,2020-04-30T00:31:00+02:00,780.340,780.760,780.150,780.340,11
SQ:XPTUSD,2020-04-30T00:32:00+02:00,780.300,780.640,780.260,780.510,13
SQ:XPTUSD,2020-04-30T00:33:00+02:00,780.580,780.580,780.330,780.340,8
SQ:XPTUSD,2020-04-30T00:34:00+02:00,780.410,780.410,780.290,780.340,5
SQ:XPTUSD,2020-04-30T00:35:00+02:00,780.370,780.390,780.370,780.390,6
SQ:XPTUSD,2020-04-30T00:36:00+02:00,780.360,780.380,779.840,779.840,9
SQ:XPTUSD,2020-04-30T00:38:00+02:00,779.880,779.880,779.840,779.860,4
SQ:XPTUSD,2020-04-30T00:39:00+02:00,779.830,779.860,779.820,779.850,6
SQ:XPTUSD,2020-04-30T00:40:00+02:00,779.830,779.850,779.740,779.820,9
SQ:XPTUSD,2020-04-30T00:41:00+02:00,779.740,779.810,779.650,779.710,10
SQ:XPTUSD,2020-04-30T00:42:00+02:00,779.690,779.690,779.230,779.590,26
SQ:XPTUSD,2020-04-30T00:43:00+02:00,779.640,779.770,779.550,779.770,9
SQ:XPTUSD,2020-04-30T00:44:00+02:00,779.730,779.800,779.320,779.320,9
SQ:XPTUSD,2020-04-30T00:45:00+02:00,779.160,779.310,779.160,779.310,6
SQ:XPTUSD,2020-04-30T00:46:00+02:00,779.470,779.620,779.470,779.610,5
SQ:XPTUSD,2020-04-30T00:48:00+02:00,779.540,779.600,779.440,779.600,4
SQ:XPTUSD,2020-04-30T00:49:00+02:00,779.550,779.650,779.550,779.650,3
SQ:XPTUSD,2020-04-30T00:51:00+02:00,779.650,779.650,779.650,779.650,1
SQ:XPTUSD,2020-04-30T00:52:00+02:00,779.200,779.250,779.200,779.230,3
SQ:XPTUSD,2020-04-30T00:53:00+02:00,779.240,779.240,779.240,779.240,1
SQ:XPTUSD,2020-04-30T00:54:00+02:00,779.240,779.240,779.240,779.240,1
SQ:XPTUSD,2020-04-30T00:55:00+02:00,779.250,779.250,779.250,779.250,1
SQ:XPTUSD,2020-04-30T00:57:00+02:00,779.300,779.310,779.300,779.310,2
SQ:XPTUSD,2020-04-30T00:58:00+02:00,779.460,779.670,779.460,779.670,4
SQ:XPTUSD,2020-04-30T00:59:00+02:00,779.680,779.680,779.680,779.680,1
SQ:XPTUSD,2020-04-30T01:00:00+02:00,779.730,779.730,779.680,779.680,2
SQ:XPTUSD,2020-04-30T01:01:00+02:00,779.630,779.630,779.380,779.380,4
SQ:XPTUSD,2020-04-30T01:02:00+02:00,779.480,779.600,779.480,779.600,4
SQ:XPTUSD,2020-04-30T01:03:00+02:00,779.550,779.560,779.550,779.560,2
SQ:XPTUSD,2020-04-30T01:04:00+02:00,779.610,779.610,779.170,779.280,9
SQ:XPTUSD,2020-04-30T01:05:00+02:00,779.290,779.290,779.290,779.290,1
SQ:XPTUSD,2020-04-30T01:06:00+02:00,779.300,779.300,779.300,779.300,1
SQ:XPTUSD,2020-04-30T01:07:00+02:00,779.300,779.300,779.300,779.300,1
SQ:XPTUSD,2020-04-30T01:08:00+02:00,779.320,779.320,779.320,779.320,1
SQ:XPTUSD,2020-04-30T01:09:00+02:00,779.320,779.330,779.320,779.330,2
SQ:XPTUSD,2020-04-30T01:10:00+02:00,779.340,779.340,779.340,779.340,1
SQ:XPTUSD,2020-04-30T01:11:00+02:00,779.250,779.340,779.250,779.340,2
SQ:XPTUSD,2020-04-30T01:12:00+02:00,779.270,779.350,779.210,779.350,6
SQ:XPTUSD,2020-04-30T01:13:00+02:00,779.230,779.360,779.230,779.360,5
SQ:XPTUSD,2020-04-30T01:14:00+02:00,779.250,779.370,779.250,779.370,5
SQ:XPTUSD,2020-04-30T01:15:00+02:00,779.330,779.370,779.210,779.320,9
SQ:XPTUSD,2020-04-30T01:18:00+02:00,779.230,779.320,779.230,779.320,7
SQ:XPTUSD,2020-04-30T01:19:00+02:00,779.250,779.320,779.210,779.220,5
SQ:XPTUSD,2020-04-30T01:20:00+02:00,779.190,779.230,778.390,778.890,22
SQ:XPTUSD,2020-04-30T01:21:00+02:00,778.870,778.870,778.850,778.850,2
SQ:XPTUSD,2020-04-30T01:22:00+02:00,778.900,779.030,778.880,779.010,4
SQ:XPTUSD,2020-04-30T01:23:00+02:00,779.030,779.030,778.940,779.010,4
SQ:XPTUSD,2020-04-30T01:25:00+02:00,778.950,778.960,778.900,778.960,3
SQ:XPTUSD,2020-04-30T01:28:00+02:00,778.920,778.920,778.920,778.920,1
SQ:XPTUSD,2020-04-30T01:29:00+02:00,778.770,778.770,778.670,778.770,3
SQ:XPTUSD,2020-04-30T01:30:00+02:00,778.820,778.860,778.820,778.860,2
SQ:XPTUSD,2020-04-30T01:31:00+02:00,778.790,778.880,778.770,778.830,9
SQ:XPTUSD,2020-04-30T01:32:00+02:00,778.880,778.930,778.840,778.930,11
SQ:XPTUSD,2020-04-30T01:33:00+02:00,778.910,779.340,778.910,779.340,9
SQ:XPTUSD,2020-04-30T01:34:00+02:00,779.320,779.350,779.280,779.350,8
SQ:XPTUSD,2020-04-30T01:35:00+02:00,779.300,779.350,779.300,779.350,2
SQ:XPTUSD,2020-04-30T01:37:00+02:00,779.320,779.730,779.320,779.460,16
SQ:XPTUSD,2020-04-30T01:38:00+02:00,779.430,779.490,779.410,779.470,7
SQ:XPTUSD,2020-04-30T01:39:00+02:00,779.490,779.490,779.440,779.460,5
SQ:XPTUSD,2020-04-30T01:40:00+02:00,779.630,780.070,779.570,779.860,13
SQ:XPTUSD,2020-04-30T01:42:00+02:00,779.940,780.120,779.940,780.120,10
SQ:XPTUSD,2020-04-30T01:43:00+02:00,780.100,780.200,779.770,780.200,9
SQ:XPTUSD,2020-04-30T01:44:00+02:00,780.180,780.360,780.170,780.360,9
SQ:XPTUSD,2020-04-30T01:45:00+02:00,780.290,780.350,780.190,780.350,10
SQ:XPTUSD,2020-04-30T01:46:00+02:00,780.260,780.300,780.260,780.300,2
SQ:XPTUSD,2020-04-30T01:47:00+02:00,780.130,780.160,779.570,779.660,9
SQ:XPTUSD,2020-04-30T01:48:00+02:00,779.710,780.010,779.630,780.010,9
SQ:XPTUSD,2020-04-30T01:49:00+02:00,780.040,780.040,780.040,780.040,1
SQ:XPTUSD,2020-04-30T01:50:00+02:00,780.000,780.250,780.000,780.250,3
SQ:XPTUSD,2020-04-30T01:51:00+02:00,780.230,780.430,780.230,780.270,4
SQ:XPTUSD,2020-04-30T01:52:00+02:00,780.150,780.210,780.090,780.190,4
SQ:XPTUSD,2020-04-30T01:53:00+02:00,780.040,780.100,779.970,780.100,4
SQ:XPTUSD,2020-04-30T01:54:00+02:00,780.010,780.340,780.010,780.340,4
SQ:XPTUSD,2020-04-30T01:55:00+02:00,780.240,780.570,780.240,780.560,8
SQ:XPTUSD,2020-04-30T01:56:00+02:00,780.590,781.050,780.540,781.050,7
SQ:XPTUSD,2020-04-30T01:57:00+02:00,781.020,781.240,781.020,781.200,5
SQ:XPTUSD,2020-04-30T01:58:00+02:00,781.150,781.230,780.650,780.930,8
SQ:XPTUSD,2020-04-30T01:59:00+02:00,780.920,781.000,780.920,781.000,2
SQ:XPTUSD,2020-04-30T02:00:00+02:00,780.910,780.910,780.290,780.360,9
SQ:XPTUSD,2020-04-30T02:01:00+02:00,780.290,780.380,780.290,780.380,2
SQ:XPTUSD,2020-04-30T02:02:00+02:00,780.310,780.410,780.310,780.390,4
SQ:XPTUSD,2020-04-30T02:03:00+02:00,780.300,780.300,780.090,780.240,10
SQ:XPTUSD,2020-04-30T02:04:00+02:00,780.180,780.760,780.180,780.760,3
SQ:XPTUSD,2020-04-30T02:05:00+02:00,780.670,780.670,780.190,780.320,8
SQ:XPTUSD,2020-04-30T02:06:00+02:00,780.230,780.500,780.100,780.500,7
SQ:XPTUSD,2020-04-30T02:07:00+02:00,780.580,780.880,780.580,780.880,3
SQ:XPTUSD,2020-04-30T02:08:00+02:00,780.820,780.900,780.720,780.850,10
SQ:XPTUSD,2020-04-30T02:09:00+02:00,780.860,780.860,780.480,780.580,23
SQ:XPTUSD,2020-04-30T02:10:00+02:00,780.590,780.690,780.480,780.690,12
SQ:XPTUSD,2020-04-30T02:11:00+02:00,780.710,780.710,780.610,780.640,11
SQ:XPTUSD,2020-04-30T02:12:00+02:00,780.590,780.710,780.590,780.630,15
SQ:XPTUSD,2020-04-30T02:13:00+02:00,780.640,780.640,780.540,780.590,4
SQ:XPTUSD,2020-04-30T02:14:00+02:00,780.620,780.620,780.430,780.500,15
SQ:XPTUSD,2020-04-30T02:15:00+02:00,780.510,780.560,780.470,780.520,8
SQ:XPTUSD,2020-04-30T02:16:00+02:00,780.410,780.470,779.880,779.880,10
SQ:XPTUSD,2020-04-30T02:17:00+02:00,779.840,780.020,779.830,779.870,8
SQ:XPTUSD,2020-04-30T02:18:00+02:00,779.870,779.910,779.650,779.820,13
SQ:XPTUSD,2020-04-30T02:19:00+02:00,779.830,780.210,779.830,780.200,6
SQ:XPTUSD,2020-04-30T02:20:00+02:00,780.190,780.190,780.090,780.090,7
SQ:XPTUSD,2020-04-30T02:21:00+02:00,780.090,780.120,779.950,780.040,13
SQ:XPTUSD,2020-04-30T02:22:00+02:00,780.040,780.040,779.900,779.900,7
SQ:XPTUSD,2020-04-30T02:23:00+02:00,779.910,779.910,779.660,779.760,9
SQ:XPTUSD,2020-04-30T02:24:00+02:00,779.760,779.920,779.670,779.870,7
SQ:XPTUSD,2020-04-30T02:25:00+02:00,779.850,780.000,779.850,779.940,13
SQ:XPTUSD,2020-04-30T02:26:00+02:00,779.940,779.970,779.900,779.900,6
SQ:XPTUSD,2020-04-30T02:27:00+02:00,779.900,779.940,779.880,779.890,4
SQ:XPTUSD,2020-04-30T02:28:00+02:00,779.890,779.890,779.890,779.890,1
SQ:XPTUSD,2020-04-30T02:29:00+02:00,779.890,779.890,779.690,779.690,6
SQ:XPTUSD,2020-04-30T02:30:00+02:00,779.690,779.850,779.690,779.850,3
SQ:XPTUSD,2020-04-30T02:31:00+02:00,779.880,780.020,779.880,779.980,12
SQ:XPTUSD,2020-04-30T02:32:00+02:00,779.980,780.040,779.780,780.040,6
SQ:XPTUSD,2020-04-30T02:33:00+02:00,780.040,780.060,779.490,779.490,8
SQ:XPTUSD,2020-04-30T02:34:00+02:00,779.490,779.490,779.300,779.400,4
SQ:XPTUSD,2020-04-30T02:35:00+02:00,779.400,779.400,778.390,778.780,9
SQ:XPTUSD,2020-04-30T02:36:00+02:00,778.780,778.780,778.450,778.670,5
SQ:XPTUSD,2020-04-30T02:37:00+02:00,778.630,778.650,777.970,777.970,7
SQ:XPTUSD,2020-04-30T02:38:00+02:00,777.970,777.970,777.840,777.840,4
SQ:XPTUSD,2020-04-30T02:39:00+02:00,777.840,777.960,777.840,777.960,2
SQ:XPTUSD,2020-04-30T02:40:00+02:00,777.960,778.050,777.900,777.980,7
SQ:XPTUSD,2020-04-30T02:41:00+02:00,777.920,777.970,777.920,777.970,3
SQ:XPTUSD,2020-04-30T02:42:00+02:00,777.970,777.970,777.400,777.430,10
SQ:XPTUSD,2020-04-30T02:43:00+02:00,777.430,777.690,777.400,777.680,15
SQ:XPTUSD,2020-04-30T02:44:00+02:00,777.680,777.700,777.600,777.610,6
SQ:XPTUSD,2020-04-30T02:45:00+02:00,777.610,777.730,777.580,777.650,11
SQ:XPTUSD,2020-04-30T02:46:00+02:00,777.670,777.670,777.300,777.380,6
SQ:XPTUSD,2020-04-30T02:47:00+02:00,777.380,777.670,777.310,777.670,8
SQ:XPTUSD,2020-04-30T02:48:00+02:00,777.660,777.660,777.400,777.400,5
SQ:XPTUSD,2020-04-30T02:49:00+02:00,777.300,777.430,777.260,777.430,5
SQ:XPTUSD,2020-04-30T02:50:00+02:00,777.430,778.020,777.430,777.940,11
SQ:XPTUSD,2020-04-30T02:51:00+02:00,777.940,778.000,777.880,777.880,7
SQ:XPTUSD,2020-04-30T02:52:00+02:00,777.880,777.920,777.590,777.630,9
SQ:XPTUSD,2020-04-30T02:53:00+02:00,777.630,777.630,777.360,777.630,7
SQ:XPTUSD,2020-04-30T02:54:00+02:00,777.630,777.630,777.490,777.540,3
SQ:XPTUSD,2020-04-30T02:55:00+02:00,777.610,777.980,777.590,777.970,5
SQ:XPTUSD,2020-04-30T02:56:00+02:00,777.970,777.980,777.710,777.710,3
SQ:XPTUSD,2020-04-30T02:57:00+02:00,777.710,777.770,777.580,777.680,7
SQ:XPTUSD,2020-04-30T02:58:00+02:00,777.680,777.770,777.680,777.750,4
SQ:XPTUSD,2020-04-30T02:59:00+02:00,777.790,778.500,775.800,776.190,13
SQ:XPTUSD,2020-04-30T03:00:00+02:00,776.110,778.010,775.470,778.010,5
SQ:XPTUSD,2020-04-30T03:01:00+02:00,778.010,778.010,777.770,777.770,4
SQ:XPTUSD,2020-04-30T03:02:00+02:00,777.790,777.820,777.600,777.820,8
SQ:XPTUSD,2020-04-30T03:03:00+02:00,777.820,778.140,777.820,778.110,6
SQ:XPTUSD,2020-04-30T03:04:00+02:00,778.110,778.200,777.840,777.940,10
SQ:XPTUSD,2020-04-30T03:05:00+02:00,777.900,777.960,777.790,777.960,14
SQ:XPTUSD,2020-04-30T03:06:00+02:00,777.960,778.240,777.560,778.070,16
SQ:XPTUSD,2020-04-30T03:07:00+02:00,778.070,778.290,778.010,778.280,16
SQ:XPTUSD,2020-04-30T03:08:00+02:00,778.280,778.280,778.220,778.280,10
SQ:XPTUSD,2020-04-30T03:09:00+02:00,778.280,778.400,778.240,778.260,9
SQ:XPTUSD,2020-04-30T03:10:00+02:00,778.260,778.260,777.620,778.250,10
SQ:XPTUSD,2020-04-30T03:11:00+02:00,778.250,778.280,778.130,778.230,7
SQ:XPTUSD,2020-04-30T03:12:00+02:00,778.230,778.640,778.230,778.310,11
SQ:XPTUSD,2020-04-30T03:13:00+02:00,778.300,778.350,778.230,778.330,9
SQ:XPTUSD,2020-04-30T03:14:00+02:00,778.330,778.330,777.450,777.600,13
SQ:XPTUSD,2020-04-30T03:15:00+02:00,777.600,777.600,777.390,777.430,6
SQ:XPTUSD,2020-04-30T03:16:00+02:00,777.430,777.570,777.200,777.570,17
SQ:XPTUSD,2020-04-30T03:17:00+02:00,777.570,777.570,777.220,777.270,15
SQ:XPTUSD,2020-04-30T03:18:00+02:00,777.250,777.270,777.140,777.160,11
SQ:XPTUSD,2020-04-30T03:19:00+02:00,777.210,777.300,777.210,777.300,16
SQ:XPTUSD,2020-04-30T03:20:00+02:00,777.260,777.280,777.260,777.270,4
SQ:XPTUSD,2020-04-30T03:21:00+02:00,777.270,777.470,777.230,777.270,12
SQ:XPTUSD,2020-04-30T03:22:00+02:00,777.270,777.310,776.830,777.210,9
SQ:XPTUSD,2020-04-30T03:23:00+02:00,776.990,777.100,776.910,776.990,6
SQ:XPTUSD,2020-04-30T03:24:00+02:00,776.990,776.990,776.050,776.900,20
SQ:XPTUSD,2020-04-30T03:25:00+02:00,776.900,776.900,776.900,776.900,1
SQ:XPTUSD,2020-04-30T03:26:00+02:00,776.900,777.620,776.900,777.510,10
SQ:XPTUSD,2020-04-30T03:27:00+02:00,777.510,777.510,777.450,777.490,4
SQ:XPTUSD,2020-04-30T03:28:00+02:00,777.450,777.480,777.140,777.180,11
SQ:XPTUSD,2020-04-30T03:29:00+02:00,777.170,777.190,776.950,777.050,11
SQ:XPTUSD,2020-04-30T03:30:00+02:00,777.050,777.060,776.870,777.010,9
SQ:XPTUSD,2020-04-30T03:31:00+02:00,777.140,777.170,777.140,777.170,2
SQ:XPTUSD,2020-04-30T03:32:00+02:00,777.170,777.170,776.730,777.080,14
SQ:XPTUSD,2020-04-30T03:33:00+02:00,777.080,777.100,777.040,777.100,4
SQ:XPTUSD,2020-04-30T03:34:00+02:00,777.130,777.660,777.130,777.660,3
SQ:XPTUSD,2020-04-30T03:35:00+02:00,777.640,777.800,777.590,777.740,9
SQ:XPTUSD,2020-04-30T03:36:00+02:00,777.740,777.740,777.660,777.740,6
SQ:XPTUSD,2020-04-30T03:37:00+02:00,777.680,777.750,777.680,777.750,8
SQ:XPTUSD,2020-04-30T03:38:00+02:00,777.750,777.750,777.670,777.730,6
SQ:XPTUSD,2020-04-30T03:39:00+02:00,777.730,777.750,777.680,777.750,4
SQ:XPTUSD,2020-04-30T03:40:00+02:00,777.750,777.760,777.680,777.760,5
SQ:XPTUSD,2020-04-30T03:41:00+02:00,777.760,777.760,777.450,777.490,6
SQ:XPTUSD,2020-04-30T03:42:00+02:00,777.490,777.490,777.410,777.480,3
SQ:XPTUSD,2020-04-30T03:43:00+02:00,777.150,777.180,777.120,777.130,8
SQ:XPTUSD,2020-04-30T03:44:00+02:00,777.120,777.540,775.810,775.810,10
SQ:XPTUSD,2020-04-30T03:45:00+02:00,775.800,777.190,775.580,776.570,17
SQ:XPTUSD,2020-04-30T03:46:00+02:00,776.530,776.810,776.530,776.770,13
SQ:XPTUSD,2020-04-30T03:47:00+02:00,776.770,776.780,776.580,776.760,8
SQ:XPTUSD,2020-04-30T03:48:00+02:00,776.640,776.900,776.640,776.800,12
SQ:XPTUSD,2020-04-30T03:49:00+02:00,776.700,776.700,776.230,776.230,8
SQ:XPTUSD,2020-04-30T03:50:00+02:00,776.290,776.750,776.260,776.750,37
SQ:XPTUSD,2020-04-30T03:51:00+02:00,776.750,776.860,776.710,776.770,13
SQ:XPTUSD,2020-04-30T03:52:00+02:00,776.780,777.100,767.330,773.080,26
SQ:XPTUSD,2020-04-30T03:53:00+02:00,774.620,776.420,774.620,776.390,20
SQ:XPTUSD,2020-04-30T03:54:00+02:00,776.390,776.460,776.390,776.430,7
SQ:XPTUSD,2020-04-30T03:55:00+02:00,776.430,776.440,776.140,776.440,13
SQ:XPTUSD,2020-04-30T03:56:00+02:00,776.570,776.770,776.570,776.770,2
SQ:XPTUSD,2020-04-30T03:57:00+02:00,776.760,776.820,776.660,776.660,4
SQ:XPTUSD,2020-04-30T03:58:00+02:00,776.660,776.700,776.660,776.700,3
SQ:XPTUSD,2020-04-30T03:59:00+02:00,776.700,777.500,776.700,777.500,8
SQ:XPTUSD,2020-04-30T04:00:00+02:00,777.560,777.660,777.410,777.410,7
SQ:XPTUSD,2020-04-30T04:01:00+02:00,777.280,777.870,777.280,777.570,23
SQ:XPTUSD,2020-04-30T04:02:00+02:00,777.570,777.620,777.460,777.600,11
SQ:XPTUSD,2020-04-30T04:03:00+02:00,777.660,779.100,777.660,779.060,37
SQ:XPTUSD,2020-04-30T04:04:00+02:00,779.120,779.120,778.560,778.650,28
SQ:XPTUSD,2020-04-30T04:05:00+02:00,778.650,778.660,778.570,778.650,21
SQ:XPTUSD,2020-04-30T04:06:00+02:00,778.660,778.680,778.500,778.600,19
SQ:XPTUSD,2020-04-30T04:07:00+02:00,778.570,778.730,778.360,778.650,6
SQ:XPTUSD,2020-04-30T04:08:00+02:00,778.720,778.720,778.700,778.700,4
SQ:XPTUSD,2020-04-30T04:09:00+02:00,778.700,778.770,778.700,778.770,2
SQ:XPTUSD,2020-04-30T04:10:00+02:00,778.770,778.770,778.620,778.700,8
SQ:XPTUSD,2020-04-30T04:11:00+02:00,778.700,778.710,778.690,778.710,3
SQ:XPTUSD,2020-04-30T04:12:00+02:00,778.670,778.730,778.670,778.730,2
SQ:XPTUSD,2020-04-30T04:13:00+02:00,778.730,778.730,778.650,778.730,3
SQ:XPTUSD,2020-04-30T04:14:00+02:00,778.730,778.730,778.730,778.730,1
SQ:XPTUSD,2020-04-30T04:15:00+02:00,776.620,778.750,776.620,778.750,6
SQ:XPTUSD,2020-04-30T04:16:00+02:00,778.750,778.750,778.160,778.160,3
SQ:XPTUSD,2020-04-30T04:17:00+02:00,778.160,778.610,778.130,778.400,9
SQ:XPTUSD,2020-04-30T04:18:00+02:00,778.400,778.400,778.310,778.340,3
SQ:XPTUSD,2020-04-30T04:19:00+02:00,778.340,778.340,777.960,778.050,10
SQ:XPTUSD,2020-04-30T04:20:00+02:00,778.100,778.340,778.040,778.340,5
SQ:XPTUSD,2020-04-30T04:21:00+02:00,778.340,778.340,778.310,778.310,2
SQ:XPTUSD,2020-04-30T04:22:00+02:00,778.310,778.310,778.010,778.060,7
SQ:XPTUSD,2020-04-30T04:23:00+02:00,778.060,778.060,778.060,778.060,1
SQ:XPTUSD,2020-04-30T04:24:00+02:00,778.060,778.060,775.840,775.840,2
SQ:XPTUSD,2020-04-30T04:25:00+02:00,775.840,775.850,775.840,775.850,2
SQ:XPTUSD,2020-04-30T04:26:00+02:00,775.860,775.860,775.860,775.860,1
SQ:XPTUSD,2020-04-30T04:27:00+02:00,775.840,778.320,775.840,778.320,3
SQ:XPTUSD,2020-04-30T04:28:00+02:00,778.320,778.320,777.900,777.900,4
SQ:XPTUSD,2020-04-30T04:29:00+02:00,777.740,777.890,777.740,777.860,9
SQ:XPTUSD,2020-04-30T04:30:00+02:00,777.830,777.910,777.830,777.910,6
SQ:XPTUSD,2020-04-30T04:31:00+02:00,777.910,777.930,777.470,777.580,7
SQ:XPTUSD,2020-04-30T04:32:00+02:00,777.580,777.580,777.310,777.310,7
SQ:XPTUSD,2020-04-30T04:33:00+02:00,777.310,777.400,777.290,777.350,8
SQ:XPTUSD,2020-04-30T04:34:00+02:00,777.350,777.640,777.350,777.570,4
SQ:XPTUSD,2020-04-30T04:35:00+02:00,777.650,777.650,777.570,777.570,2
SQ:XPTUSD,2020-04-30T04:36:00+02:00,777.570,777.570,777.260,777.300,10
SQ:XPTUSD,2020-04-30T04:37:00+02:00,777.300,777.570,777.270,777.520,11
SQ:XPTUSD,2020-04-30T04:38:00+02:00,777.530,777.560,777.300,777.310,14
SQ:XPTUSD,2020-04-30T04:39:00+02:00,777.310,777.520,777.210,777.480,8
SQ:XPTUSD,2020-04-30T04:40:00+02:00,777.480,778.040,777.460,777.690,16
SQ:XPTUSD,2020-04-30T04:41:00+02:00,777.690,777.690,777.580,777.590,9
SQ:XPTUSD,2020-04-30T04:42:00+02:00,777.590,777.590,777.570,777.570,2
SQ:XPTUSD,2020-04-30T04:43:00+02:00,777.570,777.570,777.570,777.570,1
SQ:XPTUSD,2020-04-30T04:44:00+02:00,775.420,777.560,775.420,777.100,4
SQ:XPTUSD,2020-04-30T04:45:00+02:00,777.100,777.100,777.100,777.100,1
SQ:XPTUSD,2020-04-30T04:46:00+02:00,777.100,777.180,774.900,777.120,5
SQ:XPTUSD,2020-04-30T04:47:00+02:00,777.120,777.370,777.120,777.370,2
SQ:XPTUSD,2020-04-30T04:48:00+02:00,777.370,777.370,777.370,777.370,1
SQ:XPTUSD,2020-04-30T04:49:00+02:00,777.370,777.390,777.060,777.090,5
SQ:XPTUSD,2020-04-30T04:50:00+02:00,777.090,777.090,776.930,776.930,4
SQ:XPTUSD,2020-04-30T04:51:00+02:00,776.880,776.920,776.880,776.920,3
SQ:XPTUSD,2020-04-30T04:52:00+02:00,776.930,776.940,776.470,776.510,7
SQ:XPTUSD,2020-04-30T04:53:00+02:00,776.480,776.480,776.360,776.430,7
SQ:XPTUSD,2020-04-30T04:54:00+02:00,776.430,777.120,776.430,776.800,7
SQ:XPTUSD,2020-04-30T04:55:00+02:00,776.820,776.830,776.790,776.790,5
SQ:XPTUSD,2020-04-30T04:56:00+02:00,776.790,776.790,776.790,776.790,1
SQ:XPTUSD,2020-04-30T04:57:00+02:00,776.790,776.790,776.590,776.590,4
SQ:XPTUSD,2020-04-30T04:58:00+02:00,776.650,776.720,776.540,776.540,5
SQ:XPTUSD,2020-04-30T04:59:00+02:00,776.540,776.540,776.540,776.540,1
SQ:XPTUSD,2020-04-30T05:00:00+02:00,776.560,776.560,775.220,775.340,13
SQ:XPTUSD,2020-04-30T05:01:00+02:00,775.390,775.540,775.390,775.520,3
SQ:XPTUSD,2020-04-30T05:02:00+02:00,775.520,775.520,775.230,775.230,3
SQ:XPTUSD,2020-04-30T05:03:00+02:00,775.230,775.300,775.230,775.270,4
SQ:XPTUSD,2020-04-30T05:04:00+02:00,775.270,775.270,775.270,775.270,1
SQ:XPTUSD,2020-04-30T05:05:00+02:00,775.270,775.480,775.270,775.460,7
SQ:XPTUSD,2020-04-30T05:06:00+02:00,775.460,775.500,775.460,775.470,3
SQ:XPTUSD,2020-04-30T05:07:00+02:00,775.470,775.550,775.290,775.510,8
SQ:XPTUSD,2020-04-30T05:08:00+02:00,775.510,776.130,775.510,776.090,6
SQ:XPTUSD,2020-04-30T05:09:00+02:00,776.090,776.090,776.090,776.090,1
SQ:XPTUSD,2020-04-30T05:10:00+02:00,776.010,776.040,773.150,773.300,10
SQ:XPTUSD,2020-04-30T05:11:00+02:00,773.170,773.220,771.740,772.360,8
SQ:XPTUSD,2020-04-30T05:12:00+02:00,772.360,773.120,772.360,773.120,16
SQ:XPTUSD,2020-04-30T05:13:00+02:00,773.140,773.200,773.090,773.190,9
SQ:XPTUSD,2020-04-30T05:14:00+02:00,773.210,773.390,773.210,773.390,13
SQ:XPTUSD,2020-04-30T05:15:00+02:00,773.420,773.570,773.400,773.520,7
SQ:XPTUSD,2020-04-30T05:16:00+02:00,773.520,773.670,773.520,773.540,6
SQ:XPTUSD,2020-04-30T05:17:00+02:00,773.500,773.570,773.500,773.570,4
SQ:XPTUSD,2020-04-30T05:18:00+02:00,773.570,773.570,772.610,772.830,8
SQ:XPTUSD,2020-04-30T05:19:00+02:00,772.830,772.830,772.830,772.830,1
SQ:XPTUSD,2020-04-30T05:20:00+02:00,772.970,772.970,772.950,772.950,2
SQ:XPTUSD,2020-04-30T05:21:00+02:00,772.950,773.100,772.930,773.100,6
SQ:XPTUSD,2020-04-30T05:22:00+02:00,773.100,773.260,773.100,773.260,8
SQ:XPTUSD,2020-04-30T05:23:00+02:00,773.280,773.330,773.280,773.330,4
SQ:XPTUSD,2020-04-30T05:24:00+02:00,773.370,773.440,773.370,773.440,5
SQ:XPTUSD,2020-04-30T05:25:00+02:00,773.490,773.520,773.480,773.520,4
SQ:XPTUSD,2020-04-30T05:26:00+02:00,773.560,773.930,773.560,773.930,3
SQ:XPTUSD,2020-04-30T05:27:00+02:00,774.160,774.420,774.100,774.270,17
SQ:XPTUSD,2020-04-30T05:28:00+02:00,774.390,774.420,774.250,774.420,3
SQ:XPTUSD,2020-04-30T05:29:00+02:00,774.520,775.190,774.520,774.710,8
SQ:XPTUSD,2020-04-30T05:30:00+02:00,774.730,775.060,774.730,775.060,4
SQ:XPTUSD,2020-04-30T05:31:00+02:00,775.060,775.060,774.690,774.940,9
SQ:XPTUSD,2020-04-30T05:32:00+02:00,774.940,774.940,774.940,774.940,1
SQ:XPTUSD,2020-04-30T05:33:00+02:00,774.940,774.940,773.290,773.300,3
SQ:XPTUSD,2020-04-30T05:34:00+02:00,773.310,775.000,773.240,775.000,4
SQ:XPTUSD,2020-04-30T05:35:00+02:00,775.000,775.280,775.000,775.280,2
SQ:XPTUSD,2020-04-30T05:36:00+02:00,775.310,775.680,775.310,775.470,8
SQ:XPTUSD,2020-04-30T05:37:00+02:00,775.470,775.530,775.430,775.530,6
SQ:XPTUSD,2020-04-30T05:38:00+02:00,775.530,775.530,775.350,775.390,4
SQ:XPTUSD,2020-04-30T05:39:00+02:00,775.390,775.400,775.390,775.400,2
SQ:XPTUSD,2020-04-30T05:40:00+02:00,775.400,775.480,775.400,775.460,4
SQ:XPTUSD,2020-04-30T05:41:00+02:00,775.460,775.960,775.460,775.880,7
SQ:XPTUSD,2020-04-30T05:42:00+02:00,775.880,775.980,775.700,775.980,5
SQ:XPTUSD,2020-04-30T05:43:00+02:00,775.910,776.090,775.780,776.090,8
SQ:XPTUSD,2020-04-30T05:44:00+02:00,776.090,776.190,776.000,776.190,7
SQ:XPTUSD,2020-04-30T05:45:00+02:00,776.190,776.190,775.950,775.950,3
SQ:XPTUSD,2020-04-30T05:46:00+02:00,775.950,776.190,775.950,776.190,4
SQ:XPTUSD,2020-04-30T05:47:00+02:00,776.190,776.250,776.150,776.180,8
SQ:XPTUSD,2020-04-30T05:48:00+02:00,776.150,776.190,776.010,776.090,6
SQ:XPTUSD,2020-04-30T05:49:00+02:00,776.090,776.110,776.040,776.110,3
SQ:XPTUSD,2020-04-30T05:50:00+02:00,776.110,776.520,776.080,776.430,9
SQ:XPTUSD,2020-04-30T05:51:00+02:00,776.430,776.430,776.430,776.430,1
SQ:XPTUSD,2020-04-30T05:52:00+02:00,776.430,776.490,776.430,776.450,3
SQ:XPTUSD,2020-04-30T05:53:00+02:00,776.440,776.560,776.390,776.540,10
SQ:XPTUSD,2020-04-30T05:54:00+02:00,776.530,776.570,776.520,776.570,5
SQ:XPTUSD,2020-04-30T05:55:00+02:00,776.570,777.420,776.490,776.490,8
SQ:XPTUSD,2020-04-30T05:56:00+02:00,776.450,776.710,776.320,776.590,6
SQ:XPTUSD,2020-04-30T05:57:00+02:00,776.590,776.590,776.590,776.590,1
SQ:XPTUSD,2020-04-30T05:58:00+02:00,776.590,777.730,776.590,777.640,4
SQ:XPTUSD,2020-04-30T05:59:00+02:00,777.640,777.700,777.640,777.640,3
SQ:XPTUSD,2020-04-30T06:00:00+02:00,777.640,777.640,777.000,777.000,2
SQ:XPTUSD,2020-04-30T06:01:00+02:00,777.000,777.400,777.000,777.110,9
SQ:XPTUSD,2020-04-30T06:02:00+02:00,777.110,777.110,777.070,777.070,2
SQ:XPTUSD,2020-04-30T06:03:00+02:00,777.070,777.070,776.820,776.820,2
SQ:XPTUSD,2020-04-30T06:04:00+02:00,776.820,777.270,776.820,777.140,3
SQ:XPTUSD,2020-04-30T06:05:00+02:00,777.140,777.140,777.140,777.140,1
SQ:XPTUSD,2020-04-30T06:06:00+02:00,774.900,777.370,774.800,777.160,7
SQ:XPTUSD,2020-04-30T06:07:00+02:00,777.160,777.160,777.160,777.160,1
SQ:XPTUSD,2020-04-30T06:08:00+02:00,777.160,777.160,774.750,774.750,3
SQ:XPTUSD,2020-04-30T06:09:00+02:00,774.740,777.020,774.660,777.020,3
SQ:XPTUSD,2020-04-30T06:10:00+02:00,777.020,777.110,777.020,777.100,3
SQ:XPTUSD,2020-04-30T06:11:00+02:00,777.100,777.100,777.100,777.100,1
SQ:XPTUSD,2020-04-30T06:12:00+02:00,774.680,774.680,774.670,774.670,2
SQ:XPTUSD,2020-04-30T06:13:00+02:00,777.110,777.110,776.930,776.930,4
SQ:XPTUSD,2020-04-30T06:14:00+02:00,777.010,777.170,777.010,777.110,4
SQ:XPTUSD,2020-04-30T06:15:00+02:00,777.110,777.200,777.110,777.110,3
SQ:XPTUSD,2020-04-30T06:16:00+02:00,777.110,777.110,777.110,777.110,1
SQ:XPTUSD,2020-04-30T06:17:00+02:00,774.820,777.510,774.820,777.350,5
SQ:XPTUSD,2020-04-30T06:18:00+02:00,777.350,777.350,776.810,776.810,6
SQ:XPTUSD,2020-04-30T06:19:00+02:00,776.810,776.950,776.810,776.950,2
SQ:XPTUSD,2020-04-30T06:20:00+02:00,776.950,776.950,776.720,776.720,7
SQ:XPTUSD,2020-04-30T06:21:00+02:00,776.720,777.150,776.720,777.080,4
SQ:XPTUSD,2020-04-30T06:22:00+02:00,777.080,777.080,777.080,777.080,1
SQ:XPTUSD,2020-04-30T06:23:00+02:00,777.080,777.320,774.980,777.320,6
SQ:XPTUSD,2020-04-30T06:24:00+02:00,777.320,777.320,777.150,777.150,4
SQ:XPTUSD,2020-04-30T06:25:00+02:00,777.150,777.160,776.410,776.410,9
SQ:XPTUSD,2020-04-30T06:26:00+02:00,776.410,776.560,776.410,776.430,4
SQ:XPTUSD,2020-04-30T06:27:00+02:00,776.430,776.630,776.430,776.620,4
SQ:XPTUSD,2020-04-30T06:28:00+02:00,776.620,777.210,776.620,777.150,10
SQ:XPTUSD,2020-04-30T06:29:00+02:00,777.150,777.890,777.150,777.810,14
SQ:XPTUSD,2020-04-30T06:30:00+02:00,777.810,778.020,777.810,777.910,13
SQ:XPTUSD,2020-04-30T06:31:00+02:00,777.910,778.000,777.910,777.950,6
SQ:XPTUSD,2020-04-30T06:32:00+02:00,777.890,777.960,777.530,777.740,14
SQ:XPTUSD,2020-04-30T06:33:00+02:00,777.770,777.870,777.700,777.870,9
SQ:XPTUSD,2020-04-30T06:34:00+02:00,777.870,777.870,777.690,777.690,5
SQ:XPTUSD,2020-04-30T06:35:00+02:00,777.690,777.760,777.420,777.420,5
SQ:XPTUSD,2020-04-30T06:36:00+02:00,777.420,777.440,777.330,777.440,5
SQ:XPTUSD,2020-04-30T06:37:00+02:00,777.440,777.650,777.440,777.610,4
SQ:XPTUSD,2020-04-30T06:38:00+02:00,777.610,777.610,777.500,777.520,3
SQ:XPTUSD,2020-04-30T06:39:00+02:00,777.520,777.520,777.520,777.520,1
SQ:XPTUSD,2020-04-30T06:40:00+02:00,775.470,777.590,775.470,777.590,3
SQ:XPTUSD,2020-04-30T06:41:00+02:00,777.640,777.640,777.600,777.600,3
SQ:XPTUSD,2020-04-30T06:42:00+02:00,777.600,777.890,777.600,777.890,2
SQ:XPTUSD,2020-04-30T06:43:00+02:00,777.910,777.910,777.890,777.900,5
SQ:XPTUSD,2020-04-30T06:44:00+02:00,777.900,778.010,774.230,774.370,11
SQ:XPTUSD,2020-04-30T06:45:00+02:00,774.300,775.030,774.300,775.020,16
SQ:XPTUSD,2020-04-30T06:46:00+02:00,775.020,776.450,775.020,776.450,10
SQ:XPTUSD,2020-04-30T06:47:00+02:00,776.450,776.460,776.120,776.220,10
SQ:XPTUSD,2020-04-30T06:48:00+02:00,776.220,776.250,776.010,776.250,10
SQ:XPTUSD,2020-04-30T06:49:00+02:00,776.250,776.300,776.220,776.250,7
SQ:XPTUSD,2020-04-30T06:50:00+02:00,776.240,776.680,776.240,776.660,10
SQ:XPTUSD,2020-04-30T06:51:00+02:00,776.680,776.730,776.650,776.650,5
SQ:XPTUSD,2020-04-30T06:52:00+02:00,776.650,776.740,776.640,776.690,12
SQ:XPTUSD,2020-04-30T06:53:00+02:00,776.690,776.730,776.690,776.690,4
SQ:XPTUSD,2020-04-30T06:54:00+02:00,776.690,776.740,776.670,776.680,18
SQ:XPTUSD,2020-04-30T06:55:00+02:00,776.720,776.740,776.680,776.740,7
SQ:XPTUSD,2020-04-30T06:56:00+02:00,776.730,776.840,776.720,776.790,6
SQ:XPTUSD,2020-04-30T06:57:00+02:00,776.770,776.850,776.770,776.810,6
SQ:XPTUSD,2020-04-30T06:58:00+02:00,776.840,776.840,776.820,776.820,2
SQ:XPTUSD,2020-04-30T06:59:00+02:00,776.820,776.930,776.780,776.930,5
SQ:XPTUSD,2020-04-30T07:00:00+02:00,776.930,776.930,776.850,776.920,4
SQ:XPTUSD,2020-04-30T07:01:00+02:00,776.920,776.940,776.920,776.930,3
SQ:XPTUSD,2020-04-30T07:02:00+02:00,776.930,776.970,776.930,776.940,6
SQ:XPTUSD,2020-04-30T07:03:00+02:00,776.990,777.000,776.960,776.980,6
SQ:XPTUSD,2020-04-30T07:04:00+02:00,776.980,776.980,776.980,776.980,1
SQ:XPTUSD,2020-04-30T07:05:00+02:00,776.980,776.980,774.820,774.820,2
SQ:XPTUSD,2020-04-30T07:06:00+02:00,774.820,777.030,774.820,777.020,5
SQ:XPTUSD,2020-04-30T07:07:00+02:00,776.990,776.990,776.600,776.900,11
SQ:XPTUSD,2020-04-30T07:08:00+02:00,776.900,776.900,776.820,776.880,7
SQ:XPTUSD,2020-04-30T07:09:00+02:00,776.820,776.880,776.820,776.870,5
SQ:XPTUSD,2020-04-30T07:10:00+02:00,776.870,776.900,776.830,776.860,7
SQ:XPTUSD,2020-04-30T07:11:00+02:00,776.820,776.860,776.820,776.860,3
SQ:XPTUSD,2020-04-30T07:12:00+02:00,776.860,776.860,776.360,776.430,15
SQ:XPTUSD,2020-04-30T07:13:00+02:00,776.430,776.460,776.370,776.460,14
SQ:XPTUSD,2020-04-30T07:14:00+02:00,776.460,776.670,776.440,776.630,9
SQ:XPTUSD,2020-04-30T07:15:00+02:00,776.630,776.630,776.500,776.540,5
SQ:XPTUSD,2020-04-30T07:16:00+02:00,776.540,776.540,776.500,776.540,6
SQ:XPTUSD,2020-04-30T07:17:00+02:00,776.480,776.540,776.290,776.300,7
SQ:XPTUSD,2020-04-30T07:18:00+02:00,776.310,776.690,776.310,776.560,6
SQ:XPTUSD,2020-04-30T07:19:00+02:00,776.560,776.640,776.540,776.590,5
SQ:XPTUSD,2020-04-30T07:20:00+02:00,776.570,776.680,776.570,776.620,5
SQ:XPTUSD,2020-04-30T07:21:00+02:00,776.620,776.620,774.240,774.240,2
SQ:XPTUSD,2020-04-30T07:22:00+02:00,776.500,776.690,776.500,776.690,9
SQ:XPTUSD,2020-04-30T07:23:00+02:00,777.000,777.060,777.000,777.020,7
SQ:XPTUSD,2020-04-30T07:24:00+02:00,777.020,777.020,776.850,776.850,2
SQ:XPTUSD,2020-04-30T07:25:00+02:00,776.850,776.860,776.840,776.840,3
SQ:XPTUSD,2020-04-30T07:26:00+02:00,776.840,776.840,776.840,776.840,1
SQ:XPTUSD,2020-04-30T07:27:00+02:00,776.840,776.910,776.820,776.820,6
SQ:XPTUSD,2020-04-30T07:28:00+02:00,776.820,776.890,776.810,776.810,5
SQ:XPTUSD,2020-04-30T07:29:00+02:00,776.810,776.910,776.740,776.810,15
SQ:XPTUSD,2020-04-30T07:30:00+02:00,776.780,776.810,776.100,776.420,28
SQ:XPTUSD,2020-04-30T07:31:00+02:00,776.420,776.450,776.400,776.450,5
SQ:XPTUSD,2020-04-30T07:32:00+02:00,776.510,776.540,776.460,776.470,4
SQ:XPTUSD,2020-04-30T07:33:00+02:00,776.470,776.560,776.450,776.490,18
SQ:XPTUSD,2020-04-30T07:34:00+02:00,776.500,776.500,775.970,776.020,10
SQ:XPTUSD,2020-04-30T07:35:00+02:00,776.020,776.020,775.720,775.820,16
SQ:XPTUSD,2020-04-30T07:36:00+02:00,775.820,775.820,775.730,775.760,19
SQ:XPTUSD,2020-04-30T07:37:00+02:00,775.750,775.750,775.090,775.470,17
SQ:XPTUSD,2020-04-30T07:38:00+02:00,775.470,775.470,775.130,775.290,14
SQ:XPTUSD,2020-04-30T07:39:00+02:00,775.340,775.730,775.300,775.730,10
SQ:XPTUSD,2020-04-30T07:40:00+02:00,775.730,775.730,775.610,775.710,8
SQ:XPTUSD,2020-04-30T07:41:00+02:00,775.710,776.160,775.710,776.160,9
SQ:XPTUSD,2020-04-30T07:42:00+02:00,776.230,776.330,776.110,776.210,8
SQ:XPTUSD,2020-04-30T07:43:00+02:00,776.280,776.940,776.280,776.890,11
SQ:XPTUSD,2020-04-30T07:44:00+02:00,776.850,777.120,776.840,777.010,16
SQ:XPTUSD,2020-04-30T07:45:00+02:00,777.010,777.430,777.000,777.290,19
SQ:XPTUSD,2020-04-30T07:46:00+02:00,777.290,777.370,777.260,777.350,18
SQ:XPTUSD,2020-04-30T07:47:00+02:00,777.360,778.580,777.360,778.010,11
SQ:XPTUSD,2020-04-30T07:48:00+02:00,777.910,777.910,777.450,777.820,42
SQ:XPTUSD,2020-04-30T07:49:00+02:00,777.820,778.670,777.820,778.490,19
SQ:XPTUSD,2020-04-30T07:50:00+02:00,778.640,779.780,778.640,779.710,28
SQ:XPTUSD,2020-04-30T07:51:00+02:00,779.710,779.890,779.450,779.590,13
SQ:XPTUSD,2020-04-30T07:52:00+02:00,779.590,779.810,779.590,779.760,11
SQ:XPTUSD,2020-04-30T07:53:00+02:00,779.710,779.870,779.710,779.790,12
SQ:XPTUSD,2020-04-30T07:54:00+02:00,779.790,779.790,779.420,779.750,11
SQ:XPTUSD,2020-04-30T07:55:00+02:00,779.750,780.100,779.670,780.100,12
SQ:XPTUSD,2020-04-30T07:56:00+02:00,780.100,781.290,780.100,780.620,19
SQ:XPTUSD,2020-04-30T07:57:00+02:00,780.620,781.020,780.000,781.020,23
SQ:XPTUSD,2020-04-30T07:58:00+02:00,781.000,782.440,780.990,781.520,27
SQ:XPTUSD,2020-04-30T07:59:00+02:00,781.450,782.550,778.250,778.250,70
SQ:XPTUSD,2020-04-30T08:00:00+02:00,778.150,780.380,777.260,777.870,29
SQ:XPTUSD,2020-04-30T08:01:00+02:00,777.680,778.760,777.600,778.160,16
SQ:XPTUSD,2020-04-30T08:02:00+02:00,779.070,779.290,778.670,778.990,13
SQ:XPTUSD,2020-04-30T08:03:00+02:00,778.990,779.400,778.990,779.330,8
SQ:XPTUSD,2020-04-30T08:04:00+02:00,779.330,780.280,779.330,780.230,14
SQ:XPTUSD,2020-04-30T08:05:00+02:00,780.230,781.000,780.230,780.590,39
SQ:XPTUSD,2020-04-30T08:06:00+02:00,780.600,781.490,780.520,781.420,21
SQ:XPTUSD,2020-04-30T08:07:00+02:00,781.480,781.510,780.220,780.220,23
SQ:XPTUSD,2020-04-30T08:08:00+02:00,780.410,780.830,780.400,780.760,12
SQ:XPTUSD,2020-04-30T08:09:00+02:00,780.840,780.850,780.660,780.720,9
SQ:XPTUSD,2020-04-30T08:10:00+02:00,780.720,781.030,780.670,780.740,20
SQ:XPTUSD,2020-04-30T08:11:00+02:00,780.750,782.350,780.750,781.840,29
SQ:XPTUSD,2020-04-30T08:12:00+02:00,781.840,781.890,781.410,781.410,15
SQ:XPTUSD,2020-04-30T08:13:00+02:00,781.420,782.300,780.830,782.300,23
SQ:XPTUSD,2020-04-30T08:14:00+02:00,782.260,782.330,775.540,776.080,28
SQ:XPTUSD,2020-04-30T08:15:00+02:00,776.080,780.970,776.080,777.690,12
SQ:XPTUSD,2020-04-30T08:16:00+02:00,777.690,781.790,777.690,781.790,22
SQ:XPTUSD,2020-04-30T08:17:00+02:00,781.750,781.940,778.900,781.290,10
SQ:XPTUSD,2020-04-30T08:18:00+02:00,781.290,781.290,778.400,779.200,16
SQ:XPTUSD,2020-04-30T08:19:00+02:00,779.200,781.720,776.300,779.010,25
SQ:XPTUSD,2020-04-30T08:20:00+02:00,778.860,779.290,778.860,779.185,12
SQ:XPTUSD,2020-04-30T08:21:00+02:00,779.180,779.630,775.640,777.130,21
SQ:XPTUSD,2020-04-30T08:22:00+02:00,777.100,779.350,777.100,778.620,17
SQ:XPTUSD,2020-04-30T08:23:00+02:00,778.615,779.470,778.120,778.375,18
SQ:XPTUSD,2020-04-30T08:24:00+02:00,778.470,778.770,778.470,778.750,6
SQ:XPTUSD,2020-04-30T08:25:00+02:00,778.760,778.790,777.740,777.740,9
SQ:XPTUSD,2020-04-30T08:26:00+02:00,777.690,778.320,777.690,778.320,7
SQ:XPTUSD,2020-04-30T08:27:00+02:00,778.460,779.745,778.460,779.635,15
SQ:XPTUSD,2020-04-30T08:28:00+02:00,779.640,779.870,779.630,779.820,11
SQ:XPTUSD,2020-04-30T08:29:00+02:00,779.830,780.900,779.830,780.850,12
SQ:XPTUSD,2020-04-30T08:30:00+02:00,780.850,780.860,780.720,780.860,11
SQ:XPTUSD,2020-04-30T08:31:00+02:00,780.810,780.810,780.200,780.390,10
SQ:XPTUSD,2020-04-30T08:32:00+02:00,780.350,780.410,780.350,780.410,6
SQ:XPTUSD,2020-04-30T08:33:00+02:00,780.400,780.400,780.220,780.390,7
SQ:XPTUSD,2020-04-30T08:34:00+02:00,780.340,780.340,779.160,779.160,10
SQ:XPTUSD,2020-04-30T08:35:00+02:00,778.450,778.450,776.600,777.060,14
SQ:XPTUSD,2020-04-30T08:36:00+02:00,777.060,777.060,776.460,776.710,7
SQ:XPTUSD,2020-04-30T08:37:00+02:00,776.710,777.120,776.700,777.120,6
SQ:XPTUSD,2020-04-30T08:38:00+02:00,777.250,777.250,776.870,776.870,7
SQ:XPTUSD,2020-04-30T08:39:00+02:00,776.680,776.760,776.560,776.740,7
SQ:XPTUSD,2020-04-30T08:40:00+02:00,776.740,777.120,776.740,777.120,8
SQ:XPTUSD,2020-04-30T08:41:00+02:00,780.040,780.260,780.040,780.260,3
SQ:XPTUSD,2020-04-30T08:42:00+02:00,780.260,780.340,780.260,780.340,2
SQ:XPTUSD,2020-04-30T08:43:00+02:00,780.340,780.780,780.330,780.780,9
SQ:XPTUSD,2020-04-30T08:44:00+02:00,780.750,781.210,780.750,781.210,5
SQ:XPTUSD,2020-04-30T08:45:00+02:00,781.260,781.380,781.260,781.380,4
SQ:XPTUSD,2020-04-30T08:46:00+02:00,781.380,781.380,781.310,781.360,3
SQ:XPTUSD,2020-04-30T08:47:00+02:00,781.360,781.360,781.350,781.350,2
SQ:XPTUSD,2020-04-30T08:48:00+02:00,781.350,781.350,781.350,781.350,1
SQ:XPTUSD,2020-04-30T08:49:00+02:00,781.450,781.450,781.440,781.440,2
SQ:XPTUSD,2020-04-30T08:50:00+02:00,781.440,781.440,781.440,781.440,1
SQ:XPTUSD,2020-04-30T08:51:00+02:00,781.440,781.440,781.360,781.360,3
SQ:XPTUSD,2020-04-30T08:52:00+02:00,781.470,781.710,779.880,780.290,7
SQ:XPTUSD,2020-04-30T08:53:00+02:00,780.290,780.290,779.590,779.600,6
SQ:XPTUSD,2020-04-30T08:54:00+02:00,779.620,779.620,779.620,779.620,1
SQ:XPTUSD,2020-04-30T08:55:00+02:00,779.620,781.560,779.620,781.560,14
SQ:XPTUSD,2020-04-30T08:56:00+02:00,781.440,782.140,781.440,782.120,11
SQ:XPTUSD,2020-04-30T08:57:00+02:00,782.210,782.220,782.210,782.220,2
SQ:XPTUSD,2020-04-30T08:58:00+02:00,782.120,782.250,782.120,782.250,3
SQ:XPTUSD,2020-04-30T08:59:00+02:00,782.140,782.550,782.140,782.550,7
SQ:XPTUSD,2020-04-30T09:00:00+02:00,782.440,782.610,781.840,781.840,9
SQ:XPTUSD,2020-04-30T09:01:00+02:00,782.040,782.900,782.040,782.900,9
SQ:XPTUSD,2020-04-30T09:02:00+02:00,782.950,785.070,782.950,784.630,16
SQ:XPTUSD,2020-04-30T09:03:00+02:00,784.630,784.770,784.630,784.770,3
SQ:XPTUSD,2020-04-30T09:04:00+02:00,784.770,785.300,784.700,785.290,9
SQ:XPTUSD,2020-04-30T09:05:00+02:00,787.140,787.330,786.160,786.160,16
SQ:XPTUSD,2020-04-30T09:06:00+02:00,786.070,786.070,779.460,780.080,7
SQ:XPTUSD,2020-04-30T09:07:00+02:00,780.100,781.600,780.100,781.600,17
SQ:XPTUSD,2020-04-30T09:08:00+02:00,781.590,781.590,780.610,780.760,9
SQ:XPTUSD,2020-04-30T09:09:00+02:00,780.750,788.120,780.750,781.780,15
SQ:XPTUSD,2020-04-30T09:10:00+02:00,781.780,782.040,780.920,781.490,13
SQ:XPTUSD,2020-04-30T09:11:00+02:00,781.540,781.630,781.540,781.630,4
SQ:XPTUSD,2020-04-30T09:12:00+02:00,781.630,781.650,781.630,781.650,2
SQ:XPTUSD,2020-04-30T09:13:00+02:00,781.650,781.660,781.070,781.110,8
SQ:XPTUSD,2020-04-30T09:14:00+02:00,781.110,781.430,781.110,781.300,5
SQ:XPTUSD,2020-04-30T09:15:00+02:00,781.090,781.320,780.590,780.590,11
SQ:XPTUSD,2020-04-30T09:16:00+02:00,780.590,780.600,779.890,779.890,5
SQ:XPTUSD,2020-04-30T09:17:00+02:00,779.860,780.450,779.830,780.430,9
SQ:XPTUSD,2020-04-30T09:18:00+02:00,780.400,780.410,779.910,779.910,7
SQ:XPTUSD,2020-04-30T09:19:00+02:00,779.660,779.660,779.370,779.370,6
SQ:XPTUSD,2020-04-30T09:20:00+02:00,779.360,779.600,779.360,779.600,5
SQ:XPTUSD,2020-04-30T09:21:00+02:00,779.500,779.500,779.330,779.330,6
SQ:XPTUSD,2020-04-30T09:22:00+02:00,779.090,779.090,778.660,778.890,6
SQ:XPTUSD,2020-04-30T09:23:00+02:00,778.890,778.900,778.890,778.900,2
SQ:XPTUSD,2020-04-30T09:24:00+02:00,778.900,778.960,778.700,778.810,6
SQ:XPTUSD,2020-04-30T09:25:00+02:00,778.970,779.620,778.970,779.620,4
SQ:XPTUSD,2020-04-30T09:26:00+02:00,779.820,780.150,779.820,780.150,2
SQ:XPTUSD,2020-04-30T09:27:00+02:00,780.110,780.140,780.110,780.110,4
SQ:XPTUSD,2020-04-30T09:28:00+02:00,780.120,780.580,780.120,780.580,5
SQ:XPTUSD,2020-04-30T09:29:00+02:00,780.780,782.770,780.780,782.650,10
SQ:XPTUSD,2020-04-30T09:30:00+02:00,782.600,789.490,782.600,784.700,24
SQ:XPTUSD,2020-04-30T09:31:00+02:00,789.600,790.730,784.020,784.020,31
SQ:XPTUSD,2020-04-30T09:32:00+02:00,784.020,785.500,783.990,784.400,8
SQ:XPTUSD,2020-04-30T09:33:00+02:00,782.670,784.230,781.280,781.350,20
SQ:XPTUSD,2020-04-30T09:34:00+02:00,781.050,782.800,781.050,782.420,14
SQ:XPTUSD,2020-04-30T09:35:00+02:00,783.800,790.000,783.750,785.260,14
SQ:XPTUSD,2020-04-30T09:36:00+02:00,785.360,789.700,784.880,789.640,11
SQ:XPTUSD,2020-04-30T09:37:00+02:00,789.500,789.660,788.920,789.660,5
SQ:XPTUSD,2020-04-30T09:38:00+02:00,789.730,790.160,789.720,790.150,8
SQ:XPTUSD,2020-04-30T09:39:00+02:00,790.310,791.740,790.310,791.450,9
SQ:XPTUSD,2020-04-30T09:40:00+02:00,791.760,792.130,791.360,791.660,18
SQ:XPTUSD,2020-04-30T09:41:00+02:00,791.420,791.630,789.710,790.770,28
SQ:XPTUSD,2020-04-30T09:42:00+02:00,790.450,790.830,790.300,790.670,16
SQ:XPTUSD,2020-04-30T09:43:00+02:00,790.740,791.140,790.650,790.650,14
SQ:XPTUSD,2020-04-30T09:44:00+02:00,790.650,790.730,790.030,790.090,10
SQ:XPTUSD,2020-04-30T09:45:00+02:00,790.090,790.090,789.080,789.960,14
SQ:XPTUSD,2020-04-30T09:46:00+02:00,789.760,790.690,787.440,787.440,22
SQ:XPTUSD,2020-04-30T09:47:00+02:00,787.430,787.430,785.130,785.290,10
SQ:XPTUSD,2020-04-30T09:48:00+02:00,785.300,785.300,783.870,783.950,15
SQ:XPTUSD,2020-04-30T09:49:00+02:00,783.950,784.640,783.950,784.190,13
SQ:XPTUSD,2020-04-30T09:50:00+02:00,784.190,784.230,783.070,783.310,27
SQ:XPTUSD,2020-04-30T09:51:00+02:00,783.310,783.620,782.150,782.150,13
SQ:XPTUSD,2020-04-30T09:52:00+02:00,782.050,783.180,782.050,782.960,12
SQ:XPTUSD,2020-04-30T09:53:00+02:00,782.980,782.980,782.530,782.540,17
SQ:XPTUSD,2020-04-30T09:54:00+02:00,782.540,782.900,781.790,781.960,22
SQ:XPTUSD,2020-04-30T09:55:00+02:00,781.960,782.090,781.510,781.670,13
SQ:XPTUSD,2020-04-30T09:56:00+02:00,781.810,782.450,781.640,781.640,9
SQ:XPTUSD,2020-04-30T09:57:00+02:00,781.640,781.640,781.200,781.200,7
SQ:XPTUSD,2020-04-30T09:58:00+02:00,780.530,781.000,779.960,780.990,12
SQ:XPTUSD,2020-04-30T09:59:00+02:00,781.040,781.090,777.960,778.420,25
SQ:XPTUSD,2020-04-30T10:00:00+02:00,778.520,779.940,777.200,778.660,26
SQ:XPTUSD,2020-04-30T10:01:00+02:00,778.610,778.610,776.910,777.490,25
SQ:XPTUSD,2020-04-30T10:02:00+02:00,777.490,778.920,777.490,778.920,21
SQ:XPTUSD,2020-04-30T10:03:00+02:00,779.070,779.670,778.920,779.660,13
SQ:XPTUSD,2020-04-30T10:04:00+02:00,779.750,780.290,779.340,779.660,13
SQ:XPTUSD,2020-04-30T10:05:00+02:00,779.710,779.780,778.420,778.590,14
SQ:XPTUSD,2020-04-30T10:06:00+02:00,778.620,778.690,777.010,777.570,17
SQ:XPTUSD,2020-04-30T10:07:00+02:00,777.570,777.570,776.710,777.520,17
SQ:XPTUSD,2020-04-30T10:08:00+02:00,777.520,777.520,776.560,776.880,8
SQ:XPTUSD,2020-04-30T10:09:00+02:00,776.800,777.080,775.230,775.230,8
SQ:XPTUSD,2020-04-30T10:10:00+02:00,775.460,776.940,775.460,776.790,7
SQ:XPTUSD,2020-04-30T10:11:00+02:00,776.790,776.790,775.620,775.820,8
SQ:XPTUSD,2020-04-30T10:12:00+02:00,775.820,775.820,773.260,773.640,14
SQ:XPTUSD,2020-04-30T10:13:00+02:00,773.640,773.640,773.310,773.370,8
SQ:XPTUSD,2020-04-30T10:14:00+02:00,773.370,773.720,773.110,773.470,8
SQ:XPTUSD,2020-04-30T10:15:00+02:00,773.430,774.690,773.420,774.670,17
SQ:XPTUSD,2020-04-30T10:16:00+02:00,774.670,775.070,774.640,774.640,9
SQ:XPTUSD,2020-04-30T10:17:00+02:00,774.640,775.150,774.540,775.150,12
SQ:XPTUSD,2020-04-30T10:18:00+02:00,775.150,775.350,774.470,775.330,7
SQ:XPTUSD,2020-04-30T10:19:00+02:00,775.330,775.330,775.100,775.330,5
SQ:XPTUSD,2020-04-30T10:20:00+02:00,775.330,775.480,775.200,775.480,9
SQ:XPTUSD,2020-04-30T10:21:00+02:00,775.350,775.490,774.710,774.970,7
SQ:XPTUSD,2020-04-30T10:22:00+02:00,774.990,775.390,774.990,775.390,9
SQ:XPTUSD,2020-04-30T10:23:00+02:00,775.340,775.340,775.010,775.010,10
SQ:XPTUSD,2020-04-30T10:24:00+02:00,774.910,774.950,774.100,774.170,7
SQ:XPTUSD,2020-04-30T10:25:00+02:00,773.970,774.150,773.890,773.890,5
SQ:XPTUSD,2020-04-30T10:26:00+02:00,774.080,774.420,774.080,774.420,6
SQ:XPTUSD,2020-04-30T10:27:00+02:00,774.400,774.950,774.400,774.880,13
SQ:XPTUSD,2020-04-30T10:28:00+02:00,774.850,775.200,774.850,775.200,17
SQ:XPTUSD,2020-04-30T10:29:00+02:00,775.130,775.750,775.130,775.720,8
SQ:XPTUSD,2020-04-30T10:30:00+02:00,775.740,776.230,775.710,775.840,21
SQ:XPTUSD,2020-04-30T10:31:00+02:00,775.760,775.860,775.760,775.860,5
SQ:XPTUSD,2020-04-30T10:32:00+02:00,775.800,776.120,775.800,775.950,9
SQ:XPTUSD,2020-04-30T10:33:00+02:00,775.890,776.920,775.810,776.580,20
SQ:XPTUSD,2020-04-30T10:34:00+02:00,776.570,776.570,776.020,776.070,8
SQ:XPTUSD,2020-04-30T10:35:00+02:00,775.970,776.010,775.970,776.000,3
SQ:XPTUSD,2020-04-30T10:36:00+02:00,776.240,776.960,776.190,776.800,5
SQ:XPTUSD,2020-04-30T10:37:00+02:00,776.820,777.020,776.720,777.020,8
SQ:XPTUSD,2020-04-30T10:38:00+02:00,777.000,777.960,777.000,777.610,12
SQ:XPTUSD,2020-04-30T10:39:00+02:00,777.580,777.880,777.580,777.730,21
SQ:XPTUSD,2020-04-30T10:40:00+02:00,777.710,777.710,776.240,776.260,24
SQ:XPTUSD,2020-04-30T10:41:00+02:00,776.240,776.240,775.840,776.180,16
SQ:XPTUSD,2020-04-30T10:42:00+02:00,775.950,775.970,775.820,775.900,9
SQ:XPTUSD,2020-04-30T10:43:00+02:00,775.840,776.460,775.840,775.900,23
SQ:XPTUSD,2020-04-30T10:44:00+02:00,775.870,776.280,775.870,776.280,17
SQ:XPTUSD,2020-04-30T10:45:00+02:00,776.220,776.840,776.220,776.770,15
SQ:XPTUSD,2020-04-30T10:46:00+02:00,776.730,777.170,775.340,775.550,23
SQ:XPTUSD,2020-04-30T10:47:00+02:00,775.480,775.850,775.420,775.850,7
SQ:XPTUSD,2020-04-30T10:48:00+02:00,775.840,775.850,775.600,775.850,6
SQ:XPTUSD,2020-04-30T10:49:00+02:00,775.780,775.900,775.780,775.900,2
SQ:XPTUSD,2020-04-30T10:50:00+02:00,775.870,775.980,775.360,775.700,10
SQ:XPTUSD,2020-04-30T10:51:00+02:00,775.650,775.660,775.550,775.620,6
SQ:XPTUSD,2020-04-30T10:52:00+02:00,775.580,775.640,775.580,775.640,2
SQ:XPTUSD,2020-04-30T10:54:00+02:00,775.600,775.600,774.460,774.970,15
SQ:XPTUSD,2020-04-30T10:55:00+02:00,774.960,775.790,774.960,775.780,7
SQ:XPTUSD,2020-04-30T10:56:00+02:00,775.710,775.790,775.700,775.790,7
SQ:XPTUSD,2020-04-30T10:57:00+02:00,775.800,775.880,775.750,775.750,6
SQ:XPTUSD,2020-04-30T10:58:00+02:00,775.670,775.750,775.670,775.750,2
SQ:XPTUSD,2020-04-30T10:59:00+02:00,775.690,775.810,775.690,775.730,6
SQ:XPTUSD,2020-04-30T11:00:00+02:00,775.720,775.810,775.720,775.800,6
SQ:XPTUSD,2020-04-30T11:01:00+02:00,775.690,776.190,775.590,776.140,17
SQ:XPTUSD,2020-04-30T11:02:00+02:00,776.100,776.110,775.820,775.990,7
SQ:XPTUSD,2020-04-30T11:03:00+02:00,775.870,777.310,775.610,776.930,24
SQ:XPTUSD,2020-04-30T11:04:00+02:00,776.920,777.450,776.690,776.830,19
SQ:XPTUSD,2020-04-30T11:05:00+02:00,776.850,776.900,775.760,776.110,11
SQ:XPTUSD,2020-04-30T11:06:00+02:00,776.100,776.100,774.980,775.390,9
SQ:XPTUSD,2020-04-30T11:07:00+02:00,775.380,775.860,775.380,775.820,8
SQ:XPTUSD,2020-04-30T11:08:00+02:00,775.970,776.940,775.970,776.910,12
SQ:XPTUSD,2020-04-30T11:09:00+02:00,776.800,777.090,776.780,777.090,9
SQ:XPTUSD,2020-04-30T11:10:00+02:00,777.080,778.250,777.080,777.540,22
SQ:XPTUSD,2020-04-30T11:11:00+02:00,777.510,777.960,777.510,777.580,7
SQ:XPTUSD,2020-04-30T11:12:00+02:00,777.540,777.570,776.490,776.490,10
SQ:XPTUSD,2020-04-30T11:13:00+02:00,776.530,776.530,776.310,776.430,9
SQ:XPTUSD,2020-04-30T11:14:00+02:00,776.450,776.460,776.440,776.440,4
SQ:XPTUSD,2020-04-30T11:15:00+02:00,776.710,776.710,776.620,776.620,4
SQ:XPTUSD,2020-04-30T11:16:00+02:00,776.650,776.650,776.610,776.610,2
SQ:XPTUSD,2020-04-30T11:17:00+02:00,776.720,778.410,776.720,777.530,15
SQ:XPTUSD,2020-04-30T11:18:00+02:00,777.490,777.550,777.420,777.540,10
SQ:XPTUSD,2020-04-30T11:19:00+02:00,777.600,777.710,777.600,777.690,6
SQ:XPTUSD,2020-04-30T11:20:00+02:00,778.040,778.040,777.510,777.630,5
SQ:XPTUSD,2020-04-30T11:21:00+02:00,777.800,777.810,777.770,777.810,3
SQ:XPTUSD,2020-04-30T11:22:00+02:00,777.880,778.050,777.880,778.050,2
SQ:XPTUSD,2020-04-30T11:23:00+02:00,777.930,778.060,777.930,778.040,3
SQ:XPTUSD,2020-04-30T11:24:00+02:00,778.030,778.620,778.030,778.620,7
SQ:XPTUSD,2020-04-30T11:25:00+02:00,778.510,778.630,778.510,778.630,4
SQ:XPTUSD,2020-04-30T11:26:00+02:00,778.520,779.440,778.520,779.440,12
SQ:XPTUSD,2020-04-30T11:27:00+02:00,779.280,779.450,779.180,779.340,6
SQ:XPTUSD,2020-04-30T11:28:00+02:00,779.290,779.290,779.290,779.290,1
SQ:XPTUSD,2020-04-30T11:29:00+02:00,779.340,779.360,779.310,779.320,4
SQ:XPTUSD,2020-04-30T11:30:00+02:00,779.270,779.270,778.190,778.190,9
SQ:XPTUSD,2020-04-30T11:31:00+02:00,778.140,778.140,777.870,777.870,3
SQ:XPTUSD,2020-04-30T11:32:00+02:00,777.720,777.720,777.250,777.250,3
SQ:XPTUSD,2020-04-30T11:33:00+02:00,777.230,777.240,777.220,777.240,3
SQ:XPTUSD,2020-04-30T11:34:00+02:00,777.260,777.260,777.260,777.260,1
SQ:XPTUSD,2020-04-30T11:35:00+02:00,777.160,777.160,776.720,776.820,9
SQ:XPTUSD,2020-04-30T11:36:00+02:00,776.720,777.350,776.570,777.350,12
SQ:XPTUSD,2020-04-30T11:37:00+02:00,777.340,777.610,777.080,777.220,11
SQ:XPTUSD,2020-04-30T11:38:00+02:00,777.270,777.420,777.210,777.210,4
SQ:XPTUSD,2020-04-30T11:39:00+02:00,777.260,777.450,777.260,777.450,2
SQ:XPTUSD,2020-04-30T11:40:00+02:00,777.400,777.400,777.190,777.240,3
SQ:XPTUSD,2020-04-30T11:41:00+02:00,777.390,777.400,777.390,777.400,2
SQ:XPTUSD,2020-04-30T11:42:00+02:00,777.450,777.460,777.450,777.460,2
SQ:XPTUSD,2020-04-30T11:43:00+02:00,777.810,777.810,777.790,777.790,2
SQ:XPTUSD,2020-04-30T11:44:00+02:00,777.840,778.300,777.840,778.290,5
SQ:XPTUSD,2020-04-30T11:45:00+02:00,778.320,778.690,778.320,778.500,7
SQ:XPTUSD,2020-04-30T11:46:00+02:00,778.550,778.550,777.950,778.360,6
SQ:XPTUSD,2020-04-30T11:47:00+02:00,778.300,778.390,778.260,778.390,4
SQ:XPTUSD,2020-04-30T11:48:00+02:00,778.790,778.790,778.360,778.510,7
SQ:XPTUSD,2020-04-30T11:50:00+02:00,778.620,778.690,778.620,778.690,3
SQ:XPTUSD,2020-04-30T11:51:00+02:00,778.630,778.690,778.630,778.690,2
SQ:XPTUSD,2020-04-30T11:52:00+02:00,778.490,778.730,778.480,778.720,7
SQ:XPTUSD,2020-04-30T11:54:00+02:00,779.060,779.060,778.660,778.660,5
SQ:XPTUSD,2020-04-30T11:55:00+02:00,778.610,778.610,777.670,778.020,7
SQ:XPTUSD,2020-04-30T11:56:00+02:00,778.000,778.340,777.970,778.290,18
SQ:XPTUSD,2020-04-30T11:57:00+02:00,778.340,779.000,778.330,779.000,10
SQ:XPTUSD,2020-04-30T11:58:00+02:00,778.980,779.010,778.960,779.010,4
SQ:XPTUSD,2020-04-30T11:59:00+02:00,778.950,780.280,778.950,780.280,31
SQ:XPTUSD,2020-04-30T12:00:00+02:00,780.220,780.300,779.840,780.240,15
SQ:XPTUSD,2020-04-30T12:01:00+02:00,780.230,780.230,779.770,779.810,18
SQ:XPTUSD,2020-04-30T12:02:00+02:00,779.730,779.730,779.090,779.180,17
SQ:XPTUSD,2020-04-30T12:03:00+02:00,779.060,779.460,778.960,779.430,11
SQ:XPTUSD,2020-04-30T12:04:00+02:00,779.420,779.640,779.410,779.630,10
SQ:XPTUSD,2020-04-30T12:05:00+02:00,779.590,780.120,779.590,779.690,12
SQ:XPTUSD,2020-04-30T12:06:00+02:00,779.640,779.710,779.440,779.460,14
SQ:XPTUSD,2020-04-30T12:07:00+02:00,779.230,779.410,779.000,779.220,13
SQ:XPTUSD,2020-04-30T12:08:00+02:00,779.280,779.280,779.040,779.130,4
SQ:XPTUSD,2020-04-30T12:09:00+02:00,779.100,779.310,779.100,779.300,6
SQ:XPTUSD,2020-04-30T12:10:00+02:00,779.280,779.280,778.890,778.970,10
SQ:XPTUSD,2020-04-30T12:11:00+02:00,778.970,778.970,778.920,778.920,2
SQ:XPTUSD,2020-04-30T12:12:00+02:00,778.890,779.190,778.780,779.190,8
SQ:XPTUSD,2020-04-30T12:13:00+02:00,779.180,779.210,778.260,778.260,10
SQ:XPTUSD,2020-04-30T12:14:00+02:00,778.370,778.370,778.360,778.360,2
SQ:XPTUSD,2020-04-30T12:15:00+02:00,778.180,778.180,777.880,778.080,6
SQ:XPTUSD,2020-04-30T12:16:00+02:00,778.200,778.380,778.200,778.380,3
SQ:XPTUSD,2020-04-30T12:17:00+02:00,778.400,778.400,778.180,778.230,5
SQ:XPTUSD,2020-04-30T12:18:00+02:00,778.240,778.420,778.070,778.250,7
SQ:XPTUSD,2020-04-30T12:20:00+02:00,778.200,778.200,777.320,777.370,10
SQ:XPTUSD,2020-04-30T12:21:00+02:00,777.310,777.600,777.310,777.580,5
SQ:XPTUSD,2020-04-30T12:22:00+02:00,777.670,777.670,777.640,777.670,3
SQ:XPTUSD,2020-04-30T12:23:00+02:00,778.150,778.190,777.930,777.930,7
SQ:XPTUSD,2020-04-30T12:24:00+02:00,778.080,778.950,777.460,777.660,10
SQ:XPTUSD,2020-04-30T12:25:00+02:00,777.640,778.430,777.640,778.430,4
SQ:XPTUSD,2020-04-30T12:26:00+02:00,778.150,778.450,778.010,778.070,7
SQ:XPTUSD,2020-04-30T12:27:00+02:00,778.060,778.340,778.060,778.340,3
SQ:XPTUSD,2020-04-30T12:28:00+02:00,778.290,778.350,778.040,778.350,3
SQ:XPTUSD,2020-04-30T12:29:00+02:00,778.220,778.890,778.170,778.190,14
SQ:XPTUSD,2020-04-30T12:30:00+02:00,778.170,778.170,776.650,776.690,10
SQ:XPTUSD,2020-04-30T12:31:00+02:00,776.580,776.610,776.040,776.610,13
SQ:XPTUSD,2020-04-30T12:32:00+02:00,776.640,777.050,776.480,777.030,15
SQ:XPTUSD,2020-04-30T12:33:00+02:00,777.100,777.660,777.020,777.660,11
SQ:XPTUSD,2020-04-30T12:34:00+02:00,777.670,777.670,777.170,777.240,17
SQ:XPTUSD,2020-04-30T12:35:00+02:00,777.190,777.190,777.130,777.190,3
SQ:XPTUSD,2020-04-30T12:36:00+02:00,777.150,777.260,776.110,776.380,14
SQ:XPTUSD,2020-04-30T12:37:00+02:00,776.390,776.390,776.010,776.380,9
SQ:XPTUSD,2020-04-30T12:38:00+02:00,776.430,776.430,776.410,776.410,2
SQ:XPTUSD,2020-04-30T12:39:00+02:00,776.390,776.390,776.070,776.380,3
SQ:XPTUSD,2020-04-30T12:40:00+02:00,776.370,776.370,775.990,775.990,7
SQ:XPTUSD,2020-04-30T12:41:00+02:00,776.040,776.400,775.970,776.360,7
SQ:XPTUSD,2020-04-30T12:42:00+02:00,776.120,776.480,776.120,776.420,10
SQ:XPTUSD,2020-04-30T12:43:00+02:00,776.430,776.960,776.430,776.960,9
SQ:XPTUSD,2020-04-30T12:44:00+02:00,776.930,777.020,776.790,777.010,6
SQ:XPTUSD,2020-04-30T12:45:00+02:00,777.030,777.030,777.020,777.020,2
SQ:XPTUSD,2020-04-30T12:46:00+02:00,776.960,777.010,776.090,776.090,6
SQ:XPTUSD,2020-04-30T12:47:00+02:00,776.120,776.280,775.660,776.180,11
SQ:XPTUSD,2020-04-30T12:48:00+02:00,776.260,776.260,775.860,775.860,8
SQ:XPTUSD,2020-04-30T12:49:00+02:00,775.880,776.030,775.860,776.030,9
SQ:XPTUSD,2020-04-30T12:50:00+02:00,775.970,776.260,775.770,776.230,17
SQ:XPTUSD,2020-04-30T12:51:00+02:00,776.220,776.220,775.860,775.890,4
SQ:XPTUSD,2020-04-30T12:52:00+02:00,775.810,775.810,774.590,775.060,17
SQ:XPTUSD,2020-04-30T12:53:00+02:00,775.050,775.120,774.950,775.120,8
SQ:XPTUSD,2020-04-30T12:54:00+02:00,775.130,775.130,775.130,775.130,1
SQ:XPTUSD,2020-04-30T12:55:00+02:00,775.050,775.090,774.080,774.650,15
SQ:XPTUSD,2020-04-30T12:56:00+02:00,774.630,774.630,774.590,774.620,4
SQ:XPTUSD,2020-04-30T12:57:00+02:00,774.570,775.260,774.570,775.190,16
SQ:XPTUSD,2020-04-30T12:58:00+02:00,775.240,775.280,775.140,775.280,4
SQ:XPTUSD,2020-04-30T12:59:00+02:00,775.320,775.620,775.320,775.490,11
SQ:XPTUSD,2020-04-30T13:00:00+02:00,775.250,775.350,774.150,774.340,16
SQ:XPTUSD,2020-04-30T13:01:00+02:00,774.420,774.910,774.420,774.730,11
SQ:XPTUSD,2020-04-30T13:02:00+02:00,774.660,774.850,774.050,774.050,19
SQ:XPTUSD,2020-04-30T13:03:00+02:00,774.210,774.210,773.680,774.090,26
SQ:XPTUSD,2020-04-30T13:04:00+02:00,774.120,774.590,774.110,774.470,9
SQ:XPTUSD,2020-04-30T13:05:00+02:00,774.490,774.510,774.020,774.210,13
SQ:XPTUSD,2020-04-30T13:06:00+02:00,774.300,774.830,774.300,774.730,13
SQ:XPTUSD,2020-04-30T13:07:00+02:00,774.740,774.740,772.180,772.610,32
SQ:XPTUSD,2020-04-30T13:08:00+02:00,772.710,772.840,772.580,772.720,16
SQ:XPTUSD,2020-04-30T13:09:00+02:00,772.710,772.710,772.550,772.590,17
SQ:XPTUSD,2020-04-30T13:10:00+02:00,772.560,772.560,770.850,771.490,28
SQ:XPTUSD,2020-04-30T13:11:00+02:00,771.450,772.200,771.280,772.200,9
SQ:XPTUSD,2020-04-30T13:12:00+02:00,772.240,772.360,771.840,772.050,12
SQ:XPTUSD,2020-04-30T13:13:00+02:00,772.110,774.270,772.110,774.160,19
SQ:XPTUSD,2020-04-30T13:14:00+02:00,774.470,775.060,773.860,774.040,9
SQ:XPTUSD,2020-04-30T13:15:00+02:00,773.950,774.610,773.820,774.610,9
SQ:XPTUSD,2020-04-30T13:16:00+02:00,774.790,775.240,774.790,775.030,14
SQ:XPTUSD,2020-04-30T13:17:00+02:00,775.030,775.030,774.540,774.600,8
SQ:XPTUSD,2020-04-30T13:18:00+02:00,774.640,774.640,774.000,774.550,12
SQ:XPTUSD,2020-04-30T13:19:00+02:00,774.520,774.540,774.480,774.490,6
SQ:XPTUSD,2020-04-30T13:20:00+02:00,774.480,776.210,774.400,776.210,22
SQ:XPTUSD,2020-04-30T13:21:00+02:00,776.350,777.250,776.210,777.220,6
SQ:XPTUSD,2020-04-30T13:22:00+02:00,777.220,777.410,776.620,777.410,8
SQ:XPTUSD,2020-04-30T13:23:00+02:00,777.580,778.000,777.310,777.950,11
SQ:XPTUSD,2020-04-30T13:24:00+02:00,777.950,778.260,777.880,778.220,10
SQ:XPTUSD,2020-04-30T13:25:00+02:00,778.200,778.200,777.590,777.980,13
SQ:XPTUSD,2020-04-30T13:26:00+02:00,777.980,778.410,777.980,778.410,9
SQ:XPTUSD,2020-04-30T13:27:00+02:00,778.570,778.810,778.040,778.090,13
SQ:XPTUSD,2020-04-30T13:28:00+02:00,778.090,778.510,778.020,778.450,10
SQ:XPTUSD,2020-04-30T13:29:00+02:00,778.450,778.510,777.760,778.500,16
SQ:XPTUSD,2020-04-30T13:30:00+02:00,778.520,778.950,778.410,778.950,11
SQ:XPTUSD,2020-04-30T13:31:00+02:00,779.000,779.910,778.680,779.550,18
SQ:XPTUSD,2020-04-30T13:32:00+02:00,779.720,780.050,779.720,780.050,13
SQ:XPTUSD,2020-04-30T13:33:00+02:00,780.050,780.540,779.930,780.520,8
SQ:XPTUSD,2020-04-30T13:34:00+02:00,780.550,781.540,780.550,781.530,28
SQ:XPTUSD,2020-04-30T13:35:00+02:00,781.530,781.690,781.190,781.290,21
SQ:XPTUSD,2020-04-30T13:36:00+02:00,781.220,781.870,781.180,781.820,13
SQ:XPTUSD,2020-04-30T13:37:00+02:00,781.800,782.030,781.750,782.030,14
SQ:XPTUSD,2020-04-30T13:38:00+02:00,782.010,782.090,781.560,781.810,10
SQ:XPTUSD,2020-04-30T13:39:00+02:00,781.810,782.090,781.550,782.080,12
SQ:XPTUSD,2020-04-30T13:40:00+02:00,782.080,782.080,781.940,781.980,4
SQ:XPTUSD,2020-04-30T13:41:00+02:00,781.980,782.280,781.980,782.280,10
SQ:XPTUSD,2020-04-30T13:42:00+02:00,782.200,782.200,781.890,781.890,10
SQ:XPTUSD,2020-04-30T13:43:00+02:00,781.890,781.890,781.460,781.550,16
SQ:XPTUSD,2020-04-30T13:44:00+02:00,781.590,781.800,781.520,781.570,7
SQ:XPTUSD,2020-04-30T13:45:00+02:00,781.460,782.130,781.460,782.130,10
SQ:XPTUSD,2020-04-30T13:46:00+02:00,782.130,782.730,782.050,782.200,25
SQ:XPTUSD,2020-04-30T13:47:00+02:00,780.120,782.380,780.030,782.380,13
SQ:XPTUSD,2020-04-30T13:48:00+02:00,782.380,782.380,781.830,781.830,8
SQ:XPTUSD,2020-04-30T13:49:00+02:00,781.780,781.920,781.730,781.910,6
SQ:XPTUSD,2020-04-30T13:50:00+02:00,781.910,783.280,781.730,783.220,16
SQ:XPTUSD,2020-04-30T13:51:00+02:00,783.280,783.630,782.440,783.600,19
SQ:XPTUSD,2020-04-30T13:52:00+02:00,783.630,783.630,782.700,782.810,15
SQ:XPTUSD,2020-04-30T13:53:00+02:00,783.250,783.830,783.020,783.630,14
SQ:XPTUSD,2020-04-30T13:54:00+02:00,783.640,783.810,783.460,783.510,12
SQ:XPTUSD,2020-04-30T13:55:00+02:00,783.510,783.530,782.320,782.320,18
SQ:XPTUSD,2020-04-30T13:56:00+02:00,782.290,782.640,782.250,782.360,11
SQ:XPTUSD,2020-04-30T13:57:00+02:00,782.400,782.400,782.330,782.330,3
SQ:XPTUSD,2020-04-30T13:58:00+02:00,782.330,782.440,782.320,782.350,7
SQ:XPTUSD,2020-04-30T13:59:00+02:00,782.350,782.420,782.070,782.200,12
SQ:XPTUSD,2020-04-30T14:00:00+02:00,782.220,782.320,781.830,781.890,15
SQ:XPTUSD,2020-04-30T14:01:00+02:00,781.880,782.020,779.435,780.850,26
SQ:XPTUSD,2020-04-30T14:02:00+02:00,780.660,780.800,780.280,780.800,11
SQ:XPTUSD,2020-04-30T14:03:00+02:00,781.240,781.810,781.240,781.310,10
SQ:XPTUSD,2020-04-30T14:04:00+02:00,781.310,781.310,779.520,779.540,13
SQ:XPTUSD,2020-04-30T14:05:00+02:00,779.310,779.490,779.310,779.470,4
SQ:XPTUSD,2020-04-30T14:06:00+02:00,779.570,779.570,778.830,778.830,8
SQ:XPTUSD,2020-04-30T14:07:00+02:00,779.080,779.140,778.680,779.140,7
SQ:XPTUSD,2020-04-30T14:08:00+02:00,779.090,779.090,777.800,777.820,7
SQ:XPTUSD,2020-04-30T14:09:00+02:00,777.800,778.020,777.800,778.020,3
SQ:XPTUSD,2020-04-30T14:10:00+02:00,778.020,778.520,777.920,778.280,5
SQ:XPTUSD,2020-04-30T14:11:00+02:00,778.280,778.280,778.280,778.280,1
SQ:XPTUSD,2020-04-30T14:12:00+02:00,778.120,778.120,777.620,777.660,6
SQ:XPTUSD,2020-04-30T14:13:00+02:00,777.660,778.190,777.620,778.140,7
SQ:XPTUSD,2020-04-30T14:14:00+02:00,777.840,777.840,777.740,777.800,3
SQ:XPTUSD,2020-04-30T14:15:00+02:00,777.850,777.850,777.330,777.330,5
SQ:XPTUSD,2020-04-30T14:16:00+02:00,777.280,777.330,775.500,775.500,14
SQ:XPTUSD,2020-04-30T14:17:00+02:00,775.500,776.960,775.500,776.040,17
SQ:XPTUSD,2020-04-30T14:18:00+02:00,776.120,776.590,776.120,776.340,6
SQ:XPTUSD,2020-04-30T14:19:00+02:00,776.530,776.830,776.530,776.750,6
SQ:XPTUSD,2020-04-30T14:20:00+02:00,776.930,777.850,776.930,777.210,16
SQ:XPTUSD,2020-04-30T14:21:00+02:00,777.210,777.210,776.850,776.860,9
SQ:XPTUSD,2020-04-30T14:22:00+02:00,776.870,776.880,773.750,774.110,40
SQ:XPTUSD,2020-04-30T14:23:00+02:00,774.110,775.460,774.110,775.410,15
SQ:XPTUSD,2020-04-30T14:24:00+02:00,775.470,775.470,775.360,775.460,4
SQ:XPTUSD,2020-04-30T14:25:00+02:00,775.460,776.320,775.460,775.830,16
SQ:XPTUSD,2020-04-30T14:26:00+02:00,775.720,775.760,775.510,775.610,11
SQ:XPTUSD,2020-04-30T14:27:00+02:00,775.780,775.830,774.590,774.850,15
SQ:XPTUSD,2020-04-30T14:28:00+02:00,775.000,775.000,772.890,773.140,27
SQ:XPTUSD,2020-04-30T14:29:00+02:00,773.140,773.770,772.325,772.460,29
SQ:XPTUSD,2020-04-30T14:30:00+02:00,772.510,775.230,771.985,774.090,56
SQ:XPTUSD,2020-04-30T14:31:00+02:00,774.010,774.720,773.790,774.170,27
SQ:XPTUSD,2020-04-30T14:32:00+02:00,774.230,774.685,773.290,773.845,25
SQ:XPTUSD,2020-04-30T14:33:00+02:00,773.745,774.025,773.120,774.025,25
SQ:XPTUSD,2020-04-30T14:34:00+02:00,773.875,774.205,773.520,773.930,16
SQ:XPTUSD,2020-04-30T14:35:00+02:00,773.785,774.865,773.785,774.865,13
SQ:XPTUSD,2020-04-30T14:36:00+02:00,774.810,775.525,774.810,775.185,16
SQ:XPTUSD,2020-04-30T14:37:00+02:00,774.940,774.940,771.800,772.105,41
SQ:XPTUSD,2020-04-30T14:38:00+02:00,772.105,772.105,770.340,770.380,38
SQ:XPTUSD,2020-04-30T14:39:00+02:00,770.485,772.200,770.045,772.200,35
SQ:XPTUSD,2020-04-30T14:40:00+02:00,771.960,771.960,768.590,770.860,58
SQ:XPTUSD,2020-04-30T14:41:00+02:00,770.860,770.860,768.660,769.290,57
SQ:XPTUSD,2020-04-30T14:42:00+02:00,769.840,770.070,759.410,762.240,138
SQ:XPTUSD,2020-04-30T14:43:00+02:00,762.240,764.975,761.050,762.535,53
SQ:XPTUSD,2020-04-30T14:44:00+02:00,762.435,762.640,756.215,762.640,101
SQ:XPTUSD,2020-04-30T14:45:00+02:00,762.640,763.360,759.700,762.830,49
SQ:XPTUSD,2020-04-30T14:46:00+02:00,763.230,763.230,761.195,761.195,47
SQ:XPTUSD,2020-04-30T14:47:00+02:00,761.195,763.485,760.335,760.645,50
SQ:XPTUSD,2020-04-30T14:48:00+02:00,760.645,762.120,759.605,761.865,44
SQ:XPTUSD,2020-04-30T14:49:00+02:00,761.890,766.340,761.510,766.340,42
SQ:XPTUSD,2020-04-30T14:50:00+02:00,766.090,766.480,764.680,766.140,29
SQ:XPTUSD,2020-04-30T14:51:00+02:00,766.180,767.210,764.630,764.905,42
SQ:XPTUSD,2020-04-30T14:52:00+02:00,765.405,771.520,765.180,771.200,51
SQ:XPTUSD,2020-04-30T14:53:00+02:00,771.230,776.650,771.040,776.130,72
SQ:XPTUSD,2020-04-30T14:54:00+02:00,776.170,778.310,774.940,777.870,63
SQ:XPTUSD,2020-04-30T14:55:00+02:00,777.330,779.930,776.610,778.890,42
SQ:XPTUSD,2020-04-30T14:56:00+02:00,778.890,779.470,776.780,778.445,40
SQ:XPTUSD,2020-04-30T14:57:00+02:00,778.445,778.750,777.870,778.255,38
SQ:XPTUSD,2020-04-30T14:58:00+02:00,778.565,780.300,778.565,780.200,55
SQ:XPTUSD,2020-04-30T14:59:00+02:00,780.100,781.790,780.100,781.240,30
SQ:XPTUSD,2020-04-30T15:00:00+02:00,781.185,781.350,777.045,777.720,59
SQ:XPTUSD,2020-04-30T15:01:00+02:00,777.750,777.970,774.660,775.600,65
SQ:XPTUSD,2020-04-30T15:02:00+02:00,775.630,777.300,774.950,777.055,48
SQ:XPTUSD,2020-04-30T15:03:00+02:00,776.955,777.215,771.540,773.390,50
SQ:XPTUSD,2020-04-30T15:04:00+02:00,773.340,774.630,771.130,773.320,59
SQ:XPTUSD,2020-04-30T15:05:00+02:00,773.390,775.720,770.100,773.765,63
SQ:XPTUSD,2020-04-30T15:06:00+02:00,772.970,772.970,767.210,769.030,41
SQ:XPTUSD,2020-04-30T15:07:00+02:00,768.960,770.020,766.990,768.515,36
SQ:XPTUSD,2020-04-30T15:08:00+02:00,768.260,769.000,763.170,768.765,56
SQ:XPTUSD,2020-04-30T15:09:00+02:00,768.760,770.595,768.680,768.790,30
SQ:XPTUSD,2020-04-30T15:10:00+02:00,768.910,771.035,768.795,768.795,22
SQ:XPTUSD,2020-04-30T15:11:00+02:00,768.495,768.635,767.880,768.220,21
SQ:XPTUSD,2020-04-30T15:12:00+02:00,768.220,768.885,766.835,766.860,29
SQ:XPTUSD,2020-04-30T15:13:00+02:00,766.755,771.295,766.750,770.050,45
SQ:XPTUSD,2020-04-30T15:14:00+02:00,769.925,771.265,769.925,770.635,15
SQ:XPTUSD,2020-04-30T15:15:00+02:00,770.610,772.030,769.730,771.805,19
SQ:XPTUSD,2020-04-30T15:16:00+02:00,771.805,772.970,770.490,770.490,25
SQ:XPTUSD,2020-04-30T15:17:00+02:00,770.160,771.950,770.160,771.745,16
SQ:XPTUSD,2020-04-30T15:18:00+02:00,771.740,771.885,770.890,771.575,17
SQ:XPTUSD,2020-04-30T15:19:00+02:00,771.625,776.090,771.625,776.040,28
SQ:XPTUSD,2020-04-30T15:20:00+02:00,776.040,776.130,774.840,775.020,25
SQ:XPTUSD,2020-04-30T15:21:00+02:00,774.790,775.380,774.095,775.380,26
SQ:XPTUSD,2020-04-30T15:22:00+02:00,775.380,776.750,775.330,776.750,22
SQ:XPTUSD,2020-04-30T15:23:00+02:00,776.750,776.800,774.370,776.090,25
SQ:XPTUSD,2020-04-30T15:24:00+02:00,776.165,776.215,774.065,774.295,16
SQ:XPTUSD,2020-04-30T15:25:00+02:00,774.345,775.400,774.345,775.220,14
SQ:XPTUSD,2020-04-30T15:26:00+02:00,775.220,775.220,774.870,774.895,5
SQ:XPTUSD,2020-04-30T15:27:00+02:00,774.895,775.535,774.790,775.165,19
SQ:XPTUSD,2020-04-30T15:28:00+02:00,775.070,775.120,773.480,774.550,21
SQ:XPTUSD,2020-04-30T15:29:00+02:00,774.550,774.915,774.550,774.870,9
SQ:XPTUSD,2020-04-30T15:30:00+02:00,774.870,777.210,774.870,775.930,33
SQ:XPTUSD,2020-04-30T15:31:00+02:00,775.930,776.420,775.280,775.895,25
SQ:XPTUSD,2020-04-30T15:32:00+02:00,776.090,776.090,774.420,774.550,25
SQ:XPTUSD,2020-04-30T15:33:00+02:00,774.640,775.600,774.410,775.220,25
SQ:XPTUSD,2020-04-30T15:34:00+02:00,775.210,775.950,774.370,774.370,24
SQ:XPTUSD,2020-04-30T15:35:00+02:00,774.370,775.990,774.360,775.760,28
SQ:XPTUSD,2020-04-30T15:36:00+02:00,775.740,775.740,772.770,773.070,29
SQ:XPTUSD,2020-04-30T15:37:00+02:00,773.070,773.550,771.290,771.290,47
SQ:XPTUSD,2020-04-30T15:38:00+02:00,771.130,772.805,770.530,772.805,40
SQ:XPTUSD,2020-04-30T15:39:00+02:00,772.805,774.285,772.805,773.600,19
SQ:XPTUSD,2020-04-30T15:40:00+02:00,773.620,773.670,773.000,773.125,19
SQ:XPTUSD,2020-04-30T15:41:00+02:00,773.125,773.825,773.125,773.675,16
SQ:XPTUSD,2020-04-30T15:42:00+02:00,773.675,774.430,773.675,774.430,13
SQ:XPTUSD,2020-04-30T15:43:00+02:00,774.530,776.250,774.530,776.250,20
SQ:XPTUSD,2020-04-30T15:44:00+02:00,776.200,776.200,774.295,774.480,30
SQ:XPTUSD,2020-04-30T15:45:00+02:00,774.480,774.480,773.275,773.435,29
SQ:XPTUSD,2020-04-30T15:46:00+02:00,773.335,773.335,772.085,772.435,31
SQ:XPTUSD,2020-04-30T15:47:00+02:00,772.465,774.005,772.465,772.855,25
SQ:XPTUSD,2020-04-30T15:48:00+02:00,772.885,773.500,772.730,773.400,10
SQ:XPTUSD,2020-04-30T15:49:00+02:00,773.470,774.145,771.975,772.225,15
SQ:XPTUSD,2020-04-30T15:50:00+02:00,772.145,772.695,772.145,772.525,16
SQ:XPTUSD,2020-04-30T15:51:00+02:00,772.200,772.820,770.890,772.735,29
SQ:XPTUSD,2020-04-30T15:52:00+02:00,772.735,773.220,772.575,772.800,16
SQ:XPTUSD,2020-04-30T15:53:00+02:00,772.865,774.315,772.865,774.315,10
SQ:XPTUSD,2020-04-30T15:54:00+02:00,774.155,775.955,773.710,775.835,16
SQ:XPTUSD,2020-04-30T15:55:00+02:00,775.830,776.045,775.155,775.355,15
SQ:XPTUSD,2020-04-30T15:56:00+02:00,775.355,775.565,774.565,775.565,15
SQ:XPTUSD,2020-04-30T15:57:00+02:00,775.715,776.890,775.715,776.570,24
SQ:XPTUSD,2020-04-30T15:58:00+02:00,776.565,776.565,775.110,775.260,21
SQ:XPTUSD,2020-04-30T15:59:00+02:00,775.535,775.730,774.715,775.630,18
SQ:XPTUSD,2020-04-30T16:00:00+02:00,775.680,776.540,774.815,774.820,38
SQ:XPTUSD,2020-04-30T16:01:00+02:00,774.795,775.240,773.830,774.980,21
SQ:XPTUSD,2020-04-30T16:02:00+02:00,775.110,775.510,773.865,774.545,16
SQ:XPTUSD,2020-04-30T16:03:00+02:00,774.545,774.950,773.410,773.510,24
SQ:XPTUSD,2020-04-30T16:04:00+02:00,773.560,773.955,772.820,773.675,33
SQ:XPTUSD,2020-04-30T16:05:00+02:00,773.735,776.070,773.735,776.070,21
SQ:XPTUSD,2020-04-30T16:06:00+02:00,776.170,777.360,776.170,777.360,17
SQ:XPTUSD,2020-04-30T16:07:00+02:00,777.310,777.310,775.660,776.140,16
SQ:XPTUSD,2020-04-30T16:08:00+02:00,776.290,776.830,776.140,776.420,12
SQ:XPTUSD,2020-04-30T16:09:00+02:00,776.830,777.005,776.310,776.705,19
SQ:XPTUSD,2020-04-30T16:10:00+02:00,776.570,777.155,776.570,777.030,23
SQ:XPTUSD,2020-04-30T16:11:00+02:00,777.035,777.035,776.005,776.620,31
SQ:XPTUSD,2020-04-30T16:12:00+02:00,776.625,777.300,776.425,777.185,13
SQ:XPTUSD,2020-04-30T16:13:00+02:00,776.860,777.295,776.415,777.265,17
SQ:XPTUSD,2020-04-30T16:14:00+02:00,777.275,777.275,776.640,776.790,10
SQ:XPTUSD,2020-04-30T16:15:00+02:00,776.890,776.890,776.460,776.460,10
SQ:XPTUSD,2020-04-30T16:16:00+02:00,776.360,777.100,776.290,777.100,20
SQ:XPTUSD,2020-04-30T16:17:00+02:00,777.130,777.590,776.995,777.195,22
SQ:XPTUSD,2020-04-30T16:18:00+02:00,777.300,779.985,777.300,778.915,31
SQ:XPTUSD,2020-04-30T16:19:00+02:00,778.785,778.840,777.790,777.990,21
SQ:XPTUSD,2020-04-30T16:20:00+02:00,777.940,778.560,777.895,778.560,23
SQ:XPTUSD,2020-04-30T16:21:00+02:00,778.585,779.805,778.585,778.700,24
SQ:XPTUSD,2020-04-30T16:22:00+02:00,778.630,778.670,777.005,777.035,34
SQ:XPTUSD,2020-04-30T16:23:00+02:00,777.005,777.135,776.585,776.735,15
SQ:XPTUSD,2020-04-30T16:24:00+02:00,776.735,777.490,776.690,777.215,19
SQ:XPTUSD,2020-04-30T16:25:00+02:00,777.215,777.275,777.005,777.005,11
SQ:XPTUSD,2020-04-30T16:26:00+02:00,777.015,777.560,776.080,777.560,19
SQ:XPTUSD,2020-04-30T16:27:00+02:00,777.760,779.060,777.760,778.860,10
SQ:XPTUSD,2020-04-30T16:28:00+02:00,778.860,780.600,778.320,779.450,27
SQ:XPTUSD,2020-04-30T16:29:00+02:00,779.450,780.950,779.450,780.890,23
SQ:XPTUSD,2020-04-30T16:30:00+02:00,780.910,781.620,779.690,780.330,32
SQ:XPTUSD,2020-04-30T16:31:00+02:00,780.330,782.400,780.330,782.400,22
SQ:XPTUSD,2020-04-30T16:32:00+02:00,782.400,783.190,781.740,783.190,25
SQ:XPTUSD,2020-04-30T16:33:00+02:00,783.190,784.400,782.670,782.680,25
SQ:XPTUSD,2020-04-30T16:34:00+02:00,782.460,787.000,782.400,787.000,35
SQ:XPTUSD,2020-04-30T16:35:00+02:00,786.260,789.480,786.000,789.330,39
SQ:XPTUSD,2020-04-30T16:36:00+02:00,789.330,789.330,787.350,788.480,36
SQ:XPTUSD,2020-04-30T16:37:00+02:00,788.370,789.450,786.940,789.450,34
SQ:XPTUSD,2020-04-30T16:38:00+02:00,789.450,791.750,788.250,790.600,31
SQ:XPTUSD,2020-04-30T16:39:00+02:00,789.570,789.650,786.730,786.770,13
SQ:XPTUSD,2020-04-30T16:40:00+02:00,786.970,787.430,786.190,787.220,39
SQ:XPTUSD,2020-04-30T16:41:00+02:00,787.220,787.720,783.220,783.240,43
SQ:XPTUSD,2020-04-30T16:42:00+02:00,783.350,785.535,782.650,783.330,36
SQ:XPTUSD,2020-04-30T16:43:00+02:00,783.380,784.625,780.210,781.080,27
SQ:XPTUSD,2020-04-30T16:44:00+02:00,781.080,781.805,779.470,780.690,34
SQ:XPTUSD,2020-04-30T16:45:00+02:00,780.930,781.620,778.970,780.710,25
SQ:XPTUSD,2020-04-30T16:46:00+02:00,780.710,781.960,778.790,781.160,22
SQ:XPTUSD,2020-04-30T16:47:00+02:00,781.060,781.320,778.790,780.140,31
SQ:XPTUSD,2020-04-30T16:48:00+02:00,780.200,780.350,777.860,778.660,44
SQ:XPTUSD,2020-04-30T16:49:00+02:00,778.370,778.370,776.390,778.080,22
SQ:XPTUSD,2020-04-30T16:50:00+02:00,777.960,778.800,777.940,778.000,19
SQ:XPTUSD,2020-04-30T16:51:00+02:00,778.140,778.470,777.820,777.820,23
SQ:XPTUSD,2020-04-30T16:52:00+02:00,777.740,780.370,777.740,780.370,24
SQ:XPTUSD,2020-04-30T16:53:00+02:00,780.020,780.740,779.950,780.140,20
SQ:XPTUSD,2020-04-30T16:54:00+02:00,780.140,780.550,780.140,780.270,13
SQ:XPTUSD,2020-04-30T16:55:00+02:00,780.270,781.620,780.270,780.540,21
SQ:XPTUSD,2020-04-30T16:56:00+02:00,780.580,781.480,780.580,781.090,20
SQ:XPTUSD,2020-04-30T16:57:00+02:00,781.270,784.060,781.270,783.800,32
SQ:XPTUSD,2020-04-30T16:58:00+02:00,783.740,784.110,783.240,783.740,21
SQ:XPTUSD,2020-04-30T16:59:00+02:00,783.740,784.920,782.320,782.320,43
SQ:XPTUSD,2020-04-30T17:00:00+02:00,782.400,783.120,781.680,783.120,18
SQ:XPTUSD,2020-04-30T17:01:00+02:00,783.120,784.510,782.720,783.040,44
SQ:XPTUSD,2020-04-30T17:02:00+02:00,783.040,783.070,782.940,783.010,8
SQ:XPTUSD,2020-04-30T17:03:00+02:00,783.010,783.010,779.420,779.620,51
SQ:XPTUSD,2020-04-30T17:04:00+02:00,779.750,781.010,778.390,778.960,45
SQ:XPTUSD,2020-04-30T17:05:00+02:00,778.940,780.040,778.940,779.460,24
SQ:XPTUSD,2020-04-30T17:06:00+02:00,779.500,780.750,779.430,780.050,16
SQ:XPTUSD,2020-04-30T17:07:00+02:00,780.070,780.470,779.890,780.470,12
SQ:XPTUSD,2020-04-30T17:08:00+02:00,780.600,780.600,779.400,779.400,5
SQ:XPTUSD,2020-04-30T17:09:00+02:00,779.530,779.630,776.850,779.630,29
SQ:XPTUSD,2020-04-30T17:10:00+02:00,779.770,779.790,776.810,776.820,21
SQ:XPTUSD,2020-04-30T17:11:00+02:00,777.360,778.830,777.360,778.770,16
SQ:XPTUSD,2020-04-30T17:12:00+02:00,778.770,778.830,778.730,778.730,5
SQ:XPTUSD,2020-04-30T17:13:00+02:00,778.730,780.070,778.730,779.490,25
SQ:XPTUSD,2020-04-30T17:14:00+02:00,779.500,780.180,779.500,780.180,8
SQ:XPTUSD,2020-04-30T17:15:00+02:00,780.180,781.200,779.950,780.710,17
SQ:XPTUSD,2020-04-30T17:16:00+02:00,780.780,780.830,779.060,779.440,17
SQ:XPTUSD,2020-04-30T17:17:00+02:00,779.440,779.440,778.620,779.270,8
SQ:XPTUSD,2020-04-30T17:18:00+02:00,779.360,780.920,779.360,780.580,16
SQ:XPTUSD,2020-04-30T17:19:00+02:00,780.630,780.630,779.270,779.380,11
SQ:XPTUSD,2020-04-30T17:20:00+02:00,779.640,779.720,778.160,778.560,13
SQ:XPTUSD,2020-04-30T17:21:00+02:00,778.650,780.160,778.650,779.440,8
SQ:XPTUSD,2020-04-30T17:22:00+02:00,779.500,779.890,779.500,779.880,8
SQ:XPTUSD,2020-04-30T17:23:00+02:00,779.780,779.880,779.780,779.880,2
SQ:XPTUSD,2020-04-30T17:24:00+02:00,779.790,780.280,779.790,779.930,9
SQ:XPTUSD,2020-04-30T17:25:00+02:00,779.620,779.690,779.110,779.470,15
SQ:XPTUSD,2020-04-30T17:26:00+02:00,779.780,780.210,779.780,780.110,10
SQ:XPTUSD,2020-04-30T17:27:00+02:00,780.270,780.550,780.250,780.470,9
SQ:XPTUSD,2020-04-30T17:28:00+02:00,780.410,780.580,779.930,780.110,9
SQ:XPTUSD,2020-04-30T17:29:00+02:00,780.200,781.160,780.060,781.090,12
SQ:XPTUSD,2020-04-30T17:30:00+02:00,780.820,781.040,780.730,781.040,8
SQ:XPTUSD,2020-04-30T17:31:00+02:00,781.080,781.830,781.070,781.680,14
SQ:XPTUSD,2020-04-30T17:32:00+02:00,781.730,782.770,781.730,782.530,24
SQ:XPTUSD,2020-04-30T17:33:00+02:00,782.530,782.640,782.300,782.640,8
SQ:XPTUSD,2020-04-30T17:34:00+02:00,782.530,782.810,780.880,781.420,16
SQ:XPTUSD,2020-04-30T17:35:00+02:00,781.420,782.260,781.340,782.260,8
SQ:XPTUSD,2020-04-30T17:36:00+02:00,782.320,783.070,782.000,782.860,22
SQ:XPTUSD,2020-04-30T17:37:00+02:00,782.920,783.450,782.620,782.700,15
SQ:XPTUSD,2020-04-30T17:38:00+02:00,782.810,783.210,782.610,782.780,17
SQ:XPTUSD,2020-04-30T17:39:00+02:00,782.800,783.330,782.780,783.330,8
SQ:XPTUSD,2020-04-30T17:40:00+02:00,783.380,783.990,783.380,783.870,17
SQ:XPTUSD,2020-04-30T17:41:00+02:00,783.910,783.910,783.210,783.540,15
SQ:XPTUSD,2020-04-30T17:42:00+02:00,783.550,783.590,782.650,782.740,15
SQ:XPTUSD,2020-04-30T17:43:00+02:00,782.520,782.610,782.260,782.420,10
SQ:XPTUSD,2020-04-30T17:44:00+02:00,782.760,782.830,781.030,781.030,22
SQ:XPTUSD,2020-04-30T17:45:00+02:00,781.030,781.980,781.030,781.980,8
SQ:XPTUSD,2020-04-30T17:46:00+02:00,781.920,781.920,780.560,781.090,17
SQ:XPTUSD,2020-04-30T17:47:00+02:00,781.170,781.170,779.970,779.970,10
SQ:XPTUSD,2020-04-30T17:48:00+02:00,779.970,780.430,779.970,780.400,5
SQ:XPTUSD,2020-04-30T17:49:00+02:00,780.400,780.400,779.370,779.690,15
SQ:XPTUSD,2020-04-30T17:50:00+02:00,779.690,780.320,778.810,778.810,29
SQ:XPTUSD,2020-04-30T17:51:00+02:00,778.680,779.580,778.680,779.580,10
SQ:XPTUSD,2020-04-30T17:52:00+02:00,779.590,779.590,777.030,777.470,33
SQ:XPTUSD,2020-04-30T17:53:00+02:00,777.550,778.510,777.550,778.140,11
SQ:XPTUSD,2020-04-30T17:54:00+02:00,778.330,778.330,777.040,777.700,15
SQ:XPTUSD,2020-04-30T17:55:00+02:00,777.980,778.180,777.530,778.070,17
SQ:XPTUSD,2020-04-30T17:56:00+02:00,778.300,779.730,778.300,778.400,30
SQ:XPTUSD,2020-04-30T17:57:00+02:00,777.980,778.270,777.780,778.270,14
SQ:XPTUSD,2020-04-30T17:58:00+02:00,778.160,778.160,775.980,776.650,35
SQ:XPTUSD,2020-04-30T17:59:00+02:00,776.780,776.840,774.270,774.840,69
SQ:XPTUSD,2020-04-30T18:00:00+02:00,774.840,774.840,772.080,773.030,59
SQ:XPTUSD,2020-04-30T18:01:00+02:00,772.830,773.480,772.170,773.120,25
SQ:XPTUSD,2020-04-30T18:02:00+02:00,773.120,773.120,771.760,772.460,50
SQ:XPTUSD,2020-04-30T18:03:00+02:00,772.490,772.490,771.470,771.770,29
SQ:XPTUSD,2020-04-30T18:04:00+02:00,771.780,773.230,771.740,772.270,32
SQ:XPTUSD,2020-04-30T18:05:00+02:00,772.360,773.340,772.140,772.230,34
SQ:XPTUSD,2020-04-30T18:06:00+02:00,772.020,772.790,770.090,772.790,59
SQ:XPTUSD,2020-04-30T18:07:00+02:00,773.030,773.050,771.640,772.440,38
SQ:XPTUSD,2020-04-30T18:08:00+02:00,772.490,773.140,772.090,772.850,28
SQ:XPTUSD,2020-04-30T18:09:00+02:00,772.850,773.550,772.850,773.330,10
SQ:XPTUSD,2020-04-30T18:10:00+02:00,773.330,774.640,773.040,774.590,26
SQ:XPTUSD,2020-04-30T18:11:00+02:00,774.640,774.640,773.550,774.150,19
SQ:XPTUSD,2020-04-30T18:12:00+02:00,774.110,774.770,773.130,774.260,26
SQ:XPTUSD,2020-04-30T18:13:00+02:00,774.260,774.680,774.130,774.630,14
SQ:XPTUSD,2020-04-30T18:14:00+02:00,774.630,775.020,773.590,774.440,24
SQ:XPTUSD,2020-04-30T18:15:00+02:00,774.160,774.160,771.850,771.850,34
SQ:XPTUSD,2020-04-30T18:16:00+02:00,772.140,772.330,769.810,770.480,58
SQ:XPTUSD,2020-04-30T18:17:00+02:00,770.550,771.130,769.610,770.020,58
SQ:XPTUSD,2020-04-30T18:18:00+02:00,770.180,770.580,769.630,770.250,48
SQ:XPTUSD,2020-04-30T18:19:00+02:00,770.250,770.780,770.240,770.680,20
SQ:XPTUSD,2020-04-30T18:20:00+02:00,770.720,771.660,770.720,771.620,28
SQ:XPTUSD,2020-04-30T18:21:00+02:00,771.560,771.740,769.990,771.740,16
SQ:XPTUSD,2020-04-30T18:22:00+02:00,771.740,773.000,771.740,772.550,18
SQ:XPTUSD,2020-04-30T18:23:00+02:00,772.480,773.910,772.420,772.910,30
SQ:XPTUSD,2020-04-30T18:24:00+02:00,772.910,773.660,772.910,773.530,19
SQ:XPTUSD,2020-04-30T18:25:00+02:00,773.360,773.850,771.460,771.610,17
SQ:XPTUSD,2020-04-30T18:26:00+02:00,771.610,773.550,771.610,773.550,16
SQ:XPTUSD,2020-04-30T18:27:00+02:00,773.660,773.660,773.430,773.570,9
SQ:XPTUSD,2020-04-30T18:28:00+02:00,773.600,773.630,772.420,772.670,11
SQ:XPTUSD,2020-04-30T18:29:00+02:00,772.740,774.240,772.670,774.240,16
SQ:XPTUSD,2020-04-30T18:30:00+02:00,774.300,774.300,771.760,771.770,29
SQ:XPTUSD,2020-04-30T18:31:00+02:00,771.770,772.230,771.170,771.930,28
SQ:XPTUSD,2020-04-30T18:32:00+02:00,771.860,772.220,770.990,771.630,26
SQ:XPTUSD,2020-04-30T18:33:00+02:00,771.630,772.100,771.620,772.080,10
SQ:XPTUSD,2020-04-30T18:34:00+02:00,772.100,773.570,772.100,772.830,31
SQ:XPTUSD,2020-04-30T18:35:00+02:00,772.830,772.840,772.010,772.120,28
SQ:XPTUSD,2020-04-30T18:36:00+02:00,772.190,773.550,772.190,773.380,24
SQ:XPTUSD,2020-04-30T18:37:00+02:00,773.240,773.370,771.950,772.240,19
SQ:XPTUSD,2020-04-30T18:38:00+02:00,772.260,772.930,772.180,772.930,12
SQ:XPTUSD,2020-04-30T18:39:00+02:00,772.930,773.040,771.670,771.670,11
SQ:XPTUSD,2020-04-30T18:40:00+02:00,772.020,772.020,770.810,771.110,25
SQ:XPTUSD,2020-04-30T18:41:00+02:00,771.110,771.110,770.740,770.910,17
SQ:XPTUSD,2020-04-30T18:42:00+02:00,771.060,771.510,771.050,771.260,22
SQ:XPTUSD,2020-04-30T18:43:00+02:00,771.360,771.650,770.910,771.510,11
SQ:XPTUSD,2020-04-30T18:44:00+02:00,771.420,771.630,771.310,771.540,19
SQ:XPTUSD,2020-04-30T18:45:00+02:00,771.570,773.670,771.570,773.670,17
SQ:XPTUSD,2020-04-30T18:46:00+02:00,773.710,773.880,772.410,772.700,24
SQ:XPTUSD,2020-04-30T18:47:00+02:00,772.810,773.060,772.290,772.570,14
SQ:XPTUSD,2020-04-30T18:48:00+02:00,772.620,773.690,772.580,772.970,17
SQ:XPTUSD,2020-04-30T18:49:00+02:00,773.220,774.890,773.220,774.590,21
SQ:XPTUSD,2020-04-30T18:50:00+02:00,774.630,774.840,774.260,774.770,12
SQ:XPTUSD,2020-04-30T18:51:00+02:00,774.820,777.730,774.810,777.570,46
SQ:XPTUSD,2020-04-30T18:52:00+02:00,777.620,778.410,777.390,778.050,25
SQ:XPTUSD,2020-04-30T18:53:00+02:00,778.070,779.380,777.810,779.040,25
SQ:XPTUSD,2020-04-30T18:54:00+02:00,779.040,780.880,779.035,779.870,61
SQ:XPTUSD,2020-04-30T18:55:00+02:00,779.870,781.620,779.870,781.620,43
SQ:XPTUSD,2020-04-30T18:56:00+02:00,781.745,781.770,780.905,781.745,36
SQ:XPTUSD,2020-04-30T18:57:00+02:00,782.035,783.655,781.850,782.795,37
SQ:XPTUSD,2020-04-30T18:58:00+02:00,782.795,783.210,781.850,783.190,29
SQ:XPTUSD,2020-04-30T18:59:00+02:00,783.310,784.155,782.785,783.700,29
SQ:XPTUSD,2020-04-30T19:00:00+02:00,783.960,784.825,783.710,784.825,24
SQ:XPTUSD,2020-04-30T19:01:00+02:00,784.830,785.645,783.420,783.730,51
SQ:XPTUSD,2020-04-30T19:02:00+02:00,783.730,785.075,782.770,783.270,52
SQ:XPTUSD,2020-04-30T19:03:00+02:00,783.180,784.930,781.500,781.860,117
SQ:XPTUSD,2020-04-30T19:04:00+02:00,781.880,783.720,781.790,782.460,115
SQ:XPTUSD,2020-04-30T19:05:00+02:00,782.430,783.645,782.430,783.600,29
SQ:XPTUSD,2020-04-30T19:06:00+02:00,783.625,784.590,783.200,784.250,26
SQ:XPTUSD,2020-04-30T19:07:00+02:00,784.400,785.130,782.705,783.300,23
SQ:XPTUSD,2020-04-30T19:08:00+02:00,783.300,784.340,783.020,783.020,21
SQ:XPTUSD,2020-04-30T19:09:00+02:00,782.940,783.700,782.890,783.630,18
SQ:XPTUSD,2020-04-30T19:10:00+02:00,783.580,784.425,783.580,783.620,18
SQ:XPTUSD,2020-04-30T19:11:00+02:00,783.620,783.725,783.210,783.210,17
SQ:XPTUSD,2020-04-30T19:12:00+02:00,783.415,783.570,782.720,782.720,26
SQ:XPTUSD,2020-04-30T19:13:00+02:00,783.065,784.530,783.065,784.530,27
SQ:XPTUSD,2020-04-30T19:14:00+02:00,784.530,787.780,784.530,787.110,51
SQ:XPTUSD,2020-04-30T19:15:00+02:00,787.130,787.205,786.205,786.495,26
SQ:XPTUSD,2020-04-30T19:16:00+02:00,786.175,786.750,786.175,786.655,13
SQ:XPTUSD,2020-04-30T19:17:00+02:00,787.005,787.110,786.510,786.510,12
SQ:XPTUSD,2020-04-30T19:18:00+02:00,786.365,786.365,784.125,784.150,15
SQ:XPTUSD,2020-04-30T19:19:00+02:00,784.240,785.155,784.240,784.270,14
SQ:XPTUSD,2020-04-30T19:20:00+02:00,784.170,784.270,783.840,783.840,12
SQ:XPTUSD,2020-04-30T19:21:00+02:00,784.020,784.020,782.680,782.705,16
SQ:XPTUSD,2020-04-30T19:22:00+02:00,783.085,783.085,781.550,781.550,23
SQ:XPTUSD,2020-04-30T19:23:00+02:00,781.625,782.355,781.515,781.565,22
SQ:XPTUSD,2020-04-30T19:24:00+02:00,781.585,781.675,781.430,781.655,18
SQ:XPTUSD,2020-04-30T19:25:00+02:00,781.645,781.645,780.945,780.945,15
SQ:XPTUSD,2020-04-30T19:26:00+02:00,780.995,781.790,780.995,781.170,16
SQ:XPTUSD,2020-04-30T19:27:00+02:00,780.945,781.300,780.495,781.300,25
SQ:XPTUSD,2020-04-30T19:28:00+02:00,781.305,781.305,780.770,780.770,12
SQ:XPTUSD,2020-04-30T19:29:00+02:00,780.780,781.500,780.780,781.400,18
SQ:XPTUSD,2020-04-30T19:30:00+02:00,781.400,781.835,781.350,781.835,19
SQ:XPTUSD,2020-04-30T19:31:00+02:00,781.655,781.655,781.200,781.520,8
SQ:XPTUSD,2020-04-30T19:32:00+02:00,781.345,781.755,781.345,781.720,8
SQ:XPTUSD,2020-04-30T19:33:00+02:00,781.390,781.395,781.205,781.205,10
SQ:XPTUSD,2020-04-30T19:34:00+02:00,781.035,781.070,779.025,779.330,24
SQ:XPTUSD,2020-04-30T19:35:00+02:00,779.725,780.100,778.640,778.640,11
SQ:XPTUSD,2020-04-30T19:36:00+02:00,778.670,779.030,777.880,778.780,28
SQ:XPTUSD,2020-04-30T19:37:00+02:00,778.805,780.070,778.805,779.690,17
SQ:XPTUSD,2020-04-30T19:38:00+02:00,779.655,780.760,779.655,780.760,16
SQ:XPTUSD,2020-04-30T19:39:00+02:00,780.715,781.245,779.895,780.850,22
SQ:XPTUSD,2020-04-30T19:40:00+02:00,780.650,780.960,780.330,780.330,15
SQ:XPTUSD,2020-04-30T19:41:00+02:00,780.250,780.810,780.215,780.810,19
SQ:XPTUSD,2020-04-30T19:42:00+02:00,780.795,781.385,780.195,780.195,14
SQ:XPTUSD,2020-04-30T19:43:00+02:00,780.165,781.130,780.165,781.125,26
SQ:XPTUSD,2020-04-30T19:44:00+02:00,781.155,782.505,781.155,781.455,18
SQ:XPTUSD,2020-04-30T19:45:00+02:00,781.530,781.800,781.450,781.450,7
SQ:XPTUSD,2020-04-30T19:46:00+02:00,781.180,781.180,780.880,780.880,7
SQ:XPTUSD,2020-04-30T19:47:00+02:00,780.870,780.880,780.860,780.880,3
SQ:XPTUSD,2020-04-30T19:48:00+02:00,780.880,781.120,780.880,780.960,7
SQ:XPTUSD,2020-04-30T19:49:00+02:00,780.780,780.830,780.700,780.830,7
SQ:XPTUSD,2020-04-30T19:50:00+02:00,780.830,781.140,780.190,780.190,8
SQ:XPTUSD,2020-04-30T19:51:00+02:00,780.190,780.190,779.880,779.960,5
SQ:XPTUSD,2020-04-30T19:52:00+02:00,779.830,779.880,779.320,779.340,8
SQ:XPTUSD,2020-04-30T19:53:00+02:00,779.370,779.370,778.410,778.410,11
SQ:XPTUSD,2020-04-30T19:54:00+02:00,778.380,779.460,778.380,779.050,10
SQ:XPTUSD,2020-04-30T19:55:00+02:00,779.000,779.150,778.450,778.450,16
SQ:XPTUSD,2020-04-30T19:56:00+02:00,778.550,778.950,777.920,777.920,18
SQ:XPTUSD,2020-04-30T19:57:00+02:00,777.920,778.420,777.920,778.290,6
SQ:XPTUSD,2020-04-30T19:58:00+02:00,778.310,779.200,778.120,778.900,9
SQ:XPTUSD,2020-04-30T19:59:00+02:00,778.880,778.930,778.420,778.500,19
SQ:XPTUSD,2020-04-30T20:00:00+02:00,778.400,778.850,778.400,778.590,11
SQ:XPTUSD,2020-04-30T20:01:00+02:00,778.590,778.590,777.200,777.910,14
SQ:XPTUSD,2020-04-30T20:02:00+02:00,778.180,778.800,778.010,778.800,20
SQ:XPTUSD,2020-04-30T20:03:00+02:00,778.800,779.170,778.420,778.680,22
SQ:XPTUSD,2020-04-30T20:04:00+02:00,778.680,778.970,778.470,778.870,8
SQ:XPTUSD,2020-04-30T20:05:00+02:00,778.840,778.840,778.350,778.470,7
SQ:XPTUSD,2020-04-30T20:06:00+02:00,778.470,778.790,778.380,778.430,8
SQ:XPTUSD,2020-04-30T20:07:00+02:00,778.500,778.780,778.310,778.380,13
SQ:XPTUSD,2020-04-30T20:08:00+02:00,778.370,779.110,778.320,779.100,11
SQ:XPTUSD,2020-04-30T20:09:00+02:00,779.110,779.440,779.110,779.440,6
SQ:XPTUSD,2020-04-30T20:10:00+02:00,779.470,779.480,779.140,779.200,9
SQ:XPTUSD,2020-04-30T20:11:00+02:00,779.200,779.200,779.170,779.180,5
SQ:XPTUSD,2020-04-30T20:12:00+02:00,779.180,779.180,779.150,779.150,4
SQ:XPTUSD,2020-04-30T20:13:00+02:00,779.150,779.410,779.150,779.350,9
SQ:XPTUSD,2020-04-30T20:14:00+02:00,779.360,779.980,779.360,779.980,5
SQ:XPTUSD,2020-04-30T20:15:00+02:00,779.960,780.520,779.830,780.520,10
SQ:XPTUSD,2020-04-30T20:16:00+02:00,780.590,780.750,780.590,780.730,6
SQ:XPTUSD,2020-04-30T20:17:00+02:00,780.730,780.730,780.060,780.240,11
SQ:XPTUSD,2020-04-30T20:18:00+02:00,780.240,780.240,778.340,778.340,25
SQ:XPTUSD,2020-04-30T20:19:00+02:00,778.230,778.400,777.410,777.710,28
SQ:XPTUSD,2020-04-30T20:20:00+02:00,777.900,778.100,777.775,777.840,16
SQ:XPTUSD,2020-04-30T20:21:00+02:00,777.835,777.935,777.270,777.935,19
SQ:XPTUSD,2020-04-30T20:22:00+02:00,778.090,778.220,777.395,777.485,15
SQ:XPTUSD,2020-04-30T20:23:00+02:00,777.495,777.660,777.495,777.585,5
SQ:XPTUSD,2020-04-30T20:24:00+02:00,777.595,777.630,777.075,777.075,8
SQ:XPTUSD,2020-04-30T20:25:00+02:00,777.050,777.130,776.765,776.765,12
SQ:XPTUSD,2020-04-30T20:26:00+02:00,776.740,776.995,776.535,776.995,15
SQ:XPTUSD,2020-04-30T20:27:00+02:00,777.015,777.240,776.910,777.230,12
SQ:XPTUSD,2020-04-30T20:28:00+02:00,777.230,778.970,777.230,778.970,17
SQ:XPTUSD,2020-04-30T20:29:00+02:00,778.970,779.060,778.910,779.060,15
SQ:XPTUSD,2020-04-30T20:30:00+02:00,779.005,779.005,777.315,777.650,33
SQ:XPTUSD,2020-04-30T20:31:00+02:00,777.560,778.010,775.960,776.320,20
SQ:XPTUSD,2020-04-30T20:32:00+02:00,776.315,776.920,776.280,776.890,25
SQ:XPTUSD,2020-04-30T20:33:00+02:00,776.885,776.885,776.295,776.295,21
SQ:XPTUSD,2020-04-30T20:34:00+02:00,776.290,776.970,776.290,776.970,10
SQ:XPTUSD,2020-04-30T20:35:00+02:00,776.915,776.955,775.930,776.035,20
SQ:XPTUSD,2020-04-30T20:36:00+02:00,776.095,776.625,776.095,776.625,11
SQ:XPTUSD,2020-04-30T20:37:00+02:00,776.615,776.615,776.355,776.355,8
SQ:XPTUSD,2020-04-30T20:38:00+02:00,776.330,776.335,775.945,775.945,12
SQ:XPTUSD,2020-04-30T20:39:00+02:00,776.185,776.765,776.060,776.760,15
SQ:XPTUSD,2020-04-30T20:40:00+02:00,776.730,776.825,776.680,776.680,12
SQ:XPTUSD,2020-04-30T20:41:00+02:00,776.705,777.050,776.670,777.045,7
SQ:XPTUSD,2020-04-30T20:42:00+02:00,776.990,777.290,776.690,777.065,17
SQ:XPTUSD,2020-04-30T20:43:00+02:00,776.990,777.780,776.850,777.725,15
SQ:XPTUSD,2020-04-30T20:44:00+02:00,777.625,777.795,776.595,776.595,16
SQ:XPTUSD,2020-04-30T20:45:00+02:00,776.595,776.595,776.270,776.395,16
SQ:XPTUSD,2020-04-30T20:46:00+02:00,776.280,776.485,776.135,776.300,16
SQ:XPTUSD,2020-04-30T20:47:00+02:00,776.300,776.470,776.195,776.295,8
SQ:XPTUSD,2020-04-30T20:48:00+02:00,776.245,776.295,775.900,775.900,6
SQ:XPTUSD,2020-04-30T20:49:00+02:00,775.965,775.975,775.625,775.950,12
SQ:XPTUSD,2020-04-30T20:50:00+02:00,775.920,776.280,775.895,776.280,12
SQ:XPTUSD,2020-04-30T20:51:00+02:00,776.235,776.330,776.005,776.240,33
SQ:XPTUSD,2020-04-30T20:52:00+02:00,776.190,776.235,775.910,776.010,24
SQ:XPTUSD,2020-04-30T20:53:00+02:00,775.960,776.010,775.630,775.775,33
SQ:XPTUSD,2020-04-30T20:54:00+02:00,775.675,775.890,775.295,775.890,19
SQ:XPTUSD,2020-04-30T20:55:00+02:00,775.770,775.950,775.160,775.160,11
SQ:XPTUSD,2020-04-30T20:56:00+02:00,775.060,775.710,775.060,775.710,12
SQ:XPTUSD,2020-04-30T20:57:00+02:00,775.705,775.940,775.705,775.855,11
SQ:XPTUSD,2020-04-30T20:58:00+02:00,775.635,775.965,775.435,775.860,13
SQ:XPTUSD,2020-04-30T20:59:00+02:00,775.840,775.840,775.375,775.480,12
SQ:XPTUSD,2020-04-30T21:00:00+02:00,775.480,775.700,775.320,775.320,25
SQ:XPTUSD,2020-04-30T21:01:00+02:00,775.310,775.370,774.440,775.280,33
SQ:XPTUSD,2020-04-30T21:02:00+02:00,775.285,775.505,775.285,775.505,7
SQ:XPTUSD,2020-04-30T21:03:00+02:00,775.525,775.815,775.525,775.815,7
SQ:XPTUSD,2020-04-30T21:04:00+02:00,775.815,775.845,775.815,775.845,6
SQ:XPTUSD,2020-04-30T21:05:00+02:00,775.875,776.260,775.875,776.185,9
SQ:XPTUSD,2020-04-30T21:06:00+02:00,776.280,777.055,776.180,777.055,14
SQ:XPTUSD,2020-04-30T21:07:00+02:00,777.045,777.325,777.045,777.325,16
SQ:XPTUSD,2020-04-30T21:08:00+02:00,777.330,777.380,777.330,777.345,5
SQ:XPTUSD,2020-04-30T21:09:00+02:00,777.365,777.585,777.195,777.195,12
SQ:XPTUSD,2020-04-30T21:10:00+02:00,777.220,777.395,776.940,776.940,12
SQ:XPTUSD,2020-04-30T21:11:00+02:00,776.890,777.075,776.800,777.075,13
SQ:XPTUSD,2020-04-30T21:12:00+02:00,777.025,777.025,776.980,776.980,5
SQ:XPTUSD,2020-04-30T21:13:00+02:00,776.970,777.340,776.970,777.285,12
SQ:XPTUSD,2020-04-30T21:14:00+02:00,777.285,777.285,777.280,777.280,2
SQ:XPTUSD,2020-04-30T21:15:00+02:00,777.280,777.725,777.255,777.400,16
SQ:XPTUSD,2020-04-30T21:16:00+02:00,777.400,777.450,777.400,777.440,3
SQ:XPTUSD,2020-04-30T21:17:00+02:00,777.435,777.680,777.385,777.680,7
SQ:XPTUSD,2020-04-30T21:18:00+02:00,777.680,778.535,777.680,778.435,13
SQ:XPTUSD,2020-04-30T21:19:00+02:00,778.435,778.605,778.355,778.355,8
SQ:XPTUSD,2020-04-30T21:20:00+02:00,778.345,778.345,778.235,778.325,4
SQ:XPTUSD,2020-04-30T21:21:00+02:00,778.315,778.690,778.315,778.690,6
SQ:XPTUSD,2020-04-30T21:22:00+02:00,778.650,778.895,778.595,778.895,9
SQ:XPTUSD,2020-04-30T21:23:00+02:00,778.895,778.965,778.895,778.965,3
SQ:XPTUSD,2020-04-30T21:24:00+02:00,778.970,779.025,778.595,778.595,9
SQ:XPTUSD,2020-04-30T21:25:00+02:00,778.590,778.705,778.585,778.690,9
SQ:XPTUSD,2020-04-30T21:26:00+02:00,778.700,778.705,778.695,778.700,4
SQ:XPTUSD,2020-04-30T21:27:00+02:00,778.680,778.680,778.360,778.360,15
SQ:XPTUSD,2020-04-30T21:28:00+02:00,778.360,778.360,778.310,778.310,10
SQ:XPTUSD,2020-04-30T21:29:00+02:00,778.310,778.330,778.180,778.180,10
SQ:XPTUSD,2020-04-30T21:30:00+02:00,778.170,778.290,778.170,778.285,5
SQ:XPTUSD,2020-04-30T21:31:00+02:00,778.290,778.290,777.665,777.665,17
SQ:XPTUSD,2020-04-30T21:32:00+02:00,777.710,777.855,777.625,777.720,11
SQ:XPTUSD,2020-04-30T21:33:00+02:00,777.735,777.740,777.735,777.740,2
SQ:XPTUSD,2020-04-30T21:34:00+02:00,777.740,777.765,777.720,777.735,5
SQ:XPTUSD,2020-04-30T21:35:00+02:00,777.740,777.755,777.740,777.755,3
SQ:XPTUSD,2020-04-30T21:36:00+02:00,777.760,778.105,777.760,778.105,12
SQ:XPTUSD,2020-04-30T21:37:00+02:00,778.110,778.120,777.760,777.760,9
SQ:XPTUSD,2020-04-30T21:38:00+02:00,777.765,777.765,777.190,777.260,20
SQ:XPTUSD,2020-04-30T21:39:00+02:00,777.390,777.710,777.390,777.710,10
SQ:XPTUSD,2020-04-30T21:40:00+02:00,777.710,777.725,777.530,777.540,8
SQ:XPTUSD,2020-04-30T21:41:00+02:00,777.540,777.710,777.215,777.215,16
SQ:XPTUSD,2020-04-30T21:42:00+02:00,777.260,777.260,776.560,776.670,14
SQ:XPTUSD,2020-04-30T21:43:00+02:00,776.770,777.220,776.770,777.175,11
SQ:XPTUSD,2020-04-30T21:44:00+02:00,777.225,777.365,777.185,777.190,12
SQ:XPTUSD,2020-04-30T21:45:00+02:00,777.180,777.180,776.595,776.595,11
SQ:XPTUSD,2020-04-30T21:46:00+02:00,776.570,776.620,776.535,776.535,10
SQ:XPTUSD,2020-04-30T21:47:00+02:00,776.525,776.560,776.190,776.190,11
SQ:XPTUSD,2020-04-30T21:48:00+02:00,776.180,776.460,776.165,776.430,10
SQ:XPTUSD,2020-04-30T21:49:00+02:00,776.425,776.425,776.140,776.140,8
SQ:XPTUSD,2020-04-30T21:50:00+02:00,775.780,776.575,775.780,776.575,16
SQ:XPTUSD,2020-04-30T21:51:00+02:00,776.545,776.570,776.335,776.340,5
SQ:XPTUSD,2020-04-30T21:52:00+02:00,776.350,776.365,776.245,776.310,13
SQ:XPTUSD,2020-04-30T21:53:00+02:00,776.310,776.430,776.295,776.430,5
SQ:XPTUSD,2020-04-30T21:54:00+02:00,776.425,777.205,776.420,777.205,6
SQ:XPTUSD,2020-04-30T21:55:00+02:00,777.205,777.245,777.165,777.175,10
SQ:XPTUSD,2020-04-30T21:56:00+02:00,777.205,777.205,776.640,776.660,5
SQ:XPTUSD,2020-04-30T21:57:00+02:00,776.680,777.350,776.680,777.345,9
SQ:XPTUSD,2020-04-30T21:58:00+02:00,777.165,777.185,777.160,777.185,3
SQ:XPTUSD,2020-04-30T21:59:00+02:00,777.185,777.330,776.115,776.140,18
SQ:XPTUSD,2020-04-30T22:00:00+02:00,776.115,776.160,775.910,776.010,19
SQ:XPTUSD,2020-04-30T22:01:00+02:00,776.110,776.160,775.890,775.890,8
SQ:XPTUSD,2020-04-30T22:02:00+02:00,775.890,775.900,775.630,775.900,5
SQ:XPTUSD,2020-04-30T22:03:00+02:00,775.900,775.900,775.880,775.880,2
SQ:XPTUSD,2020-04-30T22:04:00+02:00,775.870,775.870,775.000,775.560,9
SQ:XPTUSD,2020-04-30T22:05:00+02:00,775.560,775.560,775.330,775.330,11
SQ:XPTUSD,2020-04-30T22:06:00+02:00,775.330,775.330,775.210,775.210,8
SQ:XPTUSD,2020-04-30T22:07:00+02:00,775.180,775.220,775.170,775.170,7
SQ:XPTUSD,2020-04-30T22:08:00+02:00,775.170,775.170,774.780,774.870,7
SQ:XPTUSD,2020-04-30T22:09:00+02:00,774.880,774.910,774.880,774.910,4
SQ:XPTUSD,2020-04-30T22:10:00+02:00,774.910,774.910,774.680,774.760,8
SQ:XPTUSD,2020-04-30T22:11:00+02:00,774.740,774.740,774.700,774.700,3
SQ:XPTUSD,2020-04-30T22:12:00+02:00,774.720,774.750,774.720,774.740,3
SQ:XPTUSD,2020-04-30T22:13:00+02:00,774.740,775.030,774.730,775.030,4
SQ:XPTUSD,2020-04-30T22:14:00+02:00,775.050,775.340,775.050,775.340,7
SQ:XPTUSD,2020-04-30T22:15:00+02:00,775.340,775.400,775.340,775.380,8
SQ:XPTUSD,2020-04-30T22:16:00+02:00,775.400,775.400,775.360,775.370,4
SQ:XPTUSD,2020-04-30T22:17:00+02:00,775.380,775.380,775.270,775.270,3
SQ:XPTUSD,2020-04-30T22:18:00+02:00,775.300,775.490,775.300,775.490,6
SQ:XPTUSD,2020-04-30T22:19:00+02:00,775.495,775.625,775.480,775.515,7
SQ:XPTUSD,2020-04-30T22:20:00+02:00,775.515,775.515,775.145,775.210,8
SQ:XPTUSD,2020-04-30T22:21:00+02:00,775.205,775.220,775.160,775.160,4
SQ:XPTUSD,2020-04-30T22:22:00+02:00,775.155,775.400,775.155,775.350,4
SQ:XPTUSD,2020-04-30T22:23:00+02:00,775.150,775.150,775.115,775.115,2
SQ:XPTUSD,2020-04-30T22:24:00+02:00,775.165,775.290,775.120,775.120,6
SQ:XPTUSD,2020-04-30T22:25:00+02:00,775.125,775.125,775.125,775.125,1
SQ:XPTUSD,2020-04-30T22:26:00+02:00,775.105,775.105,775.105,775.105,1
SQ:XPTUSD,2020-04-30T22:27:00+02:00,775.135,775.205,775.125,775.180,6
SQ:XPTUSD,2020-04-30T22:28:00+02:00,775.155,775.155,775.080,775.155,4
SQ:XPTUSD,2020-04-30T22:29:00+02:00,775.105,775.105,775.105,775.105,1
SQ:XPTUSD,2020-04-30T22:30:00+02:00,775.105,775.105,775.105,775.105,1
SQ:XPTUSD,2020-04-30T22:31:00+02:00,775.100,775.100,775.100,775.100,1
SQ:XPTUSD,2020-04-30T22:32:00+02:00,775.100,775.100,775.100,775.100,1
SQ:XPTUSD,2020-04-30T22:33:00+02:00,775.060,775.080,775.060,775.080,2
SQ:XPTUSD,2020-04-30T22:34:00+02:00,775.060,775.060,774.855,774.865,7
SQ:XPTUSD,2020-04-30T22:35:00+02:00,774.875,774.905,774.130,774.130,8
SQ:XPTUSD,2020-04-30T22:36:00+02:00,774.140,774.795,774.140,774.785,11
SQ:XPTUSD,2020-04-30T22:37:00+02:00,774.785,774.785,774.110,774.110,14
SQ:XPTUSD,2020-04-30T22:38:00+02:00,774.110,774.200,774.110,774.150,11
SQ:XPTUSD,2020-04-30T22:39:00+02:00,774.155,774.280,774.150,774.185,8
SQ:XPTUSD,2020-04-30T22:40:00+02:00,774.190,774.190,774.185,774.190,5
SQ:XPTUSD,2020-04-30T22:41:00+02:00,774.185,774.185,774.030,774.080,5
SQ:XPTUSD,2020-04-30T22:42:00+02:00,774.025,774.025,773.430,773.430,21
SQ:XPTUSD,2020-04-30T22:43:00+02:00,773.420,773.555,773.250,773.555,19
SQ:XPTUSD,2020-04-30T22:44:00+02:00,773.555,773.595,773.195,773.270,19
SQ:XPTUSD,2020-04-30T22:45:00+02:00,773.240,773.330,773.165,773.250,21
SQ:XPTUSD,2020-04-30T22:46:00+02:00,773.235,773.245,772.905,772.905,18
SQ:XPTUSD,2020-04-30T22:47:00+02:00,773.055,773.055,772.965,772.965,11
SQ:XPTUSD,2020-04-30T22:48:00+02:00,772.885,772.885,772.380,772.445,20
SQ:XPTUSD,2020-04-30T22:49:00+02:00,772.445,772.445,771.130,771.130,24
SQ:XPTUSD,2020-04-30T22:50:00+02:00,771.130,771.880,771.095,771.765,27
SQ:XPTUSD,2020-04-30T22:51:00+02:00,771.825,772.495,771.825,772.435,13
SQ:XPTUSD,2020-04-30T22:52:00+02:00,772.435,772.560,772.435,772.535,9
SQ:XPTUSD,2020-04-30T22:53:00+02:00,772.535,773.120,772.535,772.980,13
SQ:XPTUSD,2020-04-30T22:54:00+02:00,773.015,773.325,772.660,772.660,12
