SQ:US500,2020-07-20T00:00:00+02:00,3226.82,3226.82,3226.82,3226.82,1
SQ:US500,2020-07-20T00:01:00+02:00,3226.82,3226.82,3225.07,3226.07,60
SQ:US500,2020-07-20T00:02:00+02:00,3226.07,3226.07,3224.07,3224.32,37
SQ:US500,2020-07-20T00:03:00+02:00,3224.32,3224.82,3222.82,3224.07,44
SQ:US500,2020-07-20T00:04:00+02:00,3224.07,3224.07,3221.32,3222.57,49
SQ:US500,2020-07-20T00:05:00+02:00,3222.82,3222.82,3221.82,3222.57,38
SQ:US500,2020-07-20T00:06:00+02:00,3222.57,3222.82,3220.57,3220.82,32
SQ:US500,2020-07-20T00:07:00+02:00,3220.82,3221.82,3220.32,3220.57,37
SQ:US500,2020-07-20T00:08:00+02:00,3220.57,3221.57,3220.57,3221.07,16
SQ:US500,2020-07-20T00:09:00+02:00,3221.07,3222.57,3221.07,3222.32,28
SQ:US500,2020-07-20T00:10:00+02:00,3222.32,3222.82,3221.57,3222.82,10
SQ:US500,2020-07-20T00:11:00+02:00,3223.07,3224.07,3222.82,3224.07,33
SQ:US500,2020-07-20T00:12:00+02:00,3224.07,3225.07,3224.07,3224.82,26
SQ:US500,2020-07-20T00:13:00+02:00,3224.82,3224.82,3224.32,3224.32,11
SQ:US500,2020-07-20T00:14:00+02:00,3224.32,3224.32,3223.07,3223.32,11
SQ:US500,2020-07-20T00:15:00+02:00,3223.57,3223.57,3223.07,3223.32,12
SQ:US500,2020-07-20T00:16:00+02:00,3223.32,3224.32,3223.32,3224.32,11
SQ:US500,2020-07-20T00:17:00+02:00,3224.07,3224.82,3224.07,3224.57,13
SQ:US500,2020-07-20T00:18:00+02:00,3224.57,3225.32,3224.57,3225.07,9
SQ:US500,2020-07-20T00:19:00+02:00,3225.32,3225.82,3224.82,3225.57,22
SQ:US500,2020-07-20T00:20:00+02:00,3225.57,3226.07,3225.32,3225.57,10
SQ:US500,2020-07-20T00:21:00+02:00,3225.57,3226.07,3225.57,3226.07,7
SQ:US500,2020-07-20T00:22:00+02:00,3226.07,3226.32,3225.82,3226.07,11
SQ:US500,2020-07-20T00:23:00+02:00,3226.07,3226.07,3225.82,3225.82,8
SQ:US500,2020-07-20T00:24:00+02:00,3225.32,3225.82,3225.07,3225.82,15
SQ:US500,2020-07-20T00:25:00+02:00,3225.82,3226.32,3225.32,3225.32,8
SQ:US500,2020-07-20T00:26:00+02:00,3225.07,3227.07,3225.07,3227.07,13
SQ:US500,2020-07-20T00:27:00+02:00,3227.07,3227.32,3226.57,3226.57,13
SQ:US500,2020-07-20T00:28:00+02:00,3226.57,3226.82,3226.57,3226.57,3
SQ:US500,2020-07-20T00:29:00+02:00,3226.57,3227.82,3226.57,3227.32,14
SQ:US500,2020-07-20T00:30:00+02:00,3227.32,3227.57,3226.57,3226.82,11
SQ:US500,2020-07-20T00:31:00+02:00,3226.82,3227.07,3226.57,3226.82,7
SQ:US500,2020-07-20T00:32:00+02:00,3226.57,3227.07,3226.57,3226.82,8
SQ:US500,2020-07-20T00:33:00+02:00,3227.07,3227.07,3226.57,3226.57,11
SQ:US500,2020-07-20T00:34:00+02:00,3226.57,3226.57,3226.07,3226.32,8
SQ:US500,2020-07-20T00:35:00+02:00,3226.32,3226.57,3226.07,3226.57,10
SQ:US500,2020-07-20T00:36:00+02:00,3226.57,3226.57,3226.07,3226.32,4
SQ:US500,2020-07-20T00:37:00+02:00,3226.57,3226.57,3226.07,3226.07,9
SQ:US500,2020-07-20T00:38:00+02:00,3226.07,3226.07,3225.32,3225.82,22
SQ:US500,2020-07-20T00:39:00+02:00,3225.82,3226.07,3225.82,3225.82,5
SQ:US500,2020-07-20T00:40:00+02:00,3225.82,3226.57,3225.82,3226.57,6
SQ:US500,2020-07-20T00:41:00+02:00,3226.57,3226.57,3226.32,3226.32,6
SQ:US500,2020-07-20T00:42:00+02:00,3226.57,3226.82,3226.57,3226.82,2
SQ:US500,2020-07-20T00:43:00+02:00,3226.57,3226.57,3226.07,3226.07,3
SQ:US500,2020-07-20T00:44:00+02:00,3226.07,3226.07,3225.32,3225.57,7
SQ:US500,2020-07-20T00:45:00+02:00,3225.57,3226.32,3225.57,3226.32,12
SQ:US500,2020-07-20T00:46:00+02:00,3226.32,3226.57,3225.32,3225.82,13
SQ:US500,2020-07-20T00:47:00+02:00,3225.82,3226.32,3225.82,3226.32,3
SQ:US500,2020-07-20T00:48:00+02:00,3226.32,3226.32,3226.07,3226.07,2
SQ:US500,2020-07-20T00:49:00+02:00,3226.07,3226.32,3225.57,3225.57,7
SQ:US500,2020-07-20T00:50:00+02:00,3225.82,3225.82,3225.57,3225.82,7
SQ:US500,2020-07-20T00:51:00+02:00,3225.82,3226.07,3225.82,3226.07,2
SQ:US500,2020-07-20T00:52:00+02:00,3226.07,3226.32,3226.07,3226.32,4
SQ:US500,2020-07-20T00:53:00+02:00,3226.32,3226.32,3225.82,3226.07,4
SQ:US500,2020-07-20T00:54:00+02:00,3226.07,3226.07,3226.07,3226.07,1
SQ:US500,2020-07-20T00:55:00+02:00,3226.07,3226.32,3226.07,3226.32,2
SQ:US500,2020-07-20T00:56:00+02:00,3226.32,3226.32,3226.07,3226.32,5
SQ:US500,2020-07-20T00:57:00+02:00,3226.82,3226.82,3226.07,3226.07,4
SQ:US500,2020-07-20T00:58:00+02:00,3225.82,3225.82,3225.57,3225.57,2
SQ:US500,2020-07-20T00:59:00+02:00,3225.57,3225.57,3225.32,3225.57,5
SQ:US500,2020-07-20T01:00:00+02:00,3225.57,3226.07,3225.57,3225.57,9
SQ:US500,2020-07-20T01:01:00+02:00,3225.57,3225.57,3225.32,3225.57,3
SQ:US500,2020-07-20T01:02:00+02:00,3225.57,3225.82,3225.07,3225.82,6
SQ:US500,2020-07-20T01:03:00+02:00,3225.82,3226.07,3225.82,3225.82,3
SQ:US500,2020-07-20T01:04:00+02:00,3225.82,3225.82,3225.57,3225.57,4
SQ:US500,2020-07-20T01:05:00+02:00,3225.57,3225.82,3225.57,3225.57,5
SQ:US500,2020-07-20T01:06:00+02:00,3225.57,3225.57,3225.07,3225.07,5
SQ:US500,2020-07-20T01:07:00+02:00,3225.32,3225.57,3225.32,3225.32,5
SQ:US500,2020-07-20T01:08:00+02:00,3225.32,3225.82,3225.07,3225.07,6
SQ:US500,2020-07-20T01:09:00+02:00,3225.07,3225.32,3224.82,3225.07,11
SQ:US500,2020-07-20T01:10:00+02:00,3225.32,3225.57,3225.07,3225.32,7
SQ:US500,2020-07-20T01:11:00+02:00,3225.07,3225.57,3225.07,3225.57,3
SQ:US500,2020-07-20T01:12:00+02:00,3225.57,3225.57,3225.07,3225.07,5
SQ:US500,2020-07-20T01:13:00+02:00,3224.82,3225.07,3224.82,3225.07,6
SQ:US500,2020-07-20T01:14:00+02:00,3225.07,3225.32,3224.82,3225.07,7
SQ:US500,2020-07-20T01:15:00+02:00,3225.07,3225.07,3224.82,3225.07,3
SQ:US500,2020-07-20T01:16:00+02:00,3225.07,3225.32,3224.82,3225.32,4
SQ:US500,2020-07-20T01:17:00+02:00,3225.32,3226.32,3225.32,3226.07,11
SQ:US500,2020-07-20T01:18:00+02:00,3226.07,3226.57,3225.57,3226.32,14
SQ:US500,2020-07-20T01:19:00+02:00,3226.32,3226.82,3226.32,3226.57,8
SQ:US500,2020-07-20T01:20:00+02:00,3226.57,3226.57,3226.32,3226.57,3
SQ:US500,2020-07-20T01:21:00+02:00,3226.82,3226.82,3226.32,3226.32,3
SQ:US500,2020-07-20T01:22:00+02:00,3226.32,3226.32,3226.07,3226.32,3
SQ:US500,2020-07-20T01:23:00+02:00,3226.32,3226.32,3226.32,3226.32,1
SQ:US500,2020-07-20T01:24:00+02:00,3226.32,3226.57,3226.32,3226.32,7
SQ:US500,2020-07-20T01:25:00+02:00,3226.32,3226.57,3226.32,3226.32,3
SQ:US500,2020-07-20T01:26:00+02:00,3226.32,3226.32,3225.82,3226.07,4
SQ:US500,2020-07-20T01:27:00+02:00,3226.07,3226.32,3225.82,3226.07,5
SQ:US500,2020-07-20T01:28:00+02:00,3226.07,3226.07,3225.82,3226.07,5
SQ:US500,2020-07-20T01:29:00+02:00,3226.07,3226.57,3226.07,3226.32,4
SQ:US500,2020-07-20T01:30:00+02:00,3226.32,3226.57,3226.32,3226.57,2
SQ:US500,2020-07-20T01:31:00+02:00,3226.57,3226.82,3226.32,3226.32,6
SQ:US500,2020-07-20T01:32:00+02:00,3226.57,3226.82,3226.32,3226.32,6
SQ:US500,2020-07-20T01:33:00+02:00,3226.32,3226.57,3226.32,3226.32,3
SQ:US500,2020-07-20T01:34:00+02:00,3226.32,3226.57,3225.57,3226.07,8
SQ:US500,2020-07-20T01:35:00+02:00,3226.07,3227.57,3226.07,3227.32,16
SQ:US500,2020-07-20T01:36:00+02:00,3227.32,3227.32,3226.57,3226.57,8
SQ:US500,2020-07-20T01:37:00+02:00,3226.57,3226.82,3226.57,3226.82,6
SQ:US500,2020-07-20T01:38:00+02:00,3226.82,3227.07,3226.82,3226.82,5
SQ:US500,2020-07-20T01:39:00+02:00,3226.82,3227.07,3226.82,3227.07,6
SQ:US500,2020-07-20T01:40:00+02:00,3227.07,3227.32,3226.82,3227.07,5
SQ:US500,2020-07-20T01:41:00+02:00,3227.07,3227.82,3227.07,3227.82,4
SQ:US500,2020-07-20T01:42:00+02:00,3227.57,3228.32,3227.57,3228.32,11
SQ:US500,2020-07-20T01:43:00+02:00,3228.32,3228.82,3228.32,3228.57,10
SQ:US500,2020-07-20T01:44:00+02:00,3228.57,3229.07,3228.57,3228.82,24
SQ:US500,2020-07-20T01:45:00+02:00,3228.82,3229.07,3228.82,3228.82,5
SQ:US500,2020-07-20T01:46:00+02:00,3229.07,3230.07,3228.82,3229.82,17
SQ:US500,2020-07-20T01:47:00+02:00,3229.82,3229.82,3229.57,3229.57,14
SQ:US500,2020-07-20T01:48:00+02:00,3229.57,3229.57,3229.32,3229.57,3
SQ:US500,2020-07-20T01:49:00+02:00,3229.57,3229.57,3229.32,3229.57,7
SQ:US500,2020-07-20T01:50:00+02:00,3229.32,3229.57,3229.07,3229.57,4
SQ:US500,2020-07-20T01:51:00+02:00,3229.57,3229.57,3229.32,3229.32,4
SQ:US500,2020-07-20T01:52:00+02:00,3229.32,3229.32,3229.07,3229.07,6
SQ:US500,2020-07-20T01:53:00+02:00,3228.82,3229.32,3228.82,3229.32,5
SQ:US500,2020-07-20T01:54:00+02:00,3229.32,3229.82,3229.32,3229.82,5
SQ:US500,2020-07-20T01:55:00+02:00,3229.82,3230.07,3229.57,3229.82,9
SQ:US500,2020-07-20T01:56:00+02:00,3229.82,3229.82,3229.57,3229.57,6
SQ:US500,2020-07-20T01:57:00+02:00,3229.32,3229.57,3229.32,3229.57,6
SQ:US500,2020-07-20T01:58:00+02:00,3229.57,3229.82,3229.32,3229.32,6
SQ:US500,2020-07-20T01:59:00+02:00,3229.32,3229.32,3229.07,3229.07,4
SQ:US500,2020-07-20T02:00:00+02:00,3229.07,3229.57,3228.82,3229.32,12
SQ:US500,2020-07-20T02:01:00+02:00,3229.32,3229.32,3228.07,3228.07,9
SQ:US500,2020-07-20T02:02:00+02:00,3228.07,3228.82,3227.82,3228.82,8
SQ:US500,2020-07-20T02:03:00+02:00,3228.82,3228.82,3227.82,3227.82,14
SQ:US500,2020-07-20T02:04:00+02:00,3227.82,3228.07,3227.57,3227.57,16
SQ:US500,2020-07-20T02:05:00+02:00,3227.57,3228.32,3227.57,3228.32,8
SQ:US500,2020-07-20T02:06:00+02:00,3228.32,3228.32,3227.07,3227.07,15
SQ:US500,2020-07-20T02:07:00+02:00,3227.07,3227.07,3226.57,3226.57,17
SQ:US500,2020-07-20T02:08:00+02:00,3226.57,3226.82,3226.07,3226.82,12
SQ:US500,2020-07-20T02:09:00+02:00,3226.82,3227.32,3226.57,3227.32,11
SQ:US500,2020-07-20T02:10:00+02:00,3227.32,3228.07,3227.07,3228.07,10
SQ:US500,2020-07-20T02:11:00+02:00,3228.07,3228.32,3227.82,3227.82,14
SQ:US500,2020-07-20T02:12:00+02:00,3227.82,3227.82,3227.07,3227.57,14
SQ:US500,2020-07-20T02:13:00+02:00,3227.57,3227.82,3227.07,3227.32,10
SQ:US500,2020-07-20T02:14:00+02:00,3227.32,3228.07,3227.32,3227.82,10
SQ:US500,2020-07-20T02:15:00+02:00,3227.82,3228.07,3226.57,3226.82,17
SQ:US500,2020-07-20T02:16:00+02:00,3226.82,3227.32,3226.07,3227.07,16
SQ:US500,2020-07-20T02:17:00+02:00,3227.07,3227.07,3227.07,3227.07,1
SQ:US500,2020-07-20T02:18:00+02:00,3227.07,3227.07,3226.82,3226.82,6
SQ:US500,2020-07-20T02:19:00+02:00,3226.82,3227.07,3226.07,3226.07,10
SQ:US500,2020-07-20T02:20:00+02:00,3226.07,3226.82,3225.82,3226.32,11
SQ:US500,2020-07-20T02:21:00+02:00,3226.32,3226.32,3225.82,3226.07,8
SQ:US500,2020-07-20T02:22:00+02:00,3226.07,3226.32,3225.82,3226.07,9
SQ:US500,2020-07-20T02:23:00+02:00,3226.07,3226.32,3225.82,3225.82,4
SQ:US500,2020-07-20T02:24:00+02:00,3225.82,3225.82,3225.32,3225.32,3
SQ:US500,2020-07-20T02:25:00+02:00,3225.32,3226.07,3225.32,3226.07,9
SQ:US500,2020-07-20T02:26:00+02:00,3226.07,3226.07,3225.82,3225.82,4
SQ:US500,2020-07-20T02:27:00+02:00,3225.82,3225.82,3225.07,3225.07,4
SQ:US500,2020-07-20T02:28:00+02:00,3225.07,3225.32,3225.07,3225.07,9
SQ:US500,2020-07-20T02:29:00+02:00,3225.07,3225.07,3224.82,3225.07,7
SQ:US500,2020-07-20T02:30:00+02:00,3225.07,3225.82,3225.07,3225.57,11
SQ:US500,2020-07-20T02:31:00+02:00,3225.82,3226.57,3225.82,3226.32,5
SQ:US500,2020-07-20T02:32:00+02:00,3226.32,3226.32,3226.07,3226.32,5
SQ:US500,2020-07-20T02:33:00+02:00,3226.32,3227.57,3226.07,3227.32,18
SQ:US500,2020-07-20T02:34:00+02:00,3227.32,3227.57,3227.07,3227.32,11
SQ:US500,2020-07-20T02:35:00+02:00,3227.32,3227.32,3227.07,3227.32,3
SQ:US500,2020-07-20T02:36:00+02:00,3227.32,3227.57,3227.07,3227.07,4
SQ:US500,2020-07-20T02:37:00+02:00,3227.07,3227.07,3226.57,3226.82,11
SQ:US500,2020-07-20T02:38:00+02:00,3226.82,3226.82,3226.57,3226.82,7
SQ:US500,2020-07-20T02:39:00+02:00,3226.82,3227.32,3226.82,3227.32,9
SQ:US500,2020-07-20T02:40:00+02:00,3227.57,3228.07,3226.57,3226.57,9
SQ:US500,2020-07-20T02:41:00+02:00,3226.57,3226.57,3226.07,3226.07,9
SQ:US500,2020-07-20T02:42:00+02:00,3226.32,3226.32,3226.07,3226.07,6
SQ:US500,2020-07-20T02:43:00+02:00,3226.07,3226.07,3225.57,3225.57,3
SQ:US500,2020-07-20T02:44:00+02:00,3225.57,3225.82,3225.32,3225.57,11
SQ:US500,2020-07-20T02:45:00+02:00,3225.57,3226.32,3225.57,3226.07,13
SQ:US500,2020-07-20T02:46:00+02:00,3226.07,3226.07,3225.57,3225.57,3
SQ:US500,2020-07-20T02:47:00+02:00,3225.57,3225.57,3225.32,3225.32,4
SQ:US500,2020-07-20T02:48:00+02:00,3225.32,3225.57,3225.32,3225.32,3
SQ:US500,2020-07-20T02:49:00+02:00,3225.32,3225.57,3225.07,3225.07,10
SQ:US500,2020-07-20T02:50:00+02:00,3225.07,3225.32,3224.57,3224.57,10
SQ:US500,2020-07-20T02:51:00+02:00,3224.57,3224.82,3224.07,3224.57,13
SQ:US500,2020-07-20T02:52:00+02:00,3224.57,3224.82,3224.32,3224.57,7
SQ:US500,2020-07-20T02:53:00+02:00,3224.57,3224.82,3224.32,3224.57,13
SQ:US500,2020-07-20T02:54:00+02:00,3224.57,3224.82,3224.07,3224.57,6
SQ:US500,2020-07-20T02:55:00+02:00,3224.82,3224.82,3224.07,3224.32,11
SQ:US500,2020-07-20T02:56:00+02:00,3224.32,3224.57,3224.07,3224.07,8
SQ:US500,2020-07-20T02:57:00+02:00,3224.07,3224.32,3223.57,3224.07,13
SQ:US500,2020-07-20T02:58:00+02:00,3224.07,3224.32,3224.07,3224.32,4
SQ:US500,2020-07-20T02:59:00+02:00,3224.32,3224.82,3224.07,3224.57,14
SQ:US500,2020-07-20T03:00:00+02:00,3224.57,3224.57,3224.07,3224.57,17
SQ:US500,2020-07-20T03:01:00+02:00,3224.57,3224.82,3224.57,3224.82,6
SQ:US500,2020-07-20T03:02:00+02:00,3224.82,3225.32,3224.57,3224.57,14
SQ:US500,2020-07-20T03:03:00+02:00,3224.57,3225.07,3221.82,3222.07,16
SQ:US500,2020-07-20T03:04:00+02:00,3222.07,3222.07,3215.57,3216.82,139
SQ:US500,2020-07-20T03:05:00+02:00,3216.82,3216.82,3211.57,3215.07,126
SQ:US500,2020-07-20T03:06:00+02:00,3215.07,3216.07,3214.32,3215.57,51
SQ:US500,2020-07-20T03:07:00+02:00,3215.32,3216.32,3214.57,3214.57,36
SQ:US500,2020-07-20T03:08:00+02:00,3214.82,3216.07,3214.07,3215.57,30
SQ:US500,2020-07-20T03:09:00+02:00,3215.32,3215.82,3212.82,3213.82,32
SQ:US500,2020-07-20T03:10:00+02:00,3213.82,3214.32,3210.82,3211.57,54
SQ:US500,2020-07-20T03:11:00+02:00,3211.57,3212.57,3210.57,3212.57,59
SQ:US500,2020-07-20T03:12:00+02:00,3212.32,3212.57,3211.07,3211.57,41
SQ:US500,2020-07-20T03:13:00+02:00,3211.57,3211.82,3209.82,3211.82,46
SQ:US500,2020-07-20T03:14:00+02:00,3211.82,3212.32,3209.82,3211.07,44
SQ:US500,2020-07-20T03:15:00+02:00,3211.07,3211.82,3209.82,3211.82,64
SQ:US500,2020-07-20T03:16:00+02:00,3211.57,3212.32,3211.07,3212.32,34
SQ:US500,2020-07-20T03:17:00+02:00,3212.07,3212.07,3211.07,3211.32,11
SQ:US500,2020-07-20T03:18:00+02:00,3211.32,3211.57,3210.82,3211.07,25
SQ:US500,2020-07-20T03:19:00+02:00,3211.07,3211.07,3209.07,3210.32,29
SQ:US500,2020-07-20T03:20:00+02:00,3210.32,3211.07,3210.07,3211.07,25
SQ:US500,2020-07-20T03:21:00+02:00,3211.07,3211.82,3211.07,3211.32,24
SQ:US500,2020-07-20T03:22:00+02:00,3211.57,3212.82,3211.57,3212.57,25
SQ:US500,2020-07-20T03:23:00+02:00,3212.82,3213.57,3212.57,3213.07,26
SQ:US500,2020-07-20T03:24:00+02:00,3213.32,3213.82,3213.07,3213.57,26
SQ:US500,2020-07-20T03:25:00+02:00,3213.57,3213.57,3212.32,3212.82,18
SQ:US500,2020-07-20T03:26:00+02:00,3212.82,3213.07,3211.82,3211.82,12
SQ:US500,2020-07-20T03:27:00+02:00,3211.82,3211.82,3209.82,3210.07,24
SQ:US500,2020-07-20T03:28:00+02:00,3210.07,3211.32,3209.82,3211.32,24
SQ:US500,2020-07-20T03:29:00+02:00,3211.32,3212.82,3211.32,3212.82,17
SQ:US500,2020-07-20T03:30:00+02:00,3212.57,3213.07,3211.32,3211.82,38
SQ:US500,2020-07-20T03:31:00+02:00,3212.07,3214.32,3212.07,3213.57,39
SQ:US500,2020-07-20T03:32:00+02:00,3213.57,3213.57,3212.57,3213.07,43
SQ:US500,2020-07-20T03:33:00+02:00,3213.07,3213.07,3211.82,3212.32,38
SQ:US500,2020-07-20T03:34:00+02:00,3212.32,3213.32,3211.82,3212.32,31
SQ:US500,2020-07-20T03:35:00+02:00,3212.57,3212.82,3211.32,3211.32,32
SQ:US500,2020-07-20T03:36:00+02:00,3211.32,3211.57,3210.07,3210.57,47
SQ:US500,2020-07-20T03:37:00+02:00,3210.57,3211.32,3210.57,3210.82,32
SQ:US500,2020-07-20T03:38:00+02:00,3210.82,3211.07,3210.07,3210.07,26
SQ:US500,2020-07-20T03:39:00+02:00,3210.07,3211.07,3209.82,3211.07,22
SQ:US500,2020-07-20T03:40:00+02:00,3211.07,3211.32,3210.32,3210.32,20
SQ:US500,2020-07-20T03:41:00+02:00,3210.32,3210.57,3207.32,3208.07,39
SQ:US500,2020-07-20T03:42:00+02:00,3208.07,3209.32,3208.07,3208.57,35
SQ:US500,2020-07-20T03:43:00+02:00,3208.57,3209.07,3208.07,3208.82,26
SQ:US500,2020-07-20T03:44:00+02:00,3208.82,3211.07,3208.82,3211.07,31
SQ:US500,2020-07-20T03:45:00+02:00,3211.07,3211.07,3210.07,3211.07,33
SQ:US500,2020-07-20T03:46:00+02:00,3211.07,3211.07,3209.57,3209.57,27
SQ:US500,2020-07-20T03:47:00+02:00,3209.57,3210.57,3209.07,3210.32,31
SQ:US500,2020-07-20T03:48:00+02:00,3210.32,3210.32,3208.57,3209.32,29
SQ:US500,2020-07-20T03:49:00+02:00,3209.32,3209.82,3207.57,3207.57,32
SQ:US500,2020-07-20T03:50:00+02:00,3207.57,3207.57,3204.07,3205.32,66
SQ:US500,2020-07-20T03:51:00+02:00,3205.32,3205.57,3204.32,3204.82,44
SQ:US500,2020-07-20T03:52:00+02:00,3205.07,3206.82,3205.07,3206.32,44
SQ:US500,2020-07-20T03:53:00+02:00,3206.32,3207.07,3205.82,3206.82,29
SQ:US500,2020-07-20T03:54:00+02:00,3206.82,3208.57,3206.57,3208.57,31
SQ:US500,2020-07-20T03:55:00+02:00,3208.07,3208.07,3207.07,3207.57,23
SQ:US500,2020-07-20T03:56:00+02:00,3207.57,3208.32,3207.07,3208.07,29
SQ:US500,2020-07-20T03:57:00+02:00,3208.07,3208.82,3207.82,3208.82,18
SQ:US500,2020-07-20T03:58:00+02:00,3208.82,3209.32,3208.57,3209.32,19
SQ:US500,2020-07-20T03:59:00+02:00,3209.32,3209.32,3207.57,3207.57,31
SQ:US500,2020-07-20T04:00:00+02:00,3207.82,3209.32,3206.57,3208.57,48
SQ:US500,2020-07-20T04:01:00+02:00,3208.57,3208.82,3208.07,3208.57,25
SQ:US500,2020-07-20T04:02:00+02:00,3208.57,3209.82,3208.07,3209.82,22
SQ:US500,2020-07-20T04:03:00+02:00,3209.82,3210.07,3208.82,3209.57,30
SQ:US500,2020-07-20T04:04:00+02:00,3209.82,3209.82,3209.07,3209.32,17
SQ:US500,2020-07-20T04:05:00+02:00,3209.32,3209.57,3208.57,3209.32,32
SQ:US500,2020-07-20T04:06:00+02:00,3209.32,3210.32,3209.07,3210.07,22
SQ:US500,2020-07-20T04:07:00+02:00,3210.07,3210.32,3209.32,3210.07,25
SQ:US500,2020-07-20T04:08:00+02:00,3210.07,3210.32,3209.82,3209.82,18
SQ:US500,2020-07-20T04:09:00+02:00,3209.82,3209.82,3209.57,3209.57,14
SQ:US500,2020-07-20T04:10:00+02:00,3209.57,3210.07,3209.32,3209.82,22
SQ:US500,2020-07-20T04:11:00+02:00,3209.82,3210.07,3208.82,3209.57,17
SQ:US500,2020-07-20T04:12:00+02:00,3209.57,3209.82,3208.32,3208.57,13
SQ:US500,2020-07-20T04:13:00+02:00,3208.82,3209.32,3208.57,3208.82,29
SQ:US500,2020-07-20T04:14:00+02:00,3209.07,3210.07,3208.82,3209.57,18
SQ:US500,2020-07-20T04:15:00+02:00,3209.82,3211.07,3209.82,3210.57,24
SQ:US500,2020-07-20T04:16:00+02:00,3210.57,3211.57,3210.57,3211.32,18
SQ:US500,2020-07-20T04:17:00+02:00,3211.32,3212.07,3211.07,3211.32,19
SQ:US500,2020-07-20T04:18:00+02:00,3211.32,3211.57,3210.82,3210.82,19
SQ:US500,2020-07-20T04:19:00+02:00,3211.07,3211.07,3210.82,3211.07,7
SQ:US500,2020-07-20T04:20:00+02:00,3211.07,3211.57,3210.82,3211.57,21
SQ:US500,2020-07-20T04:21:00+02:00,3211.57,3212.07,3211.07,3211.32,18
SQ:US500,2020-07-20T04:22:00+02:00,3211.32,3211.32,3210.57,3211.07,20
SQ:US500,2020-07-20T04:23:00+02:00,3211.32,3211.32,3210.57,3210.82,15
SQ:US500,2020-07-20T04:24:00+02:00,3210.82,3211.07,3210.57,3210.57,6
SQ:US500,2020-07-20T04:25:00+02:00,3210.57,3210.82,3209.57,3210.07,13
SQ:US500,2020-07-20T04:26:00+02:00,3210.07,3210.57,3209.57,3210.07,23
SQ:US500,2020-07-20T04:27:00+02:00,3210.07,3210.32,3209.82,3210.32,12
SQ:US500,2020-07-20T04:28:00+02:00,3210.32,3210.57,3210.07,3210.07,10
SQ:US500,2020-07-20T04:29:00+02:00,3210.32,3210.32,3209.32,3209.57,18
SQ:US500,2020-07-20T04:30:00+02:00,3209.32,3209.32,3207.32,3208.82,34
SQ:US500,2020-07-20T04:31:00+02:00,3208.82,3208.82,3207.57,3207.82,25
SQ:US500,2020-07-20T04:32:00+02:00,3208.07,3208.82,3207.82,3208.82,16
SQ:US500,2020-07-20T04:33:00+02:00,3208.82,3208.82,3208.07,3208.57,18
SQ:US500,2020-07-20T04:34:00+02:00,3208.57,3208.82,3208.07,3208.82,12
SQ:US500,2020-07-20T04:35:00+02:00,3208.82,3209.82,3208.82,3209.82,9
SQ:US500,2020-07-20T04:36:00+02:00,3209.82,3210.07,3209.32,3210.07,22
SQ:US500,2020-07-20T04:37:00+02:00,3210.07,3210.07,3209.32,3209.32,14
SQ:US500,2020-07-20T04:38:00+02:00,3209.32,3210.82,3209.32,3210.07,18
SQ:US500,2020-07-20T04:39:00+02:00,3210.07,3210.57,3210.07,3210.57,27
SQ:US500,2020-07-20T04:40:00+02:00,3210.57,3211.07,3210.32,3210.32,22
SQ:US500,2020-07-20T04:41:00+02:00,3210.32,3210.57,3209.57,3209.57,24
SQ:US500,2020-07-20T04:42:00+02:00,3209.57,3210.57,3209.32,3210.57,35
SQ:US500,2020-07-20T04:43:00+02:00,3210.32,3210.57,3209.82,3210.32,11
SQ:US500,2020-07-20T04:44:00+02:00,3210.57,3210.57,3210.32,3210.57,13
SQ:US500,2020-07-20T04:45:00+02:00,3210.57,3211.07,3210.57,3210.82,8
SQ:US500,2020-07-20T04:46:00+02:00,3210.82,3211.07,3210.57,3210.82,11
SQ:US500,2020-07-20T04:47:00+02:00,3210.82,3211.07,3210.07,3210.07,14
SQ:US500,2020-07-20T04:48:00+02:00,3210.32,3210.32,3210.07,3210.07,10
SQ:US500,2020-07-20T04:49:00+02:00,3210.07,3210.57,3209.82,3210.07,7
SQ:US500,2020-07-20T04:50:00+02:00,3210.07,3211.32,3210.07,3211.07,15
SQ:US500,2020-07-20T04:51:00+02:00,3211.07,3211.32,3210.57,3210.57,15
SQ:US500,2020-07-20T04:52:00+02:00,3210.57,3211.07,3210.32,3210.82,12
SQ:US500,2020-07-20T04:53:00+02:00,3210.82,3211.07,3210.57,3211.07,10
SQ:US500,2020-07-20T04:54:00+02:00,3210.82,3211.07,3210.07,3210.32,11
SQ:US500,2020-07-20T04:55:00+02:00,3210.07,3210.57,3210.07,3210.57,19
SQ:US500,2020-07-20T04:56:00+02:00,3210.57,3210.57,3209.57,3209.82,8
SQ:US500,2020-07-20T04:57:00+02:00,3209.82,3210.07,3209.07,3209.07,5
SQ:US500,2020-07-20T04:58:00+02:00,3209.07,3209.57,3208.82,3209.07,11
SQ:US500,2020-07-20T04:59:00+02:00,3209.07,3209.32,3208.32,3209.07,17
SQ:US500,2020-07-20T05:00:00+02:00,3209.07,3209.57,3208.82,3209.07,21
SQ:US500,2020-07-20T05:01:00+02:00,3209.07,3209.32,3208.57,3208.57,15
SQ:US500,2020-07-20T05:02:00+02:00,3208.82,3209.07,3208.82,3208.82,17
SQ:US500,2020-07-20T05:03:00+02:00,3209.07,3209.07,3208.57,3208.57,9
SQ:US500,2020-07-20T05:04:00+02:00,3208.57,3208.82,3208.57,3208.82,4
SQ:US500,2020-07-20T05:05:00+02:00,3208.82,3209.07,3208.32,3209.07,12
SQ:US500,2020-07-20T05:06:00+02:00,3209.07,3209.82,3208.82,3209.82,8
SQ:US500,2020-07-20T05:07:00+02:00,3209.82,3211.07,3209.82,3210.32,19
SQ:US500,2020-07-20T05:08:00+02:00,3210.32,3210.32,3209.57,3209.82,35
SQ:US500,2020-07-20T05:09:00+02:00,3209.82,3209.82,3209.07,3209.57,24
SQ:US500,2020-07-20T05:10:00+02:00,3209.57,3209.57,3208.82,3209.07,7
SQ:US500,2020-07-20T05:11:00+02:00,3209.07,3209.32,3208.82,3209.07,11
SQ:US500,2020-07-20T05:12:00+02:00,3209.07,3210.07,3209.07,3210.07,9
SQ:US500,2020-07-20T05:13:00+02:00,3210.07,3210.32,3209.57,3209.82,14
SQ:US500,2020-07-20T05:14:00+02:00,3209.82,3210.57,3209.82,3210.32,11
SQ:US500,2020-07-20T05:15:00+02:00,3210.07,3211.32,3210.07,3211.07,21
SQ:US500,2020-07-20T05:16:00+02:00,3211.07,3211.32,3210.57,3210.82,8
SQ:US500,2020-07-20T05:17:00+02:00,3210.82,3211.07,3210.57,3210.82,11
SQ:US500,2020-07-20T05:18:00+02:00,3210.82,3211.07,3210.57,3211.07,22
SQ:US500,2020-07-20T05:19:00+02:00,3211.07,3211.07,3210.57,3210.57,9
SQ:US500,2020-07-20T05:20:00+02:00,3210.32,3210.32,3209.57,3209.57,10
SQ:US500,2020-07-20T05:21:00+02:00,3209.57,3210.32,3209.57,3210.32,20
SQ:US500,2020-07-20T05:22:00+02:00,3210.32,3210.32,3209.82,3210.32,5
SQ:US500,2020-07-20T05:23:00+02:00,3210.32,3210.82,3210.32,3210.32,7
SQ:US500,2020-07-20T05:24:00+02:00,3210.32,3210.57,3210.07,3210.57,12
SQ:US500,2020-07-20T05:25:00+02:00,3210.57,3211.07,3210.57,3211.07,5
SQ:US500,2020-07-20T05:26:00+02:00,3211.07,3211.07,3210.82,3211.07,11
SQ:US500,2020-07-20T05:27:00+02:00,3211.07,3211.57,3211.07,3211.57,5
SQ:US500,2020-07-20T05:28:00+02:00,3211.32,3211.32,3211.07,3211.32,3
SQ:US500,2020-07-20T05:29:00+02:00,3211.32,3211.82,3211.32,3211.82,3
SQ:US500,2020-07-20T05:30:00+02:00,3211.82,3211.82,3210.57,3211.07,10
SQ:US500,2020-07-20T05:31:00+02:00,3211.07,3211.32,3210.82,3211.07,17
SQ:US500,2020-07-20T05:32:00+02:00,3211.07,3211.57,3210.82,3211.57,12
SQ:US500,2020-07-20T05:33:00+02:00,3211.57,3211.57,3211.07,3211.32,12
SQ:US500,2020-07-20T05:34:00+02:00,3211.32,3211.32,3211.07,3211.07,14
SQ:US500,2020-07-20T05:35:00+02:00,3211.07,3211.32,3211.07,3211.07,9
SQ:US500,2020-07-20T05:36:00+02:00,3211.07,3212.32,3211.07,3212.07,29
SQ:US500,2020-07-20T05:37:00+02:00,3211.82,3212.32,3211.82,3212.07,12
SQ:US500,2020-07-20T05:38:00+02:00,3212.07,3212.07,3211.82,3212.07,3
SQ:US500,2020-07-20T05:39:00+02:00,3212.07,3212.32,3212.07,3212.32,14
SQ:US500,2020-07-20T05:40:00+02:00,3212.32,3212.32,3211.82,3212.07,6
SQ:US500,2020-07-20T05:41:00+02:00,3212.07,3212.32,3212.07,3212.32,4
SQ:US500,2020-07-20T05:42:00+02:00,3212.32,3213.07,3212.32,3213.07,10
SQ:US500,2020-07-20T05:43:00+02:00,3213.32,3214.32,3213.32,3214.32,19
SQ:US500,2020-07-20T05:44:00+02:00,3214.32,3214.57,3213.82,3214.32,17
SQ:US500,2020-07-20T05:45:00+02:00,3214.32,3214.57,3213.82,3214.07,12
SQ:US500,2020-07-20T05:46:00+02:00,3214.07,3214.32,3213.82,3213.82,6
SQ:US500,2020-07-20T05:47:00+02:00,3214.07,3214.07,3213.82,3214.07,5
SQ:US500,2020-07-20T05:48:00+02:00,3214.07,3214.32,3214.07,3214.32,8
SQ:US500,2020-07-20T05:49:00+02:00,3214.32,3214.57,3214.32,3214.32,11
SQ:US500,2020-07-20T05:50:00+02:00,3214.32,3214.82,3214.32,3214.82,5
SQ:US500,2020-07-20T05:51:00+02:00,3214.82,3214.82,3214.32,3214.57,12
SQ:US500,2020-07-20T05:52:00+02:00,3214.32,3214.32,3213.82,3214.07,12
SQ:US500,2020-07-20T05:53:00+02:00,3214.07,3214.07,3213.32,3213.57,5
SQ:US500,2020-07-20T05:54:00+02:00,3213.57,3213.57,3212.82,3213.32,7
SQ:US500,2020-07-20T05:55:00+02:00,3213.32,3213.57,3213.07,3213.57,8
SQ:US500,2020-07-20T05:56:00+02:00,3213.57,3214.07,3213.57,3213.82,10
SQ:US500,2020-07-20T05:57:00+02:00,3213.82,3214.07,3213.57,3213.57,12
SQ:US500,2020-07-20T05:58:00+02:00,3213.57,3213.57,3213.07,3213.07,11
SQ:US500,2020-07-20T05:59:00+02:00,3213.07,3213.32,3212.82,3212.82,8
SQ:US500,2020-07-20T06:00:00+02:00,3212.82,3213.07,3212.57,3212.57,10
SQ:US500,2020-07-20T06:01:00+02:00,3212.57,3212.57,3211.57,3212.07,8
SQ:US500,2020-07-20T06:02:00+02:00,3212.32,3212.32,3212.07,3212.07,4
SQ:US500,2020-07-20T06:03:00+02:00,3212.07,3212.32,3212.07,3212.32,4
SQ:US500,2020-07-20T06:04:00+02:00,3212.32,3212.82,3212.32,3212.57,6
SQ:US500,2020-07-20T06:05:00+02:00,3212.57,3213.07,3212.57,3212.82,8
SQ:US500,2020-07-20T06:06:00+02:00,3212.82,3213.57,3212.82,3213.57,6
SQ:US500,2020-07-20T06:07:00+02:00,3213.57,3213.57,3213.32,3213.57,3
SQ:US500,2020-07-20T06:08:00+02:00,3213.32,3213.32,3213.07,3213.07,8
SQ:US500,2020-07-20T06:09:00+02:00,3213.07,3213.07,3212.82,3213.07,5
SQ:US500,2020-07-20T06:10:00+02:00,3213.07,3213.07,3212.82,3213.07,3
SQ:US500,2020-07-20T06:11:00+02:00,3213.07,3213.07,3212.82,3212.82,2
SQ:US500,2020-07-20T06:12:00+02:00,3212.57,3212.57,3212.07,3212.32,6
SQ:US500,2020-07-20T06:13:00+02:00,3212.32,3212.32,3212.07,3212.07,2
SQ:US500,2020-07-20T06:14:00+02:00,3211.82,3211.82,3211.57,3211.57,2
SQ:US500,2020-07-20T06:15:00+02:00,3211.57,3211.82,3211.32,3211.57,9
SQ:US500,2020-07-20T06:16:00+02:00,3211.57,3211.82,3211.57,3211.57,5
SQ:US500,2020-07-20T06:17:00+02:00,3211.57,3213.07,3211.57,3212.82,25
SQ:US500,2020-07-20T06:18:00+02:00,3212.82,3212.82,3211.82,3212.07,20
SQ:US500,2020-07-20T06:19:00+02:00,3212.07,3212.32,3212.07,3212.07,7
SQ:US500,2020-07-20T06:20:00+02:00,3212.07,3212.57,3212.07,3212.57,5
SQ:US500,2020-07-20T06:21:00+02:00,3212.57,3212.57,3211.57,3211.57,7
SQ:US500,2020-07-20T06:22:00+02:00,3211.57,3212.07,3211.57,3212.07,9
SQ:US500,2020-07-20T06:23:00+02:00,3212.07,3212.32,3212.07,3212.07,3
SQ:US500,2020-07-20T06:24:00+02:00,3212.07,3212.07,3212.07,3212.07,1
SQ:US500,2020-07-20T06:25:00+02:00,3212.07,3212.07,3211.82,3212.07,3
SQ:US500,2020-07-20T06:26:00+02:00,3212.07,3212.32,3211.82,3211.82,4
SQ:US500,2020-07-20T06:27:00+02:00,3211.82,3212.07,3211.82,3211.82,7
SQ:US500,2020-07-20T06:28:00+02:00,3211.82,3212.07,3211.57,3211.57,4
SQ:US500,2020-07-20T06:29:00+02:00,3211.57,3212.07,3211.57,3211.82,6
SQ:US500,2020-07-20T06:30:00+02:00,3211.82,3211.82,3211.07,3211.57,5
SQ:US500,2020-07-20T06:31:00+02:00,3211.57,3211.57,3211.32,3211.32,4
SQ:US500,2020-07-20T06:32:00+02:00,3211.32,3211.57,3211.32,3211.57,2
SQ:US500,2020-07-20T06:33:00+02:00,3211.57,3211.57,3211.32,3211.32,4
SQ:US500,2020-07-20T06:34:00+02:00,3211.32,3211.57,3211.32,3211.32,3
SQ:US500,2020-07-20T06:35:00+02:00,3211.32,3211.57,3211.32,3211.57,6
SQ:US500,2020-07-20T06:36:00+02:00,3211.57,3212.07,3211.57,3211.82,6
SQ:US500,2020-07-20T06:37:00+02:00,3211.82,3212.07,3211.82,3211.82,5
SQ:US500,2020-07-20T06:38:00+02:00,3211.82,3211.82,3211.57,3211.82,3
SQ:US500,2020-07-20T06:39:00+02:00,3211.82,3212.07,3211.57,3212.07,8
SQ:US500,2020-07-20T06:40:00+02:00,3212.07,3212.07,3211.82,3211.82,2
SQ:US500,2020-07-20T06:41:00+02:00,3211.82,3212.07,3211.82,3211.82,3
SQ:US500,2020-07-20T06:42:00+02:00,3211.82,3211.82,3211.57,3211.82,3
SQ:US500,2020-07-20T06:43:00+02:00,3211.82,3211.82,3209.32,3210.07,13
SQ:US500,2020-07-20T06:44:00+02:00,3210.07,3210.32,3209.32,3209.82,14
SQ:US500,2020-07-20T06:45:00+02:00,3209.82,3210.32,3209.57,3209.57,8
SQ:US500,2020-07-20T06:46:00+02:00,3209.57,3209.82,3209.32,3209.82,15
SQ:US500,2020-07-20T06:47:00+02:00,3209.82,3209.82,3209.57,3209.57,12
SQ:US500,2020-07-20T06:48:00+02:00,3209.57,3209.57,3209.32,3209.57,5
SQ:US500,2020-07-20T06:49:00+02:00,3209.57,3209.57,3209.57,3209.57,1
SQ:US500,2020-07-20T06:50:00+02:00,3209.32,3209.57,3209.32,3209.32,3
SQ:US500,2020-07-20T06:51:00+02:00,3209.32,3209.32,3208.57,3208.82,7
SQ:US500,2020-07-20T06:52:00+02:00,3208.57,3208.82,3208.57,3208.57,5
SQ:US500,2020-07-20T06:53:00+02:00,3208.82,3209.57,3208.57,3209.07,8
SQ:US500,2020-07-20T06:54:00+02:00,3209.07,3209.57,3209.07,3209.57,9
SQ:US500,2020-07-20T06:55:00+02:00,3209.57,3209.57,3209.57,3209.57,1
SQ:US500,2020-07-20T06:56:00+02:00,3209.82,3209.82,3209.57,3209.82,3
SQ:US500,2020-07-20T06:57:00+02:00,3209.57,3209.82,3209.57,3209.57,5
SQ:US500,2020-07-20T06:58:00+02:00,3209.57,3209.57,3209.07,3209.32,10
SQ:US500,2020-07-20T06:59:00+02:00,3209.32,3210.07,3209.07,3210.07,22
SQ:US500,2020-07-20T07:00:00+02:00,3210.07,3210.32,3209.32,3209.57,21
SQ:US500,2020-07-20T07:01:00+02:00,3209.32,3210.32,3208.82,3210.07,22
SQ:US500,2020-07-20T07:02:00+02:00,3210.32,3210.32,3208.57,3208.57,17
SQ:US500,2020-07-20T07:03:00+02:00,3208.57,3209.82,3208.32,3209.82,27
SQ:US500,2020-07-20T07:04:00+02:00,3209.82,3210.57,3209.57,3210.57,29
SQ:US500,2020-07-20T07:05:00+02:00,3210.57,3210.57,3208.07,3209.32,35
SQ:US500,2020-07-20T07:06:00+02:00,3209.32,3209.82,3208.82,3208.82,9
SQ:US500,2020-07-20T07:07:00+02:00,3208.57,3208.57,3206.82,3207.82,31
SQ:US500,2020-07-20T07:08:00+02:00,3207.82,3207.82,3207.07,3207.57,20
SQ:US500,2020-07-20T07:09:00+02:00,3207.57,3207.57,3207.07,3207.07,11
SQ:US500,2020-07-20T07:10:00+02:00,3207.07,3208.32,3206.82,3208.07,15
SQ:US500,2020-07-20T07:11:00+02:00,3207.82,3208.07,3206.07,3206.32,24
SQ:US500,2020-07-20T07:12:00+02:00,3206.32,3206.82,3206.07,3206.07,13
SQ:US500,2020-07-20T07:13:00+02:00,3206.07,3206.82,3206.07,3206.57,15
SQ:US500,2020-07-20T07:14:00+02:00,3206.57,3206.57,3206.07,3206.32,14
SQ:US500,2020-07-20T07:15:00+02:00,3206.32,3207.32,3206.32,3207.07,20
SQ:US500,2020-07-20T07:16:00+02:00,3206.82,3207.32,3206.57,3207.07,32
SQ:US500,2020-07-20T07:17:00+02:00,3206.82,3207.57,3206.82,3207.07,20
SQ:US500,2020-07-20T07:18:00+02:00,3207.07,3207.57,3206.82,3206.82,10
SQ:US500,2020-07-20T07:19:00+02:00,3206.82,3207.32,3206.57,3207.32,10
SQ:US500,2020-07-20T07:20:00+02:00,3207.32,3208.07,3207.32,3208.07,12
SQ:US500,2020-07-20T07:21:00+02:00,3208.07,3208.32,3207.82,3208.32,23
SQ:US500,2020-07-20T07:22:00+02:00,3208.32,3209.07,3208.32,3209.07,18
SQ:US500,2020-07-20T07:23:00+02:00,3209.07,3209.57,3208.82,3209.07,13
SQ:US500,2020-07-20T07:24:00+02:00,3209.07,3209.32,3208.82,3209.32,6
SQ:US500,2020-07-20T07:25:00+02:00,3209.32,3209.32,3208.82,3208.82,11
SQ:US500,2020-07-20T07:26:00+02:00,3208.82,3209.07,3208.82,3208.82,11
SQ:US500,2020-07-20T07:27:00+02:00,3209.07,3209.07,3208.32,3208.57,13
SQ:US500,2020-07-20T07:28:00+02:00,3208.57,3209.07,3208.57,3208.82,4
SQ:US500,2020-07-20T07:29:00+02:00,3209.07,3209.07,3208.57,3208.82,10
SQ:US500,2020-07-20T07:30:00+02:00,3208.82,3209.32,3208.57,3208.57,8
SQ:US500,2020-07-20T07:31:00+02:00,3208.57,3209.07,3208.32,3209.07,13
SQ:US500,2020-07-20T07:32:00+02:00,3209.07,3210.07,3209.07,3210.07,11
SQ:US500,2020-07-20T07:33:00+02:00,3210.07,3210.82,3210.07,3210.82,18
SQ:US500,2020-07-20T07:34:00+02:00,3210.82,3211.07,3210.57,3210.82,17
SQ:US500,2020-07-20T07:35:00+02:00,3210.82,3211.07,3210.32,3210.57,8
SQ:US500,2020-07-20T07:36:00+02:00,3210.57,3210.57,3210.07,3210.32,16
SQ:US500,2020-07-20T07:37:00+02:00,3210.32,3210.57,3210.32,3210.57,6
SQ:US500,2020-07-20T07:38:00+02:00,3210.57,3211.07,3210.32,3210.82,18
SQ:US500,2020-07-20T07:39:00+02:00,3210.82,3210.82,3210.57,3210.82,3
SQ:US500,2020-07-20T07:40:00+02:00,3210.82,3210.82,3210.32,3210.57,4
SQ:US500,2020-07-20T07:41:00+02:00,3210.57,3211.07,3210.57,3211.07,5
SQ:US500,2020-07-20T07:42:00+02:00,3211.07,3211.07,3210.82,3211.07,13
SQ:US500,2020-07-20T07:43:00+02:00,3211.07,3211.07,3210.57,3210.57,7
SQ:US500,2020-07-20T07:44:00+02:00,3210.57,3210.82,3210.32,3210.57,5
SQ:US500,2020-07-20T07:45:00+02:00,3210.57,3210.82,3210.32,3210.32,10
SQ:US500,2020-07-20T07:46:00+02:00,3210.32,3210.57,3210.07,3210.57,14
SQ:US500,2020-07-20T07:47:00+02:00,3210.57,3210.82,3210.32,3210.57,9
SQ:US500,2020-07-20T07:48:00+02:00,3210.57,3210.82,3210.57,3210.82,8
SQ:US500,2020-07-20T07:49:00+02:00,3210.82,3211.07,3210.57,3211.07,10
SQ:US500,2020-07-20T07:50:00+02:00,3211.07,3211.07,3210.57,3210.57,7
SQ:US500,2020-07-20T07:51:00+02:00,3210.57,3211.07,3210.57,3211.07,5
SQ:US500,2020-07-20T07:52:00+02:00,3211.07,3211.32,3210.82,3211.32,4
SQ:US500,2020-07-20T07:53:00+02:00,3211.32,3211.32,3210.82,3211.32,5
SQ:US500,2020-07-20T07:54:00+02:00,3211.32,3211.32,3210.82,3211.07,4
SQ:US500,2020-07-20T07:55:00+02:00,3211.07,3211.32,3210.82,3211.32,6
SQ:US500,2020-07-20T07:56:00+02:00,3211.07,3211.57,3211.07,3211.57,7
SQ:US500,2020-07-20T07:57:00+02:00,3211.57,3211.57,3211.07,3211.07,9
SQ:US500,2020-07-20T07:58:00+02:00,3211.07,3211.32,3210.82,3210.82,4
SQ:US500,2020-07-20T07:59:00+02:00,3210.82,3211.32,3210.82,3211.07,12
SQ:US500,2020-07-20T08:00:00+02:00,3211.32,3211.82,3210.07,3210.32,25
SQ:US500,2020-07-20T08:01:00+02:00,3210.32,3211.32,3210.07,3210.32,13
SQ:US500,2020-07-20T08:02:00+02:00,3210.32,3210.32,3207.57,3207.82,15
SQ:US500,2020-07-20T08:03:00+02:00,3207.82,3209.07,3207.82,3208.32,9
SQ:US500,2020-07-20T08:04:00+02:00,3208.82,3208.82,3207.57,3207.57,14
SQ:US500,2020-07-20T08:05:00+02:00,3207.82,3208.32,3207.82,3208.07,15
SQ:US500,2020-07-20T08:06:00+02:00,3208.32,3208.32,3207.82,3208.07,10
SQ:US500,2020-07-20T08:07:00+02:00,3208.32,3208.32,3207.57,3208.07,14
SQ:US500,2020-07-20T08:08:00+02:00,3208.07,3208.32,3207.57,3207.57,11
SQ:US500,2020-07-20T08:09:00+02:00,3207.57,3207.82,3206.57,3206.82,12
SQ:US500,2020-07-20T08:10:00+02:00,3207.07,3207.32,3206.82,3207.07,7
SQ:US500,2020-07-20T08:11:00+02:00,3207.07,3207.07,3206.82,3206.82,8
SQ:US500,2020-07-20T08:12:00+02:00,3206.82,3207.07,3206.82,3207.07,4
SQ:US500,2020-07-20T08:13:00+02:00,3207.07,3207.32,3206.82,3206.82,10
SQ:US500,2020-07-20T08:14:00+02:00,3206.82,3207.32,3206.82,3206.82,9
SQ:US500,2020-07-20T08:15:00+02:00,3206.82,3206.82,3206.57,3206.57,8
SQ:US500,2020-07-20T08:16:00+02:00,3206.57,3206.57,3204.82,3204.82,19
SQ:US500,2020-07-20T08:17:00+02:00,3204.82,3204.82,3201.82,3203.32,32
SQ:US500,2020-07-20T08:18:00+02:00,3203.32,3204.32,3202.82,3204.32,32
SQ:US500,2020-07-20T08:19:00+02:00,3204.32,3205.32,3204.07,3205.32,13
SQ:US500,2020-07-20T08:20:00+02:00,3205.32,3205.82,3204.82,3205.57,14
SQ:US500,2020-07-20T08:21:00+02:00,3205.57,3205.82,3205.57,3205.82,12
SQ:US500,2020-07-20T08:22:00+02:00,3205.82,3206.32,3205.82,3206.07,14
SQ:US500,2020-07-20T08:23:00+02:00,3206.07,3206.07,3205.57,3206.07,5
SQ:US500,2020-07-20T08:24:00+02:00,3206.07,3207.57,3206.07,3207.32,8
SQ:US500,2020-07-20T08:25:00+02:00,3207.32,3207.57,3206.57,3206.57,14
SQ:US500,2020-07-20T08:26:00+02:00,3206.57,3206.82,3206.57,3206.57,11
SQ:US500,2020-07-20T08:27:00+02:00,3206.32,3206.57,3206.07,3206.57,6
SQ:US500,2020-07-20T08:28:00+02:00,3206.57,3206.57,3206.07,3206.07,3
SQ:US500,2020-07-20T08:29:00+02:00,3206.07,3206.57,3206.07,3206.57,5
SQ:US500,2020-07-20T08:30:00+02:00,3206.57,3207.32,3206.57,3207.07,11
SQ:US500,2020-07-20T08:31:00+02:00,3207.07,3207.07,3206.32,3206.57,15
SQ:US500,2020-07-20T08:32:00+02:00,3206.57,3206.57,3205.57,3206.07,7
SQ:US500,2020-07-20T08:33:00+02:00,3206.07,3206.82,3206.07,3206.82,6
SQ:US500,2020-07-20T08:34:00+02:00,3206.82,3206.82,3206.57,3206.82,5
SQ:US500,2020-07-20T08:35:00+02:00,3206.82,3207.32,3206.82,3206.82,7
SQ:US500,2020-07-20T08:36:00+02:00,3206.82,3207.07,3206.82,3207.07,8
SQ:US500,2020-07-20T08:37:00+02:00,3207.07,3207.32,3206.57,3206.82,8
SQ:US500,2020-07-20T08:38:00+02:00,3206.82,3207.07,3206.57,3206.57,12
SQ:US500,2020-07-20T08:39:00+02:00,3206.82,3208.07,3206.82,3208.07,12
SQ:US500,2020-07-20T08:40:00+02:00,3208.07,3208.07,3207.32,3207.82,12
SQ:US500,2020-07-20T08:41:00+02:00,3208.07,3208.32,3208.07,3208.32,8
SQ:US500,2020-07-20T08:42:00+02:00,3208.32,3208.32,3207.82,3208.07,6
SQ:US500,2020-07-20T08:43:00+02:00,3208.07,3208.32,3207.57,3207.82,14
SQ:US500,2020-07-20T08:44:00+02:00,3207.82,3207.82,3207.32,3207.32,7
SQ:US500,2020-07-20T08:45:00+02:00,3207.32,3207.32,3207.07,3207.07,8
SQ:US500,2020-07-20T08:46:00+02:00,3207.07,3207.07,3206.32,3207.07,13
SQ:US500,2020-07-20T08:47:00+02:00,3207.07,3207.07,3206.57,3207.07,5
SQ:US500,2020-07-20T08:48:00+02:00,3207.32,3207.32,3207.07,3207.07,4
SQ:US500,2020-07-20T08:49:00+02:00,3207.07,3207.07,3206.57,3206.82,10
SQ:US500,2020-07-20T08:50:00+02:00,3206.82,3207.82,3206.82,3207.82,7
SQ:US500,2020-07-20T08:51:00+02:00,3207.82,3207.82,3207.32,3207.82,11
SQ:US500,2020-07-20T08:52:00+02:00,3207.82,3207.82,3207.32,3207.57,6
SQ:US500,2020-07-20T08:53:00+02:00,3207.82,3208.07,3207.57,3207.82,5
SQ:US500,2020-07-20T08:54:00+02:00,3207.82,3207.82,3207.32,3207.57,6
SQ:US500,2020-07-20T08:55:00+02:00,3207.57,3207.57,3207.32,3207.32,4
SQ:US500,2020-07-20T08:56:00+02:00,3207.32,3207.32,3206.82,3207.07,8
SQ:US500,2020-07-20T08:57:00+02:00,3207.07,3207.07,3206.32,3206.32,14
SQ:US500,2020-07-20T08:58:00+02:00,3206.32,3206.57,3206.32,3206.57,8
SQ:US500,2020-07-20T08:59:00+02:00,3206.57,3206.57,3205.82,3206.07,17
SQ:US500,2020-07-20T09:00:00+02:00,3205.82,3206.32,3204.07,3205.57,84
SQ:US500,2020-07-20T09:01:00+02:00,3205.57,3205.57,3204.07,3204.32,34
SQ:US500,2020-07-20T09:02:00+02:00,3204.57,3205.07,3204.07,3204.82,18
SQ:US500,2020-07-20T09:03:00+02:00,3204.82,3204.82,3203.32,3203.82,28
SQ:US500,2020-07-20T09:04:00+02:00,3203.82,3203.82,3201.57,3201.82,54
SQ:US500,2020-07-20T09:05:00+02:00,3201.82,3201.82,3200.07,3200.32,62
SQ:US500,2020-07-20T09:06:00+02:00,3200.32,3200.82,3198.32,3200.82,63
SQ:US500,2020-07-20T09:07:00+02:00,3200.82,3203.32,3200.82,3203.07,44
SQ:US500,2020-07-20T09:08:00+02:00,3203.32,3203.32,3201.57,3202.82,34
SQ:US500,2020-07-20T09:09:00+02:00,3202.82,3202.82,3201.57,3201.82,36
SQ:US500,2020-07-20T09:10:00+02:00,3202.07,3202.07,3200.32,3200.57,40
SQ:US500,2020-07-20T09:11:00+02:00,3200.57,3201.82,3199.57,3201.32,55
SQ:US500,2020-07-20T09:12:00+02:00,3201.32,3202.32,3201.07,3201.57,41
SQ:US500,2020-07-20T09:13:00+02:00,3201.57,3203.32,3200.82,3202.82,37
SQ:US500,2020-07-20T09:14:00+02:00,3202.82,3202.82,3201.82,3202.32,31
SQ:US500,2020-07-20T09:15:00+02:00,3202.32,3202.82,3201.32,3202.82,36
SQ:US500,2020-07-20T09:16:00+02:00,3202.82,3203.07,3202.07,3202.32,31
SQ:US500,2020-07-20T09:17:00+02:00,3202.57,3202.82,3201.32,3202.32,38
SQ:US500,2020-07-20T09:18:00+02:00,3202.32,3202.57,3201.57,3201.57,30
SQ:US500,2020-07-20T09:19:00+02:00,3201.57,3201.82,3201.07,3201.57,21
SQ:US500,2020-07-20T09:20:00+02:00,3201.57,3201.57,3200.82,3201.57,19
SQ:US500,2020-07-20T09:21:00+02:00,3201.57,3202.07,3201.07,3201.82,32
SQ:US500,2020-07-20T09:22:00+02:00,3201.82,3202.07,3201.07,3201.57,28
SQ:US500,2020-07-20T09:23:00+02:00,3201.57,3201.57,3201.07,3201.07,19
SQ:US500,2020-07-20T09:24:00+02:00,3201.07,3201.07,3199.07,3199.82,46
SQ:US500,2020-07-20T09:25:00+02:00,3199.82,3201.32,3199.32,3199.32,54
SQ:US500,2020-07-20T09:26:00+02:00,3199.32,3200.82,3199.07,3200.82,35
SQ:US500,2020-07-20T09:27:00+02:00,3201.07,3202.57,3201.07,3201.82,59
SQ:US500,2020-07-20T09:28:00+02:00,3202.07,3202.82,3201.82,3202.57,31
SQ:US500,2020-07-20T09:29:00+02:00,3202.57,3202.57,3201.82,3202.32,30
SQ:US500,2020-07-20T09:30:00+02:00,3202.32,3202.82,3201.82,3202.07,34
SQ:US500,2020-07-20T09:31:00+02:00,3202.07,3202.57,3201.57,3201.82,16
SQ:US500,2020-07-20T09:32:00+02:00,3201.82,3202.57,3201.32,3202.32,25
SQ:US500,2020-07-20T09:33:00+02:00,3202.32,3202.32,3201.32,3202.07,34
SQ:US500,2020-07-20T09:34:00+02:00,3201.82,3202.07,3200.82,3201.07,27
SQ:US500,2020-07-20T09:35:00+02:00,3201.07,3202.07,3200.57,3202.07,35
SQ:US500,2020-07-20T09:36:00+02:00,3202.07,3202.57,3201.57,3201.57,29
SQ:US500,2020-07-20T09:37:00+02:00,3201.57,3202.07,3201.32,3202.07,33
SQ:US500,2020-07-20T09:38:00+02:00,3201.82,3202.57,3201.82,3202.57,18
SQ:US500,2020-07-20T09:39:00+02:00,3202.32,3202.57,3202.07,3202.32,21
SQ:US500,2020-07-20T09:40:00+02:00,3202.32,3202.32,3201.57,3202.32,23
SQ:US500,2020-07-20T09:41:00+02:00,3202.07,3204.57,3201.82,3204.57,23
SQ:US500,2020-07-20T09:42:00+02:00,3204.57,3205.32,3203.57,3204.82,23
SQ:US500,2020-07-20T09:43:00+02:00,3204.82,3204.82,3203.32,3203.57,20
SQ:US500,2020-07-20T09:44:00+02:00,3203.32,3204.07,3203.07,3204.07,18
SQ:US500,2020-07-20T09:45:00+02:00,3204.07,3204.57,3203.32,3203.57,31
SQ:US500,2020-07-20T09:46:00+02:00,3203.82,3204.07,3203.57,3203.82,19
SQ:US500,2020-07-20T09:47:00+02:00,3203.82,3204.32,3203.57,3203.82,13
SQ:US500,2020-07-20T09:48:00+02:00,3203.57,3204.07,3203.57,3203.57,9
SQ:US500,2020-07-20T09:49:00+02:00,3203.57,3203.82,3202.57,3203.82,16
SQ:US500,2020-07-20T09:50:00+02:00,3204.07,3204.32,3203.57,3204.07,15
SQ:US500,2020-07-20T09:51:00+02:00,3203.82,3205.32,3203.82,3205.07,18
SQ:US500,2020-07-20T09:52:00+02:00,3205.07,3205.32,3204.82,3205.07,17
SQ:US500,2020-07-20T09:53:00+02:00,3205.07,3205.57,3205.07,3205.57,5
SQ:US500,2020-07-20T09:54:00+02:00,3205.57,3206.32,3205.32,3205.82,11
SQ:US500,2020-07-20T09:55:00+02:00,3205.82,3205.82,3205.07,3205.82,31
SQ:US500,2020-07-20T09:56:00+02:00,3205.82,3206.07,3205.57,3205.82,17
SQ:US500,2020-07-20T09:57:00+02:00,3205.57,3205.82,3205.07,3205.82,14
SQ:US500,2020-07-20T09:58:00+02:00,3205.82,3205.82,3205.32,3205.57,12
SQ:US500,2020-07-20T09:59:00+02:00,3205.57,3205.82,3205.32,3205.82,16
SQ:US500,2020-07-20T10:00:00+02:00,3206.07,3207.82,3205.82,3207.57,32
SQ:US500,2020-07-20T10:01:00+02:00,3207.32,3207.57,3206.32,3206.82,21
SQ:US500,2020-07-20T10:02:00+02:00,3206.82,3206.82,3206.32,3206.57,10
SQ:US500,2020-07-20T10:03:00+02:00,3206.57,3206.82,3206.32,3206.32,10
SQ:US500,2020-07-20T10:04:00+02:00,3206.07,3206.32,3205.57,3205.82,10
SQ:US500,2020-07-20T10:05:00+02:00,3205.82,3206.57,3205.82,3206.07,14
SQ:US500,2020-07-20T10:06:00+02:00,3205.82,3205.82,3205.32,3205.57,20
SQ:US500,2020-07-20T10:07:00+02:00,3205.57,3205.57,3205.07,3205.32,8
SQ:US500,2020-07-20T10:08:00+02:00,3205.32,3205.57,3205.07,3205.07,8
SQ:US500,2020-07-20T10:09:00+02:00,3205.07,3205.32,3204.57,3204.82,10
SQ:US500,2020-07-20T10:10:00+02:00,3205.07,3205.57,3205.07,3205.57,9
SQ:US500,2020-07-20T10:11:00+02:00,3205.57,3205.57,3205.07,3205.57,15
SQ:US500,2020-07-20T10:12:00+02:00,3205.32,3205.32,3204.57,3204.82,10
SQ:US500,2020-07-20T10:13:00+02:00,3204.57,3204.82,3203.57,3203.82,19
SQ:US500,2020-07-20T10:14:00+02:00,3203.82,3204.32,3203.57,3204.32,13
SQ:US500,2020-07-20T10:15:00+02:00,3204.32,3204.32,3204.07,3204.07,12
SQ:US500,2020-07-20T10:16:00+02:00,3204.07,3204.57,3204.07,3204.57,3
SQ:US500,2020-07-20T10:17:00+02:00,3204.82,3207.07,3204.82,3206.57,25
SQ:US500,2020-07-20T10:18:00+02:00,3206.57,3206.82,3205.57,3206.07,19
SQ:US500,2020-07-20T10:19:00+02:00,3206.07,3206.07,3205.57,3205.82,9
SQ:US500,2020-07-20T10:20:00+02:00,3205.82,3206.07,3205.57,3205.82,9
SQ:US500,2020-07-20T10:21:00+02:00,3205.82,3206.07,3205.32,3205.57,10
SQ:US500,2020-07-20T10:22:00+02:00,3205.57,3205.82,3203.82,3204.32,20
SQ:US500,2020-07-20T10:23:00+02:00,3204.07,3205.07,3204.07,3205.07,15
SQ:US500,2020-07-20T10:24:00+02:00,3205.07,3205.82,3204.82,3205.82,18
SQ:US500,2020-07-20T10:25:00+02:00,3205.82,3206.07,3205.57,3206.07,16
SQ:US500,2020-07-20T10:26:00+02:00,3206.07,3206.82,3205.82,3206.32,12
SQ:US500,2020-07-20T10:27:00+02:00,3206.57,3206.82,3205.82,3206.32,20
SQ:US500,2020-07-20T10:28:00+02:00,3206.32,3206.82,3206.32,3206.57,8
SQ:US500,2020-07-20T10:29:00+02:00,3206.57,3206.57,3206.07,3206.57,15
SQ:US500,2020-07-20T10:30:00+02:00,3206.57,3206.57,3205.57,3205.82,22
SQ:US500,2020-07-20T10:31:00+02:00,3205.82,3206.32,3205.57,3205.82,17
SQ:US500,2020-07-20T10:32:00+02:00,3205.82,3205.82,3205.07,3205.32,15
SQ:US500,2020-07-20T10:33:00+02:00,3205.32,3205.82,3204.07,3205.32,32
SQ:US500,2020-07-20T10:34:00+02:00,3205.57,3207.82,3205.32,3207.82,16
SQ:US500,2020-07-20T10:35:00+02:00,3207.82,3209.32,3207.82,3208.07,37
SQ:US500,2020-07-20T10:36:00+02:00,3208.07,3208.32,3207.82,3208.07,11
SQ:US500,2020-07-20T10:37:00+02:00,3208.07,3208.07,3207.57,3207.82,16
SQ:US500,2020-07-20T10:38:00+02:00,3207.82,3208.82,3207.82,3208.57,15
SQ:US500,2020-07-20T10:39:00+02:00,3208.57,3209.57,3208.32,3209.32,20
SQ:US500,2020-07-20T10:40:00+02:00,3209.32,3211.07,3209.32,3210.82,23
SQ:US500,2020-07-20T10:41:00+02:00,3210.82,3211.82,3210.32,3210.57,41
SQ:US500,2020-07-20T10:42:00+02:00,3210.57,3211.32,3210.57,3211.32,18
SQ:US500,2020-07-20T10:43:00+02:00,3211.32,3212.32,3211.32,3211.57,27
SQ:US500,2020-07-20T10:44:00+02:00,3211.82,3214.32,3211.82,3213.82,49
SQ:US500,2020-07-20T10:45:00+02:00,3213.82,3215.07,3213.57,3213.82,48
SQ:US500,2020-07-20T10:46:00+02:00,3213.82,3214.32,3213.82,3214.07,12
SQ:US500,2020-07-20T10:47:00+02:00,3214.07,3215.57,3214.07,3214.82,28
SQ:US500,2020-07-20T10:48:00+02:00,3214.82,3215.07,3214.57,3214.57,10
SQ:US500,2020-07-20T10:49:00+02:00,3214.57,3215.32,3214.57,3215.32,10
SQ:US500,2020-07-20T10:50:00+02:00,3215.32,3215.57,3215.07,3215.32,11
SQ:US500,2020-07-20T10:51:00+02:00,3215.32,3215.32,3214.32,3214.57,14
SQ:US500,2020-07-20T10:52:00+02:00,3214.57,3216.57,3214.32,3215.82,18
SQ:US500,2020-07-20T10:53:00+02:00,3215.57,3215.57,3214.82,3214.82,14
SQ:US500,2020-07-20T10:54:00+02:00,3214.82,3216.07,3214.82,3215.57,13
SQ:US500,2020-07-20T10:55:00+02:00,3215.57,3215.82,3215.07,3215.32,20
SQ:US500,2020-07-20T10:56:00+02:00,3215.32,3216.07,3215.07,3215.82,17
SQ:US500,2020-07-20T10:57:00+02:00,3216.07,3216.32,3215.82,3215.82,16
SQ:US500,2020-07-20T10:58:00+02:00,3215.82,3216.07,3215.57,3216.07,16
SQ:US500,2020-07-20T10:59:00+02:00,3216.07,3216.57,3216.07,3216.07,7
SQ:US500,2020-07-20T11:00:00+02:00,3216.07,3219.32,3216.07,3218.32,40
SQ:US500,2020-07-20T11:01:00+02:00,3218.32,3218.57,3217.57,3218.07,28
SQ:US500,2020-07-20T11:02:00+02:00,3218.07,3219.82,3218.07,3219.82,28
SQ:US500,2020-07-20T11:03:00+02:00,3219.82,3220.57,3218.32,3218.57,32
SQ:US500,2020-07-20T11:04:00+02:00,3218.57,3218.82,3217.82,3217.82,6
SQ:US500,2020-07-20T11:05:00+02:00,3217.82,3218.07,3217.57,3217.57,18
SQ:US500,2020-07-20T11:06:00+02:00,3217.57,3218.07,3217.32,3217.82,12
SQ:US500,2020-07-20T11:07:00+02:00,3217.82,3217.82,3217.32,3217.32,7
SQ:US500,2020-07-20T11:08:00+02:00,3217.07,3217.57,3217.07,3217.57,9
SQ:US500,2020-07-20T11:09:00+02:00,3217.82,3218.07,3217.57,3218.07,16
SQ:US500,2020-07-20T11:10:00+02:00,3218.32,3218.82,3218.07,3218.82,21
SQ:US500,2020-07-20T11:11:00+02:00,3218.82,3220.57,3218.82,3219.32,28
SQ:US500,2020-07-20T11:12:00+02:00,3219.32,3219.32,3219.07,3219.07,20
SQ:US500,2020-07-20T11:13:00+02:00,3219.07,3219.82,3218.82,3219.82,16
SQ:US500,2020-07-20T11:14:00+02:00,3219.82,3221.32,3219.82,3220.82,19
SQ:US500,2020-07-20T11:15:00+02:00,3221.07,3221.57,3218.82,3218.82,28
SQ:US500,2020-07-20T11:16:00+02:00,3218.57,3219.32,3218.57,3218.57,11
SQ:US500,2020-07-20T11:17:00+02:00,3218.82,3219.07,3218.57,3218.57,14
SQ:US500,2020-07-20T11:18:00+02:00,3218.57,3218.82,3217.82,3218.07,16
SQ:US500,2020-07-20T11:19:00+02:00,3218.07,3218.32,3217.32,3217.57,11
SQ:US500,2020-07-20T11:20:00+02:00,3217.32,3218.07,3217.32,3217.82,13
SQ:US500,2020-07-20T11:21:00+02:00,3217.82,3218.07,3217.07,3217.57,11
SQ:US500,2020-07-20T11:22:00+02:00,3217.57,3218.07,3217.32,3217.82,10
SQ:US500,2020-07-20T11:23:00+02:00,3217.82,3218.07,3217.57,3217.82,5
SQ:US500,2020-07-20T11:24:00+02:00,3217.82,3218.32,3217.07,3218.07,16
SQ:US500,2020-07-20T11:25:00+02:00,3217.82,3218.07,3216.57,3216.57,18
SQ:US500,2020-07-20T11:26:00+02:00,3216.57,3217.07,3216.32,3216.82,14
SQ:US500,2020-07-20T11:27:00+02:00,3216.82,3218.32,3216.82,3217.57,20
SQ:US500,2020-07-20T11:28:00+02:00,3217.57,3218.82,3217.57,3218.07,13
SQ:US500,2020-07-20T11:29:00+02:00,3218.07,3218.07,3217.32,3217.32,18
SQ:US500,2020-07-20T11:30:00+02:00,3217.32,3217.82,3217.07,3217.32,11
SQ:US500,2020-07-20T11:31:00+02:00,3217.32,3217.32,3216.07,3216.07,12
SQ:US500,2020-07-20T11:32:00+02:00,3216.07,3216.07,3215.32,3215.57,17
SQ:US500,2020-07-20T11:33:00+02:00,3215.57,3215.82,3215.57,3215.82,8
SQ:US500,2020-07-20T11:34:00+02:00,3215.82,3215.82,3215.07,3215.57,18
SQ:US500,2020-07-20T11:35:00+02:00,3215.57,3215.82,3215.32,3215.32,7
SQ:US500,2020-07-20T11:36:00+02:00,3215.32,3216.32,3215.07,3216.07,14
SQ:US500,2020-07-20T11:37:00+02:00,3216.07,3216.82,3216.07,3216.57,27
SQ:US500,2020-07-20T11:38:00+02:00,3216.57,3216.82,3216.07,3216.57,17
SQ:US500,2020-07-20T11:39:00+02:00,3216.57,3217.82,3216.57,3217.32,18
SQ:US500,2020-07-20T11:40:00+02:00,3217.32,3217.57,3217.32,3217.32,5
SQ:US500,2020-07-20T11:41:00+02:00,3217.32,3218.82,3217.07,3217.07,32
SQ:US500,2020-07-20T11:42:00+02:00,3217.07,3217.57,3217.07,3217.07,9
SQ:US500,2020-07-20T11:43:00+02:00,3217.07,3217.57,3217.07,3217.32,8
SQ:US500,2020-07-20T11:44:00+02:00,3217.32,3220.32,3217.32,3219.32,56
SQ:US500,2020-07-20T11:45:00+02:00,3219.07,3219.32,3218.07,3218.07,10
SQ:US500,2020-07-20T11:46:00+02:00,3218.07,3218.32,3217.57,3218.32,20
SQ:US500,2020-07-20T11:47:00+02:00,3218.07,3218.32,3216.82,3217.32,20
SQ:US500,2020-07-20T11:48:00+02:00,3217.32,3218.82,3217.07,3218.82,22
SQ:US500,2020-07-20T11:49:00+02:00,3218.57,3218.82,3217.57,3217.82,14
SQ:US500,2020-07-20T11:50:00+02:00,3217.82,3218.82,3217.82,3218.07,15
SQ:US500,2020-07-20T11:51:00+02:00,3218.07,3218.07,3217.32,3217.57,9
SQ:US500,2020-07-20T11:52:00+02:00,3217.32,3218.07,3217.32,3218.07,8
SQ:US500,2020-07-20T11:53:00+02:00,3218.07,3218.32,3217.82,3217.82,6
SQ:US500,2020-07-20T11:54:00+02:00,3217.82,3218.07,3217.57,3217.82,9
SQ:US500,2020-07-20T11:55:00+02:00,3217.82,3218.57,3217.82,3217.82,9
SQ:US500,2020-07-20T11:56:00+02:00,3217.82,3218.07,3217.07,3217.82,29
SQ:US500,2020-07-20T11:57:00+02:00,3217.82,3217.82,3217.32,3217.82,7
SQ:US500,2020-07-20T11:58:00+02:00,3217.57,3217.82,3217.57,3217.82,6
SQ:US500,2020-07-20T11:59:00+02:00,3217.82,3217.82,3216.57,3216.82,19
SQ:US500,2020-07-20T12:00:00+02:00,3216.82,3217.82,3216.57,3217.32,25
SQ:US500,2020-07-20T12:01:00+02:00,3217.32,3217.57,3216.82,3217.57,8
SQ:US500,2020-07-20T12:02:00+02:00,3217.57,3217.57,3217.32,3217.57,9
SQ:US500,2020-07-20T12:03:00+02:00,3217.57,3217.57,3216.32,3217.07,10
SQ:US500,2020-07-20T12:04:00+02:00,3216.57,3217.07,3216.32,3216.57,15
SQ:US500,2020-07-20T12:05:00+02:00,3216.57,3216.82,3216.57,3216.82,2
SQ:US500,2020-07-20T12:06:00+02:00,3216.57,3216.57,3215.57,3215.57,14
SQ:US500,2020-07-20T12:07:00+02:00,3215.82,3216.32,3215.57,3216.32,17
SQ:US500,2020-07-20T12:08:00+02:00,3216.57,3216.82,3216.07,3216.82,14
SQ:US500,2020-07-20T12:09:00+02:00,3216.32,3216.57,3215.57,3216.07,5
SQ:US500,2020-07-20T12:10:00+02:00,3216.07,3216.57,3215.82,3216.32,6
SQ:US500,2020-07-20T12:11:00+02:00,3216.32,3217.07,3216.32,3216.32,11
SQ:US500,2020-07-20T12:12:00+02:00,3216.32,3216.57,3215.57,3216.32,11
SQ:US500,2020-07-20T12:13:00+02:00,3216.32,3216.32,3215.32,3215.32,13
SQ:US500,2020-07-20T12:14:00+02:00,3215.32,3216.07,3215.32,3216.07,16
SQ:US500,2020-07-20T12:15:00+02:00,3216.07,3216.07,3215.82,3215.82,4
SQ:US500,2020-07-20T12:16:00+02:00,3215.82,3216.07,3214.82,3215.07,16
SQ:US500,2020-07-20T12:17:00+02:00,3215.07,3215.07,3214.57,3214.57,7
SQ:US500,2020-07-20T12:18:00+02:00,3214.57,3214.57,3214.32,3214.57,5
SQ:US500,2020-07-20T12:19:00+02:00,3214.32,3214.57,3214.07,3214.57,12
SQ:US500,2020-07-20T12:20:00+02:00,3214.57,3214.82,3214.57,3214.57,5
SQ:US500,2020-07-20T12:21:00+02:00,3214.82,3215.07,3214.82,3214.82,15
SQ:US500,2020-07-20T12:22:00+02:00,3215.07,3215.32,3214.82,3215.32,10
SQ:US500,2020-07-20T12:23:00+02:00,3215.32,3215.32,3215.07,3215.32,5
SQ:US500,2020-07-20T12:24:00+02:00,3215.32,3215.82,3215.32,3215.82,9
SQ:US500,2020-07-20T12:25:00+02:00,3215.82,3216.32,3215.82,3216.07,12
SQ:US500,2020-07-20T12:26:00+02:00,3216.07,3216.32,3215.82,3216.32,6
SQ:US500,2020-07-20T12:27:00+02:00,3216.32,3216.32,3213.32,3214.32,24
SQ:US500,2020-07-20T12:28:00+02:00,3214.32,3214.82,3214.32,3214.32,9
SQ:US500,2020-07-20T12:29:00+02:00,3214.32,3214.32,3212.82,3212.82,13
SQ:US500,2020-07-20T12:30:00+02:00,3212.82,3213.07,3212.57,3213.07,6
SQ:US500,2020-07-20T12:31:00+02:00,3213.07,3213.07,3212.82,3212.82,12
SQ:US500,2020-07-20T12:32:00+02:00,3212.57,3213.07,3212.32,3212.32,10
SQ:US500,2020-07-20T12:33:00+02:00,3212.07,3213.07,3211.57,3213.07,12
SQ:US500,2020-07-20T12:34:00+02:00,3213.07,3213.57,3213.07,3213.32,6
SQ:US500,2020-07-20T12:35:00+02:00,3213.57,3213.57,3213.32,3213.32,4
SQ:US500,2020-07-20T12:36:00+02:00,3213.32,3213.57,3212.32,3212.82,13
SQ:US500,2020-07-20T12:37:00+02:00,3212.57,3212.82,3212.57,3212.57,15
SQ:US500,2020-07-20T12:38:00+02:00,3212.57,3213.32,3212.57,3213.07,13
SQ:US500,2020-07-20T12:39:00+02:00,3213.07,3213.57,3212.82,3213.57,11
SQ:US500,2020-07-20T12:40:00+02:00,3213.57,3213.82,3212.82,3213.57,14
SQ:US500,2020-07-20T12:41:00+02:00,3213.57,3214.07,3213.32,3213.57,7
SQ:US500,2020-07-20T12:42:00+02:00,3213.57,3213.82,3213.57,3213.57,5
SQ:US500,2020-07-20T12:43:00+02:00,3213.57,3213.57,3213.07,3213.32,6
SQ:US500,2020-07-20T12:44:00+02:00,3213.57,3214.07,3213.57,3213.82,8
SQ:US500,2020-07-20T12:45:00+02:00,3213.82,3214.07,3213.57,3214.07,10
SQ:US500,2020-07-20T12:46:00+02:00,3213.82,3214.07,3213.57,3214.07,8
SQ:US500,2020-07-20T12:47:00+02:00,3214.07,3214.32,3213.82,3214.07,5
SQ:US500,2020-07-20T12:48:00+02:00,3214.07,3215.32,3214.07,3215.07,11
SQ:US500,2020-07-20T12:49:00+02:00,3215.07,3215.07,3214.32,3214.32,14
SQ:US500,2020-07-20T12:50:00+02:00,3214.32,3214.32,3214.07,3214.32,3
SQ:US500,2020-07-20T12:51:00+02:00,3214.57,3215.07,3213.82,3214.07,12
SQ:US500,2020-07-20T12:52:00+02:00,3214.32,3214.57,3214.07,3214.32,9
SQ:US500,2020-07-20T12:53:00+02:00,3214.07,3214.32,3214.07,3214.32,6
SQ:US500,2020-07-20T12:54:00+02:00,3214.07,3214.32,3212.82,3213.07,11
SQ:US500,2020-07-20T12:55:00+02:00,3213.32,3213.57,3212.82,3213.07,8
SQ:US500,2020-07-20T12:56:00+02:00,3213.32,3213.32,3212.57,3213.07,6
SQ:US500,2020-07-20T12:57:00+02:00,3213.07,3213.57,3212.82,3213.07,17
SQ:US500,2020-07-20T12:58:00+02:00,3213.07,3214.57,3213.07,3214.57,20
SQ:US500,2020-07-20T12:59:00+02:00,3214.57,3215.32,3213.82,3213.82,12
SQ:US500,2020-07-20T13:00:00+02:00,3214.07,3215.82,3214.07,3214.82,28
SQ:US500,2020-07-20T13:01:00+02:00,3214.82,3215.82,3214.57,3215.32,17
SQ:US500,2020-07-20T13:02:00+02:00,3215.32,3215.57,3215.07,3215.57,10
SQ:US500,2020-07-20T13:03:00+02:00,3215.32,3215.57,3214.57,3214.82,11
SQ:US500,2020-07-20T13:04:00+02:00,3214.82,3215.82,3214.82,3215.82,8
SQ:US500,2020-07-20T13:05:00+02:00,3215.82,3216.32,3215.32,3216.07,10
SQ:US500,2020-07-20T13:06:00+02:00,3216.07,3216.32,3215.57,3216.32,13
SQ:US500,2020-07-20T13:07:00+02:00,3216.32,3216.57,3215.32,3216.07,13
SQ:US500,2020-07-20T13:08:00+02:00,3216.07,3216.07,3216.07,3216.07,1
SQ:US500,2020-07-20T13:09:00+02:00,3216.07,3216.32,3215.82,3216.32,4
SQ:US500,2020-07-20T13:10:00+02:00,3216.32,3216.32,3215.57,3216.32,15
SQ:US500,2020-07-20T13:11:00+02:00,3216.07,3216.32,3216.07,3216.07,5
SQ:US500,2020-07-20T13:12:00+02:00,3215.82,3215.82,3214.32,3215.07,20
SQ:US500,2020-07-20T13:13:00+02:00,3215.07,3215.32,3214.57,3214.82,12
SQ:US500,2020-07-20T13:14:00+02:00,3214.82,3214.82,3214.07,3214.57,10
SQ:US500,2020-07-20T13:15:00+02:00,3214.82,3214.82,3214.57,3214.82,7
SQ:US500,2020-07-20T13:16:00+02:00,3214.82,3215.07,3214.57,3214.82,9
SQ:US500,2020-07-20T13:17:00+02:00,3215.07,3215.07,3214.82,3215.07,9
SQ:US500,2020-07-20T13:18:00+02:00,3215.07,3215.07,3214.82,3215.07,5
SQ:US500,2020-07-20T13:19:00+02:00,3215.07,3216.32,3215.07,3216.32,9
SQ:US500,2020-07-20T13:20:00+02:00,3216.32,3217.57,3216.32,3217.32,16
SQ:US500,2020-07-20T13:21:00+02:00,3217.07,3217.07,3216.82,3217.07,9
SQ:US500,2020-07-20T13:22:00+02:00,3217.32,3218.82,3217.07,3218.82,23
SQ:US500,2020-07-20T13:23:00+02:00,3218.82,3219.07,3217.57,3217.57,14
SQ:US500,2020-07-20T13:24:00+02:00,3217.57,3218.82,3217.57,3218.57,15
SQ:US500,2020-07-20T13:25:00+02:00,3218.82,3219.32,3218.57,3218.82,21
SQ:US500,2020-07-20T13:26:00+02:00,3218.82,3219.07,3218.57,3218.57,12
SQ:US500,2020-07-20T13:27:00+02:00,3218.82,3218.82,3218.57,3218.82,5
SQ:US500,2020-07-20T13:28:00+02:00,3218.57,3218.82,3218.32,3218.32,10
SQ:US500,2020-07-20T13:29:00+02:00,3218.32,3218.57,3218.07,3218.07,4
SQ:US500,2020-07-20T13:30:00+02:00,3218.07,3218.07,3217.57,3217.82,16
SQ:US500,2020-07-20T13:31:00+02:00,3217.82,3217.82,3217.07,3217.32,7
SQ:US500,2020-07-20T13:32:00+02:00,3217.32,3217.32,3216.82,3216.82,5
SQ:US500,2020-07-20T13:33:00+02:00,3216.82,3217.07,3216.57,3216.82,11
SQ:US500,2020-07-20T13:34:00+02:00,3217.07,3217.07,3216.82,3217.07,5
SQ:US500,2020-07-20T13:35:00+02:00,3217.07,3217.57,3217.07,3217.32,10
SQ:US500,2020-07-20T13:36:00+02:00,3217.57,3217.57,3217.32,3217.57,11
SQ:US500,2020-07-20T13:37:00+02:00,3217.57,3217.82,3217.57,3217.82,2
SQ:US500,2020-07-20T13:38:00+02:00,3217.82,3217.82,3217.32,3217.32,3
SQ:US500,2020-07-20T13:39:00+02:00,3217.32,3217.57,3216.57,3216.82,8
SQ:US500,2020-07-20T13:40:00+02:00,3216.82,3217.32,3216.82,3217.32,11
SQ:US500,2020-07-20T13:41:00+02:00,3217.32,3217.57,3216.82,3216.82,15
SQ:US500,2020-07-20T13:42:00+02:00,3216.82,3216.82,3216.57,3216.82,9
SQ:US500,2020-07-20T13:43:00+02:00,3216.82,3216.82,3216.07,3216.82,8
SQ:US500,2020-07-20T13:44:00+02:00,3216.82,3217.32,3216.82,3217.07,3
SQ:US500,2020-07-20T13:45:00+02:00,3217.07,3218.07,3217.07,3217.57,9
SQ:US500,2020-07-20T13:46:00+02:00,3217.57,3217.82,3217.32,3217.57,9
SQ:US500,2020-07-20T13:47:00+02:00,3217.57,3217.57,3217.07,3217.07,7
SQ:US500,2020-07-20T13:48:00+02:00,3217.07,3217.82,3216.82,3217.57,9
SQ:US500,2020-07-20T13:49:00+02:00,3217.82,3218.82,3217.57,3218.82,11
SQ:US500,2020-07-20T13:50:00+02:00,3218.82,3222.32,3218.82,3220.82,38
SQ:US500,2020-07-20T13:51:00+02:00,3220.82,3220.82,3220.32,3220.32,11
SQ:US500,2020-07-20T13:52:00+02:00,3220.32,3220.32,3219.32,3219.32,7
SQ:US500,2020-07-20T13:53:00+02:00,3219.32,3219.82,3218.82,3219.32,18
SQ:US500,2020-07-20T13:54:00+02:00,3219.32,3219.82,3219.07,3219.57,12
SQ:US500,2020-07-20T13:55:00+02:00,3219.57,3219.57,3218.82,3218.82,10
SQ:US500,2020-07-20T13:56:00+02:00,3218.82,3219.82,3218.82,3219.57,12
SQ:US500,2020-07-20T13:57:00+02:00,3219.57,3220.07,3219.57,3219.57,11
SQ:US500,2020-07-20T13:58:00+02:00,3219.57,3220.07,3219.57,3219.82,7
SQ:US500,2020-07-20T13:59:00+02:00,3219.82,3219.82,3219.07,3219.32,9
SQ:US500,2020-07-20T14:00:00+02:00,3219.32,3219.32,3219.07,3219.07,8
SQ:US500,2020-07-20T14:01:00+02:00,3219.07,3219.32,3218.82,3219.07,17
SQ:US500,2020-07-20T14:02:00+02:00,3219.07,3219.82,3218.32,3218.32,10
SQ:US500,2020-07-20T14:03:00+02:00,3218.32,3218.82,3218.32,3218.82,14
SQ:US500,2020-07-20T14:04:00+02:00,3218.82,3218.82,3218.32,3218.57,7
SQ:US500,2020-07-20T14:05:00+02:00,3218.57,3219.57,3218.57,3219.57,7
SQ:US500,2020-07-20T14:06:00+02:00,3219.57,3220.82,3219.57,3219.57,17
SQ:US500,2020-07-20T14:07:00+02:00,3219.57,3219.82,3218.82,3218.82,6
SQ:US500,2020-07-20T14:08:00+02:00,3218.82,3218.82,3217.82,3217.82,13
SQ:US500,2020-07-20T14:09:00+02:00,3217.57,3217.57,3216.57,3216.57,21
SQ:US500,2020-07-20T14:10:00+02:00,3216.57,3217.82,3216.57,3217.57,13
SQ:US500,2020-07-20T14:11:00+02:00,3217.32,3217.32,3216.82,3217.07,6
SQ:US500,2020-07-20T14:12:00+02:00,3217.07,3217.57,3216.32,3216.32,17
SQ:US500,2020-07-20T14:13:00+02:00,3216.82,3217.32,3216.82,3216.82,9
SQ:US500,2020-07-20T14:14:00+02:00,3217.07,3217.32,3216.82,3217.07,11
SQ:US500,2020-07-20T14:15:00+02:00,3217.07,3217.07,3216.82,3217.07,9
SQ:US500,2020-07-20T14:16:00+02:00,3217.07,3217.32,3216.82,3216.82,16
SQ:US500,2020-07-20T14:17:00+02:00,3216.82,3217.57,3215.82,3217.32,22
SQ:US500,2020-07-20T14:18:00+02:00,3217.32,3217.57,3217.07,3217.57,6
SQ:US500,2020-07-20T14:19:00+02:00,3217.07,3217.57,3216.82,3217.57,13
SQ:US500,2020-07-20T14:20:00+02:00,3217.57,3217.57,3216.57,3216.57,11
SQ:US500,2020-07-20T14:21:00+02:00,3216.57,3217.57,3216.57,3217.07,11
SQ:US500,2020-07-20T14:22:00+02:00,3217.07,3217.57,3216.82,3217.07,11
SQ:US500,2020-07-20T14:23:00+02:00,3217.07,3218.07,3217.07,3217.32,16
SQ:US500,2020-07-20T14:24:00+02:00,3217.07,3217.32,3216.82,3216.82,14
SQ:US500,2020-07-20T14:25:00+02:00,3216.82,3217.57,3216.57,3216.57,10
SQ:US500,2020-07-20T14:26:00+02:00,3216.57,3216.82,3216.07,3216.32,15
SQ:US500,2020-07-20T14:27:00+02:00,3216.07,3216.32,3215.82,3215.82,10
SQ:US500,2020-07-20T14:28:00+02:00,3215.82,3216.07,3215.57,3215.82,9
SQ:US500,2020-07-20T14:29:00+02:00,3215.82,3216.07,3215.82,3215.82,7
SQ:US500,2020-07-20T14:30:00+02:00,3215.82,3216.07,3214.82,3215.07,24
SQ:US500,2020-07-20T14:31:00+02:00,3215.07,3217.07,3215.07,3216.82,18
SQ:US500,2020-07-20T14:32:00+02:00,3216.82,3217.32,3216.57,3217.07,8
SQ:US500,2020-07-20T14:33:00+02:00,3217.32,3217.32,3216.57,3217.07,10
SQ:US500,2020-07-20T14:34:00+02:00,3217.07,3217.07,3216.57,3216.82,4
SQ:US500,2020-07-20T14:35:00+02:00,3216.82,3217.07,3216.57,3216.82,11
SQ:US500,2020-07-20T14:36:00+02:00,3216.82,3217.07,3216.32,3216.57,10
SQ:US500,2020-07-20T14:37:00+02:00,3216.57,3218.07,3216.32,3218.07,19
SQ:US500,2020-07-20T14:38:00+02:00,3218.07,3218.07,3217.07,3217.57,9
SQ:US500,2020-07-20T14:39:00+02:00,3217.82,3218.07,3217.32,3217.82,11
SQ:US500,2020-07-20T14:40:00+02:00,3217.82,3218.07,3217.82,3218.07,2
SQ:US500,2020-07-20T14:41:00+02:00,3218.07,3218.32,3217.32,3217.57,12
SQ:US500,2020-07-20T14:42:00+02:00,3217.57,3217.57,3217.07,3217.32,3
SQ:US500,2020-07-20T14:43:00+02:00,3217.32,3217.32,3215.82,3216.57,15
SQ:US500,2020-07-20T14:44:00+02:00,3216.57,3217.57,3216.57,3216.82,21
SQ:US500,2020-07-20T14:45:00+02:00,3216.82,3219.82,3216.82,3218.57,51
SQ:US500,2020-07-20T14:46:00+02:00,3218.32,3218.57,3217.57,3218.07,30
SQ:US500,2020-07-20T14:47:00+02:00,3218.32,3218.32,3217.57,3218.07,20
SQ:US500,2020-07-20T14:48:00+02:00,3218.07,3219.07,3218.07,3218.57,31
SQ:US500,2020-07-20T14:49:00+02:00,3218.57,3219.07,3218.32,3219.07,13
SQ:US500,2020-07-20T14:50:00+02:00,3219.07,3219.32,3218.57,3219.07,17
SQ:US500,2020-07-20T14:51:00+02:00,3219.07,3221.07,3219.07,3221.07,13
SQ:US500,2020-07-20T14:52:00+02:00,3221.32,3222.57,3221.07,3221.82,41
SQ:US500,2020-07-20T14:53:00+02:00,3221.82,3222.07,3221.57,3222.07,20
SQ:US500,2020-07-20T14:54:00+02:00,3222.07,3222.32,3221.82,3222.32,8
SQ:US500,2020-07-20T14:55:00+02:00,3222.32,3222.32,3221.82,3221.82,7
SQ:US500,2020-07-20T14:56:00+02:00,3221.82,3222.82,3221.82,3222.57,14
SQ:US500,2020-07-20T14:57:00+02:00,3222.57,3223.32,3222.57,3223.07,11
SQ:US500,2020-07-20T14:58:00+02:00,3223.07,3224.07,3223.07,3224.07,20
SQ:US500,2020-07-20T14:59:00+02:00,3224.07,3224.07,3222.57,3222.57,12
SQ:US500,2020-07-20T15:00:00+02:00,3222.57,3223.32,3222.57,3223.32,10
SQ:US500,2020-07-20T15:01:00+02:00,3223.32,3223.32,3223.07,3223.07,10
SQ:US500,2020-07-20T15:02:00+02:00,3223.07,3223.07,3222.57,3222.57,7
SQ:US500,2020-07-20T15:03:00+02:00,3222.57,3224.32,3222.57,3224.32,13
SQ:US500,2020-07-20T15:04:00+02:00,3224.32,3224.57,3223.82,3223.82,15
SQ:US500,2020-07-20T15:05:00+02:00,3223.82,3223.82,3222.82,3223.07,10
SQ:US500,2020-07-20T15:06:00+02:00,3223.07,3223.57,3223.07,3223.32,6
SQ:US500,2020-07-20T15:07:00+02:00,3223.32,3223.57,3222.82,3223.57,10
SQ:US500,2020-07-20T15:08:00+02:00,3223.82,3224.32,3223.82,3224.32,5
SQ:US500,2020-07-20T15:09:00+02:00,3224.32,3224.57,3224.07,3224.32,5
SQ:US500,2020-07-20T15:10:00+02:00,3224.57,3224.57,3223.57,3223.82,8
SQ:US500,2020-07-20T15:11:00+02:00,3223.82,3223.82,3222.82,3222.82,13
SQ:US500,2020-07-20T15:12:00+02:00,3222.82,3223.07,3222.82,3222.82,9
SQ:US500,2020-07-20T15:13:00+02:00,3222.82,3223.32,3222.82,3223.07,10
SQ:US500,2020-07-20T15:14:00+02:00,3223.32,3223.57,3223.07,3223.07,8
SQ:US500,2020-07-20T15:15:00+02:00,3223.07,3223.57,3222.82,3223.07,13
SQ:US500,2020-07-20T15:16:00+02:00,3223.07,3223.32,3222.32,3222.57,22
SQ:US500,2020-07-20T15:17:00+02:00,3222.57,3222.82,3222.32,3222.82,14
SQ:US500,2020-07-20T15:18:00+02:00,3222.82,3223.07,3222.57,3222.82,13
SQ:US500,2020-07-20T15:19:00+02:00,3222.82,3223.07,3222.82,3222.82,9
SQ:US500,2020-07-20T15:20:00+02:00,3222.82,3223.07,3222.32,3222.82,8
SQ:US500,2020-07-20T15:21:00+02:00,3223.07,3223.07,3222.32,3222.57,8
SQ:US500,2020-07-20T15:22:00+02:00,3222.32,3222.82,3222.32,3222.82,15
SQ:US500,2020-07-20T15:23:00+02:00,3222.82,3223.07,3222.57,3222.57,8
SQ:US500,2020-07-20T15:24:00+02:00,3222.82,3222.82,3222.57,3222.57,10
SQ:US500,2020-07-20T15:25:00+02:00,3222.57,3223.32,3222.57,3223.32,6
SQ:US500,2020-07-20T15:26:00+02:00,3223.32,3223.57,3223.32,3223.57,6
SQ:US500,2020-07-20T15:27:00+02:00,3223.57,3223.57,3222.57,3223.07,13
SQ:US500,2020-07-20T15:28:00+02:00,3222.82,3223.07,3222.82,3222.82,5
SQ:US500,2020-07-20T15:29:00+02:00,3222.57,3222.82,3221.82,3221.82,18
SQ:US500,2020-07-20T15:30:00+02:00,3221.57,3225.32,3221.57,3224.57,61
SQ:US500,2020-07-20T15:31:00+02:00,3224.57,3227.82,3222.57,3225.32,111
SQ:US500,2020-07-20T15:32:00+02:00,3225.32,3227.82,3225.32,3226.57,113
SQ:US500,2020-07-20T15:33:00+02:00,3226.82,3228.82,3225.82,3227.07,90
SQ:US500,2020-07-20T15:34:00+02:00,3226.32,3227.07,3224.57,3227.07,119
SQ:US500,2020-07-20T15:35:00+02:00,3227.07,3228.07,3223.07,3223.07,103
SQ:US500,2020-07-20T15:36:00+02:00,3223.07,3224.07,3217.82,3218.07,102
SQ:US500,2020-07-20T15:37:00+02:00,3218.07,3219.57,3214.32,3218.57,127
SQ:US500,2020-07-20T15:38:00+02:00,3218.82,3221.07,3218.82,3220.57,104
SQ:US500,2020-07-20T15:39:00+02:00,3220.57,3223.82,3220.32,3223.32,91
SQ:US500,2020-07-20T15:40:00+02:00,3223.07,3223.82,3218.57,3219.32,116
SQ:US500,2020-07-20T15:41:00+02:00,3219.32,3220.32,3218.32,3220.07,130
SQ:US500,2020-07-20T15:42:00+02:00,3220.07,3220.32,3217.57,3217.82,109
SQ:US500,2020-07-20T15:43:00+02:00,3217.82,3218.57,3215.07,3217.07,114
SQ:US500,2020-07-20T15:44:00+02:00,3216.57,3218.82,3216.57,3218.07,101
SQ:US500,2020-07-20T15:45:00+02:00,3217.57,3219.07,3216.07,3218.57,91
SQ:US500,2020-07-20T15:46:00+02:00,3218.57,3220.07,3217.32,3220.07,81
SQ:US500,2020-07-20T15:47:00+02:00,3220.07,3220.82,3218.57,3220.57,66
SQ:US500,2020-07-20T15:48:00+02:00,3220.57,3220.57,3217.57,3218.57,80
SQ:US500,2020-07-20T15:49:00+02:00,3218.32,3218.57,3215.07,3215.07,100
SQ:US500,2020-07-20T15:50:00+02:00,3215.07,3217.32,3214.32,3216.82,107
SQ:US500,2020-07-20T15:51:00+02:00,3217.07,3219.07,3216.57,3218.82,91
SQ:US500,2020-07-20T15:52:00+02:00,3218.82,3219.32,3217.82,3218.07,76
SQ:US500,2020-07-20T15:53:00+02:00,3218.07,3219.82,3217.82,3219.82,58
SQ:US500,2020-07-20T15:54:00+02:00,3219.57,3221.57,3219.07,3219.32,62
SQ:US500,2020-07-20T15:55:00+02:00,3219.07,3220.07,3217.07,3217.82,90
SQ:US500,2020-07-20T15:56:00+02:00,3217.82,3219.07,3217.32,3218.57,80
SQ:US500,2020-07-20T15:57:00+02:00,3218.57,3218.57,3216.57,3218.32,97
SQ:US500,2020-07-20T15:58:00+02:00,3218.32,3218.57,3215.82,3217.57,57
SQ:US500,2020-07-20T15:59:00+02:00,3217.57,3218.82,3217.32,3218.82,42
SQ:US500,2020-07-20T16:00:00+02:00,3219.57,3219.82,3217.07,3219.07,69
SQ:US500,2020-07-20T16:01:00+02:00,3219.07,3221.07,3216.82,3218.32,83
SQ:US500,2020-07-20T16:02:00+02:00,3218.32,3219.82,3217.07,3218.57,72
SQ:US500,2020-07-20T16:03:00+02:00,3218.57,3219.82,3217.57,3219.82,79
SQ:US500,2020-07-20T16:04:00+02:00,3219.82,3221.32,3219.32,3220.82,76
SQ:US500,2020-07-20T16:05:00+02:00,3220.82,3224.32,3220.32,3224.32,74
SQ:US500,2020-07-20T16:06:00+02:00,3224.32,3225.82,3224.07,3225.57,42
SQ:US500,2020-07-20T16:07:00+02:00,3225.57,3225.57,3224.57,3225.07,55
SQ:US500,2020-07-20T16:08:00+02:00,3225.32,3225.32,3223.82,3224.57,46
SQ:US500,2020-07-20T16:09:00+02:00,3224.57,3225.57,3224.07,3224.57,35
SQ:US500,2020-07-20T16:10:00+02:00,3224.57,3225.32,3224.07,3225.32,49
SQ:US500,2020-07-20T16:11:00+02:00,3225.57,3225.57,3224.82,3225.32,26
SQ:US500,2020-07-20T16:12:00+02:00,3225.32,3225.82,3223.57,3224.07,41
SQ:US500,2020-07-20T16:13:00+02:00,3224.07,3226.57,3223.82,3225.82,45
SQ:US500,2020-07-20T16:14:00+02:00,3225.82,3226.57,3225.07,3225.82,27
SQ:US500,2020-07-20T16:15:00+02:00,3225.82,3227.07,3225.57,3226.07,40
SQ:US500,2020-07-20T16:16:00+02:00,3226.07,3226.82,3226.07,3226.82,22
SQ:US500,2020-07-20T16:17:00+02:00,3226.82,3226.82,3225.32,3225.82,29
SQ:US500,2020-07-20T16:18:00+02:00,3225.82,3227.57,3225.82,3227.32,18
SQ:US500,2020-07-20T16:19:00+02:00,3227.32,3228.07,3227.32,3228.07,14
SQ:US500,2020-07-20T16:20:00+02:00,3228.32,3228.82,3227.57,3228.07,25
SQ:US500,2020-07-20T16:21:00+02:00,3227.82,3229.32,3227.57,3229.32,7
SQ:US500,2020-07-20T16:22:00+02:00,3229.57,3229.57,3228.82,3228.82,9
SQ:US500,2020-07-20T16:23:00+02:00,3228.32,3230.07,3227.57,3230.07,23
SQ:US500,2020-07-20T16:24:00+02:00,3230.32,3231.07,3230.07,3230.57,26
SQ:US500,2020-07-20T16:25:00+02:00,3230.82,3231.32,3230.07,3231.07,27
SQ:US500,2020-07-20T16:26:00+02:00,3231.07,3232.32,3230.57,3232.32,20
SQ:US500,2020-07-20T16:27:00+02:00,3232.32,3234.07,3231.82,3232.32,22
SQ:US500,2020-07-20T16:28:00+02:00,3232.32,3233.32,3231.32,3233.32,31
SQ:US500,2020-07-20T16:29:00+02:00,3233.57,3234.07,3233.07,3234.07,39
SQ:US500,2020-07-20T16:30:00+02:00,3234.32,3235.32,3233.82,3235.32,30
SQ:US500,2020-07-20T16:31:00+02:00,3235.32,3235.32,3233.32,3234.07,46
SQ:US500,2020-07-20T16:32:00+02:00,3234.57,3234.57,3233.57,3234.07,26
SQ:US500,2020-07-20T16:33:00+02:00,3234.32,3234.57,3233.32,3233.57,28
SQ:US500,2020-07-20T16:34:00+02:00,3233.32,3234.32,3233.32,3234.32,23
SQ:US500,2020-07-20T16:35:00+02:00,3234.57,3236.07,3234.57,3235.82,31
SQ:US500,2020-07-20T16:36:00+02:00,3235.82,3236.07,3235.32,3235.32,14
SQ:US500,2020-07-20T16:37:00+02:00,3235.32,3235.57,3234.82,3234.82,27
SQ:US500,2020-07-20T16:38:00+02:00,3234.82,3237.07,3234.82,3236.32,24
SQ:US500,2020-07-20T16:39:00+02:00,3236.32,3237.82,3235.57,3236.07,29
SQ:US500,2020-07-20T16:40:00+02:00,3236.07,3237.32,3235.57,3237.32,28
SQ:US500,2020-07-20T16:41:00+02:00,3237.32,3237.82,3236.57,3236.82,27
SQ:US500,2020-07-20T16:42:00+02:00,3236.82,3237.07,3236.07,3237.07,27
SQ:US500,2020-07-20T16:43:00+02:00,3236.82,3237.57,3236.07,3236.32,35
SQ:US500,2020-07-20T16:44:00+02:00,3236.32,3236.57,3235.57,3235.82,29
SQ:US500,2020-07-20T16:45:00+02:00,3235.57,3235.82,3234.32,3235.57,34
SQ:US500,2020-07-20T16:46:00+02:00,3235.57,3236.32,3235.32,3236.07,25
SQ:US500,2020-07-20T16:47:00+02:00,3236.32,3236.57,3235.82,3236.07,24
SQ:US500,2020-07-20T16:48:00+02:00,3236.07,3236.07,3235.32,3235.32,26
SQ:US500,2020-07-20T16:49:00+02:00,3235.32,3235.57,3234.82,3235.07,26
SQ:US500,2020-07-20T16:50:00+02:00,3235.07,3235.07,3233.32,3233.82,44
SQ:US500,2020-07-20T16:51:00+02:00,3233.57,3234.07,3233.07,3233.32,21
SQ:US500,2020-07-20T16:52:00+02:00,3233.32,3234.32,3233.32,3233.82,19
SQ:US500,2020-07-20T16:53:00+02:00,3233.82,3233.82,3232.82,3233.07,29
SQ:US500,2020-07-20T16:54:00+02:00,3233.32,3233.57,3232.82,3232.82,26
SQ:US500,2020-07-20T16:55:00+02:00,3232.82,3234.57,3232.82,3234.32,27
SQ:US500,2020-07-20T16:56:00+02:00,3234.32,3234.57,3233.57,3233.82,12
SQ:US500,2020-07-20T16:57:00+02:00,3233.32,3233.57,3232.07,3232.82,16
SQ:US500,2020-07-20T16:58:00+02:00,3232.82,3232.82,3232.32,3232.82,13
SQ:US500,2020-07-20T16:59:00+02:00,3232.32,3233.07,3232.07,3232.57,30
SQ:US500,2020-07-20T17:00:00+02:00,3232.82,3233.32,3232.07,3232.32,28
SQ:US500,2020-07-20T17:01:00+02:00,3232.07,3232.57,3231.07,3231.57,37
SQ:US500,2020-07-20T17:02:00+02:00,3231.57,3232.82,3231.57,3232.57,31
SQ:US500,2020-07-20T17:03:00+02:00,3232.57,3233.07,3231.82,3231.82,28
SQ:US500,2020-07-20T17:04:00+02:00,3232.07,3232.57,3231.57,3232.07,15
SQ:US500,2020-07-20T17:05:00+02:00,3232.32,3232.32,3231.57,3231.82,17
SQ:US500,2020-07-20T17:06:00+02:00,3231.82,3232.57,3231.57,3232.57,10
SQ:US500,2020-07-20T17:07:00+02:00,3232.57,3232.57,3232.07,3232.32,20
SQ:US500,2020-07-20T17:08:00+02:00,3232.32,3232.32,3231.82,3232.07,8
SQ:US500,2020-07-20T17:09:00+02:00,3231.82,3232.32,3231.57,3231.57,16
SQ:US500,2020-07-20T17:10:00+02:00,3231.82,3234.07,3231.82,3233.82,25
SQ:US500,2020-07-20T17:11:00+02:00,3233.57,3234.07,3232.57,3233.07,17
SQ:US500,2020-07-20T17:12:00+02:00,3233.07,3233.32,3232.82,3233.32,20
SQ:US500,2020-07-20T17:13:00+02:00,3233.07,3233.07,3232.57,3233.07,13
SQ:US500,2020-07-20T17:14:00+02:00,3233.07,3233.32,3232.82,3233.32,6
SQ:US500,2020-07-20T17:15:00+02:00,3233.32,3234.07,3233.07,3234.07,8
SQ:US500,2020-07-20T17:16:00+02:00,3234.32,3235.32,3233.82,3235.32,10
SQ:US500,2020-07-20T17:17:00+02:00,3235.07,3235.32,3234.07,3234.32,20
SQ:US500,2020-07-20T17:18:00+02:00,3234.32,3234.57,3233.82,3234.07,10
SQ:US500,2020-07-20T17:19:00+02:00,3234.07,3234.32,3233.32,3234.07,26
SQ:US500,2020-07-20T17:20:00+02:00,3234.07,3234.82,3234.07,3234.57,20
SQ:US500,2020-07-20T17:21:00+02:00,3234.57,3234.82,3232.07,3232.57,25
SQ:US500,2020-07-20T17:22:00+02:00,3232.32,3232.57,3231.82,3232.07,18
SQ:US500,2020-07-20T17:23:00+02:00,3232.32,3233.07,3232.07,3232.82,17
SQ:US500,2020-07-20T17:24:00+02:00,3233.07,3233.57,3231.82,3232.82,24
SQ:US500,2020-07-20T17:25:00+02:00,3232.82,3233.57,3232.57,3233.57,15
SQ:US500,2020-07-20T17:26:00+02:00,3233.57,3235.07,3233.57,3234.57,27
SQ:US500,2020-07-20T17:27:00+02:00,3234.82,3235.07,3234.32,3234.57,28
SQ:US500,2020-07-20T17:28:00+02:00,3234.57,3234.57,3234.07,3234.57,31
SQ:US500,2020-07-20T17:29:00+02:00,3234.57,3235.32,3234.32,3235.07,17
SQ:US500,2020-07-20T17:30:00+02:00,3235.32,3235.57,3234.82,3234.82,25
SQ:US500,2020-07-20T17:31:00+02:00,3234.82,3235.82,3234.82,3235.82,9
SQ:US500,2020-07-20T17:32:00+02:00,3235.57,3235.82,3234.57,3235.07,17
SQ:US500,2020-07-20T17:33:00+02:00,3235.07,3236.07,3235.07,3236.07,10
SQ:US500,2020-07-20T17:34:00+02:00,3236.07,3236.07,3235.32,3235.32,19
SQ:US500,2020-07-20T17:35:00+02:00,3235.32,3235.57,3234.07,3234.32,24
SQ:US500,2020-07-20T17:36:00+02:00,3234.32,3235.07,3234.32,3235.07,16
SQ:US500,2020-07-20T17:37:00+02:00,3235.07,3236.07,3235.07,3236.07,19
SQ:US500,2020-07-20T17:38:00+02:00,3236.07,3236.82,3236.07,3236.82,17
SQ:US500,2020-07-20T17:39:00+02:00,3236.82,3237.82,3236.82,3237.82,5
SQ:US500,2020-07-20T17:40:00+02:00,3237.57,3237.57,3236.82,3236.82,19
SQ:US500,2020-07-20T17:41:00+02:00,3236.57,3237.07,3236.57,3236.82,16
SQ:US500,2020-07-20T17:42:00+02:00,3236.57,3236.57,3236.32,3236.57,7
SQ:US500,2020-07-20T17:43:00+02:00,3236.82,3236.82,3236.57,3236.82,19
SQ:US500,2020-07-20T17:44:00+02:00,3236.57,3236.82,3236.57,3236.82,6
SQ:US500,2020-07-20T17:45:00+02:00,3236.57,3237.57,3236.57,3237.32,14
SQ:US500,2020-07-20T17:46:00+02:00,3237.32,3237.82,3237.32,3237.32,7
SQ:US500,2020-07-20T17:47:00+02:00,3237.32,3237.57,3237.07,3237.07,14
SQ:US500,2020-07-20T17:48:00+02:00,3237.07,3237.32,3236.82,3237.07,7
SQ:US500,2020-07-20T17:49:00+02:00,3237.57,3238.57,3237.57,3238.32,16
SQ:US500,2020-07-20T17:50:00+02:00,3238.32,3238.82,3238.07,3238.57,11
SQ:US500,2020-07-20T17:51:00+02:00,3238.57,3238.82,3238.07,3238.07,6
SQ:US500,2020-07-20T17:52:00+02:00,3238.07,3238.57,3237.57,3237.57,12
SQ:US500,2020-07-20T17:53:00+02:00,3237.57,3237.57,3237.32,3237.32,10
SQ:US500,2020-07-20T17:54:00+02:00,3237.07,3237.82,3237.07,3237.57,13
SQ:US500,2020-07-20T17:55:00+02:00,3237.57,3237.82,3237.07,3237.82,13
SQ:US500,2020-07-20T17:56:00+02:00,3237.57,3237.57,3237.07,3237.07,3
SQ:US500,2020-07-20T17:57:00+02:00,3237.07,3237.07,3236.57,3236.82,4
SQ:US500,2020-07-20T17:58:00+02:00,3236.82,3236.82,3236.57,3236.57,2
SQ:US500,2020-07-20T17:59:00+02:00,3236.57,3236.57,3236.07,3236.32,8
SQ:US500,2020-07-20T18:00:00+02:00,3236.32,3236.32,3235.82,3236.07,12
SQ:US500,2020-07-20T18:01:00+02:00,3236.07,3236.57,3233.57,3233.57,20
SQ:US500,2020-07-20T18:02:00+02:00,3233.57,3234.32,3232.32,3233.07,33
SQ:US500,2020-07-20T18:03:00+02:00,3232.82,3233.57,3232.82,3233.32,15
SQ:US500,2020-07-20T18:04:00+02:00,3233.32,3234.07,3233.32,3233.82,9
SQ:US500,2020-07-20T18:05:00+02:00,3233.82,3234.82,3233.82,3234.82,20
SQ:US500,2020-07-20T18:06:00+02:00,3234.82,3235.32,3234.57,3234.82,24
SQ:US500,2020-07-20T18:07:00+02:00,3234.57,3235.07,3234.57,3235.07,7
SQ:US500,2020-07-20T18:08:00+02:00,3235.07,3235.57,3234.82,3235.57,10
SQ:US500,2020-07-20T18:09:00+02:00,3235.32,3235.32,3234.57,3235.07,10
SQ:US500,2020-07-20T18:10:00+02:00,3235.07,3236.57,3235.07,3236.57,27
SQ:US500,2020-07-20T18:11:00+02:00,3236.57,3236.82,3236.32,3236.32,22
SQ:US500,2020-07-20T18:12:00+02:00,3236.32,3236.82,3236.32,3236.82,7
SQ:US500,2020-07-20T18:13:00+02:00,3236.82,3237.82,3236.57,3237.57,24
SQ:US500,2020-07-20T18:14:00+02:00,3237.57,3237.82,3237.32,3237.57,9
SQ:US500,2020-07-20T18:15:00+02:00,3237.57,3237.82,3237.32,3237.82,4
SQ:US500,2020-07-20T18:16:00+02:00,3237.82,3238.32,3237.57,3238.32,9
SQ:US500,2020-07-20T18:17:00+02:00,3238.32,3238.57,3238.07,3238.57,10
SQ:US500,2020-07-20T18:18:00+02:00,3238.07,3238.07,3237.82,3237.82,2
SQ:US500,2020-07-20T18:19:00+02:00,3237.82,3238.32,3237.82,3238.07,8
SQ:US500,2020-07-20T18:20:00+02:00,3238.07,3238.32,3237.32,3237.57,10
SQ:US500,2020-07-20T18:21:00+02:00,3237.57,3237.57,3237.07,3237.57,13
SQ:US500,2020-07-20T18:22:00+02:00,3237.32,3237.82,3237.32,3237.32,11
SQ:US500,2020-07-20T18:23:00+02:00,3237.32,3237.82,3237.32,3237.32,9
SQ:US500,2020-07-20T18:24:00+02:00,3237.32,3237.57,3237.32,3237.32,5
SQ:US500,2020-07-20T18:25:00+02:00,3237.32,3237.32,3236.57,3236.57,7
SQ:US500,2020-07-20T18:26:00+02:00,3236.32,3236.57,3235.82,3235.82,15
SQ:US500,2020-07-20T18:27:00+02:00,3235.82,3235.82,3234.82,3234.82,10
SQ:US500,2020-07-20T18:28:00+02:00,3234.82,3235.07,3234.57,3234.82,21
SQ:US500,2020-07-20T18:29:00+02:00,3234.82,3235.07,3234.82,3235.07,20
SQ:US500,2020-07-20T18:30:00+02:00,3235.07,3235.57,3234.82,3235.07,17
SQ:US500,2020-07-20T18:31:00+02:00,3234.82,3235.07,3234.32,3234.57,14
SQ:US500,2020-07-20T18:32:00+02:00,3234.57,3235.57,3234.57,3235.07,11
SQ:US500,2020-07-20T18:33:00+02:00,3235.07,3236.07,3235.07,3235.57,24
SQ:US500,2020-07-20T18:34:00+02:00,3235.57,3237.07,3235.32,3237.07,15
SQ:US500,2020-07-20T18:35:00+02:00,3237.07,3237.32,3236.57,3237.07,13
SQ:US500,2020-07-20T18:36:00+02:00,3237.07,3237.32,3236.82,3237.07,7
SQ:US500,2020-07-20T18:37:00+02:00,3237.07,3237.32,3237.07,3237.32,4
SQ:US500,2020-07-20T18:38:00+02:00,3237.07,3237.32,3236.82,3237.07,14
SQ:US500,2020-07-20T18:39:00+02:00,3237.07,3237.57,3236.82,3237.32,12
SQ:US500,2020-07-20T18:40:00+02:00,3237.32,3237.82,3236.82,3237.82,6
SQ:US500,2020-07-20T18:41:00+02:00,3237.82,3238.07,3237.32,3237.32,7
SQ:US500,2020-07-20T18:42:00+02:00,3237.32,3237.57,3236.57,3236.82,11
SQ:US500,2020-07-20T18:43:00+02:00,3236.82,3237.07,3236.57,3237.07,10
SQ:US500,2020-07-20T18:44:00+02:00,3236.82,3237.32,3236.57,3237.07,12
SQ:US500,2020-07-20T18:45:00+02:00,3237.32,3237.82,3237.07,3237.82,5
SQ:US500,2020-07-20T18:46:00+02:00,3237.82,3237.82,3237.57,3237.57,4
SQ:US500,2020-07-20T18:47:00+02:00,3237.57,3237.57,3237.32,3237.57,3
SQ:US500,2020-07-20T18:48:00+02:00,3237.32,3237.57,3237.07,3237.57,8
SQ:US500,2020-07-20T18:49:00+02:00,3237.57,3238.07,3237.32,3237.32,16
SQ:US500,2020-07-20T18:50:00+02:00,3237.32,3237.57,3236.57,3236.57,14
SQ:US500,2020-07-20T18:51:00+02:00,3236.57,3237.07,3236.32,3236.57,7
SQ:US500,2020-07-20T18:52:00+02:00,3236.82,3237.32,3236.82,3237.07,16
SQ:US500,2020-07-20T18:53:00+02:00,3237.07,3237.07,3236.82,3237.07,13
SQ:US500,2020-07-20T18:54:00+02:00,3237.32,3237.57,3236.82,3237.07,7
SQ:US500,2020-07-20T18:55:00+02:00,3237.07,3237.07,3236.32,3236.57,17
SQ:US500,2020-07-20T18:56:00+02:00,3236.57,3236.82,3236.32,3236.32,3
SQ:US500,2020-07-20T18:57:00+02:00,3236.57,3237.07,3236.07,3236.82,11
SQ:US500,2020-07-20T18:58:00+02:00,3236.82,3237.07,3236.07,3237.07,9
SQ:US500,2020-07-20T18:59:00+02:00,3237.07,3237.82,3237.07,3237.82,10
SQ:US500,2020-07-20T19:00:00+02:00,3238.07,3238.57,3237.82,3238.07,9
SQ:US500,2020-07-20T19:01:00+02:00,3238.07,3238.32,3237.57,3238.07,8
SQ:US500,2020-07-20T19:02:00+02:00,3238.07,3238.07,3237.32,3237.82,16
SQ:US500,2020-07-20T19:03:00+02:00,3237.82,3237.82,3237.32,3237.32,17
SQ:US500,2020-07-20T19:04:00+02:00,3237.07,3238.07,3237.07,3237.82,10
SQ:US500,2020-07-20T19:05:00+02:00,3237.82,3237.82,3236.57,3236.57,7
SQ:US500,2020-07-20T19:06:00+02:00,3236.57,3237.32,3236.32,3237.07,11
SQ:US500,2020-07-20T19:07:00+02:00,3237.07,3237.82,3237.07,3237.82,4
SQ:US500,2020-07-20T19:08:00+02:00,3237.82,3237.82,3237.57,3237.57,4
SQ:US500,2020-07-20T19:09:00+02:00,3237.57,3237.82,3237.32,3237.32,6
SQ:US500,2020-07-20T19:10:00+02:00,3237.32,3237.57,3237.32,3237.57,12
SQ:US500,2020-07-20T19:11:00+02:00,3237.57,3237.57,3237.32,3237.57,7
SQ:US500,2020-07-20T19:12:00+02:00,3237.57,3238.07,3237.57,3238.07,13
SQ:US500,2020-07-20T19:13:00+02:00,3238.07,3238.32,3237.57,3237.57,11
SQ:US500,2020-07-20T19:14:00+02:00,3237.57,3237.82,3237.32,3237.82,32
SQ:US500,2020-07-20T19:15:00+02:00,3237.82,3238.57,3237.82,3238.32,10
SQ:US500,2020-07-20T19:16:00+02:00,3238.32,3238.32,3238.07,3238.07,2
SQ:US500,2020-07-20T19:17:00+02:00,3238.32,3239.82,3238.32,3239.57,10
SQ:US500,2020-07-20T19:18:00+02:00,3239.32,3239.57,3239.32,3239.32,5
SQ:US500,2020-07-20T19:19:00+02:00,3239.32,3240.32,3239.32,3240.07,7
SQ:US500,2020-07-20T19:20:00+02:00,3240.07,3240.82,3240.07,3240.57,7
SQ:US500,2020-07-20T19:21:00+02:00,3240.32,3240.57,3240.32,3240.32,9
SQ:US500,2020-07-20T19:22:00+02:00,3240.32,3240.32,3239.82,3239.82,7
SQ:US500,2020-07-20T19:23:00+02:00,3239.82,3240.32,3239.82,3240.07,5
SQ:US500,2020-07-20T19:24:00+02:00,3240.07,3240.32,3240.07,3240.32,6
SQ:US500,2020-07-20T19:25:00+02:00,3240.32,3240.32,3240.07,3240.32,7
SQ:US500,2020-07-20T19:26:00+02:00,3240.32,3240.32,3240.07,3240.07,4
SQ:US500,2020-07-20T19:27:00+02:00,3240.32,3240.32,3240.07,3240.07,4
SQ:US500,2020-07-20T19:28:00+02:00,3240.07,3240.07,3239.82,3239.82,2
SQ:US500,2020-07-20T19:29:00+02:00,3239.82,3240.82,3239.82,3240.82,13
SQ:US500,2020-07-20T19:30:00+02:00,3240.57,3241.07,3240.32,3240.82,9
SQ:US500,2020-07-20T19:31:00+02:00,3240.57,3240.57,3240.07,3240.32,6
SQ:US500,2020-07-20T19:32:00+02:00,3240.32,3240.57,3240.07,3240.07,10
SQ:US500,2020-07-20T19:33:00+02:00,3239.82,3239.82,3239.82,3239.82,1
SQ:US500,2020-07-20T19:34:00+02:00,3240.07,3240.32,3239.82,3239.82,3
SQ:US500,2020-07-20T19:35:00+02:00,3239.57,3239.57,3239.32,3239.57,3
SQ:US500,2020-07-20T19:36:00+02:00,3239.57,3240.07,3239.32,3239.57,8
SQ:US500,2020-07-20T19:37:00+02:00,3239.57,3239.82,3239.32,3239.32,7
SQ:US500,2020-07-20T19:38:00+02:00,3239.32,3239.82,3239.32,3239.57,4
SQ:US500,2020-07-20T19:39:00+02:00,3239.57,3240.07,3239.57,3240.07,11
SQ:US500,2020-07-20T19:40:00+02:00,3240.07,3242.57,3240.07,3242.07,15
SQ:US500,2020-07-20T19:41:00+02:00,3242.32,3244.32,3242.07,3244.32,23
SQ:US500,2020-07-20T19:42:00+02:00,3244.82,3244.82,3243.57,3243.82,19
SQ:US500,2020-07-20T19:43:00+02:00,3243.57,3243.82,3242.82,3243.07,21
SQ:US500,2020-07-20T19:44:00+02:00,3243.07,3243.82,3243.07,3243.32,6
SQ:US500,2020-07-20T19:45:00+02:00,3243.07,3243.32,3242.82,3243.32,14
SQ:US500,2020-07-20T19:46:00+02:00,3243.32,3243.32,3242.82,3242.82,8
SQ:US500,2020-07-20T19:47:00+02:00,3242.57,3242.82,3242.57,3242.82,6
SQ:US500,2020-07-20T19:48:00+02:00,3242.82,3243.07,3242.82,3243.07,12
SQ:US500,2020-07-20T19:49:00+02:00,3243.07,3243.57,3243.07,3243.57,11
SQ:US500,2020-07-20T19:50:00+02:00,3243.57,3244.82,3243.57,3244.82,7
SQ:US500,2020-07-20T19:51:00+02:00,3244.32,3244.57,3244.07,3244.07,22
SQ:US500,2020-07-20T19:52:00+02:00,3244.32,3244.32,3244.07,3244.32,9
SQ:US500,2020-07-20T19:53:00+02:00,3244.32,3244.32,3243.82,3244.32,5
SQ:US500,2020-07-20T19:54:00+02:00,3244.32,3245.57,3244.32,3245.57,5
SQ:US500,2020-07-20T19:55:00+02:00,3245.32,3245.57,3244.82,3244.82,11
SQ:US500,2020-07-20T19:56:00+02:00,3244.82,3245.07,3244.82,3245.07,2
SQ:US500,2020-07-20T19:57:00+02:00,3245.32,3245.57,3245.07,3245.07,4
SQ:US500,2020-07-20T19:58:00+02:00,3245.07,3245.57,3245.07,3245.57,5
SQ:US500,2020-07-20T19:59:00+02:00,3245.57,3246.07,3244.82,3244.82,11
SQ:US500,2020-07-20T20:00:00+02:00,3244.82,3245.32,3243.82,3243.82,23
SQ:US500,2020-07-20T20:01:00+02:00,3243.82,3244.57,3242.82,3243.07,37
SQ:US500,2020-07-20T20:02:00+02:00,3243.32,3243.82,3242.82,3243.82,27
SQ:US500,2020-07-20T20:03:00+02:00,3243.82,3244.57,3243.82,3244.57,16
SQ:US500,2020-07-20T20:04:00+02:00,3244.32,3244.57,3244.07,3244.07,14
SQ:US500,2020-07-20T20:05:00+02:00,3244.32,3244.32,3243.82,3244.32,9
SQ:US500,2020-07-20T20:06:00+02:00,3244.32,3244.57,3244.07,3244.07,10
SQ:US500,2020-07-20T20:07:00+02:00,3244.07,3244.07,3243.57,3244.07,11
SQ:US500,2020-07-20T20:08:00+02:00,3243.82,3244.82,3243.82,3244.57,12
SQ:US500,2020-07-20T20:09:00+02:00,3244.57,3244.82,3243.82,3243.82,7
SQ:US500,2020-07-20T20:10:00+02:00,3243.82,3243.82,3243.07,3243.32,15
SQ:US500,2020-07-20T20:11:00+02:00,3243.57,3244.32,3243.57,3244.07,10
SQ:US500,2020-07-20T20:12:00+02:00,3244.07,3244.32,3243.82,3244.07,16
SQ:US500,2020-07-20T20:13:00+02:00,3244.07,3244.07,3243.57,3243.82,12
SQ:US500,2020-07-20T20:14:00+02:00,3243.82,3244.32,3243.57,3244.07,7
SQ:US500,2020-07-20T20:15:00+02:00,3244.32,3244.32,3243.82,3244.32,11
SQ:US500,2020-07-20T20:16:00+02:00,3244.32,3244.32,3243.57,3243.82,5
SQ:US500,2020-07-20T20:17:00+02:00,3243.57,3243.57,3243.07,3243.07,5
SQ:US500,2020-07-20T20:18:00+02:00,3243.07,3244.07,3243.07,3244.07,11
SQ:US500,2020-07-20T20:19:00+02:00,3244.07,3244.82,3243.82,3243.82,6
SQ:US500,2020-07-20T20:20:00+02:00,3243.82,3244.32,3243.57,3244.32,13
SQ:US500,2020-07-20T20:21:00+02:00,3244.32,3245.07,3244.32,3244.82,13
SQ:US500,2020-07-20T20:22:00+02:00,3244.82,3245.32,3244.32,3245.07,11
SQ:US500,2020-07-20T20:23:00+02:00,3245.07,3245.07,3243.57,3244.32,21
SQ:US500,2020-07-20T20:24:00+02:00,3244.32,3244.57,3243.57,3244.07,14
SQ:US500,2020-07-20T20:25:00+02:00,3244.07,3245.32,3244.07,3244.82,12
SQ:US500,2020-07-20T20:26:00+02:00,3244.57,3244.57,3244.32,3244.32,14
SQ:US500,2020-07-20T20:27:00+02:00,3244.57,3244.82,3244.07,3244.32,5
SQ:US500,2020-07-20T20:28:00+02:00,3244.32,3244.57,3244.07,3244.07,8
SQ:US500,2020-07-20T20:29:00+02:00,3244.07,3244.82,3243.82,3244.82,10
SQ:US500,2020-07-20T20:30:00+02:00,3245.07,3245.07,3244.82,3244.82,4
SQ:US500,2020-07-20T20:31:00+02:00,3244.82,3245.07,3244.82,3245.07,2
SQ:US500,2020-07-20T20:32:00+02:00,3245.07,3246.32,3244.82,3246.32,13
SQ:US500,2020-07-20T20:33:00+02:00,3246.32,3247.32,3246.32,3246.82,14
SQ:US500,2020-07-20T20:34:00+02:00,3246.82,3246.82,3246.07,3246.57,10
SQ:US500,2020-07-20T20:35:00+02:00,3246.32,3246.57,3245.82,3246.07,6
SQ:US500,2020-07-20T20:36:00+02:00,3246.07,3246.32,3245.82,3246.07,5
SQ:US500,2020-07-20T20:37:00+02:00,3246.07,3246.07,3245.57,3245.57,11
SQ:US500,2020-07-20T20:38:00+02:00,3245.82,3245.82,3245.07,3245.32,5
SQ:US500,2020-07-20T20:39:00+02:00,3245.07,3245.57,3245.07,3245.57,4
SQ:US500,2020-07-20T20:40:00+02:00,3245.82,3245.82,3245.57,3245.82,7
SQ:US500,2020-07-20T20:41:00+02:00,3245.82,3246.07,3245.57,3246.07,6
SQ:US500,2020-07-20T20:42:00+02:00,3246.07,3246.32,3246.07,3246.32,2
SQ:US500,2020-07-20T20:43:00+02:00,3246.32,3246.32,3245.57,3245.57,8
SQ:US500,2020-07-20T20:44:00+02:00,3245.57,3246.07,3245.57,3245.57,9
SQ:US500,2020-07-20T20:45:00+02:00,3245.82,3245.82,3245.07,3245.32,8
SQ:US500,2020-07-20T20:46:00+02:00,3245.32,3245.82,3245.07,3245.82,13
SQ:US500,2020-07-20T20:47:00+02:00,3245.57,3245.57,3245.07,3245.32,6
SQ:US500,2020-07-20T20:48:00+02:00,3245.32,3245.82,3245.32,3245.57,6
SQ:US500,2020-07-20T20:49:00+02:00,3245.82,3246.82,3245.82,3246.57,17
SQ:US500,2020-07-20T20:50:00+02:00,3246.57,3246.82,3246.57,3246.57,7
SQ:US500,2020-07-20T20:51:00+02:00,3246.57,3247.07,3246.32,3246.82,8
SQ:US500,2020-07-20T20:52:00+02:00,3246.57,3246.57,3246.32,3246.32,4
SQ:US500,2020-07-20T20:53:00+02:00,3246.57,3246.57,3246.32,3246.57,5
SQ:US500,2020-07-20T20:54:00+02:00,3246.82,3247.07,3246.07,3246.57,11
SQ:US500,2020-07-20T20:55:00+02:00,3246.32,3246.57,3245.82,3246.57,10
SQ:US500,2020-07-20T20:56:00+02:00,3246.57,3246.57,3246.07,3246.32,8
SQ:US500,2020-07-20T20:57:00+02:00,3246.32,3246.32,3245.82,3246.32,6
SQ:US500,2020-07-20T20:58:00+02:00,3246.07,3246.07,3245.57,3245.82,6
SQ:US500,2020-07-20T20:59:00+02:00,3245.57,3245.82,3245.57,3245.57,11
SQ:US500,2020-07-20T21:00:00+02:00,3245.32,3246.32,3245.32,3246.32,11
SQ:US500,2020-07-20T21:01:00+02:00,3246.57,3246.82,3246.07,3246.07,13
SQ:US500,2020-07-20T21:02:00+02:00,3246.07,3247.32,3246.07,3246.82,16
SQ:US500,2020-07-20T21:03:00+02:00,3246.82,3247.32,3246.57,3246.82,13
SQ:US500,2020-07-20T21:04:00+02:00,3246.82,3246.82,3246.32,3246.57,4
SQ:US500,2020-07-20T21:05:00+02:00,3246.57,3247.07,3246.57,3246.82,5
SQ:US500,2020-07-20T21:06:00+02:00,3247.07,3247.32,3246.57,3246.57,12
SQ:US500,2020-07-20T21:07:00+02:00,3246.82,3247.57,3246.82,3247.32,5
SQ:US500,2020-07-20T21:08:00+02:00,3247.07,3247.07,3246.32,3246.57,4
SQ:US500,2020-07-20T21:09:00+02:00,3246.57,3246.82,3245.82,3245.82,8
SQ:US500,2020-07-20T21:10:00+02:00,3246.07,3246.82,3246.07,3246.07,11
SQ:US500,2020-07-20T21:11:00+02:00,3246.07,3246.07,3244.32,3244.32,23
SQ:US500,2020-07-20T21:12:00+02:00,3244.32,3245.82,3244.32,3245.32,23
SQ:US500,2020-07-20T21:13:00+02:00,3245.32,3246.57,3245.32,3246.57,18
SQ:US500,2020-07-20T21:14:00+02:00,3246.57,3247.07,3246.07,3246.07,7
SQ:US500,2020-07-20T21:15:00+02:00,3246.07,3247.07,3245.57,3245.82,32
SQ:US500,2020-07-20T21:16:00+02:00,3245.82,3247.57,3245.57,3247.57,15
SQ:US500,2020-07-20T21:17:00+02:00,3247.57,3249.82,3247.57,3249.07,53
SQ:US500,2020-07-20T21:18:00+02:00,3249.32,3251.07,3249.07,3250.82,32
SQ:US500,2020-07-20T21:19:00+02:00,3250.32,3250.32,3249.32,3250.07,24
SQ:US500,2020-07-20T21:20:00+02:00,3250.07,3250.32,3249.57,3250.07,9
SQ:US500,2020-07-20T21:21:00+02:00,3250.07,3250.57,3249.82,3250.07,17
SQ:US500,2020-07-20T21:22:00+02:00,3250.07,3250.82,3250.07,3250.57,14
SQ:US500,2020-07-20T21:23:00+02:00,3250.57,3251.07,3250.57,3250.82,12
SQ:US500,2020-07-20T21:24:00+02:00,3250.82,3251.07,3250.32,3250.82,13
SQ:US500,2020-07-20T21:25:00+02:00,3250.82,3251.07,3250.57,3251.07,16
SQ:US500,2020-07-20T21:26:00+02:00,3251.07,3252.32,3251.07,3252.07,12
SQ:US500,2020-07-20T21:27:00+02:00,3252.07,3253.57,3252.07,3253.07,25
SQ:US500,2020-07-20T21:28:00+02:00,3252.32,3253.32,3252.32,3252.57,27
SQ:US500,2020-07-20T21:29:00+02:00,3252.57,3253.32,3252.32,3252.82,12
SQ:US500,2020-07-20T21:30:00+02:00,3252.82,3253.57,3252.57,3253.57,34
SQ:US500,2020-07-20T21:31:00+02:00,3253.57,3254.82,3253.57,3254.82,23
SQ:US500,2020-07-20T21:32:00+02:00,3254.82,3256.07,3254.82,3255.32,40
SQ:US500,2020-07-20T21:33:00+02:00,3255.57,3257.07,3255.57,3256.82,18
SQ:US500,2020-07-20T21:34:00+02:00,3256.57,3256.82,3255.32,3256.07,33
SQ:US500,2020-07-20T21:35:00+02:00,3256.32,3256.82,3255.57,3256.57,28
SQ:US500,2020-07-20T21:36:00+02:00,3256.57,3257.07,3256.07,3256.57,12
SQ:US500,2020-07-20T21:37:00+02:00,3256.32,3257.32,3256.32,3257.07,20
SQ:US500,2020-07-20T21:38:00+02:00,3257.07,3257.82,3257.07,3257.32,38
SQ:US500,2020-07-20T21:39:00+02:00,3257.32,3257.32,3256.32,3256.57,18
SQ:US500,2020-07-20T21:40:00+02:00,3256.82,3257.32,3256.57,3257.07,17
SQ:US500,2020-07-20T21:41:00+02:00,3257.07,3257.32,3255.07,3255.32,23
SQ:US500,2020-07-20T21:42:00+02:00,3255.32,3255.57,3254.82,3255.07,33
SQ:US500,2020-07-20T21:43:00+02:00,3255.07,3255.32,3254.57,3254.82,22
SQ:US500,2020-07-20T21:44:00+02:00,3254.82,3255.82,3254.82,3255.32,17
SQ:US500,2020-07-20T21:45:00+02:00,3255.32,3256.07,3254.82,3255.32,31
SQ:US500,2020-07-20T21:46:00+02:00,3255.32,3257.07,3255.07,3256.82,49
SQ:US500,2020-07-20T21:47:00+02:00,3256.82,3257.07,3255.82,3256.32,34
SQ:US500,2020-07-20T21:48:00+02:00,3256.32,3257.82,3256.07,3257.57,32
SQ:US500,2020-07-20T21:49:00+02:00,3257.57,3257.57,3256.57,3257.57,27
SQ:US500,2020-07-20T21:50:00+02:00,3258.32,3258.57,3254.82,3255.82,75
SQ:US500,2020-07-20T21:51:00+02:00,3256.32,3256.82,3254.82,3256.32,37
SQ:US500,2020-07-20T21:52:00+02:00,3256.57,3257.57,3255.57,3257.57,21
SQ:US500,2020-07-20T21:53:00+02:00,3257.57,3257.82,3256.82,3257.07,30
SQ:US500,2020-07-20T21:54:00+02:00,3256.82,3257.07,3255.57,3256.07,44
SQ:US500,2020-07-20T21:55:00+02:00,3255.82,3255.82,3253.57,3253.82,61
SQ:US500,2020-07-20T21:56:00+02:00,3253.82,3254.07,3252.82,3253.57,38
SQ:US500,2020-07-20T21:57:00+02:00,3253.57,3254.32,3252.82,3254.07,41
SQ:US500,2020-07-20T21:58:00+02:00,3253.57,3256.57,3253.57,3255.32,47
SQ:US500,2020-07-20T21:59:00+02:00,3255.57,3256.07,3250.82,3251.07,115
SQ:US500,2020-07-20T22:00:00+02:00,3250.57,3254.07,3250.32,3252.57,92
SQ:US500,2020-07-20T22:01:00+02:00,3252.57,3253.07,3252.07,3252.57,17
SQ:US500,2020-07-20T22:02:00+02:00,3252.32,3252.57,3252.07,3252.57,12
SQ:US500,2020-07-20T22:03:00+02:00,3252.32,3252.57,3251.57,3251.82,11
SQ:US500,2020-07-20T22:04:00+02:00,3252.07,3252.07,3251.07,3251.32,16
SQ:US500,2020-07-20T22:05:00+02:00,3251.32,3252.57,3251.07,3252.32,33
SQ:US500,2020-07-20T22:06:00+02:00,3252.32,3252.57,3252.07,3252.57,16
SQ:US500,2020-07-20T22:07:00+02:00,3252.57,3253.07,3252.32,3252.82,8
SQ:US500,2020-07-20T22:08:00+02:00,3252.82,3253.07,3252.57,3252.82,9
SQ:US500,2020-07-20T22:09:00+02:00,3252.57,3252.82,3252.32,3252.32,12
SQ:US500,2020-07-20T22:10:00+02:00,3252.32,3253.57,3252.32,3253.57,3
SQ:US500,2020-07-20T22:11:00+02:00,3253.57,3253.82,3252.57,3252.57,18
SQ:US500,2020-07-20T22:12:00+02:00,3252.57,3253.57,3252.57,3252.82,12
SQ:US500,2020-07-20T22:13:00+02:00,3253.07,3253.82,3252.57,3253.57,8
SQ:US500,2020-07-20T22:14:00+02:00,3253.57,3253.82,3252.82,3253.57,35
SQ:US500,2020-07-20T22:30:00+02:00,3254.82,3254.82,3251.57,3251.57,67
SQ:US500,2020-07-20T22:31:00+02:00,3251.32,3251.57,3250.57,3250.82,17
SQ:US500,2020-07-20T22:32:00+02:00,3250.82,3251.07,3250.57,3251.07,8
SQ:US500,2020-07-20T22:33:00+02:00,3251.07,3251.07,3250.57,3250.82,6
SQ:US500,2020-07-20T22:34:00+02:00,3250.57,3251.07,3250.57,3251.07,3
SQ:US500,2020-07-20T22:35:00+02:00,3250.82,3250.82,3250.82,3250.82,1
SQ:US500,2020-07-20T22:36:00+02:00,3250.82,3251.07,3250.82,3251.07,2
SQ:US500,2020-07-20T22:37:00+02:00,3251.07,3251.07,3250.82,3251.07,3
SQ:US500,2020-07-20T22:38:00+02:00,3251.32,3251.57,3251.07,3251.32,7
SQ:US500,2020-07-20T22:39:00+02:00,3251.32,3251.32,3251.32,3251.32,1
SQ:US500,2020-07-20T22:40:00+02:00,3251.32,3251.32,3251.32,3251.32,1
SQ:US500,2020-07-20T22:41:00+02:00,3251.57,3251.57,3251.32,3251.57,9
SQ:US500,2020-07-20T22:42:00+02:00,3251.57,3251.57,3251.32,3251.32,12
SQ:US500,2020-07-20T22:43:00+02:00,3251.32,3251.32,3251.07,3251.07,4
SQ:US500,2020-07-20T22:44:00+02:00,3251.07,3251.07,3250.57,3250.82,4
SQ:US500,2020-07-20T22:45:00+02:00,3250.82,3250.82,3250.32,3250.57,6
SQ:US500,2020-07-20T22:46:00+02:00,3250.57,3250.82,3250.57,3250.82,4
SQ:US500,2020-07-20T22:47:00+02:00,3250.82,3251.07,3250.82,3251.07,2
SQ:US500,2020-07-20T22:48:00+02:00,3251.07,3251.32,3251.07,3251.07,3
SQ:US500,2020-07-20T22:49:00+02:00,3251.07,3251.32,3251.07,3251.32,2
SQ:US500,2020-07-20T22:51:00+02:00,3251.32,3251.82,3251.32,3251.82,7
SQ:US500,2020-07-20T22:52:00+02:00,3251.82,3252.07,3251.82,3252.07,6
SQ:US500,2020-07-20T22:53:00+02:00,3252.32,3252.32,3252.32,3252.32,1
SQ:US500,2020-07-20T22:54:00+02:00,3252.32,3252.57,3252.07,3252.07,4
