SQ:AUDUSD,2018-12-20T00:00:00+01:00,0.71158,0.71158,0.71148,0.71152,68
SQ:AUDUSD,2018-12-20T00:01:00+01:00,0.71152,0.71153,0.71148,0.71150,34
SQ:AUDUSD,2018-12-20T00:02:00+01:00,0.71149,0.71151,0.71132,0.71137,249
SQ:AUDUSD,2018-12-20T00:03:00+01:00,0.71136,0.71136,0.71122,0.71123,68
SQ:AUDUSD,2018-12-20T00:04:00+01:00,0.71123,0.71123,0.71114,0.71117,64
SQ:AUDUSD,2018-12-20T00:05:00+01:00,0.71118,0.71122,0.71118,0.71121,39
SQ:AUDUSD,2018-12-20T00:06:00+01:00,0.71120,0.71123,0.71120,0.71122,26
SQ:AUDUSD,2018-12-20T00:07:00+01:00,0.71121,0.71125,0.71116,0.71116,27
SQ:AUDUSD,2018-12-20T00:08:00+01:00,0.71117,0.71120,0.71116,0.71119,20
SQ:AUDUSD,2018-12-20T00:09:00+01:00,0.71120,0.71122,0.71119,0.71122,17
SQ:AUDUSD,2018-12-20T00:10:00+01:00,0.71122,0.71122,0.71116,0.71120,29
SQ:AUDUSD,2018-12-20T00:11:00+01:00,0.71120,0.71122,0.71112,0.71122,41
SQ:AUDUSD,2018-12-20T00:12:00+01:00,0.71123,0.71124,0.71116,0.71121,30
SQ:AUDUSD,2018-12-20T00:13:00+01:00,0.71120,0.71120,0.71111,0.71117,34
SQ:AUDUSD,2018-12-20T00:14:00+01:00,0.71117,0.71123,0.71115,0.71123,24
SQ:AUDUSD,2018-12-20T00:15:00+01:00,0.71122,0.71128,0.71122,0.71127,33
SQ:AUDUSD,2018-12-20T00:16:00+01:00,0.71127,0.71142,0.71127,0.71133,95
SQ:AUDUSD,2018-12-20T00:17:00+01:00,0.71134,0.71140,0.71132,0.71139,71
SQ:AUDUSD,2018-12-20T00:18:00+01:00,0.71139,0.71139,0.71137,0.71139,40
SQ:AUDUSD,2018-12-20T00:19:00+01:00,0.71138,0.71139,0.71123,0.71125,60
SQ:AUDUSD,2018-12-20T00:20:00+01:00,0.71124,0.71132,0.71121,0.71124,101
SQ:AUDUSD,2018-12-20T00:21:00+01:00,0.71123,0.71123,0.71108,0.71108,71
SQ:AUDUSD,2018-12-20T00:22:00+01:00,0.71107,0.71107,0.71095,0.71096,24
SQ:AUDUSD,2018-12-20T00:23:00+01:00,0.71095,0.71096,0.71088,0.71092,38
SQ:AUDUSD,2018-12-20T00:24:00+01:00,0.71091,0.71099,0.71089,0.71090,49
SQ:AUDUSD,2018-12-20T00:25:00+01:00,0.71090,0.71091,0.71085,0.71085,38
SQ:AUDUSD,2018-12-20T00:26:00+01:00,0.71085,0.71085,0.71059,0.71069,89
SQ:AUDUSD,2018-12-20T00:27:00+01:00,0.71067,0.71088,0.71064,0.71087,110
SQ:AUDUSD,2018-12-20T00:28:00+01:00,0.71087,0.71087,0.71075,0.71081,134
SQ:AUDUSD,2018-12-20T00:29:00+01:00,0.71081,0.71091,0.71081,0.71091,118
SQ:AUDUSD,2018-12-20T00:30:00+01:00,0.71089,0.71094,0.71086,0.71092,57
SQ:AUDUSD,2018-12-20T00:31:00+01:00,0.71092,0.71093,0.71090,0.71092,46
SQ:AUDUSD,2018-12-20T00:32:00+01:00,0.71091,0.71096,0.71090,0.71094,45
SQ:AUDUSD,2018-12-20T00:33:00+01:00,0.71093,0.71096,0.71093,0.71093,47
SQ:AUDUSD,2018-12-20T00:34:00+01:00,0.71094,0.71102,0.71094,0.71099,34
SQ:AUDUSD,2018-12-20T00:35:00+01:00,0.71099,0.71113,0.71095,0.71113,60
SQ:AUDUSD,2018-12-20T00:36:00+01:00,0.71113,0.71132,0.71113,0.71132,31
SQ:AUDUSD,2018-12-20T00:37:00+01:00,0.71133,0.71139,0.71130,0.71137,75
SQ:AUDUSD,2018-12-20T00:38:00+01:00,0.71136,0.71147,0.71136,0.71146,40
SQ:AUDUSD,2018-12-20T00:39:00+01:00,0.71146,0.71148,0.71141,0.71142,27
SQ:AUDUSD,2018-12-20T00:40:00+01:00,0.71141,0.71143,0.71140,0.71141,22
SQ:AUDUSD,2018-12-20T00:41:00+01:00,0.71141,0.71142,0.71136,0.71137,22
SQ:AUDUSD,2018-12-20T00:42:00+01:00,0.71137,0.71140,0.71137,0.71140,14
SQ:AUDUSD,2018-12-20T00:43:00+01:00,0.71141,0.71146,0.71138,0.71142,28
SQ:AUDUSD,2018-12-20T00:44:00+01:00,0.71141,0.71142,0.71138,0.71140,22
SQ:AUDUSD,2018-12-20T00:45:00+01:00,0.71139,0.71139,0.71108,0.71112,43
SQ:AUDUSD,2018-12-20T00:46:00+01:00,0.71112,0.71115,0.71109,0.71111,29
SQ:AUDUSD,2018-12-20T00:47:00+01:00,0.71110,0.71119,0.71110,0.71114,32
SQ:AUDUSD,2018-12-20T00:48:00+01:00,0.71115,0.71123,0.71114,0.71121,26
SQ:AUDUSD,2018-12-20T00:49:00+01:00,0.71121,0.71132,0.71117,0.71132,62
SQ:AUDUSD,2018-12-20T00:50:00+01:00,0.71133,0.71135,0.71130,0.71131,33
SQ:AUDUSD,2018-12-20T00:51:00+01:00,0.71132,0.71136,0.71129,0.71132,36
SQ:AUDUSD,2018-12-20T00:52:00+01:00,0.71132,0.71137,0.71130,0.71131,33
SQ:AUDUSD,2018-12-20T00:53:00+01:00,0.71131,0.71132,0.71128,0.71132,24
SQ:AUDUSD,2018-12-20T00:54:00+01:00,0.71133,0.71136,0.71129,0.71136,28
SQ:AUDUSD,2018-12-20T00:55:00+01:00,0.71136,0.71136,0.71132,0.71133,25
SQ:AUDUSD,2018-12-20T00:56:00+01:00,0.71132,0.71132,0.71120,0.71120,23
SQ:AUDUSD,2018-12-20T00:57:00+01:00,0.71121,0.71121,0.71119,0.71121,14
SQ:AUDUSD,2018-12-20T00:58:00+01:00,0.71122,0.71123,0.71110,0.71110,29
SQ:AUDUSD,2018-12-20T00:59:00+01:00,0.71110,0.71115,0.71110,0.71114,46
SQ:AUDUSD,2018-12-20T01:00:00+01:00,0.71114,0.71119,0.71107,0.71108,74
SQ:AUDUSD,2018-12-20T01:01:00+01:00,0.71109,0.71131,0.71109,0.71131,72
SQ:AUDUSD,2018-12-20T01:02:00+01:00,0.71131,0.71133,0.71125,0.71125,57
SQ:AUDUSD,2018-12-20T01:03:00+01:00,0.71125,0.71126,0.71095,0.71095,55
SQ:AUDUSD,2018-12-20T01:04:00+01:00,0.71095,0.71095,0.71079,0.71086,76
SQ:AUDUSD,2018-12-20T01:05:00+01:00,0.71086,0.71103,0.71086,0.71102,74
SQ:AUDUSD,2018-12-20T01:06:00+01:00,0.71101,0.71111,0.71101,0.71107,35
SQ:AUDUSD,2018-12-20T01:07:00+01:00,0.71108,0.71109,0.71069,0.71071,77
SQ:AUDUSD,2018-12-20T01:08:00+01:00,0.71070,0.71078,0.71057,0.71065,72
SQ:AUDUSD,2018-12-20T01:09:00+01:00,0.71060,0.71060,0.71044,0.71050,63
SQ:AUDUSD,2018-12-20T01:10:00+01:00,0.71050,0.71061,0.71046,0.71047,44
SQ:AUDUSD,2018-12-20T01:11:00+01:00,0.71046,0.71057,0.71034,0.71056,85
SQ:AUDUSD,2018-12-20T01:12:00+01:00,0.71057,0.71057,0.71047,0.71050,60
SQ:AUDUSD,2018-12-20T01:13:00+01:00,0.71050,0.71059,0.71049,0.71049,73
SQ:AUDUSD,2018-12-20T01:14:00+01:00,0.71049,0.71049,0.71027,0.71042,78
SQ:AUDUSD,2018-12-20T01:15:00+01:00,0.71044,0.71059,0.71044,0.71050,94
SQ:AUDUSD,2018-12-20T01:16:00+01:00,0.71050,0.71050,0.71030,0.71030,58
SQ:AUDUSD,2018-12-20T01:17:00+01:00,0.71031,0.71037,0.71029,0.71030,52
SQ:AUDUSD,2018-12-20T01:18:00+01:00,0.71030,0.71037,0.71027,0.71035,42
SQ:AUDUSD,2018-12-20T01:19:00+01:00,0.71033,0.71041,0.71032,0.71041,21
SQ:AUDUSD,2018-12-20T01:20:00+01:00,0.71041,0.71061,0.71041,0.71061,59
SQ:AUDUSD,2018-12-20T01:21:00+01:00,0.71061,0.71061,0.71059,0.71059,20
SQ:AUDUSD,2018-12-20T01:22:00+01:00,0.71059,0.71059,0.71052,0.71059,37
SQ:AUDUSD,2018-12-20T01:23:00+01:00,0.71059,0.71073,0.71053,0.71071,50
SQ:AUDUSD,2018-12-20T01:24:00+01:00,0.71071,0.71096,0.71070,0.71092,80
SQ:AUDUSD,2018-12-20T01:25:00+01:00,0.71092,0.71105,0.71079,0.71079,62
SQ:AUDUSD,2018-12-20T01:26:00+01:00,0.71079,0.71082,0.71072,0.71081,49
SQ:AUDUSD,2018-12-20T01:27:00+01:00,0.71080,0.71114,0.71079,0.71109,53
SQ:AUDUSD,2018-12-20T01:28:00+01:00,0.71110,0.71125,0.71108,0.71124,118
SQ:AUDUSD,2018-12-20T01:29:00+01:00,0.71125,0.71129,0.71080,0.71090,94
SQ:AUDUSD,2018-12-20T01:30:00+01:00,0.71089,0.71178,0.71060,0.71097,300
SQ:AUDUSD,2018-12-20T01:31:00+01:00,0.71098,0.71121,0.71089,0.71110,59
SQ:AUDUSD,2018-12-20T01:32:00+01:00,0.71110,0.71139,0.71110,0.71134,50
SQ:AUDUSD,2018-12-20T01:33:00+01:00,0.71133,0.71147,0.71131,0.71141,40
SQ:AUDUSD,2018-12-20T01:34:00+01:00,0.71141,0.71164,0.71141,0.71163,55
SQ:AUDUSD,2018-12-20T01:35:00+01:00,0.71165,0.71181,0.71164,0.71181,55
SQ:AUDUSD,2018-12-20T01:36:00+01:00,0.71178,0.71196,0.71164,0.71165,138
SQ:AUDUSD,2018-12-20T01:37:00+01:00,0.71165,0.71165,0.71131,0.71138,96
SQ:AUDUSD,2018-12-20T01:38:00+01:00,0.71138,0.71155,0.71136,0.71150,64
SQ:AUDUSD,2018-12-20T01:39:00+01:00,0.71150,0.71150,0.71134,0.71141,51
SQ:AUDUSD,2018-12-20T01:40:00+01:00,0.71140,0.71140,0.71131,0.71140,45
SQ:AUDUSD,2018-12-20T01:41:00+01:00,0.71142,0.71153,0.71134,0.71153,36
SQ:AUDUSD,2018-12-20T01:42:00+01:00,0.71154,0.71166,0.71152,0.71165,34
SQ:AUDUSD,2018-12-20T01:43:00+01:00,0.71165,0.71170,0.71163,0.71163,25
SQ:AUDUSD,2018-12-20T01:44:00+01:00,0.71163,0.71170,0.71157,0.71169,46
SQ:AUDUSD,2018-12-20T01:45:00+01:00,0.71169,0.71184,0.71167,0.71182,71
SQ:AUDUSD,2018-12-20T01:46:00+01:00,0.71182,0.71194,0.71164,0.71164,61
SQ:AUDUSD,2018-12-20T01:47:00+01:00,0.71164,0.71164,0.71154,0.71159,58
SQ:AUDUSD,2018-12-20T01:48:00+01:00,0.71159,0.71168,0.71157,0.71163,58
SQ:AUDUSD,2018-12-20T01:49:00+01:00,0.71163,0.71182,0.71163,0.71182,54
SQ:AUDUSD,2018-12-20T01:50:00+01:00,0.71183,0.71185,0.71171,0.71178,54
SQ:AUDUSD,2018-12-20T01:51:00+01:00,0.71178,0.71204,0.71178,0.71190,99
SQ:AUDUSD,2018-12-20T01:52:00+01:00,0.71189,0.71197,0.71184,0.71197,36
SQ:AUDUSD,2018-12-20T01:53:00+01:00,0.71197,0.71202,0.71191,0.71200,87
SQ:AUDUSD,2018-12-20T01:54:00+01:00,0.71201,0.71215,0.71194,0.71202,156
SQ:AUDUSD,2018-12-20T01:55:00+01:00,0.71201,0.71209,0.71183,0.71183,105
SQ:AUDUSD,2018-12-20T01:56:00+01:00,0.71184,0.71199,0.71184,0.71195,63
SQ:AUDUSD,2018-12-20T01:57:00+01:00,0.71195,0.71199,0.71188,0.71198,52
SQ:AUDUSD,2018-12-20T01:58:00+01:00,0.71200,0.71209,0.71197,0.71198,71
SQ:AUDUSD,2018-12-20T01:59:00+01:00,0.71198,0.71199,0.71190,0.71192,56
SQ:AUDUSD,2018-12-20T02:00:00+01:00,0.71193,0.71207,0.71193,0.71200,105
SQ:AUDUSD,2018-12-20T02:01:00+01:00,0.71200,0.71226,0.71200,0.71219,92
SQ:AUDUSD,2018-12-20T02:02:00+01:00,0.71220,0.71247,0.71220,0.71241,85
SQ:AUDUSD,2018-12-20T02:03:00+01:00,0.71241,0.71241,0.71209,0.71210,87
SQ:AUDUSD,2018-12-20T02:04:00+01:00,0.71211,0.71238,0.71209,0.71230,93
SQ:AUDUSD,2018-12-20T02:05:00+01:00,0.71230,0.71233,0.71213,0.71213,84
SQ:AUDUSD,2018-12-20T02:06:00+01:00,0.71213,0.71213,0.71178,0.71178,72
SQ:AUDUSD,2018-12-20T02:07:00+01:00,0.71179,0.71179,0.71166,0.71166,54
SQ:AUDUSD,2018-12-20T02:08:00+01:00,0.71167,0.71192,0.71160,0.71192,84
SQ:AUDUSD,2018-12-20T02:09:00+01:00,0.71191,0.71198,0.71190,0.71192,35
SQ:AUDUSD,2018-12-20T02:10:00+01:00,0.71192,0.71203,0.71191,0.71203,32
SQ:AUDUSD,2018-12-20T02:11:00+01:00,0.71203,0.71203,0.71200,0.71200,18
SQ:AUDUSD,2018-12-20T02:12:00+01:00,0.71201,0.71201,0.71186,0.71186,35
SQ:AUDUSD,2018-12-20T02:13:00+01:00,0.71186,0.71186,0.71150,0.71160,84
SQ:AUDUSD,2018-12-20T02:14:00+01:00,0.71160,0.71169,0.71160,0.71169,45
SQ:AUDUSD,2018-12-20T02:15:00+01:00,0.71169,0.71171,0.71154,0.71160,83
SQ:AUDUSD,2018-12-20T02:16:00+01:00,0.71159,0.71166,0.71156,0.71166,93
SQ:AUDUSD,2018-12-20T02:17:00+01:00,0.71166,0.71170,0.71160,0.71167,66
SQ:AUDUSD,2018-12-20T02:18:00+01:00,0.71166,0.71166,0.71154,0.71162,44
SQ:AUDUSD,2018-12-20T02:19:00+01:00,0.71162,0.71162,0.71146,0.71158,43
SQ:AUDUSD,2018-12-20T02:20:00+01:00,0.71157,0.71157,0.71130,0.71131,83
SQ:AUDUSD,2018-12-20T02:21:00+01:00,0.71130,0.71152,0.71130,0.71151,93
SQ:AUDUSD,2018-12-20T02:22:00+01:00,0.71152,0.71168,0.71152,0.71160,77
SQ:AUDUSD,2018-12-20T02:23:00+01:00,0.71161,0.71161,0.71129,0.71150,144
SQ:AUDUSD,2018-12-20T02:24:00+01:00,0.71150,0.71159,0.71150,0.71158,26
SQ:AUDUSD,2018-12-20T02:25:00+01:00,0.71158,0.71168,0.71152,0.71167,81
SQ:AUDUSD,2018-12-20T02:26:00+01:00,0.71167,0.71172,0.71142,0.71145,94
SQ:AUDUSD,2018-12-20T02:27:00+01:00,0.71146,0.71170,0.71144,0.71162,110
SQ:AUDUSD,2018-12-20T02:28:00+01:00,0.71161,0.71162,0.71138,0.71139,74
SQ:AUDUSD,2018-12-20T02:29:00+01:00,0.71138,0.71149,0.71117,0.71130,115
SQ:AUDUSD,2018-12-20T02:30:00+01:00,0.71131,0.71135,0.71109,0.71115,149
SQ:AUDUSD,2018-12-20T02:31:00+01:00,0.71116,0.71136,0.71115,0.71116,89
SQ:AUDUSD,2018-12-20T02:32:00+01:00,0.71117,0.71125,0.71114,0.71116,86
SQ:AUDUSD,2018-12-20T02:33:00+01:00,0.71116,0.71136,0.71116,0.71134,84
SQ:AUDUSD,2018-12-20T02:34:00+01:00,0.71133,0.71138,0.71131,0.71133,59
SQ:AUDUSD,2018-12-20T02:35:00+01:00,0.71133,0.71137,0.71114,0.71115,96
SQ:AUDUSD,2018-12-20T02:36:00+01:00,0.71114,0.71121,0.71108,0.71119,75
SQ:AUDUSD,2018-12-20T02:37:00+01:00,0.71120,0.71146,0.71120,0.71140,96
SQ:AUDUSD,2018-12-20T02:38:00+01:00,0.71140,0.71140,0.71129,0.71129,73
SQ:AUDUSD,2018-12-20T02:39:00+01:00,0.71130,0.71130,0.71111,0.71121,114
SQ:AUDUSD,2018-12-20T02:40:00+01:00,0.71120,0.71126,0.71105,0.71106,76
SQ:AUDUSD,2018-12-20T02:41:00+01:00,0.71105,0.71117,0.71105,0.71109,64
SQ:AUDUSD,2018-12-20T02:42:00+01:00,0.71108,0.71113,0.71085,0.71086,124
SQ:AUDUSD,2018-12-20T02:43:00+01:00,0.71085,0.71088,0.71073,0.71087,66
SQ:AUDUSD,2018-12-20T02:44:00+01:00,0.71087,0.71088,0.71048,0.71049,118
SQ:AUDUSD,2018-12-20T02:45:00+01:00,0.71048,0.71112,0.71042,0.71103,130
SQ:AUDUSD,2018-12-20T02:46:00+01:00,0.71103,0.71122,0.71099,0.71099,69
SQ:AUDUSD,2018-12-20T02:47:00+01:00,0.71099,0.71105,0.71089,0.71089,54
SQ:AUDUSD,2018-12-20T02:48:00+01:00,0.71089,0.71089,0.71066,0.71069,91
SQ:AUDUSD,2018-12-20T02:49:00+01:00,0.71070,0.71070,0.71042,0.71056,92
SQ:AUDUSD,2018-12-20T02:50:00+01:00,0.71056,0.71059,0.71039,0.71045,91
SQ:AUDUSD,2018-12-20T02:51:00+01:00,0.71043,0.71053,0.71038,0.71044,68
SQ:AUDUSD,2018-12-20T02:52:00+01:00,0.71045,0.71065,0.71045,0.71061,72
SQ:AUDUSD,2018-12-20T02:53:00+01:00,0.71061,0.71061,0.71038,0.71046,61
SQ:AUDUSD,2018-12-20T02:54:00+01:00,0.71046,0.71058,0.71043,0.71055,71
SQ:AUDUSD,2018-12-20T02:55:00+01:00,0.71056,0.71065,0.71055,0.71060,59
SQ:AUDUSD,2018-12-20T02:56:00+01:00,0.71061,0.71064,0.71058,0.71058,37
SQ:AUDUSD,2018-12-20T02:57:00+01:00,0.71058,0.71081,0.71058,0.71071,68
SQ:AUDUSD,2018-12-20T02:58:00+01:00,0.71071,0.71082,0.71070,0.71081,37
SQ:AUDUSD,2018-12-20T02:59:00+01:00,0.71082,0.71083,0.71081,0.71082,24
SQ:AUDUSD,2018-12-20T03:00:00+01:00,0.71083,0.71104,0.71083,0.71103,45
SQ:AUDUSD,2018-12-20T03:01:00+01:00,0.71104,0.71111,0.71089,0.71092,83
SQ:AUDUSD,2018-12-20T03:02:00+01:00,0.71092,0.71093,0.71076,0.71083,61
SQ:AUDUSD,2018-12-20T03:03:00+01:00,0.71083,0.71093,0.71083,0.71092,56
SQ:AUDUSD,2018-12-20T03:04:00+01:00,0.71092,0.71099,0.71084,0.71092,59
SQ:AUDUSD,2018-12-20T03:05:00+01:00,0.71092,0.71101,0.71090,0.71099,49
SQ:AUDUSD,2018-12-20T03:06:00+01:00,0.71098,0.71103,0.71096,0.71098,49
SQ:AUDUSD,2018-12-20T03:07:00+01:00,0.71098,0.71098,0.71082,0.71087,74
SQ:AUDUSD,2018-12-20T03:08:00+01:00,0.71088,0.71092,0.71082,0.71091,104
SQ:AUDUSD,2018-12-20T03:09:00+01:00,0.71090,0.71100,0.71090,0.71090,89
SQ:AUDUSD,2018-12-20T03:10:00+01:00,0.71091,0.71093,0.71089,0.71090,102
SQ:AUDUSD,2018-12-20T03:11:00+01:00,0.71091,0.71100,0.71090,0.71098,91
SQ:AUDUSD,2018-12-20T03:12:00+01:00,0.71098,0.71114,0.71091,0.71092,113
SQ:AUDUSD,2018-12-20T03:13:00+01:00,0.71093,0.71093,0.71087,0.71087,65
SQ:AUDUSD,2018-12-20T03:14:00+01:00,0.71087,0.71088,0.71072,0.71078,110
SQ:AUDUSD,2018-12-20T03:15:00+01:00,0.71077,0.71083,0.71073,0.71083,93
SQ:AUDUSD,2018-12-20T03:16:00+01:00,0.71083,0.71100,0.71083,0.71100,99
SQ:AUDUSD,2018-12-20T03:17:00+01:00,0.71100,0.71101,0.71089,0.71099,123
SQ:AUDUSD,2018-12-20T03:18:00+01:00,0.71099,0.71102,0.71090,0.71092,117
SQ:AUDUSD,2018-12-20T03:19:00+01:00,0.71092,0.71096,0.71088,0.71088,84
SQ:AUDUSD,2018-12-20T03:20:00+01:00,0.71089,0.71099,0.71087,0.71097,77
SQ:AUDUSD,2018-12-20T03:21:00+01:00,0.71097,0.71106,0.71090,0.71103,82
SQ:AUDUSD,2018-12-20T03:22:00+01:00,0.71102,0.71102,0.71089,0.71099,123
SQ:AUDUSD,2018-12-20T03:23:00+01:00,0.71099,0.71103,0.71094,0.71103,82
SQ:AUDUSD,2018-12-20T03:24:00+01:00,0.71103,0.71111,0.71098,0.71110,128
SQ:AUDUSD,2018-12-20T03:25:00+01:00,0.71110,0.71113,0.71101,0.71101,68
SQ:AUDUSD,2018-12-20T03:26:00+01:00,0.71101,0.71102,0.71097,0.71097,45
SQ:AUDUSD,2018-12-20T03:27:00+01:00,0.71098,0.71102,0.71090,0.71092,49
SQ:AUDUSD,2018-12-20T03:28:00+01:00,0.71093,0.71093,0.71088,0.71088,90
SQ:AUDUSD,2018-12-20T03:29:00+01:00,0.71088,0.71092,0.71080,0.71080,99
SQ:AUDUSD,2018-12-20T03:30:00+01:00,0.71080,0.71084,0.71069,0.71073,104
SQ:AUDUSD,2018-12-20T03:31:00+01:00,0.71074,0.71079,0.71058,0.71058,60
SQ:AUDUSD,2018-12-20T03:32:00+01:00,0.71059,0.71062,0.71057,0.71058,16
SQ:AUDUSD,2018-12-20T03:33:00+01:00,0.71059,0.71062,0.71059,0.71062,20
SQ:AUDUSD,2018-12-20T03:34:00+01:00,0.71062,0.71062,0.71059,0.71061,20
SQ:AUDUSD,2018-12-20T03:35:00+01:00,0.71060,0.71061,0.71060,0.71061,6
SQ:AUDUSD,2018-12-20T03:36:00+01:00,0.71060,0.71060,0.71052,0.71052,19
SQ:AUDUSD,2018-12-20T03:37:00+01:00,0.71052,0.71053,0.71052,0.71052,8
SQ:AUDUSD,2018-12-20T03:38:00+01:00,0.71053,0.71062,0.71053,0.71061,35
SQ:AUDUSD,2018-12-20T03:39:00+01:00,0.71061,0.71080,0.71060,0.71077,46
SQ:AUDUSD,2018-12-20T03:40:00+01:00,0.71078,0.71082,0.71078,0.71079,29
SQ:AUDUSD,2018-12-20T03:41:00+01:00,0.71079,0.71079,0.71072,0.71074,25
SQ:AUDUSD,2018-12-20T03:42:00+01:00,0.71077,0.71080,0.71077,0.71080,17
SQ:AUDUSD,2018-12-20T03:43:00+01:00,0.71080,0.71080,0.71071,0.71071,23
SQ:AUDUSD,2018-12-20T03:44:00+01:00,0.71071,0.71071,0.71055,0.71056,29
SQ:AUDUSD,2018-12-20T03:45:00+01:00,0.71055,0.71058,0.71047,0.71049,47
SQ:AUDUSD,2018-12-20T03:46:00+01:00,0.71049,0.71055,0.71047,0.71047,16
SQ:AUDUSD,2018-12-20T03:47:00+01:00,0.71047,0.71049,0.71046,0.71046,16
SQ:AUDUSD,2018-12-20T03:48:00+01:00,0.71047,0.71047,0.71029,0.71029,20
SQ:AUDUSD,2018-12-20T03:49:00+01:00,0.71030,0.71042,0.71030,0.71040,34
SQ:AUDUSD,2018-12-20T03:50:00+01:00,0.71040,0.71041,0.71040,0.71041,4
SQ:AUDUSD,2018-12-20T03:51:00+01:00,0.71041,0.71044,0.71041,0.71041,11
SQ:AUDUSD,2018-12-20T03:52:00+01:00,0.71040,0.71047,0.71038,0.71038,24
SQ:AUDUSD,2018-12-20T03:53:00+01:00,0.71034,0.71037,0.71031,0.71037,31
SQ:AUDUSD,2018-12-20T03:54:00+01:00,0.71036,0.71036,0.71030,0.71031,32
SQ:AUDUSD,2018-12-20T03:55:00+01:00,0.71031,0.71040,0.71031,0.71039,21
SQ:AUDUSD,2018-12-20T03:56:00+01:00,0.71040,0.71041,0.71036,0.71041,29
SQ:AUDUSD,2018-12-20T03:57:00+01:00,0.71040,0.71041,0.71039,0.71040,23
SQ:AUDUSD,2018-12-20T03:58:00+01:00,0.71039,0.71041,0.71029,0.71029,30
SQ:AUDUSD,2018-12-20T03:59:00+01:00,0.71030,0.71041,0.71029,0.71040,35
SQ:AUDUSD,2018-12-20T04:00:00+01:00,0.71040,0.71040,0.71032,0.71032,18
SQ:AUDUSD,2018-12-20T04:01:00+01:00,0.71033,0.71038,0.71030,0.71032,33
SQ:AUDUSD,2018-12-20T04:02:00+01:00,0.71033,0.71034,0.71019,0.71020,113
SQ:AUDUSD,2018-12-20T04:03:00+01:00,0.71021,0.71031,0.71020,0.71026,129
SQ:AUDUSD,2018-12-20T04:04:00+01:00,0.71026,0.71027,0.71007,0.71007,101
SQ:AUDUSD,2018-12-20T04:05:00+01:00,0.71008,0.71027,0.71008,0.71024,98
SQ:AUDUSD,2018-12-20T04:06:00+01:00,0.71025,0.71026,0.71007,0.71007,107
SQ:AUDUSD,2018-12-20T04:07:00+01:00,0.71008,0.71030,0.71007,0.71029,92
SQ:AUDUSD,2018-12-20T04:08:00+01:00,0.71029,0.71029,0.71003,0.71004,112
SQ:AUDUSD,2018-12-20T04:09:00+01:00,0.71004,0.71007,0.70981,0.70989,148
SQ:AUDUSD,2018-12-20T04:10:00+01:00,0.70987,0.71002,0.70985,0.71001,137
SQ:AUDUSD,2018-12-20T04:11:00+01:00,0.71001,0.71009,0.70990,0.71005,95
SQ:AUDUSD,2018-12-20T04:12:00+01:00,0.71002,0.71008,0.70995,0.70999,113
SQ:AUDUSD,2018-12-20T04:13:00+01:00,0.70998,0.71011,0.70991,0.71007,89
SQ:AUDUSD,2018-12-20T04:14:00+01:00,0.71005,0.71007,0.70993,0.71003,101
SQ:AUDUSD,2018-12-20T04:15:00+01:00,0.71002,0.71034,0.70999,0.71032,70
SQ:AUDUSD,2018-12-20T04:16:00+01:00,0.71031,0.71043,0.71030,0.71030,79
SQ:AUDUSD,2018-12-20T04:17:00+01:00,0.71029,0.71052,0.71028,0.71043,68
SQ:AUDUSD,2018-12-20T04:18:00+01:00,0.71043,0.71045,0.71031,0.71044,59
SQ:AUDUSD,2018-12-20T04:19:00+01:00,0.71044,0.71054,0.71041,0.71051,85
SQ:AUDUSD,2018-12-20T04:20:00+01:00,0.71052,0.71052,0.71042,0.71043,44
SQ:AUDUSD,2018-12-20T04:21:00+01:00,0.71041,0.71049,0.71040,0.71043,57
SQ:AUDUSD,2018-12-20T04:22:00+01:00,0.71043,0.71044,0.71035,0.71039,42
SQ:AUDUSD,2018-12-20T04:23:00+01:00,0.71038,0.71040,0.71027,0.71030,62
SQ:AUDUSD,2018-12-20T04:24:00+01:00,0.71030,0.71031,0.71009,0.71014,85
SQ:AUDUSD,2018-12-20T04:25:00+01:00,0.71014,0.71038,0.71013,0.71033,85
SQ:AUDUSD,2018-12-20T04:26:00+01:00,0.71034,0.71052,0.71034,0.71052,51
SQ:AUDUSD,2018-12-20T04:27:00+01:00,0.71051,0.71055,0.71043,0.71043,50
SQ:AUDUSD,2018-12-20T04:28:00+01:00,0.71044,0.71055,0.71043,0.71055,52
SQ:AUDUSD,2018-12-20T04:29:00+01:00,0.71054,0.71054,0.71040,0.71043,80
SQ:AUDUSD,2018-12-20T04:30:00+01:00,0.71044,0.71050,0.71039,0.71039,123
SQ:AUDUSD,2018-12-20T04:31:00+01:00,0.71039,0.71042,0.71023,0.71034,118
SQ:AUDUSD,2018-12-20T04:32:00+01:00,0.71036,0.71043,0.71036,0.71041,50
SQ:AUDUSD,2018-12-20T04:33:00+01:00,0.71041,0.71043,0.71039,0.71039,39
SQ:AUDUSD,2018-12-20T04:34:00+01:00,0.71038,0.71051,0.71036,0.71051,54
SQ:AUDUSD,2018-12-20T04:35:00+01:00,0.71051,0.71062,0.71047,0.71047,83
SQ:AUDUSD,2018-12-20T04:36:00+01:00,0.71047,0.71051,0.71041,0.71051,69
SQ:AUDUSD,2018-12-20T04:37:00+01:00,0.71050,0.71054,0.71048,0.71048,50
SQ:AUDUSD,2018-12-20T04:38:00+01:00,0.71044,0.71051,0.71043,0.71050,77
SQ:AUDUSD,2018-12-20T04:39:00+01:00,0.71051,0.71054,0.71043,0.71052,79
SQ:AUDUSD,2018-12-20T04:40:00+01:00,0.71052,0.71052,0.71044,0.71046,85
SQ:AUDUSD,2018-12-20T04:41:00+01:00,0.71046,0.71051,0.71044,0.71049,71
SQ:AUDUSD,2018-12-20T04:42:00+01:00,0.71048,0.71048,0.71043,0.71044,45
SQ:AUDUSD,2018-12-20T04:43:00+01:00,0.71044,0.71045,0.71029,0.71031,61
SQ:AUDUSD,2018-12-20T04:44:00+01:00,0.71030,0.71031,0.71019,0.71020,98
SQ:AUDUSD,2018-12-20T04:45:00+01:00,0.71021,0.71031,0.71019,0.71020,113
SQ:AUDUSD,2018-12-20T04:46:00+01:00,0.71021,0.71042,0.71016,0.71040,125
SQ:AUDUSD,2018-12-20T04:47:00+01:00,0.71039,0.71047,0.71038,0.71044,68
SQ:AUDUSD,2018-12-20T04:48:00+01:00,0.71044,0.71044,0.71035,0.71038,36
SQ:AUDUSD,2018-12-20T04:49:00+01:00,0.71039,0.71055,0.71039,0.71051,64
SQ:AUDUSD,2018-12-20T04:50:00+01:00,0.71052,0.71053,0.71045,0.71045,45
SQ:AUDUSD,2018-12-20T04:51:00+01:00,0.71043,0.71045,0.71032,0.71033,95
SQ:AUDUSD,2018-12-20T04:52:00+01:00,0.71033,0.71033,0.71022,0.71027,28
SQ:AUDUSD,2018-12-20T04:53:00+01:00,0.71027,0.71039,0.71025,0.71036,73
SQ:AUDUSD,2018-12-20T04:54:00+01:00,0.71036,0.71038,0.71034,0.71036,62
SQ:AUDUSD,2018-12-20T04:55:00+01:00,0.71036,0.71038,0.71035,0.71036,71
SQ:AUDUSD,2018-12-20T04:56:00+01:00,0.71037,0.71037,0.71018,0.71020,75
SQ:AUDUSD,2018-12-20T04:57:00+01:00,0.71019,0.71024,0.70999,0.71007,89
SQ:AUDUSD,2018-12-20T04:58:00+01:00,0.71006,0.71018,0.70998,0.71014,86
SQ:AUDUSD,2018-12-20T04:59:00+01:00,0.71014,0.71044,0.71010,0.71044,82
SQ:AUDUSD,2018-12-20T05:00:00+01:00,0.71044,0.71044,0.71029,0.71034,74
SQ:AUDUSD,2018-12-20T05:01:00+01:00,0.71035,0.71042,0.71034,0.71042,38
SQ:AUDUSD,2018-12-20T05:02:00+01:00,0.71042,0.71060,0.71042,0.71054,89
SQ:AUDUSD,2018-12-20T05:03:00+01:00,0.71054,0.71057,0.71043,0.71043,102
SQ:AUDUSD,2018-12-20T05:04:00+01:00,0.71043,0.71044,0.71011,0.71012,109
SQ:AUDUSD,2018-12-20T05:05:00+01:00,0.71013,0.71020,0.70990,0.71015,92
SQ:AUDUSD,2018-12-20T05:06:00+01:00,0.71014,0.71014,0.70989,0.70998,106
SQ:AUDUSD,2018-12-20T05:07:00+01:00,0.70997,0.71000,0.70997,0.70998,63
SQ:AUDUSD,2018-12-20T05:08:00+01:00,0.70997,0.71001,0.70993,0.70999,61
SQ:AUDUSD,2018-12-20T05:09:00+01:00,0.70999,0.71010,0.70998,0.71006,137
SQ:AUDUSD,2018-12-20T05:10:00+01:00,0.71006,0.71009,0.71001,0.71005,43
SQ:AUDUSD,2018-12-20T05:11:00+01:00,0.71005,0.71023,0.71001,0.71021,77
SQ:AUDUSD,2018-12-20T05:12:00+01:00,0.71021,0.71031,0.71021,0.71023,82
SQ:AUDUSD,2018-12-20T05:13:00+01:00,0.71023,0.71023,0.71013,0.71015,52
SQ:AUDUSD,2018-12-20T05:14:00+01:00,0.71015,0.71015,0.71002,0.71008,68
SQ:AUDUSD,2018-12-20T05:15:00+01:00,0.71008,0.71008,0.70996,0.70997,72
SQ:AUDUSD,2018-12-20T05:16:00+01:00,0.70994,0.71008,0.70993,0.71007,58
SQ:AUDUSD,2018-12-20T05:17:00+01:00,0.71007,0.71021,0.71005,0.71021,74
SQ:AUDUSD,2018-12-20T05:18:00+01:00,0.71022,0.71023,0.71008,0.71012,78
SQ:AUDUSD,2018-12-20T05:19:00+01:00,0.71011,0.71012,0.71007,0.71011,61
SQ:AUDUSD,2018-12-20T05:20:00+01:00,0.71011,0.71013,0.71006,0.71007,62
SQ:AUDUSD,2018-12-20T05:21:00+01:00,0.71006,0.71008,0.70993,0.71008,83
SQ:AUDUSD,2018-12-20T05:22:00+01:00,0.71008,0.71023,0.71006,0.71020,77
SQ:AUDUSD,2018-12-20T05:23:00+01:00,0.71022,0.71051,0.71021,0.71043,77
SQ:AUDUSD,2018-12-20T05:24:00+01:00,0.71043,0.71047,0.71042,0.71045,35
SQ:AUDUSD,2018-12-20T05:25:00+01:00,0.71045,0.71045,0.71041,0.71042,40
SQ:AUDUSD,2018-12-20T05:26:00+01:00,0.71042,0.71044,0.71035,0.71041,73
SQ:AUDUSD,2018-12-20T05:27:00+01:00,0.71041,0.71043,0.71033,0.71042,71
SQ:AUDUSD,2018-12-20T05:28:00+01:00,0.71042,0.71042,0.71001,0.71001,73
SQ:AUDUSD,2018-12-20T05:29:00+01:00,0.71001,0.71001,0.70971,0.70977,90
SQ:AUDUSD,2018-12-20T05:30:00+01:00,0.70977,0.70977,0.70956,0.70956,103
SQ:AUDUSD,2018-12-20T05:31:00+01:00,0.70957,0.70989,0.70956,0.70978,72
SQ:AUDUSD,2018-12-20T05:32:00+01:00,0.70979,0.70995,0.70976,0.70978,95
SQ:AUDUSD,2018-12-20T05:33:00+01:00,0.70977,0.70978,0.70967,0.70976,36
SQ:AUDUSD,2018-12-20T05:34:00+01:00,0.70976,0.70976,0.70969,0.70970,81
SQ:AUDUSD,2018-12-20T05:35:00+01:00,0.70971,0.70975,0.70959,0.70971,58
SQ:AUDUSD,2018-12-20T05:36:00+01:00,0.70975,0.70976,0.70971,0.70971,29
SQ:AUDUSD,2018-12-20T05:37:00+01:00,0.70971,0.70971,0.70947,0.70948,124
SQ:AUDUSD,2018-12-20T05:38:00+01:00,0.70948,0.70957,0.70945,0.70956,60
SQ:AUDUSD,2018-12-20T05:39:00+01:00,0.70956,0.70966,0.70955,0.70966,42
SQ:AUDUSD,2018-12-20T05:40:00+01:00,0.70967,0.70986,0.70946,0.70949,120
SQ:AUDUSD,2018-12-20T05:41:00+01:00,0.70949,0.70953,0.70940,0.70950,72
SQ:AUDUSD,2018-12-20T05:42:00+01:00,0.70949,0.70949,0.70939,0.70939,73
SQ:AUDUSD,2018-12-20T05:43:00+01:00,0.70936,0.70955,0.70928,0.70950,140
SQ:AUDUSD,2018-12-20T05:44:00+01:00,0.70951,0.70962,0.70949,0.70959,94
SQ:AUDUSD,2018-12-20T05:45:00+01:00,0.70960,0.70960,0.70942,0.70946,106
SQ:AUDUSD,2018-12-20T05:46:00+01:00,0.70943,0.70947,0.70937,0.70947,68
SQ:AUDUSD,2018-12-20T05:47:00+01:00,0.70947,0.70951,0.70945,0.70946,78
SQ:AUDUSD,2018-12-20T05:48:00+01:00,0.70945,0.70947,0.70945,0.70946,15
SQ:AUDUSD,2018-12-20T05:49:00+01:00,0.70946,0.70949,0.70945,0.70946,42
SQ:AUDUSD,2018-12-20T05:50:00+01:00,0.70945,0.70945,0.70936,0.70936,19
SQ:AUDUSD,2018-12-20T05:51:00+01:00,0.70942,0.70942,0.70934,0.70934,21
SQ:AUDUSD,2018-12-20T05:52:00+01:00,0.70934,0.70942,0.70934,0.70942,73
SQ:AUDUSD,2018-12-20T05:53:00+01:00,0.70942,0.70953,0.70936,0.70937,149
SQ:AUDUSD,2018-12-20T05:54:00+01:00,0.70938,0.70941,0.70936,0.70938,112
SQ:AUDUSD,2018-12-20T05:55:00+01:00,0.70939,0.70955,0.70937,0.70954,107
SQ:AUDUSD,2018-12-20T05:56:00+01:00,0.70954,0.70963,0.70951,0.70952,71
SQ:AUDUSD,2018-12-20T05:57:00+01:00,0.70950,0.70951,0.70936,0.70936,66
SQ:AUDUSD,2018-12-20T05:58:00+01:00,0.70937,0.70944,0.70925,0.70925,126
SQ:AUDUSD,2018-12-20T05:59:00+01:00,0.70926,0.70944,0.70926,0.70940,102
SQ:AUDUSD,2018-12-20T06:00:00+01:00,0.70938,0.70940,0.70914,0.70916,121
SQ:AUDUSD,2018-12-20T06:01:00+01:00,0.70916,0.70918,0.70905,0.70918,110
SQ:AUDUSD,2018-12-20T06:02:00+01:00,0.70924,0.70926,0.70916,0.70917,62
SQ:AUDUSD,2018-12-20T06:03:00+01:00,0.70916,0.70921,0.70912,0.70912,54
SQ:AUDUSD,2018-12-20T06:04:00+01:00,0.70912,0.70922,0.70912,0.70916,95
SQ:AUDUSD,2018-12-20T06:05:00+01:00,0.70915,0.70936,0.70912,0.70932,87
SQ:AUDUSD,2018-12-20T06:06:00+01:00,0.70930,0.70939,0.70919,0.70936,130
SQ:AUDUSD,2018-12-20T06:07:00+01:00,0.70937,0.70944,0.70929,0.70939,123
SQ:AUDUSD,2018-12-20T06:08:00+01:00,0.70938,0.70940,0.70934,0.70936,85
SQ:AUDUSD,2018-12-20T06:09:00+01:00,0.70937,0.70937,0.70934,0.70936,86
SQ:AUDUSD,2018-12-20T06:10:00+01:00,0.70936,0.70941,0.70924,0.70926,96
SQ:AUDUSD,2018-12-20T06:11:00+01:00,0.70925,0.70929,0.70912,0.70919,106
SQ:AUDUSD,2018-12-20T06:12:00+01:00,0.70919,0.70938,0.70919,0.70938,57
SQ:AUDUSD,2018-12-20T06:13:00+01:00,0.70938,0.70940,0.70934,0.70935,72
SQ:AUDUSD,2018-12-20T06:14:00+01:00,0.70936,0.70940,0.70926,0.70929,165
SQ:AUDUSD,2018-12-20T06:15:00+01:00,0.70935,0.70936,0.70907,0.70915,140
SQ:AUDUSD,2018-12-20T06:16:00+01:00,0.70915,0.70915,0.70905,0.70906,139
SQ:AUDUSD,2018-12-20T06:17:00+01:00,0.70905,0.70915,0.70904,0.70910,58
SQ:AUDUSD,2018-12-20T06:18:00+01:00,0.70911,0.70923,0.70910,0.70920,95
SQ:AUDUSD,2018-12-20T06:19:00+01:00,0.70921,0.70933,0.70921,0.70926,84
SQ:AUDUSD,2018-12-20T06:20:00+01:00,0.70926,0.70934,0.70926,0.70930,98
SQ:AUDUSD,2018-12-20T06:21:00+01:00,0.70929,0.70930,0.70915,0.70919,62
SQ:AUDUSD,2018-12-20T06:22:00+01:00,0.70920,0.70920,0.70894,0.70898,107
SQ:AUDUSD,2018-12-20T06:23:00+01:00,0.70897,0.70921,0.70896,0.70919,127
SQ:AUDUSD,2018-12-20T06:24:00+01:00,0.70919,0.70920,0.70901,0.70907,111
SQ:AUDUSD,2018-12-20T06:25:00+01:00,0.70907,0.70909,0.70905,0.70908,113
SQ:AUDUSD,2018-12-20T06:26:00+01:00,0.70905,0.70916,0.70905,0.70916,90
SQ:AUDUSD,2018-12-20T06:27:00+01:00,0.70916,0.70916,0.70907,0.70908,60
SQ:AUDUSD,2018-12-20T06:28:00+01:00,0.70902,0.70909,0.70902,0.70906,34
SQ:AUDUSD,2018-12-20T06:29:00+01:00,0.70900,0.70900,0.70876,0.70888,81
SQ:AUDUSD,2018-12-20T06:30:00+01:00,0.70888,0.70898,0.70887,0.70897,71
SQ:AUDUSD,2018-12-20T06:31:00+01:00,0.70898,0.70910,0.70897,0.70899,76
SQ:AUDUSD,2018-12-20T06:32:00+01:00,0.70900,0.70900,0.70895,0.70898,33
SQ:AUDUSD,2018-12-20T06:33:00+01:00,0.70897,0.70897,0.70881,0.70890,87
SQ:AUDUSD,2018-12-20T06:34:00+01:00,0.70889,0.70891,0.70885,0.70891,49
SQ:AUDUSD,2018-12-20T06:35:00+01:00,0.70894,0.70901,0.70892,0.70901,55
SQ:AUDUSD,2018-12-20T06:36:00+01:00,0.70901,0.70903,0.70900,0.70903,21
SQ:AUDUSD,2018-12-20T06:37:00+01:00,0.70902,0.70914,0.70902,0.70912,68
SQ:AUDUSD,2018-12-20T06:38:00+01:00,0.70912,0.70924,0.70902,0.70902,100
SQ:AUDUSD,2018-12-20T06:39:00+01:00,0.70901,0.70902,0.70894,0.70902,51
SQ:AUDUSD,2018-12-20T06:40:00+01:00,0.70902,0.70921,0.70902,0.70917,82
SQ:AUDUSD,2018-12-20T06:41:00+01:00,0.70917,0.70917,0.70890,0.70894,92
SQ:AUDUSD,2018-12-20T06:42:00+01:00,0.70890,0.70896,0.70886,0.70891,94
SQ:AUDUSD,2018-12-20T06:43:00+01:00,0.70891,0.70891,0.70879,0.70885,103
SQ:AUDUSD,2018-12-20T06:44:00+01:00,0.70885,0.70889,0.70879,0.70880,82
SQ:AUDUSD,2018-12-20T06:45:00+01:00,0.70879,0.70880,0.70875,0.70875,68
SQ:AUDUSD,2018-12-20T06:46:00+01:00,0.70875,0.70878,0.70850,0.70851,87
SQ:AUDUSD,2018-12-20T06:47:00+01:00,0.70852,0.70863,0.70848,0.70860,118
SQ:AUDUSD,2018-12-20T06:48:00+01:00,0.70861,0.70861,0.70851,0.70855,62
SQ:AUDUSD,2018-12-20T06:49:00+01:00,0.70856,0.70860,0.70854,0.70856,70
SQ:AUDUSD,2018-12-20T06:50:00+01:00,0.70855,0.70865,0.70855,0.70865,66
SQ:AUDUSD,2018-12-20T06:51:00+01:00,0.70866,0.70880,0.70864,0.70877,106
SQ:AUDUSD,2018-12-20T06:52:00+01:00,0.70876,0.70896,0.70876,0.70893,113
SQ:AUDUSD,2018-12-20T06:53:00+01:00,0.70894,0.70897,0.70887,0.70888,81
SQ:AUDUSD,2018-12-20T06:54:00+01:00,0.70888,0.70888,0.70879,0.70879,83
SQ:AUDUSD,2018-12-20T06:55:00+01:00,0.70879,0.70883,0.70875,0.70878,59
SQ:AUDUSD,2018-12-20T06:56:00+01:00,0.70878,0.70886,0.70848,0.70861,70
SQ:AUDUSD,2018-12-20T06:57:00+01:00,0.70862,0.70862,0.70850,0.70856,43
SQ:AUDUSD,2018-12-20T06:58:00+01:00,0.70856,0.70861,0.70854,0.70859,72
SQ:AUDUSD,2018-12-20T06:59:00+01:00,0.70858,0.70871,0.70858,0.70869,94
SQ:AUDUSD,2018-12-20T07:00:00+01:00,0.70871,0.70875,0.70868,0.70875,57
SQ:AUDUSD,2018-12-20T07:01:00+01:00,0.70876,0.70888,0.70876,0.70887,57
SQ:AUDUSD,2018-12-20T07:02:00+01:00,0.70887,0.70898,0.70887,0.70896,87
SQ:AUDUSD,2018-12-20T07:03:00+01:00,0.70896,0.70908,0.70896,0.70908,52
SQ:AUDUSD,2018-12-20T07:04:00+01:00,0.70908,0.70908,0.70907,0.70907,57
SQ:AUDUSD,2018-12-20T07:05:00+01:00,0.70909,0.70912,0.70899,0.70911,60
SQ:AUDUSD,2018-12-20T07:06:00+01:00,0.70910,0.70918,0.70899,0.70913,118
SQ:AUDUSD,2018-12-20T07:07:00+01:00,0.70912,0.70919,0.70906,0.70912,128
SQ:AUDUSD,2018-12-20T07:08:00+01:00,0.70911,0.70912,0.70899,0.70909,141
SQ:AUDUSD,2018-12-20T07:09:00+01:00,0.70908,0.70918,0.70900,0.70917,87
SQ:AUDUSD,2018-12-20T07:10:00+01:00,0.70916,0.70917,0.70903,0.70906,66
SQ:AUDUSD,2018-12-20T07:11:00+01:00,0.70906,0.70907,0.70891,0.70893,42
SQ:AUDUSD,2018-12-20T07:12:00+01:00,0.70893,0.70909,0.70893,0.70904,49
SQ:AUDUSD,2018-12-20T07:13:00+01:00,0.70903,0.70906,0.70888,0.70890,111
SQ:AUDUSD,2018-12-20T07:14:00+01:00,0.70889,0.70891,0.70874,0.70890,136
SQ:AUDUSD,2018-12-20T07:15:00+01:00,0.70894,0.70906,0.70882,0.70896,116
SQ:AUDUSD,2018-12-20T07:16:00+01:00,0.70896,0.70908,0.70891,0.70891,75
SQ:AUDUSD,2018-12-20T07:17:00+01:00,0.70891,0.70897,0.70872,0.70885,93
SQ:AUDUSD,2018-12-20T07:18:00+01:00,0.70885,0.70908,0.70885,0.70908,86
SQ:AUDUSD,2018-12-20T07:19:00+01:00,0.70908,0.70917,0.70886,0.70887,65
SQ:AUDUSD,2018-12-20T07:20:00+01:00,0.70887,0.70890,0.70875,0.70880,46
SQ:AUDUSD,2018-12-20T07:21:00+01:00,0.70880,0.70881,0.70878,0.70879,77
SQ:AUDUSD,2018-12-20T07:22:00+01:00,0.70880,0.70889,0.70864,0.70889,108
SQ:AUDUSD,2018-12-20T07:23:00+01:00,0.70889,0.70898,0.70887,0.70890,56
SQ:AUDUSD,2018-12-20T07:24:00+01:00,0.70891,0.70897,0.70890,0.70896,49
SQ:AUDUSD,2018-12-20T07:25:00+01:00,0.70896,0.70897,0.70891,0.70893,37
SQ:AUDUSD,2018-12-20T07:26:00+01:00,0.70893,0.70919,0.70893,0.70916,74
SQ:AUDUSD,2018-12-20T07:27:00+01:00,0.70916,0.70919,0.70912,0.70912,68
SQ:AUDUSD,2018-12-20T07:28:00+01:00,0.70912,0.70912,0.70901,0.70903,35
SQ:AUDUSD,2018-12-20T07:29:00+01:00,0.70902,0.70904,0.70901,0.70901,22
SQ:AUDUSD,2018-12-20T07:30:00+01:00,0.70903,0.70907,0.70893,0.70898,67
SQ:AUDUSD,2018-12-20T07:31:00+01:00,0.70899,0.70909,0.70899,0.70909,32
SQ:AUDUSD,2018-12-20T07:32:00+01:00,0.70909,0.70929,0.70909,0.70928,46
SQ:AUDUSD,2018-12-20T07:33:00+01:00,0.70928,0.70936,0.70925,0.70927,40
SQ:AUDUSD,2018-12-20T07:34:00+01:00,0.70927,0.70932,0.70921,0.70921,43
SQ:AUDUSD,2018-12-20T07:35:00+01:00,0.70921,0.70927,0.70920,0.70926,44
SQ:AUDUSD,2018-12-20T07:36:00+01:00,0.70926,0.70926,0.70916,0.70920,34
SQ:AUDUSD,2018-12-20T07:37:00+01:00,0.70920,0.70928,0.70920,0.70922,40
SQ:AUDUSD,2018-12-20T07:38:00+01:00,0.70924,0.70927,0.70923,0.70924,37
SQ:AUDUSD,2018-12-20T07:39:00+01:00,0.70925,0.70937,0.70925,0.70930,37
SQ:AUDUSD,2018-12-20T07:40:00+01:00,0.70930,0.70930,0.70909,0.70913,73
SQ:AUDUSD,2018-12-20T07:41:00+01:00,0.70914,0.70917,0.70911,0.70915,31
SQ:AUDUSD,2018-12-20T07:42:00+01:00,0.70914,0.70915,0.70911,0.70913,18
SQ:AUDUSD,2018-12-20T07:43:00+01:00,0.70914,0.70952,0.70913,0.70946,118
SQ:AUDUSD,2018-12-20T07:44:00+01:00,0.70945,0.70949,0.70938,0.70944,119
SQ:AUDUSD,2018-12-20T07:45:00+01:00,0.70943,0.70943,0.70924,0.70925,113
SQ:AUDUSD,2018-12-20T07:46:00+01:00,0.70925,0.70930,0.70914,0.70922,69
SQ:AUDUSD,2018-12-20T07:47:00+01:00,0.70922,0.70933,0.70922,0.70928,59
SQ:AUDUSD,2018-12-20T07:48:00+01:00,0.70928,0.70928,0.70918,0.70920,59
SQ:AUDUSD,2018-12-20T07:49:00+01:00,0.70921,0.70932,0.70920,0.70931,77
SQ:AUDUSD,2018-12-20T07:50:00+01:00,0.70931,0.70943,0.70930,0.70939,59
SQ:AUDUSD,2018-12-20T07:51:00+01:00,0.70937,0.70940,0.70922,0.70939,71
SQ:AUDUSD,2018-12-20T07:52:00+01:00,0.70939,0.70953,0.70923,0.70948,92
SQ:AUDUSD,2018-12-20T07:53:00+01:00,0.70948,0.70963,0.70948,0.70961,37
SQ:AUDUSD,2018-12-20T07:54:00+01:00,0.70960,0.70961,0.70956,0.70957,43
SQ:AUDUSD,2018-12-20T07:55:00+01:00,0.70953,0.70957,0.70946,0.70946,78
SQ:AUDUSD,2018-12-20T07:56:00+01:00,0.70946,0.70953,0.70943,0.70943,94
SQ:AUDUSD,2018-12-20T07:57:00+01:00,0.70944,0.70960,0.70940,0.70960,80
SQ:AUDUSD,2018-12-20T07:58:00+01:00,0.70959,0.70961,0.70949,0.70956,60
SQ:AUDUSD,2018-12-20T07:59:00+01:00,0.70957,0.70959,0.70951,0.70959,47
SQ:AUDUSD,2018-12-20T08:00:00+01:00,0.70960,0.70960,0.70945,0.70949,52
SQ:AUDUSD,2018-12-20T08:01:00+01:00,0.70950,0.70955,0.70944,0.70949,48
SQ:AUDUSD,2018-12-20T08:02:00+01:00,0.70950,0.70961,0.70949,0.70957,76
SQ:AUDUSD,2018-12-20T08:03:00+01:00,0.70959,0.70962,0.70958,0.70958,57
SQ:AUDUSD,2018-12-20T08:04:00+01:00,0.70959,0.70972,0.70957,0.70971,110
SQ:AUDUSD,2018-12-20T08:05:00+01:00,0.70970,0.70972,0.70966,0.70969,75
SQ:AUDUSD,2018-12-20T08:06:00+01:00,0.70968,0.70971,0.70945,0.70949,106
SQ:AUDUSD,2018-12-20T08:07:00+01:00,0.70948,0.70970,0.70948,0.70961,92
SQ:AUDUSD,2018-12-20T08:08:00+01:00,0.70962,0.70975,0.70961,0.70967,89
SQ:AUDUSD,2018-12-20T08:09:00+01:00,0.70968,0.70968,0.70939,0.70960,138
SQ:AUDUSD,2018-12-20T08:10:00+01:00,0.70960,0.70970,0.70956,0.70969,90
SQ:AUDUSD,2018-12-20T08:11:00+01:00,0.70969,0.70974,0.70962,0.70971,70
SQ:AUDUSD,2018-12-20T08:12:00+01:00,0.70971,0.70985,0.70971,0.70982,82
SQ:AUDUSD,2018-12-20T08:13:00+01:00,0.70981,0.70981,0.70971,0.70972,52
SQ:AUDUSD,2018-12-20T08:14:00+01:00,0.70973,0.70986,0.70960,0.70980,88
SQ:AUDUSD,2018-12-20T08:15:00+01:00,0.70979,0.70980,0.70965,0.70976,62
SQ:AUDUSD,2018-12-20T08:16:00+01:00,0.70976,0.70996,0.70975,0.70990,115
SQ:AUDUSD,2018-12-20T08:17:00+01:00,0.70991,0.70996,0.70987,0.70990,72
SQ:AUDUSD,2018-12-20T08:18:00+01:00,0.70992,0.71000,0.70991,0.70999,65
SQ:AUDUSD,2018-12-20T08:19:00+01:00,0.70998,0.71011,0.70992,0.71007,93
SQ:AUDUSD,2018-12-20T08:20:00+01:00,0.71008,0.71019,0.71003,0.71009,168
SQ:AUDUSD,2018-12-20T08:21:00+01:00,0.71010,0.71020,0.71003,0.71019,77
SQ:AUDUSD,2018-12-20T08:22:00+01:00,0.71019,0.71023,0.71010,0.71012,44
SQ:AUDUSD,2018-12-20T08:23:00+01:00,0.71011,0.71021,0.71003,0.71020,63
SQ:AUDUSD,2018-12-20T08:24:00+01:00,0.71020,0.71040,0.71020,0.71032,161
SQ:AUDUSD,2018-12-20T08:25:00+01:00,0.71031,0.71049,0.71023,0.71043,84
SQ:AUDUSD,2018-12-20T08:26:00+01:00,0.71044,0.71056,0.71042,0.71054,125
SQ:AUDUSD,2018-12-20T08:27:00+01:00,0.71055,0.71062,0.71032,0.71033,102
SQ:AUDUSD,2018-12-20T08:28:00+01:00,0.71032,0.71043,0.71030,0.71033,134
SQ:AUDUSD,2018-12-20T08:29:00+01:00,0.71034,0.71041,0.71022,0.71028,127
SQ:AUDUSD,2018-12-20T08:30:00+01:00,0.71028,0.71061,0.71021,0.71061,125
SQ:AUDUSD,2018-12-20T08:31:00+01:00,0.71060,0.71065,0.71033,0.71051,153
SQ:AUDUSD,2018-12-20T08:32:00+01:00,0.71051,0.71069,0.71050,0.71063,76
SQ:AUDUSD,2018-12-20T08:33:00+01:00,0.71066,0.71068,0.71051,0.71065,89
SQ:AUDUSD,2018-12-20T08:34:00+01:00,0.71068,0.71069,0.71051,0.71062,112
SQ:AUDUSD,2018-12-20T08:35:00+01:00,0.71063,0.71094,0.71063,0.71088,138
SQ:AUDUSD,2018-12-20T08:36:00+01:00,0.71088,0.71088,0.71073,0.71074,116
SQ:AUDUSD,2018-12-20T08:37:00+01:00,0.71076,0.71091,0.71076,0.71085,117
SQ:AUDUSD,2018-12-20T08:38:00+01:00,0.71084,0.71089,0.71081,0.71081,120
SQ:AUDUSD,2018-12-20T08:39:00+01:00,0.71080,0.71084,0.71069,0.71073,102
SQ:AUDUSD,2018-12-20T08:40:00+01:00,0.71074,0.71076,0.71059,0.71073,108
SQ:AUDUSD,2018-12-20T08:41:00+01:00,0.71076,0.71084,0.71071,0.71074,118
SQ:AUDUSD,2018-12-20T08:42:00+01:00,0.71074,0.71078,0.71069,0.71072,108
SQ:AUDUSD,2018-12-20T08:43:00+01:00,0.71072,0.71088,0.71066,0.71068,102
SQ:AUDUSD,2018-12-20T08:44:00+01:00,0.71068,0.71081,0.71066,0.71080,93
SQ:AUDUSD,2018-12-20T08:45:00+01:00,0.71081,0.71088,0.71073,0.71083,102
SQ:AUDUSD,2018-12-20T08:46:00+01:00,0.71084,0.71089,0.71081,0.71088,54
SQ:AUDUSD,2018-12-20T08:47:00+01:00,0.71088,0.71109,0.71087,0.71103,56
SQ:AUDUSD,2018-12-20T08:48:00+01:00,0.71102,0.71104,0.71092,0.71093,78
SQ:AUDUSD,2018-12-20T08:49:00+01:00,0.71094,0.71104,0.71091,0.71100,65
SQ:AUDUSD,2018-12-20T08:50:00+01:00,0.71099,0.71120,0.71098,0.71112,105
SQ:AUDUSD,2018-12-20T08:51:00+01:00,0.71112,0.71117,0.71108,0.71112,96
SQ:AUDUSD,2018-12-20T08:52:00+01:00,0.71111,0.71111,0.71091,0.71100,108
SQ:AUDUSD,2018-12-20T08:53:00+01:00,0.71104,0.71106,0.71090,0.71093,76
SQ:AUDUSD,2018-12-20T08:54:00+01:00,0.71093,0.71093,0.71081,0.71082,87
SQ:AUDUSD,2018-12-20T08:55:00+01:00,0.71083,0.71105,0.71082,0.71102,109
SQ:AUDUSD,2018-12-20T08:56:00+01:00,0.71102,0.71103,0.71087,0.71089,87
SQ:AUDUSD,2018-12-20T08:57:00+01:00,0.71089,0.71090,0.71069,0.71072,98
SQ:AUDUSD,2018-12-20T08:58:00+01:00,0.71074,0.71094,0.71074,0.71094,88
SQ:AUDUSD,2018-12-20T08:59:00+01:00,0.71092,0.71095,0.71084,0.71087,111
SQ:AUDUSD,2018-12-20T09:00:00+01:00,0.71086,0.71094,0.71066,0.71090,174
SQ:AUDUSD,2018-12-20T09:01:00+01:00,0.71089,0.71089,0.71063,0.71082,125
SQ:AUDUSD,2018-12-20T09:02:00+01:00,0.71083,0.71094,0.71078,0.71093,101
SQ:AUDUSD,2018-12-20T09:03:00+01:00,0.71093,0.71094,0.71086,0.71088,76
SQ:AUDUSD,2018-12-20T09:04:00+01:00,0.71088,0.71088,0.71072,0.71077,92
SQ:AUDUSD,2018-12-20T09:05:00+01:00,0.71077,0.71080,0.71066,0.71080,75
SQ:AUDUSD,2018-12-20T09:06:00+01:00,0.71079,0.71088,0.71073,0.71082,87
SQ:AUDUSD,2018-12-20T09:07:00+01:00,0.71082,0.71082,0.71067,0.71077,65
SQ:AUDUSD,2018-12-20T09:08:00+01:00,0.71077,0.71108,0.71075,0.71107,81
SQ:AUDUSD,2018-12-20T09:09:00+01:00,0.71106,0.71106,0.71076,0.71079,99
SQ:AUDUSD,2018-12-20T09:10:00+01:00,0.71079,0.71087,0.71077,0.71078,71
SQ:AUDUSD,2018-12-20T09:11:00+01:00,0.71078,0.71092,0.71068,0.71091,112
SQ:AUDUSD,2018-12-20T09:12:00+01:00,0.71092,0.71093,0.71062,0.71063,112
SQ:AUDUSD,2018-12-20T09:13:00+01:00,0.71064,0.71078,0.71064,0.71069,101
SQ:AUDUSD,2018-12-20T09:14:00+01:00,0.71069,0.71070,0.71034,0.71034,131
SQ:AUDUSD,2018-12-20T09:15:00+01:00,0.71035,0.71060,0.71024,0.71040,136
SQ:AUDUSD,2018-12-20T09:16:00+01:00,0.71043,0.71057,0.71041,0.71048,148
SQ:AUDUSD,2018-12-20T09:17:00+01:00,0.71049,0.71049,0.71032,0.71037,102
SQ:AUDUSD,2018-12-20T09:18:00+01:00,0.71036,0.71069,0.71034,0.71067,87
SQ:AUDUSD,2018-12-20T09:19:00+01:00,0.71067,0.71082,0.71063,0.71074,126
SQ:AUDUSD,2018-12-20T09:20:00+01:00,0.71074,0.71091,0.71073,0.71089,89
SQ:AUDUSD,2018-12-20T09:21:00+01:00,0.71089,0.71098,0.71088,0.71091,64
SQ:AUDUSD,2018-12-20T09:22:00+01:00,0.71091,0.71114,0.71091,0.71108,91
SQ:AUDUSD,2018-12-20T09:23:00+01:00,0.71107,0.71112,0.71088,0.71103,117
SQ:AUDUSD,2018-12-20T09:24:00+01:00,0.71104,0.71111,0.71087,0.71087,133
SQ:AUDUSD,2018-12-20T09:25:00+01:00,0.71086,0.71092,0.71082,0.71083,71
SQ:AUDUSD,2018-12-20T09:26:00+01:00,0.71084,0.71094,0.71074,0.71093,105
SQ:AUDUSD,2018-12-20T09:27:00+01:00,0.71091,0.71092,0.71072,0.71072,99
SQ:AUDUSD,2018-12-20T09:28:00+01:00,0.71073,0.71092,0.71073,0.71091,96
SQ:AUDUSD,2018-12-20T09:29:00+01:00,0.71090,0.71103,0.71084,0.71101,93
SQ:AUDUSD,2018-12-20T09:30:00+01:00,0.71100,0.71125,0.71095,0.71124,202
SQ:AUDUSD,2018-12-20T09:31:00+01:00,0.71125,0.71129,0.71112,0.71114,174
SQ:AUDUSD,2018-12-20T09:32:00+01:00,0.71115,0.71122,0.71096,0.71104,131
SQ:AUDUSD,2018-12-20T09:33:00+01:00,0.71103,0.71105,0.71095,0.71099,63
SQ:AUDUSD,2018-12-20T09:34:00+01:00,0.71099,0.71102,0.71085,0.71102,70
SQ:AUDUSD,2018-12-20T09:35:00+01:00,0.71101,0.71103,0.71084,0.71094,127
SQ:AUDUSD,2018-12-20T09:36:00+01:00,0.71094,0.71095,0.71082,0.71089,95
SQ:AUDUSD,2018-12-20T09:37:00+01:00,0.71090,0.71099,0.71083,0.71099,70
SQ:AUDUSD,2018-12-20T09:38:00+01:00,0.71100,0.71105,0.71094,0.71101,92
SQ:AUDUSD,2018-12-20T09:39:00+01:00,0.71100,0.71119,0.71100,0.71117,125
SQ:AUDUSD,2018-12-20T09:40:00+01:00,0.71119,0.71130,0.71114,0.71123,101
SQ:AUDUSD,2018-12-20T09:41:00+01:00,0.71123,0.71123,0.71108,0.71116,75
SQ:AUDUSD,2018-12-20T09:42:00+01:00,0.71115,0.71131,0.71115,0.71121,109
SQ:AUDUSD,2018-12-20T09:43:00+01:00,0.71122,0.71141,0.71122,0.71135,110
SQ:AUDUSD,2018-12-20T09:44:00+01:00,0.71134,0.71140,0.71134,0.71137,46
SQ:AUDUSD,2018-12-20T09:45:00+01:00,0.71137,0.71141,0.71133,0.71134,52
SQ:AUDUSD,2018-12-20T09:46:00+01:00,0.71134,0.71147,0.71133,0.71136,96
SQ:AUDUSD,2018-12-20T09:47:00+01:00,0.71136,0.71147,0.71127,0.71139,155
SQ:AUDUSD,2018-12-20T09:48:00+01:00,0.71141,0.71144,0.71136,0.71138,86
SQ:AUDUSD,2018-12-20T09:49:00+01:00,0.71139,0.71154,0.71134,0.71147,142
SQ:AUDUSD,2018-12-20T09:50:00+01:00,0.71148,0.71148,0.71137,0.71144,72
SQ:AUDUSD,2018-12-20T09:51:00+01:00,0.71143,0.71159,0.71142,0.71153,124
SQ:AUDUSD,2018-12-20T09:52:00+01:00,0.71153,0.71163,0.71148,0.71153,82
SQ:AUDUSD,2018-12-20T09:53:00+01:00,0.71154,0.71158,0.71147,0.71152,94
SQ:AUDUSD,2018-12-20T09:54:00+01:00,0.71153,0.71154,0.71143,0.71153,112
SQ:AUDUSD,2018-12-20T09:55:00+01:00,0.71152,0.71158,0.71151,0.71156,73
SQ:AUDUSD,2018-12-20T09:56:00+01:00,0.71157,0.71158,0.71152,0.71157,51
SQ:AUDUSD,2018-12-20T09:57:00+01:00,0.71158,0.71161,0.71145,0.71159,111
SQ:AUDUSD,2018-12-20T09:58:00+01:00,0.71160,0.71176,0.71160,0.71168,120
SQ:AUDUSD,2018-12-20T09:59:00+01:00,0.71166,0.71176,0.71163,0.71173,113
SQ:AUDUSD,2018-12-20T10:00:00+01:00,0.71169,0.71175,0.71157,0.71172,140
SQ:AUDUSD,2018-12-20T10:01:00+01:00,0.71174,0.71185,0.71163,0.71168,107
SQ:AUDUSD,2018-12-20T10:02:00+01:00,0.71168,0.71180,0.71166,0.71178,93
SQ:AUDUSD,2018-12-20T10:03:00+01:00,0.71178,0.71179,0.71168,0.71174,51
SQ:AUDUSD,2018-12-20T10:04:00+01:00,0.71174,0.71181,0.71168,0.71177,79
SQ:AUDUSD,2018-12-20T10:05:00+01:00,0.71177,0.71188,0.71177,0.71185,55
SQ:AUDUSD,2018-12-20T10:06:00+01:00,0.71185,0.71189,0.71178,0.71183,76
SQ:AUDUSD,2018-12-20T10:07:00+01:00,0.71182,0.71187,0.71168,0.71177,129
SQ:AUDUSD,2018-12-20T10:08:00+01:00,0.71178,0.71190,0.71172,0.71185,98
SQ:AUDUSD,2018-12-20T10:09:00+01:00,0.71186,0.71207,0.71186,0.71206,102
SQ:AUDUSD,2018-12-20T10:10:00+01:00,0.71207,0.71215,0.71196,0.71213,108
SQ:AUDUSD,2018-12-20T10:11:00+01:00,0.71213,0.71233,0.71207,0.71228,186
SQ:AUDUSD,2018-12-20T10:12:00+01:00,0.71227,0.71228,0.71216,0.71225,90
SQ:AUDUSD,2018-12-20T10:13:00+01:00,0.71224,0.71253,0.71217,0.71248,215
SQ:AUDUSD,2018-12-20T10:14:00+01:00,0.71250,0.71273,0.71247,0.71258,234
SQ:AUDUSD,2018-12-20T10:15:00+01:00,0.71258,0.71263,0.71242,0.71245,103
SQ:AUDUSD,2018-12-20T10:16:00+01:00,0.71245,0.71255,0.71242,0.71243,126
SQ:AUDUSD,2018-12-20T10:17:00+01:00,0.71243,0.71245,0.71228,0.71231,126
SQ:AUDUSD,2018-12-20T10:18:00+01:00,0.71230,0.71232,0.71211,0.71212,182
SQ:AUDUSD,2018-12-20T10:19:00+01:00,0.71212,0.71224,0.71211,0.71223,138
SQ:AUDUSD,2018-12-20T10:20:00+01:00,0.71223,0.71248,0.71222,0.71238,145
SQ:AUDUSD,2018-12-20T10:21:00+01:00,0.71236,0.71255,0.71227,0.71248,140
SQ:AUDUSD,2018-12-20T10:22:00+01:00,0.71247,0.71258,0.71239,0.71256,168
SQ:AUDUSD,2018-12-20T10:23:00+01:00,0.71256,0.71284,0.71255,0.71280,155
SQ:AUDUSD,2018-12-20T10:24:00+01:00,0.71279,0.71295,0.71277,0.71289,200
SQ:AUDUSD,2018-12-20T10:25:00+01:00,0.71290,0.71300,0.71284,0.71298,112
SQ:AUDUSD,2018-12-20T10:26:00+01:00,0.71298,0.71300,0.71274,0.71282,183
SQ:AUDUSD,2018-12-20T10:27:00+01:00,0.71283,0.71299,0.71276,0.71299,95
SQ:AUDUSD,2018-12-20T10:28:00+01:00,0.71299,0.71301,0.71297,0.71298,93
SQ:AUDUSD,2018-12-20T10:29:00+01:00,0.71297,0.71299,0.71264,0.71266,95
SQ:AUDUSD,2018-12-20T10:30:00+01:00,0.71266,0.71284,0.71266,0.71276,101
SQ:AUDUSD,2018-12-20T10:31:00+01:00,0.71277,0.71284,0.71276,0.71277,93
SQ:AUDUSD,2018-12-20T10:32:00+01:00,0.71276,0.71276,0.71253,0.71256,170
SQ:AUDUSD,2018-12-20T10:33:00+01:00,0.71256,0.71263,0.71246,0.71247,154
SQ:AUDUSD,2018-12-20T10:34:00+01:00,0.71248,0.71257,0.71247,0.71253,149
SQ:AUDUSD,2018-12-20T10:35:00+01:00,0.71253,0.71263,0.71252,0.71258,167
SQ:AUDUSD,2018-12-20T10:36:00+01:00,0.71258,0.71262,0.71248,0.71262,131
SQ:AUDUSD,2018-12-20T10:37:00+01:00,0.71262,0.71263,0.71250,0.71253,114
SQ:AUDUSD,2018-12-20T10:38:00+01:00,0.71252,0.71259,0.71236,0.71257,160
SQ:AUDUSD,2018-12-20T10:39:00+01:00,0.71256,0.71256,0.71246,0.71255,111
SQ:AUDUSD,2018-12-20T10:40:00+01:00,0.71254,0.71263,0.71246,0.71263,183
SQ:AUDUSD,2018-12-20T10:41:00+01:00,0.71262,0.71265,0.71255,0.71255,143
SQ:AUDUSD,2018-12-20T10:42:00+01:00,0.71255,0.71265,0.71254,0.71255,113
SQ:AUDUSD,2018-12-20T10:43:00+01:00,0.71256,0.71267,0.71255,0.71265,93
SQ:AUDUSD,2018-12-20T10:44:00+01:00,0.71266,0.71274,0.71263,0.71264,121
SQ:AUDUSD,2018-12-20T10:45:00+01:00,0.71264,0.71280,0.71262,0.71275,105
SQ:AUDUSD,2018-12-20T10:46:00+01:00,0.71275,0.71285,0.71273,0.71285,149
SQ:AUDUSD,2018-12-20T10:47:00+01:00,0.71285,0.71304,0.71282,0.71303,105
SQ:AUDUSD,2018-12-20T10:48:00+01:00,0.71304,0.71316,0.71296,0.71315,145
SQ:AUDUSD,2018-12-20T10:49:00+01:00,0.71315,0.71319,0.71293,0.71299,128
SQ:AUDUSD,2018-12-20T10:50:00+01:00,0.71298,0.71299,0.71278,0.71287,146
SQ:AUDUSD,2018-12-20T10:51:00+01:00,0.71287,0.71307,0.71284,0.71299,143
SQ:AUDUSD,2018-12-20T10:52:00+01:00,0.71300,0.71325,0.71298,0.71318,156
SQ:AUDUSD,2018-12-20T10:53:00+01:00,0.71318,0.71339,0.71318,0.71323,149
SQ:AUDUSD,2018-12-20T10:54:00+01:00,0.71323,0.71348,0.71319,0.71343,167
SQ:AUDUSD,2018-12-20T10:55:00+01:00,0.71341,0.71373,0.71339,0.71359,194
SQ:AUDUSD,2018-12-20T10:56:00+01:00,0.71359,0.71370,0.71352,0.71368,118
SQ:AUDUSD,2018-12-20T10:57:00+01:00,0.71368,0.71370,0.71360,0.71369,131
SQ:AUDUSD,2018-12-20T10:58:00+01:00,0.71370,0.71371,0.71365,0.71367,59
SQ:AUDUSD,2018-12-20T10:59:00+01:00,0.71368,0.71381,0.71368,0.71380,87
SQ:AUDUSD,2018-12-20T11:00:00+01:00,0.71378,0.71385,0.71348,0.71370,200
SQ:AUDUSD,2018-12-20T11:01:00+01:00,0.71368,0.71372,0.71328,0.71332,167
SQ:AUDUSD,2018-12-20T11:02:00+01:00,0.71333,0.71343,0.71320,0.71342,159
SQ:AUDUSD,2018-12-20T11:03:00+01:00,0.71343,0.71346,0.71339,0.71346,109
SQ:AUDUSD,2018-12-20T11:04:00+01:00,0.71346,0.71347,0.71327,0.71333,114
SQ:AUDUSD,2018-12-20T11:05:00+01:00,0.71333,0.71356,0.71332,0.71356,158
SQ:AUDUSD,2018-12-20T11:06:00+01:00,0.71355,0.71372,0.71354,0.71371,89
SQ:AUDUSD,2018-12-20T11:07:00+01:00,0.71371,0.71383,0.71366,0.71382,75
SQ:AUDUSD,2018-12-20T11:08:00+01:00,0.71386,0.71387,0.71381,0.71383,113
SQ:AUDUSD,2018-12-20T11:09:00+01:00,0.71383,0.71404,0.71382,0.71402,97
SQ:AUDUSD,2018-12-20T11:10:00+01:00,0.71403,0.71405,0.71399,0.71403,81
SQ:AUDUSD,2018-12-20T11:11:00+01:00,0.71404,0.71410,0.71372,0.71376,164
SQ:AUDUSD,2018-12-20T11:12:00+01:00,0.71376,0.71383,0.71372,0.71383,106
SQ:AUDUSD,2018-12-20T11:13:00+01:00,0.71382,0.71390,0.71380,0.71390,136
SQ:AUDUSD,2018-12-20T11:14:00+01:00,0.71391,0.71402,0.71390,0.71401,106
SQ:AUDUSD,2018-12-20T11:15:00+01:00,0.71400,0.71406,0.71390,0.71391,47
SQ:AUDUSD,2018-12-20T11:16:00+01:00,0.71392,0.71400,0.71382,0.71400,59
SQ:AUDUSD,2018-12-20T11:17:00+01:00,0.71400,0.71414,0.71396,0.71413,70
SQ:AUDUSD,2018-12-20T11:18:00+01:00,0.71413,0.71416,0.71406,0.71411,68
SQ:AUDUSD,2018-12-20T11:19:00+01:00,0.71411,0.71419,0.71404,0.71410,76
SQ:AUDUSD,2018-12-20T11:20:00+01:00,0.71411,0.71429,0.71401,0.71427,84
SQ:AUDUSD,2018-12-20T11:21:00+01:00,0.71425,0.71444,0.71425,0.71434,101
SQ:AUDUSD,2018-12-20T11:22:00+01:00,0.71432,0.71441,0.71431,0.71437,65
SQ:AUDUSD,2018-12-20T11:23:00+01:00,0.71438,0.71443,0.71430,0.71430,76
SQ:AUDUSD,2018-12-20T11:24:00+01:00,0.71431,0.71431,0.71416,0.71422,105
SQ:AUDUSD,2018-12-20T11:25:00+01:00,0.71422,0.71422,0.71414,0.71414,78
SQ:AUDUSD,2018-12-20T11:26:00+01:00,0.71416,0.71417,0.71407,0.71410,116
SQ:AUDUSD,2018-12-20T11:27:00+01:00,0.71410,0.71412,0.71393,0.71397,113
SQ:AUDUSD,2018-12-20T11:28:00+01:00,0.71396,0.71398,0.71388,0.71389,87
SQ:AUDUSD,2018-12-20T11:29:00+01:00,0.71389,0.71397,0.71385,0.71385,114
SQ:AUDUSD,2018-12-20T11:30:00+01:00,0.71385,0.71390,0.71381,0.71387,70
SQ:AUDUSD,2018-12-20T11:31:00+01:00,0.71387,0.71400,0.71387,0.71394,80
SQ:AUDUSD,2018-12-20T11:32:00+01:00,0.71395,0.71395,0.71382,0.71388,91
SQ:AUDUSD,2018-12-20T11:33:00+01:00,0.71389,0.71389,0.71377,0.71378,74
SQ:AUDUSD,2018-12-20T11:34:00+01:00,0.71379,0.71379,0.71372,0.71374,67
SQ:AUDUSD,2018-12-20T11:35:00+01:00,0.71375,0.71376,0.71366,0.71374,88
SQ:AUDUSD,2018-12-20T11:36:00+01:00,0.71373,0.71376,0.71364,0.71365,82
SQ:AUDUSD,2018-12-20T11:37:00+01:00,0.71364,0.71377,0.71364,0.71377,58
SQ:AUDUSD,2018-12-20T11:38:00+01:00,0.71376,0.71376,0.71365,0.71369,113
SQ:AUDUSD,2018-12-20T11:39:00+01:00,0.71370,0.71381,0.71368,0.71381,86
SQ:AUDUSD,2018-12-20T11:40:00+01:00,0.71380,0.71385,0.71369,0.71370,58
SQ:AUDUSD,2018-12-20T11:41:00+01:00,0.71370,0.71378,0.71359,0.71360,104
SQ:AUDUSD,2018-12-20T11:42:00+01:00,0.71360,0.71368,0.71360,0.71360,84
SQ:AUDUSD,2018-12-20T11:43:00+01:00,0.71360,0.71365,0.71358,0.71358,116
SQ:AUDUSD,2018-12-20T11:44:00+01:00,0.71360,0.71367,0.71356,0.71367,112
SQ:AUDUSD,2018-12-20T11:45:00+01:00,0.71368,0.71374,0.71368,0.71370,40
SQ:AUDUSD,2018-12-20T11:46:00+01:00,0.71371,0.71400,0.71370,0.71387,84
SQ:AUDUSD,2018-12-20T11:47:00+01:00,0.71390,0.71394,0.71378,0.71381,65
SQ:AUDUSD,2018-12-20T11:48:00+01:00,0.71382,0.71405,0.71381,0.71398,99
SQ:AUDUSD,2018-12-20T11:49:00+01:00,0.71396,0.71402,0.71395,0.71398,81
SQ:AUDUSD,2018-12-20T11:50:00+01:00,0.71399,0.71413,0.71388,0.71413,114
SQ:AUDUSD,2018-12-20T11:51:00+01:00,0.71413,0.71416,0.71403,0.71414,80
SQ:AUDUSD,2018-12-20T11:52:00+01:00,0.71414,0.71418,0.71402,0.71417,102
SQ:AUDUSD,2018-12-20T11:53:00+01:00,0.71419,0.71434,0.71417,0.71426,121
SQ:AUDUSD,2018-12-20T11:54:00+01:00,0.71426,0.71433,0.71421,0.71427,87
SQ:AUDUSD,2018-12-20T11:55:00+01:00,0.71426,0.71433,0.71423,0.71426,111
SQ:AUDUSD,2018-12-20T11:56:00+01:00,0.71426,0.71426,0.71418,0.71424,100
SQ:AUDUSD,2018-12-20T11:57:00+01:00,0.71425,0.71425,0.71408,0.71409,109
SQ:AUDUSD,2018-12-20T11:58:00+01:00,0.71409,0.71409,0.71402,0.71404,91
SQ:AUDUSD,2018-12-20T11:59:00+01:00,0.71405,0.71410,0.71403,0.71406,47
SQ:AUDUSD,2018-12-20T12:00:00+01:00,0.71405,0.71406,0.71393,0.71393,71
SQ:AUDUSD,2018-12-20T12:01:00+01:00,0.71394,0.71398,0.71393,0.71394,44
SQ:AUDUSD,2018-12-20T12:02:00+01:00,0.71394,0.71407,0.71393,0.71401,81
SQ:AUDUSD,2018-12-20T12:03:00+01:00,0.71401,0.71415,0.71399,0.71415,113
SQ:AUDUSD,2018-12-20T12:04:00+01:00,0.71415,0.71415,0.71401,0.71404,91
SQ:AUDUSD,2018-12-20T12:05:00+01:00,0.71404,0.71404,0.71394,0.71394,56
SQ:AUDUSD,2018-12-20T12:06:00+01:00,0.71393,0.71395,0.71383,0.71383,29
SQ:AUDUSD,2018-12-20T12:07:00+01:00,0.71383,0.71402,0.71377,0.71399,85
SQ:AUDUSD,2018-12-20T12:08:00+01:00,0.71399,0.71410,0.71397,0.71410,46
SQ:AUDUSD,2018-12-20T12:09:00+01:00,0.71409,0.71431,0.71398,0.71429,104
SQ:AUDUSD,2018-12-20T12:10:00+01:00,0.71428,0.71436,0.71425,0.71435,116
SQ:AUDUSD,2018-12-20T12:11:00+01:00,0.71435,0.71437,0.71413,0.71419,102
SQ:AUDUSD,2018-12-20T12:12:00+01:00,0.71424,0.71433,0.71423,0.71430,75
SQ:AUDUSD,2018-12-20T12:13:00+01:00,0.71433,0.71444,0.71430,0.71443,90
SQ:AUDUSD,2018-12-20T12:14:00+01:00,0.71443,0.71454,0.71437,0.71452,75
SQ:AUDUSD,2018-12-20T12:15:00+01:00,0.71452,0.71456,0.71447,0.71449,78
SQ:AUDUSD,2018-12-20T12:16:00+01:00,0.71450,0.71450,0.71436,0.71438,38
SQ:AUDUSD,2018-12-20T12:17:00+01:00,0.71439,0.71440,0.71428,0.71430,121
SQ:AUDUSD,2018-12-20T12:18:00+01:00,0.71431,0.71437,0.71428,0.71429,110
SQ:AUDUSD,2018-12-20T12:19:00+01:00,0.71429,0.71429,0.71411,0.71413,87
SQ:AUDUSD,2018-12-20T12:20:00+01:00,0.71413,0.71436,0.71413,0.71430,111
SQ:AUDUSD,2018-12-20T12:21:00+01:00,0.71431,0.71444,0.71431,0.71435,72
SQ:AUDUSD,2018-12-20T12:22:00+01:00,0.71434,0.71439,0.71428,0.71438,85
SQ:AUDUSD,2018-12-20T12:23:00+01:00,0.71438,0.71440,0.71427,0.71433,95
SQ:AUDUSD,2018-12-20T12:24:00+01:00,0.71433,0.71437,0.71425,0.71434,71
SQ:AUDUSD,2018-12-20T12:25:00+01:00,0.71435,0.71445,0.71433,0.71433,75
SQ:AUDUSD,2018-12-20T12:26:00+01:00,0.71433,0.71434,0.71419,0.71425,83
SQ:AUDUSD,2018-12-20T12:27:00+01:00,0.71426,0.71426,0.71417,0.71424,56
SQ:AUDUSD,2018-12-20T12:28:00+01:00,0.71424,0.71425,0.71404,0.71404,129
SQ:AUDUSD,2018-12-20T12:29:00+01:00,0.71404,0.71415,0.71402,0.71414,114
SQ:AUDUSD,2018-12-20T12:30:00+01:00,0.71413,0.71424,0.71407,0.71412,98
SQ:AUDUSD,2018-12-20T12:31:00+01:00,0.71411,0.71420,0.71405,0.71413,93
SQ:AUDUSD,2018-12-20T12:32:00+01:00,0.71413,0.71416,0.71410,0.71414,53
SQ:AUDUSD,2018-12-20T12:33:00+01:00,0.71413,0.71432,0.71413,0.71431,65
SQ:AUDUSD,2018-12-20T12:34:00+01:00,0.71430,0.71437,0.71427,0.71429,53
SQ:AUDUSD,2018-12-20T12:35:00+01:00,0.71428,0.71434,0.71428,0.71430,137
SQ:AUDUSD,2018-12-20T12:36:00+01:00,0.71430,0.71430,0.71413,0.71414,63
SQ:AUDUSD,2018-12-20T12:37:00+01:00,0.71415,0.71421,0.71406,0.71414,82
SQ:AUDUSD,2018-12-20T12:38:00+01:00,0.71414,0.71427,0.71414,0.71425,110
SQ:AUDUSD,2018-12-20T12:39:00+01:00,0.71426,0.71444,0.71418,0.71439,109
SQ:AUDUSD,2018-12-20T12:40:00+01:00,0.71440,0.71458,0.71439,0.71455,92
SQ:AUDUSD,2018-12-20T12:41:00+01:00,0.71456,0.71464,0.71449,0.71464,58
SQ:AUDUSD,2018-12-20T12:42:00+01:00,0.71466,0.71475,0.71466,0.71470,111
SQ:AUDUSD,2018-12-20T12:43:00+01:00,0.71469,0.71470,0.71459,0.71462,86
SQ:AUDUSD,2018-12-20T12:44:00+01:00,0.71464,0.71465,0.71459,0.71464,61
SQ:AUDUSD,2018-12-20T12:45:00+01:00,0.71463,0.71470,0.71458,0.71460,77
SQ:AUDUSD,2018-12-20T12:46:00+01:00,0.71461,0.71470,0.71452,0.71470,76
SQ:AUDUSD,2018-12-20T12:47:00+01:00,0.71469,0.71469,0.71459,0.71461,72
SQ:AUDUSD,2018-12-20T12:48:00+01:00,0.71461,0.71465,0.71458,0.71460,102
SQ:AUDUSD,2018-12-20T12:49:00+01:00,0.71459,0.71462,0.71456,0.71458,56
SQ:AUDUSD,2018-12-20T12:50:00+01:00,0.71458,0.71464,0.71450,0.71458,84
SQ:AUDUSD,2018-12-20T12:51:00+01:00,0.71457,0.71461,0.71452,0.71457,48
SQ:AUDUSD,2018-12-20T12:52:00+01:00,0.71458,0.71465,0.71454,0.71460,61
SQ:AUDUSD,2018-12-20T12:53:00+01:00,0.71459,0.71466,0.71453,0.71458,90
SQ:AUDUSD,2018-12-20T12:54:00+01:00,0.71458,0.71463,0.71454,0.71458,104
SQ:AUDUSD,2018-12-20T12:55:00+01:00,0.71459,0.71459,0.71442,0.71446,92
SQ:AUDUSD,2018-12-20T12:56:00+01:00,0.71446,0.71448,0.71435,0.71446,98
SQ:AUDUSD,2018-12-20T12:57:00+01:00,0.71446,0.71448,0.71433,0.71434,56
SQ:AUDUSD,2018-12-20T12:58:00+01:00,0.71434,0.71441,0.71423,0.71423,62
SQ:AUDUSD,2018-12-20T12:59:00+01:00,0.71423,0.71428,0.71416,0.71423,97
SQ:AUDUSD,2018-12-20T13:00:00+01:00,0.71423,0.71443,0.71423,0.71433,68
SQ:AUDUSD,2018-12-20T13:01:00+01:00,0.71435,0.71435,0.71415,0.71415,74
SQ:AUDUSD,2018-12-20T13:02:00+01:00,0.71415,0.71415,0.71401,0.71413,47
SQ:AUDUSD,2018-12-20T13:03:00+01:00,0.71413,0.71414,0.71400,0.71403,70
SQ:AUDUSD,2018-12-20T13:04:00+01:00,0.71403,0.71412,0.71402,0.71407,52
SQ:AUDUSD,2018-12-20T13:05:00+01:00,0.71406,0.71407,0.71393,0.71397,94
SQ:AUDUSD,2018-12-20T13:06:00+01:00,0.71396,0.71406,0.71393,0.71402,63
SQ:AUDUSD,2018-12-20T13:07:00+01:00,0.71402,0.71402,0.71387,0.71393,103
SQ:AUDUSD,2018-12-20T13:08:00+01:00,0.71393,0.71399,0.71383,0.71389,71
SQ:AUDUSD,2018-12-20T13:09:00+01:00,0.71388,0.71404,0.71385,0.71395,107
SQ:AUDUSD,2018-12-20T13:10:00+01:00,0.71395,0.71395,0.71382,0.71383,56
SQ:AUDUSD,2018-12-20T13:11:00+01:00,0.71382,0.71391,0.71372,0.71391,63
SQ:AUDUSD,2018-12-20T13:12:00+01:00,0.71391,0.71405,0.71381,0.71383,102
SQ:AUDUSD,2018-12-20T13:13:00+01:00,0.71382,0.71402,0.71380,0.71402,81
SQ:AUDUSD,2018-12-20T13:14:00+01:00,0.71401,0.71414,0.71393,0.71411,72
SQ:AUDUSD,2018-12-20T13:15:00+01:00,0.71411,0.71411,0.71397,0.71397,85
SQ:AUDUSD,2018-12-20T13:16:00+01:00,0.71397,0.71430,0.71397,0.71426,81
SQ:AUDUSD,2018-12-20T13:17:00+01:00,0.71425,0.71438,0.71422,0.71432,85
SQ:AUDUSD,2018-12-20T13:18:00+01:00,0.71432,0.71433,0.71416,0.71421,91
SQ:AUDUSD,2018-12-20T13:19:00+01:00,0.71421,0.71439,0.71421,0.71437,74
SQ:AUDUSD,2018-12-20T13:20:00+01:00,0.71436,0.71451,0.71436,0.71448,108
SQ:AUDUSD,2018-12-20T13:21:00+01:00,0.71447,0.71448,0.71437,0.71446,70
SQ:AUDUSD,2018-12-20T13:22:00+01:00,0.71445,0.71446,0.71416,0.71426,100
SQ:AUDUSD,2018-12-20T13:23:00+01:00,0.71426,0.71430,0.71413,0.71418,98
SQ:AUDUSD,2018-12-20T13:24:00+01:00,0.71419,0.71422,0.71403,0.71404,92
SQ:AUDUSD,2018-12-20T13:25:00+01:00,0.71404,0.71406,0.71389,0.71405,113
SQ:AUDUSD,2018-12-20T13:26:00+01:00,0.71405,0.71405,0.71393,0.71396,94
SQ:AUDUSD,2018-12-20T13:27:00+01:00,0.71395,0.71404,0.71394,0.71396,63
SQ:AUDUSD,2018-12-20T13:28:00+01:00,0.71395,0.71402,0.71391,0.71394,69
SQ:AUDUSD,2018-12-20T13:29:00+01:00,0.71395,0.71402,0.71392,0.71401,40
SQ:AUDUSD,2018-12-20T13:30:00+01:00,0.71401,0.71407,0.71361,0.71361,136
SQ:AUDUSD,2018-12-20T13:31:00+01:00,0.71361,0.71379,0.71361,0.71374,57
SQ:AUDUSD,2018-12-20T13:32:00+01:00,0.71373,0.71373,0.71365,0.71371,78
SQ:AUDUSD,2018-12-20T13:33:00+01:00,0.71370,0.71371,0.71360,0.71360,88
SQ:AUDUSD,2018-12-20T13:34:00+01:00,0.71360,0.71369,0.71360,0.71369,84
SQ:AUDUSD,2018-12-20T13:35:00+01:00,0.71368,0.71371,0.71354,0.71359,79
SQ:AUDUSD,2018-12-20T13:36:00+01:00,0.71358,0.71360,0.71349,0.71353,42
SQ:AUDUSD,2018-12-20T13:37:00+01:00,0.71353,0.71353,0.71343,0.71349,35
SQ:AUDUSD,2018-12-20T13:38:00+01:00,0.71348,0.71350,0.71346,0.71349,29
SQ:AUDUSD,2018-12-20T13:39:00+01:00,0.71350,0.71350,0.71338,0.71339,20
SQ:AUDUSD,2018-12-20T13:40:00+01:00,0.71339,0.71350,0.71339,0.71350,28
SQ:AUDUSD,2018-12-20T13:41:00+01:00,0.71349,0.71350,0.71338,0.71338,75
SQ:AUDUSD,2018-12-20T13:42:00+01:00,0.71339,0.71339,0.71325,0.71333,49
SQ:AUDUSD,2018-12-20T13:43:00+01:00,0.71332,0.71340,0.71329,0.71330,40
SQ:AUDUSD,2018-12-20T13:44:00+01:00,0.71329,0.71329,0.71318,0.71321,77
SQ:AUDUSD,2018-12-20T13:45:00+01:00,0.71320,0.71331,0.71319,0.71320,69
SQ:AUDUSD,2018-12-20T13:46:00+01:00,0.71321,0.71339,0.71320,0.71339,51
SQ:AUDUSD,2018-12-20T13:47:00+01:00,0.71342,0.71348,0.71329,0.71337,121
SQ:AUDUSD,2018-12-20T13:48:00+01:00,0.71335,0.71335,0.71322,0.71328,83
SQ:AUDUSD,2018-12-20T13:49:00+01:00,0.71328,0.71328,0.71312,0.71324,60
SQ:AUDUSD,2018-12-20T13:50:00+01:00,0.71324,0.71330,0.71320,0.71330,90
SQ:AUDUSD,2018-12-20T13:51:00+01:00,0.71330,0.71341,0.71330,0.71340,44
SQ:AUDUSD,2018-12-20T13:52:00+01:00,0.71339,0.71340,0.71323,0.71339,70
SQ:AUDUSD,2018-12-20T13:53:00+01:00,0.71336,0.71338,0.71312,0.71314,141
SQ:AUDUSD,2018-12-20T13:54:00+01:00,0.71315,0.71335,0.71314,0.71333,76
SQ:AUDUSD,2018-12-20T13:55:00+01:00,0.71334,0.71339,0.71324,0.71330,105
SQ:AUDUSD,2018-12-20T13:56:00+01:00,0.71331,0.71331,0.71319,0.71326,73
SQ:AUDUSD,2018-12-20T13:57:00+01:00,0.71327,0.71330,0.71320,0.71322,85
SQ:AUDUSD,2018-12-20T13:58:00+01:00,0.71322,0.71323,0.71314,0.71320,81
SQ:AUDUSD,2018-12-20T13:59:00+01:00,0.71321,0.71329,0.71320,0.71324,85
SQ:AUDUSD,2018-12-20T14:00:00+01:00,0.71325,0.71325,0.71298,0.71299,126
SQ:AUDUSD,2018-12-20T14:01:00+01:00,0.71299,0.71310,0.71299,0.71310,100
SQ:AUDUSD,2018-12-20T14:02:00+01:00,0.71309,0.71325,0.71306,0.71325,57
SQ:AUDUSD,2018-12-20T14:03:00+01:00,0.71325,0.71330,0.71324,0.71327,39
SQ:AUDUSD,2018-12-20T14:04:00+01:00,0.71328,0.71332,0.71323,0.71328,50
SQ:AUDUSD,2018-12-20T14:05:00+01:00,0.71328,0.71328,0.71303,0.71310,87
SQ:AUDUSD,2018-12-20T14:06:00+01:00,0.71309,0.71322,0.71307,0.71313,60
SQ:AUDUSD,2018-12-20T14:07:00+01:00,0.71313,0.71316,0.71309,0.71314,50
SQ:AUDUSD,2018-12-20T14:08:00+01:00,0.71314,0.71326,0.71313,0.71320,61
SQ:AUDUSD,2018-12-20T14:09:00+01:00,0.71320,0.71339,0.71320,0.71339,78
SQ:AUDUSD,2018-12-20T14:10:00+01:00,0.71338,0.71344,0.71334,0.71338,70
SQ:AUDUSD,2018-12-20T14:11:00+01:00,0.71338,0.71345,0.71334,0.71342,72
SQ:AUDUSD,2018-12-20T14:12:00+01:00,0.71342,0.71349,0.71335,0.71336,64
SQ:AUDUSD,2018-12-20T14:13:00+01:00,0.71336,0.71342,0.71334,0.71336,53
SQ:AUDUSD,2018-12-20T14:14:00+01:00,0.71336,0.71338,0.71331,0.71332,56
SQ:AUDUSD,2018-12-20T14:15:00+01:00,0.71332,0.71346,0.71332,0.71343,66
SQ:AUDUSD,2018-12-20T14:16:00+01:00,0.71338,0.71347,0.71336,0.71345,45
SQ:AUDUSD,2018-12-20T14:17:00+01:00,0.71344,0.71349,0.71337,0.71346,63
SQ:AUDUSD,2018-12-20T14:18:00+01:00,0.71348,0.71360,0.71347,0.71359,60
SQ:AUDUSD,2018-12-20T14:19:00+01:00,0.71358,0.71393,0.71358,0.71382,109
SQ:AUDUSD,2018-12-20T14:20:00+01:00,0.71378,0.71378,0.71350,0.71352,76
SQ:AUDUSD,2018-12-20T14:21:00+01:00,0.71352,0.71370,0.71349,0.71356,121
SQ:AUDUSD,2018-12-20T14:22:00+01:00,0.71355,0.71363,0.71348,0.71348,102
SQ:AUDUSD,2018-12-20T14:23:00+01:00,0.71347,0.71356,0.71339,0.71356,65
SQ:AUDUSD,2018-12-20T14:24:00+01:00,0.71360,0.71370,0.71358,0.71370,96
SQ:AUDUSD,2018-12-20T14:25:00+01:00,0.71369,0.71370,0.71348,0.71359,94
SQ:AUDUSD,2018-12-20T14:26:00+01:00,0.71358,0.71360,0.71356,0.71358,35
SQ:AUDUSD,2018-12-20T14:27:00+01:00,0.71358,0.71359,0.71349,0.71349,27
SQ:AUDUSD,2018-12-20T14:28:00+01:00,0.71348,0.71353,0.71344,0.71349,49
SQ:AUDUSD,2018-12-20T14:29:00+01:00,0.71348,0.71349,0.71338,0.71345,96
SQ:AUDUSD,2018-12-20T14:30:00+01:00,0.71344,0.71349,0.71342,0.71347,40
SQ:AUDUSD,2018-12-20T14:31:00+01:00,0.71347,0.71361,0.71346,0.71358,37
SQ:AUDUSD,2018-12-20T14:32:00+01:00,0.71358,0.71369,0.71349,0.71369,77
SQ:AUDUSD,2018-12-20T14:33:00+01:00,0.71370,0.71370,0.71343,0.71348,75
SQ:AUDUSD,2018-12-20T14:34:00+01:00,0.71348,0.71362,0.71342,0.71353,88
SQ:AUDUSD,2018-12-20T14:35:00+01:00,0.71352,0.71358,0.71346,0.71351,100
SQ:AUDUSD,2018-12-20T14:36:00+01:00,0.71350,0.71356,0.71348,0.71349,77
SQ:AUDUSD,2018-12-20T14:37:00+01:00,0.71349,0.71369,0.71346,0.71358,78
SQ:AUDUSD,2018-12-20T14:38:00+01:00,0.71359,0.71391,0.71356,0.71389,144
SQ:AUDUSD,2018-12-20T14:39:00+01:00,0.71390,0.71409,0.71389,0.71400,133
SQ:AUDUSD,2018-12-20T14:40:00+01:00,0.71400,0.71400,0.71381,0.71394,127
SQ:AUDUSD,2018-12-20T14:41:00+01:00,0.71394,0.71409,0.71392,0.71400,104
SQ:AUDUSD,2018-12-20T14:42:00+01:00,0.71403,0.71405,0.71389,0.71396,88
SQ:AUDUSD,2018-12-20T14:43:00+01:00,0.71395,0.71402,0.71390,0.71402,67
SQ:AUDUSD,2018-12-20T14:44:00+01:00,0.71404,0.71406,0.71397,0.71399,132
SQ:AUDUSD,2018-12-20T14:45:00+01:00,0.71400,0.71403,0.71385,0.71387,94
SQ:AUDUSD,2018-12-20T14:46:00+01:00,0.71388,0.71391,0.71378,0.71380,75
SQ:AUDUSD,2018-12-20T14:47:00+01:00,0.71381,0.71400,0.71381,0.71395,67
SQ:AUDUSD,2018-12-20T14:48:00+01:00,0.71394,0.71400,0.71387,0.71388,114
SQ:AUDUSD,2018-12-20T14:49:00+01:00,0.71387,0.71390,0.71351,0.71360,101
SQ:AUDUSD,2018-12-20T14:50:00+01:00,0.71359,0.71360,0.71334,0.71337,111
SQ:AUDUSD,2018-12-20T14:51:00+01:00,0.71338,0.71343,0.71326,0.71326,83
SQ:AUDUSD,2018-12-20T14:52:00+01:00,0.71326,0.71328,0.71315,0.71318,66
SQ:AUDUSD,2018-12-20T14:53:00+01:00,0.71318,0.71327,0.71314,0.71320,81
SQ:AUDUSD,2018-12-20T14:54:00+01:00,0.71321,0.71323,0.71293,0.71293,152
SQ:AUDUSD,2018-12-20T14:55:00+01:00,0.71296,0.71305,0.71289,0.71305,125
SQ:AUDUSD,2018-12-20T14:56:00+01:00,0.71305,0.71305,0.71268,0.71273,113
SQ:AUDUSD,2018-12-20T14:57:00+01:00,0.71273,0.71296,0.71273,0.71294,100
SQ:AUDUSD,2018-12-20T14:58:00+01:00,0.71295,0.71301,0.71283,0.71289,127
SQ:AUDUSD,2018-12-20T14:59:00+01:00,0.71290,0.71303,0.71289,0.71298,107
SQ:AUDUSD,2018-12-20T15:00:00+01:00,0.71299,0.71317,0.71298,0.71314,108
SQ:AUDUSD,2018-12-20T15:01:00+01:00,0.71309,0.71317,0.71309,0.71314,70
SQ:AUDUSD,2018-12-20T15:02:00+01:00,0.71315,0.71327,0.71314,0.71325,78
SQ:AUDUSD,2018-12-20T15:03:00+01:00,0.71326,0.71333,0.71325,0.71331,63
SQ:AUDUSD,2018-12-20T15:04:00+01:00,0.71329,0.71339,0.71328,0.71334,100
SQ:AUDUSD,2018-12-20T15:05:00+01:00,0.71333,0.71335,0.71317,0.71324,88
SQ:AUDUSD,2018-12-20T15:06:00+01:00,0.71323,0.71338,0.71319,0.71337,110
SQ:AUDUSD,2018-12-20T15:07:00+01:00,0.71336,0.71346,0.71334,0.71344,64
SQ:AUDUSD,2018-12-20T15:08:00+01:00,0.71344,0.71364,0.71344,0.71360,101
SQ:AUDUSD,2018-12-20T15:09:00+01:00,0.71359,0.71365,0.71348,0.71354,70
SQ:AUDUSD,2018-12-20T15:10:00+01:00,0.71353,0.71353,0.71338,0.71344,86
SQ:AUDUSD,2018-12-20T15:11:00+01:00,0.71344,0.71354,0.71342,0.71348,58
SQ:AUDUSD,2018-12-20T15:12:00+01:00,0.71350,0.71355,0.71347,0.71355,65
SQ:AUDUSD,2018-12-20T15:13:00+01:00,0.71356,0.71367,0.71351,0.71363,92
SQ:AUDUSD,2018-12-20T15:14:00+01:00,0.71365,0.71370,0.71358,0.71368,63
SQ:AUDUSD,2018-12-20T15:15:00+01:00,0.71367,0.71374,0.71361,0.71364,91
SQ:AUDUSD,2018-12-20T15:16:00+01:00,0.71363,0.71376,0.71357,0.71364,101
SQ:AUDUSD,2018-12-20T15:17:00+01:00,0.71363,0.71363,0.71346,0.71357,112
SQ:AUDUSD,2018-12-20T15:18:00+01:00,0.71359,0.71363,0.71352,0.71359,80
SQ:AUDUSD,2018-12-20T15:19:00+01:00,0.71358,0.71362,0.71352,0.71353,83
SQ:AUDUSD,2018-12-20T15:20:00+01:00,0.71352,0.71367,0.71347,0.71367,110
SQ:AUDUSD,2018-12-20T15:21:00+01:00,0.71367,0.71367,0.71346,0.71347,110
SQ:AUDUSD,2018-12-20T15:22:00+01:00,0.71347,0.71367,0.71346,0.71359,93
SQ:AUDUSD,2018-12-20T15:23:00+01:00,0.71358,0.71364,0.71354,0.71358,92
SQ:AUDUSD,2018-12-20T15:24:00+01:00,0.71357,0.71357,0.71322,0.71322,125
SQ:AUDUSD,2018-12-20T15:25:00+01:00,0.71318,0.71335,0.71317,0.71332,78
SQ:AUDUSD,2018-12-20T15:26:00+01:00,0.71333,0.71343,0.71332,0.71337,77
SQ:AUDUSD,2018-12-20T15:27:00+01:00,0.71338,0.71344,0.71326,0.71343,98
SQ:AUDUSD,2018-12-20T15:28:00+01:00,0.71343,0.71343,0.71332,0.71337,104
SQ:AUDUSD,2018-12-20T15:29:00+01:00,0.71338,0.71346,0.71331,0.71343,81
SQ:AUDUSD,2018-12-20T15:30:00+01:00,0.71343,0.71343,0.71316,0.71316,183
SQ:AUDUSD,2018-12-20T15:31:00+01:00,0.71316,0.71323,0.71300,0.71309,178
SQ:AUDUSD,2018-12-20T15:32:00+01:00,0.71312,0.71324,0.71308,0.71322,191
SQ:AUDUSD,2018-12-20T15:33:00+01:00,0.71323,0.71349,0.71322,0.71333,145
SQ:AUDUSD,2018-12-20T15:34:00+01:00,0.71333,0.71353,0.71329,0.71349,132
SQ:AUDUSD,2018-12-20T15:35:00+01:00,0.71348,0.71350,0.71329,0.71333,109
SQ:AUDUSD,2018-12-20T15:36:00+01:00,0.71333,0.71333,0.71309,0.71324,115
SQ:AUDUSD,2018-12-20T15:37:00+01:00,0.71324,0.71329,0.71317,0.71318,87
SQ:AUDUSD,2018-12-20T15:38:00+01:00,0.71319,0.71320,0.71294,0.71295,108
SQ:AUDUSD,2018-12-20T15:39:00+01:00,0.71296,0.71304,0.71283,0.71292,114
SQ:AUDUSD,2018-12-20T15:40:00+01:00,0.71287,0.71296,0.71277,0.71277,122
SQ:AUDUSD,2018-12-20T15:41:00+01:00,0.71278,0.71279,0.71247,0.71255,125
SQ:AUDUSD,2018-12-20T15:42:00+01:00,0.71255,0.71255,0.71234,0.71242,148
SQ:AUDUSD,2018-12-20T15:43:00+01:00,0.71242,0.71245,0.71223,0.71233,123
SQ:AUDUSD,2018-12-20T15:44:00+01:00,0.71233,0.71259,0.71233,0.71250,126
SQ:AUDUSD,2018-12-20T15:45:00+01:00,0.71249,0.71260,0.71248,0.71250,72
SQ:AUDUSD,2018-12-20T15:46:00+01:00,0.71250,0.71269,0.71248,0.71267,100
SQ:AUDUSD,2018-12-20T15:47:00+01:00,0.71268,0.71288,0.71268,0.71268,193
SQ:AUDUSD,2018-12-20T15:48:00+01:00,0.71269,0.71274,0.71248,0.71254,148
SQ:AUDUSD,2018-12-20T15:49:00+01:00,0.71255,0.71265,0.71250,0.71257,174
SQ:AUDUSD,2018-12-20T15:50:00+01:00,0.71257,0.71268,0.71245,0.71268,151
SQ:AUDUSD,2018-12-20T15:51:00+01:00,0.71268,0.71270,0.71259,0.71261,126
SQ:AUDUSD,2018-12-20T15:52:00+01:00,0.71261,0.71279,0.71257,0.71276,108
SQ:AUDUSD,2018-12-20T15:53:00+01:00,0.71276,0.71284,0.71267,0.71281,142
SQ:AUDUSD,2018-12-20T15:54:00+01:00,0.71280,0.71290,0.71275,0.71275,144
SQ:AUDUSD,2018-12-20T15:55:00+01:00,0.71273,0.71280,0.71247,0.71269,230
SQ:AUDUSD,2018-12-20T15:56:00+01:00,0.71268,0.71276,0.71259,0.71266,115
SQ:AUDUSD,2018-12-20T15:57:00+01:00,0.71266,0.71269,0.71258,0.71263,98
SQ:AUDUSD,2018-12-20T15:58:00+01:00,0.71264,0.71264,0.71253,0.71255,80
SQ:AUDUSD,2018-12-20T15:59:00+01:00,0.71255,0.71258,0.71244,0.71257,92
SQ:AUDUSD,2018-12-20T16:00:00+01:00,0.71257,0.71264,0.71243,0.71247,107
SQ:AUDUSD,2018-12-20T16:01:00+01:00,0.71246,0.71248,0.71213,0.71213,129
SQ:AUDUSD,2018-12-20T16:02:00+01:00,0.71212,0.71224,0.71212,0.71219,132
SQ:AUDUSD,2018-12-20T16:03:00+01:00,0.71218,0.71228,0.71217,0.71225,87
SQ:AUDUSD,2018-12-20T16:04:00+01:00,0.71224,0.71234,0.71224,0.71230,97
SQ:AUDUSD,2018-12-20T16:05:00+01:00,0.71229,0.71255,0.71225,0.71250,103
SQ:AUDUSD,2018-12-20T16:06:00+01:00,0.71251,0.71263,0.71246,0.71249,160
SQ:AUDUSD,2018-12-20T16:07:00+01:00,0.71249,0.71259,0.71247,0.71257,226
SQ:AUDUSD,2018-12-20T16:08:00+01:00,0.71258,0.71260,0.71237,0.71245,154
SQ:AUDUSD,2018-12-20T16:09:00+01:00,0.71244,0.71248,0.71232,0.71234,153
SQ:AUDUSD,2018-12-20T16:10:00+01:00,0.71235,0.71255,0.71233,0.71246,155
SQ:AUDUSD,2018-12-20T16:11:00+01:00,0.71247,0.71261,0.71247,0.71261,137
SQ:AUDUSD,2018-12-20T16:12:00+01:00,0.71261,0.71270,0.71248,0.71251,107
SQ:AUDUSD,2018-12-20T16:13:00+01:00,0.71250,0.71271,0.71246,0.71271,142
SQ:AUDUSD,2018-12-20T16:14:00+01:00,0.71272,0.71275,0.71264,0.71270,92
SQ:AUDUSD,2018-12-20T16:15:00+01:00,0.71271,0.71276,0.71255,0.71255,126
SQ:AUDUSD,2018-12-20T16:16:00+01:00,0.71255,0.71255,0.71232,0.71243,149
SQ:AUDUSD,2018-12-20T16:17:00+01:00,0.71243,0.71263,0.71239,0.71243,148
SQ:AUDUSD,2018-12-20T16:18:00+01:00,0.71243,0.71258,0.71233,0.71237,111
SQ:AUDUSD,2018-12-20T16:19:00+01:00,0.71237,0.71244,0.71232,0.71238,128
SQ:AUDUSD,2018-12-20T16:20:00+01:00,0.71237,0.71238,0.71220,0.71227,151
SQ:AUDUSD,2018-12-20T16:21:00+01:00,0.71225,0.71234,0.71218,0.71223,133
SQ:AUDUSD,2018-12-20T16:22:00+01:00,0.71223,0.71234,0.71223,0.71230,65
SQ:AUDUSD,2018-12-20T16:23:00+01:00,0.71231,0.71250,0.71231,0.71245,67
SQ:AUDUSD,2018-12-20T16:24:00+01:00,0.71244,0.71255,0.71241,0.71246,85
SQ:AUDUSD,2018-12-20T16:25:00+01:00,0.71246,0.71255,0.71243,0.71249,108
SQ:AUDUSD,2018-12-20T16:26:00+01:00,0.71248,0.71249,0.71237,0.71239,157
SQ:AUDUSD,2018-12-20T16:27:00+01:00,0.71238,0.71239,0.71204,0.71220,174
SQ:AUDUSD,2018-12-20T16:28:00+01:00,0.71220,0.71221,0.71206,0.71210,163
SQ:AUDUSD,2018-12-20T16:29:00+01:00,0.71211,0.71214,0.71203,0.71208,134
SQ:AUDUSD,2018-12-20T16:30:00+01:00,0.71209,0.71212,0.71194,0.71208,150
SQ:AUDUSD,2018-12-20T16:31:00+01:00,0.71208,0.71211,0.71183,0.71188,184
SQ:AUDUSD,2018-12-20T16:32:00+01:00,0.71190,0.71196,0.71176,0.71179,172
SQ:AUDUSD,2018-12-20T16:33:00+01:00,0.71178,0.71192,0.71168,0.71179,166
SQ:AUDUSD,2018-12-20T16:34:00+01:00,0.71183,0.71188,0.71180,0.71183,107
SQ:AUDUSD,2018-12-20T16:35:00+01:00,0.71182,0.71185,0.71166,0.71168,138
SQ:AUDUSD,2018-12-20T16:36:00+01:00,0.71167,0.71168,0.71152,0.71155,151
SQ:AUDUSD,2018-12-20T16:37:00+01:00,0.71154,0.71156,0.71147,0.71148,99
SQ:AUDUSD,2018-12-20T16:38:00+01:00,0.71149,0.71168,0.71136,0.71164,168
SQ:AUDUSD,2018-12-20T16:39:00+01:00,0.71163,0.71165,0.71153,0.71159,132
SQ:AUDUSD,2018-12-20T16:40:00+01:00,0.71160,0.71164,0.71129,0.71144,157
SQ:AUDUSD,2018-12-20T16:41:00+01:00,0.71143,0.71155,0.71134,0.71136,167
SQ:AUDUSD,2018-12-20T16:42:00+01:00,0.71136,0.71154,0.71136,0.71149,107
SQ:AUDUSD,2018-12-20T16:43:00+01:00,0.71150,0.71161,0.71148,0.71160,112
SQ:AUDUSD,2018-12-20T16:44:00+01:00,0.71160,0.71160,0.71150,0.71151,121
SQ:AUDUSD,2018-12-20T16:45:00+01:00,0.71148,0.71148,0.71122,0.71125,110
SQ:AUDUSD,2018-12-20T16:46:00+01:00,0.71125,0.71128,0.71114,0.71114,113
SQ:AUDUSD,2018-12-20T16:47:00+01:00,0.71114,0.71116,0.71102,0.71105,97
SQ:AUDUSD,2018-12-20T16:48:00+01:00,0.71105,0.71123,0.71094,0.71120,155
SQ:AUDUSD,2018-12-20T16:49:00+01:00,0.71119,0.71125,0.71093,0.71093,166
SQ:AUDUSD,2018-12-20T16:50:00+01:00,0.71094,0.71104,0.71078,0.71092,160
SQ:AUDUSD,2018-12-20T16:51:00+01:00,0.71092,0.71116,0.71063,0.71116,247
SQ:AUDUSD,2018-12-20T16:52:00+01:00,0.71117,0.71118,0.71084,0.71085,267
SQ:AUDUSD,2018-12-20T16:53:00+01:00,0.71081,0.71089,0.71064,0.71082,206
SQ:AUDUSD,2018-12-20T16:54:00+01:00,0.71082,0.71085,0.71067,0.71074,129
SQ:AUDUSD,2018-12-20T16:55:00+01:00,0.71073,0.71075,0.71046,0.71048,222
SQ:AUDUSD,2018-12-20T16:56:00+01:00,0.71048,0.71086,0.71048,0.71075,184
SQ:AUDUSD,2018-12-20T16:57:00+01:00,0.71074,0.71111,0.71073,0.71104,205
SQ:AUDUSD,2018-12-20T16:58:00+01:00,0.71104,0.71143,0.71101,0.71119,314
SQ:AUDUSD,2018-12-20T16:59:00+01:00,0.71119,0.71119,0.71077,0.71088,148
SQ:AUDUSD,2018-12-20T17:00:00+01:00,0.71093,0.71104,0.71079,0.71098,212
SQ:AUDUSD,2018-12-20T17:01:00+01:00,0.71098,0.71106,0.71071,0.71105,187
SQ:AUDUSD,2018-12-20T17:02:00+01:00,0.71104,0.71115,0.71098,0.71111,171
SQ:AUDUSD,2018-12-20T17:03:00+01:00,0.71112,0.71125,0.71111,0.71112,148
SQ:AUDUSD,2018-12-20T17:04:00+01:00,0.71112,0.71120,0.71092,0.71105,104
SQ:AUDUSD,2018-12-20T17:05:00+01:00,0.71105,0.71107,0.71089,0.71091,183
SQ:AUDUSD,2018-12-20T17:06:00+01:00,0.71091,0.71111,0.71090,0.71106,152
SQ:AUDUSD,2018-12-20T17:07:00+01:00,0.71103,0.71120,0.71092,0.71113,235
SQ:AUDUSD,2018-12-20T17:08:00+01:00,0.71113,0.71118,0.71101,0.71106,151
SQ:AUDUSD,2018-12-20T17:09:00+01:00,0.71105,0.71115,0.71097,0.71099,174
SQ:AUDUSD,2018-12-20T17:10:00+01:00,0.71100,0.71109,0.71092,0.71109,149
SQ:AUDUSD,2018-12-20T17:11:00+01:00,0.71109,0.71121,0.71108,0.71120,130
SQ:AUDUSD,2018-12-20T17:12:00+01:00,0.71119,0.71121,0.71093,0.71104,192
SQ:AUDUSD,2018-12-20T17:13:00+01:00,0.71103,0.71106,0.71097,0.71100,127
SQ:AUDUSD,2018-12-20T17:14:00+01:00,0.71098,0.71105,0.71097,0.71098,117
SQ:AUDUSD,2018-12-20T17:15:00+01:00,0.71098,0.71098,0.71060,0.71065,211
SQ:AUDUSD,2018-12-20T17:16:00+01:00,0.71066,0.71069,0.71050,0.71058,156
SQ:AUDUSD,2018-12-20T17:17:00+01:00,0.71059,0.71059,0.71037,0.71039,148
SQ:AUDUSD,2018-12-20T17:18:00+01:00,0.71040,0.71047,0.71035,0.71038,121
SQ:AUDUSD,2018-12-20T17:19:00+01:00,0.71039,0.71049,0.71030,0.71043,178
SQ:AUDUSD,2018-12-20T17:20:00+01:00,0.71044,0.71049,0.71038,0.71044,154
SQ:AUDUSD,2018-12-20T17:21:00+01:00,0.71044,0.71061,0.71043,0.71058,175
SQ:AUDUSD,2018-12-20T17:22:00+01:00,0.71059,0.71069,0.71053,0.71062,132
SQ:AUDUSD,2018-12-20T17:23:00+01:00,0.71063,0.71083,0.71062,0.71074,105
SQ:AUDUSD,2018-12-20T17:24:00+01:00,0.71073,0.71076,0.71068,0.71070,103
SQ:AUDUSD,2018-12-20T17:25:00+01:00,0.71071,0.71085,0.71071,0.71072,105
SQ:AUDUSD,2018-12-20T17:26:00+01:00,0.71071,0.71074,0.71051,0.71051,142
SQ:AUDUSD,2018-12-20T17:27:00+01:00,0.71051,0.71062,0.71045,0.71048,170
SQ:AUDUSD,2018-12-20T17:28:00+01:00,0.71048,0.71061,0.71045,0.71047,147
SQ:AUDUSD,2018-12-20T17:29:00+01:00,0.71048,0.71059,0.71047,0.71058,120
SQ:AUDUSD,2018-12-20T17:30:00+01:00,0.71058,0.71072,0.71053,0.71054,119
SQ:AUDUSD,2018-12-20T17:31:00+01:00,0.71055,0.71058,0.71052,0.71054,116
SQ:AUDUSD,2018-12-20T17:32:00+01:00,0.71053,0.71068,0.71053,0.71065,112
SQ:AUDUSD,2018-12-20T17:33:00+01:00,0.71065,0.71079,0.71054,0.71058,184
SQ:AUDUSD,2018-12-20T17:34:00+01:00,0.71058,0.71064,0.71048,0.71048,121
SQ:AUDUSD,2018-12-20T17:35:00+01:00,0.71048,0.71049,0.71034,0.71049,181
SQ:AUDUSD,2018-12-20T17:36:00+01:00,0.71048,0.71062,0.71042,0.71058,116
SQ:AUDUSD,2018-12-20T17:37:00+01:00,0.71057,0.71061,0.71048,0.71049,154
SQ:AUDUSD,2018-12-20T17:38:00+01:00,0.71050,0.71050,0.71038,0.71040,137
SQ:AUDUSD,2018-12-20T17:39:00+01:00,0.71041,0.71044,0.71031,0.71043,133
SQ:AUDUSD,2018-12-20T17:40:00+01:00,0.71044,0.71071,0.71043,0.71071,114
SQ:AUDUSD,2018-12-20T17:41:00+01:00,0.71070,0.71074,0.71023,0.71023,150
SQ:AUDUSD,2018-12-20T17:42:00+01:00,0.71022,0.71033,0.71016,0.71016,145
SQ:AUDUSD,2018-12-20T17:43:00+01:00,0.71016,0.71019,0.70987,0.70990,157
SQ:AUDUSD,2018-12-20T17:44:00+01:00,0.70990,0.71018,0.70988,0.71015,132
SQ:AUDUSD,2018-12-20T17:45:00+01:00,0.71014,0.71015,0.70999,0.71008,121
SQ:AUDUSD,2018-12-20T17:46:00+01:00,0.71008,0.71008,0.70990,0.70993,82
SQ:AUDUSD,2018-12-20T17:47:00+01:00,0.70993,0.71002,0.70993,0.70996,98
SQ:AUDUSD,2018-12-20T17:48:00+01:00,0.70996,0.71001,0.70986,0.70997,137
SQ:AUDUSD,2018-12-20T17:49:00+01:00,0.70996,0.71004,0.70994,0.70996,84
SQ:AUDUSD,2018-12-20T17:50:00+01:00,0.71001,0.71001,0.70986,0.70988,142
SQ:AUDUSD,2018-12-20T17:51:00+01:00,0.70989,0.70991,0.70975,0.70975,155
SQ:AUDUSD,2018-12-20T17:52:00+01:00,0.70976,0.70989,0.70949,0.70984,202
SQ:AUDUSD,2018-12-20T17:53:00+01:00,0.70983,0.70995,0.70983,0.70986,126
SQ:AUDUSD,2018-12-20T17:54:00+01:00,0.70988,0.70992,0.70973,0.70991,140
SQ:AUDUSD,2018-12-20T17:55:00+01:00,0.70992,0.71043,0.70992,0.71038,161
SQ:AUDUSD,2018-12-20T17:56:00+01:00,0.71038,0.71042,0.71020,0.71028,164
SQ:AUDUSD,2018-12-20T17:57:00+01:00,0.71026,0.71027,0.71002,0.71011,182
SQ:AUDUSD,2018-12-20T17:58:00+01:00,0.71011,0.71023,0.71003,0.71012,163
SQ:AUDUSD,2018-12-20T17:59:00+01:00,0.71013,0.71026,0.71004,0.71022,91
SQ:AUDUSD,2018-12-20T18:00:00+01:00,0.71024,0.71046,0.71021,0.71044,108
SQ:AUDUSD,2018-12-20T18:01:00+01:00,0.71044,0.71044,0.71027,0.71029,91
SQ:AUDUSD,2018-12-20T18:02:00+01:00,0.71028,0.71037,0.71022,0.71026,123
SQ:AUDUSD,2018-12-20T18:03:00+01:00,0.71026,0.71036,0.71001,0.71002,161
SQ:AUDUSD,2018-12-20T18:04:00+01:00,0.71002,0.71002,0.70974,0.70977,119
SQ:AUDUSD,2018-12-20T18:05:00+01:00,0.70976,0.70997,0.70974,0.70995,197
SQ:AUDUSD,2018-12-20T18:06:00+01:00,0.70995,0.71010,0.70991,0.71001,114
SQ:AUDUSD,2018-12-20T18:07:00+01:00,0.71002,0.71005,0.70995,0.71003,74
SQ:AUDUSD,2018-12-20T18:08:00+01:00,0.71003,0.71010,0.70997,0.71006,96
SQ:AUDUSD,2018-12-20T18:09:00+01:00,0.71007,0.71018,0.70996,0.71011,155
SQ:AUDUSD,2018-12-20T18:10:00+01:00,0.71011,0.71021,0.71005,0.71020,108
SQ:AUDUSD,2018-12-20T18:11:00+01:00,0.71021,0.71031,0.71015,0.71026,110
SQ:AUDUSD,2018-12-20T18:12:00+01:00,0.71026,0.71034,0.71025,0.71026,113
SQ:AUDUSD,2018-12-20T18:13:00+01:00,0.71026,0.71047,0.71024,0.71045,129
SQ:AUDUSD,2018-12-20T18:14:00+01:00,0.71046,0.71055,0.71036,0.71054,86
SQ:AUDUSD,2018-12-20T18:15:00+01:00,0.71054,0.71055,0.71034,0.71047,124
SQ:AUDUSD,2018-12-20T18:16:00+01:00,0.71046,0.71054,0.71044,0.71054,70
SQ:AUDUSD,2018-12-20T18:17:00+01:00,0.71056,0.71073,0.71055,0.71073,165
SQ:AUDUSD,2018-12-20T18:18:00+01:00,0.71072,0.71074,0.71059,0.71071,128
SQ:AUDUSD,2018-12-20T18:19:00+01:00,0.71070,0.71080,0.71062,0.71070,98
SQ:AUDUSD,2018-12-20T18:20:00+01:00,0.71069,0.71073,0.71058,0.71066,100
SQ:AUDUSD,2018-12-20T18:21:00+01:00,0.71065,0.71074,0.71052,0.71059,116
SQ:AUDUSD,2018-12-20T18:22:00+01:00,0.71057,0.71059,0.71041,0.71047,129
SQ:AUDUSD,2018-12-20T18:23:00+01:00,0.71048,0.71063,0.71046,0.71063,63
SQ:AUDUSD,2018-12-20T18:24:00+01:00,0.71062,0.71078,0.71055,0.71061,118
SQ:AUDUSD,2018-12-20T18:25:00+01:00,0.71060,0.71088,0.71060,0.71085,85
SQ:AUDUSD,2018-12-20T18:26:00+01:00,0.71087,0.71091,0.71064,0.71069,104
SQ:AUDUSD,2018-12-20T18:27:00+01:00,0.71070,0.71102,0.71068,0.71069,146
SQ:AUDUSD,2018-12-20T18:28:00+01:00,0.71069,0.71071,0.71052,0.71065,176
SQ:AUDUSD,2018-12-20T18:29:00+01:00,0.71065,0.71083,0.71064,0.71081,137
SQ:AUDUSD,2018-12-20T18:30:00+01:00,0.71081,0.71100,0.71078,0.71100,88
SQ:AUDUSD,2018-12-20T18:31:00+01:00,0.71100,0.71102,0.71085,0.71092,64
SQ:AUDUSD,2018-12-20T18:32:00+01:00,0.71093,0.71104,0.71092,0.71101,58
SQ:AUDUSD,2018-12-20T18:33:00+01:00,0.71102,0.71121,0.71102,0.71117,158
SQ:AUDUSD,2018-12-20T18:34:00+01:00,0.71113,0.71124,0.71094,0.71099,172
SQ:AUDUSD,2018-12-20T18:35:00+01:00,0.71100,0.71118,0.71093,0.71106,195
SQ:AUDUSD,2018-12-20T18:36:00+01:00,0.71106,0.71122,0.71105,0.71121,111
SQ:AUDUSD,2018-12-20T18:37:00+01:00,0.71119,0.71133,0.71117,0.71127,85
SQ:AUDUSD,2018-12-20T18:38:00+01:00,0.71126,0.71132,0.71122,0.71123,56
SQ:AUDUSD,2018-12-20T18:39:00+01:00,0.71123,0.71125,0.71115,0.71115,74
SQ:AUDUSD,2018-12-20T18:40:00+01:00,0.71115,0.71117,0.71106,0.71107,26
SQ:AUDUSD,2018-12-20T18:41:00+01:00,0.71108,0.71112,0.71106,0.71111,72
SQ:AUDUSD,2018-12-20T18:42:00+01:00,0.71112,0.71114,0.71101,0.71102,71
SQ:AUDUSD,2018-12-20T18:43:00+01:00,0.71102,0.71130,0.71100,0.71125,95
SQ:AUDUSD,2018-12-20T18:44:00+01:00,0.71125,0.71127,0.71112,0.71114,80
SQ:AUDUSD,2018-12-20T18:45:00+01:00,0.71114,0.71114,0.71091,0.71096,89
SQ:AUDUSD,2018-12-20T18:46:00+01:00,0.71095,0.71101,0.71095,0.71097,48
SQ:AUDUSD,2018-12-20T18:47:00+01:00,0.71096,0.71114,0.71096,0.71112,66
SQ:AUDUSD,2018-12-20T18:48:00+01:00,0.71111,0.71111,0.71098,0.71101,74
SQ:AUDUSD,2018-12-20T18:49:00+01:00,0.71104,0.71112,0.71103,0.71111,50
SQ:AUDUSD,2018-12-20T18:50:00+01:00,0.71110,0.71113,0.71104,0.71110,55
SQ:AUDUSD,2018-12-20T18:51:00+01:00,0.71111,0.71111,0.71102,0.71107,39
SQ:AUDUSD,2018-12-20T18:52:00+01:00,0.71106,0.71111,0.71101,0.71105,70
SQ:AUDUSD,2018-12-20T18:53:00+01:00,0.71106,0.71121,0.71105,0.71115,121
SQ:AUDUSD,2018-12-20T18:54:00+01:00,0.71114,0.71118,0.71111,0.71113,61
SQ:AUDUSD,2018-12-20T18:55:00+01:00,0.71112,0.71115,0.71109,0.71112,51
SQ:AUDUSD,2018-12-20T18:56:00+01:00,0.71111,0.71121,0.71110,0.71119,44
SQ:AUDUSD,2018-12-20T18:57:00+01:00,0.71119,0.71132,0.71115,0.71132,83
SQ:AUDUSD,2018-12-20T18:58:00+01:00,0.71133,0.71141,0.71132,0.71134,41
SQ:AUDUSD,2018-12-20T18:59:00+01:00,0.71135,0.71140,0.71112,0.71117,97
SQ:AUDUSD,2018-12-20T19:00:00+01:00,0.71117,0.71118,0.71095,0.71106,95
SQ:AUDUSD,2018-12-20T19:01:00+01:00,0.71106,0.71108,0.71096,0.71101,55
SQ:AUDUSD,2018-12-20T19:02:00+01:00,0.71098,0.71114,0.71098,0.71106,86
SQ:AUDUSD,2018-12-20T19:03:00+01:00,0.71106,0.71106,0.71095,0.71096,67
SQ:AUDUSD,2018-12-20T19:04:00+01:00,0.71095,0.71101,0.71090,0.71096,50
SQ:AUDUSD,2018-12-20T19:05:00+01:00,0.71095,0.71095,0.71091,0.71094,45
SQ:AUDUSD,2018-12-20T19:06:00+01:00,0.71094,0.71102,0.71090,0.71091,82
SQ:AUDUSD,2018-12-20T19:07:00+01:00,0.71092,0.71094,0.71076,0.71077,55
SQ:AUDUSD,2018-12-20T19:08:00+01:00,0.71076,0.71080,0.71070,0.71071,100
SQ:AUDUSD,2018-12-20T19:09:00+01:00,0.71070,0.71074,0.71065,0.71074,58
SQ:AUDUSD,2018-12-20T19:10:00+01:00,0.71074,0.71081,0.71070,0.71081,35
SQ:AUDUSD,2018-12-20T19:11:00+01:00,0.71080,0.71081,0.71074,0.71075,56
SQ:AUDUSD,2018-12-20T19:12:00+01:00,0.71074,0.71082,0.71074,0.71081,42
SQ:AUDUSD,2018-12-20T19:13:00+01:00,0.71081,0.71089,0.71075,0.71076,78
SQ:AUDUSD,2018-12-20T19:14:00+01:00,0.71078,0.71083,0.71071,0.71071,35
SQ:AUDUSD,2018-12-20T19:15:00+01:00,0.71071,0.71074,0.71069,0.71070,41
SQ:AUDUSD,2018-12-20T19:16:00+01:00,0.71072,0.71079,0.71070,0.71079,16
SQ:AUDUSD,2018-12-20T19:17:00+01:00,0.71080,0.71081,0.71080,0.71080,16
SQ:AUDUSD,2018-12-20T19:18:00+01:00,0.71080,0.71080,0.71074,0.71076,49
SQ:AUDUSD,2018-12-20T19:19:00+01:00,0.71075,0.71088,0.71075,0.71087,61
SQ:AUDUSD,2018-12-20T19:20:00+01:00,0.71087,0.71105,0.71086,0.71104,69
SQ:AUDUSD,2018-12-20T19:21:00+01:00,0.71103,0.71110,0.71097,0.71103,111
SQ:AUDUSD,2018-12-20T19:22:00+01:00,0.71103,0.71114,0.71103,0.71111,83
SQ:AUDUSD,2018-12-20T19:23:00+01:00,0.71111,0.71114,0.71104,0.71105,114
SQ:AUDUSD,2018-12-20T19:24:00+01:00,0.71104,0.71122,0.71103,0.71116,105
SQ:AUDUSD,2018-12-20T19:25:00+01:00,0.71115,0.71120,0.71106,0.71110,75
SQ:AUDUSD,2018-12-20T19:26:00+01:00,0.71110,0.71134,0.71106,0.71125,96
SQ:AUDUSD,2018-12-20T19:27:00+01:00,0.71125,0.71136,0.71122,0.71135,77
SQ:AUDUSD,2018-12-20T19:28:00+01:00,0.71139,0.71146,0.71130,0.71143,83
SQ:AUDUSD,2018-12-20T19:29:00+01:00,0.71142,0.71142,0.71115,0.71116,71
SQ:AUDUSD,2018-12-20T19:30:00+01:00,0.71115,0.71115,0.71097,0.71106,143
SQ:AUDUSD,2018-12-20T19:31:00+01:00,0.71107,0.71117,0.71104,0.71106,162
SQ:AUDUSD,2018-12-20T19:32:00+01:00,0.71105,0.71120,0.71097,0.71103,79
SQ:AUDUSD,2018-12-20T19:33:00+01:00,0.71103,0.71103,0.71087,0.71091,44
SQ:AUDUSD,2018-12-20T19:34:00+01:00,0.71090,0.71105,0.71090,0.71104,37
SQ:AUDUSD,2018-12-20T19:35:00+01:00,0.71103,0.71107,0.71096,0.71105,39
SQ:AUDUSD,2018-12-20T19:36:00+01:00,0.71105,0.71114,0.71102,0.71114,47
SQ:AUDUSD,2018-12-20T19:37:00+01:00,0.71113,0.71123,0.71111,0.71123,50
SQ:AUDUSD,2018-12-20T19:38:00+01:00,0.71123,0.71141,0.71123,0.71141,49
SQ:AUDUSD,2018-12-20T19:39:00+01:00,0.71141,0.71141,0.71126,0.71126,57
SQ:AUDUSD,2018-12-20T19:40:00+01:00,0.71125,0.71126,0.71103,0.71104,69
SQ:AUDUSD,2018-12-20T19:41:00+01:00,0.71105,0.71111,0.71085,0.71095,101
SQ:AUDUSD,2018-12-20T19:42:00+01:00,0.71096,0.71101,0.71086,0.71095,76
SQ:AUDUSD,2018-12-20T19:43:00+01:00,0.71096,0.71101,0.71094,0.71101,48
SQ:AUDUSD,2018-12-20T19:44:00+01:00,0.71102,0.71113,0.71102,0.71112,77
SQ:AUDUSD,2018-12-20T19:45:00+01:00,0.71112,0.71113,0.71105,0.71107,25
SQ:AUDUSD,2018-12-20T19:46:00+01:00,0.71108,0.71123,0.71106,0.71123,62
SQ:AUDUSD,2018-12-20T19:47:00+01:00,0.71123,0.71132,0.71123,0.71128,68
SQ:AUDUSD,2018-12-20T19:48:00+01:00,0.71128,0.71134,0.71126,0.71126,93
SQ:AUDUSD,2018-12-20T19:49:00+01:00,0.71126,0.71134,0.71126,0.71134,48
SQ:AUDUSD,2018-12-20T19:50:00+01:00,0.71133,0.71135,0.71117,0.71126,74
SQ:AUDUSD,2018-12-20T19:51:00+01:00,0.71125,0.71132,0.71115,0.71117,59
SQ:AUDUSD,2018-12-20T19:52:00+01:00,0.71117,0.71121,0.71113,0.71115,29
SQ:AUDUSD,2018-12-20T19:53:00+01:00,0.71116,0.71116,0.71109,0.71115,32
SQ:AUDUSD,2018-12-20T19:54:00+01:00,0.71116,0.71122,0.71115,0.71116,59
SQ:AUDUSD,2018-12-20T19:55:00+01:00,0.71117,0.71118,0.71095,0.71096,39
SQ:AUDUSD,2018-12-20T19:56:00+01:00,0.71098,0.71115,0.71095,0.71115,70
SQ:AUDUSD,2018-12-20T19:57:00+01:00,0.71116,0.71125,0.71112,0.71122,55
SQ:AUDUSD,2018-12-20T19:58:00+01:00,0.71121,0.71126,0.71116,0.71121,68
SQ:AUDUSD,2018-12-20T19:59:00+01:00,0.71122,0.71124,0.71113,0.71116,64
SQ:AUDUSD,2018-12-20T20:00:00+01:00,0.71115,0.71130,0.71113,0.71115,71
SQ:AUDUSD,2018-12-20T20:01:00+01:00,0.71116,0.71135,0.71115,0.71135,64
SQ:AUDUSD,2018-12-20T20:02:00+01:00,0.71134,0.71134,0.71116,0.71126,138
SQ:AUDUSD,2018-12-20T20:03:00+01:00,0.71127,0.71135,0.71115,0.71117,164
SQ:AUDUSD,2018-12-20T20:04:00+01:00,0.71118,0.71133,0.71116,0.71130,157
SQ:AUDUSD,2018-12-20T20:05:00+01:00,0.71130,0.71162,0.71130,0.71161,148
SQ:AUDUSD,2018-12-20T20:06:00+01:00,0.71161,0.71163,0.71146,0.71155,78
SQ:AUDUSD,2018-12-20T20:07:00+01:00,0.71156,0.71156,0.71136,0.71139,74
SQ:AUDUSD,2018-12-20T20:08:00+01:00,0.71137,0.71169,0.71137,0.71167,117
SQ:AUDUSD,2018-12-20T20:09:00+01:00,0.71166,0.71176,0.71157,0.71157,109
SQ:AUDUSD,2018-12-20T20:10:00+01:00,0.71157,0.71157,0.71139,0.71139,84
SQ:AUDUSD,2018-12-20T20:11:00+01:00,0.71140,0.71149,0.71134,0.71134,117
SQ:AUDUSD,2018-12-20T20:12:00+01:00,0.71134,0.71146,0.71126,0.71126,87
SQ:AUDUSD,2018-12-20T20:13:00+01:00,0.71125,0.71127,0.71114,0.71117,73
SQ:AUDUSD,2018-12-20T20:14:00+01:00,0.71117,0.71134,0.71116,0.71133,60
SQ:AUDUSD,2018-12-20T20:15:00+01:00,0.71133,0.71139,0.71121,0.71135,82
SQ:AUDUSD,2018-12-20T20:16:00+01:00,0.71137,0.71153,0.71137,0.71147,74
SQ:AUDUSD,2018-12-20T20:17:00+01:00,0.71147,0.71157,0.71144,0.71145,104
SQ:AUDUSD,2018-12-20T20:18:00+01:00,0.71146,0.71150,0.71134,0.71134,74
SQ:AUDUSD,2018-12-20T20:19:00+01:00,0.71133,0.71133,0.71114,0.71124,67
SQ:AUDUSD,2018-12-20T20:20:00+01:00,0.71124,0.71136,0.71122,0.71136,89
SQ:AUDUSD,2018-12-20T20:21:00+01:00,0.71137,0.71148,0.71135,0.71143,66
SQ:AUDUSD,2018-12-20T20:22:00+01:00,0.71143,0.71150,0.71137,0.71146,103
SQ:AUDUSD,2018-12-20T20:23:00+01:00,0.71146,0.71162,0.71146,0.71152,79
SQ:AUDUSD,2018-12-20T20:24:00+01:00,0.71152,0.71154,0.71144,0.71151,52
SQ:AUDUSD,2018-12-20T20:25:00+01:00,0.71152,0.71161,0.71141,0.71143,72
SQ:AUDUSD,2018-12-20T20:26:00+01:00,0.71144,0.71163,0.71139,0.71163,69
SQ:AUDUSD,2018-12-20T20:27:00+01:00,0.71165,0.71166,0.71156,0.71156,45
SQ:AUDUSD,2018-12-20T20:28:00+01:00,0.71157,0.71157,0.71142,0.71148,86
SQ:AUDUSD,2018-12-20T20:29:00+01:00,0.71150,0.71170,0.71149,0.71156,126
SQ:AUDUSD,2018-12-20T20:30:00+01:00,0.71155,0.71169,0.71150,0.71151,106
SQ:AUDUSD,2018-12-20T20:31:00+01:00,0.71151,0.71165,0.71151,0.71151,71
SQ:AUDUSD,2018-12-20T20:32:00+01:00,0.71151,0.71154,0.71140,0.71152,53
SQ:AUDUSD,2018-12-20T20:33:00+01:00,0.71151,0.71166,0.71150,0.71163,70
SQ:AUDUSD,2018-12-20T20:34:00+01:00,0.71164,0.71169,0.71157,0.71165,61
SQ:AUDUSD,2018-12-20T20:35:00+01:00,0.71167,0.71184,0.71165,0.71182,77
SQ:AUDUSD,2018-12-20T20:36:00+01:00,0.71184,0.71192,0.71175,0.71175,137
SQ:AUDUSD,2018-12-20T20:37:00+01:00,0.71176,0.71184,0.71171,0.71171,95
SQ:AUDUSD,2018-12-20T20:38:00+01:00,0.71171,0.71187,0.71171,0.71178,106
SQ:AUDUSD,2018-12-20T20:39:00+01:00,0.71183,0.71183,0.71172,0.71176,65
SQ:AUDUSD,2018-12-20T20:40:00+01:00,0.71176,0.71184,0.71169,0.71177,82
SQ:AUDUSD,2018-12-20T20:41:00+01:00,0.71178,0.71189,0.71168,0.71173,105
SQ:AUDUSD,2018-12-20T20:42:00+01:00,0.71170,0.71197,0.71170,0.71187,145
SQ:AUDUSD,2018-12-20T20:43:00+01:00,0.71187,0.71197,0.71178,0.71188,106
SQ:AUDUSD,2018-12-20T20:44:00+01:00,0.71189,0.71209,0.71188,0.71197,153
SQ:AUDUSD,2018-12-20T20:45:00+01:00,0.71197,0.71224,0.71197,0.71219,162
SQ:AUDUSD,2018-12-20T20:46:00+01:00,0.71219,0.71219,0.71207,0.71216,167
SQ:AUDUSD,2018-12-20T20:47:00+01:00,0.71216,0.71221,0.71213,0.71221,58
SQ:AUDUSD,2018-12-20T20:48:00+01:00,0.71218,0.71224,0.71215,0.71218,47
SQ:AUDUSD,2018-12-20T20:49:00+01:00,0.71218,0.71236,0.71218,0.71224,76
SQ:AUDUSD,2018-12-20T20:50:00+01:00,0.71224,0.71225,0.71213,0.71216,102
SQ:AUDUSD,2018-12-20T20:51:00+01:00,0.71216,0.71218,0.71202,0.71205,85
SQ:AUDUSD,2018-12-20T20:52:00+01:00,0.71211,0.71213,0.71204,0.71205,66
SQ:AUDUSD,2018-12-20T20:53:00+01:00,0.71205,0.71205,0.71190,0.71194,61
SQ:AUDUSD,2018-12-20T20:54:00+01:00,0.71195,0.71196,0.71183,0.71186,61
SQ:AUDUSD,2018-12-20T20:55:00+01:00,0.71186,0.71188,0.71174,0.71176,60
SQ:AUDUSD,2018-12-20T20:56:00+01:00,0.71177,0.71194,0.71170,0.71194,135
SQ:AUDUSD,2018-12-20T20:57:00+01:00,0.71194,0.71195,0.71176,0.71182,71
SQ:AUDUSD,2018-12-20T20:58:00+01:00,0.71183,0.71186,0.71177,0.71181,79
SQ:AUDUSD,2018-12-20T20:59:00+01:00,0.71178,0.71193,0.71172,0.71185,148
SQ:AUDUSD,2018-12-20T21:00:00+01:00,0.71184,0.71184,0.71166,0.71166,72
SQ:AUDUSD,2018-12-20T21:01:00+01:00,0.71167,0.71173,0.71161,0.71162,66
SQ:AUDUSD,2018-12-20T21:02:00+01:00,0.71162,0.71174,0.71162,0.71167,71
SQ:AUDUSD,2018-12-20T21:03:00+01:00,0.71168,0.71177,0.71157,0.71161,64
SQ:AUDUSD,2018-12-20T21:04:00+01:00,0.71161,0.71162,0.71153,0.71160,62
SQ:AUDUSD,2018-12-20T21:05:00+01:00,0.71161,0.71162,0.71156,0.71162,47
SQ:AUDUSD,2018-12-20T21:06:00+01:00,0.71163,0.71164,0.71143,0.71147,109
SQ:AUDUSD,2018-12-20T21:07:00+01:00,0.71146,0.71159,0.71146,0.71159,68
SQ:AUDUSD,2018-12-20T21:08:00+01:00,0.71159,0.71174,0.71157,0.71166,127
SQ:AUDUSD,2018-12-20T21:09:00+01:00,0.71167,0.71185,0.71167,0.71181,75
SQ:AUDUSD,2018-12-20T21:10:00+01:00,0.71182,0.71186,0.71179,0.71182,66
SQ:AUDUSD,2018-12-20T21:11:00+01:00,0.71181,0.71184,0.71171,0.71180,78
SQ:AUDUSD,2018-12-20T21:12:00+01:00,0.71181,0.71183,0.71177,0.71182,80
SQ:AUDUSD,2018-12-20T21:13:00+01:00,0.71183,0.71193,0.71182,0.71190,75
SQ:AUDUSD,2018-12-20T21:14:00+01:00,0.71190,0.71191,0.71174,0.71185,93
SQ:AUDUSD,2018-12-20T21:15:00+01:00,0.71185,0.71193,0.71185,0.71187,64
SQ:AUDUSD,2018-12-20T21:16:00+01:00,0.71191,0.71194,0.71184,0.71190,44
SQ:AUDUSD,2018-12-20T21:17:00+01:00,0.71191,0.71210,0.71187,0.71205,88
SQ:AUDUSD,2018-12-20T21:18:00+01:00,0.71204,0.71205,0.71195,0.71195,56
SQ:AUDUSD,2018-12-20T21:19:00+01:00,0.71194,0.71196,0.71193,0.71194,47
SQ:AUDUSD,2018-12-20T21:20:00+01:00,0.71195,0.71209,0.71192,0.71206,66
SQ:AUDUSD,2018-12-20T21:21:00+01:00,0.71205,0.71206,0.71202,0.71206,60
SQ:AUDUSD,2018-12-20T21:22:00+01:00,0.71206,0.71222,0.71203,0.71222,99
SQ:AUDUSD,2018-12-20T21:23:00+01:00,0.71221,0.71222,0.71211,0.71221,84
SQ:AUDUSD,2018-12-20T21:24:00+01:00,0.71221,0.71223,0.71213,0.71222,75
SQ:AUDUSD,2018-12-20T21:25:00+01:00,0.71221,0.71221,0.71205,0.71208,85
SQ:AUDUSD,2018-12-20T21:26:00+01:00,0.71209,0.71209,0.71192,0.71195,78
SQ:AUDUSD,2018-12-20T21:27:00+01:00,0.71200,0.71204,0.71195,0.71196,88
SQ:AUDUSD,2018-12-20T21:28:00+01:00,0.71196,0.71196,0.71184,0.71187,92
SQ:AUDUSD,2018-12-20T21:29:00+01:00,0.71186,0.71186,0.71184,0.71184,22
SQ:AUDUSD,2018-12-20T21:30:00+01:00,0.71185,0.71187,0.71181,0.71181,81
SQ:AUDUSD,2018-12-20T21:31:00+01:00,0.71182,0.71184,0.71180,0.71181,39
SQ:AUDUSD,2018-12-20T21:32:00+01:00,0.71182,0.71184,0.71175,0.71181,81
SQ:AUDUSD,2018-12-20T21:33:00+01:00,0.71181,0.71191,0.71181,0.71187,80
SQ:AUDUSD,2018-12-20T21:34:00+01:00,0.71187,0.71204,0.71184,0.71196,126
SQ:AUDUSD,2018-12-20T21:35:00+01:00,0.71196,0.71199,0.71183,0.71184,70
SQ:AUDUSD,2018-12-20T21:36:00+01:00,0.71185,0.71197,0.71185,0.71194,56
SQ:AUDUSD,2018-12-20T21:37:00+01:00,0.71194,0.71196,0.71186,0.71194,97
SQ:AUDUSD,2018-12-20T21:38:00+01:00,0.71193,0.71194,0.71184,0.71187,85
SQ:AUDUSD,2018-12-20T21:39:00+01:00,0.71186,0.71195,0.71185,0.71186,75
SQ:AUDUSD,2018-12-20T21:40:00+01:00,0.71186,0.71194,0.71182,0.71189,45
SQ:AUDUSD,2018-12-20T21:41:00+01:00,0.71190,0.71192,0.71181,0.71182,75
SQ:AUDUSD,2018-12-20T21:42:00+01:00,0.71182,0.71183,0.71170,0.71172,76
SQ:AUDUSD,2018-12-20T21:43:00+01:00,0.71172,0.71173,0.71161,0.71166,111
SQ:AUDUSD,2018-12-20T21:44:00+01:00,0.71171,0.71172,0.71156,0.71156,76
SQ:AUDUSD,2018-12-20T21:45:00+01:00,0.71156,0.71168,0.71153,0.71165,135
SQ:AUDUSD,2018-12-20T21:46:00+01:00,0.71164,0.71169,0.71155,0.71168,74
SQ:AUDUSD,2018-12-20T21:47:00+01:00,0.71173,0.71176,0.71167,0.71173,58
SQ:AUDUSD,2018-12-20T21:48:00+01:00,0.71173,0.71173,0.71156,0.71164,86
SQ:AUDUSD,2018-12-20T21:49:00+01:00,0.71164,0.71176,0.71164,0.71172,76
SQ:AUDUSD,2018-12-20T21:50:00+01:00,0.71173,0.71182,0.71165,0.71166,95
SQ:AUDUSD,2018-12-20T21:51:00+01:00,0.71169,0.71169,0.71159,0.71163,86
SQ:AUDUSD,2018-12-20T21:52:00+01:00,0.71163,0.71163,0.71146,0.71146,83
SQ:AUDUSD,2018-12-20T21:53:00+01:00,0.71148,0.71163,0.71147,0.71158,92
SQ:AUDUSD,2018-12-20T21:54:00+01:00,0.71158,0.71163,0.71154,0.71157,69
SQ:AUDUSD,2018-12-20T21:55:00+01:00,0.71158,0.71174,0.71157,0.71174,110
SQ:AUDUSD,2018-12-20T21:56:00+01:00,0.71173,0.71180,0.71171,0.71176,59
SQ:AUDUSD,2018-12-20T21:57:00+01:00,0.71176,0.71176,0.71151,0.71165,94
SQ:AUDUSD,2018-12-20T21:58:00+01:00,0.71166,0.71167,0.71158,0.71162,92
SQ:AUDUSD,2018-12-20T21:59:00+01:00,0.71162,0.71162,0.71150,0.71155,52
SQ:AUDUSD,2018-12-20T22:00:00+01:00,0.71151,0.71155,0.71150,0.71152,79
SQ:AUDUSD,2018-12-20T22:01:00+01:00,0.71151,0.71154,0.71145,0.71153,62
SQ:AUDUSD,2018-12-20T22:02:00+01:00,0.71154,0.71154,0.71152,0.71152,22
SQ:AUDUSD,2018-12-20T22:03:00+01:00,0.71153,0.71155,0.71152,0.71155,16
SQ:AUDUSD,2018-12-20T22:04:00+01:00,0.71156,0.71156,0.71143,0.71144,32
SQ:AUDUSD,2018-12-20T22:05:00+01:00,0.71144,0.71146,0.71143,0.71144,25
SQ:AUDUSD,2018-12-20T22:06:00+01:00,0.71144,0.71145,0.71134,0.71141,35
SQ:AUDUSD,2018-12-20T22:07:00+01:00,0.71141,0.71145,0.71141,0.71144,11
SQ:AUDUSD,2018-12-20T22:08:00+01:00,0.71143,0.71143,0.71135,0.71135,10
SQ:AUDUSD,2018-12-20T22:09:00+01:00,0.71135,0.71135,0.71132,0.71134,17
SQ:AUDUSD,2018-12-20T22:10:00+01:00,0.71135,0.71151,0.71135,0.71151,31
SQ:AUDUSD,2018-12-20T22:11:00+01:00,0.71150,0.71151,0.71140,0.71140,34
SQ:AUDUSD,2018-12-20T22:12:00+01:00,0.71141,0.71143,0.71140,0.71143,5
SQ:AUDUSD,2018-12-20T22:13:00+01:00,0.71142,0.71150,0.71141,0.71146,25
SQ:AUDUSD,2018-12-20T22:14:00+01:00,0.71145,0.71154,0.71144,0.71145,58
SQ:AUDUSD,2018-12-20T22:15:00+01:00,0.71144,0.71153,0.71144,0.71152,16
SQ:AUDUSD,2018-12-20T22:16:00+01:00,0.71153,0.71154,0.71145,0.71146,18
SQ:AUDUSD,2018-12-20T22:17:00+01:00,0.71147,0.71153,0.71146,0.71152,11
SQ:AUDUSD,2018-12-20T22:18:00+01:00,0.71153,0.71163,0.71152,0.71155,19
SQ:AUDUSD,2018-12-20T22:19:00+01:00,0.71155,0.71163,0.71155,0.71163,18
SQ:AUDUSD,2018-12-20T22:20:00+01:00,0.71163,0.71163,0.71162,0.71162,2
SQ:AUDUSD,2018-12-20T22:21:00+01:00,0.71161,0.71161,0.71152,0.71152,10
SQ:AUDUSD,2018-12-20T22:22:00+01:00,0.71152,0.71153,0.71150,0.71150,27
SQ:AUDUSD,2018-12-20T22:23:00+01:00,0.71147,0.71147,0.71130,0.71132,54
SQ:AUDUSD,2018-12-20T22:24:00+01:00,0.71131,0.71133,0.71126,0.71131,26
SQ:AUDUSD,2018-12-20T22:25:00+01:00,0.71130,0.71131,0.71130,0.71131,4
SQ:AUDUSD,2018-12-20T22:26:00+01:00,0.71130,0.71138,0.71130,0.71137,9
SQ:AUDUSD,2018-12-20T22:27:00+01:00,0.71140,0.71140,0.71133,0.71134,9
SQ:AUDUSD,2018-12-20T22:28:00+01:00,0.71128,0.71134,0.71125,0.71132,35
SQ:AUDUSD,2018-12-20T22:29:00+01:00,0.71132,0.71141,0.71130,0.71139,36
SQ:AUDUSD,2018-12-20T22:30:00+01:00,0.71138,0.71147,0.71136,0.71147,68
SQ:AUDUSD,2018-12-20T22:31:00+01:00,0.71145,0.71145,0.71133,0.71135,30
SQ:AUDUSD,2018-12-20T22:32:00+01:00,0.71136,0.71136,0.71133,0.71134,17
SQ:AUDUSD,2018-12-20T22:33:00+01:00,0.71133,0.71136,0.71133,0.71135,6
SQ:AUDUSD,2018-12-20T22:34:00+01:00,0.71134,0.71135,0.71122,0.71123,21
SQ:AUDUSD,2018-12-20T22:35:00+01:00,0.71123,0.71124,0.71115,0.71115,25
SQ:AUDUSD,2018-12-20T22:36:00+01:00,0.71114,0.71116,0.71112,0.71115,44
SQ:AUDUSD,2018-12-20T22:37:00+01:00,0.71116,0.71116,0.71113,0.71115,18
SQ:AUDUSD,2018-12-20T22:38:00+01:00,0.71113,0.71115,0.71113,0.71115,9
SQ:AUDUSD,2018-12-20T22:39:00+01:00,0.71115,0.71115,0.71113,0.71114,19
SQ:AUDUSD,2018-12-20T22:40:00+01:00,0.71115,0.71115,0.71109,0.71110,32
SQ:AUDUSD,2018-12-20T22:41:00+01:00,0.71107,0.71115,0.71105,0.71115,36
SQ:AUDUSD,2018-12-20T22:42:00+01:00,0.71116,0.71117,0.71113,0.71117,22
SQ:AUDUSD,2018-12-20T22:43:00+01:00,0.71116,0.71116,0.71112,0.71112,10
SQ:AUDUSD,2018-12-20T22:44:00+01:00,0.71113,0.71113,0.71103,0.71106,22
SQ:AUDUSD,2018-12-20T22:45:00+01:00,0.71105,0.71105,0.71095,0.71097,26
SQ:AUDUSD,2018-12-20T22:46:00+01:00,0.71095,0.71107,0.71093,0.71101,30
SQ:AUDUSD,2018-12-20T22:47:00+01:00,0.71101,0.71104,0.71099,0.71101,17
SQ:AUDUSD,2018-12-20T22:48:00+01:00,0.71102,0.71104,0.71100,0.71100,16
SQ:AUDUSD,2018-12-20T22:49:00+01:00,0.71100,0.71104,0.71100,0.71102,9
SQ:AUDUSD,2018-12-20T22:50:00+01:00,0.71102,0.71102,0.71087,0.71087,11
SQ:AUDUSD,2018-12-20T22:51:00+01:00,0.71087,0.71090,0.71087,0.71089,8
SQ:AUDUSD,2018-12-20T22:52:00+01:00,0.71090,0.71091,0.71086,0.71086,24
SQ:AUDUSD,2018-12-20T22:53:00+01:00,0.71085,0.71090,0.71082,0.71084,17
SQ:AUDUSD,2018-12-20T22:54:00+01:00,0.71083,0.71085,0.71075,0.71075,26
SQ:AUDUSD,2018-12-20T22:55:00+01:00,0.71075,0.71093,0.71075,0.71093,32
SQ:AUDUSD,2018-12-20T22:56:00+01:00,0.71092,0.71102,0.71090,0.71102,25
SQ:AUDUSD,2018-12-20T22:57:00+01:00,0.71101,0.71104,0.71099,0.71099,8
SQ:AUDUSD,2018-12-20T23:00:00+01:00,0.71089,0.71089,0.71089,0.71089,1
SQ:AUDUSD,2018-12-20T23:02:00+01:00,0.71089,0.71089,0.71012,0.71014,7
SQ:AUDUSD,2018-12-20T23:03:00+01:00,0.71014,0.71018,0.71013,0.71018,3
SQ:AUDUSD,2018-12-20T23:04:00+01:00,0.71019,0.71061,0.71004,0.71061,31
SQ:AUDUSD,2018-12-20T23:05:00+01:00,0.71046,0.71068,0.71020,0.71025,46
SQ:AUDUSD,2018-12-20T23:06:00+01:00,0.71025,0.71058,0.71016,0.71033,60
SQ:AUDUSD,2018-12-20T23:07:00+01:00,0.71034,0.71043,0.71028,0.71031,39
SQ:AUDUSD,2018-12-20T23:08:00+01:00,0.71029,0.71069,0.71029,0.71066,9
SQ:AUDUSD,2018-12-20T23:09:00+01:00,0.71068,0.71082,0.71065,0.71080,12
SQ:AUDUSD,2018-12-20T23:10:00+01:00,0.71074,0.71074,0.71050,0.71051,7
SQ:AUDUSD,2018-12-20T23:11:00+01:00,0.71050,0.71053,0.71050,0.71051,9
SQ:AUDUSD,2018-12-20T23:12:00+01:00,0.71052,0.71064,0.71051,0.71064,10
SQ:AUDUSD,2018-12-20T23:13:00+01:00,0.71064,0.71064,0.71064,0.71064,5
SQ:AUDUSD,2018-12-20T23:14:00+01:00,0.71064,0.71064,0.71064,0.71064,2
SQ:AUDUSD,2018-12-20T23:15:00+01:00,0.71064,0.71066,0.71064,0.71066,4
SQ:AUDUSD,2018-12-20T23:16:00+01:00,0.71065,0.71066,0.71065,0.71066,2
SQ:AUDUSD,2018-12-20T23:17:00+01:00,0.71065,0.71072,0.71065,0.71072,8
SQ:AUDUSD,2018-12-20T23:18:00+01:00,0.71074,0.71074,0.71074,0.71074,4
SQ:AUDUSD,2018-12-20T23:19:00+01:00,0.71076,0.71078,0.71076,0.71078,4
SQ:AUDUSD,2018-12-20T23:20:00+01:00,0.71079,0.71079,0.71038,0.71038,14
SQ:AUDUSD,2018-12-20T23:21:00+01:00,0.71038,0.71040,0.71038,0.71040,4
SQ:AUDUSD,2018-12-20T23:22:00+01:00,0.71044,0.71054,0.71044,0.71045,29
SQ:AUDUSD,2018-12-20T23:23:00+01:00,0.71047,0.71049,0.71045,0.71046,11
SQ:AUDUSD,2018-12-20T23:24:00+01:00,0.71043,0.71047,0.71042,0.71045,5
SQ:AUDUSD,2018-12-20T23:25:00+01:00,0.71045,0.71045,0.71029,0.71037,15
SQ:AUDUSD,2018-12-20T23:26:00+01:00,0.71037,0.71062,0.71037,0.71062,8
SQ:AUDUSD,2018-12-20T23:27:00+01:00,0.71065,0.71099,0.71065,0.71088,34
SQ:AUDUSD,2018-12-20T23:28:00+01:00,0.71090,0.71090,0.71074,0.71087,57
SQ:AUDUSD,2018-12-20T23:29:00+01:00,0.71087,0.71087,0.71076,0.71085,20
SQ:AUDUSD,2018-12-20T23:30:00+01:00,0.71094,0.71095,0.71094,0.71094,17
SQ:AUDUSD,2018-12-20T23:31:00+01:00,0.71094,0.71094,0.71046,0.71063,82
SQ:AUDUSD,2018-12-20T23:32:00+01:00,0.71063,0.71081,0.71058,0.71070,71
SQ:AUDUSD,2018-12-20T23:33:00+01:00,0.71070,0.71082,0.71070,0.71082,39
SQ:AUDUSD,2018-12-20T23:34:00+01:00,0.71087,0.71091,0.71064,0.71067,29
SQ:AUDUSD,2018-12-20T23:35:00+01:00,0.71067,0.71072,0.71067,0.71071,13
SQ:AUDUSD,2018-12-20T23:36:00+01:00,0.71073,0.71078,0.71072,0.71077,20
SQ:AUDUSD,2018-12-20T23:37:00+01:00,0.71077,0.71079,0.71077,0.71079,9
SQ:AUDUSD,2018-12-20T23:38:00+01:00,0.71079,0.71081,0.71079,0.71081,7
SQ:AUDUSD,2018-12-20T23:39:00+01:00,0.71081,0.71084,0.71081,0.71084,18
SQ:AUDUSD,2018-12-20T23:40:00+01:00,0.71085,0.71088,0.71085,0.71088,7
SQ:AUDUSD,2018-12-20T23:41:00+01:00,0.71088,0.71088,0.71064,0.71064,20
SQ:AUDUSD,2018-12-20T23:42:00+01:00,0.71064,0.71072,0.71064,0.71072,23
SQ:AUDUSD,2018-12-20T23:43:00+01:00,0.71071,0.71101,0.71071,0.71101,34
SQ:AUDUSD,2018-12-20T23:44:00+01:00,0.71102,0.71114,0.71102,0.71104,30
SQ:AUDUSD,2018-12-20T23:45:00+01:00,0.71104,0.71105,0.71094,0.71100,69
SQ:AUDUSD,2018-12-20T23:46:00+01:00,0.71100,0.71100,0.71081,0.71084,27
SQ:AUDUSD,2018-12-20T23:47:00+01:00,0.71083,0.71084,0.71080,0.71084,28
SQ:AUDUSD,2018-12-20T23:48:00+01:00,0.71082,0.71085,0.71082,0.71083,13
SQ:AUDUSD,2018-12-20T23:49:00+01:00,0.71082,0.71083,0.71078,0.71078,19
SQ:AUDUSD,2018-12-20T23:50:00+01:00,0.71079,0.71081,0.71077,0.71081,16
SQ:AUDUSD,2018-12-20T23:51:00+01:00,0.71081,0.71088,0.71081,0.71088,19
SQ:AUDUSD,2018-12-20T23:52:00+01:00,0.71089,0.71098,0.71089,0.71096,31
SQ:AUDUSD,2018-12-20T23:53:00+01:00,0.71096,0.71105,0.71096,0.71103,28
SQ:AUDUSD,2018-12-20T23:54:00+01:00,0.71103,0.71106,0.71103,0.71106,13
SQ:AUDUSD,2018-12-20T23:55:00+01:00,0.71105,0.71106,0.71104,0.71105,22
SQ:AUDUSD,2018-12-20T23:56:00+01:00,0.71105,0.71110,0.71104,0.71109,58
SQ:AUDUSD,2018-12-20T23:57:00+01:00,0.71108,0.71112,0.71080,0.71086,105
SQ:AUDUSD,2018-12-20T23:58:00+01:00,0.71088,0.71094,0.71084,0.71091,73
SQ:AUDUSD,2018-12-20T23:59:00+01:00,0.71091,0.71114,0.71090,0.71098,97
