SQ:US30,2022-09-14T00:01:00+02:00,31156.75,31161.75,31146.75,31150.75,27
SQ:US30,2022-09-14T00:02:00+02:00,31150.75,31151.75,31129.75,31141.75,45
SQ:US30,2022-09-14T00:03:00+02:00,31141.75,31141.75,31132.75,31137.75,21
SQ:US30,2022-09-14T00:04:00+02:00,31137.75,31137.75,31119.75,31119.75,42
SQ:US30,2022-09-14T00:05:00+02:00,31119.75,31126.75,31108.75,31125.75,44
SQ:US30,2022-09-14T00:06:00+02:00,31127.75,31138.75,31124.75,31137.75,54
SQ:US30,2022-09-14T00:07:00+02:00,31137.75,31139.75,31130.75,31130.75,31
SQ:US30,2022-09-14T00:08:00+02:00,31130.75,31139.75,31130.75,31138.75,23
SQ:US30,2022-09-14T00:09:00+02:00,31139.75,31147.75,31138.75,31145.75,28
SQ:US30,2022-09-14T00:10:00+02:00,31145.75,31146.75,31136.75,31140.75,18
SQ:US30,2022-09-14T00:11:00+02:00,31140.75,31144.75,31140.75,31144.75,8
SQ:US30,2022-09-14T00:12:00+02:00,31144.75,31145.75,31144.75,31144.75,5
SQ:US30,2022-09-14T00:13:00+02:00,31144.75,31146.75,31142.75,31142.75,11
SQ:US30,2022-09-14T00:14:00+02:00,31142.75,31142.75,31137.75,31139.75,7
SQ:US30,2022-09-14T00:15:00+02:00,31139.75,31139.75,31137.75,31139.75,4
SQ:US30,2022-09-14T00:16:00+02:00,31139.75,31152.75,31139.75,31151.75,18
SQ:US30,2022-09-14T00:17:00+02:00,31151.75,31154.75,31148.75,31153.75,14
SQ:US30,2022-09-14T00:18:00+02:00,31153.75,31157.75,31153.75,31157.75,14
SQ:US30,2022-09-14T00:19:00+02:00,31157.75,31160.75,31155.75,31158.75,21
SQ:US30,2022-09-14T00:20:00+02:00,31158.75,31159.75,31154.75,31156.75,20
SQ:US30,2022-09-14T00:21:00+02:00,31156.75,31165.75,31156.75,31159.75,34
SQ:US30,2022-09-14T00:22:00+02:00,31160.75,31161.75,31155.75,31156.75,9
SQ:US30,2022-09-14T00:23:00+02:00,31156.75,31160.75,31155.75,31156.75,11
SQ:US30,2022-09-14T00:24:00+02:00,31156.75,31156.75,31151.75,31151.75,9
SQ:US30,2022-09-14T00:25:00+02:00,31151.75,31161.75,31150.75,31160.75,20
SQ:US30,2022-09-14T00:26:00+02:00,31160.75,31160.75,31154.75,31154.75,9
SQ:US30,2022-09-14T00:27:00+02:00,31154.75,31154.75,31150.75,31150.75,12
SQ:US30,2022-09-14T00:28:00+02:00,31150.75,31151.75,31147.75,31151.75,10
SQ:US30,2022-09-14T00:29:00+02:00,31151.75,31153.75,31151.75,31152.75,5
SQ:US30,2022-09-14T00:30:00+02:00,31152.75,31152.75,31145.75,31145.75,18
SQ:US30,2022-09-14T00:31:00+02:00,31145.75,31150.75,31144.75,31150.75,19
SQ:US30,2022-09-14T00:32:00+02:00,31150.75,31155.75,31150.75,31152.75,17
SQ:US30,2022-09-14T00:33:00+02:00,31153.75,31160.75,31153.75,31160.75,9
SQ:US30,2022-09-14T00:34:00+02:00,31160.75,31161.75,31153.75,31156.75,21
SQ:US30,2022-09-14T00:35:00+02:00,31156.75,31169.75,31155.75,31167.75,34
SQ:US30,2022-09-14T00:36:00+02:00,31167.75,31167.75,31151.75,31151.75,19
SQ:US30,2022-09-14T00:37:00+02:00,31151.75,31157.75,31151.75,31157.75,15
SQ:US30,2022-09-14T00:38:00+02:00,31157.75,31162.75,31157.75,31158.75,13
SQ:US30,2022-09-14T00:39:00+02:00,31158.75,31160.75,31157.75,31160.75,9
SQ:US30,2022-09-14T00:40:00+02:00,31160.75,31162.75,31158.75,31162.75,15
SQ:US30,2022-09-14T00:41:00+02:00,31160.75,31175.75,31160.75,31174.75,23
SQ:US30,2022-09-14T00:42:00+02:00,31174.75,31178.75,31174.75,31176.75,20
SQ:US30,2022-09-14T00:43:00+02:00,31176.75,31178.75,31164.75,31165.75,20
SQ:US30,2022-09-14T00:44:00+02:00,31165.75,31173.75,31164.75,31170.75,13
SQ:US30,2022-09-14T00:45:00+02:00,31170.75,31175.75,31169.75,31169.75,13
SQ:US30,2022-09-14T00:46:00+02:00,31169.75,31170.75,31163.75,31166.75,11
SQ:US30,2022-09-14T00:47:00+02:00,31166.75,31166.75,31163.75,31164.75,13
SQ:US30,2022-09-14T00:48:00+02:00,31163.75,31166.75,31163.75,31164.75,15
SQ:US30,2022-09-14T00:49:00+02:00,31164.75,31164.75,31159.75,31160.75,14
SQ:US30,2022-09-14T00:50:00+02:00,31160.75,31164.75,31160.75,31162.75,13
SQ:US30,2022-09-14T00:51:00+02:00,31162.75,31162.75,31158.75,31160.75,11
SQ:US30,2022-09-14T00:52:00+02:00,31160.75,31165.75,31159.75,31165.75,11
SQ:US30,2022-09-14T00:53:00+02:00,31165.75,31168.75,31164.75,31167.75,7
SQ:US30,2022-09-14T00:54:00+02:00,31167.75,31169.75,31166.75,31167.75,12
SQ:US30,2022-09-14T00:55:00+02:00,31167.75,31170.75,31167.75,31169.75,9
SQ:US30,2022-09-14T00:56:00+02:00,31169.75,31176.75,31169.75,31175.75,13
SQ:US30,2022-09-14T00:57:00+02:00,31175.75,31175.75,31173.75,31175.75,5
SQ:US30,2022-09-14T00:58:00+02:00,31175.75,31179.75,31169.75,31169.75,21
SQ:US30,2022-09-14T00:59:00+02:00,31169.75,31170.75,31162.75,31162.75,14
SQ:US30,2022-09-14T01:00:00+02:00,31162.75,31162.75,31155.75,31156.75,20
SQ:US30,2022-09-14T01:01:00+02:00,31156.75,31160.75,31155.75,31159.75,10
SQ:US30,2022-09-14T01:02:00+02:00,31160.75,31162.75,31159.75,31161.75,8
SQ:US30,2022-09-14T01:03:00+02:00,31161.75,31161.75,31143.75,31145.75,35
SQ:US30,2022-09-14T01:04:00+02:00,31145.75,31146.75,31141.75,31145.75,18
SQ:US30,2022-09-14T01:05:00+02:00,31145.75,31145.75,31139.75,31140.75,10
SQ:US30,2022-09-14T01:06:00+02:00,31140.75,31141.75,31131.75,31132.75,28
SQ:US30,2022-09-14T01:07:00+02:00,31132.75,31137.75,31131.75,31137.75,31
SQ:US30,2022-09-14T01:08:00+02:00,31137.75,31137.75,31131.75,31131.75,15
SQ:US30,2022-09-14T01:09:00+02:00,31131.75,31137.75,31131.75,31133.75,27
SQ:US30,2022-09-14T01:10:00+02:00,31133.75,31137.75,31131.75,31131.75,25
SQ:US30,2022-09-14T01:11:00+02:00,31131.75,31133.75,31125.75,31131.75,22
SQ:US30,2022-09-14T01:12:00+02:00,31131.75,31138.75,31131.75,31138.75,22
SQ:US30,2022-09-14T01:13:00+02:00,31138.75,31139.75,31129.75,31130.75,20
SQ:US30,2022-09-14T01:14:00+02:00,31129.75,31129.75,31113.75,31115.75,34
SQ:US30,2022-09-14T01:15:00+02:00,31115.75,31119.75,31111.75,31111.75,20
SQ:US30,2022-09-14T01:16:00+02:00,31111.75,31116.75,31111.75,31116.75,11
SQ:US30,2022-09-14T01:17:00+02:00,31116.75,31122.75,31116.75,31119.75,24
SQ:US30,2022-09-14T01:18:00+02:00,31119.75,31123.75,31119.75,31121.75,8
SQ:US30,2022-09-14T01:19:00+02:00,31121.75,31121.75,31118.75,31119.75,9
SQ:US30,2022-09-14T01:20:00+02:00,31119.75,31122.75,31119.75,31122.75,4
SQ:US30,2022-09-14T01:21:00+02:00,31122.75,31127.75,31122.75,31126.75,12
SQ:US30,2022-09-14T01:22:00+02:00,31126.75,31139.75,31125.75,31139.75,15
SQ:US30,2022-09-14T01:23:00+02:00,31139.75,31143.75,31137.75,31138.75,34
SQ:US30,2022-09-14T01:24:00+02:00,31138.75,31140.75,31137.75,31137.75,8
SQ:US30,2022-09-14T01:25:00+02:00,31138.75,31148.75,31138.75,31148.75,13
SQ:US30,2022-09-14T01:26:00+02:00,31148.75,31148.75,31143.75,31145.75,17
SQ:US30,2022-09-14T01:27:00+02:00,31145.75,31146.75,31140.75,31142.75,18
SQ:US30,2022-09-14T01:28:00+02:00,31142.75,31148.75,31142.75,31147.75,11
SQ:US30,2022-09-14T01:29:00+02:00,31147.75,31148.75,31142.75,31142.75,10
SQ:US30,2022-09-14T01:30:00+02:00,31142.75,31146.75,31134.75,31134.75,26
SQ:US30,2022-09-14T01:31:00+02:00,31133.75,31137.75,31133.75,31136.75,11
SQ:US30,2022-09-14T01:32:00+02:00,31136.75,31138.75,31132.75,31134.75,17
SQ:US30,2022-09-14T01:33:00+02:00,31134.75,31139.75,31133.75,31137.75,16
SQ:US30,2022-09-14T01:34:00+02:00,31137.75,31139.75,31136.75,31136.75,15
SQ:US30,2022-09-14T01:35:00+02:00,31136.75,31143.75,31136.75,31140.75,15
SQ:US30,2022-09-14T01:36:00+02:00,31139.75,31152.75,31139.75,31151.75,14
SQ:US30,2022-09-14T01:37:00+02:00,31151.75,31153.75,31143.75,31147.75,14
SQ:US30,2022-09-14T01:38:00+02:00,31147.75,31150.75,31146.75,31148.75,10
SQ:US30,2022-09-14T01:39:00+02:00,31148.75,31154.75,31148.75,31153.75,8
SQ:US30,2022-09-14T01:40:00+02:00,31153.75,31161.75,31153.75,31157.75,8
SQ:US30,2022-09-14T01:41:00+02:00,31157.75,31161.75,31156.75,31158.75,18
SQ:US30,2022-09-14T01:42:00+02:00,31158.75,31162.75,31156.75,31156.75,14
SQ:US30,2022-09-14T01:43:00+02:00,31155.75,31157.75,31139.75,31139.75,26
SQ:US30,2022-09-14T01:44:00+02:00,31139.75,31147.75,31138.75,31138.75,21
SQ:US30,2022-09-14T01:45:00+02:00,31138.75,31143.75,31136.75,31142.75,41
SQ:US30,2022-09-14T01:46:00+02:00,31147.75,31148.75,31141.75,31146.75,43
SQ:US30,2022-09-14T01:47:00+02:00,31146.75,31147.75,31144.75,31146.75,19
SQ:US30,2022-09-14T01:48:00+02:00,31146.75,31152.75,31146.75,31152.75,13
SQ:US30,2022-09-14T01:49:00+02:00,31153.75,31158.75,31153.75,31157.75,17
SQ:US30,2022-09-14T01:50:00+02:00,31157.75,31158.75,31155.75,31157.75,16
SQ:US30,2022-09-14T01:51:00+02:00,31157.75,31157.75,31150.75,31152.75,19
SQ:US30,2022-09-14T01:52:00+02:00,31152.75,31158.75,31152.75,31158.75,14
SQ:US30,2022-09-14T01:53:00+02:00,31157.75,31159.75,31155.75,31156.75,17
SQ:US30,2022-09-14T01:54:00+02:00,31156.75,31161.75,31155.75,31160.75,17
SQ:US30,2022-09-14T01:55:00+02:00,31160.75,31164.75,31159.75,31160.75,18
SQ:US30,2022-09-14T01:56:00+02:00,31160.75,31172.75,31160.75,31167.75,24
SQ:US30,2022-09-14T01:57:00+02:00,31167.75,31172.75,31162.75,31164.75,29
SQ:US30,2022-09-14T01:58:00+02:00,31164.75,31167.75,31162.75,31167.75,24
SQ:US30,2022-09-14T01:59:00+02:00,31167.75,31167.75,31157.75,31157.75,15
SQ:US30,2022-09-14T02:00:00+02:00,31157.75,31163.75,31147.75,31152.75,73
SQ:US30,2022-09-14T02:01:00+02:00,31152.75,31153.75,31142.75,31143.75,61
SQ:US30,2022-09-14T02:02:00+02:00,31143.75,31147.75,31131.75,31136.75,62
SQ:US30,2022-09-14T02:03:00+02:00,31136.75,31140.75,31131.75,31140.75,61
SQ:US30,2022-09-14T02:04:00+02:00,31139.75,31147.75,31137.75,31142.75,50
SQ:US30,2022-09-14T02:05:00+02:00,31142.75,31144.75,31130.75,31137.75,47
SQ:US30,2022-09-14T02:06:00+02:00,31137.75,31141.75,31136.75,31138.75,33
SQ:US30,2022-09-14T02:07:00+02:00,31138.75,31138.75,31127.75,31133.75,35
SQ:US30,2022-09-14T02:08:00+02:00,31133.75,31136.75,31127.75,31134.75,39
SQ:US30,2022-09-14T02:09:00+02:00,31134.75,31140.75,31124.75,31139.75,56
SQ:US30,2022-09-14T02:10:00+02:00,31139.75,31139.75,31131.75,31138.75,35
SQ:US30,2022-09-14T02:11:00+02:00,31138.75,31153.75,31137.75,31144.75,56
SQ:US30,2022-09-14T02:12:00+02:00,31143.75,31150.75,31141.75,31146.75,40
SQ:US30,2022-09-14T02:13:00+02:00,31146.75,31146.75,31127.75,31138.75,42
SQ:US30,2022-09-14T02:14:00+02:00,31138.75,31144.75,31136.75,31138.75,33
SQ:US30,2022-09-14T02:15:00+02:00,31138.75,31139.75,31129.75,31132.75,47
SQ:US30,2022-09-14T02:16:00+02:00,31132.75,31137.75,31127.75,31131.75,28
SQ:US30,2022-09-14T02:17:00+02:00,31131.75,31131.75,31101.75,31103.75,75
SQ:US30,2022-09-14T02:18:00+02:00,31103.75,31118.75,31099.75,31107.75,57
SQ:US30,2022-09-14T02:19:00+02:00,31106.75,31118.75,31103.75,31115.75,48
SQ:US30,2022-09-14T02:20:00+02:00,31115.75,31118.75,31108.75,31110.75,33
SQ:US30,2022-09-14T02:21:00+02:00,31110.75,31115.75,31103.75,31103.75,37
SQ:US30,2022-09-14T02:22:00+02:00,31103.75,31107.75,31091.75,31107.75,46
SQ:US30,2022-09-14T02:23:00+02:00,31107.75,31115.75,31106.75,31106.75,46
SQ:US30,2022-09-14T02:24:00+02:00,31104.75,31105.75,31097.75,31104.75,18
SQ:US30,2022-09-14T02:25:00+02:00,31104.75,31117.75,31098.75,31115.75,38
SQ:US30,2022-09-14T02:26:00+02:00,31115.75,31122.75,31113.75,31118.75,24
SQ:US30,2022-09-14T02:27:00+02:00,31117.75,31118.75,31114.75,31116.75,11
SQ:US30,2022-09-14T02:28:00+02:00,31116.75,31132.75,31116.75,31130.75,39
SQ:US30,2022-09-14T02:29:00+02:00,31130.75,31136.75,31130.75,31132.75,49
SQ:US30,2022-09-14T02:30:00+02:00,31132.75,31140.75,31130.75,31136.75,49
SQ:US30,2022-09-14T02:31:00+02:00,31136.75,31136.75,31133.75,31136.75,22
SQ:US30,2022-09-14T02:32:00+02:00,31135.75,31135.75,31114.75,31124.75,70
SQ:US30,2022-09-14T02:33:00+02:00,31124.75,31126.75,31111.75,31113.75,31
SQ:US30,2022-09-14T02:34:00+02:00,31113.75,31115.75,31104.75,31104.75,38
SQ:US30,2022-09-14T02:35:00+02:00,31104.75,31110.75,31099.75,31103.75,44
SQ:US30,2022-09-14T02:36:00+02:00,31103.75,31103.75,31093.75,31103.75,34
SQ:US30,2022-09-14T02:37:00+02:00,31103.75,31103.75,31083.75,31087.75,36
SQ:US30,2022-09-14T02:38:00+02:00,31087.75,31096.75,31087.75,31090.75,31
SQ:US30,2022-09-14T02:39:00+02:00,31090.75,31093.75,31087.75,31092.75,23
SQ:US30,2022-09-14T02:40:00+02:00,31092.75,31092.75,31080.75,31084.75,30
SQ:US30,2022-09-14T02:41:00+02:00,31084.75,31085.75,31077.75,31079.75,13
SQ:US30,2022-09-14T02:42:00+02:00,31079.75,31092.75,31078.75,31092.75,47
SQ:US30,2022-09-14T02:43:00+02:00,31092.75,31098.75,31091.75,31096.75,32
SQ:US30,2022-09-14T02:44:00+02:00,31096.75,31099.75,31089.75,31089.75,29
SQ:US30,2022-09-14T02:45:00+02:00,31089.75,31090.75,31076.75,31077.75,28
SQ:US30,2022-09-14T02:46:00+02:00,31077.75,31088.75,31075.75,31088.75,36
SQ:US30,2022-09-14T02:47:00+02:00,31088.75,31088.75,31076.75,31087.75,44
SQ:US30,2022-09-14T02:48:00+02:00,31087.75,31088.75,31082.75,31085.75,30
SQ:US30,2022-09-14T02:49:00+02:00,31086.75,31089.75,31082.75,31087.75,17
SQ:US30,2022-09-14T02:50:00+02:00,31087.75,31089.75,31085.75,31087.75,22
SQ:US30,2022-09-14T02:51:00+02:00,31087.75,31102.75,31087.75,31102.75,39
SQ:US30,2022-09-14T02:52:00+02:00,31102.75,31105.75,31097.75,31101.75,46
SQ:US30,2022-09-14T02:53:00+02:00,31101.75,31106.75,31099.75,31101.75,20
SQ:US30,2022-09-14T02:54:00+02:00,31101.75,31102.75,31096.75,31097.75,21
SQ:US30,2022-09-14T02:55:00+02:00,31097.75,31098.75,31090.75,31093.75,26
SQ:US30,2022-09-14T02:56:00+02:00,31093.75,31098.75,31091.75,31091.75,21
SQ:US30,2022-09-14T02:57:00+02:00,31091.75,31101.75,31091.75,31092.75,23
SQ:US30,2022-09-14T02:58:00+02:00,31092.75,31104.75,31092.75,31100.75,28
SQ:US30,2022-09-14T02:59:00+02:00,31100.75,31119.75,31100.75,31114.75,25
SQ:US30,2022-09-14T03:00:00+02:00,31114.75,31132.75,31114.75,31131.75,58
SQ:US30,2022-09-14T03:01:00+02:00,31131.75,31135.75,31128.75,31131.75,55
SQ:US30,2022-09-14T03:02:00+02:00,31131.75,31139.75,31128.75,31128.75,42
SQ:US30,2022-09-14T03:03:00+02:00,31128.75,31134.75,31128.75,31131.75,14
SQ:US30,2022-09-14T03:04:00+02:00,31131.75,31136.75,31129.75,31136.75,21
SQ:US30,2022-09-14T03:05:00+02:00,31136.75,31138.75,31132.75,31136.75,42
SQ:US30,2022-09-14T03:06:00+02:00,31137.75,31138.75,31128.75,31129.75,41
SQ:US30,2022-09-14T03:07:00+02:00,31129.75,31131.75,31120.75,31120.75,28
SQ:US30,2022-09-14T03:08:00+02:00,31121.75,31125.75,31118.75,31122.75,32
SQ:US30,2022-09-14T03:09:00+02:00,31122.75,31124.75,31119.75,31122.75,29
SQ:US30,2022-09-14T03:10:00+02:00,31122.75,31127.75,31117.75,31124.75,32
SQ:US30,2022-09-14T03:11:00+02:00,31124.75,31137.75,31122.75,31134.75,27
SQ:US30,2022-09-14T03:12:00+02:00,31134.75,31139.75,31130.75,31132.75,49
SQ:US30,2022-09-14T03:13:00+02:00,31133.75,31137.75,31132.75,31135.75,15
SQ:US30,2022-09-14T03:14:00+02:00,31135.75,31138.75,31133.75,31135.75,22
SQ:US30,2022-09-14T03:15:00+02:00,31134.75,31142.75,31130.75,31136.75,54
SQ:US30,2022-09-14T03:16:00+02:00,31136.75,31145.75,31136.75,31138.75,38
SQ:US30,2022-09-14T03:17:00+02:00,31138.75,31140.75,31134.75,31136.75,19
SQ:US30,2022-09-14T03:18:00+02:00,31136.75,31139.75,31136.75,31138.75,10
SQ:US30,2022-09-14T03:19:00+02:00,31138.75,31146.75,31138.75,31145.75,23
SQ:US30,2022-09-14T03:20:00+02:00,31145.75,31156.75,31145.75,31153.75,56
SQ:US30,2022-09-14T03:21:00+02:00,31153.75,31155.75,31150.75,31150.75,52
SQ:US30,2022-09-14T03:22:00+02:00,31150.75,31158.75,31149.75,31156.75,44
SQ:US30,2022-09-14T03:23:00+02:00,31156.75,31160.75,31154.75,31156.75,34
SQ:US30,2022-09-14T03:24:00+02:00,31156.75,31158.75,31151.75,31151.75,18
SQ:US30,2022-09-14T03:25:00+02:00,31152.75,31154.75,31150.75,31153.75,26
SQ:US30,2022-09-14T03:26:00+02:00,31153.75,31154.75,31150.75,31152.75,19
SQ:US30,2022-09-14T03:27:00+02:00,31152.75,31160.75,31152.75,31157.75,19
SQ:US30,2022-09-14T03:28:00+02:00,31157.75,31165.75,31157.75,31163.75,33
SQ:US30,2022-09-14T03:29:00+02:00,31163.75,31167.75,31161.75,31165.75,25
SQ:US30,2022-09-14T03:30:00+02:00,31165.75,31169.75,31164.75,31168.75,40
SQ:US30,2022-09-14T03:31:00+02:00,31168.75,31173.75,31166.75,31167.75,38
SQ:US30,2022-09-14T03:32:00+02:00,31167.75,31167.75,31160.75,31161.75,42
SQ:US30,2022-09-14T03:33:00+02:00,31161.75,31166.75,31161.75,31163.75,50
SQ:US30,2022-09-14T03:34:00+02:00,31163.75,31167.75,31161.75,31165.75,31
SQ:US30,2022-09-14T03:35:00+02:00,31165.75,31165.75,31153.75,31155.75,55
SQ:US30,2022-09-14T03:36:00+02:00,31155.75,31157.75,31151.75,31151.75,27
SQ:US30,2022-09-14T03:37:00+02:00,31151.75,31152.75,31147.75,31151.75,21
SQ:US30,2022-09-14T03:38:00+02:00,31151.75,31152.75,31144.75,31151.75,37
SQ:US30,2022-09-14T03:39:00+02:00,31151.75,31167.75,31151.75,31167.75,51
SQ:US30,2022-09-14T03:40:00+02:00,31167.75,31170.75,31163.75,31164.75,37
SQ:US30,2022-09-14T03:41:00+02:00,31163.75,31163.75,31155.75,31155.75,25
SQ:US30,2022-09-14T03:42:00+02:00,31154.75,31161.75,31154.75,31160.75,27
SQ:US30,2022-09-14T03:43:00+02:00,31159.75,31161.75,31152.75,31153.75,36
SQ:US30,2022-09-14T03:44:00+02:00,31154.75,31154.75,31148.75,31148.75,27
SQ:US30,2022-09-14T03:45:00+02:00,31148.75,31148.75,31143.75,31144.75,28
SQ:US30,2022-09-14T03:46:00+02:00,31144.75,31147.75,31141.75,31147.75,40
SQ:US30,2022-09-14T03:47:00+02:00,31147.75,31153.75,31146.75,31152.75,22
SQ:US30,2022-09-14T03:48:00+02:00,31152.75,31155.75,31150.75,31150.75,14
SQ:US30,2022-09-14T03:49:00+02:00,31150.75,31153.75,31146.75,31152.75,21
SQ:US30,2022-09-14T03:50:00+02:00,31152.75,31163.75,31152.75,31157.75,26
SQ:US30,2022-09-14T03:51:00+02:00,31157.75,31158.75,31150.75,31151.75,14
SQ:US30,2022-09-14T03:52:00+02:00,31151.75,31160.75,31151.75,31160.75,26
SQ:US30,2022-09-14T03:53:00+02:00,31160.75,31166.75,31155.75,31165.75,32
SQ:US30,2022-09-14T03:54:00+02:00,31165.75,31167.75,31161.75,31165.75,31
SQ:US30,2022-09-14T03:55:00+02:00,31165.75,31165.75,31157.75,31157.75,40
SQ:US30,2022-09-14T03:56:00+02:00,31157.75,31166.75,31155.75,31166.75,19
SQ:US30,2022-09-14T03:57:00+02:00,31166.75,31173.75,31166.75,31170.75,23
SQ:US30,2022-09-14T03:58:00+02:00,31170.75,31171.75,31163.75,31163.75,29
SQ:US30,2022-09-14T03:59:00+02:00,31163.75,31164.75,31161.75,31163.75,14
SQ:US30,2022-09-14T04:00:00+02:00,31163.75,31165.75,31159.75,31165.75,33
SQ:US30,2022-09-14T04:01:00+02:00,31165.75,31171.75,31165.75,31168.75,29
SQ:US30,2022-09-14T04:02:00+02:00,31168.75,31180.75,31168.75,31174.75,33
SQ:US30,2022-09-14T04:03:00+02:00,31174.75,31180.75,31172.75,31178.75,34
SQ:US30,2022-09-14T04:04:00+02:00,31178.75,31179.75,31173.75,31179.75,35
SQ:US30,2022-09-14T04:05:00+02:00,31178.75,31182.75,31177.75,31181.75,29
SQ:US30,2022-09-14T04:06:00+02:00,31181.75,31190.75,31181.75,31184.75,36
SQ:US30,2022-09-14T04:07:00+02:00,31184.75,31187.75,31181.75,31184.75,22
SQ:US30,2022-09-14T04:08:00+02:00,31184.75,31190.75,31180.75,31180.75,19
SQ:US30,2022-09-14T04:09:00+02:00,31180.75,31187.75,31179.75,31181.75,34
SQ:US30,2022-09-14T04:10:00+02:00,31181.75,31186.75,31179.75,31181.75,33
SQ:US30,2022-09-14T04:11:00+02:00,31181.75,31187.75,31181.75,31183.75,17
SQ:US30,2022-09-14T04:12:00+02:00,31183.75,31186.75,31181.75,31185.75,23
SQ:US30,2022-09-14T04:13:00+02:00,31185.75,31189.75,31185.75,31189.75,15
SQ:US30,2022-09-14T04:14:00+02:00,31189.75,31201.75,31189.75,31200.75,56
SQ:US30,2022-09-14T04:15:00+02:00,31200.75,31203.75,31194.75,31194.75,42
SQ:US30,2022-09-14T04:16:00+02:00,31194.75,31194.75,31187.75,31188.75,46
SQ:US30,2022-09-14T04:17:00+02:00,31188.75,31193.75,31187.75,31189.75,33
SQ:US30,2022-09-14T04:18:00+02:00,31190.75,31194.75,31189.75,31191.75,20
SQ:US30,2022-09-14T04:19:00+02:00,31191.75,31195.75,31191.75,31193.75,25
SQ:US30,2022-09-14T04:20:00+02:00,31193.75,31197.75,31193.75,31195.75,18
SQ:US30,2022-09-14T04:21:00+02:00,31195.75,31201.75,31195.75,31196.75,19
SQ:US30,2022-09-14T04:22:00+02:00,31196.75,31196.75,31192.75,31193.75,11
SQ:US30,2022-09-14T04:23:00+02:00,31193.75,31194.75,31191.75,31191.75,11
SQ:US30,2022-09-14T04:24:00+02:00,31191.75,31191.75,31186.75,31188.75,16
SQ:US30,2022-09-14T04:25:00+02:00,31188.75,31188.75,31184.75,31184.75,13
SQ:US30,2022-09-14T04:26:00+02:00,31184.75,31186.75,31181.75,31183.75,17
SQ:US30,2022-09-14T04:27:00+02:00,31183.75,31183.75,31181.75,31181.75,9
SQ:US30,2022-09-14T04:28:00+02:00,31181.75,31182.75,31179.75,31181.75,13
SQ:US30,2022-09-14T04:29:00+02:00,31181.75,31182.75,31177.75,31179.75,8
SQ:US30,2022-09-14T04:30:00+02:00,31179.75,31183.75,31179.75,31182.75,20
SQ:US30,2022-09-14T04:31:00+02:00,31182.75,31185.75,31179.75,31185.75,17
SQ:US30,2022-09-14T04:32:00+02:00,31185.75,31187.75,31181.75,31185.75,31
SQ:US30,2022-09-14T04:33:00+02:00,31186.75,31186.75,31180.75,31182.75,18
SQ:US30,2022-09-14T04:34:00+02:00,31182.75,31183.75,31179.75,31181.75,11
SQ:US30,2022-09-14T04:35:00+02:00,31182.75,31183.75,31177.75,31177.75,18
SQ:US30,2022-09-14T04:36:00+02:00,31177.75,31178.75,31171.75,31173.75,17
SQ:US30,2022-09-14T04:37:00+02:00,31173.75,31175.75,31171.75,31174.75,16
SQ:US30,2022-09-14T04:38:00+02:00,31174.75,31175.75,31172.75,31172.75,13
SQ:US30,2022-09-14T04:39:00+02:00,31172.75,31177.75,31172.75,31175.75,16
SQ:US30,2022-09-14T04:40:00+02:00,31175.75,31176.75,31173.75,31173.75,15
SQ:US30,2022-09-14T04:41:00+02:00,31173.75,31173.75,31168.75,31168.75,13
SQ:US30,2022-09-14T04:42:00+02:00,31169.75,31173.75,31168.75,31172.75,19
SQ:US30,2022-09-14T04:43:00+02:00,31172.75,31175.75,31171.75,31175.75,12
SQ:US30,2022-09-14T04:44:00+02:00,31175.75,31177.75,31172.75,31176.75,13
SQ:US30,2022-09-14T04:45:00+02:00,31176.75,31180.75,31175.75,31176.75,15
SQ:US30,2022-09-14T04:46:00+02:00,31176.75,31180.75,31176.75,31179.75,16
SQ:US30,2022-09-14T04:47:00+02:00,31179.75,31187.75,31178.75,31185.75,17
SQ:US30,2022-09-14T04:48:00+02:00,31186.75,31188.75,31185.75,31186.75,13
SQ:US30,2022-09-14T04:49:00+02:00,31186.75,31189.75,31186.75,31188.75,13
SQ:US30,2022-09-14T04:50:00+02:00,31189.75,31191.75,31182.75,31183.75,28
SQ:US30,2022-09-14T04:51:00+02:00,31183.75,31184.75,31180.75,31182.75,18
SQ:US30,2022-09-14T04:52:00+02:00,31182.75,31182.75,31178.75,31178.75,7
SQ:US30,2022-09-14T04:53:00+02:00,31178.75,31178.75,31175.75,31178.75,9
SQ:US30,2022-09-14T04:54:00+02:00,31178.75,31180.75,31174.75,31175.75,18
SQ:US30,2022-09-14T04:55:00+02:00,31175.75,31176.75,31173.75,31173.75,10
SQ:US30,2022-09-14T04:56:00+02:00,31173.75,31179.75,31173.75,31177.75,21
SQ:US30,2022-09-14T04:57:00+02:00,31177.75,31183.75,31176.75,31182.75,14
SQ:US30,2022-09-14T04:58:00+02:00,31182.75,31183.75,31181.75,31181.75,12
SQ:US30,2022-09-14T04:59:00+02:00,31181.75,31183.75,31179.75,31179.75,15
SQ:US30,2022-09-14T05:00:00+02:00,31178.75,31188.75,31175.75,31188.75,25
SQ:US30,2022-09-14T05:01:00+02:00,31188.75,31195.75,31188.75,31192.75,30
SQ:US30,2022-09-14T05:02:00+02:00,31192.75,31194.75,31188.75,31188.75,21
SQ:US30,2022-09-14T05:03:00+02:00,31187.75,31188.75,31185.75,31187.75,15
SQ:US30,2022-09-14T05:04:00+02:00,31187.75,31188.75,31175.75,31179.75,24
SQ:US30,2022-09-14T05:05:00+02:00,31179.75,31193.75,31178.75,31188.75,29
SQ:US30,2022-09-14T05:06:00+02:00,31188.75,31194.75,31188.75,31194.75,18
SQ:US30,2022-09-14T05:07:00+02:00,31194.75,31195.75,31192.75,31192.75,17
SQ:US30,2022-09-14T05:08:00+02:00,31192.75,31194.75,31188.75,31190.75,16
SQ:US30,2022-09-14T05:09:00+02:00,31190.75,31193.75,31188.75,31188.75,15
SQ:US30,2022-09-14T05:10:00+02:00,31190.75,31190.75,31185.75,31186.75,22
SQ:US30,2022-09-14T05:11:00+02:00,31186.75,31189.75,31185.75,31187.75,9
SQ:US30,2022-09-14T05:12:00+02:00,31187.75,31192.75,31186.75,31190.75,18
SQ:US30,2022-09-14T05:13:00+02:00,31190.75,31193.75,31190.75,31193.75,9
SQ:US30,2022-09-14T05:14:00+02:00,31193.75,31193.75,31189.75,31190.75,11
SQ:US30,2022-09-14T05:15:00+02:00,31189.75,31190.75,31183.75,31184.75,24
SQ:US30,2022-09-14T05:16:00+02:00,31184.75,31184.75,31179.75,31179.75,8
SQ:US30,2022-09-14T05:17:00+02:00,31179.75,31180.75,31178.75,31179.75,16
SQ:US30,2022-09-14T05:18:00+02:00,31179.75,31179.75,31174.75,31177.75,13
SQ:US30,2022-09-14T05:19:00+02:00,31176.75,31180.75,31174.75,31180.75,12
SQ:US30,2022-09-14T05:20:00+02:00,31180.75,31184.75,31180.75,31180.75,18
SQ:US30,2022-09-14T05:21:00+02:00,31180.75,31182.75,31176.75,31177.75,15
SQ:US30,2022-09-14T05:22:00+02:00,31177.75,31177.75,31172.75,31172.75,10
SQ:US30,2022-09-14T05:23:00+02:00,31172.75,31176.75,31168.75,31171.75,18
SQ:US30,2022-09-14T05:24:00+02:00,31171.75,31175.75,31170.75,31175.75,8
SQ:US30,2022-09-14T05:25:00+02:00,31175.75,31176.75,31171.75,31173.75,12
SQ:US30,2022-09-14T05:26:00+02:00,31173.75,31178.75,31173.75,31178.75,9
SQ:US30,2022-09-14T05:27:00+02:00,31178.75,31183.75,31177.75,31183.75,11
SQ:US30,2022-09-14T05:28:00+02:00,31183.75,31189.75,31182.75,31189.75,21
SQ:US30,2022-09-14T05:29:00+02:00,31189.75,31190.75,31184.75,31185.75,9
SQ:US30,2022-09-14T05:30:00+02:00,31185.75,31187.75,31183.75,31184.75,21
SQ:US30,2022-09-14T05:31:00+02:00,31183.75,31184.75,31180.75,31184.75,18
SQ:US30,2022-09-14T05:32:00+02:00,31184.75,31185.75,31180.75,31182.75,13
SQ:US30,2022-09-14T05:33:00+02:00,31181.75,31182.75,31179.75,31180.75,8
SQ:US30,2022-09-14T05:34:00+02:00,31180.75,31181.75,31175.75,31179.75,11
SQ:US30,2022-09-14T05:35:00+02:00,31179.75,31180.75,31174.75,31174.75,8
SQ:US30,2022-09-14T05:36:00+02:00,31174.75,31174.75,31168.75,31169.75,16
SQ:US30,2022-09-14T05:37:00+02:00,31169.75,31169.75,31157.75,31163.75,43
SQ:US30,2022-09-14T05:38:00+02:00,31162.75,31170.75,31162.75,31170.75,22
SQ:US30,2022-09-14T05:39:00+02:00,31171.75,31172.75,31166.75,31169.75,10
SQ:US30,2022-09-14T05:40:00+02:00,31168.75,31170.75,31165.75,31168.75,19
SQ:US30,2022-09-14T05:41:00+02:00,31168.75,31168.75,31160.75,31160.75,13
SQ:US30,2022-09-14T05:42:00+02:00,31160.75,31161.75,31156.75,31156.75,16
SQ:US30,2022-09-14T05:43:00+02:00,31156.75,31160.75,31154.75,31155.75,28
SQ:US30,2022-09-14T05:44:00+02:00,31155.75,31155.75,31152.75,31154.75,18
SQ:US30,2022-09-14T05:45:00+02:00,31154.75,31159.75,31154.75,31158.75,23
SQ:US30,2022-09-14T05:46:00+02:00,31158.75,31160.75,31154.75,31155.75,15
SQ:US30,2022-09-14T05:47:00+02:00,31156.75,31156.75,31150.75,31153.75,18
SQ:US30,2022-09-14T05:48:00+02:00,31154.75,31159.75,31154.75,31155.75,14
SQ:US30,2022-09-14T05:49:00+02:00,31155.75,31157.75,31155.75,31155.75,8
SQ:US30,2022-09-14T05:50:00+02:00,31156.75,31157.75,31154.75,31156.75,11
SQ:US30,2022-09-14T05:51:00+02:00,31156.75,31157.75,31153.75,31154.75,11
SQ:US30,2022-09-14T05:52:00+02:00,31154.75,31154.75,31149.75,31150.75,9
SQ:US30,2022-09-14T05:53:00+02:00,31150.75,31151.75,31146.75,31147.75,16
SQ:US30,2022-09-14T05:54:00+02:00,31147.75,31148.75,31144.75,31145.75,18
SQ:US30,2022-09-14T05:55:00+02:00,31145.75,31146.75,31142.75,31144.75,13
SQ:US30,2022-09-14T05:56:00+02:00,31145.75,31148.75,31144.75,31146.75,15
SQ:US30,2022-09-14T05:57:00+02:00,31146.75,31155.75,31146.75,31155.75,24
SQ:US30,2022-09-14T05:58:00+02:00,31156.75,31157.75,31154.75,31157.75,15
SQ:US30,2022-09-14T05:59:00+02:00,31156.75,31157.75,31154.75,31156.75,17
SQ:US30,2022-09-14T06:00:00+02:00,31156.75,31157.75,31151.75,31152.75,21
SQ:US30,2022-09-14T06:01:00+02:00,31152.75,31154.75,31151.75,31154.75,16
SQ:US30,2022-09-14T06:02:00+02:00,31154.75,31159.75,31154.75,31157.75,18
SQ:US30,2022-09-14T06:03:00+02:00,31157.75,31158.75,31155.75,31157.75,11
SQ:US30,2022-09-14T06:04:00+02:00,31157.75,31163.75,31157.75,31162.75,8
SQ:US30,2022-09-14T06:05:00+02:00,31162.75,31167.75,31159.75,31159.75,24
SQ:US30,2022-09-14T06:06:00+02:00,31160.75,31160.75,31158.75,31159.75,8
SQ:US30,2022-09-14T06:07:00+02:00,31159.75,31163.75,31156.75,31163.75,12
SQ:US30,2022-09-14T06:08:00+02:00,31163.75,31163.75,31156.75,31156.75,11
SQ:US30,2022-09-14T06:09:00+02:00,31156.75,31156.75,31153.75,31153.75,8
SQ:US30,2022-09-14T06:10:00+02:00,31153.75,31157.75,31152.75,31152.75,9
SQ:US30,2022-09-14T06:11:00+02:00,31152.75,31155.75,31152.75,31155.75,6
SQ:US30,2022-09-14T06:12:00+02:00,31156.75,31162.75,31156.75,31160.75,12
SQ:US30,2022-09-14T06:13:00+02:00,31160.75,31162.75,31160.75,31162.75,5
SQ:US30,2022-09-14T06:14:00+02:00,31162.75,31163.75,31155.75,31155.75,16
SQ:US30,2022-09-14T06:15:00+02:00,31156.75,31157.75,31154.75,31156.75,12
SQ:US30,2022-09-14T06:16:00+02:00,31156.75,31157.75,31155.75,31155.75,6
SQ:US30,2022-09-14T06:17:00+02:00,31155.75,31155.75,31151.75,31153.75,7
SQ:US30,2022-09-14T06:18:00+02:00,31153.75,31153.75,31151.75,31151.75,9
SQ:US30,2022-09-14T06:19:00+02:00,31151.75,31154.75,31150.75,31153.75,9
SQ:US30,2022-09-14T06:20:00+02:00,31153.75,31153.75,31150.75,31152.75,12
SQ:US30,2022-09-14T06:21:00+02:00,31152.75,31158.75,31151.75,31158.75,12
SQ:US30,2022-09-14T06:22:00+02:00,31157.75,31158.75,31153.75,31153.75,5
SQ:US30,2022-09-14T06:23:00+02:00,31152.75,31152.75,31149.75,31152.75,10
SQ:US30,2022-09-14T06:24:00+02:00,31152.75,31152.75,31144.75,31147.75,21
SQ:US30,2022-09-14T06:25:00+02:00,31147.75,31149.75,31146.75,31148.75,12
SQ:US30,2022-09-14T06:26:00+02:00,31148.75,31151.75,31148.75,31150.75,7
SQ:US30,2022-09-14T06:27:00+02:00,31151.75,31151.75,31149.75,31150.75,8
SQ:US30,2022-09-14T06:28:00+02:00,31151.75,31156.75,31151.75,31156.75,12
SQ:US30,2022-09-14T06:29:00+02:00,31156.75,31157.75,31154.75,31154.75,4
SQ:US30,2022-09-14T06:30:00+02:00,31153.75,31163.75,31153.75,31163.75,18
SQ:US30,2022-09-14T06:31:00+02:00,31163.75,31176.75,31159.75,31175.75,21
SQ:US30,2022-09-14T06:32:00+02:00,31175.75,31175.75,31167.75,31170.75,34
SQ:US30,2022-09-14T06:33:00+02:00,31170.75,31177.75,31167.75,31176.75,24
SQ:US30,2022-09-14T06:34:00+02:00,31176.75,31178.75,31172.75,31176.75,44
SQ:US30,2022-09-14T06:35:00+02:00,31176.75,31180.75,31173.75,31175.75,39
SQ:US30,2022-09-14T06:36:00+02:00,31175.75,31177.75,31173.75,31173.75,23
SQ:US30,2022-09-14T06:37:00+02:00,31173.75,31175.75,31168.75,31168.75,19
SQ:US30,2022-09-14T06:38:00+02:00,31168.75,31172.75,31166.75,31172.75,20
SQ:US30,2022-09-14T06:39:00+02:00,31172.75,31173.75,31169.75,31171.75,14
SQ:US30,2022-09-14T06:40:00+02:00,31172.75,31174.75,31169.75,31169.75,16
SQ:US30,2022-09-14T06:41:00+02:00,31169.75,31170.75,31163.75,31166.75,23
SQ:US30,2022-09-14T06:42:00+02:00,31167.75,31169.75,31166.75,31168.75,16
SQ:US30,2022-09-14T06:43:00+02:00,31168.75,31168.75,31164.75,31164.75,5
SQ:US30,2022-09-14T06:44:00+02:00,31164.75,31168.75,31161.75,31166.75,11
SQ:US30,2022-09-14T06:45:00+02:00,31166.75,31167.75,31162.75,31162.75,9
SQ:US30,2022-09-14T06:46:00+02:00,31162.75,31166.75,31162.75,31166.75,18
SQ:US30,2022-09-14T06:47:00+02:00,31167.75,31168.75,31166.75,31167.75,12
SQ:US30,2022-09-14T06:48:00+02:00,31167.75,31167.75,31152.75,31153.75,21
SQ:US30,2022-09-14T06:49:00+02:00,31153.75,31157.75,31150.75,31153.75,24
SQ:US30,2022-09-14T06:50:00+02:00,31153.75,31158.75,31153.75,31157.75,15
SQ:US30,2022-09-14T06:51:00+02:00,31157.75,31158.75,31154.75,31155.75,18
SQ:US30,2022-09-14T06:52:00+02:00,31155.75,31156.75,31153.75,31156.75,16
SQ:US30,2022-09-14T06:53:00+02:00,31155.75,31160.75,31155.75,31157.75,20
SQ:US30,2022-09-14T06:54:00+02:00,31157.75,31160.75,31155.75,31155.75,17
SQ:US30,2022-09-14T06:55:00+02:00,31156.75,31158.75,31153.75,31155.75,16
SQ:US30,2022-09-14T06:56:00+02:00,31155.75,31159.75,31155.75,31157.75,10
SQ:US30,2022-09-14T06:57:00+02:00,31157.75,31164.75,31156.75,31163.75,20
SQ:US30,2022-09-14T06:58:00+02:00,31163.75,31165.75,31162.75,31163.75,22
SQ:US30,2022-09-14T06:59:00+02:00,31164.75,31168.75,31163.75,31165.75,13
SQ:US30,2022-09-14T07:00:00+02:00,31165.75,31169.75,31160.75,31165.75,55
SQ:US30,2022-09-14T07:01:00+02:00,31165.75,31169.75,31159.75,31168.75,40
SQ:US30,2022-09-14T07:02:00+02:00,31169.75,31170.75,31165.75,31166.75,35
SQ:US30,2022-09-14T07:03:00+02:00,31166.75,31170.75,31165.75,31166.75,24
SQ:US30,2022-09-14T07:04:00+02:00,31166.75,31166.75,31161.75,31162.75,18
SQ:US30,2022-09-14T07:05:00+02:00,31162.75,31173.75,31162.75,31173.75,36
SQ:US30,2022-09-14T07:06:00+02:00,31173.75,31174.75,31164.75,31164.75,18
SQ:US30,2022-09-14T07:07:00+02:00,31164.75,31165.75,31159.75,31161.75,22
SQ:US30,2022-09-14T07:08:00+02:00,31161.75,31163.75,31158.75,31160.75,20
SQ:US30,2022-09-14T07:09:00+02:00,31159.75,31164.75,31159.75,31160.75,19
SQ:US30,2022-09-14T07:10:00+02:00,31160.75,31160.75,31157.75,31160.75,15
SQ:US30,2022-09-14T07:11:00+02:00,31160.75,31162.75,31156.75,31162.75,8
SQ:US30,2022-09-14T07:12:00+02:00,31162.75,31169.75,31162.75,31167.75,22
SQ:US30,2022-09-14T07:13:00+02:00,31167.75,31172.75,31167.75,31169.75,19
SQ:US30,2022-09-14T07:14:00+02:00,31169.75,31169.75,31164.75,31164.75,7
SQ:US30,2022-09-14T07:15:00+02:00,31164.75,31165.75,31161.75,31165.75,13
SQ:US30,2022-09-14T07:16:00+02:00,31165.75,31165.75,31155.75,31155.75,10
SQ:US30,2022-09-14T07:17:00+02:00,31155.75,31157.75,31153.75,31156.75,12
SQ:US30,2022-09-14T07:18:00+02:00,31156.75,31156.75,31150.75,31155.75,10
SQ:US30,2022-09-14T07:19:00+02:00,31155.75,31168.75,31154.75,31164.75,31
SQ:US30,2022-09-14T07:20:00+02:00,31163.75,31164.75,31160.75,31162.75,18
SQ:US30,2022-09-14T07:21:00+02:00,31162.75,31163.75,31159.75,31160.75,17
SQ:US30,2022-09-14T07:22:00+02:00,31160.75,31163.75,31157.75,31161.75,21
SQ:US30,2022-09-14T07:23:00+02:00,31162.75,31164.75,31161.75,31161.75,14
SQ:US30,2022-09-14T07:24:00+02:00,31161.75,31162.75,31157.75,31160.75,17
SQ:US30,2022-09-14T07:25:00+02:00,31160.75,31163.75,31156.75,31157.75,23
SQ:US30,2022-09-14T07:26:00+02:00,31157.75,31160.75,31157.75,31158.75,18
SQ:US30,2022-09-14T07:27:00+02:00,31158.75,31159.75,31154.75,31156.75,18
SQ:US30,2022-09-14T07:28:00+02:00,31156.75,31163.75,31156.75,31162.75,19
SQ:US30,2022-09-14T07:29:00+02:00,31162.75,31167.75,31160.75,31165.75,24
SQ:US30,2022-09-14T07:30:00+02:00,31165.75,31165.75,31159.75,31162.75,30
SQ:US30,2022-09-14T07:31:00+02:00,31162.75,31163.75,31159.75,31161.75,16
SQ:US30,2022-09-14T07:32:00+02:00,31161.75,31166.75,31161.75,31163.75,21
SQ:US30,2022-09-14T07:33:00+02:00,31163.75,31170.75,31162.75,31169.75,34
SQ:US30,2022-09-14T07:34:00+02:00,31169.75,31179.75,31168.75,31177.75,37
SQ:US30,2022-09-14T07:35:00+02:00,31177.75,31178.75,31172.75,31177.75,14
SQ:US30,2022-09-14T07:36:00+02:00,31177.75,31179.75,31168.75,31169.75,20
SQ:US30,2022-09-14T07:37:00+02:00,31170.75,31172.75,31169.75,31170.75,11
SQ:US30,2022-09-14T07:38:00+02:00,31170.75,31171.75,31167.75,31168.75,16
SQ:US30,2022-09-14T07:39:00+02:00,31168.75,31173.75,31168.75,31172.75,12
SQ:US30,2022-09-14T07:40:00+02:00,31172.75,31173.75,31168.75,31169.75,16
SQ:US30,2022-09-14T07:41:00+02:00,31169.75,31169.75,31161.75,31161.75,21
SQ:US30,2022-09-14T07:42:00+02:00,31161.75,31163.75,31158.75,31159.75,18
SQ:US30,2022-09-14T07:43:00+02:00,31159.75,31159.75,31147.75,31148.75,25
SQ:US30,2022-09-14T07:44:00+02:00,31148.75,31148.75,31145.75,31145.75,9
SQ:US30,2022-09-14T07:45:00+02:00,31145.75,31145.75,31136.75,31137.75,51
SQ:US30,2022-09-14T07:46:00+02:00,31137.75,31141.75,31132.75,31133.75,28
SQ:US30,2022-09-14T07:47:00+02:00,31133.75,31134.75,31128.75,31130.75,25
SQ:US30,2022-09-14T07:48:00+02:00,31130.75,31131.75,31128.75,31130.75,15
SQ:US30,2022-09-14T07:49:00+02:00,31130.75,31130.75,31126.75,31128.75,19
SQ:US30,2022-09-14T07:50:00+02:00,31129.75,31135.75,31129.75,31135.75,27
SQ:US30,2022-09-14T07:51:00+02:00,31135.75,31135.75,31124.75,31131.75,33
SQ:US30,2022-09-14T07:52:00+02:00,31131.75,31134.75,31115.75,31129.75,39
SQ:US30,2022-09-14T07:53:00+02:00,31129.75,31133.75,31121.75,31123.75,35
SQ:US30,2022-09-14T07:54:00+02:00,31123.75,31129.75,31123.75,31126.75,17
SQ:US30,2022-09-14T07:55:00+02:00,31125.75,31127.75,31118.75,31118.75,20
SQ:US30,2022-09-14T07:56:00+02:00,31118.75,31118.75,31106.75,31108.75,49
SQ:US30,2022-09-14T07:57:00+02:00,31108.75,31108.75,31104.75,31105.75,24
SQ:US30,2022-09-14T07:58:00+02:00,31105.75,31109.75,31099.75,31104.75,43
SQ:US30,2022-09-14T07:59:00+02:00,31104.75,31107.75,31097.75,31100.75,42
SQ:US30,2022-09-14T08:00:00+02:00,31099.75,31104.75,31095.75,31099.75,53
SQ:US30,2022-09-14T08:01:00+02:00,31097.75,31110.75,31096.75,31103.75,61
SQ:US30,2022-09-14T08:02:00+02:00,31104.75,31104.75,31088.75,31089.75,57
SQ:US30,2022-09-14T08:03:00+02:00,31089.75,31092.75,31078.75,31080.75,56
SQ:US30,2022-09-14T08:04:00+02:00,31079.75,31085.75,31075.75,31078.75,58
SQ:US30,2022-09-14T08:05:00+02:00,31079.75,31086.75,31079.75,31082.75,39
SQ:US30,2022-09-14T08:06:00+02:00,31083.75,31086.75,31076.75,31078.75,39
SQ:US30,2022-09-14T08:07:00+02:00,31078.75,31094.75,31078.75,31093.75,50
SQ:US30,2022-09-14T08:08:00+02:00,31093.75,31110.75,31093.75,31101.75,55
SQ:US30,2022-09-14T08:09:00+02:00,31100.75,31103.75,31096.75,31098.75,21
SQ:US30,2022-09-14T08:10:00+02:00,31098.75,31104.75,31085.75,31091.75,36
SQ:US30,2022-09-14T08:11:00+02:00,31091.75,31098.75,31088.75,31098.75,40
SQ:US30,2022-09-14T08:12:00+02:00,31098.75,31104.75,31095.75,31104.75,31
SQ:US30,2022-09-14T08:13:00+02:00,31104.75,31119.75,31102.75,31115.75,52
SQ:US30,2022-09-14T08:14:00+02:00,31116.75,31130.75,31113.75,31127.75,57
SQ:US30,2022-09-14T08:15:00+02:00,31127.75,31135.75,31116.75,31116.75,57
SQ:US30,2022-09-14T08:16:00+02:00,31116.75,31121.75,31113.75,31115.75,50
SQ:US30,2022-09-14T08:17:00+02:00,31114.75,31123.75,31109.75,31121.75,53
SQ:US30,2022-09-14T08:18:00+02:00,31121.75,31135.75,31120.75,31134.75,38
SQ:US30,2022-09-14T08:19:00+02:00,31134.75,31136.75,31124.75,31125.75,45
SQ:US30,2022-09-14T08:20:00+02:00,31125.75,31126.75,31115.75,31122.75,37
SQ:US30,2022-09-14T08:21:00+02:00,31123.75,31126.75,31120.75,31122.75,32
SQ:US30,2022-09-14T08:22:00+02:00,31122.75,31124.75,31116.75,31118.75,38
SQ:US30,2022-09-14T08:23:00+02:00,31116.75,31131.75,31116.75,31131.75,49
SQ:US30,2022-09-14T08:24:00+02:00,31131.75,31137.75,31128.75,31136.75,57
SQ:US30,2022-09-14T08:25:00+02:00,31137.75,31157.75,31134.75,31157.75,63
SQ:US30,2022-09-14T08:26:00+02:00,31157.75,31161.75,31154.75,31157.75,92
SQ:US30,2022-09-14T08:27:00+02:00,31157.75,31163.75,31154.75,31158.75,49
SQ:US30,2022-09-14T08:28:00+02:00,31158.75,31169.75,31158.75,31165.75,63
SQ:US30,2022-09-14T08:29:00+02:00,31165.75,31168.75,31156.75,31161.75,62
SQ:US30,2022-09-14T08:30:00+02:00,31161.75,31175.75,31161.75,31174.75,49
SQ:US30,2022-09-14T08:31:00+02:00,31174.75,31183.75,31172.75,31179.75,67
SQ:US30,2022-09-14T08:32:00+02:00,31179.75,31180.75,31165.75,31166.75,62
SQ:US30,2022-09-14T08:33:00+02:00,31166.75,31168.75,31159.75,31165.75,38
SQ:US30,2022-09-14T08:34:00+02:00,31165.75,31168.75,31163.75,31167.75,22
SQ:US30,2022-09-14T08:35:00+02:00,31167.75,31168.75,31160.75,31162.75,32
SQ:US30,2022-09-14T08:36:00+02:00,31162.75,31167.75,31158.75,31158.75,38
SQ:US30,2022-09-14T08:37:00+02:00,31158.75,31162.75,31158.75,31162.75,29
SQ:US30,2022-09-14T08:38:00+02:00,31162.75,31164.75,31156.75,31157.75,38
SQ:US30,2022-09-14T08:39:00+02:00,31158.75,31160.75,31153.75,31153.75,34
SQ:US30,2022-09-14T08:40:00+02:00,31153.75,31164.75,31152.75,31162.75,40
SQ:US30,2022-09-14T08:41:00+02:00,31162.75,31167.75,31160.75,31162.75,43
SQ:US30,2022-09-14T08:42:00+02:00,31161.75,31162.75,31151.75,31153.75,50
SQ:US30,2022-09-14T08:43:00+02:00,31153.75,31156.75,31146.75,31147.75,51
SQ:US30,2022-09-14T08:44:00+02:00,31147.75,31152.75,31146.75,31150.75,49
SQ:US30,2022-09-14T08:45:00+02:00,31149.75,31158.75,31149.75,31154.75,38
SQ:US30,2022-09-14T08:46:00+02:00,31155.75,31158.75,31149.75,31150.75,49
SQ:US30,2022-09-14T08:47:00+02:00,31149.75,31150.75,31143.75,31143.75,24
SQ:US30,2022-09-14T08:48:00+02:00,31143.75,31148.75,31143.75,31146.75,30
SQ:US30,2022-09-14T08:49:00+02:00,31146.75,31150.75,31146.75,31148.75,24
SQ:US30,2022-09-14T08:50:00+02:00,31148.75,31155.75,31147.75,31153.75,26
SQ:US30,2022-09-14T08:51:00+02:00,31153.75,31159.75,31153.75,31157.75,29
SQ:US30,2022-09-14T08:52:00+02:00,31158.75,31160.75,31155.75,31155.75,37
SQ:US30,2022-09-14T08:53:00+02:00,31155.75,31165.75,31155.75,31160.75,35
SQ:US30,2022-09-14T08:54:00+02:00,31161.75,31170.75,31157.75,31170.75,38
SQ:US30,2022-09-14T08:55:00+02:00,31170.75,31178.75,31168.75,31168.75,41
SQ:US30,2022-09-14T08:56:00+02:00,31168.75,31168.75,31160.75,31165.75,37
SQ:US30,2022-09-14T08:57:00+02:00,31166.75,31176.75,31159.75,31161.75,44
SQ:US30,2022-09-14T08:58:00+02:00,31161.75,31166.75,31157.75,31162.75,41
SQ:US30,2022-09-14T08:59:00+02:00,31162.75,31163.75,31155.75,31155.75,45
SQ:US30,2022-09-14T09:00:00+02:00,31156.75,31187.75,31154.75,31181.75,221
SQ:US30,2022-09-14T09:01:00+02:00,31181.75,31186.75,31176.75,31181.75,113
SQ:US30,2022-09-14T09:02:00+02:00,31181.75,31215.75,31181.75,31215.75,142
SQ:US30,2022-09-14T09:03:00+02:00,31215.75,31215.75,31204.75,31205.75,96
SQ:US30,2022-09-14T09:04:00+02:00,31205.75,31214.75,31201.75,31204.75,81
SQ:US30,2022-09-14T09:05:00+02:00,31205.75,31230.75,31205.75,31227.75,89
SQ:US30,2022-09-14T09:06:00+02:00,31227.75,31233.75,31218.75,31233.75,92
SQ:US30,2022-09-14T09:07:00+02:00,31233.75,31237.75,31223.75,31231.75,114
SQ:US30,2022-09-14T09:08:00+02:00,31231.75,31234.75,31224.75,31231.75,96
SQ:US30,2022-09-14T09:09:00+02:00,31231.75,31231.75,31213.75,31225.75,102
SQ:US30,2022-09-14T09:10:00+02:00,31225.75,31230.75,31213.75,31215.75,104
SQ:US30,2022-09-14T09:11:00+02:00,31215.75,31215.75,31204.75,31210.75,131
SQ:US30,2022-09-14T09:12:00+02:00,31210.75,31217.75,31198.75,31200.75,128
SQ:US30,2022-09-14T09:13:00+02:00,31200.75,31205.75,31194.75,31197.75,115
SQ:US30,2022-09-14T09:14:00+02:00,31197.75,31209.75,31194.75,31201.75,102
SQ:US30,2022-09-14T09:15:00+02:00,31201.75,31211.75,31196.75,31210.75,91
SQ:US30,2022-09-14T09:16:00+02:00,31209.75,31211.75,31175.75,31181.75,141
SQ:US30,2022-09-14T09:17:00+02:00,31181.75,31188.75,31169.75,31169.75,107
SQ:US30,2022-09-14T09:18:00+02:00,31169.75,31172.75,31151.75,31156.75,125
SQ:US30,2022-09-14T09:19:00+02:00,31156.75,31157.75,31134.75,31136.75,126
SQ:US30,2022-09-14T09:20:00+02:00,31136.75,31158.75,31133.75,31157.75,100
SQ:US30,2022-09-14T09:21:00+02:00,31157.75,31166.75,31150.75,31151.75,124
SQ:US30,2022-09-14T09:22:00+02:00,31152.75,31152.75,31129.75,31132.75,95
SQ:US30,2022-09-14T09:23:00+02:00,31132.75,31132.75,31109.75,31109.75,104
SQ:US30,2022-09-14T09:24:00+02:00,31109.75,31121.75,31109.75,31117.75,105
SQ:US30,2022-09-14T09:25:00+02:00,31116.75,31123.75,31106.75,31113.75,131
SQ:US30,2022-09-14T09:26:00+02:00,31112.75,31132.75,31111.75,31129.75,120
SQ:US30,2022-09-14T09:27:00+02:00,31129.75,31130.75,31106.75,31106.75,103
SQ:US30,2022-09-14T09:28:00+02:00,31106.75,31118.75,31105.75,31107.75,137
SQ:US30,2022-09-14T09:29:00+02:00,31107.75,31123.75,31107.75,31112.75,92
SQ:US30,2022-09-14T09:30:00+02:00,31111.75,31141.75,31111.75,31140.75,146
SQ:US30,2022-09-14T09:31:00+02:00,31139.75,31151.75,31134.75,31151.75,107
SQ:US30,2022-09-14T09:32:00+02:00,31152.75,31167.75,31146.75,31155.75,109
SQ:US30,2022-09-14T09:33:00+02:00,31155.75,31164.75,31152.75,31157.75,95
SQ:US30,2022-09-14T09:34:00+02:00,31156.75,31172.75,31156.75,31169.75,82
SQ:US30,2022-09-14T09:35:00+02:00,31169.75,31172.75,31158.75,31158.75,87
SQ:US30,2022-09-14T09:36:00+02:00,31159.75,31169.75,31153.75,31167.75,78
SQ:US30,2022-09-14T09:37:00+02:00,31167.75,31180.75,31167.75,31178.75,75
SQ:US30,2022-09-14T09:38:00+02:00,31179.75,31181.75,31161.75,31161.75,93
SQ:US30,2022-09-14T09:39:00+02:00,31161.75,31170.75,31156.75,31162.75,88
SQ:US30,2022-09-14T09:40:00+02:00,31162.75,31168.75,31156.75,31162.75,98
SQ:US30,2022-09-14T09:41:00+02:00,31161.75,31189.75,31160.75,31185.75,83
SQ:US30,2022-09-14T09:42:00+02:00,31185.75,31193.75,31180.75,31185.75,109
SQ:US30,2022-09-14T09:43:00+02:00,31185.75,31191.75,31179.75,31183.75,84
SQ:US30,2022-09-14T09:44:00+02:00,31184.75,31195.75,31184.75,31194.75,67
SQ:US30,2022-09-14T09:45:00+02:00,31193.75,31194.75,31180.75,31182.75,63
SQ:US30,2022-09-14T09:46:00+02:00,31182.75,31199.75,31181.75,31197.75,62
SQ:US30,2022-09-14T09:47:00+02:00,31197.75,31198.75,31181.75,31182.75,77
SQ:US30,2022-09-14T09:48:00+02:00,31182.75,31190.75,31173.75,31185.75,80
SQ:US30,2022-09-14T09:49:00+02:00,31185.75,31188.75,31176.75,31183.75,89
SQ:US30,2022-09-14T09:50:00+02:00,31183.75,31183.75,31176.75,31180.75,52
SQ:US30,2022-09-14T09:51:00+02:00,31180.75,31189.75,31179.75,31187.75,78
SQ:US30,2022-09-14T09:52:00+02:00,31186.75,31187.75,31172.75,31172.75,82
SQ:US30,2022-09-14T09:53:00+02:00,31173.75,31186.75,31172.75,31183.75,70
SQ:US30,2022-09-14T09:54:00+02:00,31183.75,31199.75,31183.75,31198.75,81
SQ:US30,2022-09-14T09:55:00+02:00,31197.75,31211.75,31197.75,31203.75,94
SQ:US30,2022-09-14T09:56:00+02:00,31203.75,31209.75,31199.75,31209.75,89
SQ:US30,2022-09-14T09:57:00+02:00,31209.75,31212.75,31197.75,31199.75,66
SQ:US30,2022-09-14T09:58:00+02:00,31199.75,31201.75,31184.75,31186.75,66
SQ:US30,2022-09-14T09:59:00+02:00,31186.75,31197.75,31184.75,31197.75,86
SQ:US30,2022-09-14T10:00:00+02:00,31197.75,31206.75,31185.75,31194.75,125
SQ:US30,2022-09-14T10:01:00+02:00,31193.75,31203.75,31185.75,31201.75,114
SQ:US30,2022-09-14T10:02:00+02:00,31201.75,31217.75,31197.75,31216.75,93
SQ:US30,2022-09-14T10:03:00+02:00,31215.75,31226.75,31214.75,31221.75,94
SQ:US30,2022-09-14T10:04:00+02:00,31221.75,31229.75,31218.75,31222.75,78
SQ:US30,2022-09-14T10:05:00+02:00,31221.75,31228.75,31215.75,31225.75,81
SQ:US30,2022-09-14T10:06:00+02:00,31225.75,31226.75,31216.75,31221.75,101
SQ:US30,2022-09-14T10:07:00+02:00,31221.75,31241.75,31221.75,31238.75,88
SQ:US30,2022-09-14T10:08:00+02:00,31237.75,31240.75,31231.75,31231.75,74
SQ:US30,2022-09-14T10:09:00+02:00,31231.75,31236.75,31225.75,31233.75,73
SQ:US30,2022-09-14T10:10:00+02:00,31234.75,31244.75,31232.75,31232.75,57
SQ:US30,2022-09-14T10:11:00+02:00,31232.75,31243.75,31228.75,31231.75,72
SQ:US30,2022-09-14T10:12:00+02:00,31231.75,31235.75,31224.75,31226.75,86
SQ:US30,2022-09-14T10:13:00+02:00,31226.75,31233.75,31221.75,31222.75,65
SQ:US30,2022-09-14T10:14:00+02:00,31222.75,31225.75,31213.75,31220.75,81
SQ:US30,2022-09-14T10:15:00+02:00,31218.75,31224.75,31217.75,31219.75,49
SQ:US30,2022-09-14T10:16:00+02:00,31219.75,31224.75,31218.75,31220.75,49
SQ:US30,2022-09-14T10:17:00+02:00,31220.75,31223.75,31209.75,31209.75,51
SQ:US30,2022-09-14T10:18:00+02:00,31209.75,31224.75,31207.75,31219.75,64
SQ:US30,2022-09-14T10:19:00+02:00,31219.75,31221.75,31217.75,31220.75,28
SQ:US30,2022-09-14T10:20:00+02:00,31220.75,31233.75,31219.75,31230.75,57
SQ:US30,2022-09-14T10:21:00+02:00,31230.75,31234.75,31212.75,31212.75,73
SQ:US30,2022-09-14T10:22:00+02:00,31212.75,31224.75,31210.75,31212.75,73
SQ:US30,2022-09-14T10:23:00+02:00,31211.75,31219.75,31210.75,31218.75,65
SQ:US30,2022-09-14T10:24:00+02:00,31218.75,31238.75,31218.75,31235.75,69
SQ:US30,2022-09-14T10:25:00+02:00,31235.75,31237.75,31226.75,31227.75,56
SQ:US30,2022-09-14T10:26:00+02:00,31227.75,31227.75,31216.75,31219.75,66
SQ:US30,2022-09-14T10:27:00+02:00,31219.75,31221.75,31211.75,31213.75,45
SQ:US30,2022-09-14T10:28:00+02:00,31213.75,31214.75,31207.75,31208.75,52
SQ:US30,2022-09-14T10:29:00+02:00,31208.75,31217.75,31205.75,31217.75,60
SQ:US30,2022-09-14T10:30:00+02:00,31217.75,31236.75,31217.75,31236.75,79
SQ:US30,2022-09-14T10:31:00+02:00,31236.75,31248.75,31236.75,31241.75,89
SQ:US30,2022-09-14T10:32:00+02:00,31242.75,31257.75,31237.75,31253.75,82
SQ:US30,2022-09-14T10:33:00+02:00,31253.75,31271.75,31251.75,31269.75,80
SQ:US30,2022-09-14T10:34:00+02:00,31269.75,31270.75,31263.75,31266.75,67
SQ:US30,2022-09-14T10:35:00+02:00,31266.75,31270.75,31264.75,31270.75,65
SQ:US30,2022-09-14T10:36:00+02:00,31269.75,31274.75,31266.75,31270.75,60
SQ:US30,2022-09-14T10:37:00+02:00,31271.75,31275.75,31265.75,31266.75,75
SQ:US30,2022-09-14T10:38:00+02:00,31266.75,31274.75,31261.75,31271.75,68
SQ:US30,2022-09-14T10:39:00+02:00,31271.75,31272.75,31262.75,31263.75,65
SQ:US30,2022-09-14T10:40:00+02:00,31262.75,31266.75,31257.75,31264.75,57
SQ:US30,2022-09-14T10:41:00+02:00,31264.75,31265.75,31254.75,31254.75,43
SQ:US30,2022-09-14T10:42:00+02:00,31254.75,31258.75,31248.75,31257.75,67
SQ:US30,2022-09-14T10:43:00+02:00,31258.75,31260.75,31255.75,31257.75,39
SQ:US30,2022-09-14T10:44:00+02:00,31257.75,31268.75,31256.75,31263.75,50
SQ:US30,2022-09-14T10:45:00+02:00,31263.75,31266.75,31259.75,31264.75,70
SQ:US30,2022-09-14T10:46:00+02:00,31264.75,31266.75,31252.75,31253.75,56
SQ:US30,2022-09-14T10:47:00+02:00,31253.75,31256.75,31242.75,31242.75,55
SQ:US30,2022-09-14T10:48:00+02:00,31242.75,31247.75,31232.75,31233.75,49
SQ:US30,2022-09-14T10:49:00+02:00,31233.75,31241.75,31230.75,31230.75,58
SQ:US30,2022-09-14T10:50:00+02:00,31230.75,31235.75,31222.75,31228.75,56
SQ:US30,2022-09-14T10:51:00+02:00,31230.75,31250.75,31230.75,31250.75,89
SQ:US30,2022-09-14T10:52:00+02:00,31250.75,31261.75,31245.75,31248.75,50
SQ:US30,2022-09-14T10:53:00+02:00,31251.75,31262.75,31249.75,31260.75,69
SQ:US30,2022-09-14T10:54:00+02:00,31260.75,31264.75,31260.75,31262.75,34
SQ:US30,2022-09-14T10:55:00+02:00,31262.75,31273.75,31255.75,31256.75,61
SQ:US30,2022-09-14T10:56:00+02:00,31255.75,31258.75,31249.75,31252.75,44
SQ:US30,2022-09-14T10:57:00+02:00,31252.75,31262.75,31251.75,31262.75,41
SQ:US30,2022-09-14T10:58:00+02:00,31262.75,31266.75,31247.75,31249.75,50
SQ:US30,2022-09-14T10:59:00+02:00,31249.75,31258.75,31248.75,31255.75,46
SQ:US30,2022-09-14T11:00:00+02:00,31255.75,31256.75,31246.75,31250.75,56
SQ:US30,2022-09-14T11:01:00+02:00,31249.75,31255.75,31238.75,31244.75,67
SQ:US30,2022-09-14T11:02:00+02:00,31244.75,31252.75,31243.75,31251.75,53
SQ:US30,2022-09-14T11:03:00+02:00,31251.75,31252.75,31240.75,31240.75,44
SQ:US30,2022-09-14T11:04:00+02:00,31240.75,31244.75,31239.75,31241.75,46
SQ:US30,2022-09-14T11:05:00+02:00,31241.75,31247.75,31239.75,31246.75,43
SQ:US30,2022-09-14T11:06:00+02:00,31246.75,31261.75,31244.75,31249.75,62
SQ:US30,2022-09-14T11:07:00+02:00,31249.75,31256.75,31245.75,31252.75,49
SQ:US30,2022-09-14T11:08:00+02:00,31252.75,31254.75,31244.75,31246.75,55
SQ:US30,2022-09-14T11:09:00+02:00,31244.75,31250.75,31241.75,31244.75,59
SQ:US30,2022-09-14T11:10:00+02:00,31244.75,31245.75,31233.75,31233.75,39
SQ:US30,2022-09-14T11:11:00+02:00,31233.75,31241.75,31229.75,31241.75,43
SQ:US30,2022-09-14T11:12:00+02:00,31240.75,31240.75,31230.75,31232.75,32
SQ:US30,2022-09-14T11:13:00+02:00,31231.75,31234.75,31224.75,31231.75,47
SQ:US30,2022-09-14T11:14:00+02:00,31231.75,31232.75,31223.75,31229.75,48
SQ:US30,2022-09-14T11:15:00+02:00,31229.75,31233.75,31220.75,31221.75,48
SQ:US30,2022-09-14T11:16:00+02:00,31220.75,31231.75,31220.75,31222.75,42
SQ:US30,2022-09-14T11:17:00+02:00,31222.75,31229.75,31221.75,31229.75,36
SQ:US30,2022-09-14T11:18:00+02:00,31229.75,31236.75,31225.75,31236.75,42
SQ:US30,2022-09-14T11:19:00+02:00,31236.75,31242.75,31233.75,31242.75,34
SQ:US30,2022-09-14T11:20:00+02:00,31242.75,31252.75,31241.75,31250.75,41
SQ:US30,2022-09-14T11:21:00+02:00,31250.75,31254.75,31242.75,31247.75,52
SQ:US30,2022-09-14T11:22:00+02:00,31247.75,31258.75,31241.75,31250.75,44
SQ:US30,2022-09-14T11:23:00+02:00,31250.75,31255.75,31250.75,31251.75,58
SQ:US30,2022-09-14T11:24:00+02:00,31251.75,31261.75,31250.75,31258.75,54
SQ:US30,2022-09-14T11:25:00+02:00,31258.75,31260.75,31255.75,31258.75,46
SQ:US30,2022-09-14T11:26:00+02:00,31258.75,31259.75,31252.75,31255.75,33
SQ:US30,2022-09-14T11:27:00+02:00,31255.75,31256.75,31250.75,31252.75,42
SQ:US30,2022-09-14T11:28:00+02:00,31252.75,31262.75,31252.75,31261.75,54
SQ:US30,2022-09-14T11:29:00+02:00,31261.75,31264.75,31257.75,31261.75,35
SQ:US30,2022-09-14T11:30:00+02:00,31261.75,31265.75,31259.75,31262.75,52
SQ:US30,2022-09-14T11:31:00+02:00,31262.75,31262.75,31237.75,31238.75,61
SQ:US30,2022-09-14T11:32:00+02:00,31238.75,31240.75,31231.75,31235.75,56
SQ:US30,2022-09-14T11:33:00+02:00,31235.75,31237.75,31228.75,31235.75,58
SQ:US30,2022-09-14T11:34:00+02:00,31235.75,31236.75,31231.75,31233.75,32
SQ:US30,2022-09-14T11:35:00+02:00,31233.75,31236.75,31229.75,31231.75,43
SQ:US30,2022-09-14T11:36:00+02:00,31231.75,31237.75,31228.75,31234.75,43
SQ:US30,2022-09-14T11:37:00+02:00,31234.75,31247.75,31234.75,31244.75,44
SQ:US30,2022-09-14T11:38:00+02:00,31245.75,31251.75,31243.75,31247.75,30
SQ:US30,2022-09-14T11:39:00+02:00,31247.75,31251.75,31246.75,31248.75,38
SQ:US30,2022-09-14T11:40:00+02:00,31248.75,31249.75,31243.75,31246.75,37
SQ:US30,2022-09-14T11:41:00+02:00,31245.75,31245.75,31233.75,31234.75,41
SQ:US30,2022-09-14T11:42:00+02:00,31233.75,31234.75,31227.75,31227.75,36
SQ:US30,2022-09-14T11:43:00+02:00,31228.75,31233.75,31219.75,31219.75,31
SQ:US30,2022-09-14T11:44:00+02:00,31219.75,31220.75,31209.75,31210.75,48
SQ:US30,2022-09-14T11:45:00+02:00,31212.75,31225.75,31211.75,31224.75,60
SQ:US30,2022-09-14T11:46:00+02:00,31224.75,31229.75,31217.75,31217.75,39
SQ:US30,2022-09-14T11:47:00+02:00,31217.75,31218.75,31213.75,31217.75,42
SQ:US30,2022-09-14T11:48:00+02:00,31216.75,31217.75,31211.75,31215.75,36
SQ:US30,2022-09-14T11:49:00+02:00,31216.75,31217.75,31212.75,31214.75,48
SQ:US30,2022-09-14T11:50:00+02:00,31214.75,31220.75,31213.75,31214.75,46
SQ:US30,2022-09-14T11:51:00+02:00,31215.75,31218.75,31212.75,31212.75,26
SQ:US30,2022-09-14T11:52:00+02:00,31212.75,31212.75,31200.75,31200.75,53
SQ:US30,2022-09-14T11:53:00+02:00,31200.75,31202.75,31197.75,31199.75,61
SQ:US30,2022-09-14T11:54:00+02:00,31199.75,31202.75,31196.75,31197.75,52
SQ:US30,2022-09-14T11:55:00+02:00,31197.75,31197.75,31187.75,31188.75,50
SQ:US30,2022-09-14T11:56:00+02:00,31188.75,31200.75,31187.75,31199.75,44
SQ:US30,2022-09-14T11:57:00+02:00,31199.75,31203.75,31194.75,31195.75,80
SQ:US30,2022-09-14T11:58:00+02:00,31195.75,31201.75,31195.75,31201.75,45
SQ:US30,2022-09-14T11:59:00+02:00,31201.75,31216.75,31200.75,31209.75,45
SQ:US30,2022-09-14T12:00:00+02:00,31209.75,31209.75,31195.75,31205.75,63
SQ:US30,2022-09-14T12:01:00+02:00,31205.75,31215.75,31205.75,31213.75,58
SQ:US30,2022-09-14T12:02:00+02:00,31213.75,31214.75,31209.75,31210.75,50
SQ:US30,2022-09-14T12:03:00+02:00,31210.75,31211.75,31204.75,31205.75,41
SQ:US30,2022-09-14T12:04:00+02:00,31205.75,31217.75,31203.75,31215.75,34
SQ:US30,2022-09-14T12:05:00+02:00,31215.75,31222.75,31211.75,31219.75,41
SQ:US30,2022-09-14T12:06:00+02:00,31218.75,31218.75,31204.75,31206.75,34
SQ:US30,2022-09-14T12:07:00+02:00,31206.75,31209.75,31202.75,31208.75,29
SQ:US30,2022-09-14T12:08:00+02:00,31208.75,31213.75,31201.75,31208.75,47
SQ:US30,2022-09-14T12:09:00+02:00,31209.75,31217.75,31208.75,31214.75,43
SQ:US30,2022-09-14T12:10:00+02:00,31214.75,31221.75,31214.75,31221.75,48
SQ:US30,2022-09-14T12:11:00+02:00,31220.75,31229.75,31219.75,31226.75,53
SQ:US30,2022-09-14T12:12:00+02:00,31226.75,31228.75,31222.75,31223.75,36
SQ:US30,2022-09-14T12:13:00+02:00,31223.75,31225.75,31214.75,31216.75,39
SQ:US30,2022-09-14T12:14:00+02:00,31216.75,31222.75,31215.75,31221.75,32
SQ:US30,2022-09-14T12:15:00+02:00,31221.75,31226.75,31219.75,31225.75,47
SQ:US30,2022-09-14T12:16:00+02:00,31226.75,31227.75,31222.75,31224.75,45
SQ:US30,2022-09-14T12:17:00+02:00,31224.75,31231.75,31221.75,31231.75,44
SQ:US30,2022-09-14T12:18:00+02:00,31230.75,31239.75,31230.75,31230.75,44
SQ:US30,2022-09-14T12:19:00+02:00,31230.75,31231.75,31221.75,31223.75,43
SQ:US30,2022-09-14T12:20:00+02:00,31223.75,31229.75,31222.75,31222.75,45
SQ:US30,2022-09-14T12:21:00+02:00,31222.75,31225.75,31217.75,31219.75,43
SQ:US30,2022-09-14T12:22:00+02:00,31219.75,31226.75,31217.75,31226.75,25
SQ:US30,2022-09-14T12:23:00+02:00,31226.75,31229.75,31223.75,31223.75,18
SQ:US30,2022-09-14T12:24:00+02:00,31223.75,31226.75,31222.75,31225.75,24
SQ:US30,2022-09-14T12:25:00+02:00,31225.75,31227.75,31218.75,31227.75,29
SQ:US30,2022-09-14T12:26:00+02:00,31227.75,31228.75,31216.75,31216.75,45
SQ:US30,2022-09-14T12:27:00+02:00,31216.75,31221.75,31211.75,31211.75,35
SQ:US30,2022-09-14T12:28:00+02:00,31211.75,31214.75,31207.75,31211.75,31
SQ:US30,2022-09-14T12:29:00+02:00,31211.75,31216.75,31210.75,31212.75,27
SQ:US30,2022-09-14T12:30:00+02:00,31212.75,31221.75,31211.75,31213.75,49
SQ:US30,2022-09-14T12:31:00+02:00,31211.75,31223.75,31211.75,31222.75,38
SQ:US30,2022-09-14T12:32:00+02:00,31223.75,31224.75,31202.75,31204.75,49
SQ:US30,2022-09-14T12:33:00+02:00,31204.75,31204.75,31192.75,31195.75,44
SQ:US30,2022-09-14T12:34:00+02:00,31195.75,31206.75,31195.75,31205.75,49
SQ:US30,2022-09-14T12:35:00+02:00,31205.75,31206.75,31195.75,31199.75,30
SQ:US30,2022-09-14T12:36:00+02:00,31199.75,31208.75,31196.75,31200.75,36
SQ:US30,2022-09-14T12:37:00+02:00,31200.75,31200.75,31194.75,31199.75,32
SQ:US30,2022-09-14T12:38:00+02:00,31198.75,31206.75,31198.75,31206.75,23
SQ:US30,2022-09-14T12:39:00+02:00,31206.75,31206.75,31194.75,31194.75,35
SQ:US30,2022-09-14T12:40:00+02:00,31194.75,31199.75,31193.75,31194.75,37
SQ:US30,2022-09-14T12:41:00+02:00,31194.75,31199.75,31192.75,31196.75,22
SQ:US30,2022-09-14T12:42:00+02:00,31197.75,31204.75,31193.75,31193.75,44
SQ:US30,2022-09-14T12:43:00+02:00,31193.75,31196.75,31182.75,31183.75,42
SQ:US30,2022-09-14T12:44:00+02:00,31183.75,31186.75,31176.75,31177.75,73
SQ:US30,2022-09-14T12:45:00+02:00,31177.75,31190.75,31175.75,31190.75,52
SQ:US30,2022-09-14T12:46:00+02:00,31190.75,31194.75,31183.75,31184.75,37
SQ:US30,2022-09-14T12:47:00+02:00,31184.75,31185.75,31180.75,31182.75,40
SQ:US30,2022-09-14T12:48:00+02:00,31182.75,31186.75,31176.75,31181.75,56
SQ:US30,2022-09-14T12:49:00+02:00,31181.75,31188.75,31180.75,31187.75,44
SQ:US30,2022-09-14T12:50:00+02:00,31187.75,31188.75,31171.75,31172.75,60
SQ:US30,2022-09-14T12:51:00+02:00,31172.75,31180.75,31169.75,31170.75,53
SQ:US30,2022-09-14T12:52:00+02:00,31170.75,31174.75,31169.75,31173.75,46
SQ:US30,2022-09-14T12:53:00+02:00,31173.75,31180.75,31173.75,31178.75,26
SQ:US30,2022-09-14T12:54:00+02:00,31178.75,31187.75,31178.75,31186.75,35
SQ:US30,2022-09-14T12:55:00+02:00,31186.75,31190.75,31183.75,31184.75,36
SQ:US30,2022-09-14T12:56:00+02:00,31184.75,31199.75,31184.75,31198.75,29
SQ:US30,2022-09-14T12:57:00+02:00,31199.75,31205.75,31198.75,31198.75,27
SQ:US30,2022-09-14T12:58:00+02:00,31199.75,31201.75,31195.75,31197.75,43
SQ:US30,2022-09-14T12:59:00+02:00,31198.75,31205.75,31191.75,31196.75,48
SQ:US30,2022-09-14T13:00:00+02:00,31196.75,31200.75,31194.75,31196.75,27
SQ:US30,2022-09-14T13:01:00+02:00,31196.75,31200.75,31194.75,31199.75,46
SQ:US30,2022-09-14T13:02:00+02:00,31199.75,31199.75,31186.75,31190.75,53
SQ:US30,2022-09-14T13:03:00+02:00,31190.75,31198.75,31188.75,31194.75,49
SQ:US30,2022-09-14T13:04:00+02:00,31194.75,31196.75,31185.75,31192.75,51
SQ:US30,2022-09-14T13:05:00+02:00,31192.75,31195.75,31186.75,31191.75,42
SQ:US30,2022-09-14T13:06:00+02:00,31191.75,31192.75,31182.75,31185.75,61
SQ:US30,2022-09-14T13:07:00+02:00,31185.75,31190.75,31182.75,31188.75,34
SQ:US30,2022-09-14T13:08:00+02:00,31188.75,31190.75,31183.75,31186.75,33
SQ:US30,2022-09-14T13:09:00+02:00,31186.75,31198.75,31186.75,31198.75,44
SQ:US30,2022-09-14T13:10:00+02:00,31198.75,31204.75,31197.75,31198.75,43
SQ:US30,2022-09-14T13:11:00+02:00,31198.75,31200.75,31187.75,31188.75,35
SQ:US30,2022-09-14T13:12:00+02:00,31188.75,31188.75,31176.75,31176.75,51
SQ:US30,2022-09-14T13:13:00+02:00,31176.75,31183.75,31175.75,31179.75,50
SQ:US30,2022-09-14T13:14:00+02:00,31179.75,31183.75,31178.75,31180.75,48
SQ:US30,2022-09-14T13:15:00+02:00,31180.75,31185.75,31179.75,31184.75,36
SQ:US30,2022-09-14T13:16:00+02:00,31185.75,31185.75,31175.75,31175.75,38
SQ:US30,2022-09-14T13:17:00+02:00,31174.75,31175.75,31166.75,31172.75,48
SQ:US30,2022-09-14T13:18:00+02:00,31172.75,31172.75,31161.75,31164.75,56
SQ:US30,2022-09-14T13:19:00+02:00,31163.75,31172.75,31161.75,31161.75,66
SQ:US30,2022-09-14T13:20:00+02:00,31161.75,31163.75,31153.75,31155.75,38
SQ:US30,2022-09-14T13:21:00+02:00,31155.75,31155.75,31145.75,31147.75,72
SQ:US30,2022-09-14T13:22:00+02:00,31147.75,31150.75,31147.75,31149.75,35
SQ:US30,2022-09-14T13:23:00+02:00,31149.75,31154.75,31141.75,31144.75,53
SQ:US30,2022-09-14T13:24:00+02:00,31144.75,31144.75,31132.75,31133.75,56
SQ:US30,2022-09-14T13:25:00+02:00,31133.75,31139.75,31129.75,31130.75,48
SQ:US30,2022-09-14T13:26:00+02:00,31130.75,31147.75,31130.75,31147.75,62
SQ:US30,2022-09-14T13:27:00+02:00,31147.75,31152.75,31144.75,31152.75,56
SQ:US30,2022-09-14T13:28:00+02:00,31152.75,31153.75,31141.75,31141.75,42
SQ:US30,2022-09-14T13:29:00+02:00,31141.75,31144.75,31131.75,31131.75,70
SQ:US30,2022-09-14T13:30:00+02:00,31131.75,31134.75,31127.75,31128.75,52
SQ:US30,2022-09-14T13:31:00+02:00,31129.75,31135.75,31125.75,31134.75,56
SQ:US30,2022-09-14T13:32:00+02:00,31134.75,31147.75,31128.75,31145.75,65
SQ:US30,2022-09-14T13:33:00+02:00,31145.75,31145.75,31125.75,31129.75,54
SQ:US30,2022-09-14T13:34:00+02:00,31129.75,31129.75,31114.75,31125.75,73
SQ:US30,2022-09-14T13:35:00+02:00,31124.75,31136.75,31123.75,31129.75,70
SQ:US30,2022-09-14T13:36:00+02:00,31129.75,31142.75,31129.75,31139.75,60
SQ:US30,2022-09-14T13:37:00+02:00,31139.75,31142.75,31124.75,31127.75,68
SQ:US30,2022-09-14T13:38:00+02:00,31127.75,31133.75,31124.75,31130.75,48
SQ:US30,2022-09-14T13:39:00+02:00,31130.75,31146.75,31130.75,31145.75,74
SQ:US30,2022-09-14T13:40:00+02:00,31144.75,31149.75,31135.75,31135.75,77
SQ:US30,2022-09-14T13:41:00+02:00,31135.75,31137.75,31121.75,31130.75,77
SQ:US30,2022-09-14T13:42:00+02:00,31131.75,31142.75,31123.75,31133.75,71
SQ:US30,2022-09-14T13:43:00+02:00,31133.75,31133.75,31120.75,31120.75,74
SQ:US30,2022-09-14T13:44:00+02:00,31120.75,31126.75,31116.75,31119.75,90
SQ:US30,2022-09-14T13:45:00+02:00,31119.75,31122.75,31108.75,31116.75,82
SQ:US30,2022-09-14T13:46:00+02:00,31116.75,31116.75,31102.75,31103.75,73
SQ:US30,2022-09-14T13:47:00+02:00,31103.75,31119.75,31103.75,31119.75,78
SQ:US30,2022-09-14T13:48:00+02:00,31119.75,31123.75,31098.75,31105.75,84
SQ:US30,2022-09-14T13:49:00+02:00,31105.75,31109.75,31088.75,31091.75,77
SQ:US30,2022-09-14T13:50:00+02:00,31092.75,31106.75,31090.75,31097.75,101
SQ:US30,2022-09-14T13:51:00+02:00,31097.75,31105.75,31082.75,31087.75,124
SQ:US30,2022-09-14T13:52:00+02:00,31087.75,31090.75,31072.75,31073.75,108
SQ:US30,2022-09-14T13:53:00+02:00,31072.75,31077.75,31070.75,31070.75,85
SQ:US30,2022-09-14T13:54:00+02:00,31070.75,31070.75,31056.75,31057.75,110
SQ:US30,2022-09-14T13:55:00+02:00,31056.75,31064.75,31045.75,31053.75,147
SQ:US30,2022-09-14T13:56:00+02:00,31054.75,31056.75,31042.75,31043.75,115
SQ:US30,2022-09-14T13:57:00+02:00,31043.75,31050.75,31035.75,31048.75,113
SQ:US30,2022-09-14T13:58:00+02:00,31048.75,31059.75,31040.75,31040.75,108
SQ:US30,2022-09-14T13:59:00+02:00,31040.75,31047.75,31033.75,31038.75,98
SQ:US30,2022-09-14T14:00:00+02:00,31038.75,31052.75,31027.75,31051.75,140
SQ:US30,2022-09-14T14:01:00+02:00,31051.75,31053.75,31040.75,31045.75,105
SQ:US30,2022-09-14T14:02:00+02:00,31045.75,31059.75,31045.75,31047.75,101
SQ:US30,2022-09-14T14:03:00+02:00,31047.75,31060.75,31047.75,31058.75,90
SQ:US30,2022-09-14T14:04:00+02:00,31059.75,31061.75,31040.75,31040.75,90
SQ:US30,2022-09-14T14:05:00+02:00,31040.75,31051.75,31038.75,31051.75,99
SQ:US30,2022-09-14T14:06:00+02:00,31051.75,31066.75,31050.75,31066.75,112
SQ:US30,2022-09-14T14:07:00+02:00,31065.75,31071.75,31059.75,31066.75,84
SQ:US30,2022-09-14T14:08:00+02:00,31066.75,31066.75,31058.75,31061.75,61
SQ:US30,2022-09-14T14:09:00+02:00,31061.75,31063.75,31046.75,31061.75,74
SQ:US30,2022-09-14T14:10:00+02:00,31062.75,31064.75,31051.75,31051.75,67
SQ:US30,2022-09-14T14:11:00+02:00,31051.75,31060.75,31050.75,31057.75,80
SQ:US30,2022-09-14T14:12:00+02:00,31057.75,31061.75,31046.75,31058.75,72
SQ:US30,2022-09-14T14:13:00+02:00,31058.75,31072.75,31057.75,31064.75,106
SQ:US30,2022-09-14T14:14:00+02:00,31064.75,31087.75,31064.75,31085.75,65
SQ:US30,2022-09-14T14:15:00+02:00,31086.75,31092.75,31081.75,31089.75,96
SQ:US30,2022-09-14T14:16:00+02:00,31089.75,31091.75,31077.75,31084.75,100
SQ:US30,2022-09-14T14:17:00+02:00,31085.75,31094.75,31084.75,31088.75,60
SQ:US30,2022-09-14T14:18:00+02:00,31089.75,31106.75,31086.75,31106.75,79
SQ:US30,2022-09-14T14:19:00+02:00,31106.75,31119.75,31106.75,31119.75,87
SQ:US30,2022-09-14T14:20:00+02:00,31118.75,31120.75,31111.75,31118.75,79
SQ:US30,2022-09-14T14:21:00+02:00,31118.75,31122.75,31115.75,31117.75,61
SQ:US30,2022-09-14T14:22:00+02:00,31117.75,31119.75,31111.75,31117.75,78
SQ:US30,2022-09-14T14:23:00+02:00,31117.75,31117.75,31108.75,31113.75,61
SQ:US30,2022-09-14T14:24:00+02:00,31113.75,31125.75,31111.75,31123.75,90
SQ:US30,2022-09-14T14:25:00+02:00,31123.75,31126.75,31110.75,31122.75,85
SQ:US30,2022-09-14T14:26:00+02:00,31121.75,31133.75,31121.75,31124.75,56
SQ:US30,2022-09-14T14:27:00+02:00,31124.75,31132.75,31123.75,31126.75,80
SQ:US30,2022-09-14T14:28:00+02:00,31127.75,31132.75,31125.75,31132.75,25
SQ:US30,2022-09-14T14:29:00+02:00,31129.75,31132.75,31126.75,31132.75,21
SQ:US30,2022-09-14T14:30:00+02:00,31132.75,31152.75,31078.75,31121.75,255
SQ:US30,2022-09-14T14:31:00+02:00,31122.75,31145.75,31104.75,31111.75,247
SQ:US30,2022-09-14T14:32:00+02:00,31111.75,31113.75,31080.75,31086.75,233
SQ:US30,2022-09-14T14:33:00+02:00,31086.75,31101.75,31082.75,31098.75,179
SQ:US30,2022-09-14T14:34:00+02:00,31099.75,31102.75,31089.75,31101.75,143
SQ:US30,2022-09-14T14:35:00+02:00,31101.75,31110.75,31099.75,31104.75,104
SQ:US30,2022-09-14T14:36:00+02:00,31106.75,31127.75,31105.75,31117.75,160
SQ:US30,2022-09-14T14:37:00+02:00,31117.75,31120.75,31106.75,31114.75,94
SQ:US30,2022-09-14T14:38:00+02:00,31115.75,31121.75,31109.75,31119.75,100
SQ:US30,2022-09-14T14:39:00+02:00,31117.75,31136.75,31117.75,31127.75,135
SQ:US30,2022-09-14T14:40:00+02:00,31126.75,31145.75,31125.75,31143.75,90
SQ:US30,2022-09-14T14:41:00+02:00,31143.75,31157.75,31142.75,31149.75,121
SQ:US30,2022-09-14T14:42:00+02:00,31149.75,31157.75,31148.75,31152.75,107
SQ:US30,2022-09-14T14:43:00+02:00,31152.75,31154.75,31141.75,31149.75,103
SQ:US30,2022-09-14T14:44:00+02:00,31149.75,31164.75,31138.75,31155.75,116
SQ:US30,2022-09-14T14:45:00+02:00,31155.75,31163.75,31149.75,31154.75,94
SQ:US30,2022-09-14T14:46:00+02:00,31155.75,31155.75,31146.75,31149.75,83
SQ:US30,2022-09-14T14:47:00+02:00,31149.75,31152.75,31123.75,31126.75,99
SQ:US30,2022-09-14T14:48:00+02:00,31126.75,31136.75,31125.75,31133.75,68
SQ:US30,2022-09-14T14:49:00+02:00,31134.75,31136.75,31112.75,31115.75,110
SQ:US30,2022-09-14T14:50:00+02:00,31115.75,31127.75,31111.75,31127.75,97
SQ:US30,2022-09-14T14:51:00+02:00,31126.75,31149.75,31126.75,31146.75,89
SQ:US30,2022-09-14T14:52:00+02:00,31146.75,31163.75,31146.75,31155.75,132
SQ:US30,2022-09-14T14:53:00+02:00,31156.75,31162.75,31154.75,31160.75,96
SQ:US30,2022-09-14T14:54:00+02:00,31161.75,31174.75,31158.75,31165.75,148
SQ:US30,2022-09-14T14:55:00+02:00,31166.75,31172.75,31159.75,31169.75,140
SQ:US30,2022-09-14T14:56:00+02:00,31170.75,31171.75,31158.75,31159.75,109
SQ:US30,2022-09-14T14:57:00+02:00,31159.75,31160.75,31146.75,31151.75,123
SQ:US30,2022-09-14T14:58:00+02:00,31152.75,31165.75,31142.75,31147.75,128
SQ:US30,2022-09-14T14:59:00+02:00,31147.75,31151.75,31145.75,31149.75,89
SQ:US30,2022-09-14T15:00:00+02:00,31148.75,31153.75,31138.75,31143.75,151
SQ:US30,2022-09-14T15:01:00+02:00,31143.75,31145.75,31124.75,31128.75,118
SQ:US30,2022-09-14T15:02:00+02:00,31128.75,31153.75,31127.75,31149.75,106
SQ:US30,2022-09-14T15:03:00+02:00,31149.75,31166.75,31146.75,31155.75,125
SQ:US30,2022-09-14T15:04:00+02:00,31155.75,31156.75,31147.75,31153.75,98
SQ:US30,2022-09-14T15:05:00+02:00,31153.75,31162.75,31150.75,31159.75,118
SQ:US30,2022-09-14T15:06:00+02:00,31160.75,31170.75,31156.75,31169.75,146
SQ:US30,2022-09-14T15:07:00+02:00,31168.75,31177.75,31166.75,31167.75,128
SQ:US30,2022-09-14T15:08:00+02:00,31167.75,31169.75,31155.75,31157.75,156
SQ:US30,2022-09-14T15:09:00+02:00,31157.75,31158.75,31144.75,31150.75,143
SQ:US30,2022-09-14T15:10:00+02:00,31150.75,31156.75,31142.75,31143.75,110
SQ:US30,2022-09-14T15:11:00+02:00,31143.75,31157.75,31140.75,31156.75,124
SQ:US30,2022-09-14T15:12:00+02:00,31156.75,31166.75,31145.75,31151.75,132
SQ:US30,2022-09-14T15:13:00+02:00,31151.75,31154.75,31146.75,31148.75,133
SQ:US30,2022-09-14T15:14:00+02:00,31148.75,31156.75,31143.75,31154.75,122
SQ:US30,2022-09-14T15:15:00+02:00,31154.75,31160.75,31148.75,31156.75,151
SQ:US30,2022-09-14T15:16:00+02:00,31156.75,31166.75,31154.75,31162.75,120
SQ:US30,2022-09-14T15:17:00+02:00,31162.75,31162.75,31143.75,31149.75,121
SQ:US30,2022-09-14T15:18:00+02:00,31150.75,31152.75,31142.75,31145.75,138
SQ:US30,2022-09-14T15:19:00+02:00,31146.75,31157.75,31143.75,31156.75,139
SQ:US30,2022-09-14T15:20:00+02:00,31156.75,31164.75,31149.75,31158.75,116
SQ:US30,2022-09-14T15:21:00+02:00,31158.75,31164.75,31146.75,31148.75,144
SQ:US30,2022-09-14T15:22:00+02:00,31148.75,31148.75,31140.75,31141.75,156
SQ:US30,2022-09-14T15:23:00+02:00,31141.75,31146.75,31127.75,31134.75,126
SQ:US30,2022-09-14T15:24:00+02:00,31135.75,31152.75,31130.75,31151.75,115
SQ:US30,2022-09-14T15:25:00+02:00,31151.75,31153.75,31144.75,31152.75,123
SQ:US30,2022-09-14T15:26:00+02:00,31152.75,31156.75,31141.75,31155.75,117
SQ:US30,2022-09-14T15:27:00+02:00,31154.75,31156.75,31146.75,31153.75,95
SQ:US30,2022-09-14T15:28:00+02:00,31154.75,31157.75,31146.75,31148.75,89
SQ:US30,2022-09-14T15:29:00+02:00,31148.75,31159.75,31141.75,31158.75,123
SQ:US30,2022-09-14T15:30:00+02:00,31159.75,31173.75,31144.75,31145.75,444
SQ:US30,2022-09-14T15:31:00+02:00,31145.75,31157.75,31114.75,31122.75,495
SQ:US30,2022-09-14T15:32:00+02:00,31122.75,31153.75,31111.75,31122.75,500
SQ:US30,2022-09-14T15:33:00+02:00,31121.75,31125.75,31105.75,31108.75,419
SQ:US30,2022-09-14T15:34:00+02:00,31109.75,31125.75,31078.75,31079.75,385
SQ:US30,2022-09-14T15:35:00+02:00,31079.75,31122.75,31078.75,31112.75,368
SQ:US30,2022-09-14T15:36:00+02:00,31112.75,31127.75,31105.75,31110.75,368
SQ:US30,2022-09-14T15:37:00+02:00,31110.75,31136.75,31101.75,31135.75,336
SQ:US30,2022-09-14T15:38:00+02:00,31136.75,31171.75,31135.75,31165.75,385
SQ:US30,2022-09-14T15:39:00+02:00,31167.75,31179.75,31159.75,31164.75,363
SQ:US30,2022-09-14T15:40:00+02:00,31164.75,31164.75,31121.75,31128.75,415
SQ:US30,2022-09-14T15:41:00+02:00,31128.75,31161.75,31125.75,31161.75,392
SQ:US30,2022-09-14T15:42:00+02:00,31161.75,31186.75,31146.75,31182.75,377
SQ:US30,2022-09-14T15:43:00+02:00,31182.75,31192.75,31170.75,31174.75,360
SQ:US30,2022-09-14T15:44:00+02:00,31174.75,31218.75,31169.75,31216.75,379
SQ:US30,2022-09-14T15:45:00+02:00,31216.75,31217.75,31197.75,31210.75,421
SQ:US30,2022-09-14T15:46:00+02:00,31210.75,31243.75,31210.75,31215.75,415
SQ:US30,2022-09-14T15:47:00+02:00,31214.75,31233.75,31214.75,31232.75,336
SQ:US30,2022-09-14T15:48:00+02:00,31232.75,31232.75,31189.75,31190.75,349
SQ:US30,2022-09-14T15:49:00+02:00,31190.75,31196.75,31170.75,31182.75,394
SQ:US30,2022-09-14T15:50:00+02:00,31182.75,31182.75,31158.75,31167.75,395
SQ:US30,2022-09-14T15:51:00+02:00,31167.75,31190.75,31165.75,31180.75,340
SQ:US30,2022-09-14T15:52:00+02:00,31181.75,31186.75,31144.75,31160.75,389
SQ:US30,2022-09-14T15:53:00+02:00,31161.75,31195.75,31161.75,31192.75,388
SQ:US30,2022-09-14T15:54:00+02:00,31191.75,31200.75,31169.75,31171.75,301
SQ:US30,2022-09-14T15:55:00+02:00,31170.75,31186.75,31153.75,31162.75,283
SQ:US30,2022-09-14T15:56:00+02:00,31162.75,31191.75,31162.75,31180.75,266
SQ:US30,2022-09-14T15:57:00+02:00,31181.75,31181.75,31143.75,31156.75,283
SQ:US30,2022-09-14T15:58:00+02:00,31156.75,31188.75,31153.75,31181.75,309
SQ:US30,2022-09-14T15:59:00+02:00,31181.75,31205.75,31169.75,31204.75,307
SQ:US30,2022-09-14T16:00:00+02:00,31204.75,31208.75,31184.75,31192.75,306
SQ:US30,2022-09-14T16:01:00+02:00,31192.75,31208.75,31186.75,31194.75,282
SQ:US30,2022-09-14T16:02:00+02:00,31194.75,31206.75,31163.75,31164.75,288
SQ:US30,2022-09-14T16:03:00+02:00,31164.75,31180.75,31152.75,31153.75,294
SQ:US30,2022-09-14T16:04:00+02:00,31152.75,31161.75,31142.75,31155.75,287
SQ:US30,2022-09-14T16:05:00+02:00,31155.75,31155.75,31123.75,31126.75,289
SQ:US30,2022-09-14T16:06:00+02:00,31126.75,31157.75,31120.75,31154.75,311
SQ:US30,2022-09-14T16:07:00+02:00,31154.75,31184.75,31152.75,31178.75,301
SQ:US30,2022-09-14T16:08:00+02:00,31178.75,31194.75,31172.75,31181.75,246
SQ:US30,2022-09-14T16:09:00+02:00,31181.75,31183.75,31151.75,31157.75,236
SQ:US30,2022-09-14T16:10:00+02:00,31156.75,31184.75,31148.75,31180.75,262
SQ:US30,2022-09-14T16:11:00+02:00,31180.75,31197.75,31172.75,31196.75,253
SQ:US30,2022-09-14T16:12:00+02:00,31196.75,31197.75,31170.75,31177.75,220
SQ:US30,2022-09-14T16:13:00+02:00,31177.75,31179.75,31133.75,31142.75,263
SQ:US30,2022-09-14T16:14:00+02:00,31142.75,31161.75,31137.75,31147.75,281
SQ:US30,2022-09-14T16:15:00+02:00,31147.75,31175.75,31146.75,31172.75,301
SQ:US30,2022-09-14T16:16:00+02:00,31172.75,31184.75,31149.75,31149.75,288
SQ:US30,2022-09-14T16:17:00+02:00,31149.75,31169.75,31149.75,31156.75,244
SQ:US30,2022-09-14T16:18:00+02:00,31156.75,31156.75,31127.75,31128.75,242
SQ:US30,2022-09-14T16:19:00+02:00,31129.75,31130.75,31106.75,31115.75,309
SQ:US30,2022-09-14T16:20:00+02:00,31116.75,31134.75,31110.75,31112.75,310
SQ:US30,2022-09-14T16:21:00+02:00,31112.75,31114.75,31077.75,31077.75,232
SQ:US30,2022-09-14T16:22:00+02:00,31075.75,31091.75,31074.75,31087.75,365
SQ:US30,2022-09-14T16:23:00+02:00,31087.75,31089.75,31064.75,31070.75,266
SQ:US30,2022-09-14T16:24:00+02:00,31069.75,31096.75,31065.75,31079.75,241
SQ:US30,2022-09-14T16:25:00+02:00,31078.75,31093.75,31071.75,31071.75,237
SQ:US30,2022-09-14T16:26:00+02:00,31071.75,31072.75,31022.75,31024.75,261
SQ:US30,2022-09-14T16:27:00+02:00,31024.75,31039.75,31008.75,31011.75,283
SQ:US30,2022-09-14T16:28:00+02:00,31011.75,31022.75,30997.75,31010.75,235
SQ:US30,2022-09-14T16:29:00+02:00,31010.75,31017.75,30977.75,30978.75,255
SQ:US30,2022-09-14T16:30:00+02:00,30978.75,31006.75,30964.75,31000.75,311
SQ:US30,2022-09-14T16:31:00+02:00,31000.75,31054.75,30999.75,31024.75,338
SQ:US30,2022-09-14T16:32:00+02:00,31024.75,31049.75,31024.75,31047.75,219
SQ:US30,2022-09-14T16:33:00+02:00,31047.75,31079.75,31047.75,31068.75,317
SQ:US30,2022-09-14T16:34:00+02:00,31069.75,31079.75,31061.75,31066.75,222
SQ:US30,2022-09-14T16:35:00+02:00,31066.75,31098.75,31066.75,31083.75,278
SQ:US30,2022-09-14T16:36:00+02:00,31085.75,31106.75,31076.75,31094.75,279
SQ:US30,2022-09-14T16:37:00+02:00,31093.75,31099.75,31078.75,31096.75,230
SQ:US30,2022-09-14T16:38:00+02:00,31097.75,31139.75,31091.75,31139.75,330
SQ:US30,2022-09-14T16:39:00+02:00,31139.75,31156.75,31137.75,31141.75,278
SQ:US30,2022-09-14T16:40:00+02:00,31141.75,31143.75,31117.75,31137.75,240
SQ:US30,2022-09-14T16:41:00+02:00,31137.75,31150.75,31127.75,31143.75,224
SQ:US30,2022-09-14T16:42:00+02:00,31143.75,31159.75,31142.75,31156.75,242
SQ:US30,2022-09-14T16:43:00+02:00,31156.75,31190.75,31146.75,31179.75,287
SQ:US30,2022-09-14T16:44:00+02:00,31179.75,31180.75,31164.75,31171.75,278
SQ:US30,2022-09-14T16:45:00+02:00,31171.75,31186.75,31154.75,31179.75,299
SQ:US30,2022-09-14T16:46:00+02:00,31178.75,31189.75,31155.75,31180.75,315
SQ:US30,2022-09-14T16:47:00+02:00,31180.75,31184.75,31164.75,31167.75,304
SQ:US30,2022-09-14T16:48:00+02:00,31166.75,31174.75,31152.75,31157.75,344
SQ:US30,2022-09-14T16:49:00+02:00,31156.75,31161.75,31147.75,31156.75,295
SQ:US30,2022-09-14T16:50:00+02:00,31156.75,31179.75,31150.75,31173.75,375
SQ:US30,2022-09-14T16:51:00+02:00,31174.75,31185.75,31159.75,31185.75,313
SQ:US30,2022-09-14T16:52:00+02:00,31185.75,31204.75,31180.75,31193.75,347
SQ:US30,2022-09-14T16:53:00+02:00,31192.75,31233.75,31189.75,31230.75,318
SQ:US30,2022-09-14T16:54:00+02:00,31230.75,31247.75,31227.75,31236.75,283
SQ:US30,2022-09-14T16:55:00+02:00,31236.75,31239.75,31198.75,31201.75,256
SQ:US30,2022-09-14T16:56:00+02:00,31202.75,31228.75,31201.75,31220.75,232
SQ:US30,2022-09-14T16:57:00+02:00,31221.75,31227.75,31212.75,31219.75,205
SQ:US30,2022-09-14T16:58:00+02:00,31219.75,31234.75,31219.75,31225.75,208
SQ:US30,2022-09-14T16:59:00+02:00,31224.75,31237.75,31219.75,31234.75,207
SQ:US30,2022-09-14T17:00:00+02:00,31233.75,31238.75,31207.75,31216.75,248
SQ:US30,2022-09-14T17:01:00+02:00,31216.75,31220.75,31195.75,31196.75,248
SQ:US30,2022-09-14T17:02:00+02:00,31196.75,31209.75,31193.75,31200.75,204
SQ:US30,2022-09-14T17:03:00+02:00,31202.75,31206.75,31183.75,31186.75,212
SQ:US30,2022-09-14T17:04:00+02:00,31186.75,31209.75,31186.75,31209.75,205
SQ:US30,2022-09-14T17:05:00+02:00,31209.75,31214.75,31183.75,31202.75,219
SQ:US30,2022-09-14T17:06:00+02:00,31203.75,31251.75,31197.75,31237.75,322
SQ:US30,2022-09-14T17:07:00+02:00,31238.75,31250.75,31221.75,31229.75,231
SQ:US30,2022-09-14T17:08:00+02:00,31229.75,31252.75,31229.75,31247.75,196
SQ:US30,2022-09-14T17:09:00+02:00,31247.75,31256.75,31241.75,31251.75,215
SQ:US30,2022-09-14T17:10:00+02:00,31251.75,31256.75,31237.75,31252.75,210
SQ:US30,2022-09-14T17:11:00+02:00,31252.75,31253.75,31229.75,31238.75,200
SQ:US30,2022-09-14T17:12:00+02:00,31238.75,31268.75,31237.75,31263.75,198
SQ:US30,2022-09-14T17:13:00+02:00,31263.75,31277.75,31244.75,31255.75,269
SQ:US30,2022-09-14T17:14:00+02:00,31256.75,31257.75,31225.75,31227.75,257
SQ:US30,2022-09-14T17:15:00+02:00,31227.75,31240.75,31223.75,31232.75,252
SQ:US30,2022-09-14T17:16:00+02:00,31232.75,31239.75,31214.75,31222.75,249
SQ:US30,2022-09-14T17:17:00+02:00,31222.75,31230.75,31210.75,31213.75,230
SQ:US30,2022-09-14T17:18:00+02:00,31213.75,31215.75,31189.75,31197.75,302
SQ:US30,2022-09-14T17:19:00+02:00,31196.75,31205.75,31191.75,31202.75,262
SQ:US30,2022-09-14T17:20:00+02:00,31202.75,31203.75,31175.75,31177.75,293
SQ:US30,2022-09-14T17:21:00+02:00,31176.75,31197.75,31171.75,31196.75,237
SQ:US30,2022-09-14T17:22:00+02:00,31196.75,31199.75,31175.75,31177.75,245
SQ:US30,2022-09-14T17:23:00+02:00,31177.75,31207.75,31176.75,31204.75,218
SQ:US30,2022-09-14T17:24:00+02:00,31205.75,31213.75,31184.75,31186.75,226
SQ:US30,2022-09-14T17:25:00+02:00,31187.75,31194.75,31166.75,31192.75,308
SQ:US30,2022-09-14T17:26:00+02:00,31192.75,31200.75,31177.75,31193.75,263
SQ:US30,2022-09-14T17:27:00+02:00,31192.75,31195.75,31170.75,31174.75,265
SQ:US30,2022-09-14T17:28:00+02:00,31174.75,31197.75,31172.75,31195.75,230
SQ:US30,2022-09-14T17:29:00+02:00,31195.75,31195.75,31162.75,31164.75,263
SQ:US30,2022-09-14T17:30:00+02:00,31166.75,31170.75,31149.75,31160.75,304
SQ:US30,2022-09-14T17:31:00+02:00,31160.75,31191.75,31156.75,31168.75,291
SQ:US30,2022-09-14T17:32:00+02:00,31168.75,31180.75,31154.75,31171.75,283
SQ:US30,2022-09-14T17:33:00+02:00,31171.75,31195.75,31171.75,31186.75,254
SQ:US30,2022-09-14T17:34:00+02:00,31187.75,31189.75,31155.75,31166.75,293
SQ:US30,2022-09-14T17:35:00+02:00,31165.75,31178.75,31153.75,31165.75,319
SQ:US30,2022-09-14T17:36:00+02:00,31165.75,31182.75,31153.75,31182.75,295
SQ:US30,2022-09-14T17:37:00+02:00,31183.75,31194.75,31177.75,31180.75,293
SQ:US30,2022-09-14T17:38:00+02:00,31179.75,31194.75,31176.75,31176.75,245
SQ:US30,2022-09-14T17:39:00+02:00,31176.75,31202.75,31175.75,31190.75,247
SQ:US30,2022-09-14T17:40:00+02:00,31192.75,31220.75,31187.75,31211.75,258
SQ:US30,2022-09-14T17:41:00+02:00,31210.75,31230.75,31206.75,31206.75,248
SQ:US30,2022-09-14T17:42:00+02:00,31206.75,31208.75,31190.75,31198.75,236
SQ:US30,2022-09-14T17:43:00+02:00,31198.75,31215.75,31198.75,31214.75,198
SQ:US30,2022-09-14T17:44:00+02:00,31214.75,31227.75,31210.75,31224.75,234
SQ:US30,2022-09-14T17:45:00+02:00,31224.75,31235.75,31222.75,31232.75,183
SQ:US30,2022-09-14T17:46:00+02:00,31232.75,31241.75,31228.75,31235.75,189
SQ:US30,2022-09-14T17:47:00+02:00,31235.75,31237.75,31222.75,31234.75,174
SQ:US30,2022-09-14T17:48:00+02:00,31236.75,31236.75,31223.75,31225.75,197
SQ:US30,2022-09-14T17:49:00+02:00,31225.75,31228.75,31204.75,31206.75,234
SQ:US30,2022-09-14T17:50:00+02:00,31206.75,31211.75,31196.75,31197.75,219
SQ:US30,2022-09-14T17:51:00+02:00,31198.75,31199.75,31172.75,31180.75,234
SQ:US30,2022-09-14T17:52:00+02:00,31179.75,31194.75,31172.75,31193.75,187
SQ:US30,2022-09-14T17:53:00+02:00,31194.75,31205.75,31188.75,31203.75,183
SQ:US30,2022-09-14T17:54:00+02:00,31203.75,31219.75,31203.75,31219.75,184
SQ:US30,2022-09-14T17:55:00+02:00,31219.75,31226.75,31212.75,31220.75,199
SQ:US30,2022-09-14T17:56:00+02:00,31220.75,31221.75,31201.75,31209.75,172
SQ:US30,2022-09-14T17:57:00+02:00,31210.75,31211.75,31198.75,31205.75,154
SQ:US30,2022-09-14T17:58:00+02:00,31205.75,31205.75,31186.75,31194.75,189
SQ:US30,2022-09-14T17:59:00+02:00,31194.75,31197.75,31176.75,31181.75,185
SQ:US30,2022-09-14T18:00:00+02:00,31181.75,31187.75,31169.75,31183.75,198
SQ:US30,2022-09-14T18:01:00+02:00,31183.75,31192.75,31172.75,31172.75,214
SQ:US30,2022-09-14T18:02:00+02:00,31174.75,31177.75,31166.75,31175.75,186
SQ:US30,2022-09-14T18:03:00+02:00,31175.75,31181.75,31160.75,31163.75,142
SQ:US30,2022-09-14T18:04:00+02:00,31162.75,31166.75,31146.75,31155.75,219
SQ:US30,2022-09-14T18:05:00+02:00,31155.75,31160.75,31141.75,31142.75,194
SQ:US30,2022-09-14T18:06:00+02:00,31143.75,31147.75,31137.75,31146.75,214
SQ:US30,2022-09-14T18:07:00+02:00,31144.75,31149.75,31133.75,31135.75,191
SQ:US30,2022-09-14T18:08:00+02:00,31134.75,31159.75,31130.75,31154.75,226
SQ:US30,2022-09-14T18:09:00+02:00,31153.75,31157.75,31144.75,31147.75,235
SQ:US30,2022-09-14T18:10:00+02:00,31145.75,31152.75,31126.75,31129.75,198
SQ:US30,2022-09-14T18:11:00+02:00,31130.75,31148.75,31128.75,31145.75,184
SQ:US30,2022-09-14T18:12:00+02:00,31145.75,31155.75,31142.75,31155.75,164
SQ:US30,2022-09-14T18:13:00+02:00,31155.75,31172.75,31153.75,31166.75,206
SQ:US30,2022-09-14T18:14:00+02:00,31166.75,31180.75,31161.75,31176.75,151
SQ:US30,2022-09-14T18:15:00+02:00,31175.75,31180.75,31163.75,31172.75,177
SQ:US30,2022-09-14T18:16:00+02:00,31172.75,31179.75,31159.75,31162.75,159
SQ:US30,2022-09-14T18:17:00+02:00,31162.75,31175.75,31156.75,31174.75,149
SQ:US30,2022-09-14T18:18:00+02:00,31173.75,31183.75,31163.75,31169.75,165
SQ:US30,2022-09-14T18:19:00+02:00,31170.75,31173.75,31160.75,31171.75,164
SQ:US30,2022-09-14T18:20:00+02:00,31170.75,31172.75,31152.75,31161.75,175
SQ:US30,2022-09-14T18:21:00+02:00,31161.75,31163.75,31145.75,31159.75,188
SQ:US30,2022-09-14T18:22:00+02:00,31160.75,31164.75,31142.75,31146.75,193
SQ:US30,2022-09-14T18:23:00+02:00,31146.75,31161.75,31145.75,31161.75,186
SQ:US30,2022-09-14T18:24:00+02:00,31160.75,31177.75,31160.75,31171.75,203
SQ:US30,2022-09-14T18:25:00+02:00,31171.75,31184.75,31170.75,31183.75,176
SQ:US30,2022-09-14T18:26:00+02:00,31183.75,31185.75,31170.75,31171.75,175
SQ:US30,2022-09-14T18:27:00+02:00,31171.75,31171.75,31142.75,31148.75,245
SQ:US30,2022-09-14T18:28:00+02:00,31148.75,31150.75,31125.75,31135.75,243
SQ:US30,2022-09-14T18:29:00+02:00,31134.75,31140.75,31125.75,31139.75,192
SQ:US30,2022-09-14T18:30:00+02:00,31139.75,31162.75,31139.75,31155.75,203
SQ:US30,2022-09-14T18:31:00+02:00,31157.75,31161.75,31133.75,31138.75,208
SQ:US30,2022-09-14T18:32:00+02:00,31138.75,31143.75,31117.75,31120.75,219
SQ:US30,2022-09-14T18:33:00+02:00,31120.75,31128.75,31115.75,31121.75,237
SQ:US30,2022-09-14T18:34:00+02:00,31121.75,31137.75,31120.75,31131.75,187
SQ:US30,2022-09-14T18:35:00+02:00,31131.75,31142.75,31118.75,31140.75,204
SQ:US30,2022-09-14T18:36:00+02:00,31140.75,31151.75,31134.75,31149.75,160
SQ:US30,2022-09-14T18:37:00+02:00,31149.75,31164.75,31149.75,31162.75,170
SQ:US30,2022-09-14T18:38:00+02:00,31161.75,31181.75,31161.75,31177.75,183
SQ:US30,2022-09-14T18:39:00+02:00,31176.75,31185.75,31169.75,31170.75,150
SQ:US30,2022-09-14T18:40:00+02:00,31170.75,31189.75,31168.75,31189.75,151
SQ:US30,2022-09-14T18:41:00+02:00,31188.75,31193.75,31177.75,31188.75,179
SQ:US30,2022-09-14T18:42:00+02:00,31188.75,31214.75,31186.75,31209.75,191
SQ:US30,2022-09-14T18:43:00+02:00,31209.75,31216.75,31205.75,31216.75,168
SQ:US30,2022-09-14T18:44:00+02:00,31216.75,31218.75,31210.75,31213.75,149
SQ:US30,2022-09-14T18:45:00+02:00,31214.75,31217.75,31191.75,31204.75,207
SQ:US30,2022-09-14T18:46:00+02:00,31204.75,31205.75,31184.75,31189.75,183
SQ:US30,2022-09-14T18:47:00+02:00,31189.75,31189.75,31170.75,31172.75,169
SQ:US30,2022-09-14T18:48:00+02:00,31172.75,31185.75,31171.75,31184.75,152
SQ:US30,2022-09-14T18:49:00+02:00,31184.75,31201.75,31184.75,31189.75,165
SQ:US30,2022-09-14T18:50:00+02:00,31189.75,31210.75,31186.75,31204.75,184
SQ:US30,2022-09-14T18:51:00+02:00,31204.75,31218.75,31200.75,31218.75,172
SQ:US30,2022-09-14T18:52:00+02:00,31218.75,31224.75,31197.75,31203.75,201
SQ:US30,2022-09-14T18:53:00+02:00,31205.75,31213.75,31198.75,31202.75,173
SQ:US30,2022-09-14T18:54:00+02:00,31201.75,31219.75,31200.75,31218.75,159
SQ:US30,2022-09-14T18:55:00+02:00,31218.75,31220.75,31199.75,31202.75,190
SQ:US30,2022-09-14T18:56:00+02:00,31201.75,31205.75,31192.75,31199.75,174
SQ:US30,2022-09-14T18:57:00+02:00,31199.75,31199.75,31181.75,31189.75,169
SQ:US30,2022-09-14T18:58:00+02:00,31190.75,31193.75,31177.75,31192.75,148
SQ:US30,2022-09-14T18:59:00+02:00,31191.75,31200.75,31188.75,31198.75,131
SQ:US30,2022-09-14T19:00:00+02:00,31198.75,31214.75,31198.75,31210.75,206
SQ:US30,2022-09-14T19:01:00+02:00,31211.75,31220.75,31209.75,31214.75,132
SQ:US30,2022-09-14T19:02:00+02:00,31215.75,31226.75,31215.75,31221.75,153
SQ:US30,2022-09-14T19:03:00+02:00,31221.75,31223.75,31192.75,31193.75,160
SQ:US30,2022-09-14T19:04:00+02:00,31193.75,31198.75,31187.75,31190.75,185
SQ:US30,2022-09-14T19:05:00+02:00,31191.75,31196.75,31175.75,31177.75,184
SQ:US30,2022-09-14T19:06:00+02:00,31177.75,31183.75,31164.75,31164.75,165
SQ:US30,2022-09-14T19:07:00+02:00,31164.75,31181.75,31161.75,31177.75,148
SQ:US30,2022-09-14T19:08:00+02:00,31178.75,31196.75,31175.75,31193.75,128
SQ:US30,2022-09-14T19:09:00+02:00,31194.75,31198.75,31178.75,31180.75,165
SQ:US30,2022-09-14T19:10:00+02:00,31181.75,31191.75,31176.75,31191.75,166
SQ:US30,2022-09-14T19:11:00+02:00,31191.75,31193.75,31184.75,31190.75,138
SQ:US30,2022-09-14T19:12:00+02:00,31190.75,31192.75,31179.75,31188.75,143
SQ:US30,2022-09-14T19:13:00+02:00,31188.75,31200.75,31187.75,31194.75,165
SQ:US30,2022-09-14T19:14:00+02:00,31194.75,31207.75,31194.75,31201.75,134
SQ:US30,2022-09-14T19:15:00+02:00,31201.75,31204.75,31195.75,31203.75,147
SQ:US30,2022-09-14T19:16:00+02:00,31203.75,31215.75,31196.75,31215.75,140
SQ:US30,2022-09-14T19:17:00+02:00,31214.75,31222.75,31211.75,31213.75,135
SQ:US30,2022-09-14T19:18:00+02:00,31212.75,31213.75,31187.75,31193.75,199
SQ:US30,2022-09-14T19:19:00+02:00,31193.75,31194.75,31178.75,31193.75,172
SQ:US30,2022-09-14T19:20:00+02:00,31193.75,31205.75,31193.75,31202.75,124
SQ:US30,2022-09-14T19:21:00+02:00,31202.75,31204.75,31186.75,31187.75,142
SQ:US30,2022-09-14T19:22:00+02:00,31187.75,31196.75,31179.75,31195.75,145
SQ:US30,2022-09-14T19:23:00+02:00,31194.75,31201.75,31186.75,31189.75,127
SQ:US30,2022-09-14T19:24:00+02:00,31189.75,31189.75,31167.75,31174.75,151
SQ:US30,2022-09-14T19:25:00+02:00,31174.75,31177.75,31161.75,31163.75,146
SQ:US30,2022-09-14T19:26:00+02:00,31162.75,31163.75,31152.75,31155.75,179
SQ:US30,2022-09-14T19:27:00+02:00,31154.75,31169.75,31154.75,31159.75,149
SQ:US30,2022-09-14T19:28:00+02:00,31160.75,31169.75,31157.75,31167.75,157
SQ:US30,2022-09-14T19:29:00+02:00,31167.75,31174.75,31160.75,31172.75,132
SQ:US30,2022-09-14T19:30:00+02:00,31172.75,31184.75,31170.75,31183.75,138
SQ:US30,2022-09-14T19:31:00+02:00,31183.75,31188.75,31176.75,31177.75,116
SQ:US30,2022-09-14T19:32:00+02:00,31177.75,31182.75,31153.75,31164.75,214
SQ:US30,2022-09-14T19:33:00+02:00,31165.75,31168.75,31152.75,31160.75,164
SQ:US30,2022-09-14T19:34:00+02:00,31160.75,31175.75,31159.75,31165.75,154
SQ:US30,2022-09-14T19:35:00+02:00,31165.75,31173.75,31160.75,31167.75,173
SQ:US30,2022-09-14T19:36:00+02:00,31167.75,31171.75,31143.75,31143.75,167
SQ:US30,2022-09-14T19:37:00+02:00,31143.75,31148.75,31137.75,31137.75,165
SQ:US30,2022-09-14T19:38:00+02:00,31137.75,31142.75,31132.75,31138.75,141
SQ:US30,2022-09-14T19:39:00+02:00,31138.75,31139.75,31130.75,31132.75,154
SQ:US30,2022-09-14T19:40:00+02:00,31132.75,31138.75,31127.75,31131.75,144
SQ:US30,2022-09-14T19:41:00+02:00,31130.75,31130.75,31114.75,31120.75,153
SQ:US30,2022-09-14T19:42:00+02:00,31120.75,31135.75,31116.75,31125.75,145
SQ:US30,2022-09-14T19:43:00+02:00,31124.75,31136.75,31122.75,31131.75,151
SQ:US30,2022-09-14T19:44:00+02:00,31131.75,31134.75,31124.75,31129.75,133
SQ:US30,2022-09-14T19:45:00+02:00,31129.75,31130.75,31077.75,31080.75,215
SQ:US30,2022-09-14T19:46:00+02:00,31079.75,31082.75,31049.75,31054.75,276
SQ:US30,2022-09-14T19:47:00+02:00,31053.75,31054.75,31040.75,31041.75,217
SQ:US30,2022-09-14T19:48:00+02:00,31041.75,31046.75,31006.75,31010.75,298
SQ:US30,2022-09-14T19:49:00+02:00,31008.75,31032.75,31001.75,31023.75,291
SQ:US30,2022-09-14T19:50:00+02:00,31024.75,31058.75,31023.75,31055.75,251
SQ:US30,2022-09-14T19:51:00+02:00,31057.75,31073.75,31055.75,31068.75,262
SQ:US30,2022-09-14T19:52:00+02:00,31068.75,31068.75,31049.75,31059.75,229
SQ:US30,2022-09-14T19:53:00+02:00,31059.75,31073.75,31055.75,31071.75,204
SQ:US30,2022-09-14T19:54:00+02:00,31071.75,31078.75,31062.75,31076.75,215
SQ:US30,2022-09-14T19:55:00+02:00,31076.75,31076.75,31045.75,31051.75,223
SQ:US30,2022-09-14T19:56:00+02:00,31051.75,31055.75,31022.75,31033.75,273
SQ:US30,2022-09-14T19:57:00+02:00,31033.75,31039.75,31024.75,31039.75,204
SQ:US30,2022-09-14T19:58:00+02:00,31039.75,31063.75,31027.75,31057.75,242
SQ:US30,2022-09-14T19:59:00+02:00,31057.75,31063.75,31036.75,31038.75,188
SQ:US30,2022-09-14T20:00:00+02:00,31038.75,31046.75,31031.75,31042.75,260
SQ:US30,2022-09-14T20:01:00+02:00,31042.75,31053.75,31035.75,31050.75,241
SQ:US30,2022-09-14T20:02:00+02:00,31050.75,31051.75,31017.75,31017.75,218
SQ:US30,2022-09-14T20:03:00+02:00,31017.75,31022.75,31000.75,31003.75,220
SQ:US30,2022-09-14T20:04:00+02:00,31003.75,31004.75,30980.75,30988.75,271
SQ:US30,2022-09-14T20:05:00+02:00,30988.75,31040.75,30983.75,31034.75,299
SQ:US30,2022-09-14T20:06:00+02:00,31033.75,31035.75,31015.75,31016.75,186
SQ:US30,2022-09-14T20:07:00+02:00,31016.75,31026.75,31001.75,31007.75,196
SQ:US30,2022-09-14T20:08:00+02:00,31007.75,31018.75,31001.75,31003.75,183
SQ:US30,2022-09-14T20:09:00+02:00,31004.75,31019.75,30997.75,31015.75,172
SQ:US30,2022-09-14T20:10:00+02:00,31015.75,31026.75,31007.75,31009.75,220
SQ:US30,2022-09-14T20:11:00+02:00,31009.75,31013.75,30992.75,30996.75,175
SQ:US30,2022-09-14T20:12:00+02:00,30995.75,31001.75,30984.75,30984.75,178
SQ:US30,2022-09-14T20:13:00+02:00,30985.75,31000.75,30983.75,30993.75,172
SQ:US30,2022-09-14T20:14:00+02:00,30993.75,31033.75,30993.75,31024.75,181
SQ:US30,2022-09-14T20:15:00+02:00,31024.75,31037.75,31017.75,31029.75,196
SQ:US30,2022-09-14T20:16:00+02:00,31029.75,31033.75,31007.75,31007.75,180
SQ:US30,2022-09-14T20:17:00+02:00,31007.75,31032.75,31003.75,31032.75,212
SQ:US30,2022-09-14T20:18:00+02:00,31031.75,31040.75,31024.75,31037.75,189
SQ:US30,2022-09-14T20:19:00+02:00,31035.75,31043.75,31031.75,31042.75,181
SQ:US30,2022-09-14T20:20:00+02:00,31042.75,31052.75,31037.75,31051.75,185
SQ:US30,2022-09-14T20:21:00+02:00,31051.75,31051.75,31037.75,31040.75,197
SQ:US30,2022-09-14T20:22:00+02:00,31041.75,31044.75,31026.75,31030.75,167
SQ:US30,2022-09-14T20:23:00+02:00,31029.75,31044.75,31029.75,31044.75,170
SQ:US30,2022-09-14T20:24:00+02:00,31044.75,31048.75,31032.75,31039.75,144
SQ:US30,2022-09-14T20:25:00+02:00,31039.75,31039.75,31021.75,31028.75,163
SQ:US30,2022-09-14T20:26:00+02:00,31029.75,31048.75,31027.75,31046.75,174
SQ:US30,2022-09-14T20:27:00+02:00,31047.75,31047.75,31027.75,31031.75,149
SQ:US30,2022-09-14T20:28:00+02:00,31031.75,31038.75,31028.75,31036.75,141
SQ:US30,2022-09-14T20:29:00+02:00,31035.75,31046.75,31031.75,31036.75,178
SQ:US30,2022-09-14T20:30:00+02:00,31036.75,31067.75,31032.75,31067.75,213
SQ:US30,2022-09-14T20:31:00+02:00,31067.75,31073.75,31054.75,31073.75,187
SQ:US30,2022-09-14T20:32:00+02:00,31073.75,31082.75,31068.75,31081.75,179
SQ:US30,2022-09-14T20:33:00+02:00,31082.75,31082.75,31066.75,31076.75,178
SQ:US30,2022-09-14T20:34:00+02:00,31077.75,31080.75,31072.75,31074.75,161
SQ:US30,2022-09-14T20:35:00+02:00,31074.75,31082.75,31070.75,31074.75,169
SQ:US30,2022-09-14T20:36:00+02:00,31074.75,31084.75,31057.75,31079.75,159
SQ:US30,2022-09-14T20:37:00+02:00,31080.75,31080.75,31064.75,31073.75,182
SQ:US30,2022-09-14T20:38:00+02:00,31073.75,31074.75,31064.75,31070.75,153
SQ:US30,2022-09-14T20:39:00+02:00,31070.75,31085.75,31067.75,31078.75,174
SQ:US30,2022-09-14T20:40:00+02:00,31077.75,31084.75,31059.75,31080.75,199
SQ:US30,2022-09-14T20:41:00+02:00,31080.75,31089.75,31067.75,31067.75,222
SQ:US30,2022-09-14T20:42:00+02:00,31067.75,31075.75,31058.75,31074.75,229
SQ:US30,2022-09-14T20:43:00+02:00,31074.75,31076.75,31060.75,31062.75,169
SQ:US30,2022-09-14T20:44:00+02:00,31064.75,31064.75,31033.75,31041.75,219
SQ:US30,2022-09-14T20:45:00+02:00,31041.75,31044.75,31016.75,31016.75,241
SQ:US30,2022-09-14T20:46:00+02:00,31015.75,31039.75,31011.75,31029.75,228
SQ:US30,2022-09-14T20:47:00+02:00,31029.75,31034.75,31017.75,31019.75,227
SQ:US30,2022-09-14T20:48:00+02:00,31018.75,31027.75,31016.75,31023.75,187
SQ:US30,2022-09-14T20:49:00+02:00,31022.75,31057.75,31019.75,31049.75,229
SQ:US30,2022-09-14T20:50:00+02:00,31049.75,31057.75,31045.75,31055.75,202
SQ:US30,2022-09-14T20:51:00+02:00,31056.75,31067.75,31049.75,31052.75,187
SQ:US30,2022-09-14T20:52:00+02:00,31051.75,31056.75,31041.75,31041.75,190
SQ:US30,2022-09-14T20:53:00+02:00,31041.75,31041.75,31006.75,31016.75,230
SQ:US30,2022-09-14T20:54:00+02:00,31016.75,31017.75,30991.75,31002.75,199
SQ:US30,2022-09-14T20:55:00+02:00,31002.75,31027.75,31000.75,31005.75,247
SQ:US30,2022-09-14T20:56:00+02:00,31005.75,31005.75,30989.75,30998.75,236
SQ:US30,2022-09-14T20:57:00+02:00,30999.75,31002.75,30990.75,30995.75,180
SQ:US30,2022-09-14T20:58:00+02:00,30994.75,30994.75,30977.75,30991.75,214
SQ:US30,2022-09-14T20:59:00+02:00,30992.75,31008.75,30990.75,30995.75,186
SQ:US30,2022-09-14T21:00:00+02:00,30995.75,31020.75,30989.75,31015.75,232
SQ:US30,2022-09-14T21:01:00+02:00,31015.75,31024.75,30998.75,31010.75,224
SQ:US30,2022-09-14T21:02:00+02:00,31010.75,31012.75,30995.75,30997.75,224
SQ:US30,2022-09-14T21:03:00+02:00,30997.75,31003.75,30978.75,30990.75,292
SQ:US30,2022-09-14T21:04:00+02:00,30990.75,30993.75,30976.75,30991.75,239
SQ:US30,2022-09-14T21:05:00+02:00,30991.75,31006.75,30991.75,31003.75,230
SQ:US30,2022-09-14T21:06:00+02:00,31002.75,31025.75,30996.75,31019.75,209
SQ:US30,2022-09-14T21:07:00+02:00,31018.75,31034.75,31017.75,31023.75,214
SQ:US30,2022-09-14T21:08:00+02:00,31023.75,31031.75,31008.75,31013.75,194
SQ:US30,2022-09-14T21:09:00+02:00,31013.75,31039.75,31009.75,31036.75,184
SQ:US30,2022-09-14T21:10:00+02:00,31036.75,31039.75,31014.75,31017.75,200
SQ:US30,2022-09-14T21:11:00+02:00,31016.75,31022.75,31006.75,31008.75,188
SQ:US30,2022-09-14T21:12:00+02:00,31008.75,31008.75,30988.75,30992.75,204
SQ:US30,2022-09-14T21:13:00+02:00,30992.75,31010.75,30982.75,30982.75,232
SQ:US30,2022-09-14T21:14:00+02:00,30982.75,30987.75,30954.75,30957.75,228
SQ:US30,2022-09-14T21:15:00+02:00,30957.75,30958.75,30923.75,30923.75,263
SQ:US30,2022-09-14T21:16:00+02:00,30923.75,30924.75,30897.75,30901.75,264
SQ:US30,2022-09-14T21:17:00+02:00,30900.75,30902.75,30887.75,30895.75,243
SQ:US30,2022-09-14T21:18:00+02:00,30895.75,30918.75,30891.75,30907.75,248
SQ:US30,2022-09-14T21:19:00+02:00,30907.75,30929.75,30900.75,30927.75,192
SQ:US30,2022-09-14T21:20:00+02:00,30927.75,30929.75,30915.75,30916.75,182
SQ:US30,2022-09-14T21:21:00+02:00,30916.75,30950.75,30910.75,30942.75,233
SQ:US30,2022-09-14T21:22:00+02:00,30942.75,30973.75,30941.75,30955.75,239
SQ:US30,2022-09-14T21:23:00+02:00,30954.75,30959.75,30946.75,30953.75,180
SQ:US30,2022-09-14T21:24:00+02:00,30953.75,30966.75,30947.75,30948.75,178
SQ:US30,2022-09-14T21:25:00+02:00,30948.75,30948.75,30936.75,30944.75,170
SQ:US30,2022-09-14T21:26:00+02:00,30944.75,30944.75,30919.75,30924.75,181
SQ:US30,2022-09-14T21:27:00+02:00,30928.75,30928.75,30910.75,30911.75,144
SQ:US30,2022-09-14T21:28:00+02:00,30910.75,30946.75,30910.75,30941.75,224
SQ:US30,2022-09-14T21:29:00+02:00,30941.75,30957.75,30939.75,30949.75,183
SQ:US30,2022-09-14T21:30:00+02:00,30948.75,30948.75,30900.75,30906.75,252
SQ:US30,2022-09-14T21:31:00+02:00,30906.75,30906.75,30882.75,30887.75,228
SQ:US30,2022-09-14T21:32:00+02:00,30887.75,30913.75,30886.75,30886.75,244
SQ:US30,2022-09-14T21:33:00+02:00,30886.75,30911.75,30878.75,30910.75,259
SQ:US30,2022-09-14T21:34:00+02:00,30908.75,30950.75,30906.75,30946.75,281
SQ:US30,2022-09-14T21:35:00+02:00,30946.75,30957.75,30935.75,30956.75,279
SQ:US30,2022-09-14T21:36:00+02:00,30956.75,30966.75,30953.75,30959.75,267
SQ:US30,2022-09-14T21:37:00+02:00,30959.75,30968.75,30947.75,30948.75,240
SQ:US30,2022-09-14T21:38:00+02:00,30947.75,30950.75,30923.75,30937.75,249
SQ:US30,2022-09-14T21:39:00+02:00,30936.75,30963.75,30935.75,30962.75,279
SQ:US30,2022-09-14T21:40:00+02:00,30961.75,30969.75,30943.75,30966.75,290
SQ:US30,2022-09-14T21:41:00+02:00,30966.75,30983.75,30960.75,30972.75,259
SQ:US30,2022-09-14T21:42:00+02:00,30973.75,31003.75,30972.75,30997.75,237
SQ:US30,2022-09-14T21:43:00+02:00,30997.75,31011.75,30983.75,31005.75,266
SQ:US30,2022-09-14T21:44:00+02:00,31004.75,31027.75,31004.75,31010.75,277
SQ:US30,2022-09-14T21:45:00+02:00,31008.75,31012.75,30994.75,31001.75,244
SQ:US30,2022-09-14T21:46:00+02:00,31000.75,31047.75,30999.75,31046.75,243
SQ:US30,2022-09-14T21:47:00+02:00,31046.75,31046.75,31010.75,31028.75,259
SQ:US30,2022-09-14T21:48:00+02:00,31028.75,31045.75,31027.75,31036.75,223
SQ:US30,2022-09-14T21:49:00+02:00,31036.75,31040.75,31022.75,31036.75,181
SQ:US30,2022-09-14T21:50:00+02:00,31047.75,31093.75,31037.75,31086.75,396
SQ:US30,2022-09-14T21:51:00+02:00,31087.75,31093.75,31077.75,31091.75,318
SQ:US30,2022-09-14T21:52:00+02:00,31088.75,31096.75,31078.75,31087.75,292
SQ:US30,2022-09-14T21:53:00+02:00,31089.75,31098.75,31074.75,31096.75,254
SQ:US30,2022-09-14T21:54:00+02:00,31096.75,31121.75,31096.75,31117.75,241
SQ:US30,2022-09-14T21:55:00+02:00,31117.75,31120.75,31079.75,31079.75,272
SQ:US30,2022-09-14T21:56:00+02:00,31079.75,31101.75,31077.75,31092.75,235
SQ:US30,2022-09-14T21:57:00+02:00,31091.75,31101.75,31088.75,31096.75,220
SQ:US30,2022-09-14T21:58:00+02:00,31097.75,31113.75,31088.75,31110.75,239
SQ:US30,2022-09-14T21:59:00+02:00,31109.75,31155.75,31107.75,31135.75,338
SQ:US30,2022-09-14T22:00:00+02:00,31136.75,31136.75,31121.75,31133.75,162
SQ:US30,2022-09-14T22:01:00+02:00,31134.75,31144.75,31133.75,31142.75,89
SQ:US30,2022-09-14T22:02:00+02:00,31141.75,31146.75,31139.75,31145.75,62
SQ:US30,2022-09-14T22:03:00+02:00,31144.75,31147.75,31138.75,31140.75,57
SQ:US30,2022-09-14T22:04:00+02:00,31141.75,31141.75,31130.75,31140.75,50
SQ:US30,2022-09-14T22:05:00+02:00,31138.75,31146.75,31136.75,31143.75,53
SQ:US30,2022-09-14T22:06:00+02:00,31143.75,31145.75,31134.75,31134.75,37
SQ:US30,2022-09-14T22:07:00+02:00,31134.75,31134.75,31119.75,31119.75,37
SQ:US30,2022-09-14T22:08:00+02:00,31118.75,31120.75,31114.75,31115.75,36
SQ:US30,2022-09-14T22:09:00+02:00,31115.75,31121.75,31113.75,31117.75,34
SQ:US30,2022-09-14T22:10:00+02:00,31118.75,31119.75,31113.75,31117.75,53
SQ:US30,2022-09-14T22:11:00+02:00,31119.75,31119.75,31114.75,31119.75,31
SQ:US30,2022-09-14T22:12:00+02:00,31120.75,31125.75,31116.75,31120.75,43
SQ:US30,2022-09-14T22:13:00+02:00,31120.75,31128.75,31118.75,31128.75,37
SQ:US30,2022-09-14T22:14:00+02:00,31128.75,31130.75,31121.75,31123.75,51
SQ:US30,2022-09-14T22:15:00+02:00,31123.75,31130.75,31122.75,31130.75,28
SQ:US30,2022-09-14T22:16:00+02:00,31130.75,31141.75,31129.75,31139.75,30
SQ:US30,2022-09-14T22:17:00+02:00,31139.75,31142.75,31137.75,31137.75,21
SQ:US30,2022-09-14T22:18:00+02:00,31138.75,31138.75,31134.75,31135.75,8
SQ:US30,2022-09-14T22:19:00+02:00,31135.75,31139.75,31134.75,31137.75,10
SQ:US30,2022-09-14T22:20:00+02:00,31137.75,31141.75,31137.75,31141.75,8
SQ:US30,2022-09-14T22:21:00+02:00,31141.75,31154.75,31141.75,31154.75,36
SQ:US30,2022-09-14T22:22:00+02:00,31154.75,31154.75,31147.75,31147.75,14
SQ:US30,2022-09-14T22:23:00+02:00,31147.75,31165.75,31147.75,31163.75,26
SQ:US30,2022-09-14T22:24:00+02:00,31163.75,31177.75,31163.75,31167.75,46
SQ:US30,2022-09-14T22:25:00+02:00,31166.75,31168.75,31165.75,31166.75,25
SQ:US30,2022-09-14T22:26:00+02:00,31166.75,31168.75,31163.75,31168.75,14
SQ:US30,2022-09-14T22:27:00+02:00,31168.75,31168.75,31165.75,31166.75,9
SQ:US30,2022-09-14T22:28:00+02:00,31166.75,31173.75,31166.75,31171.75,16
SQ:US30,2022-09-14T22:29:00+02:00,31171.75,31174.75,31170.75,31173.75,23
SQ:US30,2022-09-14T22:30:00+02:00,31173.75,31178.75,31171.75,31178.75,19
SQ:US30,2022-09-14T22:31:00+02:00,31178.75,31179.75,31177.75,31178.75,19
SQ:US30,2022-09-14T22:32:00+02:00,31177.75,31185.75,31173.75,31185.75,21
SQ:US30,2022-09-14T22:33:00+02:00,31184.75,31184.75,31180.75,31180.75,12
SQ:US30,2022-09-14T22:34:00+02:00,31181.75,31183.75,31177.75,31177.75,12
SQ:US30,2022-09-14T22:35:00+02:00,31177.75,31177.75,31172.75,31172.75,12
SQ:US30,2022-09-14T22:36:00+02:00,31173.75,31177.75,31173.75,31176.75,18
SQ:US30,2022-09-14T22:37:00+02:00,31177.75,31178.75,31175.75,31176.75,16
SQ:US30,2022-09-14T22:38:00+02:00,31176.75,31188.75,31174.75,31188.75,18
SQ:US30,2022-09-14T22:39:00+02:00,31184.75,31190.75,31184.75,31190.75,11
SQ:US30,2022-09-14T22:40:00+02:00,31190.75,31190.75,31186.75,31188.75,12
SQ:US30,2022-09-14T22:41:00+02:00,31188.75,31189.75,31184.75,31189.75,8
SQ:US30,2022-09-14T22:42:00+02:00,31189.75,31189.75,31185.75,31185.75,4
SQ:US30,2022-09-14T22:43:00+02:00,31185.75,31186.75,31180.75,31181.75,12
SQ:US30,2022-09-14T22:44:00+02:00,31181.75,31185.75,31181.75,31184.75,12
SQ:US30,2022-09-14T22:45:00+02:00,31183.75,31187.75,31180.75,31187.75,19
SQ:US30,2022-09-14T22:46:00+02:00,31188.75,31192.75,31187.75,31192.75,20
SQ:US30,2022-09-14T22:47:00+02:00,31193.75,31196.75,31190.75,31191.75,26
SQ:US30,2022-09-14T22:48:00+02:00,31192.75,31196.75,31192.75,31194.75,19
SQ:US30,2022-09-14T22:49:00+02:00,31195.75,31201.75,31195.75,31200.75,20
SQ:US30,2022-09-14T22:50:00+02:00,31200.75,31201.75,31194.75,31195.75,10
SQ:US30,2022-09-14T22:51:00+02:00,31195.75,31203.75,31195.75,31200.75,18
