SQ:USDJPY,2021-12-13T00:00:00+01:00,113.428,113.434,113.404,113.424,58
SQ:USDJPY,2021-12-13T00:01:00+01:00,113.424,113.428,113.411,113.413,52
SQ:USDJPY,2021-12-13T00:02:00+01:00,113.412,113.413,113.396,113.406,35
SQ:USDJPY,2021-12-13T00:03:00+01:00,113.407,113.426,113.394,113.426,53
SQ:USDJPY,2021-12-13T00:04:00+01:00,113.427,113.479,113.427,113.466,53
SQ:USDJPY,2021-12-13T00:05:00+01:00,113.466,113.466,113.456,113.457,33
SQ:USDJPY,2021-12-13T00:06:00+01:00,113.457,113.458,113.455,113.457,27
SQ:USDJPY,2021-12-13T00:07:00+01:00,113.457,113.457,113.452,113.454,21
SQ:USDJPY,2021-12-13T00:08:00+01:00,113.455,113.455,113.448,113.453,38
SQ:USDJPY,2021-12-13T00:09:00+01:00,113.453,113.454,113.441,113.444,58
SQ:USDJPY,2021-12-13T00:10:00+01:00,113.444,113.444,113.422,113.433,40
SQ:USDJPY,2021-12-13T00:11:00+01:00,113.432,113.434,113.427,113.428,20
SQ:USDJPY,2021-12-13T00:12:00+01:00,113.427,113.428,113.412,113.415,37
SQ:USDJPY,2021-12-13T00:13:00+01:00,113.415,113.429,113.415,113.429,22
SQ:USDJPY,2021-12-13T00:14:00+01:00,113.430,113.430,113.426,113.428,6
SQ:USDJPY,2021-12-13T00:15:00+01:00,113.427,113.434,113.424,113.432,44
SQ:USDJPY,2021-12-13T00:16:00+01:00,113.430,113.432,113.418,113.424,38
SQ:USDJPY,2021-12-13T00:17:00+01:00,113.427,113.440,113.427,113.437,24
SQ:USDJPY,2021-12-13T00:18:00+01:00,113.438,113.448,113.437,113.446,18
SQ:USDJPY,2021-12-13T00:19:00+01:00,113.447,113.450,113.446,113.449,12
SQ:USDJPY,2021-12-13T00:20:00+01:00,113.449,113.451,113.447,113.451,12
SQ:USDJPY,2021-12-13T00:21:00+01:00,113.449,113.450,113.446,113.449,9
SQ:USDJPY,2021-12-13T00:22:00+01:00,113.449,113.463,113.449,113.461,30
SQ:USDJPY,2021-12-13T00:23:00+01:00,113.461,113.483,113.461,113.483,63
SQ:USDJPY,2021-12-13T00:24:00+01:00,113.482,113.490,113.478,113.478,35
SQ:USDJPY,2021-12-13T00:25:00+01:00,113.477,113.479,113.471,113.479,16
SQ:USDJPY,2021-12-13T00:26:00+01:00,113.480,113.480,113.478,113.479,14
SQ:USDJPY,2021-12-13T00:27:00+01:00,113.479,113.486,113.475,113.485,18
SQ:USDJPY,2021-12-13T00:28:00+01:00,113.486,113.486,113.476,113.477,11
SQ:USDJPY,2021-12-13T00:29:00+01:00,113.477,113.479,113.475,113.476,8
SQ:USDJPY,2021-12-13T00:30:00+01:00,113.476,113.479,113.461,113.466,47
SQ:USDJPY,2021-12-13T00:31:00+01:00,113.467,113.470,113.464,113.464,16
SQ:USDJPY,2021-12-13T00:32:00+01:00,113.464,113.467,113.463,113.465,19
SQ:USDJPY,2021-12-13T00:33:00+01:00,113.466,113.470,113.447,113.450,40
SQ:USDJPY,2021-12-13T00:34:00+01:00,113.451,113.458,113.451,113.456,10
SQ:USDJPY,2021-12-13T00:35:00+01:00,113.457,113.458,113.457,113.458,2
SQ:USDJPY,2021-12-13T00:36:00+01:00,113.458,113.461,113.449,113.450,11
SQ:USDJPY,2021-12-13T00:37:00+01:00,113.450,113.459,113.448,113.448,14
SQ:USDJPY,2021-12-13T00:38:00+01:00,113.449,113.458,113.449,113.456,24
SQ:USDJPY,2021-12-13T00:39:00+01:00,113.458,113.458,113.428,113.429,32
SQ:USDJPY,2021-12-13T00:40:00+01:00,113.430,113.444,113.429,113.444,26
SQ:USDJPY,2021-12-13T00:41:00+01:00,113.449,113.455,113.449,113.451,29
SQ:USDJPY,2021-12-13T00:42:00+01:00,113.449,113.468,113.449,113.467,30
SQ:USDJPY,2021-12-13T00:43:00+01:00,113.467,113.468,113.456,113.456,29
SQ:USDJPY,2021-12-13T00:44:00+01:00,113.457,113.467,113.457,113.461,23
SQ:USDJPY,2021-12-13T00:45:00+01:00,113.461,113.476,113.461,113.472,12
SQ:USDJPY,2021-12-13T00:46:00+01:00,113.472,113.472,113.460,113.460,13
SQ:USDJPY,2021-12-13T00:47:00+01:00,113.460,113.468,113.459,113.461,15
SQ:USDJPY,2021-12-13T00:48:00+01:00,113.461,113.468,113.460,113.467,15
SQ:USDJPY,2021-12-13T00:49:00+01:00,113.467,113.475,113.457,113.474,56
SQ:USDJPY,2021-12-13T00:50:00+01:00,113.474,113.486,113.474,113.480,46
SQ:USDJPY,2021-12-13T00:51:00+01:00,113.481,113.496,113.480,113.480,40
SQ:USDJPY,2021-12-13T00:52:00+01:00,113.481,113.499,113.481,113.497,27
SQ:USDJPY,2021-12-13T00:53:00+01:00,113.496,113.501,113.490,113.501,27
SQ:USDJPY,2021-12-13T00:54:00+01:00,113.501,113.509,113.499,113.505,36
SQ:USDJPY,2021-12-13T00:55:00+01:00,113.506,113.509,113.506,113.506,7
SQ:USDJPY,2021-12-13T00:56:00+01:00,113.506,113.507,113.502,113.504,25
SQ:USDJPY,2021-12-13T00:57:00+01:00,113.502,113.505,113.492,113.492,32
SQ:USDJPY,2021-12-13T00:58:00+01:00,113.495,113.495,113.495,113.495,1
SQ:USDJPY,2021-12-13T00:59:00+01:00,113.495,113.505,113.495,113.505,19
SQ:USDJPY,2021-12-13T01:00:00+01:00,113.505,113.509,113.485,113.494,70
SQ:USDJPY,2021-12-13T01:01:00+01:00,113.494,113.516,113.487,113.489,66
SQ:USDJPY,2021-12-13T01:02:00+01:00,113.488,113.499,113.479,113.498,52
SQ:USDJPY,2021-12-13T01:03:00+01:00,113.498,113.522,113.498,113.504,59
SQ:USDJPY,2021-12-13T01:04:00+01:00,113.504,113.516,113.502,113.511,27
SQ:USDJPY,2021-12-13T01:05:00+01:00,113.511,113.518,113.503,113.504,43
SQ:USDJPY,2021-12-13T01:06:00+01:00,113.505,113.518,113.505,113.513,16
SQ:USDJPY,2021-12-13T01:07:00+01:00,113.513,113.517,113.505,113.509,31
SQ:USDJPY,2021-12-13T01:08:00+01:00,113.509,113.512,113.507,113.509,16
SQ:USDJPY,2021-12-13T01:09:00+01:00,113.509,113.510,113.504,113.508,37
SQ:USDJPY,2021-12-13T01:10:00+01:00,113.509,113.509,113.492,113.506,46
SQ:USDJPY,2021-12-13T01:11:00+01:00,113.506,113.518,113.506,113.517,16
SQ:USDJPY,2021-12-13T01:12:00+01:00,113.517,113.524,113.515,113.520,26
SQ:USDJPY,2021-12-13T01:13:00+01:00,113.521,113.523,113.513,113.516,32
SQ:USDJPY,2021-12-13T01:14:00+01:00,113.515,113.521,113.515,113.517,21
SQ:USDJPY,2021-12-13T01:15:00+01:00,113.517,113.517,113.487,113.488,42
SQ:USDJPY,2021-12-13T01:16:00+01:00,113.487,113.496,113.486,113.488,28
SQ:USDJPY,2021-12-13T01:17:00+01:00,113.488,113.495,113.487,113.495,22
SQ:USDJPY,2021-12-13T01:18:00+01:00,113.495,113.495,113.485,113.493,32
SQ:USDJPY,2021-12-13T01:19:00+01:00,113.493,113.494,113.486,113.494,36
SQ:USDJPY,2021-12-13T01:20:00+01:00,113.494,113.498,113.491,113.492,18
SQ:USDJPY,2021-12-13T01:21:00+01:00,113.492,113.509,113.492,113.501,45
SQ:USDJPY,2021-12-13T01:22:00+01:00,113.501,113.505,113.497,113.504,33
SQ:USDJPY,2021-12-13T01:23:00+01:00,113.504,113.506,113.503,113.505,5
SQ:USDJPY,2021-12-13T01:24:00+01:00,113.505,113.507,113.491,113.507,26
SQ:USDJPY,2021-12-13T01:25:00+01:00,113.507,113.507,113.500,113.500,16
SQ:USDJPY,2021-12-13T01:26:00+01:00,113.501,113.510,113.501,113.508,17
SQ:USDJPY,2021-12-13T01:27:00+01:00,113.508,113.517,113.506,113.507,39
SQ:USDJPY,2021-12-13T01:28:00+01:00,113.507,113.515,113.507,113.515,25
SQ:USDJPY,2021-12-13T01:29:00+01:00,113.515,113.515,113.510,113.513,11
SQ:USDJPY,2021-12-13T01:30:00+01:00,113.513,113.513,113.507,113.507,19
SQ:USDJPY,2021-12-13T01:31:00+01:00,113.508,113.509,113.502,113.503,15
SQ:USDJPY,2021-12-13T01:32:00+01:00,113.503,113.503,113.499,113.501,10
SQ:USDJPY,2021-12-13T01:33:00+01:00,113.500,113.502,113.499,113.501,11
SQ:USDJPY,2021-12-13T01:34:00+01:00,113.500,113.500,113.497,113.500,9
SQ:USDJPY,2021-12-13T01:35:00+01:00,113.500,113.500,113.493,113.493,7
SQ:USDJPY,2021-12-13T01:36:00+01:00,113.494,113.500,113.494,113.499,16
SQ:USDJPY,2021-12-13T01:37:00+01:00,113.498,113.503,113.492,113.493,28
SQ:USDJPY,2021-12-13T01:38:00+01:00,113.494,113.499,113.492,113.498,28
SQ:USDJPY,2021-12-13T01:39:00+01:00,113.498,113.499,113.489,113.496,27
SQ:USDJPY,2021-12-13T01:40:00+01:00,113.496,113.499,113.489,113.494,54
SQ:USDJPY,2021-12-13T01:41:00+01:00,113.494,113.497,113.493,113.494,33
SQ:USDJPY,2021-12-13T01:42:00+01:00,113.493,113.498,113.493,113.495,11
SQ:USDJPY,2021-12-13T01:43:00+01:00,113.495,113.498,113.493,113.494,17
SQ:USDJPY,2021-12-13T01:44:00+01:00,113.494,113.494,113.485,113.486,11
SQ:USDJPY,2021-12-13T01:45:00+01:00,113.485,113.485,113.473,113.476,17
SQ:USDJPY,2021-12-13T01:46:00+01:00,113.476,113.488,113.475,113.487,28
SQ:USDJPY,2021-12-13T01:47:00+01:00,113.487,113.491,113.484,113.485,16
SQ:USDJPY,2021-12-13T01:48:00+01:00,113.486,113.487,113.482,113.487,13
SQ:USDJPY,2021-12-13T01:49:00+01:00,113.485,113.489,113.484,113.486,19
SQ:USDJPY,2021-12-13T01:50:00+01:00,113.485,113.491,113.485,113.490,29
SQ:USDJPY,2021-12-13T01:51:00+01:00,113.490,113.490,113.484,113.486,23
SQ:USDJPY,2021-12-13T01:52:00+01:00,113.486,113.493,113.485,113.491,15
SQ:USDJPY,2021-12-13T01:53:00+01:00,113.491,113.513,113.491,113.512,32
SQ:USDJPY,2021-12-13T01:54:00+01:00,113.512,113.535,113.512,113.532,75
SQ:USDJPY,2021-12-13T01:55:00+01:00,113.535,113.535,113.519,113.533,62
SQ:USDJPY,2021-12-13T01:56:00+01:00,113.533,113.534,113.523,113.524,17
SQ:USDJPY,2021-12-13T01:57:00+01:00,113.523,113.533,113.522,113.533,13
SQ:USDJPY,2021-12-13T01:58:00+01:00,113.533,113.535,113.526,113.531,27
SQ:USDJPY,2021-12-13T01:59:00+01:00,113.531,113.531,113.523,113.523,13
SQ:USDJPY,2021-12-13T02:00:00+01:00,113.523,113.523,113.517,113.518,17
SQ:USDJPY,2021-12-13T02:01:00+01:00,113.517,113.517,113.510,113.515,25
SQ:USDJPY,2021-12-13T02:02:00+01:00,113.515,113.524,113.513,113.518,21
SQ:USDJPY,2021-12-13T02:03:00+01:00,113.518,113.520,113.513,113.513,14
SQ:USDJPY,2021-12-13T02:04:00+01:00,113.513,113.524,113.513,113.524,9
SQ:USDJPY,2021-12-13T02:05:00+01:00,113.524,113.535,113.524,113.530,23
SQ:USDJPY,2021-12-13T02:06:00+01:00,113.530,113.537,113.524,113.537,19
SQ:USDJPY,2021-12-13T02:07:00+01:00,113.537,113.543,113.527,113.535,38
SQ:USDJPY,2021-12-13T02:08:00+01:00,113.536,113.536,113.527,113.535,19
SQ:USDJPY,2021-12-13T02:09:00+01:00,113.535,113.536,113.529,113.529,8
SQ:USDJPY,2021-12-13T02:10:00+01:00,113.528,113.529,113.524,113.525,19
SQ:USDJPY,2021-12-13T02:11:00+01:00,113.526,113.528,113.523,113.524,18
SQ:USDJPY,2021-12-13T02:12:00+01:00,113.524,113.533,113.524,113.531,11
SQ:USDJPY,2021-12-13T02:13:00+01:00,113.531,113.534,113.527,113.534,16
SQ:USDJPY,2021-12-13T02:14:00+01:00,113.534,113.546,113.532,113.540,43
SQ:USDJPY,2021-12-13T02:15:00+01:00,113.539,113.541,113.534,113.535,30
SQ:USDJPY,2021-12-13T02:16:00+01:00,113.535,113.535,113.530,113.532,13
SQ:USDJPY,2021-12-13T02:17:00+01:00,113.533,113.541,113.525,113.525,25
SQ:USDJPY,2021-12-13T02:18:00+01:00,113.525,113.534,113.525,113.526,21
SQ:USDJPY,2021-12-13T02:19:00+01:00,113.526,113.532,113.526,113.532,9
SQ:USDJPY,2021-12-13T02:20:00+01:00,113.532,113.532,113.527,113.527,7
SQ:USDJPY,2021-12-13T02:21:00+01:00,113.527,113.529,113.525,113.526,15
SQ:USDJPY,2021-12-13T02:22:00+01:00,113.526,113.532,113.525,113.532,11
SQ:USDJPY,2021-12-13T02:23:00+01:00,113.532,113.542,113.530,113.532,47
SQ:USDJPY,2021-12-13T02:24:00+01:00,113.532,113.532,113.527,113.527,28
SQ:USDJPY,2021-12-13T02:25:00+01:00,113.527,113.537,113.525,113.537,18
SQ:USDJPY,2021-12-13T02:26:00+01:00,113.537,113.539,113.535,113.536,19
SQ:USDJPY,2021-12-13T02:27:00+01:00,113.536,113.536,113.535,113.536,3
SQ:USDJPY,2021-12-13T02:28:00+01:00,113.536,113.541,113.526,113.529,45
SQ:USDJPY,2021-12-13T02:29:00+01:00,113.528,113.531,113.527,113.529,15
SQ:USDJPY,2021-12-13T02:30:00+01:00,113.529,113.532,113.528,113.529,14
SQ:USDJPY,2021-12-13T02:31:00+01:00,113.529,113.531,113.524,113.526,13
SQ:USDJPY,2021-12-13T02:32:00+01:00,113.526,113.526,113.511,113.513,31
SQ:USDJPY,2021-12-13T02:33:00+01:00,113.513,113.513,113.504,113.505,15
SQ:USDJPY,2021-12-13T02:34:00+01:00,113.505,113.505,113.489,113.498,22
SQ:USDJPY,2021-12-13T02:35:00+01:00,113.498,113.511,113.497,113.508,33
SQ:USDJPY,2021-12-13T02:36:00+01:00,113.508,113.516,113.507,113.515,25
SQ:USDJPY,2021-12-13T02:37:00+01:00,113.515,113.516,113.513,113.516,14
SQ:USDJPY,2021-12-13T02:38:00+01:00,113.516,113.524,113.514,113.524,15
SQ:USDJPY,2021-12-13T02:39:00+01:00,113.524,113.524,113.519,113.523,8
SQ:USDJPY,2021-12-13T02:40:00+01:00,113.523,113.528,113.512,113.513,19
SQ:USDJPY,2021-12-13T02:41:00+01:00,113.514,113.521,113.512,113.519,18
SQ:USDJPY,2021-12-13T02:42:00+01:00,113.519,113.520,113.512,113.512,13
SQ:USDJPY,2021-12-13T02:43:00+01:00,113.514,113.517,113.513,113.514,13
SQ:USDJPY,2021-12-13T02:44:00+01:00,113.513,113.518,113.513,113.517,15
SQ:USDJPY,2021-12-13T02:45:00+01:00,113.517,113.529,113.514,113.518,31
SQ:USDJPY,2021-12-13T02:46:00+01:00,113.518,113.521,113.511,113.519,16
SQ:USDJPY,2021-12-13T02:47:00+01:00,113.519,113.519,113.511,113.512,17
SQ:USDJPY,2021-12-13T02:48:00+01:00,113.512,113.531,113.512,113.524,35
SQ:USDJPY,2021-12-13T02:49:00+01:00,113.524,113.529,113.519,113.519,29
SQ:USDJPY,2021-12-13T02:50:00+01:00,113.519,113.520,113.510,113.512,28
SQ:USDJPY,2021-12-13T02:51:00+01:00,113.512,113.517,113.509,113.515,22
SQ:USDJPY,2021-12-13T02:52:00+01:00,113.515,113.519,113.510,113.519,33
SQ:USDJPY,2021-12-13T02:53:00+01:00,113.519,113.532,113.519,113.532,26
SQ:USDJPY,2021-12-13T02:54:00+01:00,113.532,113.532,113.523,113.524,12
SQ:USDJPY,2021-12-13T02:55:00+01:00,113.525,113.525,113.522,113.522,9
SQ:USDJPY,2021-12-13T02:56:00+01:00,113.522,113.532,113.522,113.532,19
SQ:USDJPY,2021-12-13T02:57:00+01:00,113.532,113.532,113.522,113.524,11
SQ:USDJPY,2021-12-13T02:58:00+01:00,113.524,113.535,113.524,113.532,18
SQ:USDJPY,2021-12-13T02:59:00+01:00,113.532,113.532,113.520,113.522,28
SQ:USDJPY,2021-12-13T03:00:00+01:00,113.522,113.530,113.522,113.530,13
SQ:USDJPY,2021-12-13T03:01:00+01:00,113.532,113.536,113.530,113.530,9
SQ:USDJPY,2021-12-13T03:02:00+01:00,113.530,113.530,113.527,113.529,9
SQ:USDJPY,2021-12-13T03:03:00+01:00,113.529,113.539,113.524,113.536,43
SQ:USDJPY,2021-12-13T03:04:00+01:00,113.535,113.537,113.534,113.536,6
SQ:USDJPY,2021-12-13T03:05:00+01:00,113.537,113.540,113.529,113.538,26
SQ:USDJPY,2021-12-13T03:06:00+01:00,113.538,113.541,113.538,113.540,7
SQ:USDJPY,2021-12-13T03:07:00+01:00,113.540,113.540,113.536,113.540,16
SQ:USDJPY,2021-12-13T03:08:00+01:00,113.539,113.543,113.538,113.542,22
SQ:USDJPY,2021-12-13T03:09:00+01:00,113.542,113.543,113.527,113.527,19
SQ:USDJPY,2021-12-13T03:10:00+01:00,113.527,113.535,113.524,113.535,20
SQ:USDJPY,2021-12-13T03:11:00+01:00,113.535,113.538,113.530,113.538,15
SQ:USDJPY,2021-12-13T03:12:00+01:00,113.538,113.553,113.535,113.552,29
SQ:USDJPY,2021-12-13T03:13:00+01:00,113.551,113.551,113.543,113.548,16
SQ:USDJPY,2021-12-13T03:14:00+01:00,113.549,113.554,113.548,113.550,22
SQ:USDJPY,2021-12-13T03:15:00+01:00,113.550,113.553,113.544,113.544,20
SQ:USDJPY,2021-12-13T03:16:00+01:00,113.544,113.544,113.536,113.542,24
SQ:USDJPY,2021-12-13T03:17:00+01:00,113.541,113.543,113.537,113.540,15
SQ:USDJPY,2021-12-13T03:18:00+01:00,113.540,113.540,113.536,113.537,19
SQ:USDJPY,2021-12-13T03:19:00+01:00,113.537,113.543,113.537,113.541,13
SQ:USDJPY,2021-12-13T03:20:00+01:00,113.542,113.543,113.538,113.539,8
SQ:USDJPY,2021-12-13T03:21:00+01:00,113.538,113.540,113.538,113.538,17
SQ:USDJPY,2021-12-13T03:22:00+01:00,113.538,113.552,113.536,113.551,18
SQ:USDJPY,2021-12-13T03:23:00+01:00,113.551,113.556,113.549,113.551,14
SQ:USDJPY,2021-12-13T03:24:00+01:00,113.551,113.556,113.536,113.536,17
SQ:USDJPY,2021-12-13T03:25:00+01:00,113.538,113.538,113.530,113.534,13
SQ:USDJPY,2021-12-13T03:26:00+01:00,113.534,113.542,113.534,113.538,29
SQ:USDJPY,2021-12-13T03:27:00+01:00,113.538,113.540,113.538,113.540,6
SQ:USDJPY,2021-12-13T03:28:00+01:00,113.540,113.540,113.519,113.519,24
SQ:USDJPY,2021-12-13T03:29:00+01:00,113.519,113.522,113.514,113.515,27
SQ:USDJPY,2021-12-13T03:30:00+01:00,113.515,113.520,113.509,113.513,29
SQ:USDJPY,2021-12-13T03:31:00+01:00,113.513,113.514,113.504,113.504,20
SQ:USDJPY,2021-12-13T03:32:00+01:00,113.504,113.512,113.503,113.509,13
SQ:USDJPY,2021-12-13T03:33:00+01:00,113.508,113.518,113.508,113.516,30
SQ:USDJPY,2021-12-13T03:34:00+01:00,113.517,113.518,113.513,113.518,8
SQ:USDJPY,2021-12-13T03:35:00+01:00,113.518,113.521,113.512,113.517,20
SQ:USDJPY,2021-12-13T03:36:00+01:00,113.517,113.522,113.514,113.518,15
SQ:USDJPY,2021-12-13T03:37:00+01:00,113.518,113.522,113.516,113.520,27
SQ:USDJPY,2021-12-13T03:38:00+01:00,113.521,113.521,113.515,113.515,12
SQ:USDJPY,2021-12-13T03:39:00+01:00,113.515,113.516,113.509,113.509,20
SQ:USDJPY,2021-12-13T03:40:00+01:00,113.509,113.516,113.509,113.515,17
SQ:USDJPY,2021-12-13T03:41:00+01:00,113.515,113.515,113.505,113.506,24
SQ:USDJPY,2021-12-13T03:42:00+01:00,113.506,113.510,113.506,113.510,11
SQ:USDJPY,2021-12-13T03:43:00+01:00,113.511,113.516,113.509,113.513,29
SQ:USDJPY,2021-12-13T03:44:00+01:00,113.515,113.523,113.513,113.522,12
SQ:USDJPY,2021-12-13T03:45:00+01:00,113.522,113.529,113.522,113.529,24
SQ:USDJPY,2021-12-13T03:46:00+01:00,113.529,113.532,113.529,113.530,6
SQ:USDJPY,2021-12-13T03:47:00+01:00,113.530,113.530,113.530,113.530,1
SQ:USDJPY,2021-12-13T03:48:00+01:00,113.530,113.530,113.529,113.529,4
SQ:USDJPY,2021-12-13T03:49:00+01:00,113.530,113.542,113.530,113.541,22
SQ:USDJPY,2021-12-13T03:50:00+01:00,113.542,113.542,113.538,113.538,13
SQ:USDJPY,2021-12-13T03:51:00+01:00,113.537,113.537,113.528,113.529,16
SQ:USDJPY,2021-12-13T03:52:00+01:00,113.528,113.531,113.528,113.529,16
SQ:USDJPY,2021-12-13T03:53:00+01:00,113.530,113.536,113.530,113.536,5
SQ:USDJPY,2021-12-13T03:54:00+01:00,113.536,113.537,113.536,113.537,2
SQ:USDJPY,2021-12-13T03:55:00+01:00,113.537,113.543,113.531,113.534,28
SQ:USDJPY,2021-12-13T03:56:00+01:00,113.534,113.542,113.533,113.537,19
SQ:USDJPY,2021-12-13T03:57:00+01:00,113.537,113.542,113.530,113.536,26
SQ:USDJPY,2021-12-13T03:58:00+01:00,113.536,113.536,113.531,113.531,20
SQ:USDJPY,2021-12-13T03:59:00+01:00,113.531,113.541,113.529,113.541,22
SQ:USDJPY,2021-12-13T04:00:00+01:00,113.541,113.547,113.541,113.546,18
SQ:USDJPY,2021-12-13T04:01:00+01:00,113.546,113.547,113.545,113.545,5
SQ:USDJPY,2021-12-13T04:02:00+01:00,113.545,113.547,113.535,113.535,13
SQ:USDJPY,2021-12-13T04:03:00+01:00,113.535,113.537,113.534,113.536,9
SQ:USDJPY,2021-12-13T04:04:00+01:00,113.536,113.541,113.535,113.540,13
SQ:USDJPY,2021-12-13T04:05:00+01:00,113.540,113.544,113.540,113.543,6
SQ:USDJPY,2021-12-13T04:06:00+01:00,113.543,113.543,113.534,113.540,18
SQ:USDJPY,2021-12-13T04:07:00+01:00,113.539,113.540,113.532,113.535,14
SQ:USDJPY,2021-12-13T04:08:00+01:00,113.535,113.541,113.535,113.539,19
SQ:USDJPY,2021-12-13T04:09:00+01:00,113.539,113.540,113.534,113.536,10
SQ:USDJPY,2021-12-13T04:10:00+01:00,113.537,113.537,113.522,113.523,32
SQ:USDJPY,2021-12-13T04:11:00+01:00,113.523,113.523,113.521,113.523,8
SQ:USDJPY,2021-12-13T04:12:00+01:00,113.523,113.528,113.522,113.525,22
SQ:USDJPY,2021-12-13T04:13:00+01:00,113.526,113.538,113.526,113.534,16
SQ:USDJPY,2021-12-13T04:14:00+01:00,113.534,113.540,113.532,113.536,11
SQ:USDJPY,2021-12-13T04:15:00+01:00,113.536,113.542,113.536,113.542,15
SQ:USDJPY,2021-12-13T04:16:00+01:00,113.543,113.543,113.530,113.533,22
SQ:USDJPY,2021-12-13T04:17:00+01:00,113.533,113.534,113.530,113.534,13
SQ:USDJPY,2021-12-13T04:18:00+01:00,113.534,113.538,113.529,113.538,29
SQ:USDJPY,2021-12-13T04:19:00+01:00,113.538,113.543,113.536,113.542,18
SQ:USDJPY,2021-12-13T04:20:00+01:00,113.542,113.547,113.528,113.529,35
SQ:USDJPY,2021-12-13T04:21:00+01:00,113.529,113.532,113.528,113.528,14
SQ:USDJPY,2021-12-13T04:22:00+01:00,113.529,113.533,113.526,113.531,10
SQ:USDJPY,2021-12-13T04:23:00+01:00,113.531,113.541,113.529,113.536,21
SQ:USDJPY,2021-12-13T04:24:00+01:00,113.536,113.547,113.536,113.545,20
SQ:USDJPY,2021-12-13T04:25:00+01:00,113.545,113.545,113.537,113.538,8
SQ:USDJPY,2021-12-13T04:26:00+01:00,113.538,113.539,113.533,113.533,16
SQ:USDJPY,2021-12-13T04:27:00+01:00,113.533,113.533,113.521,113.524,19
SQ:USDJPY,2021-12-13T04:28:00+01:00,113.524,113.531,113.523,113.529,17
SQ:USDJPY,2021-12-13T04:29:00+01:00,113.529,113.531,113.522,113.530,17
SQ:USDJPY,2021-12-13T04:30:00+01:00,113.530,113.535,113.523,113.523,21
SQ:USDJPY,2021-12-13T04:31:00+01:00,113.523,113.531,113.523,113.531,29
SQ:USDJPY,2021-12-13T04:32:00+01:00,113.530,113.538,113.530,113.538,11
SQ:USDJPY,2021-12-13T04:33:00+01:00,113.538,113.541,113.534,113.539,17
SQ:USDJPY,2021-12-13T04:34:00+01:00,113.539,113.539,113.527,113.530,11
SQ:USDJPY,2021-12-13T04:35:00+01:00,113.531,113.535,113.530,113.535,8
SQ:USDJPY,2021-12-13T04:36:00+01:00,113.535,113.539,113.535,113.538,15
SQ:USDJPY,2021-12-13T04:37:00+01:00,113.538,113.542,113.529,113.535,21
SQ:USDJPY,2021-12-13T04:38:00+01:00,113.536,113.554,113.536,113.551,30
SQ:USDJPY,2021-12-13T04:39:00+01:00,113.549,113.550,113.543,113.543,20
SQ:USDJPY,2021-12-13T04:40:00+01:00,113.543,113.551,113.543,113.549,18
SQ:USDJPY,2021-12-13T04:41:00+01:00,113.549,113.550,113.545,113.545,13
SQ:USDJPY,2021-12-13T04:42:00+01:00,113.545,113.545,113.542,113.542,4
SQ:USDJPY,2021-12-13T04:43:00+01:00,113.542,113.543,113.540,113.542,5
SQ:USDJPY,2021-12-13T04:44:00+01:00,113.543,113.548,113.542,113.542,14
SQ:USDJPY,2021-12-13T04:45:00+01:00,113.543,113.563,113.542,113.556,35
SQ:USDJPY,2021-12-13T04:46:00+01:00,113.556,113.557,113.554,113.556,15
SQ:USDJPY,2021-12-13T04:47:00+01:00,113.556,113.556,113.556,113.556,1
SQ:USDJPY,2021-12-13T04:48:00+01:00,113.556,113.556,113.553,113.554,11
SQ:USDJPY,2021-12-13T04:49:00+01:00,113.555,113.560,113.551,113.551,21
SQ:USDJPY,2021-12-13T04:50:00+01:00,113.549,113.551,113.548,113.551,7
SQ:USDJPY,2021-12-13T04:51:00+01:00,113.551,113.555,113.550,113.555,8
SQ:USDJPY,2021-12-13T04:52:00+01:00,113.555,113.556,113.547,113.555,12
SQ:USDJPY,2021-12-13T04:53:00+01:00,113.555,113.557,113.554,113.554,7
SQ:USDJPY,2021-12-13T04:54:00+01:00,113.554,113.558,113.545,113.545,10
SQ:USDJPY,2021-12-13T04:55:00+01:00,113.545,113.548,113.545,113.547,7
SQ:USDJPY,2021-12-13T04:56:00+01:00,113.545,113.545,113.537,113.542,27
SQ:USDJPY,2021-12-13T04:57:00+01:00,113.542,113.550,113.541,113.549,24
SQ:USDJPY,2021-12-13T04:58:00+01:00,113.550,113.551,113.547,113.547,11
SQ:USDJPY,2021-12-13T04:59:00+01:00,113.547,113.549,113.539,113.544,20
SQ:USDJPY,2021-12-13T05:00:00+01:00,113.544,113.549,113.544,113.545,18
SQ:USDJPY,2021-12-13T05:01:00+01:00,113.545,113.557,113.545,113.554,34
SQ:USDJPY,2021-12-13T05:02:00+01:00,113.554,113.557,113.554,113.555,21
SQ:USDJPY,2021-12-13T05:03:00+01:00,113.556,113.563,113.556,113.558,26
SQ:USDJPY,2021-12-13T05:04:00+01:00,113.557,113.557,113.549,113.550,17
SQ:USDJPY,2021-12-13T05:05:00+01:00,113.551,113.557,113.550,113.555,13
SQ:USDJPY,2021-12-13T05:06:00+01:00,113.556,113.557,113.551,113.551,8
SQ:USDJPY,2021-12-13T05:07:00+01:00,113.551,113.551,113.549,113.549,3
SQ:USDJPY,2021-12-13T05:08:00+01:00,113.550,113.551,113.549,113.549,6
SQ:USDJPY,2021-12-13T05:09:00+01:00,113.549,113.553,113.549,113.549,9
SQ:USDJPY,2021-12-13T05:10:00+01:00,113.548,113.553,113.548,113.551,17
SQ:USDJPY,2021-12-13T05:11:00+01:00,113.551,113.563,113.551,113.561,31
SQ:USDJPY,2021-12-13T05:12:00+01:00,113.561,113.561,113.554,113.555,19
SQ:USDJPY,2021-12-13T05:13:00+01:00,113.556,113.556,113.553,113.554,5
SQ:USDJPY,2021-12-13T05:14:00+01:00,113.554,113.557,113.554,113.556,5
SQ:USDJPY,2021-12-13T05:15:00+01:00,113.554,113.554,113.537,113.547,27
SQ:USDJPY,2021-12-13T05:16:00+01:00,113.547,113.547,113.540,113.540,5
SQ:USDJPY,2021-12-13T05:17:00+01:00,113.541,113.545,113.540,113.540,17
SQ:USDJPY,2021-12-13T05:18:00+01:00,113.540,113.549,113.540,113.547,35
SQ:USDJPY,2021-12-13T05:19:00+01:00,113.547,113.549,113.543,113.543,21
SQ:USDJPY,2021-12-13T05:20:00+01:00,113.543,113.555,113.542,113.554,17
SQ:USDJPY,2021-12-13T05:21:00+01:00,113.554,113.556,113.554,113.554,6
SQ:USDJPY,2021-12-13T05:22:00+01:00,113.554,113.561,113.554,113.556,15
SQ:USDJPY,2021-12-13T05:23:00+01:00,113.556,113.556,113.554,113.555,3
SQ:USDJPY,2021-12-13T05:24:00+01:00,113.554,113.554,113.537,113.538,30
SQ:USDJPY,2021-12-13T05:25:00+01:00,113.539,113.552,113.537,113.549,35
SQ:USDJPY,2021-12-13T05:26:00+01:00,113.549,113.549,113.544,113.545,11
SQ:USDJPY,2021-12-13T05:27:00+01:00,113.545,113.545,113.539,113.540,14
SQ:USDJPY,2021-12-13T05:28:00+01:00,113.540,113.550,113.540,113.549,11
SQ:USDJPY,2021-12-13T05:29:00+01:00,113.549,113.551,113.549,113.550,3
SQ:USDJPY,2021-12-13T05:30:00+01:00,113.550,113.553,113.549,113.550,15
SQ:USDJPY,2021-12-13T05:31:00+01:00,113.550,113.550,113.549,113.549,2
SQ:USDJPY,2021-12-13T05:32:00+01:00,113.549,113.551,113.545,113.545,10
SQ:USDJPY,2021-12-13T05:33:00+01:00,113.546,113.548,113.541,113.542,12
SQ:USDJPY,2021-12-13T05:34:00+01:00,113.542,113.547,113.542,113.542,9
SQ:USDJPY,2021-12-13T05:35:00+01:00,113.544,113.551,113.544,113.551,7
SQ:USDJPY,2021-12-13T05:36:00+01:00,113.549,113.550,113.545,113.547,9
SQ:USDJPY,2021-12-13T05:37:00+01:00,113.547,113.547,113.539,113.542,23
SQ:USDJPY,2021-12-13T05:38:00+01:00,113.542,113.547,113.536,113.542,11
SQ:USDJPY,2021-12-13T05:39:00+01:00,113.542,113.543,113.535,113.537,15
SQ:USDJPY,2021-12-13T05:40:00+01:00,113.537,113.541,113.535,113.541,17
SQ:USDJPY,2021-12-13T05:41:00+01:00,113.541,113.541,113.541,113.541,1
SQ:USDJPY,2021-12-13T05:42:00+01:00,113.541,113.542,113.531,113.534,19
SQ:USDJPY,2021-12-13T05:43:00+01:00,113.534,113.534,113.520,113.530,55
SQ:USDJPY,2021-12-13T05:44:00+01:00,113.530,113.532,113.523,113.524,37
SQ:USDJPY,2021-12-13T05:45:00+01:00,113.525,113.528,113.524,113.526,33
SQ:USDJPY,2021-12-13T05:46:00+01:00,113.527,113.528,113.523,113.525,22
SQ:USDJPY,2021-12-13T05:47:00+01:00,113.525,113.529,113.525,113.526,47
SQ:USDJPY,2021-12-13T05:48:00+01:00,113.526,113.532,113.524,113.524,25
SQ:USDJPY,2021-12-13T05:49:00+01:00,113.524,113.531,113.524,113.526,16
SQ:USDJPY,2021-12-13T05:50:00+01:00,113.526,113.526,113.515,113.517,35
SQ:USDJPY,2021-12-13T05:51:00+01:00,113.517,113.522,113.516,113.520,24
SQ:USDJPY,2021-12-13T05:52:00+01:00,113.520,113.523,113.519,113.523,16
SQ:USDJPY,2021-12-13T05:53:00+01:00,113.522,113.523,113.506,113.506,31
SQ:USDJPY,2021-12-13T05:54:00+01:00,113.506,113.508,113.493,113.493,39
SQ:USDJPY,2021-12-13T05:55:00+01:00,113.493,113.496,113.482,113.484,27
SQ:USDJPY,2021-12-13T05:56:00+01:00,113.484,113.490,113.482,113.486,34
SQ:USDJPY,2021-12-13T05:57:00+01:00,113.486,113.491,113.485,113.490,13
SQ:USDJPY,2021-12-13T05:58:00+01:00,113.489,113.495,113.489,113.495,7
SQ:USDJPY,2021-12-13T05:59:00+01:00,113.495,113.504,113.495,113.499,11
SQ:USDJPY,2021-12-13T06:00:00+01:00,113.499,113.504,113.496,113.499,19
SQ:USDJPY,2021-12-13T06:01:00+01:00,113.500,113.501,113.499,113.501,3
SQ:USDJPY,2021-12-13T06:02:00+01:00,113.500,113.500,113.497,113.499,10
SQ:USDJPY,2021-12-13T06:03:00+01:00,113.500,113.517,113.500,113.516,29
SQ:USDJPY,2021-12-13T06:04:00+01:00,113.516,113.516,113.505,113.507,25
SQ:USDJPY,2021-12-13T06:05:00+01:00,113.510,113.511,113.509,113.509,3
SQ:USDJPY,2021-12-13T06:06:00+01:00,113.510,113.513,113.510,113.513,6
SQ:USDJPY,2021-12-13T06:07:00+01:00,113.513,113.516,113.513,113.514,14
SQ:USDJPY,2021-12-13T06:08:00+01:00,113.514,113.520,113.513,113.519,6
SQ:USDJPY,2021-12-13T06:09:00+01:00,113.519,113.519,113.511,113.511,15
SQ:USDJPY,2021-12-13T06:10:00+01:00,113.512,113.512,113.503,113.507,19
SQ:USDJPY,2021-12-13T06:11:00+01:00,113.507,113.507,113.498,113.501,15
SQ:USDJPY,2021-12-13T06:12:00+01:00,113.501,113.501,113.498,113.501,7
SQ:USDJPY,2021-12-13T06:13:00+01:00,113.501,113.503,113.493,113.494,29
SQ:USDJPY,2021-12-13T06:14:00+01:00,113.494,113.498,113.494,113.498,13
SQ:USDJPY,2021-12-13T06:15:00+01:00,113.498,113.498,113.497,113.497,2
SQ:USDJPY,2021-12-13T06:16:00+01:00,113.497,113.498,113.491,113.494,17
SQ:USDJPY,2021-12-13T06:17:00+01:00,113.494,113.498,113.492,113.497,11
SQ:USDJPY,2021-12-13T06:18:00+01:00,113.497,113.498,113.494,113.494,8
SQ:USDJPY,2021-12-13T06:19:00+01:00,113.495,113.497,113.494,113.497,8
SQ:USDJPY,2021-12-13T06:20:00+01:00,113.497,113.497,113.495,113.497,5
SQ:USDJPY,2021-12-13T06:21:00+01:00,113.497,113.501,113.496,113.499,12
SQ:USDJPY,2021-12-13T06:22:00+01:00,113.498,113.499,113.497,113.499,3
SQ:USDJPY,2021-12-13T06:23:00+01:00,113.499,113.499,113.493,113.493,12
SQ:USDJPY,2021-12-13T06:24:00+01:00,113.493,113.497,113.488,113.491,21
SQ:USDJPY,2021-12-13T06:25:00+01:00,113.491,113.493,113.489,113.489,20
SQ:USDJPY,2021-12-13T06:26:00+01:00,113.489,113.490,113.489,113.490,2
SQ:USDJPY,2021-12-13T06:27:00+01:00,113.490,113.490,113.464,113.466,36
SQ:USDJPY,2021-12-13T06:28:00+01:00,113.465,113.469,113.454,113.466,24
SQ:USDJPY,2021-12-13T06:29:00+01:00,113.466,113.468,113.458,113.460,28
SQ:USDJPY,2021-12-13T06:30:00+01:00,113.460,113.472,113.460,113.471,25
SQ:USDJPY,2021-12-13T06:31:00+01:00,113.470,113.474,113.468,113.468,17
SQ:USDJPY,2021-12-13T06:32:00+01:00,113.469,113.469,113.464,113.464,19
SQ:USDJPY,2021-12-13T06:33:00+01:00,113.464,113.465,113.458,113.458,12
SQ:USDJPY,2021-12-13T06:34:00+01:00,113.458,113.458,113.454,113.458,21
SQ:USDJPY,2021-12-13T06:35:00+01:00,113.458,113.470,113.458,113.469,11
SQ:USDJPY,2021-12-13T06:36:00+01:00,113.468,113.468,113.463,113.466,18
SQ:USDJPY,2021-12-13T06:37:00+01:00,113.466,113.472,113.466,113.469,13
SQ:USDJPY,2021-12-13T06:38:00+01:00,113.470,113.478,113.470,113.474,35
SQ:USDJPY,2021-12-13T06:39:00+01:00,113.473,113.474,113.472,113.472,47
SQ:USDJPY,2021-12-13T06:40:00+01:00,113.473,113.473,113.466,113.466,12
SQ:USDJPY,2021-12-13T06:41:00+01:00,113.466,113.466,113.457,113.459,16
SQ:USDJPY,2021-12-13T06:42:00+01:00,113.459,113.459,113.452,113.453,6
SQ:USDJPY,2021-12-13T06:43:00+01:00,113.453,113.453,113.445,113.451,9
SQ:USDJPY,2021-12-13T06:44:00+01:00,113.450,113.451,113.435,113.439,25
SQ:USDJPY,2021-12-13T06:45:00+01:00,113.441,113.449,113.441,113.446,14
SQ:USDJPY,2021-12-13T06:46:00+01:00,113.446,113.458,113.446,113.452,40
SQ:USDJPY,2021-12-13T06:47:00+01:00,113.452,113.458,113.452,113.455,12
SQ:USDJPY,2021-12-13T06:48:00+01:00,113.456,113.456,113.453,113.454,5
SQ:USDJPY,2021-12-13T06:49:00+01:00,113.454,113.458,113.454,113.456,6
SQ:USDJPY,2021-12-13T06:50:00+01:00,113.457,113.464,113.449,113.461,29
SQ:USDJPY,2021-12-13T06:51:00+01:00,113.460,113.469,113.459,113.469,13
SQ:USDJPY,2021-12-13T06:52:00+01:00,113.469,113.472,113.467,113.470,14
SQ:USDJPY,2021-12-13T06:53:00+01:00,113.471,113.471,113.467,113.468,6
SQ:USDJPY,2021-12-13T06:54:00+01:00,113.467,113.471,113.467,113.470,22
SQ:USDJPY,2021-12-13T06:55:00+01:00,113.469,113.473,113.466,113.471,20
SQ:USDJPY,2021-12-13T06:56:00+01:00,113.472,113.483,113.472,113.483,26
SQ:USDJPY,2021-12-13T06:57:00+01:00,113.483,113.488,113.483,113.488,13
SQ:USDJPY,2021-12-13T06:58:00+01:00,113.489,113.494,113.478,113.484,23
SQ:USDJPY,2021-12-13T06:59:00+01:00,113.484,113.492,113.483,113.492,14
SQ:USDJPY,2021-12-13T07:00:00+01:00,113.492,113.496,113.484,113.492,30
SQ:USDJPY,2021-12-13T07:01:00+01:00,113.492,113.508,113.492,113.507,21
SQ:USDJPY,2021-12-13T07:02:00+01:00,113.507,113.508,113.497,113.498,14
SQ:USDJPY,2021-12-13T07:03:00+01:00,113.498,113.503,113.498,113.499,19
SQ:USDJPY,2021-12-13T07:04:00+01:00,113.500,113.507,113.493,113.495,14
SQ:USDJPY,2021-12-13T07:05:00+01:00,113.494,113.498,113.487,113.487,18
SQ:USDJPY,2021-12-13T07:06:00+01:00,113.487,113.493,113.487,113.488,13
SQ:USDJPY,2021-12-13T07:07:00+01:00,113.488,113.500,113.488,113.492,28
SQ:USDJPY,2021-12-13T07:08:00+01:00,113.491,113.493,113.489,113.491,11
SQ:USDJPY,2021-12-13T07:09:00+01:00,113.491,113.493,113.489,113.493,12
SQ:USDJPY,2021-12-13T07:10:00+01:00,113.493,113.504,113.493,113.499,20
SQ:USDJPY,2021-12-13T07:11:00+01:00,113.498,113.503,113.498,113.500,19
SQ:USDJPY,2021-12-13T07:12:00+01:00,113.500,113.505,113.499,113.505,18
SQ:USDJPY,2021-12-13T07:13:00+01:00,113.508,113.513,113.503,113.504,13
SQ:USDJPY,2021-12-13T07:14:00+01:00,113.505,113.506,113.495,113.500,13
SQ:USDJPY,2021-12-13T07:15:00+01:00,113.500,113.503,113.498,113.500,11
SQ:USDJPY,2021-12-13T07:16:00+01:00,113.500,113.500,113.494,113.499,12
SQ:USDJPY,2021-12-13T07:17:00+01:00,113.499,113.500,113.498,113.498,3
SQ:USDJPY,2021-12-13T07:18:00+01:00,113.498,113.499,113.491,113.491,17
SQ:USDJPY,2021-12-13T07:19:00+01:00,113.491,113.494,113.490,113.492,32
SQ:USDJPY,2021-12-13T07:20:00+01:00,113.492,113.493,113.491,113.493,21
SQ:USDJPY,2021-12-13T07:21:00+01:00,113.493,113.493,113.486,113.486,11
SQ:USDJPY,2021-12-13T07:22:00+01:00,113.488,113.498,113.486,113.495,19
SQ:USDJPY,2021-12-13T07:23:00+01:00,113.495,113.495,113.493,113.494,4
SQ:USDJPY,2021-12-13T07:24:00+01:00,113.494,113.500,113.493,113.494,16
SQ:USDJPY,2021-12-13T07:25:00+01:00,113.495,113.509,113.494,113.505,23
SQ:USDJPY,2021-12-13T07:26:00+01:00,113.504,113.505,113.501,113.505,14
SQ:USDJPY,2021-12-13T07:27:00+01:00,113.505,113.520,113.500,113.519,41
SQ:USDJPY,2021-12-13T07:28:00+01:00,113.519,113.520,113.517,113.519,9
SQ:USDJPY,2021-12-13T07:29:00+01:00,113.519,113.533,113.517,113.533,38
SQ:USDJPY,2021-12-13T07:30:00+01:00,113.532,113.543,113.531,113.542,45
SQ:USDJPY,2021-12-13T07:31:00+01:00,113.541,113.548,113.540,113.540,20
SQ:USDJPY,2021-12-13T07:32:00+01:00,113.540,113.544,113.533,113.533,24
SQ:USDJPY,2021-12-13T07:33:00+01:00,113.531,113.532,113.528,113.529,26
SQ:USDJPY,2021-12-13T07:34:00+01:00,113.530,113.538,113.530,113.530,25
SQ:USDJPY,2021-12-13T07:35:00+01:00,113.530,113.543,113.529,113.534,39
SQ:USDJPY,2021-12-13T07:36:00+01:00,113.533,113.538,113.532,113.537,21
SQ:USDJPY,2021-12-13T07:37:00+01:00,113.537,113.541,113.532,113.533,52
SQ:USDJPY,2021-12-13T07:38:00+01:00,113.533,113.541,113.532,113.538,35
SQ:USDJPY,2021-12-13T07:39:00+01:00,113.538,113.542,113.535,113.538,32
SQ:USDJPY,2021-12-13T07:40:00+01:00,113.538,113.547,113.532,113.532,42
SQ:USDJPY,2021-12-13T07:41:00+01:00,113.532,113.532,113.523,113.524,27
SQ:USDJPY,2021-12-13T07:42:00+01:00,113.525,113.527,113.523,113.523,15
SQ:USDJPY,2021-12-13T07:43:00+01:00,113.523,113.532,113.523,113.531,18
SQ:USDJPY,2021-12-13T07:44:00+01:00,113.531,113.536,113.529,113.533,17
SQ:USDJPY,2021-12-13T07:45:00+01:00,113.533,113.538,113.531,113.537,10
SQ:USDJPY,2021-12-13T07:46:00+01:00,113.537,113.540,113.535,113.538,22
SQ:USDJPY,2021-12-13T07:47:00+01:00,113.539,113.540,113.536,113.539,11
SQ:USDJPY,2021-12-13T07:48:00+01:00,113.539,113.549,113.539,113.547,16
SQ:USDJPY,2021-12-13T07:49:00+01:00,113.547,113.547,113.536,113.542,34
SQ:USDJPY,2021-12-13T07:50:00+01:00,113.541,113.545,113.537,113.539,27
SQ:USDJPY,2021-12-13T07:51:00+01:00,113.539,113.546,113.538,113.545,17
SQ:USDJPY,2021-12-13T07:52:00+01:00,113.543,113.546,113.536,113.545,24
SQ:USDJPY,2021-12-13T07:53:00+01:00,113.545,113.545,113.544,113.544,6
SQ:USDJPY,2021-12-13T07:54:00+01:00,113.544,113.547,113.537,113.541,13
SQ:USDJPY,2021-12-13T07:55:00+01:00,113.542,113.544,113.540,113.544,10
SQ:USDJPY,2021-12-13T07:56:00+01:00,113.544,113.552,113.541,113.541,15
SQ:USDJPY,2021-12-13T07:57:00+01:00,113.542,113.545,113.532,113.534,21
SQ:USDJPY,2021-12-13T07:58:00+01:00,113.534,113.542,113.533,113.542,19
SQ:USDJPY,2021-12-13T07:59:00+01:00,113.541,113.544,113.541,113.544,14
SQ:USDJPY,2021-12-13T08:00:00+01:00,113.544,113.580,113.544,113.568,61
SQ:USDJPY,2021-12-13T08:01:00+01:00,113.568,113.568,113.545,113.550,18
SQ:USDJPY,2021-12-13T08:02:00+01:00,113.550,113.558,113.548,113.557,33
SQ:USDJPY,2021-12-13T08:03:00+01:00,113.558,113.563,113.556,113.559,24
SQ:USDJPY,2021-12-13T08:04:00+01:00,113.559,113.568,113.557,113.563,30
SQ:USDJPY,2021-12-13T08:05:00+01:00,113.564,113.569,113.547,113.554,50
SQ:USDJPY,2021-12-13T08:06:00+01:00,113.554,113.563,113.554,113.557,18
SQ:USDJPY,2021-12-13T08:07:00+01:00,113.557,113.563,113.556,113.562,19
SQ:USDJPY,2021-12-13T08:08:00+01:00,113.559,113.561,113.535,113.536,35
SQ:USDJPY,2021-12-13T08:09:00+01:00,113.536,113.543,113.536,113.537,30
SQ:USDJPY,2021-12-13T08:10:00+01:00,113.537,113.537,113.528,113.533,26
SQ:USDJPY,2021-12-13T08:11:00+01:00,113.536,113.538,113.530,113.530,20
SQ:USDJPY,2021-12-13T08:12:00+01:00,113.530,113.543,113.530,113.543,25
SQ:USDJPY,2021-12-13T08:13:00+01:00,113.543,113.543,113.527,113.527,23
SQ:USDJPY,2021-12-13T08:14:00+01:00,113.527,113.527,113.510,113.523,36
SQ:USDJPY,2021-12-13T08:15:00+01:00,113.524,113.531,113.524,113.526,19
SQ:USDJPY,2021-12-13T08:16:00+01:00,113.527,113.537,113.527,113.533,37
SQ:USDJPY,2021-12-13T08:17:00+01:00,113.533,113.533,113.523,113.525,14
SQ:USDJPY,2021-12-13T08:18:00+01:00,113.525,113.526,113.519,113.520,11
SQ:USDJPY,2021-12-13T08:19:00+01:00,113.520,113.521,113.512,113.513,26
SQ:USDJPY,2021-12-13T08:20:00+01:00,113.513,113.516,113.511,113.513,10
SQ:USDJPY,2021-12-13T08:21:00+01:00,113.513,113.517,113.509,113.511,20
SQ:USDJPY,2021-12-13T08:22:00+01:00,113.511,113.511,113.501,113.509,26
SQ:USDJPY,2021-12-13T08:23:00+01:00,113.509,113.520,113.503,113.515,35
SQ:USDJPY,2021-12-13T08:24:00+01:00,113.515,113.515,113.510,113.512,11
SQ:USDJPY,2021-12-13T08:25:00+01:00,113.513,113.519,113.510,113.516,14
SQ:USDJPY,2021-12-13T08:26:00+01:00,113.516,113.519,113.500,113.501,24
SQ:USDJPY,2021-12-13T08:27:00+01:00,113.500,113.504,113.500,113.503,25
SQ:USDJPY,2021-12-13T08:28:00+01:00,113.503,113.512,113.503,113.512,14
SQ:USDJPY,2021-12-13T08:29:00+01:00,113.512,113.516,113.510,113.516,8
SQ:USDJPY,2021-12-13T08:30:00+01:00,113.517,113.526,113.514,113.524,38
SQ:USDJPY,2021-12-13T08:31:00+01:00,113.524,113.537,113.523,113.531,43
SQ:USDJPY,2021-12-13T08:32:00+01:00,113.530,113.543,113.528,113.540,29
SQ:USDJPY,2021-12-13T08:33:00+01:00,113.540,113.549,113.540,113.546,34
SQ:USDJPY,2021-12-13T08:34:00+01:00,113.545,113.552,113.542,113.546,42
SQ:USDJPY,2021-12-13T08:35:00+01:00,113.546,113.546,113.537,113.538,34
SQ:USDJPY,2021-12-13T08:36:00+01:00,113.538,113.539,113.529,113.530,35
SQ:USDJPY,2021-12-13T08:37:00+01:00,113.530,113.540,113.525,113.540,37
SQ:USDJPY,2021-12-13T08:38:00+01:00,113.540,113.542,113.522,113.522,46
SQ:USDJPY,2021-12-13T08:39:00+01:00,113.522,113.524,113.514,113.515,41
SQ:USDJPY,2021-12-13T08:40:00+01:00,113.516,113.518,113.512,113.516,36
SQ:USDJPY,2021-12-13T08:41:00+01:00,113.514,113.515,113.502,113.503,28
SQ:USDJPY,2021-12-13T08:42:00+01:00,113.503,113.510,113.498,113.509,17
SQ:USDJPY,2021-12-13T08:43:00+01:00,113.508,113.518,113.508,113.517,26
SQ:USDJPY,2021-12-13T08:44:00+01:00,113.517,113.524,113.515,113.519,17
SQ:USDJPY,2021-12-13T08:45:00+01:00,113.519,113.523,113.512,113.514,14
SQ:USDJPY,2021-12-13T08:46:00+01:00,113.514,113.524,113.514,113.524,28
SQ:USDJPY,2021-12-13T08:47:00+01:00,113.524,113.529,113.518,113.523,21
SQ:USDJPY,2021-12-13T08:48:00+01:00,113.523,113.546,113.523,113.536,44
SQ:USDJPY,2021-12-13T08:49:00+01:00,113.535,113.544,113.530,113.535,44
SQ:USDJPY,2021-12-13T08:50:00+01:00,113.535,113.539,113.532,113.537,23
SQ:USDJPY,2021-12-13T08:51:00+01:00,113.537,113.545,113.536,113.536,18
SQ:USDJPY,2021-12-13T08:52:00+01:00,113.536,113.543,113.536,113.537,9
SQ:USDJPY,2021-12-13T08:53:00+01:00,113.537,113.537,113.527,113.527,11
SQ:USDJPY,2021-12-13T08:54:00+01:00,113.527,113.539,113.525,113.535,24
SQ:USDJPY,2021-12-13T08:55:00+01:00,113.534,113.537,113.534,113.537,7
SQ:USDJPY,2021-12-13T08:56:00+01:00,113.537,113.544,113.537,113.543,16
SQ:USDJPY,2021-12-13T08:57:00+01:00,113.543,113.547,113.536,113.544,29
SQ:USDJPY,2021-12-13T08:58:00+01:00,113.546,113.546,113.540,113.542,24
SQ:USDJPY,2021-12-13T08:59:00+01:00,113.542,113.544,113.532,113.534,29
SQ:USDJPY,2021-12-13T09:00:00+01:00,113.534,113.563,113.532,113.540,76
SQ:USDJPY,2021-12-13T09:01:00+01:00,113.540,113.563,113.540,113.557,69
SQ:USDJPY,2021-12-13T09:02:00+01:00,113.558,113.570,113.547,113.552,66
SQ:USDJPY,2021-12-13T09:03:00+01:00,113.552,113.568,113.552,113.568,50
SQ:USDJPY,2021-12-13T09:04:00+01:00,113.568,113.568,113.555,113.560,38
SQ:USDJPY,2021-12-13T09:05:00+01:00,113.560,113.563,113.553,113.556,27
SQ:USDJPY,2021-12-13T09:06:00+01:00,113.557,113.567,113.536,113.540,51
SQ:USDJPY,2021-12-13T09:07:00+01:00,113.540,113.548,113.537,113.545,46
SQ:USDJPY,2021-12-13T09:08:00+01:00,113.545,113.547,113.529,113.531,29
SQ:USDJPY,2021-12-13T09:09:00+01:00,113.531,113.545,113.529,113.541,46
SQ:USDJPY,2021-12-13T09:10:00+01:00,113.542,113.556,113.541,113.552,40
SQ:USDJPY,2021-12-13T09:11:00+01:00,113.551,113.551,113.543,113.550,13
SQ:USDJPY,2021-12-13T09:12:00+01:00,113.550,113.563,113.543,113.563,34
SQ:USDJPY,2021-12-13T09:13:00+01:00,113.563,113.587,113.557,113.587,75
SQ:USDJPY,2021-12-13T09:14:00+01:00,113.586,113.587,113.578,113.583,36
SQ:USDJPY,2021-12-13T09:15:00+01:00,113.583,113.583,113.573,113.578,33
SQ:USDJPY,2021-12-13T09:16:00+01:00,113.578,113.585,113.578,113.584,41
SQ:USDJPY,2021-12-13T09:17:00+01:00,113.585,113.587,113.579,113.585,40
SQ:USDJPY,2021-12-13T09:18:00+01:00,113.584,113.586,113.579,113.583,43
SQ:USDJPY,2021-12-13T09:19:00+01:00,113.585,113.628,113.582,113.624,78
SQ:USDJPY,2021-12-13T09:20:00+01:00,113.624,113.628,113.607,113.611,62
SQ:USDJPY,2021-12-13T09:21:00+01:00,113.611,113.612,113.595,113.607,48
SQ:USDJPY,2021-12-13T09:22:00+01:00,113.608,113.614,113.603,113.613,33
SQ:USDJPY,2021-12-13T09:23:00+01:00,113.613,113.630,113.613,113.623,31
SQ:USDJPY,2021-12-13T09:24:00+01:00,113.619,113.620,113.607,113.615,44
SQ:USDJPY,2021-12-13T09:25:00+01:00,113.615,113.615,113.600,113.602,25
SQ:USDJPY,2021-12-13T09:26:00+01:00,113.602,113.608,113.598,113.600,20
SQ:USDJPY,2021-12-13T09:27:00+01:00,113.600,113.606,113.588,113.588,55
SQ:USDJPY,2021-12-13T09:28:00+01:00,113.587,113.596,113.587,113.595,20
SQ:USDJPY,2021-12-13T09:29:00+01:00,113.595,113.616,113.594,113.615,40
SQ:USDJPY,2021-12-13T09:30:00+01:00,113.616,113.616,113.595,113.597,81
SQ:USDJPY,2021-12-13T09:31:00+01:00,113.595,113.615,113.589,113.610,63
SQ:USDJPY,2021-12-13T09:32:00+01:00,113.610,113.623,113.608,113.623,48
SQ:USDJPY,2021-12-13T09:33:00+01:00,113.623,113.624,113.615,113.622,54
SQ:USDJPY,2021-12-13T09:34:00+01:00,113.623,113.624,113.613,113.619,45
SQ:USDJPY,2021-12-13T09:35:00+01:00,113.619,113.639,113.619,113.633,46
SQ:USDJPY,2021-12-13T09:36:00+01:00,113.632,113.637,113.622,113.623,42
SQ:USDJPY,2021-12-13T09:37:00+01:00,113.623,113.640,113.623,113.637,32
SQ:USDJPY,2021-12-13T09:38:00+01:00,113.637,113.650,113.635,113.643,56
SQ:USDJPY,2021-12-13T09:39:00+01:00,113.643,113.654,113.640,113.648,24
SQ:USDJPY,2021-12-13T09:40:00+01:00,113.648,113.649,113.638,113.649,55
SQ:USDJPY,2021-12-13T09:41:00+01:00,113.649,113.649,113.637,113.642,27
SQ:USDJPY,2021-12-13T09:42:00+01:00,113.642,113.642,113.629,113.633,57
SQ:USDJPY,2021-12-13T09:43:00+01:00,113.633,113.634,113.623,113.623,44
SQ:USDJPY,2021-12-13T09:44:00+01:00,113.623,113.630,113.608,113.629,52
SQ:USDJPY,2021-12-13T09:45:00+01:00,113.629,113.633,113.628,113.630,30
SQ:USDJPY,2021-12-13T09:46:00+01:00,113.630,113.646,113.630,113.643,23
SQ:USDJPY,2021-12-13T09:47:00+01:00,113.643,113.660,113.643,113.649,73
SQ:USDJPY,2021-12-13T09:48:00+01:00,113.649,113.658,113.648,113.649,25
SQ:USDJPY,2021-12-13T09:49:00+01:00,113.649,113.661,113.649,113.654,52
SQ:USDJPY,2021-12-13T09:50:00+01:00,113.654,113.662,113.648,113.650,55
SQ:USDJPY,2021-12-13T09:51:00+01:00,113.650,113.664,113.649,113.659,21
SQ:USDJPY,2021-12-13T09:52:00+01:00,113.659,113.660,113.645,113.649,58
SQ:USDJPY,2021-12-13T09:53:00+01:00,113.649,113.652,113.646,113.649,40
SQ:USDJPY,2021-12-13T09:54:00+01:00,113.649,113.662,113.645,113.654,47
SQ:USDJPY,2021-12-13T09:55:00+01:00,113.654,113.656,113.646,113.648,28
SQ:USDJPY,2021-12-13T09:56:00+01:00,113.648,113.651,113.613,113.622,58
SQ:USDJPY,2021-12-13T09:57:00+01:00,113.622,113.628,113.616,113.616,22
SQ:USDJPY,2021-12-13T09:58:00+01:00,113.617,113.623,113.617,113.621,21
SQ:USDJPY,2021-12-13T09:59:00+01:00,113.621,113.635,113.620,113.635,29
SQ:USDJPY,2021-12-13T10:00:00+01:00,113.635,113.645,113.632,113.635,32
SQ:USDJPY,2021-12-13T10:01:00+01:00,113.635,113.641,113.635,113.637,15
SQ:USDJPY,2021-12-13T10:02:00+01:00,113.637,113.653,113.637,113.653,49
SQ:USDJPY,2021-12-13T10:03:00+01:00,113.652,113.655,113.644,113.651,22
SQ:USDJPY,2021-12-13T10:04:00+01:00,113.651,113.653,113.640,113.653,34
SQ:USDJPY,2021-12-13T10:05:00+01:00,113.653,113.673,113.652,113.657,50
SQ:USDJPY,2021-12-13T10:06:00+01:00,113.657,113.659,113.651,113.659,16
SQ:USDJPY,2021-12-13T10:07:00+01:00,113.658,113.660,113.645,113.646,28
SQ:USDJPY,2021-12-13T10:08:00+01:00,113.646,113.660,113.646,113.653,23
SQ:USDJPY,2021-12-13T10:09:00+01:00,113.654,113.659,113.653,113.659,11
SQ:USDJPY,2021-12-13T10:10:00+01:00,113.659,113.668,113.654,113.659,39
SQ:USDJPY,2021-12-13T10:11:00+01:00,113.660,113.660,113.656,113.660,25
SQ:USDJPY,2021-12-13T10:12:00+01:00,113.658,113.669,113.658,113.665,34
SQ:USDJPY,2021-12-13T10:13:00+01:00,113.665,113.673,113.663,113.667,27
SQ:USDJPY,2021-12-13T10:14:00+01:00,113.668,113.678,113.665,113.673,61
SQ:USDJPY,2021-12-13T10:15:00+01:00,113.672,113.673,113.666,113.670,30
SQ:USDJPY,2021-12-13T10:16:00+01:00,113.670,113.679,113.657,113.678,44
SQ:USDJPY,2021-12-13T10:17:00+01:00,113.678,113.690,113.677,113.686,49
SQ:USDJPY,2021-12-13T10:18:00+01:00,113.686,113.689,113.681,113.685,32
SQ:USDJPY,2021-12-13T10:19:00+01:00,113.685,113.691,113.682,113.691,14
SQ:USDJPY,2021-12-13T10:20:00+01:00,113.691,113.714,113.688,113.702,85
SQ:USDJPY,2021-12-13T10:21:00+01:00,113.702,113.708,113.691,113.706,31
SQ:USDJPY,2021-12-13T10:22:00+01:00,113.706,113.707,113.696,113.704,41
SQ:USDJPY,2021-12-13T10:23:00+01:00,113.703,113.717,113.697,113.707,83
SQ:USDJPY,2021-12-13T10:24:00+01:00,113.708,113.709,113.701,113.704,53
SQ:USDJPY,2021-12-13T10:25:00+01:00,113.704,113.710,113.701,113.704,46
SQ:USDJPY,2021-12-13T10:26:00+01:00,113.705,113.713,113.690,113.693,46
SQ:USDJPY,2021-12-13T10:27:00+01:00,113.693,113.700,113.679,113.692,85
SQ:USDJPY,2021-12-13T10:28:00+01:00,113.692,113.696,113.689,113.693,8
SQ:USDJPY,2021-12-13T10:29:00+01:00,113.693,113.696,113.690,113.694,21
SQ:USDJPY,2021-12-13T10:30:00+01:00,113.695,113.704,113.691,113.700,53
SQ:USDJPY,2021-12-13T10:31:00+01:00,113.700,113.705,113.696,113.704,30
SQ:USDJPY,2021-12-13T10:32:00+01:00,113.703,113.704,113.693,113.696,39
SQ:USDJPY,2021-12-13T10:33:00+01:00,113.698,113.698,113.690,113.692,37
SQ:USDJPY,2021-12-13T10:34:00+01:00,113.692,113.693,113.672,113.675,48
SQ:USDJPY,2021-12-13T10:35:00+01:00,113.676,113.685,113.675,113.677,33
SQ:USDJPY,2021-12-13T10:36:00+01:00,113.676,113.679,113.663,113.664,39
SQ:USDJPY,2021-12-13T10:37:00+01:00,113.664,113.670,113.662,113.666,23
SQ:USDJPY,2021-12-13T10:38:00+01:00,113.666,113.671,113.663,113.666,13
SQ:USDJPY,2021-12-13T10:39:00+01:00,113.666,113.676,113.663,113.667,38
SQ:USDJPY,2021-12-13T10:40:00+01:00,113.668,113.672,113.667,113.672,11
SQ:USDJPY,2021-12-13T10:41:00+01:00,113.672,113.686,113.672,113.683,25
SQ:USDJPY,2021-12-13T10:42:00+01:00,113.682,113.685,113.678,113.680,17
SQ:USDJPY,2021-12-13T10:43:00+01:00,113.680,113.682,113.668,113.668,26
SQ:USDJPY,2021-12-13T10:44:00+01:00,113.668,113.670,113.665,113.670,18
SQ:USDJPY,2021-12-13T10:45:00+01:00,113.670,113.677,113.666,113.676,20
SQ:USDJPY,2021-12-13T10:46:00+01:00,113.676,113.683,113.670,113.682,28
SQ:USDJPY,2021-12-13T10:47:00+01:00,113.682,113.687,113.680,113.685,24
SQ:USDJPY,2021-12-13T10:48:00+01:00,113.685,113.693,113.683,113.683,31
SQ:USDJPY,2021-12-13T10:49:00+01:00,113.683,113.687,113.680,113.685,23
SQ:USDJPY,2021-12-13T10:50:00+01:00,113.684,113.697,113.684,113.696,28
SQ:USDJPY,2021-12-13T10:51:00+01:00,113.692,113.701,113.692,113.699,16
SQ:USDJPY,2021-12-13T10:52:00+01:00,113.699,113.716,113.697,113.706,36
SQ:USDJPY,2021-12-13T10:53:00+01:00,113.705,113.706,113.698,113.700,50
SQ:USDJPY,2021-12-13T10:54:00+01:00,113.700,113.711,113.697,113.702,43
SQ:USDJPY,2021-12-13T10:55:00+01:00,113.703,113.703,113.695,113.703,28
SQ:USDJPY,2021-12-13T10:56:00+01:00,113.703,113.704,113.698,113.704,15
SQ:USDJPY,2021-12-13T10:57:00+01:00,113.704,113.710,113.696,113.700,41
SQ:USDJPY,2021-12-13T10:58:00+01:00,113.701,113.704,113.695,113.697,48
SQ:USDJPY,2021-12-13T10:59:00+01:00,113.698,113.705,113.694,113.694,39
SQ:USDJPY,2021-12-13T11:00:00+01:00,113.695,113.702,113.689,113.695,36
SQ:USDJPY,2021-12-13T11:01:00+01:00,113.695,113.697,113.690,113.691,45
SQ:USDJPY,2021-12-13T11:02:00+01:00,113.691,113.692,113.686,113.692,27
SQ:USDJPY,2021-12-13T11:03:00+01:00,113.692,113.695,113.686,113.689,23
SQ:USDJPY,2021-12-13T11:04:00+01:00,113.690,113.697,113.689,113.691,21
SQ:USDJPY,2021-12-13T11:05:00+01:00,113.691,113.691,113.684,113.686,19
SQ:USDJPY,2021-12-13T11:06:00+01:00,113.686,113.690,113.686,113.690,26
SQ:USDJPY,2021-12-13T11:07:00+01:00,113.688,113.690,113.683,113.686,30
SQ:USDJPY,2021-12-13T11:08:00+01:00,113.686,113.686,113.680,113.684,19
SQ:USDJPY,2021-12-13T11:09:00+01:00,113.684,113.692,113.680,113.690,28
SQ:USDJPY,2021-12-13T11:10:00+01:00,113.689,113.689,113.682,113.685,56
SQ:USDJPY,2021-12-13T11:11:00+01:00,113.685,113.696,113.685,113.692,24
SQ:USDJPY,2021-12-13T11:12:00+01:00,113.692,113.693,113.679,113.686,39
SQ:USDJPY,2021-12-13T11:13:00+01:00,113.686,113.698,113.686,113.694,37
SQ:USDJPY,2021-12-13T11:14:00+01:00,113.695,113.703,113.694,113.697,39
SQ:USDJPY,2021-12-13T11:15:00+01:00,113.697,113.705,113.692,113.698,50
SQ:USDJPY,2021-12-13T11:16:00+01:00,113.698,113.707,113.697,113.700,40
SQ:USDJPY,2021-12-13T11:17:00+01:00,113.700,113.703,113.692,113.698,52
SQ:USDJPY,2021-12-13T11:18:00+01:00,113.697,113.698,113.693,113.693,28
SQ:USDJPY,2021-12-13T11:19:00+01:00,113.693,113.700,113.691,113.699,63
SQ:USDJPY,2021-12-13T11:20:00+01:00,113.699,113.701,113.694,113.698,48
SQ:USDJPY,2021-12-13T11:21:00+01:00,113.698,113.705,113.695,113.699,64
SQ:USDJPY,2021-12-13T11:22:00+01:00,113.701,113.718,113.700,113.710,73
SQ:USDJPY,2021-12-13T11:23:00+01:00,113.710,113.710,113.704,113.706,36
SQ:USDJPY,2021-12-13T11:24:00+01:00,113.706,113.716,113.705,113.713,54
SQ:USDJPY,2021-12-13T11:25:00+01:00,113.713,113.713,113.690,113.704,51
SQ:USDJPY,2021-12-13T11:26:00+01:00,113.705,113.705,113.695,113.699,14
SQ:USDJPY,2021-12-13T11:27:00+01:00,113.699,113.699,113.684,113.684,19
SQ:USDJPY,2021-12-13T11:28:00+01:00,113.685,113.685,113.682,113.682,5
SQ:USDJPY,2021-12-13T11:29:00+01:00,113.682,113.686,113.672,113.686,18
SQ:USDJPY,2021-12-13T11:30:00+01:00,113.686,113.686,113.672,113.677,48
SQ:USDJPY,2021-12-13T11:31:00+01:00,113.677,113.688,113.677,113.683,22
SQ:USDJPY,2021-12-13T11:32:00+01:00,113.680,113.680,113.666,113.672,27
SQ:USDJPY,2021-12-13T11:33:00+01:00,113.670,113.671,113.656,113.666,40
SQ:USDJPY,2021-12-13T11:34:00+01:00,113.666,113.683,113.666,113.675,34
SQ:USDJPY,2021-12-13T11:35:00+01:00,113.675,113.682,113.671,113.674,33
SQ:USDJPY,2021-12-13T11:36:00+01:00,113.674,113.677,113.665,113.665,21
SQ:USDJPY,2021-12-13T11:37:00+01:00,113.665,113.678,113.659,113.675,43
SQ:USDJPY,2021-12-13T11:38:00+01:00,113.675,113.685,113.671,113.684,21
SQ:USDJPY,2021-12-13T11:39:00+01:00,113.683,113.684,113.675,113.676,35
SQ:USDJPY,2021-12-13T11:40:00+01:00,113.675,113.677,113.669,113.669,27
SQ:USDJPY,2021-12-13T11:41:00+01:00,113.669,113.677,113.663,113.664,32
SQ:USDJPY,2021-12-13T11:42:00+01:00,113.665,113.671,113.662,113.671,39
SQ:USDJPY,2021-12-13T11:43:00+01:00,113.671,113.674,113.670,113.674,13
SQ:USDJPY,2021-12-13T11:44:00+01:00,113.671,113.678,113.665,113.678,19
SQ:USDJPY,2021-12-13T11:45:00+01:00,113.678,113.680,113.667,113.671,19
SQ:USDJPY,2021-12-13T11:46:00+01:00,113.671,113.671,113.665,113.668,17
SQ:USDJPY,2021-12-13T11:47:00+01:00,113.669,113.672,113.653,113.655,45
SQ:USDJPY,2021-12-13T11:48:00+01:00,113.655,113.664,113.651,113.663,19
SQ:USDJPY,2021-12-13T11:49:00+01:00,113.663,113.664,113.657,113.658,12
SQ:USDJPY,2021-12-13T11:50:00+01:00,113.658,113.658,113.649,113.650,17
SQ:USDJPY,2021-12-13T11:51:00+01:00,113.650,113.650,113.644,113.646,15
SQ:USDJPY,2021-12-13T11:52:00+01:00,113.646,113.666,113.638,113.661,41
SQ:USDJPY,2021-12-13T11:53:00+01:00,113.661,113.661,113.650,113.654,28
SQ:USDJPY,2021-12-13T11:54:00+01:00,113.654,113.656,113.635,113.643,45
SQ:USDJPY,2021-12-13T11:55:00+01:00,113.643,113.651,113.641,113.647,37
SQ:USDJPY,2021-12-13T11:56:00+01:00,113.645,113.651,113.644,113.651,17
SQ:USDJPY,2021-12-13T11:57:00+01:00,113.651,113.665,113.651,113.652,23
SQ:USDJPY,2021-12-13T11:58:00+01:00,113.652,113.652,113.640,113.641,25
SQ:USDJPY,2021-12-13T11:59:00+01:00,113.641,113.651,113.641,113.648,37
SQ:USDJPY,2021-12-13T12:00:00+01:00,113.648,113.656,113.646,113.650,38
SQ:USDJPY,2021-12-13T12:01:00+01:00,113.653,113.664,113.653,113.664,32
SQ:USDJPY,2021-12-13T12:02:00+01:00,113.664,113.670,113.663,113.666,19
SQ:USDJPY,2021-12-13T12:03:00+01:00,113.666,113.671,113.665,113.666,20
SQ:USDJPY,2021-12-13T12:04:00+01:00,113.666,113.677,113.666,113.673,23
SQ:USDJPY,2021-12-13T12:05:00+01:00,113.673,113.677,113.668,113.677,32
SQ:USDJPY,2021-12-13T12:06:00+01:00,113.676,113.677,113.672,113.672,34
SQ:USDJPY,2021-12-13T12:07:00+01:00,113.672,113.685,113.672,113.681,26
SQ:USDJPY,2021-12-13T12:08:00+01:00,113.681,113.681,113.675,113.678,23
SQ:USDJPY,2021-12-13T12:09:00+01:00,113.678,113.678,113.672,113.674,14
SQ:USDJPY,2021-12-13T12:10:00+01:00,113.675,113.682,113.675,113.677,23
SQ:USDJPY,2021-12-13T12:11:00+01:00,113.677,113.685,113.676,113.684,36
SQ:USDJPY,2021-12-13T12:12:00+01:00,113.684,113.696,113.683,113.696,26
SQ:USDJPY,2021-12-13T12:13:00+01:00,113.696,113.697,113.684,113.690,28
SQ:USDJPY,2021-12-13T12:14:00+01:00,113.690,113.692,113.682,113.686,48
SQ:USDJPY,2021-12-13T12:15:00+01:00,113.686,113.686,113.673,113.680,57
SQ:USDJPY,2021-12-13T12:16:00+01:00,113.680,113.687,113.678,113.681,40
SQ:USDJPY,2021-12-13T12:17:00+01:00,113.680,113.690,113.680,113.688,24
SQ:USDJPY,2021-12-13T12:18:00+01:00,113.688,113.688,113.672,113.678,50
SQ:USDJPY,2021-12-13T12:19:00+01:00,113.678,113.693,113.676,113.689,44
SQ:USDJPY,2021-12-13T12:20:00+01:00,113.689,113.689,113.675,113.683,41
SQ:USDJPY,2021-12-13T12:21:00+01:00,113.683,113.690,113.683,113.684,24
SQ:USDJPY,2021-12-13T12:22:00+01:00,113.684,113.685,113.674,113.674,26
SQ:USDJPY,2021-12-13T12:23:00+01:00,113.674,113.678,113.667,113.669,60
SQ:USDJPY,2021-12-13T12:24:00+01:00,113.669,113.679,113.668,113.672,45
SQ:USDJPY,2021-12-13T12:25:00+01:00,113.675,113.678,113.665,113.668,37
SQ:USDJPY,2021-12-13T12:26:00+01:00,113.668,113.672,113.666,113.667,15
SQ:USDJPY,2021-12-13T12:27:00+01:00,113.668,113.668,113.656,113.661,42
SQ:USDJPY,2021-12-13T12:28:00+01:00,113.661,113.664,113.655,113.661,42
SQ:USDJPY,2021-12-13T12:29:00+01:00,113.662,113.662,113.656,113.659,21
SQ:USDJPY,2021-12-13T12:30:00+01:00,113.656,113.664,113.646,113.646,22
SQ:USDJPY,2021-12-13T12:31:00+01:00,113.647,113.672,113.647,113.668,40
SQ:USDJPY,2021-12-13T12:32:00+01:00,113.668,113.675,113.667,113.674,18
SQ:USDJPY,2021-12-13T12:33:00+01:00,113.674,113.679,113.671,113.673,14
SQ:USDJPY,2021-12-13T12:34:00+01:00,113.674,113.679,113.671,113.672,27
SQ:USDJPY,2021-12-13T12:35:00+01:00,113.672,113.677,113.665,113.667,40
SQ:USDJPY,2021-12-13T12:36:00+01:00,113.668,113.678,113.665,113.674,35
SQ:USDJPY,2021-12-13T12:37:00+01:00,113.673,113.677,113.665,113.665,23
SQ:USDJPY,2021-12-13T12:38:00+01:00,113.665,113.671,113.664,113.668,35
SQ:USDJPY,2021-12-13T12:39:00+01:00,113.668,113.672,113.659,113.659,26
SQ:USDJPY,2021-12-13T12:40:00+01:00,113.659,113.661,113.648,113.655,38
SQ:USDJPY,2021-12-13T12:41:00+01:00,113.656,113.660,113.652,113.655,46
SQ:USDJPY,2021-12-13T12:42:00+01:00,113.655,113.661,113.653,113.656,42
SQ:USDJPY,2021-12-13T12:43:00+01:00,113.656,113.656,113.646,113.649,25
SQ:USDJPY,2021-12-13T12:44:00+01:00,113.649,113.652,113.649,113.652,4
SQ:USDJPY,2021-12-13T12:45:00+01:00,113.651,113.655,113.644,113.644,24
SQ:USDJPY,2021-12-13T12:46:00+01:00,113.644,113.650,113.638,113.644,48
SQ:USDJPY,2021-12-13T12:47:00+01:00,113.645,113.645,113.635,113.636,39
SQ:USDJPY,2021-12-13T12:48:00+01:00,113.637,113.641,113.629,113.629,41
SQ:USDJPY,2021-12-13T12:49:00+01:00,113.629,113.629,113.604,113.625,60
SQ:USDJPY,2021-12-13T12:50:00+01:00,113.625,113.632,113.623,113.624,26
SQ:USDJPY,2021-12-13T12:51:00+01:00,113.624,113.626,113.617,113.623,33
SQ:USDJPY,2021-12-13T12:52:00+01:00,113.623,113.628,113.620,113.625,37
SQ:USDJPY,2021-12-13T12:53:00+01:00,113.627,113.633,113.626,113.632,19
SQ:USDJPY,2021-12-13T12:54:00+01:00,113.632,113.632,113.627,113.630,16
SQ:USDJPY,2021-12-13T12:55:00+01:00,113.630,113.630,113.618,113.624,21
SQ:USDJPY,2021-12-13T12:56:00+01:00,113.626,113.626,113.623,113.624,9
SQ:USDJPY,2021-12-13T12:57:00+01:00,113.623,113.633,113.623,113.631,12
SQ:USDJPY,2021-12-13T12:58:00+01:00,113.631,113.631,113.626,113.626,23
SQ:USDJPY,2021-12-13T12:59:00+01:00,113.627,113.633,113.627,113.629,13
SQ:USDJPY,2021-12-13T13:00:00+01:00,113.629,113.629,113.620,113.620,25
SQ:USDJPY,2021-12-13T13:01:00+01:00,113.620,113.620,113.601,113.611,40
SQ:USDJPY,2021-12-13T13:02:00+01:00,113.610,113.621,113.609,113.620,15
SQ:USDJPY,2021-12-13T13:03:00+01:00,113.620,113.625,113.620,113.620,18
SQ:USDJPY,2021-12-13T13:04:00+01:00,113.620,113.623,113.613,113.616,34
SQ:USDJPY,2021-12-13T13:05:00+01:00,113.616,113.616,113.603,113.612,35
SQ:USDJPY,2021-12-13T13:06:00+01:00,113.612,113.615,113.604,113.609,28
SQ:USDJPY,2021-12-13T13:07:00+01:00,113.609,113.610,113.597,113.607,32
SQ:USDJPY,2021-12-13T13:08:00+01:00,113.607,113.608,113.600,113.600,11
SQ:USDJPY,2021-12-13T13:09:00+01:00,113.601,113.601,113.591,113.597,26
SQ:USDJPY,2021-12-13T13:10:00+01:00,113.597,113.597,113.589,113.590,15
SQ:USDJPY,2021-12-13T13:11:00+01:00,113.590,113.602,113.590,113.600,26
SQ:USDJPY,2021-12-13T13:12:00+01:00,113.600,113.600,113.593,113.595,12
SQ:USDJPY,2021-12-13T13:13:00+01:00,113.595,113.604,113.590,113.597,25
SQ:USDJPY,2021-12-13T13:14:00+01:00,113.597,113.607,113.595,113.605,40
SQ:USDJPY,2021-12-13T13:15:00+01:00,113.605,113.614,113.599,113.600,44
SQ:USDJPY,2021-12-13T13:16:00+01:00,113.600,113.604,113.594,113.603,33
SQ:USDJPY,2021-12-13T13:17:00+01:00,113.603,113.622,113.603,113.618,30
SQ:USDJPY,2021-12-13T13:18:00+01:00,113.618,113.626,113.614,113.621,32
SQ:USDJPY,2021-12-13T13:19:00+01:00,113.620,113.620,113.609,113.609,19
SQ:USDJPY,2021-12-13T13:20:00+01:00,113.609,113.622,113.607,113.622,25
SQ:USDJPY,2021-12-13T13:21:00+01:00,113.621,113.622,113.619,113.621,21
SQ:USDJPY,2021-12-13T13:22:00+01:00,113.620,113.621,113.615,113.615,14
SQ:USDJPY,2021-12-13T13:23:00+01:00,113.615,113.615,113.612,113.615,7
SQ:USDJPY,2021-12-13T13:24:00+01:00,113.615,113.619,113.607,113.615,18
SQ:USDJPY,2021-12-13T13:25:00+01:00,113.615,113.619,113.607,113.607,27
SQ:USDJPY,2021-12-13T13:26:00+01:00,113.607,113.612,113.600,113.601,20
SQ:USDJPY,2021-12-13T13:27:00+01:00,113.601,113.602,113.591,113.595,24
SQ:USDJPY,2021-12-13T13:28:00+01:00,113.595,113.600,113.589,113.594,40
SQ:USDJPY,2021-12-13T13:29:00+01:00,113.594,113.615,113.594,113.615,26
SQ:USDJPY,2021-12-13T13:30:00+01:00,113.615,113.615,113.599,113.603,36
SQ:USDJPY,2021-12-13T13:31:00+01:00,113.603,113.608,113.592,113.600,34
SQ:USDJPY,2021-12-13T13:32:00+01:00,113.600,113.600,113.589,113.595,44
SQ:USDJPY,2021-12-13T13:33:00+01:00,113.595,113.597,113.584,113.594,32
SQ:USDJPY,2021-12-13T13:34:00+01:00,113.594,113.594,113.587,113.590,16
SQ:USDJPY,2021-12-13T13:35:00+01:00,113.591,113.597,113.588,113.590,30
SQ:USDJPY,2021-12-13T13:36:00+01:00,113.590,113.591,113.582,113.590,31
SQ:USDJPY,2021-12-13T13:37:00+01:00,113.590,113.601,113.581,113.585,36
SQ:USDJPY,2021-12-13T13:38:00+01:00,113.585,113.585,113.567,113.570,35
SQ:USDJPY,2021-12-13T13:39:00+01:00,113.570,113.570,113.557,113.562,39
SQ:USDJPY,2021-12-13T13:40:00+01:00,113.563,113.563,113.557,113.562,22
SQ:USDJPY,2021-12-13T13:41:00+01:00,113.563,113.576,113.563,113.569,27
SQ:USDJPY,2021-12-13T13:42:00+01:00,113.569,113.571,113.567,113.568,22
SQ:USDJPY,2021-12-13T13:43:00+01:00,113.568,113.577,113.568,113.573,25
SQ:USDJPY,2021-12-13T13:44:00+01:00,113.573,113.577,113.569,113.569,22
SQ:USDJPY,2021-12-13T13:45:00+01:00,113.563,113.566,113.554,113.558,35
SQ:USDJPY,2021-12-13T13:46:00+01:00,113.558,113.558,113.550,113.555,31
SQ:USDJPY,2021-12-13T13:47:00+01:00,113.556,113.562,113.556,113.561,29
SQ:USDJPY,2021-12-13T13:48:00+01:00,113.561,113.561,113.546,113.557,43
SQ:USDJPY,2021-12-13T13:49:00+01:00,113.558,113.558,113.557,113.557,8
SQ:USDJPY,2021-12-13T13:50:00+01:00,113.557,113.559,113.550,113.557,38
SQ:USDJPY,2021-12-13T13:51:00+01:00,113.556,113.558,113.551,113.552,33
SQ:USDJPY,2021-12-13T13:52:00+01:00,113.553,113.568,113.550,113.550,53
SQ:USDJPY,2021-12-13T13:53:00+01:00,113.550,113.564,113.546,113.562,84
SQ:USDJPY,2021-12-13T13:54:00+01:00,113.563,113.568,113.559,113.562,31
SQ:USDJPY,2021-12-13T13:55:00+01:00,113.562,113.565,113.556,113.563,35
SQ:USDJPY,2021-12-13T13:56:00+01:00,113.563,113.572,113.557,113.571,51
SQ:USDJPY,2021-12-13T13:57:00+01:00,113.573,113.587,113.569,113.584,73
SQ:USDJPY,2021-12-13T13:58:00+01:00,113.584,113.613,113.584,113.610,87
SQ:USDJPY,2021-12-13T13:59:00+01:00,113.610,113.610,113.591,113.596,50
SQ:USDJPY,2021-12-13T14:00:00+01:00,113.596,113.608,113.595,113.607,44
SQ:USDJPY,2021-12-13T14:01:00+01:00,113.607,113.621,113.603,113.617,54
SQ:USDJPY,2021-12-13T14:02:00+01:00,113.617,113.644,113.615,113.625,73
SQ:USDJPY,2021-12-13T14:03:00+01:00,113.626,113.638,113.626,113.632,45
SQ:USDJPY,2021-12-13T14:04:00+01:00,113.632,113.644,113.631,113.631,34
SQ:USDJPY,2021-12-13T14:05:00+01:00,113.630,113.630,113.620,113.624,31
SQ:USDJPY,2021-12-13T14:06:00+01:00,113.624,113.636,113.624,113.630,17
SQ:USDJPY,2021-12-13T14:07:00+01:00,113.630,113.640,113.630,113.637,40
SQ:USDJPY,2021-12-13T14:08:00+01:00,113.637,113.642,113.634,113.642,27
SQ:USDJPY,2021-12-13T14:09:00+01:00,113.641,113.649,113.640,113.649,25
SQ:USDJPY,2021-12-13T14:10:00+01:00,113.649,113.654,113.649,113.653,21
SQ:USDJPY,2021-12-13T14:11:00+01:00,113.653,113.660,113.650,113.659,38
SQ:USDJPY,2021-12-13T14:12:00+01:00,113.659,113.665,113.659,113.665,30
SQ:USDJPY,2021-12-13T14:13:00+01:00,113.665,113.671,113.661,113.667,30
SQ:USDJPY,2021-12-13T14:14:00+01:00,113.667,113.667,113.649,113.653,62
SQ:USDJPY,2021-12-13T14:15:00+01:00,113.654,113.654,113.641,113.650,51
SQ:USDJPY,2021-12-13T14:16:00+01:00,113.650,113.654,113.640,113.641,47
SQ:USDJPY,2021-12-13T14:17:00+01:00,113.640,113.668,113.640,113.663,29
SQ:USDJPY,2021-12-13T14:18:00+01:00,113.663,113.666,113.661,113.664,43
SQ:USDJPY,2021-12-13T14:19:00+01:00,113.664,113.668,113.651,113.653,45
SQ:USDJPY,2021-12-13T14:20:00+01:00,113.655,113.672,113.653,113.664,77
SQ:USDJPY,2021-12-13T14:21:00+01:00,113.663,113.663,113.643,113.651,83
SQ:USDJPY,2021-12-13T14:22:00+01:00,113.651,113.653,113.646,113.648,40
SQ:USDJPY,2021-12-13T14:23:00+01:00,113.648,113.650,113.638,113.649,42
SQ:USDJPY,2021-12-13T14:24:00+01:00,113.648,113.655,113.634,113.639,50
SQ:USDJPY,2021-12-13T14:25:00+01:00,113.639,113.644,113.635,113.640,52
SQ:USDJPY,2021-12-13T14:26:00+01:00,113.640,113.642,113.638,113.640,23
SQ:USDJPY,2021-12-13T14:27:00+01:00,113.640,113.655,113.632,113.641,66
SQ:USDJPY,2021-12-13T14:28:00+01:00,113.641,113.641,113.626,113.633,69
SQ:USDJPY,2021-12-13T14:29:00+01:00,113.634,113.653,113.633,113.652,46
SQ:USDJPY,2021-12-13T14:30:00+01:00,113.652,113.652,113.633,113.637,78
SQ:USDJPY,2021-12-13T14:31:00+01:00,113.637,113.646,113.633,113.638,48
SQ:USDJPY,2021-12-13T14:32:00+01:00,113.638,113.643,113.621,113.621,64
SQ:USDJPY,2021-12-13T14:33:00+01:00,113.621,113.635,113.621,113.628,66
SQ:USDJPY,2021-12-13T14:34:00+01:00,113.628,113.633,113.612,113.620,70
SQ:USDJPY,2021-12-13T14:35:00+01:00,113.620,113.627,113.612,113.618,49
SQ:USDJPY,2021-12-13T14:36:00+01:00,113.619,113.621,113.606,113.612,45
SQ:USDJPY,2021-12-13T14:37:00+01:00,113.611,113.616,113.603,113.608,60
SQ:USDJPY,2021-12-13T14:38:00+01:00,113.608,113.624,113.607,113.614,58
SQ:USDJPY,2021-12-13T14:39:00+01:00,113.614,113.620,113.610,113.611,49
SQ:USDJPY,2021-12-13T14:40:00+01:00,113.611,113.618,113.609,113.614,27
SQ:USDJPY,2021-12-13T14:41:00+01:00,113.614,113.621,113.606,113.619,29
SQ:USDJPY,2021-12-13T14:42:00+01:00,113.619,113.620,113.607,113.609,34
SQ:USDJPY,2021-12-13T14:43:00+01:00,113.609,113.619,113.593,113.600,70
SQ:USDJPY,2021-12-13T14:44:00+01:00,113.599,113.603,113.589,113.589,36
SQ:USDJPY,2021-12-13T14:45:00+01:00,113.584,113.590,113.583,113.585,29
SQ:USDJPY,2021-12-13T14:46:00+01:00,113.578,113.613,113.578,113.608,43
SQ:USDJPY,2021-12-13T14:47:00+01:00,113.609,113.619,113.604,113.619,52
SQ:USDJPY,2021-12-13T14:48:00+01:00,113.619,113.622,113.610,113.614,32
SQ:USDJPY,2021-12-13T14:49:00+01:00,113.612,113.626,113.612,113.623,33
SQ:USDJPY,2021-12-13T14:50:00+01:00,113.623,113.627,113.610,113.610,30
SQ:USDJPY,2021-12-13T14:51:00+01:00,113.610,113.621,113.610,113.614,38
SQ:USDJPY,2021-12-13T14:52:00+01:00,113.614,113.640,113.614,113.640,60
SQ:USDJPY,2021-12-13T14:53:00+01:00,113.640,113.654,113.639,113.651,53
SQ:USDJPY,2021-12-13T14:54:00+01:00,113.651,113.652,113.642,113.647,36
SQ:USDJPY,2021-12-13T14:55:00+01:00,113.648,113.649,113.633,113.635,45
SQ:USDJPY,2021-12-13T14:56:00+01:00,113.635,113.655,113.635,113.654,36
SQ:USDJPY,2021-12-13T14:57:00+01:00,113.653,113.656,113.646,113.648,42
SQ:USDJPY,2021-12-13T14:58:00+01:00,113.649,113.668,113.649,113.662,67
SQ:USDJPY,2021-12-13T14:59:00+01:00,113.662,113.670,113.632,113.632,59
SQ:USDJPY,2021-12-13T15:00:00+01:00,113.632,113.643,113.625,113.625,17
SQ:USDJPY,2021-12-13T15:01:00+01:00,113.625,113.625,113.597,113.612,86
SQ:USDJPY,2021-12-13T15:02:00+01:00,113.613,113.626,113.611,113.625,35
SQ:USDJPY,2021-12-13T15:03:00+01:00,113.625,113.634,113.601,113.606,73
SQ:USDJPY,2021-12-13T15:04:00+01:00,113.605,113.613,113.596,113.608,71
SQ:USDJPY,2021-12-13T15:05:00+01:00,113.607,113.614,113.592,113.594,61
SQ:USDJPY,2021-12-13T15:06:00+01:00,113.595,113.603,113.593,113.601,31
SQ:USDJPY,2021-12-13T15:07:00+01:00,113.601,113.609,113.601,113.606,43
SQ:USDJPY,2021-12-13T15:08:00+01:00,113.606,113.616,113.592,113.605,58
SQ:USDJPY,2021-12-13T15:09:00+01:00,113.605,113.615,113.604,113.606,40
SQ:USDJPY,2021-12-13T15:10:00+01:00,113.606,113.610,113.601,113.601,14
SQ:USDJPY,2021-12-13T15:11:00+01:00,113.603,113.612,113.602,113.610,19
SQ:USDJPY,2021-12-13T15:12:00+01:00,113.609,113.610,113.583,113.583,33
SQ:USDJPY,2021-12-13T15:13:00+01:00,113.583,113.587,113.547,113.556,90
SQ:USDJPY,2021-12-13T15:14:00+01:00,113.557,113.577,113.555,113.571,51
SQ:USDJPY,2021-12-13T15:15:00+01:00,113.571,113.579,113.570,113.578,50
SQ:USDJPY,2021-12-13T15:16:00+01:00,113.578,113.580,113.568,113.579,40
SQ:USDJPY,2021-12-13T15:17:00+01:00,113.580,113.589,113.569,113.570,61
SQ:USDJPY,2021-12-13T15:18:00+01:00,113.570,113.570,113.551,113.551,94
SQ:USDJPY,2021-12-13T15:19:00+01:00,113.551,113.556,113.536,113.536,70
SQ:USDJPY,2021-12-13T15:20:00+01:00,113.537,113.563,113.537,113.560,46
SQ:USDJPY,2021-12-13T15:21:00+01:00,113.560,113.574,113.558,113.572,26
SQ:USDJPY,2021-12-13T15:22:00+01:00,113.571,113.572,113.563,113.565,35
SQ:USDJPY,2021-12-13T15:23:00+01:00,113.565,113.566,113.557,113.566,30
SQ:USDJPY,2021-12-13T15:24:00+01:00,113.566,113.568,113.553,113.558,39
SQ:USDJPY,2021-12-13T15:25:00+01:00,113.558,113.562,113.552,113.555,26
SQ:USDJPY,2021-12-13T15:26:00+01:00,113.555,113.557,113.515,113.531,52
SQ:USDJPY,2021-12-13T15:27:00+01:00,113.531,113.531,113.493,113.513,73
SQ:USDJPY,2021-12-13T15:28:00+01:00,113.513,113.527,113.513,113.521,23
SQ:USDJPY,2021-12-13T15:29:00+01:00,113.521,113.530,113.519,113.520,20
SQ:USDJPY,2021-12-13T15:30:00+01:00,113.520,113.553,113.520,113.541,117
SQ:USDJPY,2021-12-13T15:31:00+01:00,113.541,113.552,113.527,113.545,82
SQ:USDJPY,2021-12-13T15:32:00+01:00,113.546,113.585,113.544,113.576,110
SQ:USDJPY,2021-12-13T15:33:00+01:00,113.577,113.585,113.565,113.569,49
SQ:USDJPY,2021-12-13T15:34:00+01:00,113.569,113.573,113.558,113.563,50
SQ:USDJPY,2021-12-13T15:35:00+01:00,113.563,113.580,113.558,113.577,66
SQ:USDJPY,2021-12-13T15:36:00+01:00,113.577,113.577,113.544,113.560,60
SQ:USDJPY,2021-12-13T15:37:00+01:00,113.559,113.560,113.526,113.536,123
SQ:USDJPY,2021-12-13T15:38:00+01:00,113.536,113.537,113.518,113.523,118
SQ:USDJPY,2021-12-13T15:39:00+01:00,113.524,113.538,113.510,113.536,102
SQ:USDJPY,2021-12-13T15:40:00+01:00,113.537,113.538,113.525,113.532,69
SQ:USDJPY,2021-12-13T15:41:00+01:00,113.532,113.552,113.532,113.552,23
SQ:USDJPY,2021-12-13T15:42:00+01:00,113.552,113.561,113.549,113.558,48
SQ:USDJPY,2021-12-13T15:43:00+01:00,113.558,113.568,113.555,113.563,63
SQ:USDJPY,2021-12-13T15:44:00+01:00,113.563,113.568,113.550,113.567,46
SQ:USDJPY,2021-12-13T15:45:00+01:00,113.567,113.569,113.560,113.563,59
SQ:USDJPY,2021-12-13T15:46:00+01:00,113.563,113.563,113.546,113.560,45
SQ:USDJPY,2021-12-13T15:47:00+01:00,113.560,113.564,113.545,113.550,66
SQ:USDJPY,2021-12-13T15:48:00+01:00,113.551,113.571,113.544,113.544,61
SQ:USDJPY,2021-12-13T15:49:00+01:00,113.544,113.560,113.540,113.558,37
SQ:USDJPY,2021-12-13T15:50:00+01:00,113.554,113.559,113.545,113.545,36
SQ:USDJPY,2021-12-13T15:51:00+01:00,113.545,113.545,113.517,113.524,76
SQ:USDJPY,2021-12-13T15:52:00+01:00,113.524,113.525,113.495,113.495,79
SQ:USDJPY,2021-12-13T15:53:00+01:00,113.494,113.519,113.494,113.512,136
SQ:USDJPY,2021-12-13T15:54:00+01:00,113.512,113.523,113.501,113.517,144
SQ:USDJPY,2021-12-13T15:55:00+01:00,113.518,113.525,113.510,113.511,87
SQ:USDJPY,2021-12-13T15:56:00+01:00,113.510,113.525,113.496,113.521,131
SQ:USDJPY,2021-12-13T15:57:00+01:00,113.521,113.526,113.514,113.515,32
SQ:USDJPY,2021-12-13T15:58:00+01:00,113.515,113.519,113.506,113.515,58
SQ:USDJPY,2021-12-13T15:59:00+01:00,113.515,113.517,113.506,113.510,55
SQ:USDJPY,2021-12-13T16:00:00+01:00,113.510,113.524,113.499,113.521,83
SQ:USDJPY,2021-12-13T16:01:00+01:00,113.521,113.525,113.507,113.518,112
SQ:USDJPY,2021-12-13T16:02:00+01:00,113.518,113.535,113.514,113.534,117
SQ:USDJPY,2021-12-13T16:03:00+01:00,113.534,113.545,113.532,113.537,75
SQ:USDJPY,2021-12-13T16:04:00+01:00,113.536,113.536,113.523,113.534,39
SQ:USDJPY,2021-12-13T16:05:00+01:00,113.533,113.545,113.515,113.516,103
SQ:USDJPY,2021-12-13T16:06:00+01:00,113.515,113.523,113.510,113.517,58
SQ:USDJPY,2021-12-13T16:07:00+01:00,113.517,113.517,113.492,113.500,90
SQ:USDJPY,2021-12-13T16:08:00+01:00,113.500,113.502,113.479,113.500,86
SQ:USDJPY,2021-12-13T16:09:00+01:00,113.501,113.513,113.491,113.508,80
SQ:USDJPY,2021-12-13T16:10:00+01:00,113.508,113.520,113.493,113.515,110
SQ:USDJPY,2021-12-13T16:11:00+01:00,113.517,113.534,113.517,113.531,55
SQ:USDJPY,2021-12-13T16:12:00+01:00,113.531,113.535,113.525,113.526,54
SQ:USDJPY,2021-12-13T16:13:00+01:00,113.526,113.541,113.519,113.538,64
SQ:USDJPY,2021-12-13T16:14:00+01:00,113.538,113.541,113.522,113.526,50
SQ:USDJPY,2021-12-13T16:15:00+01:00,113.527,113.527,113.515,113.527,46
SQ:USDJPY,2021-12-13T16:16:00+01:00,113.528,113.529,113.505,113.523,86
SQ:USDJPY,2021-12-13T16:17:00+01:00,113.523,113.524,113.510,113.515,55
SQ:USDJPY,2021-12-13T16:18:00+01:00,113.515,113.523,113.510,113.522,68
SQ:USDJPY,2021-12-13T16:19:00+01:00,113.523,113.524,113.502,113.514,90
SQ:USDJPY,2021-12-13T16:20:00+01:00,113.515,113.525,113.508,113.515,87
SQ:USDJPY,2021-12-13T16:21:00+01:00,113.516,113.516,113.492,113.500,98
SQ:USDJPY,2021-12-13T16:22:00+01:00,113.500,113.513,113.500,113.501,59
SQ:USDJPY,2021-12-13T16:23:00+01:00,113.501,113.502,113.476,113.477,106
SQ:USDJPY,2021-12-13T16:24:00+01:00,113.476,113.478,113.465,113.465,57
SQ:USDJPY,2021-12-13T16:25:00+01:00,113.465,113.473,113.463,113.466,46
SQ:USDJPY,2021-12-13T16:26:00+01:00,113.466,113.472,113.460,113.471,63
SQ:USDJPY,2021-12-13T16:27:00+01:00,113.472,113.472,113.455,113.456,68
SQ:USDJPY,2021-12-13T16:28:00+01:00,113.455,113.461,113.447,113.458,70
SQ:USDJPY,2021-12-13T16:29:00+01:00,113.458,113.471,113.453,113.470,111
SQ:USDJPY,2021-12-13T16:30:00+01:00,113.470,113.470,113.451,113.453,111
SQ:USDJPY,2021-12-13T16:31:00+01:00,113.453,113.458,113.440,113.449,58
SQ:USDJPY,2021-12-13T16:32:00+01:00,113.449,113.465,113.442,113.464,110
SQ:USDJPY,2021-12-13T16:33:00+01:00,113.465,113.466,113.452,113.456,45
SQ:USDJPY,2021-12-13T16:34:00+01:00,113.456,113.466,113.454,113.465,50
SQ:USDJPY,2021-12-13T16:35:00+01:00,113.465,113.475,113.465,113.470,59
SQ:USDJPY,2021-12-13T16:36:00+01:00,113.470,113.475,113.465,113.472,39
SQ:USDJPY,2021-12-13T16:37:00+01:00,113.472,113.480,113.471,113.474,54
SQ:USDJPY,2021-12-13T16:38:00+01:00,113.474,113.504,113.473,113.496,78
SQ:USDJPY,2021-12-13T16:39:00+01:00,113.496,113.502,113.486,113.491,52
SQ:USDJPY,2021-12-13T16:40:00+01:00,113.491,113.493,113.480,113.480,32
SQ:USDJPY,2021-12-13T16:41:00+01:00,113.480,113.496,113.480,113.496,35
SQ:USDJPY,2021-12-13T16:42:00+01:00,113.496,113.496,113.461,113.464,51
SQ:USDJPY,2021-12-13T16:43:00+01:00,113.464,113.473,113.442,113.452,107
SQ:USDJPY,2021-12-13T16:44:00+01:00,113.452,113.474,113.449,113.472,82
SQ:USDJPY,2021-12-13T16:45:00+01:00,113.472,113.483,113.469,113.480,100
SQ:USDJPY,2021-12-13T16:46:00+01:00,113.480,113.500,113.480,113.491,79
SQ:USDJPY,2021-12-13T16:47:00+01:00,113.491,113.519,113.491,113.518,64
SQ:USDJPY,2021-12-13T16:48:00+01:00,113.518,113.540,113.516,113.537,54
SQ:USDJPY,2021-12-13T16:49:00+01:00,113.537,113.537,113.518,113.518,54
SQ:USDJPY,2021-12-13T16:50:00+01:00,113.518,113.524,113.506,113.516,47
SQ:USDJPY,2021-12-13T16:51:00+01:00,113.516,113.524,113.510,113.522,53
SQ:USDJPY,2021-12-13T16:52:00+01:00,113.523,113.540,113.523,113.527,66
SQ:USDJPY,2021-12-13T16:53:00+01:00,113.528,113.542,113.522,113.538,56
SQ:USDJPY,2021-12-13T16:54:00+01:00,113.538,113.539,113.529,113.538,59
SQ:USDJPY,2021-12-13T16:55:00+01:00,113.539,113.581,113.539,113.561,144
SQ:USDJPY,2021-12-13T16:56:00+01:00,113.560,113.587,113.560,113.582,36
SQ:USDJPY,2021-12-13T16:57:00+01:00,113.581,113.583,113.566,113.582,57
SQ:USDJPY,2021-12-13T16:58:00+01:00,113.582,113.583,113.550,113.555,100
SQ:USDJPY,2021-12-13T16:59:00+01:00,113.556,113.573,113.548,113.563,104
SQ:USDJPY,2021-12-13T17:00:00+01:00,113.564,113.585,113.558,113.564,92
SQ:USDJPY,2021-12-13T17:01:00+01:00,113.564,113.569,113.549,113.557,131
SQ:USDJPY,2021-12-13T17:02:00+01:00,113.557,113.564,113.543,113.545,109
SQ:USDJPY,2021-12-13T17:03:00+01:00,113.546,113.549,113.529,113.534,52
SQ:USDJPY,2021-12-13T17:04:00+01:00,113.534,113.535,113.510,113.510,94
SQ:USDJPY,2021-12-13T17:05:00+01:00,113.508,113.522,113.504,113.508,28
SQ:USDJPY,2021-12-13T17:06:00+01:00,113.508,113.517,113.503,113.516,69
SQ:USDJPY,2021-12-13T17:07:00+01:00,113.516,113.526,113.510,113.525,63
SQ:USDJPY,2021-12-13T17:08:00+01:00,113.525,113.527,113.518,113.519,64
SQ:USDJPY,2021-12-13T17:09:00+01:00,113.520,113.529,113.516,113.518,36
SQ:USDJPY,2021-12-13T17:10:00+01:00,113.518,113.518,113.484,113.486,60
SQ:USDJPY,2021-12-13T17:11:00+01:00,113.486,113.490,113.476,113.477,79
SQ:USDJPY,2021-12-13T17:12:00+01:00,113.479,113.491,113.475,113.489,76
SQ:USDJPY,2021-12-13T17:13:00+01:00,113.489,113.496,113.478,113.492,101
SQ:USDJPY,2021-12-13T17:14:00+01:00,113.492,113.495,113.480,113.483,24
SQ:USDJPY,2021-12-13T17:15:00+01:00,113.483,113.483,113.468,113.477,50
SQ:USDJPY,2021-12-13T17:16:00+01:00,113.477,113.484,113.466,113.472,44
SQ:USDJPY,2021-12-13T17:17:00+01:00,113.472,113.476,113.466,113.467,28
SQ:USDJPY,2021-12-13T17:18:00+01:00,113.467,113.467,113.458,113.458,35
SQ:USDJPY,2021-12-13T17:19:00+01:00,113.458,113.467,113.443,113.451,82
SQ:USDJPY,2021-12-13T17:20:00+01:00,113.451,113.462,113.449,113.455,69
SQ:USDJPY,2021-12-13T17:21:00+01:00,113.455,113.466,113.453,113.461,38
SQ:USDJPY,2021-12-13T17:22:00+01:00,113.461,113.461,113.448,113.459,38
SQ:USDJPY,2021-12-13T17:23:00+01:00,113.459,113.459,113.448,113.452,38
SQ:USDJPY,2021-12-13T17:24:00+01:00,113.452,113.454,113.438,113.438,87
SQ:USDJPY,2021-12-13T17:25:00+01:00,113.438,113.449,113.432,113.449,80
SQ:USDJPY,2021-12-13T17:26:00+01:00,113.449,113.461,113.447,113.449,35
SQ:USDJPY,2021-12-13T17:27:00+01:00,113.449,113.455,113.445,113.454,32
SQ:USDJPY,2021-12-13T17:28:00+01:00,113.454,113.455,113.438,113.455,50
SQ:USDJPY,2021-12-13T17:29:00+01:00,113.455,113.455,113.446,113.449,56
SQ:USDJPY,2021-12-13T17:30:00+01:00,113.449,113.453,113.443,113.443,13
SQ:USDJPY,2021-12-13T17:31:00+01:00,113.443,113.446,113.441,113.441,17
SQ:USDJPY,2021-12-13T17:32:00+01:00,113.441,113.441,113.426,113.429,38
SQ:USDJPY,2021-12-13T17:33:00+01:00,113.429,113.441,113.429,113.440,27
SQ:USDJPY,2021-12-13T17:34:00+01:00,113.440,113.446,113.433,113.434,26
SQ:USDJPY,2021-12-13T17:35:00+01:00,113.434,113.438,113.428,113.433,24
SQ:USDJPY,2021-12-13T17:36:00+01:00,113.433,113.433,113.421,113.428,22
SQ:USDJPY,2021-12-13T17:37:00+01:00,113.428,113.433,113.424,113.426,30
SQ:USDJPY,2021-12-13T17:38:00+01:00,113.426,113.428,113.421,113.427,22
SQ:USDJPY,2021-12-13T17:39:00+01:00,113.426,113.441,113.421,113.435,49
SQ:USDJPY,2021-12-13T17:40:00+01:00,113.435,113.441,113.433,113.435,18
SQ:USDJPY,2021-12-13T17:41:00+01:00,113.435,113.436,113.428,113.435,22
SQ:USDJPY,2021-12-13T17:42:00+01:00,113.435,113.436,113.415,113.416,55
SQ:USDJPY,2021-12-13T17:43:00+01:00,113.416,113.417,113.403,113.404,28
SQ:USDJPY,2021-12-13T17:44:00+01:00,113.404,113.404,113.396,113.397,33
SQ:USDJPY,2021-12-13T17:45:00+01:00,113.396,113.408,113.396,113.402,47
SQ:USDJPY,2021-12-13T17:46:00+01:00,113.402,113.410,113.402,113.409,44
SQ:USDJPY,2021-12-13T17:47:00+01:00,113.409,113.423,113.408,113.420,38
SQ:USDJPY,2021-12-13T17:48:00+01:00,113.419,113.422,113.412,113.419,41
SQ:USDJPY,2021-12-13T17:49:00+01:00,113.419,113.419,113.397,113.402,71
SQ:USDJPY,2021-12-13T17:50:00+01:00,113.401,113.404,113.395,113.395,26
SQ:USDJPY,2021-12-13T17:51:00+01:00,113.395,113.407,113.395,113.407,21
SQ:USDJPY,2021-12-13T17:52:00+01:00,113.407,113.407,113.381,113.386,25
SQ:USDJPY,2021-12-13T17:53:00+01:00,113.386,113.388,113.360,113.377,40
SQ:USDJPY,2021-12-13T17:54:00+01:00,113.377,113.382,113.374,113.381,17
SQ:USDJPY,2021-12-13T17:55:00+01:00,113.382,113.389,113.382,113.388,37
SQ:USDJPY,2021-12-13T17:56:00+01:00,113.388,113.396,113.386,113.396,36
SQ:USDJPY,2021-12-13T17:57:00+01:00,113.397,113.409,113.394,113.408,38
SQ:USDJPY,2021-12-13T17:58:00+01:00,113.407,113.420,113.402,113.418,38
SQ:USDJPY,2021-12-13T17:59:00+01:00,113.419,113.428,113.419,113.419,47
SQ:USDJPY,2021-12-13T18:00:00+01:00,113.417,113.417,113.407,113.416,61
SQ:USDJPY,2021-12-13T18:01:00+01:00,113.416,113.421,113.407,113.407,64
SQ:USDJPY,2021-12-13T18:02:00+01:00,113.407,113.412,113.399,113.400,36
SQ:USDJPY,2021-12-13T18:03:00+01:00,113.400,113.414,113.400,113.413,34
SQ:USDJPY,2021-12-13T18:04:00+01:00,113.413,113.413,113.401,113.404,20
SQ:USDJPY,2021-12-13T18:05:00+01:00,113.404,113.409,113.398,113.403,42
SQ:USDJPY,2021-12-13T18:06:00+01:00,113.406,113.408,113.398,113.403,29
SQ:USDJPY,2021-12-13T18:07:00+01:00,113.404,113.414,113.403,113.411,42
SQ:USDJPY,2021-12-13T18:08:00+01:00,113.411,113.431,113.411,113.429,37
SQ:USDJPY,2021-12-13T18:09:00+01:00,113.429,113.434,113.427,113.428,26
SQ:USDJPY,2021-12-13T18:10:00+01:00,113.427,113.433,113.427,113.430,32
SQ:USDJPY,2021-12-13T18:11:00+01:00,113.430,113.434,113.427,113.427,17
SQ:USDJPY,2021-12-13T18:12:00+01:00,113.427,113.444,113.427,113.442,38
SQ:USDJPY,2021-12-13T18:13:00+01:00,113.440,113.443,113.435,113.438,52
SQ:USDJPY,2021-12-13T18:14:00+01:00,113.439,113.447,113.437,113.440,29
SQ:USDJPY,2021-12-13T18:15:00+01:00,113.440,113.447,113.437,113.438,55
SQ:USDJPY,2021-12-13T18:16:00+01:00,113.438,113.445,113.427,113.429,49
SQ:USDJPY,2021-12-13T18:17:00+01:00,113.429,113.434,113.424,113.427,39
SQ:USDJPY,2021-12-13T18:18:00+01:00,113.427,113.428,113.418,113.418,37
SQ:USDJPY,2021-12-13T18:19:00+01:00,113.419,113.424,113.418,113.421,24
SQ:USDJPY,2021-12-13T18:20:00+01:00,113.421,113.422,113.399,113.405,44
SQ:USDJPY,2021-12-13T18:21:00+01:00,113.406,113.414,113.403,113.412,23
SQ:USDJPY,2021-12-13T18:22:00+01:00,113.412,113.412,113.398,113.401,32
SQ:USDJPY,2021-12-13T18:23:00+01:00,113.400,113.401,113.396,113.399,6
SQ:USDJPY,2021-12-13T18:24:00+01:00,113.399,113.403,113.395,113.396,34
SQ:USDJPY,2021-12-13T18:25:00+01:00,113.396,113.401,113.396,113.401,15
SQ:USDJPY,2021-12-13T18:26:00+01:00,113.400,113.405,113.399,113.402,13
SQ:USDJPY,2021-12-13T18:27:00+01:00,113.402,113.406,113.401,113.401,11
SQ:USDJPY,2021-12-13T18:28:00+01:00,113.401,113.408,113.401,113.401,30
SQ:USDJPY,2021-12-13T18:29:00+01:00,113.401,113.403,113.400,113.401,8
SQ:USDJPY,2021-12-13T18:30:00+01:00,113.401,113.402,113.397,113.400,24
SQ:USDJPY,2021-12-13T18:31:00+01:00,113.400,113.400,113.386,113.387,40
SQ:USDJPY,2021-12-13T18:32:00+01:00,113.387,113.397,113.386,113.394,28
SQ:USDJPY,2021-12-13T18:33:00+01:00,113.394,113.399,113.391,113.392,16
SQ:USDJPY,2021-12-13T18:34:00+01:00,113.392,113.392,113.382,113.385,26
SQ:USDJPY,2021-12-13T18:35:00+01:00,113.385,113.393,113.385,113.392,33
SQ:USDJPY,2021-12-13T18:36:00+01:00,113.392,113.395,113.392,113.395,4
SQ:USDJPY,2021-12-13T18:37:00+01:00,113.395,113.403,113.395,113.403,11
SQ:USDJPY,2021-12-13T18:38:00+01:00,113.404,113.414,113.404,113.414,23
SQ:USDJPY,2021-12-13T18:39:00+01:00,113.414,113.423,113.412,113.420,31
SQ:USDJPY,2021-12-13T18:40:00+01:00,113.421,113.425,113.418,113.425,16
SQ:USDJPY,2021-12-13T18:41:00+01:00,113.423,113.424,113.415,113.417,17
SQ:USDJPY,2021-12-13T18:42:00+01:00,113.416,113.426,113.416,113.426,36
SQ:USDJPY,2021-12-13T18:43:00+01:00,113.426,113.429,113.424,113.429,35
SQ:USDJPY,2021-12-13T18:44:00+01:00,113.429,113.431,113.423,113.429,35
SQ:USDJPY,2021-12-13T18:45:00+01:00,113.428,113.435,113.428,113.435,30
SQ:USDJPY,2021-12-13T18:46:00+01:00,113.435,113.453,113.435,113.453,26
SQ:USDJPY,2021-12-13T18:47:00+01:00,113.453,113.453,113.436,113.436,17
SQ:USDJPY,2021-12-13T18:48:00+01:00,113.436,113.436,113.430,113.433,9
SQ:USDJPY,2021-12-13T18:49:00+01:00,113.434,113.446,113.433,113.442,35
SQ:USDJPY,2021-12-13T18:50:00+01:00,113.444,113.454,113.444,113.452,12
SQ:USDJPY,2021-12-13T18:51:00+01:00,113.452,113.453,113.447,113.447,21
SQ:USDJPY,2021-12-13T18:52:00+01:00,113.447,113.447,113.440,113.440,16
SQ:USDJPY,2021-12-13T18:53:00+01:00,113.438,113.448,113.435,113.446,17
SQ:USDJPY,2021-12-13T18:54:00+01:00,113.446,113.446,113.439,113.444,15
SQ:USDJPY,2021-12-13T18:55:00+01:00,113.444,113.454,113.440,113.452,34
SQ:USDJPY,2021-12-13T18:56:00+01:00,113.453,113.460,113.452,113.453,24
SQ:USDJPY,2021-12-13T18:57:00+01:00,113.453,113.459,113.452,113.452,31
SQ:USDJPY,2021-12-13T18:58:00+01:00,113.452,113.454,113.451,113.451,10
SQ:USDJPY,2021-12-13T18:59:00+01:00,113.451,113.457,113.449,113.457,19
SQ:USDJPY,2021-12-13T19:00:00+01:00,113.458,113.475,113.457,113.471,42
SQ:USDJPY,2021-12-13T19:01:00+01:00,113.470,113.472,113.467,113.469,27
SQ:USDJPY,2021-12-13T19:02:00+01:00,113.470,113.471,113.466,113.470,15
SQ:USDJPY,2021-12-13T19:03:00+01:00,113.472,113.472,113.464,113.466,22
SQ:USDJPY,2021-12-13T19:04:00+01:00,113.466,113.467,113.465,113.467,6
SQ:USDJPY,2021-12-13T19:05:00+01:00,113.469,113.475,113.469,113.474,7
SQ:USDJPY,2021-12-13T19:06:00+01:00,113.473,113.474,113.466,113.467,18
SQ:USDJPY,2021-12-13T19:07:00+01:00,113.467,113.467,113.449,113.449,23
SQ:USDJPY,2021-12-13T19:08:00+01:00,113.450,113.451,113.443,113.450,20
SQ:USDJPY,2021-12-13T19:09:00+01:00,113.450,113.460,113.449,113.460,10
SQ:USDJPY,2021-12-13T19:10:00+01:00,113.460,113.461,113.458,113.459,14
SQ:USDJPY,2021-12-13T19:11:00+01:00,113.459,113.460,113.451,113.454,17
SQ:USDJPY,2021-12-13T19:12:00+01:00,113.454,113.454,113.452,113.454,3
SQ:USDJPY,2021-12-13T19:13:00+01:00,113.455,113.456,113.449,113.450,13
SQ:USDJPY,2021-12-13T19:14:00+01:00,113.450,113.450,113.436,113.438,50
SQ:USDJPY,2021-12-13T19:15:00+01:00,113.437,113.437,113.427,113.429,22
SQ:USDJPY,2021-12-13T19:16:00+01:00,113.429,113.429,113.426,113.427,13
SQ:USDJPY,2021-12-13T19:17:00+01:00,113.427,113.437,113.426,113.437,19
SQ:USDJPY,2021-12-13T19:18:00+01:00,113.436,113.441,113.434,113.437,19
SQ:USDJPY,2021-12-13T19:19:00+01:00,113.436,113.436,113.432,113.432,7
SQ:USDJPY,2021-12-13T19:20:00+01:00,113.433,113.438,113.425,113.427,30
SQ:USDJPY,2021-12-13T19:21:00+01:00,113.427,113.434,113.426,113.426,27
SQ:USDJPY,2021-12-13T19:22:00+01:00,113.426,113.431,113.421,113.431,26
SQ:USDJPY,2021-12-13T19:23:00+01:00,113.430,113.430,113.425,113.425,13
SQ:USDJPY,2021-12-13T19:24:00+01:00,113.425,113.425,113.406,113.413,15
SQ:USDJPY,2021-12-13T19:25:00+01:00,113.413,113.419,113.411,113.419,23
SQ:USDJPY,2021-12-13T19:26:00+01:00,113.419,113.420,113.416,113.418,25
SQ:USDJPY,2021-12-13T19:27:00+01:00,113.418,113.420,113.415,113.415,12
SQ:USDJPY,2021-12-13T19:28:00+01:00,113.415,113.421,113.415,113.420,11
SQ:USDJPY,2021-12-13T19:29:00+01:00,113.420,113.422,113.420,113.422,10
SQ:USDJPY,2021-12-13T19:30:00+01:00,113.422,113.439,113.421,113.431,42
SQ:USDJPY,2021-12-13T19:31:00+01:00,113.431,113.434,113.431,113.431,23
SQ:USDJPY,2021-12-13T19:32:00+01:00,113.431,113.431,113.424,113.428,10
SQ:USDJPY,2021-12-13T19:33:00+01:00,113.428,113.428,113.416,113.416,18
SQ:USDJPY,2021-12-13T19:34:00+01:00,113.416,113.429,113.415,113.427,25
SQ:USDJPY,2021-12-13T19:35:00+01:00,113.426,113.427,113.424,113.425,12
SQ:USDJPY,2021-12-13T19:36:00+01:00,113.425,113.433,113.425,113.427,24
SQ:USDJPY,2021-12-13T19:37:00+01:00,113.427,113.434,113.424,113.433,21
SQ:USDJPY,2021-12-13T19:38:00+01:00,113.432,113.437,113.431,113.434,23
SQ:USDJPY,2021-12-13T19:39:00+01:00,113.433,113.434,113.433,113.434,14
SQ:USDJPY,2021-12-13T19:40:00+01:00,113.434,113.442,113.434,113.440,18
SQ:USDJPY,2021-12-13T19:41:00+01:00,113.440,113.453,113.440,113.446,33
SQ:USDJPY,2021-12-13T19:42:00+01:00,113.445,113.447,113.444,113.445,13
SQ:USDJPY,2021-12-13T19:43:00+01:00,113.445,113.447,113.440,113.446,21
SQ:USDJPY,2021-12-13T19:44:00+01:00,113.446,113.457,113.445,113.457,24
SQ:USDJPY,2021-12-13T19:45:00+01:00,113.457,113.460,113.453,113.453,18
SQ:USDJPY,2021-12-13T19:46:00+01:00,113.453,113.454,113.447,113.447,8
SQ:USDJPY,2021-12-13T19:47:00+01:00,113.447,113.447,113.437,113.438,20
SQ:USDJPY,2021-12-13T19:48:00+01:00,113.438,113.439,113.429,113.429,31
SQ:USDJPY,2021-12-13T19:49:00+01:00,113.429,113.429,113.425,113.425,13
SQ:USDJPY,2021-12-13T19:50:00+01:00,113.425,113.439,113.425,113.439,26
SQ:USDJPY,2021-12-13T19:51:00+01:00,113.439,113.442,113.434,113.442,21
SQ:USDJPY,2021-12-13T19:52:00+01:00,113.443,113.452,113.442,113.451,40
SQ:USDJPY,2021-12-13T19:53:00+01:00,113.452,113.459,113.451,113.459,39
SQ:USDJPY,2021-12-13T19:54:00+01:00,113.459,113.465,113.458,113.464,18
SQ:USDJPY,2021-12-13T19:55:00+01:00,113.464,113.464,113.455,113.455,14
SQ:USDJPY,2021-12-13T19:56:00+01:00,113.455,113.455,113.449,113.450,7
SQ:USDJPY,2021-12-13T19:57:00+01:00,113.450,113.453,113.448,113.453,29
SQ:USDJPY,2021-12-13T19:58:00+01:00,113.457,113.459,113.455,113.455,10
SQ:USDJPY,2021-12-13T19:59:00+01:00,113.455,113.455,113.451,113.453,17
SQ:USDJPY,2021-12-13T20:00:00+01:00,113.453,113.460,113.453,113.454,33
SQ:USDJPY,2021-12-13T20:01:00+01:00,113.455,113.459,113.454,113.454,34
SQ:USDJPY,2021-12-13T20:02:00+01:00,113.454,113.462,113.454,113.461,27
SQ:USDJPY,2021-12-13T20:03:00+01:00,113.462,113.462,113.454,113.460,21
SQ:USDJPY,2021-12-13T20:04:00+01:00,113.459,113.461,113.459,113.461,15
SQ:USDJPY,2021-12-13T20:05:00+01:00,113.461,113.467,113.461,113.466,11
SQ:USDJPY,2021-12-13T20:06:00+01:00,113.466,113.474,113.466,113.472,40
SQ:USDJPY,2021-12-13T20:07:00+01:00,113.472,113.479,113.468,113.478,59
SQ:USDJPY,2021-12-13T20:08:00+01:00,113.478,113.479,113.477,113.478,9
SQ:USDJPY,2021-12-13T20:09:00+01:00,113.478,113.478,113.473,113.474,24
SQ:USDJPY,2021-12-13T20:10:00+01:00,113.474,113.474,113.468,113.469,12
SQ:USDJPY,2021-12-13T20:11:00+01:00,113.470,113.479,113.468,113.478,40
SQ:USDJPY,2021-12-13T20:12:00+01:00,113.479,113.479,113.471,113.472,36
SQ:USDJPY,2021-12-13T20:13:00+01:00,113.472,113.474,113.472,113.474,35
SQ:USDJPY,2021-12-13T20:14:00+01:00,113.474,113.479,113.473,113.475,36
SQ:USDJPY,2021-12-13T20:15:00+01:00,113.475,113.487,113.474,113.487,11
SQ:USDJPY,2021-12-13T20:16:00+01:00,113.487,113.487,113.477,113.478,23
SQ:USDJPY,2021-12-13T20:17:00+01:00,113.480,113.480,113.471,113.473,18
SQ:USDJPY,2021-12-13T20:18:00+01:00,113.474,113.481,113.472,113.481,28
SQ:USDJPY,2021-12-13T20:19:00+01:00,113.481,113.485,113.480,113.481,22
SQ:USDJPY,2021-12-13T20:20:00+01:00,113.480,113.488,113.480,113.488,12
SQ:USDJPY,2021-12-13T20:21:00+01:00,113.488,113.491,113.487,113.487,14
SQ:USDJPY,2021-12-13T20:22:00+01:00,113.488,113.492,113.486,113.491,30
SQ:USDJPY,2021-12-13T20:23:00+01:00,113.491,113.500,113.491,113.500,26
SQ:USDJPY,2021-12-13T20:24:00+01:00,113.500,113.503,113.498,113.502,14
SQ:USDJPY,2021-12-13T20:25:00+01:00,113.502,113.505,113.499,113.500,19
SQ:USDJPY,2021-12-13T20:26:00+01:00,113.500,113.500,113.493,113.495,14
SQ:USDJPY,2021-12-13T20:27:00+01:00,113.495,113.497,113.495,113.495,6
SQ:USDJPY,2021-12-13T20:28:00+01:00,113.495,113.496,113.486,113.486,17
SQ:USDJPY,2021-12-13T20:29:00+01:00,113.486,113.486,113.479,113.482,26
SQ:USDJPY,2021-12-13T20:30:00+01:00,113.482,113.486,113.476,113.481,41
SQ:USDJPY,2021-12-13T20:31:00+01:00,113.481,113.481,113.475,113.481,18
SQ:USDJPY,2021-12-13T20:32:00+01:00,113.480,113.484,113.477,113.481,26
SQ:USDJPY,2021-12-13T20:33:00+01:00,113.481,113.485,113.480,113.481,12
SQ:USDJPY,2021-12-13T20:34:00+01:00,113.481,113.486,113.481,113.481,25
SQ:USDJPY,2021-12-13T20:35:00+01:00,113.480,113.481,113.472,113.474,20
SQ:USDJPY,2021-12-13T20:36:00+01:00,113.474,113.478,113.469,113.473,17
SQ:USDJPY,2021-12-13T20:37:00+01:00,113.473,113.473,113.468,113.470,23
SQ:USDJPY,2021-12-13T20:38:00+01:00,113.469,113.469,113.468,113.468,12
SQ:USDJPY,2021-12-13T20:39:00+01:00,113.468,113.469,113.468,113.469,20
SQ:USDJPY,2021-12-13T20:40:00+01:00,113.468,113.469,113.467,113.468,15
SQ:USDJPY,2021-12-13T20:41:00+01:00,113.468,113.482,113.466,113.481,24
SQ:USDJPY,2021-12-13T20:42:00+01:00,113.481,113.486,113.477,113.478,45
SQ:USDJPY,2021-12-13T20:43:00+01:00,113.477,113.477,113.474,113.475,13
SQ:USDJPY,2021-12-13T20:44:00+01:00,113.474,113.481,113.474,113.480,29
SQ:USDJPY,2021-12-13T20:45:00+01:00,113.480,113.486,113.480,113.486,13
SQ:USDJPY,2021-12-13T20:46:00+01:00,113.486,113.487,113.481,113.487,16
SQ:USDJPY,2021-12-13T20:47:00+01:00,113.487,113.493,113.486,113.489,21
SQ:USDJPY,2021-12-13T20:48:00+01:00,113.489,113.498,113.488,113.493,23
SQ:USDJPY,2021-12-13T20:49:00+01:00,113.493,113.498,113.491,113.494,39
SQ:USDJPY,2021-12-13T20:50:00+01:00,113.493,113.505,113.492,113.494,36
SQ:USDJPY,2021-12-13T20:51:00+01:00,113.494,113.501,113.494,113.497,20
SQ:USDJPY,2021-12-13T20:52:00+01:00,113.497,113.500,113.494,113.494,12
SQ:USDJPY,2021-12-13T20:53:00+01:00,113.494,113.495,113.490,113.495,29
SQ:USDJPY,2021-12-13T20:54:00+01:00,113.495,113.507,113.493,113.506,29
SQ:USDJPY,2021-12-13T20:55:00+01:00,113.506,113.512,113.498,113.512,33
SQ:USDJPY,2021-12-13T20:56:00+01:00,113.512,113.513,113.511,113.513,15
SQ:USDJPY,2021-12-13T20:57:00+01:00,113.513,113.521,113.512,113.519,18
SQ:USDJPY,2021-12-13T20:58:00+01:00,113.519,113.522,113.518,113.520,29
SQ:USDJPY,2021-12-13T20:59:00+01:00,113.520,113.525,113.511,113.516,70
SQ:USDJPY,2021-12-13T21:00:00+01:00,113.516,113.518,113.498,113.499,32
SQ:USDJPY,2021-12-13T21:01:00+01:00,113.499,113.499,113.484,113.486,38
SQ:USDJPY,2021-12-13T21:02:00+01:00,113.486,113.496,113.486,113.495,28
SQ:USDJPY,2021-12-13T21:03:00+01:00,113.495,113.505,113.495,113.505,9
SQ:USDJPY,2021-12-13T21:04:00+01:00,113.505,113.511,113.505,113.511,5
SQ:USDJPY,2021-12-13T21:05:00+01:00,113.511,113.518,113.500,113.504,20
SQ:USDJPY,2021-12-13T21:06:00+01:00,113.504,113.507,113.500,113.507,21
SQ:USDJPY,2021-12-13T21:07:00+01:00,113.507,113.508,113.504,113.505,21
SQ:USDJPY,2021-12-13T21:08:00+01:00,113.505,113.513,113.505,113.512,36
SQ:USDJPY,2021-12-13T21:09:00+01:00,113.512,113.514,113.509,113.511,19
SQ:USDJPY,2021-12-13T21:10:00+01:00,113.511,113.519,113.511,113.517,19
SQ:USDJPY,2021-12-13T21:11:00+01:00,113.517,113.518,113.515,113.515,9
SQ:USDJPY,2021-12-13T21:12:00+01:00,113.515,113.526,113.514,113.526,11
SQ:USDJPY,2021-12-13T21:13:00+01:00,113.526,113.526,113.521,113.526,9
SQ:USDJPY,2021-12-13T21:14:00+01:00,113.525,113.532,113.525,113.532,13
SQ:USDJPY,2021-12-13T21:15:00+01:00,113.532,113.533,113.520,113.522,39
SQ:USDJPY,2021-12-13T21:16:00+01:00,113.523,113.527,113.522,113.526,10
SQ:USDJPY,2021-12-13T21:17:00+01:00,113.526,113.532,113.526,113.531,15
SQ:USDJPY,2021-12-13T21:18:00+01:00,113.531,113.541,113.531,113.531,22
SQ:USDJPY,2021-12-13T21:19:00+01:00,113.531,113.532,113.525,113.525,22
SQ:USDJPY,2021-12-13T21:20:00+01:00,113.525,113.526,113.523,113.525,14
SQ:USDJPY,2021-12-13T21:21:00+01:00,113.525,113.531,113.524,113.526,32
SQ:USDJPY,2021-12-13T21:22:00+01:00,113.525,113.531,113.524,113.526,11
SQ:USDJPY,2021-12-13T21:23:00+01:00,113.526,113.531,113.524,113.529,14
SQ:USDJPY,2021-12-13T21:24:00+01:00,113.529,113.531,113.525,113.530,32
SQ:USDJPY,2021-12-13T21:25:00+01:00,113.529,113.536,113.529,113.530,24
SQ:USDJPY,2021-12-13T21:26:00+01:00,113.530,113.537,113.528,113.532,28
SQ:USDJPY,2021-12-13T21:27:00+01:00,113.533,113.535,113.531,113.534,9
SQ:USDJPY,2021-12-13T21:28:00+01:00,113.535,113.538,113.531,113.532,25
SQ:USDJPY,2021-12-13T21:29:00+01:00,113.532,113.538,113.532,113.535,36
SQ:USDJPY,2021-12-13T21:30:00+01:00,113.535,113.538,113.522,113.525,21
SQ:USDJPY,2021-12-13T21:31:00+01:00,113.523,113.523,113.516,113.519,13
SQ:USDJPY,2021-12-13T21:32:00+01:00,113.519,113.523,113.517,113.519,33
SQ:USDJPY,2021-12-13T21:33:00+01:00,113.520,113.534,113.520,113.533,28
SQ:USDJPY,2021-12-13T21:34:00+01:00,113.533,113.539,113.532,113.539,13
SQ:USDJPY,2021-12-13T21:35:00+01:00,113.538,113.547,113.537,113.547,23
SQ:USDJPY,2021-12-13T21:36:00+01:00,113.547,113.552,113.544,113.548,27
SQ:USDJPY,2021-12-13T21:37:00+01:00,113.547,113.551,113.543,113.551,27
SQ:USDJPY,2021-12-13T21:38:00+01:00,113.551,113.555,113.549,113.555,30
SQ:USDJPY,2021-12-13T21:39:00+01:00,113.554,113.564,113.554,113.564,36
SQ:USDJPY,2021-12-13T21:40:00+01:00,113.564,113.573,113.563,113.571,28
SQ:USDJPY,2021-12-13T21:41:00+01:00,113.572,113.574,113.566,113.572,24
SQ:USDJPY,2021-12-13T21:42:00+01:00,113.572,113.572,113.559,113.559,11
SQ:USDJPY,2021-12-13T21:43:00+01:00,113.558,113.564,113.557,113.564,8
SQ:USDJPY,2021-12-13T21:44:00+01:00,113.564,113.566,113.559,113.561,13
SQ:USDJPY,2021-12-13T21:45:00+01:00,113.560,113.566,113.559,113.565,10
SQ:USDJPY,2021-12-13T21:46:00+01:00,113.565,113.569,113.563,113.569,15
SQ:USDJPY,2021-12-13T21:47:00+01:00,113.568,113.573,113.565,113.572,15
SQ:USDJPY,2021-12-13T21:48:00+01:00,113.572,113.582,113.571,113.578,45
SQ:USDJPY,2021-12-13T21:49:00+01:00,113.579,113.587,113.575,113.581,31
SQ:USDJPY,2021-12-13T21:50:00+01:00,113.580,113.580,113.565,113.570,42
SQ:USDJPY,2021-12-13T21:51:00+01:00,113.570,113.574,113.566,113.572,43
SQ:USDJPY,2021-12-13T21:52:00+01:00,113.572,113.572,113.566,113.566,22
SQ:USDJPY,2021-12-13T21:53:00+01:00,113.566,113.571,113.565,113.571,15
SQ:USDJPY,2021-12-13T21:54:00+01:00,113.571,113.575,113.556,113.556,30
SQ:USDJPY,2021-12-13T21:55:00+01:00,113.555,113.561,113.551,113.552,35
SQ:USDJPY,2021-12-13T21:56:00+01:00,113.552,113.553,113.542,113.546,45
SQ:USDJPY,2021-12-13T21:57:00+01:00,113.546,113.585,113.544,113.583,95
SQ:USDJPY,2021-12-13T21:58:00+01:00,113.582,113.595,113.575,113.582,91
SQ:USDJPY,2021-12-13T21:59:00+01:00,113.582,113.597,113.582,113.586,71
SQ:USDJPY,2021-12-13T22:00:00+01:00,113.586,113.596,113.575,113.575,61
SQ:USDJPY,2021-12-13T22:01:00+01:00,113.576,113.592,113.570,113.578,59
SQ:USDJPY,2021-12-13T22:02:00+01:00,113.578,113.586,113.577,113.578,20
SQ:USDJPY,2021-12-13T22:03:00+01:00,113.578,113.578,113.571,113.572,20
SQ:USDJPY,2021-12-13T22:04:00+01:00,113.572,113.576,113.570,113.576,15
SQ:USDJPY,2021-12-13T22:05:00+01:00,113.576,113.578,113.571,113.577,17
SQ:USDJPY,2021-12-13T22:06:00+01:00,113.577,113.578,113.577,113.578,2
SQ:USDJPY,2021-12-13T22:07:00+01:00,113.577,113.583,113.577,113.577,12
SQ:USDJPY,2021-12-13T22:08:00+01:00,113.577,113.578,113.574,113.576,12
SQ:USDJPY,2021-12-13T22:09:00+01:00,113.576,113.576,113.571,113.571,5
SQ:USDJPY,2021-12-13T22:10:00+01:00,113.568,113.573,113.567,113.573,17
SQ:USDJPY,2021-12-13T22:11:00+01:00,113.573,113.573,113.573,113.573,1
SQ:USDJPY,2021-12-13T22:12:00+01:00,113.573,113.574,113.568,113.570,7
SQ:USDJPY,2021-12-13T22:13:00+01:00,113.570,113.571,113.564,113.569,15
SQ:USDJPY,2021-12-13T22:14:00+01:00,113.569,113.572,113.567,113.572,12
SQ:USDJPY,2021-12-13T22:15:00+01:00,113.572,113.572,113.569,113.571,9
SQ:USDJPY,2021-12-13T22:16:00+01:00,113.571,113.571,113.563,113.563,4
SQ:USDJPY,2021-12-13T22:17:00+01:00,113.564,113.564,113.558,113.558,8
SQ:USDJPY,2021-12-13T22:18:00+01:00,113.558,113.558,113.557,113.557,2
SQ:USDJPY,2021-12-13T22:19:00+01:00,113.556,113.559,113.556,113.557,10
SQ:USDJPY,2021-12-13T22:20:00+01:00,113.556,113.556,113.550,113.555,11
SQ:USDJPY,2021-12-13T22:21:00+01:00,113.555,113.555,113.549,113.553,20
SQ:USDJPY,2021-12-13T22:22:00+01:00,113.553,113.553,113.548,113.548,8
SQ:USDJPY,2021-12-13T22:23:00+01:00,113.550,113.550,113.546,113.547,6
SQ:USDJPY,2021-12-13T22:24:00+01:00,113.547,113.547,113.544,113.544,3
SQ:USDJPY,2021-12-13T22:25:00+01:00,113.544,113.544,113.540,113.542,8
SQ:USDJPY,2021-12-13T22:26:00+01:00,113.543,113.543,113.536,113.542,20
SQ:USDJPY,2021-12-13T22:27:00+01:00,113.542,113.543,113.537,113.539,26
SQ:USDJPY,2021-12-13T22:28:00+01:00,113.539,113.557,113.539,113.557,32
SQ:USDJPY,2021-12-13T22:29:00+01:00,113.558,113.561,113.556,113.557,25
SQ:USDJPY,2021-12-13T22:30:00+01:00,113.556,113.569,113.556,113.565,17
SQ:USDJPY,2021-12-13T22:31:00+01:00,113.565,113.584,113.564,113.577,24
SQ:USDJPY,2021-12-13T22:32:00+01:00,113.577,113.581,113.571,113.576,26
SQ:USDJPY,2021-12-13T22:33:00+01:00,113.576,113.578,113.570,113.570,11
SQ:USDJPY,2021-12-13T22:34:00+01:00,113.570,113.570,113.570,113.570,1
SQ:USDJPY,2021-12-13T22:35:00+01:00,113.570,113.570,113.559,113.560,13
SQ:USDJPY,2021-12-13T22:36:00+01:00,113.560,113.560,113.557,113.558,5
SQ:USDJPY,2021-12-13T22:37:00+01:00,113.557,113.558,113.557,113.558,2
SQ:USDJPY,2021-12-13T22:38:00+01:00,113.559,113.565,113.559,113.564,6
SQ:USDJPY,2021-12-13T22:39:00+01:00,113.564,113.564,113.560,113.562,13
SQ:USDJPY,2021-12-13T22:40:00+01:00,113.562,113.567,113.562,113.567,7
SQ:USDJPY,2021-12-13T22:41:00+01:00,113.566,113.570,113.566,113.567,10
SQ:USDJPY,2021-12-13T22:42:00+01:00,113.567,113.567,113.562,113.567,18
SQ:USDJPY,2021-12-13T22:43:00+01:00,113.565,113.580,113.564,113.578,23
SQ:USDJPY,2021-12-13T22:44:00+01:00,113.578,113.589,113.577,113.585,24
SQ:USDJPY,2021-12-13T22:45:00+01:00,113.585,113.593,113.584,113.590,24
SQ:USDJPY,2021-12-13T22:46:00+01:00,113.591,113.592,113.578,113.578,31
SQ:USDJPY,2021-12-13T22:47:00+01:00,113.578,113.579,113.572,113.574,18
SQ:USDJPY,2021-12-13T22:48:00+01:00,113.575,113.576,113.574,113.576,9
SQ:USDJPY,2021-12-13T22:49:00+01:00,113.574,113.583,113.574,113.579,20
SQ:USDJPY,2021-12-13T22:50:00+01:00,113.579,113.581,113.578,113.579,11
SQ:USDJPY,2021-12-13T22:51:00+01:00,113.579,113.579,113.574,113.574,3
SQ:USDJPY,2021-12-13T22:52:00+01:00,113.574,113.575,113.568,113.568,8
SQ:USDJPY,2021-12-13T22:53:00+01:00,113.568,113.569,113.565,113.568,16
SQ:USDJPY,2021-12-13T22:54:00+01:00,113.566,113.574,113.566,113.570,25
SQ:USDJPY,2021-12-13T23:01:00+01:00,113.310,113.313,113.310,113.311,4
SQ:USDJPY,2021-12-13T23:02:00+01:00,113.447,113.447,113.447,113.447,1
SQ:USDJPY,2021-12-13T23:03:00+01:00,113.447,113.456,113.447,113.454,4
SQ:USDJPY,2021-12-13T23:04:00+01:00,113.454,113.503,113.454,113.503,5
SQ:USDJPY,2021-12-13T23:05:00+01:00,113.504,113.532,113.502,113.530,9
SQ:USDJPY,2021-12-13T23:06:00+01:00,113.539,113.545,113.539,113.545,3
SQ:USDJPY,2021-12-13T23:07:00+01:00,113.545,113.545,113.545,113.545,1
SQ:USDJPY,2021-12-13T23:08:00+01:00,113.545,113.545,113.544,113.545,5
SQ:USDJPY,2021-12-13T23:09:00+01:00,113.545,113.545,113.545,113.545,1
SQ:USDJPY,2021-12-13T23:10:00+01:00,113.545,113.545,113.545,113.545,1
SQ:USDJPY,2021-12-13T23:12:00+01:00,113.545,113.554,113.545,113.549,7
SQ:USDJPY,2021-12-13T23:13:00+01:00,113.549,113.553,113.545,113.547,7
SQ:USDJPY,2021-12-13T23:14:00+01:00,113.547,113.549,113.546,113.548,4
SQ:USDJPY,2021-12-13T23:15:00+01:00,113.548,113.548,113.548,113.548,1
SQ:USDJPY,2021-12-13T23:16:00+01:00,113.547,113.547,113.547,113.547,1
SQ:USDJPY,2021-12-13T23:17:00+01:00,113.547,113.548,113.547,113.547,3
SQ:USDJPY,2021-12-13T23:18:00+01:00,113.547,113.548,113.547,113.547,3
SQ:USDJPY,2021-12-13T23:19:00+01:00,113.547,113.547,113.544,113.545,3
SQ:USDJPY,2021-12-13T23:20:00+01:00,113.545,113.545,113.545,113.545,1
SQ:USDJPY,2021-12-13T23:21:00+01:00,113.559,113.561,113.550,113.559,8
SQ:USDJPY,2021-12-13T23:22:00+01:00,113.559,113.564,113.559,113.564,3
SQ:USDJPY,2021-12-13T23:23:00+01:00,113.564,113.564,113.564,113.564,1
SQ:USDJPY,2021-12-13T23:24:00+01:00,113.564,113.564,113.564,113.564,1
SQ:USDJPY,2021-12-13T23:25:00+01:00,113.564,113.564,113.564,113.564,1
SQ:USDJPY,2021-12-13T23:26:00+01:00,113.564,113.564,113.564,113.564,1
SQ:USDJPY,2021-12-13T23:27:00+01:00,113.564,113.564,113.564,113.564,1
SQ:USDJPY,2021-12-13T23:28:00+01:00,113.564,113.571,113.564,113.569,6
SQ:USDJPY,2021-12-13T23:29:00+01:00,113.571,113.580,113.565,113.565,14
SQ:USDJPY,2021-12-13T23:30:00+01:00,113.564,113.579,113.564,113.567,15
SQ:USDJPY,2021-12-13T23:31:00+01:00,113.564,113.580,113.564,113.580,10
SQ:USDJPY,2021-12-13T23:32:00+01:00,113.579,113.585,113.578,113.581,14
SQ:USDJPY,2021-12-13T23:33:00+01:00,113.579,113.587,113.578,113.581,22
SQ:USDJPY,2021-12-13T23:34:00+01:00,113.581,113.581,113.570,113.580,50
SQ:USDJPY,2021-12-13T23:35:00+01:00,113.580,113.580,113.571,113.571,11
SQ:USDJPY,2021-12-13T23:36:00+01:00,113.571,113.581,113.571,113.575,8
SQ:USDJPY,2021-12-13T23:37:00+01:00,113.576,113.577,113.572,113.572,3
SQ:USDJPY,2021-12-13T23:38:00+01:00,113.571,113.581,113.571,113.581,4
SQ:USDJPY,2021-12-13T23:39:00+01:00,113.581,113.587,113.580,113.582,6
SQ:USDJPY,2021-12-13T23:40:00+01:00,113.581,113.582,113.580,113.581,6
SQ:USDJPY,2021-12-13T23:41:00+01:00,113.581,113.582,113.581,113.581,5
SQ:USDJPY,2021-12-13T23:42:00+01:00,113.582,113.583,113.580,113.580,6
SQ:USDJPY,2021-12-13T23:43:00+01:00,113.580,113.580,113.579,113.580,3
SQ:USDJPY,2021-12-13T23:44:00+01:00,113.580,113.583,113.575,113.575,20
SQ:USDJPY,2021-12-13T23:45:00+01:00,113.575,113.580,113.575,113.579,11
SQ:USDJPY,2021-12-13T23:46:00+01:00,113.580,113.580,113.578,113.578,3
SQ:USDJPY,2021-12-13T23:47:00+01:00,113.578,113.578,113.575,113.575,8
SQ:USDJPY,2021-12-13T23:48:00+01:00,113.575,113.577,113.575,113.577,5
SQ:USDJPY,2021-12-13T23:49:00+01:00,113.577,113.578,113.575,113.575,9
SQ:USDJPY,2021-12-13T23:50:00+01:00,113.575,113.576,113.575,113.576,6
SQ:USDJPY,2021-12-13T23:51:00+01:00,113.576,113.580,113.576,113.580,4
SQ:USDJPY,2021-12-13T23:52:00+01:00,113.580,113.582,113.580,113.581,6
SQ:USDJPY,2021-12-13T23:53:00+01:00,113.580,113.582,113.579,113.582,20
SQ:USDJPY,2021-12-13T23:54:00+01:00,113.583,113.583,113.572,113.580,61
SQ:USDJPY,2021-12-13T23:55:00+01:00,113.581,113.581,113.577,113.581,31
SQ:USDJPY,2021-12-13T23:56:00+01:00,113.581,113.582,113.581,113.582,6
SQ:USDJPY,2021-12-13T23:57:00+01:00,113.581,113.581,113.579,113.579,5
SQ:USDJPY,2021-12-13T23:58:00+01:00,113.579,113.581,113.579,113.581,11
SQ:USDJPY,2021-12-13T23:59:00+01:00,113.580,113.582,113.568,113.568,15
