SQ:XAGUSD,2018-12-05T00:00:00+01:00,14.4945,14.5070,14.4945,14.5070,2
SQ:XAGUSD,2018-12-05T00:01:00+01:00,14.5070,14.5075,14.5045,14.5060,18
SQ:XAGUSD,2018-12-05T00:03:00+01:00,14.5085,14.5095,14.5065,14.5085,9
SQ:XAGUSD,2018-12-05T00:04:00+01:00,14.5085,14.5095,14.5085,14.5095,2
SQ:XAGUSD,2018-12-05T00:05:00+01:00,14.5075,14.5115,14.5075,14.5105,10
SQ:XAGUSD,2018-12-05T00:06:00+01:00,14.5095,14.5105,14.5095,14.5105,2
SQ:XAGUSD,2018-12-05T00:07:00+01:00,14.5105,14.5105,14.5085,14.5095,3
SQ:XAGUSD,2018-12-05T00:08:00+01:00,14.5095,14.5095,14.5065,14.5085,4
SQ:XAGUSD,2018-12-05T00:09:00+01:00,14.5075,14.5105,14.5075,14.5095,5
SQ:XAGUSD,2018-12-05T00:10:00+01:00,14.5095,14.5095,14.5075,14.5075,5
SQ:XAGUSD,2018-12-05T00:11:00+01:00,14.5075,14.5075,14.5045,14.5055,6
SQ:XAGUSD,2018-12-05T00:12:00+01:00,14.5055,14.5055,14.5055,14.5055,2
SQ:XAGUSD,2018-12-05T00:13:00+01:00,14.5055,14.5065,14.5055,14.5065,3
SQ:XAGUSD,2018-12-05T00:14:00+01:00,14.5065,14.5095,14.5065,14.5075,3
SQ:XAGUSD,2018-12-05T00:16:00+01:00,14.5085,14.5095,14.5075,14.5095,4
SQ:XAGUSD,2018-12-05T00:17:00+01:00,14.5095,14.5095,14.5075,14.5075,4
SQ:XAGUSD,2018-12-05T00:18:00+01:00,14.5095,14.5095,14.5095,14.5095,2
SQ:XAGUSD,2018-12-05T00:19:00+01:00,14.5105,14.5105,14.5095,14.5105,4
SQ:XAGUSD,2018-12-05T00:20:00+01:00,14.5105,14.5105,14.5085,14.5095,4
SQ:XAGUSD,2018-12-05T00:21:00+01:00,14.5105,14.5115,14.5085,14.5085,5
SQ:XAGUSD,2018-12-05T00:22:00+01:00,14.5095,14.5105,14.5085,14.5095,6
SQ:XAGUSD,2018-12-05T00:23:00+01:00,14.5085,14.5125,14.5085,14.5125,3
SQ:XAGUSD,2018-12-05T00:24:00+01:00,14.5145,14.5165,14.5135,14.5165,8
SQ:XAGUSD,2018-12-05T00:25:00+01:00,14.5155,14.5195,14.5155,14.5185,11
SQ:XAGUSD,2018-12-05T00:26:00+01:00,14.5175,14.5185,14.5135,14.5135,10
SQ:XAGUSD,2018-12-05T00:27:00+01:00,14.5135,14.5135,14.5125,14.5125,9
SQ:XAGUSD,2018-12-05T00:28:00+01:00,14.5145,14.5215,14.5125,14.5205,14
SQ:XAGUSD,2018-12-05T00:29:00+01:00,14.5205,14.5215,14.5185,14.5215,15
SQ:XAGUSD,2018-12-05T00:30:00+01:00,14.5215,14.5215,14.5195,14.5205,17
SQ:XAGUSD,2018-12-05T00:31:00+01:00,14.5205,14.5215,14.5195,14.5215,12
SQ:XAGUSD,2018-12-05T00:32:00+01:00,14.5215,14.5215,14.5215,14.5215,5
SQ:XAGUSD,2018-12-05T00:33:00+01:00,14.5215,14.5215,14.5215,14.5215,8
SQ:XAGUSD,2018-12-05T00:34:00+01:00,14.5215,14.5215,14.5175,14.5175,11
SQ:XAGUSD,2018-12-05T00:35:00+01:00,14.5165,14.5175,14.5165,14.5165,3
SQ:XAGUSD,2018-12-05T00:36:00+01:00,14.5165,14.5165,14.5145,14.5145,4
SQ:XAGUSD,2018-12-05T00:37:00+01:00,14.5145,14.5155,14.5135,14.5145,15
SQ:XAGUSD,2018-12-05T00:38:00+01:00,14.5145,14.5155,14.5145,14.5155,2
SQ:XAGUSD,2018-12-05T00:39:00+01:00,14.5135,14.5145,14.5125,14.5125,7
SQ:XAGUSD,2018-12-05T00:40:00+01:00,14.5135,14.5155,14.5125,14.5125,7
SQ:XAGUSD,2018-12-05T00:41:00+01:00,14.5145,14.5145,14.5125,14.5125,7
SQ:XAGUSD,2018-12-05T00:42:00+01:00,14.5125,14.5135,14.5125,14.5125,3
SQ:XAGUSD,2018-12-05T00:43:00+01:00,14.5125,14.5125,14.5125,14.5125,3
SQ:XAGUSD,2018-12-05T00:44:00+01:00,14.5135,14.5135,14.5135,14.5135,1
SQ:XAGUSD,2018-12-05T00:45:00+01:00,14.5155,14.5175,14.5155,14.5175,9
SQ:XAGUSD,2018-12-05T00:46:00+01:00,14.5175,14.5175,14.5155,14.5165,8
SQ:XAGUSD,2018-12-05T00:47:00+01:00,14.5175,14.5175,14.5155,14.5175,16
SQ:XAGUSD,2018-12-05T00:48:00+01:00,14.5175,14.5175,14.5175,14.5175,3
SQ:XAGUSD,2018-12-05T00:49:00+01:00,14.5175,14.5175,14.5175,14.5175,8
SQ:XAGUSD,2018-12-05T00:50:00+01:00,14.5165,14.5175,14.5165,14.5175,2
SQ:XAGUSD,2018-12-05T00:52:00+01:00,14.5175,14.5175,14.5175,14.5175,3
SQ:XAGUSD,2018-12-05T00:53:00+01:00,14.5175,14.5175,14.5165,14.5165,2
SQ:XAGUSD,2018-12-05T00:54:00+01:00,14.5175,14.5195,14.5175,14.5175,6
SQ:XAGUSD,2018-12-05T00:55:00+01:00,14.5165,14.5175,14.5125,14.5125,5
SQ:XAGUSD,2018-12-05T00:56:00+01:00,14.5125,14.5125,14.5125,14.5125,3
SQ:XAGUSD,2018-12-05T00:57:00+01:00,14.5125,14.5125,14.5125,14.5125,3
SQ:XAGUSD,2018-12-05T00:58:00+01:00,14.5115,14.5125,14.5105,14.5125,11
SQ:XAGUSD,2018-12-05T00:59:00+01:00,14.5105,14.5125,14.5095,14.5125,9
SQ:XAGUSD,2018-12-05T01:00:00+01:00,14.5125,14.5125,14.5095,14.5095,10
SQ:XAGUSD,2018-12-05T01:01:00+01:00,14.5095,14.5095,14.5085,14.5085,2
SQ:XAGUSD,2018-12-05T01:02:00+01:00,14.5085,14.5085,14.5085,14.5085,3
SQ:XAGUSD,2018-12-05T01:03:00+01:00,14.5095,14.5095,14.5065,14.5065,6
SQ:XAGUSD,2018-12-05T01:04:00+01:00,14.5045,14.5085,14.5035,14.5050,15
SQ:XAGUSD,2018-12-05T01:05:00+01:00,14.5045,14.5085,14.5035,14.5085,12
SQ:XAGUSD,2018-12-05T01:06:00+01:00,14.5075,14.5125,14.5055,14.5085,27
SQ:XAGUSD,2018-12-05T01:07:00+01:00,14.5085,14.5085,14.5045,14.5055,9
SQ:XAGUSD,2018-12-05T01:08:00+01:00,14.5065,14.5075,14.5035,14.5035,16
SQ:XAGUSD,2018-12-05T01:09:00+01:00,14.5045,14.5045,14.4995,14.5025,19
SQ:XAGUSD,2018-12-05T01:10:00+01:00,14.5025,14.5025,14.4985,14.5005,17
SQ:XAGUSD,2018-12-05T01:11:00+01:00,14.4995,14.5005,14.4935,14.4945,16
SQ:XAGUSD,2018-12-05T01:12:00+01:00,14.4945,14.5035,14.4945,14.4985,12
SQ:XAGUSD,2018-12-05T01:13:00+01:00,14.4995,14.5015,14.4985,14.5015,16
SQ:XAGUSD,2018-12-05T01:14:00+01:00,14.5005,14.5005,14.4975,14.4975,7
SQ:XAGUSD,2018-12-05T01:15:00+01:00,14.4955,14.4975,14.4945,14.4945,13
SQ:XAGUSD,2018-12-05T01:16:00+01:00,14.4965,14.4965,14.4945,14.4945,8
SQ:XAGUSD,2018-12-05T01:17:00+01:00,14.4935,14.4945,14.4935,14.4945,2
SQ:XAGUSD,2018-12-05T01:18:00+01:00,14.4955,14.4965,14.4915,14.4915,7
SQ:XAGUSD,2018-12-05T01:19:00+01:00,14.4905,14.4905,14.4895,14.4895,2
SQ:XAGUSD,2018-12-05T01:20:00+01:00,14.4895,14.4935,14.4895,14.4935,14
SQ:XAGUSD,2018-12-05T01:21:00+01:00,14.4925,14.4935,14.4915,14.4935,15
SQ:XAGUSD,2018-12-05T01:22:00+01:00,14.4925,14.4925,14.4895,14.4895,12
SQ:XAGUSD,2018-12-05T01:23:00+01:00,14.4895,14.4905,14.4895,14.4895,3
SQ:XAGUSD,2018-12-05T01:24:00+01:00,14.4905,14.4935,14.4885,14.4885,11
SQ:XAGUSD,2018-12-05T01:25:00+01:00,14.4915,14.4915,14.4885,14.4895,5
SQ:XAGUSD,2018-12-05T01:26:00+01:00,14.4895,14.4895,14.4895,14.4895,1
SQ:XAGUSD,2018-12-05T01:27:00+01:00,14.4925,14.4925,14.4895,14.4895,11
SQ:XAGUSD,2018-12-05T01:28:00+01:00,14.4895,14.4895,14.4895,14.4895,2
SQ:XAGUSD,2018-12-05T01:29:00+01:00,14.4895,14.4895,14.4875,14.4885,12
SQ:XAGUSD,2018-12-05T01:30:00+01:00,14.4885,14.4885,14.4805,14.4835,28
SQ:XAGUSD,2018-12-05T01:31:00+01:00,14.4825,14.4835,14.4775,14.4785,30
SQ:XAGUSD,2018-12-05T01:32:00+01:00,14.4805,14.4805,14.4685,14.4715,56
SQ:XAGUSD,2018-12-05T01:33:00+01:00,14.4695,14.4725,14.4675,14.4685,28
SQ:XAGUSD,2018-12-05T01:34:00+01:00,14.4685,14.4715,14.4675,14.4695,22
SQ:XAGUSD,2018-12-05T01:35:00+01:00,14.4705,14.4715,14.4695,14.4695,16
SQ:XAGUSD,2018-12-05T01:36:00+01:00,14.4695,14.4775,14.4695,14.4735,18
SQ:XAGUSD,2018-12-05T01:37:00+01:00,14.4745,14.4785,14.4745,14.4745,10
SQ:XAGUSD,2018-12-05T01:38:00+01:00,14.4735,14.4755,14.4725,14.4755,13
SQ:XAGUSD,2018-12-05T01:39:00+01:00,14.4745,14.4795,14.4745,14.4795,11
SQ:XAGUSD,2018-12-05T01:40:00+01:00,14.4805,14.4815,14.4725,14.4735,15
SQ:XAGUSD,2018-12-05T01:41:00+01:00,14.4735,14.4765,14.4735,14.4735,11
SQ:XAGUSD,2018-12-05T01:42:00+01:00,14.4735,14.4735,14.4635,14.4635,15
SQ:XAGUSD,2018-12-05T01:43:00+01:00,14.4655,14.4655,14.4605,14.4615,8
SQ:XAGUSD,2018-12-05T01:44:00+01:00,14.4605,14.4615,14.4595,14.4615,9
SQ:XAGUSD,2018-12-05T01:45:00+01:00,14.4625,14.4635,14.4605,14.4605,11
SQ:XAGUSD,2018-12-05T01:46:00+01:00,14.4605,14.4605,14.4595,14.4600,4
SQ:XAGUSD,2018-12-05T01:47:00+01:00,14.4600,14.4625,14.4585,14.4625,13
SQ:XAGUSD,2018-12-05T01:48:00+01:00,14.4625,14.4625,14.4610,14.4610,8
SQ:XAGUSD,2018-12-05T01:49:00+01:00,14.4610,14.4615,14.4610,14.4615,2
SQ:XAGUSD,2018-12-05T01:50:00+01:00,14.4625,14.4645,14.4625,14.4640,5
SQ:XAGUSD,2018-12-05T01:51:00+01:00,14.4645,14.4660,14.4645,14.4660,3
SQ:XAGUSD,2018-12-05T01:52:00+01:00,14.4645,14.4695,14.4645,14.4690,12
SQ:XAGUSD,2018-12-05T01:53:00+01:00,14.4685,14.4745,14.4685,14.4735,15
SQ:XAGUSD,2018-12-05T01:54:00+01:00,14.4745,14.4755,14.4715,14.4745,9
SQ:XAGUSD,2018-12-05T01:55:00+01:00,14.4745,14.4745,14.4705,14.4705,6
SQ:XAGUSD,2018-12-05T01:56:00+01:00,14.4705,14.4705,14.4705,14.4705,1
SQ:XAGUSD,2018-12-05T01:57:00+01:00,14.4715,14.4725,14.4715,14.4725,4
SQ:XAGUSD,2018-12-05T01:58:00+01:00,14.4735,14.4755,14.4735,14.4755,6
SQ:XAGUSD,2018-12-05T01:59:00+01:00,14.4755,14.4785,14.4755,14.4785,2
SQ:XAGUSD,2018-12-05T02:00:00+01:00,14.4795,14.4805,14.4755,14.4785,44
SQ:XAGUSD,2018-12-05T02:01:00+01:00,14.4795,14.4795,14.4735,14.4745,25
SQ:XAGUSD,2018-12-05T02:02:00+01:00,14.4745,14.4745,14.4705,14.4705,34
SQ:XAGUSD,2018-12-05T02:03:00+01:00,14.4725,14.4725,14.4635,14.4645,17
SQ:XAGUSD,2018-12-05T02:04:00+01:00,14.4635,14.4645,14.4615,14.4625,10
SQ:XAGUSD,2018-12-05T02:05:00+01:00,14.4615,14.4625,14.4585,14.4585,16
SQ:XAGUSD,2018-12-05T02:06:00+01:00,14.4595,14.4625,14.4585,14.4625,24
SQ:XAGUSD,2018-12-05T02:07:00+01:00,14.4625,14.4635,14.4595,14.4625,22
SQ:XAGUSD,2018-12-05T02:08:00+01:00,14.4645,14.4645,14.4625,14.4645,6
SQ:XAGUSD,2018-12-05T02:09:00+01:00,14.4635,14.4645,14.4635,14.4645,6
SQ:XAGUSD,2018-12-05T02:10:00+01:00,14.4645,14.4645,14.4635,14.4645,5
SQ:XAGUSD,2018-12-05T02:11:00+01:00,14.4635,14.4635,14.4615,14.4635,4
SQ:XAGUSD,2018-12-05T02:12:00+01:00,14.4635,14.4635,14.4625,14.4635,14
SQ:XAGUSD,2018-12-05T02:13:00+01:00,14.4635,14.4645,14.4635,14.4645,9
SQ:XAGUSD,2018-12-05T02:14:00+01:00,14.4655,14.4675,14.4635,14.4645,17
SQ:XAGUSD,2018-12-05T02:15:00+01:00,14.4665,14.4705,14.4665,14.4705,17
SQ:XAGUSD,2018-12-05T02:16:00+01:00,14.4715,14.4755,14.4715,14.4755,11
SQ:XAGUSD,2018-12-05T02:17:00+01:00,14.4765,14.4765,14.4745,14.4745,18
SQ:XAGUSD,2018-12-05T02:18:00+01:00,14.4725,14.4735,14.4715,14.4725,15
SQ:XAGUSD,2018-12-05T02:19:00+01:00,14.4735,14.4745,14.4695,14.4725,26
SQ:XAGUSD,2018-12-05T02:20:00+01:00,14.4715,14.4715,14.4695,14.4705,14
SQ:XAGUSD,2018-12-05T02:21:00+01:00,14.4715,14.4755,14.4715,14.4755,6
SQ:XAGUSD,2018-12-05T02:22:00+01:00,14.4765,14.4765,14.4735,14.4735,3
SQ:XAGUSD,2018-12-05T02:23:00+01:00,14.4745,14.4745,14.4705,14.4715,14
SQ:XAGUSD,2018-12-05T02:24:00+01:00,14.4715,14.4725,14.4695,14.4695,8
SQ:XAGUSD,2018-12-05T02:25:00+01:00,14.4705,14.4705,14.4705,14.4705,3
SQ:XAGUSD,2018-12-05T02:26:00+01:00,14.4705,14.4705,14.4705,14.4705,1
SQ:XAGUSD,2018-12-05T02:27:00+01:00,14.4705,14.4705,14.4705,14.4705,2
SQ:XAGUSD,2018-12-05T02:28:00+01:00,14.4705,14.4705,14.4695,14.4705,7
SQ:XAGUSD,2018-12-05T02:29:00+01:00,14.4715,14.4715,14.4705,14.4705,3
SQ:XAGUSD,2018-12-05T02:30:00+01:00,14.4715,14.4725,14.4705,14.4725,5
SQ:XAGUSD,2018-12-05T02:31:00+01:00,14.4735,14.4805,14.4735,14.4805,12
SQ:XAGUSD,2018-12-05T02:32:00+01:00,14.4805,14.4865,14.4785,14.4865,21
SQ:XAGUSD,2018-12-05T02:33:00+01:00,14.4875,14.4875,14.4855,14.4875,8
SQ:XAGUSD,2018-12-05T02:34:00+01:00,14.4855,14.4875,14.4855,14.4865,6
SQ:XAGUSD,2018-12-05T02:35:00+01:00,14.4855,14.4855,14.4855,14.4855,5
SQ:XAGUSD,2018-12-05T02:36:00+01:00,14.4845,14.4845,14.4755,14.4755,20
SQ:XAGUSD,2018-12-05T02:37:00+01:00,14.4745,14.4745,14.4695,14.4705,7
SQ:XAGUSD,2018-12-05T02:38:00+01:00,14.4715,14.4715,14.4665,14.4665,12
SQ:XAGUSD,2018-12-05T02:39:00+01:00,14.4695,14.4695,14.4665,14.4665,16
SQ:XAGUSD,2018-12-05T02:40:00+01:00,14.4655,14.4685,14.4655,14.4655,12
SQ:XAGUSD,2018-12-05T02:41:00+01:00,14.4675,14.4695,14.4655,14.4695,6
SQ:XAGUSD,2018-12-05T02:42:00+01:00,14.4685,14.4695,14.4675,14.4675,5
SQ:XAGUSD,2018-12-05T02:43:00+01:00,14.4685,14.4695,14.4655,14.4655,15
SQ:XAGUSD,2018-12-05T02:44:00+01:00,14.4645,14.4645,14.4615,14.4615,9
SQ:XAGUSD,2018-12-05T02:45:00+01:00,14.4625,14.4685,14.4615,14.4615,28
SQ:XAGUSD,2018-12-05T02:46:00+01:00,14.4625,14.4655,14.4615,14.4645,30
SQ:XAGUSD,2018-12-05T02:47:00+01:00,14.4645,14.4685,14.4645,14.4685,16
SQ:XAGUSD,2018-12-05T02:48:00+01:00,14.4685,14.4685,14.4645,14.4655,22
SQ:XAGUSD,2018-12-05T02:49:00+01:00,14.4675,14.4675,14.4645,14.4645,7
SQ:XAGUSD,2018-12-05T02:50:00+01:00,14.4645,14.4685,14.4645,14.4665,14
SQ:XAGUSD,2018-12-05T02:51:00+01:00,14.4675,14.4675,14.4655,14.4655,5
SQ:XAGUSD,2018-12-05T02:52:00+01:00,14.4665,14.4665,14.4645,14.4645,4
SQ:XAGUSD,2018-12-05T02:53:00+01:00,14.4635,14.4635,14.4615,14.4625,5
SQ:XAGUSD,2018-12-05T02:54:00+01:00,14.4635,14.4635,14.4625,14.4635,5
SQ:XAGUSD,2018-12-05T02:55:00+01:00,14.4635,14.4695,14.4625,14.4675,13
SQ:XAGUSD,2018-12-05T02:56:00+01:00,14.4675,14.4675,14.4655,14.4665,14
SQ:XAGUSD,2018-12-05T02:57:00+01:00,14.4655,14.4685,14.4655,14.4675,10
SQ:XAGUSD,2018-12-05T02:58:00+01:00,14.4665,14.4675,14.4655,14.4665,6
SQ:XAGUSD,2018-12-05T02:59:00+01:00,14.4665,14.4695,14.4655,14.4695,8
SQ:XAGUSD,2018-12-05T03:00:00+01:00,14.4675,14.4675,14.4645,14.4655,12
SQ:XAGUSD,2018-12-05T03:01:00+01:00,14.4655,14.4655,14.4605,14.4605,8
SQ:XAGUSD,2018-12-05T03:02:00+01:00,14.4605,14.4635,14.4605,14.4635,5
SQ:XAGUSD,2018-12-05T03:03:00+01:00,14.4645,14.4645,14.4645,14.4645,1
SQ:XAGUSD,2018-12-05T03:04:00+01:00,14.4625,14.4655,14.4615,14.4645,14
SQ:XAGUSD,2018-12-05T03:05:00+01:00,14.4635,14.4635,14.4605,14.4605,7
SQ:XAGUSD,2018-12-05T03:06:00+01:00,14.4595,14.4605,14.4585,14.4595,7
SQ:XAGUSD,2018-12-05T03:07:00+01:00,14.4595,14.4595,14.4585,14.4595,5
SQ:XAGUSD,2018-12-05T03:08:00+01:00,14.4595,14.4595,14.4585,14.4585,17
SQ:XAGUSD,2018-12-05T03:09:00+01:00,14.4595,14.4595,14.4535,14.4555,35
SQ:XAGUSD,2018-12-05T03:10:00+01:00,14.4565,14.4595,14.4555,14.4595,7
SQ:XAGUSD,2018-12-05T03:11:00+01:00,14.4595,14.4595,14.4595,14.4595,5
SQ:XAGUSD,2018-12-05T03:12:00+01:00,14.4595,14.4595,14.4595,14.4595,5
SQ:XAGUSD,2018-12-05T03:13:00+01:00,14.4595,14.4605,14.4595,14.4605,13
SQ:XAGUSD,2018-12-05T03:14:00+01:00,14.4605,14.4605,14.4605,14.4605,3
SQ:XAGUSD,2018-12-05T03:15:00+01:00,14.4605,14.4605,14.4605,14.4605,6
SQ:XAGUSD,2018-12-05T03:16:00+01:00,14.4605,14.4605,14.4605,14.4605,2
SQ:XAGUSD,2018-12-05T03:17:00+01:00,14.4605,14.4605,14.4575,14.4585,12
SQ:XAGUSD,2018-12-05T03:18:00+01:00,14.4565,14.4585,14.4555,14.4575,11
SQ:XAGUSD,2018-12-05T03:19:00+01:00,14.4575,14.4575,14.4545,14.4555,7
SQ:XAGUSD,2018-12-05T03:20:00+01:00,14.4555,14.4575,14.4525,14.4575,11
SQ:XAGUSD,2018-12-05T03:21:00+01:00,14.4545,14.4545,14.4545,14.4545,6
SQ:XAGUSD,2018-12-05T03:22:00+01:00,14.4545,14.4565,14.4545,14.4555,6
SQ:XAGUSD,2018-12-05T03:23:00+01:00,14.4545,14.4555,14.4535,14.4535,12
SQ:XAGUSD,2018-12-05T03:24:00+01:00,14.4535,14.4545,14.4445,14.4505,23
SQ:XAGUSD,2018-12-05T03:25:00+01:00,14.4495,14.4505,14.4485,14.4485,5
SQ:XAGUSD,2018-12-05T03:26:00+01:00,14.4495,14.4505,14.4485,14.4495,8
SQ:XAGUSD,2018-12-05T03:27:00+01:00,14.4485,14.4505,14.4475,14.4485,11
SQ:XAGUSD,2018-12-05T03:28:00+01:00,14.4485,14.4505,14.4485,14.4495,8
SQ:XAGUSD,2018-12-05T03:29:00+01:00,14.4485,14.4495,14.4465,14.4475,11
SQ:XAGUSD,2018-12-05T03:30:00+01:00,14.4485,14.4515,14.4485,14.4515,7
SQ:XAGUSD,2018-12-05T03:31:00+01:00,14.4515,14.4525,14.4515,14.4525,9
SQ:XAGUSD,2018-12-05T03:32:00+01:00,14.4515,14.4535,14.4515,14.4515,6
SQ:XAGUSD,2018-12-05T03:33:00+01:00,14.4465,14.4475,14.4465,14.4475,6
SQ:XAGUSD,2018-12-05T03:34:00+01:00,14.4515,14.4515,14.4455,14.4475,15
SQ:XAGUSD,2018-12-05T03:35:00+01:00,14.4465,14.4515,14.4465,14.4495,21
SQ:XAGUSD,2018-12-05T03:36:00+01:00,14.4495,14.4515,14.4495,14.4495,26
SQ:XAGUSD,2018-12-05T03:37:00+01:00,14.4505,14.4515,14.4495,14.4505,6
SQ:XAGUSD,2018-12-05T03:38:00+01:00,14.4505,14.4515,14.4495,14.4505,8
SQ:XAGUSD,2018-12-05T03:39:00+01:00,14.4515,14.4515,14.4505,14.4505,3
SQ:XAGUSD,2018-12-05T03:40:00+01:00,14.4505,14.4505,14.4505,14.4505,2
SQ:XAGUSD,2018-12-05T03:41:00+01:00,14.4505,14.4535,14.4505,14.4535,10
SQ:XAGUSD,2018-12-05T03:42:00+01:00,14.4525,14.4545,14.4505,14.4525,11
SQ:XAGUSD,2018-12-05T03:43:00+01:00,14.4535,14.4545,14.4525,14.4545,8
SQ:XAGUSD,2018-12-05T03:44:00+01:00,14.4525,14.4535,14.4505,14.4535,16
SQ:XAGUSD,2018-12-05T03:45:00+01:00,14.4525,14.4525,14.4465,14.4495,8
SQ:XAGUSD,2018-12-05T03:46:00+01:00,14.4495,14.4495,14.4465,14.4465,6
SQ:XAGUSD,2018-12-05T03:47:00+01:00,14.4475,14.4515,14.4465,14.4495,13
SQ:XAGUSD,2018-12-05T03:48:00+01:00,14.4485,14.4495,14.4485,14.4495,5
SQ:XAGUSD,2018-12-05T03:49:00+01:00,14.4475,14.4495,14.4465,14.4475,13
SQ:XAGUSD,2018-12-05T03:50:00+01:00,14.4465,14.4495,14.4445,14.4445,15
SQ:XAGUSD,2018-12-05T03:51:00+01:00,14.4445,14.4445,14.4445,14.4445,1
SQ:XAGUSD,2018-12-05T03:52:00+01:00,14.4445,14.4445,14.4445,14.4445,3
SQ:XAGUSD,2018-12-05T03:53:00+01:00,14.4445,14.4475,14.4445,14.4475,6
SQ:XAGUSD,2018-12-05T03:54:00+01:00,14.4485,14.4485,14.4445,14.4455,7
SQ:XAGUSD,2018-12-05T03:55:00+01:00,14.4455,14.4475,14.4445,14.4455,9
SQ:XAGUSD,2018-12-05T03:56:00+01:00,14.4455,14.4475,14.4445,14.4475,8
SQ:XAGUSD,2018-12-05T03:57:00+01:00,14.4455,14.4455,14.4445,14.4445,9
SQ:XAGUSD,2018-12-05T03:58:00+01:00,14.4445,14.4445,14.4425,14.4435,8
SQ:XAGUSD,2018-12-05T03:59:00+01:00,14.4425,14.4425,14.4395,14.4405,9
SQ:XAGUSD,2018-12-05T04:00:00+01:00,14.4405,14.4435,14.4395,14.4425,16
SQ:XAGUSD,2018-12-05T04:01:00+01:00,14.4415,14.4435,14.4415,14.4435,6
SQ:XAGUSD,2018-12-05T04:02:00+01:00,14.4435,14.4435,14.4425,14.4435,4
SQ:XAGUSD,2018-12-05T04:03:00+01:00,14.4435,14.4435,14.4415,14.4435,9
SQ:XAGUSD,2018-12-05T04:04:00+01:00,14.4415,14.4415,14.4405,14.4415,8
SQ:XAGUSD,2018-12-05T04:05:00+01:00,14.4415,14.4415,14.4395,14.4395,7
SQ:XAGUSD,2018-12-05T04:06:00+01:00,14.4405,14.4405,14.4385,14.4385,5
SQ:XAGUSD,2018-12-05T04:07:00+01:00,14.4375,14.4385,14.4305,14.4345,21
SQ:XAGUSD,2018-12-05T04:08:00+01:00,14.4345,14.4345,14.4255,14.4255,21
SQ:XAGUSD,2018-12-05T04:09:00+01:00,14.4255,14.4265,14.4255,14.4255,8
SQ:XAGUSD,2018-12-05T04:10:00+01:00,14.4255,14.4255,14.4245,14.4255,8
SQ:XAGUSD,2018-12-05T04:11:00+01:00,14.4265,14.4275,14.4255,14.4255,8
SQ:XAGUSD,2018-12-05T04:12:00+01:00,14.4275,14.4295,14.4255,14.4255,14
SQ:XAGUSD,2018-12-05T04:13:00+01:00,14.4255,14.4265,14.4255,14.4255,13
SQ:XAGUSD,2018-12-05T04:14:00+01:00,14.4255,14.4255,14.4225,14.4235,7
SQ:XAGUSD,2018-12-05T04:15:00+01:00,14.4235,14.4245,14.4215,14.4235,11
SQ:XAGUSD,2018-12-05T04:16:00+01:00,14.4255,14.4295,14.4255,14.4285,17
SQ:XAGUSD,2018-12-05T04:17:00+01:00,14.4285,14.4295,14.4265,14.4295,36
SQ:XAGUSD,2018-12-05T04:18:00+01:00,14.4285,14.4295,14.4245,14.4255,19
SQ:XAGUSD,2018-12-05T04:19:00+01:00,14.4265,14.4285,14.4255,14.4265,23
SQ:XAGUSD,2018-12-05T04:20:00+01:00,14.4275,14.4295,14.4265,14.4265,20
SQ:XAGUSD,2018-12-05T04:21:00+01:00,14.4275,14.4295,14.4245,14.4285,24
SQ:XAGUSD,2018-12-05T04:22:00+01:00,14.4275,14.4275,14.4255,14.4265,21
SQ:XAGUSD,2018-12-05T04:23:00+01:00,14.4275,14.4295,14.4245,14.4295,51
SQ:XAGUSD,2018-12-05T04:24:00+01:00,14.4285,14.4315,14.4285,14.4295,12
SQ:XAGUSD,2018-12-05T04:25:00+01:00,14.4295,14.4325,14.4275,14.4275,12
SQ:XAGUSD,2018-12-05T04:26:00+01:00,14.4295,14.4295,14.4295,14.4295,5
SQ:XAGUSD,2018-12-05T04:27:00+01:00,14.4295,14.4305,14.4295,14.4305,5
SQ:XAGUSD,2018-12-05T04:28:00+01:00,14.4315,14.4335,14.4305,14.4325,7
SQ:XAGUSD,2018-12-05T04:29:00+01:00,14.4345,14.4345,14.4315,14.4345,20
SQ:XAGUSD,2018-12-05T04:30:00+01:00,14.4335,14.4345,14.4305,14.4335,14
SQ:XAGUSD,2018-12-05T04:31:00+01:00,14.4335,14.4345,14.4305,14.4305,15
SQ:XAGUSD,2018-12-05T04:32:00+01:00,14.4315,14.4325,14.4305,14.4325,5
SQ:XAGUSD,2018-12-05T04:33:00+01:00,14.4345,14.4345,14.4315,14.4325,9
SQ:XAGUSD,2018-12-05T04:34:00+01:00,14.4345,14.4345,14.4315,14.4345,18
SQ:XAGUSD,2018-12-05T04:35:00+01:00,14.4345,14.4345,14.4305,14.4325,22
SQ:XAGUSD,2018-12-05T04:36:00+01:00,14.4315,14.4345,14.4315,14.4345,13
SQ:XAGUSD,2018-12-05T04:37:00+01:00,14.4345,14.4345,14.4305,14.4315,12
SQ:XAGUSD,2018-12-05T04:38:00+01:00,14.4305,14.4345,14.4305,14.4335,32
SQ:XAGUSD,2018-12-05T04:39:00+01:00,14.4325,14.4345,14.4325,14.4335,16
SQ:XAGUSD,2018-12-05T04:40:00+01:00,14.4335,14.4345,14.4305,14.4345,26
SQ:XAGUSD,2018-12-05T04:41:00+01:00,14.4335,14.4335,14.4295,14.4315,21
SQ:XAGUSD,2018-12-05T04:42:00+01:00,14.4325,14.4335,14.4305,14.4335,24
SQ:XAGUSD,2018-12-05T04:43:00+01:00,14.4335,14.4345,14.4325,14.4335,20
SQ:XAGUSD,2018-12-05T04:44:00+01:00,14.4345,14.4345,14.4325,14.4345,14
SQ:XAGUSD,2018-12-05T04:45:00+01:00,14.4335,14.4345,14.4335,14.4345,14
SQ:XAGUSD,2018-12-05T04:46:00+01:00,14.4345,14.4345,14.4325,14.4345,22
SQ:XAGUSD,2018-12-05T04:47:00+01:00,14.4345,14.4345,14.4335,14.4345,8
SQ:XAGUSD,2018-12-05T04:48:00+01:00,14.4375,14.4385,14.4375,14.4385,7
SQ:XAGUSD,2018-12-05T04:49:00+01:00,14.4385,14.4385,14.4375,14.4375,6
SQ:XAGUSD,2018-12-05T04:50:00+01:00,14.4375,14.4375,14.4375,14.4375,5
SQ:XAGUSD,2018-12-05T04:51:00+01:00,14.4375,14.4385,14.4375,14.4375,10
SQ:XAGUSD,2018-12-05T04:52:00+01:00,14.4385,14.4395,14.4385,14.4395,11
SQ:XAGUSD,2018-12-05T04:53:00+01:00,14.4395,14.4395,14.4375,14.4385,8
SQ:XAGUSD,2018-12-05T04:54:00+01:00,14.4375,14.4375,14.4365,14.4375,11
SQ:XAGUSD,2018-12-05T04:55:00+01:00,14.4375,14.4395,14.4365,14.4375,19
SQ:XAGUSD,2018-12-05T04:56:00+01:00,14.4375,14.4395,14.4365,14.4395,12
SQ:XAGUSD,2018-12-05T04:57:00+01:00,14.4375,14.4375,14.4355,14.4365,11
SQ:XAGUSD,2018-12-05T04:58:00+01:00,14.4365,14.4385,14.4355,14.4355,16
SQ:XAGUSD,2018-12-05T04:59:00+01:00,14.4355,14.4385,14.4355,14.4385,12
SQ:XAGUSD,2018-12-05T05:00:00+01:00,14.4375,14.4395,14.4375,14.4395,11
SQ:XAGUSD,2018-12-05T05:01:00+01:00,14.4395,14.4395,14.4345,14.4345,15
SQ:XAGUSD,2018-12-05T05:02:00+01:00,14.4345,14.4345,14.4315,14.4325,9
SQ:XAGUSD,2018-12-05T05:03:00+01:00,14.4325,14.4345,14.4315,14.4335,16
SQ:XAGUSD,2018-12-05T05:04:00+01:00,14.4320,14.4345,14.4320,14.4345,17
SQ:XAGUSD,2018-12-05T05:05:00+01:00,14.4345,14.4345,14.4335,14.4345,8
SQ:XAGUSD,2018-12-05T05:06:00+01:00,14.4345,14.4345,14.4305,14.4305,8
SQ:XAGUSD,2018-12-05T05:07:00+01:00,14.4295,14.4295,14.4285,14.4285,8
SQ:XAGUSD,2018-12-05T05:08:00+01:00,14.4295,14.4305,14.4285,14.4305,4
SQ:XAGUSD,2018-12-05T05:09:00+01:00,14.4295,14.4295,14.4295,14.4295,4
SQ:XAGUSD,2018-12-05T05:10:00+01:00,14.4295,14.4305,14.4285,14.4295,15
SQ:XAGUSD,2018-12-05T05:11:00+01:00,14.4285,14.4295,14.4275,14.4285,13
SQ:XAGUSD,2018-12-05T05:12:00+01:00,14.4285,14.4295,14.4275,14.4295,13
SQ:XAGUSD,2018-12-05T05:13:00+01:00,14.4285,14.4315,14.4285,14.4315,16
SQ:XAGUSD,2018-12-05T05:14:00+01:00,14.4315,14.4315,14.4315,14.4315,3
SQ:XAGUSD,2018-12-05T05:15:00+01:00,14.4315,14.4325,14.4315,14.4325,5
SQ:XAGUSD,2018-12-05T05:16:00+01:00,14.4325,14.4335,14.4315,14.4335,6
SQ:XAGUSD,2018-12-05T05:17:00+01:00,14.4325,14.4335,14.4315,14.4325,4
SQ:XAGUSD,2018-12-05T05:18:00+01:00,14.4315,14.4345,14.4315,14.4335,38
SQ:XAGUSD,2018-12-05T05:19:00+01:00,14.4325,14.4335,14.4315,14.4335,8
SQ:XAGUSD,2018-12-05T05:20:00+01:00,14.4345,14.4345,14.4345,14.4345,4
SQ:XAGUSD,2018-12-05T05:21:00+01:00,14.4345,14.4345,14.4345,14.4345,4
SQ:XAGUSD,2018-12-05T05:22:00+01:00,14.4345,14.4355,14.4345,14.4355,5
SQ:XAGUSD,2018-12-05T05:23:00+01:00,14.4345,14.4355,14.4345,14.4355,5
SQ:XAGUSD,2018-12-05T05:24:00+01:00,14.4365,14.4365,14.4345,14.4355,14
SQ:XAGUSD,2018-12-05T05:25:00+01:00,14.4355,14.4355,14.4355,14.4355,2
SQ:XAGUSD,2018-12-05T05:26:00+01:00,14.4355,14.4365,14.4355,14.4365,4
SQ:XAGUSD,2018-12-05T05:27:00+01:00,14.4365,14.4395,14.4365,14.4385,8
SQ:XAGUSD,2018-12-05T05:28:00+01:00,14.4375,14.4395,14.4375,14.4395,12
SQ:XAGUSD,2018-12-05T05:29:00+01:00,14.4385,14.4395,14.4370,14.4370,8
SQ:XAGUSD,2018-12-05T05:30:00+01:00,14.4375,14.4385,14.4370,14.4375,6
SQ:XAGUSD,2018-12-05T05:31:00+01:00,14.4385,14.4395,14.4375,14.4395,11
SQ:XAGUSD,2018-12-05T05:32:00+01:00,14.4385,14.4385,14.4375,14.4385,6
SQ:XAGUSD,2018-12-05T05:33:00+01:00,14.4370,14.4375,14.4370,14.4370,7
SQ:XAGUSD,2018-12-05T05:34:00+01:00,14.4370,14.4375,14.4370,14.4375,2
SQ:XAGUSD,2018-12-05T05:35:00+01:00,14.4370,14.4395,14.4355,14.4375,19
SQ:XAGUSD,2018-12-05T05:36:00+01:00,14.4375,14.4395,14.4365,14.4375,9
SQ:XAGUSD,2018-12-05T05:37:00+01:00,14.4385,14.4385,14.4355,14.4365,8
SQ:XAGUSD,2018-12-05T05:38:00+01:00,14.4365,14.4365,14.4365,14.4365,4
SQ:XAGUSD,2018-12-05T05:39:00+01:00,14.4375,14.4395,14.4345,14.4345,19
SQ:XAGUSD,2018-12-05T05:40:00+01:00,14.4345,14.4345,14.4345,14.4345,8
SQ:XAGUSD,2018-12-05T05:41:00+01:00,14.4345,14.4345,14.4325,14.4345,13
SQ:XAGUSD,2018-12-05T05:42:00+01:00,14.4345,14.4355,14.4325,14.4355,15
SQ:XAGUSD,2018-12-05T05:43:00+01:00,14.4355,14.4355,14.4355,14.4355,2
SQ:XAGUSD,2018-12-05T05:44:00+01:00,14.4355,14.4355,14.4315,14.4345,14
SQ:XAGUSD,2018-12-05T05:45:00+01:00,14.4335,14.4335,14.4325,14.4325,5
SQ:XAGUSD,2018-12-05T05:46:00+01:00,14.4325,14.4345,14.4325,14.4325,9
SQ:XAGUSD,2018-12-05T05:47:00+01:00,14.4325,14.4325,14.4305,14.4315,7
SQ:XAGUSD,2018-12-05T05:48:00+01:00,14.4305,14.4325,14.4305,14.4325,9
SQ:XAGUSD,2018-12-05T05:49:00+01:00,14.4325,14.4325,14.4305,14.4315,9
SQ:XAGUSD,2018-12-05T05:50:00+01:00,14.4305,14.4315,14.4305,14.4315,7
SQ:XAGUSD,2018-12-05T05:51:00+01:00,14.4325,14.4325,14.4315,14.4315,2
SQ:XAGUSD,2018-12-05T05:52:00+01:00,14.4315,14.4335,14.4315,14.4325,4
SQ:XAGUSD,2018-12-05T05:53:00+01:00,14.4345,14.4345,14.4345,14.4345,4
SQ:XAGUSD,2018-12-05T05:54:00+01:00,14.4335,14.4335,14.4305,14.4305,14
SQ:XAGUSD,2018-12-05T05:55:00+01:00,14.4305,14.4315,14.4305,14.4305,6
SQ:XAGUSD,2018-12-05T05:56:00+01:00,14.4315,14.4335,14.4305,14.4335,16
SQ:XAGUSD,2018-12-05T05:57:00+01:00,14.4335,14.4345,14.4335,14.4345,5
SQ:XAGUSD,2018-12-05T05:58:00+01:00,14.4325,14.4325,14.4315,14.4315,7
SQ:XAGUSD,2018-12-05T05:59:00+01:00,14.4315,14.4315,14.4305,14.4315,8
SQ:XAGUSD,2018-12-05T06:00:00+01:00,14.4315,14.4315,14.4295,14.4295,16
SQ:XAGUSD,2018-12-05T06:01:00+01:00,14.4295,14.4295,14.4255,14.4275,31
SQ:XAGUSD,2018-12-05T06:02:00+01:00,14.4265,14.4265,14.4255,14.4265,9
SQ:XAGUSD,2018-12-05T06:03:00+01:00,14.4265,14.4275,14.4265,14.4275,4
SQ:XAGUSD,2018-12-05T06:04:00+01:00,14.4255,14.4265,14.4255,14.4265,6
SQ:XAGUSD,2018-12-05T06:05:00+01:00,14.4265,14.4275,14.4245,14.4245,10
SQ:XAGUSD,2018-12-05T06:06:00+01:00,14.4265,14.4265,14.4235,14.4235,16
SQ:XAGUSD,2018-12-05T06:07:00+01:00,14.4235,14.4245,14.4165,14.4165,9
SQ:XAGUSD,2018-12-05T06:08:00+01:00,14.4175,14.4185,14.4165,14.4165,12
SQ:XAGUSD,2018-12-05T06:09:00+01:00,14.4155,14.4155,14.4155,14.4155,8
SQ:XAGUSD,2018-12-05T06:10:00+01:00,14.4155,14.4155,14.4135,14.4155,3
SQ:XAGUSD,2018-12-05T06:11:00+01:00,14.4155,14.4155,14.4135,14.4145,10
SQ:XAGUSD,2018-12-05T06:12:00+01:00,14.4145,14.4145,14.4115,14.4115,10
SQ:XAGUSD,2018-12-05T06:13:00+01:00,14.4115,14.4125,14.4115,14.4115,4
SQ:XAGUSD,2018-12-05T06:14:00+01:00,14.4125,14.4125,14.4105,14.4115,6
SQ:XAGUSD,2018-12-05T06:15:00+01:00,14.4125,14.4125,14.4105,14.4115,4
SQ:XAGUSD,2018-12-05T06:16:00+01:00,14.4105,14.4125,14.4105,14.4125,3
SQ:XAGUSD,2018-12-05T06:17:00+01:00,14.4135,14.4145,14.4135,14.4145,5
SQ:XAGUSD,2018-12-05T06:18:00+01:00,14.4145,14.4145,14.4135,14.4145,4
SQ:XAGUSD,2018-12-05T06:19:00+01:00,14.4145,14.4155,14.4145,14.4145,4
SQ:XAGUSD,2018-12-05T06:20:00+01:00,14.4155,14.4235,14.4145,14.4225,21
SQ:XAGUSD,2018-12-05T06:21:00+01:00,14.4215,14.4305,14.4215,14.4295,23
SQ:XAGUSD,2018-12-05T06:22:00+01:00,14.4295,14.4315,14.4245,14.4315,22
SQ:XAGUSD,2018-12-05T06:23:00+01:00,14.4325,14.4345,14.4305,14.4345,15
SQ:XAGUSD,2018-12-05T06:24:00+01:00,14.4345,14.4345,14.4305,14.4345,9
SQ:XAGUSD,2018-12-05T06:25:00+01:00,14.4355,14.4355,14.4305,14.4355,17
SQ:XAGUSD,2018-12-05T06:26:00+01:00,14.4345,14.4365,14.4345,14.4355,4
SQ:XAGUSD,2018-12-05T06:27:00+01:00,14.4375,14.4375,14.4355,14.4365,13
SQ:XAGUSD,2018-12-05T06:28:00+01:00,14.4395,14.4395,14.4365,14.4385,14
SQ:XAGUSD,2018-12-05T06:29:00+01:00,14.4395,14.4395,14.4315,14.4345,17
SQ:XAGUSD,2018-12-05T06:30:00+01:00,14.4325,14.4375,14.4325,14.4355,10
SQ:XAGUSD,2018-12-05T06:31:00+01:00,14.4345,14.4355,14.4345,14.4355,2
SQ:XAGUSD,2018-12-05T06:32:00+01:00,14.4395,14.4415,14.4365,14.4415,12
SQ:XAGUSD,2018-12-05T06:33:00+01:00,14.4425,14.4425,14.4395,14.4395,23
SQ:XAGUSD,2018-12-05T06:34:00+01:00,14.4395,14.4395,14.4345,14.4345,15
SQ:XAGUSD,2018-12-05T06:35:00+01:00,14.4365,14.4365,14.4345,14.4345,4
SQ:XAGUSD,2018-12-05T06:36:00+01:00,14.4365,14.4365,14.4345,14.4365,8
SQ:XAGUSD,2018-12-05T06:37:00+01:00,14.4345,14.4345,14.4315,14.4315,3
SQ:XAGUSD,2018-12-05T06:38:00+01:00,14.4325,14.4325,14.4295,14.4295,7
SQ:XAGUSD,2018-12-05T06:39:00+01:00,14.4305,14.4325,14.4305,14.4325,5
SQ:XAGUSD,2018-12-05T06:40:00+01:00,14.4325,14.4335,14.4325,14.4325,8
SQ:XAGUSD,2018-12-05T06:41:00+01:00,14.4335,14.4375,14.4335,14.4375,7
SQ:XAGUSD,2018-12-05T06:42:00+01:00,14.4375,14.4405,14.4375,14.4375,10
SQ:XAGUSD,2018-12-05T06:43:00+01:00,14.4375,14.4405,14.4375,14.4395,17
SQ:XAGUSD,2018-12-05T06:44:00+01:00,14.4395,14.4415,14.4385,14.4395,16
SQ:XAGUSD,2018-12-05T06:45:00+01:00,14.4395,14.4405,14.4385,14.4395,12
SQ:XAGUSD,2018-12-05T06:46:00+01:00,14.4405,14.4405,14.4395,14.4405,5
SQ:XAGUSD,2018-12-05T06:47:00+01:00,14.4405,14.4405,14.4385,14.4395,8
SQ:XAGUSD,2018-12-05T06:48:00+01:00,14.4385,14.4385,14.4355,14.4375,16
SQ:XAGUSD,2018-12-05T06:49:00+01:00,14.4380,14.4420,14.4380,14.4415,6
SQ:XAGUSD,2018-12-05T06:50:00+01:00,14.4415,14.4425,14.4415,14.4425,6
SQ:XAGUSD,2018-12-05T06:51:00+01:00,14.4425,14.4425,14.4390,14.4390,9
SQ:XAGUSD,2018-12-05T06:52:00+01:00,14.4405,14.4405,14.4365,14.4385,10
SQ:XAGUSD,2018-12-05T06:53:00+01:00,14.4395,14.4405,14.4325,14.4325,15
SQ:XAGUSD,2018-12-05T06:54:00+01:00,14.4325,14.4325,14.4235,14.4235,36
SQ:XAGUSD,2018-12-05T06:55:00+01:00,14.4245,14.4285,14.4245,14.4275,14
SQ:XAGUSD,2018-12-05T06:56:00+01:00,14.4265,14.4275,14.4255,14.4275,7
SQ:XAGUSD,2018-12-05T06:57:00+01:00,14.4295,14.4325,14.4285,14.4325,15
SQ:XAGUSD,2018-12-05T06:58:00+01:00,14.4315,14.4345,14.4315,14.4335,8
SQ:XAGUSD,2018-12-05T06:59:00+01:00,14.4335,14.4375,14.4335,14.4345,12
SQ:XAGUSD,2018-12-05T07:00:00+01:00,14.4345,14.4405,14.4345,14.4375,16
SQ:XAGUSD,2018-12-05T07:01:00+01:00,14.4375,14.4375,14.4335,14.4335,12
SQ:XAGUSD,2018-12-05T07:02:00+01:00,14.4345,14.4345,14.4335,14.4335,12
SQ:XAGUSD,2018-12-05T07:03:00+01:00,14.4345,14.4345,14.4325,14.4335,9
SQ:XAGUSD,2018-12-05T07:04:00+01:00,14.4335,14.4335,14.4295,14.4305,16
SQ:XAGUSD,2018-12-05T07:05:00+01:00,14.4305,14.4315,14.4295,14.4315,9
SQ:XAGUSD,2018-12-05T07:06:00+01:00,14.4315,14.4315,14.4275,14.4285,11
SQ:XAGUSD,2018-12-05T07:07:00+01:00,14.4275,14.4275,14.4245,14.4245,9
SQ:XAGUSD,2018-12-05T07:08:00+01:00,14.4255,14.4265,14.4235,14.4255,14
SQ:XAGUSD,2018-12-05T07:09:00+01:00,14.4245,14.4275,14.4235,14.4265,9
SQ:XAGUSD,2018-12-05T07:10:00+01:00,14.4265,14.4265,14.4235,14.4245,14
SQ:XAGUSD,2018-12-05T07:11:00+01:00,14.4255,14.4255,14.4235,14.4255,7
SQ:XAGUSD,2018-12-05T07:12:00+01:00,14.4235,14.4255,14.4145,14.4155,23
SQ:XAGUSD,2018-12-05T07:13:00+01:00,14.4165,14.4165,14.4135,14.4165,18
SQ:XAGUSD,2018-12-05T07:14:00+01:00,14.4165,14.4175,14.4145,14.4155,29
SQ:XAGUSD,2018-12-05T07:15:00+01:00,14.4145,14.4165,14.4145,14.4155,25
SQ:XAGUSD,2018-12-05T07:16:00+01:00,14.4175,14.4175,14.4145,14.4165,17
SQ:XAGUSD,2018-12-05T07:17:00+01:00,14.4165,14.4185,14.4165,14.4165,11
SQ:XAGUSD,2018-12-05T07:18:00+01:00,14.4175,14.4175,14.4175,14.4175,7
SQ:XAGUSD,2018-12-05T07:19:00+01:00,14.4175,14.4185,14.4155,14.4155,16
SQ:XAGUSD,2018-12-05T07:20:00+01:00,14.4165,14.4165,14.4135,14.4155,11
SQ:XAGUSD,2018-12-05T07:21:00+01:00,14.4135,14.4145,14.4135,14.4145,8
SQ:XAGUSD,2018-12-05T07:22:00+01:00,14.4155,14.4175,14.4155,14.4175,11
SQ:XAGUSD,2018-12-05T07:23:00+01:00,14.4145,14.4175,14.4145,14.4175,15
SQ:XAGUSD,2018-12-05T07:24:00+01:00,14.4165,14.4175,14.4135,14.4145,11
SQ:XAGUSD,2018-12-05T07:25:00+01:00,14.4165,14.4175,14.4145,14.4175,11
SQ:XAGUSD,2018-12-05T07:26:00+01:00,14.4175,14.4185,14.4165,14.4185,11
SQ:XAGUSD,2018-12-05T07:27:00+01:00,14.4185,14.4185,14.4175,14.4185,16
SQ:XAGUSD,2018-12-05T07:28:00+01:00,14.4195,14.4205,14.4185,14.4185,4
SQ:XAGUSD,2018-12-05T07:29:00+01:00,14.4185,14.4205,14.4175,14.4205,10
SQ:XAGUSD,2018-12-05T07:30:00+01:00,14.4215,14.4215,14.4185,14.4215,13
SQ:XAGUSD,2018-12-05T07:31:00+01:00,14.4205,14.4235,14.4185,14.4235,18
SQ:XAGUSD,2018-12-05T07:32:00+01:00,14.4245,14.4275,14.4235,14.4245,16
SQ:XAGUSD,2018-12-05T07:33:00+01:00,14.4255,14.4265,14.4225,14.4265,13
SQ:XAGUSD,2018-12-05T07:34:00+01:00,14.4275,14.4285,14.4255,14.4285,7
SQ:XAGUSD,2018-12-05T07:35:00+01:00,14.4265,14.4305,14.4265,14.4275,13
SQ:XAGUSD,2018-12-05T07:36:00+01:00,14.4285,14.4295,14.4275,14.4285,7
SQ:XAGUSD,2018-12-05T07:37:00+01:00,14.4285,14.4325,14.4285,14.4315,13
SQ:XAGUSD,2018-12-05T07:38:00+01:00,14.4325,14.4325,14.4285,14.4305,19
SQ:XAGUSD,2018-12-05T07:39:00+01:00,14.4315,14.4325,14.4285,14.4295,14
SQ:XAGUSD,2018-12-05T07:40:00+01:00,14.4285,14.4325,14.4285,14.4325,26
SQ:XAGUSD,2018-12-05T07:41:00+01:00,14.4325,14.4325,14.4285,14.4285,22
SQ:XAGUSD,2018-12-05T07:42:00+01:00,14.4295,14.4325,14.4285,14.4325,21
SQ:XAGUSD,2018-12-05T07:43:00+01:00,14.4325,14.4345,14.4325,14.4345,18
SQ:XAGUSD,2018-12-05T07:44:00+01:00,14.4335,14.4385,14.4335,14.4385,13
SQ:XAGUSD,2018-12-05T07:45:00+01:00,14.4385,14.4405,14.4385,14.4405,17
SQ:XAGUSD,2018-12-05T07:46:00+01:00,14.4405,14.4405,14.4385,14.4385,24
SQ:XAGUSD,2018-12-05T07:47:00+01:00,14.4385,14.4385,14.4345,14.4345,13
SQ:XAGUSD,2018-12-05T07:48:00+01:00,14.4335,14.4335,14.4335,14.4335,10
SQ:XAGUSD,2018-12-05T07:49:00+01:00,14.4335,14.4335,14.4335,14.4335,7
SQ:XAGUSD,2018-12-05T07:50:00+01:00,14.4335,14.4375,14.4335,14.4375,8
SQ:XAGUSD,2018-12-05T07:51:00+01:00,14.4365,14.4385,14.4335,14.4385,18
SQ:XAGUSD,2018-12-05T07:52:00+01:00,14.4375,14.4395,14.4355,14.4355,20
SQ:XAGUSD,2018-12-05T07:53:00+01:00,14.4365,14.4365,14.4335,14.4345,18
SQ:XAGUSD,2018-12-05T07:54:00+01:00,14.4335,14.4385,14.4335,14.4385,9
SQ:XAGUSD,2018-12-05T07:55:00+01:00,14.4385,14.4405,14.4385,14.4395,6
SQ:XAGUSD,2018-12-05T07:56:00+01:00,14.4385,14.4415,14.4385,14.4405,13
SQ:XAGUSD,2018-12-05T07:57:00+01:00,14.4415,14.4415,14.4385,14.4415,8
SQ:XAGUSD,2018-12-05T07:58:00+01:00,14.4425,14.4425,14.4395,14.4425,21
SQ:XAGUSD,2018-12-05T07:59:00+01:00,14.4415,14.4415,14.4375,14.4385,23
SQ:XAGUSD,2018-12-05T08:00:00+01:00,14.4385,14.4395,14.4345,14.4345,25
SQ:XAGUSD,2018-12-05T08:01:00+01:00,14.4345,14.4345,14.4325,14.4325,12
SQ:XAGUSD,2018-12-05T08:02:00+01:00,14.4325,14.4325,14.4285,14.4285,23
SQ:XAGUSD,2018-12-05T08:03:00+01:00,14.4275,14.4295,14.4245,14.4245,15
SQ:XAGUSD,2018-12-05T08:04:00+01:00,14.4255,14.4255,14.4205,14.4205,20
SQ:XAGUSD,2018-12-05T08:05:00+01:00,14.4195,14.4205,14.4155,14.4185,18
SQ:XAGUSD,2018-12-05T08:06:00+01:00,14.4185,14.4195,14.4165,14.4175,16
SQ:XAGUSD,2018-12-05T08:07:00+01:00,14.4165,14.4185,14.4135,14.4175,21
SQ:XAGUSD,2018-12-05T08:08:00+01:00,14.4185,14.4185,14.4165,14.4185,7
SQ:XAGUSD,2018-12-05T08:09:00+01:00,14.4165,14.4175,14.4095,14.4125,18
SQ:XAGUSD,2018-12-05T08:10:00+01:00,14.4115,14.4125,14.4085,14.4095,18
SQ:XAGUSD,2018-12-05T08:11:00+01:00,14.4105,14.4105,14.4025,14.4035,23
SQ:XAGUSD,2018-12-05T08:12:00+01:00,14.4035,14.4065,14.4035,14.4045,7
SQ:XAGUSD,2018-12-05T08:13:00+01:00,14.4065,14.4065,14.4035,14.4035,18
SQ:XAGUSD,2018-12-05T08:14:00+01:00,14.4065,14.4065,14.4045,14.4055,9
SQ:XAGUSD,2018-12-05T08:15:00+01:00,14.4035,14.4055,14.4005,14.4015,14
SQ:XAGUSD,2018-12-05T08:16:00+01:00,14.4025,14.4045,14.4015,14.4035,23
SQ:XAGUSD,2018-12-05T08:17:00+01:00,14.4025,14.4025,14.4015,14.4025,12
SQ:XAGUSD,2018-12-05T08:18:00+01:00,14.4025,14.4035,14.4025,14.4025,22
SQ:XAGUSD,2018-12-05T08:19:00+01:00,14.4025,14.4045,14.4015,14.4035,12
SQ:XAGUSD,2018-12-05T08:20:00+01:00,14.4035,14.4095,14.4035,14.4095,19
SQ:XAGUSD,2018-12-05T08:21:00+01:00,14.4085,14.4135,14.4075,14.4135,14
SQ:XAGUSD,2018-12-05T08:22:00+01:00,14.4125,14.4135,14.4125,14.4135,9
SQ:XAGUSD,2018-12-05T08:23:00+01:00,14.4125,14.4135,14.4115,14.4125,18
SQ:XAGUSD,2018-12-05T08:24:00+01:00,14.4125,14.4165,14.4125,14.4165,19
SQ:XAGUSD,2018-12-05T08:25:00+01:00,14.4155,14.4175,14.4145,14.4145,10
SQ:XAGUSD,2018-12-05T08:26:00+01:00,14.4145,14.4185,14.4135,14.4145,17
SQ:XAGUSD,2018-12-05T08:27:00+01:00,14.4155,14.4165,14.4145,14.4155,21
SQ:XAGUSD,2018-12-05T08:28:00+01:00,14.4155,14.4185,14.4145,14.4155,19
SQ:XAGUSD,2018-12-05T08:29:00+01:00,14.4165,14.4175,14.4145,14.4165,17
SQ:XAGUSD,2018-12-05T08:30:00+01:00,14.4165,14.4185,14.4145,14.4145,28
SQ:XAGUSD,2018-12-05T08:31:00+01:00,14.4145,14.4175,14.4145,14.4175,18
SQ:XAGUSD,2018-12-05T08:32:00+01:00,14.4175,14.4185,14.4175,14.4185,12
SQ:XAGUSD,2018-12-05T08:33:00+01:00,14.4195,14.4245,14.4195,14.4235,8
SQ:XAGUSD,2018-12-05T08:34:00+01:00,14.4235,14.4255,14.4230,14.4245,30
SQ:XAGUSD,2018-12-05T08:35:00+01:00,14.4250,14.4265,14.4235,14.4245,17
SQ:XAGUSD,2018-12-05T08:36:00+01:00,14.4245,14.4255,14.4225,14.4225,26
SQ:XAGUSD,2018-12-05T08:37:00+01:00,14.4225,14.4225,14.4200,14.4205,13
SQ:XAGUSD,2018-12-05T08:38:00+01:00,14.4205,14.4225,14.4195,14.4205,23
SQ:XAGUSD,2018-12-05T08:39:00+01:00,14.4205,14.4205,14.4165,14.4185,20
SQ:XAGUSD,2018-12-05T08:40:00+01:00,14.4185,14.4185,14.4145,14.4155,12
SQ:XAGUSD,2018-12-05T08:41:00+01:00,14.4155,14.4155,14.4135,14.4135,11
SQ:XAGUSD,2018-12-05T08:42:00+01:00,14.4135,14.4135,14.4100,14.4115,20
SQ:XAGUSD,2018-12-05T08:43:00+01:00,14.4100,14.4135,14.4100,14.4100,25
SQ:XAGUSD,2018-12-05T08:44:00+01:00,14.4105,14.4115,14.4075,14.4095,23
SQ:XAGUSD,2018-12-05T08:45:00+01:00,14.4095,14.4095,14.4035,14.4035,21
SQ:XAGUSD,2018-12-05T08:46:00+01:00,14.4035,14.4035,14.4025,14.4035,12
SQ:XAGUSD,2018-12-05T08:47:00+01:00,14.4025,14.4055,14.4015,14.4035,27
SQ:XAGUSD,2018-12-05T08:48:00+01:00,14.4055,14.4075,14.4035,14.4065,28
SQ:XAGUSD,2018-12-05T08:49:00+01:00,14.4065,14.4075,14.4065,14.4075,8
SQ:XAGUSD,2018-12-05T08:50:00+01:00,14.4085,14.4125,14.4085,14.4115,19
SQ:XAGUSD,2018-12-05T08:51:00+01:00,14.4125,14.4175,14.4095,14.4135,22
SQ:XAGUSD,2018-12-05T08:52:00+01:00,14.4155,14.4155,14.4135,14.4145,22
SQ:XAGUSD,2018-12-05T08:53:00+01:00,14.4155,14.4175,14.4155,14.4165,22
SQ:XAGUSD,2018-12-05T08:54:00+01:00,14.4155,14.4185,14.4145,14.4175,13
SQ:XAGUSD,2018-12-05T08:55:00+01:00,14.4165,14.4165,14.4135,14.4135,24
SQ:XAGUSD,2018-12-05T08:56:00+01:00,14.4135,14.4135,14.4035,14.4075,24
SQ:XAGUSD,2018-12-05T08:57:00+01:00,14.4065,14.4085,14.4045,14.4045,13
SQ:XAGUSD,2018-12-05T08:58:00+01:00,14.4055,14.4075,14.4035,14.4045,24
SQ:XAGUSD,2018-12-05T08:59:00+01:00,14.4055,14.4145,14.4055,14.4115,24
SQ:XAGUSD,2018-12-05T09:00:00+01:00,14.4105,14.4105,14.3995,14.4045,33
SQ:XAGUSD,2018-12-05T09:01:00+01:00,14.4045,14.4095,14.4035,14.4045,18
SQ:XAGUSD,2018-12-05T09:02:00+01:00,14.4055,14.4135,14.4055,14.4085,47
SQ:XAGUSD,2018-12-05T09:03:00+01:00,14.4075,14.4095,14.4035,14.4095,16
SQ:XAGUSD,2018-12-05T09:04:00+01:00,14.4095,14.4095,14.4085,14.4085,12
SQ:XAGUSD,2018-12-05T09:05:00+01:00,14.4085,14.4125,14.4085,14.4115,15
SQ:XAGUSD,2018-12-05T09:06:00+01:00,14.4125,14.4135,14.4115,14.4125,18
SQ:XAGUSD,2018-12-05T09:07:00+01:00,14.4125,14.4185,14.4125,14.4135,28
SQ:XAGUSD,2018-12-05T09:08:00+01:00,14.4135,14.4195,14.4135,14.4185,15
SQ:XAGUSD,2018-12-05T09:09:00+01:00,14.4185,14.4185,14.4145,14.4185,12
SQ:XAGUSD,2018-12-05T09:10:00+01:00,14.4185,14.4205,14.4145,14.4195,25
SQ:XAGUSD,2018-12-05T09:11:00+01:00,14.4195,14.4225,14.4195,14.4225,15
SQ:XAGUSD,2018-12-05T09:12:00+01:00,14.4235,14.4265,14.4225,14.4245,22
SQ:XAGUSD,2018-12-05T09:13:00+01:00,14.4235,14.4235,14.4095,14.4095,30
SQ:XAGUSD,2018-12-05T09:14:00+01:00,14.4105,14.4135,14.4085,14.4095,32
SQ:XAGUSD,2018-12-05T09:15:00+01:00,14.4085,14.4135,14.4085,14.4105,16
SQ:XAGUSD,2018-12-05T09:16:00+01:00,14.4095,14.4135,14.4095,14.4095,19
SQ:XAGUSD,2018-12-05T09:17:00+01:00,14.4105,14.4105,14.4045,14.4055,27
SQ:XAGUSD,2018-12-05T09:18:00+01:00,14.4065,14.4095,14.4055,14.4085,25
SQ:XAGUSD,2018-12-05T09:19:00+01:00,14.4095,14.4105,14.4075,14.4085,26
SQ:XAGUSD,2018-12-05T09:20:00+01:00,14.4085,14.4185,14.4065,14.4185,43
SQ:XAGUSD,2018-12-05T09:21:00+01:00,14.4185,14.4205,14.4155,14.4175,20
SQ:XAGUSD,2018-12-05T09:22:00+01:00,14.4185,14.4245,14.4165,14.4215,45
SQ:XAGUSD,2018-12-05T09:23:00+01:00,14.4205,14.4295,14.4205,14.4265,36
SQ:XAGUSD,2018-12-05T09:24:00+01:00,14.4255,14.4265,14.4205,14.4215,35
SQ:XAGUSD,2018-12-05T09:25:00+01:00,14.4205,14.4215,14.4195,14.4195,26
SQ:XAGUSD,2018-12-05T09:26:00+01:00,14.4195,14.4195,14.4165,14.4165,7
SQ:XAGUSD,2018-12-05T09:27:00+01:00,14.4165,14.4235,14.4160,14.4235,32
SQ:XAGUSD,2018-12-05T09:28:00+01:00,14.4245,14.4265,14.4245,14.4265,7
SQ:XAGUSD,2018-12-05T09:29:00+01:00,14.4265,14.4295,14.4245,14.4245,33
SQ:XAGUSD,2018-12-05T09:30:00+01:00,14.4255,14.4305,14.4245,14.4285,39
SQ:XAGUSD,2018-12-05T09:31:00+01:00,14.4265,14.4305,14.4255,14.4275,39
SQ:XAGUSD,2018-12-05T09:32:00+01:00,14.4275,14.4325,14.4275,14.4325,16
SQ:XAGUSD,2018-12-05T09:33:00+01:00,14.4325,14.4395,14.4325,14.4375,24
SQ:XAGUSD,2018-12-05T09:34:00+01:00,14.4375,14.4425,14.4375,14.4385,34
SQ:XAGUSD,2018-12-05T09:35:00+01:00,14.4405,14.4425,14.4405,14.4415,29
SQ:XAGUSD,2018-12-05T09:36:00+01:00,14.4415,14.4415,14.4365,14.4365,14
SQ:XAGUSD,2018-12-05T09:37:00+01:00,14.4365,14.4395,14.4345,14.4375,20
SQ:XAGUSD,2018-12-05T09:38:00+01:00,14.4365,14.4385,14.4355,14.4375,20
SQ:XAGUSD,2018-12-05T09:39:00+01:00,14.4355,14.4355,14.4315,14.4315,10
SQ:XAGUSD,2018-12-05T09:40:00+01:00,14.4315,14.4325,14.4315,14.4315,12
SQ:XAGUSD,2018-12-05T09:41:00+01:00,14.4315,14.4355,14.4315,14.4355,18
SQ:XAGUSD,2018-12-05T09:42:00+01:00,14.4345,14.4355,14.4315,14.4345,11
SQ:XAGUSD,2018-12-05T09:43:00+01:00,14.4335,14.4365,14.4315,14.4355,26
SQ:XAGUSD,2018-12-05T09:44:00+01:00,14.4355,14.4375,14.4355,14.4365,5
SQ:XAGUSD,2018-12-05T09:45:00+01:00,14.4365,14.4405,14.4355,14.4405,15
SQ:XAGUSD,2018-12-05T09:46:00+01:00,14.4405,14.4405,14.4365,14.4405,26
SQ:XAGUSD,2018-12-05T09:47:00+01:00,14.4425,14.4555,14.4425,14.4535,54
SQ:XAGUSD,2018-12-05T09:48:00+01:00,14.4525,14.4555,14.4505,14.4515,34
SQ:XAGUSD,2018-12-05T09:49:00+01:00,14.4525,14.4575,14.4515,14.4545,39
SQ:XAGUSD,2018-12-05T09:50:00+01:00,14.4545,14.4565,14.4515,14.4515,25
SQ:XAGUSD,2018-12-05T09:51:00+01:00,14.4515,14.4515,14.4515,14.4515,14
SQ:XAGUSD,2018-12-05T09:52:00+01:00,14.4515,14.4515,14.4515,14.4515,9
SQ:XAGUSD,2018-12-05T09:53:00+01:00,14.4515,14.4515,14.4505,14.4505,8
SQ:XAGUSD,2018-12-05T09:54:00+01:00,14.4505,14.4505,14.4465,14.4465,6
SQ:XAGUSD,2018-12-05T09:55:00+01:00,14.4465,14.4485,14.4465,14.4485,10
SQ:XAGUSD,2018-12-05T09:56:00+01:00,14.4475,14.4475,14.4465,14.4465,8
SQ:XAGUSD,2018-12-05T09:57:00+01:00,14.4465,14.4465,14.4440,14.4445,19
SQ:XAGUSD,2018-12-05T09:58:00+01:00,14.4455,14.4465,14.4385,14.4415,29
SQ:XAGUSD,2018-12-05T09:59:00+01:00,14.4415,14.4425,14.4385,14.4415,36
SQ:XAGUSD,2018-12-05T10:00:00+01:00,14.4405,14.4465,14.4405,14.4435,17
SQ:XAGUSD,2018-12-05T10:01:00+01:00,14.4455,14.4465,14.4425,14.4465,27
SQ:XAGUSD,2018-12-05T10:02:00+01:00,14.4470,14.4515,14.4470,14.4515,17
SQ:XAGUSD,2018-12-05T10:03:00+01:00,14.4525,14.4565,14.4525,14.4555,30
SQ:XAGUSD,2018-12-05T10:04:00+01:00,14.4545,14.4545,14.4475,14.4485,12
SQ:XAGUSD,2018-12-05T10:05:00+01:00,14.4495,14.4515,14.4475,14.4475,8
SQ:XAGUSD,2018-12-05T10:06:00+01:00,14.4475,14.4475,14.4435,14.4465,15
SQ:XAGUSD,2018-12-05T10:07:00+01:00,14.4465,14.4485,14.4455,14.4485,10
SQ:XAGUSD,2018-12-05T10:08:00+01:00,14.4475,14.4515,14.4475,14.4485,12
SQ:XAGUSD,2018-12-05T10:09:00+01:00,14.4485,14.4515,14.4475,14.4495,16
SQ:XAGUSD,2018-12-05T10:10:00+01:00,14.4495,14.4515,14.4475,14.4475,16
SQ:XAGUSD,2018-12-05T10:11:00+01:00,14.4475,14.4475,14.4465,14.4465,10
SQ:XAGUSD,2018-12-05T10:12:00+01:00,14.4455,14.4455,14.4415,14.4415,9
SQ:XAGUSD,2018-12-05T10:13:00+01:00,14.4415,14.4415,14.4375,14.4415,14
SQ:XAGUSD,2018-12-05T10:14:00+01:00,14.4405,14.4415,14.4375,14.4375,7
SQ:XAGUSD,2018-12-05T10:15:00+01:00,14.4375,14.4415,14.4365,14.4415,21
SQ:XAGUSD,2018-12-05T10:16:00+01:00,14.4415,14.4415,14.4375,14.4375,12
SQ:XAGUSD,2018-12-05T10:17:00+01:00,14.4375,14.4375,14.4365,14.4375,11
SQ:XAGUSD,2018-12-05T10:18:00+01:00,14.4365,14.4415,14.4365,14.4415,6
SQ:XAGUSD,2018-12-05T10:19:00+01:00,14.4425,14.4505,14.4425,14.4505,10
SQ:XAGUSD,2018-12-05T10:20:00+01:00,14.4505,14.4505,14.4425,14.4435,18
SQ:XAGUSD,2018-12-05T10:21:00+01:00,14.4455,14.4455,14.4425,14.4425,19
SQ:XAGUSD,2018-12-05T10:22:00+01:00,14.4435,14.4455,14.4425,14.4455,18
SQ:XAGUSD,2018-12-05T10:23:00+01:00,14.4445,14.4445,14.4415,14.4415,11
SQ:XAGUSD,2018-12-05T10:24:00+01:00,14.4425,14.4445,14.4415,14.4425,8
SQ:XAGUSD,2018-12-05T10:25:00+01:00,14.4445,14.4455,14.4445,14.4455,8
SQ:XAGUSD,2018-12-05T10:26:00+01:00,14.4455,14.4455,14.4445,14.4455,7
SQ:XAGUSD,2018-12-05T10:27:00+01:00,14.4445,14.4455,14.4445,14.4445,4
SQ:XAGUSD,2018-12-05T10:28:00+01:00,14.4445,14.4445,14.4415,14.4415,9
SQ:XAGUSD,2018-12-05T10:29:00+01:00,14.4425,14.4475,14.4415,14.4475,13
SQ:XAGUSD,2018-12-05T10:30:00+01:00,14.4455,14.4485,14.4455,14.4485,14
SQ:XAGUSD,2018-12-05T10:31:00+01:00,14.4505,14.4505,14.4475,14.4495,20
SQ:XAGUSD,2018-12-05T10:32:00+01:00,14.4485,14.4505,14.4470,14.4470,14
SQ:XAGUSD,2018-12-05T10:33:00+01:00,14.4475,14.4545,14.4475,14.4545,11
SQ:XAGUSD,2018-12-05T10:34:00+01:00,14.4555,14.4555,14.4495,14.4505,17
SQ:XAGUSD,2018-12-05T10:35:00+01:00,14.4505,14.4530,14.4505,14.4505,16
SQ:XAGUSD,2018-12-05T10:36:00+01:00,14.4495,14.4515,14.4485,14.4485,18
SQ:XAGUSD,2018-12-05T10:37:00+01:00,14.4475,14.4515,14.4475,14.4475,10
SQ:XAGUSD,2018-12-05T10:38:00+01:00,14.4485,14.4515,14.4475,14.4475,12
SQ:XAGUSD,2018-12-05T10:39:00+01:00,14.4465,14.4485,14.4455,14.4465,12
SQ:XAGUSD,2018-12-05T10:40:00+01:00,14.4465,14.4515,14.4455,14.4515,17
SQ:XAGUSD,2018-12-05T10:41:00+01:00,14.4515,14.4515,14.4475,14.4475,11
SQ:XAGUSD,2018-12-05T10:42:00+01:00,14.4475,14.4515,14.4475,14.4515,11
SQ:XAGUSD,2018-12-05T10:43:00+01:00,14.4505,14.4515,14.4475,14.4475,11
SQ:XAGUSD,2018-12-05T10:44:00+01:00,14.4465,14.4465,14.4455,14.4455,5
SQ:XAGUSD,2018-12-05T10:45:00+01:00,14.4465,14.4465,14.4425,14.4425,10
SQ:XAGUSD,2018-12-05T10:46:00+01:00,14.4425,14.4425,14.4375,14.4405,10
SQ:XAGUSD,2018-12-05T10:47:00+01:00,14.4405,14.4425,14.4405,14.4415,10
SQ:XAGUSD,2018-12-05T10:48:00+01:00,14.4415,14.4415,14.4375,14.4375,5
SQ:XAGUSD,2018-12-05T10:49:00+01:00,14.4375,14.4405,14.4375,14.4375,8
SQ:XAGUSD,2018-12-05T10:50:00+01:00,14.4375,14.4385,14.4355,14.4365,16
SQ:XAGUSD,2018-12-05T10:51:00+01:00,14.4365,14.4375,14.4355,14.4375,10
SQ:XAGUSD,2018-12-05T10:52:00+01:00,14.4405,14.4405,14.4375,14.4405,12
SQ:XAGUSD,2018-12-05T10:53:00+01:00,14.4405,14.4425,14.4355,14.4355,23
SQ:XAGUSD,2018-12-05T10:54:00+01:00,14.4355,14.4375,14.4325,14.4325,19
SQ:XAGUSD,2018-12-05T10:55:00+01:00,14.4335,14.4355,14.4335,14.4355,11
SQ:XAGUSD,2018-12-05T10:56:00+01:00,14.4355,14.4365,14.4355,14.4365,10
SQ:XAGUSD,2018-12-05T10:57:00+01:00,14.4365,14.4415,14.4365,14.4415,12
SQ:XAGUSD,2018-12-05T10:58:00+01:00,14.4415,14.4415,14.4395,14.4405,6
SQ:XAGUSD,2018-12-05T10:59:00+01:00,14.4395,14.4405,14.4365,14.4365,8
SQ:XAGUSD,2018-12-05T11:00:00+01:00,14.4385,14.4405,14.4385,14.4405,3
SQ:XAGUSD,2018-12-05T11:01:00+01:00,14.4405,14.4465,14.4385,14.4465,16
SQ:XAGUSD,2018-12-05T11:02:00+01:00,14.4465,14.4495,14.4465,14.4475,8
SQ:XAGUSD,2018-12-05T11:03:00+01:00,14.4485,14.4505,14.4465,14.4505,12
SQ:XAGUSD,2018-12-05T11:04:00+01:00,14.4495,14.4505,14.4475,14.4505,15
SQ:XAGUSD,2018-12-05T11:05:00+01:00,14.4495,14.4555,14.4495,14.4505,13
SQ:XAGUSD,2018-12-05T11:06:00+01:00,14.4505,14.4535,14.4495,14.4495,13
SQ:XAGUSD,2018-12-05T11:07:00+01:00,14.4485,14.4485,14.4445,14.4445,15
SQ:XAGUSD,2018-12-05T11:08:00+01:00,14.4455,14.4475,14.4455,14.4465,4
SQ:XAGUSD,2018-12-05T11:09:00+01:00,14.4465,14.4515,14.4465,14.4495,14
SQ:XAGUSD,2018-12-05T11:10:00+01:00,14.4475,14.4505,14.4455,14.4505,21
SQ:XAGUSD,2018-12-05T11:11:00+01:00,14.4490,14.4505,14.4465,14.4485,9
SQ:XAGUSD,2018-12-05T11:12:00+01:00,14.4485,14.4485,14.4445,14.4455,13
SQ:XAGUSD,2018-12-05T11:13:00+01:00,14.4455,14.4485,14.4445,14.4485,13
SQ:XAGUSD,2018-12-05T11:14:00+01:00,14.4495,14.4495,14.4455,14.4465,17
SQ:XAGUSD,2018-12-05T11:15:00+01:00,14.4455,14.4495,14.4455,14.4495,10
SQ:XAGUSD,2018-12-05T11:16:00+01:00,14.4485,14.4505,14.4445,14.4445,12
SQ:XAGUSD,2018-12-05T11:17:00+01:00,14.4445,14.4445,14.4415,14.4425,12
SQ:XAGUSD,2018-12-05T11:18:00+01:00,14.4405,14.4425,14.4390,14.4405,16
SQ:XAGUSD,2018-12-05T11:19:00+01:00,14.4395,14.4395,14.4375,14.4375,11
SQ:XAGUSD,2018-12-05T11:20:00+01:00,14.4365,14.4365,14.4335,14.4335,9
SQ:XAGUSD,2018-12-05T11:21:00+01:00,14.4335,14.4355,14.4325,14.4355,8
SQ:XAGUSD,2018-12-05T11:22:00+01:00,14.4365,14.4375,14.4345,14.4375,10
SQ:XAGUSD,2018-12-05T11:23:00+01:00,14.4375,14.4375,14.4375,14.4375,5
SQ:XAGUSD,2018-12-05T11:24:00+01:00,14.4375,14.4375,14.4375,14.4375,8
SQ:XAGUSD,2018-12-05T11:25:00+01:00,14.4365,14.4405,14.4365,14.4380,8
SQ:XAGUSD,2018-12-05T11:26:00+01:00,14.4375,14.4375,14.4335,14.4345,14
SQ:XAGUSD,2018-12-05T11:27:00+01:00,14.4335,14.4365,14.4335,14.4365,9
SQ:XAGUSD,2018-12-05T11:28:00+01:00,14.4345,14.4375,14.4345,14.4375,10
SQ:XAGUSD,2018-12-05T11:29:00+01:00,14.4345,14.4365,14.4335,14.4365,8
SQ:XAGUSD,2018-12-05T11:30:00+01:00,14.4375,14.4415,14.4345,14.4385,18
SQ:XAGUSD,2018-12-05T11:31:00+01:00,14.4385,14.4385,14.4365,14.4365,11
SQ:XAGUSD,2018-12-05T11:32:00+01:00,14.4355,14.4355,14.4345,14.4345,6
SQ:XAGUSD,2018-12-05T11:33:00+01:00,14.4345,14.4355,14.4325,14.4355,13
SQ:XAGUSD,2018-12-05T11:34:00+01:00,14.4325,14.4325,14.4325,14.4325,4
SQ:XAGUSD,2018-12-05T11:35:00+01:00,14.4325,14.4325,14.4305,14.4305,3
SQ:XAGUSD,2018-12-05T11:36:00+01:00,14.4305,14.4325,14.4295,14.4295,10
SQ:XAGUSD,2018-12-05T11:37:00+01:00,14.4295,14.4325,14.4290,14.4305,15
SQ:XAGUSD,2018-12-05T11:38:00+01:00,14.4295,14.4325,14.4295,14.4325,6
SQ:XAGUSD,2018-12-05T11:39:00+01:00,14.4325,14.4325,14.4305,14.4325,11
SQ:XAGUSD,2018-12-05T11:40:00+01:00,14.4325,14.4325,14.4295,14.4325,8
SQ:XAGUSD,2018-12-05T11:41:00+01:00,14.4315,14.4355,14.4295,14.4355,10
SQ:XAGUSD,2018-12-05T11:42:00+01:00,14.4355,14.4355,14.4325,14.4355,6
SQ:XAGUSD,2018-12-05T11:43:00+01:00,14.4355,14.4415,14.4355,14.4405,6
SQ:XAGUSD,2018-12-05T11:44:00+01:00,14.4405,14.4435,14.4405,14.4405,13
SQ:XAGUSD,2018-12-05T11:45:00+01:00,14.4405,14.4435,14.4395,14.4435,10
SQ:XAGUSD,2018-12-05T11:46:00+01:00,14.4435,14.4455,14.4435,14.4455,3
SQ:XAGUSD,2018-12-05T11:47:00+01:00,14.4435,14.4465,14.4435,14.4455,8
SQ:XAGUSD,2018-12-05T11:48:00+01:00,14.4465,14.4475,14.4435,14.4435,9
SQ:XAGUSD,2018-12-05T11:49:00+01:00,14.4425,14.4465,14.4415,14.4415,8
SQ:XAGUSD,2018-12-05T11:50:00+01:00,14.4415,14.4420,14.4405,14.4420,7
SQ:XAGUSD,2018-12-05T11:51:00+01:00,14.4420,14.4420,14.4375,14.4385,14
SQ:XAGUSD,2018-12-05T11:52:00+01:00,14.4375,14.4415,14.4375,14.4385,9
SQ:XAGUSD,2018-12-05T11:53:00+01:00,14.4385,14.4415,14.4385,14.4415,7
SQ:XAGUSD,2018-12-05T11:54:00+01:00,14.4415,14.4415,14.4405,14.4415,11
SQ:XAGUSD,2018-12-05T11:55:00+01:00,14.4405,14.4465,14.4385,14.4465,11
SQ:XAGUSD,2018-12-05T11:56:00+01:00,14.4465,14.4495,14.4455,14.4455,8
SQ:XAGUSD,2018-12-05T11:57:00+01:00,14.4455,14.4495,14.4445,14.4455,20
SQ:XAGUSD,2018-12-05T11:58:00+01:00,14.4455,14.4475,14.4445,14.4475,14
SQ:XAGUSD,2018-12-05T11:59:00+01:00,14.4485,14.4525,14.4465,14.4525,14
SQ:XAGUSD,2018-12-05T12:00:00+01:00,14.4525,14.4535,14.4505,14.4525,20
SQ:XAGUSD,2018-12-05T12:01:00+01:00,14.4515,14.4525,14.4465,14.4505,40
SQ:XAGUSD,2018-12-05T12:02:00+01:00,14.4505,14.4555,14.4405,14.4515,69
SQ:XAGUSD,2018-12-05T12:03:00+01:00,14.4505,14.4565,14.4505,14.4565,45
SQ:XAGUSD,2018-12-05T12:04:00+01:00,14.4555,14.4565,14.4550,14.4555,21
SQ:XAGUSD,2018-12-05T12:05:00+01:00,14.4550,14.4565,14.4535,14.4545,19
SQ:XAGUSD,2018-12-05T12:06:00+01:00,14.4545,14.4555,14.4505,14.4505,7
SQ:XAGUSD,2018-12-05T12:07:00+01:00,14.4495,14.4605,14.4495,14.4555,19
SQ:XAGUSD,2018-12-05T12:08:00+01:00,14.4565,14.4655,14.4565,14.4645,26
SQ:XAGUSD,2018-12-05T12:09:00+01:00,14.4655,14.4675,14.4615,14.4625,21
SQ:XAGUSD,2018-12-05T12:10:00+01:00,14.4605,14.4665,14.4605,14.4665,24
SQ:XAGUSD,2018-12-05T12:11:00+01:00,14.4655,14.4675,14.4635,14.4655,47
SQ:XAGUSD,2018-12-05T12:12:00+01:00,14.4665,14.4675,14.4635,14.4675,15
SQ:XAGUSD,2018-12-05T12:13:00+01:00,14.4675,14.4675,14.4635,14.4645,19
SQ:XAGUSD,2018-12-05T12:14:00+01:00,14.4635,14.4645,14.4605,14.4625,12
SQ:XAGUSD,2018-12-05T12:15:00+01:00,14.4625,14.4675,14.4605,14.4665,25
SQ:XAGUSD,2018-12-05T12:16:00+01:00,14.4655,14.4655,14.4605,14.4605,18
SQ:XAGUSD,2018-12-05T12:17:00+01:00,14.4605,14.4625,14.4585,14.4585,15
SQ:XAGUSD,2018-12-05T12:18:00+01:00,14.4605,14.4625,14.4575,14.4575,6
SQ:XAGUSD,2018-12-05T12:19:00+01:00,14.4565,14.4575,14.4525,14.4555,9
SQ:XAGUSD,2018-12-05T12:20:00+01:00,14.4565,14.4575,14.4555,14.4565,19
SQ:XAGUSD,2018-12-05T12:21:00+01:00,14.4575,14.4575,14.4535,14.4535,18
SQ:XAGUSD,2018-12-05T12:22:00+01:00,14.4565,14.4575,14.4565,14.4575,2
SQ:XAGUSD,2018-12-05T12:23:00+01:00,14.4565,14.4645,14.4535,14.4615,13
SQ:XAGUSD,2018-12-05T12:24:00+01:00,14.4615,14.4625,14.4605,14.4605,10
SQ:XAGUSD,2018-12-05T12:25:00+01:00,14.4615,14.4625,14.4585,14.4625,16
SQ:XAGUSD,2018-12-05T12:26:00+01:00,14.4625,14.4655,14.4615,14.4615,9
SQ:XAGUSD,2018-12-05T12:27:00+01:00,14.4595,14.4615,14.4585,14.4595,18
SQ:XAGUSD,2018-12-05T12:28:00+01:00,14.4605,14.4605,14.4555,14.4555,12
SQ:XAGUSD,2018-12-05T12:29:00+01:00,14.4555,14.4575,14.4525,14.4545,21
SQ:XAGUSD,2018-12-05T12:30:00+01:00,14.4535,14.4535,14.4495,14.4505,19
SQ:XAGUSD,2018-12-05T12:31:00+01:00,14.4515,14.4515,14.4485,14.4495,18
SQ:XAGUSD,2018-12-05T12:32:00+01:00,14.4495,14.4535,14.4495,14.4525,12
SQ:XAGUSD,2018-12-05T12:33:00+01:00,14.4535,14.4575,14.4535,14.4535,13
SQ:XAGUSD,2018-12-05T12:34:00+01:00,14.4535,14.4565,14.4525,14.4565,9
SQ:XAGUSD,2018-12-05T12:35:00+01:00,14.4575,14.4575,14.4535,14.4535,9
SQ:XAGUSD,2018-12-05T12:36:00+01:00,14.4545,14.4545,14.4525,14.4535,8
SQ:XAGUSD,2018-12-05T12:37:00+01:00,14.4525,14.4535,14.4505,14.4505,9
SQ:XAGUSD,2018-12-05T12:38:00+01:00,14.4485,14.4525,14.4485,14.4525,10
SQ:XAGUSD,2018-12-05T12:39:00+01:00,14.4545,14.4545,14.4525,14.4535,8
SQ:XAGUSD,2018-12-05T12:40:00+01:00,14.4545,14.4585,14.4545,14.4575,6
SQ:XAGUSD,2018-12-05T12:41:00+01:00,14.4565,14.4575,14.4545,14.4545,9
SQ:XAGUSD,2018-12-05T12:42:00+01:00,14.4545,14.4565,14.4535,14.4555,21
SQ:XAGUSD,2018-12-05T12:43:00+01:00,14.4545,14.4575,14.4535,14.4575,5
SQ:XAGUSD,2018-12-05T12:44:00+01:00,14.4575,14.4605,14.4565,14.4605,6
SQ:XAGUSD,2018-12-05T12:45:00+01:00,14.4595,14.4625,14.4585,14.4595,12
SQ:XAGUSD,2018-12-05T12:46:00+01:00,14.4605,14.4625,14.4585,14.4625,16
SQ:XAGUSD,2018-12-05T12:47:00+01:00,14.4600,14.4625,14.4585,14.4605,10
SQ:XAGUSD,2018-12-05T12:48:00+01:00,14.4595,14.4675,14.4595,14.4635,20
SQ:XAGUSD,2018-12-05T12:49:00+01:00,14.4645,14.4675,14.4635,14.4635,18
SQ:XAGUSD,2018-12-05T12:50:00+01:00,14.4655,14.4675,14.4635,14.4635,19
SQ:XAGUSD,2018-12-05T12:51:00+01:00,14.4655,14.4665,14.4585,14.4635,26
SQ:XAGUSD,2018-12-05T12:52:00+01:00,14.4635,14.4635,14.4615,14.4625,13
SQ:XAGUSD,2018-12-05T12:53:00+01:00,14.4625,14.4625,14.4600,14.4600,18
SQ:XAGUSD,2018-12-05T12:54:00+01:00,14.4615,14.4625,14.4585,14.4625,11
SQ:XAGUSD,2018-12-05T12:55:00+01:00,14.4635,14.4645,14.4585,14.4625,18
SQ:XAGUSD,2018-12-05T12:56:00+01:00,14.4625,14.4635,14.4615,14.4625,10
SQ:XAGUSD,2018-12-05T12:57:00+01:00,14.4615,14.4615,14.4585,14.4585,17
SQ:XAGUSD,2018-12-05T12:58:00+01:00,14.4585,14.4615,14.4585,14.4595,17
SQ:XAGUSD,2018-12-05T12:59:00+01:00,14.4595,14.4595,14.4535,14.4535,15
SQ:XAGUSD,2018-12-05T13:00:00+01:00,14.4565,14.4575,14.4535,14.4555,22
SQ:XAGUSD,2018-12-05T13:01:00+01:00,14.4565,14.4595,14.4565,14.4585,7
SQ:XAGUSD,2018-12-05T13:02:00+01:00,14.4585,14.4625,14.4585,14.4615,6
SQ:XAGUSD,2018-12-05T13:03:00+01:00,14.4615,14.4625,14.4595,14.4600,18
SQ:XAGUSD,2018-12-05T13:04:00+01:00,14.4605,14.4645,14.4605,14.4615,17
SQ:XAGUSD,2018-12-05T13:05:00+01:00,14.4615,14.4625,14.4585,14.4625,18
SQ:XAGUSD,2018-12-05T13:06:00+01:00,14.4635,14.4635,14.4615,14.4615,6
SQ:XAGUSD,2018-12-05T13:07:00+01:00,14.4585,14.4595,14.4565,14.4585,12
SQ:XAGUSD,2018-12-05T13:08:00+01:00,14.4595,14.4615,14.4575,14.4615,10
SQ:XAGUSD,2018-12-05T13:09:00+01:00,14.4615,14.4635,14.4615,14.4615,6
SQ:XAGUSD,2018-12-05T13:10:00+01:00,14.4605,14.4615,14.4585,14.4615,10
SQ:XAGUSD,2018-12-05T13:11:00+01:00,14.4605,14.4615,14.4595,14.4605,11
SQ:XAGUSD,2018-12-05T13:12:00+01:00,14.4585,14.4585,14.4555,14.4555,11
SQ:XAGUSD,2018-12-05T13:13:00+01:00,14.4560,14.4565,14.4560,14.4565,8
SQ:XAGUSD,2018-12-05T13:14:00+01:00,14.4565,14.4575,14.4555,14.4565,16
SQ:XAGUSD,2018-12-05T13:15:00+01:00,14.4560,14.4565,14.4545,14.4545,16
SQ:XAGUSD,2018-12-05T13:16:00+01:00,14.4525,14.4535,14.4525,14.4535,4
SQ:XAGUSD,2018-12-05T13:17:00+01:00,14.4525,14.4565,14.4525,14.4525,25
SQ:XAGUSD,2018-12-05T13:18:00+01:00,14.4515,14.4535,14.4515,14.4515,10
SQ:XAGUSD,2018-12-05T13:19:00+01:00,14.4515,14.4515,14.4505,14.4505,6
SQ:XAGUSD,2018-12-05T13:20:00+01:00,14.4515,14.4520,14.4495,14.4495,13
SQ:XAGUSD,2018-12-05T13:21:00+01:00,14.4515,14.4525,14.4495,14.4525,8
SQ:XAGUSD,2018-12-05T13:22:00+01:00,14.4535,14.4545,14.4525,14.4525,4
SQ:XAGUSD,2018-12-05T13:23:00+01:00,14.4525,14.4575,14.4525,14.4545,12
SQ:XAGUSD,2018-12-05T13:24:00+01:00,14.4545,14.4565,14.4535,14.4565,14
SQ:XAGUSD,2018-12-05T13:25:00+01:00,14.4575,14.4585,14.4535,14.4535,25
SQ:XAGUSD,2018-12-05T13:26:00+01:00,14.4535,14.4575,14.4535,14.4575,11
SQ:XAGUSD,2018-12-05T13:27:00+01:00,14.4565,14.4575,14.4535,14.4535,10
SQ:XAGUSD,2018-12-05T13:28:00+01:00,14.4545,14.4575,14.4525,14.4535,14
SQ:XAGUSD,2018-12-05T13:29:00+01:00,14.4525,14.4545,14.4525,14.4525,9
SQ:XAGUSD,2018-12-05T13:30:00+01:00,14.4525,14.4545,14.4505,14.4505,8
SQ:XAGUSD,2018-12-05T13:31:00+01:00,14.4505,14.4505,14.4485,14.4485,7
SQ:XAGUSD,2018-12-05T13:32:00+01:00,14.4495,14.4525,14.4485,14.4525,14
SQ:XAGUSD,2018-12-05T13:33:00+01:00,14.4525,14.4525,14.4495,14.4495,5
SQ:XAGUSD,2018-12-05T13:34:00+01:00,14.4505,14.4525,14.4505,14.4515,11
SQ:XAGUSD,2018-12-05T13:35:00+01:00,14.4525,14.4555,14.4515,14.4555,10
SQ:XAGUSD,2018-12-05T13:36:00+01:00,14.4575,14.4625,14.4575,14.4625,8
SQ:XAGUSD,2018-12-05T13:37:00+01:00,14.4615,14.4625,14.4595,14.4595,15
SQ:XAGUSD,2018-12-05T13:38:00+01:00,14.4605,14.4645,14.4595,14.4645,14
SQ:XAGUSD,2018-12-05T13:39:00+01:00,14.4645,14.4665,14.4635,14.4635,11
SQ:XAGUSD,2018-12-05T13:40:00+01:00,14.4635,14.4635,14.4615,14.4635,8
SQ:XAGUSD,2018-12-05T13:41:00+01:00,14.4625,14.4645,14.4625,14.4645,6
SQ:XAGUSD,2018-12-05T13:42:00+01:00,14.4645,14.4665,14.4635,14.4635,34
SQ:XAGUSD,2018-12-05T13:43:00+01:00,14.4640,14.4655,14.4635,14.4635,12
SQ:XAGUSD,2018-12-05T13:44:00+01:00,14.4635,14.4665,14.4635,14.4645,9
SQ:XAGUSD,2018-12-05T13:45:00+01:00,14.4645,14.4675,14.4645,14.4675,12
SQ:XAGUSD,2018-12-05T13:46:00+01:00,14.4665,14.4675,14.4645,14.4655,14
SQ:XAGUSD,2018-12-05T13:47:00+01:00,14.4665,14.4675,14.4640,14.4675,23
SQ:XAGUSD,2018-12-05T13:48:00+01:00,14.4665,14.4675,14.4645,14.4665,17
SQ:XAGUSD,2018-12-05T13:49:00+01:00,14.4655,14.4675,14.4645,14.4665,23
SQ:XAGUSD,2018-12-05T13:50:00+01:00,14.4655,14.4665,14.4630,14.4665,16
SQ:XAGUSD,2018-12-05T13:51:00+01:00,14.4665,14.4665,14.4630,14.4630,10
SQ:XAGUSD,2018-12-05T13:52:00+01:00,14.4635,14.4655,14.4635,14.4645,14
SQ:XAGUSD,2018-12-05T13:53:00+01:00,14.4635,14.4665,14.4625,14.4635,13
SQ:XAGUSD,2018-12-05T13:54:00+01:00,14.4665,14.4715,14.4665,14.4675,21
SQ:XAGUSD,2018-12-05T13:55:00+01:00,14.4675,14.4715,14.4645,14.4675,22
SQ:XAGUSD,2018-12-05T13:56:00+01:00,14.4685,14.4685,14.4625,14.4625,11
SQ:XAGUSD,2018-12-05T13:57:00+01:00,14.4645,14.4675,14.4625,14.4625,13
SQ:XAGUSD,2018-12-05T13:58:00+01:00,14.4625,14.4655,14.4625,14.4655,23
SQ:XAGUSD,2018-12-05T13:59:00+01:00,14.4655,14.4675,14.4625,14.4645,25
SQ:XAGUSD,2018-12-05T14:00:00+01:00,14.4665,14.4685,14.4645,14.4665,25
SQ:XAGUSD,2018-12-05T14:01:00+01:00,14.4675,14.4695,14.4675,14.4675,24
SQ:XAGUSD,2018-12-05T14:02:00+01:00,14.4675,14.4695,14.4665,14.4685,20
SQ:XAGUSD,2018-12-05T14:03:00+01:00,14.4675,14.4725,14.4675,14.4725,22
SQ:XAGUSD,2018-12-05T14:04:00+01:00,14.4725,14.4735,14.4725,14.4725,14
SQ:XAGUSD,2018-12-05T14:05:00+01:00,14.4715,14.4735,14.4705,14.4725,16
SQ:XAGUSD,2018-12-05T14:06:00+01:00,14.4725,14.4725,14.4685,14.4725,15
SQ:XAGUSD,2018-12-05T14:07:00+01:00,14.4725,14.4735,14.4715,14.4725,19
SQ:XAGUSD,2018-12-05T14:08:00+01:00,14.4735,14.4745,14.4715,14.4725,13
SQ:XAGUSD,2018-12-05T14:09:00+01:00,14.4715,14.4745,14.4715,14.4735,18
SQ:XAGUSD,2018-12-05T14:10:00+01:00,14.4735,14.4745,14.4705,14.4715,12
SQ:XAGUSD,2018-12-05T14:11:00+01:00,14.4735,14.4745,14.4705,14.4735,30
SQ:XAGUSD,2018-12-05T14:12:00+01:00,14.4735,14.4735,14.4715,14.4715,7
SQ:XAGUSD,2018-12-05T14:13:00+01:00,14.4705,14.4745,14.4705,14.4735,15
SQ:XAGUSD,2018-12-05T14:14:00+01:00,14.4745,14.4745,14.4715,14.4725,12
SQ:XAGUSD,2018-12-05T14:15:00+01:00,14.4715,14.4735,14.4695,14.4695,12
SQ:XAGUSD,2018-12-05T14:16:00+01:00,14.4695,14.4735,14.4695,14.4725,5
SQ:XAGUSD,2018-12-05T14:17:00+01:00,14.4725,14.4745,14.4715,14.4745,23
SQ:XAGUSD,2018-12-05T14:18:00+01:00,14.4745,14.4745,14.4745,14.4745,1
SQ:XAGUSD,2018-12-05T14:19:00+01:00,14.4745,14.4755,14.4745,14.4745,12
SQ:XAGUSD,2018-12-05T14:20:00+01:00,14.4765,14.4775,14.4665,14.4715,18
SQ:XAGUSD,2018-12-05T14:21:00+01:00,14.4715,14.4745,14.4715,14.4745,17
SQ:XAGUSD,2018-12-05T14:22:00+01:00,14.4745,14.4745,14.4695,14.4695,11
SQ:XAGUSD,2018-12-05T14:23:00+01:00,14.4725,14.4745,14.4725,14.4735,23
SQ:XAGUSD,2018-12-05T14:24:00+01:00,14.4735,14.4815,14.4715,14.4815,26
SQ:XAGUSD,2018-12-05T14:25:00+01:00,14.4855,14.4855,14.4765,14.4765,20
SQ:XAGUSD,2018-12-05T14:26:00+01:00,14.4775,14.4815,14.4765,14.4785,14
SQ:XAGUSD,2018-12-05T14:27:00+01:00,14.4775,14.4795,14.4775,14.4795,21
SQ:XAGUSD,2018-12-05T14:28:00+01:00,14.4825,14.4855,14.4825,14.4845,15
SQ:XAGUSD,2018-12-05T14:29:00+01:00,14.4855,14.4865,14.4845,14.4855,5
SQ:XAGUSD,2018-12-05T14:30:00+01:00,14.4865,14.4875,14.4855,14.4875,8
SQ:XAGUSD,2018-12-05T14:31:00+01:00,14.4875,14.4895,14.4855,14.4895,14
SQ:XAGUSD,2018-12-05T14:32:00+01:00,14.4895,14.4925,14.4855,14.4925,39
SQ:XAGUSD,2018-12-05T14:33:00+01:00,14.4915,14.4915,14.4875,14.4895,25
SQ:XAGUSD,2018-12-05T14:34:00+01:00,14.4905,14.4925,14.4875,14.4905,36
SQ:XAGUSD,2018-12-05T14:35:00+01:00,14.4925,14.4925,14.4805,14.4825,32
SQ:XAGUSD,2018-12-05T14:36:00+01:00,14.4825,14.4855,14.4815,14.4825,26
SQ:XAGUSD,2018-12-05T14:37:00+01:00,14.4845,14.4855,14.4775,14.4775,21
SQ:XAGUSD,2018-12-05T14:38:00+01:00,14.4765,14.4765,14.4735,14.4735,4
SQ:XAGUSD,2018-12-05T14:39:00+01:00,14.4745,14.4755,14.4725,14.4735,16
SQ:XAGUSD,2018-12-05T14:40:00+01:00,14.4735,14.4745,14.4675,14.4695,20
SQ:XAGUSD,2018-12-05T14:41:00+01:00,14.4705,14.4705,14.4675,14.4705,16
SQ:XAGUSD,2018-12-05T14:42:00+01:00,14.4705,14.4705,14.4675,14.4695,21
SQ:XAGUSD,2018-12-05T14:43:00+01:00,14.4705,14.4705,14.4665,14.4685,26
SQ:XAGUSD,2018-12-05T14:44:00+01:00,14.4665,14.4665,14.4625,14.4645,21
SQ:XAGUSD,2018-12-05T14:45:00+01:00,14.4605,14.4655,14.4605,14.4655,22
SQ:XAGUSD,2018-12-05T14:46:00+01:00,14.4655,14.4675,14.4625,14.4675,24
SQ:XAGUSD,2018-12-05T14:47:00+01:00,14.4685,14.4705,14.4675,14.4705,14
SQ:XAGUSD,2018-12-05T14:48:00+01:00,14.4695,14.4715,14.4665,14.4675,13
SQ:XAGUSD,2018-12-05T14:49:00+01:00,14.4685,14.4755,14.4685,14.4755,9
SQ:XAGUSD,2018-12-05T14:50:00+01:00,14.4765,14.4765,14.4715,14.4745,24
SQ:XAGUSD,2018-12-05T14:51:00+01:00,14.4745,14.4795,14.4745,14.4785,22
SQ:XAGUSD,2018-12-05T14:52:00+01:00,14.4785,14.4805,14.4775,14.4775,42
SQ:XAGUSD,2018-12-05T14:53:00+01:00,14.4775,14.4835,14.4765,14.4835,16
SQ:XAGUSD,2018-12-05T14:54:00+01:00,14.4825,14.4865,14.4825,14.4855,8
SQ:XAGUSD,2018-12-05T14:55:00+01:00,14.4865,14.4915,14.4865,14.4905,44
SQ:XAGUSD,2018-12-05T14:56:00+01:00,14.4895,14.4915,14.4875,14.4915,26
SQ:XAGUSD,2018-12-05T14:57:00+01:00,14.4905,14.4905,14.4845,14.4875,31
SQ:XAGUSD,2018-12-05T14:58:00+01:00,14.4895,14.4905,14.4865,14.4875,18
SQ:XAGUSD,2018-12-05T14:59:00+01:00,14.4885,14.4915,14.4865,14.4865,20
SQ:XAGUSD,2018-12-05T15:00:00+01:00,14.4865,14.4915,14.4865,14.4885,28
SQ:XAGUSD,2018-12-05T15:01:00+01:00,14.4885,14.4915,14.4845,14.4855,23
SQ:XAGUSD,2018-12-05T15:02:00+01:00,14.4865,14.4885,14.4845,14.4865,15
SQ:XAGUSD,2018-12-05T15:03:00+01:00,14.4865,14.4965,14.4855,14.4955,22
SQ:XAGUSD,2018-12-05T15:04:00+01:00,14.4975,14.5015,14.4975,14.5015,23
SQ:XAGUSD,2018-12-05T15:05:00+01:00,14.5015,14.5055,14.5015,14.5055,42
SQ:XAGUSD,2018-12-05T15:06:00+01:00,14.5065,14.5065,14.5035,14.5055,34
SQ:XAGUSD,2018-12-05T15:07:00+01:00,14.5065,14.5065,14.5025,14.5025,36
SQ:XAGUSD,2018-12-05T15:08:00+01:00,14.5015,14.5065,14.5015,14.5035,23
SQ:XAGUSD,2018-12-05T15:09:00+01:00,14.5025,14.5065,14.4995,14.5005,26
SQ:XAGUSD,2018-12-05T15:10:00+01:00,14.5005,14.5015,14.4995,14.5015,13
SQ:XAGUSD,2018-12-05T15:11:00+01:00,14.5025,14.5065,14.5025,14.5055,22
SQ:XAGUSD,2018-12-05T15:12:00+01:00,14.5055,14.5105,14.5045,14.5045,39
SQ:XAGUSD,2018-12-05T15:13:00+01:00,14.5045,14.5065,14.5025,14.5065,33
SQ:XAGUSD,2018-12-05T15:14:00+01:00,14.5055,14.5065,14.4995,14.5015,22
SQ:XAGUSD,2018-12-05T15:15:00+01:00,14.4995,14.5015,14.4875,14.4875,38
SQ:XAGUSD,2018-12-05T15:16:00+01:00,14.4875,14.4895,14.4795,14.4795,29
SQ:XAGUSD,2018-12-05T15:17:00+01:00,14.4815,14.4895,14.4805,14.4885,29
SQ:XAGUSD,2018-12-05T15:18:00+01:00,14.4895,14.4895,14.4805,14.4815,31
SQ:XAGUSD,2018-12-05T15:19:00+01:00,14.4825,14.4825,14.4775,14.4785,23
SQ:XAGUSD,2018-12-05T15:20:00+01:00,14.4775,14.4895,14.4765,14.4885,44
SQ:XAGUSD,2018-12-05T15:21:00+01:00,14.4875,14.4995,14.4865,14.4985,52
SQ:XAGUSD,2018-12-05T15:22:00+01:00,14.4980,14.5025,14.4965,14.5015,41
SQ:XAGUSD,2018-12-05T15:23:00+01:00,14.5005,14.5015,14.4955,14.4955,33
SQ:XAGUSD,2018-12-05T15:24:00+01:00,14.4965,14.4985,14.4945,14.4965,20
SQ:XAGUSD,2018-12-05T15:25:00+01:00,14.4965,14.5035,14.4955,14.5035,36
SQ:XAGUSD,2018-12-05T15:26:00+01:00,14.5045,14.5065,14.5015,14.5045,13
SQ:XAGUSD,2018-12-05T15:27:00+01:00,14.5055,14.5065,14.5035,14.5045,13
SQ:XAGUSD,2018-12-05T15:28:00+01:00,14.5055,14.5065,14.5005,14.5005,20
SQ:XAGUSD,2018-12-05T15:29:00+01:00,14.5015,14.5045,14.5005,14.5045,19
SQ:XAGUSD,2018-12-05T15:30:00+01:00,14.5045,14.5045,14.5005,14.5035,35
SQ:XAGUSD,2018-12-05T15:31:00+01:00,14.5035,14.5095,14.5035,14.5085,28
SQ:XAGUSD,2018-12-05T15:32:00+01:00,14.5095,14.5145,14.5085,14.5085,27
SQ:XAGUSD,2018-12-05T15:33:00+01:00,14.5075,14.5125,14.5055,14.5115,17
SQ:XAGUSD,2018-12-05T15:34:00+01:00,14.5105,14.5115,14.5035,14.5045,25
SQ:XAGUSD,2018-12-05T15:35:00+01:00,14.5045,14.5065,14.5045,14.5055,7
SQ:XAGUSD,2018-12-05T15:36:00+01:00,14.5035,14.5035,14.4965,14.4975,22
SQ:XAGUSD,2018-12-05T15:37:00+01:00,14.4965,14.5005,14.4965,14.4985,21
SQ:XAGUSD,2018-12-05T15:38:00+01:00,14.4985,14.4985,14.4955,14.4965,26
SQ:XAGUSD,2018-12-05T15:39:00+01:00,14.4975,14.5005,14.4905,14.4925,27
SQ:XAGUSD,2018-12-05T15:40:00+01:00,14.4905,14.4915,14.4885,14.4905,20
SQ:XAGUSD,2018-12-05T15:41:00+01:00,14.4905,14.4925,14.4895,14.4895,16
SQ:XAGUSD,2018-12-05T15:42:00+01:00,14.4895,14.4925,14.4895,14.4915,18
SQ:XAGUSD,2018-12-05T15:43:00+01:00,14.4925,14.4925,14.4905,14.4905,10
SQ:XAGUSD,2018-12-05T15:44:00+01:00,14.4915,14.4925,14.4905,14.4905,7
SQ:XAGUSD,2018-12-05T15:45:00+01:00,14.4885,14.4895,14.4855,14.4875,35
SQ:XAGUSD,2018-12-05T15:46:00+01:00,14.4875,14.4885,14.4855,14.4865,31
SQ:XAGUSD,2018-12-05T15:47:00+01:00,14.4875,14.4905,14.4855,14.4855,24
SQ:XAGUSD,2018-12-05T15:48:00+01:00,14.4865,14.4875,14.4805,14.4805,21
SQ:XAGUSD,2018-12-05T15:49:00+01:00,14.4805,14.4805,14.4745,14.4775,36
SQ:XAGUSD,2018-12-05T15:50:00+01:00,14.4785,14.4825,14.4755,14.4805,29
SQ:XAGUSD,2018-12-05T15:51:00+01:00,14.4815,14.4845,14.4805,14.4815,28
SQ:XAGUSD,2018-12-05T15:52:00+01:00,14.4825,14.4825,14.4805,14.4815,16
SQ:XAGUSD,2018-12-05T15:53:00+01:00,14.4805,14.4815,14.4805,14.4815,14
SQ:XAGUSD,2018-12-05T15:54:00+01:00,14.4815,14.4835,14.4805,14.4835,15
SQ:XAGUSD,2018-12-05T15:55:00+01:00,14.4825,14.4835,14.4785,14.4795,30
SQ:XAGUSD,2018-12-05T15:56:00+01:00,14.4805,14.4805,14.4770,14.4775,30
SQ:XAGUSD,2018-12-05T15:57:00+01:00,14.4775,14.4805,14.4765,14.4795,22
SQ:XAGUSD,2018-12-05T15:58:00+01:00,14.4795,14.4815,14.4785,14.4815,13
SQ:XAGUSD,2018-12-05T15:59:00+01:00,14.4815,14.4815,14.4755,14.4815,37
SQ:XAGUSD,2018-12-05T16:00:00+01:00,14.4825,14.4825,14.4645,14.4705,91
SQ:XAGUSD,2018-12-05T16:01:00+01:00,14.4705,14.4715,14.4655,14.4695,49
SQ:XAGUSD,2018-12-05T16:02:00+01:00,14.4675,14.4695,14.4655,14.4685,42
SQ:XAGUSD,2018-12-05T16:03:00+01:00,14.4675,14.4725,14.4655,14.4715,43
SQ:XAGUSD,2018-12-05T16:04:00+01:00,14.4705,14.4735,14.4705,14.4705,25
SQ:XAGUSD,2018-12-05T16:05:00+01:00,14.4695,14.4695,14.4635,14.4655,20
SQ:XAGUSD,2018-12-05T16:06:00+01:00,14.4665,14.4745,14.4655,14.4745,28
SQ:XAGUSD,2018-12-05T16:07:00+01:00,14.4715,14.4765,14.4705,14.4755,27
SQ:XAGUSD,2018-12-05T16:08:00+01:00,14.4755,14.4785,14.4745,14.4755,14
SQ:XAGUSD,2018-12-05T16:09:00+01:00,14.4755,14.4795,14.4755,14.4795,15
SQ:XAGUSD,2018-12-05T16:10:00+01:00,14.4795,14.4875,14.4755,14.4875,40
SQ:XAGUSD,2018-12-05T16:11:00+01:00,14.4875,14.4895,14.4855,14.4895,26
SQ:XAGUSD,2018-12-05T16:12:00+01:00,14.4895,14.4895,14.4845,14.4855,22
SQ:XAGUSD,2018-12-05T16:13:00+01:00,14.4855,14.4895,14.4855,14.4885,26
SQ:XAGUSD,2018-12-05T16:14:00+01:00,14.4875,14.4895,14.4855,14.4885,27
SQ:XAGUSD,2018-12-05T16:15:00+01:00,14.4855,14.4875,14.4835,14.4835,21
SQ:XAGUSD,2018-12-05T16:16:00+01:00,14.4835,14.4835,14.4795,14.4795,29
SQ:XAGUSD,2018-12-05T16:17:00+01:00,14.4805,14.4865,14.4795,14.4855,28
SQ:XAGUSD,2018-12-05T16:18:00+01:00,14.4855,14.4855,14.4805,14.4805,17
SQ:XAGUSD,2018-12-05T16:19:00+01:00,14.4815,14.4855,14.4805,14.4835,15
SQ:XAGUSD,2018-12-05T16:20:00+01:00,14.4835,14.4835,14.4805,14.4805,16
SQ:XAGUSD,2018-12-05T16:21:00+01:00,14.4815,14.4815,14.4785,14.4805,22
SQ:XAGUSD,2018-12-05T16:22:00+01:00,14.4805,14.4815,14.4795,14.4795,9
SQ:XAGUSD,2018-12-05T16:23:00+01:00,14.4795,14.4805,14.4755,14.4765,24
SQ:XAGUSD,2018-12-05T16:24:00+01:00,14.4755,14.4785,14.4755,14.4765,23
SQ:XAGUSD,2018-12-05T16:25:00+01:00,14.4775,14.4785,14.4755,14.4765,19
SQ:XAGUSD,2018-12-05T16:26:00+01:00,14.4765,14.4765,14.4745,14.4755,17
SQ:XAGUSD,2018-12-05T16:27:00+01:00,14.4745,14.4765,14.4675,14.4695,30
SQ:XAGUSD,2018-12-05T16:28:00+01:00,14.4685,14.4685,14.4655,14.4655,16
SQ:XAGUSD,2018-12-05T16:29:00+01:00,14.4655,14.4665,14.4645,14.4655,7
SQ:XAGUSD,2018-12-05T16:30:00+01:00,14.4665,14.4675,14.4645,14.4655,27
SQ:XAGUSD,2018-12-05T16:31:00+01:00,14.4665,14.4705,14.4655,14.4675,21
SQ:XAGUSD,2018-12-05T16:32:00+01:00,14.4675,14.4705,14.4625,14.4625,22
SQ:XAGUSD,2018-12-05T16:33:00+01:00,14.4615,14.4625,14.4605,14.4625,16
SQ:XAGUSD,2018-12-05T16:34:00+01:00,14.4615,14.4625,14.4595,14.4595,8
SQ:XAGUSD,2018-12-05T16:35:00+01:00,14.4595,14.4625,14.4585,14.4625,26
SQ:XAGUSD,2018-12-05T16:36:00+01:00,14.4625,14.4675,14.4495,14.4545,36
SQ:XAGUSD,2018-12-05T16:37:00+01:00,14.4545,14.4555,14.4505,14.4555,9
SQ:XAGUSD,2018-12-05T16:38:00+01:00,14.4555,14.4555,14.4525,14.4525,7
SQ:XAGUSD,2018-12-05T16:39:00+01:00,14.4525,14.4555,14.4505,14.4515,17
SQ:XAGUSD,2018-12-05T16:40:00+01:00,14.4555,14.4555,14.4515,14.4555,8
SQ:XAGUSD,2018-12-05T16:41:00+01:00,14.4555,14.4625,14.4555,14.4615,14
SQ:XAGUSD,2018-12-05T16:42:00+01:00,14.4605,14.4615,14.4605,14.4605,9
SQ:XAGUSD,2018-12-05T16:43:00+01:00,14.4605,14.4625,14.4605,14.4615,16
SQ:XAGUSD,2018-12-05T16:44:00+01:00,14.4615,14.4655,14.4605,14.4655,21
SQ:XAGUSD,2018-12-05T16:45:00+01:00,14.4615,14.4655,14.4605,14.4615,14
SQ:XAGUSD,2018-12-05T16:46:00+01:00,14.4605,14.4655,14.4605,14.4655,15
SQ:XAGUSD,2018-12-05T16:47:00+01:00,14.4655,14.4725,14.4655,14.4725,12
SQ:XAGUSD,2018-12-05T16:48:00+01:00,14.4715,14.4715,14.4675,14.4705,13
SQ:XAGUSD,2018-12-05T16:49:00+01:00,14.4705,14.4725,14.4705,14.4725,8
SQ:XAGUSD,2018-12-05T16:50:00+01:00,14.4725,14.4725,14.4715,14.4725,3
SQ:XAGUSD,2018-12-05T16:51:00+01:00,14.4715,14.4755,14.4705,14.4755,12
SQ:XAGUSD,2018-12-05T16:52:00+01:00,14.4755,14.4795,14.4755,14.4775,26
SQ:XAGUSD,2018-12-05T16:53:00+01:00,14.4775,14.4805,14.4755,14.4805,14
SQ:XAGUSD,2018-12-05T16:54:00+01:00,14.4775,14.4775,14.4695,14.4705,18
SQ:XAGUSD,2018-12-05T16:55:00+01:00,14.4705,14.4755,14.4705,14.4725,12
SQ:XAGUSD,2018-12-05T16:56:00+01:00,14.4715,14.4725,14.4705,14.4715,15
SQ:XAGUSD,2018-12-05T16:57:00+01:00,14.4725,14.4735,14.4715,14.4725,9
SQ:XAGUSD,2018-12-05T16:58:00+01:00,14.4715,14.4755,14.4705,14.4755,19
SQ:XAGUSD,2018-12-05T16:59:00+01:00,14.4735,14.4775,14.4735,14.4755,8
SQ:XAGUSD,2018-12-05T17:00:00+01:00,14.4775,14.4815,14.4775,14.4805,14
SQ:XAGUSD,2018-12-05T17:01:00+01:00,14.4775,14.4785,14.4755,14.4775,13
SQ:XAGUSD,2018-12-05T17:02:00+01:00,14.4755,14.4805,14.4745,14.4775,28
SQ:XAGUSD,2018-12-05T17:03:00+01:00,14.4805,14.4805,14.4755,14.4755,19
SQ:XAGUSD,2018-12-05T17:04:00+01:00,14.4765,14.4775,14.4735,14.4775,16
SQ:XAGUSD,2018-12-05T17:05:00+01:00,14.4805,14.4835,14.4805,14.4805,24
SQ:XAGUSD,2018-12-05T17:06:00+01:00,14.4775,14.4825,14.4765,14.4795,24
SQ:XAGUSD,2018-12-05T17:07:00+01:00,14.4795,14.4815,14.4785,14.4795,18
SQ:XAGUSD,2018-12-05T17:08:00+01:00,14.4785,14.4815,14.4785,14.4795,15
SQ:XAGUSD,2018-12-05T17:09:00+01:00,14.4805,14.4825,14.4785,14.4795,34
SQ:XAGUSD,2018-12-05T17:10:00+01:00,14.4805,14.4815,14.4775,14.4805,21
SQ:XAGUSD,2018-12-05T17:11:00+01:00,14.4765,14.4805,14.4765,14.4805,2
SQ:XAGUSD,2018-12-05T17:12:00+01:00,14.4805,14.4805,14.4725,14.4725,10
SQ:XAGUSD,2018-12-05T17:13:00+01:00,14.4715,14.4785,14.4715,14.4785,14
SQ:XAGUSD,2018-12-05T17:14:00+01:00,14.4765,14.4835,14.4755,14.4825,37
SQ:XAGUSD,2018-12-05T17:15:00+01:00,14.4825,14.4835,14.4825,14.4835,13
SQ:XAGUSD,2018-12-05T17:16:00+01:00,14.4835,14.4835,14.4835,14.4835,14
SQ:XAGUSD,2018-12-05T17:17:00+01:00,14.4845,14.4885,14.4825,14.4835,25
SQ:XAGUSD,2018-12-05T17:18:00+01:00,14.4835,14.4875,14.4835,14.4875,24
SQ:XAGUSD,2018-12-05T17:19:00+01:00,14.4855,14.4875,14.4835,14.4845,22
SQ:XAGUSD,2018-12-05T17:20:00+01:00,14.4835,14.4845,14.4785,14.4820,22
SQ:XAGUSD,2018-12-05T17:21:00+01:00,14.4815,14.4815,14.4795,14.4805,18
SQ:XAGUSD,2018-12-05T17:22:00+01:00,14.4805,14.4805,14.4775,14.4785,14
SQ:XAGUSD,2018-12-05T17:23:00+01:00,14.4785,14.4805,14.4775,14.4805,15
SQ:XAGUSD,2018-12-05T17:24:00+01:00,14.4805,14.4815,14.4775,14.4785,26
SQ:XAGUSD,2018-12-05T17:25:00+01:00,14.4795,14.4825,14.4775,14.4825,39
SQ:XAGUSD,2018-12-05T17:26:00+01:00,14.4835,14.4855,14.4805,14.4815,27
SQ:XAGUSD,2018-12-05T17:27:00+01:00,14.4815,14.4815,14.4775,14.4795,35
SQ:XAGUSD,2018-12-05T17:28:00+01:00,14.4785,14.4855,14.4775,14.4835,20
SQ:XAGUSD,2018-12-05T17:29:00+01:00,14.4835,14.4835,14.4745,14.4745,26
SQ:XAGUSD,2018-12-05T17:30:00+01:00,14.4745,14.4755,14.4665,14.4695,22
SQ:XAGUSD,2018-12-05T17:31:00+01:00,14.4695,14.4705,14.4665,14.4705,30
SQ:XAGUSD,2018-12-05T17:32:00+01:00,14.4675,14.4695,14.4675,14.4675,8
SQ:XAGUSD,2018-12-05T17:33:00+01:00,14.4685,14.4685,14.4635,14.4655,17
SQ:XAGUSD,2018-12-05T17:34:00+01:00,14.4605,14.4655,14.4605,14.4645,21
SQ:XAGUSD,2018-12-05T17:35:00+01:00,14.4635,14.4645,14.4605,14.4645,20
SQ:XAGUSD,2018-12-05T17:36:00+01:00,14.4625,14.4645,14.4595,14.4615,18
SQ:XAGUSD,2018-12-05T17:37:00+01:00,14.4625,14.4645,14.4625,14.4645,7
SQ:XAGUSD,2018-12-05T17:38:00+01:00,14.4645,14.4645,14.4645,14.4645,2
SQ:XAGUSD,2018-12-05T17:39:00+01:00,14.4645,14.4705,14.4645,14.4685,14
SQ:XAGUSD,2018-12-05T17:40:00+01:00,14.4675,14.4675,14.4675,14.4675,4
SQ:XAGUSD,2018-12-05T17:41:00+01:00,14.4685,14.4705,14.4685,14.4705,7
SQ:XAGUSD,2018-12-05T17:42:00+01:00,14.4695,14.4695,14.4675,14.4675,8
SQ:XAGUSD,2018-12-05T17:43:00+01:00,14.4670,14.4685,14.4655,14.4685,13
SQ:XAGUSD,2018-12-05T17:44:00+01:00,14.4665,14.4675,14.4655,14.4665,9
SQ:XAGUSD,2018-12-05T17:45:00+01:00,14.4670,14.4685,14.4665,14.4665,14
SQ:XAGUSD,2018-12-05T17:46:00+01:00,14.4675,14.4695,14.4675,14.4675,12
SQ:XAGUSD,2018-12-05T17:47:00+01:00,14.4675,14.4695,14.4665,14.4685,12
SQ:XAGUSD,2018-12-05T17:48:00+01:00,14.4675,14.4695,14.4665,14.4675,16
SQ:XAGUSD,2018-12-05T17:49:00+01:00,14.4675,14.4675,14.4645,14.4655,10
SQ:XAGUSD,2018-12-05T17:50:00+01:00,14.4665,14.4705,14.4655,14.4705,9
SQ:XAGUSD,2018-12-05T17:51:00+01:00,14.4695,14.4705,14.4685,14.4705,7
SQ:XAGUSD,2018-12-05T17:52:00+01:00,14.4715,14.4745,14.4685,14.4695,14
SQ:XAGUSD,2018-12-05T17:53:00+01:00,14.4695,14.4695,14.4695,14.4695,8
SQ:XAGUSD,2018-12-05T17:54:00+01:00,14.4695,14.4705,14.4695,14.4695,9
SQ:XAGUSD,2018-12-05T17:55:00+01:00,14.4695,14.4715,14.4685,14.4695,12
SQ:XAGUSD,2018-12-05T17:56:00+01:00,14.4695,14.4695,14.4695,14.4695,1
SQ:XAGUSD,2018-12-05T17:57:00+01:00,14.4695,14.4695,14.4635,14.4645,18
SQ:XAGUSD,2018-12-05T17:58:00+01:00,14.4645,14.4645,14.4635,14.4645,6
SQ:XAGUSD,2018-12-05T17:59:00+01:00,14.4645,14.4655,14.4630,14.4645,8
SQ:XAGUSD,2018-12-05T18:00:00+01:00,14.4645,14.4695,14.4645,14.4695,14
SQ:XAGUSD,2018-12-05T18:01:00+01:00,14.4705,14.4745,14.4705,14.4725,13
SQ:XAGUSD,2018-12-05T18:02:00+01:00,14.4725,14.4725,14.4675,14.4675,16
SQ:XAGUSD,2018-12-05T18:03:00+01:00,14.4695,14.4735,14.4685,14.4735,13
SQ:XAGUSD,2018-12-05T18:04:00+01:00,14.4725,14.4735,14.4705,14.4705,7
SQ:XAGUSD,2018-12-05T18:05:00+01:00,14.4695,14.4705,14.4695,14.4695,8
SQ:XAGUSD,2018-12-05T18:06:00+01:00,14.4695,14.4695,14.4665,14.4695,9
SQ:XAGUSD,2018-12-05T18:07:00+01:00,14.4685,14.4695,14.4655,14.4655,14
SQ:XAGUSD,2018-12-05T18:08:00+01:00,14.4665,14.4705,14.4655,14.4705,16
SQ:XAGUSD,2018-12-05T18:09:00+01:00,14.4705,14.4705,14.4705,14.4705,4
SQ:XAGUSD,2018-12-05T18:10:00+01:00,14.4705,14.4735,14.4705,14.4705,8
SQ:XAGUSD,2018-12-05T18:11:00+01:00,14.4715,14.4745,14.4705,14.4715,13
SQ:XAGUSD,2018-12-05T18:12:00+01:00,14.4725,14.4755,14.4725,14.4755,7
SQ:XAGUSD,2018-12-05T18:13:00+01:00,14.4765,14.4785,14.4745,14.4755,13
SQ:XAGUSD,2018-12-05T18:14:00+01:00,14.4765,14.4795,14.4755,14.4795,18
SQ:XAGUSD,2018-12-05T18:15:00+01:00,14.4785,14.4785,14.4775,14.4785,8
SQ:XAGUSD,2018-12-05T18:16:00+01:00,14.4775,14.4795,14.4775,14.4795,7
SQ:XAGUSD,2018-12-05T18:17:00+01:00,14.4795,14.4795,14.4795,14.4795,4
SQ:XAGUSD,2018-12-05T18:18:00+01:00,14.4795,14.4815,14.4775,14.4805,14
SQ:XAGUSD,2018-12-05T18:19:00+01:00,14.4805,14.4815,14.4805,14.4805,9
SQ:XAGUSD,2018-12-05T18:20:00+01:00,14.4780,14.4835,14.4780,14.4825,14
SQ:XAGUSD,2018-12-05T18:21:00+01:00,14.4815,14.4855,14.4815,14.4855,7
SQ:XAGUSD,2018-12-05T18:22:00+01:00,14.4855,14.4855,14.4815,14.4815,17
SQ:XAGUSD,2018-12-05T18:23:00+01:00,14.4835,14.4955,14.4835,14.4945,38
SQ:XAGUSD,2018-12-05T18:24:00+01:00,14.4945,14.4955,14.4925,14.4955,24
SQ:XAGUSD,2018-12-05T18:25:00+01:00,14.4955,14.4965,14.4935,14.4965,22
SQ:XAGUSD,2018-12-05T18:26:00+01:00,14.4955,14.4965,14.4945,14.4965,18
SQ:XAGUSD,2018-12-05T18:27:00+01:00,14.4965,14.4995,14.4965,14.4965,20
SQ:XAGUSD,2018-12-05T18:28:00+01:00,14.4965,14.4995,14.4955,14.4975,29
SQ:XAGUSD,2018-12-05T18:29:00+01:00,14.4995,14.5005,14.4955,14.4965,12
SQ:XAGUSD,2018-12-05T18:30:00+01:00,14.4965,14.5015,14.4965,14.5015,22
SQ:XAGUSD,2018-12-05T18:31:00+01:00,14.5035,14.5045,14.5025,14.5025,21
SQ:XAGUSD,2018-12-05T18:32:00+01:00,14.5035,14.5045,14.5015,14.5015,14
SQ:XAGUSD,2018-12-05T18:33:00+01:00,14.5005,14.5005,14.4985,14.4995,16
SQ:XAGUSD,2018-12-05T18:34:00+01:00,14.4995,14.4995,14.4975,14.4995,13
SQ:XAGUSD,2018-12-05T18:35:00+01:00,14.4985,14.4995,14.4985,14.4995,14
SQ:XAGUSD,2018-12-05T18:36:00+01:00,14.4985,14.4995,14.4965,14.4995,25
SQ:XAGUSD,2018-12-05T18:37:00+01:00,14.4995,14.5005,14.4975,14.5005,16
SQ:XAGUSD,2018-12-05T18:38:00+01:00,14.5005,14.5015,14.4985,14.4985,16
SQ:XAGUSD,2018-12-05T18:39:00+01:00,14.4985,14.5005,14.4985,14.5005,13
SQ:XAGUSD,2018-12-05T18:40:00+01:00,14.5015,14.5025,14.5005,14.5005,9
SQ:XAGUSD,2018-12-05T18:41:00+01:00,14.5005,14.5035,14.5005,14.5035,9
SQ:XAGUSD,2018-12-05T18:42:00+01:00,14.5035,14.5045,14.5035,14.5045,9
SQ:XAGUSD,2018-12-05T18:43:00+01:00,14.5005,14.5035,14.5005,14.5015,12
SQ:XAGUSD,2018-12-05T18:44:00+01:00,14.5005,14.5015,14.4995,14.4995,8
SQ:XAGUSD,2018-12-05T18:45:00+01:00,14.4985,14.4995,14.4985,14.4995,7
SQ:XAGUSD,2018-12-05T18:46:00+01:00,14.4995,14.5005,14.4985,14.4995,7
SQ:XAGUSD,2018-12-05T18:47:00+01:00,14.4995,14.4995,14.4985,14.4985,11
SQ:XAGUSD,2018-12-05T18:48:00+01:00,14.4985,14.4995,14.4985,14.4995,10
SQ:XAGUSD,2018-12-05T18:49:00+01:00,14.4995,14.4995,14.4985,14.4985,15
SQ:XAGUSD,2018-12-05T18:50:00+01:00,14.4985,14.4985,14.4955,14.4965,18
SQ:XAGUSD,2018-12-05T18:51:00+01:00,14.4965,14.4995,14.4955,14.4955,24
SQ:XAGUSD,2018-12-05T18:52:00+01:00,14.4965,14.4995,14.4965,14.4975,45
SQ:XAGUSD,2018-12-05T18:53:00+01:00,14.4995,14.4995,14.4975,14.4995,39
SQ:XAGUSD,2018-12-05T18:54:00+01:00,14.4975,14.5025,14.4965,14.5025,60
SQ:XAGUSD,2018-12-05T18:55:00+01:00,14.5005,14.5045,14.5005,14.5005,12
SQ:XAGUSD,2018-12-05T18:56:00+01:00,14.5015,14.5035,14.5005,14.5005,17
SQ:XAGUSD,2018-12-05T18:57:00+01:00,14.5015,14.5025,14.5005,14.5005,10
SQ:XAGUSD,2018-12-05T18:58:00+01:00,14.5005,14.5015,14.4965,14.4995,23
SQ:XAGUSD,2018-12-05T18:59:00+01:00,14.4995,14.5025,14.4985,14.5005,11
SQ:XAGUSD,2018-12-05T19:00:00+01:00,14.5015,14.5025,14.5005,14.5015,17
SQ:XAGUSD,2018-12-05T19:01:00+01:00,14.5025,14.5045,14.5025,14.5045,8
SQ:XAGUSD,2018-12-05T19:02:00+01:00,14.5045,14.5095,14.5045,14.5085,33
SQ:XAGUSD,2018-12-05T19:03:00+01:00,14.5105,14.5145,14.5075,14.5105,46
SQ:XAGUSD,2018-12-05T19:04:00+01:00,14.5105,14.5145,14.5105,14.5145,15
SQ:XAGUSD,2018-12-05T19:05:00+01:00,14.5145,14.5145,14.5135,14.5145,8
SQ:XAGUSD,2018-12-05T19:06:00+01:00,14.5135,14.5155,14.5135,14.5155,16
SQ:XAGUSD,2018-12-05T19:07:00+01:00,14.5155,14.5175,14.5155,14.5165,28
SQ:XAGUSD,2018-12-05T19:08:00+01:00,14.5165,14.5185,14.5155,14.5155,21
SQ:XAGUSD,2018-12-05T19:09:00+01:00,14.5155,14.5175,14.5135,14.5135,16
SQ:XAGUSD,2018-12-05T19:10:00+01:00,14.5135,14.5135,14.5125,14.5125,5
SQ:XAGUSD,2018-12-05T19:11:00+01:00,14.5135,14.5165,14.5135,14.5135,20
SQ:XAGUSD,2018-12-05T19:12:00+01:00,14.5135,14.5165,14.5135,14.5165,14
SQ:XAGUSD,2018-12-05T19:13:00+01:00,14.5165,14.5165,14.5165,14.5165,14
SQ:XAGUSD,2018-12-05T19:14:00+01:00,14.5165,14.5165,14.5115,14.5125,11
SQ:XAGUSD,2018-12-05T19:15:00+01:00,14.5125,14.5125,14.5105,14.5105,16
SQ:XAGUSD,2018-12-05T19:16:00+01:00,14.5115,14.5115,14.5085,14.5085,16
SQ:XAGUSD,2018-12-05T19:17:00+01:00,14.5055,14.5085,14.5055,14.5055,18
SQ:XAGUSD,2018-12-05T19:18:00+01:00,14.5045,14.5045,14.5015,14.5025,15
SQ:XAGUSD,2018-12-05T19:19:00+01:00,14.5005,14.5025,14.4995,14.4995,13
SQ:XAGUSD,2018-12-05T19:20:00+01:00,14.5005,14.5015,14.4995,14.5015,10
SQ:XAGUSD,2018-12-05T19:21:00+01:00,14.5005,14.5015,14.4995,14.4995,21
SQ:XAGUSD,2018-12-05T19:22:00+01:00,14.5005,14.5015,14.4995,14.4995,11
SQ:XAGUSD,2018-12-05T19:23:00+01:00,14.5005,14.5005,14.4895,14.4895,30
SQ:XAGUSD,2018-12-05T19:24:00+01:00,14.4885,14.4915,14.4805,14.4865,77
SQ:XAGUSD,2018-12-05T19:25:00+01:00,14.4855,14.4855,14.4765,14.4775,24
SQ:XAGUSD,2018-12-05T19:26:00+01:00,14.4785,14.4795,14.4765,14.4775,16
SQ:XAGUSD,2018-12-05T19:27:00+01:00,14.4765,14.4785,14.4755,14.4755,24
SQ:XAGUSD,2018-12-05T19:28:00+01:00,14.4775,14.4775,14.4725,14.4735,12
SQ:XAGUSD,2018-12-05T19:29:00+01:00,14.4725,14.4745,14.4655,14.4675,51
SQ:XAGUSD,2018-12-05T19:30:00+01:00,14.4665,14.4675,14.4635,14.4655,18
SQ:XAGUSD,2018-12-05T19:31:00+01:00,14.4665,14.4665,14.4655,14.4655,10
SQ:XAGUSD,2018-12-05T19:32:00+01:00,14.4655,14.4655,14.4635,14.4635,8
SQ:XAGUSD,2018-12-05T19:33:00+01:00,14.4645,14.4645,14.4615,14.4625,14
SQ:XAGUSD,2018-12-05T19:34:00+01:00,14.4615,14.4645,14.4605,14.4635,16
SQ:XAGUSD,2018-12-05T19:35:00+01:00,14.4645,14.4665,14.4635,14.4645,11
SQ:XAGUSD,2018-12-05T19:36:00+01:00,14.4615,14.4645,14.4605,14.4645,6
SQ:XAGUSD,2018-12-05T19:37:00+01:00,14.4655,14.4665,14.4655,14.4655,3
SQ:XAGUSD,2018-12-05T19:38:00+01:00,14.4655,14.4695,14.4655,14.4675,11
SQ:XAGUSD,2018-12-05T19:39:00+01:00,14.4675,14.4675,14.4655,14.4655,9
SQ:XAGUSD,2018-12-05T19:40:00+01:00,14.4655,14.4655,14.4595,14.4595,17
SQ:XAGUSD,2018-12-05T19:41:00+01:00,14.4595,14.4595,14.4595,14.4595,1
SQ:XAGUSD,2018-12-05T19:42:00+01:00,14.4595,14.4615,14.4595,14.4595,5
SQ:XAGUSD,2018-12-05T19:43:00+01:00,14.4595,14.4595,14.4585,14.4585,5
SQ:XAGUSD,2018-12-05T19:44:00+01:00,14.4595,14.4595,14.4545,14.4555,12
SQ:XAGUSD,2018-12-05T19:45:00+01:00,14.4555,14.4555,14.4555,14.4555,13
SQ:XAGUSD,2018-12-05T19:46:00+01:00,14.4555,14.4555,14.4555,14.4555,1
SQ:XAGUSD,2018-12-05T19:47:00+01:00,14.4555,14.4555,14.4555,14.4555,2
SQ:XAGUSD,2018-12-05T19:48:00+01:00,14.4555,14.4555,14.4555,14.4555,2
SQ:XAGUSD,2018-12-05T19:49:00+01:00,14.4545,14.4585,14.4535,14.4585,9
SQ:XAGUSD,2018-12-05T19:50:00+01:00,14.4575,14.4605,14.4565,14.4595,15
SQ:XAGUSD,2018-12-05T19:51:00+01:00,14.4605,14.4605,14.4605,14.4605,2
SQ:XAGUSD,2018-12-05T19:52:00+01:00,14.4605,14.4605,14.4605,14.4605,2
SQ:XAGUSD,2018-12-05T19:53:00+01:00,14.4605,14.4655,14.4605,14.4655,7
SQ:XAGUSD,2018-12-05T19:54:00+01:00,14.4655,14.4675,14.4655,14.4655,5
SQ:XAGUSD,2018-12-05T19:55:00+01:00,14.4645,14.4665,14.4625,14.4655,10
SQ:XAGUSD,2018-12-05T19:56:00+01:00,14.4655,14.4655,14.4575,14.4585,14
SQ:XAGUSD,2018-12-05T19:57:00+01:00,14.4595,14.4595,14.4535,14.4545,17
SQ:XAGUSD,2018-12-05T19:58:00+01:00,14.4565,14.4565,14.4535,14.4545,13
SQ:XAGUSD,2018-12-05T19:59:00+01:00,14.4555,14.4555,14.4555,14.4555,3
SQ:XAGUSD,2018-12-05T20:00:00+01:00,14.4555,14.4555,14.4555,14.4555,13
SQ:XAGUSD,2018-12-05T20:01:00+01:00,14.4555,14.4555,14.4535,14.4545,7
SQ:XAGUSD,2018-12-05T20:02:00+01:00,14.4555,14.4575,14.4555,14.4575,6
SQ:XAGUSD,2018-12-05T20:03:00+01:00,14.4575,14.4605,14.4555,14.4555,17
SQ:XAGUSD,2018-12-05T20:04:00+01:00,14.4555,14.4555,14.4525,14.4525,5
SQ:XAGUSD,2018-12-05T20:05:00+01:00,14.4535,14.4555,14.4525,14.4555,6
SQ:XAGUSD,2018-12-05T20:06:00+01:00,14.4545,14.4555,14.4545,14.4555,3
SQ:XAGUSD,2018-12-05T20:07:00+01:00,14.4535,14.4555,14.4525,14.4525,9
SQ:XAGUSD,2018-12-05T20:08:00+01:00,14.4525,14.4525,14.4525,14.4525,4
SQ:XAGUSD,2018-12-05T20:09:00+01:00,14.4525,14.4595,14.4525,14.4595,14
SQ:XAGUSD,2018-12-05T20:10:00+01:00,14.4585,14.4585,14.4575,14.4585,6
SQ:XAGUSD,2018-12-05T20:11:00+01:00,14.4585,14.4585,14.4545,14.4545,10
SQ:XAGUSD,2018-12-05T20:12:00+01:00,14.4545,14.4545,14.4545,14.4545,1
SQ:XAGUSD,2018-12-05T20:13:00+01:00,14.4555,14.4555,14.4525,14.4535,19
SQ:XAGUSD,2018-12-05T20:14:00+01:00,14.4535,14.4545,14.4525,14.4545,8
SQ:XAGUSD,2018-12-05T20:15:00+01:00,14.4545,14.4545,14.4525,14.4545,10
SQ:XAGUSD,2018-12-05T20:16:00+01:00,14.4555,14.4555,14.4545,14.4545,6
SQ:XAGUSD,2018-12-05T20:17:00+01:00,14.4565,14.4575,14.4555,14.4575,3
SQ:XAGUSD,2018-12-05T20:18:00+01:00,14.4575,14.4575,14.4575,14.4575,2
SQ:XAGUSD,2018-12-05T20:19:00+01:00,14.4575,14.4575,14.4575,14.4575,3
SQ:XAGUSD,2018-12-05T20:20:00+01:00,14.4575,14.4575,14.4575,14.4575,1
SQ:XAGUSD,2018-12-05T20:21:00+01:00,14.4575,14.4575,14.4575,14.4575,1
SQ:XAGUSD,2018-12-05T20:22:00+01:00,14.4575,14.4575,14.4535,14.4545,11
SQ:XAGUSD,2018-12-05T20:23:00+01:00,14.4535,14.4545,14.4535,14.4545,10
SQ:XAGUSD,2018-12-05T20:24:00+01:00,14.4545,14.4545,14.4515,14.4515,11
SQ:XAGUSD,2018-12-05T20:25:00+01:00,14.4515,14.4515,14.4515,14.4515,4
SQ:XAGUSD,2018-12-05T20:26:00+01:00,14.4515,14.4515,14.4515,14.4515,3
SQ:XAGUSD,2018-12-05T20:27:00+01:00,14.4515,14.4545,14.4515,14.4535,13
SQ:XAGUSD,2018-12-05T20:28:00+01:00,14.4515,14.4525,14.4515,14.4515,4
SQ:XAGUSD,2018-12-05T20:29:00+01:00,14.4515,14.4515,14.4485,14.4515,7
SQ:XAGUSD,2018-12-05T20:30:00+01:00,14.4515,14.4535,14.4515,14.4515,11
SQ:XAGUSD,2018-12-05T20:31:00+01:00,14.4505,14.4615,14.4505,14.4615,11
SQ:XAGUSD,2018-12-05T20:32:00+01:00,14.4605,14.4615,14.4595,14.4605,9
SQ:XAGUSD,2018-12-05T20:33:00+01:00,14.4605,14.4605,14.4605,14.4605,5
SQ:XAGUSD,2018-12-05T20:34:00+01:00,14.4605,14.4615,14.4605,14.4615,7
SQ:XAGUSD,2018-12-05T20:35:00+01:00,14.4605,14.4625,14.4605,14.4605,6
SQ:XAGUSD,2018-12-05T20:36:00+01:00,14.4615,14.4645,14.4615,14.4645,6
SQ:XAGUSD,2018-12-05T20:37:00+01:00,14.4645,14.4645,14.4645,14.4645,8
SQ:XAGUSD,2018-12-05T20:38:00+01:00,14.4645,14.4645,14.4635,14.4635,6
SQ:XAGUSD,2018-12-05T20:39:00+01:00,14.4635,14.4665,14.4635,14.4655,11
SQ:XAGUSD,2018-12-05T20:40:00+01:00,14.4655,14.4655,14.4655,14.4655,3
SQ:XAGUSD,2018-12-05T20:41:00+01:00,14.4655,14.4655,14.4645,14.4645,8
SQ:XAGUSD,2018-12-05T20:42:00+01:00,14.4645,14.4645,14.4645,14.4645,2
SQ:XAGUSD,2018-12-05T20:43:00+01:00,14.4645,14.4645,14.4625,14.4625,7
SQ:XAGUSD,2018-12-05T20:44:00+01:00,14.4625,14.4635,14.4615,14.4615,6
SQ:XAGUSD,2018-12-05T20:45:00+01:00,14.4615,14.4645,14.4615,14.4645,8
SQ:XAGUSD,2018-12-05T20:46:00+01:00,14.4645,14.4645,14.4625,14.4635,7
SQ:XAGUSD,2018-12-05T20:47:00+01:00,14.4635,14.4645,14.4615,14.4615,11
SQ:XAGUSD,2018-12-05T20:48:00+01:00,14.4615,14.4645,14.4615,14.4645,6
SQ:XAGUSD,2018-12-05T20:49:00+01:00,14.4635,14.4655,14.4635,14.4655,4
SQ:XAGUSD,2018-12-05T20:50:00+01:00,14.4655,14.4655,14.4635,14.4655,11
SQ:XAGUSD,2018-12-05T20:51:00+01:00,14.4640,14.4645,14.4615,14.4615,6
SQ:XAGUSD,2018-12-05T20:52:00+01:00,14.4615,14.4615,14.4615,14.4615,2
SQ:XAGUSD,2018-12-05T20:53:00+01:00,14.4625,14.4625,14.4615,14.4615,4
SQ:XAGUSD,2018-12-05T20:54:00+01:00,14.4615,14.4635,14.4615,14.4635,9
SQ:XAGUSD,2018-12-05T20:55:00+01:00,14.4615,14.4635,14.4615,14.4635,3
SQ:XAGUSD,2018-12-05T20:56:00+01:00,14.4635,14.4635,14.4585,14.4595,11
SQ:XAGUSD,2018-12-05T20:57:00+01:00,14.4595,14.4605,14.4585,14.4605,4
SQ:XAGUSD,2018-12-05T20:58:00+01:00,14.4615,14.4615,14.4605,14.4605,6
SQ:XAGUSD,2018-12-05T20:59:00+01:00,14.4605,14.4605,14.4585,14.4585,6
SQ:XAGUSD,2018-12-05T21:00:00+01:00,14.4585,14.4615,14.4585,14.4615,8
SQ:XAGUSD,2018-12-05T21:01:00+01:00,14.4635,14.4635,14.4635,14.4635,4
SQ:XAGUSD,2018-12-05T21:02:00+01:00,14.4635,14.4635,14.4615,14.4625,5
SQ:XAGUSD,2018-12-05T21:03:00+01:00,14.4635,14.4635,14.4635,14.4635,3
SQ:XAGUSD,2018-12-05T21:04:00+01:00,14.4635,14.4635,14.4635,14.4635,7
SQ:XAGUSD,2018-12-05T21:05:00+01:00,14.4635,14.4635,14.4635,14.4635,4
SQ:XAGUSD,2018-12-05T21:06:00+01:00,14.4635,14.4635,14.4615,14.4615,10
SQ:XAGUSD,2018-12-05T21:08:00+01:00,14.4615,14.4615,14.4615,14.4615,3
SQ:XAGUSD,2018-12-05T21:09:00+01:00,14.4615,14.4635,14.4615,14.4625,10
SQ:XAGUSD,2018-12-05T21:10:00+01:00,14.4635,14.4635,14.4615,14.4615,3
SQ:XAGUSD,2018-12-05T21:11:00+01:00,14.4615,14.4615,14.4615,14.4615,3
SQ:XAGUSD,2018-12-05T21:12:00+01:00,14.4625,14.4625,14.4625,14.4625,3
SQ:XAGUSD,2018-12-05T21:13:00+01:00,14.4635,14.4635,14.4635,14.4635,4
SQ:XAGUSD,2018-12-05T21:14:00+01:00,14.4635,14.4635,14.4625,14.4625,5
SQ:XAGUSD,2018-12-05T21:15:00+01:00,14.4635,14.4635,14.4625,14.4625,4
SQ:XAGUSD,2018-12-05T21:16:00+01:00,14.4625,14.4635,14.4625,14.4625,7
SQ:XAGUSD,2018-12-05T21:17:00+01:00,14.4625,14.4635,14.4615,14.4615,5
SQ:XAGUSD,2018-12-05T21:18:00+01:00,14.4615,14.4615,14.4615,14.4615,1
SQ:XAGUSD,2018-12-05T21:19:00+01:00,14.4615,14.4615,14.4615,14.4615,5
SQ:XAGUSD,2018-12-05T21:20:00+01:00,14.4625,14.4625,14.4615,14.4615,8
SQ:XAGUSD,2018-12-05T21:21:00+01:00,14.4615,14.4615,14.4615,14.4615,5
SQ:XAGUSD,2018-12-05T21:22:00+01:00,14.4615,14.4615,14.4615,14.4615,4
SQ:XAGUSD,2018-12-05T21:23:00+01:00,14.4615,14.4635,14.4615,14.4635,6
SQ:XAGUSD,2018-12-05T21:24:00+01:00,14.4615,14.4635,14.4615,14.4615,8
SQ:XAGUSD,2018-12-05T21:25:00+01:00,14.4615,14.4635,14.4615,14.4635,3
SQ:XAGUSD,2018-12-05T21:26:00+01:00,14.4635,14.4635,14.4635,14.4635,2
SQ:XAGUSD,2018-12-05T21:27:00+01:00,14.4635,14.4635,14.4615,14.4615,7
SQ:XAGUSD,2018-12-05T21:28:00+01:00,14.4625,14.4625,14.4615,14.4615,6
SQ:XAGUSD,2018-12-05T21:29:00+01:00,14.4625,14.4635,14.4625,14.4625,3
SQ:XAGUSD,2018-12-05T21:30:00+01:00,14.4625,14.4625,14.4625,14.4625,5
SQ:XAGUSD,2018-12-05T21:31:00+01:00,14.4625,14.4645,14.4625,14.4635,5
SQ:XAGUSD,2018-12-05T21:32:00+01:00,14.4645,14.4645,14.4635,14.4635,2
SQ:XAGUSD,2018-12-05T21:33:00+01:00,14.4635,14.4635,14.4635,14.4635,4
SQ:XAGUSD,2018-12-05T21:34:00+01:00,14.4635,14.4635,14.4615,14.4635,9
SQ:XAGUSD,2018-12-05T21:35:00+01:00,14.4635,14.4635,14.4625,14.4625,4
SQ:XAGUSD,2018-12-05T21:36:00+01:00,14.4625,14.4625,14.4625,14.4625,3
SQ:XAGUSD,2018-12-05T21:37:00+01:00,14.4615,14.4635,14.4615,14.4625,5
SQ:XAGUSD,2018-12-05T21:38:00+01:00,14.4625,14.4635,14.4625,14.4635,2
SQ:XAGUSD,2018-12-05T21:39:00+01:00,14.4615,14.4635,14.4615,14.4635,3
SQ:XAGUSD,2018-12-05T21:40:00+01:00,14.4625,14.4645,14.4615,14.4625,11
SQ:XAGUSD,2018-12-05T21:41:00+01:00,14.4635,14.4635,14.4625,14.4625,3
SQ:XAGUSD,2018-12-05T21:42:00+01:00,14.4635,14.4635,14.4635,14.4635,3
SQ:XAGUSD,2018-12-05T21:43:00+01:00,14.4635,14.4675,14.4635,14.4665,5
SQ:XAGUSD,2018-12-05T21:44:00+01:00,14.4665,14.4675,14.4665,14.4665,4
SQ:XAGUSD,2018-12-05T21:45:00+01:00,14.4665,14.4675,14.4665,14.4665,4
SQ:XAGUSD,2018-12-05T21:46:00+01:00,14.4665,14.4685,14.4665,14.4675,7
SQ:XAGUSD,2018-12-05T21:47:00+01:00,14.4685,14.4695,14.4685,14.4695,4
SQ:XAGUSD,2018-12-05T21:48:00+01:00,14.4685,14.4695,14.4675,14.4685,7
SQ:XAGUSD,2018-12-05T21:49:00+01:00,14.4685,14.4705,14.4685,14.4695,9
SQ:XAGUSD,2018-12-05T21:50:00+01:00,14.4685,14.4705,14.4685,14.4705,7
SQ:XAGUSD,2018-12-05T21:51:00+01:00,14.4705,14.4715,14.4705,14.4715,4
SQ:XAGUSD,2018-12-05T21:52:00+01:00,14.4715,14.4715,14.4715,14.4715,1
SQ:XAGUSD,2018-12-05T21:53:00+01:00,14.4715,14.4745,14.4715,14.4745,4
SQ:XAGUSD,2018-12-05T21:54:00+01:00,14.4745,14.4765,14.4745,14.4765,9
SQ:XAGUSD,2018-12-05T21:55:00+01:00,14.4755,14.4795,14.4755,14.4785,16
SQ:XAGUSD,2018-12-05T21:56:00+01:00,14.4765,14.4765,14.4755,14.4755,7
SQ:XAGUSD,2018-12-05T21:57:00+01:00,14.4765,14.4765,14.4755,14.4755,6
SQ:XAGUSD,2018-12-05T21:58:00+01:00,14.4775,14.4795,14.4765,14.4775,12
SQ:XAGUSD,2018-12-05T21:59:00+01:00,14.4775,14.4785,14.4755,14.4755,9
