SQ:XAUUSD,2020-04-01T00:01:00+02:00,1577.330,1577.740,1566.880,1569.950,245
SQ:XAUUSD,2020-04-01T00:02:00+02:00,1569.638,1571.340,1569.140,1571.100,63
SQ:XAUUSD,2020-04-01T00:03:00+02:00,1571.030,1571.210,1569.350,1570.900,66
SQ:XAUUSD,2020-04-01T00:04:00+02:00,1571.010,1571.270,1570.910,1571.080,20
SQ:XAUUSD,2020-04-01T00:05:00+02:00,1571.130,1572.070,1570.820,1572.020,46
SQ:XAUUSD,2020-04-01T00:06:00+02:00,1572.200,1573.270,1571.620,1572.390,43
SQ:XAUUSD,2020-04-01T00:07:00+02:00,1572.390,1572.390,1571.170,1571.690,41
SQ:XAUUSD,2020-04-01T00:08:00+02:00,1571.650,1571.890,1571.310,1571.890,53
SQ:XAUUSD,2020-04-01T00:09:00+02:00,1571.890,1571.980,1571.250,1571.250,18
SQ:XAUUSD,2020-04-01T00:10:00+02:00,1571.280,1571.410,1571.120,1571.168,36
SQ:XAUUSD,2020-04-01T00:11:00+02:00,1571.208,1571.218,1569.630,1571.080,63
SQ:XAUUSD,2020-04-01T00:12:00+02:00,1571.080,1572.200,1570.840,1571.580,35
SQ:XAUUSD,2020-04-01T00:13:00+02:00,1571.540,1571.570,1569.630,1569.630,35
SQ:XAUUSD,2020-04-01T00:14:00+02:00,1569.640,1570.180,1569.480,1570.180,34
SQ:XAUUSD,2020-04-01T00:15:00+02:00,1570.230,1570.290,1569.560,1570.290,47
SQ:XAUUSD,2020-04-01T00:16:00+02:00,1570.290,1570.680,1569.050,1569.850,34
SQ:XAUUSD,2020-04-01T00:17:00+02:00,1569.850,1570.130,1569.060,1569.910,41
SQ:XAUUSD,2020-04-01T00:18:00+02:00,1569.860,1570.040,1569.180,1569.870,24
SQ:XAUUSD,2020-04-01T00:19:00+02:00,1569.870,1571.000,1569.380,1571.000,27
SQ:XAUUSD,2020-04-01T00:20:00+02:00,1571.000,1573.950,1570.300,1573.300,44
SQ:XAUUSD,2020-04-01T00:21:00+02:00,1573.350,1573.350,1572.040,1572.600,23
SQ:XAUUSD,2020-04-01T00:22:00+02:00,1572.650,1573.050,1572.650,1572.950,18
SQ:XAUUSD,2020-04-01T00:23:00+02:00,1572.390,1572.480,1572.290,1572.330,11
SQ:XAUUSD,2020-04-01T00:24:00+02:00,1572.330,1573.160,1571.850,1573.060,62
SQ:XAUUSD,2020-04-01T00:25:00+02:00,1573.060,1573.960,1572.910,1573.790,57
SQ:XAUUSD,2020-04-01T00:26:00+02:00,1573.790,1574.090,1573.160,1574.090,46
SQ:XAUUSD,2020-04-01T00:27:00+02:00,1574.180,1575.390,1574.110,1575.110,71
SQ:XAUUSD,2020-04-01T00:28:00+02:00,1575.110,1575.200,1574.100,1574.360,84
SQ:XAUUSD,2020-04-01T00:29:00+02:00,1574.350,1575.580,1574.350,1575.530,58
SQ:XAUUSD,2020-04-01T00:30:00+02:00,1575.540,1575.790,1574.380,1574.660,91
SQ:XAUUSD,2020-04-01T00:31:00+02:00,1574.680,1574.680,1573.210,1573.680,77
SQ:XAUUSD,2020-04-01T00:32:00+02:00,1573.680,1574.630,1572.830,1574.590,68
SQ:XAUUSD,2020-04-01T00:33:00+02:00,1574.590,1575.150,1574.560,1575.130,49
SQ:XAUUSD,2020-04-01T00:34:00+02:00,1575.180,1575.470,1574.860,1575.030,42
SQ:XAUUSD,2020-04-01T00:35:00+02:00,1574.920,1575.260,1574.290,1574.840,37
SQ:XAUUSD,2020-04-01T00:36:00+02:00,1574.840,1575.460,1574.380,1575.340,42
SQ:XAUUSD,2020-04-01T00:37:00+02:00,1575.340,1575.730,1575.200,1575.480,45
SQ:XAUUSD,2020-04-01T00:38:00+02:00,1575.540,1575.780,1575.100,1575.440,50
SQ:XAUUSD,2020-04-01T00:39:00+02:00,1575.410,1576.170,1575.190,1575.470,43
SQ:XAUUSD,2020-04-01T00:40:00+02:00,1575.530,1575.530,1574.640,1574.640,24
SQ:XAUUSD,2020-04-01T00:41:00+02:00,1574.640,1574.820,1574.490,1574.820,18
SQ:XAUUSD,2020-04-01T00:42:00+02:00,1574.820,1576.130,1574.720,1576.040,35
SQ:XAUUSD,2020-04-01T00:43:00+02:00,1576.040,1576.550,1575.470,1576.050,44
SQ:XAUUSD,2020-04-01T00:44:00+02:00,1576.020,1576.020,1575.470,1575.590,22
SQ:XAUUSD,2020-04-01T00:45:00+02:00,1575.590,1577.310,1575.590,1576.260,56
SQ:XAUUSD,2020-04-01T00:46:00+02:00,1576.230,1577.220,1576.230,1577.060,45
SQ:XAUUSD,2020-04-01T00:47:00+02:00,1577.110,1577.840,1576.630,1576.970,51
SQ:XAUUSD,2020-04-01T00:48:00+02:00,1576.970,1576.970,1575.610,1575.950,46
SQ:XAUUSD,2020-04-01T00:49:00+02:00,1575.950,1576.790,1575.900,1576.660,23
SQ:XAUUSD,2020-04-01T00:50:00+02:00,1576.630,1577.620,1576.630,1577.420,25
SQ:XAUUSD,2020-04-01T00:51:00+02:00,1577.420,1577.850,1576.180,1576.200,31
SQ:XAUUSD,2020-04-01T00:52:00+02:00,1576.140,1576.350,1575.090,1575.480,22
SQ:XAUUSD,2020-04-01T00:53:00+02:00,1575.480,1576.210,1575.340,1576.210,11
SQ:XAUUSD,2020-04-01T00:54:00+02:00,1576.110,1576.410,1575.800,1576.300,27
SQ:XAUUSD,2020-04-01T00:55:00+02:00,1576.430,1576.430,1576.220,1576.320,8
SQ:XAUUSD,2020-04-01T00:56:00+02:00,1576.230,1576.230,1575.380,1575.380,29
SQ:XAUUSD,2020-04-01T00:57:00+02:00,1575.380,1575.940,1575.380,1575.790,31
SQ:XAUUSD,2020-04-01T00:58:00+02:00,1575.790,1576.420,1575.740,1576.170,48
SQ:XAUUSD,2020-04-01T00:59:00+02:00,1576.120,1576.120,1575.410,1575.530,27
SQ:XAUUSD,2020-04-01T01:00:00+02:00,1575.530,1576.570,1575.280,1576.470,62
SQ:XAUUSD,2020-04-01T01:01:00+02:00,1576.470,1576.470,1575.510,1576.350,29
SQ:XAUUSD,2020-04-01T01:02:00+02:00,1576.350,1576.350,1575.870,1575.870,17
SQ:XAUUSD,2020-04-01T01:03:00+02:00,1575.870,1575.910,1575.120,1575.120,50
SQ:XAUUSD,2020-04-01T01:04:00+02:00,1575.110,1575.500,1574.970,1575.310,40
SQ:XAUUSD,2020-04-01T01:05:00+02:00,1575.310,1575.970,1574.330,1575.860,45
SQ:XAUUSD,2020-04-01T01:06:00+02:00,1575.890,1576.000,1575.870,1575.910,17
SQ:XAUUSD,2020-04-01T01:07:00+02:00,1575.880,1576.130,1575.880,1575.880,20
SQ:XAUUSD,2020-04-01T01:08:00+02:00,1575.860,1576.310,1575.500,1576.110,69
SQ:XAUUSD,2020-04-01T01:09:00+02:00,1576.120,1576.720,1575.900,1576.720,37
SQ:XAUUSD,2020-04-01T01:10:00+02:00,1576.720,1577.090,1576.140,1577.030,69
SQ:XAUUSD,2020-04-01T01:11:00+02:00,1577.040,1577.050,1576.218,1576.620,38
SQ:XAUUSD,2020-04-01T01:12:00+02:00,1576.620,1577.270,1576.540,1577.138,32
SQ:XAUUSD,2020-04-01T01:13:00+02:00,1577.088,1577.400,1576.110,1576.850,62
SQ:XAUUSD,2020-04-01T01:14:00+02:00,1576.850,1576.950,1575.630,1575.790,29
SQ:XAUUSD,2020-04-01T01:15:00+02:00,1575.820,1577.568,1575.820,1576.938,37
SQ:XAUUSD,2020-04-01T01:16:00+02:00,1576.978,1577.488,1576.288,1576.676,47
SQ:XAUUSD,2020-04-01T01:17:00+02:00,1576.676,1577.410,1575.790,1576.180,93
SQ:XAUUSD,2020-04-01T01:18:00+02:00,1576.180,1576.616,1575.780,1576.538,45
SQ:XAUUSD,2020-04-01T01:19:00+02:00,1576.538,1576.640,1575.066,1575.270,70
SQ:XAUUSD,2020-04-01T01:20:00+02:00,1575.280,1575.666,1574.498,1575.138,59
SQ:XAUUSD,2020-04-01T01:21:00+02:00,1575.138,1575.590,1574.938,1575.590,45
SQ:XAUUSD,2020-04-01T01:22:00+02:00,1575.560,1576.910,1575.260,1576.860,37
SQ:XAUUSD,2020-04-01T01:23:00+02:00,1576.830,1576.870,1576.240,1576.668,41
SQ:XAUUSD,2020-04-01T01:24:00+02:00,1576.668,1576.668,1575.720,1575.800,32
SQ:XAUUSD,2020-04-01T01:25:00+02:00,1575.800,1576.888,1575.720,1576.748,29
SQ:XAUUSD,2020-04-01T01:26:00+02:00,1576.748,1576.958,1576.616,1576.678,23
SQ:XAUUSD,2020-04-01T01:27:00+02:00,1576.726,1577.080,1576.260,1577.080,33
SQ:XAUUSD,2020-04-01T01:28:00+02:00,1577.088,1577.278,1576.440,1577.180,27
SQ:XAUUSD,2020-04-01T01:29:00+02:00,1577.230,1577.428,1576.560,1576.920,38
SQ:XAUUSD,2020-04-01T01:30:00+02:00,1576.920,1576.970,1576.280,1576.650,22
SQ:XAUUSD,2020-04-01T01:31:00+02:00,1576.670,1576.708,1576.080,1576.686,34
SQ:XAUUSD,2020-04-01T01:32:00+02:00,1576.670,1577.010,1576.310,1576.400,35
SQ:XAUUSD,2020-04-01T01:33:00+02:00,1576.390,1576.410,1576.200,1576.380,40
SQ:XAUUSD,2020-04-01T01:34:00+02:00,1576.380,1576.870,1576.270,1576.720,54
SQ:XAUUSD,2020-04-01T01:35:00+02:00,1576.720,1576.720,1576.500,1576.510,23
SQ:XAUUSD,2020-04-01T01:36:00+02:00,1576.400,1576.560,1576.400,1576.440,19
SQ:XAUUSD,2020-04-01T01:37:00+02:00,1576.470,1576.490,1576.120,1576.210,31
SQ:XAUUSD,2020-04-01T01:38:00+02:00,1576.230,1576.450,1576.140,1576.330,30
SQ:XAUUSD,2020-04-01T01:39:00+02:00,1576.330,1576.330,1576.080,1576.320,23
SQ:XAUUSD,2020-04-01T01:40:00+02:00,1576.310,1576.410,1576.310,1576.400,19
SQ:XAUUSD,2020-04-01T01:41:00+02:00,1576.390,1576.530,1576.390,1576.470,12
SQ:XAUUSD,2020-04-01T01:42:00+02:00,1576.570,1576.570,1576.300,1576.300,11
SQ:XAUUSD,2020-04-01T01:43:00+02:00,1576.260,1576.340,1576.220,1576.320,13
SQ:XAUUSD,2020-04-01T01:44:00+02:00,1576.370,1576.400,1575.970,1576.250,28
SQ:XAUUSD,2020-04-01T01:45:00+02:00,1576.250,1576.450,1575.990,1576.150,10
SQ:XAUUSD,2020-04-01T01:46:00+02:00,1576.150,1577.150,1576.150,1577.150,43
SQ:XAUUSD,2020-04-01T01:47:00+02:00,1577.170,1577.270,1576.800,1577.170,37
SQ:XAUUSD,2020-04-01T01:48:00+02:00,1577.090,1577.170,1576.240,1576.380,25
SQ:XAUUSD,2020-04-01T01:49:00+02:00,1576.380,1576.540,1576.360,1576.460,17
SQ:XAUUSD,2020-04-01T01:50:00+02:00,1576.460,1577.370,1576.440,1577.240,30
SQ:XAUUSD,2020-04-01T01:51:00+02:00,1577.250,1577.720,1576.930,1577.080,29
SQ:XAUUSD,2020-04-01T01:52:00+02:00,1577.100,1578.440,1576.950,1578.430,38
SQ:XAUUSD,2020-04-01T01:53:00+02:00,1578.340,1578.400,1577.510,1577.940,22
SQ:XAUUSD,2020-04-01T01:54:00+02:00,1577.940,1578.300,1577.910,1578.070,34
SQ:XAUUSD,2020-04-01T01:55:00+02:00,1577.870,1578.288,1577.820,1578.050,21
SQ:XAUUSD,2020-04-01T01:56:00+02:00,1578.010,1580.080,1578.010,1579.330,73
SQ:XAUUSD,2020-04-01T01:57:00+02:00,1579.120,1579.260,1578.030,1578.230,33
SQ:XAUUSD,2020-04-01T01:58:00+02:00,1578.230,1578.680,1577.930,1578.680,18
SQ:XAUUSD,2020-04-01T01:59:00+02:00,1578.680,1579.130,1577.980,1578.180,30
SQ:XAUUSD,2020-04-01T02:00:00+02:00,1578.180,1578.280,1577.830,1578.030,26
SQ:XAUUSD,2020-04-01T02:01:00+02:00,1577.980,1577.980,1576.980,1577.120,43
SQ:XAUUSD,2020-04-01T02:02:00+02:00,1577.130,1577.530,1576.840,1577.510,56
SQ:XAUUSD,2020-04-01T02:03:00+02:00,1577.630,1577.880,1577.270,1577.370,40
SQ:XAUUSD,2020-04-01T02:04:00+02:00,1577.370,1577.550,1576.960,1577.320,47
SQ:XAUUSD,2020-04-01T02:05:00+02:00,1577.320,1577.510,1576.830,1576.940,72
SQ:XAUUSD,2020-04-01T02:06:00+02:00,1576.940,1576.960,1576.860,1576.920,17
SQ:XAUUSD,2020-04-01T02:07:00+02:00,1576.910,1577.260,1576.870,1576.980,30
SQ:XAUUSD,2020-04-01T02:08:00+02:00,1576.930,1577.040,1576.740,1576.750,63
SQ:XAUUSD,2020-04-01T02:09:00+02:00,1576.740,1577.410,1576.690,1577.370,24
SQ:XAUUSD,2020-04-01T02:10:00+02:00,1577.420,1577.500,1577.340,1577.370,37
SQ:XAUUSD,2020-04-01T02:11:00+02:00,1577.370,1577.450,1577.360,1577.360,20
SQ:XAUUSD,2020-04-01T02:12:00+02:00,1577.400,1577.580,1577.330,1577.530,26
SQ:XAUUSD,2020-04-01T02:13:00+02:00,1577.530,1577.650,1577.460,1577.520,20
SQ:XAUUSD,2020-04-01T02:14:00+02:00,1577.530,1578.050,1577.530,1578.050,15
SQ:XAUUSD,2020-04-01T02:15:00+02:00,1578.050,1578.700,1578.050,1578.450,28
SQ:XAUUSD,2020-04-01T02:16:00+02:00,1578.450,1578.650,1577.930,1578.650,16
SQ:XAUUSD,2020-04-01T02:17:00+02:00,1578.650,1578.800,1577.800,1577.950,14
SQ:XAUUSD,2020-04-01T02:18:00+02:00,1577.950,1578.350,1577.880,1577.950,38
SQ:XAUUSD,2020-04-01T02:19:00+02:00,1578.050,1578.650,1578.050,1578.650,15
SQ:XAUUSD,2020-04-01T02:20:00+02:00,1578.700,1578.750,1578.550,1578.650,9
SQ:XAUUSD,2020-04-01T02:21:00+02:00,1578.650,1578.700,1578.030,1578.280,13
SQ:XAUUSD,2020-04-01T02:22:00+02:00,1578.280,1578.380,1578.280,1578.380,3
SQ:XAUUSD,2020-04-01T02:23:00+02:00,1578.480,1579.180,1578.480,1578.880,15
SQ:XAUUSD,2020-04-01T02:24:00+02:00,1578.880,1578.880,1578.170,1578.190,19
SQ:XAUUSD,2020-04-01T02:25:00+02:00,1578.190,1578.390,1578.190,1578.280,15
SQ:XAUUSD,2020-04-01T02:26:00+02:00,1578.280,1578.280,1577.930,1577.980,7
SQ:XAUUSD,2020-04-01T02:27:00+02:00,1577.980,1578.130,1577.980,1578.130,6
SQ:XAUUSD,2020-04-01T02:28:00+02:00,1578.130,1578.530,1578.130,1578.330,19
SQ:XAUUSD,2020-04-01T02:29:00+02:00,1578.330,1578.680,1578.280,1578.630,14
SQ:XAUUSD,2020-04-01T02:30:00+02:00,1578.480,1578.720,1578.310,1578.670,16
SQ:XAUUSD,2020-04-01T02:31:00+02:00,1578.670,1578.720,1578.270,1578.420,10
SQ:XAUUSD,2020-04-01T02:32:00+02:00,1578.370,1578.520,1577.860,1578.130,18
SQ:XAUUSD,2020-04-01T02:33:00+02:00,1578.180,1578.980,1577.990,1578.430,20
SQ:XAUUSD,2020-04-01T02:34:00+02:00,1578.430,1578.730,1578.430,1578.680,13
SQ:XAUUSD,2020-04-01T02:35:00+02:00,1578.630,1578.840,1578.530,1578.740,7
SQ:XAUUSD,2020-04-01T02:36:00+02:00,1578.740,1579.330,1578.540,1579.320,14
SQ:XAUUSD,2020-04-01T02:37:00+02:00,1579.320,1579.560,1579.320,1579.540,19
SQ:XAUUSD,2020-04-01T02:38:00+02:00,1579.560,1579.700,1579.340,1579.340,17
SQ:XAUUSD,2020-04-01T02:39:00+02:00,1579.340,1579.590,1579.290,1579.440,21
SQ:XAUUSD,2020-04-01T02:40:00+02:00,1579.440,1580.600,1579.130,1580.550,34
SQ:XAUUSD,2020-04-01T02:41:00+02:00,1579.850,1580.650,1579.310,1579.940,42
SQ:XAUUSD,2020-04-01T02:42:00+02:00,1579.940,1580.420,1579.290,1579.380,72
SQ:XAUUSD,2020-04-01T02:43:00+02:00,1579.380,1581.040,1579.340,1580.840,21
SQ:XAUUSD,2020-04-01T02:44:00+02:00,1580.840,1580.840,1579.810,1579.810,28
SQ:XAUUSD,2020-04-01T02:45:00+02:00,1579.810,1580.270,1579.360,1579.360,10
SQ:XAUUSD,2020-04-01T02:46:00+02:00,1579.360,1579.360,1579.360,1579.360,1
SQ:XAUUSD,2020-04-01T02:47:00+02:00,1579.390,1580.140,1579.190,1579.390,21
SQ:XAUUSD,2020-04-01T02:48:00+02:00,1579.390,1579.690,1579.120,1579.390,15
SQ:XAUUSD,2020-04-01T02:49:00+02:00,1579.120,1580.320,1579.120,1579.390,16
SQ:XAUUSD,2020-04-01T02:50:00+02:00,1579.390,1580.880,1579.290,1579.300,17
SQ:XAUUSD,2020-04-01T02:51:00+02:00,1579.300,1580.510,1579.300,1580.380,55
SQ:XAUUSD,2020-04-01T02:52:00+02:00,1580.380,1581.530,1579.940,1581.180,26
SQ:XAUUSD,2020-04-01T02:53:00+02:00,1581.180,1581.680,1579.740,1581.430,46
SQ:XAUUSD,2020-04-01T02:54:00+02:00,1581.430,1581.580,1579.910,1580.130,34
SQ:XAUUSD,2020-04-01T02:55:00+02:00,1581.530,1581.580,1579.860,1581.120,24
SQ:XAUUSD,2020-04-01T02:56:00+02:00,1581.120,1581.480,1579.910,1580.130,16
SQ:XAUUSD,2020-04-01T02:57:00+02:00,1580.130,1581.380,1579.740,1579.740,46
SQ:XAUUSD,2020-04-01T02:58:00+02:00,1579.730,1580.980,1579.700,1579.720,26
SQ:XAUUSD,2020-04-01T02:59:00+02:00,1579.720,1579.890,1579.590,1579.600,16
SQ:XAUUSD,2020-04-01T03:00:00+02:00,1579.600,1581.110,1579.470,1580.470,169
SQ:XAUUSD,2020-04-01T03:01:00+02:00,1580.470,1581.470,1579.170,1581.370,69
SQ:XAUUSD,2020-04-01T03:02:00+02:00,1581.470,1581.520,1581.020,1581.120,51
SQ:XAUUSD,2020-04-01T03:03:00+02:00,1581.120,1581.610,1580.000,1580.340,45
SQ:XAUUSD,2020-04-01T03:04:00+02:00,1580.350,1580.820,1579.820,1580.620,40
SQ:XAUUSD,2020-04-01T03:05:00+02:00,1580.620,1580.620,1579.290,1579.820,33
SQ:XAUUSD,2020-04-01T03:06:00+02:00,1579.820,1580.020,1579.630,1579.630,14
SQ:XAUUSD,2020-04-01T03:07:00+02:00,1579.630,1579.770,1579.400,1579.400,17
SQ:XAUUSD,2020-04-01T03:08:00+02:00,1579.400,1580.012,1578.970,1580.010,66
SQ:XAUUSD,2020-04-01T03:09:00+02:00,1580.010,1580.650,1579.778,1580.580,64
SQ:XAUUSD,2020-04-01T03:10:00+02:00,1580.580,1580.580,1579.830,1579.830,14
SQ:XAUUSD,2020-04-01T03:11:00+02:00,1580.280,1581.130,1580.010,1581.130,38
SQ:XAUUSD,2020-04-01T03:12:00+02:00,1581.130,1581.130,1580.730,1580.830,25
SQ:XAUUSD,2020-04-01T03:13:00+02:00,1580.830,1580.830,1580.080,1580.130,21
SQ:XAUUSD,2020-04-01T03:14:00+02:00,1580.130,1580.480,1580.030,1580.480,12
SQ:XAUUSD,2020-04-01T03:15:00+02:00,1580.480,1581.080,1579.930,1580.730,30
SQ:XAUUSD,2020-04-01T03:16:00+02:00,1580.730,1580.730,1580.030,1580.430,20
SQ:XAUUSD,2020-04-01T03:17:00+02:00,1580.430,1580.480,1579.980,1580.180,15
SQ:XAUUSD,2020-04-01T03:18:00+02:00,1580.230,1580.380,1579.980,1580.130,25
SQ:XAUUSD,2020-04-01T03:19:00+02:00,1580.130,1580.330,1580.030,1580.330,19
SQ:XAUUSD,2020-04-01T03:20:00+02:00,1580.430,1580.780,1580.280,1580.430,26
SQ:XAUUSD,2020-04-01T03:21:00+02:00,1580.580,1581.100,1580.200,1580.340,18
SQ:XAUUSD,2020-04-01T03:22:00+02:00,1580.380,1581.280,1580.380,1581.170,57
SQ:XAUUSD,2020-04-01T03:23:00+02:00,1580.380,1581.330,1580.100,1580.180,43
SQ:XAUUSD,2020-04-01T03:24:00+02:00,1580.930,1580.930,1580.080,1580.080,25
SQ:XAUUSD,2020-04-01T03:25:00+02:00,1579.890,1581.170,1579.820,1580.230,64
SQ:XAUUSD,2020-04-01T03:26:00+02:00,1580.250,1580.390,1579.910,1579.920,35
SQ:XAUUSD,2020-04-01T03:27:00+02:00,1579.860,1580.050,1579.766,1580.010,20
SQ:XAUUSD,2020-04-01T03:28:00+02:00,1580.010,1581.360,1579.600,1580.060,20
SQ:XAUUSD,2020-04-01T03:29:00+02:00,1579.930,1580.410,1579.906,1580.170,58
SQ:XAUUSD,2020-04-01T03:30:00+02:00,1580.170,1581.780,1579.720,1580.530,70
SQ:XAUUSD,2020-04-01T03:31:00+02:00,1580.530,1580.880,1580.380,1580.530,48
SQ:XAUUSD,2020-04-01T03:32:00+02:00,1580.530,1580.830,1579.510,1580.480,23
SQ:XAUUSD,2020-04-01T03:33:00+02:00,1580.430,1580.480,1579.520,1580.060,23
SQ:XAUUSD,2020-04-01T03:34:00+02:00,1579.960,1580.710,1579.960,1580.410,40
SQ:XAUUSD,2020-04-01T03:35:00+02:00,1580.410,1580.460,1580.160,1580.460,16
SQ:XAUUSD,2020-04-01T03:36:00+02:00,1580.360,1580.910,1580.360,1580.860,19
SQ:XAUUSD,2020-04-01T03:37:00+02:00,1580.860,1581.060,1580.560,1580.960,16
SQ:XAUUSD,2020-04-01T03:38:00+02:00,1580.960,1581.836,1580.760,1581.576,40
SQ:XAUUSD,2020-04-01T03:39:00+02:00,1581.530,1581.536,1580.460,1580.560,28
SQ:XAUUSD,2020-04-01T03:40:00+02:00,1580.560,1580.660,1580.170,1580.260,34
SQ:XAUUSD,2020-04-01T03:41:00+02:00,1580.360,1581.120,1580.160,1580.360,42
SQ:XAUUSD,2020-04-01T03:42:00+02:00,1580.360,1580.660,1580.310,1580.360,31
SQ:XAUUSD,2020-04-01T03:43:00+02:00,1580.460,1580.460,1579.980,1580.130,13
SQ:XAUUSD,2020-04-01T03:44:00+02:00,1580.130,1580.130,1579.730,1579.930,12
SQ:XAUUSD,2020-04-01T03:45:00+02:00,1579.930,1580.530,1579.930,1580.480,11
SQ:XAUUSD,2020-04-01T03:46:00+02:00,1580.480,1580.530,1580.330,1580.330,10
SQ:XAUUSD,2020-04-01T03:47:00+02:00,1580.330,1580.430,1579.730,1579.830,11
SQ:XAUUSD,2020-04-01T03:48:00+02:00,1579.830,1580.330,1579.830,1579.930,17
SQ:XAUUSD,2020-04-01T03:49:00+02:00,1579.930,1580.880,1579.930,1580.530,26
SQ:XAUUSD,2020-04-01T03:50:00+02:00,1580.580,1580.950,1580.580,1580.850,5
SQ:XAUUSD,2020-04-01T03:51:00+02:00,1580.850,1581.050,1580.650,1580.950,17
SQ:XAUUSD,2020-04-01T03:52:00+02:00,1580.850,1580.950,1580.550,1580.850,23
SQ:XAUUSD,2020-04-01T03:53:00+02:00,1580.850,1581.140,1579.746,1581.140,16
SQ:XAUUSD,2020-04-01T03:54:00+02:00,1581.140,1581.190,1581.000,1581.140,16
SQ:XAUUSD,2020-04-01T03:55:00+02:00,1581.140,1581.140,1580.900,1580.950,9
SQ:XAUUSD,2020-04-01T03:56:00+02:00,1580.950,1581.050,1580.750,1580.850,16
SQ:XAUUSD,2020-04-01T03:57:00+02:00,1580.950,1580.950,1580.400,1580.400,9
SQ:XAUUSD,2020-04-01T03:58:00+02:00,1580.300,1580.450,1580.100,1580.350,20
SQ:XAUUSD,2020-04-01T03:59:00+02:00,1580.350,1580.800,1580.350,1580.600,25
SQ:XAUUSD,2020-04-01T04:00:00+02:00,1580.450,1580.750,1580.400,1580.550,14
SQ:XAUUSD,2020-04-01T04:01:00+02:00,1580.550,1580.600,1580.400,1580.400,14
SQ:XAUUSD,2020-04-01T04:02:00+02:00,1580.400,1580.400,1580.050,1580.100,18
SQ:XAUUSD,2020-04-01T04:03:00+02:00,1580.100,1580.100,1579.826,1579.900,39
SQ:XAUUSD,2020-04-01T04:04:00+02:00,1579.896,1579.896,1579.560,1579.750,25
SQ:XAUUSD,2020-04-01T04:05:00+02:00,1579.750,1580.100,1579.650,1579.950,17
SQ:XAUUSD,2020-04-01T04:06:00+02:00,1580.000,1580.100,1579.750,1580.000,18
SQ:XAUUSD,2020-04-01T04:07:00+02:00,1580.000,1580.200,1579.850,1580.000,17
SQ:XAUUSD,2020-04-01T04:08:00+02:00,1579.950,1580.050,1579.750,1580.050,24
SQ:XAUUSD,2020-04-01T04:09:00+02:00,1580.000,1580.200,1579.900,1580.150,23
SQ:XAUUSD,2020-04-01T04:10:00+02:00,1580.150,1580.200,1580.050,1580.150,9
SQ:XAUUSD,2020-04-01T04:11:00+02:00,1580.200,1580.350,1580.150,1580.250,18
SQ:XAUUSD,2020-04-01T04:12:00+02:00,1580.200,1580.350,1580.150,1580.350,17
SQ:XAUUSD,2020-04-01T04:13:00+02:00,1580.350,1580.700,1580.350,1580.550,24
SQ:XAUUSD,2020-04-01T04:14:00+02:00,1580.600,1580.800,1580.600,1580.750,16
SQ:XAUUSD,2020-04-01T04:15:00+02:00,1580.750,1581.500,1580.750,1581.500,15
SQ:XAUUSD,2020-04-01T04:16:00+02:00,1581.500,1581.500,1581.100,1581.100,14
SQ:XAUUSD,2020-04-01T04:17:00+02:00,1581.100,1581.150,1581.050,1581.100,4
SQ:XAUUSD,2020-04-01T04:18:00+02:00,1581.100,1581.250,1581.100,1581.250,11
SQ:XAUUSD,2020-04-01T04:19:00+02:00,1581.100,1581.150,1581.000,1581.150,5
SQ:XAUUSD,2020-04-01T04:20:00+02:00,1581.150,1581.550,1581.150,1581.400,12
SQ:XAUUSD,2020-04-01T04:21:00+02:00,1581.400,1581.950,1581.350,1581.800,21
SQ:XAUUSD,2020-04-01T04:22:00+02:00,1581.800,1582.190,1581.800,1582.150,12
SQ:XAUUSD,2020-04-01T04:23:00+02:00,1582.150,1582.250,1581.850,1581.850,14
SQ:XAUUSD,2020-04-01T04:24:00+02:00,1581.850,1581.900,1581.750,1581.800,10
SQ:XAUUSD,2020-04-01T04:25:00+02:00,1581.750,1581.850,1581.700,1581.750,7
SQ:XAUUSD,2020-04-01T04:26:00+02:00,1581.800,1581.850,1581.600,1581.800,15
SQ:XAUUSD,2020-04-01T04:27:00+02:00,1581.800,1582.160,1581.800,1582.000,16
SQ:XAUUSD,2020-04-01T04:28:00+02:00,1581.950,1582.050,1581.600,1581.800,7
SQ:XAUUSD,2020-04-01T04:29:00+02:00,1581.800,1582.340,1581.750,1581.970,20
SQ:XAUUSD,2020-04-01T04:30:00+02:00,1581.970,1582.210,1581.000,1581.100,26
SQ:XAUUSD,2020-04-01T04:31:00+02:00,1581.050,1582.386,1581.050,1582.070,30
SQ:XAUUSD,2020-04-01T04:32:00+02:00,1582.070,1582.726,1581.980,1582.720,49
SQ:XAUUSD,2020-04-01T04:33:00+02:00,1582.730,1582.730,1582.200,1582.300,27
SQ:XAUUSD,2020-04-01T04:34:00+02:00,1582.256,1582.820,1582.256,1582.640,38
SQ:XAUUSD,2020-04-01T04:35:00+02:00,1582.660,1583.100,1581.260,1583.000,63
SQ:XAUUSD,2020-04-01T04:36:00+02:00,1583.000,1583.050,1582.750,1582.900,24
SQ:XAUUSD,2020-04-01T04:37:00+02:00,1582.900,1583.530,1581.920,1583.530,45
SQ:XAUUSD,2020-04-01T04:38:00+02:00,1583.530,1583.530,1581.600,1583.530,27
SQ:XAUUSD,2020-04-01T04:39:00+02:00,1583.530,1583.580,1581.710,1583.480,39
SQ:XAUUSD,2020-04-01T04:40:00+02:00,1583.530,1583.530,1581.620,1583.150,24
SQ:XAUUSD,2020-04-01T04:41:00+02:00,1583.000,1583.400,1581.160,1582.950,23
SQ:XAUUSD,2020-04-01T04:42:00+02:00,1582.850,1583.350,1582.850,1583.350,17
SQ:XAUUSD,2020-04-01T04:43:00+02:00,1583.350,1583.530,1583.250,1583.530,9
SQ:XAUUSD,2020-04-01T04:44:00+02:00,1583.530,1583.800,1581.380,1583.350,52
SQ:XAUUSD,2020-04-01T04:45:00+02:00,1583.350,1583.700,1581.590,1582.000,46
SQ:XAUUSD,2020-04-01T04:46:00+02:00,1582.000,1583.580,1581.750,1583.050,40
SQ:XAUUSD,2020-04-01T04:47:00+02:00,1583.050,1583.100,1582.950,1582.950,23
SQ:XAUUSD,2020-04-01T04:48:00+02:00,1582.950,1582.950,1582.450,1582.450,18
SQ:XAUUSD,2020-04-01T04:49:00+02:00,1582.550,1582.700,1582.350,1582.550,23
SQ:XAUUSD,2020-04-01T04:50:00+02:00,1582.550,1583.250,1582.350,1582.350,24
SQ:XAUUSD,2020-04-01T04:51:00+02:00,1582.350,1582.990,1582.170,1582.220,39
SQ:XAUUSD,2020-04-01T04:52:00+02:00,1581.990,1582.620,1581.600,1581.860,65
SQ:XAUUSD,2020-04-01T04:53:00+02:00,1581.820,1582.772,1581.820,1582.720,25
SQ:XAUUSD,2020-04-01T04:54:00+02:00,1582.720,1582.920,1582.150,1582.780,35
SQ:XAUUSD,2020-04-01T04:55:00+02:00,1582.780,1582.950,1582.760,1582.950,8
SQ:XAUUSD,2020-04-01T04:56:00+02:00,1582.950,1583.010,1582.450,1582.910,18
SQ:XAUUSD,2020-04-01T04:57:00+02:00,1582.910,1583.810,1582.870,1583.710,18
SQ:XAUUSD,2020-04-01T04:58:00+02:00,1583.660,1583.810,1583.660,1583.660,8
SQ:XAUUSD,2020-04-01T04:59:00+02:00,1583.660,1583.760,1583.460,1583.710,12
SQ:XAUUSD,2020-04-01T05:00:00+02:00,1583.760,1583.760,1583.310,1583.310,18
SQ:XAUUSD,2020-04-01T05:01:00+02:00,1583.310,1583.560,1583.060,1583.510,25
SQ:XAUUSD,2020-04-01T05:02:00+02:00,1583.510,1583.510,1583.210,1583.510,20
SQ:XAUUSD,2020-04-01T05:03:00+02:00,1583.510,1583.760,1583.460,1583.760,17
SQ:XAUUSD,2020-04-01T05:04:00+02:00,1583.760,1583.910,1583.160,1583.910,23
SQ:XAUUSD,2020-04-01T05:05:00+02:00,1583.910,1583.960,1583.560,1583.560,18
SQ:XAUUSD,2020-04-01T05:06:00+02:00,1583.610,1584.060,1583.610,1583.860,14
SQ:XAUUSD,2020-04-01T05:07:00+02:00,1583.860,1583.860,1583.660,1583.760,20
SQ:XAUUSD,2020-04-01T05:08:00+02:00,1583.710,1583.710,1583.310,1583.510,15
SQ:XAUUSD,2020-04-01T05:09:00+02:00,1583.510,1583.560,1583.310,1583.310,12
SQ:XAUUSD,2020-04-01T05:10:00+02:00,1583.310,1583.360,1583.160,1583.260,13
SQ:XAUUSD,2020-04-01T05:11:00+02:00,1583.260,1583.310,1583.160,1583.260,10
SQ:XAUUSD,2020-04-01T05:12:00+02:00,1583.260,1583.460,1583.260,1583.360,8
SQ:XAUUSD,2020-04-01T05:13:00+02:00,1583.360,1583.600,1583.110,1583.550,24
SQ:XAUUSD,2020-04-01T05:14:00+02:00,1583.550,1583.960,1583.470,1583.860,37
SQ:XAUUSD,2020-04-01T05:15:00+02:00,1583.860,1584.110,1583.810,1583.810,25
SQ:XAUUSD,2020-04-01T05:16:00+02:00,1583.810,1583.960,1583.560,1583.810,20
SQ:XAUUSD,2020-04-01T05:17:00+02:00,1583.810,1584.110,1583.800,1584.010,21
SQ:XAUUSD,2020-04-01T05:18:00+02:00,1584.010,1584.330,1583.930,1583.980,26
SQ:XAUUSD,2020-04-01T05:19:00+02:00,1583.980,1583.980,1583.780,1583.980,22
SQ:XAUUSD,2020-04-01T05:20:00+02:00,1583.930,1584.080,1583.930,1583.980,4
SQ:XAUUSD,2020-04-01T05:21:00+02:00,1583.980,1584.180,1583.930,1584.080,14
SQ:XAUUSD,2020-04-01T05:22:00+02:00,1584.080,1584.430,1584.080,1584.430,14
SQ:XAUUSD,2020-04-01T05:23:00+02:00,1584.380,1584.380,1584.130,1584.330,13
SQ:XAUUSD,2020-04-01T05:24:00+02:00,1584.280,1584.530,1583.170,1583.190,19
SQ:XAUUSD,2020-04-01T05:25:00+02:00,1583.190,1584.630,1583.170,1583.240,19
SQ:XAUUSD,2020-04-01T05:26:00+02:00,1583.290,1584.580,1583.150,1584.330,22
SQ:XAUUSD,2020-04-01T05:27:00+02:00,1584.380,1584.480,1583.130,1584.380,11
SQ:XAUUSD,2020-04-01T05:28:00+02:00,1584.280,1584.580,1584.280,1584.480,11
SQ:XAUUSD,2020-04-01T05:29:00+02:00,1584.480,1584.580,1583.350,1584.480,16
SQ:XAUUSD,2020-04-01T05:30:00+02:00,1584.480,1584.480,1583.110,1583.850,10
SQ:XAUUSD,2020-04-01T05:31:00+02:00,1583.850,1584.150,1583.500,1584.050,17
SQ:XAUUSD,2020-04-01T05:32:00+02:00,1584.050,1584.150,1583.750,1583.950,12
SQ:XAUUSD,2020-04-01T05:33:00+02:00,1583.900,1584.200,1583.850,1584.150,11
SQ:XAUUSD,2020-04-01T05:34:00+02:00,1584.150,1584.300,1583.950,1584.250,12
SQ:XAUUSD,2020-04-01T05:35:00+02:00,1584.150,1584.150,1583.150,1583.250,18
SQ:XAUUSD,2020-04-01T05:36:00+02:00,1583.250,1583.690,1583.020,1583.690,23
SQ:XAUUSD,2020-04-01T05:37:00+02:00,1583.690,1583.980,1583.550,1583.600,13
SQ:XAUUSD,2020-04-01T05:38:00+02:00,1583.600,1583.810,1583.300,1583.500,7
SQ:XAUUSD,2020-04-01T05:39:00+02:00,1583.500,1583.500,1583.150,1583.150,10
SQ:XAUUSD,2020-04-01T05:40:00+02:00,1583.150,1583.690,1583.150,1583.500,41
SQ:XAUUSD,2020-04-01T05:41:00+02:00,1583.500,1583.900,1583.350,1583.900,43
SQ:XAUUSD,2020-04-01T05:42:00+02:00,1583.900,1584.350,1583.620,1584.300,35
SQ:XAUUSD,2020-04-01T05:43:00+02:00,1584.300,1584.500,1583.360,1583.360,16
SQ:XAUUSD,2020-04-01T05:44:00+02:00,1583.360,1584.600,1583.360,1584.500,23
SQ:XAUUSD,2020-04-01T05:45:00+02:00,1584.500,1584.850,1583.960,1584.800,27
SQ:XAUUSD,2020-04-01T05:46:00+02:00,1584.850,1584.850,1584.550,1584.650,8
SQ:XAUUSD,2020-04-01T05:47:00+02:00,1584.650,1584.850,1583.800,1584.050,20
SQ:XAUUSD,2020-04-01T05:48:00+02:00,1583.980,1584.070,1583.890,1583.960,19
SQ:XAUUSD,2020-04-01T05:49:00+02:00,1583.960,1584.850,1583.900,1584.110,17
SQ:XAUUSD,2020-04-01T05:50:00+02:00,1584.110,1584.310,1583.990,1584.090,29
SQ:XAUUSD,2020-04-01T05:51:00+02:00,1584.090,1584.850,1583.910,1584.150,38
SQ:XAUUSD,2020-04-01T05:52:00+02:00,1584.140,1584.850,1583.970,1584.126,13
SQ:XAUUSD,2020-04-01T05:53:00+02:00,1584.126,1584.750,1583.650,1584.750,23
SQ:XAUUSD,2020-04-01T05:54:00+02:00,1584.750,1584.750,1584.010,1584.030,3
SQ:XAUUSD,2020-04-01T05:55:00+02:00,1584.120,1584.400,1584.120,1584.370,12
SQ:XAUUSD,2020-04-01T05:56:00+02:00,1584.350,1584.420,1584.220,1584.380,15
SQ:XAUUSD,2020-04-01T05:57:00+02:00,1584.360,1584.480,1584.360,1584.400,11
SQ:XAUUSD,2020-04-01T05:58:00+02:00,1584.400,1584.500,1583.960,1583.960,12
SQ:XAUUSD,2020-04-01T05:59:00+02:00,1583.960,1583.970,1583.700,1583.850,19
SQ:XAUUSD,2020-04-01T06:00:00+02:00,1583.830,1585.050,1583.760,1585.050,21
SQ:XAUUSD,2020-04-01T06:01:00+02:00,1585.050,1585.050,1584.250,1584.900,13
SQ:XAUUSD,2020-04-01T06:02:00+02:00,1584.280,1584.600,1584.280,1584.550,5
SQ:XAUUSD,2020-04-01T06:03:00+02:00,1584.550,1584.800,1584.350,1584.800,9
SQ:XAUUSD,2020-04-01T06:04:00+02:00,1584.850,1585.200,1584.850,1585.100,11
SQ:XAUUSD,2020-04-01T06:05:00+02:00,1585.100,1585.100,1584.850,1585.000,9
SQ:XAUUSD,2020-04-01T06:06:00+02:00,1585.000,1585.200,1585.000,1585.200,13
SQ:XAUUSD,2020-04-01T06:07:00+02:00,1585.150,1585.200,1585.050,1585.150,13
SQ:XAUUSD,2020-04-01T06:08:00+02:00,1585.150,1585.200,1585.100,1585.100,5
SQ:XAUUSD,2020-04-01T06:09:00+02:00,1585.150,1585.500,1585.100,1585.400,14
SQ:XAUUSD,2020-04-01T06:10:00+02:00,1585.250,1585.400,1585.200,1585.400,6
SQ:XAUUSD,2020-04-01T06:11:00+02:00,1585.400,1585.500,1585.300,1585.450,16
SQ:XAUUSD,2020-04-01T06:12:00+02:00,1585.450,1585.910,1585.400,1585.910,12
SQ:XAUUSD,2020-04-01T06:13:00+02:00,1585.910,1585.960,1585.810,1585.910,7
SQ:XAUUSD,2020-04-01T06:14:00+02:00,1585.910,1586.410,1585.810,1586.410,7
SQ:XAUUSD,2020-04-01T06:15:00+02:00,1586.410,1586.410,1586.110,1586.160,22
SQ:XAUUSD,2020-04-01T06:16:00+02:00,1586.160,1586.260,1586.060,1586.160,13
SQ:XAUUSD,2020-04-01T06:17:00+02:00,1586.260,1586.260,1585.810,1585.810,6
SQ:XAUUSD,2020-04-01T06:18:00+02:00,1585.810,1586.010,1585.660,1585.810,8
SQ:XAUUSD,2020-04-01T06:19:00+02:00,1585.810,1585.810,1584.570,1584.900,13
SQ:XAUUSD,2020-04-01T06:20:00+02:00,1585.116,1585.116,1584.680,1584.920,11
SQ:XAUUSD,2020-04-01T06:21:00+02:00,1584.920,1585.130,1584.920,1585.090,14
SQ:XAUUSD,2020-04-01T06:22:00+02:00,1585.090,1585.140,1584.890,1585.030,9
SQ:XAUUSD,2020-04-01T06:23:00+02:00,1585.030,1585.270,1584.940,1585.140,10
SQ:XAUUSD,2020-04-01T06:24:00+02:00,1585.150,1585.390,1585.030,1585.150,20
SQ:XAUUSD,2020-04-01T06:25:00+02:00,1585.100,1585.500,1585.100,1585.400,10
SQ:XAUUSD,2020-04-01T06:26:00+02:00,1585.440,1586.360,1585.440,1586.280,22
SQ:XAUUSD,2020-04-01T06:27:00+02:00,1586.230,1586.310,1585.730,1586.180,25
SQ:XAUUSD,2020-04-01T06:28:00+02:00,1586.180,1586.270,1586.110,1586.110,16
SQ:XAUUSD,2020-04-01T06:29:00+02:00,1586.110,1586.260,1586.110,1586.220,7
SQ:XAUUSD,2020-04-01T06:30:00+02:00,1586.220,1586.620,1585.980,1586.220,34
SQ:XAUUSD,2020-04-01T06:31:00+02:00,1586.220,1586.250,1585.770,1586.230,41
SQ:XAUUSD,2020-04-01T06:32:00+02:00,1586.200,1586.486,1585.970,1586.110,42
SQ:XAUUSD,2020-04-01T06:33:00+02:00,1586.110,1586.506,1585.900,1586.030,34
SQ:XAUUSD,2020-04-01T06:34:00+02:00,1585.980,1586.536,1585.960,1586.050,23
SQ:XAUUSD,2020-04-01T06:35:00+02:00,1586.050,1586.390,1585.910,1586.350,20
SQ:XAUUSD,2020-04-01T06:36:00+02:00,1586.350,1586.490,1586.340,1586.430,13
SQ:XAUUSD,2020-04-01T06:37:00+02:00,1586.360,1586.600,1586.320,1586.510,32
SQ:XAUUSD,2020-04-01T06:38:00+02:00,1586.440,1586.520,1586.396,1586.400,22
SQ:XAUUSD,2020-04-01T06:39:00+02:00,1586.396,1586.406,1586.158,1586.206,14
SQ:XAUUSD,2020-04-01T06:40:00+02:00,1586.206,1586.226,1586.166,1586.200,9
SQ:XAUUSD,2020-04-01T06:41:00+02:00,1586.200,1586.430,1586.140,1586.430,16
SQ:XAUUSD,2020-04-01T06:42:00+02:00,1586.400,1586.490,1586.330,1586.330,12
SQ:XAUUSD,2020-04-01T06:43:00+02:00,1586.190,1586.840,1586.190,1586.630,54
SQ:XAUUSD,2020-04-01T06:44:00+02:00,1586.630,1587.420,1586.450,1587.350,252
SQ:XAUUSD,2020-04-01T06:45:00+02:00,1587.400,1588.220,1587.300,1587.730,73
SQ:XAUUSD,2020-04-01T06:46:00+02:00,1587.730,1588.000,1587.390,1587.430,48
SQ:XAUUSD,2020-04-01T06:47:00+02:00,1587.430,1587.430,1586.260,1586.770,44
SQ:XAUUSD,2020-04-01T06:48:00+02:00,1586.770,1586.880,1586.600,1586.600,27
SQ:XAUUSD,2020-04-01T06:49:00+02:00,1586.600,1586.600,1586.190,1586.220,29
SQ:XAUUSD,2020-04-01T06:50:00+02:00,1586.400,1586.830,1586.400,1586.540,25
SQ:XAUUSD,2020-04-01T06:51:00+02:00,1586.450,1586.780,1586.450,1586.710,18
SQ:XAUUSD,2020-04-01T06:52:00+02:00,1586.710,1586.740,1586.640,1586.740,5
SQ:XAUUSD,2020-04-01T06:53:00+02:00,1586.840,1587.110,1586.840,1587.110,11
SQ:XAUUSD,2020-04-01T06:54:00+02:00,1587.100,1587.330,1586.920,1586.920,21
SQ:XAUUSD,2020-04-01T06:55:00+02:00,1586.920,1587.110,1586.920,1586.950,14
SQ:XAUUSD,2020-04-01T06:56:00+02:00,1586.950,1587.000,1586.620,1586.630,23
SQ:XAUUSD,2020-04-01T06:57:00+02:00,1586.630,1587.000,1586.256,1586.316,76
SQ:XAUUSD,2020-04-01T06:58:00+02:00,1586.316,1586.830,1586.296,1586.296,56
SQ:XAUUSD,2020-04-01T06:59:00+02:00,1586.306,1586.980,1586.266,1586.440,64
SQ:XAUUSD,2020-04-01T07:00:00+02:00,1586.420,1586.980,1586.216,1586.980,80
SQ:XAUUSD,2020-04-01T07:01:00+02:00,1586.980,1586.980,1586.640,1586.700,17
SQ:XAUUSD,2020-04-01T07:02:00+02:00,1586.700,1586.700,1586.610,1586.620,9
SQ:XAUUSD,2020-04-01T07:03:00+02:00,1586.620,1587.000,1586.610,1586.890,12
SQ:XAUUSD,2020-04-01T07:04:00+02:00,1586.870,1587.140,1586.850,1587.080,21
SQ:XAUUSD,2020-04-01T07:05:00+02:00,1587.130,1587.420,1586.940,1587.000,25
SQ:XAUUSD,2020-04-01T07:06:00+02:00,1586.860,1587.130,1586.860,1586.920,15
SQ:XAUUSD,2020-04-01T07:07:00+02:00,1586.960,1586.960,1586.570,1586.870,20
SQ:XAUUSD,2020-04-01T07:08:00+02:00,1586.910,1587.650,1586.910,1587.220,22
SQ:XAUUSD,2020-04-01T07:09:00+02:00,1587.220,1587.230,1585.870,1586.070,26
SQ:XAUUSD,2020-04-01T07:10:00+02:00,1586.070,1586.820,1585.950,1585.970,45
SQ:XAUUSD,2020-04-01T07:11:00+02:00,1585.990,1586.330,1585.810,1586.190,35
SQ:XAUUSD,2020-04-01T07:12:00+02:00,1586.190,1586.460,1586.030,1586.430,23
SQ:XAUUSD,2020-04-01T07:13:00+02:00,1586.430,1586.670,1586.160,1586.320,25
SQ:XAUUSD,2020-04-01T07:14:00+02:00,1586.320,1586.460,1586.280,1586.310,12
SQ:XAUUSD,2020-04-01T07:15:00+02:00,1586.220,1586.220,1585.620,1585.720,27
SQ:XAUUSD,2020-04-01T07:16:00+02:00,1585.720,1585.720,1584.780,1585.220,75
SQ:XAUUSD,2020-04-01T07:17:00+02:00,1585.220,1585.270,1584.310,1584.530,123
SQ:XAUUSD,2020-04-01T07:18:00+02:00,1584.270,1585.050,1584.180,1584.820,94
SQ:XAUUSD,2020-04-01T07:19:00+02:00,1584.820,1585.030,1584.590,1584.810,35
SQ:XAUUSD,2020-04-01T07:20:00+02:00,1584.810,1585.000,1584.550,1584.860,38
SQ:XAUUSD,2020-04-01T07:21:00+02:00,1584.920,1585.220,1584.630,1585.040,20
SQ:XAUUSD,2020-04-01T07:22:00+02:00,1585.150,1585.540,1585.010,1585.540,11
SQ:XAUUSD,2020-04-01T07:23:00+02:00,1585.540,1585.540,1584.790,1584.790,12
SQ:XAUUSD,2020-04-01T07:24:00+02:00,1584.990,1585.280,1584.990,1585.040,8
SQ:XAUUSD,2020-04-01T07:25:00+02:00,1585.170,1585.470,1585.020,1585.090,32
SQ:XAUUSD,2020-04-01T07:26:00+02:00,1585.090,1585.090,1583.140,1583.280,37
SQ:XAUUSD,2020-04-01T07:27:00+02:00,1583.400,1584.250,1583.260,1584.250,46
SQ:XAUUSD,2020-04-01T07:28:00+02:00,1584.286,1585.196,1584.190,1584.900,47
SQ:XAUUSD,2020-04-01T07:29:00+02:00,1584.900,1585.230,1584.380,1584.380,26
SQ:XAUUSD,2020-04-01T07:30:00+02:00,1584.830,1585.030,1584.210,1584.260,56
SQ:XAUUSD,2020-04-01T07:31:00+02:00,1584.300,1585.196,1584.230,1584.760,40
SQ:XAUUSD,2020-04-01T07:32:00+02:00,1584.760,1585.266,1584.760,1585.070,44
SQ:XAUUSD,2020-04-01T07:33:00+02:00,1585.040,1585.206,1584.110,1584.410,46
SQ:XAUUSD,2020-04-01T07:34:00+02:00,1584.410,1584.660,1584.260,1584.400,49
SQ:XAUUSD,2020-04-01T07:35:00+02:00,1584.440,1584.870,1584.390,1584.770,44
SQ:XAUUSD,2020-04-01T07:36:00+02:00,1584.750,1585.120,1584.600,1585.096,32
SQ:XAUUSD,2020-04-01T07:37:00+02:00,1585.096,1585.490,1584.976,1585.320,43
SQ:XAUUSD,2020-04-01T07:38:00+02:00,1585.320,1585.730,1584.990,1585.680,46
SQ:XAUUSD,2020-04-01T07:39:00+02:00,1585.670,1585.670,1585.300,1585.560,37
SQ:XAUUSD,2020-04-01T07:40:00+02:00,1585.580,1586.260,1585.580,1586.250,52
SQ:XAUUSD,2020-04-01T07:41:00+02:00,1586.130,1586.610,1586.130,1586.360,23
SQ:XAUUSD,2020-04-01T07:42:00+02:00,1586.310,1586.370,1586.150,1586.370,6
SQ:XAUUSD,2020-04-01T07:43:00+02:00,1586.370,1586.490,1586.360,1586.490,7
SQ:XAUUSD,2020-04-01T07:44:00+02:00,1586.440,1586.440,1585.550,1586.270,71
SQ:XAUUSD,2020-04-01T07:45:00+02:00,1586.270,1586.420,1586.070,1586.270,23
SQ:XAUUSD,2020-04-01T07:46:00+02:00,1586.270,1586.410,1585.830,1586.390,33
SQ:XAUUSD,2020-04-01T07:47:00+02:00,1586.390,1586.410,1586.010,1586.250,18
SQ:XAUUSD,2020-04-01T07:48:00+02:00,1586.250,1586.420,1585.900,1586.420,27
SQ:XAUUSD,2020-04-01T07:49:00+02:00,1586.420,1586.450,1586.150,1586.380,33
SQ:XAUUSD,2020-04-01T07:50:00+02:00,1586.380,1586.980,1586.380,1586.870,39
SQ:XAUUSD,2020-04-01T07:51:00+02:00,1586.780,1587.280,1586.780,1587.040,43
SQ:XAUUSD,2020-04-01T07:52:00+02:00,1586.930,1587.630,1586.930,1587.430,61
SQ:XAUUSD,2020-04-01T07:53:00+02:00,1587.430,1588.670,1587.430,1587.890,71
SQ:XAUUSD,2020-04-01T07:54:00+02:00,1587.890,1587.930,1586.790,1586.960,69
SQ:XAUUSD,2020-04-01T07:55:00+02:00,1586.960,1587.580,1586.960,1587.240,38
SQ:XAUUSD,2020-04-01T07:56:00+02:00,1587.240,1587.390,1586.930,1586.950,23
SQ:XAUUSD,2020-04-01T07:57:00+02:00,1586.990,1586.990,1586.600,1586.600,44
SQ:XAUUSD,2020-04-01T07:58:00+02:00,1586.660,1587.360,1586.560,1587.360,46
SQ:XAUUSD,2020-04-01T07:59:00+02:00,1587.360,1587.470,1587.070,1587.380,24
SQ:XAUUSD,2020-04-01T08:00:00+02:00,1587.380,1587.670,1586.720,1586.850,45
SQ:XAUUSD,2020-04-01T08:01:00+02:00,1586.850,1587.540,1586.220,1587.470,114
SQ:XAUUSD,2020-04-01T08:02:00+02:00,1587.430,1589.130,1587.430,1588.400,72
SQ:XAUUSD,2020-04-01T08:03:00+02:00,1588.400,1588.630,1588.170,1588.590,46
SQ:XAUUSD,2020-04-01T08:04:00+02:00,1588.640,1589.030,1588.600,1589.030,42
SQ:XAUUSD,2020-04-01T08:05:00+02:00,1589.030,1589.190,1588.760,1588.870,65
SQ:XAUUSD,2020-04-01T08:06:00+02:00,1588.910,1589.180,1588.720,1588.790,55
SQ:XAUUSD,2020-04-01T08:07:00+02:00,1588.810,1589.216,1587.790,1589.030,54
SQ:XAUUSD,2020-04-01T08:08:00+02:00,1588.700,1589.216,1588.410,1588.750,56
SQ:XAUUSD,2020-04-01T08:09:00+02:00,1588.750,1590.340,1588.580,1590.340,40
SQ:XAUUSD,2020-04-01T08:10:00+02:00,1590.380,1590.380,1589.340,1589.340,24
SQ:XAUUSD,2020-04-01T08:11:00+02:00,1589.340,1589.340,1587.940,1588.350,46
SQ:XAUUSD,2020-04-01T08:12:00+02:00,1588.350,1588.616,1588.180,1588.530,41
SQ:XAUUSD,2020-04-01T08:13:00+02:00,1588.540,1588.540,1588.280,1588.410,35
SQ:XAUUSD,2020-04-01T08:14:00+02:00,1588.500,1588.500,1588.150,1588.380,24
SQ:XAUUSD,2020-04-01T08:15:00+02:00,1588.390,1588.800,1588.280,1588.790,24
SQ:XAUUSD,2020-04-01T08:16:00+02:00,1588.790,1588.900,1588.550,1588.810,42
SQ:XAUUSD,2020-04-01T08:17:00+02:00,1588.810,1589.260,1588.810,1589.130,33
SQ:XAUUSD,2020-04-01T08:18:00+02:00,1589.190,1589.190,1588.740,1588.850,44
SQ:XAUUSD,2020-04-01T08:19:00+02:00,1588.850,1589.120,1588.470,1588.540,33
SQ:XAUUSD,2020-04-01T08:20:00+02:00,1588.540,1588.540,1587.760,1588.300,54
SQ:XAUUSD,2020-04-01T08:21:00+02:00,1588.300,1588.380,1587.820,1587.830,45
SQ:XAUUSD,2020-04-01T08:22:00+02:00,1587.830,1588.900,1587.830,1588.760,62
SQ:XAUUSD,2020-04-01T08:23:00+02:00,1588.760,1589.310,1588.750,1588.750,77
SQ:XAUUSD,2020-04-01T08:24:00+02:00,1588.750,1589.280,1588.420,1589.210,54
SQ:XAUUSD,2020-04-01T08:25:00+02:00,1589.210,1589.740,1588.950,1589.700,86
SQ:XAUUSD,2020-04-01T08:26:00+02:00,1589.620,1589.690,1588.640,1589.140,60
SQ:XAUUSD,2020-04-01T08:27:00+02:00,1589.140,1589.690,1589.070,1589.510,86
SQ:XAUUSD,2020-04-01T08:28:00+02:00,1589.510,1589.560,1588.720,1588.860,59
SQ:XAUUSD,2020-04-01T08:29:00+02:00,1588.860,1588.860,1586.100,1587.060,98
SQ:XAUUSD,2020-04-01T08:30:00+02:00,1587.060,1588.040,1586.820,1587.850,96
SQ:XAUUSD,2020-04-01T08:31:00+02:00,1587.850,1588.570,1587.320,1587.450,65
SQ:XAUUSD,2020-04-01T08:32:00+02:00,1587.450,1587.860,1587.040,1587.760,35
SQ:XAUUSD,2020-04-01T08:33:00+02:00,1587.850,1588.080,1587.260,1587.320,43
SQ:XAUUSD,2020-04-01T08:34:00+02:00,1587.350,1587.410,1585.880,1586.320,65
SQ:XAUUSD,2020-04-01T08:35:00+02:00,1586.320,1588.126,1586.150,1588.086,93
SQ:XAUUSD,2020-04-01T08:36:00+02:00,1588.096,1588.370,1587.940,1588.230,74
SQ:XAUUSD,2020-04-01T08:37:00+02:00,1588.240,1588.820,1588.110,1588.820,92
SQ:XAUUSD,2020-04-01T08:38:00+02:00,1588.820,1589.070,1588.300,1588.940,75
SQ:XAUUSD,2020-04-01T08:39:00+02:00,1588.940,1589.070,1588.290,1588.410,83
SQ:XAUUSD,2020-04-01T08:40:00+02:00,1588.410,1588.540,1587.620,1588.040,57
SQ:XAUUSD,2020-04-01T08:41:00+02:00,1588.040,1588.200,1586.270,1586.900,125
SQ:XAUUSD,2020-04-01T08:42:00+02:00,1586.860,1587.560,1585.270,1586.740,193
SQ:XAUUSD,2020-04-01T08:43:00+02:00,1586.920,1587.850,1585.670,1587.030,154
SQ:XAUUSD,2020-04-01T08:44:00+02:00,1586.060,1587.060,1583.740,1585.260,214
SQ:XAUUSD,2020-04-01T08:45:00+02:00,1585.260,1586.300,1584.280,1585.780,108
SQ:XAUUSD,2020-04-01T08:46:00+02:00,1585.790,1586.910,1585.700,1586.050,63
SQ:XAUUSD,2020-04-01T08:47:00+02:00,1586.050,1587.030,1585.240,1586.070,52
SQ:XAUUSD,2020-04-01T08:48:00+02:00,1586.480,1586.480,1586.030,1586.330,35
SQ:XAUUSD,2020-04-01T08:49:00+02:00,1586.380,1586.380,1584.610,1584.830,60
SQ:XAUUSD,2020-04-01T08:50:00+02:00,1584.830,1586.520,1584.830,1586.320,68
SQ:XAUUSD,2020-04-01T08:51:00+02:00,1586.320,1587.060,1586.320,1586.900,71
SQ:XAUUSD,2020-04-01T08:52:00+02:00,1586.940,1586.960,1586.500,1586.500,32
SQ:XAUUSD,2020-04-01T08:53:00+02:00,1586.500,1587.076,1586.020,1586.020,44
SQ:XAUUSD,2020-04-01T08:54:00+02:00,1586.110,1587.480,1586.020,1587.000,130
SQ:XAUUSD,2020-04-01T08:55:00+02:00,1586.970,1587.560,1586.960,1587.560,89
SQ:XAUUSD,2020-04-01T08:56:00+02:00,1587.560,1588.150,1587.360,1587.800,86
SQ:XAUUSD,2020-04-01T08:57:00+02:00,1587.790,1588.190,1586.980,1587.160,55
SQ:XAUUSD,2020-04-01T08:58:00+02:00,1587.160,1587.390,1586.560,1586.700,43
SQ:XAUUSD,2020-04-01T08:59:00+02:00,1586.650,1586.820,1586.200,1586.310,42
SQ:XAUUSD,2020-04-01T09:00:00+02:00,1586.330,1588.120,1586.290,1587.250,89
SQ:XAUUSD,2020-04-01T09:01:00+02:00,1587.320,1587.890,1586.730,1587.670,61
SQ:XAUUSD,2020-04-01T09:02:00+02:00,1587.670,1589.980,1587.340,1589.780,77
SQ:XAUUSD,2020-04-01T09:03:00+02:00,1589.830,1589.990,1588.840,1588.970,93
SQ:XAUUSD,2020-04-01T09:04:00+02:00,1588.970,1590.040,1588.580,1589.230,86
SQ:XAUUSD,2020-04-01T09:05:00+02:00,1589.190,1589.260,1588.130,1588.810,101
SQ:XAUUSD,2020-04-01T09:06:00+02:00,1588.810,1589.750,1588.810,1589.750,29
SQ:XAUUSD,2020-04-01T09:07:00+02:00,1589.670,1589.970,1589.340,1589.930,66
SQ:XAUUSD,2020-04-01T09:08:00+02:00,1589.930,1590.196,1589.800,1589.940,49
SQ:XAUUSD,2020-04-01T09:09:00+02:00,1590.000,1590.480,1589.670,1590.380,47
SQ:XAUUSD,2020-04-01T09:10:00+02:00,1590.370,1591.580,1589.730,1590.930,119
SQ:XAUUSD,2020-04-01T09:11:00+02:00,1590.930,1592.386,1589.930,1592.010,176
SQ:XAUUSD,2020-04-01T09:12:00+02:00,1592.000,1592.150,1591.390,1592.040,49
SQ:XAUUSD,2020-04-01T09:13:00+02:00,1592.040,1592.640,1592.040,1592.570,47
SQ:XAUUSD,2020-04-01T09:14:00+02:00,1592.570,1593.280,1592.280,1592.890,61
SQ:XAUUSD,2020-04-01T09:15:00+02:00,1592.890,1593.280,1592.730,1593.190,72
SQ:XAUUSD,2020-04-01T09:16:00+02:00,1593.230,1593.320,1592.760,1592.760,70
SQ:XAUUSD,2020-04-01T09:17:00+02:00,1592.700,1592.850,1592.340,1592.480,48
SQ:XAUUSD,2020-04-01T09:18:00+02:00,1592.490,1594.280,1592.350,1593.640,98
SQ:XAUUSD,2020-04-01T09:19:00+02:00,1593.640,1593.680,1592.650,1593.670,128
SQ:XAUUSD,2020-04-01T09:20:00+02:00,1593.670,1593.790,1592.870,1593.430,83
SQ:XAUUSD,2020-04-01T09:21:00+02:00,1593.430,1593.790,1593.110,1593.480,47
SQ:XAUUSD,2020-04-01T09:22:00+02:00,1593.480,1594.440,1593.320,1594.440,63
SQ:XAUUSD,2020-04-01T09:23:00+02:00,1594.440,1594.500,1593.870,1594.460,66
SQ:XAUUSD,2020-04-01T09:24:00+02:00,1594.470,1594.600,1593.550,1593.930,42
SQ:XAUUSD,2020-04-01T09:25:00+02:00,1593.930,1595.230,1593.550,1594.210,70
SQ:XAUUSD,2020-04-01T09:26:00+02:00,1594.870,1595.530,1593.992,1594.228,153
SQ:XAUUSD,2020-04-01T09:27:00+02:00,1594.238,1594.280,1593.650,1593.980,56
SQ:XAUUSD,2020-04-01T09:28:00+02:00,1593.980,1594.300,1593.820,1594.270,40
SQ:XAUUSD,2020-04-01T09:29:00+02:00,1594.240,1594.480,1593.990,1594.290,57
SQ:XAUUSD,2020-04-01T09:30:00+02:00,1594.380,1594.690,1593.530,1593.960,102
SQ:XAUUSD,2020-04-01T09:31:00+02:00,1593.920,1594.750,1593.920,1594.400,48
SQ:XAUUSD,2020-04-01T09:32:00+02:00,1594.400,1594.650,1594.360,1594.510,37
SQ:XAUUSD,2020-04-01T09:33:00+02:00,1594.590,1595.160,1594.130,1595.100,58
SQ:XAUUSD,2020-04-01T09:34:00+02:00,1595.100,1595.100,1594.080,1594.710,45
SQ:XAUUSD,2020-04-01T09:35:00+02:00,1594.710,1596.280,1594.040,1595.040,87
SQ:XAUUSD,2020-04-01T09:36:00+02:00,1595.040,1595.486,1594.110,1595.226,114
SQ:XAUUSD,2020-04-01T09:37:00+02:00,1595.236,1596.010,1595.040,1595.040,45
SQ:XAUUSD,2020-04-01T09:38:00+02:00,1595.040,1595.076,1592.160,1593.370,146
SQ:XAUUSD,2020-04-01T09:39:00+02:00,1593.370,1595.290,1593.280,1595.210,63
SQ:XAUUSD,2020-04-01T09:40:00+02:00,1595.210,1595.786,1594.526,1595.026,85
SQ:XAUUSD,2020-04-01T09:41:00+02:00,1595.026,1597.560,1594.910,1596.930,129
SQ:XAUUSD,2020-04-01T09:42:00+02:00,1596.930,1597.340,1595.840,1596.540,100
SQ:XAUUSD,2020-04-01T09:43:00+02:00,1596.530,1600.230,1596.530,1598.800,228
SQ:XAUUSD,2020-04-01T09:44:00+02:00,1598.820,1599.160,1598.070,1598.790,100
SQ:XAUUSD,2020-04-01T09:45:00+02:00,1598.790,1599.000,1597.238,1598.620,81
SQ:XAUUSD,2020-04-01T09:46:00+02:00,1598.660,1598.680,1597.608,1598.050,55
SQ:XAUUSD,2020-04-01T09:47:00+02:00,1598.020,1598.020,1596.790,1597.160,65
SQ:XAUUSD,2020-04-01T09:48:00+02:00,1597.160,1598.090,1597.160,1597.910,53
SQ:XAUUSD,2020-04-01T09:49:00+02:00,1597.960,1598.030,1595.490,1596.230,78
SQ:XAUUSD,2020-04-01T09:50:00+02:00,1596.340,1598.506,1596.336,1597.846,95
SQ:XAUUSD,2020-04-01T09:51:00+02:00,1597.840,1598.016,1597.310,1597.446,62
SQ:XAUUSD,2020-04-01T09:52:00+02:00,1597.456,1597.486,1596.440,1596.560,54
SQ:XAUUSD,2020-04-01T09:53:00+02:00,1596.560,1596.560,1596.230,1596.320,23
SQ:XAUUSD,2020-04-01T09:54:00+02:00,1596.320,1596.540,1595.710,1595.910,29
SQ:XAUUSD,2020-04-01T09:55:00+02:00,1595.830,1596.590,1595.820,1596.200,52
SQ:XAUUSD,2020-04-01T09:56:00+02:00,1596.260,1596.320,1595.950,1596.020,18
SQ:XAUUSD,2020-04-01T09:57:00+02:00,1596.020,1596.200,1595.840,1595.940,25
SQ:XAUUSD,2020-04-01T09:58:00+02:00,1595.940,1596.480,1595.940,1596.360,36
SQ:XAUUSD,2020-04-01T09:59:00+02:00,1596.360,1596.360,1595.280,1595.370,18
SQ:XAUUSD,2020-04-01T10:00:00+02:00,1595.380,1597.090,1595.080,1596.690,71
SQ:XAUUSD,2020-04-01T10:01:00+02:00,1596.770,1596.980,1596.210,1596.340,62
SQ:XAUUSD,2020-04-01T10:02:00+02:00,1596.200,1596.460,1595.910,1596.420,41
SQ:XAUUSD,2020-04-01T10:03:00+02:00,1596.420,1596.990,1596.330,1596.620,44
SQ:XAUUSD,2020-04-01T10:04:00+02:00,1596.600,1596.810,1596.320,1596.590,39
SQ:XAUUSD,2020-04-01T10:05:00+02:00,1596.590,1597.430,1596.490,1597.350,50
SQ:XAUUSD,2020-04-01T10:06:00+02:00,1597.300,1597.300,1596.290,1596.940,47
SQ:XAUUSD,2020-04-01T10:07:00+02:00,1597.010,1597.010,1596.190,1596.190,46
SQ:XAUUSD,2020-04-01T10:08:00+02:00,1596.230,1596.290,1595.350,1595.390,58
SQ:XAUUSD,2020-04-01T10:09:00+02:00,1595.390,1595.910,1595.190,1595.530,47
SQ:XAUUSD,2020-04-01T10:10:00+02:00,1595.530,1595.960,1595.530,1595.940,14
SQ:XAUUSD,2020-04-01T10:11:00+02:00,1595.940,1596.200,1595.600,1595.600,28
SQ:XAUUSD,2020-04-01T10:12:00+02:00,1595.600,1596.360,1595.540,1596.360,34
SQ:XAUUSD,2020-04-01T10:13:00+02:00,1596.260,1596.490,1596.050,1596.050,35
SQ:XAUUSD,2020-04-01T10:14:00+02:00,1596.050,1596.050,1594.830,1594.830,47
SQ:XAUUSD,2020-04-01T10:15:00+02:00,1594.790,1594.850,1593.580,1594.460,72
SQ:XAUUSD,2020-04-01T10:16:00+02:00,1594.460,1595.260,1594.300,1594.620,61
SQ:XAUUSD,2020-04-01T10:17:00+02:00,1594.620,1594.730,1593.150,1593.440,74
SQ:XAUUSD,2020-04-01T10:18:00+02:00,1593.440,1594.120,1593.250,1593.750,134
SQ:XAUUSD,2020-04-01T10:19:00+02:00,1593.750,1593.890,1592.790,1593.090,87
SQ:XAUUSD,2020-04-01T10:20:00+02:00,1593.090,1593.160,1592.370,1593.040,91
SQ:XAUUSD,2020-04-01T10:21:00+02:00,1593.040,1593.360,1592.760,1592.760,40
SQ:XAUUSD,2020-04-01T10:22:00+02:00,1592.760,1593.260,1592.760,1593.260,29
SQ:XAUUSD,2020-04-01T10:23:00+02:00,1593.260,1593.260,1592.830,1592.900,15
SQ:XAUUSD,2020-04-01T10:24:00+02:00,1592.900,1592.940,1592.540,1592.740,41
SQ:XAUUSD,2020-04-01T10:25:00+02:00,1592.740,1593.330,1592.740,1593.330,41
SQ:XAUUSD,2020-04-01T10:26:00+02:00,1593.330,1593.330,1592.980,1593.220,13
SQ:XAUUSD,2020-04-01T10:27:00+02:00,1593.220,1593.540,1593.220,1593.500,9
SQ:XAUUSD,2020-04-01T10:28:00+02:00,1593.500,1593.500,1593.110,1593.170,25
SQ:XAUUSD,2020-04-01T10:29:00+02:00,1593.170,1593.510,1592.910,1593.030,32
SQ:XAUUSD,2020-04-01T10:30:00+02:00,1593.030,1593.120,1592.450,1592.450,37
SQ:XAUUSD,2020-04-01T10:31:00+02:00,1592.450,1592.540,1591.510,1591.720,69
SQ:XAUUSD,2020-04-01T10:32:00+02:00,1591.660,1593.140,1591.660,1593.140,44
SQ:XAUUSD,2020-04-01T10:33:00+02:00,1593.140,1594.010,1592.910,1593.590,38
SQ:XAUUSD,2020-04-01T10:34:00+02:00,1593.590,1594.110,1593.260,1593.710,53
SQ:XAUUSD,2020-04-01T10:35:00+02:00,1593.710,1593.710,1593.310,1593.500,18
SQ:XAUUSD,2020-04-01T10:36:00+02:00,1593.430,1593.830,1593.350,1593.400,33
SQ:XAUUSD,2020-04-01T10:37:00+02:00,1593.400,1593.470,1592.400,1592.400,29
SQ:XAUUSD,2020-04-01T10:38:00+02:00,1592.400,1592.700,1592.350,1592.410,31
SQ:XAUUSD,2020-04-01T10:39:00+02:00,1592.410,1592.720,1591.940,1592.720,49
SQ:XAUUSD,2020-04-01T10:40:00+02:00,1592.720,1593.540,1592.720,1593.540,19
SQ:XAUUSD,2020-04-01T10:41:00+02:00,1593.540,1593.640,1593.320,1593.530,24
SQ:XAUUSD,2020-04-01T10:42:00+02:00,1593.530,1593.660,1593.310,1593.500,31
SQ:XAUUSD,2020-04-01T10:43:00+02:00,1593.500,1593.550,1592.880,1593.480,21
SQ:XAUUSD,2020-04-01T10:44:00+02:00,1593.480,1594.330,1593.220,1594.330,34
SQ:XAUUSD,2020-04-01T10:45:00+02:00,1594.330,1594.330,1593.920,1594.000,32
SQ:XAUUSD,2020-04-01T10:46:00+02:00,1594.000,1594.420,1594.000,1594.420,13
SQ:XAUUSD,2020-04-01T10:47:00+02:00,1594.420,1594.420,1594.160,1594.210,6
SQ:XAUUSD,2020-04-01T10:48:00+02:00,1594.210,1594.210,1593.620,1593.690,16
SQ:XAUUSD,2020-04-01T10:49:00+02:00,1593.690,1593.886,1593.300,1593.728,30
SQ:XAUUSD,2020-04-01T10:50:00+02:00,1593.730,1593.990,1593.718,1593.990,9
SQ:XAUUSD,2020-04-01T10:51:00+02:00,1593.990,1593.990,1593.770,1593.820,13
SQ:XAUUSD,2020-04-01T10:52:00+02:00,1593.820,1594.100,1593.820,1594.020,16
SQ:XAUUSD,2020-04-01T10:53:00+02:00,1594.060,1594.190,1593.960,1594.130,20
SQ:XAUUSD,2020-04-01T10:54:00+02:00,1594.060,1594.300,1594.060,1594.250,9
SQ:XAUUSD,2020-04-01T10:55:00+02:00,1594.250,1594.420,1594.250,1594.330,6
SQ:XAUUSD,2020-04-01T10:56:00+02:00,1594.290,1594.550,1594.290,1594.550,8
SQ:XAUUSD,2020-04-01T10:57:00+02:00,1594.550,1594.570,1594.320,1594.390,9
SQ:XAUUSD,2020-04-01T10:58:00+02:00,1594.390,1594.770,1594.390,1594.590,29
SQ:XAUUSD,2020-04-01T10:59:00+02:00,1594.590,1594.680,1594.500,1594.550,21
SQ:XAUUSD,2020-04-01T11:00:00+02:00,1594.570,1594.670,1594.470,1594.540,14
SQ:XAUUSD,2020-04-01T11:01:00+02:00,1594.500,1594.710,1594.490,1594.490,17
SQ:XAUUSD,2020-04-01T11:02:00+02:00,1594.420,1594.710,1594.380,1594.410,27
SQ:XAUUSD,2020-04-01T11:03:00+02:00,1594.410,1594.910,1594.410,1594.890,33
SQ:XAUUSD,2020-04-01T11:04:00+02:00,1594.880,1595.020,1594.780,1594.780,18
SQ:XAUUSD,2020-04-01T11:05:00+02:00,1594.760,1594.850,1594.090,1594.090,22
SQ:XAUUSD,2020-04-01T11:06:00+02:00,1594.140,1594.950,1593.920,1594.940,37
SQ:XAUUSD,2020-04-01T11:07:00+02:00,1594.930,1595.060,1594.820,1594.820,24
SQ:XAUUSD,2020-04-01T11:08:00+02:00,1594.820,1594.930,1594.520,1594.670,33
SQ:XAUUSD,2020-04-01T11:09:00+02:00,1594.650,1595.980,1594.170,1595.580,62
SQ:XAUUSD,2020-04-01T11:10:00+02:00,1595.570,1596.320,1594.940,1595.870,45
SQ:XAUUSD,2020-04-01T11:11:00+02:00,1595.870,1596.390,1594.580,1595.020,88
SQ:XAUUSD,2020-04-01T11:12:00+02:00,1595.120,1595.450,1595.090,1595.110,27
SQ:XAUUSD,2020-04-01T11:13:00+02:00,1595.150,1595.380,1595.140,1595.190,26
SQ:XAUUSD,2020-04-01T11:14:00+02:00,1595.060,1595.170,1594.460,1594.530,26
SQ:XAUUSD,2020-04-01T11:15:00+02:00,1594.500,1594.740,1594.450,1594.600,29
SQ:XAUUSD,2020-04-01T11:16:00+02:00,1594.680,1594.800,1594.480,1594.480,27
SQ:XAUUSD,2020-04-01T11:17:00+02:00,1594.480,1594.480,1593.970,1593.970,8
SQ:XAUUSD,2020-04-01T11:18:00+02:00,1593.970,1594.400,1593.300,1593.300,21
SQ:XAUUSD,2020-04-01T11:19:00+02:00,1593.300,1593.370,1591.870,1591.870,67
SQ:XAUUSD,2020-04-01T11:20:00+02:00,1591.870,1592.330,1591.870,1592.070,33
SQ:XAUUSD,2020-04-01T11:21:00+02:00,1592.070,1593.330,1591.920,1593.040,50
SQ:XAUUSD,2020-04-01T11:22:00+02:00,1593.040,1593.920,1593.040,1593.500,44
SQ:XAUUSD,2020-04-01T11:23:00+02:00,1593.520,1594.500,1593.500,1594.070,47
SQ:XAUUSD,2020-04-01T11:24:00+02:00,1594.120,1594.610,1593.850,1594.470,53
SQ:XAUUSD,2020-04-01T11:25:00+02:00,1594.540,1594.910,1594.370,1594.610,50
SQ:XAUUSD,2020-04-01T11:26:00+02:00,1594.560,1595.430,1594.410,1595.260,54
SQ:XAUUSD,2020-04-01T11:27:00+02:00,1595.270,1595.330,1594.420,1594.560,52
SQ:XAUUSD,2020-04-01T11:28:00+02:00,1594.560,1594.710,1592.890,1593.070,70
SQ:XAUUSD,2020-04-01T11:29:00+02:00,1593.090,1594.430,1593.090,1594.430,54
SQ:XAUUSD,2020-04-01T11:30:00+02:00,1594.430,1594.430,1593.240,1593.830,42
SQ:XAUUSD,2020-04-01T11:31:00+02:00,1593.830,1595.510,1593.800,1594.640,77
SQ:XAUUSD,2020-04-01T11:32:00+02:00,1594.660,1595.510,1594.440,1594.660,78
SQ:XAUUSD,2020-04-01T11:33:00+02:00,1594.660,1594.790,1593.630,1593.680,90
SQ:XAUUSD,2020-04-01T11:34:00+02:00,1593.680,1593.680,1592.510,1592.910,70
SQ:XAUUSD,2020-04-01T11:35:00+02:00,1592.910,1593.590,1592.868,1592.980,30
SQ:XAUUSD,2020-04-01T11:36:00+02:00,1592.980,1593.420,1591.610,1592.770,52
SQ:XAUUSD,2020-04-01T11:37:00+02:00,1592.770,1593.220,1592.520,1593.180,29
SQ:XAUUSD,2020-04-01T11:38:00+02:00,1593.110,1593.160,1592.790,1593.160,17
SQ:XAUUSD,2020-04-01T11:39:00+02:00,1593.130,1593.200,1593.060,1593.140,16
SQ:XAUUSD,2020-04-01T11:40:00+02:00,1593.100,1593.100,1592.460,1592.830,36
SQ:XAUUSD,2020-04-01T11:41:00+02:00,1592.830,1593.170,1592.450,1592.510,34
SQ:XAUUSD,2020-04-01T11:42:00+02:00,1592.460,1592.960,1592.370,1592.790,21
SQ:XAUUSD,2020-04-01T11:43:00+02:00,1592.790,1592.830,1592.320,1592.320,27
SQ:XAUUSD,2020-04-01T11:44:00+02:00,1592.310,1592.390,1591.910,1592.390,26
SQ:XAUUSD,2020-04-01T11:45:00+02:00,1592.390,1592.840,1592.390,1592.770,15
SQ:XAUUSD,2020-04-01T11:46:00+02:00,1592.760,1592.880,1592.550,1592.790,22
SQ:XAUUSD,2020-04-01T11:47:00+02:00,1592.820,1593.490,1592.820,1593.490,33
SQ:XAUUSD,2020-04-01T11:48:00+02:00,1593.360,1593.900,1593.360,1593.510,33
SQ:XAUUSD,2020-04-01T11:49:00+02:00,1593.510,1593.510,1593.010,1593.240,24
SQ:XAUUSD,2020-04-01T11:50:00+02:00,1593.240,1594.260,1593.010,1594.260,44
SQ:XAUUSD,2020-04-01T11:51:00+02:00,1594.300,1594.710,1593.620,1593.840,54
SQ:XAUUSD,2020-04-01T11:52:00+02:00,1593.860,1593.950,1593.590,1593.850,26
SQ:XAUUSD,2020-04-01T11:53:00+02:00,1593.860,1594.790,1593.740,1594.190,56
SQ:XAUUSD,2020-04-01T11:54:00+02:00,1594.360,1594.390,1594.050,1594.140,32
SQ:XAUUSD,2020-04-01T11:55:00+02:00,1594.140,1594.240,1593.990,1594.090,33
SQ:XAUUSD,2020-04-01T11:56:00+02:00,1594.090,1594.290,1594.010,1594.010,21
SQ:XAUUSD,2020-04-01T11:57:00+02:00,1594.010,1594.510,1594.010,1594.390,34
SQ:XAUUSD,2020-04-01T11:58:00+02:00,1594.300,1594.480,1594.100,1594.160,53
SQ:XAUUSD,2020-04-01T11:59:00+02:00,1594.120,1594.350,1593.980,1594.310,18
SQ:XAUUSD,2020-04-01T12:00:00+02:00,1594.310,1594.320,1593.830,1593.870,34
SQ:XAUUSD,2020-04-01T12:01:00+02:00,1593.870,1594.230,1593.800,1594.170,15
SQ:XAUUSD,2020-04-01T12:02:00+02:00,1594.170,1594.350,1594.080,1594.350,36
SQ:XAUUSD,2020-04-01T12:03:00+02:00,1594.350,1594.910,1594.350,1594.480,40
SQ:XAUUSD,2020-04-01T12:04:00+02:00,1594.480,1594.520,1594.000,1594.000,28
SQ:XAUUSD,2020-04-01T12:05:00+02:00,1594.060,1594.060,1593.610,1593.700,27
SQ:XAUUSD,2020-04-01T12:06:00+02:00,1593.700,1593.920,1593.580,1593.580,11
SQ:XAUUSD,2020-04-01T12:07:00+02:00,1593.580,1594.060,1593.500,1594.050,20
SQ:XAUUSD,2020-04-01T12:08:00+02:00,1594.050,1594.050,1593.860,1593.860,7
SQ:XAUUSD,2020-04-01T12:09:00+02:00,1593.860,1593.870,1593.610,1593.610,8
SQ:XAUUSD,2020-04-01T12:10:00+02:00,1593.610,1593.940,1593.610,1593.650,11
SQ:XAUUSD,2020-04-01T12:11:00+02:00,1593.650,1593.700,1593.520,1593.590,7
SQ:XAUUSD,2020-04-01T12:12:00+02:00,1593.590,1593.880,1593.520,1593.690,10
SQ:XAUUSD,2020-04-01T12:13:00+02:00,1593.690,1593.710,1593.130,1593.390,52
SQ:XAUUSD,2020-04-01T12:14:00+02:00,1593.390,1593.490,1592.110,1592.530,69
SQ:XAUUSD,2020-04-01T12:15:00+02:00,1592.530,1593.280,1592.260,1593.180,36
SQ:XAUUSD,2020-04-01T12:16:00+02:00,1593.180,1593.680,1593.180,1593.600,17
SQ:XAUUSD,2020-04-01T12:17:00+02:00,1593.590,1594.070,1593.480,1593.990,31
SQ:XAUUSD,2020-04-01T12:18:00+02:00,1593.960,1594.340,1593.820,1593.930,47
SQ:XAUUSD,2020-04-01T12:19:00+02:00,1593.920,1593.920,1593.320,1593.340,29
SQ:XAUUSD,2020-04-01T12:20:00+02:00,1593.340,1593.350,1593.140,1593.170,25
SQ:XAUUSD,2020-04-01T12:21:00+02:00,1593.120,1593.500,1593.120,1593.300,26
SQ:XAUUSD,2020-04-01T12:22:00+02:00,1593.330,1593.330,1592.570,1592.990,37
SQ:XAUUSD,2020-04-01T12:23:00+02:00,1592.930,1593.320,1592.800,1592.990,31
SQ:XAUUSD,2020-04-01T12:24:00+02:00,1593.040,1593.360,1593.030,1593.290,25
SQ:XAUUSD,2020-04-01T12:25:00+02:00,1593.290,1593.300,1592.650,1592.650,19
SQ:XAUUSD,2020-04-01T12:26:00+02:00,1592.650,1592.730,1592.550,1592.690,17
SQ:XAUUSD,2020-04-01T12:27:00+02:00,1592.700,1592.760,1592.570,1592.680,16
SQ:XAUUSD,2020-04-01T12:28:00+02:00,1592.620,1592.670,1592.430,1592.440,22
SQ:XAUUSD,2020-04-01T12:29:00+02:00,1592.590,1593.110,1592.590,1593.010,19
SQ:XAUUSD,2020-04-01T12:30:00+02:00,1593.010,1593.810,1592.460,1593.770,33
SQ:XAUUSD,2020-04-01T12:31:00+02:00,1593.770,1594.040,1593.510,1593.780,32
SQ:XAUUSD,2020-04-01T12:32:00+02:00,1593.760,1594.150,1593.250,1593.850,41
SQ:XAUUSD,2020-04-01T12:33:00+02:00,1593.920,1593.920,1593.210,1593.360,29
SQ:XAUUSD,2020-04-01T12:34:00+02:00,1593.400,1594.140,1593.286,1593.420,45
SQ:XAUUSD,2020-04-01T12:35:00+02:00,1593.420,1593.650,1593.420,1593.650,7
SQ:XAUUSD,2020-04-01T12:36:00+02:00,1593.648,1593.716,1593.426,1593.500,16
SQ:XAUUSD,2020-04-01T12:37:00+02:00,1593.540,1593.660,1593.260,1593.550,23
SQ:XAUUSD,2020-04-01T12:38:00+02:00,1593.550,1593.556,1593.230,1593.340,11
SQ:XAUUSD,2020-04-01T12:39:00+02:00,1593.340,1593.530,1593.340,1593.460,9
SQ:XAUUSD,2020-04-01T12:40:00+02:00,1593.450,1593.450,1592.670,1592.970,25
SQ:XAUUSD,2020-04-01T12:41:00+02:00,1592.970,1593.020,1592.920,1592.990,8
SQ:XAUUSD,2020-04-01T12:42:00+02:00,1592.960,1593.160,1592.920,1593.160,14
SQ:XAUUSD,2020-04-01T12:43:00+02:00,1593.120,1593.120,1592.850,1593.030,14
SQ:XAUUSD,2020-04-01T12:44:00+02:00,1592.990,1593.010,1592.370,1592.370,18
SQ:XAUUSD,2020-04-01T12:45:00+02:00,1592.720,1592.720,1591.470,1591.630,25
SQ:XAUUSD,2020-04-01T12:46:00+02:00,1591.630,1591.860,1591.550,1591.750,24
SQ:XAUUSD,2020-04-01T12:47:00+02:00,1591.750,1592.230,1591.640,1592.160,28
SQ:XAUUSD,2020-04-01T12:48:00+02:00,1592.090,1592.240,1592.000,1592.150,48
SQ:XAUUSD,2020-04-01T12:49:00+02:00,1592.090,1592.540,1592.070,1592.170,37
SQ:XAUUSD,2020-04-01T12:50:00+02:00,1592.220,1592.790,1592.180,1592.620,33
SQ:XAUUSD,2020-04-01T12:51:00+02:00,1592.620,1593.230,1592.560,1593.180,29
SQ:XAUUSD,2020-04-01T12:52:00+02:00,1593.180,1593.196,1593.176,1593.176,8
SQ:XAUUSD,2020-04-01T12:53:00+02:00,1593.050,1593.050,1592.920,1592.920,3
SQ:XAUUSD,2020-04-01T12:54:00+02:00,1593.010,1593.380,1592.680,1592.680,28
SQ:XAUUSD,2020-04-01T12:55:00+02:00,1592.750,1593.040,1592.680,1593.040,13
SQ:XAUUSD,2020-04-01T12:56:00+02:00,1593.040,1593.180,1592.850,1592.860,13
SQ:XAUUSD,2020-04-01T12:57:00+02:00,1592.810,1592.950,1592.810,1592.830,7
SQ:XAUUSD,2020-04-01T12:58:00+02:00,1592.830,1592.830,1592.240,1592.370,49
SQ:XAUUSD,2020-04-01T12:59:00+02:00,1592.310,1592.630,1591.790,1591.790,85
SQ:XAUUSD,2020-04-01T13:00:00+02:00,1591.790,1592.140,1591.290,1591.610,51
SQ:XAUUSD,2020-04-01T13:01:00+02:00,1591.610,1592.200,1591.560,1591.780,41
SQ:XAUUSD,2020-04-01T13:02:00+02:00,1591.780,1591.860,1591.050,1591.200,19
SQ:XAUUSD,2020-04-01T13:03:00+02:00,1591.200,1591.330,1589.490,1589.490,53
SQ:XAUUSD,2020-04-01T13:04:00+02:00,1589.590,1590.500,1588.930,1589.410,87
SQ:XAUUSD,2020-04-01T13:05:00+02:00,1589.410,1589.760,1588.400,1589.550,72
SQ:XAUUSD,2020-04-01T13:06:00+02:00,1589.490,1589.880,1589.370,1589.450,42
SQ:XAUUSD,2020-04-01T13:07:00+02:00,1589.540,1589.540,1588.750,1588.750,38
SQ:XAUUSD,2020-04-01T13:08:00+02:00,1588.710,1589.460,1588.640,1589.400,85
SQ:XAUUSD,2020-04-01T13:09:00+02:00,1589.360,1589.430,1588.990,1589.120,51
SQ:XAUUSD,2020-04-01T13:10:00+02:00,1589.280,1590.070,1589.020,1589.730,48
SQ:XAUUSD,2020-04-01T13:11:00+02:00,1589.700,1589.780,1589.340,1589.510,47
SQ:XAUUSD,2020-04-01T13:12:00+02:00,1589.510,1590.160,1589.510,1589.620,33
SQ:XAUUSD,2020-04-01T13:13:00+02:00,1589.620,1589.620,1589.420,1589.560,23
SQ:XAUUSD,2020-04-01T13:14:00+02:00,1589.500,1589.700,1589.500,1589.520,13
SQ:XAUUSD,2020-04-01T13:15:00+02:00,1589.600,1589.730,1589.250,1589.610,34
SQ:XAUUSD,2020-04-01T13:16:00+02:00,1589.610,1590.280,1589.440,1589.840,57
SQ:XAUUSD,2020-04-01T13:17:00+02:00,1589.840,1590.260,1589.480,1590.060,57
SQ:XAUUSD,2020-04-01T13:18:00+02:00,1590.080,1590.380,1589.820,1590.120,77
SQ:XAUUSD,2020-04-01T13:19:00+02:00,1590.170,1591.070,1589.690,1590.720,107
SQ:XAUUSD,2020-04-01T13:20:00+02:00,1590.730,1590.930,1589.330,1589.570,92
SQ:XAUUSD,2020-04-01T13:21:00+02:00,1589.620,1589.620,1588.730,1588.860,176
SQ:XAUUSD,2020-04-01T13:22:00+02:00,1588.830,1589.170,1588.490,1588.970,40
SQ:XAUUSD,2020-04-01T13:23:00+02:00,1588.970,1589.840,1588.884,1589.740,97
SQ:XAUUSD,2020-04-01T13:24:00+02:00,1589.740,1589.760,1589.000,1589.230,64
SQ:XAUUSD,2020-04-01T13:25:00+02:00,1589.230,1589.760,1589.170,1589.670,21
SQ:XAUUSD,2020-04-01T13:26:00+02:00,1589.670,1589.670,1589.110,1589.350,36
SQ:XAUUSD,2020-04-01T13:27:00+02:00,1589.330,1589.670,1589.240,1589.640,26
SQ:XAUUSD,2020-04-01T13:28:00+02:00,1589.640,1589.800,1589.550,1589.710,20
SQ:XAUUSD,2020-04-01T13:29:00+02:00,1589.710,1589.850,1589.450,1589.830,23
SQ:XAUUSD,2020-04-01T13:30:00+02:00,1589.830,1590.710,1589.830,1590.490,27
SQ:XAUUSD,2020-04-01T13:31:00+02:00,1590.490,1591.250,1589.900,1590.610,42
SQ:XAUUSD,2020-04-01T13:32:00+02:00,1590.610,1591.260,1590.350,1591.030,32
SQ:XAUUSD,2020-04-01T13:33:00+02:00,1591.030,1591.830,1590.930,1591.550,28
SQ:XAUUSD,2020-04-01T13:34:00+02:00,1591.550,1593.210,1591.520,1593.090,41
SQ:XAUUSD,2020-04-01T13:35:00+02:00,1593.090,1594.850,1591.850,1593.910,95
SQ:XAUUSD,2020-04-01T13:36:00+02:00,1593.750,1594.120,1593.270,1593.680,69
SQ:XAUUSD,2020-04-01T13:37:00+02:00,1593.680,1593.860,1592.170,1593.600,81
SQ:XAUUSD,2020-04-01T13:38:00+02:00,1593.600,1594.460,1593.300,1593.650,67
SQ:XAUUSD,2020-04-01T13:39:00+02:00,1593.860,1594.650,1593.030,1593.200,71
SQ:XAUUSD,2020-04-01T13:40:00+02:00,1593.200,1594.192,1592.230,1593.270,68
SQ:XAUUSD,2020-04-01T13:41:00+02:00,1593.270,1593.680,1592.910,1593.510,34
SQ:XAUUSD,2020-04-01T13:42:00+02:00,1593.260,1593.420,1592.200,1593.150,26
SQ:XAUUSD,2020-04-01T13:43:00+02:00,1593.150,1593.300,1592.050,1592.860,195
SQ:XAUUSD,2020-04-01T13:44:00+02:00,1592.860,1593.100,1592.340,1592.950,31
SQ:XAUUSD,2020-04-01T13:45:00+02:00,1592.950,1592.950,1589.900,1590.540,104
SQ:XAUUSD,2020-04-01T13:46:00+02:00,1590.540,1591.100,1589.250,1589.970,92
SQ:XAUUSD,2020-04-01T13:47:00+02:00,1589.970,1590.080,1589.030,1589.330,37
SQ:XAUUSD,2020-04-01T13:48:00+02:00,1589.350,1589.780,1588.980,1589.570,91
SQ:XAUUSD,2020-04-01T13:49:00+02:00,1589.570,1589.950,1589.030,1589.530,55
SQ:XAUUSD,2020-04-01T13:50:00+02:00,1589.530,1589.890,1589.490,1589.580,38
SQ:XAUUSD,2020-04-01T13:51:00+02:00,1589.570,1590.080,1589.390,1590.030,47
SQ:XAUUSD,2020-04-01T13:52:00+02:00,1590.030,1590.030,1589.280,1589.290,39
SQ:XAUUSD,2020-04-01T13:53:00+02:00,1589.290,1589.930,1589.080,1589.780,30
SQ:XAUUSD,2020-04-01T13:54:00+02:00,1589.780,1590.030,1589.530,1590.030,17
SQ:XAUUSD,2020-04-01T13:55:00+02:00,1590.080,1590.930,1589.840,1590.880,22
SQ:XAUUSD,2020-04-01T13:56:00+02:00,1590.880,1590.880,1588.936,1589.080,34
SQ:XAUUSD,2020-04-01T13:57:00+02:00,1589.080,1589.698,1588.080,1588.730,54
SQ:XAUUSD,2020-04-01T13:58:00+02:00,1588.730,1589.330,1587.132,1588.380,88
SQ:XAUUSD,2020-04-01T13:59:00+02:00,1588.380,1588.700,1588.280,1588.530,35
SQ:XAUUSD,2020-04-01T14:00:00+02:00,1588.580,1588.580,1586.266,1586.390,107
SQ:XAUUSD,2020-04-01T14:01:00+02:00,1586.390,1586.690,1582.880,1583.640,237
SQ:XAUUSD,2020-04-01T14:02:00+02:00,1583.640,1584.686,1582.240,1583.190,159
SQ:XAUUSD,2020-04-01T14:03:00+02:00,1583.140,1583.848,1582.394,1582.840,136
SQ:XAUUSD,2020-04-01T14:04:00+02:00,1582.840,1583.140,1581.020,1582.862,189
SQ:XAUUSD,2020-04-01T14:05:00+02:00,1582.742,1582.832,1580.630,1581.690,190
SQ:XAUUSD,2020-04-01T14:06:00+02:00,1582.140,1582.990,1580.440,1581.490,204
SQ:XAUUSD,2020-04-01T14:07:00+02:00,1582.990,1582.990,1581.120,1581.680,121
SQ:XAUUSD,2020-04-01T14:08:00+02:00,1581.650,1583.340,1581.090,1582.880,122
SQ:XAUUSD,2020-04-01T14:09:00+02:00,1582.890,1583.400,1582.600,1583.070,96
SQ:XAUUSD,2020-04-01T14:10:00+02:00,1583.340,1584.540,1582.650,1584.340,159
SQ:XAUUSD,2020-04-01T14:11:00+02:00,1584.340,1585.250,1583.040,1585.040,168
SQ:XAUUSD,2020-04-01T14:12:00+02:00,1585.040,1585.230,1583.590,1585.060,145
SQ:XAUUSD,2020-04-01T14:13:00+02:00,1585.050,1585.150,1583.780,1584.790,171
SQ:XAUUSD,2020-04-01T14:14:00+02:00,1584.810,1585.740,1583.750,1585.580,196
SQ:XAUUSD,2020-04-01T14:15:00+02:00,1585.580,1585.840,1582.230,1583.340,335
SQ:XAUUSD,2020-04-01T14:16:00+02:00,1583.180,1583.520,1579.430,1579.470,498
SQ:XAUUSD,2020-04-01T14:17:00+02:00,1579.430,1582.640,1578.980,1581.790,197
SQ:XAUUSD,2020-04-01T14:18:00+02:00,1581.790,1582.040,1579.900,1581.890,121
SQ:XAUUSD,2020-04-01T14:19:00+02:00,1581.890,1583.190,1580.630,1581.818,123
SQ:XAUUSD,2020-04-01T14:20:00+02:00,1581.838,1584.190,1581.130,1584.040,140
SQ:XAUUSD,2020-04-01T14:21:00+02:00,1584.040,1584.590,1581.910,1583.490,78
SQ:XAUUSD,2020-04-01T14:22:00+02:00,1583.490,1583.840,1581.960,1583.590,54
SQ:XAUUSD,2020-04-01T14:23:00+02:00,1583.590,1585.840,1582.580,1585.840,128
SQ:XAUUSD,2020-04-01T14:24:00+02:00,1585.840,1585.840,1583.740,1584.410,149
SQ:XAUUSD,2020-04-01T14:25:00+02:00,1584.410,1585.940,1584.340,1585.430,95
SQ:XAUUSD,2020-04-01T14:26:00+02:00,1585.940,1585.940,1583.960,1584.640,88
SQ:XAUUSD,2020-04-01T14:27:00+02:00,1584.640,1586.278,1584.140,1586.152,110
SQ:XAUUSD,2020-04-01T14:28:00+02:00,1586.152,1586.338,1584.630,1584.948,98
SQ:XAUUSD,2020-04-01T14:29:00+02:00,1584.862,1586.090,1584.500,1585.238,177
SQ:XAUUSD,2020-04-01T14:30:00+02:00,1584.842,1587.140,1584.580,1584.860,143
SQ:XAUUSD,2020-04-01T14:31:00+02:00,1584.860,1586.090,1584.090,1584.490,138
SQ:XAUUSD,2020-04-01T14:32:00+02:00,1584.440,1585.200,1583.910,1585.040,151
SQ:XAUUSD,2020-04-01T14:33:00+02:00,1585.040,1585.610,1584.290,1584.690,169
SQ:XAUUSD,2020-04-01T14:34:00+02:00,1584.690,1584.690,1582.230,1582.938,237
SQ:XAUUSD,2020-04-01T14:35:00+02:00,1582.870,1583.990,1581.200,1582.390,279
SQ:XAUUSD,2020-04-01T14:36:00+02:00,1582.390,1582.790,1581.170,1581.570,188
SQ:XAUUSD,2020-04-01T14:37:00+02:00,1581.570,1583.074,1581.290,1582.800,140
SQ:XAUUSD,2020-04-01T14:38:00+02:00,1582.620,1583.188,1581.430,1582.762,161
SQ:XAUUSD,2020-04-01T14:39:00+02:00,1582.758,1583.270,1581.932,1582.870,163
SQ:XAUUSD,2020-04-01T14:40:00+02:00,1583.170,1584.110,1582.590,1583.520,131
SQ:XAUUSD,2020-04-01T14:41:00+02:00,1583.540,1584.138,1583.410,1584.058,46
SQ:XAUUSD,2020-04-01T14:42:00+02:00,1584.024,1584.024,1581.914,1582.194,121
SQ:XAUUSD,2020-04-01T14:43:00+02:00,1581.928,1582.410,1581.070,1581.560,223
SQ:XAUUSD,2020-04-01T14:44:00+02:00,1581.560,1583.070,1581.470,1582.300,172
SQ:XAUUSD,2020-04-01T14:45:00+02:00,1582.310,1583.050,1582.270,1583.010,112
SQ:XAUUSD,2020-04-01T14:46:00+02:00,1583.010,1583.790,1582.560,1583.050,107
SQ:XAUUSD,2020-04-01T14:47:00+02:00,1583.050,1585.070,1582.940,1583.140,172
SQ:XAUUSD,2020-04-01T14:48:00+02:00,1583.140,1585.912,1583.000,1584.348,165
SQ:XAUUSD,2020-04-01T14:49:00+02:00,1584.302,1584.318,1582.890,1583.462,94
SQ:XAUUSD,2020-04-01T14:50:00+02:00,1583.462,1584.640,1582.760,1584.348,63
SQ:XAUUSD,2020-04-01T14:51:00+02:00,1584.302,1585.096,1583.860,1584.530,90
SQ:XAUUSD,2020-04-01T14:52:00+02:00,1584.490,1585.770,1584.480,1584.670,125
SQ:XAUUSD,2020-04-01T14:53:00+02:00,1584.670,1585.500,1584.280,1584.380,114
SQ:XAUUSD,2020-04-01T14:54:00+02:00,1584.380,1584.400,1583.760,1584.270,106
SQ:XAUUSD,2020-04-01T14:55:00+02:00,1584.270,1585.370,1583.920,1585.360,97
SQ:XAUUSD,2020-04-01T14:56:00+02:00,1585.350,1585.460,1584.190,1584.530,105
SQ:XAUUSD,2020-04-01T14:57:00+02:00,1584.550,1584.700,1584.410,1584.680,31
SQ:XAUUSD,2020-04-01T14:58:00+02:00,1584.680,1584.850,1584.160,1584.310,77
SQ:XAUUSD,2020-04-01T14:59:00+02:00,1584.230,1584.400,1583.710,1583.710,117
SQ:XAUUSD,2020-04-01T15:00:00+02:00,1583.710,1584.420,1583.000,1584.120,77
SQ:XAUUSD,2020-04-01T15:01:00+02:00,1584.100,1584.440,1583.320,1583.610,77
SQ:XAUUSD,2020-04-01T15:02:00+02:00,1583.620,1584.600,1583.460,1583.800,73
SQ:XAUUSD,2020-04-01T15:03:00+02:00,1583.800,1584.040,1583.360,1583.520,45
SQ:XAUUSD,2020-04-01T15:04:00+02:00,1583.520,1584.128,1583.180,1583.530,54
SQ:XAUUSD,2020-04-01T15:05:00+02:00,1583.590,1584.148,1582.790,1583.180,43
SQ:XAUUSD,2020-04-01T15:06:00+02:00,1583.130,1583.530,1583.130,1583.240,23
SQ:XAUUSD,2020-04-01T15:07:00+02:00,1583.250,1583.870,1583.250,1583.790,28
SQ:XAUUSD,2020-04-01T15:08:00+02:00,1583.790,1583.900,1583.510,1583.610,21
SQ:XAUUSD,2020-04-01T15:09:00+02:00,1583.570,1583.830,1583.400,1583.710,25
SQ:XAUUSD,2020-04-01T15:10:00+02:00,1583.770,1583.870,1583.690,1583.770,8
SQ:XAUUSD,2020-04-01T15:11:00+02:00,1583.770,1583.850,1581.586,1583.198,106
SQ:XAUUSD,2020-04-01T15:12:00+02:00,1583.154,1583.948,1582.870,1583.430,87
SQ:XAUUSD,2020-04-01T15:13:00+02:00,1583.510,1583.710,1583.460,1583.570,32
SQ:XAUUSD,2020-04-01T15:14:00+02:00,1583.530,1583.704,1583.070,1583.230,42
SQ:XAUUSD,2020-04-01T15:15:00+02:00,1583.568,1583.824,1583.060,1583.468,82
SQ:XAUUSD,2020-04-01T15:16:00+02:00,1583.270,1583.626,1582.810,1583.454,96
SQ:XAUUSD,2020-04-01T15:17:00+02:00,1583.454,1583.538,1582.280,1582.844,84
SQ:XAUUSD,2020-04-01T15:18:00+02:00,1582.864,1582.864,1580.210,1580.388,224
SQ:XAUUSD,2020-04-01T15:19:00+02:00,1580.338,1580.638,1580.060,1580.180,156
SQ:XAUUSD,2020-04-01T15:20:00+02:00,1580.160,1580.460,1579.440,1579.640,258
SQ:XAUUSD,2020-04-01T15:21:00+02:00,1579.640,1579.950,1578.810,1579.710,263
SQ:XAUUSD,2020-04-01T15:22:00+02:00,1579.740,1579.740,1576.540,1578.020,403
SQ:XAUUSD,2020-04-01T15:23:00+02:00,1578.030,1578.640,1576.650,1577.518,248
SQ:XAUUSD,2020-04-01T15:24:00+02:00,1577.250,1577.520,1574.680,1575.230,257
SQ:XAUUSD,2020-04-01T15:25:00+02:00,1575.530,1578.636,1574.720,1577.640,390
SQ:XAUUSD,2020-04-01T15:26:00+02:00,1577.660,1577.750,1576.250,1576.776,165
SQ:XAUUSD,2020-04-01T15:27:00+02:00,1576.776,1578.050,1575.336,1576.550,154
SQ:XAUUSD,2020-04-01T15:28:00+02:00,1576.550,1577.980,1575.700,1577.550,120
SQ:XAUUSD,2020-04-01T15:29:00+02:00,1577.550,1578.350,1574.270,1576.200,149
SQ:XAUUSD,2020-04-01T15:30:00+02:00,1576.200,1578.650,1575.130,1578.300,143
SQ:XAUUSD,2020-04-01T15:31:00+02:00,1578.300,1578.700,1574.830,1576.090,149
SQ:XAUUSD,2020-04-01T15:32:00+02:00,1575.970,1576.210,1573.900,1574.828,333
SQ:XAUUSD,2020-04-01T15:33:00+02:00,1574.724,1575.656,1573.560,1573.630,254
SQ:XAUUSD,2020-04-01T15:34:00+02:00,1573.630,1575.520,1571.770,1574.202,294
SQ:XAUUSD,2020-04-01T15:35:00+02:00,1574.332,1574.332,1572.560,1573.060,300
SQ:XAUUSD,2020-04-01T15:36:00+02:00,1572.970,1575.390,1572.850,1575.240,206
SQ:XAUUSD,2020-04-01T15:37:00+02:00,1575.290,1576.970,1574.480,1576.100,372
SQ:XAUUSD,2020-04-01T15:38:00+02:00,1576.080,1576.720,1573.960,1574.040,315
SQ:XAUUSD,2020-04-01T15:39:00+02:00,1574.040,1575.230,1573.990,1574.550,128
SQ:XAUUSD,2020-04-01T15:40:00+02:00,1574.520,1574.850,1574.080,1574.850,96
SQ:XAUUSD,2020-04-01T15:41:00+02:00,1574.850,1575.380,1574.380,1575.290,107
SQ:XAUUSD,2020-04-01T15:42:00+02:00,1575.350,1576.490,1574.960,1576.190,187
SQ:XAUUSD,2020-04-01T15:43:00+02:00,1576.190,1576.720,1575.730,1575.810,152
SQ:XAUUSD,2020-04-01T15:44:00+02:00,1575.810,1576.490,1575.340,1576.090,214
SQ:XAUUSD,2020-04-01T15:45:00+02:00,1576.120,1576.350,1575.380,1575.580,160
SQ:XAUUSD,2020-04-01T15:46:00+02:00,1575.510,1576.050,1575.210,1576.020,80
SQ:XAUUSD,2020-04-01T15:47:00+02:00,1576.050,1576.546,1575.606,1576.210,175
SQ:XAUUSD,2020-04-01T15:48:00+02:00,1576.228,1577.260,1576.086,1577.160,153
SQ:XAUUSD,2020-04-01T15:49:00+02:00,1577.030,1577.630,1576.810,1577.550,63
SQ:XAUUSD,2020-04-01T15:50:00+02:00,1577.550,1579.020,1577.380,1578.940,127
SQ:XAUUSD,2020-04-01T15:51:00+02:00,1578.940,1581.456,1578.440,1580.660,296
SQ:XAUUSD,2020-04-01T15:52:00+02:00,1580.680,1581.630,1580.400,1581.060,264
SQ:XAUUSD,2020-04-01T15:53:00+02:00,1581.210,1583.610,1580.940,1582.190,206
SQ:XAUUSD,2020-04-01T15:54:00+02:00,1582.190,1582.190,1580.830,1580.940,117
SQ:XAUUSD,2020-04-01T15:55:00+02:00,1581.000,1582.680,1580.900,1582.040,142
SQ:XAUUSD,2020-04-01T15:56:00+02:00,1582.040,1582.680,1581.220,1581.280,136
SQ:XAUUSD,2020-04-01T15:57:00+02:00,1581.070,1581.920,1580.930,1581.400,107
SQ:XAUUSD,2020-04-01T15:58:00+02:00,1581.440,1583.076,1581.380,1582.606,157
SQ:XAUUSD,2020-04-01T15:59:00+02:00,1582.580,1582.670,1580.280,1580.888,161
SQ:XAUUSD,2020-04-01T16:00:00+02:00,1580.570,1581.110,1579.320,1579.660,251
SQ:XAUUSD,2020-04-01T16:01:00+02:00,1579.770,1580.070,1577.900,1579.390,268
SQ:XAUUSD,2020-04-01T16:02:00+02:00,1579.430,1579.430,1577.210,1577.750,178
SQ:XAUUSD,2020-04-01T16:03:00+02:00,1577.750,1577.840,1576.130,1576.690,135
SQ:XAUUSD,2020-04-01T16:04:00+02:00,1576.690,1577.240,1576.270,1577.090,171
SQ:XAUUSD,2020-04-01T16:05:00+02:00,1577.020,1579.120,1576.800,1578.630,242
SQ:XAUUSD,2020-04-01T16:06:00+02:00,1578.580,1580.580,1578.300,1578.380,262
SQ:XAUUSD,2020-04-01T16:07:00+02:00,1578.380,1579.770,1578.240,1579.440,135
SQ:XAUUSD,2020-04-01T16:08:00+02:00,1579.440,1580.960,1579.440,1580.426,221
SQ:XAUUSD,2020-04-01T16:09:00+02:00,1580.440,1581.840,1579.980,1581.840,268
SQ:XAUUSD,2020-04-01T16:10:00+02:00,1581.840,1583.158,1581.690,1582.780,319
SQ:XAUUSD,2020-04-01T16:11:00+02:00,1582.780,1582.870,1581.100,1582.570,139
SQ:XAUUSD,2020-04-01T16:12:00+02:00,1582.430,1583.396,1582.200,1582.900,162
SQ:XAUUSD,2020-04-01T16:13:00+02:00,1582.900,1583.378,1581.830,1582.570,100
SQ:XAUUSD,2020-04-01T16:14:00+02:00,1582.590,1583.020,1581.860,1582.530,146
SQ:XAUUSD,2020-04-01T16:15:00+02:00,1582.580,1582.740,1582.240,1582.520,135
SQ:XAUUSD,2020-04-01T16:16:00+02:00,1582.410,1583.990,1582.370,1583.390,201
SQ:XAUUSD,2020-04-01T16:17:00+02:00,1583.370,1584.850,1582.870,1583.130,210
SQ:XAUUSD,2020-04-01T16:18:00+02:00,1583.130,1585.810,1583.130,1584.810,217
SQ:XAUUSD,2020-04-01T16:19:00+02:00,1585.050,1585.070,1581.060,1584.310,184
SQ:XAUUSD,2020-04-01T16:20:00+02:00,1584.310,1585.800,1583.050,1585.460,143
SQ:XAUUSD,2020-04-01T16:21:00+02:00,1585.460,1588.930,1584.240,1588.660,313
SQ:XAUUSD,2020-04-01T16:22:00+02:00,1588.660,1588.700,1586.050,1586.610,347
SQ:XAUUSD,2020-04-01T16:23:00+02:00,1586.610,1587.610,1585.760,1586.320,263
SQ:XAUUSD,2020-04-01T16:24:00+02:00,1586.420,1586.790,1584.420,1584.940,336
SQ:XAUUSD,2020-04-01T16:25:00+02:00,1584.900,1585.920,1584.700,1585.550,258
SQ:XAUUSD,2020-04-01T16:26:00+02:00,1585.680,1587.450,1585.550,1586.770,237
SQ:XAUUSD,2020-04-01T16:27:00+02:00,1586.770,1587.280,1585.480,1585.800,210
SQ:XAUUSD,2020-04-01T16:28:00+02:00,1585.590,1586.260,1584.390,1584.390,155
SQ:XAUUSD,2020-04-01T16:29:00+02:00,1584.370,1585.020,1583.700,1584.270,250
SQ:XAUUSD,2020-04-01T16:30:00+02:00,1584.270,1585.740,1583.900,1585.188,232
SQ:XAUUSD,2020-04-01T16:31:00+02:00,1585.188,1585.742,1584.550,1585.086,190
SQ:XAUUSD,2020-04-01T16:32:00+02:00,1585.086,1585.168,1584.240,1584.536,77
SQ:XAUUSD,2020-04-01T16:33:00+02:00,1584.536,1585.350,1584.430,1585.150,131
SQ:XAUUSD,2020-04-01T16:34:00+02:00,1585.140,1585.940,1584.760,1585.680,82
SQ:XAUUSD,2020-04-01T16:35:00+02:00,1585.620,1586.546,1584.940,1585.010,288
SQ:XAUUSD,2020-04-01T16:36:00+02:00,1584.970,1585.978,1584.800,1585.620,112
SQ:XAUUSD,2020-04-01T16:37:00+02:00,1585.680,1588.040,1585.470,1586.420,197
SQ:XAUUSD,2020-04-01T16:38:00+02:00,1586.420,1586.420,1585.810,1586.010,219
SQ:XAUUSD,2020-04-01T16:39:00+02:00,1586.060,1587.190,1585.260,1585.460,213
SQ:XAUUSD,2020-04-01T16:40:00+02:00,1585.460,1586.780,1585.300,1586.220,72
SQ:XAUUSD,2020-04-01T16:41:00+02:00,1586.190,1586.260,1585.490,1585.780,124
SQ:XAUUSD,2020-04-01T16:42:00+02:00,1585.780,1586.110,1585.480,1585.700,182
SQ:XAUUSD,2020-04-01T16:43:00+02:00,1585.700,1586.060,1585.630,1585.950,146
SQ:XAUUSD,2020-04-01T16:44:00+02:00,1585.940,1586.020,1585.020,1585.360,107
SQ:XAUUSD,2020-04-01T16:45:00+02:00,1585.470,1585.490,1584.090,1584.436,250
SQ:XAUUSD,2020-04-01T16:46:00+02:00,1584.436,1585.238,1584.246,1584.690,270
SQ:XAUUSD,2020-04-01T16:47:00+02:00,1584.790,1585.520,1584.590,1585.000,157
SQ:XAUUSD,2020-04-01T16:48:00+02:00,1585.020,1585.700,1584.970,1585.500,43
SQ:XAUUSD,2020-04-01T16:49:00+02:00,1585.470,1586.910,1585.380,1586.210,228
SQ:XAUUSD,2020-04-01T16:50:00+02:00,1586.210,1587.240,1585.250,1587.240,182
SQ:XAUUSD,2020-04-01T16:51:00+02:00,1587.240,1587.450,1586.100,1587.450,215
SQ:XAUUSD,2020-04-01T16:52:00+02:00,1587.370,1589.310,1586.960,1587.800,213
SQ:XAUUSD,2020-04-01T16:53:00+02:00,1587.770,1589.000,1587.470,1588.550,224
SQ:XAUUSD,2020-04-01T16:54:00+02:00,1588.560,1588.600,1588.120,1588.190,156
SQ:XAUUSD,2020-04-01T16:55:00+02:00,1588.200,1589.310,1588.200,1588.850,194
SQ:XAUUSD,2020-04-01T16:56:00+02:00,1588.820,1589.070,1587.240,1587.660,196
SQ:XAUUSD,2020-04-01T16:57:00+02:00,1587.680,1588.030,1587.000,1587.090,162
SQ:XAUUSD,2020-04-01T16:58:00+02:00,1586.980,1587.500,1586.830,1587.390,126
SQ:XAUUSD,2020-04-01T16:59:00+02:00,1587.170,1587.500,1586.110,1586.210,83
SQ:XAUUSD,2020-04-01T17:00:00+02:00,1586.210,1586.820,1586.190,1586.440,57
SQ:XAUUSD,2020-04-01T17:01:00+02:00,1586.470,1587.320,1586.470,1586.800,61
SQ:XAUUSD,2020-04-01T17:02:00+02:00,1586.890,1587.692,1586.500,1586.990,89
SQ:XAUUSD,2020-04-01T17:03:00+02:00,1586.990,1589.080,1586.780,1588.890,198
SQ:XAUUSD,2020-04-01T17:04:00+02:00,1588.890,1590.556,1588.820,1589.020,128
SQ:XAUUSD,2020-04-01T17:05:00+02:00,1588.970,1589.540,1588.180,1589.170,165
SQ:XAUUSD,2020-04-01T17:06:00+02:00,1589.130,1589.700,1589.110,1589.540,120
SQ:XAUUSD,2020-04-01T17:07:00+02:00,1589.540,1589.570,1588.396,1588.550,227
SQ:XAUUSD,2020-04-01T17:08:00+02:00,1588.516,1588.980,1587.580,1588.000,297
SQ:XAUUSD,2020-04-01T17:09:00+02:00,1588.000,1588.740,1587.440,1588.740,188
SQ:XAUUSD,2020-04-01T17:10:00+02:00,1588.690,1589.430,1587.730,1589.390,154
SQ:XAUUSD,2020-04-01T17:11:00+02:00,1589.390,1589.390,1587.200,1587.410,229
SQ:XAUUSD,2020-04-01T17:12:00+02:00,1587.410,1588.090,1586.870,1587.530,313
SQ:XAUUSD,2020-04-01T17:13:00+02:00,1587.460,1587.730,1586.890,1587.000,214
SQ:XAUUSD,2020-04-01T17:14:00+02:00,1587.000,1587.530,1585.740,1587.230,386
SQ:XAUUSD,2020-04-01T17:15:00+02:00,1587.230,1587.750,1587.150,1587.650,155
SQ:XAUUSD,2020-04-01T17:16:00+02:00,1587.650,1587.980,1587.350,1587.830,140
SQ:XAUUSD,2020-04-01T17:17:00+02:00,1587.830,1589.380,1587.760,1588.650,169
SQ:XAUUSD,2020-04-01T17:18:00+02:00,1588.650,1589.170,1588.500,1588.950,166
SQ:XAUUSD,2020-04-01T17:19:00+02:00,1588.950,1590.550,1588.950,1590.240,174
SQ:XAUUSD,2020-04-01T17:20:00+02:00,1590.240,1590.586,1589.740,1589.750,176
SQ:XAUUSD,2020-04-01T17:21:00+02:00,1589.750,1590.660,1589.520,1590.210,198
SQ:XAUUSD,2020-04-01T17:22:00+02:00,1590.220,1590.670,1590.220,1590.290,101
SQ:XAUUSD,2020-04-01T17:23:00+02:00,1590.290,1590.290,1589.810,1589.950,115
SQ:XAUUSD,2020-04-01T17:24:00+02:00,1589.980,1590.050,1588.810,1589.100,106
SQ:XAUUSD,2020-04-01T17:25:00+02:00,1589.100,1589.160,1587.990,1588.070,158
SQ:XAUUSD,2020-04-01T17:26:00+02:00,1588.070,1588.456,1587.640,1588.030,126
SQ:XAUUSD,2020-04-01T17:27:00+02:00,1588.048,1588.298,1587.340,1587.450,118
SQ:XAUUSD,2020-04-01T17:28:00+02:00,1587.410,1587.640,1586.528,1586.528,112
SQ:XAUUSD,2020-04-01T17:29:00+02:00,1586.510,1586.950,1585.030,1586.010,261
SQ:XAUUSD,2020-04-01T17:30:00+02:00,1586.160,1586.260,1584.110,1584.612,300
SQ:XAUUSD,2020-04-01T17:31:00+02:00,1584.548,1585.120,1583.690,1584.660,289
SQ:XAUUSD,2020-04-01T17:32:00+02:00,1584.440,1584.940,1584.440,1584.910,111
SQ:XAUUSD,2020-04-01T17:33:00+02:00,1584.910,1586.260,1584.910,1585.760,74
SQ:XAUUSD,2020-04-01T17:34:00+02:00,1585.760,1585.760,1584.900,1585.250,64
SQ:XAUUSD,2020-04-01T17:35:00+02:00,1585.250,1586.250,1584.460,1586.000,111
SQ:XAUUSD,2020-04-01T17:36:00+02:00,1586.000,1586.470,1585.450,1586.160,98
SQ:XAUUSD,2020-04-01T17:37:00+02:00,1586.160,1586.700,1585.890,1586.460,119
SQ:XAUUSD,2020-04-01T17:38:00+02:00,1586.540,1586.850,1585.550,1585.740,137
SQ:XAUUSD,2020-04-01T17:39:00+02:00,1585.740,1586.540,1585.480,1586.150,117
SQ:XAUUSD,2020-04-01T17:40:00+02:00,1586.150,1587.120,1586.040,1586.230,177
SQ:XAUUSD,2020-04-01T17:41:00+02:00,1586.180,1587.560,1586.160,1586.996,225
SQ:XAUUSD,2020-04-01T17:42:00+02:00,1587.000,1587.360,1585.780,1585.930,155
SQ:XAUUSD,2020-04-01T17:43:00+02:00,1586.270,1586.740,1585.240,1586.680,208
SQ:XAUUSD,2020-04-01T17:44:00+02:00,1586.620,1587.116,1585.930,1586.996,189
SQ:XAUUSD,2020-04-01T17:45:00+02:00,1587.020,1588.496,1586.956,1587.940,232
SQ:XAUUSD,2020-04-01T17:46:00+02:00,1587.940,1589.390,1587.840,1589.390,179
SQ:XAUUSD,2020-04-01T17:47:00+02:00,1589.390,1591.548,1589.100,1591.548,396
SQ:XAUUSD,2020-04-01T17:48:00+02:00,1591.544,1591.578,1590.480,1590.626,242
SQ:XAUUSD,2020-04-01T17:49:00+02:00,1590.610,1590.690,1589.490,1590.162,257
SQ:XAUUSD,2020-04-01T17:50:00+02:00,1590.186,1590.628,1590.102,1590.522,155
SQ:XAUUSD,2020-04-01T17:51:00+02:00,1590.550,1590.550,1589.270,1589.270,179
SQ:XAUUSD,2020-04-01T17:52:00+02:00,1589.270,1589.442,1588.236,1588.540,183
SQ:XAUUSD,2020-04-01T17:53:00+02:00,1588.516,1589.226,1588.246,1588.700,113
SQ:XAUUSD,2020-04-01T17:54:00+02:00,1588.700,1589.180,1588.490,1588.990,209
SQ:XAUUSD,2020-04-01T17:55:00+02:00,1588.990,1589.800,1588.810,1589.776,182
SQ:XAUUSD,2020-04-01T17:56:00+02:00,1589.760,1590.346,1589.486,1590.000,108
SQ:XAUUSD,2020-04-01T17:57:00+02:00,1590.000,1591.220,1589.560,1591.156,251
SQ:XAUUSD,2020-04-01T17:58:00+02:00,1591.108,1592.780,1590.130,1592.760,290
SQ:XAUUSD,2020-04-01T17:59:00+02:00,1592.690,1592.850,1591.660,1592.020,147
SQ:XAUUSD,2020-04-01T18:00:00+02:00,1592.020,1592.390,1590.240,1590.870,245
SQ:XAUUSD,2020-04-01T18:01:00+02:00,1590.870,1591.648,1590.730,1591.532,123
SQ:XAUUSD,2020-04-01T18:02:00+02:00,1591.070,1591.954,1590.450,1590.608,159
SQ:XAUUSD,2020-04-01T18:03:00+02:00,1590.610,1591.526,1590.436,1591.448,121
SQ:XAUUSD,2020-04-01T18:04:00+02:00,1591.460,1591.866,1590.346,1591.136,126
SQ:XAUUSD,2020-04-01T18:05:00+02:00,1591.100,1591.386,1590.660,1590.690,150
SQ:XAUUSD,2020-04-01T18:06:00+02:00,1590.536,1590.966,1590.348,1590.726,104
SQ:XAUUSD,2020-04-01T18:07:00+02:00,1590.770,1590.790,1590.360,1590.720,57
SQ:XAUUSD,2020-04-01T18:08:00+02:00,1590.720,1590.720,1589.080,1589.230,107
SQ:XAUUSD,2020-04-01T18:09:00+02:00,1589.210,1589.540,1589.100,1589.380,77
SQ:XAUUSD,2020-04-01T18:10:00+02:00,1589.380,1590.450,1589.380,1590.320,44
SQ:XAUUSD,2020-04-01T18:11:00+02:00,1590.390,1591.450,1590.390,1591.030,58
SQ:XAUUSD,2020-04-01T18:12:00+02:00,1591.020,1591.320,1590.750,1590.890,34
SQ:XAUUSD,2020-04-01T18:13:00+02:00,1590.890,1591.578,1590.760,1591.310,49
SQ:XAUUSD,2020-04-01T18:14:00+02:00,1591.280,1592.850,1591.280,1592.850,62
SQ:XAUUSD,2020-04-01T18:15:00+02:00,1592.900,1592.900,1591.690,1592.160,64
SQ:XAUUSD,2020-04-01T18:16:00+02:00,1592.080,1593.020,1591.010,1591.250,122
SQ:XAUUSD,2020-04-01T18:17:00+02:00,1591.230,1591.320,1590.810,1591.090,44
SQ:XAUUSD,2020-04-01T18:18:00+02:00,1591.100,1591.350,1590.930,1590.990,46
SQ:XAUUSD,2020-04-01T18:19:00+02:00,1590.990,1590.990,1590.380,1590.380,55
SQ:XAUUSD,2020-04-01T18:20:00+02:00,1590.340,1591.060,1590.240,1591.060,53
SQ:XAUUSD,2020-04-01T18:21:00+02:00,1591.060,1591.190,1591.040,1591.110,6
SQ:XAUUSD,2020-04-01T18:23:00+02:00,1591.250,1591.670,1591.000,1591.650,48
SQ:XAUUSD,2020-04-01T18:24:00+02:00,1591.600,1591.720,1591.280,1591.440,77
SQ:XAUUSD,2020-04-01T18:25:00+02:00,1591.480,1591.490,1590.160,1590.710,76
SQ:XAUUSD,2020-04-01T18:26:00+02:00,1590.750,1591.920,1590.750,1591.660,94
SQ:XAUUSD,2020-04-01T18:27:00+02:00,1591.650,1592.790,1591.340,1592.640,100
SQ:XAUUSD,2020-04-01T18:28:00+02:00,1592.680,1593.090,1591.260,1591.580,131
SQ:XAUUSD,2020-04-01T18:29:00+02:00,1591.580,1592.720,1591.580,1592.544,67
SQ:XAUUSD,2020-04-01T18:30:00+02:00,1592.544,1593.960,1592.220,1592.236,180
SQ:XAUUSD,2020-04-01T18:31:00+02:00,1592.436,1592.436,1590.920,1591.436,101
SQ:XAUUSD,2020-04-01T18:32:00+02:00,1591.536,1592.210,1590.940,1591.136,86
SQ:XAUUSD,2020-04-01T18:33:00+02:00,1591.136,1592.220,1591.136,1591.436,57
SQ:XAUUSD,2020-04-01T18:34:00+02:00,1591.536,1591.736,1591.236,1591.236,40
SQ:XAUUSD,2020-04-01T18:35:00+02:00,1591.236,1591.340,1590.220,1590.236,108
SQ:XAUUSD,2020-04-01T18:36:00+02:00,1590.336,1590.936,1589.936,1590.436,77
SQ:XAUUSD,2020-04-01T18:37:00+02:00,1590.470,1591.210,1590.340,1591.030,87
SQ:XAUUSD,2020-04-01T18:38:00+02:00,1591.030,1591.380,1590.390,1590.390,100
SQ:XAUUSD,2020-04-01T18:39:00+02:00,1590.390,1590.436,1589.040,1589.040,183
SQ:XAUUSD,2020-04-01T18:40:00+02:00,1589.040,1589.736,1588.540,1588.790,89
SQ:XAUUSD,2020-04-01T18:41:00+02:00,1588.790,1588.930,1587.570,1587.620,144
SQ:XAUUSD,2020-04-01T18:42:00+02:00,1587.550,1588.990,1587.480,1588.080,148
SQ:XAUUSD,2020-04-01T18:43:00+02:00,1587.830,1588.190,1587.460,1587.700,88
SQ:XAUUSD,2020-04-01T18:44:00+02:00,1587.670,1588.100,1587.070,1587.640,115
SQ:XAUUSD,2020-04-01T18:45:00+02:00,1587.640,1588.600,1587.340,1587.880,122
SQ:XAUUSD,2020-04-01T18:46:00+02:00,1587.906,1588.600,1587.790,1587.830,105
SQ:XAUUSD,2020-04-01T18:47:00+02:00,1587.830,1587.836,1586.600,1586.750,121
SQ:XAUUSD,2020-04-01T18:48:00+02:00,1586.750,1587.810,1586.750,1586.960,66
SQ:XAUUSD,2020-04-01T18:49:00+02:00,1587.048,1587.160,1585.580,1585.930,163
SQ:XAUUSD,2020-04-01T18:50:00+02:00,1585.936,1586.210,1584.510,1584.710,126
SQ:XAUUSD,2020-04-01T18:51:00+02:00,1584.590,1584.620,1583.032,1583.038,164
SQ:XAUUSD,2020-04-01T18:52:00+02:00,1583.028,1584.400,1578.920,1579.710,219
SQ:XAUUSD,2020-04-01T18:53:00+02:00,1579.630,1580.040,1577.694,1578.480,350
SQ:XAUUSD,2020-04-01T18:54:00+02:00,1578.380,1581.370,1578.288,1580.900,176
SQ:XAUUSD,2020-04-01T18:55:00+02:00,1580.830,1581.378,1580.134,1581.194,180
SQ:XAUUSD,2020-04-01T18:56:00+02:00,1581.166,1582.830,1580.920,1582.790,251
SQ:XAUUSD,2020-04-01T18:57:00+02:00,1582.790,1583.948,1582.470,1583.140,258
SQ:XAUUSD,2020-04-01T18:58:00+02:00,1582.480,1583.920,1580.500,1580.970,205
SQ:XAUUSD,2020-04-01T18:59:00+02:00,1581.050,1582.210,1580.890,1581.970,69
SQ:XAUUSD,2020-04-01T19:00:00+02:00,1581.920,1582.168,1580.910,1580.910,66
SQ:XAUUSD,2020-04-01T19:01:00+02:00,1580.870,1581.020,1579.770,1579.820,82
SQ:XAUUSD,2020-04-01T19:02:00+02:00,1579.790,1579.878,1577.990,1579.750,142
SQ:XAUUSD,2020-04-01T19:03:00+02:00,1579.750,1580.360,1579.678,1580.160,123
SQ:XAUUSD,2020-04-01T19:04:00+02:00,1580.150,1581.148,1580.070,1580.988,127
SQ:XAUUSD,2020-04-01T19:05:00+02:00,1580.888,1580.978,1580.038,1580.160,90
SQ:XAUUSD,2020-04-01T19:06:00+02:00,1580.160,1580.440,1579.860,1580.420,73
SQ:XAUUSD,2020-04-01T19:07:00+02:00,1580.430,1580.920,1580.150,1580.600,115
SQ:XAUUSD,2020-04-01T19:08:00+02:00,1580.600,1581.450,1580.540,1580.930,116
SQ:XAUUSD,2020-04-01T19:09:00+02:00,1580.760,1581.920,1580.730,1581.450,116
SQ:XAUUSD,2020-04-01T19:10:00+02:00,1581.430,1581.600,1580.620,1580.940,108
SQ:XAUUSD,2020-04-01T19:11:00+02:00,1581.090,1582.190,1580.810,1581.930,138
SQ:XAUUSD,2020-04-01T19:12:00+02:00,1581.940,1582.210,1581.520,1582.150,90
SQ:XAUUSD,2020-04-01T19:13:00+02:00,1582.130,1582.410,1582.100,1582.130,52
SQ:XAUUSD,2020-04-01T19:14:00+02:00,1582.130,1582.350,1581.760,1582.320,95
SQ:XAUUSD,2020-04-01T19:15:00+02:00,1582.320,1583.310,1582.120,1582.940,164
SQ:XAUUSD,2020-04-01T19:16:00+02:00,1582.970,1582.970,1581.760,1582.480,180
SQ:XAUUSD,2020-04-01T19:17:00+02:00,1582.520,1582.920,1582.080,1582.080,125
SQ:XAUUSD,2020-04-01T19:18:00+02:00,1582.070,1582.110,1580.010,1580.650,207
SQ:XAUUSD,2020-04-01T19:19:00+02:00,1580.680,1581.830,1580.680,1581.610,101
SQ:XAUUSD,2020-04-01T19:20:00+02:00,1581.610,1581.790,1580.620,1580.840,126
SQ:XAUUSD,2020-04-01T19:21:00+02:00,1580.760,1580.870,1579.090,1579.210,207
SQ:XAUUSD,2020-04-01T19:22:00+02:00,1579.210,1579.510,1579.150,1579.240,108
SQ:XAUUSD,2020-04-01T19:23:00+02:00,1579.180,1579.288,1578.066,1578.090,195
SQ:XAUUSD,2020-04-01T19:24:00+02:00,1578.120,1579.050,1578.120,1578.700,190
SQ:XAUUSD,2020-04-01T19:25:00+02:00,1578.770,1580.600,1578.610,1579.480,204
SQ:XAUUSD,2020-04-01T19:26:00+02:00,1579.480,1579.480,1578.400,1579.140,141
SQ:XAUUSD,2020-04-01T19:27:00+02:00,1579.120,1579.472,1578.360,1578.760,216
SQ:XAUUSD,2020-04-01T19:28:00+02:00,1578.760,1579.372,1577.500,1578.170,339
SQ:XAUUSD,2020-04-01T19:29:00+02:00,1578.180,1580.080,1577.780,1579.850,455
SQ:XAUUSD,2020-04-01T19:30:00+02:00,1579.570,1580.820,1579.570,1580.232,188
SQ:XAUUSD,2020-04-01T19:31:00+02:00,1580.232,1580.362,1579.090,1579.680,154
SQ:XAUUSD,2020-04-01T19:32:00+02:00,1579.830,1579.830,1578.550,1578.620,55
SQ:XAUUSD,2020-04-01T19:33:00+02:00,1578.620,1578.712,1577.650,1578.240,98
SQ:XAUUSD,2020-04-01T19:34:00+02:00,1578.272,1578.382,1578.010,1578.090,50
SQ:XAUUSD,2020-04-01T19:35:00+02:00,1578.090,1578.900,1577.980,1578.370,135
SQ:XAUUSD,2020-04-01T19:36:00+02:00,1578.250,1578.552,1578.080,1578.240,72
SQ:XAUUSD,2020-04-01T19:37:00+02:00,1578.298,1579.260,1578.130,1579.052,94
SQ:XAUUSD,2020-04-01T19:38:00+02:00,1579.062,1579.882,1579.032,1579.070,121
SQ:XAUUSD,2020-04-01T19:39:00+02:00,1579.070,1580.158,1579.050,1579.460,91
SQ:XAUUSD,2020-04-01T19:40:00+02:00,1579.460,1579.650,1579.240,1579.340,42
SQ:XAUUSD,2020-04-01T19:41:00+02:00,1579.340,1579.720,1579.000,1579.600,37
SQ:XAUUSD,2020-04-01T19:42:00+02:00,1579.600,1580.390,1579.440,1580.300,47
SQ:XAUUSD,2020-04-01T19:43:00+02:00,1580.300,1581.560,1580.290,1581.342,72
SQ:XAUUSD,2020-04-01T19:44:00+02:00,1581.342,1582.494,1581.342,1582.224,89
SQ:XAUUSD,2020-04-01T19:45:00+02:00,1582.224,1582.420,1579.850,1579.850,163
SQ:XAUUSD,2020-04-01T19:46:00+02:00,1580.170,1580.706,1579.880,1580.446,154
SQ:XAUUSD,2020-04-01T19:47:00+02:00,1580.536,1580.566,1579.576,1579.586,66
SQ:XAUUSD,2020-04-01T19:48:00+02:00,1579.536,1580.646,1579.430,1580.646,140
SQ:XAUUSD,2020-04-01T19:49:00+02:00,1580.616,1581.476,1580.446,1580.710,101
SQ:XAUUSD,2020-04-01T19:50:00+02:00,1580.710,1581.430,1580.540,1581.400,69
SQ:XAUUSD,2020-04-01T19:51:00+02:00,1581.450,1582.420,1581.400,1582.070,64
SQ:XAUUSD,2020-04-01T19:52:00+02:00,1582.070,1582.190,1581.840,1581.950,80
SQ:XAUUSD,2020-04-01T19:53:00+02:00,1581.950,1582.066,1581.200,1581.350,23
SQ:XAUUSD,2020-04-01T19:54:00+02:00,1581.350,1582.186,1581.300,1581.720,64
SQ:XAUUSD,2020-04-01T19:55:00+02:00,1581.760,1583.270,1581.760,1582.600,106
SQ:XAUUSD,2020-04-01T19:56:00+02:00,1582.600,1582.756,1582.070,1582.180,115
SQ:XAUUSD,2020-04-01T19:57:00+02:00,1582.180,1583.506,1582.180,1582.926,144
SQ:XAUUSD,2020-04-01T19:58:00+02:00,1582.520,1583.006,1581.616,1581.916,121
SQ:XAUUSD,2020-04-01T19:59:00+02:00,1581.916,1582.466,1581.600,1582.406,108
SQ:XAUUSD,2020-04-01T20:00:00+02:00,1582.016,1583.496,1582.016,1582.870,109
SQ:XAUUSD,2020-04-01T20:01:00+02:00,1582.920,1583.266,1582.330,1582.430,66
SQ:XAUUSD,2020-04-01T20:02:00+02:00,1582.706,1583.250,1582.430,1582.870,60
SQ:XAUUSD,2020-04-01T20:03:00+02:00,1582.870,1583.586,1582.720,1583.410,48
SQ:XAUUSD,2020-04-01T20:04:00+02:00,1583.586,1584.116,1583.490,1583.840,53
SQ:XAUUSD,2020-04-01T20:05:00+02:00,1583.800,1584.510,1583.700,1584.280,76
SQ:XAUUSD,2020-04-01T20:06:00+02:00,1584.240,1584.470,1584.090,1584.250,37
SQ:XAUUSD,2020-04-01T20:07:00+02:00,1584.230,1584.500,1584.010,1584.150,56
SQ:XAUUSD,2020-04-01T20:08:00+02:00,1584.150,1584.150,1582.810,1583.180,56
SQ:XAUUSD,2020-04-01T20:09:00+02:00,1583.180,1583.450,1583.180,1583.270,10
SQ:XAUUSD,2020-04-01T20:10:00+02:00,1583.270,1583.850,1583.270,1583.630,20
SQ:XAUUSD,2020-04-01T20:11:00+02:00,1583.630,1583.890,1583.220,1583.430,33
SQ:XAUUSD,2020-04-01T20:12:00+02:00,1583.430,1583.886,1583.130,1583.830,32
SQ:XAUUSD,2020-04-01T20:13:00+02:00,1583.906,1584.190,1583.820,1584.090,22
SQ:XAUUSD,2020-04-01T20:14:00+02:00,1584.090,1584.090,1583.670,1583.670,17
SQ:XAUUSD,2020-04-01T20:15:00+02:00,1583.670,1583.850,1583.320,1583.850,33
SQ:XAUUSD,2020-04-01T20:16:00+02:00,1583.850,1583.850,1583.010,1583.010,49
SQ:XAUUSD,2020-04-01T20:17:00+02:00,1583.010,1583.010,1582.260,1582.360,58
SQ:XAUUSD,2020-04-01T20:18:00+02:00,1582.360,1582.360,1581.420,1581.890,52
SQ:XAUUSD,2020-04-01T20:19:00+02:00,1581.890,1582.300,1581.750,1582.200,36
SQ:XAUUSD,2020-04-01T20:20:00+02:00,1582.200,1582.780,1582.200,1582.780,24
SQ:XAUUSD,2020-04-01T20:21:00+02:00,1582.780,1583.880,1582.570,1583.750,30
SQ:XAUUSD,2020-04-01T20:22:00+02:00,1583.750,1583.980,1583.670,1583.960,24
SQ:XAUUSD,2020-04-01T20:23:00+02:00,1583.960,1584.546,1583.710,1584.170,77
SQ:XAUUSD,2020-04-01T20:24:00+02:00,1584.170,1584.690,1584.070,1584.220,41
SQ:XAUUSD,2020-04-01T20:25:00+02:00,1584.210,1584.210,1583.380,1583.820,32
SQ:XAUUSD,2020-04-01T20:26:00+02:00,1583.810,1583.810,1583.470,1583.640,20
SQ:XAUUSD,2020-04-01T20:27:00+02:00,1583.490,1583.770,1583.170,1583.770,70
SQ:XAUUSD,2020-04-01T20:28:00+02:00,1583.700,1583.890,1583.500,1583.890,18
SQ:XAUUSD,2020-04-01T20:29:00+02:00,1583.890,1584.090,1583.680,1583.680,25
SQ:XAUUSD,2020-04-01T20:30:00+02:00,1583.680,1583.680,1582.530,1583.500,38
SQ:XAUUSD,2020-04-01T20:31:00+02:00,1583.500,1583.530,1582.930,1583.100,22
SQ:XAUUSD,2020-04-01T20:32:00+02:00,1583.100,1583.390,1583.090,1583.270,19
SQ:XAUUSD,2020-04-01T20:33:00+02:00,1583.240,1583.480,1582.960,1583.440,16
SQ:XAUUSD,2020-04-01T20:34:00+02:00,1583.440,1584.020,1583.270,1583.270,24
SQ:XAUUSD,2020-04-01T20:35:00+02:00,1583.210,1583.510,1583.100,1583.510,25
SQ:XAUUSD,2020-04-01T20:36:00+02:00,1583.510,1584.530,1583.400,1584.480,24
SQ:XAUUSD,2020-04-01T20:37:00+02:00,1584.480,1585.410,1584.400,1584.810,32
SQ:XAUUSD,2020-04-01T20:38:00+02:00,1584.810,1586.250,1584.810,1586.010,47
SQ:XAUUSD,2020-04-01T20:39:00+02:00,1585.930,1586.920,1585.700,1586.850,49
SQ:XAUUSD,2020-04-01T20:40:00+02:00,1586.850,1587.940,1586.810,1587.810,69
SQ:XAUUSD,2020-04-01T20:41:00+02:00,1587.810,1587.810,1586.630,1587.810,39
SQ:XAUUSD,2020-04-01T20:42:00+02:00,1587.810,1588.050,1587.480,1587.740,34
SQ:XAUUSD,2020-04-01T20:43:00+02:00,1587.740,1588.520,1587.740,1588.000,51
SQ:XAUUSD,2020-04-01T20:44:00+02:00,1588.060,1588.060,1587.030,1587.510,48
SQ:XAUUSD,2020-04-01T20:45:00+02:00,1587.540,1588.040,1587.150,1587.980,93
SQ:XAUUSD,2020-04-01T20:46:00+02:00,1587.980,1588.242,1587.540,1588.020,57
SQ:XAUUSD,2020-04-01T20:47:00+02:00,1588.020,1588.640,1587.750,1588.640,49
SQ:XAUUSD,2020-04-01T20:48:00+02:00,1588.640,1589.070,1587.930,1588.950,59
SQ:XAUUSD,2020-04-01T20:49:00+02:00,1588.950,1589.050,1587.760,1587.990,36
SQ:XAUUSD,2020-04-01T20:50:00+02:00,1587.990,1588.200,1587.640,1587.640,91
SQ:XAUUSD,2020-04-01T20:51:00+02:00,1587.640,1588.100,1587.290,1588.100,64
SQ:XAUUSD,2020-04-01T20:52:00+02:00,1588.100,1588.550,1587.620,1588.420,46
SQ:XAUUSD,2020-04-01T20:53:00+02:00,1588.420,1588.420,1587.690,1587.850,80
SQ:XAUUSD,2020-04-01T20:54:00+02:00,1588.030,1588.230,1587.980,1588.030,22
SQ:XAUUSD,2020-04-01T20:55:00+02:00,1588.030,1588.630,1587.930,1588.430,49
SQ:XAUUSD,2020-04-01T20:56:00+02:00,1588.330,1589.130,1588.030,1589.070,44
SQ:XAUUSD,2020-04-01T20:57:00+02:00,1589.070,1589.070,1588.210,1588.330,34
SQ:XAUUSD,2020-04-01T20:58:00+02:00,1588.330,1589.030,1588.330,1588.540,19
SQ:XAUUSD,2020-04-01T20:59:00+02:00,1588.540,1590.550,1588.540,1590.330,98
SQ:XAUUSD,2020-04-01T21:00:00+02:00,1590.410,1592.540,1590.320,1591.670,121
SQ:XAUUSD,2020-04-01T21:01:00+02:00,1591.670,1592.070,1591.100,1591.310,123
SQ:XAUUSD,2020-04-01T21:02:00+02:00,1591.310,1591.310,1589.380,1589.730,96
SQ:XAUUSD,2020-04-01T21:03:00+02:00,1589.730,1589.940,1588.800,1589.110,57
SQ:XAUUSD,2020-04-01T21:04:00+02:00,1589.110,1590.006,1589.110,1589.790,62
SQ:XAUUSD,2020-04-01T21:05:00+02:00,1589.790,1590.140,1588.840,1589.500,158
SQ:XAUUSD,2020-04-01T21:06:00+02:00,1589.620,1589.730,1588.580,1588.650,89
SQ:XAUUSD,2020-04-01T21:07:00+02:00,1588.650,1589.010,1587.980,1587.980,66
SQ:XAUUSD,2020-04-01T21:08:00+02:00,1587.980,1588.060,1587.780,1587.870,45
SQ:XAUUSD,2020-04-01T21:09:00+02:00,1587.888,1588.658,1587.870,1588.638,60
SQ:XAUUSD,2020-04-01T21:10:00+02:00,1588.630,1590.590,1588.500,1590.580,91
SQ:XAUUSD,2020-04-01T21:11:00+02:00,1590.580,1591.740,1590.370,1590.650,78
SQ:XAUUSD,2020-04-01T21:12:00+02:00,1590.650,1591.020,1589.410,1589.600,64
SQ:XAUUSD,2020-04-01T21:13:00+02:00,1589.600,1589.680,1588.338,1589.360,44
SQ:XAUUSD,2020-04-01T21:14:00+02:00,1589.360,1589.560,1588.948,1589.510,24
SQ:XAUUSD,2020-04-01T21:15:00+02:00,1589.510,1589.510,1587.630,1588.410,52
SQ:XAUUSD,2020-04-01T21:16:00+02:00,1588.410,1588.960,1587.930,1588.730,28
SQ:XAUUSD,2020-04-01T21:17:00+02:00,1588.730,1589.760,1588.440,1589.660,41
SQ:XAUUSD,2020-04-01T21:18:00+02:00,1589.660,1590.660,1589.320,1590.630,34
SQ:XAUUSD,2020-04-01T21:19:00+02:00,1590.760,1590.980,1589.310,1589.310,34
SQ:XAUUSD,2020-04-01T21:20:00+02:00,1589.310,1589.710,1588.750,1589.710,21
SQ:XAUUSD,2020-04-01T21:21:00+02:00,1589.710,1590.410,1589.110,1590.410,27
SQ:XAUUSD,2020-04-01T21:22:00+02:00,1590.360,1590.660,1589.320,1590.410,48
SQ:XAUUSD,2020-04-01T21:23:00+02:00,1590.410,1591.160,1590.260,1591.050,27
SQ:XAUUSD,2020-04-01T21:24:00+02:00,1591.050,1591.050,1590.010,1590.360,37
SQ:XAUUSD,2020-04-01T21:25:00+02:00,1590.360,1590.950,1588.550,1589.710,51
SQ:XAUUSD,2020-04-01T21:26:00+02:00,1589.710,1590.060,1589.510,1589.560,17
SQ:XAUUSD,2020-04-01T21:27:00+02:00,1589.560,1590.910,1588.340,1590.460,79
SQ:XAUUSD,2020-04-01T21:28:00+02:00,1590.460,1591.260,1590.050,1590.710,103
SQ:XAUUSD,2020-04-01T21:29:00+02:00,1590.710,1590.760,1589.000,1589.860,34
SQ:XAUUSD,2020-04-01T21:30:00+02:00,1589.860,1590.210,1589.810,1590.010,40
SQ:XAUUSD,2020-04-01T21:31:00+02:00,1589.960,1590.210,1589.220,1589.860,40
SQ:XAUUSD,2020-04-01T21:32:00+02:00,1589.860,1589.860,1588.530,1589.110,24
SQ:XAUUSD,2020-04-01T21:33:00+02:00,1589.110,1589.310,1588.310,1588.510,35
SQ:XAUUSD,2020-04-01T21:34:00+02:00,1588.510,1588.760,1588.060,1588.260,32
SQ:XAUUSD,2020-04-01T21:35:00+02:00,1588.260,1588.360,1587.810,1588.310,41
SQ:XAUUSD,2020-04-01T21:36:00+02:00,1588.310,1588.360,1587.910,1588.110,23
SQ:XAUUSD,2020-04-01T21:37:00+02:00,1588.110,1588.110,1587.560,1587.650,24
SQ:XAUUSD,2020-04-01T21:38:00+02:00,1587.650,1587.700,1585.380,1585.610,61
SQ:XAUUSD,2020-04-01T21:39:00+02:00,1585.610,1586.710,1585.340,1585.910,57
SQ:XAUUSD,2020-04-01T21:40:00+02:00,1585.910,1587.210,1585.910,1586.860,34
SQ:XAUUSD,2020-04-01T21:41:00+02:00,1586.860,1587.660,1586.710,1587.610,41
SQ:XAUUSD,2020-04-01T21:42:00+02:00,1587.560,1587.660,1587.310,1587.660,17
SQ:XAUUSD,2020-04-01T21:43:00+02:00,1587.660,1587.860,1587.350,1587.610,17
SQ:XAUUSD,2020-04-01T21:44:00+02:00,1587.610,1588.410,1587.610,1588.410,30
SQ:XAUUSD,2020-04-01T21:45:00+02:00,1588.410,1588.860,1588.260,1588.360,53
SQ:XAUUSD,2020-04-01T21:46:00+02:00,1588.360,1589.660,1588.350,1589.610,23
SQ:XAUUSD,2020-04-01T21:47:00+02:00,1589.610,1590.410,1589.460,1590.310,29
SQ:XAUUSD,2020-04-01T21:48:00+02:00,1590.310,1591.210,1589.610,1589.610,51
SQ:XAUUSD,2020-04-01T21:49:00+02:00,1589.610,1590.210,1589.410,1590.010,35
SQ:XAUUSD,2020-04-01T21:50:00+02:00,1590.010,1590.060,1588.810,1588.960,40
SQ:XAUUSD,2020-04-01T21:51:00+02:00,1588.960,1590.260,1588.960,1589.910,38
SQ:XAUUSD,2020-04-01T21:52:00+02:00,1589.910,1590.160,1589.380,1589.710,41
SQ:XAUUSD,2020-04-01T21:53:00+02:00,1589.710,1590.260,1589.610,1590.210,29
SQ:XAUUSD,2020-04-01T21:54:00+02:00,1590.210,1590.210,1589.710,1589.910,14
SQ:XAUUSD,2020-04-01T21:55:00+02:00,1589.910,1590.160,1589.110,1589.260,38
SQ:XAUUSD,2020-04-01T21:56:00+02:00,1589.260,1589.710,1589.210,1589.660,21
SQ:XAUUSD,2020-04-01T21:57:00+02:00,1589.660,1589.660,1588.510,1589.210,45
SQ:XAUUSD,2020-04-01T21:58:00+02:00,1589.332,1589.410,1588.640,1589.150,83
SQ:XAUUSD,2020-04-01T21:59:00+02:00,1589.150,1589.420,1587.710,1588.810,88
SQ:XAUUSD,2020-04-01T22:00:00+02:00,1588.790,1589.560,1588.310,1589.560,33
SQ:XAUUSD,2020-04-01T22:01:00+02:00,1589.610,1589.710,1588.610,1588.610,19
SQ:XAUUSD,2020-04-01T22:02:00+02:00,1588.610,1588.930,1588.410,1588.610,32
SQ:XAUUSD,2020-04-01T22:03:00+02:00,1588.646,1589.226,1588.286,1588.396,38
SQ:XAUUSD,2020-04-01T22:04:00+02:00,1588.366,1589.326,1588.260,1589.156,37
SQ:XAUUSD,2020-04-01T22:05:00+02:00,1589.186,1589.276,1588.466,1588.716,31
SQ:XAUUSD,2020-04-01T22:06:00+02:00,1588.746,1588.786,1588.410,1588.410,8
SQ:XAUUSD,2020-04-01T22:07:00+02:00,1588.410,1588.610,1586.950,1587.460,29
SQ:XAUUSD,2020-04-01T22:08:00+02:00,1587.460,1587.560,1586.430,1587.210,39
SQ:XAUUSD,2020-04-01T22:09:00+02:00,1587.210,1587.810,1587.210,1587.810,8
SQ:XAUUSD,2020-04-01T22:10:00+02:00,1587.810,1587.810,1587.610,1587.660,12
SQ:XAUUSD,2020-04-01T22:11:00+02:00,1587.610,1587.910,1587.610,1587.860,8
SQ:XAUUSD,2020-04-01T22:12:00+02:00,1587.860,1588.240,1587.860,1588.140,11
SQ:XAUUSD,2020-04-01T22:13:00+02:00,1588.140,1588.140,1587.810,1587.810,12
SQ:XAUUSD,2020-04-01T22:14:00+02:00,1587.810,1587.910,1587.610,1587.760,11
SQ:XAUUSD,2020-04-01T22:15:00+02:00,1587.760,1587.960,1587.760,1587.960,4
SQ:XAUUSD,2020-04-01T22:16:00+02:00,1587.960,1588.310,1587.960,1588.310,3
SQ:XAUUSD,2020-04-01T22:17:00+02:00,1588.310,1588.310,1588.310,1588.310,1
SQ:XAUUSD,2020-04-01T22:18:00+02:00,1588.360,1589.010,1588.360,1588.910,15
SQ:XAUUSD,2020-04-01T22:19:00+02:00,1588.910,1588.910,1588.160,1588.210,6
SQ:XAUUSD,2020-04-01T22:20:00+02:00,1588.210,1588.310,1588.210,1588.210,5
SQ:XAUUSD,2020-04-01T22:21:00+02:00,1588.260,1588.510,1588.260,1588.510,10
SQ:XAUUSD,2020-04-01T22:22:00+02:00,1588.510,1588.610,1588.360,1588.610,6
SQ:XAUUSD,2020-04-01T22:23:00+02:00,1588.760,1588.760,1588.510,1588.510,7
SQ:XAUUSD,2020-04-01T22:24:00+02:00,1588.560,1588.710,1588.560,1588.710,4
SQ:XAUUSD,2020-04-01T22:25:00+02:00,1588.710,1588.710,1588.610,1588.660,4
SQ:XAUUSD,2020-04-01T22:26:00+02:00,1588.660,1589.110,1588.380,1589.110,18
SQ:XAUUSD,2020-04-01T22:27:00+02:00,1589.010,1589.010,1588.630,1588.860,17
SQ:XAUUSD,2020-04-01T22:28:00+02:00,1588.860,1589.060,1588.710,1588.730,8
SQ:XAUUSD,2020-04-01T22:29:00+02:00,1588.730,1588.730,1587.910,1588.080,10
SQ:XAUUSD,2020-04-01T22:30:00+02:00,1588.110,1588.660,1588.110,1588.330,10
SQ:XAUUSD,2020-04-01T22:31:00+02:00,1588.330,1588.610,1588.330,1588.410,14
SQ:XAUUSD,2020-04-01T22:32:00+02:00,1588.410,1588.430,1588.260,1588.410,7
SQ:XAUUSD,2020-04-01T22:33:00+02:00,1588.410,1588.410,1586.910,1587.910,13
SQ:XAUUSD,2020-04-01T22:34:00+02:00,1587.880,1588.280,1586.980,1587.000,10
SQ:XAUUSD,2020-04-01T22:35:00+02:00,1587.010,1588.360,1587.010,1587.100,7
SQ:XAUUSD,2020-04-01T22:36:00+02:00,1587.090,1587.960,1587.090,1587.960,18
SQ:XAUUSD,2020-04-01T22:37:00+02:00,1588.010,1588.160,1587.710,1587.810,12
SQ:XAUUSD,2020-04-01T22:38:00+02:00,1587.810,1587.910,1587.810,1587.810,4
SQ:XAUUSD,2020-04-01T22:39:00+02:00,1587.910,1588.010,1587.860,1587.910,6
SQ:XAUUSD,2020-04-01T22:40:00+02:00,1587.760,1587.910,1587.710,1587.910,6
SQ:XAUUSD,2020-04-01T22:41:00+02:00,1587.910,1588.110,1587.710,1588.110,9
SQ:XAUUSD,2020-04-01T22:42:00+02:00,1588.160,1588.410,1588.110,1588.410,7
SQ:XAUUSD,2020-04-01T22:43:00+02:00,1588.410,1588.760,1588.410,1588.710,12
SQ:XAUUSD,2020-04-01T22:44:00+02:00,1588.030,1588.610,1588.030,1588.460,5
SQ:XAUUSD,2020-04-01T22:45:00+02:00,1588.510,1589.160,1588.510,1588.810,15
SQ:XAUUSD,2020-04-01T22:46:00+02:00,1588.910,1589.160,1588.910,1588.910,20
SQ:XAUUSD,2020-04-01T22:47:00+02:00,1588.910,1589.560,1588.860,1589.560,11
SQ:XAUUSD,2020-04-01T22:48:00+02:00,1589.510,1591.010,1589.420,1589.910,42
SQ:XAUUSD,2020-04-01T22:49:00+02:00,1589.910,1591.060,1588.950,1590.710,32
SQ:XAUUSD,2020-04-01T22:50:00+02:00,1590.730,1591.460,1590.730,1590.960,25
SQ:XAUUSD,2020-04-01T22:51:00+02:00,1590.960,1591.560,1590.210,1591.410,15
SQ:XAUUSD,2020-04-01T22:52:00+02:00,1591.410,1591.510,1590.360,1590.360,6
SQ:XAUUSD,2020-04-01T22:53:00+02:00,1591.410,1591.860,1590.340,1591.510,9
SQ:XAUUSD,2020-04-01T22:54:00+02:00,1591.660,1591.910,1591.660,1591.710,6
SQ:XAUUSD,2020-04-02T00:01:00+02:00,1587.000,1589.880,1585.510,1587.324,78
SQ:XAUUSD,2020-04-02T00:02:00+02:00,1587.344,1589.930,1587.344,1589.370,37
SQ:XAUUSD,2020-04-02T00:03:00+02:00,1589.390,1589.410,1588.470,1588.480,23
SQ:XAUUSD,2020-04-02T00:04:00+02:00,1588.480,1591.050,1588.320,1591.050,35
SQ:XAUUSD,2020-04-02T00:05:00+02:00,1591.040,1592.310,1590.710,1591.820,51
SQ:XAUUSD,2020-04-02T00:06:00+02:00,1591.820,1592.630,1591.520,1592.630,37
SQ:XAUUSD,2020-04-02T00:07:00+02:00,1591.956,1593.960,1591.936,1593.960,49
SQ:XAUUSD,2020-04-02T00:08:00+02:00,1593.960,1594.560,1592.830,1592.990,42
SQ:XAUUSD,2020-04-02T00:09:00+02:00,1593.000,1593.350,1592.548,1593.130,22
SQ:XAUUSD,2020-04-02T00:10:00+02:00,1593.130,1593.140,1592.760,1592.800,8
SQ:XAUUSD,2020-04-02T00:11:00+02:00,1592.820,1592.930,1592.810,1592.810,4
SQ:XAUUSD,2020-04-02T00:12:00+02:00,1592.810,1593.360,1589.120,1590.620,42
SQ:XAUUSD,2020-04-02T00:13:00+02:00,1590.620,1591.264,1589.020,1589.628,153
SQ:XAUUSD,2020-04-02T00:14:00+02:00,1589.598,1590.398,1588.192,1590.346,176
SQ:XAUUSD,2020-04-02T00:15:00+02:00,1590.318,1590.700,1589.740,1590.010,110
SQ:XAUUSD,2020-04-02T00:16:00+02:00,1590.010,1590.268,1589.710,1590.198,80
SQ:XAUUSD,2020-04-02T00:17:00+02:00,1590.274,1591.438,1590.006,1591.434,120
SQ:XAUUSD,2020-04-02T00:18:00+02:00,1591.434,1591.444,1590.900,1591.324,148
SQ:XAUUSD,2020-04-02T00:19:00+02:00,1591.298,1591.424,1590.690,1590.880,80
SQ:XAUUSD,2020-04-02T00:20:00+02:00,1590.880,1591.620,1590.870,1591.590,10
SQ:XAUUSD,2020-04-02T00:21:00+02:00,1591.590,1591.640,1591.170,1591.170,13
SQ:XAUUSD,2020-04-02T00:22:00+02:00,1591.170,1591.320,1591.110,1591.150,17
SQ:XAUUSD,2020-04-02T00:23:00+02:00,1591.150,1591.900,1591.150,1591.890,15
SQ:XAUUSD,2020-04-02T00:24:00+02:00,1591.890,1591.950,1591.850,1591.870,9
SQ:XAUUSD,2020-04-02T00:25:00+02:00,1591.870,1592.120,1591.850,1592.040,10
SQ:XAUUSD,2020-04-02T00:26:00+02:00,1592.040,1592.040,1591.750,1591.820,11
SQ:XAUUSD,2020-04-02T00:27:00+02:00,1591.820,1591.840,1591.780,1591.780,5
SQ:XAUUSD,2020-04-02T00:28:00+02:00,1591.720,1591.860,1591.600,1591.670,14
SQ:XAUUSD,2020-04-02T00:29:00+02:00,1591.680,1591.930,1591.680,1591.930,8
SQ:XAUUSD,2020-04-02T00:30:00+02:00,1591.930,1592.350,1591.910,1592.350,12
SQ:XAUUSD,2020-04-02T00:31:00+02:00,1592.350,1592.480,1592.340,1592.370,10
SQ:XAUUSD,2020-04-02T00:32:00+02:00,1592.380,1592.550,1592.350,1592.550,13
SQ:XAUUSD,2020-04-02T00:33:00+02:00,1592.540,1592.650,1591.720,1592.410,24
SQ:XAUUSD,2020-04-02T00:34:00+02:00,1592.390,1592.550,1592.390,1592.390,8
SQ:XAUUSD,2020-04-02T00:35:00+02:00,1592.390,1592.610,1589.532,1589.532,48
SQ:XAUUSD,2020-04-02T00:36:00+02:00,1589.532,1590.102,1589.362,1590.034,39
SQ:XAUUSD,2020-04-02T00:37:00+02:00,1590.036,1591.328,1589.794,1591.112,44
SQ:XAUUSD,2020-04-02T00:38:00+02:00,1591.112,1591.892,1590.294,1590.734,33
SQ:XAUUSD,2020-04-02T00:39:00+02:00,1590.762,1591.634,1590.486,1591.254,65
SQ:XAUUSD,2020-04-02T00:40:00+02:00,1591.234,1591.776,1590.384,1590.702,50
SQ:XAUUSD,2020-04-02T00:41:00+02:00,1591.504,1591.836,1590.250,1590.974,49
SQ:XAUUSD,2020-04-02T00:42:00+02:00,1590.364,1591.624,1590.080,1591.022,31
SQ:XAUUSD,2020-04-02T00:43:00+02:00,1591.024,1591.324,1590.230,1590.704,46
SQ:XAUUSD,2020-04-02T00:44:00+02:00,1590.130,1591.234,1590.070,1590.530,34
SQ:XAUUSD,2020-04-02T00:45:00+02:00,1590.570,1591.046,1589.750,1590.060,68
SQ:XAUUSD,2020-04-02T00:46:00+02:00,1590.290,1591.180,1590.290,1591.180,47
SQ:XAUUSD,2020-04-02T00:47:00+02:00,1591.180,1591.528,1590.850,1591.528,33
SQ:XAUUSD,2020-04-02T00:48:00+02:00,1591.528,1592.160,1591.000,1591.170,41
SQ:XAUUSD,2020-04-02T00:49:00+02:00,1591.190,1592.202,1591.190,1592.192,44
SQ:XAUUSD,2020-04-02T00:50:00+02:00,1592.124,1592.310,1591.170,1591.210,29
SQ:XAUUSD,2020-04-02T00:51:00+02:00,1591.210,1592.102,1591.210,1591.648,20
SQ:XAUUSD,2020-04-02T00:52:00+02:00,1591.650,1592.192,1591.114,1591.890,35
SQ:XAUUSD,2020-04-02T00:53:00+02:00,1591.890,1592.150,1590.970,1591.918,25
SQ:XAUUSD,2020-04-02T00:54:00+02:00,1592.262,1592.810,1591.360,1592.810,106
SQ:XAUUSD,2020-04-02T00:55:00+02:00,1592.140,1593.596,1592.096,1592.718,84
SQ:XAUUSD,2020-04-02T00:56:00+02:00,1592.718,1594.148,1592.340,1593.626,109
SQ:XAUUSD,2020-04-02T00:57:00+02:00,1593.618,1594.240,1592.400,1593.972,83
SQ:XAUUSD,2020-04-02T00:58:00+02:00,1593.972,1594.508,1592.710,1592.980,67
SQ:XAUUSD,2020-04-02T00:59:00+02:00,1592.826,1593.534,1592.448,1593.180,110
SQ:XAUUSD,2020-04-02T01:00:00+02:00,1592.582,1593.418,1592.160,1592.658,42
SQ:XAUUSD,2020-04-02T01:01:00+02:00,1592.658,1593.190,1592.324,1593.188,26
SQ:XAUUSD,2020-04-02T01:02:00+02:00,1593.138,1593.744,1592.240,1593.734,59
SQ:XAUUSD,2020-04-02T01:03:00+02:00,1593.744,1594.326,1592.648,1593.536,63
SQ:XAUUSD,2020-04-02T01:04:00+02:00,1593.336,1594.434,1593.110,1594.042,42
SQ:XAUUSD,2020-04-02T01:05:00+02:00,1593.820,1593.844,1593.074,1593.754,18
SQ:XAUUSD,2020-04-02T01:06:00+02:00,1593.754,1593.852,1592.612,1593.482,55
SQ:XAUUSD,2020-04-02T01:07:00+02:00,1593.482,1593.844,1592.690,1593.492,32
SQ:XAUUSD,2020-04-02T01:08:00+02:00,1593.544,1594.124,1592.794,1593.944,49
SQ:XAUUSD,2020-04-02T01:09:00+02:00,1594.084,1594.392,1593.602,1593.636,53
SQ:XAUUSD,2020-04-02T01:10:00+02:00,1593.636,1593.964,1593.464,1593.644,44
SQ:XAUUSD,2020-04-02T01:11:00+02:00,1593.724,1594.014,1593.632,1593.932,28
SQ:XAUUSD,2020-04-02T01:12:00+02:00,1593.912,1594.066,1593.704,1594.016,24
SQ:XAUUSD,2020-04-02T01:13:00+02:00,1594.016,1594.024,1593.552,1593.614,30
SQ:XAUUSD,2020-04-02T01:14:00+02:00,1593.614,1594.786,1593.272,1594.786,76
SQ:XAUUSD,2020-04-02T01:15:00+02:00,1594.786,1595.418,1593.610,1593.710,100
SQ:XAUUSD,2020-04-02T01:16:00+02:00,1593.710,1595.096,1593.710,1594.254,162
SQ:XAUUSD,2020-04-02T01:17:00+02:00,1594.246,1595.444,1594.194,1594.814,138
SQ:XAUUSD,2020-04-02T01:18:00+02:00,1594.846,1595.344,1594.604,1595.034,61
SQ:XAUUSD,2020-04-02T01:19:00+02:00,1594.784,1595.478,1593.678,1594.330,154
SQ:XAUUSD,2020-04-02T01:20:00+02:00,1594.380,1594.624,1593.710,1594.064,166
SQ:XAUUSD,2020-04-02T01:21:00+02:00,1594.016,1594.724,1593.860,1594.544,49
SQ:XAUUSD,2020-04-02T01:22:00+02:00,1594.542,1594.542,1593.400,1594.254,116
SQ:XAUUSD,2020-04-02T01:23:00+02:00,1594.136,1594.236,1592.780,1593.676,145
SQ:XAUUSD,2020-04-02T01:24:00+02:00,1593.666,1593.692,1592.860,1593.664,61
SQ:XAUUSD,2020-04-02T01:25:00+02:00,1593.754,1593.994,1592.800,1593.506,83
SQ:XAUUSD,2020-04-02T01:26:00+02:00,1593.504,1593.786,1592.720,1593.332,43
SQ:XAUUSD,2020-04-02T01:27:00+02:00,1593.322,1593.852,1592.530,1593.734,56
SQ:XAUUSD,2020-04-02T01:28:00+02:00,1593.746,1594.056,1592.640,1593.904,66
SQ:XAUUSD,2020-04-02T01:29:00+02:00,1594.006,1594.194,1594.004,1594.024,19
SQ:XAUUSD,2020-04-02T01:30:00+02:00,1594.024,1594.572,1593.034,1593.664,181
SQ:XAUUSD,2020-04-02T01:31:00+02:00,1593.664,1594.374,1592.896,1593.694,130
SQ:XAUUSD,2020-04-02T01:32:00+02:00,1593.694,1594.826,1593.226,1594.508,567
SQ:XAUUSD,2020-04-02T01:33:00+02:00,1594.638,1594.728,1592.842,1593.156,587
SQ:XAUUSD,2020-04-02T01:34:00+02:00,1593.424,1593.654,1591.860,1592.852,253
SQ:XAUUSD,2020-04-02T01:35:00+02:00,1592.852,1592.852,1591.294,1591.404,49
SQ:XAUUSD,2020-04-02T01:36:00+02:00,1591.404,1592.692,1591.032,1591.102,99
SQ:XAUUSD,2020-04-02T01:37:00+02:00,1591.536,1592.522,1590.894,1591.206,77
SQ:XAUUSD,2020-04-02T01:38:00+02:00,1591.226,1592.214,1590.904,1592.084,43
SQ:XAUUSD,2020-04-02T01:39:00+02:00,1592.146,1592.354,1591.054,1591.200,35
SQ:XAUUSD,2020-04-02T01:40:00+02:00,1591.200,1592.702,1591.090,1592.274,34
SQ:XAUUSD,2020-04-02T01:41:00+02:00,1592.274,1592.476,1591.054,1592.454,50
SQ:XAUUSD,2020-04-02T01:42:00+02:00,1592.374,1592.374,1591.214,1592.074,82
SQ:XAUUSD,2020-04-02T01:43:00+02:00,1592.074,1592.146,1591.270,1592.134,71
SQ:XAUUSD,2020-04-02T01:44:00+02:00,1592.176,1592.184,1592.084,1592.084,9
SQ:XAUUSD,2020-04-02T01:45:00+02:00,1592.074,1592.550,1592.014,1592.014,25
SQ:XAUUSD,2020-04-02T01:46:00+02:00,1592.434,1592.724,1592.356,1592.380,29
SQ:XAUUSD,2020-04-02T01:47:00+02:00,1592.386,1592.386,1591.822,1591.854,69
SQ:XAUUSD,2020-04-02T01:48:00+02:00,1591.864,1592.056,1591.404,1591.474,51
SQ:XAUUSD,2020-04-02T01:49:00+02:00,1591.514,1591.704,1591.184,1591.264,28
SQ:XAUUSD,2020-04-02T01:50:00+02:00,1591.254,1591.316,1591.144,1591.154,16
SQ:XAUUSD,2020-04-02T01:51:00+02:00,1591.174,1591.174,1590.614,1590.974,74
SQ:XAUUSD,2020-04-02T01:52:00+02:00,1590.984,1590.994,1590.856,1590.874,191
SQ:XAUUSD,2020-04-02T01:53:00+02:00,1590.936,1591.172,1590.862,1591.168,191
SQ:XAUUSD,2020-04-02T01:54:00+02:00,1591.184,1591.276,1591.176,1591.204,81
SQ:XAUUSD,2020-04-02T01:55:00+02:00,1591.194,1592.160,1591.040,1592.160,148
SQ:XAUUSD,2020-04-02T01:56:00+02:00,1592.260,1592.260,1592.260,1592.260,1
SQ:XAUUSD,2020-04-02T01:57:00+02:00,1592.260,1592.260,1592.160,1592.160,3
SQ:XAUUSD,2020-04-02T01:58:00+02:00,1592.120,1592.120,1592.020,1592.020,3
SQ:XAUUSD,2020-04-02T01:59:00+02:00,1592.020,1592.070,1591.250,1591.250,18
SQ:XAUUSD,2020-04-02T02:00:00+02:00,1591.200,1591.880,1590.740,1591.240,159
SQ:XAUUSD,2020-04-02T02:01:00+02:00,1591.240,1592.130,1590.490,1590.490,131
SQ:XAUUSD,2020-04-02T02:02:00+02:00,1590.490,1591.900,1590.460,1591.900,39
SQ:XAUUSD,2020-04-02T02:03:00+02:00,1591.900,1592.920,1591.234,1591.310,57
SQ:XAUUSD,2020-04-02T02:04:00+02:00,1591.310,1591.310,1590.754,1591.160,62
SQ:XAUUSD,2020-04-02T02:05:00+02:00,1591.160,1591.514,1591.060,1591.476,48
SQ:XAUUSD,2020-04-02T02:06:00+02:00,1591.476,1592.090,1591.354,1591.970,66
SQ:XAUUSD,2020-04-02T02:07:00+02:00,1591.970,1592.352,1591.970,1592.174,84
SQ:XAUUSD,2020-04-02T02:08:00+02:00,1592.196,1592.542,1592.074,1592.386,121
SQ:XAUUSD,2020-04-02T02:09:00+02:00,1592.364,1592.594,1592.140,1592.586,68
SQ:XAUUSD,2020-04-02T02:10:00+02:00,1592.582,1592.670,1592.412,1592.480,44
SQ:XAUUSD,2020-04-02T02:11:00+02:00,1592.480,1592.910,1592.442,1592.474,73
SQ:XAUUSD,2020-04-02T02:12:00+02:00,1592.474,1592.620,1592.030,1592.220,88
SQ:XAUUSD,2020-04-02T02:13:00+02:00,1592.220,1592.610,1591.974,1592.130,137
SQ:XAUUSD,2020-04-02T02:14:00+02:00,1592.130,1592.180,1591.714,1592.000,169
SQ:XAUUSD,2020-04-02T02:15:00+02:00,1592.000,1592.670,1591.916,1592.114,127
SQ:XAUUSD,2020-04-02T02:16:00+02:00,1592.106,1592.134,1591.414,1591.454,235
SQ:XAUUSD,2020-04-02T02:17:00+02:00,1591.454,1591.474,1590.624,1590.730,284
SQ:XAUUSD,2020-04-02T02:18:00+02:00,1590.814,1590.936,1589.412,1589.680,230
SQ:XAUUSD,2020-04-02T02:19:00+02:00,1589.680,1590.844,1589.640,1590.760,204
SQ:XAUUSD,2020-04-02T02:20:00+02:00,1590.760,1590.760,1589.624,1589.800,138
SQ:XAUUSD,2020-04-02T02:21:00+02:00,1589.840,1590.154,1589.614,1590.100,181
SQ:XAUUSD,2020-04-02T02:22:00+02:00,1590.100,1590.650,1589.804,1590.500,170
SQ:XAUUSD,2020-04-02T02:23:00+02:00,1590.500,1590.660,1590.150,1590.346,126
SQ:XAUUSD,2020-04-02T02:24:00+02:00,1590.342,1590.780,1589.944,1590.300,145
SQ:XAUUSD,2020-04-02T02:25:00+02:00,1590.300,1590.300,1588.934,1589.214,235
SQ:XAUUSD,2020-04-02T02:26:00+02:00,1589.214,1589.394,1588.936,1589.330,196
SQ:XAUUSD,2020-04-02T02:27:00+02:00,1589.330,1589.464,1589.204,1589.374,219
SQ:XAUUSD,2020-04-02T02:28:00+02:00,1589.394,1589.394,1588.560,1588.710,163
SQ:XAUUSD,2020-04-02T02:29:00+02:00,1588.610,1589.360,1588.590,1588.720,206
SQ:XAUUSD,2020-04-02T02:30:00+02:00,1588.660,1589.260,1588.520,1589.040,185
SQ:XAUUSD,2020-04-02T02:31:00+02:00,1589.040,1590.102,1588.940,1589.902,225
SQ:XAUUSD,2020-04-02T02:32:00+02:00,1589.932,1590.056,1589.580,1589.694,197
SQ:XAUUSD,2020-04-02T02:33:00+02:00,1589.774,1589.974,1589.674,1589.842,219
SQ:XAUUSD,2020-04-02T02:34:00+02:00,1589.840,1589.872,1589.364,1589.712,232
SQ:XAUUSD,2020-04-02T02:35:00+02:00,1589.782,1590.164,1589.692,1590.164,203
SQ:XAUUSD,2020-04-02T02:36:00+02:00,1590.164,1590.206,1589.404,1589.684,235
SQ:XAUUSD,2020-04-02T02:37:00+02:00,1589.674,1589.846,1589.394,1589.404,130
SQ:XAUUSD,2020-04-02T02:38:00+02:00,1589.394,1590.006,1589.394,1589.854,171
SQ:XAUUSD,2020-04-02T02:39:00+02:00,1589.934,1590.104,1589.820,1590.020,49
SQ:XAUUSD,2020-04-02T02:40:00+02:00,1590.020,1590.020,1589.360,1589.360,19
SQ:XAUUSD,2020-04-02T02:41:00+02:00,1589.360,1589.790,1589.030,1589.520,36
SQ:XAUUSD,2020-04-02T02:42:00+02:00,1589.520,1589.800,1589.440,1589.540,26
SQ:XAUUSD,2020-04-02T02:43:00+02:00,1589.580,1589.620,1588.320,1588.860,61
SQ:XAUUSD,2020-04-02T02:44:00+02:00,1588.550,1588.820,1587.610,1588.050,199
SQ:XAUUSD,2020-04-02T02:45:00+02:00,1588.050,1588.580,1588.050,1588.240,35
SQ:XAUUSD,2020-04-02T02:46:00+02:00,1588.240,1589.040,1588.240,1588.540,124
SQ:XAUUSD,2020-04-02T02:47:00+02:00,1588.540,1588.960,1588.210,1588.710,195
SQ:XAUUSD,2020-04-02T02:48:00+02:00,1588.630,1588.780,1588.580,1588.750,64
SQ:XAUUSD,2020-04-02T02:49:00+02:00,1588.750,1588.750,1588.220,1588.300,79
SQ:XAUUSD,2020-04-02T02:50:00+02:00,1588.300,1588.300,1587.240,1587.920,83
SQ:XAUUSD,2020-04-02T02:51:00+02:00,1587.970,1588.270,1587.880,1587.940,24
SQ:XAUUSD,2020-04-02T02:52:00+02:00,1587.940,1587.980,1587.290,1587.880,55
SQ:XAUUSD,2020-04-02T02:53:00+02:00,1587.880,1587.880,1586.850,1587.360,66
SQ:XAUUSD,2020-04-02T02:54:00+02:00,1587.320,1587.610,1585.340,1585.690,158
SQ:XAUUSD,2020-04-02T02:55:00+02:00,1585.690,1587.240,1585.490,1587.020,233
SQ:XAUUSD,2020-04-02T02:56:00+02:00,1587.020,1587.190,1586.340,1586.920,162
SQ:XAUUSD,2020-04-02T02:57:00+02:00,1586.920,1587.160,1586.590,1586.980,64
SQ:XAUUSD,2020-04-02T02:58:00+02:00,1586.980,1587.190,1586.980,1587.090,9
SQ:XAUUSD,2020-04-02T02:59:00+02:00,1587.090,1587.090,1586.820,1587.010,16
SQ:XAUUSD,2020-04-02T03:00:00+02:00,1587.010,1587.010,1583.240,1584.480,199
SQ:XAUUSD,2020-04-02T03:01:00+02:00,1584.480,1585.230,1582.350,1583.780,161
SQ:XAUUSD,2020-04-02T03:02:00+02:00,1583.780,1585.220,1583.270,1585.110,127
SQ:XAUUSD,2020-04-02T03:03:00+02:00,1585.100,1585.200,1584.230,1584.950,193
SQ:XAUUSD,2020-04-02T03:04:00+02:00,1584.950,1585.620,1584.510,1585.460,190
SQ:XAUUSD,2020-04-02T03:05:00+02:00,1585.260,1585.880,1584.800,1585.630,205
SQ:XAUUSD,2020-04-02T03:06:00+02:00,1585.750,1586.680,1584.990,1585.150,143
SQ:XAUUSD,2020-04-02T03:07:00+02:00,1585.150,1585.894,1585.150,1585.328,108
SQ:XAUUSD,2020-04-02T03:08:00+02:00,1585.328,1585.748,1584.920,1585.410,136
SQ:XAUUSD,2020-04-02T03:09:00+02:00,1585.410,1586.010,1584.710,1585.830,138
SQ:XAUUSD,2020-04-02T03:10:00+02:00,1585.830,1585.830,1584.750,1585.350,76
SQ:XAUUSD,2020-04-02T03:11:00+02:00,1585.440,1585.800,1584.840,1584.910,120
SQ:XAUUSD,2020-04-02T03:12:00+02:00,1584.910,1585.080,1584.600,1584.780,62
SQ:XAUUSD,2020-04-02T03:13:00+02:00,1584.780,1584.890,1583.970,1584.440,173
SQ:XAUUSD,2020-04-02T03:14:00+02:00,1584.440,1584.920,1584.440,1584.740,318
SQ:XAUUSD,2020-04-02T03:15:00+02:00,1584.760,1585.020,1584.440,1584.440,174
SQ:XAUUSD,2020-04-02T03:16:00+02:00,1584.440,1584.660,1584.050,1584.130,33
SQ:XAUUSD,2020-04-02T03:17:00+02:00,1584.230,1584.620,1583.730,1584.146,63
SQ:XAUUSD,2020-04-02T03:18:00+02:00,1584.156,1584.590,1583.860,1583.990,146
SQ:XAUUSD,2020-04-02T03:19:00+02:00,1584.026,1585.010,1584.026,1584.646,158
SQ:XAUUSD,2020-04-02T03:20:00+02:00,1584.600,1584.730,1584.270,1584.670,67
SQ:XAUUSD,2020-04-02T03:21:00+02:00,1584.680,1584.680,1583.050,1583.590,116
SQ:XAUUSD,2020-04-02T03:22:00+02:00,1583.590,1583.926,1583.360,1583.560,167
SQ:XAUUSD,2020-04-02T03:23:00+02:00,1583.560,1583.800,1583.210,1583.610,90
SQ:XAUUSD,2020-04-02T03:24:00+02:00,1583.640,1583.830,1582.900,1583.360,41
SQ:XAUUSD,2020-04-02T03:25:00+02:00,1583.360,1583.640,1583.230,1583.540,26
SQ:XAUUSD,2020-04-02T03:26:00+02:00,1583.540,1583.840,1583.360,1583.500,34
SQ:XAUUSD,2020-04-02T03:27:00+02:00,1583.440,1584.660,1583.420,1584.650,45
SQ:XAUUSD,2020-04-02T03:28:00+02:00,1584.660,1584.660,1583.550,1583.860,110
SQ:XAUUSD,2020-04-02T03:29:00+02:00,1583.860,1584.250,1583.840,1584.220,97
SQ:XAUUSD,2020-04-02T03:30:00+02:00,1584.220,1584.510,1584.180,1584.420,65
SQ:XAUUSD,2020-04-02T03:31:00+02:00,1584.440,1585.010,1584.310,1584.730,67
SQ:XAUUSD,2020-04-02T03:32:00+02:00,1584.770,1584.980,1584.420,1584.870,60
SQ:XAUUSD,2020-04-02T03:33:00+02:00,1584.870,1584.890,1584.190,1584.460,115
SQ:XAUUSD,2020-04-02T03:34:00+02:00,1584.460,1585.220,1584.280,1585.030,149
SQ:XAUUSD,2020-04-02T03:35:00+02:00,1585.030,1585.640,1585.010,1585.496,99
SQ:XAUUSD,2020-04-02T03:36:00+02:00,1585.506,1585.650,1585.276,1585.396,87
SQ:XAUUSD,2020-04-02T03:37:00+02:00,1585.450,1585.760,1585.260,1585.260,76
SQ:XAUUSD,2020-04-02T03:38:00+02:00,1585.300,1585.370,1584.880,1584.880,25
SQ:XAUUSD,2020-04-02T03:39:00+02:00,1584.880,1585.510,1584.800,1585.080,55
SQ:XAUUSD,2020-04-02T03:40:00+02:00,1584.970,1585.140,1584.700,1584.850,35
SQ:XAUUSD,2020-04-02T03:41:00+02:00,1584.910,1584.960,1584.740,1584.890,10
SQ:XAUUSD,2020-04-02T03:42:00+02:00,1584.890,1584.890,1583.990,1584.790,30
SQ:XAUUSD,2020-04-02T03:43:00+02:00,1584.180,1584.970,1584.100,1584.960,22
SQ:XAUUSD,2020-04-02T03:44:00+02:00,1584.960,1585.180,1584.140,1584.850,16
SQ:XAUUSD,2020-04-02T03:45:00+02:00,1584.850,1585.000,1584.810,1584.900,14
SQ:XAUUSD,2020-04-02T03:46:00+02:00,1584.900,1584.960,1584.880,1584.940,6
SQ:XAUUSD,2020-04-02T03:47:00+02:00,1585.000,1585.260,1584.840,1584.940,29
SQ:XAUUSD,2020-04-02T03:48:00+02:00,1584.970,1585.230,1584.860,1585.230,23
SQ:XAUUSD,2020-04-02T03:49:00+02:00,1585.280,1585.280,1584.840,1585.220,30
SQ:XAUUSD,2020-04-02T03:50:00+02:00,1585.210,1585.210,1584.970,1585.010,24
SQ:XAUUSD,2020-04-02T03:51:00+02:00,1584.980,1585.340,1584.930,1585.330,19
SQ:XAUUSD,2020-04-02T03:52:00+02:00,1585.330,1585.870,1585.300,1585.810,40
SQ:XAUUSD,2020-04-02T03:53:00+02:00,1585.810,1585.870,1585.130,1585.300,53
SQ:XAUUSD,2020-04-02T03:54:00+02:00,1585.300,1585.630,1584.760,1585.490,64
SQ:XAUUSD,2020-04-02T03:55:00+02:00,1585.490,1585.490,1585.370,1585.430,17
SQ:XAUUSD,2020-04-02T03:56:00+02:00,1585.400,1585.450,1585.140,1585.140,16
SQ:XAUUSD,2020-04-02T03:57:00+02:00,1585.090,1585.750,1585.090,1585.550,34
SQ:XAUUSD,2020-04-02T03:58:00+02:00,1585.550,1585.630,1584.950,1585.370,32
SQ:XAUUSD,2020-04-02T03:59:00+02:00,1585.370,1585.420,1584.990,1585.410,25
SQ:XAUUSD,2020-04-02T04:00:00+02:00,1585.410,1585.630,1584.920,1585.420,67
SQ:XAUUSD,2020-04-02T04:01:00+02:00,1585.380,1585.420,1584.870,1584.910,71
SQ:XAUUSD,2020-04-02T04:02:00+02:00,1584.980,1585.340,1584.870,1585.230,29
SQ:XAUUSD,2020-04-02T04:03:00+02:00,1584.650,1585.290,1584.580,1585.020,40
SQ:XAUUSD,2020-04-02T04:04:00+02:00,1585.020,1585.516,1585.020,1585.180,28
SQ:XAUUSD,2020-04-02T04:05:00+02:00,1585.180,1585.226,1584.880,1584.960,20
SQ:XAUUSD,2020-04-02T04:06:00+02:00,1584.960,1585.050,1584.640,1584.640,12
SQ:XAUUSD,2020-04-02T04:07:00+02:00,1584.640,1584.850,1584.340,1584.640,17
SQ:XAUUSD,2020-04-02T04:08:00+02:00,1584.640,1584.640,1583.460,1583.460,93
SQ:XAUUSD,2020-04-02T04:09:00+02:00,1583.500,1584.600,1582.566,1584.170,165
SQ:XAUUSD,2020-04-02T04:10:00+02:00,1584.320,1584.500,1583.990,1584.460,91
SQ:XAUUSD,2020-04-02T04:11:00+02:00,1584.460,1584.460,1584.220,1584.290,78
SQ:XAUUSD,2020-04-02T04:12:00+02:00,1584.290,1584.980,1584.290,1584.820,59
SQ:XAUUSD,2020-04-02T04:13:00+02:00,1584.850,1585.810,1584.486,1585.560,97
SQ:XAUUSD,2020-04-02T04:14:00+02:00,1585.560,1585.560,1584.156,1584.680,77
SQ:XAUUSD,2020-04-02T04:15:00+02:00,1584.730,1585.130,1584.730,1584.920,24
SQ:XAUUSD,2020-04-02T04:16:00+02:00,1584.920,1585.160,1584.710,1585.070,50
SQ:XAUUSD,2020-04-02T04:17:00+02:00,1585.070,1585.110,1584.900,1584.910,21
SQ:XAUUSD,2020-04-02T04:18:00+02:00,1584.890,1584.910,1584.260,1584.370,33
SQ:XAUUSD,2020-04-02T04:19:00+02:00,1584.390,1585.030,1584.390,1584.560,43
SQ:XAUUSD,2020-04-02T04:20:00+02:00,1584.560,1585.290,1584.560,1585.080,20
SQ:XAUUSD,2020-04-02T04:21:00+02:00,1585.080,1585.140,1584.940,1585.040,17
SQ:XAUUSD,2020-04-02T04:22:00+02:00,1585.040,1585.150,1585.040,1585.150,9
SQ:XAUUSD,2020-04-02T04:23:00+02:00,1585.090,1585.090,1585.010,1585.090,7
SQ:XAUUSD,2020-04-02T04:24:00+02:00,1585.090,1585.700,1584.990,1585.700,19
SQ:XAUUSD,2020-04-02T04:25:00+02:00,1585.700,1585.760,1585.290,1585.290,25
SQ:XAUUSD,2020-04-02T04:26:00+02:00,1585.290,1585.550,1585.160,1585.550,14
SQ:XAUUSD,2020-04-02T04:27:00+02:00,1585.560,1585.780,1585.500,1585.670,36
SQ:XAUUSD,2020-04-02T04:28:00+02:00,1585.660,1585.710,1585.340,1585.550,31
SQ:XAUUSD,2020-04-02T04:29:00+02:00,1585.550,1585.690,1585.460,1585.690,24
SQ:XAUUSD,2020-04-02T04:30:00+02:00,1585.690,1585.760,1585.490,1585.730,49
SQ:XAUUSD,2020-04-02T04:31:00+02:00,1585.730,1585.790,1585.580,1585.600,10
SQ:XAUUSD,2020-04-02T04:32:00+02:00,1585.600,1585.620,1585.190,1585.220,79
SQ:XAUUSD,2020-04-02T04:33:00+02:00,1585.220,1585.350,1584.790,1585.080,35
SQ:XAUUSD,2020-04-02T04:34:00+02:00,1585.080,1585.140,1584.660,1585.140,25
SQ:XAUUSD,2020-04-02T04:35:00+02:00,1585.140,1585.140,1583.090,1584.130,102
SQ:XAUUSD,2020-04-02T04:36:00+02:00,1584.200,1584.330,1583.350,1583.750,44
SQ:XAUUSD,2020-04-02T04:37:00+02:00,1583.740,1584.130,1583.250,1583.500,89
SQ:XAUUSD,2020-04-02T04:38:00+02:00,1583.656,1584.310,1583.260,1584.150,39
SQ:XAUUSD,2020-04-02T04:39:00+02:00,1584.150,1584.150,1583.290,1583.790,33
SQ:XAUUSD,2020-04-02T04:40:00+02:00,1583.790,1584.310,1583.510,1584.290,36
SQ:XAUUSD,2020-04-02T04:41:00+02:00,1584.300,1584.300,1583.470,1583.510,35
SQ:XAUUSD,2020-04-02T04:42:00+02:00,1583.480,1583.920,1583.480,1583.920,51
SQ:XAUUSD,2020-04-02T04:43:00+02:00,1583.920,1583.940,1583.140,1583.370,63
SQ:XAUUSD,2020-04-02T04:44:00+02:00,1583.530,1583.710,1583.110,1583.466,78
SQ:XAUUSD,2020-04-02T04:45:00+02:00,1583.260,1583.456,1583.210,1583.370,43
SQ:XAUUSD,2020-04-02T04:46:00+02:00,1583.360,1584.400,1583.190,1584.350,82
SQ:XAUUSD,2020-04-02T04:47:00+02:00,1584.300,1584.380,1583.940,1584.110,33
SQ:XAUUSD,2020-04-02T04:48:00+02:00,1584.010,1584.180,1584.000,1584.050,23
SQ:XAUUSD,2020-04-02T04:49:00+02:00,1584.040,1584.220,1583.910,1584.080,26
SQ:XAUUSD,2020-04-02T04:50:00+02:00,1584.080,1584.210,1583.740,1584.180,31
SQ:XAUUSD,2020-04-02T04:51:00+02:00,1584.130,1584.730,1584.130,1584.710,43
SQ:XAUUSD,2020-04-02T04:52:00+02:00,1584.710,1584.880,1584.580,1584.800,41
SQ:XAUUSD,2020-04-02T04:53:00+02:00,1584.800,1584.930,1584.490,1584.560,40
SQ:XAUUSD,2020-04-02T04:54:00+02:00,1584.570,1585.020,1584.570,1584.740,41
SQ:XAUUSD,2020-04-02T04:55:00+02:00,1584.740,1584.820,1584.320,1584.470,33
SQ:XAUUSD,2020-04-02T04:56:00+02:00,1584.480,1584.830,1584.480,1584.690,28
SQ:XAUUSD,2020-04-02T04:57:00+02:00,1584.640,1584.660,1584.300,1584.360,30
SQ:XAUUSD,2020-04-02T04:58:00+02:00,1584.360,1584.960,1584.180,1584.920,38
SQ:XAUUSD,2020-04-02T04:59:00+02:00,1584.790,1584.930,1584.240,1584.430,31
SQ:XAUUSD,2020-04-02T05:00:00+02:00,1584.430,1584.490,1583.630,1583.640,35
SQ:XAUUSD,2020-04-02T05:01:00+02:00,1583.640,1583.890,1583.630,1583.690,28
SQ:XAUUSD,2020-04-02T05:02:00+02:00,1583.670,1583.920,1583.550,1583.810,27
SQ:XAUUSD,2020-04-02T05:03:00+02:00,1583.810,1583.920,1583.620,1583.730,38
SQ:XAUUSD,2020-04-02T05:04:00+02:00,1583.780,1583.930,1583.610,1583.930,24
SQ:XAUUSD,2020-04-02T05:05:00+02:00,1583.920,1583.920,1583.720,1583.890,23
SQ:XAUUSD,2020-04-02T05:06:00+02:00,1583.900,1584.490,1583.900,1584.350,28
SQ:XAUUSD,2020-04-02T05:07:00+02:00,1584.350,1584.680,1584.230,1584.640,18
SQ:XAUUSD,2020-04-02T05:08:00+02:00,1584.580,1584.580,1584.490,1584.500,18
SQ:XAUUSD,2020-04-02T05:09:00+02:00,1584.510,1584.510,1584.420,1584.420,6
SQ:XAUUSD,2020-04-02T05:10:00+02:00,1584.440,1584.560,1584.440,1584.460,17
SQ:XAUUSD,2020-04-02T05:11:00+02:00,1584.460,1584.480,1583.810,1584.200,22
SQ:XAUUSD,2020-04-02T05:12:00+02:00,1584.190,1584.210,1584.060,1584.060,17
SQ:XAUUSD,2020-04-02T05:13:00+02:00,1584.060,1584.460,1584.060,1584.420,23
SQ:XAUUSD,2020-04-02T05:14:00+02:00,1584.410,1584.470,1584.380,1584.410,19
SQ:XAUUSD,2020-04-02T05:15:00+02:00,1584.390,1584.540,1584.390,1584.440,20
SQ:XAUUSD,2020-04-02T05:16:00+02:00,1584.450,1584.480,1583.940,1583.980,28
SQ:XAUUSD,2020-04-02T05:17:00+02:00,1583.970,1584.300,1583.960,1584.270,27
SQ:XAUUSD,2020-04-02T05:18:00+02:00,1584.270,1584.480,1584.270,1584.480,17
SQ:XAUUSD,2020-04-02T05:19:00+02:00,1584.490,1584.540,1584.360,1584.440,25
SQ:XAUUSD,2020-04-02T05:20:00+02:00,1584.420,1584.520,1584.400,1584.450,18
SQ:XAUUSD,2020-04-02T05:21:00+02:00,1584.440,1584.530,1584.230,1584.350,35
SQ:XAUUSD,2020-04-02T05:22:00+02:00,1584.350,1584.900,1584.320,1584.800,27
SQ:XAUUSD,2020-04-02T05:23:00+02:00,1584.780,1584.990,1584.740,1584.750,40
SQ:XAUUSD,2020-04-02T05:24:00+02:00,1584.840,1585.330,1584.750,1585.230,38
SQ:XAUUSD,2020-04-02T05:25:00+02:00,1585.230,1585.330,1584.276,1584.326,44
SQ:XAUUSD,2020-04-02T05:26:00+02:00,1584.346,1584.610,1584.316,1584.580,61
SQ:XAUUSD,2020-04-02T05:27:00+02:00,1584.580,1584.790,1584.576,1584.730,23
SQ:XAUUSD,2020-04-02T05:28:00+02:00,1584.730,1584.860,1584.630,1584.780,22
SQ:XAUUSD,2020-04-02T05:29:00+02:00,1584.780,1584.780,1584.426,1584.436,33
SQ:XAUUSD,2020-04-02T05:30:00+02:00,1584.436,1584.526,1584.240,1584.260,13
SQ:XAUUSD,2020-04-02T05:31:00+02:00,1584.256,1584.366,1584.196,1584.280,24
SQ:XAUUSD,2020-04-02T05:32:00+02:00,1584.280,1584.290,1583.836,1583.870,52
SQ:XAUUSD,2020-04-02T05:33:00+02:00,1583.870,1583.870,1583.666,1583.776,38
SQ:XAUUSD,2020-04-02T05:34:00+02:00,1583.766,1584.246,1583.766,1584.246,42
SQ:XAUUSD,2020-04-02T05:35:00+02:00,1584.240,1584.520,1584.226,1584.520,14
SQ:XAUUSD,2020-04-02T05:36:00+02:00,1584.470,1585.030,1584.470,1584.910,32
SQ:XAUUSD,2020-04-02T05:37:00+02:00,1584.910,1584.920,1584.560,1584.780,18
SQ:XAUUSD,2020-04-02T05:38:00+02:00,1584.780,1584.850,1584.590,1584.800,19
SQ:XAUUSD,2020-04-02T05:39:00+02:00,1584.780,1584.990,1584.440,1584.456,22
SQ:XAUUSD,2020-04-02T05:40:00+02:00,1584.456,1584.580,1584.386,1584.546,25
SQ:XAUUSD,2020-04-02T05:41:00+02:00,1584.546,1584.590,1584.416,1584.416,19
SQ:XAUUSD,2020-04-02T05:42:00+02:00,1584.416,1584.426,1584.080,1584.240,17
SQ:XAUUSD,2020-04-02T05:43:00+02:00,1584.240,1584.470,1584.240,1584.284,20
SQ:XAUUSD,2020-04-02T05:44:00+02:00,1584.310,1584.416,1584.276,1584.366,25
SQ:XAUUSD,2020-04-02T05:45:00+02:00,1584.360,1584.410,1584.000,1584.200,52
SQ:XAUUSD,2020-04-02T05:46:00+02:00,1584.200,1584.386,1584.110,1584.386,15
SQ:XAUUSD,2020-04-02T05:47:00+02:00,1584.386,1584.486,1584.290,1584.376,15
SQ:XAUUSD,2020-04-02T05:48:00+02:00,1584.426,1584.720,1584.386,1584.720,15
SQ:XAUUSD,2020-04-02T05:49:00+02:00,1584.720,1584.770,1584.690,1584.720,7
SQ:XAUUSD,2020-04-02T05:50:00+02:00,1584.720,1584.760,1584.500,1584.650,18
SQ:XAUUSD,2020-04-02T05:51:00+02:00,1584.630,1584.660,1584.540,1584.540,12
SQ:XAUUSD,2020-04-02T05:52:00+02:00,1584.550,1584.770,1584.500,1584.650,12
SQ:XAUUSD,2020-04-02T05:53:00+02:00,1584.650,1585.286,1584.500,1585.216,37
SQ:XAUUSD,2020-04-02T05:54:00+02:00,1585.216,1585.266,1585.010,1585.186,18
SQ:XAUUSD,2020-04-02T05:55:00+02:00,1585.186,1585.216,1584.758,1584.800,24
SQ:XAUUSD,2020-04-02T05:56:00+02:00,1584.800,1584.960,1584.710,1584.960,13
SQ:XAUUSD,2020-04-02T05:57:00+02:00,1584.960,1585.150,1584.890,1585.140,16
SQ:XAUUSD,2020-04-02T05:58:00+02:00,1585.140,1585.150,1584.900,1584.950,19
SQ:XAUUSD,2020-04-02T05:59:00+02:00,1584.890,1585.260,1584.890,1585.146,14
SQ:XAUUSD,2020-04-02T06:00:00+02:00,1585.146,1585.526,1584.880,1585.406,23
SQ:XAUUSD,2020-04-02T06:01:00+02:00,1585.386,1585.386,1584.724,1584.730,30
SQ:XAUUSD,2020-04-02T06:02:00+02:00,1584.736,1584.736,1584.480,1584.580,32
SQ:XAUUSD,2020-04-02T06:03:00+02:00,1584.580,1584.780,1584.376,1584.386,17
SQ:XAUUSD,2020-04-02T06:04:00+02:00,1584.376,1584.500,1584.230,1584.276,33
SQ:XAUUSD,2020-04-02T06:05:00+02:00,1584.286,1584.320,1583.980,1584.080,47
SQ:XAUUSD,2020-04-02T06:06:00+02:00,1584.040,1584.150,1583.956,1583.980,23
SQ:XAUUSD,2020-04-02T06:07:00+02:00,1583.976,1584.460,1583.976,1584.460,7
SQ:XAUUSD,2020-04-02T06:08:00+02:00,1584.460,1584.460,1584.450,1584.450,2
SQ:XAUUSD,2020-04-02T06:09:00+02:00,1584.450,1584.450,1583.710,1584.100,40
SQ:XAUUSD,2020-04-02T06:10:00+02:00,1584.100,1584.160,1583.830,1584.150,19
SQ:XAUUSD,2020-04-02T06:11:00+02:00,1584.150,1584.150,1584.100,1584.150,3
SQ:XAUUSD,2020-04-02T06:12:00+02:00,1584.150,1584.160,1583.630,1583.630,14
SQ:XAUUSD,2020-04-02T06:13:00+02:00,1583.630,1583.720,1583.180,1583.180,17
SQ:XAUUSD,2020-04-02T06:14:00+02:00,1583.180,1583.310,1583.180,1583.250,14
SQ:XAUUSD,2020-04-02T06:15:00+02:00,1583.250,1583.770,1583.250,1583.770,26
SQ:XAUUSD,2020-04-02T06:16:00+02:00,1583.770,1583.840,1583.770,1583.780,12
SQ:XAUUSD,2020-04-02T06:17:00+02:00,1583.780,1583.930,1583.370,1583.370,22
SQ:XAUUSD,2020-04-02T06:18:00+02:00,1583.390,1583.810,1583.330,1583.810,22
SQ:XAUUSD,2020-04-02T06:19:00+02:00,1583.780,1583.830,1583.580,1583.580,11
SQ:XAUUSD,2020-04-02T06:20:00+02:00,1583.650,1583.770,1583.570,1583.630,20
SQ:XAUUSD,2020-04-02T06:21:00+02:00,1583.630,1583.700,1583.570,1583.570,14
SQ:XAUUSD,2020-04-02T06:22:00+02:00,1583.620,1583.810,1583.430,1583.700,18
SQ:XAUUSD,2020-04-02T06:23:00+02:00,1583.710,1583.820,1583.690,1583.770,15
SQ:XAUUSD,2020-04-02T06:24:00+02:00,1583.790,1583.910,1583.780,1583.910,6
SQ:XAUUSD,2020-04-02T06:25:00+02:00,1583.910,1583.910,1583.790,1583.790,4
SQ:XAUUSD,2020-04-02T06:26:00+02:00,1583.790,1583.900,1583.790,1583.850,5
SQ:XAUUSD,2020-04-02T06:27:00+02:00,1583.850,1583.890,1583.620,1583.840,7
SQ:XAUUSD,2020-04-02T06:28:00+02:00,1583.830,1583.830,1583.630,1583.700,15
SQ:XAUUSD,2020-04-02T06:29:00+02:00,1583.690,1583.790,1583.650,1583.700,13
SQ:XAUUSD,2020-04-02T06:30:00+02:00,1583.700,1584.140,1583.700,1584.140,28
SQ:XAUUSD,2020-04-02T06:31:00+02:00,1584.140,1584.330,1584.050,1584.330,17
SQ:XAUUSD,2020-04-02T06:32:00+02:00,1584.330,1584.360,1584.170,1584.190,16
SQ:XAUUSD,2020-04-02T06:33:00+02:00,1584.190,1584.390,1584.180,1584.390,20
SQ:XAUUSD,2020-04-02T06:34:00+02:00,1584.390,1584.390,1583.396,1584.300,13
SQ:XAUUSD,2020-04-02T06:35:00+02:00,1584.280,1584.280,1584.130,1584.210,15
SQ:XAUUSD,2020-04-02T06:36:00+02:00,1584.210,1584.250,1584.190,1584.220,16
SQ:XAUUSD,2020-04-02T06:37:00+02:00,1584.210,1584.210,1584.040,1584.110,16
SQ:XAUUSD,2020-04-02T06:38:00+02:00,1584.110,1584.170,1583.770,1584.170,14
SQ:XAUUSD,2020-04-02T06:39:00+02:00,1584.170,1584.190,1583.990,1584.070,21
SQ:XAUUSD,2020-04-02T06:40:00+02:00,1584.070,1584.220,1584.020,1584.020,22
SQ:XAUUSD,2020-04-02T06:41:00+02:00,1584.070,1584.080,1583.980,1584.060,17
SQ:XAUUSD,2020-04-02T06:42:00+02:00,1584.060,1584.110,1583.690,1583.690,16
SQ:XAUUSD,2020-04-02T06:43:00+02:00,1583.690,1583.870,1583.440,1583.440,16
SQ:XAUUSD,2020-04-02T06:44:00+02:00,1583.450,1583.540,1583.410,1583.490,11
SQ:XAUUSD,2020-04-02T06:45:00+02:00,1583.490,1583.580,1583.270,1583.270,17
SQ:XAUUSD,2020-04-02T06:46:00+02:00,1583.270,1583.390,1583.050,1583.050,30
SQ:XAUUSD,2020-04-02T06:47:00+02:00,1583.050,1583.360,1583.050,1583.340,23
SQ:XAUUSD,2020-04-02T06:48:00+02:00,1583.320,1584.820,1583.090,1584.270,108
SQ:XAUUSD,2020-04-02T06:49:00+02:00,1584.360,1584.686,1584.060,1584.246,89
SQ:XAUUSD,2020-04-02T06:50:00+02:00,1584.230,1584.830,1583.980,1584.520,58
SQ:XAUUSD,2020-04-02T06:51:00+02:00,1584.520,1584.710,1584.510,1584.600,20
SQ:XAUUSD,2020-04-02T06:52:00+02:00,1584.600,1584.650,1584.480,1584.500,19
SQ:XAUUSD,2020-04-02T06:53:00+02:00,1584.500,1585.210,1584.490,1584.890,28
SQ:XAUUSD,2020-04-02T06:54:00+02:00,1584.880,1585.030,1584.810,1584.890,16
SQ:XAUUSD,2020-04-02T06:55:00+02:00,1584.890,1585.070,1584.800,1585.010,29
SQ:XAUUSD,2020-04-02T06:56:00+02:00,1585.010,1585.430,1584.990,1585.390,31
SQ:XAUUSD,2020-04-02T06:57:00+02:00,1585.390,1585.390,1584.660,1584.730,23
SQ:XAUUSD,2020-04-02T06:58:00+02:00,1584.730,1584.730,1584.110,1584.430,30
SQ:XAUUSD,2020-04-02T06:59:00+02:00,1584.400,1584.700,1584.290,1584.520,20
SQ:XAUUSD,2020-04-02T07:00:00+02:00,1584.520,1584.630,1584.250,1584.370,27
SQ:XAUUSD,2020-04-02T07:01:00+02:00,1584.390,1584.520,1584.210,1584.210,21
SQ:XAUUSD,2020-04-02T07:02:00+02:00,1584.200,1584.230,1583.480,1583.580,36
SQ:XAUUSD,2020-04-02T07:03:00+02:00,1583.650,1583.790,1583.610,1583.710,12
SQ:XAUUSD,2020-04-02T07:04:00+02:00,1583.770,1583.840,1583.690,1583.780,11
SQ:XAUUSD,2020-04-02T07:05:00+02:00,1583.830,1584.190,1583.830,1583.930,22
SQ:XAUUSD,2020-04-02T07:06:00+02:00,1583.930,1583.930,1583.780,1583.780,7
SQ:XAUUSD,2020-04-02T07:07:00+02:00,1583.780,1583.870,1583.710,1583.840,18
SQ:XAUUSD,2020-04-02T07:08:00+02:00,1583.840,1584.740,1583.750,1584.680,17
SQ:XAUUSD,2020-04-02T07:09:00+02:00,1584.680,1584.790,1584.680,1584.790,4
SQ:XAUUSD,2020-04-02T07:10:00+02:00,1584.796,1585.130,1584.610,1585.030,34
SQ:XAUUSD,2020-04-02T07:11:00+02:00,1584.990,1585.120,1584.610,1584.750,31
SQ:XAUUSD,2020-04-02T07:12:00+02:00,1584.750,1584.920,1584.650,1584.790,24
SQ:XAUUSD,2020-04-02T07:13:00+02:00,1584.840,1585.040,1584.780,1584.830,33
SQ:XAUUSD,2020-04-02T07:14:00+02:00,1584.850,1584.860,1584.370,1584.400,21
SQ:XAUUSD,2020-04-02T07:15:00+02:00,1584.390,1584.460,1584.280,1584.410,11
SQ:XAUUSD,2020-04-02T07:16:00+02:00,1584.380,1584.920,1584.380,1584.780,21
SQ:XAUUSD,2020-04-02T07:17:00+02:00,1584.800,1585.120,1584.670,1584.670,24
SQ:XAUUSD,2020-04-02T07:18:00+02:00,1584.750,1584.950,1584.710,1584.880,15
SQ:XAUUSD,2020-04-02T07:19:00+02:00,1584.880,1585.350,1584.880,1585.100,28
SQ:XAUUSD,2020-04-02T07:20:00+02:00,1585.050,1585.200,1585.030,1585.150,20
SQ:XAUUSD,2020-04-02T07:21:00+02:00,1585.150,1585.420,1585.060,1585.420,24
SQ:XAUUSD,2020-04-02T07:22:00+02:00,1585.420,1586.010,1585.200,1585.970,59
SQ:XAUUSD,2020-04-02T07:23:00+02:00,1585.970,1586.180,1585.850,1585.850,45
SQ:XAUUSD,2020-04-02T07:24:00+02:00,1585.850,1586.340,1585.750,1586.170,19
SQ:XAUUSD,2020-04-02T07:25:00+02:00,1586.210,1588.180,1586.170,1587.240,116
SQ:XAUUSD,2020-04-02T07:26:00+02:00,1587.240,1587.260,1586.670,1587.060,55
SQ:XAUUSD,2020-04-02T07:27:00+02:00,1587.050,1587.050,1586.390,1586.400,28
SQ:XAUUSD,2020-04-02T07:28:00+02:00,1586.400,1587.100,1586.350,1586.790,41
SQ:XAUUSD,2020-04-02T07:29:00+02:00,1586.830,1587.230,1586.630,1587.180,29
SQ:XAUUSD,2020-04-02T07:30:00+02:00,1587.180,1587.220,1586.450,1586.640,69
SQ:XAUUSD,2020-04-02T07:31:00+02:00,1586.600,1586.680,1585.936,1586.290,55
SQ:XAUUSD,2020-04-02T07:32:00+02:00,1586.290,1586.590,1586.200,1586.530,34
SQ:XAUUSD,2020-04-02T07:33:00+02:00,1586.530,1586.530,1586.090,1586.350,34
SQ:XAUUSD,2020-04-02T07:34:00+02:00,1586.350,1587.000,1586.250,1586.680,43
SQ:XAUUSD,2020-04-02T07:35:00+02:00,1586.680,1586.930,1586.120,1586.540,55
SQ:XAUUSD,2020-04-02T07:36:00+02:00,1586.540,1586.740,1586.030,1586.340,47
SQ:XAUUSD,2020-04-02T07:37:00+02:00,1586.340,1586.960,1586.300,1586.790,56
SQ:XAUUSD,2020-04-02T07:38:00+02:00,1586.790,1586.860,1586.160,1586.630,60
SQ:XAUUSD,2020-04-02T07:39:00+02:00,1586.650,1586.700,1586.120,1586.160,57
SQ:XAUUSD,2020-04-02T07:40:00+02:00,1586.160,1586.180,1585.150,1585.610,105
SQ:XAUUSD,2020-04-02T07:41:00+02:00,1585.690,1586.160,1585.230,1586.160,122
SQ:XAUUSD,2020-04-02T07:42:00+02:00,1586.160,1586.520,1585.480,1585.670,156
SQ:XAUUSD,2020-04-02T07:43:00+02:00,1585.670,1586.340,1585.530,1586.140,180
SQ:XAUUSD,2020-04-02T07:44:00+02:00,1586.140,1586.350,1585.790,1585.880,171
SQ:XAUUSD,2020-04-02T07:45:00+02:00,1585.880,1586.270,1585.580,1586.070,178
SQ:XAUUSD,2020-04-02T07:46:00+02:00,1586.070,1586.200,1585.740,1586.070,164
SQ:XAUUSD,2020-04-02T07:47:00+02:00,1586.160,1586.770,1586.090,1586.550,163
SQ:XAUUSD,2020-04-02T07:48:00+02:00,1586.420,1586.850,1586.330,1586.760,204
SQ:XAUUSD,2020-04-02T07:49:00+02:00,1586.760,1587.350,1586.440,1586.620,161
SQ:XAUUSD,2020-04-02T07:50:00+02:00,1586.690,1587.360,1586.550,1586.850,122
SQ:XAUUSD,2020-04-02T07:51:00+02:00,1586.890,1587.240,1584.550,1584.910,286
SQ:XAUUSD,2020-04-02T07:52:00+02:00,1584.910,1585.690,1584.610,1584.970,85
SQ:XAUUSD,2020-04-02T07:53:00+02:00,1584.970,1585.050,1584.490,1584.720,131
SQ:XAUUSD,2020-04-02T07:54:00+02:00,1584.720,1585.040,1584.630,1584.970,116
SQ:XAUUSD,2020-04-02T07:55:00+02:00,1585.160,1585.310,1583.570,1584.300,177
SQ:XAUUSD,2020-04-02T07:56:00+02:00,1584.300,1584.710,1584.230,1584.670,37
SQ:XAUUSD,2020-04-02T07:57:00+02:00,1584.670,1585.140,1584.490,1584.560,39
SQ:XAUUSD,2020-04-02T07:58:00+02:00,1584.560,1585.010,1584.560,1584.960,27
SQ:XAUUSD,2020-04-02T07:59:00+02:00,1584.960,1585.700,1584.960,1585.260,45
SQ:XAUUSD,2020-04-02T08:00:00+02:00,1585.270,1585.640,1585.070,1585.500,92
SQ:XAUUSD,2020-04-02T08:01:00+02:00,1585.500,1585.740,1585.200,1585.620,105
SQ:XAUUSD,2020-04-02T08:02:00+02:00,1585.620,1585.720,1585.380,1585.450,68
SQ:XAUUSD,2020-04-02T08:03:00+02:00,1585.450,1586.430,1585.410,1586.190,146
SQ:XAUUSD,2020-04-02T08:04:00+02:00,1586.246,1587.070,1586.190,1586.610,98
SQ:XAUUSD,2020-04-02T08:05:00+02:00,1586.630,1587.430,1586.570,1586.766,187
SQ:XAUUSD,2020-04-02T08:06:00+02:00,1586.766,1587.010,1586.080,1586.420,166
SQ:XAUUSD,2020-04-02T08:07:00+02:00,1586.420,1586.590,1586.180,1586.280,58
SQ:XAUUSD,2020-04-02T08:08:00+02:00,1586.280,1586.480,1585.840,1586.120,68
SQ:XAUUSD,2020-04-02T08:09:00+02:00,1586.080,1586.080,1585.070,1585.120,66
SQ:XAUUSD,2020-04-02T08:10:00+02:00,1585.080,1585.830,1584.990,1585.770,61
SQ:XAUUSD,2020-04-02T08:11:00+02:00,1585.770,1586.350,1585.640,1586.350,64
SQ:XAUUSD,2020-04-02T08:12:00+02:00,1586.250,1586.440,1585.940,1586.100,46
SQ:XAUUSD,2020-04-02T08:13:00+02:00,1586.100,1586.436,1585.880,1585.950,77
SQ:XAUUSD,2020-04-02T08:14:00+02:00,1585.990,1586.400,1585.870,1586.130,234
SQ:XAUUSD,2020-04-02T08:15:00+02:00,1586.130,1586.170,1585.300,1585.300,226
SQ:XAUUSD,2020-04-02T08:16:00+02:00,1585.310,1586.190,1584.900,1586.020,175
SQ:XAUUSD,2020-04-02T08:17:00+02:00,1586.020,1586.610,1586.010,1586.420,78
SQ:XAUUSD,2020-04-02T08:18:00+02:00,1586.420,1587.580,1586.020,1587.290,163
SQ:XAUUSD,2020-04-02T08:19:00+02:00,1587.290,1588.400,1586.940,1588.290,237
SQ:XAUUSD,2020-04-02T08:20:00+02:00,1588.290,1590.470,1588.290,1588.760,375
SQ:XAUUSD,2020-04-02T08:21:00+02:00,1588.760,1589.360,1588.270,1588.310,108
SQ:XAUUSD,2020-04-02T08:22:00+02:00,1588.310,1592.400,1588.210,1590.406,216
SQ:XAUUSD,2020-04-02T08:23:00+02:00,1590.406,1591.716,1590.130,1590.480,237
SQ:XAUUSD,2020-04-02T08:24:00+02:00,1590.670,1590.780,1589.610,1589.810,76
SQ:XAUUSD,2020-04-02T08:25:00+02:00,1589.810,1590.110,1589.460,1589.890,62
SQ:XAUUSD,2020-04-02T08:26:00+02:00,1589.890,1590.010,1588.926,1588.926,106
SQ:XAUUSD,2020-04-02T08:27:00+02:00,1588.926,1589.436,1588.770,1588.996,256
SQ:XAUUSD,2020-04-02T08:28:00+02:00,1588.920,1588.920,1587.330,1587.540,197
SQ:XAUUSD,2020-04-02T08:29:00+02:00,1587.540,1587.966,1587.060,1587.766,136
SQ:XAUUSD,2020-04-02T08:30:00+02:00,1587.786,1587.890,1587.230,1587.730,100
SQ:XAUUSD,2020-04-02T08:31:00+02:00,1587.730,1588.670,1587.730,1588.620,73
SQ:XAUUSD,2020-04-02T08:32:00+02:00,1588.690,1588.690,1587.830,1587.830,47
SQ:XAUUSD,2020-04-02T08:33:00+02:00,1587.830,1588.570,1587.710,1588.080,53
SQ:XAUUSD,2020-04-02T08:34:00+02:00,1588.080,1588.080,1586.450,1586.450,115
SQ:XAUUSD,2020-04-02T08:35:00+02:00,1586.500,1586.770,1585.470,1586.610,125
SQ:XAUUSD,2020-04-02T08:36:00+02:00,1586.610,1588.096,1586.550,1588.090,105
SQ:XAUUSD,2020-04-02T08:37:00+02:00,1588.160,1588.160,1587.170,1587.640,139
SQ:XAUUSD,2020-04-02T08:38:00+02:00,1587.640,1588.340,1587.110,1587.730,182
SQ:XAUUSD,2020-04-02T08:39:00+02:00,1587.756,1587.820,1586.640,1587.776,170
SQ:XAUUSD,2020-04-02T08:40:00+02:00,1587.796,1588.736,1587.290,1588.600,237
SQ:XAUUSD,2020-04-02T08:41:00+02:00,1588.600,1589.756,1588.380,1589.590,227
SQ:XAUUSD,2020-04-02T08:42:00+02:00,1589.650,1590.596,1589.390,1589.550,259
SQ:XAUUSD,2020-04-02T08:43:00+02:00,1589.590,1590.170,1589.520,1589.950,90
SQ:XAUUSD,2020-04-02T08:44:00+02:00,1589.950,1590.450,1589.370,1589.430,141
SQ:XAUUSD,2020-04-02T08:45:00+02:00,1589.430,1589.640,1588.220,1588.760,189
SQ:XAUUSD,2020-04-02T08:46:00+02:00,1588.760,1588.976,1588.280,1588.896,201
SQ:XAUUSD,2020-04-02T08:47:00+02:00,1588.996,1589.326,1588.720,1589.050,255
SQ:XAUUSD,2020-04-02T08:48:00+02:00,1588.980,1590.370,1588.976,1590.030,250
SQ:XAUUSD,2020-04-02T08:49:00+02:00,1589.980,1590.470,1589.630,1590.120,196
SQ:XAUUSD,2020-04-02T08:50:00+02:00,1590.120,1590.460,1589.600,1590.360,217
SQ:XAUUSD,2020-04-02T08:51:00+02:00,1590.660,1590.876,1589.290,1589.740,37
SQ:XAUUSD,2020-04-02T08:52:00+02:00,1589.740,1591.590,1589.570,1591.570,69
SQ:XAUUSD,2020-04-02T08:53:00+02:00,1591.570,1591.570,1589.920,1590.270,84
SQ:XAUUSD,2020-04-02T08:54:00+02:00,1590.270,1591.510,1590.270,1591.110,75
SQ:XAUUSD,2020-04-02T08:55:00+02:00,1591.110,1592.100,1590.760,1591.960,86
SQ:XAUUSD,2020-04-02T08:56:00+02:00,1591.910,1592.000,1590.630,1590.780,69
SQ:XAUUSD,2020-04-02T08:57:00+02:00,1590.780,1591.140,1590.720,1591.110,46
SQ:XAUUSD,2020-04-02T08:58:00+02:00,1591.110,1591.200,1590.320,1590.510,40
SQ:XAUUSD,2020-04-02T08:59:00+02:00,1590.510,1591.520,1590.380,1591.020,94
SQ:XAUUSD,2020-04-02T09:00:00+02:00,1590.970,1592.570,1590.770,1592.380,181
SQ:XAUUSD,2020-04-02T09:01:00+02:00,1592.460,1593.040,1591.720,1592.970,197
SQ:XAUUSD,2020-04-02T09:02:00+02:00,1592.920,1593.270,1591.980,1592.560,150
SQ:XAUUSD,2020-04-02T09:03:00+02:00,1592.560,1592.790,1592.040,1592.670,55
SQ:XAUUSD,2020-04-02T09:04:00+02:00,1592.670,1593.820,1592.670,1593.440,95
SQ:XAUUSD,2020-04-02T09:05:00+02:00,1593.440,1593.790,1592.850,1593.790,128
SQ:XAUUSD,2020-04-02T09:06:00+02:00,1593.790,1595.280,1593.730,1594.950,204
SQ:XAUUSD,2020-04-02T09:07:00+02:00,1594.940,1595.330,1593.540,1594.190,84
SQ:XAUUSD,2020-04-02T09:08:00+02:00,1594.230,1595.200,1594.220,1594.640,78
SQ:XAUUSD,2020-04-02T09:09:00+02:00,1594.640,1596.430,1594.440,1595.260,165
SQ:XAUUSD,2020-04-02T09:10:00+02:00,1595.260,1595.620,1594.210,1595.590,249
SQ:XAUUSD,2020-04-02T09:11:00+02:00,1595.590,1596.050,1595.090,1595.700,127
SQ:XAUUSD,2020-04-02T09:12:00+02:00,1595.700,1598.860,1595.470,1598.616,286
SQ:XAUUSD,2020-04-02T09:13:00+02:00,1598.616,1598.870,1595.780,1597.160,269
SQ:XAUUSD,2020-04-02T09:14:00+02:00,1597.160,1597.670,1596.590,1597.180,102
SQ:XAUUSD,2020-04-02T09:15:00+02:00,1597.180,1597.300,1596.476,1597.300,169
SQ:XAUUSD,2020-04-02T09:16:00+02:00,1597.250,1597.730,1595.420,1595.680,128
SQ:XAUUSD,2020-04-02T09:17:00+02:00,1595.680,1598.480,1595.510,1597.886,132
SQ:XAUUSD,2020-04-02T09:18:00+02:00,1597.886,1599.026,1597.850,1597.980,116
SQ:XAUUSD,2020-04-02T09:19:00+02:00,1597.800,1598.330,1596.766,1596.766,148
SQ:XAUUSD,2020-04-02T09:20:00+02:00,1596.736,1597.600,1596.736,1596.990,95
SQ:XAUUSD,2020-04-02T09:21:00+02:00,1596.960,1597.120,1596.160,1596.900,72
SQ:XAUUSD,2020-04-02T09:22:00+02:00,1597.030,1597.030,1596.426,1596.450,127
SQ:XAUUSD,2020-04-02T09:23:00+02:00,1596.450,1596.620,1595.410,1595.520,103
SQ:XAUUSD,2020-04-02T09:24:00+02:00,1595.520,1595.766,1594.988,1594.988,110
SQ:XAUUSD,2020-04-02T09:25:00+02:00,1594.988,1595.080,1594.186,1594.270,81
SQ:XAUUSD,2020-04-02T09:26:00+02:00,1594.330,1595.110,1594.330,1594.730,97
SQ:XAUUSD,2020-04-02T09:27:00+02:00,1594.840,1594.930,1594.330,1594.610,65
SQ:XAUUSD,2020-04-02T09:28:00+02:00,1594.560,1594.710,1593.810,1593.820,61
SQ:XAUUSD,2020-04-02T09:29:00+02:00,1593.820,1594.090,1593.330,1593.850,80
SQ:XAUUSD,2020-04-02T09:30:00+02:00,1593.900,1594.716,1593.460,1594.476,68
SQ:XAUUSD,2020-04-02T09:31:00+02:00,1594.466,1594.720,1594.360,1594.440,90
SQ:XAUUSD,2020-04-02T09:32:00+02:00,1594.510,1594.510,1593.988,1593.998,77
SQ:XAUUSD,2020-04-02T09:33:00+02:00,1593.988,1594.036,1593.420,1593.420,58
SQ:XAUUSD,2020-04-02T09:34:00+02:00,1593.436,1594.060,1593.436,1593.690,69
SQ:XAUUSD,2020-04-02T09:35:00+02:00,1593.690,1593.850,1593.230,1593.380,84
SQ:XAUUSD,2020-04-02T09:36:00+02:00,1593.370,1593.710,1593.130,1593.130,51
SQ:XAUUSD,2020-04-02T09:37:00+02:00,1593.130,1593.440,1592.180,1592.800,87
SQ:XAUUSD,2020-04-02T09:38:00+02:00,1592.910,1593.650,1592.780,1593.590,74
SQ:XAUUSD,2020-04-02T09:39:00+02:00,1593.590,1593.590,1593.170,1593.170,43
SQ:XAUUSD,2020-04-02T09:40:00+02:00,1593.170,1593.420,1593.090,1593.310,46
SQ:XAUUSD,2020-04-02T09:41:00+02:00,1593.310,1593.310,1592.600,1592.600,48
SQ:XAUUSD,2020-04-02T09:42:00+02:00,1592.600,1592.880,1592.510,1592.830,100
SQ:XAUUSD,2020-04-02T09:43:00+02:00,1592.830,1592.920,1592.466,1592.790,115
SQ:XAUUSD,2020-04-02T09:44:00+02:00,1592.790,1592.980,1591.606,1591.940,177
SQ:XAUUSD,2020-04-02T09:45:00+02:00,1591.940,1592.640,1591.710,1592.570,63
SQ:XAUUSD,2020-04-02T09:46:00+02:00,1592.570,1592.830,1592.470,1592.540,14
SQ:XAUUSD,2020-04-02T09:47:00+02:00,1592.600,1592.650,1592.410,1592.510,41
SQ:XAUUSD,2020-04-02T09:48:00+02:00,1592.510,1592.640,1592.480,1592.490,13
SQ:XAUUSD,2020-04-02T09:49:00+02:00,1592.490,1592.490,1591.840,1591.840,12
SQ:XAUUSD,2020-04-02T09:50:00+02:00,1591.840,1592.550,1591.780,1592.490,38
SQ:XAUUSD,2020-04-02T09:51:00+02:00,1592.540,1592.900,1592.460,1592.800,34
SQ:XAUUSD,2020-04-02T09:52:00+02:00,1592.800,1592.830,1592.310,1592.490,11
SQ:XAUUSD,2020-04-02T09:53:00+02:00,1592.490,1592.860,1592.360,1592.680,39
SQ:XAUUSD,2020-04-02T09:54:00+02:00,1592.700,1593.460,1592.700,1593.120,64
SQ:XAUUSD,2020-04-02T09:55:00+02:00,1593.030,1593.540,1592.736,1592.770,58
SQ:XAUUSD,2020-04-02T09:56:00+02:00,1592.780,1592.800,1592.530,1592.530,24
SQ:XAUUSD,2020-04-02T09:57:00+02:00,1592.530,1592.610,1591.870,1592.520,42
SQ:XAUUSD,2020-04-02T09:58:00+02:00,1592.500,1592.930,1591.830,1591.830,32
SQ:XAUUSD,2020-04-02T09:59:00+02:00,1591.830,1592.550,1591.830,1591.990,39
SQ:XAUUSD,2020-04-02T10:00:00+02:00,1592.050,1592.450,1591.750,1591.890,33
SQ:XAUUSD,2020-04-02T10:01:00+02:00,1591.880,1592.290,1591.830,1592.290,22
SQ:XAUUSD,2020-04-02T10:02:00+02:00,1592.290,1592.890,1592.290,1592.340,50
SQ:XAUUSD,2020-04-02T10:03:00+02:00,1592.450,1592.950,1592.070,1592.070,46
SQ:XAUUSD,2020-04-02T10:04:00+02:00,1592.090,1592.616,1592.090,1592.500,31
SQ:XAUUSD,2020-04-02T10:05:00+02:00,1592.550,1593.296,1592.310,1592.320,59
SQ:XAUUSD,2020-04-02T10:06:00+02:00,1592.290,1592.290,1591.890,1591.890,25
SQ:XAUUSD,2020-04-02T10:07:00+02:00,1591.890,1591.890,1590.350,1590.490,51
SQ:XAUUSD,2020-04-02T10:08:00+02:00,1590.520,1590.590,1590.000,1590.000,56
SQ:XAUUSD,2020-04-02T10:09:00+02:00,1590.030,1590.290,1589.940,1590.170,95
SQ:XAUUSD,2020-04-02T10:10:00+02:00,1590.170,1590.240,1588.880,1589.700,107
SQ:XAUUSD,2020-04-02T10:11:00+02:00,1589.700,1589.700,1588.720,1588.900,85
SQ:XAUUSD,2020-04-02T10:12:00+02:00,1588.930,1589.040,1587.280,1588.290,84
SQ:XAUUSD,2020-04-02T10:13:00+02:00,1588.690,1589.320,1588.560,1589.320,49
SQ:XAUUSD,2020-04-02T10:14:00+02:00,1589.280,1589.396,1589.120,1589.326,25
SQ:XAUUSD,2020-04-02T10:15:00+02:00,1589.326,1589.646,1589.096,1589.586,74
SQ:XAUUSD,2020-04-02T10:16:00+02:00,1589.616,1589.676,1588.980,1589.510,123
SQ:XAUUSD,2020-04-02T10:17:00+02:00,1589.550,1589.840,1588.900,1589.280,142
SQ:XAUUSD,2020-04-02T10:18:00+02:00,1589.300,1589.630,1589.040,1589.500,81
SQ:XAUUSD,2020-04-02T10:19:00+02:00,1589.580,1589.630,1589.200,1589.270,52
SQ:XAUUSD,2020-04-02T10:20:00+02:00,1589.210,1589.280,1588.860,1589.150,34
SQ:XAUUSD,2020-04-02T10:21:00+02:00,1589.140,1589.850,1589.100,1589.100,82
SQ:XAUUSD,2020-04-02T10:22:00+02:00,1589.100,1589.446,1588.650,1589.030,48
SQ:XAUUSD,2020-04-02T10:23:00+02:00,1589.000,1589.736,1588.880,1588.990,51
SQ:XAUUSD,2020-04-02T10:24:00+02:00,1588.990,1589.270,1588.690,1589.220,34
SQ:XAUUSD,2020-04-02T10:25:00+02:00,1589.220,1591.286,1589.120,1591.246,147
SQ:XAUUSD,2020-04-02T10:26:00+02:00,1591.246,1591.606,1590.210,1590.210,71
SQ:XAUUSD,2020-04-02T10:27:00+02:00,1590.210,1590.480,1590.030,1590.030,25
SQ:XAUUSD,2020-04-02T10:28:00+02:00,1590.030,1590.310,1589.870,1589.870,18
SQ:XAUUSD,2020-04-02T10:29:00+02:00,1589.780,1589.830,1588.770,1589.340,55
SQ:XAUUSD,2020-04-02T10:30:00+02:00,1589.340,1591.330,1589.110,1590.770,82
SQ:XAUUSD,2020-04-02T10:31:00+02:00,1590.770,1591.406,1589.630,1590.570,141
SQ:XAUUSD,2020-04-02T10:32:00+02:00,1590.570,1591.080,1590.430,1590.730,53
SQ:XAUUSD,2020-04-02T10:33:00+02:00,1590.760,1590.810,1590.310,1590.440,45
SQ:XAUUSD,2020-04-02T10:34:00+02:00,1590.440,1590.576,1589.700,1590.270,53
SQ:XAUUSD,2020-04-02T10:35:00+02:00,1590.260,1590.300,1589.760,1589.760,52
SQ:XAUUSD,2020-04-02T10:36:00+02:00,1589.760,1590.346,1589.730,1590.140,51
SQ:XAUUSD,2020-04-02T10:37:00+02:00,1590.140,1590.140,1589.730,1589.820,17
SQ:XAUUSD,2020-04-02T10:38:00+02:00,1589.820,1590.090,1588.860,1589.060,42
SQ:XAUUSD,2020-04-02T10:39:00+02:00,1589.060,1590.396,1589.040,1590.238,37
SQ:XAUUSD,2020-04-02T10:40:00+02:00,1590.158,1590.158,1588.900,1589.280,72
SQ:XAUUSD,2020-04-02T10:41:00+02:00,1589.240,1589.520,1588.820,1588.830,19
SQ:XAUUSD,2020-04-02T10:42:00+02:00,1589.020,1589.600,1589.020,1589.340,43
SQ:XAUUSD,2020-04-02T10:43:00+02:00,1589.340,1589.750,1589.210,1589.400,28
SQ:XAUUSD,2020-04-02T10:44:00+02:00,1589.400,1589.400,1588.500,1588.730,61
SQ:XAUUSD,2020-04-02T10:45:00+02:00,1588.730,1588.910,1588.520,1588.710,63
SQ:XAUUSD,2020-04-02T10:46:00+02:00,1588.720,1590.080,1588.610,1589.670,63
SQ:XAUUSD,2020-04-02T10:47:00+02:00,1589.670,1589.690,1589.040,1589.070,51
SQ:XAUUSD,2020-04-02T10:48:00+02:00,1589.070,1589.070,1588.430,1588.650,58
SQ:XAUUSD,2020-04-02T10:49:00+02:00,1588.650,1589.430,1588.230,1588.790,54
SQ:XAUUSD,2020-04-02T10:50:00+02:00,1588.790,1589.490,1588.690,1589.010,51
SQ:XAUUSD,2020-04-02T10:51:00+02:00,1588.960,1589.280,1588.160,1588.900,91
SQ:XAUUSD,2020-04-02T10:52:00+02:00,1588.900,1589.510,1588.650,1588.930,50
SQ:XAUUSD,2020-04-02T10:53:00+02:00,1588.930,1589.320,1588.670,1588.930,70
SQ:XAUUSD,2020-04-02T10:54:00+02:00,1589.040,1589.360,1588.610,1588.840,61
SQ:XAUUSD,2020-04-02T10:55:00+02:00,1588.780,1589.100,1587.520,1588.110,75
SQ:XAUUSD,2020-04-02T10:56:00+02:00,1588.110,1588.110,1586.950,1587.420,78
SQ:XAUUSD,2020-04-02T10:57:00+02:00,1587.420,1587.766,1586.850,1587.180,89
SQ:XAUUSD,2020-04-02T10:58:00+02:00,1587.180,1587.400,1586.840,1587.260,46
SQ:XAUUSD,2020-04-02T10:59:00+02:00,1587.260,1587.460,1586.250,1586.300,71
SQ:XAUUSD,2020-04-02T11:00:00+02:00,1586.310,1587.250,1586.310,1587.130,58
SQ:XAUUSD,2020-04-02T11:01:00+02:00,1587.040,1587.060,1586.540,1586.700,39
SQ:XAUUSD,2020-04-02T11:02:00+02:00,1586.600,1587.230,1586.560,1587.120,26
SQ:XAUUSD,2020-04-02T11:03:00+02:00,1587.120,1587.730,1586.980,1587.010,65
SQ:XAUUSD,2020-04-02T11:04:00+02:00,1587.010,1587.270,1586.910,1586.980,27
SQ:XAUUSD,2020-04-02T11:05:00+02:00,1586.980,1587.000,1586.620,1586.970,16
SQ:XAUUSD,2020-04-02T11:06:00+02:00,1586.970,1587.080,1586.720,1586.990,27
SQ:XAUUSD,2020-04-02T11:07:00+02:00,1586.990,1586.990,1585.270,1585.600,80
SQ:XAUUSD,2020-04-02T11:08:00+02:00,1585.600,1586.340,1585.400,1586.020,88
SQ:XAUUSD,2020-04-02T11:09:00+02:00,1586.020,1587.050,1585.730,1586.990,61
SQ:XAUUSD,2020-04-02T11:10:00+02:00,1586.990,1587.710,1586.910,1587.510,65
SQ:XAUUSD,2020-04-02T11:11:00+02:00,1587.500,1587.600,1586.790,1586.880,32
SQ:XAUUSD,2020-04-02T11:12:00+02:00,1586.870,1587.280,1586.840,1587.170,42
SQ:XAUUSD,2020-04-02T11:13:00+02:00,1587.030,1588.290,1586.970,1588.120,49
SQ:XAUUSD,2020-04-02T11:14:00+02:00,1588.120,1588.120,1587.570,1587.850,22
SQ:XAUUSD,2020-04-02T11:15:00+02:00,1587.850,1588.410,1587.570,1588.410,34
SQ:XAUUSD,2020-04-02T11:16:00+02:00,1588.410,1588.940,1588.220,1588.516,45
SQ:XAUUSD,2020-04-02T11:17:00+02:00,1588.516,1589.750,1588.356,1589.750,59
SQ:XAUUSD,2020-04-02T11:18:00+02:00,1589.740,1589.970,1589.246,1589.850,100
SQ:XAUUSD,2020-04-02T11:19:00+02:00,1589.850,1589.880,1588.800,1589.620,141
SQ:XAUUSD,2020-04-02T11:20:00+02:00,1589.620,1590.070,1588.510,1589.360,45
SQ:XAUUSD,2020-04-02T11:21:00+02:00,1589.360,1589.460,1588.270,1589.270,39
SQ:XAUUSD,2020-04-02T11:22:00+02:00,1589.270,1589.480,1589.250,1589.250,14
SQ:XAUUSD,2020-04-02T11:23:00+02:00,1589.210,1589.370,1588.990,1589.190,16
SQ:XAUUSD,2020-04-02T11:24:00+02:00,1589.190,1589.370,1588.970,1589.270,25
SQ:XAUUSD,2020-04-02T11:25:00+02:00,1589.270,1589.270,1588.860,1588.890,20
SQ:XAUUSD,2020-04-02T11:26:00+02:00,1588.890,1589.120,1588.840,1589.080,26
SQ:XAUUSD,2020-04-02T11:27:00+02:00,1589.080,1589.270,1589.010,1589.100,11
SQ:XAUUSD,2020-04-02T11:28:00+02:00,1589.100,1589.200,1588.080,1588.990,32
SQ:XAUUSD,2020-04-02T11:29:00+02:00,1588.990,1589.420,1588.136,1588.786,93
SQ:XAUUSD,2020-04-02T11:30:00+02:00,1588.776,1589.380,1587.590,1588.250,105
SQ:XAUUSD,2020-04-02T11:31:00+02:00,1588.250,1588.520,1587.170,1587.490,68
SQ:XAUUSD,2020-04-02T11:32:00+02:00,1587.490,1588.910,1587.480,1588.770,56
SQ:XAUUSD,2020-04-02T11:33:00+02:00,1588.810,1589.830,1588.630,1589.490,95
SQ:XAUUSD,2020-04-02T11:34:00+02:00,1589.490,1590.500,1588.400,1589.800,128
SQ:XAUUSD,2020-04-02T11:35:00+02:00,1589.790,1589.920,1589.280,1589.420,48
SQ:XAUUSD,2020-04-02T11:36:00+02:00,1589.400,1589.500,1588.760,1588.950,48
SQ:XAUUSD,2020-04-02T11:37:00+02:00,1589.030,1589.310,1588.830,1588.830,34
SQ:XAUUSD,2020-04-02T11:38:00+02:00,1588.850,1588.940,1588.610,1588.830,36
SQ:XAUUSD,2020-04-02T11:39:00+02:00,1588.830,1588.840,1588.390,1588.640,28
SQ:XAUUSD,2020-04-02T11:40:00+02:00,1588.640,1589.060,1588.250,1588.250,31
SQ:XAUUSD,2020-04-02T11:41:00+02:00,1588.250,1588.260,1587.660,1588.040,78
SQ:XAUUSD,2020-04-02T11:42:00+02:00,1588.010,1589.250,1587.990,1589.230,47
SQ:XAUUSD,2020-04-02T11:43:00+02:00,1589.250,1590.040,1588.930,1589.530,210
SQ:XAUUSD,2020-04-02T11:44:00+02:00,1589.530,1589.860,1589.050,1589.090,92
SQ:XAUUSD,2020-04-02T11:45:00+02:00,1589.090,1590.440,1589.090,1590.070,80
SQ:XAUUSD,2020-04-02T11:46:00+02:00,1590.070,1590.070,1588.710,1588.720,109
SQ:XAUUSD,2020-04-02T11:47:00+02:00,1588.850,1589.200,1588.590,1588.750,70
SQ:XAUUSD,2020-04-02T11:48:00+02:00,1588.750,1589.400,1588.560,1589.400,80
SQ:XAUUSD,2020-04-02T11:49:00+02:00,1589.400,1590.190,1589.340,1589.980,47
SQ:XAUUSD,2020-04-02T11:50:00+02:00,1589.960,1590.000,1589.530,1589.660,57
SQ:XAUUSD,2020-04-02T11:51:00+02:00,1589.660,1589.810,1589.470,1589.510,27
SQ:XAUUSD,2020-04-02T11:52:00+02:00,1589.510,1589.920,1589.450,1589.880,57
SQ:XAUUSD,2020-04-02T11:53:00+02:00,1589.920,1590.010,1589.730,1589.970,18
SQ:XAUUSD,2020-04-02T11:54:00+02:00,1589.970,1590.436,1589.720,1590.168,49
SQ:XAUUSD,2020-04-02T11:55:00+02:00,1590.146,1590.146,1588.630,1588.930,65
SQ:XAUUSD,2020-04-02T11:56:00+02:00,1588.930,1589.420,1588.590,1588.820,75
SQ:XAUUSD,2020-04-02T11:57:00+02:00,1588.820,1589.240,1588.700,1589.200,115
SQ:XAUUSD,2020-04-02T11:58:00+02:00,1589.200,1589.550,1589.200,1589.500,76
SQ:XAUUSD,2020-04-02T11:59:00+02:00,1589.530,1589.960,1588.980,1589.570,30
SQ:XAUUSD,2020-04-02T12:00:00+02:00,1589.600,1589.840,1589.320,1589.330,37
SQ:XAUUSD,2020-04-02T12:01:00+02:00,1589.330,1589.550,1588.980,1589.050,37
SQ:XAUUSD,2020-04-02T12:02:00+02:00,1589.050,1589.640,1589.050,1589.450,29
SQ:XAUUSD,2020-04-02T12:03:00+02:00,1589.450,1589.580,1589.340,1589.480,15
SQ:XAUUSD,2020-04-02T12:04:00+02:00,1589.530,1589.590,1588.690,1588.740,32
SQ:XAUUSD,2020-04-02T12:05:00+02:00,1588.740,1589.300,1588.250,1588.570,50
SQ:XAUUSD,2020-04-02T12:06:00+02:00,1588.570,1589.400,1588.250,1588.280,79
SQ:XAUUSD,2020-04-02T12:07:00+02:00,1588.280,1589.860,1588.250,1588.920,190
SQ:XAUUSD,2020-04-02T12:08:00+02:00,1588.920,1589.230,1588.550,1588.690,90
SQ:XAUUSD,2020-04-02T12:09:00+02:00,1588.680,1589.180,1588.680,1589.010,26
SQ:XAUUSD,2020-04-02T12:10:00+02:00,1589.020,1589.320,1589.000,1589.320,34
SQ:XAUUSD,2020-04-02T12:11:00+02:00,1589.250,1589.260,1588.720,1588.740,52
SQ:XAUUSD,2020-04-02T12:12:00+02:00,1588.740,1588.980,1588.680,1588.730,87
SQ:XAUUSD,2020-04-02T12:13:00+02:00,1588.730,1588.900,1588.680,1588.680,69
SQ:XAUUSD,2020-04-02T12:14:00+02:00,1588.690,1588.900,1588.480,1588.740,138
SQ:XAUUSD,2020-04-02T12:15:00+02:00,1588.780,1588.820,1588.120,1588.510,221
SQ:XAUUSD,2020-04-02T12:16:00+02:00,1588.500,1588.930,1588.450,1588.500,102
SQ:XAUUSD,2020-04-02T12:17:00+02:00,1588.430,1588.670,1588.050,1588.640,87
SQ:XAUUSD,2020-04-02T12:18:00+02:00,1588.640,1588.670,1588.410,1588.560,43
SQ:XAUUSD,2020-04-02T12:19:00+02:00,1588.510,1588.920,1588.510,1588.810,88
SQ:XAUUSD,2020-04-02T12:20:00+02:00,1588.820,1589.050,1588.820,1589.000,55
SQ:XAUUSD,2020-04-02T12:21:00+02:00,1589.000,1589.040,1588.650,1588.960,86
SQ:XAUUSD,2020-04-02T12:22:00+02:00,1588.980,1589.280,1588.600,1588.630,79
SQ:XAUUSD,2020-04-02T12:23:00+02:00,1588.630,1588.770,1588.600,1588.700,129
SQ:XAUUSD,2020-04-02T12:24:00+02:00,1588.610,1588.710,1587.910,1587.910,91
SQ:XAUUSD,2020-04-02T12:25:00+02:00,1587.900,1588.970,1587.850,1588.920,87
SQ:XAUUSD,2020-04-02T12:26:00+02:00,1588.920,1588.990,1588.340,1588.890,111
SQ:XAUUSD,2020-04-02T12:27:00+02:00,1588.900,1589.140,1588.490,1589.000,133
SQ:XAUUSD,2020-04-02T12:28:00+02:00,1588.990,1589.700,1588.690,1589.190,158
SQ:XAUUSD,2020-04-02T12:29:00+02:00,1589.190,1589.620,1589.070,1589.560,56
SQ:XAUUSD,2020-04-02T12:30:00+02:00,1589.560,1589.560,1588.840,1588.980,30
SQ:XAUUSD,2020-04-02T12:31:00+02:00,1588.910,1588.970,1588.380,1588.560,33
SQ:XAUUSD,2020-04-02T12:32:00+02:00,1588.550,1589.060,1588.520,1588.650,63
SQ:XAUUSD,2020-04-02T12:33:00+02:00,1588.650,1588.820,1588.500,1588.760,60
SQ:XAUUSD,2020-04-02T12:34:00+02:00,1588.750,1588.940,1587.940,1588.020,74
SQ:XAUUSD,2020-04-02T12:35:00+02:00,1588.020,1588.350,1587.820,1587.990,36
SQ:XAUUSD,2020-04-02T12:36:00+02:00,1587.990,1588.630,1587.870,1588.260,60
SQ:XAUUSD,2020-04-02T12:37:00+02:00,1588.200,1588.600,1587.700,1587.940,156
SQ:XAUUSD,2020-04-02T12:38:00+02:00,1587.930,1588.070,1587.050,1587.530,89
SQ:XAUUSD,2020-04-02T12:39:00+02:00,1587.380,1588.020,1587.160,1587.910,178
SQ:XAUUSD,2020-04-02T12:40:00+02:00,1587.900,1587.980,1587.510,1587.650,116
SQ:XAUUSD,2020-04-02T12:41:00+02:00,1587.750,1587.930,1587.500,1587.860,71
SQ:XAUUSD,2020-04-02T12:42:00+02:00,1587.950,1590.280,1587.790,1590.280,197
SQ:XAUUSD,2020-04-02T12:43:00+02:00,1590.180,1590.180,1589.530,1590.060,70
SQ:XAUUSD,2020-04-02T12:44:00+02:00,1590.090,1590.340,1589.900,1590.160,55
SQ:XAUUSD,2020-04-02T12:45:00+02:00,1590.160,1590.290,1590.100,1590.260,33
SQ:XAUUSD,2020-04-02T12:46:00+02:00,1590.270,1590.470,1590.150,1590.300,46
SQ:XAUUSD,2020-04-02T12:47:00+02:00,1590.300,1590.340,1590.160,1590.340,47
SQ:XAUUSD,2020-04-02T12:48:00+02:00,1590.290,1590.490,1590.210,1590.430,52
SQ:XAUUSD,2020-04-02T12:49:00+02:00,1590.430,1590.960,1589.960,1590.660,61
SQ:XAUUSD,2020-04-02T12:50:00+02:00,1590.660,1590.830,1589.720,1590.660,86
SQ:XAUUSD,2020-04-02T12:51:00+02:00,1590.660,1590.680,1589.730,1590.150,70
SQ:XAUUSD,2020-04-02T12:52:00+02:00,1589.980,1591.720,1589.860,1591.370,223
SQ:XAUUSD,2020-04-02T12:53:00+02:00,1591.390,1591.630,1590.760,1590.990,246
SQ:XAUUSD,2020-04-02T12:54:00+02:00,1590.990,1591.320,1590.980,1591.150,192
SQ:XAUUSD,2020-04-02T12:55:00+02:00,1591.150,1591.530,1591.060,1591.470,243
SQ:XAUUSD,2020-04-02T12:56:00+02:00,1591.470,1592.190,1591.360,1592.100,66
SQ:XAUUSD,2020-04-02T12:57:00+02:00,1592.130,1592.240,1591.140,1591.470,60
SQ:XAUUSD,2020-04-02T12:58:00+02:00,1591.410,1592.080,1591.220,1591.980,39
SQ:XAUUSD,2020-04-02T12:59:00+02:00,1591.980,1592.180,1591.550,1591.930,35
SQ:XAUUSD,2020-04-02T13:00:00+02:00,1591.930,1594.890,1591.930,1594.070,283
SQ:XAUUSD,2020-04-02T13:01:00+02:00,1594.070,1594.540,1593.790,1594.510,74
SQ:XAUUSD,2020-04-02T13:02:00+02:00,1594.510,1594.510,1593.420,1593.540,118
SQ:XAUUSD,2020-04-02T13:03:00+02:00,1593.540,1593.760,1593.380,1593.570,40
SQ:XAUUSD,2020-04-02T13:04:00+02:00,1593.560,1593.950,1593.190,1593.930,69
SQ:XAUUSD,2020-04-02T13:05:00+02:00,1594.030,1594.630,1592.600,1592.600,127
SQ:XAUUSD,2020-04-02T13:06:00+02:00,1592.640,1593.120,1592.570,1593.050,69
SQ:XAUUSD,2020-04-02T13:07:00+02:00,1593.050,1593.930,1592.950,1593.280,66
SQ:XAUUSD,2020-04-02T13:08:00+02:00,1593.280,1594.270,1593.280,1593.850,81
SQ:XAUUSD,2020-04-02T13:09:00+02:00,1593.840,1594.370,1593.840,1594.340,50
SQ:XAUUSD,2020-04-02T13:10:00+02:00,1594.360,1594.780,1594.110,1594.530,57
SQ:XAUUSD,2020-04-02T13:11:00+02:00,1594.530,1594.530,1593.280,1593.970,57
SQ:XAUUSD,2020-04-02T13:12:00+02:00,1593.960,1594.410,1593.810,1594.330,43
SQ:XAUUSD,2020-04-02T13:13:00+02:00,1594.330,1594.420,1593.960,1593.960,29
SQ:XAUUSD,2020-04-02T13:14:00+02:00,1593.940,1593.960,1592.670,1593.190,65
SQ:XAUUSD,2020-04-02T13:15:00+02:00,1593.240,1594.010,1593.150,1593.480,52
SQ:XAUUSD,2020-04-02T13:16:00+02:00,1593.500,1593.500,1592.870,1593.060,43
SQ:XAUUSD,2020-04-02T13:17:00+02:00,1593.000,1594.730,1592.710,1594.730,50
SQ:XAUUSD,2020-04-02T13:18:00+02:00,1594.730,1594.980,1593.650,1593.760,80
SQ:XAUUSD,2020-04-02T13:19:00+02:00,1593.760,1594.240,1593.340,1593.910,50
SQ:XAUUSD,2020-04-02T13:20:00+02:00,1594.070,1594.190,1593.470,1593.570,71
SQ:XAUUSD,2020-04-02T13:21:00+02:00,1593.510,1593.630,1592.910,1593.580,46
SQ:XAUUSD,2020-04-02T13:22:00+02:00,1593.560,1593.930,1593.400,1593.510,33
SQ:XAUUSD,2020-04-02T13:23:00+02:00,1593.550,1594.020,1593.550,1593.820,30
SQ:XAUUSD,2020-04-02T13:24:00+02:00,1593.750,1596.490,1593.540,1594.920,61
SQ:XAUUSD,2020-04-02T13:25:00+02:00,1594.860,1595.190,1594.280,1594.510,59
SQ:XAUUSD,2020-04-02T13:26:00+02:00,1594.510,1594.510,1593.650,1593.650,44
SQ:XAUUSD,2020-04-02T13:27:00+02:00,1593.650,1593.680,1593.210,1593.570,36
SQ:XAUUSD,2020-04-02T13:28:00+02:00,1593.570,1594.050,1593.480,1593.950,27
SQ:XAUUSD,2020-04-02T13:29:00+02:00,1593.990,1594.330,1593.910,1594.190,39
SQ:XAUUSD,2020-04-02T13:30:00+02:00,1594.200,1594.890,1593.490,1593.490,47
SQ:XAUUSD,2020-04-02T13:31:00+02:00,1593.420,1593.780,1592.920,1593.450,58
SQ:XAUUSD,2020-04-02T13:32:00+02:00,1593.360,1593.880,1593.050,1593.690,43
SQ:XAUUSD,2020-04-02T13:33:00+02:00,1593.690,1593.730,1593.510,1593.730,11
SQ:XAUUSD,2020-04-02T13:34:00+02:00,1593.780,1593.780,1593.480,1593.580,15
SQ:XAUUSD,2020-04-02T13:35:00+02:00,1593.580,1594.180,1593.430,1594.180,28
SQ:XAUUSD,2020-04-02T13:36:00+02:00,1594.180,1594.230,1593.780,1593.880,16
SQ:XAUUSD,2020-04-02T13:37:00+02:00,1593.830,1593.830,1593.100,1593.240,37
SQ:XAUUSD,2020-04-02T13:38:00+02:00,1593.240,1593.390,1592.910,1593.000,52
SQ:XAUUSD,2020-04-02T13:39:00+02:00,1593.070,1593.100,1591.620,1591.930,80
SQ:XAUUSD,2020-04-02T13:40:00+02:00,1591.930,1592.170,1591.530,1591.710,61
SQ:XAUUSD,2020-04-02T13:41:00+02:00,1591.710,1592.010,1591.530,1591.580,47
SQ:XAUUSD,2020-04-02T13:42:00+02:00,1591.580,1591.720,1591.110,1591.320,41
SQ:XAUUSD,2020-04-02T13:43:00+02:00,1591.320,1591.980,1591.270,1591.830,44
SQ:XAUUSD,2020-04-02T13:44:00+02:00,1591.830,1592.180,1591.770,1592.140,30
SQ:XAUUSD,2020-04-02T13:45:00+02:00,1592.140,1592.480,1591.930,1592.410,33
SQ:XAUUSD,2020-04-02T13:46:00+02:00,1592.430,1592.760,1592.300,1592.570,46
SQ:XAUUSD,2020-04-02T13:47:00+02:00,1592.570,1592.740,1591.950,1592.070,25
SQ:XAUUSD,2020-04-02T13:48:00+02:00,1592.070,1593.740,1592.070,1593.740,38
SQ:XAUUSD,2020-04-02T13:49:00+02:00,1593.790,1594.070,1592.680,1593.200,65
SQ:XAUUSD,2020-04-02T13:50:00+02:00,1593.200,1594.570,1593.170,1594.570,66
SQ:XAUUSD,2020-04-02T13:51:00+02:00,1594.570,1594.970,1594.130,1594.350,117
SQ:XAUUSD,2020-04-02T13:52:00+02:00,1594.350,1594.900,1594.350,1594.640,75
SQ:XAUUSD,2020-04-02T13:53:00+02:00,1594.640,1594.870,1594.450,1594.600,53
SQ:XAUUSD,2020-04-02T13:54:00+02:00,1594.680,1594.900,1594.600,1594.630,54
SQ:XAUUSD,2020-04-02T13:55:00+02:00,1594.620,1595.250,1594.600,1594.720,40
SQ:XAUUSD,2020-04-02T13:56:00+02:00,1594.680,1594.780,1594.370,1594.420,48
SQ:XAUUSD,2020-04-02T13:57:00+02:00,1594.480,1594.480,1594.290,1594.320,31
SQ:XAUUSD,2020-04-02T13:58:00+02:00,1594.300,1594.800,1594.200,1594.750,60
SQ:XAUUSD,2020-04-02T13:59:00+02:00,1594.750,1595.500,1594.720,1595.300,42
SQ:XAUUSD,2020-04-02T14:00:00+02:00,1595.250,1598.250,1595.150,1598.150,124
SQ:XAUUSD,2020-04-02T14:01:00+02:00,1598.150,1598.150,1596.052,1596.450,70
SQ:XAUUSD,2020-04-02T14:02:00+02:00,1596.450,1597.550,1596.450,1597.100,57
SQ:XAUUSD,2020-04-02T14:03:00+02:00,1597.100,1597.650,1596.850,1597.250,58
SQ:XAUUSD,2020-04-02T14:04:00+02:00,1597.250,1597.250,1595.306,1595.306,83
SQ:XAUUSD,2020-04-02T14:05:00+02:00,1595.800,1599.100,1595.800,1597.900,158
SQ:XAUUSD,2020-04-02T14:06:00+02:00,1597.900,1598.850,1596.210,1597.000,101
SQ:XAUUSD,2020-04-02T14:07:00+02:00,1597.000,1598.600,1596.370,1598.200,107
SQ:XAUUSD,2020-04-02T14:08:00+02:00,1598.200,1598.300,1596.590,1596.590,65
SQ:XAUUSD,2020-04-02T14:09:00+02:00,1596.590,1597.490,1596.590,1597.340,73
SQ:XAUUSD,2020-04-02T14:10:00+02:00,1597.340,1597.840,1597.240,1597.340,54
SQ:XAUUSD,2020-04-02T14:11:00+02:00,1597.390,1600.390,1597.030,1600.190,120
SQ:XAUUSD,2020-04-02T14:12:00+02:00,1600.190,1600.190,1597.990,1598.970,126
SQ:XAUUSD,2020-04-02T14:13:00+02:00,1598.980,1599.110,1597.880,1598.920,85
SQ:XAUUSD,2020-04-02T14:14:00+02:00,1598.990,1601.224,1598.940,1600.864,166
SQ:XAUUSD,2020-04-02T14:15:00+02:00,1600.856,1603.700,1600.530,1601.970,257
SQ:XAUUSD,2020-04-02T14:16:00+02:00,1601.860,1603.250,1601.480,1601.840,149
SQ:XAUUSD,2020-04-02T14:17:00+02:00,1601.840,1603.390,1601.840,1603.330,127
SQ:XAUUSD,2020-04-02T14:18:00+02:00,1603.330,1605.190,1603.030,1604.990,201
SQ:XAUUSD,2020-04-02T14:19:00+02:00,1604.360,1607.990,1604.110,1605.940,233
SQ:XAUUSD,2020-04-02T14:20:00+02:00,1606.090,1607.220,1604.100,1604.560,227
SQ:XAUUSD,2020-04-02T14:21:00+02:00,1604.380,1604.510,1602.904,1603.740,207
SQ:XAUUSD,2020-04-02T14:22:00+02:00,1603.830,1604.090,1602.110,1602.170,147
SQ:XAUUSD,2020-04-02T14:23:00+02:00,1602.260,1602.820,1602.008,1602.690,114
SQ:XAUUSD,2020-04-02T14:24:00+02:00,1602.690,1608.070,1602.690,1605.700,227
SQ:XAUUSD,2020-04-02T14:25:00+02:00,1605.740,1606.490,1603.800,1604.010,220
SQ:XAUUSD,2020-04-02T14:26:00+02:00,1604.010,1604.560,1603.640,1603.840,199
SQ:XAUUSD,2020-04-02T14:27:00+02:00,1603.830,1605.320,1603.690,1605.090,185
SQ:XAUUSD,2020-04-02T14:28:00+02:00,1605.100,1606.550,1603.780,1605.840,132
SQ:XAUUSD,2020-04-02T14:29:00+02:00,1605.210,1606.960,1603.922,1604.520,119
SQ:XAUUSD,2020-04-02T14:30:00+02:00,1604.520,1607.198,1603.890,1606.760,219
SQ:XAUUSD,2020-04-02T14:31:00+02:00,1606.580,1610.230,1606.320,1609.090,349
SQ:XAUUSD,2020-04-02T14:32:00+02:00,1609.220,1610.490,1605.780,1605.930,240
SQ:XAUUSD,2020-04-02T14:33:00+02:00,1605.930,1608.880,1605.720,1606.970,229
SQ:XAUUSD,2020-04-02T14:34:00+02:00,1606.880,1606.880,1604.260,1604.450,339
SQ:XAUUSD,2020-04-02T14:35:00+02:00,1604.450,1604.680,1602.880,1602.880,470
SQ:XAUUSD,2020-04-02T14:36:00+02:00,1602.960,1604.620,1601.740,1602.030,364
SQ:XAUUSD,2020-04-02T14:37:00+02:00,1602.030,1604.340,1601.920,1603.970,143
SQ:XAUUSD,2020-04-02T14:38:00+02:00,1603.970,1606.380,1603.290,1605.180,177
SQ:XAUUSD,2020-04-02T14:39:00+02:00,1605.480,1607.190,1603.950,1606.440,154
SQ:XAUUSD,2020-04-02T14:40:00+02:00,1606.440,1607.170,1604.220,1606.650,104
SQ:XAUUSD,2020-04-02T14:41:00+02:00,1606.650,1606.650,1604.630,1604.770,172
SQ:XAUUSD,2020-04-02T14:42:00+02:00,1604.840,1605.060,1603.640,1603.640,123
SQ:XAUUSD,2020-04-02T14:43:00+02:00,1603.640,1604.250,1602.810,1603.830,285
SQ:XAUUSD,2020-04-02T14:44:00+02:00,1603.830,1606.090,1603.430,1605.830,237
SQ:XAUUSD,2020-04-02T14:45:00+02:00,1605.890,1605.940,1603.580,1605.360,148
SQ:XAUUSD,2020-04-02T14:46:00+02:00,1605.440,1606.020,1604.570,1605.150,197
SQ:XAUUSD,2020-04-02T14:47:00+02:00,1605.170,1606.050,1604.490,1605.940,155
SQ:XAUUSD,2020-04-02T14:48:00+02:00,1605.880,1605.930,1604.734,1605.240,264
SQ:XAUUSD,2020-04-02T14:49:00+02:00,1605.240,1605.510,1604.950,1605.390,286
SQ:XAUUSD,2020-04-02T14:50:00+02:00,1605.390,1605.890,1604.450,1604.740,262
SQ:XAUUSD,2020-04-02T14:51:00+02:00,1604.740,1605.120,1604.130,1604.460,256
SQ:XAUUSD,2020-04-02T14:52:00+02:00,1604.504,1604.920,1604.142,1604.610,139
SQ:XAUUSD,2020-04-02T14:53:00+02:00,1604.684,1604.744,1603.024,1603.270,210
SQ:XAUUSD,2020-04-02T14:54:00+02:00,1603.270,1603.620,1602.510,1603.230,180
SQ:XAUUSD,2020-04-02T14:55:00+02:00,1603.290,1603.490,1601.690,1602.570,197
SQ:XAUUSD,2020-04-02T14:56:00+02:00,1602.570,1602.760,1599.960,1600.200,207
SQ:XAUUSD,2020-04-02T14:57:00+02:00,1600.200,1602.060,1600.120,1601.330,302
SQ:XAUUSD,2020-04-02T14:58:00+02:00,1601.370,1601.710,1600.770,1601.010,314
SQ:XAUUSD,2020-04-02T14:59:00+02:00,1601.010,1601.600,1600.620,1601.220,105
SQ:XAUUSD,2020-04-02T15:00:00+02:00,1601.220,1602.840,1601.220,1601.970,241
SQ:XAUUSD,2020-04-02T15:01:00+02:00,1602.080,1603.490,1601.460,1602.068,194
SQ:XAUUSD,2020-04-02T15:02:00+02:00,1601.750,1602.714,1601.370,1602.650,163
SQ:XAUUSD,2020-04-02T15:03:00+02:00,1602.650,1603.074,1601.470,1602.994,102
SQ:XAUUSD,2020-04-02T15:04:00+02:00,1603.082,1603.324,1601.730,1601.980,214
SQ:XAUUSD,2020-04-02T15:05:00+02:00,1601.960,1603.050,1601.860,1602.770,156
SQ:XAUUSD,2020-04-02T15:06:00+02:00,1602.780,1604.430,1602.200,1602.390,199
SQ:XAUUSD,2020-04-02T15:07:00+02:00,1602.390,1603.550,1602.380,1603.500,242
SQ:XAUUSD,2020-04-02T15:08:00+02:00,1603.500,1604.750,1603.020,1603.780,151
SQ:XAUUSD,2020-04-02T15:09:00+02:00,1603.770,1604.740,1602.720,1603.390,216
SQ:XAUUSD,2020-04-02T15:10:00+02:00,1603.390,1604.490,1602.490,1603.680,141
SQ:XAUUSD,2020-04-02T15:11:00+02:00,1603.680,1603.680,1601.950,1603.350,97
SQ:XAUUSD,2020-04-02T15:12:00+02:00,1603.350,1604.100,1602.940,1604.050,91
SQ:XAUUSD,2020-04-02T15:13:00+02:00,1604.050,1605.190,1603.450,1603.900,132
SQ:XAUUSD,2020-04-02T15:14:00+02:00,1603.900,1604.890,1603.160,1603.420,124
SQ:XAUUSD,2020-04-02T15:15:00+02:00,1603.504,1603.800,1601.990,1603.780,83
SQ:XAUUSD,2020-04-02T15:16:00+02:00,1603.780,1609.280,1602.760,1606.980,185
SQ:XAUUSD,2020-04-02T15:17:00+02:00,1606.980,1608.460,1605.590,1605.950,184
SQ:XAUUSD,2020-04-02T15:18:00+02:00,1605.950,1606.920,1605.690,1605.690,101
SQ:XAUUSD,2020-04-02T15:19:00+02:00,1605.770,1607.390,1605.770,1605.940,109
SQ:XAUUSD,2020-04-02T15:20:00+02:00,1605.940,1608.920,1605.740,1608.300,188
SQ:XAUUSD,2020-04-02T15:21:00+02:00,1608.300,1608.500,1606.290,1606.590,101
SQ:XAUUSD,2020-04-02T15:22:00+02:00,1606.590,1607.610,1606.480,1607.200,71
SQ:XAUUSD,2020-04-02T15:23:00+02:00,1607.200,1608.658,1606.710,1608.530,279
SQ:XAUUSD,2020-04-02T15:24:00+02:00,1608.560,1609.970,1606.860,1607.500,210
SQ:XAUUSD,2020-04-02T15:25:00+02:00,1607.500,1607.734,1606.350,1606.570,158
SQ:XAUUSD,2020-04-02T15:26:00+02:00,1607.522,1607.544,1606.370,1606.720,156
SQ:XAUUSD,2020-04-02T15:27:00+02:00,1606.738,1607.052,1605.550,1606.610,89
SQ:XAUUSD,2020-04-02T15:28:00+02:00,1606.610,1607.000,1606.260,1607.000,64
SQ:XAUUSD,2020-04-02T15:29:00+02:00,1606.930,1606.970,1605.120,1605.528,85
SQ:XAUUSD,2020-04-02T15:30:00+02:00,1605.552,1606.170,1602.650,1603.828,262
SQ:XAUUSD,2020-04-02T15:31:00+02:00,1603.842,1604.078,1601.410,1602.130,262
SQ:XAUUSD,2020-04-02T15:32:00+02:00,1602.050,1604.260,1602.030,1602.780,113
SQ:XAUUSD,2020-04-02T15:33:00+02:00,1602.780,1603.412,1602.670,1603.100,95
SQ:XAUUSD,2020-04-02T15:34:00+02:00,1603.140,1603.856,1602.300,1602.950,123
SQ:XAUUSD,2020-04-02T15:35:00+02:00,1602.950,1603.558,1601.380,1601.460,117
SQ:XAUUSD,2020-04-02T15:36:00+02:00,1601.460,1602.502,1601.380,1602.382,101
SQ:XAUUSD,2020-04-02T15:37:00+02:00,1602.412,1602.488,1601.310,1601.952,111
SQ:XAUUSD,2020-04-02T15:38:00+02:00,1601.982,1603.728,1601.540,1602.442,183
SQ:XAUUSD,2020-04-02T15:39:00+02:00,1602.482,1604.762,1601.910,1603.168,169
SQ:XAUUSD,2020-04-02T15:40:00+02:00,1603.188,1605.130,1602.550,1603.570,173
SQ:XAUUSD,2020-04-02T15:41:00+02:00,1603.590,1604.390,1601.260,1603.180,69
SQ:XAUUSD,2020-04-02T15:42:00+02:00,1603.180,1603.230,1602.220,1602.230,115
SQ:XAUUSD,2020-04-02T15:43:00+02:00,1602.230,1603.220,1599.320,1599.780,163
SQ:XAUUSD,2020-04-02T15:44:00+02:00,1600.230,1601.490,1599.530,1600.750,174
SQ:XAUUSD,2020-04-02T15:45:00+02:00,1601.210,1603.790,1600.510,1603.080,114
SQ:XAUUSD,2020-04-02T15:46:00+02:00,1603.110,1604.300,1603.060,1604.300,90
SQ:XAUUSD,2020-04-02T15:47:00+02:00,1604.300,1605.180,1602.660,1602.820,127
SQ:XAUUSD,2020-04-02T15:48:00+02:00,1602.850,1604.470,1602.610,1604.390,74
SQ:XAUUSD,2020-04-02T15:49:00+02:00,1604.390,1604.530,1603.150,1604.240,116
SQ:XAUUSD,2020-04-02T15:50:00+02:00,1604.240,1605.120,1603.090,1605.000,321
SQ:XAUUSD,2020-04-02T15:51:00+02:00,1604.960,1605.294,1604.450,1604.930,331
SQ:XAUUSD,2020-04-02T15:52:00+02:00,1604.880,1605.000,1603.950,1604.060,230
SQ:XAUUSD,2020-04-02T15:53:00+02:00,1604.090,1605.110,1602.960,1604.020,174
SQ:XAUUSD,2020-04-02T15:54:00+02:00,1604.070,1604.670,1602.490,1602.710,202
SQ:XAUUSD,2020-04-02T15:55:00+02:00,1602.650,1605.250,1602.650,1605.250,285
SQ:XAUUSD,2020-04-02T15:56:00+02:00,1605.210,1606.250,1604.120,1604.588,247
SQ:XAUUSD,2020-04-02T15:57:00+02:00,1604.624,1606.760,1603.834,1606.710,117
SQ:XAUUSD,2020-04-02T15:58:00+02:00,1606.700,1607.410,1605.160,1606.280,122
SQ:XAUUSD,2020-04-02T15:59:00+02:00,1606.230,1607.032,1605.430,1605.500,146
SQ:XAUUSD,2020-04-02T16:00:00+02:00,1605.700,1610.590,1605.638,1609.460,358
SQ:XAUUSD,2020-04-02T16:01:00+02:00,1609.460,1612.540,1607.280,1607.280,467
SQ:XAUUSD,2020-04-02T16:02:00+02:00,1607.310,1611.140,1607.310,1609.360,307
SQ:XAUUSD,2020-04-02T16:03:00+02:00,1609.360,1610.444,1608.550,1609.300,198
SQ:XAUUSD,2020-04-02T16:04:00+02:00,1609.300,1611.200,1608.824,1611.190,161
SQ:XAUUSD,2020-04-02T16:05:00+02:00,1611.190,1612.180,1609.020,1609.450,180
SQ:XAUUSD,2020-04-02T16:06:00+02:00,1609.450,1609.660,1608.370,1609.500,173
SQ:XAUUSD,2020-04-02T16:07:00+02:00,1609.520,1610.710,1609.520,1610.320,109
SQ:XAUUSD,2020-04-02T16:08:00+02:00,1610.280,1610.350,1609.310,1610.210,186
SQ:XAUUSD,2020-04-02T16:09:00+02:00,1610.250,1610.640,1609.410,1609.670,175
SQ:XAUUSD,2020-04-02T16:10:00+02:00,1609.710,1610.540,1607.590,1610.510,110
SQ:XAUUSD,2020-04-02T16:11:00+02:00,1610.040,1612.210,1609.120,1611.270,224
SQ:XAUUSD,2020-04-02T16:12:00+02:00,1611.240,1611.420,1609.670,1610.090,209
SQ:XAUUSD,2020-04-02T16:13:00+02:00,1610.090,1610.530,1609.380,1610.530,173
SQ:XAUUSD,2020-04-02T16:14:00+02:00,1610.580,1610.580,1608.630,1609.080,129
SQ:XAUUSD,2020-04-02T16:15:00+02:00,1609.080,1611.160,1609.080,1610.560,106
SQ:XAUUSD,2020-04-02T16:16:00+02:00,1610.560,1611.100,1610.230,1611.100,77
SQ:XAUUSD,2020-04-02T16:17:00+02:00,1611.130,1611.230,1609.370,1610.030,141
SQ:XAUUSD,2020-04-02T16:18:00+02:00,1609.940,1611.080,1609.930,1610.600,105
SQ:XAUUSD,2020-04-02T16:19:00+02:00,1610.560,1610.940,1610.060,1610.710,125
SQ:XAUUSD,2020-04-02T16:20:00+02:00,1610.890,1611.090,1609.980,1610.700,147
SQ:XAUUSD,2020-04-02T16:21:00+02:00,1610.750,1610.810,1609.030,1610.030,144
SQ:XAUUSD,2020-04-02T16:22:00+02:00,1610.030,1610.668,1608.000,1608.420,241
SQ:XAUUSD,2020-04-02T16:23:00+02:00,1608.470,1609.500,1608.370,1609.120,143
SQ:XAUUSD,2020-04-02T16:24:00+02:00,1609.120,1610.330,1608.340,1608.520,139
SQ:XAUUSD,2020-04-02T16:25:00+02:00,1608.520,1609.240,1608.420,1608.660,151
SQ:XAUUSD,2020-04-02T16:26:00+02:00,1608.660,1609.120,1607.790,1608.710,123
SQ:XAUUSD,2020-04-02T16:27:00+02:00,1608.540,1609.360,1607.780,1608.050,162
SQ:XAUUSD,2020-04-02T16:28:00+02:00,1608.050,1608.340,1607.630,1608.100,119
SQ:XAUUSD,2020-04-02T16:29:00+02:00,1608.100,1609.720,1607.550,1609.490,147
SQ:XAUUSD,2020-04-02T16:30:00+02:00,1609.490,1610.450,1608.800,1610.450,194
SQ:XAUUSD,2020-04-02T16:31:00+02:00,1610.450,1612.750,1610.150,1612.000,208
SQ:XAUUSD,2020-04-02T16:32:00+02:00,1612.040,1612.360,1609.050,1609.700,184
SQ:XAUUSD,2020-04-02T16:33:00+02:00,1609.660,1611.770,1609.660,1611.160,182
SQ:XAUUSD,2020-04-02T16:34:00+02:00,1611.200,1612.060,1610.570,1610.640,159
SQ:XAUUSD,2020-04-02T16:35:00+02:00,1610.640,1612.910,1610.640,1612.250,190
SQ:XAUUSD,2020-04-02T16:36:00+02:00,1612.250,1613.070,1607.330,1607.886,317
SQ:XAUUSD,2020-04-02T16:37:00+02:00,1608.026,1609.540,1607.240,1607.660,270
SQ:XAUUSD,2020-04-02T16:38:00+02:00,1607.660,1608.160,1604.256,1607.490,381
SQ:XAUUSD,2020-04-02T16:39:00+02:00,1607.470,1610.890,1607.180,1610.890,286
SQ:XAUUSD,2020-04-02T16:40:00+02:00,1610.880,1610.880,1607.156,1608.400,164
SQ:XAUUSD,2020-04-02T16:41:00+02:00,1608.210,1608.210,1605.630,1606.270,115
SQ:XAUUSD,2020-04-02T16:42:00+02:00,1606.270,1607.380,1604.920,1605.060,83
SQ:XAUUSD,2020-04-02T16:43:00+02:00,1605.060,1605.870,1604.630,1604.940,112
SQ:XAUUSD,2020-04-02T16:44:00+02:00,1605.030,1607.270,1605.030,1605.820,186
SQ:XAUUSD,2020-04-02T16:45:00+02:00,1605.590,1606.050,1603.830,1604.600,353
SQ:XAUUSD,2020-04-02T16:46:00+02:00,1604.540,1605.500,1604.120,1604.440,247
SQ:XAUUSD,2020-04-02T16:47:00+02:00,1604.460,1604.900,1601.900,1603.590,279
SQ:XAUUSD,2020-04-02T16:48:00+02:00,1603.830,1605.350,1603.250,1605.230,124
SQ:XAUUSD,2020-04-02T16:49:00+02:00,1605.350,1606.320,1604.740,1605.150,158
SQ:XAUUSD,2020-04-02T16:50:00+02:00,1605.050,1605.740,1604.950,1605.440,149
SQ:XAUUSD,2020-04-02T16:51:00+02:00,1605.440,1607.990,1605.220,1606.790,199
SQ:XAUUSD,2020-04-02T16:52:00+02:00,1606.790,1606.830,1604.870,1604.870,174
SQ:XAUUSD,2020-04-02T16:53:00+02:00,1604.770,1605.490,1603.680,1605.276,207
SQ:XAUUSD,2020-04-02T16:54:00+02:00,1605.430,1606.930,1605.200,1606.830,126
SQ:XAUUSD,2020-04-02T16:55:00+02:00,1606.830,1607.550,1606.110,1606.350,145
SQ:XAUUSD,2020-04-02T16:56:00+02:00,1606.350,1610.470,1606.350,1608.770,224
SQ:XAUUSD,2020-04-02T16:57:00+02:00,1608.750,1609.110,1606.190,1607.130,247
SQ:XAUUSD,2020-04-02T16:58:00+02:00,1607.130,1609.230,1606.910,1607.800,146
SQ:XAUUSD,2020-04-02T16:59:00+02:00,1607.800,1609.430,1607.690,1608.080,217
SQ:XAUUSD,2020-04-02T17:00:00+02:00,1608.210,1609.486,1606.990,1607.410,211
SQ:XAUUSD,2020-04-02T17:01:00+02:00,1607.410,1608.390,1607.080,1608.020,181
SQ:XAUUSD,2020-04-02T17:02:00+02:00,1608.020,1608.320,1607.300,1607.470,148
SQ:XAUUSD,2020-04-02T17:03:00+02:00,1607.470,1607.710,1605.930,1607.130,131
SQ:XAUUSD,2020-04-02T17:04:00+02:00,1607.130,1607.500,1605.110,1605.680,143
SQ:XAUUSD,2020-04-02T17:05:00+02:00,1605.740,1605.900,1604.040,1604.040,142
SQ:XAUUSD,2020-04-02T17:06:00+02:00,1604.040,1606.610,1604.040,1606.270,139
SQ:XAUUSD,2020-04-02T17:07:00+02:00,1606.310,1607.016,1606.226,1606.580,215
SQ:XAUUSD,2020-04-02T17:08:00+02:00,1606.530,1607.084,1605.996,1606.460,219
SQ:XAUUSD,2020-04-02T17:09:00+02:00,1606.520,1608.130,1606.408,1608.030,159
SQ:XAUUSD,2020-04-02T17:10:00+02:00,1608.030,1609.990,1607.350,1608.610,255
SQ:XAUUSD,2020-04-02T17:11:00+02:00,1608.610,1609.480,1608.070,1608.790,201
SQ:XAUUSD,2020-04-02T17:12:00+02:00,1608.790,1608.850,1606.650,1607.670,135
SQ:XAUUSD,2020-04-02T17:13:00+02:00,1607.670,1608.010,1606.950,1607.256,190
SQ:XAUUSD,2020-04-02T17:14:00+02:00,1607.256,1607.358,1605.200,1605.770,211
SQ:XAUUSD,2020-04-02T17:15:00+02:00,1605.770,1607.416,1605.730,1606.828,129
SQ:XAUUSD,2020-04-02T17:16:00+02:00,1606.838,1607.552,1606.760,1607.150,134
SQ:XAUUSD,2020-04-02T17:17:00+02:00,1607.140,1608.630,1606.260,1608.130,118
SQ:XAUUSD,2020-04-02T17:18:00+02:00,1608.150,1608.830,1607.600,1608.270,95
SQ:XAUUSD,2020-04-02T17:19:00+02:00,1608.150,1609.530,1607.936,1609.250,85
SQ:XAUUSD,2020-04-02T17:20:00+02:00,1609.250,1609.450,1608.336,1608.552,128
SQ:XAUUSD,2020-04-02T17:21:00+02:00,1608.532,1608.572,1607.410,1607.570,131
SQ:XAUUSD,2020-04-02T17:22:00+02:00,1607.570,1608.370,1607.540,1607.950,62
SQ:XAUUSD,2020-04-02T17:23:00+02:00,1607.830,1608.690,1607.660,1608.236,87
SQ:XAUUSD,2020-04-02T17:24:00+02:00,1608.326,1609.132,1608.276,1608.902,160
SQ:XAUUSD,2020-04-02T17:25:00+02:00,1608.902,1609.180,1608.140,1608.290,83
SQ:XAUUSD,2020-04-02T17:26:00+02:00,1608.290,1608.708,1607.508,1608.208,181
SQ:XAUUSD,2020-04-02T17:27:00+02:00,1608.208,1608.756,1607.998,1608.468,101
SQ:XAUUSD,2020-04-02T17:28:00+02:00,1608.638,1608.930,1607.680,1607.750,86
SQ:XAUUSD,2020-04-02T17:29:00+02:00,1607.810,1610.750,1607.500,1610.280,123
SQ:XAUUSD,2020-04-02T17:30:00+02:00,1610.280,1610.950,1609.790,1609.950,106
SQ:XAUUSD,2020-04-02T17:31:00+02:00,1610.080,1610.390,1608.990,1609.570,146
SQ:XAUUSD,2020-04-02T17:32:00+02:00,1609.810,1611.120,1609.650,1610.370,102
SQ:XAUUSD,2020-04-02T17:33:00+02:00,1610.340,1611.380,1609.520,1609.740,245
SQ:XAUUSD,2020-04-02T17:34:00+02:00,1609.740,1611.240,1609.230,1609.840,159
SQ:XAUUSD,2020-04-02T17:35:00+02:00,1609.830,1611.390,1608.990,1609.110,113
SQ:XAUUSD,2020-04-02T17:36:00+02:00,1609.150,1610.400,1608.080,1608.270,221
SQ:XAUUSD,2020-04-02T17:37:00+02:00,1608.270,1609.300,1608.100,1609.000,186
SQ:XAUUSD,2020-04-02T17:38:00+02:00,1609.000,1609.340,1606.340,1606.510,247
SQ:XAUUSD,2020-04-02T17:39:00+02:00,1606.400,1608.190,1606.330,1607.890,167
SQ:XAUUSD,2020-04-02T17:40:00+02:00,1607.760,1609.590,1607.660,1608.890,169
SQ:XAUUSD,2020-04-02T17:41:00+02:00,1608.700,1609.280,1608.170,1608.960,113
SQ:XAUUSD,2020-04-02T17:42:00+02:00,1609.270,1609.630,1608.960,1609.080,128
SQ:XAUUSD,2020-04-02T17:43:00+02:00,1609.070,1609.890,1607.930,1608.040,98
SQ:XAUUSD,2020-04-02T17:44:00+02:00,1608.040,1608.230,1607.430,1607.930,61
SQ:XAUUSD,2020-04-02T17:45:00+02:00,1608.020,1608.020,1606.980,1607.370,104
SQ:XAUUSD,2020-04-02T17:46:00+02:00,1607.320,1608.728,1607.270,1608.240,215
SQ:XAUUSD,2020-04-02T17:47:00+02:00,1608.240,1609.590,1608.040,1608.920,210
SQ:XAUUSD,2020-04-02T17:48:00+02:00,1608.920,1609.220,1607.890,1607.890,221
SQ:XAUUSD,2020-04-02T17:49:00+02:00,1607.940,1608.430,1607.860,1608.310,110
SQ:XAUUSD,2020-04-02T17:50:00+02:00,1608.240,1609.150,1608.060,1608.990,225
SQ:XAUUSD,2020-04-02T17:51:00+02:00,1608.990,1609.130,1608.430,1608.610,178
SQ:XAUUSD,2020-04-02T17:52:00+02:00,1608.610,1608.790,1608.080,1608.520,191
SQ:XAUUSD,2020-04-02T17:53:00+02:00,1608.520,1609.190,1608.190,1608.400,200
SQ:XAUUSD,2020-04-02T17:54:00+02:00,1608.400,1608.740,1607.820,1607.950,63
SQ:XAUUSD,2020-04-02T17:55:00+02:00,1607.950,1608.400,1607.910,1608.010,42
SQ:XAUUSD,2020-04-02T17:56:00+02:00,1608.010,1609.810,1608.010,1609.480,82
SQ:XAUUSD,2020-04-02T17:57:00+02:00,1609.430,1609.430,1607.740,1608.020,69
SQ:XAUUSD,2020-04-02T17:58:00+02:00,1608.060,1608.060,1606.820,1607.010,64
SQ:XAUUSD,2020-04-02T17:59:00+02:00,1606.940,1607.890,1606.740,1607.670,86
SQ:XAUUSD,2020-04-02T18:00:00+02:00,1607.590,1608.240,1607.330,1607.540,189
SQ:XAUUSD,2020-04-02T18:01:00+02:00,1607.540,1608.070,1607.540,1607.870,50
SQ:XAUUSD,2020-04-02T18:02:00+02:00,1607.870,1609.950,1607.860,1609.540,102
SQ:XAUUSD,2020-04-02T18:03:00+02:00,1609.540,1609.540,1607.010,1607.500,107
SQ:XAUUSD,2020-04-02T18:04:00+02:00,1607.500,1607.550,1606.030,1607.550,108
SQ:XAUUSD,2020-04-02T18:05:00+02:00,1607.550,1608.200,1607.290,1607.580,133
SQ:XAUUSD,2020-04-02T18:06:00+02:00,1607.580,1607.950,1607.270,1607.810,100
SQ:XAUUSD,2020-04-02T18:07:00+02:00,1607.810,1608.020,1606.730,1607.770,259
SQ:XAUUSD,2020-04-02T18:08:00+02:00,1607.740,1608.980,1607.540,1608.200,140
SQ:XAUUSD,2020-04-02T18:09:00+02:00,1608.170,1608.910,1607.570,1608.140,183
SQ:XAUUSD,2020-04-02T18:10:00+02:00,1608.130,1608.860,1607.570,1608.330,334
SQ:XAUUSD,2020-04-02T18:11:00+02:00,1608.480,1609.270,1607.980,1608.930,357
SQ:XAUUSD,2020-04-02T18:12:00+02:00,1608.850,1609.750,1608.400,1609.150,290
SQ:XAUUSD,2020-04-02T18:13:00+02:00,1609.150,1609.350,1608.140,1608.980,123
SQ:XAUUSD,2020-04-02T18:14:00+02:00,1609.030,1610.450,1608.870,1610.310,122
SQ:XAUUSD,2020-04-02T18:15:00+02:00,1610.310,1611.320,1609.890,1611.190,142
SQ:XAUUSD,2020-04-02T18:16:00+02:00,1611.180,1612.910,1611.130,1612.590,254
SQ:XAUUSD,2020-04-02T18:17:00+02:00,1612.690,1613.080,1611.420,1611.740,208
SQ:XAUUSD,2020-04-02T18:18:00+02:00,1611.870,1612.320,1611.420,1611.610,281
SQ:XAUUSD,2020-04-02T18:19:00+02:00,1611.610,1612.280,1611.040,1612.090,147
SQ:XAUUSD,2020-04-02T18:20:00+02:00,1612.090,1613.220,1611.810,1612.910,260
SQ:XAUUSD,2020-04-02T18:21:00+02:00,1612.910,1613.300,1611.310,1611.480,192
SQ:XAUUSD,2020-04-02T18:22:00+02:00,1611.500,1611.500,1610.410,1610.950,376
SQ:XAUUSD,2020-04-02T18:23:00+02:00,1610.970,1611.320,1610.390,1611.240,152
SQ:XAUUSD,2020-04-02T18:24:00+02:00,1611.240,1611.420,1610.180,1610.540,124
SQ:XAUUSD,2020-04-02T18:25:00+02:00,1610.600,1611.580,1610.600,1611.310,92
SQ:XAUUSD,2020-04-02T18:26:00+02:00,1611.380,1612.100,1611.212,1611.780,168
SQ:XAUUSD,2020-04-02T18:27:00+02:00,1611.780,1612.360,1610.700,1611.060,134
SQ:XAUUSD,2020-04-02T18:28:00+02:00,1611.110,1611.530,1609.780,1610.950,238
SQ:XAUUSD,2020-04-02T18:29:00+02:00,1610.860,1611.290,1610.100,1610.590,131
SQ:XAUUSD,2020-04-02T18:30:00+02:00,1610.590,1611.230,1610.110,1610.380,115
SQ:XAUUSD,2020-04-02T18:31:00+02:00,1610.320,1610.940,1610.060,1610.340,109
SQ:XAUUSD,2020-04-02T18:32:00+02:00,1610.410,1610.680,1609.770,1610.330,100
SQ:XAUUSD,2020-04-02T18:33:00+02:00,1610.360,1612.000,1610.250,1611.330,134
SQ:XAUUSD,2020-04-02T18:34:00+02:00,1611.520,1611.760,1610.580,1610.830,104
SQ:XAUUSD,2020-04-02T18:35:00+02:00,1610.830,1611.500,1610.750,1611.370,68
SQ:XAUUSD,2020-04-02T18:36:00+02:00,1611.370,1612.480,1611.120,1612.286,241
SQ:XAUUSD,2020-04-02T18:37:00+02:00,1612.286,1612.306,1611.020,1611.230,216
SQ:XAUUSD,2020-04-02T18:38:00+02:00,1611.156,1611.510,1610.590,1611.200,117
SQ:XAUUSD,2020-04-02T18:39:00+02:00,1611.150,1611.440,1610.590,1611.360,128
SQ:XAUUSD,2020-04-02T18:40:00+02:00,1611.440,1611.440,1609.480,1609.940,129
SQ:XAUUSD,2020-04-02T18:41:00+02:00,1609.970,1610.210,1609.550,1610.200,122
SQ:XAUUSD,2020-04-02T18:42:00+02:00,1610.270,1610.940,1610.140,1610.940,119
SQ:XAUUSD,2020-04-02T18:43:00+02:00,1610.940,1611.000,1610.490,1610.870,72
SQ:XAUUSD,2020-04-02T18:44:00+02:00,1610.870,1611.250,1610.590,1610.910,78
SQ:XAUUSD,2020-04-02T18:45:00+02:00,1610.870,1611.040,1610.280,1610.890,89
SQ:XAUUSD,2020-04-02T18:46:00+02:00,1610.890,1611.110,1610.340,1610.670,102
SQ:XAUUSD,2020-04-02T18:47:00+02:00,1610.750,1611.310,1610.450,1611.090,105
SQ:XAUUSD,2020-04-02T18:48:00+02:00,1611.120,1611.650,1610.770,1611.090,207
SQ:XAUUSD,2020-04-02T18:49:00+02:00,1611.040,1611.740,1610.970,1611.540,85
SQ:XAUUSD,2020-04-02T18:50:00+02:00,1611.490,1611.570,1610.470,1611.020,93
SQ:XAUUSD,2020-04-02T18:51:00+02:00,1611.030,1611.120,1610.130,1610.310,72
SQ:XAUUSD,2020-04-02T18:52:00+02:00,1610.370,1610.870,1610.080,1610.580,117
SQ:XAUUSD,2020-04-02T18:53:00+02:00,1610.520,1611.602,1610.490,1611.110,170
SQ:XAUUSD,2020-04-02T18:54:00+02:00,1611.120,1611.760,1611.014,1611.670,150
SQ:XAUUSD,2020-04-02T18:55:00+02:00,1611.670,1611.760,1611.140,1611.140,84
SQ:XAUUSD,2020-04-02T18:56:00+02:00,1611.130,1611.470,1610.940,1611.460,70
SQ:XAUUSD,2020-04-02T18:57:00+02:00,1611.500,1611.850,1611.470,1611.640,60
SQ:XAUUSD,2020-04-02T18:58:00+02:00,1611.690,1612.090,1611.600,1611.900,77
SQ:XAUUSD,2020-04-02T18:59:00+02:00,1611.950,1612.740,1611.920,1612.700,104
SQ:XAUUSD,2020-04-02T19:00:00+02:00,1612.760,1613.000,1611.730,1612.750,125
SQ:XAUUSD,2020-04-02T19:01:00+02:00,1612.720,1614.450,1612.300,1613.020,179
SQ:XAUUSD,2020-04-02T19:02:00+02:00,1613.020,1614.450,1612.480,1614.420,129
SQ:XAUUSD,2020-04-02T19:03:00+02:00,1614.390,1614.500,1612.840,1613.730,148
SQ:XAUUSD,2020-04-02T19:04:00+02:00,1613.780,1614.040,1611.670,1611.670,99
SQ:XAUUSD,2020-04-02T19:05:00+02:00,1611.670,1612.110,1611.040,1611.610,159
SQ:XAUUSD,2020-04-02T19:06:00+02:00,1611.610,1612.800,1611.330,1612.470,98
SQ:XAUUSD,2020-04-02T19:07:00+02:00,1612.530,1612.710,1611.060,1611.260,90
SQ:XAUUSD,2020-04-02T19:08:00+02:00,1611.250,1611.800,1610.820,1610.950,117
SQ:XAUUSD,2020-04-02T19:09:00+02:00,1610.950,1611.360,1610.680,1610.710,73
SQ:XAUUSD,2020-04-02T19:10:00+02:00,1610.710,1610.950,1610.090,1610.240,63
SQ:XAUUSD,2020-04-02T19:11:00+02:00,1610.240,1610.890,1609.830,1610.680,96
SQ:XAUUSD,2020-04-02T19:12:00+02:00,1610.680,1612.090,1610.640,1611.460,96
SQ:XAUUSD,2020-04-02T19:13:00+02:00,1611.530,1611.980,1611.380,1611.510,54
SQ:XAUUSD,2020-04-02T19:14:00+02:00,1611.580,1612.230,1611.410,1612.130,69
SQ:XAUUSD,2020-04-02T19:15:00+02:00,1612.220,1612.260,1611.740,1612.260,69
SQ:XAUUSD,2020-04-02T19:16:00+02:00,1612.260,1612.260,1611.340,1611.970,62
SQ:XAUUSD,2020-04-02T19:17:00+02:00,1612.010,1612.770,1611.970,1612.300,83
SQ:XAUUSD,2020-04-02T19:18:00+02:00,1612.350,1613.890,1612.350,1613.650,100
SQ:XAUUSD,2020-04-02T19:19:00+02:00,1613.690,1614.390,1613.640,1614.280,135
SQ:XAUUSD,2020-04-02T19:20:00+02:00,1614.350,1614.350,1613.390,1613.650,113
SQ:XAUUSD,2020-04-02T19:21:00+02:00,1613.720,1613.950,1613.450,1613.490,86
SQ:XAUUSD,2020-04-02T19:22:00+02:00,1613.450,1614.160,1613.260,1613.770,102
SQ:XAUUSD,2020-04-02T19:23:00+02:00,1613.830,1614.240,1613.590,1614.030,77
SQ:XAUUSD,2020-04-02T19:24:00+02:00,1613.990,1614.850,1613.430,1614.480,167
SQ:XAUUSD,2020-04-02T19:25:00+02:00,1614.480,1615.950,1613.280,1613.790,244
SQ:XAUUSD,2020-04-02T19:26:00+02:00,1613.830,1614.050,1612.570,1613.020,135
SQ:XAUUSD,2020-04-02T19:27:00+02:00,1613.020,1613.950,1612.830,1613.510,149
SQ:XAUUSD,2020-04-02T19:28:00+02:00,1613.450,1613.620,1611.760,1611.780,187
SQ:XAUUSD,2020-04-02T19:29:00+02:00,1611.780,1614.570,1611.420,1611.710,239
SQ:XAUUSD,2020-04-02T19:30:00+02:00,1611.730,1611.730,1609.800,1610.130,179
SQ:XAUUSD,2020-04-02T19:31:00+02:00,1610.040,1611.220,1610.040,1610.490,77
SQ:XAUUSD,2020-04-02T19:32:00+02:00,1610.500,1612.050,1610.090,1612.050,111
SQ:XAUUSD,2020-04-02T19:33:00+02:00,1612.120,1612.300,1610.260,1610.290,107
SQ:XAUUSD,2020-04-02T19:34:00+02:00,1610.300,1611.280,1609.430,1610.250,181
SQ:XAUUSD,2020-04-02T19:35:00+02:00,1610.250,1610.920,1609.580,1610.780,72
SQ:XAUUSD,2020-04-02T19:36:00+02:00,1610.780,1611.440,1610.510,1611.370,52
SQ:XAUUSD,2020-04-02T19:37:00+02:00,1611.310,1611.720,1611.070,1611.530,36
SQ:XAUUSD,2020-04-02T19:38:00+02:00,1611.590,1612.290,1611.570,1612.150,39
SQ:XAUUSD,2020-04-02T19:39:00+02:00,1612.150,1612.680,1611.250,1611.560,52
SQ:XAUUSD,2020-04-02T19:40:00+02:00,1611.560,1612.250,1611.190,1611.970,78
SQ:XAUUSD,2020-04-02T19:41:00+02:00,1611.850,1611.880,1611.550,1611.800,34
SQ:XAUUSD,2020-04-02T19:42:00+02:00,1611.780,1611.880,1611.680,1611.880,29
SQ:XAUUSD,2020-04-02T19:43:00+02:00,1611.880,1614.230,1611.680,1614.170,95
SQ:XAUUSD,2020-04-02T19:44:00+02:00,1614.170,1614.240,1612.990,1613.430,145
SQ:XAUUSD,2020-04-02T19:45:00+02:00,1613.320,1615.010,1613.170,1614.680,90
SQ:XAUUSD,2020-04-02T19:46:00+02:00,1614.790,1615.210,1613.810,1614.090,98
SQ:XAUUSD,2020-04-02T19:47:00+02:00,1614.090,1615.180,1612.970,1615.110,96
SQ:XAUUSD,2020-04-02T19:48:00+02:00,1615.070,1615.940,1614.450,1615.060,111
SQ:XAUUSD,2020-04-02T19:49:00+02:00,1615.060,1615.400,1614.650,1614.690,55
SQ:XAUUSD,2020-04-02T19:50:00+02:00,1614.900,1615.250,1614.480,1615.020,84
SQ:XAUUSD,2020-04-02T19:51:00+02:00,1615.020,1616.580,1613.260,1614.274,162
SQ:XAUUSD,2020-04-02T19:52:00+02:00,1614.260,1615.554,1613.900,1615.370,95
SQ:XAUUSD,2020-04-02T19:53:00+02:00,1615.370,1616.594,1615.340,1615.650,93
SQ:XAUUSD,2020-04-02T19:54:00+02:00,1615.580,1615.630,1614.190,1614.850,101
SQ:XAUUSD,2020-04-02T19:55:00+02:00,1614.850,1615.110,1614.170,1614.690,139
SQ:XAUUSD,2020-04-02T19:56:00+02:00,1614.640,1614.750,1614.340,1614.600,54
SQ:XAUUSD,2020-04-02T19:57:00+02:00,1614.600,1615.570,1614.410,1615.290,99
SQ:XAUUSD,2020-04-02T19:58:00+02:00,1615.320,1615.630,1614.590,1615.340,125
SQ:XAUUSD,2020-04-02T19:59:00+02:00,1615.240,1615.240,1614.890,1615.210,56
SQ:XAUUSD,2020-04-02T20:00:00+02:00,1615.210,1615.220,1614.290,1614.450,99
SQ:XAUUSD,2020-04-02T20:01:00+02:00,1614.450,1615.000,1614.190,1614.190,94
SQ:XAUUSD,2020-04-02T20:02:00+02:00,1614.190,1614.370,1612.820,1612.970,116
SQ:XAUUSD,2020-04-02T20:03:00+02:00,1613.050,1613.630,1612.870,1613.050,53
SQ:XAUUSD,2020-04-02T20:04:00+02:00,1613.050,1614.050,1612.880,1613.990,40
SQ:XAUUSD,2020-04-02T20:05:00+02:00,1613.990,1614.510,1613.230,1613.240,69
SQ:XAUUSD,2020-04-02T20:06:00+02:00,1613.300,1613.850,1613.220,1613.680,36
SQ:XAUUSD,2020-04-02T20:07:00+02:00,1613.680,1614.300,1613.580,1613.810,38
SQ:XAUUSD,2020-04-02T20:08:00+02:00,1613.810,1613.810,1612.200,1612.530,64
SQ:XAUUSD,2020-04-02T20:09:00+02:00,1612.530,1613.230,1612.220,1613.230,47
SQ:XAUUSD,2020-04-02T20:10:00+02:00,1613.080,1613.730,1612.750,1612.790,44
SQ:XAUUSD,2020-04-02T20:11:00+02:00,1612.790,1613.200,1612.440,1613.140,27
SQ:XAUUSD,2020-04-02T20:12:00+02:00,1613.160,1613.520,1612.900,1613.310,73
SQ:XAUUSD,2020-04-02T20:13:00+02:00,1613.310,1613.770,1612.890,1613.420,132
SQ:XAUUSD,2020-04-02T20:14:00+02:00,1613.460,1614.460,1612.970,1613.360,151
SQ:XAUUSD,2020-04-02T20:15:00+02:00,1613.360,1613.710,1613.150,1613.150,65
SQ:XAUUSD,2020-04-02T20:16:00+02:00,1613.130,1613.370,1611.860,1612.500,105
SQ:XAUUSD,2020-04-02T20:17:00+02:00,1612.480,1612.520,1611.790,1611.910,142
SQ:XAUUSD,2020-04-02T20:18:00+02:00,1611.910,1612.500,1611.790,1612.190,65
SQ:XAUUSD,2020-04-02T20:19:00+02:00,1612.390,1612.410,1611.950,1612.220,158
SQ:XAUUSD,2020-04-02T20:20:00+02:00,1612.240,1612.340,1610.380,1610.830,180
SQ:XAUUSD,2020-04-02T20:21:00+02:00,1610.840,1611.810,1610.310,1611.440,147
SQ:XAUUSD,2020-04-02T20:22:00+02:00,1611.320,1611.720,1610.560,1611.670,107
SQ:XAUUSD,2020-04-02T20:23:00+02:00,1611.720,1611.770,1610.450,1610.680,122
SQ:XAUUSD,2020-04-02T20:24:00+02:00,1610.730,1610.940,1610.240,1610.510,76
SQ:XAUUSD,2020-04-02T20:25:00+02:00,1610.510,1611.290,1609.940,1609.980,139
SQ:XAUUSD,2020-04-02T20:26:00+02:00,1609.990,1611.200,1609.970,1610.250,144
SQ:XAUUSD,2020-04-02T20:27:00+02:00,1610.250,1610.940,1610.120,1610.570,90
SQ:XAUUSD,2020-04-02T20:28:00+02:00,1610.620,1611.300,1610.440,1611.070,178
SQ:XAUUSD,2020-04-02T20:29:00+02:00,1611.010,1611.870,1610.820,1611.150,72
SQ:XAUUSD,2020-04-02T20:30:00+02:00,1611.070,1611.070,1609.150,1609.460,117
SQ:XAUUSD,2020-04-02T20:31:00+02:00,1609.460,1609.700,1608.800,1608.800,166
SQ:XAUUSD,2020-04-02T20:32:00+02:00,1608.800,1609.580,1607.750,1608.720,116
SQ:XAUUSD,2020-04-02T20:33:00+02:00,1608.780,1610.110,1608.780,1609.630,59
SQ:XAUUSD,2020-04-02T20:34:00+02:00,1609.630,1609.760,1609.350,1609.720,52
SQ:XAUUSD,2020-04-02T20:35:00+02:00,1609.680,1610.530,1609.670,1610.180,45
SQ:XAUUSD,2020-04-02T20:36:00+02:00,1610.180,1611.050,1610.180,1610.690,53
SQ:XAUUSD,2020-04-02T20:37:00+02:00,1610.620,1611.670,1610.210,1611.670,84
SQ:XAUUSD,2020-04-02T20:38:00+02:00,1611.720,1612.220,1611.470,1611.630,47
SQ:XAUUSD,2020-04-02T20:39:00+02:00,1611.630,1612.630,1611.280,1612.480,25
SQ:XAUUSD,2020-04-02T20:40:00+02:00,1612.480,1613.590,1612.330,1613.260,63
SQ:XAUUSD,2020-04-02T20:41:00+02:00,1613.260,1613.550,1612.560,1612.780,69
SQ:XAUUSD,2020-04-02T20:42:00+02:00,1612.780,1613.220,1612.570,1612.880,44
SQ:XAUUSD,2020-04-02T20:43:00+02:00,1612.880,1612.970,1612.420,1612.610,32
SQ:XAUUSD,2020-04-02T20:44:00+02:00,1612.610,1613.310,1612.550,1612.570,73
SQ:XAUUSD,2020-04-02T20:45:00+02:00,1612.570,1612.890,1611.770,1612.050,90
SQ:XAUUSD,2020-04-02T20:46:00+02:00,1612.050,1612.210,1611.380,1611.590,68
SQ:XAUUSD,2020-04-02T20:47:00+02:00,1611.630,1611.950,1611.380,1611.600,57
SQ:XAUUSD,2020-04-02T20:48:00+02:00,1611.600,1612.550,1611.600,1612.450,29
SQ:XAUUSD,2020-04-02T20:49:00+02:00,1612.260,1612.260,1611.590,1612.000,53
SQ:XAUUSD,2020-04-02T20:50:00+02:00,1612.000,1612.770,1611.810,1612.660,56
SQ:XAUUSD,2020-04-02T20:51:00+02:00,1612.660,1613.410,1612.530,1613.150,68
SQ:XAUUSD,2020-04-02T20:52:00+02:00,1613.150,1613.630,1612.860,1613.050,45
SQ:XAUUSD,2020-04-02T20:53:00+02:00,1613.050,1614.100,1612.990,1614.100,40
SQ:XAUUSD,2020-04-02T20:54:00+02:00,1614.100,1614.730,1613.180,1613.820,102
SQ:XAUUSD,2020-04-02T20:55:00+02:00,1613.820,1613.820,1613.290,1613.640,40
SQ:XAUUSD,2020-04-02T20:56:00+02:00,1613.640,1614.030,1613.160,1613.950,50
SQ:XAUUSD,2020-04-02T20:57:00+02:00,1613.950,1614.650,1613.840,1614.600,88
SQ:XAUUSD,2020-04-02T20:58:00+02:00,1614.620,1615.150,1613.620,1614.000,137
SQ:XAUUSD,2020-04-02T20:59:00+02:00,1614.040,1614.080,1613.500,1614.030,74
SQ:XAUUSD,2020-04-02T21:00:00+02:00,1614.140,1614.780,1613.730,1614.590,110
SQ:XAUUSD,2020-04-02T21:01:00+02:00,1614.590,1615.330,1613.230,1615.040,81
SQ:XAUUSD,2020-04-02T21:02:00+02:00,1615.090,1616.430,1615.090,1615.890,116
SQ:XAUUSD,2020-04-02T21:03:00+02:00,1615.890,1616.910,1615.610,1616.410,129
SQ:XAUUSD,2020-04-02T21:04:00+02:00,1616.410,1617.420,1615.900,1616.990,124
SQ:XAUUSD,2020-04-02T21:05:00+02:00,1616.990,1617.030,1615.630,1616.010,114
SQ:XAUUSD,2020-04-02T21:06:00+02:00,1616.080,1617.000,1616.080,1616.670,77
SQ:XAUUSD,2020-04-02T21:07:00+02:00,1616.630,1617.590,1616.520,1617.470,88
SQ:XAUUSD,2020-04-02T21:08:00+02:00,1617.470,1618.810,1617.310,1618.400,187
SQ:XAUUSD,2020-04-02T21:09:00+02:00,1618.430,1618.610,1617.020,1617.760,162
SQ:XAUUSD,2020-04-02T21:10:00+02:00,1617.760,1617.850,1616.210,1616.710,143
SQ:XAUUSD,2020-04-02T21:11:00+02:00,1616.660,1617.560,1616.460,1617.390,78
SQ:XAUUSD,2020-04-02T21:12:00+02:00,1617.390,1617.390,1616.730,1616.970,95
SQ:XAUUSD,2020-04-02T21:13:00+02:00,1616.970,1617.230,1616.690,1616.980,52
SQ:XAUUSD,2020-04-02T21:14:00+02:00,1616.900,1617.620,1616.610,1617.480,95
SQ:XAUUSD,2020-04-02T21:15:00+02:00,1617.520,1619.490,1616.920,1618.990,218
SQ:XAUUSD,2020-04-02T21:16:00+02:00,1618.980,1619.470,1617.950,1618.670,179
SQ:XAUUSD,2020-04-02T21:17:00+02:00,1618.670,1618.740,1617.270,1618.070,113
SQ:XAUUSD,2020-04-02T21:18:00+02:00,1618.000,1618.480,1617.080,1617.350,140
SQ:XAUUSD,2020-04-02T21:19:00+02:00,1617.350,1617.530,1616.560,1616.590,114
SQ:XAUUSD,2020-04-02T21:20:00+02:00,1616.570,1617.320,1616.210,1616.550,100
SQ:XAUUSD,2020-04-02T21:21:00+02:00,1616.590,1616.720,1615.730,1615.880,131
SQ:XAUUSD,2020-04-02T21:22:00+02:00,1615.720,1616.020,1615.310,1615.380,86
SQ:XAUUSD,2020-04-02T21:23:00+02:00,1615.380,1616.340,1615.220,1616.110,107
SQ:XAUUSD,2020-04-02T21:24:00+02:00,1616.040,1616.690,1616.010,1616.620,75
SQ:XAUUSD,2020-04-02T21:25:00+02:00,1616.620,1617.170,1616.430,1616.970,86
SQ:XAUUSD,2020-04-02T21:26:00+02:00,1616.970,1616.990,1616.500,1616.690,60
SQ:XAUUSD,2020-04-02T21:27:00+02:00,1616.690,1616.870,1616.460,1616.600,45
SQ:XAUUSD,2020-04-02T21:28:00+02:00,1616.660,1617.060,1616.460,1616.940,153
SQ:XAUUSD,2020-04-02T21:29:00+02:00,1616.970,1617.780,1616.890,1617.630,81
SQ:XAUUSD,2020-04-02T21:30:00+02:00,1617.680,1617.770,1616.940,1617.220,83
SQ:XAUUSD,2020-04-02T21:31:00+02:00,1617.060,1617.390,1616.900,1617.150,76
SQ:XAUUSD,2020-04-02T21:32:00+02:00,1617.170,1617.340,1616.540,1616.590,60
SQ:XAUUSD,2020-04-02T21:33:00+02:00,1616.660,1616.880,1616.070,1616.180,71
SQ:XAUUSD,2020-04-02T21:34:00+02:00,1616.150,1616.400,1616.110,1616.320,88
SQ:XAUUSD,2020-04-02T21:35:00+02:00,1616.320,1617.742,1616.270,1616.846,181
SQ:XAUUSD,2020-04-02T21:36:00+02:00,1616.846,1617.750,1616.600,1616.640,134
SQ:XAUUSD,2020-04-02T21:37:00+02:00,1616.720,1616.720,1616.130,1616.200,55
SQ:XAUUSD,2020-04-02T21:38:00+02:00,1616.200,1616.500,1615.690,1615.910,50
SQ:XAUUSD,2020-04-02T21:39:00+02:00,1615.910,1615.910,1615.500,1615.680,108
SQ:XAUUSD,2020-04-02T21:40:00+02:00,1615.750,1615.830,1615.180,1615.610,127
SQ:XAUUSD,2020-04-02T21:41:00+02:00,1615.610,1616.510,1615.470,1616.510,76
SQ:XAUUSD,2020-04-02T21:42:00+02:00,1616.510,1616.680,1616.150,1616.540,63
SQ:XAUUSD,2020-04-02T21:43:00+02:00,1616.470,1616.680,1616.000,1616.540,90
SQ:XAUUSD,2020-04-02T21:44:00+02:00,1616.550,1616.690,1616.510,1616.590,41
SQ:XAUUSD,2020-04-02T21:45:00+02:00,1616.590,1616.680,1615.370,1615.760,135
SQ:XAUUSD,2020-04-02T21:46:00+02:00,1615.760,1615.760,1615.050,1615.400,121
SQ:XAUUSD,2020-04-02T21:47:00+02:00,1615.290,1615.510,1614.890,1615.260,66
SQ:XAUUSD,2020-04-02T21:48:00+02:00,1615.260,1615.500,1614.920,1615.090,103
SQ:XAUUSD,2020-04-02T21:49:00+02:00,1615.040,1615.490,1614.230,1615.090,119
SQ:XAUUSD,2020-04-02T21:50:00+02:00,1614.860,1616.030,1614.810,1615.310,143
SQ:XAUUSD,2020-04-02T21:51:00+02:00,1615.180,1615.680,1614.690,1615.510,112
SQ:XAUUSD,2020-04-02T21:52:00+02:00,1615.450,1615.600,1614.460,1615.320,109
SQ:XAUUSD,2020-04-02T21:53:00+02:00,1615.380,1615.940,1614.590,1614.860,75
SQ:XAUUSD,2020-04-02T21:54:00+02:00,1614.860,1615.430,1614.260,1615.280,72
SQ:XAUUSD,2020-04-02T21:55:00+02:00,1615.280,1615.340,1614.420,1615.200,87
SQ:XAUUSD,2020-04-02T21:56:00+02:00,1615.200,1615.890,1614.770,1614.970,107
SQ:XAUUSD,2020-04-02T21:57:00+02:00,1614.970,1615.010,1613.670,1614.440,178
SQ:XAUUSD,2020-04-02T21:58:00+02:00,1614.480,1614.680,1613.530,1614.220,144
SQ:XAUUSD,2020-04-02T21:59:00+02:00,1614.260,1614.330,1613.200,1613.500,220
SQ:XAUUSD,2020-04-02T22:00:00+02:00,1613.590,1613.890,1612.260,1612.540,112
SQ:XAUUSD,2020-04-02T22:01:00+02:00,1612.800,1612.810,1612.460,1612.710,12
SQ:XAUUSD,2020-04-02T22:02:00+02:00,1612.710,1612.750,1612.250,1612.450,37
SQ:XAUUSD,2020-04-02T22:03:00+02:00,1612.450,1613.310,1612.380,1612.680,71
SQ:XAUUSD,2020-04-02T22:04:00+02:00,1612.710,1613.930,1612.710,1613.330,92
SQ:XAUUSD,2020-04-02T22:05:00+02:00,1613.430,1614.680,1613.340,1614.680,94
SQ:XAUUSD,2020-04-02T22:06:00+02:00,1614.680,1614.850,1614.390,1614.710,46
SQ:XAUUSD,2020-04-02T22:07:00+02:00,1614.640,1614.830,1613.570,1613.980,60
SQ:XAUUSD,2020-04-02T22:08:00+02:00,1613.980,1614.380,1613.550,1614.010,50
SQ:XAUUSD,2020-04-02T22:09:00+02:00,1614.010,1614.010,1613.950,1613.950,6
SQ:XAUUSD,2020-04-02T22:10:00+02:00,1613.950,1613.970,1613.950,1613.950,8
SQ:XAUUSD,2020-04-02T22:11:00+02:00,1613.950,1614.180,1613.950,1614.010,27
SQ:XAUUSD,2020-04-02T22:12:00+02:00,1614.110,1614.370,1614.020,1614.210,33
SQ:XAUUSD,2020-04-02T22:13:00+02:00,1614.210,1614.660,1613.940,1614.660,37
SQ:XAUUSD,2020-04-02T22:14:00+02:00,1614.720,1614.810,1614.530,1614.800,43
SQ:XAUUSD,2020-04-02T22:15:00+02:00,1614.780,1614.780,1614.620,1614.660,13
SQ:XAUUSD,2020-04-02T22:16:00+02:00,1614.650,1614.700,1614.360,1614.650,27
SQ:XAUUSD,2020-04-02T22:17:00+02:00,1614.660,1614.770,1614.620,1614.770,10
SQ:XAUUSD,2020-04-02T22:18:00+02:00,1614.800,1614.910,1614.030,1614.750,33
SQ:XAUUSD,2020-04-02T22:19:00+02:00,1614.540,1615.090,1614.530,1615.000,44
SQ:XAUUSD,2020-04-02T22:20:00+02:00,1615.000,1616.690,1614.850,1616.690,62
SQ:XAUUSD,2020-04-02T22:21:00+02:00,1616.290,1616.530,1615.980,1616.340,70
SQ:XAUUSD,2020-04-02T22:22:00+02:00,1616.340,1616.580,1616.040,1616.210,39
SQ:XAUUSD,2020-04-02T22:23:00+02:00,1616.230,1616.770,1616.140,1616.600,38
SQ:XAUUSD,2020-04-02T22:24:00+02:00,1616.600,1616.700,1615.650,1615.880,44
SQ:XAUUSD,2020-04-02T22:25:00+02:00,1615.850,1616.790,1615.850,1616.580,41
SQ:XAUUSD,2020-04-02T22:26:00+02:00,1616.580,1616.580,1616.360,1616.580,27
SQ:XAUUSD,2020-04-02T22:27:00+02:00,1616.520,1616.750,1616.460,1616.660,22
SQ:XAUUSD,2020-04-02T22:28:00+02:00,1616.660,1616.790,1616.550,1616.640,19
SQ:XAUUSD,2020-04-02T22:29:00+02:00,1616.660,1616.810,1615.950,1616.010,34
SQ:XAUUSD,2020-04-02T22:30:00+02:00,1615.950,1616.590,1615.780,1616.390,38
SQ:XAUUSD,2020-04-02T22:31:00+02:00,1616.450,1616.620,1616.340,1616.490,23
SQ:XAUUSD,2020-04-02T22:32:00+02:00,1616.470,1616.550,1616.400,1616.460,11
SQ:XAUUSD,2020-04-02T22:33:00+02:00,1616.360,1616.360,1615.670,1615.890,66
SQ:XAUUSD,2020-04-02T22:34:00+02:00,1615.930,1615.970,1613.300,1613.980,55
SQ:XAUUSD,2020-04-02T22:35:00+02:00,1614.070,1614.190,1613.190,1613.550,36
SQ:XAUUSD,2020-04-02T22:36:00+02:00,1613.470,1613.580,1612.950,1613.580,30
SQ:XAUUSD,2020-04-02T22:37:00+02:00,1613.540,1613.640,1612.630,1613.060,59
SQ:XAUUSD,2020-04-02T22:38:00+02:00,1613.010,1613.380,1612.540,1612.960,67
SQ:XAUUSD,2020-04-02T22:39:00+02:00,1612.960,1613.510,1612.840,1613.510,38
SQ:XAUUSD,2020-04-02T22:40:00+02:00,1613.530,1614.140,1613.200,1614.110,31
SQ:XAUUSD,2020-04-02T22:41:00+02:00,1614.110,1614.450,1613.970,1614.230,24
SQ:XAUUSD,2020-04-02T22:42:00+02:00,1614.230,1614.650,1614.070,1614.210,17
SQ:XAUUSD,2020-04-02T22:43:00+02:00,1614.210,1614.240,1613.810,1614.120,12
SQ:XAUUSD,2020-04-02T22:44:00+02:00,1614.120,1614.250,1613.480,1613.800,19
SQ:XAUUSD,2020-04-02T22:45:00+02:00,1613.640,1613.650,1613.010,1613.160,25
SQ:XAUUSD,2020-04-02T22:46:00+02:00,1613.150,1613.160,1611.130,1612.420,46
SQ:XAUUSD,2020-04-02T22:47:00+02:00,1612.310,1612.750,1611.850,1612.110,45
SQ:XAUUSD,2020-04-02T22:48:00+02:00,1612.220,1612.560,1612.190,1612.530,18
SQ:XAUUSD,2020-04-02T22:49:00+02:00,1612.400,1613.070,1612.180,1612.610,51
SQ:XAUUSD,2020-04-02T22:50:00+02:00,1612.720,1613.210,1611.710,1612.220,79
SQ:XAUUSD,2020-04-02T22:51:00+02:00,1612.210,1612.550,1611.650,1611.750,32
SQ:XAUUSD,2020-04-02T22:52:00+02:00,1611.660,1612.020,1611.430,1611.660,54
SQ:XAUUSD,2020-04-02T22:53:00+02:00,1611.660,1611.810,1610.250,1610.550,55
SQ:XAUUSD,2020-04-02T22:54:00+02:00,1610.510,1611.020,1610.420,1610.920,58
SQ:XAUUSD,2020-04-03T00:01:00+02:00,1609.380,1616.240,1609.380,1616.212,113
SQ:XAUUSD,2020-04-03T00:02:00+02:00,1616.184,1616.244,1615.180,1615.480,24
SQ:XAUUSD,2020-04-03T00:03:00+02:00,1615.480,1617.012,1615.434,1616.942,67
SQ:XAUUSD,2020-04-03T00:04:00+02:00,1616.972,1617.226,1612.700,1614.080,54
SQ:XAUUSD,2020-04-03T00:05:00+02:00,1614.080,1614.310,1612.990,1612.990,25
SQ:XAUUSD,2020-04-03T00:06:00+02:00,1612.930,1612.930,1611.390,1612.020,33
SQ:XAUUSD,2020-04-03T00:07:00+02:00,1612.020,1612.950,1611.750,1612.930,29
SQ:XAUUSD,2020-04-03T00:08:00+02:00,1612.960,1612.962,1611.440,1611.830,44
SQ:XAUUSD,2020-04-03T00:09:00+02:00,1611.830,1612.430,1611.070,1611.070,25
SQ:XAUUSD,2020-04-03T00:10:00+02:00,1610.980,1612.150,1610.980,1611.090,52
SQ:XAUUSD,2020-04-03T00:11:00+02:00,1611.080,1611.570,1611.080,1611.530,33
SQ:XAUUSD,2020-04-03T00:12:00+02:00,1611.460,1611.460,1610.560,1610.640,84
SQ:XAUUSD,2020-04-03T00:13:00+02:00,1611.040,1611.040,1610.370,1610.950,57
SQ:XAUUSD,2020-04-03T00:14:00+02:00,1610.990,1611.300,1610.750,1611.130,26
SQ:XAUUSD,2020-04-03T00:15:00+02:00,1611.190,1611.320,1611.130,1611.200,19
SQ:XAUUSD,2020-04-03T00:16:00+02:00,1611.200,1611.830,1611.110,1611.830,34
SQ:XAUUSD,2020-04-03T00:17:00+02:00,1611.830,1611.910,1611.330,1611.340,12
SQ:XAUUSD,2020-04-03T00:18:00+02:00,1611.290,1612.690,1611.150,1612.570,39
SQ:XAUUSD,2020-04-03T00:19:00+02:00,1612.610,1613.420,1611.800,1613.410,31
SQ:XAUUSD,2020-04-03T00:20:00+02:00,1613.460,1613.700,1612.990,1613.310,43
SQ:XAUUSD,2020-04-03T00:21:00+02:00,1613.280,1613.340,1612.400,1612.660,47
SQ:XAUUSD,2020-04-03T00:22:00+02:00,1612.680,1612.680,1611.890,1612.100,32
SQ:XAUUSD,2020-04-03T00:23:00+02:00,1612.100,1612.650,1611.790,1611.790,23
SQ:XAUUSD,2020-04-03T00:24:00+02:00,1611.680,1611.750,1610.160,1610.820,34
SQ:XAUUSD,2020-04-03T00:25:00+02:00,1610.830,1610.830,1608.890,1609.260,69
SQ:XAUUSD,2020-04-03T00:26:00+02:00,1609.170,1610.154,1608.860,1609.866,55
SQ:XAUUSD,2020-04-03T00:27:00+02:00,1609.864,1610.412,1609.836,1610.412,18
SQ:XAUUSD,2020-04-03T00:28:00+02:00,1610.394,1611.064,1610.154,1611.064,15
SQ:XAUUSD,2020-04-03T00:29:00+02:00,1611.076,1611.076,1610.332,1610.344,21
SQ:XAUUSD,2020-04-03T00:30:00+02:00,1610.304,1611.370,1610.304,1611.250,21
SQ:XAUUSD,2020-04-03T00:31:00+02:00,1611.250,1611.250,1610.870,1610.890,12
SQ:XAUUSD,2020-04-03T00:32:00+02:00,1610.890,1610.890,1609.980,1610.170,15
SQ:XAUUSD,2020-04-03T00:33:00+02:00,1610.170,1610.260,1610.120,1610.220,9
SQ:XAUUSD,2020-04-03T00:34:00+02:00,1610.220,1610.240,1610.050,1610.140,11
SQ:XAUUSD,2020-04-03T00:35:00+02:00,1610.160,1610.180,1610.080,1610.170,6
SQ:XAUUSD,2020-04-03T00:36:00+02:00,1610.090,1610.110,1609.790,1609.790,10
SQ:XAUUSD,2020-04-03T00:37:00+02:00,1609.780,1609.900,1609.490,1609.900,18
SQ:XAUUSD,2020-04-03T00:38:00+02:00,1609.900,1610.270,1609.900,1610.130,16
SQ:XAUUSD,2020-04-03T00:39:00+02:00,1610.230,1610.850,1610.230,1610.690,13
SQ:XAUUSD,2020-04-03T00:40:00+02:00,1610.710,1610.930,1610.520,1610.570,13
SQ:XAUUSD,2020-04-03T00:41:00+02:00,1610.610,1610.790,1610.440,1610.790,7
SQ:XAUUSD,2020-04-03T00:42:00+02:00,1610.790,1610.900,1610.640,1610.700,9
SQ:XAUUSD,2020-04-03T00:43:00+02:00,1610.700,1611.130,1610.700,1610.700,14
SQ:XAUUSD,2020-04-03T00:44:00+02:00,1610.690,1610.860,1610.660,1610.740,15
SQ:XAUUSD,2020-04-03T00:45:00+02:00,1610.740,1611.030,1610.740,1611.010,17
SQ:XAUUSD,2020-04-03T00:46:00+02:00,1610.980,1611.040,1610.890,1611.020,8
SQ:XAUUSD,2020-04-03T00:47:00+02:00,1611.010,1611.010,1610.860,1610.860,3
SQ:XAUUSD,2020-04-03T00:48:00+02:00,1610.840,1610.860,1610.530,1610.670,8
SQ:XAUUSD,2020-04-03T00:49:00+02:00,1610.670,1610.730,1610.170,1610.170,10
SQ:XAUUSD,2020-04-03T00:50:00+02:00,1610.170,1610.190,1609.826,1609.826,15
SQ:XAUUSD,2020-04-03T00:51:00+02:00,1609.820,1609.900,1609.820,1609.900,9
SQ:XAUUSD,2020-04-03T00:52:00+02:00,1609.906,1609.906,1609.826,1609.856,14
SQ:XAUUSD,2020-04-03T00:53:00+02:00,1609.866,1609.926,1609.866,1609.896,7
SQ:XAUUSD,2020-04-03T00:54:00+02:00,1609.910,1609.926,1609.616,1609.710,10
SQ:XAUUSD,2020-04-03T00:55:00+02:00,1609.600,1609.700,1609.566,1609.660,11
SQ:XAUUSD,2020-04-03T00:56:00+02:00,1609.660,1609.760,1609.660,1609.660,6
SQ:XAUUSD,2020-04-03T00:57:00+02:00,1609.680,1609.850,1609.670,1609.840,7
SQ:XAUUSD,2020-04-03T00:58:00+02:00,1609.820,1610.640,1609.820,1610.130,21
SQ:XAUUSD,2020-04-03T00:59:00+02:00,1610.130,1610.280,1609.560,1609.656,20
SQ:XAUUSD,2020-04-03T01:00:00+02:00,1609.656,1609.810,1609.606,1609.606,36
SQ:XAUUSD,2020-04-03T01:01:00+02:00,1609.620,1609.656,1609.566,1609.656,18
SQ:XAUUSD,2020-04-03T01:02:00+02:00,1609.636,1609.696,1609.590,1609.696,15
SQ:XAUUSD,2020-04-03T01:03:00+02:00,1609.696,1609.696,1609.636,1609.650,7
SQ:XAUUSD,2020-04-03T01:04:00+02:00,1609.656,1609.656,1609.596,1609.616,6
SQ:XAUUSD,2020-04-03T01:05:00+02:00,1609.626,1609.716,1609.596,1609.716,14
SQ:XAUUSD,2020-04-03T01:06:00+02:00,1609.686,1610.090,1609.650,1610.030,14
SQ:XAUUSD,2020-04-03T01:07:00+02:00,1610.020,1610.500,1609.990,1610.220,16
SQ:XAUUSD,2020-04-03T01:08:00+02:00,1610.230,1610.240,1610.070,1610.090,10
SQ:XAUUSD,2020-04-03T01:09:00+02:00,1610.090,1610.230,1610.030,1610.230,9
SQ:XAUUSD,2020-04-03T01:10:00+02:00,1610.190,1610.656,1609.180,1610.656,17
SQ:XAUUSD,2020-04-03T01:11:00+02:00,1610.710,1610.966,1610.706,1610.966,18
SQ:XAUUSD,2020-04-03T01:12:00+02:00,1610.956,1610.956,1610.366,1610.550,12
SQ:XAUUSD,2020-04-03T01:13:00+02:00,1610.556,1611.106,1610.556,1610.870,26
SQ:XAUUSD,2020-04-03T01:14:00+02:00,1610.870,1611.350,1610.780,1611.350,16
SQ:XAUUSD,2020-04-03T01:15:00+02:00,1611.350,1611.350,1610.830,1610.830,14
SQ:XAUUSD,2020-04-03T01:16:00+02:00,1610.820,1610.820,1610.630,1610.750,8
SQ:XAUUSD,2020-04-03T01:17:00+02:00,1610.750,1611.100,1610.500,1610.820,20
SQ:XAUUSD,2020-04-03T01:18:00+02:00,1610.820,1610.820,1610.220,1610.220,14
SQ:XAUUSD,2020-04-03T01:19:00+02:00,1610.220,1610.440,1610.220,1610.230,14
SQ:XAUUSD,2020-04-03T01:20:00+02:00,1610.230,1610.350,1610.230,1610.310,7
SQ:XAUUSD,2020-04-03T01:21:00+02:00,1610.310,1610.550,1610.290,1610.290,15
SQ:XAUUSD,2020-04-03T01:22:00+02:00,1610.350,1610.490,1610.350,1610.490,9
SQ:XAUUSD,2020-04-03T01:23:00+02:00,1610.550,1610.660,1610.520,1610.660,39
SQ:XAUUSD,2020-04-03T01:24:00+02:00,1610.660,1611.560,1610.660,1611.140,28
SQ:XAUUSD,2020-04-03T01:25:00+02:00,1611.150,1611.280,1611.130,1611.140,7
SQ:XAUUSD,2020-04-03T01:26:00+02:00,1611.140,1611.140,1610.960,1610.960,3
SQ:XAUUSD,2020-04-03T01:27:00+02:00,1610.960,1611.200,1610.730,1610.750,8
SQ:XAUUSD,2020-04-03T01:28:00+02:00,1610.750,1610.750,1610.330,1610.360,17
SQ:XAUUSD,2020-04-03T01:29:00+02:00,1610.360,1610.500,1610.360,1610.370,12
SQ:XAUUSD,2020-04-03T01:30:00+02:00,1610.330,1610.840,1610.230,1610.260,50
SQ:XAUUSD,2020-04-03T01:31:00+02:00,1610.260,1611.420,1610.110,1611.080,23
SQ:XAUUSD,2020-04-03T01:32:00+02:00,1611.080,1611.700,1611.080,1611.700,15
SQ:XAUUSD,2020-04-03T01:33:00+02:00,1611.590,1612.130,1611.590,1611.790,24
SQ:XAUUSD,2020-04-03T01:34:00+02:00,1611.790,1612.030,1611.590,1611.600,21
SQ:XAUUSD,2020-04-03T01:35:00+02:00,1611.590,1611.950,1611.580,1611.950,14
SQ:XAUUSD,2020-04-03T01:36:00+02:00,1611.930,1612.330,1611.920,1612.120,24
SQ:XAUUSD,2020-04-03T01:37:00+02:00,1612.140,1612.190,1611.850,1611.850,10
SQ:XAUUSD,2020-04-03T01:38:00+02:00,1611.850,1611.990,1611.400,1611.570,19
SQ:XAUUSD,2020-04-03T01:39:00+02:00,1611.570,1611.570,1611.370,1611.370,3
SQ:XAUUSD,2020-04-03T01:40:00+02:00,1611.370,1612.126,1611.370,1611.956,20
SQ:XAUUSD,2020-04-03T01:41:00+02:00,1612.126,1613.716,1612.100,1613.450,45
SQ:XAUUSD,2020-04-03T01:42:00+02:00,1613.450,1613.690,1612.860,1613.280,44
SQ:XAUUSD,2020-04-03T01:43:00+02:00,1613.160,1614.214,1613.160,1614.200,32
SQ:XAUUSD,2020-04-03T01:44:00+02:00,1614.200,1615.270,1614.130,1614.410,70
SQ:XAUUSD,2020-04-03T01:45:00+02:00,1614.360,1614.360,1613.100,1613.240,53
SQ:XAUUSD,2020-04-03T01:46:00+02:00,1613.240,1613.530,1612.720,1613.210,14
SQ:XAUUSD,2020-04-03T01:47:00+02:00,1613.210,1613.210,1612.720,1612.720,6
SQ:XAUUSD,2020-04-03T01:48:00+02:00,1612.720,1612.960,1612.720,1612.920,5
SQ:XAUUSD,2020-04-03T01:49:00+02:00,1612.920,1613.070,1612.860,1612.860,7
SQ:XAUUSD,2020-04-03T01:50:00+02:00,1612.780,1613.030,1612.580,1612.760,14
SQ:XAUUSD,2020-04-03T01:51:00+02:00,1612.760,1613.320,1612.760,1612.890,5
SQ:XAUUSD,2020-04-03T01:52:00+02:00,1612.840,1613.170,1612.420,1612.610,9
SQ:XAUUSD,2020-04-03T01:53:00+02:00,1612.490,1612.600,1612.000,1612.160,21
SQ:XAUUSD,2020-04-03T01:54:00+02:00,1612.160,1612.840,1612.050,1612.740,10
SQ:XAUUSD,2020-04-03T01:55:00+02:00,1612.740,1613.510,1612.120,1613.110,15
SQ:XAUUSD,2020-04-03T01:56:00+02:00,1613.110,1613.210,1611.130,1612.690,29
SQ:XAUUSD,2020-04-03T01:57:00+02:00,1612.690,1612.710,1612.690,1612.710,2
SQ:XAUUSD,2020-04-03T01:58:00+02:00,1612.710,1613.000,1612.280,1612.510,16
SQ:XAUUSD,2020-04-03T01:59:00+02:00,1612.510,1612.660,1612.440,1612.640,7
SQ:XAUUSD,2020-04-03T02:00:00+02:00,1612.640,1612.640,1611.000,1611.000,30
SQ:XAUUSD,2020-04-03T02:01:00+02:00,1611.100,1612.210,1610.690,1610.690,54
SQ:XAUUSD,2020-04-03T02:02:00+02:00,1610.690,1611.090,1610.560,1611.090,30
SQ:XAUUSD,2020-04-03T02:03:00+02:00,1611.070,1612.050,1610.920,1611.610,71
SQ:XAUUSD,2020-04-03T02:04:00+02:00,1611.610,1611.610,1610.170,1610.470,134
SQ:XAUUSD,2020-04-03T02:05:00+02:00,1610.470,1611.220,1610.360,1611.000,286
SQ:XAUUSD,2020-04-03T02:06:00+02:00,1611.060,1611.100,1610.210,1610.830,147
SQ:XAUUSD,2020-04-03T02:07:00+02:00,1610.830,1610.830,1609.830,1610.020,81
SQ:XAUUSD,2020-04-03T02:08:00+02:00,1610.020,1610.080,1609.880,1609.890,28
SQ:XAUUSD,2020-04-03T02:09:00+02:00,1609.890,1610.240,1609.460,1610.150,52
SQ:XAUUSD,2020-04-03T02:10:00+02:00,1610.240,1610.550,1609.930,1610.460,84
SQ:XAUUSD,2020-04-03T02:11:00+02:00,1610.470,1610.470,1609.690,1609.730,22
SQ:XAUUSD,2020-04-03T02:12:00+02:00,1609.730,1609.980,1609.560,1609.930,34
SQ:XAUUSD,2020-04-03T02:13:00+02:00,1609.930,1611.700,1609.930,1610.980,24
SQ:XAUUSD,2020-04-03T02:14:00+02:00,1610.980,1611.050,1610.980,1611.050,3
SQ:XAUUSD,2020-04-03T02:15:00+02:00,1611.050,1611.070,1610.140,1610.140,8
SQ:XAUUSD,2020-04-03T02:16:00+02:00,1610.140,1610.660,1610.140,1610.560,9
SQ:XAUUSD,2020-04-03T02:17:00+02:00,1610.610,1611.780,1610.610,1611.260,19
SQ:XAUUSD,2020-04-03T02:18:00+02:00,1611.320,1611.380,1611.000,1611.200,16
SQ:XAUUSD,2020-04-03T02:19:00+02:00,1611.200,1611.200,1610.790,1611.040,5
SQ:XAUUSD,2020-04-03T02:20:00+02:00,1611.040,1611.040,1610.810,1610.810,7
SQ:XAUUSD,2020-04-03T02:21:00+02:00,1610.810,1610.810,1610.760,1610.760,2
SQ:XAUUSD,2020-04-03T02:22:00+02:00,1610.760,1610.806,1610.730,1610.730,5
SQ:XAUUSD,2020-04-03T02:23:00+02:00,1610.730,1611.910,1610.600,1611.910,28
SQ:XAUUSD,2020-04-03T02:24:00+02:00,1611.910,1611.920,1611.720,1611.830,16
SQ:XAUUSD,2020-04-03T02:25:00+02:00,1611.830,1611.866,1610.620,1610.620,31
SQ:XAUUSD,2020-04-03T02:26:00+02:00,1610.620,1611.300,1610.620,1611.256,11
SQ:XAUUSD,2020-04-03T02:27:00+02:00,1611.266,1611.270,1610.240,1610.380,27
SQ:XAUUSD,2020-04-03T02:28:00+02:00,1610.380,1610.490,1610.340,1610.450,43
SQ:XAUUSD,2020-04-03T02:29:00+02:00,1610.450,1610.820,1610.450,1610.590,278
SQ:XAUUSD,2020-04-03T02:30:00+02:00,1610.520,1610.770,1610.260,1610.640,63
SQ:XAUUSD,2020-04-03T02:31:00+02:00,1610.730,1610.990,1610.010,1610.270,98
SQ:XAUUSD,2020-04-03T02:32:00+02:00,1610.270,1611.550,1610.070,1611.156,45
SQ:XAUUSD,2020-04-03T02:33:00+02:00,1611.150,1611.746,1611.106,1611.476,52
SQ:XAUUSD,2020-04-03T02:34:00+02:00,1611.400,1611.520,1610.936,1611.086,33
SQ:XAUUSD,2020-04-03T02:35:00+02:00,1611.076,1611.216,1609.340,1610.940,85
SQ:XAUUSD,2020-04-03T02:36:00+02:00,1610.940,1611.700,1610.560,1611.316,97
SQ:XAUUSD,2020-04-03T02:37:00+02:00,1611.260,1611.430,1611.120,1611.180,19
SQ:XAUUSD,2020-04-03T02:38:00+02:00,1611.180,1611.330,1610.540,1610.540,44
SQ:XAUUSD,2020-04-03T02:39:00+02:00,1610.600,1611.880,1610.600,1611.020,30
SQ:XAUUSD,2020-04-03T02:40:00+02:00,1611.216,1612.770,1611.216,1611.750,109
SQ:XAUUSD,2020-04-03T02:41:00+02:00,1611.750,1612.390,1611.750,1612.160,19
SQ:XAUUSD,2020-04-03T02:42:00+02:00,1612.160,1612.330,1611.040,1611.040,130
SQ:XAUUSD,2020-04-03T02:43:00+02:00,1611.040,1611.160,1610.690,1610.900,100
SQ:XAUUSD,2020-04-03T02:44:00+02:00,1610.900,1611.060,1610.420,1610.530,84
SQ:XAUUSD,2020-04-03T02:45:00+02:00,1610.600,1610.710,1610.200,1610.250,83
SQ:XAUUSD,2020-04-03T02:46:00+02:00,1610.250,1610.730,1610.000,1610.080,42
SQ:XAUUSD,2020-04-03T02:47:00+02:00,1610.080,1610.200,1609.920,1610.010,111
SQ:XAUUSD,2020-04-03T02:48:00+02:00,1610.010,1610.010,1608.710,1609.280,111
SQ:XAUUSD,2020-04-03T02:49:00+02:00,1609.280,1609.660,1609.260,1609.280,24
SQ:XAUUSD,2020-04-03T02:50:00+02:00,1609.280,1609.510,1608.770,1608.980,52
SQ:XAUUSD,2020-04-03T02:51:00+02:00,1608.980,1609.460,1608.940,1609.360,70
SQ:XAUUSD,2020-04-03T02:52:00+02:00,1609.360,1610.620,1609.210,1610.600,66
SQ:XAUUSD,2020-04-03T02:53:00+02:00,1610.660,1610.960,1609.020,1609.230,51
SQ:XAUUSD,2020-04-03T02:54:00+02:00,1609.230,1609.416,1608.620,1608.620,86
SQ:XAUUSD,2020-04-03T02:55:00+02:00,1608.630,1609.070,1608.630,1608.890,29
SQ:XAUUSD,2020-04-03T02:56:00+02:00,1608.890,1609.580,1608.820,1609.320,22
SQ:XAUUSD,2020-04-03T02:57:00+02:00,1609.530,1609.910,1609.310,1609.480,30
SQ:XAUUSD,2020-04-03T02:58:00+02:00,1609.480,1610.010,1609.260,1610.010,32
SQ:XAUUSD,2020-04-03T02:59:00+02:00,1610.010,1610.140,1609.370,1609.470,56
SQ:XAUUSD,2020-04-03T03:00:00+02:00,1609.470,1609.930,1608.730,1609.630,144
SQ:XAUUSD,2020-04-03T03:01:00+02:00,1609.630,1610.090,1609.310,1609.980,79
SQ:XAUUSD,2020-04-03T03:02:00+02:00,1609.980,1610.000,1609.720,1609.860,35
SQ:XAUUSD,2020-04-03T03:03:00+02:00,1609.810,1609.980,1609.530,1609.680,72
SQ:XAUUSD,2020-04-03T03:04:00+02:00,1609.680,1609.730,1609.310,1609.730,88
SQ:XAUUSD,2020-04-03T03:05:00+02:00,1609.730,1609.860,1609.210,1609.320,73
SQ:XAUUSD,2020-04-03T03:06:00+02:00,1609.280,1609.410,1608.020,1609.150,131
SQ:XAUUSD,2020-04-03T03:07:00+02:00,1609.220,1609.910,1608.500,1609.550,87
SQ:XAUUSD,2020-04-03T03:08:00+02:00,1609.550,1609.720,1609.210,1609.660,63
SQ:XAUUSD,2020-04-03T03:09:00+02:00,1609.600,1609.880,1609.110,1609.670,70
SQ:XAUUSD,2020-04-03T03:10:00+02:00,1609.670,1610.570,1609.650,1609.850,69
SQ:XAUUSD,2020-04-03T03:11:00+02:00,1609.850,1611.680,1609.850,1611.480,152
SQ:XAUUSD,2020-04-03T03:12:00+02:00,1611.490,1611.610,1610.880,1611.310,171
SQ:XAUUSD,2020-04-03T03:13:00+02:00,1611.310,1611.780,1610.960,1611.240,114
SQ:XAUUSD,2020-04-03T03:14:00+02:00,1611.240,1611.350,1610.920,1611.040,53
SQ:XAUUSD,2020-04-03T03:15:00+02:00,1611.040,1611.410,1610.360,1610.940,65
SQ:XAUUSD,2020-04-03T03:16:00+02:00,1610.940,1611.090,1610.400,1611.080,31
SQ:XAUUSD,2020-04-03T03:17:00+02:00,1611.070,1612.310,1610.930,1612.310,53
SQ:XAUUSD,2020-04-03T03:18:00+02:00,1612.320,1612.430,1611.320,1611.510,46
SQ:XAUUSD,2020-04-03T03:19:00+02:00,1611.500,1611.540,1610.650,1610.730,51
SQ:XAUUSD,2020-04-03T03:20:00+02:00,1610.730,1611.130,1610.590,1610.630,34
SQ:XAUUSD,2020-04-03T03:21:00+02:00,1610.660,1611.150,1610.650,1611.140,56
SQ:XAUUSD,2020-04-03T03:22:00+02:00,1611.140,1611.300,1610.980,1611.190,54
SQ:XAUUSD,2020-04-03T03:23:00+02:00,1611.190,1611.370,1611.050,1611.120,28
SQ:XAUUSD,2020-04-03T03:24:00+02:00,1611.260,1611.310,1610.980,1611.020,42
SQ:XAUUSD,2020-04-03T03:25:00+02:00,1611.030,1611.090,1610.866,1610.900,85
SQ:XAUUSD,2020-04-03T03:26:00+02:00,1610.920,1611.180,1610.570,1610.570,77
SQ:XAUUSD,2020-04-03T03:27:00+02:00,1610.570,1610.776,1610.470,1610.506,159
SQ:XAUUSD,2020-04-03T03:28:00+02:00,1610.506,1611.186,1610.500,1611.066,123
SQ:XAUUSD,2020-04-03T03:29:00+02:00,1611.040,1611.210,1610.910,1611.120,161
SQ:XAUUSD,2020-04-03T03:30:00+02:00,1611.166,1612.610,1611.166,1611.490,37
SQ:XAUUSD,2020-04-03T03:31:00+02:00,1611.480,1611.530,1611.210,1611.350,40
SQ:XAUUSD,2020-04-03T03:32:00+02:00,1611.350,1611.910,1611.350,1611.900,38
SQ:XAUUSD,2020-04-03T03:33:00+02:00,1611.900,1611.900,1611.570,1611.570,18
SQ:XAUUSD,2020-04-03T03:34:00+02:00,1611.570,1611.660,1611.570,1611.656,7
SQ:XAUUSD,2020-04-03T03:35:00+02:00,1612.670,1613.760,1612.670,1613.280,53
SQ:XAUUSD,2020-04-03T03:36:00+02:00,1613.280,1613.950,1613.270,1613.790,82
SQ:XAUUSD,2020-04-03T03:37:00+02:00,1613.790,1613.880,1612.840,1612.880,56
SQ:XAUUSD,2020-04-03T03:38:00+02:00,1612.880,1613.330,1612.520,1613.310,88
SQ:XAUUSD,2020-04-03T03:39:00+02:00,1613.310,1613.320,1612.720,1612.720,26
SQ:XAUUSD,2020-04-03T03:40:00+02:00,1612.720,1612.720,1611.380,1611.510,42
SQ:XAUUSD,2020-04-03T03:41:00+02:00,1611.510,1611.610,1611.210,1611.520,43
SQ:XAUUSD,2020-04-03T03:42:00+02:00,1611.520,1611.900,1611.000,1611.520,44
SQ:XAUUSD,2020-04-03T03:43:00+02:00,1611.520,1611.570,1611.090,1611.210,24
SQ:XAUUSD,2020-04-03T03:44:00+02:00,1611.230,1611.230,1609.750,1610.600,32
SQ:XAUUSD,2020-04-03T03:45:00+02:00,1610.520,1611.070,1610.520,1610.630,22
SQ:XAUUSD,2020-04-03T03:46:00+02:00,1610.630,1611.210,1610.390,1611.100,53
SQ:XAUUSD,2020-04-03T03:47:00+02:00,1611.100,1611.430,1610.240,1610.240,53
SQ:XAUUSD,2020-04-03T03:48:00+02:00,1610.240,1610.880,1610.240,1610.860,14
SQ:XAUUSD,2020-04-03T03:49:00+02:00,1610.860,1610.910,1610.460,1610.750,28
SQ:XAUUSD,2020-04-03T03:50:00+02:00,1610.750,1611.290,1610.750,1611.170,29
SQ:XAUUSD,2020-04-03T03:51:00+02:00,1611.160,1611.260,1610.960,1610.970,18
SQ:XAUUSD,2020-04-03T03:52:00+02:00,1610.970,1610.970,1610.510,1610.560,29
SQ:XAUUSD,2020-04-03T03:53:00+02:00,1610.560,1610.560,1610.120,1610.260,26
SQ:XAUUSD,2020-04-03T03:54:00+02:00,1610.270,1610.980,1610.160,1610.660,30
SQ:XAUUSD,2020-04-03T03:55:00+02:00,1610.610,1610.740,1610.360,1610.430,24
SQ:XAUUSD,2020-04-03T03:56:00+02:00,1610.500,1610.790,1610.500,1610.570,28
SQ:XAUUSD,2020-04-03T03:57:00+02:00,1610.570,1610.640,1610.390,1610.390,26
SQ:XAUUSD,2020-04-03T03:58:00+02:00,1610.380,1610.640,1609.736,1610.330,66
SQ:XAUUSD,2020-04-03T03:59:00+02:00,1610.330,1610.330,1610.206,1610.206,11
SQ:XAUUSD,2020-04-03T04:00:00+02:00,1610.206,1610.310,1610.206,1610.310,20
SQ:XAUUSD,2020-04-03T04:01:00+02:00,1610.300,1610.360,1610.146,1610.146,20
SQ:XAUUSD,2020-04-03T04:02:00+02:00,1610.146,1610.146,1610.136,1610.136,2
SQ:XAUUSD,2020-04-03T04:03:00+02:00,1610.136,1610.310,1610.136,1610.300,7
SQ:XAUUSD,2020-04-03T04:04:00+02:00,1610.320,1610.320,1610.160,1610.290,6
SQ:XAUUSD,2020-04-03T04:05:00+02:00,1610.290,1610.290,1610.150,1610.230,11
SQ:XAUUSD,2020-04-03T04:06:00+02:00,1610.250,1610.450,1610.230,1610.360,22
SQ:XAUUSD,2020-04-03T04:07:00+02:00,1610.360,1610.440,1610.330,1610.410,14
SQ:XAUUSD,2020-04-03T04:08:00+02:00,1610.410,1610.410,1610.400,1610.400,2
SQ:XAUUSD,2020-04-03T04:09:00+02:00,1610.360,1610.370,1610.320,1610.330,5
SQ:XAUUSD,2020-04-03T04:10:00+02:00,1610.310,1610.310,1608.778,1609.340,53
SQ:XAUUSD,2020-04-03T04:11:00+02:00,1609.380,1609.570,1609.170,1609.460,31
SQ:XAUUSD,2020-04-03T04:12:00+02:00,1609.460,1609.490,1609.370,1609.460,18
SQ:XAUUSD,2020-04-03T04:13:00+02:00,1609.460,1609.490,1609.390,1609.430,17
SQ:XAUUSD,2020-04-03T04:14:00+02:00,1609.430,1609.600,1609.420,1609.530,24
SQ:XAUUSD,2020-04-03T04:15:00+02:00,1609.470,1609.920,1609.430,1609.920,40
SQ:XAUUSD,2020-04-03T04:16:00+02:00,1609.920,1610.410,1609.830,1610.310,33
SQ:XAUUSD,2020-04-03T04:17:00+02:00,1610.280,1610.350,1609.600,1609.890,29
SQ:XAUUSD,2020-04-03T04:18:00+02:00,1609.890,1610.250,1609.780,1610.070,20
SQ:XAUUSD,2020-04-03T04:19:00+02:00,1610.070,1610.230,1609.590,1609.590,22
SQ:XAUUSD,2020-04-03T04:20:00+02:00,1609.590,1609.710,1609.590,1609.590,14
SQ:XAUUSD,2020-04-03T04:21:00+02:00,1609.590,1609.660,1609.590,1609.660,11
SQ:XAUUSD,2020-04-03T04:22:00+02:00,1609.600,1609.630,1609.580,1609.590,12
SQ:XAUUSD,2020-04-03T04:23:00+02:00,1609.590,1609.680,1609.520,1609.650,25
SQ:XAUUSD,2020-04-03T04:24:00+02:00,1609.650,1609.770,1609.590,1609.670,24
SQ:XAUUSD,2020-04-03T04:25:00+02:00,1609.590,1610.896,1609.590,1610.496,63
SQ:XAUUSD,2020-04-03T04:26:00+02:00,1610.496,1610.806,1610.380,1610.806,20
SQ:XAUUSD,2020-04-03T04:27:00+02:00,1610.786,1610.986,1610.676,1610.986,29
SQ:XAUUSD,2020-04-03T04:28:00+02:00,1610.996,1611.296,1610.826,1611.216,35
SQ:XAUUSD,2020-04-03T04:29:00+02:00,1611.186,1611.900,1610.700,1611.050,50
SQ:XAUUSD,2020-04-03T04:30:00+02:00,1611.050,1611.250,1610.900,1610.950,24
SQ:XAUUSD,2020-04-03T04:31:00+02:00,1610.950,1610.980,1610.700,1610.920,12
SQ:XAUUSD,2020-04-03T04:32:00+02:00,1610.920,1612.040,1610.920,1611.860,35
SQ:XAUUSD,2020-04-03T04:33:00+02:00,1611.860,1611.900,1611.280,1611.410,43
SQ:XAUUSD,2020-04-03T04:34:00+02:00,1611.410,1611.900,1611.280,1611.710,60
SQ:XAUUSD,2020-04-03T04:35:00+02:00,1611.710,1611.950,1611.460,1611.770,63
SQ:XAUUSD,2020-04-03T04:36:00+02:00,1611.770,1612.260,1611.350,1611.980,105
SQ:XAUUSD,2020-04-03T04:37:00+02:00,1611.980,1612.260,1611.380,1611.860,173
SQ:XAUUSD,2020-04-03T04:38:00+02:00,1611.840,1611.900,1611.400,1611.420,101
SQ:XAUUSD,2020-04-03T04:39:00+02:00,1611.430,1612.140,1611.270,1611.960,40
SQ:XAUUSD,2020-04-03T04:40:00+02:00,1611.960,1612.050,1611.220,1611.230,31
SQ:XAUUSD,2020-04-03T04:41:00+02:00,1611.230,1611.510,1611.050,1611.050,19
SQ:XAUUSD,2020-04-03T04:42:00+02:00,1611.050,1611.160,1611.040,1611.100,7
SQ:XAUUSD,2020-04-03T04:43:00+02:00,1611.100,1611.170,1610.920,1611.170,7
SQ:XAUUSD,2020-04-03T04:44:00+02:00,1611.170,1611.230,1611.120,1611.200,4
SQ:XAUUSD,2020-04-03T04:45:00+02:00,1611.200,1611.360,1611.140,1611.180,8
SQ:XAUUSD,2020-04-03T04:46:00+02:00,1611.180,1611.460,1610.910,1610.910,16
SQ:XAUUSD,2020-04-03T04:47:00+02:00,1610.910,1610.970,1610.910,1610.950,3
SQ:XAUUSD,2020-04-03T04:48:00+02:00,1610.950,1611.380,1610.950,1611.190,63
SQ:XAUUSD,2020-04-03T04:49:00+02:00,1611.190,1611.190,1611.010,1611.010,28
SQ:XAUUSD,2020-04-03T04:50:00+02:00,1611.010,1611.450,1611.010,1611.450,51
SQ:XAUUSD,2020-04-03T04:51:00+02:00,1611.450,1611.450,1611.330,1611.400,45
SQ:XAUUSD,2020-04-03T04:52:00+02:00,1611.470,1611.690,1611.400,1611.530,17
SQ:XAUUSD,2020-04-03T04:53:00+02:00,1611.530,1612.096,1611.530,1611.970,16
SQ:XAUUSD,2020-04-03T04:54:00+02:00,1611.970,1613.156,1611.970,1612.958,125
SQ:XAUUSD,2020-04-03T04:55:00+02:00,1612.958,1613.116,1611.950,1612.440,93
SQ:XAUUSD,2020-04-03T04:56:00+02:00,1612.440,1613.780,1612.200,1612.860,127
SQ:XAUUSD,2020-04-03T04:57:00+02:00,1612.920,1613.030,1612.080,1612.570,87
SQ:XAUUSD,2020-04-03T04:58:00+02:00,1612.100,1613.520,1611.790,1611.930,112
SQ:XAUUSD,2020-04-03T04:59:00+02:00,1611.930,1613.290,1611.770,1612.270,34
SQ:XAUUSD,2020-04-03T05:00:00+02:00,1612.270,1613.390,1611.600,1611.990,64
SQ:XAUUSD,2020-04-03T05:01:00+02:00,1611.990,1611.990,1611.280,1611.800,35
SQ:XAUUSD,2020-04-03T05:02:00+02:00,1611.800,1613.100,1611.670,1612.688,109
SQ:XAUUSD,2020-04-03T05:03:00+02:00,1612.688,1612.738,1611.656,1612.006,46
SQ:XAUUSD,2020-04-03T05:04:00+02:00,1611.986,1611.990,1611.690,1611.780,40
SQ:XAUUSD,2020-04-03T05:05:00+02:00,1611.790,1612.506,1611.790,1612.506,28
SQ:XAUUSD,2020-04-03T05:06:00+02:00,1612.516,1612.640,1611.850,1612.020,102
SQ:XAUUSD,2020-04-03T05:07:00+02:00,1612.046,1612.430,1611.870,1612.430,39
SQ:XAUUSD,2020-04-03T05:08:00+02:00,1612.430,1613.750,1612.410,1613.080,115
SQ:XAUUSD,2020-04-03T05:09:00+02:00,1613.080,1613.830,1612.400,1612.850,73
SQ:XAUUSD,2020-04-03T05:10:00+02:00,1612.850,1612.976,1612.510,1612.756,46
SQ:XAUUSD,2020-04-03T05:11:00+02:00,1612.746,1613.160,1612.590,1613.120,28
SQ:XAUUSD,2020-04-03T05:12:00+02:00,1613.160,1613.180,1612.630,1612.630,21
SQ:XAUUSD,2020-04-03T05:13:00+02:00,1612.630,1612.740,1612.086,1612.366,52
SQ:XAUUSD,2020-04-03T05:14:00+02:00,1612.356,1613.060,1611.970,1612.336,56
SQ:XAUUSD,2020-04-03T05:15:00+02:00,1612.336,1612.656,1612.310,1612.656,15
SQ:XAUUSD,2020-04-03T05:16:00+02:00,1612.666,1612.666,1611.810,1612.020,104
SQ:XAUUSD,2020-04-03T05:17:00+02:00,1612.020,1612.160,1611.820,1612.100,52
SQ:XAUUSD,2020-04-03T05:18:00+02:00,1612.140,1612.360,1611.980,1612.290,37
SQ:XAUUSD,2020-04-03T05:19:00+02:00,1612.210,1612.330,1612.050,1612.050,21
SQ:XAUUSD,2020-04-03T05:20:00+02:00,1612.050,1612.200,1611.770,1611.850,19
SQ:XAUUSD,2020-04-03T05:21:00+02:00,1612.080,1612.120,1611.840,1611.900,31
SQ:XAUUSD,2020-04-03T05:22:00+02:00,1611.900,1612.180,1611.900,1612.020,27
SQ:XAUUSD,2020-04-03T05:23:00+02:00,1612.020,1612.190,1611.910,1612.190,57
SQ:XAUUSD,2020-04-03T05:24:00+02:00,1612.190,1612.480,1611.980,1612.300,113
SQ:XAUUSD,2020-04-03T05:25:00+02:00,1612.300,1612.550,1612.270,1612.460,67
SQ:XAUUSD,2020-04-03T05:26:00+02:00,1612.500,1612.510,1612.190,1612.250,172
SQ:XAUUSD,2020-04-03T05:27:00+02:00,1612.250,1612.460,1612.120,1612.280,112
SQ:XAUUSD,2020-04-03T05:28:00+02:00,1612.280,1612.440,1612.060,1612.340,27
SQ:XAUUSD,2020-04-03T05:29:00+02:00,1612.340,1612.340,1612.040,1612.170,96
SQ:XAUUSD,2020-04-03T05:30:00+02:00,1612.170,1612.170,1611.910,1612.050,102
SQ:XAUUSD,2020-04-03T05:31:00+02:00,1612.050,1612.180,1611.790,1612.040,106
SQ:XAUUSD,2020-04-03T05:32:00+02:00,1612.120,1612.930,1611.850,1612.050,151
SQ:XAUUSD,2020-04-03T05:33:00+02:00,1612.070,1612.070,1611.840,1611.980,17
SQ:XAUUSD,2020-04-03T05:34:00+02:00,1611.980,1612.310,1611.970,1612.110,23
SQ:XAUUSD,2020-04-03T05:35:00+02:00,1612.110,1612.930,1611.420,1612.900,27
SQ:XAUUSD,2020-04-03T05:36:00+02:00,1612.900,1613.140,1612.500,1612.840,45
SQ:XAUUSD,2020-04-03T05:37:00+02:00,1612.840,1612.850,1612.730,1612.786,20
SQ:XAUUSD,2020-04-03T05:38:00+02:00,1612.786,1613.150,1612.740,1612.990,50
SQ:XAUUSD,2020-04-03T05:39:00+02:00,1612.990,1613.010,1612.890,1613.010,8
SQ:XAUUSD,2020-04-03T05:40:00+02:00,1613.010,1613.480,1612.930,1613.120,137
SQ:XAUUSD,2020-04-03T05:41:00+02:00,1613.240,1613.280,1612.890,1612.940,273
SQ:XAUUSD,2020-04-03T05:42:00+02:00,1613.060,1613.100,1612.520,1612.590,83
SQ:XAUUSD,2020-04-03T05:43:00+02:00,1612.520,1612.640,1612.420,1612.630,19
SQ:XAUUSD,2020-04-03T05:44:00+02:00,1612.630,1612.740,1612.390,1612.460,32
SQ:XAUUSD,2020-04-03T05:45:00+02:00,1612.460,1612.510,1611.720,1611.810,64
SQ:XAUUSD,2020-04-03T05:46:00+02:00,1611.810,1612.070,1611.810,1612.010,14
SQ:XAUUSD,2020-04-03T05:47:00+02:00,1612.010,1612.010,1611.940,1611.940,4
SQ:XAUUSD,2020-04-03T05:48:00+02:00,1611.930,1612.120,1611.850,1611.850,19
SQ:XAUUSD,2020-04-03T05:49:00+02:00,1611.850,1612.030,1611.850,1611.920,8
SQ:XAUUSD,2020-04-03T05:50:00+02:00,1611.920,1611.990,1611.770,1611.770,5
SQ:XAUUSD,2020-04-03T05:51:00+02:00,1611.770,1611.770,1611.490,1611.630,27
SQ:XAUUSD,2020-04-03T05:52:00+02:00,1611.630,1611.750,1611.570,1611.610,27
SQ:XAUUSD,2020-04-03T05:53:00+02:00,1611.580,1612.090,1611.530,1611.970,29
SQ:XAUUSD,2020-04-03T05:54:00+02:00,1612.100,1612.250,1611.940,1612.166,27
SQ:XAUUSD,2020-04-03T05:55:00+02:00,1612.156,1612.170,1612.116,1612.166,28
SQ:XAUUSD,2020-04-03T05:56:00+02:00,1612.166,1612.370,1612.060,1612.276,29
SQ:XAUUSD,2020-04-03T05:57:00+02:00,1612.200,1613.100,1612.200,1613.050,21
SQ:XAUUSD,2020-04-03T05:58:00+02:00,1613.050,1613.760,1612.910,1612.910,10
SQ:XAUUSD,2020-04-03T05:59:00+02:00,1612.910,1613.160,1612.910,1613.080,6
SQ:XAUUSD,2020-04-03T06:00:00+02:00,1613.080,1613.080,1612.726,1612.726,9
SQ:XAUUSD,2020-04-03T06:01:00+02:00,1612.726,1612.920,1612.320,1612.840,224
SQ:XAUUSD,2020-04-03T06:02:00+02:00,1612.780,1613.090,1612.710,1612.790,223
SQ:XAUUSD,2020-04-03T06:03:00+02:00,1612.790,1613.090,1612.790,1612.980,74
SQ:XAUUSD,2020-04-03T06:04:00+02:00,1612.980,1613.140,1612.950,1612.960,29
SQ:XAUUSD,2020-04-03T06:05:00+02:00,1612.960,1612.970,1612.430,1612.550,56
SQ:XAUUSD,2020-04-03T06:06:00+02:00,1612.550,1612.940,1612.550,1612.920,55
SQ:XAUUSD,2020-04-03T06:07:00+02:00,1612.850,1612.850,1612.560,1612.640,22
SQ:XAUUSD,2020-04-03T06:08:00+02:00,1612.630,1613.360,1612.620,1613.030,22
SQ:XAUUSD,2020-04-03T06:09:00+02:00,1613.100,1613.200,1612.860,1613.070,19
SQ:XAUUSD,2020-04-03T06:10:00+02:00,1613.080,1613.080,1612.440,1612.440,14
SQ:XAUUSD,2020-04-03T06:11:00+02:00,1612.440,1612.560,1612.400,1612.520,12
SQ:XAUUSD,2020-04-03T06:12:00+02:00,1612.520,1612.560,1612.210,1612.210,14
SQ:XAUUSD,2020-04-03T06:13:00+02:00,1612.270,1612.370,1612.240,1612.360,19
SQ:XAUUSD,2020-04-03T06:14:00+02:00,1612.350,1612.460,1611.970,1612.110,39
SQ:XAUUSD,2020-04-03T06:15:00+02:00,1612.170,1612.280,1612.100,1612.170,19
SQ:XAUUSD,2020-04-03T06:16:00+02:00,1612.170,1612.290,1612.120,1612.230,28
SQ:XAUUSD,2020-04-03T06:17:00+02:00,1612.280,1612.490,1612.160,1612.200,25
SQ:XAUUSD,2020-04-03T06:18:00+02:00,1612.210,1612.500,1612.200,1612.460,17
SQ:XAUUSD,2020-04-03T06:19:00+02:00,1612.470,1612.610,1612.340,1612.350,19
SQ:XAUUSD,2020-04-03T06:20:00+02:00,1612.360,1612.640,1612.360,1612.580,32
SQ:XAUUSD,2020-04-03T06:21:00+02:00,1612.580,1612.680,1612.380,1612.680,109
SQ:XAUUSD,2020-04-03T06:22:00+02:00,1612.750,1612.820,1612.660,1612.730,131
SQ:XAUUSD,2020-04-03T06:23:00+02:00,1612.710,1612.730,1612.530,1612.530,35
SQ:XAUUSD,2020-04-03T06:24:00+02:00,1612.590,1612.690,1612.280,1612.540,14
SQ:XAUUSD,2020-04-03T06:25:00+02:00,1612.540,1612.540,1612.160,1612.290,13
SQ:XAUUSD,2020-04-03T06:26:00+02:00,1612.270,1612.750,1611.780,1611.880,60
SQ:XAUUSD,2020-04-03T06:27:00+02:00,1611.970,1612.180,1610.560,1610.840,65
SQ:XAUUSD,2020-04-03T06:28:00+02:00,1610.840,1611.590,1610.670,1611.380,70
SQ:XAUUSD,2020-04-03T06:29:00+02:00,1611.380,1611.560,1611.340,1611.530,26
SQ:XAUUSD,2020-04-03T06:30:00+02:00,1611.480,1611.920,1611.170,1611.920,83
SQ:XAUUSD,2020-04-03T06:31:00+02:00,1611.860,1612.140,1611.440,1611.840,68
SQ:XAUUSD,2020-04-03T06:32:00+02:00,1611.840,1612.330,1611.740,1612.150,50
SQ:XAUUSD,2020-04-03T06:33:00+02:00,1612.110,1612.350,1612.070,1612.216,42
SQ:XAUUSD,2020-04-03T06:34:00+02:00,1612.116,1612.120,1611.750,1611.750,28
SQ:XAUUSD,2020-04-03T06:35:00+02:00,1611.910,1612.400,1611.590,1611.930,60
SQ:XAUUSD,2020-04-03T06:36:00+02:00,1611.930,1612.080,1611.850,1612.080,20
SQ:XAUUSD,2020-04-03T06:37:00+02:00,1612.080,1612.080,1611.360,1611.400,22
SQ:XAUUSD,2020-04-03T06:38:00+02:00,1611.420,1612.310,1611.420,1612.200,27
SQ:XAUUSD,2020-04-03T06:39:00+02:00,1612.410,1612.550,1612.020,1612.280,34
SQ:XAUUSD,2020-04-03T06:40:00+02:00,1612.280,1612.580,1612.280,1612.480,18
SQ:XAUUSD,2020-04-03T06:41:00+02:00,1612.480,1612.610,1612.280,1612.610,22
SQ:XAUUSD,2020-04-03T06:42:00+02:00,1612.610,1612.610,1612.200,1612.200,23
SQ:XAUUSD,2020-04-03T06:43:00+02:00,1612.090,1612.230,1611.660,1611.890,34
SQ:XAUUSD,2020-04-03T06:44:00+02:00,1611.840,1611.930,1610.890,1611.710,29
SQ:XAUUSD,2020-04-03T06:45:00+02:00,1611.640,1611.760,1611.430,1611.730,22
SQ:XAUUSD,2020-04-03T06:46:00+02:00,1611.730,1611.760,1610.950,1611.166,33
SQ:XAUUSD,2020-04-03T06:47:00+02:00,1611.100,1611.590,1611.100,1611.460,26
SQ:XAUUSD,2020-04-03T06:48:00+02:00,1611.460,1611.960,1611.040,1611.830,19
SQ:XAUUSD,2020-04-03T06:49:00+02:00,1611.830,1612.330,1611.820,1611.960,19
SQ:XAUUSD,2020-04-03T06:50:00+02:00,1611.960,1612.060,1611.810,1611.820,18
SQ:XAUUSD,2020-04-03T06:51:00+02:00,1611.860,1611.880,1610.910,1611.096,22
SQ:XAUUSD,2020-04-03T06:52:00+02:00,1611.096,1611.460,1611.096,1611.460,26
SQ:XAUUSD,2020-04-03T06:53:00+02:00,1611.460,1612.420,1611.460,1612.160,52
SQ:XAUUSD,2020-04-03T06:54:00+02:00,1612.160,1612.260,1611.830,1611.890,25
SQ:XAUUSD,2020-04-03T06:55:00+02:00,1611.900,1611.930,1611.780,1611.810,11
SQ:XAUUSD,2020-04-03T06:56:00+02:00,1611.810,1612.300,1611.670,1611.840,35
SQ:XAUUSD,2020-04-03T06:57:00+02:00,1611.840,1611.930,1611.590,1611.600,15
SQ:XAUUSD,2020-04-03T06:58:00+02:00,1611.590,1612.550,1611.570,1612.130,24
SQ:XAUUSD,2020-04-03T06:59:00+02:00,1612.130,1612.310,1611.520,1611.520,26
SQ:XAUUSD,2020-04-03T07:00:00+02:00,1611.490,1611.880,1611.210,1611.880,98
SQ:XAUUSD,2020-04-03T07:01:00+02:00,1611.880,1612.530,1611.880,1612.530,31
SQ:XAUUSD,2020-04-03T07:02:00+02:00,1612.530,1613.040,1612.360,1612.810,44
SQ:XAUUSD,2020-04-03T07:03:00+02:00,1612.720,1612.870,1612.680,1612.680,14
SQ:XAUUSD,2020-04-03T07:04:00+02:00,1612.680,1612.690,1612.530,1612.610,9
SQ:XAUUSD,2020-04-03T07:05:00+02:00,1612.590,1613.430,1612.330,1612.890,44
SQ:XAUUSD,2020-04-03T07:06:00+02:00,1612.890,1612.950,1611.710,1611.950,21
SQ:XAUUSD,2020-04-03T07:07:00+02:00,1611.950,1612.410,1611.650,1612.340,55
SQ:XAUUSD,2020-04-03T07:08:00+02:00,1612.340,1612.616,1612.340,1612.436,30
SQ:XAUUSD,2020-04-03T07:09:00+02:00,1612.440,1612.440,1612.330,1612.400,14
SQ:XAUUSD,2020-04-03T07:10:00+02:00,1612.400,1612.620,1612.140,1612.620,21
SQ:XAUUSD,2020-04-03T07:11:00+02:00,1612.620,1612.630,1611.640,1611.810,24
SQ:XAUUSD,2020-04-03T07:12:00+02:00,1611.850,1611.910,1611.520,1611.520,13
SQ:XAUUSD,2020-04-03T07:13:00+02:00,1611.520,1612.006,1611.480,1611.966,27
SQ:XAUUSD,2020-04-03T07:14:00+02:00,1611.980,1612.376,1611.900,1612.346,49
SQ:XAUUSD,2020-04-03T07:15:00+02:00,1612.346,1612.486,1612.016,1612.416,169
SQ:XAUUSD,2020-04-03T07:16:00+02:00,1612.366,1612.366,1611.880,1612.140,78
SQ:XAUUSD,2020-04-03T07:17:00+02:00,1612.140,1612.140,1611.706,1611.810,39
SQ:XAUUSD,2020-04-03T07:18:00+02:00,1611.810,1612.520,1611.610,1612.130,56
SQ:XAUUSD,2020-04-03T07:19:00+02:00,1612.240,1612.240,1611.940,1612.040,30
SQ:XAUUSD,2020-04-03T07:20:00+02:00,1612.040,1612.060,1611.710,1611.900,51
SQ:XAUUSD,2020-04-03T07:21:00+02:00,1611.840,1612.170,1611.190,1612.010,161
SQ:XAUUSD,2020-04-03T07:22:00+02:00,1612.080,1612.330,1611.140,1611.340,21
SQ:XAUUSD,2020-04-03T07:23:00+02:00,1611.340,1611.776,1611.250,1611.550,18
SQ:XAUUSD,2020-04-03T07:24:00+02:00,1611.550,1612.110,1611.520,1612.010,21
SQ:XAUUSD,2020-04-03T07:25:00+02:00,1611.990,1612.210,1611.680,1612.120,28
SQ:XAUUSD,2020-04-03T07:26:00+02:00,1612.070,1612.100,1610.900,1611.910,76
SQ:XAUUSD,2020-04-03T07:27:00+02:00,1611.910,1612.110,1611.010,1611.286,354
SQ:XAUUSD,2020-04-03T07:28:00+02:00,1611.250,1611.980,1611.030,1611.060,225
SQ:XAUUSD,2020-04-03T07:29:00+02:00,1611.060,1611.800,1611.060,1611.290,444
SQ:XAUUSD,2020-04-03T07:30:00+02:00,1611.290,1612.050,1611.100,1611.750,182
SQ:XAUUSD,2020-04-03T07:31:00+02:00,1611.750,1611.970,1610.960,1611.250,115
SQ:XAUUSD,2020-04-03T07:32:00+02:00,1611.250,1612.290,1611.060,1611.940,100
SQ:XAUUSD,2020-04-03T07:33:00+02:00,1611.900,1612.200,1611.580,1612.070,70
SQ:XAUUSD,2020-04-03T07:34:00+02:00,1612.170,1612.400,1611.750,1611.760,55
SQ:XAUUSD,2020-04-03T07:35:00+02:00,1611.810,1612.020,1610.960,1610.960,138
SQ:XAUUSD,2020-04-03T07:36:00+02:00,1610.960,1610.960,1610.270,1610.390,96
SQ:XAUUSD,2020-04-03T07:37:00+02:00,1610.390,1610.680,1609.120,1609.582,120
SQ:XAUUSD,2020-04-03T07:38:00+02:00,1609.580,1610.660,1609.080,1610.460,136
SQ:XAUUSD,2020-04-03T07:39:00+02:00,1610.460,1610.890,1610.046,1610.500,67
SQ:XAUUSD,2020-04-03T07:40:00+02:00,1610.500,1610.640,1609.880,1610.310,54
SQ:XAUUSD,2020-04-03T07:41:00+02:00,1610.300,1610.570,1610.086,1610.310,40
SQ:XAUUSD,2020-04-03T07:42:00+02:00,1610.320,1611.220,1610.320,1610.530,46
SQ:XAUUSD,2020-04-03T07:43:00+02:00,1610.636,1611.600,1609.980,1610.330,154
SQ:XAUUSD,2020-04-03T07:44:00+02:00,1610.330,1612.020,1609.510,1609.690,95
SQ:XAUUSD,2020-04-03T07:45:00+02:00,1609.690,1610.010,1609.040,1609.190,118
SQ:XAUUSD,2020-04-03T07:46:00+02:00,1609.190,1610.006,1608.980,1609.836,99
SQ:XAUUSD,2020-04-03T07:47:00+02:00,1609.836,1610.810,1609.736,1610.810,72
SQ:XAUUSD,2020-04-03T07:48:00+02:00,1610.810,1611.086,1610.436,1610.436,156
SQ:XAUUSD,2020-04-03T07:49:00+02:00,1610.430,1611.646,1610.430,1611.420,106
SQ:XAUUSD,2020-04-03T07:50:00+02:00,1611.376,1611.376,1610.950,1611.120,152
SQ:XAUUSD,2020-04-03T07:51:00+02:00,1611.120,1611.360,1610.990,1611.150,37
SQ:XAUUSD,2020-04-03T07:52:00+02:00,1611.150,1611.240,1610.620,1610.620,48
SQ:XAUUSD,2020-04-03T07:53:00+02:00,1610.620,1611.076,1609.940,1611.066,55
SQ:XAUUSD,2020-04-03T07:54:00+02:00,1611.076,1611.136,1610.840,1610.920,106
SQ:XAUUSD,2020-04-03T07:55:00+02:00,1610.950,1611.290,1610.560,1611.240,125
SQ:XAUUSD,2020-04-03T07:56:00+02:00,1611.240,1611.650,1611.240,1611.260,34
SQ:XAUUSD,2020-04-03T07:57:00+02:00,1611.260,1611.290,1610.730,1610.940,44
SQ:XAUUSD,2020-04-03T07:58:00+02:00,1610.910,1611.940,1610.880,1611.490,57
SQ:XAUUSD,2020-04-03T07:59:00+02:00,1611.490,1611.920,1610.630,1611.400,53
SQ:XAUUSD,2020-04-03T08:00:00+02:00,1611.400,1611.440,1610.660,1611.280,67
SQ:XAUUSD,2020-04-03T08:01:00+02:00,1611.350,1611.350,1610.320,1610.440,63
SQ:XAUUSD,2020-04-03T08:02:00+02:00,1610.580,1611.070,1610.480,1610.640,47
SQ:XAUUSD,2020-04-03T08:03:00+02:00,1610.640,1611.280,1610.300,1610.960,54
SQ:XAUUSD,2020-04-03T08:04:00+02:00,1610.950,1611.500,1610.900,1611.500,37
SQ:XAUUSD,2020-04-03T08:05:00+02:00,1611.500,1611.540,1610.660,1610.920,17
SQ:XAUUSD,2020-04-03T08:06:00+02:00,1610.920,1611.370,1610.830,1611.180,18
SQ:XAUUSD,2020-04-03T08:07:00+02:00,1611.180,1611.180,1610.730,1611.020,26
SQ:XAUUSD,2020-04-03T08:08:00+02:00,1611.020,1611.020,1610.040,1610.620,28
SQ:XAUUSD,2020-04-03T08:09:00+02:00,1610.620,1610.660,1609.540,1609.700,53
SQ:XAUUSD,2020-04-03T08:10:00+02:00,1609.650,1610.280,1609.440,1610.230,45
SQ:XAUUSD,2020-04-03T08:11:00+02:00,1610.230,1610.230,1609.960,1610.090,18
SQ:XAUUSD,2020-04-03T08:12:00+02:00,1610.090,1610.470,1609.960,1609.960,20
SQ:XAUUSD,2020-04-03T08:13:00+02:00,1609.960,1610.320,1609.900,1610.020,25
SQ:XAUUSD,2020-04-03T08:14:00+02:00,1610.020,1610.090,1609.340,1609.450,26
SQ:XAUUSD,2020-04-03T08:15:00+02:00,1609.450,1609.670,1608.890,1609.630,49
SQ:XAUUSD,2020-04-03T08:16:00+02:00,1609.630,1609.680,1609.040,1609.200,35
SQ:XAUUSD,2020-04-03T08:17:00+02:00,1609.200,1609.600,1609.200,1609.330,21
SQ:XAUUSD,2020-04-03T08:18:00+02:00,1609.330,1609.750,1609.230,1609.640,17
SQ:XAUUSD,2020-04-03T08:19:00+02:00,1609.640,1610.090,1609.640,1609.950,36
SQ:XAUUSD,2020-04-03T08:20:00+02:00,1609.950,1610.520,1609.730,1609.840,40
SQ:XAUUSD,2020-04-03T08:21:00+02:00,1609.880,1609.960,1609.230,1609.350,42
SQ:XAUUSD,2020-04-03T08:22:00+02:00,1609.350,1609.650,1609.120,1609.610,31
SQ:XAUUSD,2020-04-03T08:23:00+02:00,1609.610,1610.240,1609.610,1610.240,22
SQ:XAUUSD,2020-04-03T08:24:00+02:00,1610.240,1610.470,1610.240,1610.340,19
SQ:XAUUSD,2020-04-03T08:25:00+02:00,1610.340,1610.340,1609.810,1609.810,12
SQ:XAUUSD,2020-04-03T08:26:00+02:00,1609.810,1611.190,1609.460,1610.740,113
SQ:XAUUSD,2020-04-03T08:27:00+02:00,1610.760,1610.970,1609.470,1610.730,66
SQ:XAUUSD,2020-04-03T08:28:00+02:00,1610.760,1611.160,1609.040,1609.390,61
SQ:XAUUSD,2020-04-03T08:29:00+02:00,1609.390,1610.200,1609.070,1609.860,23
SQ:XAUUSD,2020-04-03T08:30:00+02:00,1609.860,1610.240,1609.200,1609.270,35
SQ:XAUUSD,2020-04-03T08:31:00+02:00,1609.270,1609.786,1608.200,1609.470,102
SQ:XAUUSD,2020-04-03T08:32:00+02:00,1609.470,1609.700,1609.300,1609.430,17
SQ:XAUUSD,2020-04-03T08:33:00+02:00,1609.430,1609.940,1609.160,1609.940,17
SQ:XAUUSD,2020-04-03T08:34:00+02:00,1609.940,1609.940,1609.460,1609.480,40
SQ:XAUUSD,2020-04-03T08:35:00+02:00,1609.460,1609.510,1609.180,1609.390,38
SQ:XAUUSD,2020-04-03T08:36:00+02:00,1609.250,1609.310,1609.070,1609.170,41
SQ:XAUUSD,2020-04-03T08:37:00+02:00,1609.100,1609.160,1608.330,1608.360,50
SQ:XAUUSD,2020-04-03T08:38:00+02:00,1608.410,1608.470,1607.580,1608.020,52
SQ:XAUUSD,2020-04-03T08:39:00+02:00,1608.030,1608.030,1607.566,1607.626,49
SQ:XAUUSD,2020-04-03T08:40:00+02:00,1607.636,1608.540,1607.596,1608.410,100
SQ:XAUUSD,2020-04-03T08:41:00+02:00,1608.410,1608.920,1608.100,1608.100,26
SQ:XAUUSD,2020-04-03T08:42:00+02:00,1608.150,1608.630,1607.380,1608.030,52
SQ:XAUUSD,2020-04-03T08:43:00+02:00,1608.030,1608.460,1607.870,1608.390,47
SQ:XAUUSD,2020-04-03T08:44:00+02:00,1608.360,1608.920,1608.240,1608.820,40
SQ:XAUUSD,2020-04-03T08:45:00+02:00,1608.820,1608.850,1607.580,1607.600,61
SQ:XAUUSD,2020-04-03T08:46:00+02:00,1607.660,1607.870,1606.950,1607.610,129
SQ:XAUUSD,2020-04-03T08:47:00+02:00,1607.610,1607.630,1606.630,1607.380,134
SQ:XAUUSD,2020-04-03T08:48:00+02:00,1607.380,1608.660,1607.380,1608.600,121
SQ:XAUUSD,2020-04-03T08:49:00+02:00,1608.600,1608.720,1607.960,1608.720,51
SQ:XAUUSD,2020-04-03T08:50:00+02:00,1608.720,1608.790,1608.320,1608.770,46
SQ:XAUUSD,2020-04-03T08:51:00+02:00,1608.840,1609.810,1608.800,1609.380,95
SQ:XAUUSD,2020-04-03T08:52:00+02:00,1609.380,1610.330,1608.980,1608.980,54
SQ:XAUUSD,2020-04-03T08:53:00+02:00,1608.990,1609.340,1608.600,1609.290,34
SQ:XAUUSD,2020-04-03T08:54:00+02:00,1609.290,1609.380,1608.850,1609.260,61
SQ:XAUUSD,2020-04-03T08:55:00+02:00,1609.330,1609.350,1609.160,1609.310,34
SQ:XAUUSD,2020-04-03T08:56:00+02:00,1609.260,1610.620,1609.230,1610.380,68
SQ:XAUUSD,2020-04-03T08:57:00+02:00,1610.600,1611.080,1609.850,1610.430,25
SQ:XAUUSD,2020-04-03T08:58:00+02:00,1610.420,1610.420,1610.060,1610.100,9
SQ:XAUUSD,2020-04-03T08:59:00+02:00,1610.100,1610.410,1608.740,1608.790,21
SQ:XAUUSD,2020-04-03T09:00:00+02:00,1608.740,1610.440,1608.570,1609.800,54
SQ:XAUUSD,2020-04-03T09:01:00+02:00,1609.800,1610.130,1609.760,1609.796,50
SQ:XAUUSD,2020-04-03T09:02:00+02:00,1609.770,1610.230,1609.770,1610.210,28
SQ:XAUUSD,2020-04-03T09:03:00+02:00,1610.200,1610.310,1610.040,1610.300,30
SQ:XAUUSD,2020-04-03T09:04:00+02:00,1610.300,1610.866,1610.270,1610.476,81
SQ:XAUUSD,2020-04-03T09:05:00+02:00,1610.476,1610.590,1609.626,1609.870,207
SQ:XAUUSD,2020-04-03T09:06:00+02:00,1609.870,1612.120,1609.870,1611.660,87
SQ:XAUUSD,2020-04-03T09:07:00+02:00,1611.900,1612.220,1610.300,1611.380,150
SQ:XAUUSD,2020-04-03T09:08:00+02:00,1611.360,1612.480,1611.270,1611.570,260
SQ:XAUUSD,2020-04-03T09:09:00+02:00,1611.570,1611.640,1610.820,1611.140,131
SQ:XAUUSD,2020-04-03T09:10:00+02:00,1611.130,1611.210,1610.290,1610.800,27
SQ:XAUUSD,2020-04-03T09:11:00+02:00,1610.800,1611.280,1610.800,1611.210,12
SQ:XAUUSD,2020-04-03T09:12:00+02:00,1611.210,1611.210,1611.190,1611.190,2
SQ:XAUUSD,2020-04-03T09:13:00+02:00,1611.190,1611.270,1609.960,1610.310,71
SQ:XAUUSD,2020-04-03T09:14:00+02:00,1610.320,1610.990,1609.740,1609.740,60
SQ:XAUUSD,2020-04-03T09:15:00+02:00,1609.740,1609.950,1609.080,1609.350,45
SQ:XAUUSD,2020-04-03T09:16:00+02:00,1609.330,1609.650,1609.000,1609.130,42
SQ:XAUUSD,2020-04-03T09:17:00+02:00,1609.020,1609.440,1608.730,1609.400,36
SQ:XAUUSD,2020-04-03T09:18:00+02:00,1609.430,1609.500,1609.070,1609.160,32
SQ:XAUUSD,2020-04-03T09:19:00+02:00,1609.070,1609.400,1609.070,1609.260,30
SQ:XAUUSD,2020-04-03T09:20:00+02:00,1609.260,1609.656,1609.210,1609.596,146
SQ:XAUUSD,2020-04-03T09:21:00+02:00,1609.616,1610.136,1609.290,1609.470,180
SQ:XAUUSD,2020-04-03T09:22:00+02:00,1609.470,1609.576,1609.240,1609.460,83
SQ:XAUUSD,2020-04-03T09:23:00+02:00,1609.470,1609.610,1609.360,1609.480,25
SQ:XAUUSD,2020-04-03T09:24:00+02:00,1609.500,1610.330,1609.500,1610.010,180
SQ:XAUUSD,2020-04-03T09:25:00+02:00,1610.060,1610.470,1610.060,1610.230,168
SQ:XAUUSD,2020-04-03T09:26:00+02:00,1610.230,1610.570,1610.090,1610.490,156
SQ:XAUUSD,2020-04-03T09:27:00+02:00,1610.490,1611.240,1610.420,1610.840,155
SQ:XAUUSD,2020-04-03T09:28:00+02:00,1610.840,1611.680,1610.600,1611.640,66
SQ:XAUUSD,2020-04-03T09:29:00+02:00,1611.640,1613.190,1611.520,1612.940,111
SQ:XAUUSD,2020-04-03T09:30:00+02:00,1612.940,1612.940,1611.990,1612.280,77
SQ:XAUUSD,2020-04-03T09:31:00+02:00,1612.280,1612.570,1611.890,1611.890,49
SQ:XAUUSD,2020-04-03T09:32:00+02:00,1611.900,1611.900,1611.550,1611.760,53
SQ:XAUUSD,2020-04-03T09:33:00+02:00,1611.770,1612.310,1611.730,1611.930,44
SQ:XAUUSD,2020-04-03T09:34:00+02:00,1612.030,1612.580,1611.750,1611.940,42
SQ:XAUUSD,2020-04-03T09:35:00+02:00,1611.940,1612.490,1611.940,1612.490,33
SQ:XAUUSD,2020-04-03T09:36:00+02:00,1612.490,1612.490,1612.120,1612.250,43
SQ:XAUUSD,2020-04-03T09:37:00+02:00,1612.220,1612.220,1611.240,1611.600,66
SQ:XAUUSD,2020-04-03T09:38:00+02:00,1611.600,1612.210,1611.560,1612.210,59
SQ:XAUUSD,2020-04-03T09:39:00+02:00,1612.290,1612.640,1612.180,1612.600,30
SQ:XAUUSD,2020-04-03T09:40:00+02:00,1612.600,1613.300,1612.420,1612.600,68
SQ:XAUUSD,2020-04-03T09:41:00+02:00,1612.600,1614.070,1612.540,1613.630,84
SQ:XAUUSD,2020-04-03T09:42:00+02:00,1613.670,1613.990,1613.460,1613.890,60
SQ:XAUUSD,2020-04-03T09:43:00+02:00,1613.860,1614.910,1613.840,1614.610,107
SQ:XAUUSD,2020-04-03T09:44:00+02:00,1614.620,1615.590,1614.430,1614.650,166
SQ:XAUUSD,2020-04-03T09:45:00+02:00,1614.460,1615.970,1614.156,1615.450,215
SQ:XAUUSD,2020-04-03T09:46:00+02:00,1615.540,1615.880,1615.200,1615.600,117
SQ:XAUUSD,2020-04-03T09:47:00+02:00,1615.600,1615.900,1614.900,1614.940,150
SQ:XAUUSD,2020-04-03T09:48:00+02:00,1614.930,1615.910,1614.760,1615.156,128
SQ:XAUUSD,2020-04-03T09:49:00+02:00,1615.156,1615.160,1614.350,1614.780,64
SQ:XAUUSD,2020-04-03T09:50:00+02:00,1614.780,1615.460,1614.680,1614.720,40
SQ:XAUUSD,2020-04-03T09:51:00+02:00,1614.606,1614.910,1614.036,1614.880,115
SQ:XAUUSD,2020-04-03T09:52:00+02:00,1614.880,1615.810,1614.880,1615.200,56
SQ:XAUUSD,2020-04-03T09:53:00+02:00,1615.200,1615.200,1614.660,1615.000,35
SQ:XAUUSD,2020-04-03T09:54:00+02:00,1615.000,1616.330,1614.930,1615.930,92
SQ:XAUUSD,2020-04-03T09:55:00+02:00,1615.990,1616.160,1615.180,1615.430,51
SQ:XAUUSD,2020-04-03T09:56:00+02:00,1615.430,1615.560,1614.690,1615.096,97
SQ:XAUUSD,2020-04-03T09:57:00+02:00,1615.100,1615.890,1614.940,1615.290,98
SQ:XAUUSD,2020-04-03T09:58:00+02:00,1615.250,1615.340,1614.510,1614.830,83
SQ:XAUUSD,2020-04-03T09:59:00+02:00,1614.830,1614.900,1614.510,1614.880,56
SQ:XAUUSD,2020-04-03T10:00:00+02:00,1614.830,1615.050,1614.240,1614.330,116
SQ:XAUUSD,2020-04-03T10:01:00+02:00,1614.350,1614.350,1613.770,1613.870,61
SQ:XAUUSD,2020-04-03T10:02:00+02:00,1613.910,1614.650,1613.300,1614.160,150
SQ:XAUUSD,2020-04-03T10:03:00+02:00,1614.000,1614.680,1614.000,1614.440,47
SQ:XAUUSD,2020-04-03T10:04:00+02:00,1614.440,1614.660,1613.710,1614.370,108
SQ:XAUUSD,2020-04-03T10:05:00+02:00,1614.370,1614.370,1613.740,1613.740,39
SQ:XAUUSD,2020-04-03T10:06:00+02:00,1613.760,1613.950,1613.480,1613.770,40
SQ:XAUUSD,2020-04-03T10:07:00+02:00,1613.690,1614.410,1613.500,1613.840,41
SQ:XAUUSD,2020-04-03T10:08:00+02:00,1613.840,1614.350,1613.490,1613.900,40
SQ:XAUUSD,2020-04-03T10:09:00+02:00,1613.830,1614.150,1613.670,1613.970,31
SQ:XAUUSD,2020-04-03T10:10:00+02:00,1613.970,1614.290,1613.960,1614.180,41
SQ:XAUUSD,2020-04-03T10:11:00+02:00,1614.170,1614.750,1614.040,1614.110,53
SQ:XAUUSD,2020-04-03T10:12:00+02:00,1614.110,1615.160,1614.110,1614.590,132
SQ:XAUUSD,2020-04-03T10:13:00+02:00,1614.580,1615.840,1614.580,1615.330,60
SQ:XAUUSD,2020-04-03T10:14:00+02:00,1615.330,1615.480,1614.900,1615.190,38
SQ:XAUUSD,2020-04-03T10:15:00+02:00,1615.270,1616.610,1615.270,1616.050,84
SQ:XAUUSD,2020-04-03T10:16:00+02:00,1616.070,1616.540,1615.840,1616.410,52
SQ:XAUUSD,2020-04-03T10:17:00+02:00,1616.420,1616.460,1615.300,1615.560,54
SQ:XAUUSD,2020-04-03T10:18:00+02:00,1615.490,1615.830,1615.240,1615.770,36
SQ:XAUUSD,2020-04-03T10:19:00+02:00,1615.770,1616.650,1615.760,1616.480,82
SQ:XAUUSD,2020-04-03T10:20:00+02:00,1616.480,1617.270,1616.480,1616.920,100
SQ:XAUUSD,2020-04-03T10:21:00+02:00,1616.940,1617.010,1616.790,1616.840,46
SQ:XAUUSD,2020-04-03T10:22:00+02:00,1616.830,1616.920,1615.100,1615.360,62
SQ:XAUUSD,2020-04-03T10:23:00+02:00,1615.360,1615.360,1614.280,1614.830,141
SQ:XAUUSD,2020-04-03T10:24:00+02:00,1614.830,1615.170,1613.150,1613.700,114
SQ:XAUUSD,2020-04-03T10:25:00+02:00,1613.700,1614.020,1612.270,1613.290,193
SQ:XAUUSD,2020-04-03T10:26:00+02:00,1613.316,1613.630,1612.080,1612.090,119
SQ:XAUUSD,2020-04-03T10:27:00+02:00,1612.090,1613.150,1611.890,1612.820,90
SQ:XAUUSD,2020-04-03T10:28:00+02:00,1612.820,1613.050,1612.750,1612.816,48
SQ:XAUUSD,2020-04-03T10:29:00+02:00,1612.760,1613.180,1612.720,1612.926,58
SQ:XAUUSD,2020-04-03T10:30:00+02:00,1612.886,1613.640,1612.580,1612.650,131
SQ:XAUUSD,2020-04-03T10:31:00+02:00,1612.650,1613.280,1612.630,1612.630,81
SQ:XAUUSD,2020-04-03T10:32:00+02:00,1612.680,1612.876,1612.260,1612.436,91
SQ:XAUUSD,2020-04-03T10:33:00+02:00,1612.436,1612.710,1612.030,1612.280,90
SQ:XAUUSD,2020-04-03T10:34:00+02:00,1612.280,1612.676,1611.790,1611.820,52
SQ:XAUUSD,2020-04-03T10:35:00+02:00,1611.820,1612.276,1610.390,1610.660,94
SQ:XAUUSD,2020-04-03T10:36:00+02:00,1610.660,1610.810,1609.040,1609.450,174
SQ:XAUUSD,2020-04-03T10:37:00+02:00,1609.450,1610.720,1609.440,1610.690,116
SQ:XAUUSD,2020-04-03T10:38:00+02:00,1610.690,1611.380,1610.000,1611.220,127
SQ:XAUUSD,2020-04-03T10:39:00+02:00,1611.060,1611.150,1610.460,1610.540,42
SQ:XAUUSD,2020-04-03T10:40:00+02:00,1610.540,1610.650,1609.500,1610.040,42
SQ:XAUUSD,2020-04-03T10:41:00+02:00,1610.040,1610.100,1608.320,1608.570,64
SQ:XAUUSD,2020-04-03T10:42:00+02:00,1608.500,1609.850,1607.460,1609.730,146
SQ:XAUUSD,2020-04-03T10:43:00+02:00,1609.730,1609.780,1608.900,1609.650,179
SQ:XAUUSD,2020-04-03T10:44:00+02:00,1609.650,1610.250,1609.180,1610.000,236
SQ:XAUUSD,2020-04-03T10:45:00+02:00,1609.970,1610.860,1609.500,1610.730,194
SQ:XAUUSD,2020-04-03T10:46:00+02:00,1610.730,1611.050,1610.520,1610.710,158
SQ:XAUUSD,2020-04-03T10:47:00+02:00,1610.710,1611.310,1609.940,1610.160,142
SQ:XAUUSD,2020-04-03T10:48:00+02:00,1610.160,1611.060,1610.050,1610.080,122
SQ:XAUUSD,2020-04-03T10:49:00+02:00,1610.080,1610.420,1609.800,1610.420,49
SQ:XAUUSD,2020-04-03T10:50:00+02:00,1610.460,1610.520,1610.000,1610.050,60
SQ:XAUUSD,2020-04-03T10:51:00+02:00,1610.050,1610.140,1609.960,1610.040,27
SQ:XAUUSD,2020-04-03T10:52:00+02:00,1610.040,1611.110,1610.000,1610.550,58
SQ:XAUUSD,2020-04-03T10:53:00+02:00,1610.570,1611.520,1610.550,1611.250,105
SQ:XAUUSD,2020-04-03T10:54:00+02:00,1611.250,1611.720,1611.030,1611.350,53
SQ:XAUUSD,2020-04-03T10:55:00+02:00,1611.240,1611.530,1611.050,1611.500,24
SQ:XAUUSD,2020-04-03T10:56:00+02:00,1611.500,1611.500,1611.210,1611.340,16
SQ:XAUUSD,2020-04-03T10:57:00+02:00,1611.340,1612.330,1611.290,1611.290,44
SQ:XAUUSD,2020-04-03T10:58:00+02:00,1611.290,1611.920,1611.240,1611.240,31
SQ:XAUUSD,2020-04-03T10:59:00+02:00,1611.290,1611.690,1611.240,1611.390,27
SQ:XAUUSD,2020-04-03T11:00:00+02:00,1611.390,1611.510,1610.670,1610.780,54
SQ:XAUUSD,2020-04-03T11:01:00+02:00,1610.780,1611.220,1610.350,1611.120,34
SQ:XAUUSD,2020-04-03T11:02:00+02:00,1611.120,1611.570,1610.730,1611.130,48
SQ:XAUUSD,2020-04-03T11:03:00+02:00,1611.150,1611.720,1611.130,1611.560,46
SQ:XAUUSD,2020-04-03T11:04:00+02:00,1611.590,1613.140,1611.590,1613.060,124
SQ:XAUUSD,2020-04-03T11:05:00+02:00,1613.000,1613.170,1612.430,1612.760,128
SQ:XAUUSD,2020-04-03T11:06:00+02:00,1612.760,1612.760,1612.110,1612.510,92
SQ:XAUUSD,2020-04-03T11:07:00+02:00,1612.380,1612.380,1611.950,1612.070,140
SQ:XAUUSD,2020-04-03T11:08:00+02:00,1612.070,1612.380,1611.920,1612.100,34
SQ:XAUUSD,2020-04-03T11:09:00+02:00,1612.100,1612.140,1611.670,1611.850,48
SQ:XAUUSD,2020-04-03T11:10:00+02:00,1611.850,1611.850,1609.110,1609.110,119
SQ:XAUUSD,2020-04-03T11:11:00+02:00,1609.110,1610.470,1608.750,1610.380,102
SQ:XAUUSD,2020-04-03T11:12:00+02:00,1610.380,1610.380,1609.330,1609.830,65
SQ:XAUUSD,2020-04-03T11:13:00+02:00,1609.830,1609.980,1607.580,1608.950,144
SQ:XAUUSD,2020-04-03T11:14:00+02:00,1608.950,1611.180,1608.570,1611.130,102
SQ:XAUUSD,2020-04-03T11:15:00+02:00,1611.660,1611.660,1610.320,1610.770,66
SQ:XAUUSD,2020-04-03T11:16:00+02:00,1610.770,1611.470,1610.770,1611.220,34
SQ:XAUUSD,2020-04-03T11:17:00+02:00,1611.220,1611.220,1610.340,1610.950,54
SQ:XAUUSD,2020-04-03T11:18:00+02:00,1610.950,1611.680,1610.710,1611.480,53
SQ:XAUUSD,2020-04-03T11:19:00+02:00,1611.480,1612.830,1611.380,1612.630,41
SQ:XAUUSD,2020-04-03T11:20:00+02:00,1612.630,1612.630,1611.790,1612.080,47
SQ:XAUUSD,2020-04-03T11:21:00+02:00,1612.080,1612.080,1611.340,1611.830,25
SQ:XAUUSD,2020-04-03T11:22:00+02:00,1611.830,1611.880,1611.030,1611.080,27
SQ:XAUUSD,2020-04-03T11:23:00+02:00,1611.130,1611.330,1610.880,1611.280,20
SQ:XAUUSD,2020-04-03T11:24:00+02:00,1611.230,1611.230,1610.480,1610.680,27
SQ:XAUUSD,2020-04-03T11:25:00+02:00,1610.580,1611.480,1610.580,1611.180,22
SQ:XAUUSD,2020-04-03T11:26:00+02:00,1611.180,1611.980,1611.180,1611.480,26
SQ:XAUUSD,2020-04-03T11:27:00+02:00,1611.480,1612.530,1611.380,1612.480,15
SQ:XAUUSD,2020-04-03T11:28:00+02:00,1612.430,1612.580,1611.890,1612.180,27
SQ:XAUUSD,2020-04-03T11:29:00+02:00,1612.180,1612.230,1611.830,1611.830,83
SQ:XAUUSD,2020-04-03T11:30:00+02:00,1611.830,1612.030,1610.590,1610.690,64
SQ:XAUUSD,2020-04-03T11:31:00+02:00,1610.590,1610.840,1610.070,1610.210,72
SQ:XAUUSD,2020-04-03T11:32:00+02:00,1610.300,1610.360,1609.660,1609.970,36
SQ:XAUUSD,2020-04-03T11:33:00+02:00,1609.950,1609.970,1609.510,1609.580,39
SQ:XAUUSD,2020-04-03T11:34:00+02:00,1609.570,1610.070,1609.410,1609.780,40
SQ:XAUUSD,2020-04-03T11:35:00+02:00,1609.780,1611.110,1609.770,1610.880,38
SQ:XAUUSD,2020-04-03T11:36:00+02:00,1610.820,1610.930,1610.520,1610.790,40
SQ:XAUUSD,2020-04-03T11:37:00+02:00,1610.790,1610.790,1610.590,1610.660,26
SQ:XAUUSD,2020-04-03T11:38:00+02:00,1610.660,1610.810,1610.170,1610.400,24
SQ:XAUUSD,2020-04-03T11:39:00+02:00,1610.400,1611.120,1610.140,1610.360,32
SQ:XAUUSD,2020-04-03T11:40:00+02:00,1610.360,1611.020,1610.330,1610.850,28
SQ:XAUUSD,2020-04-03T11:41:00+02:00,1610.930,1611.310,1610.920,1611.130,38
SQ:XAUUSD,2020-04-03T11:42:00+02:00,1611.110,1611.110,1610.720,1611.030,22
SQ:XAUUSD,2020-04-03T11:43:00+02:00,1611.040,1611.180,1610.700,1610.730,35
SQ:XAUUSD,2020-04-03T11:44:00+02:00,1610.780,1610.860,1610.550,1610.720,31
SQ:XAUUSD,2020-04-03T11:45:00+02:00,1610.720,1611.070,1610.430,1610.930,81
SQ:XAUUSD,2020-04-03T11:46:00+02:00,1610.930,1610.940,1610.650,1610.800,27
SQ:XAUUSD,2020-04-03T11:47:00+02:00,1610.800,1611.050,1610.690,1610.850,51
SQ:XAUUSD,2020-04-03T11:48:00+02:00,1610.850,1610.860,1610.180,1610.180,142
SQ:XAUUSD,2020-04-03T11:49:00+02:00,1610.180,1612.350,1610.180,1612.120,102
SQ:XAUUSD,2020-04-03T11:50:00+02:00,1612.150,1612.340,1611.560,1611.690,146
SQ:XAUUSD,2020-04-03T11:51:00+02:00,1611.680,1611.860,1611.500,1611.740,43
SQ:XAUUSD,2020-04-03T11:52:00+02:00,1611.740,1612.100,1611.660,1611.980,38
SQ:XAUUSD,2020-04-03T11:53:00+02:00,1611.710,1612.420,1611.710,1612.380,51
SQ:XAUUSD,2020-04-03T11:54:00+02:00,1612.420,1612.600,1611.290,1611.420,78
SQ:XAUUSD,2020-04-03T11:55:00+02:00,1611.420,1611.530,1611.220,1611.460,41
SQ:XAUUSD,2020-04-03T11:56:00+02:00,1611.460,1611.650,1611.150,1611.260,28
SQ:XAUUSD,2020-04-03T11:57:00+02:00,1611.260,1611.720,1610.870,1611.560,53
SQ:XAUUSD,2020-04-03T11:58:00+02:00,1611.600,1611.950,1611.270,1611.640,36
SQ:XAUUSD,2020-04-03T11:59:00+02:00,1611.640,1611.980,1611.560,1611.870,18
SQ:XAUUSD,2020-04-03T12:00:00+02:00,1611.870,1612.110,1611.520,1612.020,34
SQ:XAUUSD,2020-04-03T12:01:00+02:00,1611.950,1612.360,1611.120,1611.420,52
SQ:XAUUSD,2020-04-03T12:02:00+02:00,1611.490,1611.640,1611.420,1611.520,25
SQ:XAUUSD,2020-04-03T12:03:00+02:00,1611.480,1612.130,1611.410,1611.980,44
SQ:XAUUSD,2020-04-03T12:04:00+02:00,1611.980,1612.620,1611.940,1612.240,53
SQ:XAUUSD,2020-04-03T12:05:00+02:00,1612.200,1612.200,1611.220,1611.570,54
SQ:XAUUSD,2020-04-03T12:06:00+02:00,1611.570,1611.570,1610.850,1610.870,38
SQ:XAUUSD,2020-04-03T12:07:00+02:00,1611.140,1611.310,1610.960,1611.030,37
SQ:XAUUSD,2020-04-03T12:08:00+02:00,1611.020,1611.230,1610.520,1611.080,45
SQ:XAUUSD,2020-04-03T12:09:00+02:00,1611.080,1611.210,1610.780,1610.800,27
SQ:XAUUSD,2020-04-03T12:10:00+02:00,1610.770,1610.870,1610.590,1610.730,22
SQ:XAUUSD,2020-04-03T12:11:00+02:00,1610.730,1611.150,1609.710,1610.790,38
SQ:XAUUSD,2020-04-03T12:12:00+02:00,1610.790,1610.920,1610.400,1610.920,28
SQ:XAUUSD,2020-04-03T12:13:00+02:00,1610.920,1611.540,1610.834,1611.460,33
SQ:XAUUSD,2020-04-03T12:14:00+02:00,1611.460,1611.520,1611.380,1611.400,15
SQ:XAUUSD,2020-04-03T12:15:00+02:00,1611.400,1612.120,1611.400,1611.870,36
SQ:XAUUSD,2020-04-03T12:16:00+02:00,1611.870,1611.950,1611.310,1611.340,16
SQ:XAUUSD,2020-04-03T12:17:00+02:00,1611.340,1611.770,1611.330,1611.770,17
SQ:XAUUSD,2020-04-03T12:18:00+02:00,1611.770,1611.780,1610.820,1611.250,33
SQ:XAUUSD,2020-04-03T12:19:00+02:00,1611.250,1611.950,1611.250,1611.770,22
SQ:XAUUSD,2020-04-03T12:20:00+02:00,1611.770,1611.860,1610.680,1610.920,46
SQ:XAUUSD,2020-04-03T12:21:00+02:00,1610.920,1611.050,1610.270,1610.360,39
SQ:XAUUSD,2020-04-03T12:22:00+02:00,1610.360,1610.860,1610.340,1610.860,21
SQ:XAUUSD,2020-04-03T12:23:00+02:00,1610.860,1611.270,1610.840,1610.950,11
SQ:XAUUSD,2020-04-03T12:24:00+02:00,1610.950,1610.990,1610.850,1610.900,15
SQ:XAUUSD,2020-04-03T12:25:00+02:00,1610.900,1610.930,1610.560,1610.760,20
SQ:XAUUSD,2020-04-03T12:26:00+02:00,1610.760,1610.960,1610.520,1610.910,16
SQ:XAUUSD,2020-04-03T12:27:00+02:00,1610.910,1611.550,1610.730,1611.170,25
SQ:XAUUSD,2020-04-03T12:28:00+02:00,1611.170,1611.360,1610.760,1611.160,20
SQ:XAUUSD,2020-04-03T12:29:00+02:00,1611.160,1611.640,1611.050,1611.640,28
SQ:XAUUSD,2020-04-03T12:30:00+02:00,1611.640,1611.640,1611.310,1611.470,21
SQ:XAUUSD,2020-04-03T12:31:00+02:00,1611.470,1612.770,1611.470,1612.570,63
SQ:XAUUSD,2020-04-03T12:32:00+02:00,1612.570,1612.570,1611.210,1611.260,93
SQ:XAUUSD,2020-04-03T12:33:00+02:00,1611.260,1611.690,1611.120,1611.570,274
SQ:XAUUSD,2020-04-03T12:34:00+02:00,1611.600,1611.600,1610.740,1610.920,102
SQ:XAUUSD,2020-04-03T12:35:00+02:00,1610.960,1612.000,1610.810,1611.840,33
SQ:XAUUSD,2020-04-03T12:36:00+02:00,1611.840,1611.840,1610.990,1611.240,14
SQ:XAUUSD,2020-04-03T12:37:00+02:00,1611.240,1612.370,1611.240,1612.370,20
SQ:XAUUSD,2020-04-03T12:38:00+02:00,1612.370,1612.370,1611.430,1611.430,20
SQ:XAUUSD,2020-04-03T12:39:00+02:00,1611.430,1611.430,1610.650,1611.100,25
SQ:XAUUSD,2020-04-03T12:40:00+02:00,1611.100,1611.100,1609.780,1610.690,36
SQ:XAUUSD,2020-04-03T12:41:00+02:00,1610.690,1610.760,1610.690,1610.760,5
SQ:XAUUSD,2020-04-03T12:42:00+02:00,1610.760,1611.120,1610.250,1610.250,13
SQ:XAUUSD,2020-04-03T12:43:00+02:00,1610.250,1611.030,1610.230,1610.830,16
SQ:XAUUSD,2020-04-03T12:44:00+02:00,1610.830,1610.990,1610.010,1610.360,37
SQ:XAUUSD,2020-04-03T12:45:00+02:00,1610.360,1610.790,1609.480,1609.710,40
SQ:XAUUSD,2020-04-03T12:46:00+02:00,1610.090,1610.090,1609.680,1609.760,23
SQ:XAUUSD,2020-04-03T12:47:00+02:00,1609.750,1610.090,1609.740,1609.890,21
SQ:XAUUSD,2020-04-03T12:48:00+02:00,1609.830,1610.160,1609.770,1609.810,20
SQ:XAUUSD,2020-04-03T12:49:00+02:00,1609.730,1610.100,1609.730,1609.960,24
SQ:XAUUSD,2020-04-03T12:50:00+02:00,1609.920,1609.920,1609.640,1609.840,15
SQ:XAUUSD,2020-04-03T12:51:00+02:00,1609.810,1609.870,1609.470,1609.630,27
SQ:XAUUSD,2020-04-03T12:52:00+02:00,1609.620,1609.990,1609.580,1609.980,22
SQ:XAUUSD,2020-04-03T12:53:00+02:00,1609.940,1611.070,1609.800,1610.780,39
SQ:XAUUSD,2020-04-03T12:54:00+02:00,1610.850,1611.040,1610.500,1610.620,24
SQ:XAUUSD,2020-04-03T12:55:00+02:00,1610.580,1610.680,1610.200,1610.370,32
SQ:XAUUSD,2020-04-03T12:56:00+02:00,1610.380,1610.450,1610.250,1610.390,20
SQ:XAUUSD,2020-04-03T12:57:00+02:00,1610.300,1610.300,1609.980,1610.120,21
SQ:XAUUSD,2020-04-03T12:58:00+02:00,1610.110,1610.140,1608.760,1608.950,56
SQ:XAUUSD,2020-04-03T12:59:00+02:00,1608.830,1609.270,1607.810,1607.980,60
SQ:XAUUSD,2020-04-03T13:00:00+02:00,1607.960,1608.930,1607.960,1608.870,55
SQ:XAUUSD,2020-04-03T13:01:00+02:00,1608.910,1609.370,1608.660,1609.320,41
SQ:XAUUSD,2020-04-03T13:02:00+02:00,1609.360,1609.390,1608.866,1609.290,41
SQ:XAUUSD,2020-04-03T13:03:00+02:00,1609.290,1609.910,1609.290,1609.900,19
SQ:XAUUSD,2020-04-03T13:04:00+02:00,1609.810,1609.940,1609.650,1609.880,13
SQ:XAUUSD,2020-04-03T13:05:00+02:00,1609.920,1610.070,1609.840,1610.010,25
SQ:XAUUSD,2020-04-03T13:06:00+02:00,1610.010,1610.390,1610.010,1610.390,8
SQ:XAUUSD,2020-04-03T13:07:00+02:00,1610.410,1610.450,1610.180,1610.400,16
SQ:XAUUSD,2020-04-03T13:08:00+02:00,1610.410,1610.660,1609.990,1610.660,19
SQ:XAUUSD,2020-04-03T13:09:00+02:00,1610.660,1610.660,1610.420,1610.610,16
SQ:XAUUSD,2020-04-03T13:10:00+02:00,1610.560,1610.770,1610.540,1610.760,11
SQ:XAUUSD,2020-04-03T13:11:00+02:00,1610.760,1611.650,1610.760,1611.470,43
SQ:XAUUSD,2020-04-03T13:12:00+02:00,1611.490,1611.710,1611.490,1611.640,29
SQ:XAUUSD,2020-04-03T13:13:00+02:00,1611.640,1612.020,1611.640,1611.970,38
SQ:XAUUSD,2020-04-03T13:14:00+02:00,1611.980,1612.330,1611.750,1611.970,39
SQ:XAUUSD,2020-04-03T13:15:00+02:00,1611.990,1612.190,1611.580,1611.940,47
SQ:XAUUSD,2020-04-03T13:16:00+02:00,1611.940,1612.270,1611.500,1611.500,31
SQ:XAUUSD,2020-04-03T13:17:00+02:00,1611.530,1611.822,1611.166,1611.166,33
SQ:XAUUSD,2020-04-03T13:18:00+02:00,1611.100,1611.150,1610.960,1611.070,21
SQ:XAUUSD,2020-04-03T13:19:00+02:00,1611.090,1611.170,1610.510,1611.120,42
SQ:XAUUSD,2020-04-03T13:20:00+02:00,1611.110,1611.150,1610.430,1610.530,23
SQ:XAUUSD,2020-04-03T13:21:00+02:00,1610.440,1610.440,1609.430,1609.570,42
SQ:XAUUSD,2020-04-03T13:22:00+02:00,1609.610,1610.290,1609.440,1610.220,31
SQ:XAUUSD,2020-04-03T13:23:00+02:00,1610.210,1610.310,1609.850,1610.310,23
SQ:XAUUSD,2020-04-03T13:24:00+02:00,1610.310,1610.560,1610.310,1610.540,19
SQ:XAUUSD,2020-04-03T13:25:00+02:00,1610.480,1611.360,1610.380,1611.030,46
SQ:XAUUSD,2020-04-03T13:26:00+02:00,1611.050,1611.050,1610.660,1610.660,33
SQ:XAUUSD,2020-04-03T13:27:00+02:00,1610.850,1611.400,1610.790,1611.160,27
SQ:XAUUSD,2020-04-03T13:28:00+02:00,1611.130,1611.420,1611.110,1611.270,18
SQ:XAUUSD,2020-04-03T13:29:00+02:00,1611.260,1611.470,1610.980,1611.470,27
SQ:XAUUSD,2020-04-03T13:30:00+02:00,1611.470,1612.720,1611.470,1612.240,82
SQ:XAUUSD,2020-04-03T13:31:00+02:00,1612.240,1613.300,1612.140,1612.470,115
SQ:XAUUSD,2020-04-03T13:32:00+02:00,1612.510,1612.860,1612.350,1612.550,50
SQ:XAUUSD,2020-04-03T13:33:00+02:00,1612.550,1613.030,1612.320,1613.030,49
SQ:XAUUSD,2020-04-03T13:34:00+02:00,1612.980,1613.230,1612.540,1612.620,62
SQ:XAUUSD,2020-04-03T13:35:00+02:00,1612.500,1613.560,1612.350,1613.020,71
SQ:XAUUSD,2020-04-03T13:36:00+02:00,1613.020,1613.690,1612.910,1613.650,61
SQ:XAUUSD,2020-04-03T13:37:00+02:00,1613.750,1613.810,1613.440,1613.770,44
SQ:XAUUSD,2020-04-03T13:38:00+02:00,1613.740,1613.950,1613.450,1613.450,42
SQ:XAUUSD,2020-04-03T13:39:00+02:00,1613.450,1614.070,1613.450,1613.880,43
SQ:XAUUSD,2020-04-03T13:40:00+02:00,1613.880,1613.930,1612.960,1613.370,42
SQ:XAUUSD,2020-04-03T13:41:00+02:00,1613.310,1613.360,1613.090,1613.090,30
SQ:XAUUSD,2020-04-03T13:42:00+02:00,1613.090,1613.460,1612.980,1613.080,31
SQ:XAUUSD,2020-04-03T13:43:00+02:00,1613.070,1613.520,1612.990,1613.130,38
SQ:XAUUSD,2020-04-03T13:44:00+02:00,1613.130,1613.350,1612.980,1613.010,22
SQ:XAUUSD,2020-04-03T13:45:00+02:00,1613.010,1613.040,1612.300,1612.550,62
SQ:XAUUSD,2020-04-03T13:46:00+02:00,1612.550,1613.440,1612.550,1613.410,42
SQ:XAUUSD,2020-04-03T13:47:00+02:00,1613.410,1614.310,1613.270,1614.290,55
SQ:XAUUSD,2020-04-03T13:48:00+02:00,1614.310,1614.330,1613.720,1614.010,41
SQ:XAUUSD,2020-04-03T13:49:00+02:00,1614.010,1614.810,1614.010,1614.630,126
SQ:XAUUSD,2020-04-03T13:50:00+02:00,1614.550,1616.230,1614.470,1616.080,93
SQ:XAUUSD,2020-04-03T13:51:00+02:00,1616.080,1617.080,1615.830,1615.970,126
SQ:XAUUSD,2020-04-03T13:52:00+02:00,1615.970,1617.300,1615.970,1617.280,79
SQ:XAUUSD,2020-04-03T13:53:00+02:00,1617.210,1620.430,1616.530,1618.530,224
SQ:XAUUSD,2020-04-03T13:54:00+02:00,1618.530,1619.930,1616.990,1619.380,106
SQ:XAUUSD,2020-04-03T13:55:00+02:00,1619.430,1619.930,1616.930,1619.170,138
SQ:XAUUSD,2020-04-03T13:56:00+02:00,1619.270,1619.680,1618.030,1618.180,108
SQ:XAUUSD,2020-04-03T13:57:00+02:00,1618.180,1618.330,1617.420,1617.830,91
SQ:XAUUSD,2020-04-03T13:58:00+02:00,1617.830,1618.500,1617.660,1618.500,83
SQ:XAUUSD,2020-04-03T13:59:00+02:00,1618.440,1620.440,1617.940,1619.130,109
SQ:XAUUSD,2020-04-03T14:00:00+02:00,1619.210,1620.490,1618.040,1618.310,175
SQ:XAUUSD,2020-04-03T14:01:00+02:00,1618.350,1618.370,1616.710,1617.520,141
SQ:XAUUSD,2020-04-03T14:02:00+02:00,1617.620,1617.620,1616.210,1616.210,58
SQ:XAUUSD,2020-04-03T14:03:00+02:00,1616.280,1616.860,1616.170,1616.300,69
SQ:XAUUSD,2020-04-03T14:04:00+02:00,1616.550,1617.020,1616.220,1616.490,71
SQ:XAUUSD,2020-04-03T14:05:00+02:00,1616.490,1616.590,1615.920,1616.030,48
SQ:XAUUSD,2020-04-03T14:06:00+02:00,1616.050,1617.390,1614.910,1615.050,99
SQ:XAUUSD,2020-04-03T14:07:00+02:00,1614.960,1616.740,1614.450,1615.270,98
SQ:XAUUSD,2020-04-03T14:08:00+02:00,1615.270,1615.700,1614.630,1614.660,50
SQ:XAUUSD,2020-04-03T14:09:00+02:00,1614.660,1615.090,1614.480,1614.710,63
SQ:XAUUSD,2020-04-03T14:10:00+02:00,1614.590,1616.990,1614.380,1614.660,57
SQ:XAUUSD,2020-04-03T14:11:00+02:00,1616.990,1616.990,1613.740,1614.460,39
SQ:XAUUSD,2020-04-03T14:12:00+02:00,1614.460,1617.290,1614.140,1617.190,63
SQ:XAUUSD,2020-04-03T14:13:00+02:00,1617.190,1619.390,1614.210,1616.220,93
SQ:XAUUSD,2020-04-03T14:14:00+02:00,1619.090,1619.740,1614.110,1616.840,121
SQ:XAUUSD,2020-04-03T14:15:00+02:00,1616.890,1617.640,1614.190,1615.250,69
SQ:XAUUSD,2020-04-03T14:16:00+02:00,1615.250,1617.690,1612.490,1612.980,122
SQ:XAUUSD,2020-04-03T14:17:00+02:00,1612.980,1613.180,1612.210,1612.770,112
SQ:XAUUSD,2020-04-03T14:18:00+02:00,1613.100,1614.040,1612.830,1613.490,61
SQ:XAUUSD,2020-04-03T14:19:00+02:00,1613.490,1614.500,1613.300,1613.540,61
SQ:XAUUSD,2020-04-03T14:20:00+02:00,1613.520,1615.850,1613.500,1615.800,165
SQ:XAUUSD,2020-04-03T14:21:00+02:00,1615.770,1615.960,1615.280,1615.480,70
SQ:XAUUSD,2020-04-03T14:22:00+02:00,1615.480,1615.850,1614.940,1615.070,75
SQ:XAUUSD,2020-04-03T14:23:00+02:00,1615.090,1615.780,1614.960,1615.300,84
SQ:XAUUSD,2020-04-03T14:24:00+02:00,1615.360,1615.720,1614.890,1615.330,134
SQ:XAUUSD,2020-04-03T14:25:00+02:00,1615.290,1616.000,1614.820,1615.670,104
SQ:XAUUSD,2020-04-03T14:26:00+02:00,1615.670,1615.670,1614.640,1614.860,72
SQ:XAUUSD,2020-04-03T14:27:00+02:00,1614.960,1617.860,1614.470,1614.620,124
SQ:XAUUSD,2020-04-03T14:28:00+02:00,1614.620,1616.260,1614.620,1616.180,106
SQ:XAUUSD,2020-04-03T14:29:00+02:00,1616.180,1617.010,1615.150,1615.330,82
SQ:XAUUSD,2020-04-03T14:30:00+02:00,1615.340,1620.660,1615.340,1616.810,438
SQ:XAUUSD,2020-04-03T14:31:00+02:00,1616.780,1617.370,1611.200,1612.990,258
SQ:XAUUSD,2020-04-03T14:32:00+02:00,1612.990,1617.800,1611.250,1617.390,329
SQ:XAUUSD,2020-04-03T14:33:00+02:00,1617.270,1619.830,1615.520,1617.350,327
SQ:XAUUSD,2020-04-03T14:34:00+02:00,1617.270,1617.810,1616.520,1617.080,158
SQ:XAUUSD,2020-04-03T14:35:00+02:00,1617.080,1617.420,1616.500,1616.850,120
SQ:XAUUSD,2020-04-03T14:36:00+02:00,1616.890,1619.460,1616.790,1619.020,282
SQ:XAUUSD,2020-04-03T14:37:00+02:00,1619.020,1619.500,1618.740,1619.150,179
SQ:XAUUSD,2020-04-03T14:38:00+02:00,1619.210,1619.420,1617.020,1618.690,202
SQ:XAUUSD,2020-04-03T14:39:00+02:00,1618.690,1619.480,1616.620,1617.090,170
SQ:XAUUSD,2020-04-03T14:40:00+02:00,1617.010,1617.660,1615.820,1617.660,144
SQ:XAUUSD,2020-04-03T14:41:00+02:00,1617.660,1618.220,1617.120,1617.720,120
SQ:XAUUSD,2020-04-03T14:42:00+02:00,1617.760,1618.500,1617.680,1618.010,145
SQ:XAUUSD,2020-04-03T14:43:00+02:00,1618.010,1618.270,1614.580,1615.120,216
SQ:XAUUSD,2020-04-03T14:44:00+02:00,1615.200,1615.540,1614.650,1615.340,250
SQ:XAUUSD,2020-04-03T14:45:00+02:00,1615.250,1616.260,1614.750,1616.160,233
SQ:XAUUSD,2020-04-03T14:46:00+02:00,1616.210,1617.030,1616.040,1616.440,143
SQ:XAUUSD,2020-04-03T14:47:00+02:00,1616.440,1617.670,1616.150,1616.760,185
SQ:XAUUSD,2020-04-03T14:48:00+02:00,1616.750,1617.000,1615.740,1616.320,153
SQ:XAUUSD,2020-04-03T14:49:00+02:00,1616.330,1616.730,1615.160,1615.370,156
SQ:XAUUSD,2020-04-03T14:50:00+02:00,1615.340,1615.360,1612.440,1612.900,281
SQ:XAUUSD,2020-04-03T14:51:00+02:00,1612.900,1613.780,1612.520,1612.530,255
SQ:XAUUSD,2020-04-03T14:52:00+02:00,1612.570,1613.260,1612.560,1613.060,107
SQ:XAUUSD,2020-04-03T14:53:00+02:00,1613.060,1613.620,1613.010,1613.120,143
SQ:XAUUSD,2020-04-03T14:54:00+02:00,1613.120,1613.370,1611.240,1611.460,155
SQ:XAUUSD,2020-04-03T14:55:00+02:00,1611.540,1611.580,1609.390,1610.090,227
SQ:XAUUSD,2020-04-03T14:56:00+02:00,1609.970,1610.050,1605.390,1606.820,329
SQ:XAUUSD,2020-04-03T14:57:00+02:00,1606.820,1607.650,1605.600,1606.620,107
SQ:XAUUSD,2020-04-03T14:58:00+02:00,1607.250,1608.990,1607.250,1608.540,148
SQ:XAUUSD,2020-04-03T14:59:00+02:00,1608.670,1609.660,1608.380,1608.930,150
SQ:XAUUSD,2020-04-03T15:00:00+02:00,1608.930,1611.050,1608.880,1611.020,190
SQ:XAUUSD,2020-04-03T15:01:00+02:00,1611.020,1611.530,1610.900,1611.120,159
SQ:XAUUSD,2020-04-03T15:02:00+02:00,1611.120,1611.410,1610.380,1611.350,203
SQ:XAUUSD,2020-04-03T15:03:00+02:00,1611.350,1611.600,1611.020,1611.410,80
SQ:XAUUSD,2020-04-03T15:04:00+02:00,1611.410,1611.930,1611.290,1611.630,92
SQ:XAUUSD,2020-04-03T15:05:00+02:00,1611.630,1612.940,1611.490,1612.770,83
SQ:XAUUSD,2020-04-03T15:06:00+02:00,1612.770,1612.770,1610.480,1611.670,119
SQ:XAUUSD,2020-04-03T15:07:00+02:00,1611.730,1612.140,1611.320,1611.690,148
SQ:XAUUSD,2020-04-03T15:08:00+02:00,1611.690,1612.120,1611.450,1611.870,134
SQ:XAUUSD,2020-04-03T15:09:00+02:00,1611.840,1613.250,1611.740,1612.890,121
SQ:XAUUSD,2020-04-03T15:10:00+02:00,1612.890,1613.640,1612.810,1613.590,80
SQ:XAUUSD,2020-04-03T15:11:00+02:00,1613.590,1614.610,1613.420,1614.140,112
SQ:XAUUSD,2020-04-03T15:12:00+02:00,1614.140,1614.630,1613.990,1614.480,100
SQ:XAUUSD,2020-04-03T15:13:00+02:00,1614.480,1614.670,1614.150,1614.230,46
SQ:XAUUSD,2020-04-03T15:14:00+02:00,1614.230,1614.230,1612.410,1612.570,119
SQ:XAUUSD,2020-04-03T15:15:00+02:00,1612.460,1612.980,1611.660,1611.760,65
SQ:XAUUSD,2020-04-03T15:16:00+02:00,1611.760,1612.910,1611.460,1612.740,84
SQ:XAUUSD,2020-04-03T15:17:00+02:00,1612.740,1613.280,1612.030,1612.270,118
SQ:XAUUSD,2020-04-03T15:18:00+02:00,1612.270,1613.330,1611.770,1612.780,115
SQ:XAUUSD,2020-04-03T15:19:00+02:00,1612.830,1613.160,1612.550,1612.800,119
SQ:XAUUSD,2020-04-03T15:20:00+02:00,1612.800,1614.010,1612.750,1613.450,94
SQ:XAUUSD,2020-04-03T15:21:00+02:00,1613.450,1613.640,1612.500,1612.760,75
SQ:XAUUSD,2020-04-03T15:22:00+02:00,1612.760,1612.760,1611.460,1612.480,79
SQ:XAUUSD,2020-04-03T15:23:00+02:00,1612.350,1613.330,1612.020,1612.910,66
SQ:XAUUSD,2020-04-03T15:24:00+02:00,1612.910,1613.470,1612.860,1613.200,51
SQ:XAUUSD,2020-04-03T15:25:00+02:00,1613.200,1613.680,1613.200,1613.270,38
SQ:XAUUSD,2020-04-03T15:26:00+02:00,1613.390,1614.570,1613.390,1614.310,55
SQ:XAUUSD,2020-04-03T15:27:00+02:00,1614.310,1615.290,1614.310,1614.900,48
SQ:XAUUSD,2020-04-03T15:28:00+02:00,1614.900,1616.010,1614.850,1615.920,50
SQ:XAUUSD,2020-04-03T15:29:00+02:00,1615.920,1616.660,1615.500,1616.590,80
SQ:XAUUSD,2020-04-03T15:30:00+02:00,1616.590,1617.770,1615.850,1616.280,182
SQ:XAUUSD,2020-04-03T15:31:00+02:00,1616.280,1616.630,1615.970,1616.190,87
SQ:XAUUSD,2020-04-03T15:32:00+02:00,1616.190,1618.120,1615.820,1618.120,209
SQ:XAUUSD,2020-04-03T15:33:00+02:00,1618.120,1618.320,1616.990,1618.320,179
SQ:XAUUSD,2020-04-03T15:34:00+02:00,1618.360,1619.520,1618.220,1618.890,258
SQ:XAUUSD,2020-04-03T15:35:00+02:00,1619.010,1619.010,1617.990,1618.180,187
SQ:XAUUSD,2020-04-03T15:36:00+02:00,1618.240,1618.810,1617.950,1617.980,125
SQ:XAUUSD,2020-04-03T15:37:00+02:00,1618.110,1618.680,1618.090,1618.190,83
SQ:XAUUSD,2020-04-03T15:38:00+02:00,1618.190,1618.270,1616.820,1617.150,153
SQ:XAUUSD,2020-04-03T15:39:00+02:00,1617.150,1617.710,1616.970,1617.690,165
SQ:XAUUSD,2020-04-03T15:40:00+02:00,1617.690,1617.760,1616.650,1617.030,135
SQ:XAUUSD,2020-04-03T15:41:00+02:00,1616.980,1617.670,1616.720,1616.880,149
SQ:XAUUSD,2020-04-03T15:42:00+02:00,1616.880,1617.100,1615.090,1616.240,265
SQ:XAUUSD,2020-04-03T15:43:00+02:00,1616.240,1617.110,1615.930,1616.280,231
SQ:XAUUSD,2020-04-03T15:44:00+02:00,1616.160,1616.280,1614.980,1615.230,228
SQ:XAUUSD,2020-04-03T15:45:00+02:00,1615.230,1615.270,1614.010,1614.550,213
SQ:XAUUSD,2020-04-03T15:46:00+02:00,1614.550,1616.390,1614.310,1615.790,135
SQ:XAUUSD,2020-04-03T15:47:00+02:00,1615.910,1616.270,1615.430,1615.700,60
SQ:XAUUSD,2020-04-03T15:48:00+02:00,1615.790,1615.940,1615.310,1615.470,78
SQ:XAUUSD,2020-04-03T15:49:00+02:00,1615.470,1615.520,1614.700,1615.250,145
SQ:XAUUSD,2020-04-03T15:50:00+02:00,1615.250,1615.450,1614.420,1615.260,63
SQ:XAUUSD,2020-04-03T15:51:00+02:00,1615.260,1615.280,1614.360,1614.610,75
SQ:XAUUSD,2020-04-03T15:52:00+02:00,1614.610,1614.680,1613.400,1614.130,148
SQ:XAUUSD,2020-04-03T15:53:00+02:00,1614.090,1614.160,1612.430,1612.820,223
SQ:XAUUSD,2020-04-03T15:54:00+02:00,1612.820,1614.830,1612.650,1614.010,262
SQ:XAUUSD,2020-04-03T15:55:00+02:00,1613.930,1614.216,1613.250,1613.630,101
SQ:XAUUSD,2020-04-03T15:56:00+02:00,1613.680,1616.030,1613.680,1615.380,92
SQ:XAUUSD,2020-04-03T15:57:00+02:00,1615.380,1615.520,1613.960,1614.530,139
SQ:XAUUSD,2020-04-03T15:58:00+02:00,1614.470,1614.470,1613.920,1614.050,58
SQ:XAUUSD,2020-04-03T15:59:00+02:00,1614.050,1614.600,1612.640,1613.480,213
SQ:XAUUSD,2020-04-03T16:00:00+02:00,1613.500,1614.830,1612.720,1613.560,198
SQ:XAUUSD,2020-04-03T16:01:00+02:00,1613.520,1614.840,1613.040,1614.410,102
SQ:XAUUSD,2020-04-03T16:02:00+02:00,1614.460,1614.900,1613.060,1613.690,114
SQ:XAUUSD,2020-04-03T16:03:00+02:00,1613.690,1614.820,1613.550,1614.050,107
SQ:XAUUSD,2020-04-03T16:04:00+02:00,1614.130,1614.780,1613.960,1614.080,74
SQ:XAUUSD,2020-04-03T16:05:00+02:00,1614.080,1614.130,1613.140,1613.160,79
SQ:XAUUSD,2020-04-03T16:06:00+02:00,1613.230,1613.400,1612.220,1613.040,101
SQ:XAUUSD,2020-04-03T16:07:00+02:00,1612.980,1614.170,1612.680,1614.030,61
SQ:XAUUSD,2020-04-03T16:08:00+02:00,1614.030,1614.350,1613.540,1613.730,54
SQ:XAUUSD,2020-04-03T16:09:00+02:00,1613.730,1614.800,1613.730,1614.330,77
SQ:XAUUSD,2020-04-03T16:10:00+02:00,1614.330,1614.380,1612.990,1613.220,72
SQ:XAUUSD,2020-04-03T16:11:00+02:00,1613.220,1613.440,1612.280,1612.590,66
SQ:XAUUSD,2020-04-03T16:12:00+02:00,1612.590,1613.530,1612.370,1612.860,59
SQ:XAUUSD,2020-04-03T16:13:00+02:00,1612.860,1613.650,1612.860,1613.610,45
SQ:XAUUSD,2020-04-03T16:14:00+02:00,1613.610,1613.830,1612.990,1613.160,54
SQ:XAUUSD,2020-04-03T16:15:00+02:00,1613.160,1613.510,1611.940,1613.510,118
SQ:XAUUSD,2020-04-03T16:16:00+02:00,1613.410,1613.730,1612.210,1612.340,91
SQ:XAUUSD,2020-04-03T16:17:00+02:00,1612.340,1613.350,1611.900,1613.330,104
SQ:XAUUSD,2020-04-03T16:18:00+02:00,1613.330,1613.980,1612.130,1612.260,162
SQ:XAUUSD,2020-04-03T16:19:00+02:00,1612.310,1612.660,1611.620,1612.470,90
SQ:XAUUSD,2020-04-03T16:20:00+02:00,1612.470,1614.450,1612.470,1614.260,203
SQ:XAUUSD,2020-04-03T16:21:00+02:00,1614.180,1614.190,1613.380,1613.440,83
SQ:XAUUSD,2020-04-03T16:22:00+02:00,1613.440,1615.070,1613.240,1614.930,126
SQ:XAUUSD,2020-04-03T16:23:00+02:00,1614.910,1615.400,1614.610,1615.130,92
SQ:XAUUSD,2020-04-03T16:24:00+02:00,1615.240,1615.890,1615.000,1615.620,86
SQ:XAUUSD,2020-04-03T16:25:00+02:00,1615.600,1616.650,1615.460,1616.180,151
SQ:XAUUSD,2020-04-03T16:26:00+02:00,1616.220,1617.110,1615.750,1616.920,105
SQ:XAUUSD,2020-04-03T16:27:00+02:00,1616.940,1617.560,1616.480,1617.140,97
SQ:XAUUSD,2020-04-03T16:28:00+02:00,1617.010,1617.390,1616.720,1616.820,80
SQ:XAUUSD,2020-04-03T16:29:00+02:00,1616.820,1616.980,1615.060,1615.320,126
SQ:XAUUSD,2020-04-03T16:30:00+02:00,1615.400,1616.030,1615.340,1615.800,65
SQ:XAUUSD,2020-04-03T16:31:00+02:00,1615.800,1616.230,1614.320,1614.750,124
SQ:XAUUSD,2020-04-03T16:32:00+02:00,1614.750,1615.310,1614.570,1614.990,69
SQ:XAUUSD,2020-04-03T16:33:00+02:00,1614.990,1615.750,1614.840,1615.690,76
SQ:XAUUSD,2020-04-03T16:34:00+02:00,1615.630,1616.070,1615.600,1616.050,90
SQ:XAUUSD,2020-04-03T16:35:00+02:00,1616.040,1616.970,1615.920,1616.760,96
SQ:XAUUSD,2020-04-03T16:36:00+02:00,1616.760,1617.320,1616.730,1617.100,137
SQ:XAUUSD,2020-04-03T16:37:00+02:00,1617.100,1617.210,1614.490,1615.300,109
SQ:XAUUSD,2020-04-03T16:38:00+02:00,1615.300,1615.670,1615.240,1615.440,81
SQ:XAUUSD,2020-04-03T16:39:00+02:00,1615.440,1615.440,1614.320,1614.680,139
SQ:XAUUSD,2020-04-03T16:40:00+02:00,1614.680,1615.350,1614.680,1614.910,51
SQ:XAUUSD,2020-04-03T16:41:00+02:00,1614.910,1615.870,1614.550,1615.850,61
SQ:XAUUSD,2020-04-03T16:42:00+02:00,1615.950,1616.920,1615.950,1616.920,68
SQ:XAUUSD,2020-04-03T16:43:00+02:00,1616.920,1617.630,1616.490,1617.600,105
SQ:XAUUSD,2020-04-03T16:44:00+02:00,1617.600,1618.080,1616.760,1618.080,132
SQ:XAUUSD,2020-04-03T16:45:00+02:00,1618.100,1618.180,1616.880,1617.040,99
SQ:XAUUSD,2020-04-03T16:46:00+02:00,1617.040,1618.000,1616.580,1617.220,71
SQ:XAUUSD,2020-04-03T16:47:00+02:00,1617.220,1618.050,1616.920,1618.050,55
SQ:XAUUSD,2020-04-03T16:48:00+02:00,1618.010,1618.240,1617.630,1618.080,61
SQ:XAUUSD,2020-04-03T16:49:00+02:00,1618.080,1619.180,1618.080,1618.740,115
SQ:XAUUSD,2020-04-03T16:50:00+02:00,1618.740,1618.780,1617.690,1618.140,109
SQ:XAUUSD,2020-04-03T16:51:00+02:00,1618.140,1618.500,1617.280,1617.690,94
SQ:XAUUSD,2020-04-03T16:52:00+02:00,1617.750,1618.290,1617.580,1618.060,64
SQ:XAUUSD,2020-04-03T16:53:00+02:00,1618.060,1618.170,1617.510,1617.960,85
SQ:XAUUSD,2020-04-03T16:54:00+02:00,1618.010,1618.050,1616.870,1617.020,66
SQ:XAUUSD,2020-04-03T16:55:00+02:00,1617.020,1617.950,1617.020,1617.950,81
SQ:XAUUSD,2020-04-03T16:56:00+02:00,1617.950,1619.480,1617.940,1619.300,104
SQ:XAUUSD,2020-04-03T16:57:00+02:00,1619.300,1620.190,1618.810,1620.090,202
SQ:XAUUSD,2020-04-03T16:58:00+02:00,1620.090,1620.700,1619.150,1620.030,214
SQ:XAUUSD,2020-04-03T16:59:00+02:00,1619.990,1620.180,1618.230,1618.300,162
SQ:XAUUSD,2020-04-03T17:00:00+02:00,1618.210,1618.820,1617.840,1618.240,100
SQ:XAUUSD,2020-04-03T17:01:00+02:00,1618.190,1618.380,1616.220,1616.270,111
SQ:XAUUSD,2020-04-03T17:02:00+02:00,1616.270,1617.230,1616.030,1616.350,101
SQ:XAUUSD,2020-04-03T17:03:00+02:00,1616.350,1616.790,1616.080,1616.790,53
SQ:XAUUSD,2020-04-03T17:04:00+02:00,1616.790,1617.150,1614.600,1614.920,100
SQ:XAUUSD,2020-04-03T17:05:00+02:00,1614.920,1615.800,1614.920,1615.410,71
SQ:XAUUSD,2020-04-03T17:06:00+02:00,1615.410,1616.180,1615.360,1615.750,66
SQ:XAUUSD,2020-04-03T17:07:00+02:00,1615.750,1615.800,1614.350,1614.830,98
SQ:XAUUSD,2020-04-03T17:08:00+02:00,1614.780,1615.580,1614.350,1614.410,80
SQ:XAUUSD,2020-04-03T17:09:00+02:00,1614.410,1616.270,1614.340,1615.750,97
SQ:XAUUSD,2020-04-03T17:10:00+02:00,1615.750,1616.340,1615.480,1616.140,119
SQ:XAUUSD,2020-04-03T17:11:00+02:00,1616.140,1617.340,1616.110,1617.190,89
SQ:XAUUSD,2020-04-03T17:12:00+02:00,1617.190,1617.190,1616.460,1616.660,147
SQ:XAUUSD,2020-04-03T17:13:00+02:00,1616.660,1617.100,1616.510,1616.910,136
SQ:XAUUSD,2020-04-03T17:14:00+02:00,1616.910,1618.380,1616.910,1618.000,147
SQ:XAUUSD,2020-04-03T17:15:00+02:00,1618.030,1619.240,1617.930,1618.520,186
SQ:XAUUSD,2020-04-03T17:16:00+02:00,1618.520,1619.380,1618.520,1619.270,89
SQ:XAUUSD,2020-04-03T17:17:00+02:00,1618.950,1619.690,1618.810,1619.370,89
SQ:XAUUSD,2020-04-03T17:18:00+02:00,1619.370,1620.350,1619.250,1619.380,108
SQ:XAUUSD,2020-04-03T17:19:00+02:00,1619.390,1619.830,1618.330,1618.620,95
SQ:XAUUSD,2020-04-03T17:20:00+02:00,1618.620,1619.850,1618.230,1618.370,84
SQ:XAUUSD,2020-04-03T17:21:00+02:00,1618.330,1618.330,1616.020,1616.230,136
SQ:XAUUSD,2020-04-03T17:22:00+02:00,1616.230,1616.850,1615.730,1615.770,79
SQ:XAUUSD,2020-04-03T17:23:00+02:00,1615.800,1615.980,1614.410,1614.800,160
SQ:XAUUSD,2020-04-03T17:24:00+02:00,1614.850,1615.030,1613.440,1613.590,164
SQ:XAUUSD,2020-04-03T17:25:00+02:00,1613.590,1614.530,1613.150,1613.700,181
SQ:XAUUSD,2020-04-03T17:26:00+02:00,1613.780,1614.800,1613.700,1614.800,93
SQ:XAUUSD,2020-04-03T17:27:00+02:00,1614.800,1615.490,1614.670,1615.230,88
SQ:XAUUSD,2020-04-03T17:28:00+02:00,1615.230,1615.390,1614.630,1615.060,76
SQ:XAUUSD,2020-04-03T17:29:00+02:00,1614.910,1614.920,1613.850,1614.150,83
SQ:XAUUSD,2020-04-03T17:30:00+02:00,1614.150,1614.570,1613.620,1614.200,69
SQ:XAUUSD,2020-04-03T17:31:00+02:00,1614.110,1614.380,1613.840,1613.970,44
SQ:XAUUSD,2020-04-03T17:32:00+02:00,1613.970,1615.190,1613.940,1615.060,64
SQ:XAUUSD,2020-04-03T17:33:00+02:00,1615.060,1615.060,1614.140,1614.280,81
SQ:XAUUSD,2020-04-03T17:34:00+02:00,1614.280,1614.640,1614.180,1614.540,65
SQ:XAUUSD,2020-04-03T17:35:00+02:00,1614.660,1614.720,1613.940,1614.160,173
SQ:XAUUSD,2020-04-03T17:36:00+02:00,1614.160,1614.390,1613.270,1614.070,121
SQ:XAUUSD,2020-04-03T17:37:00+02:00,1613.990,1615.020,1613.940,1614.790,85
SQ:XAUUSD,2020-04-03T17:38:00+02:00,1614.830,1614.990,1614.190,1614.550,90
SQ:XAUUSD,2020-04-03T17:39:00+02:00,1614.510,1614.870,1614.240,1614.730,101
SQ:XAUUSD,2020-04-03T17:40:00+02:00,1614.720,1614.720,1614.170,1614.280,70
SQ:XAUUSD,2020-04-03T17:41:00+02:00,1614.320,1614.410,1613.240,1613.570,137
SQ:XAUUSD,2020-04-03T17:42:00+02:00,1613.650,1614.060,1613.510,1613.810,103
SQ:XAUUSD,2020-04-03T17:43:00+02:00,1613.780,1614.260,1613.350,1613.750,110
SQ:XAUUSD,2020-04-03T17:44:00+02:00,1613.780,1614.300,1612.460,1612.650,120
SQ:XAUUSD,2020-04-03T17:45:00+02:00,1612.610,1612.890,1611.290,1611.370,180
SQ:XAUUSD,2020-04-03T17:46:00+02:00,1611.370,1611.750,1610.540,1610.590,125
SQ:XAUUSD,2020-04-03T17:47:00+02:00,1610.590,1611.720,1610.170,1611.410,142
SQ:XAUUSD,2020-04-03T17:48:00+02:00,1611.410,1612.850,1611.410,1612.510,113
SQ:XAUUSD,2020-04-03T17:49:00+02:00,1612.540,1613.910,1612.480,1613.520,127
SQ:XAUUSD,2020-04-03T17:50:00+02:00,1613.520,1613.630,1612.400,1612.720,73
SQ:XAUUSD,2020-04-03T17:51:00+02:00,1612.720,1613.280,1612.580,1613.190,84
SQ:XAUUSD,2020-04-03T17:52:00+02:00,1613.180,1613.760,1612.870,1613.710,65
SQ:XAUUSD,2020-04-03T17:53:00+02:00,1613.760,1614.940,1613.660,1614.380,120
SQ:XAUUSD,2020-04-03T17:54:00+02:00,1614.450,1614.710,1613.690,1613.690,126
SQ:XAUUSD,2020-04-03T17:55:00+02:00,1613.670,1615.080,1613.670,1614.980,101
SQ:XAUUSD,2020-04-03T17:56:00+02:00,1615.030,1615.570,1614.670,1614.970,165
SQ:XAUUSD,2020-04-03T17:57:00+02:00,1614.980,1615.200,1614.380,1615.080,76
SQ:XAUUSD,2020-04-03T17:58:00+02:00,1615.040,1615.220,1614.900,1615.010,86
SQ:XAUUSD,2020-04-03T17:59:00+02:00,1614.980,1615.180,1614.190,1615.040,68
SQ:XAUUSD,2020-04-03T18:00:00+02:00,1615.040,1615.980,1614.570,1615.920,64
SQ:XAUUSD,2020-04-03T18:01:00+02:00,1615.920,1616.950,1615.870,1616.410,133
SQ:XAUUSD,2020-04-03T18:02:00+02:00,1616.410,1616.580,1616.100,1616.550,67
SQ:XAUUSD,2020-04-03T18:03:00+02:00,1616.520,1616.520,1616.280,1616.390,59
SQ:XAUUSD,2020-04-03T18:04:00+02:00,1616.370,1617.380,1616.290,1616.300,94
SQ:XAUUSD,2020-04-03T18:05:00+02:00,1616.290,1616.670,1615.470,1615.470,95
SQ:XAUUSD,2020-04-03T18:06:00+02:00,1615.510,1615.680,1615.380,1615.470,55
SQ:XAUUSD,2020-04-03T18:07:00+02:00,1615.450,1615.520,1614.330,1614.550,82
SQ:XAUUSD,2020-04-03T18:08:00+02:00,1614.600,1614.650,1614.200,1614.310,57
SQ:XAUUSD,2020-04-03T18:09:00+02:00,1614.310,1615.770,1614.310,1615.440,60
SQ:XAUUSD,2020-04-03T18:10:00+02:00,1615.460,1616.220,1615.230,1616.030,56
SQ:XAUUSD,2020-04-03T18:13:00+02:00,1615.630,1615.850,1615.330,1615.690,112
SQ:XAUUSD,2020-04-03T18:14:00+02:00,1615.690,1617.130,1615.590,1617.060,102
SQ:XAUUSD,2020-04-03T18:15:00+02:00,1617.100,1617.700,1616.910,1617.620,112
SQ:XAUUSD,2020-04-03T18:16:00+02:00,1617.670,1617.720,1616.180,1616.340,122
SQ:XAUUSD,2020-04-03T18:17:00+02:00,1616.280,1617.020,1616.280,1616.600,88
SQ:XAUUSD,2020-04-03T18:18:00+02:00,1616.600,1616.830,1616.300,1616.750,73
SQ:XAUUSD,2020-04-03T18:19:00+02:00,1616.750,1617.550,1616.420,1617.390,90
SQ:XAUUSD,2020-04-03T18:20:00+02:00,1617.360,1617.430,1616.530,1616.570,77
SQ:XAUUSD,2020-04-03T18:21:00+02:00,1616.580,1616.920,1616.020,1616.400,97
SQ:XAUUSD,2020-04-03T18:22:00+02:00,1616.390,1617.010,1616.030,1616.160,137
SQ:XAUUSD,2020-04-03T18:23:00+02:00,1616.160,1616.350,1616.000,1616.140,119
SQ:XAUUSD,2020-04-03T18:24:00+02:00,1616.140,1616.140,1615.390,1615.520,75
SQ:XAUUSD,2020-04-03T18:25:00+02:00,1615.520,1615.870,1614.950,1615.470,127
SQ:XAUUSD,2020-04-03T18:26:00+02:00,1615.470,1616.910,1615.160,1616.710,89
SQ:XAUUSD,2020-04-03T18:27:00+02:00,1616.710,1617.200,1616.690,1616.930,73
SQ:XAUUSD,2020-04-03T18:28:00+02:00,1616.930,1616.950,1616.660,1616.700,64
SQ:XAUUSD,2020-04-03T18:29:00+02:00,1616.720,1618.610,1616.620,1618.260,109
SQ:XAUUSD,2020-04-03T18:30:00+02:00,1618.260,1619.170,1617.790,1617.850,124
SQ:XAUUSD,2020-04-03T18:31:00+02:00,1617.800,1618.040,1616.840,1617.068,78
SQ:XAUUSD,2020-04-03T18:32:00+02:00,1617.068,1617.074,1615.310,1615.560,105
SQ:XAUUSD,2020-04-03T18:33:00+02:00,1615.560,1616.390,1615.340,1616.150,76
SQ:XAUUSD,2020-04-03T18:34:00+02:00,1616.150,1616.570,1615.680,1615.820,57
SQ:XAUUSD,2020-04-03T18:35:00+02:00,1615.890,1616.680,1614.950,1616.580,94
SQ:XAUUSD,2020-04-03T18:36:00+02:00,1616.530,1616.530,1615.660,1615.940,53
SQ:XAUUSD,2020-04-03T18:37:00+02:00,1615.940,1616.320,1615.560,1616.240,62
SQ:XAUUSD,2020-04-03T18:38:00+02:00,1616.220,1616.880,1616.010,1616.800,48
SQ:XAUUSD,2020-04-03T18:39:00+02:00,1616.800,1616.880,1615.680,1615.850,34
SQ:XAUUSD,2020-04-03T18:40:00+02:00,1615.820,1616.750,1615.820,1616.660,54
SQ:XAUUSD,2020-04-03T18:41:00+02:00,1616.660,1617.550,1616.330,1616.910,115
SQ:XAUUSD,2020-04-03T18:42:00+02:00,1616.410,1618.080,1616.410,1617.920,83
SQ:XAUUSD,2020-04-03T18:43:00+02:00,1617.990,1618.640,1617.420,1618.410,120
SQ:XAUUSD,2020-04-03T18:44:00+02:00,1618.400,1619.130,1617.820,1618.720,118
SQ:XAUUSD,2020-04-03T18:45:00+02:00,1619.100,1619.350,1618.100,1618.140,157
SQ:XAUUSD,2020-04-03T18:46:00+02:00,1618.260,1618.340,1617.290,1618.210,95
SQ:XAUUSD,2020-04-03T18:47:00+02:00,1618.210,1618.620,1617.350,1618.440,110
SQ:XAUUSD,2020-04-03T18:48:00+02:00,1618.200,1618.280,1617.120,1617.300,116
SQ:XAUUSD,2020-04-03T18:49:00+02:00,1617.410,1618.000,1617.100,1617.950,106
SQ:XAUUSD,2020-04-03T18:50:00+02:00,1618.010,1618.070,1617.860,1617.940,42
SQ:XAUUSD,2020-04-03T18:51:00+02:00,1617.980,1618.380,1617.300,1618.220,84
SQ:XAUUSD,2020-04-03T18:52:00+02:00,1618.270,1618.370,1617.750,1617.900,46
SQ:XAUUSD,2020-04-03T18:53:00+02:00,1617.940,1618.240,1617.700,1618.070,54
SQ:XAUUSD,2020-04-03T18:54:00+02:00,1618.100,1618.700,1617.830,1618.280,74
SQ:XAUUSD,2020-04-03T18:55:00+02:00,1618.220,1618.250,1617.650,1617.680,41
SQ:XAUUSD,2020-04-03T18:56:00+02:00,1617.680,1618.270,1616.760,1617.250,96
SQ:XAUUSD,2020-04-03T18:57:00+02:00,1617.250,1617.560,1616.960,1617.180,60
SQ:XAUUSD,2020-04-03T18:58:00+02:00,1617.130,1618.030,1616.800,1617.390,68
SQ:XAUUSD,2020-04-03T18:59:00+02:00,1617.550,1618.100,1617.190,1617.850,54
SQ:XAUUSD,2020-04-03T19:00:00+02:00,1617.850,1617.950,1616.970,1617.330,59
SQ:XAUUSD,2020-04-03T19:01:00+02:00,1617.370,1617.400,1616.730,1616.790,56
SQ:XAUUSD,2020-04-03T19:02:00+02:00,1616.810,1617.790,1616.320,1617.790,116
SQ:XAUUSD,2020-04-03T19:03:00+02:00,1617.740,1618.010,1617.440,1617.790,79
SQ:XAUUSD,2020-04-03T19:04:00+02:00,1617.830,1618.020,1617.730,1617.810,47
SQ:XAUUSD,2020-04-03T19:05:00+02:00,1617.810,1618.640,1617.810,1618.530,66
SQ:XAUUSD,2020-04-03T19:06:00+02:00,1618.640,1618.740,1618.510,1618.550,21
SQ:XAUUSD,2020-04-03T19:07:00+02:00,1618.550,1619.090,1618.550,1618.970,43
SQ:XAUUSD,2020-04-03T19:08:00+02:00,1618.970,1619.170,1618.780,1618.820,45
SQ:XAUUSD,2020-04-03T19:09:00+02:00,1618.820,1619.160,1618.370,1619.084,59
SQ:XAUUSD,2020-04-03T19:10:00+02:00,1619.104,1619.564,1618.610,1618.710,80
SQ:XAUUSD,2020-04-03T19:11:00+02:00,1618.680,1618.870,1618.170,1618.580,30
SQ:XAUUSD,2020-04-03T19:12:00+02:00,1618.580,1618.580,1618.280,1618.410,47
SQ:XAUUSD,2020-04-03T19:13:00+02:00,1618.410,1618.996,1618.410,1618.496,92
SQ:XAUUSD,2020-04-03T19:14:00+02:00,1618.496,1618.512,1617.326,1617.726,78
SQ:XAUUSD,2020-04-03T19:15:00+02:00,1617.804,1617.996,1617.500,1617.540,61
SQ:XAUUSD,2020-04-03T19:16:00+02:00,1617.540,1617.730,1617.430,1617.510,32
SQ:XAUUSD,2020-04-03T19:17:00+02:00,1617.510,1617.530,1616.790,1616.870,36
SQ:XAUUSD,2020-04-03T19:18:00+02:00,1616.920,1617.210,1616.830,1617.030,32
SQ:XAUUSD,2020-04-03T19:19:00+02:00,1617.080,1617.080,1616.630,1616.630,14
SQ:XAUUSD,2020-04-03T19:20:00+02:00,1616.630,1617.080,1616.570,1616.860,51
SQ:XAUUSD,2020-04-03T19:21:00+02:00,1616.860,1617.110,1616.860,1616.960,27
SQ:XAUUSD,2020-04-03T19:22:00+02:00,1616.950,1618.420,1616.950,1618.420,40
SQ:XAUUSD,2020-04-03T19:23:00+02:00,1618.420,1619.250,1618.260,1619.110,73
SQ:XAUUSD,2020-04-03T19:24:00+02:00,1619.110,1619.840,1619.030,1619.140,81
SQ:XAUUSD,2020-04-03T19:25:00+02:00,1619.170,1619.170,1618.050,1618.300,85
SQ:XAUUSD,2020-04-03T19:26:00+02:00,1618.330,1619.480,1618.170,1619.480,66
SQ:XAUUSD,2020-04-03T19:27:00+02:00,1619.480,1619.510,1619.080,1619.510,16
SQ:XAUUSD,2020-04-03T19:28:00+02:00,1619.490,1619.760,1619.180,1619.480,77
SQ:XAUUSD,2020-04-03T19:29:00+02:00,1619.440,1619.780,1619.350,1619.660,91
SQ:XAUUSD,2020-04-03T19:30:00+02:00,1619.660,1619.660,1618.420,1618.590,58
SQ:XAUUSD,2020-04-03T19:31:00+02:00,1618.530,1619.020,1618.530,1618.630,38
SQ:XAUUSD,2020-04-03T19:32:00+02:00,1618.720,1619.040,1618.620,1618.660,42
SQ:XAUUSD,2020-04-03T19:33:00+02:00,1618.760,1619.150,1618.570,1618.770,29
SQ:XAUUSD,2020-04-03T19:34:00+02:00,1618.770,1618.770,1618.650,1618.650,12
SQ:XAUUSD,2020-04-03T19:35:00+02:00,1618.650,1618.830,1618.650,1618.740,27
SQ:XAUUSD,2020-04-03T19:36:00+02:00,1618.770,1618.840,1618.640,1618.650,21
SQ:XAUUSD,2020-04-03T19:37:00+02:00,1618.650,1618.850,1618.470,1618.470,38
SQ:XAUUSD,2020-04-03T19:38:00+02:00,1618.540,1618.690,1617.980,1617.980,39
SQ:XAUUSD,2020-04-03T19:39:00+02:00,1617.980,1618.180,1617.980,1618.080,30
SQ:XAUUSD,2020-04-03T19:40:00+02:00,1618.080,1618.600,1618.060,1618.600,22
SQ:XAUUSD,2020-04-03T19:41:00+02:00,1618.600,1618.820,1618.520,1618.750,23
SQ:XAUUSD,2020-04-03T19:42:00+02:00,1618.710,1619.170,1618.510,1618.590,43
SQ:XAUUSD,2020-04-03T19:43:00+02:00,1618.590,1618.680,1618.350,1618.470,56
SQ:XAUUSD,2020-04-03T19:44:00+02:00,1618.470,1618.720,1618.270,1618.480,41
SQ:XAUUSD,2020-04-03T19:45:00+02:00,1618.450,1618.890,1618.250,1618.870,49
SQ:XAUUSD,2020-04-03T19:46:00+02:00,1618.870,1619.070,1618.730,1618.990,19
SQ:XAUUSD,2020-04-03T19:47:00+02:00,1618.990,1620.000,1618.800,1619.940,64
SQ:XAUUSD,2020-04-03T19:48:00+02:00,1619.900,1619.990,1618.860,1618.980,33
SQ:XAUUSD,2020-04-03T19:49:00+02:00,1618.980,1618.980,1617.920,1618.590,47
SQ:XAUUSD,2020-04-03T19:50:00+02:00,1618.590,1618.680,1618.270,1618.610,36
SQ:XAUUSD,2020-04-03T19:51:00+02:00,1618.590,1618.810,1618.530,1618.620,31
SQ:XAUUSD,2020-04-03T19:52:00+02:00,1618.630,1619.050,1618.510,1618.570,35
SQ:XAUUSD,2020-04-03T19:53:00+02:00,1618.520,1618.990,1618.440,1618.880,34
SQ:XAUUSD,2020-04-03T19:54:00+02:00,1618.880,1619.030,1618.800,1618.930,30
SQ:XAUUSD,2020-04-03T19:55:00+02:00,1618.840,1618.840,1618.140,1618.240,37
SQ:XAUUSD,2020-04-03T19:56:00+02:00,1618.340,1618.640,1618.160,1618.550,25
SQ:XAUUSD,2020-04-03T19:57:00+02:00,1618.570,1618.570,1617.980,1618.280,39
SQ:XAUUSD,2020-04-03T19:58:00+02:00,1618.310,1618.310,1618.070,1618.140,11
SQ:XAUUSD,2020-04-03T19:59:00+02:00,1618.110,1618.110,1617.450,1617.970,27
SQ:XAUUSD,2020-04-03T20:00:00+02:00,1617.970,1618.210,1617.590,1617.590,23
SQ:XAUUSD,2020-04-03T20:01:00+02:00,1617.560,1618.140,1617.560,1617.970,26
SQ:XAUUSD,2020-04-03T20:02:00+02:00,1617.970,1617.990,1617.650,1617.750,17
SQ:XAUUSD,2020-04-03T20:03:00+02:00,1617.750,1618.380,1616.630,1616.670,30
SQ:XAUUSD,2020-04-03T20:04:00+02:00,1616.770,1617.500,1616.770,1616.930,26
SQ:XAUUSD,2020-04-03T20:05:00+02:00,1617.030,1617.180,1616.950,1617.070,15
SQ:XAUUSD,2020-04-03T20:06:00+02:00,1617.070,1617.070,1616.530,1616.630,32
SQ:XAUUSD,2020-04-03T20:07:00+02:00,1616.670,1617.180,1616.620,1617.080,36
SQ:XAUUSD,2020-04-03T20:08:00+02:00,1617.080,1617.140,1616.860,1616.920,36
SQ:XAUUSD,2020-04-03T20:09:00+02:00,1616.880,1617.190,1616.750,1617.190,33
SQ:XAUUSD,2020-04-03T20:10:00+02:00,1617.190,1617.280,1617.130,1617.280,10
SQ:XAUUSD,2020-04-03T20:11:00+02:00,1617.270,1617.780,1617.270,1617.770,11
SQ:XAUUSD,2020-04-03T20:12:00+02:00,1617.770,1618.060,1617.530,1618.060,15
SQ:XAUUSD,2020-04-03T20:13:00+02:00,1618.060,1618.390,1617.610,1617.830,27
SQ:XAUUSD,2020-04-03T20:14:00+02:00,1617.830,1617.970,1617.270,1617.800,33
SQ:XAUUSD,2020-04-03T20:15:00+02:00,1617.890,1618.370,1617.500,1617.500,29
SQ:XAUUSD,2020-04-03T20:16:00+02:00,1617.780,1618.300,1617.350,1618.200,28
SQ:XAUUSD,2020-04-03T20:17:00+02:00,1618.200,1618.280,1617.900,1618.170,16
SQ:XAUUSD,2020-04-03T20:18:00+02:00,1618.170,1618.880,1618.140,1618.680,27
SQ:XAUUSD,2020-04-03T20:19:00+02:00,1618.600,1618.914,1618.330,1618.660,63
SQ:XAUUSD,2020-04-03T20:20:00+02:00,1618.660,1618.770,1618.180,1618.440,24
SQ:XAUUSD,2020-04-03T20:21:00+02:00,1618.440,1618.660,1618.330,1618.360,33
SQ:XAUUSD,2020-04-03T20:22:00+02:00,1618.390,1618.390,1617.610,1617.770,47
SQ:XAUUSD,2020-04-03T20:23:00+02:00,1617.790,1617.890,1617.510,1617.620,44
SQ:XAUUSD,2020-04-03T20:24:00+02:00,1617.580,1617.690,1617.230,1617.690,28
SQ:XAUUSD,2020-04-03T20:25:00+02:00,1617.690,1618.250,1617.600,1618.180,31
SQ:XAUUSD,2020-04-03T20:26:00+02:00,1618.180,1618.330,1618.120,1618.180,29
SQ:XAUUSD,2020-04-03T20:27:00+02:00,1618.130,1619.506,1618.130,1618.970,32
SQ:XAUUSD,2020-04-03T20:28:00+02:00,1619.020,1619.620,1618.860,1619.260,51
SQ:XAUUSD,2020-04-03T20:29:00+02:00,1619.250,1619.770,1618.850,1619.610,37
SQ:XAUUSD,2020-04-03T20:30:00+02:00,1619.590,1619.600,1619.170,1619.210,30
SQ:XAUUSD,2020-04-03T20:31:00+02:00,1619.210,1619.250,1618.670,1618.780,24
SQ:XAUUSD,2020-04-03T20:32:00+02:00,1618.690,1618.690,1617.950,1618.280,30
SQ:XAUUSD,2020-04-03T20:33:00+02:00,1618.230,1618.360,1618.120,1618.140,33
SQ:XAUUSD,2020-04-03T20:34:00+02:00,1618.140,1618.140,1617.930,1618.080,30
SQ:XAUUSD,2020-04-03T20:35:00+02:00,1618.080,1618.150,1617.980,1618.010,53
SQ:XAUUSD,2020-04-03T20:36:00+02:00,1618.020,1618.360,1618.010,1618.240,27
SQ:XAUUSD,2020-04-03T20:37:00+02:00,1618.230,1618.610,1618.140,1618.610,32
SQ:XAUUSD,2020-04-03T20:38:00+02:00,1618.580,1618.850,1618.100,1618.450,44
SQ:XAUUSD,2020-04-03T20:39:00+02:00,1618.450,1619.450,1618.050,1619.450,44
SQ:XAUUSD,2020-04-03T20:40:00+02:00,1619.560,1619.740,1618.790,1618.850,54
SQ:XAUUSD,2020-04-03T20:41:00+02:00,1618.850,1619.350,1618.590,1619.340,55
SQ:XAUUSD,2020-04-03T20:42:00+02:00,1619.370,1619.520,1619.100,1619.320,61
SQ:XAUUSD,2020-04-03T20:43:00+02:00,1619.320,1619.520,1619.170,1619.290,30
SQ:XAUUSD,2020-04-03T20:44:00+02:00,1619.290,1619.810,1618.970,1619.690,40
SQ:XAUUSD,2020-04-03T20:45:00+02:00,1619.690,1620.430,1619.680,1620.140,41
SQ:XAUUSD,2020-04-03T20:46:00+02:00,1620.140,1620.900,1620.140,1620.530,29
SQ:XAUUSD,2020-04-03T20:47:00+02:00,1620.570,1620.950,1619.860,1619.910,35
SQ:XAUUSD,2020-04-03T20:48:00+02:00,1619.910,1619.950,1619.750,1619.820,20
SQ:XAUUSD,2020-04-03T20:49:00+02:00,1619.820,1620.750,1619.740,1620.570,38
SQ:XAUUSD,2020-04-03T20:50:00+02:00,1620.570,1620.600,1620.380,1620.560,35
SQ:XAUUSD,2020-04-03T20:51:00+02:00,1620.560,1621.150,1620.530,1620.910,35
SQ:XAUUSD,2020-04-03T20:52:00+02:00,1620.910,1621.900,1620.840,1621.750,53
SQ:XAUUSD,2020-04-03T20:53:00+02:00,1621.670,1621.820,1620.940,1621.730,40
SQ:XAUUSD,2020-04-03T20:54:00+02:00,1621.840,1622.590,1621.840,1622.590,28
SQ:XAUUSD,2020-04-03T20:55:00+02:00,1622.620,1622.950,1622.460,1622.830,37
SQ:XAUUSD,2020-04-03T20:56:00+02:00,1622.830,1623.090,1622.320,1623.020,35
SQ:XAUUSD,2020-04-03T20:57:00+02:00,1623.020,1623.260,1622.200,1623.260,29
SQ:XAUUSD,2020-04-03T20:58:00+02:00,1623.380,1623.410,1622.730,1623.280,28
SQ:XAUUSD,2020-04-03T20:59:00+02:00,1623.230,1623.290,1622.500,1622.880,41
SQ:XAUUSD,2020-04-03T21:00:00+02:00,1622.880,1623.110,1622.050,1622.950,26
SQ:XAUUSD,2020-04-03T21:01:00+02:00,1622.950,1623.260,1621.770,1621.970,40
SQ:XAUUSD,2020-04-03T21:02:00+02:00,1621.680,1621.900,1621.550,1621.670,35
SQ:XAUUSD,2020-04-03T21:03:00+02:00,1621.670,1621.970,1621.480,1621.840,36
SQ:XAUUSD,2020-04-03T21:04:00+02:00,1621.820,1621.990,1620.840,1621.400,54
SQ:XAUUSD,2020-04-03T21:05:00+02:00,1621.400,1621.690,1621.150,1621.380,25
SQ:XAUUSD,2020-04-03T21:06:00+02:00,1621.380,1621.400,1620.500,1620.660,12
SQ:XAUUSD,2020-04-03T21:07:00+02:00,1620.660,1621.620,1620.660,1621.590,15
SQ:XAUUSD,2020-04-03T21:08:00+02:00,1621.590,1622.530,1621.360,1621.890,49
SQ:XAUUSD,2020-04-03T21:09:00+02:00,1621.890,1623.260,1621.800,1622.380,50
SQ:XAUUSD,2020-04-03T21:10:00+02:00,1622.380,1623.140,1622.250,1622.640,27
SQ:XAUUSD,2020-04-03T21:11:00+02:00,1622.640,1623.540,1622.640,1623.110,34
SQ:XAUUSD,2020-04-03T21:12:00+02:00,1623.110,1623.110,1621.980,1622.320,31
SQ:XAUUSD,2020-04-03T21:13:00+02:00,1622.320,1622.390,1622.210,1622.370,9
SQ:XAUUSD,2020-04-03T21:14:00+02:00,1622.370,1622.890,1622.240,1622.660,18
SQ:XAUUSD,2020-04-03T21:15:00+02:00,1622.660,1623.630,1622.300,1623.630,35
SQ:XAUUSD,2020-04-03T21:16:00+02:00,1623.630,1623.770,1623.090,1623.500,32
SQ:XAUUSD,2020-04-03T21:17:00+02:00,1623.500,1624.230,1623.310,1624.010,66
SQ:XAUUSD,2020-04-03T21:18:00+02:00,1624.190,1625.070,1623.570,1623.970,129
SQ:XAUUSD,2020-04-03T21:19:00+02:00,1623.970,1624.010,1623.030,1623.150,47
SQ:XAUUSD,2020-04-03T21:20:00+02:00,1623.060,1623.260,1619.890,1621.910,92
SQ:XAUUSD,2020-04-03T21:21:00+02:00,1621.910,1621.960,1620.960,1621.500,50
SQ:XAUUSD,2020-04-03T21:22:00+02:00,1620.790,1621.430,1620.380,1621.030,44
SQ:XAUUSD,2020-04-03T21:23:00+02:00,1621.160,1621.670,1620.850,1621.130,20
SQ:XAUUSD,2020-04-03T21:24:00+02:00,1621.130,1621.830,1621.130,1621.750,23
SQ:XAUUSD,2020-04-03T21:25:00+02:00,1621.750,1622.760,1621.510,1622.760,54
SQ:XAUUSD,2020-04-03T21:26:00+02:00,1622.670,1623.710,1622.440,1622.650,104
SQ:XAUUSD,2020-04-03T21:27:00+02:00,1622.650,1622.650,1619.600,1619.860,121
SQ:XAUUSD,2020-04-03T21:28:00+02:00,1619.820,1621.490,1619.760,1620.960,90
SQ:XAUUSD,2020-04-03T21:29:00+02:00,1621.000,1621.750,1620.990,1621.360,96
SQ:XAUUSD,2020-04-03T21:30:00+02:00,1621.400,1621.930,1621.090,1621.360,79
SQ:XAUUSD,2020-04-03T21:31:00+02:00,1621.410,1621.750,1621.200,1621.290,39
SQ:XAUUSD,2020-04-03T21:32:00+02:00,1621.220,1621.780,1620.220,1620.830,50
SQ:XAUUSD,2020-04-03T21:33:00+02:00,1620.830,1621.100,1620.650,1620.810,70
SQ:XAUUSD,2020-04-03T21:34:00+02:00,1620.860,1620.960,1619.690,1619.690,53
SQ:XAUUSD,2020-04-03T21:35:00+02:00,1619.690,1619.950,1619.540,1619.560,27
SQ:XAUUSD,2020-04-03T21:36:00+02:00,1619.560,1619.750,1618.810,1618.810,30
SQ:XAUUSD,2020-04-03T21:37:00+02:00,1618.800,1618.830,1618.090,1618.260,23
SQ:XAUUSD,2020-04-03T21:38:00+02:00,1618.200,1618.410,1617.960,1618.030,21
SQ:XAUUSD,2020-04-03T21:39:00+02:00,1618.030,1618.420,1617.720,1618.230,37
SQ:XAUUSD,2020-04-03T21:40:00+02:00,1618.230,1619.820,1618.230,1619.820,40
SQ:XAUUSD,2020-04-03T21:41:00+02:00,1619.820,1619.820,1618.460,1618.460,28
SQ:XAUUSD,2020-04-03T21:42:00+02:00,1618.710,1618.710,1618.040,1618.510,32
SQ:XAUUSD,2020-04-03T21:43:00+02:00,1618.510,1619.020,1618.120,1619.020,16
SQ:XAUUSD,2020-04-03T21:44:00+02:00,1619.020,1619.510,1618.200,1619.450,35
SQ:XAUUSD,2020-04-03T21:45:00+02:00,1619.450,1620.828,1618.790,1618.870,126
SQ:XAUUSD,2020-04-03T21:46:00+02:00,1618.870,1619.160,1618.840,1619.160,12
SQ:XAUUSD,2020-04-03T21:47:00+02:00,1619.040,1619.400,1618.770,1619.370,39
SQ:XAUUSD,2020-04-03T21:48:00+02:00,1619.400,1620.000,1618.400,1619.190,110
SQ:XAUUSD,2020-04-03T21:49:00+02:00,1619.190,1619.320,1618.230,1618.980,65
SQ:XAUUSD,2020-04-03T21:50:00+02:00,1618.980,1619.750,1618.570,1619.490,182
SQ:XAUUSD,2020-04-03T21:51:00+02:00,1619.670,1620.510,1619.170,1619.940,108
SQ:XAUUSD,2020-04-03T21:52:00+02:00,1619.940,1620.480,1619.820,1620.480,52
SQ:XAUUSD,2020-04-03T21:53:00+02:00,1620.480,1620.730,1619.850,1620.590,90
SQ:XAUUSD,2020-04-03T21:54:00+02:00,1620.580,1620.770,1619.990,1620.590,93
SQ:XAUUSD,2020-04-03T21:55:00+02:00,1620.590,1620.730,1619.140,1620.130,52
SQ:XAUUSD,2020-04-03T21:56:00+02:00,1620.130,1620.600,1620.100,1620.580,43
SQ:XAUUSD,2020-04-03T21:57:00+02:00,1620.580,1620.580,1619.290,1619.760,26
SQ:XAUUSD,2020-04-03T21:58:00+02:00,1619.760,1620.570,1619.510,1620.460,47
SQ:XAUUSD,2020-04-03T21:59:00+02:00,1620.420,1621.340,1619.950,1621.270,106
SQ:XAUUSD,2020-04-03T22:00:00+02:00,1621.460,1621.970,1620.520,1621.070,119
SQ:XAUUSD,2020-04-03T22:01:00+02:00,1621.070,1621.890,1621.070,1621.680,76
SQ:XAUUSD,2020-04-03T22:02:00+02:00,1621.680,1622.240,1621.240,1621.610,88
SQ:XAUUSD,2020-04-03T22:03:00+02:00,1621.490,1621.610,1621.120,1621.230,45
SQ:XAUUSD,2020-04-03T22:04:00+02:00,1621.230,1621.350,1620.770,1620.770,68
SQ:XAUUSD,2020-04-03T22:05:00+02:00,1620.870,1620.970,1620.430,1620.550,50
SQ:XAUUSD,2020-04-03T22:06:00+02:00,1620.610,1620.660,1620.350,1620.460,45
SQ:XAUUSD,2020-04-03T22:07:00+02:00,1620.590,1620.940,1620.400,1620.680,45
SQ:XAUUSD,2020-04-03T22:08:00+02:00,1620.680,1620.960,1620.370,1620.770,49
SQ:XAUUSD,2020-04-03T22:09:00+02:00,1620.750,1620.830,1620.210,1620.720,48
SQ:XAUUSD,2020-04-03T22:10:00+02:00,1620.620,1620.700,1620.310,1620.320,32
SQ:XAUUSD,2020-04-03T22:11:00+02:00,1620.360,1621.860,1620.040,1621.160,76
SQ:XAUUSD,2020-04-03T22:12:00+02:00,1621.130,1621.230,1621.070,1621.110,21
SQ:XAUUSD,2020-04-03T22:13:00+02:00,1621.190,1621.700,1621.190,1621.320,41
SQ:XAUUSD,2020-04-03T22:14:00+02:00,1621.400,1621.400,1620.480,1620.480,30
SQ:XAUUSD,2020-04-03T22:15:00+02:00,1620.420,1620.580,1619.910,1620.010,53
SQ:XAUUSD,2020-04-03T22:16:00+02:00,1619.970,1619.970,1619.290,1619.310,32
SQ:XAUUSD,2020-04-03T22:17:00+02:00,1619.360,1619.640,1619.060,1619.510,67
SQ:XAUUSD,2020-04-03T22:18:00+02:00,1619.550,1619.990,1619.160,1619.990,47
SQ:XAUUSD,2020-04-03T22:19:00+02:00,1619.920,1620.280,1619.750,1620.230,23
SQ:XAUUSD,2020-04-03T22:20:00+02:00,1620.230,1620.380,1619.560,1619.820,36
SQ:XAUUSD,2020-04-03T22:21:00+02:00,1619.820,1620.090,1619.560,1619.920,36
SQ:XAUUSD,2020-04-03T22:22:00+02:00,1619.870,1619.980,1619.770,1619.870,18
SQ:XAUUSD,2020-04-03T22:23:00+02:00,1619.940,1620.130,1619.920,1620.080,22
SQ:XAUUSD,2020-04-03T22:24:00+02:00,1620.010,1620.010,1619.070,1619.320,57
SQ:XAUUSD,2020-04-03T22:25:00+02:00,1619.310,1620.420,1619.150,1620.360,58
SQ:XAUUSD,2020-04-03T22:26:00+02:00,1620.290,1621.090,1620.050,1620.790,53
SQ:XAUUSD,2020-04-03T22:27:00+02:00,1620.880,1621.120,1620.410,1620.860,46
SQ:XAUUSD,2020-04-03T22:28:00+02:00,1620.900,1621.080,1620.320,1620.760,40
SQ:XAUUSD,2020-04-03T22:29:00+02:00,1620.760,1620.760,1619.610,1619.710,67
SQ:XAUUSD,2020-04-03T22:30:00+02:00,1619.660,1620.010,1619.590,1619.870,43
SQ:XAUUSD,2020-04-03T22:31:00+02:00,1619.700,1620.180,1619.200,1619.410,39
SQ:XAUUSD,2020-04-03T22:32:00+02:00,1619.550,1619.900,1619.530,1619.760,33
SQ:XAUUSD,2020-04-03T22:33:00+02:00,1619.710,1620.060,1619.700,1619.920,17
SQ:XAUUSD,2020-04-03T22:34:00+02:00,1619.910,1619.920,1619.830,1619.850,8
SQ:XAUUSD,2020-04-03T22:35:00+02:00,1619.840,1619.980,1619.800,1619.930,23
SQ:XAUUSD,2020-04-03T22:36:00+02:00,1619.930,1619.930,1619.400,1619.440,21
SQ:XAUUSD,2020-04-03T22:37:00+02:00,1619.430,1619.660,1618.990,1619.140,14
SQ:XAUUSD,2020-04-03T22:38:00+02:00,1619.190,1619.340,1619.180,1619.180,8
SQ:XAUUSD,2020-04-03T22:39:00+02:00,1619.220,1619.220,1618.320,1618.400,11
SQ:XAUUSD,2020-04-03T22:40:00+02:00,1618.470,1618.610,1618.280,1618.490,17
SQ:XAUUSD,2020-04-03T22:41:00+02:00,1618.460,1618.650,1618.460,1618.650,9
SQ:XAUUSD,2020-04-03T22:42:00+02:00,1618.770,1618.790,1618.580,1618.580,8
SQ:XAUUSD,2020-04-03T22:43:00+02:00,1618.570,1619.070,1618.570,1618.960,14
SQ:XAUUSD,2020-04-03T22:44:00+02:00,1618.930,1618.980,1618.610,1618.800,13
SQ:XAUUSD,2020-04-03T22:45:00+02:00,1618.810,1618.960,1618.580,1618.920,17
SQ:XAUUSD,2020-04-03T22:46:00+02:00,1619.000,1619.240,1618.330,1619.010,13
SQ:XAUUSD,2020-04-03T22:47:00+02:00,1619.000,1619.150,1618.010,1618.010,20
SQ:XAUUSD,2020-04-03T22:48:00+02:00,1618.010,1618.010,1616.800,1616.800,27
SQ:XAUUSD,2020-04-03T22:49:00+02:00,1616.940,1617.140,1614.360,1614.620,68
SQ:XAUUSD,2020-04-03T22:50:00+02:00,1614.620,1616.260,1614.410,1615.950,109
SQ:XAUUSD,2020-04-03T22:51:00+02:00,1615.280,1616.030,1615.140,1615.140,30
SQ:XAUUSD,2020-04-03T22:52:00+02:00,1614.950,1615.460,1614.950,1615.390,19
SQ:XAUUSD,2020-04-03T22:53:00+02:00,1615.380,1615.700,1615.380,1615.690,34
SQ:XAUUSD,2020-04-03T22:54:00+02:00,1615.690,1615.740,1614.800,1614.800,24
SQ:XAUUSD,2020-04-06T00:01:00+02:00,1616.180,1617.810,1615.580,1615.810,68
SQ:XAUUSD,2020-04-06T00:02:00+02:00,1615.810,1615.810,1610.260,1612.700,255
SQ:XAUUSD,2020-04-06T00:03:00+02:00,1612.656,1615.090,1612.050,1612.690,130
SQ:XAUUSD,2020-04-06T00:04:00+02:00,1612.660,1615.040,1611.870,1614.270,141
SQ:XAUUSD,2020-04-06T00:05:00+02:00,1614.220,1614.690,1612.660,1614.480,153
SQ:XAUUSD,2020-04-06T00:06:00+02:00,1614.480,1615.410,1613.860,1613.860,101
SQ:XAUUSD,2020-04-06T00:07:00+02:00,1613.990,1614.850,1611.990,1612.130,112
SQ:XAUUSD,2020-04-06T00:08:00+02:00,1612.190,1613.390,1610.350,1610.870,99
SQ:XAUUSD,2020-04-06T00:09:00+02:00,1610.810,1611.310,1609.310,1610.600,119
SQ:XAUUSD,2020-04-06T00:10:00+02:00,1610.600,1610.780,1608.790,1609.900,63
SQ:XAUUSD,2020-04-06T00:11:00+02:00,1609.950,1609.980,1608.420,1608.900,137
SQ:XAUUSD,2020-04-06T00:12:00+02:00,1608.920,1610.840,1608.750,1610.840,89
SQ:XAUUSD,2020-04-06T00:13:00+02:00,1610.900,1610.900,1610.290,1610.640,59
SQ:XAUUSD,2020-04-06T00:14:00+02:00,1610.700,1611.870,1610.700,1611.850,68
SQ:XAUUSD,2020-04-06T00:15:00+02:00,1611.790,1614.788,1610.530,1613.040,95
SQ:XAUUSD,2020-04-06T00:16:00+02:00,1613.080,1614.660,1613.080,1613.550,63
SQ:XAUUSD,2020-04-06T00:17:00+02:00,1613.550,1614.560,1613.310,1613.470,60
SQ:XAUUSD,2020-04-06T00:18:00+02:00,1613.420,1613.640,1612.770,1613.550,53
SQ:XAUUSD,2020-04-06T00:19:00+02:00,1613.610,1613.900,1613.480,1613.650,35
SQ:XAUUSD,2020-04-06T00:20:00+02:00,1613.610,1613.690,1612.160,1613.010,58
SQ:XAUUSD,2020-04-06T00:21:00+02:00,1612.960,1613.760,1612.850,1612.870,43
SQ:XAUUSD,2020-04-06T00:22:00+02:00,1612.850,1613.360,1612.850,1613.170,36
SQ:XAUUSD,2020-04-06T00:23:00+02:00,1613.130,1613.940,1613.050,1613.620,24
SQ:XAUUSD,2020-04-06T00:24:00+02:00,1613.670,1613.670,1612.130,1612.360,20
SQ:XAUUSD,2020-04-06T00:25:00+02:00,1612.420,1613.300,1612.400,1613.210,42
SQ:XAUUSD,2020-04-06T00:26:00+02:00,1613.210,1613.440,1612.940,1613.190,25
SQ:XAUUSD,2020-04-06T00:27:00+02:00,1613.110,1613.280,1612.060,1612.230,32
SQ:XAUUSD,2020-04-06T00:28:00+02:00,1612.270,1612.930,1612.270,1612.750,39
SQ:XAUUSD,2020-04-06T00:29:00+02:00,1612.790,1612.960,1612.590,1612.830,30
SQ:XAUUSD,2020-04-06T00:30:00+02:00,1612.870,1613.140,1612.870,1613.040,36
SQ:XAUUSD,2020-04-06T00:31:00+02:00,1613.040,1613.310,1612.840,1613.050,33
SQ:XAUUSD,2020-04-06T00:32:00+02:00,1613.090,1613.210,1612.960,1613.150,20
SQ:XAUUSD,2020-04-06T00:33:00+02:00,1613.190,1613.960,1612.160,1612.660,41
SQ:XAUUSD,2020-04-06T00:34:00+02:00,1612.730,1612.850,1611.470,1611.710,44
SQ:XAUUSD,2020-04-06T00:35:00+02:00,1612.310,1612.720,1611.470,1612.350,23
SQ:XAUUSD,2020-04-06T00:36:00+02:00,1612.402,1612.762,1612.350,1612.390,16
SQ:XAUUSD,2020-04-06T00:37:00+02:00,1612.400,1613.414,1612.400,1612.400,40
SQ:XAUUSD,2020-04-06T00:38:00+02:00,1612.590,1613.390,1612.390,1612.390,41
SQ:XAUUSD,2020-04-06T00:39:00+02:00,1612.440,1612.730,1612.380,1612.380,11
SQ:XAUUSD,2020-04-06T00:40:00+02:00,1613.022,1613.302,1612.380,1612.686,20
SQ:XAUUSD,2020-04-06T00:41:00+02:00,1612.920,1613.236,1612.380,1612.380,12
SQ:XAUUSD,2020-04-06T00:42:00+02:00,1613.116,1613.306,1612.380,1612.670,15
SQ:XAUUSD,2020-04-06T00:43:00+02:00,1612.700,1612.760,1612.370,1612.370,8
SQ:XAUUSD,2020-04-06T00:44:00+02:00,1612.360,1612.716,1612.360,1612.370,5
SQ:XAUUSD,2020-04-06T00:45:00+02:00,1612.340,1612.360,1612.340,1612.360,2
SQ:XAUUSD,2020-04-06T00:46:00+02:00,1612.350,1612.400,1611.850,1612.380,7
SQ:XAUUSD,2020-04-06T00:47:00+02:00,1612.380,1612.400,1612.380,1612.400,2
SQ:XAUUSD,2020-04-06T00:48:00+02:00,1612.360,1612.380,1612.360,1612.380,2
SQ:XAUUSD,2020-04-06T00:49:00+02:00,1612.380,1612.390,1611.500,1612.380,6
SQ:XAUUSD,2020-04-06T00:50:00+02:00,1612.380,1613.080,1612.194,1612.760,24
SQ:XAUUSD,2020-04-06T00:51:00+02:00,1612.750,1613.100,1612.680,1613.070,26
SQ:XAUUSD,2020-04-06T00:52:00+02:00,1613.070,1613.110,1613.032,1613.040,18
SQ:XAUUSD,2020-04-06T00:53:00+02:00,1613.050,1613.890,1612.770,1613.374,51
SQ:XAUUSD,2020-04-06T00:54:00+02:00,1613.420,1613.784,1613.182,1613.784,24
SQ:XAUUSD,2020-04-06T00:55:00+02:00,1613.734,1613.920,1613.440,1613.700,21
SQ:XAUUSD,2020-04-06T00:56:00+02:00,1613.720,1613.780,1613.314,1613.314,23
SQ:XAUUSD,2020-04-06T00:57:00+02:00,1613.312,1613.574,1613.010,1613.020,18
SQ:XAUUSD,2020-04-06T00:58:00+02:00,1613.040,1613.400,1612.910,1613.300,14
SQ:XAUUSD,2020-04-06T00:59:00+02:00,1613.300,1613.680,1613.280,1613.680,20
SQ:XAUUSD,2020-04-06T01:00:00+02:00,1613.690,1614.210,1613.640,1613.670,41
SQ:XAUUSD,2020-04-06T01:01:00+02:00,1613.670,1613.670,1613.210,1613.260,11
SQ:XAUUSD,2020-04-06T01:02:00+02:00,1613.360,1613.870,1613.360,1613.500,16
SQ:XAUUSD,2020-04-06T01:03:00+02:00,1613.510,1613.550,1613.490,1613.500,5
SQ:XAUUSD,2020-04-06T01:04:00+02:00,1613.560,1613.560,1613.160,1613.310,17
SQ:XAUUSD,2020-04-06T01:05:00+02:00,1613.310,1613.350,1612.864,1612.980,20
SQ:XAUUSD,2020-04-06T01:06:00+02:00,1612.980,1613.616,1612.910,1613.616,15
SQ:XAUUSD,2020-04-06T01:07:00+02:00,1613.386,1613.526,1613.326,1613.526,25
SQ:XAUUSD,2020-04-06T01:08:00+02:00,1613.536,1613.870,1613.520,1613.790,10
SQ:XAUUSD,2020-04-06T01:09:00+02:00,1613.800,1614.086,1613.766,1613.766,18
SQ:XAUUSD,2020-04-06T01:10:00+02:00,1613.766,1613.870,1613.566,1613.830,25
SQ:XAUUSD,2020-04-06T01:11:00+02:00,1613.830,1613.830,1613.302,1613.312,12
SQ:XAUUSD,2020-04-06T01:12:00+02:00,1613.336,1613.386,1612.120,1612.306,25
SQ:XAUUSD,2020-04-06T01:13:00+02:00,1612.306,1612.626,1611.830,1611.830,40
SQ:XAUUSD,2020-04-06T01:14:00+02:00,1611.830,1612.256,1611.610,1612.236,52
SQ:XAUUSD,2020-04-06T01:15:00+02:00,1612.236,1613.080,1612.076,1612.076,36
SQ:XAUUSD,2020-04-06T01:16:00+02:00,1612.076,1612.400,1611.876,1612.396,11
SQ:XAUUSD,2020-04-06T01:17:00+02:00,1612.386,1612.576,1612.366,1612.576,8
SQ:XAUUSD,2020-04-06T01:18:00+02:00,1612.560,1612.666,1612.560,1612.666,6
SQ:XAUUSD,2020-04-06T01:19:00+02:00,1612.666,1612.676,1612.496,1612.496,7
SQ:XAUUSD,2020-04-06T01:20:00+02:00,1612.430,1612.430,1612.106,1612.106,16
SQ:XAUUSD,2020-04-06T01:21:00+02:00,1612.096,1612.096,1612.026,1612.026,10
SQ:XAUUSD,2020-04-06T01:22:00+02:00,1612.026,1612.076,1611.976,1612.016,24
SQ:XAUUSD,2020-04-06T01:23:00+02:00,1612.026,1612.206,1612.026,1612.176,18
SQ:XAUUSD,2020-04-06T01:24:00+02:00,1612.106,1612.106,1611.860,1611.860,4
SQ:XAUUSD,2020-04-06T01:25:00+02:00,1611.856,1611.860,1611.830,1611.830,3
SQ:XAUUSD,2020-04-06T01:26:00+02:00,1611.830,1612.486,1611.830,1612.436,13
SQ:XAUUSD,2020-04-06T01:27:00+02:00,1612.396,1612.586,1612.336,1612.536,11
SQ:XAUUSD,2020-04-06T01:28:00+02:00,1612.516,1612.840,1612.306,1612.690,21
SQ:XAUUSD,2020-04-06T01:29:00+02:00,1612.690,1613.490,1612.690,1613.440,18
SQ:XAUUSD,2020-04-06T01:30:00+02:00,1613.486,1613.940,1613.486,1613.580,34
SQ:XAUUSD,2020-04-06T01:31:00+02:00,1613.580,1614.240,1613.486,1614.130,32
SQ:XAUUSD,2020-04-06T01:32:00+02:00,1614.130,1614.130,1613.390,1613.830,28
SQ:XAUUSD,2020-04-06T01:33:00+02:00,1613.760,1614.236,1613.760,1614.196,20
SQ:XAUUSD,2020-04-06T01:34:00+02:00,1614.296,1616.480,1614.276,1616.206,118
SQ:XAUUSD,2020-04-06T01:35:00+02:00,1616.200,1617.730,1615.700,1616.706,125
SQ:XAUUSD,2020-04-06T01:36:00+02:00,1616.646,1617.830,1616.596,1617.146,80
SQ:XAUUSD,2020-04-06T01:37:00+02:00,1617.150,1617.696,1617.150,1617.666,43
SQ:XAUUSD,2020-04-06T01:38:00+02:00,1617.680,1617.766,1617.086,1617.086,42
SQ:XAUUSD,2020-04-06T01:39:00+02:00,1617.070,1617.098,1616.126,1616.206,55
SQ:XAUUSD,2020-04-06T01:40:00+02:00,1616.206,1616.986,1616.046,1616.536,47
SQ:XAUUSD,2020-04-06T01:41:00+02:00,1616.516,1616.546,1615.670,1615.670,23
SQ:XAUUSD,2020-04-06T01:42:00+02:00,1615.670,1616.060,1615.670,1616.030,13
SQ:XAUUSD,2020-04-06T01:43:00+02:00,1616.060,1616.850,1616.050,1616.840,22
SQ:XAUUSD,2020-04-06T01:44:00+02:00,1616.840,1617.180,1616.310,1616.430,41
SQ:XAUUSD,2020-04-06T01:45:00+02:00,1616.420,1616.610,1615.890,1616.380,23
SQ:XAUUSD,2020-04-06T01:46:00+02:00,1616.380,1617.240,1616.280,1616.650,21
SQ:XAUUSD,2020-04-06T01:47:00+02:00,1616.650,1616.780,1616.600,1616.740,13
SQ:XAUUSD,2020-04-06T01:48:00+02:00,1616.740,1618.100,1616.600,1617.510,49
SQ:XAUUSD,2020-04-06T01:49:00+02:00,1617.540,1617.540,1616.950,1617.020,28
SQ:XAUUSD,2020-04-06T01:50:00+02:00,1616.660,1617.260,1616.560,1617.230,40
SQ:XAUUSD,2020-04-06T01:51:00+02:00,1617.230,1617.240,1617.110,1617.110,8
SQ:XAUUSD,2020-04-06T01:52:00+02:00,1617.250,1617.260,1616.910,1617.150,12
SQ:XAUUSD,2020-04-06T01:53:00+02:00,1617.150,1617.160,1616.990,1616.990,6
SQ:XAUUSD,2020-04-06T01:54:00+02:00,1616.990,1617.240,1616.620,1617.170,22
SQ:XAUUSD,2020-04-06T01:55:00+02:00,1617.200,1617.250,1616.910,1617.160,14
SQ:XAUUSD,2020-04-06T01:56:00+02:00,1617.160,1617.200,1616.840,1617.170,8
SQ:XAUUSD,2020-04-06T01:57:00+02:00,1617.170,1617.330,1616.880,1617.280,19
SQ:XAUUSD,2020-04-06T01:58:00+02:00,1617.280,1618.090,1617.280,1617.970,37
SQ:XAUUSD,2020-04-06T01:59:00+02:00,1617.970,1619.780,1617.970,1618.670,104
SQ:XAUUSD,2020-04-06T02:00:00+02:00,1618.730,1619.250,1617.880,1619.230,42
SQ:XAUUSD,2020-04-06T02:01:00+02:00,1619.230,1619.300,1618.250,1618.300,21
SQ:XAUUSD,2020-04-06T02:02:00+02:00,1618.300,1621.270,1618.300,1620.200,54
SQ:XAUUSD,2020-04-06T02:03:00+02:00,1620.260,1621.350,1618.586,1619.506,138
SQ:XAUUSD,2020-04-06T02:04:00+02:00,1619.516,1619.926,1617.950,1618.390,103
SQ:XAUUSD,2020-04-06T02:05:00+02:00,1618.360,1618.360,1617.650,1618.260,47
SQ:XAUUSD,2020-04-06T02:06:00+02:00,1618.200,1619.030,1617.586,1617.650,80
SQ:XAUUSD,2020-04-06T02:07:00+02:00,1617.730,1618.480,1617.670,1618.180,49
SQ:XAUUSD,2020-04-06T02:08:00+02:00,1618.190,1618.350,1618.110,1618.230,51
SQ:XAUUSD,2020-04-06T02:09:00+02:00,1618.230,1619.360,1618.160,1618.246,52
SQ:XAUUSD,2020-04-06T02:10:00+02:00,1618.246,1618.490,1617.326,1617.326,53
SQ:XAUUSD,2020-04-06T02:11:00+02:00,1617.326,1617.386,1616.800,1617.230,47
SQ:XAUUSD,2020-04-06T02:12:00+02:00,1617.280,1618.000,1617.190,1618.000,43
SQ:XAUUSD,2020-04-06T02:13:00+02:00,1618.010,1619.230,1618.010,1618.950,72
SQ:XAUUSD,2020-04-06T02:14:00+02:00,1618.950,1619.650,1618.856,1619.540,87
SQ:XAUUSD,2020-04-06T02:15:00+02:00,1619.510,1620.070,1618.630,1620.020,50
SQ:XAUUSD,2020-04-06T02:16:00+02:00,1619.980,1619.980,1618.130,1618.220,57
SQ:XAUUSD,2020-04-06T02:17:00+02:00,1618.230,1618.540,1617.370,1617.490,72
SQ:XAUUSD,2020-04-06T02:18:00+02:00,1617.490,1617.570,1616.820,1617.000,41
SQ:XAUUSD,2020-04-06T02:19:00+02:00,1617.020,1618.040,1617.020,1618.040,43
SQ:XAUUSD,2020-04-06T02:20:00+02:00,1618.040,1618.050,1617.470,1617.740,28
SQ:XAUUSD,2020-04-06T02:21:00+02:00,1617.700,1617.840,1617.590,1617.840,19
SQ:XAUUSD,2020-04-06T02:22:00+02:00,1617.880,1618.240,1617.670,1618.240,27
SQ:XAUUSD,2020-04-06T02:23:00+02:00,1618.240,1618.470,1618.240,1618.290,23
SQ:XAUUSD,2020-04-06T02:24:00+02:00,1618.360,1618.380,1616.736,1617.560,59
SQ:XAUUSD,2020-04-06T02:25:00+02:00,1617.560,1617.560,1617.016,1617.470,41
SQ:XAUUSD,2020-04-06T02:26:00+02:00,1617.470,1617.880,1617.060,1617.880,28
SQ:XAUUSD,2020-04-06T02:27:00+02:00,1617.860,1618.100,1617.330,1617.406,31
SQ:XAUUSD,2020-04-06T02:28:00+02:00,1617.416,1617.820,1617.380,1617.790,28
SQ:XAUUSD,2020-04-06T02:29:00+02:00,1617.820,1618.040,1617.600,1618.040,23
SQ:XAUUSD,2020-04-06T02:30:00+02:00,1618.130,1618.130,1617.450,1617.830,37
SQ:XAUUSD,2020-04-06T02:31:00+02:00,1617.750,1617.980,1617.240,1617.710,76
SQ:XAUUSD,2020-04-06T02:32:00+02:00,1617.690,1617.740,1616.010,1617.050,82
SQ:XAUUSD,2020-04-06T02:33:00+02:00,1617.050,1617.510,1616.540,1617.200,55
SQ:XAUUSD,2020-04-06T02:34:00+02:00,1617.200,1617.490,1616.176,1616.870,105
SQ:XAUUSD,2020-04-06T02:35:00+02:00,1616.870,1616.990,1615.570,1616.320,79
SQ:XAUUSD,2020-04-06T02:36:00+02:00,1616.320,1616.380,1614.750,1615.260,109
SQ:XAUUSD,2020-04-06T02:37:00+02:00,1615.170,1617.300,1614.850,1616.930,75
SQ:XAUUSD,2020-04-06T02:38:00+02:00,1616.930,1617.290,1616.500,1617.130,34
SQ:XAUUSD,2020-04-06T02:39:00+02:00,1617.080,1618.430,1617.020,1617.266,65
SQ:XAUUSD,2020-04-06T02:40:00+02:00,1617.266,1617.520,1617.266,1617.520,17
SQ:XAUUSD,2020-04-06T02:41:00+02:00,1617.520,1617.610,1617.070,1617.100,52
SQ:XAUUSD,2020-04-06T02:42:00+02:00,1617.090,1617.490,1616.906,1617.156,35
SQ:XAUUSD,2020-04-06T02:43:00+02:00,1617.166,1617.480,1616.740,1617.440,31
SQ:XAUUSD,2020-04-06T02:44:00+02:00,1617.440,1618.020,1617.440,1617.610,36
SQ:XAUUSD,2020-04-06T02:45:00+02:00,1617.660,1617.926,1617.450,1617.566,29
SQ:XAUUSD,2020-04-06T02:46:00+02:00,1617.670,1617.696,1617.360,1617.360,19
SQ:XAUUSD,2020-04-06T02:47:00+02:00,1617.360,1617.360,1617.190,1617.310,10
SQ:XAUUSD,2020-04-06T02:48:00+02:00,1617.350,1617.490,1617.350,1617.450,12
SQ:XAUUSD,2020-04-06T02:49:00+02:00,1617.430,1617.686,1617.430,1617.580,21
SQ:XAUUSD,2020-04-06T02:50:00+02:00,1617.566,1619.058,1617.530,1618.076,62
SQ:XAUUSD,2020-04-06T02:51:00+02:00,1617.876,1618.446,1617.876,1618.146,31
SQ:XAUUSD,2020-04-06T02:52:00+02:00,1618.166,1618.526,1617.780,1617.780,26
SQ:XAUUSD,2020-04-06T02:53:00+02:00,1617.780,1617.800,1617.516,1617.570,22
SQ:XAUUSD,2020-04-06T02:54:00+02:00,1617.570,1619.226,1617.570,1618.956,49
SQ:XAUUSD,2020-04-06T02:55:00+02:00,1618.896,1618.896,1617.830,1617.846,23
SQ:XAUUSD,2020-04-06T02:56:00+02:00,1617.866,1618.070,1617.570,1618.070,13
SQ:XAUUSD,2020-04-06T02:57:00+02:00,1618.070,1618.500,1618.070,1618.290,7
SQ:XAUUSD,2020-04-06T02:58:00+02:00,1618.290,1618.600,1618.270,1618.300,12
SQ:XAUUSD,2020-04-06T02:59:00+02:00,1618.300,1618.340,1617.560,1617.630,19
SQ:XAUUSD,2020-04-06T03:00:00+02:00,1617.540,1618.630,1617.456,1618.230,61
SQ:XAUUSD,2020-04-06T03:01:00+02:00,1618.060,1618.690,1618.060,1618.570,37
SQ:XAUUSD,2020-04-06T03:02:00+02:00,1618.570,1618.770,1617.700,1617.700,23
SQ:XAUUSD,2020-04-06T03:03:00+02:00,1617.820,1618.600,1617.000,1618.090,65
SQ:XAUUSD,2020-04-06T03:04:00+02:00,1618.090,1618.200,1617.280,1617.740,48
SQ:XAUUSD,2020-04-06T03:05:00+02:00,1617.740,1618.070,1617.580,1617.630,57
SQ:XAUUSD,2020-04-06T03:06:00+02:00,1617.700,1618.200,1617.700,1617.980,55
SQ:XAUUSD,2020-04-06T03:07:00+02:00,1618.030,1618.430,1618.000,1618.070,29
SQ:XAUUSD,2020-04-06T03:08:00+02:00,1618.060,1618.060,1617.230,1617.370,28
SQ:XAUUSD,2020-04-06T03:09:00+02:00,1617.370,1617.630,1617.320,1617.500,26
SQ:XAUUSD,2020-04-06T03:10:00+02:00,1617.550,1617.580,1617.460,1617.540,11
SQ:XAUUSD,2020-04-06T03:11:00+02:00,1617.540,1617.540,1616.270,1616.740,33
SQ:XAUUSD,2020-04-06T03:12:00+02:00,1616.740,1617.000,1616.680,1616.900,20
SQ:XAUUSD,2020-04-06T03:13:00+02:00,1616.920,1617.256,1616.370,1616.390,39
SQ:XAUUSD,2020-04-06T03:14:00+02:00,1616.390,1616.880,1616.256,1616.596,45
SQ:XAUUSD,2020-04-06T03:15:00+02:00,1616.586,1616.636,1616.320,1616.576,55
SQ:XAUUSD,2020-04-06T03:16:00+02:00,1616.586,1616.636,1616.556,1616.556,15
SQ:XAUUSD,2020-04-06T03:17:00+02:00,1616.616,1616.616,1616.200,1616.300,20
SQ:XAUUSD,2020-04-06T03:18:00+02:00,1616.300,1616.390,1616.100,1616.330,31
SQ:XAUUSD,2020-04-06T03:19:00+02:00,1616.330,1616.640,1616.240,1616.310,26
SQ:XAUUSD,2020-04-06T03:20:00+02:00,1616.310,1616.636,1616.220,1616.310,36
SQ:XAUUSD,2020-04-06T03:21:00+02:00,1616.310,1616.940,1616.310,1616.896,35
SQ:XAUUSD,2020-04-06T03:22:00+02:00,1617.076,1617.576,1616.666,1617.570,26
SQ:XAUUSD,2020-04-06T03:23:00+02:00,1617.566,1617.916,1616.530,1616.790,49
SQ:XAUUSD,2020-04-06T03:24:00+02:00,1616.790,1618.176,1616.790,1618.176,64
SQ:XAUUSD,2020-04-06T03:25:00+02:00,1618.176,1618.286,1617.190,1617.710,38
SQ:XAUUSD,2020-04-06T03:26:00+02:00,1617.620,1618.086,1617.570,1617.720,23
SQ:XAUUSD,2020-04-06T03:27:00+02:00,1617.800,1618.370,1617.636,1617.856,34
SQ:XAUUSD,2020-04-06T03:28:00+02:00,1617.686,1617.966,1617.486,1617.626,37
SQ:XAUUSD,2020-04-06T03:29:00+02:00,1617.620,1617.770,1617.366,1617.416,25
SQ:XAUUSD,2020-04-06T03:30:00+02:00,1617.416,1617.420,1617.156,1617.156,19
SQ:XAUUSD,2020-04-06T03:31:00+02:00,1617.060,1617.106,1616.456,1616.936,83
SQ:XAUUSD,2020-04-06T03:32:00+02:00,1616.936,1616.936,1616.620,1616.736,22
SQ:XAUUSD,2020-04-06T03:33:00+02:00,1616.706,1616.706,1616.280,1616.440,21
SQ:XAUUSD,2020-04-06T03:34:00+02:00,1616.440,1617.740,1616.440,1617.370,34
SQ:XAUUSD,2020-04-06T03:35:00+02:00,1617.370,1617.500,1617.090,1617.240,26
SQ:XAUUSD,2020-04-06T03:36:00+02:00,1617.300,1617.690,1617.290,1617.660,16
SQ:XAUUSD,2020-04-06T03:37:00+02:00,1617.660,1617.660,1617.300,1617.310,11
SQ:XAUUSD,2020-04-06T03:38:00+02:00,1617.310,1617.340,1617.280,1617.340,5
SQ:XAUUSD,2020-04-06T03:39:00+02:00,1617.250,1617.280,1616.700,1616.860,12
SQ:XAUUSD,2020-04-06T03:40:00+02:00,1616.860,1616.950,1616.720,1616.920,22
SQ:XAUUSD,2020-04-06T03:41:00+02:00,1616.920,1616.970,1616.800,1616.940,9
SQ:XAUUSD,2020-04-06T03:42:00+02:00,1616.940,1617.160,1616.750,1616.766,17
SQ:XAUUSD,2020-04-06T03:43:00+02:00,1616.846,1616.846,1616.360,1616.580,23
SQ:XAUUSD,2020-04-06T03:44:00+02:00,1616.450,1616.740,1616.280,1616.690,19
SQ:XAUUSD,2020-04-06T03:45:00+02:00,1616.640,1616.650,1616.400,1616.600,8
SQ:XAUUSD,2020-04-06T03:46:00+02:00,1616.590,1617.250,1616.520,1617.190,17
SQ:XAUUSD,2020-04-06T03:47:00+02:00,1617.250,1617.820,1617.210,1617.570,35
SQ:XAUUSD,2020-04-06T03:48:00+02:00,1617.590,1617.590,1617.020,1617.340,43
SQ:XAUUSD,2020-04-06T03:49:00+02:00,1617.360,1617.380,1617.076,1617.226,17
SQ:XAUUSD,2020-04-06T03:50:00+02:00,1617.226,1617.590,1616.910,1617.446,25
SQ:XAUUSD,2020-04-06T03:51:00+02:00,1617.456,1617.456,1617.230,1617.376,17
SQ:XAUUSD,2020-04-06T03:52:00+02:00,1617.396,1617.460,1617.266,1617.316,18
SQ:XAUUSD,2020-04-06T03:53:00+02:00,1617.316,1617.380,1617.266,1617.340,14
SQ:XAUUSD,2020-04-06T03:54:00+02:00,1617.360,1617.700,1617.360,1617.486,18
SQ:XAUUSD,2020-04-06T03:55:00+02:00,1617.560,1618.220,1617.520,1618.220,30
SQ:XAUUSD,2020-04-06T03:56:00+02:00,1618.220,1619.480,1618.080,1619.070,52
SQ:XAUUSD,2020-04-06T03:57:00+02:00,1619.420,1619.720,1618.330,1618.536,59
SQ:XAUUSD,2020-04-06T03:58:00+02:00,1618.536,1619.510,1618.320,1618.450,80
SQ:XAUUSD,2020-04-06T03:59:00+02:00,1618.450,1618.560,1618.260,1618.560,16
SQ:XAUUSD,2020-04-06T04:00:00+02:00,1618.560,1619.770,1618.560,1618.680,31
SQ:XAUUSD,2020-04-06T04:01:00+02:00,1618.680,1618.680,1618.410,1618.410,5
SQ:XAUUSD,2020-04-06T04:02:00+02:00,1618.410,1618.700,1618.320,1618.540,18
SQ:XAUUSD,2020-04-06T04:03:00+02:00,1618.540,1618.720,1618.310,1618.410,19
SQ:XAUUSD,2020-04-06T04:04:00+02:00,1618.500,1618.500,1618.380,1618.490,6
SQ:XAUUSD,2020-04-06T04:05:00+02:00,1618.490,1618.810,1618.490,1618.600,13
SQ:XAUUSD,2020-04-06T04:06:00+02:00,1618.600,1618.950,1618.540,1618.720,12
SQ:XAUUSD,2020-04-06T04:07:00+02:00,1618.720,1618.720,1618.320,1618.390,10
SQ:XAUUSD,2020-04-06T04:08:00+02:00,1618.390,1618.680,1618.340,1618.680,6
SQ:XAUUSD,2020-04-06T04:09:00+02:00,1618.680,1618.706,1618.520,1618.706,18
SQ:XAUUSD,2020-04-06T04:10:00+02:00,1618.706,1618.776,1618.440,1618.490,15
SQ:XAUUSD,2020-04-06T04:11:00+02:00,1618.490,1618.530,1618.380,1618.530,10
SQ:XAUUSD,2020-04-06T04:12:00+02:00,1618.530,1618.890,1618.516,1618.810,24
SQ:XAUUSD,2020-04-06T04:13:00+02:00,1618.820,1619.020,1618.466,1618.980,29
SQ:XAUUSD,2020-04-06T04:14:00+02:00,1618.980,1619.000,1618.620,1618.970,15
SQ:XAUUSD,2020-04-06T04:15:00+02:00,1618.970,1619.570,1618.880,1618.900,38
SQ:XAUUSD,2020-04-06T04:16:00+02:00,1618.900,1618.900,1618.300,1618.400,15
SQ:XAUUSD,2020-04-06T04:17:00+02:00,1618.420,1618.586,1618.350,1618.586,9
SQ:XAUUSD,2020-04-06T04:18:00+02:00,1618.578,1618.578,1618.440,1618.480,10
SQ:XAUUSD,2020-04-06T04:19:00+02:00,1618.470,1618.790,1618.470,1618.790,15
SQ:XAUUSD,2020-04-06T04:20:00+02:00,1618.790,1618.810,1618.700,1618.720,9
SQ:XAUUSD,2020-04-06T04:21:00+02:00,1618.690,1618.940,1618.630,1618.880,26
SQ:XAUUSD,2020-04-06T04:22:00+02:00,1618.890,1619.010,1618.480,1618.480,14
SQ:XAUUSD,2020-04-06T04:23:00+02:00,1618.610,1618.610,1618.280,1618.500,15
SQ:XAUUSD,2020-04-06T04:24:00+02:00,1618.470,1618.580,1618.350,1618.570,13
SQ:XAUUSD,2020-04-06T04:25:00+02:00,1618.680,1619.120,1618.680,1618.810,22
SQ:XAUUSD,2020-04-06T04:26:00+02:00,1618.800,1618.900,1618.790,1618.840,8
SQ:XAUUSD,2020-04-06T04:27:00+02:00,1618.840,1619.030,1618.680,1618.750,23
SQ:XAUUSD,2020-04-06T04:28:00+02:00,1618.720,1618.906,1618.460,1618.460,15
SQ:XAUUSD,2020-04-06T04:29:00+02:00,1618.430,1618.820,1618.430,1618.750,10
SQ:XAUUSD,2020-04-06T04:30:00+02:00,1618.670,1618.670,1618.090,1618.350,21
SQ:XAUUSD,2020-04-06T04:31:00+02:00,1618.350,1618.830,1618.290,1618.370,18
SQ:XAUUSD,2020-04-06T04:32:00+02:00,1618.450,1619.120,1618.190,1618.780,28
SQ:XAUUSD,2020-04-06T04:33:00+02:00,1618.780,1618.930,1618.780,1618.820,6
SQ:XAUUSD,2020-04-06T04:34:00+02:00,1618.820,1618.820,1618.460,1618.750,11
SQ:XAUUSD,2020-04-06T04:35:00+02:00,1618.750,1618.820,1618.730,1618.820,3
SQ:XAUUSD,2020-04-06T04:36:00+02:00,1618.820,1619.220,1618.820,1618.940,10
SQ:XAUUSD,2020-04-06T04:37:00+02:00,1618.940,1618.950,1618.850,1618.950,3
SQ:XAUUSD,2020-04-06T04:38:00+02:00,1618.950,1619.010,1618.750,1618.750,8
SQ:XAUUSD,2020-04-06T04:39:00+02:00,1618.750,1618.750,1618.590,1618.670,8
SQ:XAUUSD,2020-04-06T04:40:00+02:00,1618.760,1618.760,1618.280,1618.670,25
SQ:XAUUSD,2020-04-06T04:41:00+02:00,1618.670,1618.810,1618.670,1618.810,12
SQ:XAUUSD,2020-04-06T04:42:00+02:00,1618.810,1618.960,1618.730,1618.860,17
SQ:XAUUSD,2020-04-06T04:43:00+02:00,1618.860,1619.176,1618.860,1619.136,8
SQ:XAUUSD,2020-04-06T04:44:00+02:00,1619.128,1619.128,1618.500,1618.880,8
SQ:XAUUSD,2020-04-06T04:45:00+02:00,1618.900,1618.900,1618.660,1618.660,10
SQ:XAUUSD,2020-04-06T04:46:00+02:00,1618.660,1618.690,1618.190,1618.580,17
SQ:XAUUSD,2020-04-06T04:47:00+02:00,1618.580,1618.620,1618.000,1618.030,19
SQ:XAUUSD,2020-04-06T04:48:00+02:00,1618.030,1618.320,1617.950,1618.200,19
SQ:XAUUSD,2020-04-06T04:49:00+02:00,1618.170,1618.400,1618.080,1618.270,24
SQ:XAUUSD,2020-04-06T04:50:00+02:00,1618.260,1618.510,1618.220,1618.390,7
SQ:XAUUSD,2020-04-06T04:51:00+02:00,1618.480,1618.480,1618.020,1618.160,17
SQ:XAUUSD,2020-04-06T04:52:00+02:00,1618.220,1618.320,1618.150,1618.310,11
SQ:XAUUSD,2020-04-06T04:53:00+02:00,1618.300,1618.620,1618.200,1618.510,20
SQ:XAUUSD,2020-04-06T04:54:00+02:00,1618.510,1618.570,1618.080,1618.170,27
SQ:XAUUSD,2020-04-06T04:55:00+02:00,1618.170,1618.260,1618.150,1618.250,7
SQ:XAUUSD,2020-04-06T04:56:00+02:00,1618.190,1618.320,1618.170,1618.290,11
SQ:XAUUSD,2020-04-06T04:57:00+02:00,1618.220,1618.710,1618.140,1618.530,17
SQ:XAUUSD,2020-04-06T04:58:00+02:00,1618.530,1618.930,1618.530,1618.930,14
SQ:XAUUSD,2020-04-06T04:59:00+02:00,1618.920,1619.380,1618.920,1619.180,18
SQ:XAUUSD,2020-04-06T05:00:00+02:00,1619.180,1619.400,1618.930,1619.400,20
SQ:XAUUSD,2020-04-06T05:01:00+02:00,1619.390,1620.040,1619.310,1619.870,23
SQ:XAUUSD,2020-04-06T05:02:00+02:00,1619.870,1619.870,1619.020,1619.080,20
SQ:XAUUSD,2020-04-06T05:03:00+02:00,1619.100,1619.270,1618.830,1618.870,25
SQ:XAUUSD,2020-04-06T05:04:00+02:00,1618.870,1619.150,1618.160,1618.990,19
SQ:XAUUSD,2020-04-06T05:05:00+02:00,1618.990,1619.130,1618.980,1619.050,11
SQ:XAUUSD,2020-04-06T05:06:00+02:00,1619.170,1619.320,1619.100,1619.160,14
SQ:XAUUSD,2020-04-06T05:07:00+02:00,1619.160,1619.160,1618.700,1618.820,15
SQ:XAUUSD,2020-04-06T05:08:00+02:00,1618.770,1619.210,1618.770,1619.140,12
SQ:XAUUSD,2020-04-06T05:09:00+02:00,1619.140,1619.140,1618.940,1618.950,10
SQ:XAUUSD,2020-04-06T05:10:00+02:00,1618.980,1619.110,1618.940,1618.940,11
SQ:XAUUSD,2020-04-06T05:11:00+02:00,1618.990,1619.150,1618.850,1618.890,18
SQ:XAUUSD,2020-04-06T05:12:00+02:00,1618.880,1618.990,1617.890,1618.890,14
SQ:XAUUSD,2020-04-06T05:13:00+02:00,1618.870,1619.070,1618.870,1618.910,10
SQ:XAUUSD,2020-04-06T05:14:00+02:00,1618.900,1619.290,1618.900,1619.260,9
SQ:XAUUSD,2020-04-06T05:15:00+02:00,1619.140,1619.240,1618.920,1619.180,20
SQ:XAUUSD,2020-04-06T05:16:00+02:00,1619.180,1619.180,1618.930,1618.990,11
SQ:XAUUSD,2020-04-06T05:17:00+02:00,1618.970,1619.060,1618.430,1618.990,11
SQ:XAUUSD,2020-04-06T05:18:00+02:00,1618.850,1619.190,1618.316,1618.410,41
SQ:XAUUSD,2020-04-06T05:19:00+02:00,1618.516,1618.716,1618.150,1618.540,18
SQ:XAUUSD,2020-04-06T05:20:00+02:00,1618.540,1618.546,1618.260,1618.260,5
SQ:XAUUSD,2020-04-06T05:21:00+02:00,1618.260,1618.700,1618.260,1618.630,3
SQ:XAUUSD,2020-04-06T05:22:00+02:00,1618.700,1618.770,1618.700,1618.700,3
SQ:XAUUSD,2020-04-06T05:23:00+02:00,1618.700,1618.780,1618.700,1618.710,7
SQ:XAUUSD,2020-04-06T05:24:00+02:00,1618.710,1618.760,1617.930,1618.680,9
SQ:XAUUSD,2020-04-06T05:25:00+02:00,1618.680,1618.750,1618.680,1618.750,2
SQ:XAUUSD,2020-04-06T05:26:00+02:00,1618.750,1618.750,1618.690,1618.690,2
SQ:XAUUSD,2020-04-06T05:27:00+02:00,1618.690,1618.750,1618.660,1618.750,3
SQ:XAUUSD,2020-04-06T05:28:00+02:00,1618.750,1618.770,1618.680,1618.770,5
SQ:XAUUSD,2020-04-06T05:29:00+02:00,1618.770,1618.770,1618.640,1618.640,3
SQ:XAUUSD,2020-04-06T05:30:00+02:00,1618.640,1618.640,1617.420,1617.860,30
SQ:XAUUSD,2020-04-06T05:31:00+02:00,1617.860,1617.980,1617.860,1617.980,2
SQ:XAUUSD,2020-04-06T05:32:00+02:00,1617.980,1618.130,1617.980,1618.130,4
SQ:XAUUSD,2020-04-06T05:33:00+02:00,1618.130,1618.130,1617.370,1618.070,14
SQ:XAUUSD,2020-04-06T05:34:00+02:00,1618.070,1618.120,1617.840,1617.910,9
SQ:XAUUSD,2020-04-06T05:35:00+02:00,1617.910,1617.940,1617.690,1617.920,13
SQ:XAUUSD,2020-04-06T05:36:00+02:00,1617.920,1617.940,1617.700,1617.740,16
SQ:XAUUSD,2020-04-06T05:37:00+02:00,1617.740,1617.950,1617.740,1617.830,10
SQ:XAUUSD,2020-04-06T05:38:00+02:00,1617.830,1618.190,1617.830,1617.830,21
SQ:XAUUSD,2020-04-06T05:39:00+02:00,1617.780,1617.940,1617.520,1617.940,28
SQ:XAUUSD,2020-04-06T05:40:00+02:00,1617.940,1618.060,1617.940,1618.060,10
SQ:XAUUSD,2020-04-06T05:41:00+02:00,1618.040,1619.220,1618.040,1618.920,48
SQ:XAUUSD,2020-04-06T05:42:00+02:00,1618.920,1618.980,1618.400,1618.470,23
SQ:XAUUSD,2020-04-06T05:43:00+02:00,1618.570,1618.810,1618.260,1618.710,27
SQ:XAUUSD,2020-04-06T05:44:00+02:00,1618.710,1618.820,1618.320,1618.360,22
SQ:XAUUSD,2020-04-06T05:45:00+02:00,1618.370,1618.590,1618.330,1618.500,11
SQ:XAUUSD,2020-04-06T05:46:00+02:00,1618.520,1618.590,1618.320,1618.590,18
SQ:XAUUSD,2020-04-06T05:47:00+02:00,1618.550,1618.730,1618.540,1618.670,17
SQ:XAUUSD,2020-04-06T05:48:00+02:00,1618.600,1618.810,1618.300,1618.730,23
SQ:XAUUSD,2020-04-06T05:49:00+02:00,1618.730,1618.880,1618.410,1618.480,18
SQ:XAUUSD,2020-04-06T05:50:00+02:00,1618.100,1618.470,1618.060,1618.060,18
SQ:XAUUSD,2020-04-06T05:51:00+02:00,1618.050,1618.050,1617.560,1617.630,22
SQ:XAUUSD,2020-04-06T05:52:00+02:00,1617.570,1617.790,1617.530,1617.690,13
SQ:XAUUSD,2020-04-06T05:53:00+02:00,1617.690,1617.790,1617.650,1617.700,16
SQ:XAUUSD,2020-04-06T05:54:00+02:00,1617.610,1618.180,1617.490,1618.050,21
SQ:XAUUSD,2020-04-06T05:55:00+02:00,1618.050,1618.240,1617.810,1618.240,15
SQ:XAUUSD,2020-04-06T05:56:00+02:00,1618.070,1618.240,1617.940,1618.120,19
SQ:XAUUSD,2020-04-06T05:57:00+02:00,1618.120,1618.170,1617.230,1617.310,26
SQ:XAUUSD,2020-04-06T05:58:00+02:00,1616.940,1617.926,1616.190,1617.000,88
SQ:XAUUSD,2020-04-06T05:59:00+02:00,1617.010,1617.090,1616.830,1617.016,36
SQ:XAUUSD,2020-04-06T06:00:00+02:00,1617.010,1617.610,1617.010,1617.040,27
SQ:XAUUSD,2020-04-06T06:01:00+02:00,1617.040,1617.490,1616.920,1617.410,25
SQ:XAUUSD,2020-04-06T06:02:00+02:00,1617.410,1617.450,1617.260,1617.290,24
SQ:XAUUSD,2020-04-06T06:03:00+02:00,1617.290,1617.310,1616.810,1616.930,23
SQ:XAUUSD,2020-04-06T06:04:00+02:00,1617.200,1617.300,1616.750,1617.036,24
SQ:XAUUSD,2020-04-06T06:05:00+02:00,1617.046,1617.360,1616.650,1617.260,46
SQ:XAUUSD,2020-04-06T06:06:00+02:00,1617.170,1617.940,1617.170,1617.240,36
SQ:XAUUSD,2020-04-06T06:07:00+02:00,1617.240,1617.570,1617.130,1617.276,17
SQ:XAUUSD,2020-04-06T06:08:00+02:00,1617.286,1617.446,1616.990,1617.426,19
SQ:XAUUSD,2020-04-06T06:09:00+02:00,1617.416,1617.506,1617.266,1617.286,37
SQ:XAUUSD,2020-04-06T06:10:00+02:00,1617.296,1617.860,1617.186,1617.780,17
SQ:XAUUSD,2020-04-06T06:11:00+02:00,1617.830,1617.910,1617.620,1617.860,23
SQ:XAUUSD,2020-04-06T06:12:00+02:00,1617.860,1618.996,1617.750,1617.870,41
SQ:XAUUSD,2020-04-06T06:13:00+02:00,1617.870,1618.780,1617.800,1618.240,41
SQ:XAUUSD,2020-04-06T06:14:00+02:00,1618.240,1618.240,1617.680,1618.050,26
SQ:XAUUSD,2020-04-06T06:15:00+02:00,1618.040,1618.430,1617.780,1618.040,32
SQ:XAUUSD,2020-04-06T06:16:00+02:00,1618.040,1618.320,1617.960,1618.280,15
SQ:XAUUSD,2020-04-06T06:17:00+02:00,1618.280,1618.580,1618.210,1618.220,18
SQ:XAUUSD,2020-04-06T06:18:00+02:00,1618.250,1618.320,1617.090,1617.120,31
SQ:XAUUSD,2020-04-06T06:19:00+02:00,1617.010,1617.150,1616.950,1617.050,20
SQ:XAUUSD,2020-04-06T06:20:00+02:00,1617.050,1617.430,1617.050,1617.410,19
SQ:XAUUSD,2020-04-06T06:21:00+02:00,1617.410,1617.690,1616.750,1616.750,32
SQ:XAUUSD,2020-04-06T06:22:00+02:00,1616.880,1617.220,1616.630,1616.830,24
SQ:XAUUSD,2020-04-06T06:23:00+02:00,1616.830,1617.010,1616.580,1617.010,15
SQ:XAUUSD,2020-04-06T06:24:00+02:00,1617.010,1617.140,1616.790,1616.850,22
SQ:XAUUSD,2020-04-06T06:25:00+02:00,1616.850,1617.096,1616.850,1617.070,21
SQ:XAUUSD,2020-04-06T06:26:00+02:00,1617.070,1617.116,1616.806,1616.960,30
SQ:XAUUSD,2020-04-06T06:27:00+02:00,1616.960,1616.960,1616.600,1616.650,19
SQ:XAUUSD,2020-04-06T06:28:00+02:00,1616.650,1616.830,1616.600,1616.746,15
SQ:XAUUSD,2020-04-06T06:29:00+02:00,1616.676,1617.320,1616.670,1617.310,22
SQ:XAUUSD,2020-04-06T06:30:00+02:00,1617.340,1617.970,1616.550,1616.550,62
SQ:XAUUSD,2020-04-06T06:31:00+02:00,1616.556,1616.940,1616.526,1616.850,31
SQ:XAUUSD,2020-04-06T06:32:00+02:00,1616.850,1617.140,1616.850,1617.120,20
SQ:XAUUSD,2020-04-06T06:33:00+02:00,1617.120,1617.120,1616.566,1616.570,26
SQ:XAUUSD,2020-04-06T06:34:00+02:00,1616.576,1617.150,1616.570,1617.060,37
SQ:XAUUSD,2020-04-06T06:35:00+02:00,1616.990,1617.140,1616.840,1617.120,20
SQ:XAUUSD,2020-04-06T06:36:00+02:00,1617.040,1617.050,1616.090,1616.180,19
SQ:XAUUSD,2020-04-06T06:37:00+02:00,1616.180,1616.500,1616.180,1616.290,32
SQ:XAUUSD,2020-04-06T06:38:00+02:00,1616.350,1616.570,1616.290,1616.510,18
SQ:XAUUSD,2020-04-06T06:39:00+02:00,1616.520,1616.540,1616.280,1616.540,20
SQ:XAUUSD,2020-04-06T06:40:00+02:00,1616.430,1616.536,1616.220,1616.480,18
SQ:XAUUSD,2020-04-06T06:41:00+02:00,1616.510,1617.150,1616.466,1617.000,36
SQ:XAUUSD,2020-04-06T06:42:00+02:00,1616.990,1617.010,1616.620,1616.740,24
SQ:XAUUSD,2020-04-06T06:43:00+02:00,1616.650,1617.450,1616.650,1617.270,36
SQ:XAUUSD,2020-04-06T06:44:00+02:00,1617.280,1617.460,1617.250,1617.460,18
SQ:XAUUSD,2020-04-06T06:45:00+02:00,1617.450,1617.900,1617.330,1617.830,39
SQ:XAUUSD,2020-04-06T06:46:00+02:00,1617.820,1618.100,1617.530,1617.800,32
SQ:XAUUSD,2020-04-06T06:47:00+02:00,1617.920,1617.960,1617.270,1617.430,24
SQ:XAUUSD,2020-04-06T06:48:00+02:00,1617.430,1617.670,1617.030,1617.080,30
SQ:XAUUSD,2020-04-06T06:49:00+02:00,1617.080,1617.520,1617.080,1617.270,22
SQ:XAUUSD,2020-04-06T06:50:00+02:00,1617.290,1617.500,1617.120,1617.180,24
SQ:XAUUSD,2020-04-06T06:51:00+02:00,1617.230,1617.370,1616.930,1617.060,29
SQ:XAUUSD,2020-04-06T06:52:00+02:00,1617.070,1617.470,1617.070,1617.370,10
SQ:XAUUSD,2020-04-06T06:53:00+02:00,1617.390,1617.530,1617.390,1617.520,9
SQ:XAUUSD,2020-04-06T06:54:00+02:00,1617.520,1617.530,1617.280,1617.510,16
SQ:XAUUSD,2020-04-06T06:55:00+02:00,1617.520,1617.520,1617.400,1617.460,9
SQ:XAUUSD,2020-04-06T06:56:00+02:00,1617.470,1617.630,1617.400,1617.570,25
SQ:XAUUSD,2020-04-06T06:57:00+02:00,1617.570,1617.900,1617.570,1617.760,27
SQ:XAUUSD,2020-04-06T06:58:00+02:00,1617.770,1617.940,1617.750,1617.880,20
SQ:XAUUSD,2020-04-06T06:59:00+02:00,1617.880,1617.990,1617.850,1617.870,18
SQ:XAUUSD,2020-04-06T07:00:00+02:00,1617.840,1618.290,1617.840,1618.220,37
SQ:XAUUSD,2020-04-06T07:01:00+02:00,1618.170,1618.740,1617.990,1618.250,49
SQ:XAUUSD,2020-04-06T07:02:00+02:00,1618.260,1618.750,1616.860,1617.230,53
SQ:XAUUSD,2020-04-06T07:03:00+02:00,1617.230,1617.510,1617.170,1617.410,24
SQ:XAUUSD,2020-04-06T07:04:00+02:00,1617.480,1617.670,1617.340,1617.610,38
SQ:XAUUSD,2020-04-06T07:05:00+02:00,1617.610,1617.620,1617.430,1617.540,14
SQ:XAUUSD,2020-04-06T07:06:00+02:00,1617.540,1617.730,1617.500,1617.730,16
SQ:XAUUSD,2020-04-06T07:07:00+02:00,1617.750,1617.980,1617.740,1617.760,21
SQ:XAUUSD,2020-04-06T07:08:00+02:00,1617.760,1617.760,1617.310,1617.410,18
SQ:XAUUSD,2020-04-06T07:09:00+02:00,1617.410,1617.610,1617.280,1617.500,15
SQ:XAUUSD,2020-04-06T07:10:00+02:00,1617.440,1617.650,1617.390,1617.650,14
SQ:XAUUSD,2020-04-06T07:11:00+02:00,1617.640,1617.850,1617.640,1617.850,12
SQ:XAUUSD,2020-04-06T07:12:00+02:00,1617.850,1618.180,1617.680,1617.680,17
SQ:XAUUSD,2020-04-06T07:13:00+02:00,1617.680,1617.690,1616.680,1616.790,27
SQ:XAUUSD,2020-04-06T07:14:00+02:00,1616.770,1616.990,1616.490,1616.940,22
SQ:XAUUSD,2020-04-06T07:15:00+02:00,1616.940,1616.960,1615.430,1615.830,50
SQ:XAUUSD,2020-04-06T07:16:00+02:00,1615.750,1616.500,1615.650,1616.200,31
SQ:XAUUSD,2020-04-06T07:17:00+02:00,1616.200,1616.850,1616.200,1616.380,23
SQ:XAUUSD,2020-04-06T07:18:00+02:00,1616.370,1616.730,1616.370,1616.710,21
SQ:XAUUSD,2020-04-06T07:19:00+02:00,1616.700,1616.910,1616.650,1616.830,19
SQ:XAUUSD,2020-04-06T07:20:00+02:00,1616.650,1616.810,1615.960,1616.290,27
SQ:XAUUSD,2020-04-06T07:21:00+02:00,1616.280,1616.450,1616.220,1616.380,20
SQ:XAUUSD,2020-04-06T07:22:00+02:00,1616.390,1616.770,1616.220,1616.650,17
SQ:XAUUSD,2020-04-06T07:23:00+02:00,1616.700,1616.760,1616.230,1616.250,19
SQ:XAUUSD,2020-04-06T07:24:00+02:00,1616.250,1616.400,1616.130,1616.360,16
SQ:XAUUSD,2020-04-06T07:25:00+02:00,1616.360,1616.790,1616.360,1616.640,20
SQ:XAUUSD,2020-04-06T07:26:00+02:00,1616.640,1616.936,1616.626,1616.626,15
SQ:XAUUSD,2020-04-06T07:27:00+02:00,1616.676,1616.676,1616.500,1616.566,11
SQ:XAUUSD,2020-04-06T07:28:00+02:00,1616.586,1616.900,1616.410,1616.710,44
SQ:XAUUSD,2020-04-06T07:29:00+02:00,1616.690,1617.350,1616.670,1617.286,35
SQ:XAUUSD,2020-04-06T07:30:00+02:00,1617.260,1617.420,1617.030,1617.240,21
SQ:XAUUSD,2020-04-06T07:31:00+02:00,1617.230,1617.310,1616.860,1617.220,19
SQ:XAUUSD,2020-04-06T07:32:00+02:00,1617.220,1617.396,1617.180,1617.370,21
SQ:XAUUSD,2020-04-06T07:33:00+02:00,1617.370,1618.060,1616.830,1618.060,51
SQ:XAUUSD,2020-04-06T07:34:00+02:00,1618.170,1618.290,1617.690,1618.120,37
SQ:XAUUSD,2020-04-06T07:35:00+02:00,1618.060,1618.060,1617.580,1617.620,25
SQ:XAUUSD,2020-04-06T07:36:00+02:00,1617.620,1617.620,1617.470,1617.590,18
SQ:XAUUSD,2020-04-06T07:37:00+02:00,1617.590,1618.096,1617.590,1617.890,38
SQ:XAUUSD,2020-04-06T07:38:00+02:00,1617.900,1617.900,1617.480,1617.550,36
SQ:XAUUSD,2020-04-06T07:39:00+02:00,1617.550,1617.560,1616.860,1616.860,24
SQ:XAUUSD,2020-04-06T07:40:00+02:00,1616.860,1617.060,1616.810,1617.020,27
SQ:XAUUSD,2020-04-06T07:41:00+02:00,1617.020,1617.996,1616.920,1617.966,36
SQ:XAUUSD,2020-04-06T07:42:00+02:00,1617.990,1618.006,1617.686,1617.966,20
SQ:XAUUSD,2020-04-06T07:43:00+02:00,1617.966,1618.546,1617.304,1617.900,61
SQ:XAUUSD,2020-04-06T07:44:00+02:00,1617.906,1618.186,1617.780,1618.026,24
SQ:XAUUSD,2020-04-06T07:45:00+02:00,1618.026,1618.076,1616.720,1617.166,68
SQ:XAUUSD,2020-04-06T07:46:00+02:00,1617.166,1618.926,1617.166,1617.930,121
SQ:XAUUSD,2020-04-06T07:47:00+02:00,1617.914,1618.646,1617.680,1618.040,62
SQ:XAUUSD,2020-04-06T07:48:00+02:00,1618.060,1619.330,1618.020,1618.260,72
SQ:XAUUSD,2020-04-06T07:49:00+02:00,1618.250,1619.670,1617.760,1619.376,92
SQ:XAUUSD,2020-04-06T07:50:00+02:00,1619.376,1619.376,1617.730,1618.736,71
SQ:XAUUSD,2020-04-06T07:51:00+02:00,1618.596,1618.770,1617.906,1617.940,27
SQ:XAUUSD,2020-04-06T07:52:00+02:00,1617.930,1618.670,1617.916,1618.160,22
SQ:XAUUSD,2020-04-06T07:53:00+02:00,1617.936,1618.970,1617.930,1618.768,39
SQ:XAUUSD,2020-04-06T07:54:00+02:00,1618.270,1619.720,1618.270,1619.610,92
SQ:XAUUSD,2020-04-06T07:55:00+02:00,1619.710,1619.710,1618.680,1618.880,139
SQ:XAUUSD,2020-04-06T07:56:00+02:00,1618.880,1619.350,1618.690,1619.140,68
SQ:XAUUSD,2020-04-06T07:57:00+02:00,1619.140,1619.220,1618.940,1619.220,100
SQ:XAUUSD,2020-04-06T07:58:00+02:00,1619.246,1619.270,1619.070,1619.150,46
SQ:XAUUSD,2020-04-06T07:59:00+02:00,1619.150,1619.254,1618.620,1618.976,124
SQ:XAUUSD,2020-04-06T08:00:00+02:00,1618.830,1618.966,1617.980,1618.080,95
SQ:XAUUSD,2020-04-06T08:01:00+02:00,1618.150,1620.040,1618.010,1619.440,219
SQ:XAUUSD,2020-04-06T08:02:00+02:00,1619.440,1620.550,1619.430,1620.090,62
SQ:XAUUSD,2020-04-06T08:03:00+02:00,1620.090,1620.100,1619.310,1619.410,54
SQ:XAUUSD,2020-04-06T08:04:00+02:00,1619.410,1619.810,1619.220,1619.330,70
SQ:XAUUSD,2020-04-06T08:05:00+02:00,1619.330,1620.450,1619.290,1620.080,151
SQ:XAUUSD,2020-04-06T08:06:00+02:00,1620.250,1621.540,1619.950,1621.420,99
SQ:XAUUSD,2020-04-06T08:07:00+02:00,1621.430,1622.020,1620.340,1620.620,165
SQ:XAUUSD,2020-04-06T08:08:00+02:00,1620.630,1621.500,1620.240,1621.090,95
SQ:XAUUSD,2020-04-06T08:09:00+02:00,1621.084,1621.418,1620.500,1620.530,40
SQ:XAUUSD,2020-04-06T08:10:00+02:00,1620.530,1621.190,1620.530,1621.110,179
SQ:XAUUSD,2020-04-06T08:11:00+02:00,1621.020,1623.660,1621.020,1622.960,206
SQ:XAUUSD,2020-04-06T08:12:00+02:00,1622.960,1623.114,1622.180,1622.560,137
SQ:XAUUSD,2020-04-06T08:13:00+02:00,1622.350,1623.220,1621.890,1623.220,157
SQ:XAUUSD,2020-04-06T08:14:00+02:00,1623.220,1623.360,1622.960,1623.200,64
SQ:XAUUSD,2020-04-06T08:15:00+02:00,1623.200,1624.450,1623.140,1623.538,118
SQ:XAUUSD,2020-04-06T08:16:00+02:00,1623.540,1625.700,1623.430,1624.820,276
SQ:XAUUSD,2020-04-06T08:17:00+02:00,1624.820,1625.100,1624.110,1624.670,151
SQ:XAUUSD,2020-04-06T08:18:00+02:00,1624.800,1625.230,1623.700,1623.730,111
SQ:XAUUSD,2020-04-06T08:19:00+02:00,1623.870,1624.778,1620.960,1622.260,88
SQ:XAUUSD,2020-04-06T08:20:00+02:00,1622.230,1622.650,1622.010,1622.020,55
SQ:XAUUSD,2020-04-06T08:21:00+02:00,1622.020,1623.580,1621.920,1623.530,86
SQ:XAUUSD,2020-04-06T08:22:00+02:00,1623.570,1623.570,1622.830,1623.180,68
SQ:XAUUSD,2020-04-06T08:23:00+02:00,1623.180,1625.370,1623.180,1623.570,64
SQ:XAUUSD,2020-04-06T08:24:00+02:00,1623.740,1623.830,1622.120,1623.810,113
SQ:XAUUSD,2020-04-06T08:25:00+02:00,1623.810,1624.020,1621.800,1623.590,121
SQ:XAUUSD,2020-04-06T08:26:00+02:00,1623.580,1623.810,1623.240,1623.300,61
SQ:XAUUSD,2020-04-06T08:27:00+02:00,1623.300,1623.640,1622.780,1622.960,44
SQ:XAUUSD,2020-04-06T08:28:00+02:00,1622.920,1623.420,1622.750,1623.130,50
SQ:XAUUSD,2020-04-06T08:29:00+02:00,1623.120,1623.160,1622.700,1622.970,74
SQ:XAUUSD,2020-04-06T08:30:00+02:00,1622.970,1623.720,1622.890,1623.720,147
SQ:XAUUSD,2020-04-06T08:31:00+02:00,1623.720,1623.720,1623.030,1623.210,30
SQ:XAUUSD,2020-04-06T08:32:00+02:00,1623.300,1623.900,1622.830,1623.620,124
SQ:XAUUSD,2020-04-06T08:33:00+02:00,1623.620,1623.780,1623.410,1623.410,47
SQ:XAUUSD,2020-04-06T08:34:00+02:00,1623.410,1623.950,1623.410,1623.900,31
SQ:XAUUSD,2020-04-06T08:35:00+02:00,1623.900,1624.620,1623.900,1624.500,18
SQ:XAUUSD,2020-04-06T08:36:00+02:00,1624.500,1626.000,1624.500,1625.440,81
SQ:XAUUSD,2020-04-06T08:37:00+02:00,1625.440,1627.850,1624.930,1626.140,194
SQ:XAUUSD,2020-04-06T08:38:00+02:00,1626.140,1628.080,1626.140,1627.380,100
SQ:XAUUSD,2020-04-06T08:39:00+02:00,1627.430,1627.830,1626.380,1626.720,64
SQ:XAUUSD,2020-04-06T08:40:00+02:00,1626.800,1629.530,1626.290,1627.760,132
SQ:XAUUSD,2020-04-06T08:41:00+02:00,1627.760,1628.870,1626.420,1627.510,122
SQ:XAUUSD,2020-04-06T08:42:00+02:00,1627.540,1627.580,1626.170,1627.520,62
SQ:XAUUSD,2020-04-06T08:43:00+02:00,1627.520,1628.410,1626.590,1628.230,77
SQ:XAUUSD,2020-04-06T08:44:00+02:00,1628.230,1628.670,1627.370,1628.130,89
SQ:XAUUSD,2020-04-06T08:45:00+02:00,1628.140,1628.560,1627.680,1628.300,116
SQ:XAUUSD,2020-04-06T08:46:00+02:00,1628.140,1628.590,1627.828,1628.170,133
SQ:XAUUSD,2020-04-06T08:47:00+02:00,1628.190,1628.190,1627.560,1627.770,31
SQ:XAUUSD,2020-04-06T08:48:00+02:00,1627.830,1627.830,1626.890,1627.000,47
SQ:XAUUSD,2020-04-06T08:49:00+02:00,1627.040,1627.040,1623.840,1625.060,98
SQ:XAUUSD,2020-04-06T08:50:00+02:00,1624.930,1626.450,1624.930,1625.590,67
SQ:XAUUSD,2020-04-06T08:51:00+02:00,1625.590,1626.390,1625.230,1626.340,42
SQ:XAUUSD,2020-04-06T08:52:00+02:00,1626.340,1626.340,1624.880,1626.270,36
SQ:XAUUSD,2020-04-06T08:53:00+02:00,1626.270,1627.270,1625.060,1625.550,64
SQ:XAUUSD,2020-04-06T08:54:00+02:00,1625.480,1626.176,1625.106,1625.296,43
SQ:XAUUSD,2020-04-06T08:55:00+02:00,1625.376,1626.280,1625.376,1625.960,54
SQ:XAUUSD,2020-04-06T08:56:00+02:00,1625.960,1626.426,1623.770,1623.860,77
SQ:XAUUSD,2020-04-06T08:57:00+02:00,1623.890,1625.236,1623.890,1624.740,84
SQ:XAUUSD,2020-04-06T08:58:00+02:00,1624.760,1625.130,1624.740,1624.990,45
SQ:XAUUSD,2020-04-06T08:59:00+02:00,1624.990,1625.000,1623.030,1623.290,93
SQ:XAUUSD,2020-04-06T09:00:00+02:00,1624.030,1624.310,1622.390,1624.100,157
SQ:XAUUSD,2020-04-06T09:01:00+02:00,1624.100,1624.740,1623.930,1624.710,68
SQ:XAUUSD,2020-04-06T09:02:00+02:00,1624.710,1625.200,1622.840,1622.950,123
SQ:XAUUSD,2020-04-06T09:03:00+02:00,1622.950,1625.990,1622.810,1625.680,123
SQ:XAUUSD,2020-04-06T09:04:00+02:00,1625.680,1626.810,1625.680,1626.300,41
SQ:XAUUSD,2020-04-06T09:05:00+02:00,1626.300,1626.570,1626.250,1626.330,30
SQ:XAUUSD,2020-04-06T09:06:00+02:00,1626.330,1627.290,1626.260,1627.090,46
SQ:XAUUSD,2020-04-06T09:07:00+02:00,1627.090,1628.310,1626.900,1628.120,77
SQ:XAUUSD,2020-04-06T09:08:00+02:00,1628.120,1628.670,1623.200,1623.910,143
SQ:XAUUSD,2020-04-06T09:09:00+02:00,1624.000,1625.170,1623.410,1624.740,166
SQ:XAUUSD,2020-04-06T09:10:00+02:00,1624.810,1624.960,1621.430,1621.430,142
SQ:XAUUSD,2020-04-06T09:11:00+02:00,1621.430,1624.550,1621.390,1624.200,162
SQ:XAUUSD,2020-04-06T09:12:00+02:00,1624.190,1625.920,1624.120,1625.120,129
SQ:XAUUSD,2020-04-06T09:13:00+02:00,1625.090,1625.810,1624.726,1625.130,79
SQ:XAUUSD,2020-04-06T09:14:00+02:00,1625.130,1625.970,1624.310,1624.740,60
SQ:XAUUSD,2020-04-06T09:15:00+02:00,1624.740,1625.010,1624.150,1624.240,25
SQ:XAUUSD,2020-04-06T09:16:00+02:00,1624.240,1626.390,1624.240,1624.900,159
SQ:XAUUSD,2020-04-06T09:17:00+02:00,1624.940,1627.290,1624.670,1626.940,215
SQ:XAUUSD,2020-04-06T09:18:00+02:00,1626.940,1626.940,1625.830,1625.830,188
SQ:XAUUSD,2020-04-06T09:19:00+02:00,1625.830,1626.220,1625.250,1625.330,30
SQ:XAUUSD,2020-04-06T09:20:00+02:00,1625.350,1626.130,1625.300,1625.320,42
SQ:XAUUSD,2020-04-06T09:21:00+02:00,1625.250,1625.600,1624.960,1625.600,35
SQ:XAUUSD,2020-04-06T09:22:00+02:00,1625.560,1626.400,1625.140,1625.210,128
SQ:XAUUSD,2020-04-06T09:23:00+02:00,1625.210,1625.500,1624.890,1625.290,111
SQ:XAUUSD,2020-04-06T09:24:00+02:00,1625.290,1625.660,1625.140,1625.140,43
SQ:XAUUSD,2020-04-06T09:25:00+02:00,1625.140,1625.760,1624.910,1625.490,46
SQ:XAUUSD,2020-04-06T09:26:00+02:00,1625.460,1626.510,1625.430,1626.510,38
SQ:XAUUSD,2020-04-06T09:27:00+02:00,1626.510,1627.350,1626.180,1626.180,74
SQ:XAUUSD,2020-04-06T09:28:00+02:00,1626.050,1626.710,1625.860,1626.700,38
SQ:XAUUSD,2020-04-06T09:29:00+02:00,1626.700,1626.760,1626.320,1626.460,35
SQ:XAUUSD,2020-04-06T09:30:00+02:00,1626.460,1626.980,1626.150,1626.830,173
SQ:XAUUSD,2020-04-06T09:31:00+02:00,1626.800,1627.230,1626.640,1626.910,153
SQ:XAUUSD,2020-04-06T09:32:00+02:00,1626.910,1628.010,1626.616,1627.520,214
SQ:XAUUSD,2020-04-06T09:33:00+02:00,1627.520,1628.120,1627.080,1627.210,171
SQ:XAUUSD,2020-04-06T09:34:00+02:00,1627.310,1628.620,1627.310,1627.860,139
SQ:XAUUSD,2020-04-06T09:35:00+02:00,1627.880,1628.200,1626.800,1627.220,100
SQ:XAUUSD,2020-04-06T09:36:00+02:00,1627.220,1627.630,1626.390,1626.670,72
SQ:XAUUSD,2020-04-06T09:37:00+02:00,1626.646,1627.460,1626.060,1626.970,82
SQ:XAUUSD,2020-04-06T09:38:00+02:00,1626.970,1629.126,1626.970,1628.210,111
SQ:XAUUSD,2020-04-06T09:39:00+02:00,1628.220,1629.340,1627.770,1628.380,109
SQ:XAUUSD,2020-04-06T09:40:00+02:00,1628.430,1630.300,1627.660,1629.590,189
SQ:XAUUSD,2020-04-06T09:41:00+02:00,1629.590,1630.066,1628.670,1629.290,135
SQ:XAUUSD,2020-04-06T09:42:00+02:00,1629.290,1629.790,1627.880,1628.300,163
SQ:XAUUSD,2020-04-06T09:43:00+02:00,1628.300,1629.270,1627.850,1628.656,96
SQ:XAUUSD,2020-04-06T09:44:00+02:00,1628.636,1629.296,1628.080,1628.280,94
SQ:XAUUSD,2020-04-06T09:45:00+02:00,1628.270,1628.980,1628.180,1628.780,169
SQ:XAUUSD,2020-04-06T09:46:00+02:00,1628.740,1629.480,1628.710,1629.050,198
SQ:XAUUSD,2020-04-06T09:47:00+02:00,1629.050,1630.050,1628.730,1629.450,216
SQ:XAUUSD,2020-04-06T09:48:00+02:00,1629.500,1631.150,1629.350,1630.520,161
SQ:XAUUSD,2020-04-06T09:49:00+02:00,1630.600,1630.860,1629.840,1630.860,91
SQ:XAUUSD,2020-04-06T09:50:00+02:00,1630.860,1630.860,1629.790,1630.310,65
SQ:XAUUSD,2020-04-06T09:51:00+02:00,1630.260,1630.460,1629.760,1630.140,50
SQ:XAUUSD,2020-04-06T09:52:00+02:00,1630.140,1631.920,1629.920,1630.060,167
SQ:XAUUSD,2020-04-06T09:53:00+02:00,1630.060,1631.490,1630.040,1630.760,113
SQ:XAUUSD,2020-04-06T09:54:00+02:00,1630.770,1631.162,1630.070,1630.770,76
SQ:XAUUSD,2020-04-06T09:55:00+02:00,1630.780,1632.730,1630.730,1631.680,84
SQ:XAUUSD,2020-04-06T09:56:00+02:00,1631.680,1632.420,1631.230,1631.250,79
SQ:XAUUSD,2020-04-06T09:57:00+02:00,1631.370,1632.160,1631.220,1631.560,45
SQ:XAUUSD,2020-04-06T09:58:00+02:00,1631.560,1631.640,1630.930,1631.600,40
SQ:XAUUSD,2020-04-06T09:59:00+02:00,1631.600,1631.970,1630.920,1630.920,38
SQ:XAUUSD,2020-04-06T10:00:00+02:00,1630.920,1632.110,1630.920,1631.380,63
SQ:XAUUSD,2020-04-06T10:01:00+02:00,1631.380,1631.670,1631.180,1631.370,43
SQ:XAUUSD,2020-04-06T10:02:00+02:00,1631.370,1631.740,1630.900,1631.680,81
SQ:XAUUSD,2020-04-06T10:03:00+02:00,1631.820,1631.820,1631.090,1631.130,38
SQ:XAUUSD,2020-04-06T10:04:00+02:00,1631.130,1631.540,1630.420,1630.760,35
SQ:XAUUSD,2020-04-06T10:05:00+02:00,1630.760,1630.770,1629.060,1629.180,85
SQ:XAUUSD,2020-04-06T10:06:00+02:00,1629.140,1629.460,1629.050,1629.210,44
SQ:XAUUSD,2020-04-06T10:07:00+02:00,1629.160,1629.550,1627.600,1629.400,70
SQ:XAUUSD,2020-04-06T10:08:00+02:00,1629.400,1630.332,1628.730,1630.332,49
SQ:XAUUSD,2020-04-06T10:09:00+02:00,1630.272,1631.300,1630.218,1630.950,65
SQ:XAUUSD,2020-04-06T10:10:00+02:00,1630.950,1631.100,1630.430,1631.080,219
SQ:XAUUSD,2020-04-06T10:11:00+02:00,1630.970,1631.280,1630.070,1630.370,246
SQ:XAUUSD,2020-04-06T10:12:00+02:00,1630.280,1630.470,1629.960,1630.180,72
SQ:XAUUSD,2020-04-06T10:13:00+02:00,1630.180,1631.210,1629.920,1631.210,131
SQ:XAUUSD,2020-04-06T10:14:00+02:00,1631.210,1631.210,1630.450,1630.580,219
SQ:XAUUSD,2020-04-06T10:15:00+02:00,1630.580,1631.710,1630.430,1631.710,178
SQ:XAUUSD,2020-04-06T10:16:00+02:00,1631.710,1631.730,1631.320,1631.680,52
SQ:XAUUSD,2020-04-06T10:17:00+02:00,1631.670,1631.900,1631.170,1631.510,54
SQ:XAUUSD,2020-04-06T10:18:00+02:00,1631.510,1632.148,1631.290,1631.448,77
SQ:XAUUSD,2020-04-06T10:19:00+02:00,1631.310,1631.790,1631.210,1631.660,35
SQ:XAUUSD,2020-04-06T10:20:00+02:00,1631.660,1631.720,1631.130,1631.300,54
SQ:XAUUSD,2020-04-06T10:21:00+02:00,1631.290,1631.690,1631.290,1631.660,32
SQ:XAUUSD,2020-04-06T10:22:00+02:00,1631.690,1633.270,1631.690,1631.960,90
SQ:XAUUSD,2020-04-06T10:23:00+02:00,1631.960,1632.090,1631.170,1631.390,45
SQ:XAUUSD,2020-04-06T10:24:00+02:00,1631.400,1631.880,1631.300,1631.540,70
SQ:XAUUSD,2020-04-06T10:25:00+02:00,1631.530,1633.070,1631.260,1631.850,144
SQ:XAUUSD,2020-04-06T10:26:00+02:00,1631.930,1632.110,1631.110,1631.970,27
SQ:XAUUSD,2020-04-06T10:27:00+02:00,1631.970,1632.150,1631.460,1631.960,30
SQ:XAUUSD,2020-04-06T10:28:00+02:00,1631.910,1632.240,1631.490,1631.632,52
SQ:XAUUSD,2020-04-06T10:29:00+02:00,1631.684,1632.102,1631.684,1632.070,63
SQ:XAUUSD,2020-04-06T10:30:00+02:00,1632.070,1632.376,1631.690,1632.120,44
SQ:XAUUSD,2020-04-06T10:31:00+02:00,1632.220,1632.820,1631.400,1632.040,111
SQ:XAUUSD,2020-04-06T10:32:00+02:00,1631.970,1632.180,1631.480,1631.540,41
SQ:XAUUSD,2020-04-06T10:33:00+02:00,1631.470,1632.434,1631.470,1631.970,87
SQ:XAUUSD,2020-04-06T10:34:00+02:00,1631.960,1632.280,1631.810,1632.150,83
SQ:XAUUSD,2020-04-06T10:35:00+02:00,1632.080,1632.200,1631.650,1631.990,46
SQ:XAUUSD,2020-04-06T10:36:00+02:00,1632.090,1632.210,1631.990,1632.050,69
SQ:XAUUSD,2020-04-06T10:37:00+02:00,1632.050,1632.050,1631.310,1631.750,99
SQ:XAUUSD,2020-04-06T10:38:00+02:00,1631.720,1632.220,1631.630,1631.800,111
SQ:XAUUSD,2020-04-06T10:39:00+02:00,1631.980,1632.790,1631.980,1632.120,41
SQ:XAUUSD,2020-04-06T10:40:00+02:00,1632.070,1632.070,1631.810,1631.960,12
SQ:XAUUSD,2020-04-06T10:42:00+02:00,1631.100,1632.400,1631.100,1632.400,37
SQ:XAUUSD,2020-04-06T10:43:00+02:00,1632.400,1632.640,1632.290,1632.340,27
SQ:XAUUSD,2020-04-06T10:44:00+02:00,1632.340,1632.780,1632.030,1632.050,43
SQ:XAUUSD,2020-04-06T10:45:00+02:00,1632.050,1633.020,1631.520,1631.720,74
SQ:XAUUSD,2020-04-06T10:46:00+02:00,1631.720,1632.890,1631.720,1632.290,141
SQ:XAUUSD,2020-04-06T10:47:00+02:00,1632.290,1634.520,1632.290,1633.400,115
SQ:XAUUSD,2020-04-06T10:48:00+02:00,1633.380,1634.180,1632.780,1632.780,68
SQ:XAUUSD,2020-04-06T10:49:00+02:00,1632.780,1632.780,1632.750,1632.760,3
SQ:XAUUSD,2020-04-06T10:50:00+02:00,1632.780,1633.310,1632.750,1633.170,26
SQ:XAUUSD,2020-04-06T10:51:00+02:00,1633.240,1633.530,1633.230,1633.440,15
SQ:XAUUSD,2020-04-06T10:52:00+02:00,1633.440,1633.480,1633.330,1633.330,9
SQ:XAUUSD,2020-04-06T10:53:00+02:00,1633.330,1634.890,1633.330,1634.290,90
SQ:XAUUSD,2020-04-06T10:54:00+02:00,1634.290,1635.410,1634.270,1635.120,100
SQ:XAUUSD,2020-04-06T10:55:00+02:00,1635.120,1635.530,1634.600,1635.400,89
SQ:XAUUSD,2020-04-06T10:56:00+02:00,1635.320,1635.600,1634.730,1635.220,64
SQ:XAUUSD,2020-04-06T10:57:00+02:00,1635.200,1635.520,1634.860,1635.330,61
SQ:XAUUSD,2020-04-06T10:58:00+02:00,1635.410,1635.410,1634.750,1635.340,35
SQ:XAUUSD,2020-04-06T10:59:00+02:00,1635.400,1636.320,1634.720,1636.120,94
SQ:XAUUSD,2020-04-06T11:00:00+02:00,1636.120,1637.070,1635.270,1637.040,109
SQ:XAUUSD,2020-04-06T11:01:00+02:00,1636.910,1637.540,1635.730,1637.480,107
SQ:XAUUSD,2020-04-06T11:02:00+02:00,1637.420,1637.580,1635.950,1636.180,88
SQ:XAUUSD,2020-04-06T11:03:00+02:00,1636.610,1636.970,1636.240,1636.690,80
SQ:XAUUSD,2020-04-06T11:04:00+02:00,1636.680,1637.550,1636.340,1636.820,76
SQ:XAUUSD,2020-04-06T11:05:00+02:00,1636.820,1637.350,1636.400,1636.990,101
SQ:XAUUSD,2020-04-06T11:06:00+02:00,1636.940,1636.940,1636.470,1636.570,217
SQ:XAUUSD,2020-04-06T11:07:00+02:00,1636.540,1636.910,1635.960,1636.110,66
SQ:XAUUSD,2020-04-06T11:08:00+02:00,1636.110,1636.570,1636.030,1636.330,38
SQ:XAUUSD,2020-04-06T11:09:00+02:00,1636.330,1636.720,1636.080,1636.140,43
SQ:XAUUSD,2020-04-06T11:10:00+02:00,1636.140,1636.810,1635.230,1636.060,97
SQ:XAUUSD,2020-04-06T11:11:00+02:00,1636.080,1636.540,1635.620,1636.260,51
SQ:XAUUSD,2020-04-06T11:12:00+02:00,1636.260,1637.220,1635.820,1636.670,59
SQ:XAUUSD,2020-04-06T11:13:00+02:00,1636.670,1636.670,1636.040,1636.040,27
SQ:XAUUSD,2020-04-06T11:14:00+02:00,1636.010,1636.330,1635.950,1636.110,61
SQ:XAUUSD,2020-04-06T11:15:00+02:00,1636.110,1636.220,1634.370,1635.030,106
SQ:XAUUSD,2020-04-06T11:16:00+02:00,1634.990,1635.550,1634.910,1635.350,59
SQ:XAUUSD,2020-04-06T11:17:00+02:00,1635.350,1635.490,1634.280,1634.600,126
SQ:XAUUSD,2020-04-06T11:18:00+02:00,1634.650,1634.750,1633.930,1634.130,183
SQ:XAUUSD,2020-04-06T11:19:00+02:00,1634.130,1634.240,1633.850,1634.050,202
SQ:XAUUSD,2020-04-06T11:20:00+02:00,1634.170,1635.400,1634.080,1635.140,89
SQ:XAUUSD,2020-04-06T11:21:00+02:00,1635.070,1635.910,1634.950,1634.950,47
SQ:XAUUSD,2020-04-06T11:22:00+02:00,1634.950,1634.950,1633.910,1634.340,174
SQ:XAUUSD,2020-04-06T11:23:00+02:00,1634.340,1636.110,1634.310,1635.710,81
SQ:XAUUSD,2020-04-06T11:24:00+02:00,1635.710,1635.710,1635.030,1635.110,11
SQ:XAUUSD,2020-04-06T11:25:00+02:00,1635.110,1635.780,1635.080,1635.080,54
SQ:XAUUSD,2020-04-06T11:26:00+02:00,1635.110,1635.360,1634.860,1634.940,37
SQ:XAUUSD,2020-04-06T11:27:00+02:00,1634.880,1635.510,1634.860,1635.130,33
SQ:XAUUSD,2020-04-06T11:28:00+02:00,1635.130,1635.130,1634.390,1634.430,29
SQ:XAUUSD,2020-04-06T11:29:00+02:00,1634.460,1635.210,1634.190,1635.130,75
SQ:XAUUSD,2020-04-06T11:30:00+02:00,1635.130,1636.430,1635.110,1636.200,79
SQ:XAUUSD,2020-04-06T11:31:00+02:00,1636.200,1636.750,1636.150,1636.620,105
SQ:XAUUSD,2020-04-06T11:32:00+02:00,1636.620,1637.140,1635.900,1635.910,68
SQ:XAUUSD,2020-04-06T11:33:00+02:00,1635.910,1636.370,1635.100,1635.300,104
SQ:XAUUSD,2020-04-06T11:34:00+02:00,1635.300,1636.160,1635.200,1635.660,40
SQ:XAUUSD,2020-04-06T11:35:00+02:00,1635.660,1636.540,1635.230,1635.460,48
SQ:XAUUSD,2020-04-06T11:36:00+02:00,1635.510,1635.660,1635.120,1635.120,38
SQ:XAUUSD,2020-04-06T11:37:00+02:00,1635.140,1635.220,1634.640,1634.890,39
SQ:XAUUSD,2020-04-06T11:38:00+02:00,1634.880,1634.980,1634.060,1634.250,40
SQ:XAUUSD,2020-04-06T11:39:00+02:00,1634.250,1634.620,1633.970,1634.230,105
SQ:XAUUSD,2020-04-06T11:40:00+02:00,1634.230,1635.100,1634.230,1635.080,130
SQ:XAUUSD,2020-04-06T11:41:00+02:00,1635.030,1636.220,1634.870,1635.190,54
SQ:XAUUSD,2020-04-06T11:42:00+02:00,1635.190,1635.340,1634.900,1635.320,158
SQ:XAUUSD,2020-04-06T11:43:00+02:00,1635.320,1635.890,1634.550,1635.580,81
SQ:XAUUSD,2020-04-06T11:44:00+02:00,1635.460,1635.460,1634.960,1635.180,42
SQ:XAUUSD,2020-04-06T11:45:00+02:00,1635.180,1635.800,1634.500,1635.470,58
SQ:XAUUSD,2020-04-06T11:46:00+02:00,1635.470,1636.000,1635.240,1636.000,16
SQ:XAUUSD,2020-04-06T11:47:00+02:00,1635.970,1635.970,1634.770,1634.770,20
SQ:XAUUSD,2020-04-06T11:48:00+02:00,1634.770,1634.780,1633.610,1634.420,66
SQ:XAUUSD,2020-04-06T11:49:00+02:00,1634.400,1634.960,1634.250,1634.420,51
SQ:XAUUSD,2020-04-06T11:50:00+02:00,1634.530,1634.540,1633.950,1634.540,66
SQ:XAUUSD,2020-04-06T11:51:00+02:00,1634.540,1634.740,1634.170,1634.600,94
SQ:XAUUSD,2020-04-06T11:52:00+02:00,1634.600,1634.600,1634.130,1634.180,40
SQ:XAUUSD,2020-04-06T11:53:00+02:00,1634.180,1634.230,1634.080,1634.180,11
SQ:XAUUSD,2020-04-06T11:54:00+02:00,1634.180,1634.730,1634.080,1634.730,25
SQ:XAUUSD,2020-04-06T11:55:00+02:00,1634.780,1636.220,1634.780,1635.690,70
SQ:XAUUSD,2020-04-06T11:56:00+02:00,1635.690,1635.980,1634.950,1635.560,78
SQ:XAUUSD,2020-04-06T11:57:00+02:00,1635.530,1635.710,1634.550,1634.900,69
SQ:XAUUSD,2020-04-06T11:58:00+02:00,1634.940,1635.230,1634.460,1634.490,54
SQ:XAUUSD,2020-04-06T11:59:00+02:00,1634.490,1634.580,1634.400,1634.400,23
SQ:XAUUSD,2020-04-06T12:00:00+02:00,1634.400,1634.720,1634.050,1634.460,43
SQ:XAUUSD,2020-04-06T12:01:00+02:00,1634.460,1634.570,1633.740,1634.150,72
SQ:XAUUSD,2020-04-06T12:02:00+02:00,1634.150,1634.880,1633.880,1633.880,124
SQ:XAUUSD,2020-04-06T12:03:00+02:00,1633.890,1634.280,1633.850,1634.180,63
SQ:XAUUSD,2020-04-06T12:04:00+02:00,1634.180,1634.730,1634.060,1634.730,43
SQ:XAUUSD,2020-04-06T12:05:00+02:00,1634.560,1634.780,1634.340,1634.490,107
SQ:XAUUSD,2020-04-06T12:06:00+02:00,1634.490,1634.610,1634.100,1634.550,107
SQ:XAUUSD,2020-04-06T12:07:00+02:00,1634.550,1634.550,1633.980,1634.120,244
SQ:XAUUSD,2020-04-06T12:08:00+02:00,1634.120,1634.550,1633.410,1633.710,101
SQ:XAUUSD,2020-04-06T12:09:00+02:00,1633.620,1633.990,1633.240,1633.260,193
SQ:XAUUSD,2020-04-06T12:10:00+02:00,1633.300,1634.270,1632.740,1634.170,146
SQ:XAUUSD,2020-04-06T12:11:00+02:00,1634.170,1634.280,1633.680,1633.830,29
SQ:XAUUSD,2020-04-06T12:12:00+02:00,1633.830,1633.840,1633.110,1633.320,114
SQ:XAUUSD,2020-04-06T12:13:00+02:00,1633.360,1633.640,1632.500,1633.050,239
SQ:XAUUSD,2020-04-06T12:14:00+02:00,1633.080,1633.530,1632.670,1633.530,223
SQ:XAUUSD,2020-04-06T12:15:00+02:00,1633.530,1633.530,1632.730,1632.730,29
SQ:XAUUSD,2020-04-06T12:16:00+02:00,1632.730,1632.730,1632.270,1632.590,37
SQ:XAUUSD,2020-04-06T12:17:00+02:00,1632.590,1632.700,1631.960,1631.970,21
SQ:XAUUSD,2020-04-06T12:18:00+02:00,1631.970,1633.810,1631.730,1633.750,65
SQ:XAUUSD,2020-04-06T12:19:00+02:00,1633.750,1634.690,1633.630,1634.470,59
SQ:XAUUSD,2020-04-06T12:20:00+02:00,1634.470,1635.810,1634.220,1634.340,146
SQ:XAUUSD,2020-04-06T12:21:00+02:00,1634.340,1634.780,1633.960,1634.730,104
SQ:XAUUSD,2020-04-06T12:22:00+02:00,1634.770,1635.160,1634.290,1634.910,282
SQ:XAUUSD,2020-04-06T12:23:00+02:00,1634.910,1635.920,1634.910,1635.310,162
SQ:XAUUSD,2020-04-06T12:24:00+02:00,1635.310,1635.310,1634.460,1634.750,63
SQ:XAUUSD,2020-04-06T12:25:00+02:00,1634.760,1634.800,1634.510,1634.510,6
SQ:XAUUSD,2020-04-06T12:26:00+02:00,1634.510,1635.160,1634.510,1635.130,25
SQ:XAUUSD,2020-04-06T12:27:00+02:00,1635.130,1635.130,1634.490,1634.700,19
SQ:XAUUSD,2020-04-06T12:28:00+02:00,1634.780,1635.210,1634.780,1634.950,26
SQ:XAUUSD,2020-04-06T12:29:00+02:00,1634.930,1635.430,1634.930,1635.300,32
SQ:XAUUSD,2020-04-06T12:30:00+02:00,1635.300,1635.980,1635.050,1635.190,40
SQ:XAUUSD,2020-04-06T12:31:00+02:00,1635.190,1635.310,1634.690,1634.700,82
SQ:XAUUSD,2020-04-06T12:32:00+02:00,1634.740,1635.130,1634.680,1634.880,113
SQ:XAUUSD,2020-04-06T12:33:00+02:00,1634.850,1635.010,1634.620,1634.710,114
SQ:XAUUSD,2020-04-06T12:34:00+02:00,1634.710,1635.190,1634.690,1634.990,117
SQ:XAUUSD,2020-04-06T12:35:00+02:00,1634.990,1635.370,1634.790,1634.860,31
SQ:XAUUSD,2020-04-06T12:36:00+02:00,1634.860,1634.860,1634.670,1634.688,37
SQ:XAUUSD,2020-04-06T12:37:00+02:00,1634.650,1634.988,1634.650,1634.840,67
SQ:XAUUSD,2020-04-06T12:38:00+02:00,1634.820,1634.998,1634.820,1634.990,19
SQ:XAUUSD,2020-04-06T12:39:00+02:00,1634.990,1635.020,1634.820,1634.880,91
SQ:XAUUSD,2020-04-06T12:40:00+02:00,1634.880,1634.920,1634.688,1634.800,58
SQ:XAUUSD,2020-04-06T12:41:00+02:00,1634.800,1634.960,1634.290,1634.320,63
SQ:XAUUSD,2020-04-06T12:42:00+02:00,1634.580,1634.670,1634.220,1634.310,36
SQ:XAUUSD,2020-04-06T12:43:00+02:00,1634.400,1634.830,1634.180,1634.440,51
SQ:XAUUSD,2020-04-06T12:44:00+02:00,1634.440,1634.890,1634.440,1634.610,72
SQ:XAUUSD,2020-04-06T12:45:00+02:00,1634.610,1634.630,1634.320,1634.440,52
SQ:XAUUSD,2020-04-06T12:46:00+02:00,1634.380,1634.930,1634.350,1634.870,46
SQ:XAUUSD,2020-04-06T12:47:00+02:00,1634.840,1634.980,1634.770,1634.850,48
SQ:XAUUSD,2020-04-06T12:48:00+02:00,1634.810,1635.210,1634.180,1634.580,159
SQ:XAUUSD,2020-04-06T12:49:00+02:00,1634.610,1634.950,1634.090,1634.560,165
SQ:XAUUSD,2020-04-06T12:50:00+02:00,1634.570,1635.430,1634.380,1635.430,156
SQ:XAUUSD,2020-04-06T12:51:00+02:00,1635.430,1636.310,1635.060,1635.850,143
SQ:XAUUSD,2020-04-06T12:52:00+02:00,1635.880,1636.730,1635.070,1635.110,91
SQ:XAUUSD,2020-04-06T12:53:00+02:00,1635.110,1635.510,1634.640,1635.110,153
SQ:XAUUSD,2020-04-06T12:54:00+02:00,1635.110,1636.540,1635.090,1635.680,160
SQ:XAUUSD,2020-04-06T12:55:00+02:00,1635.680,1636.880,1635.440,1636.470,140
SQ:XAUUSD,2020-04-06T12:56:00+02:00,1636.470,1636.980,1636.250,1636.480,120
SQ:XAUUSD,2020-04-06T12:57:00+02:00,1636.480,1637.210,1635.950,1636.660,125
SQ:XAUUSD,2020-04-06T12:58:00+02:00,1636.660,1637.460,1635.940,1636.480,165
SQ:XAUUSD,2020-04-06T12:59:00+02:00,1636.520,1637.000,1636.180,1636.680,133
SQ:XAUUSD,2020-04-06T13:00:00+02:00,1636.720,1637.500,1636.320,1636.730,110
SQ:XAUUSD,2020-04-06T13:01:00+02:00,1636.730,1636.730,1635.720,1636.530,93
SQ:XAUUSD,2020-04-06T13:02:00+02:00,1636.410,1636.830,1636.230,1636.530,66
SQ:XAUUSD,2020-04-06T13:03:00+02:00,1636.530,1637.260,1636.450,1636.870,159
SQ:XAUUSD,2020-04-06T13:04:00+02:00,1636.810,1637.240,1636.570,1636.690,121
SQ:XAUUSD,2020-04-06T13:05:00+02:00,1636.750,1636.930,1636.230,1636.360,63
SQ:XAUUSD,2020-04-06T13:06:00+02:00,1636.360,1636.580,1636.090,1636.110,113
SQ:XAUUSD,2020-04-06T13:07:00+02:00,1636.150,1636.310,1635.990,1636.130,37
SQ:XAUUSD,2020-04-06T13:08:00+02:00,1636.130,1636.300,1636.070,1636.080,59
SQ:XAUUSD,2020-04-06T13:09:00+02:00,1636.050,1636.300,1636.050,1636.180,29
SQ:XAUUSD,2020-04-06T13:10:00+02:00,1636.200,1636.290,1635.530,1635.690,61
SQ:XAUUSD,2020-04-06T13:11:00+02:00,1635.750,1636.100,1635.580,1635.720,76
SQ:XAUUSD,2020-04-06T13:12:00+02:00,1635.720,1635.810,1635.520,1635.650,30
SQ:XAUUSD,2020-04-06T13:13:00+02:00,1635.650,1635.750,1635.400,1635.430,14
SQ:XAUUSD,2020-04-06T13:14:00+02:00,1635.430,1635.590,1635.430,1635.450,38
SQ:XAUUSD,2020-04-06T13:15:00+02:00,1635.440,1635.906,1635.440,1635.680,40
SQ:XAUUSD,2020-04-06T13:16:00+02:00,1635.874,1636.030,1635.630,1636.030,38
SQ:XAUUSD,2020-04-06T13:17:00+02:00,1636.066,1636.660,1636.030,1636.600,104
SQ:XAUUSD,2020-04-06T13:18:00+02:00,1636.600,1637.130,1636.520,1636.670,68
SQ:XAUUSD,2020-04-06T13:19:00+02:00,1636.700,1637.770,1636.700,1637.770,89
SQ:XAUUSD,2020-04-06T13:20:00+02:00,1637.430,1637.790,1636.820,1637.400,95
SQ:XAUUSD,2020-04-06T13:21:00+02:00,1637.460,1641.530,1636.780,1640.030,202
SQ:XAUUSD,2020-04-06T13:22:00+02:00,1640.030,1640.930,1639.160,1640.320,176
SQ:XAUUSD,2020-04-06T13:23:00+02:00,1640.320,1640.320,1639.390,1639.510,68
SQ:XAUUSD,2020-04-06T13:24:00+02:00,1639.510,1641.240,1639.400,1640.780,148
SQ:XAUUSD,2020-04-06T13:25:00+02:00,1640.780,1642.620,1640.650,1642.480,152
SQ:XAUUSD,2020-04-06T13:26:00+02:00,1642.480,1642.590,1641.820,1642.180,112
SQ:XAUUSD,2020-04-06T13:27:00+02:00,1642.270,1642.380,1640.580,1641.240,80
SQ:XAUUSD,2020-04-06T13:28:00+02:00,1641.240,1641.510,1640.400,1640.620,52
SQ:XAUUSD,2020-04-06T13:29:00+02:00,1640.620,1640.850,1636.680,1637.300,122
SQ:XAUUSD,2020-04-06T13:30:00+02:00,1637.360,1638.278,1636.840,1637.590,76
SQ:XAUUSD,2020-04-06T13:31:00+02:00,1637.590,1638.488,1637.238,1637.238,112
SQ:XAUUSD,2020-04-06T13:32:00+02:00,1637.238,1637.900,1637.030,1637.520,61
SQ:XAUUSD,2020-04-06T13:33:00+02:00,1637.520,1637.820,1636.390,1636.680,110
SQ:XAUUSD,2020-04-06T13:34:00+02:00,1636.790,1637.520,1636.710,1636.910,160
SQ:XAUUSD,2020-04-06T13:35:00+02:00,1636.920,1637.040,1636.450,1636.820,49
SQ:XAUUSD,2020-04-06T13:36:00+02:00,1636.820,1638.340,1636.810,1637.610,106
SQ:XAUUSD,2020-04-06T13:37:00+02:00,1637.620,1638.190,1637.380,1638.000,176
SQ:XAUUSD,2020-04-06T13:38:00+02:00,1638.000,1638.750,1637.260,1638.750,96
SQ:XAUUSD,2020-04-06T13:39:00+02:00,1638.770,1639.330,1638.470,1638.870,133
SQ:XAUUSD,2020-04-06T13:40:00+02:00,1638.870,1639.450,1638.390,1638.860,179
SQ:XAUUSD,2020-04-06T13:41:00+02:00,1638.860,1640.100,1638.850,1640.050,128
SQ:XAUUSD,2020-04-06T13:42:00+02:00,1640.050,1640.050,1638.440,1639.130,89
SQ:XAUUSD,2020-04-06T13:43:00+02:00,1639.130,1639.530,1638.550,1639.190,177
SQ:XAUUSD,2020-04-06T13:44:00+02:00,1639.330,1639.630,1639.240,1639.440,39
SQ:XAUUSD,2020-04-06T13:45:00+02:00,1639.440,1639.440,1637.880,1638.270,71
SQ:XAUUSD,2020-04-06T13:46:00+02:00,1638.220,1638.580,1637.120,1637.600,179
SQ:XAUUSD,2020-04-06T13:47:00+02:00,1637.560,1639.110,1637.560,1638.740,103
SQ:XAUUSD,2020-04-06T13:48:00+02:00,1638.740,1639.200,1638.540,1638.950,64
SQ:XAUUSD,2020-04-06T13:49:00+02:00,1638.950,1639.180,1638.310,1639.170,84
SQ:XAUUSD,2020-04-06T13:50:00+02:00,1639.170,1639.830,1638.858,1639.570,97
SQ:XAUUSD,2020-04-06T13:51:00+02:00,1639.570,1639.980,1639.100,1639.330,145
SQ:XAUUSD,2020-04-06T13:52:00+02:00,1639.330,1640.750,1639.260,1640.660,140
SQ:XAUUSD,2020-04-06T13:53:00+02:00,1640.710,1641.200,1639.930,1640.490,131
SQ:XAUUSD,2020-04-06T13:54:00+02:00,1640.460,1641.444,1640.150,1640.790,75
SQ:XAUUSD,2020-04-06T13:55:00+02:00,1640.880,1642.890,1640.880,1642.080,185
SQ:XAUUSD,2020-04-06T13:56:00+02:00,1642.160,1642.850,1641.130,1641.950,84
SQ:XAUUSD,2020-04-06T13:57:00+02:00,1641.290,1642.300,1641.060,1641.370,82
SQ:XAUUSD,2020-04-06T13:58:00+02:00,1641.370,1641.876,1640.980,1641.666,70
SQ:XAUUSD,2020-04-06T13:59:00+02:00,1641.666,1641.666,1639.166,1639.650,124
SQ:XAUUSD,2020-04-06T14:00:00+02:00,1639.650,1640.580,1638.940,1639.640,152
SQ:XAUUSD,2020-04-06T14:01:00+02:00,1639.640,1639.640,1638.910,1638.980,182
SQ:XAUUSD,2020-04-06T14:02:00+02:00,1639.010,1639.840,1638.410,1639.460,189
SQ:XAUUSD,2020-04-06T14:03:00+02:00,1639.460,1640.550,1639.460,1640.420,94
SQ:XAUUSD,2020-04-06T14:04:00+02:00,1640.420,1640.740,1639.980,1640.640,148
SQ:XAUUSD,2020-04-06T14:05:00+02:00,1640.640,1640.700,1639.840,1639.840,49
SQ:XAUUSD,2020-04-06T14:06:00+02:00,1639.840,1640.740,1639.790,1640.440,59
SQ:XAUUSD,2020-04-06T14:07:00+02:00,1640.440,1641.040,1640.440,1640.480,52
SQ:XAUUSD,2020-04-06T14:08:00+02:00,1640.480,1641.540,1640.400,1641.540,63
SQ:XAUUSD,2020-04-06T14:09:00+02:00,1641.170,1643.230,1641.140,1643.040,98
SQ:XAUUSD,2020-04-06T14:10:00+02:00,1643.040,1643.040,1641.390,1642.440,54
SQ:XAUUSD,2020-04-06T14:11:00+02:00,1642.590,1642.590,1640.950,1641.790,104
SQ:XAUUSD,2020-04-06T14:12:00+02:00,1640.950,1641.740,1639.316,1640.130,125
SQ:XAUUSD,2020-04-06T14:13:00+02:00,1640.130,1640.130,1637.820,1638.390,142
SQ:XAUUSD,2020-04-06T14:14:00+02:00,1638.390,1639.790,1637.870,1639.230,116
SQ:XAUUSD,2020-04-06T14:15:00+02:00,1639.230,1639.840,1638.030,1638.030,93
SQ:XAUUSD,2020-04-06T14:16:00+02:00,1638.030,1639.390,1638.030,1639.130,61
SQ:XAUUSD,2020-04-06T14:17:00+02:00,1639.490,1639.626,1638.290,1638.660,84
SQ:XAUUSD,2020-04-06T14:18:00+02:00,1638.660,1638.796,1637.876,1638.500,77
SQ:XAUUSD,2020-04-06T14:19:00+02:00,1638.500,1640.290,1637.600,1639.830,96
SQ:XAUUSD,2020-04-06T14:20:00+02:00,1639.740,1640.960,1639.020,1639.850,132
SQ:XAUUSD,2020-04-06T14:21:00+02:00,1639.850,1640.740,1639.580,1640.300,109
SQ:XAUUSD,2020-04-06T14:22:00+02:00,1640.300,1640.630,1640.080,1640.350,64
SQ:XAUUSD,2020-04-06T14:23:00+02:00,1640.350,1641.880,1640.350,1641.780,126
SQ:XAUUSD,2020-04-06T14:24:00+02:00,1641.780,1641.880,1639.990,1641.010,78
SQ:XAUUSD,2020-04-06T14:25:00+02:00,1641.010,1641.110,1639.420,1639.770,73
SQ:XAUUSD,2020-04-06T14:26:00+02:00,1639.770,1639.976,1639.270,1639.750,53
SQ:XAUUSD,2020-04-06T14:27:00+02:00,1639.750,1639.940,1638.610,1638.910,42
SQ:XAUUSD,2020-04-06T14:28:00+02:00,1638.940,1639.020,1638.040,1638.460,63
SQ:XAUUSD,2020-04-06T14:29:00+02:00,1638.460,1638.930,1637.650,1638.630,160
SQ:XAUUSD,2020-04-06T14:30:00+02:00,1638.630,1639.356,1637.890,1639.130,169
SQ:XAUUSD,2020-04-06T14:31:00+02:00,1639.170,1639.240,1638.430,1638.540,94
SQ:XAUUSD,2020-04-06T14:32:00+02:00,1638.540,1641.716,1638.140,1640.316,142
SQ:XAUUSD,2020-04-06T14:33:00+02:00,1640.292,1641.198,1640.060,1641.130,312
SQ:XAUUSD,2020-04-06T14:34:00+02:00,1641.110,1641.624,1640.540,1640.670,351
SQ:XAUUSD,2020-04-06T14:35:00+02:00,1640.670,1641.516,1640.310,1641.516,102
SQ:XAUUSD,2020-04-06T14:36:00+02:00,1641.500,1642.166,1640.770,1641.190,104
SQ:XAUUSD,2020-04-06T14:37:00+02:00,1641.200,1642.290,1640.620,1641.080,207
SQ:XAUUSD,2020-04-06T14:38:00+02:00,1640.940,1641.580,1640.790,1640.960,106
SQ:XAUUSD,2020-04-06T14:39:00+02:00,1640.960,1641.370,1640.660,1640.820,43
SQ:XAUUSD,2020-04-06T14:40:00+02:00,1640.820,1640.940,1640.050,1640.280,85
SQ:XAUUSD,2020-04-06T14:41:00+02:00,1640.290,1641.520,1640.170,1641.520,73
SQ:XAUUSD,2020-04-06T14:42:00+02:00,1641.520,1642.000,1640.850,1641.600,126
SQ:XAUUSD,2020-04-06T14:43:00+02:00,1641.490,1641.910,1640.030,1640.070,101
SQ:XAUUSD,2020-04-06T14:44:00+02:00,1640.040,1642.370,1639.980,1641.750,140
SQ:XAUUSD,2020-04-06T14:45:00+02:00,1641.750,1641.820,1641.040,1641.310,211
SQ:XAUUSD,2020-04-06T14:46:00+02:00,1641.310,1641.350,1640.740,1641.070,174
SQ:XAUUSD,2020-04-06T14:47:00+02:00,1641.050,1641.130,1640.600,1640.830,211
SQ:XAUUSD,2020-04-06T14:48:00+02:00,1640.810,1640.870,1639.980,1640.760,45
SQ:XAUUSD,2020-04-06T14:49:00+02:00,1640.760,1640.896,1640.506,1640.766,71
SQ:XAUUSD,2020-04-06T14:50:00+02:00,1640.796,1640.796,1640.580,1640.696,73
SQ:XAUUSD,2020-04-06T14:51:00+02:00,1640.686,1641.540,1640.446,1641.296,106
SQ:XAUUSD,2020-04-06T14:52:00+02:00,1641.270,1642.620,1641.136,1642.230,109
SQ:XAUUSD,2020-04-06T14:53:00+02:00,1642.230,1643.740,1641.540,1642.780,198
SQ:XAUUSD,2020-04-06T14:54:00+02:00,1642.790,1643.040,1642.130,1643.040,157
SQ:XAUUSD,2020-04-06T14:55:00+02:00,1643.220,1644.640,1643.220,1643.920,130
SQ:XAUUSD,2020-04-06T14:56:00+02:00,1643.920,1643.940,1643.040,1643.270,79
SQ:XAUUSD,2020-04-06T14:57:00+02:00,1643.270,1643.310,1641.550,1641.600,90
SQ:XAUUSD,2020-04-06T14:58:00+02:00,1641.620,1642.060,1641.390,1641.460,107
SQ:XAUUSD,2020-04-06T14:59:00+02:00,1641.470,1641.890,1641.300,1641.750,151
SQ:XAUUSD,2020-04-06T15:00:00+02:00,1641.730,1642.120,1641.480,1641.580,76
SQ:XAUUSD,2020-04-06T15:01:00+02:00,1641.540,1641.830,1641.490,1641.680,20
SQ:XAUUSD,2020-04-06T15:02:00+02:00,1641.670,1642.650,1641.670,1642.310,61
SQ:XAUUSD,2020-04-06T15:03:00+02:00,1642.220,1642.530,1641.910,1642.090,39
SQ:XAUUSD,2020-04-06T15:04:00+02:00,1642.090,1642.090,1641.140,1641.140,31
SQ:XAUUSD,2020-04-06T15:05:00+02:00,1641.140,1641.236,1639.800,1640.780,85
SQ:XAUUSD,2020-04-06T15:06:00+02:00,1640.810,1643.496,1640.600,1642.320,155
SQ:XAUUSD,2020-04-06T15:07:00+02:00,1642.320,1642.364,1640.940,1641.020,339
SQ:XAUUSD,2020-04-06T15:08:00+02:00,1641.060,1641.886,1640.970,1641.336,300
SQ:XAUUSD,2020-04-06T15:09:00+02:00,1641.256,1641.512,1639.960,1640.130,120
SQ:XAUUSD,2020-04-06T15:10:00+02:00,1640.130,1641.802,1640.000,1640.440,115
SQ:XAUUSD,2020-04-06T15:11:00+02:00,1640.470,1641.516,1639.660,1639.800,101
SQ:XAUUSD,2020-04-06T15:12:00+02:00,1640.356,1640.732,1638.910,1638.910,99
SQ:XAUUSD,2020-04-06T15:13:00+02:00,1638.910,1639.360,1638.910,1639.360,43
SQ:XAUUSD,2020-04-06T15:14:00+02:00,1639.360,1639.610,1638.900,1639.390,46
SQ:XAUUSD,2020-04-06T15:15:00+02:00,1639.390,1639.740,1639.280,1639.690,36
SQ:XAUUSD,2020-04-06T15:16:00+02:00,1639.690,1641.060,1639.690,1639.940,76
SQ:XAUUSD,2020-04-06T15:17:00+02:00,1639.840,1639.840,1639.180,1639.230,57
SQ:XAUUSD,2020-04-06T15:18:00+02:00,1639.230,1639.240,1638.270,1638.510,54
SQ:XAUUSD,2020-04-06T15:19:00+02:00,1638.510,1638.510,1636.700,1637.820,69
SQ:XAUUSD,2020-04-06T15:20:00+02:00,1637.920,1638.090,1636.714,1637.830,91
SQ:XAUUSD,2020-04-06T15:21:00+02:00,1637.820,1639.410,1637.820,1638.730,68
SQ:XAUUSD,2020-04-06T15:22:00+02:00,1638.730,1639.010,1638.230,1638.750,63
SQ:XAUUSD,2020-04-06T15:23:00+02:00,1638.750,1638.750,1637.500,1637.760,121
SQ:XAUUSD,2020-04-06T15:24:00+02:00,1637.760,1638.120,1637.620,1638.090,55
SQ:XAUUSD,2020-04-06T15:25:00+02:00,1638.130,1638.170,1637.810,1638.040,46
SQ:XAUUSD,2020-04-06T15:26:00+02:00,1638.080,1638.720,1638.010,1638.480,48
SQ:XAUUSD,2020-04-06T15:27:00+02:00,1638.480,1638.480,1638.200,1638.300,18
SQ:XAUUSD,2020-04-06T15:28:00+02:00,1638.300,1638.360,1637.050,1637.150,42
SQ:XAUUSD,2020-04-06T15:29:00+02:00,1637.150,1638.070,1636.770,1637.790,72
SQ:XAUUSD,2020-04-06T15:30:00+02:00,1637.770,1638.100,1637.250,1637.740,134
SQ:XAUUSD,2020-04-06T15:31:00+02:00,1637.760,1638.654,1637.172,1637.690,236
SQ:XAUUSD,2020-04-06T15:32:00+02:00,1637.884,1638.084,1636.940,1637.240,203
SQ:XAUUSD,2020-04-06T15:33:00+02:00,1637.240,1637.950,1636.770,1637.700,134
SQ:XAUUSD,2020-04-06T15:34:00+02:00,1637.700,1637.780,1636.880,1636.990,106
SQ:XAUUSD,2020-04-06T15:35:00+02:00,1636.990,1637.994,1636.770,1636.990,119
SQ:XAUUSD,2020-04-06T15:36:00+02:00,1636.990,1638.826,1636.940,1638.510,303
SQ:XAUUSD,2020-04-06T15:37:00+02:00,1638.510,1639.954,1638.280,1639.442,172
SQ:XAUUSD,2020-04-06T15:38:00+02:00,1639.442,1639.810,1637.140,1637.420,165
SQ:XAUUSD,2020-04-06T15:39:00+02:00,1637.430,1638.432,1636.970,1637.730,260
SQ:XAUUSD,2020-04-06T15:40:00+02:00,1637.820,1638.876,1636.890,1637.034,264
SQ:XAUUSD,2020-04-06T15:41:00+02:00,1637.024,1639.036,1636.990,1637.520,114
SQ:XAUUSD,2020-04-06T15:42:00+02:00,1637.520,1639.000,1637.510,1639.000,90
SQ:XAUUSD,2020-04-06T15:43:00+02:00,1639.080,1640.270,1639.010,1640.130,150
SQ:XAUUSD,2020-04-06T15:44:00+02:00,1640.130,1640.752,1639.330,1640.140,131
SQ:XAUUSD,2020-04-06T15:45:00+02:00,1640.110,1643.700,1640.110,1642.310,253
SQ:XAUUSD,2020-04-06T15:46:00+02:00,1642.370,1642.930,1642.080,1642.670,113
SQ:XAUUSD,2020-04-06T15:47:00+02:00,1642.780,1644.300,1642.710,1643.390,160
SQ:XAUUSD,2020-04-06T15:48:00+02:00,1643.300,1643.410,1641.700,1641.862,146
SQ:XAUUSD,2020-04-06T15:49:00+02:00,1641.792,1644.256,1641.546,1643.680,222
SQ:XAUUSD,2020-04-06T15:50:00+02:00,1643.680,1645.546,1643.680,1644.290,270
SQ:XAUUSD,2020-04-06T15:51:00+02:00,1644.390,1647.780,1642.960,1647.070,254
SQ:XAUUSD,2020-04-06T15:52:00+02:00,1647.070,1647.980,1646.430,1647.660,213
SQ:XAUUSD,2020-04-06T15:53:00+02:00,1647.660,1648.230,1646.720,1646.950,152
SQ:XAUUSD,2020-04-06T15:54:00+02:00,1646.950,1646.950,1644.950,1645.490,205
SQ:XAUUSD,2020-04-06T15:55:00+02:00,1645.590,1646.850,1644.176,1644.914,267
SQ:XAUUSD,2020-04-06T15:56:00+02:00,1645.126,1646.230,1644.060,1646.056,145
SQ:XAUUSD,2020-04-06T15:57:00+02:00,1646.060,1646.224,1645.440,1645.950,93
SQ:XAUUSD,2020-04-06T15:58:00+02:00,1645.950,1647.440,1645.800,1647.080,144
SQ:XAUUSD,2020-04-06T15:59:00+02:00,1647.110,1649.340,1646.680,1648.120,274
SQ:XAUUSD,2020-04-06T16:00:00+02:00,1648.120,1649.950,1646.680,1647.710,316
SQ:XAUUSD,2020-04-06T16:01:00+02:00,1647.710,1648.094,1646.040,1646.460,229
SQ:XAUUSD,2020-04-06T16:02:00+02:00,1646.460,1649.260,1646.450,1649.260,248
SQ:XAUUSD,2020-04-06T16:03:00+02:00,1649.260,1649.480,1646.550,1647.470,234
SQ:XAUUSD,2020-04-06T16:04:00+02:00,1647.470,1647.500,1645.780,1646.640,151
SQ:XAUUSD,2020-04-06T16:05:00+02:00,1646.674,1648.524,1646.078,1647.220,244
SQ:XAUUSD,2020-04-06T16:06:00+02:00,1647.300,1647.390,1645.880,1647.130,153
SQ:XAUUSD,2020-04-06T16:07:00+02:00,1647.130,1649.730,1646.740,1646.880,205
SQ:XAUUSD,2020-04-06T16:08:00+02:00,1646.780,1647.450,1645.680,1647.450,118
SQ:XAUUSD,2020-04-06T16:09:00+02:00,1647.780,1649.090,1647.210,1648.440,245
SQ:XAUUSD,2020-04-06T16:10:00+02:00,1648.440,1649.430,1647.640,1649.000,152
SQ:XAUUSD,2020-04-06T16:11:00+02:00,1649.000,1649.880,1648.520,1648.930,172
SQ:XAUUSD,2020-04-06T16:12:00+02:00,1648.930,1649.530,1648.520,1648.910,130
SQ:XAUUSD,2020-04-06T16:13:00+02:00,1648.910,1650.586,1647.690,1648.610,197
SQ:XAUUSD,2020-04-06T16:14:00+02:00,1648.610,1649.270,1647.688,1647.720,175
SQ:XAUUSD,2020-04-06T16:15:00+02:00,1647.330,1647.330,1646.010,1646.450,61
SQ:XAUUSD,2020-04-06T16:16:00+02:00,1646.340,1649.230,1646.340,1647.830,130
SQ:XAUUSD,2020-04-06T16:17:00+02:00,1647.870,1648.420,1647.360,1648.420,79
SQ:XAUUSD,2020-04-06T16:18:00+02:00,1648.420,1648.724,1647.040,1647.320,125
SQ:XAUUSD,2020-04-06T16:19:00+02:00,1647.320,1648.320,1646.720,1648.200,96
SQ:XAUUSD,2020-04-06T16:20:00+02:00,1648.200,1649.690,1648.200,1649.600,302
SQ:XAUUSD,2020-04-06T16:21:00+02:00,1649.600,1650.054,1647.794,1649.000,276
SQ:XAUUSD,2020-04-06T16:22:00+02:00,1648.980,1649.180,1647.140,1647.920,125
SQ:XAUUSD,2020-04-06T16:23:00+02:00,1647.920,1648.240,1646.950,1648.100,122
SQ:XAUUSD,2020-04-06T16:24:00+02:00,1648.090,1649.400,1645.000,1645.760,166
SQ:XAUUSD,2020-04-06T16:25:00+02:00,1645.760,1647.290,1644.910,1645.740,133
SQ:XAUUSD,2020-04-06T16:26:00+02:00,1645.740,1646.170,1643.760,1644.680,145
SQ:XAUUSD,2020-04-06T16:27:00+02:00,1644.550,1647.190,1644.550,1646.410,157
SQ:XAUUSD,2020-04-06T16:28:00+02:00,1646.410,1646.570,1644.070,1644.810,200
SQ:XAUUSD,2020-04-06T16:29:00+02:00,1644.810,1647.380,1644.770,1647.270,92
SQ:XAUUSD,2020-04-06T16:30:00+02:00,1647.270,1648.490,1646.910,1648.010,106
SQ:XAUUSD,2020-04-06T16:31:00+02:00,1648.010,1648.376,1647.170,1647.898,186
SQ:XAUUSD,2020-04-06T16:32:00+02:00,1647.776,1648.080,1646.620,1647.950,232
SQ:XAUUSD,2020-04-06T16:33:00+02:00,1647.390,1648.720,1647.260,1648.610,111
SQ:XAUUSD,2020-04-06T16:34:00+02:00,1648.610,1649.020,1648.200,1648.450,153
SQ:XAUUSD,2020-04-06T16:35:00+02:00,1648.580,1649.070,1647.810,1648.560,150
SQ:XAUUSD,2020-04-06T16:36:00+02:00,1648.630,1648.860,1647.560,1648.010,88
SQ:XAUUSD,2020-04-06T16:37:00+02:00,1648.020,1648.798,1646.600,1647.310,184
SQ:XAUUSD,2020-04-06T16:38:00+02:00,1647.310,1647.450,1645.020,1646.360,135
SQ:XAUUSD,2020-04-06T16:39:00+02:00,1646.360,1647.010,1645.910,1646.450,61
SQ:XAUUSD,2020-04-06T16:40:00+02:00,1646.450,1646.840,1645.510,1646.790,56
SQ:XAUUSD,2020-04-06T16:41:00+02:00,1646.790,1648.030,1646.720,1648.030,87
SQ:XAUUSD,2020-04-06T16:42:00+02:00,1648.030,1648.520,1647.620,1648.130,45
SQ:XAUUSD,2020-04-06T16:43:00+02:00,1648.130,1650.024,1648.110,1649.770,153
SQ:XAUUSD,2020-04-06T16:44:00+02:00,1649.810,1649.950,1648.850,1649.130,177
SQ:XAUUSD,2020-04-06T16:45:00+02:00,1649.130,1649.510,1648.660,1649.400,93
SQ:XAUUSD,2020-04-06T16:46:00+02:00,1649.400,1649.770,1648.440,1649.350,103
SQ:XAUUSD,2020-04-06T16:47:00+02:00,1649.350,1649.350,1647.160,1647.870,97
SQ:XAUUSD,2020-04-06T16:48:00+02:00,1647.830,1647.940,1645.030,1646.040,240
SQ:XAUUSD,2020-04-06T16:49:00+02:00,1646.040,1647.000,1645.460,1646.050,128
SQ:XAUUSD,2020-04-06T16:50:00+02:00,1646.200,1646.270,1643.380,1644.510,234
SQ:XAUUSD,2020-04-06T16:51:00+02:00,1644.650,1644.660,1642.730,1644.030,314
SQ:XAUUSD,2020-04-06T16:52:00+02:00,1644.010,1645.100,1642.630,1644.890,136
SQ:XAUUSD,2020-04-06T16:53:00+02:00,1644.900,1646.300,1644.890,1645.850,81
SQ:XAUUSD,2020-04-06T16:54:00+02:00,1645.910,1646.250,1645.520,1645.730,80
SQ:XAUUSD,2020-04-06T16:55:00+02:00,1645.730,1645.730,1643.520,1643.990,113
SQ:XAUUSD,2020-04-06T16:56:00+02:00,1643.990,1645.340,1643.730,1644.780,98
SQ:XAUUSD,2020-04-06T16:57:00+02:00,1644.780,1645.540,1644.400,1645.000,114
SQ:XAUUSD,2020-04-06T16:58:00+02:00,1644.960,1645.930,1644.490,1645.400,101
SQ:XAUUSD,2020-04-06T16:59:00+02:00,1645.430,1645.830,1644.350,1645.210,78
SQ:XAUUSD,2020-04-06T17:00:00+02:00,1645.360,1645.540,1644.430,1645.360,57
SQ:XAUUSD,2020-04-06T17:01:00+02:00,1645.460,1646.030,1645.090,1646.030,49
SQ:XAUUSD,2020-04-06T17:02:00+02:00,1646.030,1647.170,1645.780,1647.150,103
SQ:XAUUSD,2020-04-06T17:03:00+02:00,1647.130,1647.760,1646.710,1647.350,87
SQ:XAUUSD,2020-04-06T17:04:00+02:00,1647.350,1647.560,1646.800,1647.340,59
SQ:XAUUSD,2020-04-06T17:05:00+02:00,1647.340,1647.560,1646.910,1647.180,70
SQ:XAUUSD,2020-04-06T17:06:00+02:00,1647.180,1647.990,1646.950,1647.750,173
SQ:XAUUSD,2020-04-06T17:07:00+02:00,1647.760,1649.180,1647.740,1648.900,155
SQ:XAUUSD,2020-04-06T17:08:00+02:00,1648.810,1649.180,1647.430,1648.950,140
SQ:XAUUSD,2020-04-06T17:09:00+02:00,1648.950,1649.490,1648.940,1649.490,62
SQ:XAUUSD,2020-04-06T17:10:00+02:00,1649.490,1649.490,1646.770,1647.340,96
SQ:XAUUSD,2020-04-06T17:11:00+02:00,1647.340,1647.710,1646.790,1647.010,118
SQ:XAUUSD,2020-04-06T17:12:00+02:00,1646.950,1648.240,1646.780,1647.910,137
SQ:XAUUSD,2020-04-06T17:13:00+02:00,1647.910,1648.460,1647.600,1647.970,100
SQ:XAUUSD,2020-04-06T17:14:00+02:00,1647.790,1648.330,1647.640,1648.280,84
SQ:XAUUSD,2020-04-06T17:15:00+02:00,1647.580,1648.770,1646.840,1648.730,153
SQ:XAUUSD,2020-04-06T17:16:00+02:00,1648.730,1649.110,1647.880,1647.990,73
SQ:XAUUSD,2020-04-06T17:17:00+02:00,1647.990,1648.280,1647.930,1647.970,38
SQ:XAUUSD,2020-04-06T17:18:00+02:00,1647.970,1647.970,1647.420,1647.760,52
SQ:XAUUSD,2020-04-06T17:19:00+02:00,1647.760,1648.040,1647.440,1647.890,48
SQ:XAUUSD,2020-04-06T17:20:00+02:00,1647.890,1647.890,1647.260,1647.400,60
SQ:XAUUSD,2020-04-06T17:21:00+02:00,1647.400,1647.620,1646.930,1647.080,67
SQ:XAUUSD,2020-04-06T17:22:00+02:00,1647.130,1647.450,1646.310,1646.400,82
SQ:XAUUSD,2020-04-06T17:23:00+02:00,1646.370,1646.590,1645.220,1646.540,140
SQ:XAUUSD,2020-04-06T17:24:00+02:00,1646.540,1647.930,1645.790,1646.940,109
SQ:XAUUSD,2020-04-06T17:25:00+02:00,1646.860,1646.980,1646.210,1646.210,83
SQ:XAUUSD,2020-04-06T17:26:00+02:00,1646.020,1647.720,1646.020,1646.530,83
SQ:XAUUSD,2020-04-06T17:27:00+02:00,1646.540,1646.600,1644.860,1644.860,122
SQ:XAUUSD,2020-04-06T17:28:00+02:00,1644.930,1646.120,1644.350,1645.970,138
SQ:XAUUSD,2020-04-06T17:29:00+02:00,1645.890,1646.100,1645.320,1646.100,107
SQ:XAUUSD,2020-04-06T17:30:00+02:00,1645.840,1647.770,1645.840,1647.490,129
SQ:XAUUSD,2020-04-06T17:31:00+02:00,1647.500,1647.700,1646.760,1647.050,68
SQ:XAUUSD,2020-04-06T17:32:00+02:00,1647.160,1647.220,1647.120,1647.120,6
SQ:XAUUSD,2020-04-06T17:33:00+02:00,1647.120,1647.120,1646.300,1646.560,15
SQ:XAUUSD,2020-04-06T17:34:00+02:00,1646.560,1646.610,1645.720,1645.760,27
SQ:XAUUSD,2020-04-06T17:35:00+02:00,1645.860,1646.050,1645.430,1645.430,62
SQ:XAUUSD,2020-04-06T17:36:00+02:00,1645.430,1646.100,1645.430,1645.980,25
SQ:XAUUSD,2020-04-06T17:37:00+02:00,1645.950,1647.040,1645.950,1646.560,52
SQ:XAUUSD,2020-04-06T17:38:00+02:00,1646.560,1647.350,1646.110,1646.320,32
SQ:XAUUSD,2020-04-06T17:39:00+02:00,1646.320,1647.590,1646.320,1647.550,35
SQ:XAUUSD,2020-04-06T17:40:00+02:00,1647.560,1648.220,1647.330,1647.360,51
SQ:XAUUSD,2020-04-06T17:41:00+02:00,1647.330,1647.550,1646.990,1647.490,71
SQ:XAUUSD,2020-04-06T17:42:00+02:00,1647.500,1647.620,1646.760,1647.250,29
SQ:XAUUSD,2020-04-06T17:43:00+02:00,1647.250,1647.840,1647.130,1647.780,13
SQ:XAUUSD,2020-04-06T17:44:00+02:00,1647.780,1648.760,1647.710,1648.610,88
SQ:XAUUSD,2020-04-06T17:45:00+02:00,1648.610,1649.110,1648.340,1649.110,73
SQ:XAUUSD,2020-04-06T17:46:00+02:00,1649.110,1650.110,1648.850,1649.330,151
SQ:XAUUSD,2020-04-06T17:47:00+02:00,1649.330,1650.080,1647.670,1648.110,250
SQ:XAUUSD,2020-04-06T17:48:00+02:00,1648.110,1648.600,1647.490,1647.730,133
SQ:XAUUSD,2020-04-06T17:49:00+02:00,1647.690,1648.696,1646.640,1647.710,128
SQ:XAUUSD,2020-04-06T17:50:00+02:00,1647.710,1647.720,1645.230,1645.810,108
SQ:XAUUSD,2020-04-06T17:51:00+02:00,1645.810,1646.600,1645.540,1646.390,64
SQ:XAUUSD,2020-04-06T17:52:00+02:00,1646.390,1647.270,1646.020,1646.250,95
SQ:XAUUSD,2020-04-06T17:53:00+02:00,1646.250,1646.940,1645.880,1646.580,103
SQ:XAUUSD,2020-04-06T17:54:00+02:00,1646.580,1647.510,1646.480,1647.410,149
SQ:XAUUSD,2020-04-06T17:55:00+02:00,1647.410,1647.570,1646.090,1646.440,103
SQ:XAUUSD,2020-04-06T17:56:00+02:00,1646.440,1646.730,1646.380,1646.460,94
SQ:XAUUSD,2020-04-06T17:57:00+02:00,1646.440,1646.740,1645.770,1646.470,117
SQ:XAUUSD,2020-04-06T17:58:00+02:00,1646.260,1648.190,1646.260,1647.940,105
SQ:XAUUSD,2020-04-06T17:59:00+02:00,1647.940,1647.940,1645.140,1645.790,146
SQ:XAUUSD,2020-04-06T18:00:00+02:00,1645.790,1646.470,1644.000,1645.120,139
SQ:XAUUSD,2020-04-06T18:01:00+02:00,1645.120,1645.770,1644.700,1645.500,103
SQ:XAUUSD,2020-04-06T18:02:00+02:00,1645.550,1646.470,1645.550,1646.390,86
SQ:XAUUSD,2020-04-06T18:03:00+02:00,1646.490,1646.910,1646.100,1646.200,50
SQ:XAUUSD,2020-04-06T18:04:00+02:00,1646.220,1646.870,1646.190,1646.620,36
SQ:XAUUSD,2020-04-06T18:05:00+02:00,1646.610,1647.580,1646.610,1647.390,83
SQ:XAUUSD,2020-04-06T18:06:00+02:00,1647.390,1647.390,1647.120,1647.120,16
SQ:XAUUSD,2020-04-06T18:07:00+02:00,1647.120,1649.180,1647.120,1648.380,84
SQ:XAUUSD,2020-04-06T18:08:00+02:00,1648.360,1650.510,1648.090,1648.720,122
SQ:XAUUSD,2020-04-06T18:09:00+02:00,1648.650,1649.220,1648.640,1649.080,52
SQ:XAUUSD,2020-04-06T18:10:00+02:00,1649.080,1649.540,1647.800,1649.250,74
SQ:XAUUSD,2020-04-06T18:11:00+02:00,1649.350,1650.450,1648.110,1650.360,74
SQ:XAUUSD,2020-04-06T18:12:00+02:00,1650.360,1650.420,1647.790,1647.910,58
SQ:XAUUSD,2020-04-06T18:13:00+02:00,1647.910,1648.860,1647.490,1647.550,69
SQ:XAUUSD,2020-04-06T18:14:00+02:00,1647.680,1649.238,1647.450,1648.860,65
SQ:XAUUSD,2020-04-06T18:15:00+02:00,1648.860,1649.070,1648.590,1649.070,57
SQ:XAUUSD,2020-04-06T18:16:00+02:00,1649.070,1649.160,1648.860,1649.020,57
SQ:XAUUSD,2020-04-06T18:17:00+02:00,1649.020,1649.360,1648.570,1649.360,50
SQ:XAUUSD,2020-04-06T18:18:00+02:00,1649.360,1649.902,1648.760,1648.760,52
SQ:XAUUSD,2020-04-06T18:19:00+02:00,1648.440,1649.790,1648.410,1649.690,40
SQ:XAUUSD,2020-04-06T18:20:00+02:00,1649.690,1650.520,1649.590,1649.830,52
SQ:XAUUSD,2020-04-06T18:21:00+02:00,1649.830,1649.870,1648.870,1649.640,58
SQ:XAUUSD,2020-04-06T18:22:00+02:00,1649.660,1649.960,1648.610,1649.890,87
SQ:XAUUSD,2020-04-06T18:23:00+02:00,1649.930,1650.210,1649.430,1649.590,46
SQ:XAUUSD,2020-04-06T18:24:00+02:00,1649.650,1650.760,1649.400,1650.760,66
SQ:XAUUSD,2020-04-06T18:25:00+02:00,1650.750,1650.910,1650.140,1650.470,55
SQ:XAUUSD,2020-04-06T18:26:00+02:00,1650.470,1650.470,1649.740,1650.180,33
SQ:XAUUSD,2020-04-06T18:27:00+02:00,1650.180,1651.050,1649.810,1651.040,57
SQ:XAUUSD,2020-04-06T18:28:00+02:00,1651.040,1651.180,1650.050,1650.210,80
SQ:XAUUSD,2020-04-06T18:29:00+02:00,1650.210,1650.550,1649.720,1650.410,40
SQ:XAUUSD,2020-04-06T18:30:00+02:00,1650.380,1650.630,1648.840,1649.290,74
SQ:XAUUSD,2020-04-06T18:31:00+02:00,1649.350,1649.710,1648.860,1649.150,31
SQ:XAUUSD,2020-04-06T18:32:00+02:00,1649.170,1650.000,1648.450,1649.440,35
SQ:XAUUSD,2020-04-06T18:33:00+02:00,1649.440,1650.150,1648.260,1649.990,53
SQ:XAUUSD,2020-04-06T18:34:00+02:00,1650.090,1650.990,1650.080,1650.930,28
SQ:XAUUSD,2020-04-06T18:35:00+02:00,1650.930,1651.450,1650.670,1651.430,22
SQ:XAUUSD,2020-04-06T18:36:00+02:00,1651.430,1651.550,1650.390,1650.500,21
SQ:XAUUSD,2020-04-06T18:37:00+02:00,1650.500,1650.500,1650.010,1650.380,21
SQ:XAUUSD,2020-04-06T18:38:00+02:00,1650.260,1651.300,1650.260,1651.140,50
SQ:XAUUSD,2020-04-06T18:39:00+02:00,1651.140,1651.540,1650.080,1650.430,71
SQ:XAUUSD,2020-04-06T18:40:00+02:00,1650.430,1651.270,1650.280,1650.360,53
SQ:XAUUSD,2020-04-06T18:41:00+02:00,1650.360,1650.500,1650.360,1650.480,50
SQ:XAUUSD,2020-04-06T18:42:00+02:00,1650.480,1650.480,1650.140,1650.420,18
SQ:XAUUSD,2020-04-06T18:43:00+02:00,1650.420,1650.920,1650.410,1650.560,38
SQ:XAUUSD,2020-04-06T18:44:00+02:00,1650.530,1650.610,1650.260,1650.480,26
SQ:XAUUSD,2020-04-06T18:45:00+02:00,1650.480,1650.500,1650.120,1650.410,39
SQ:XAUUSD,2020-04-06T18:46:00+02:00,1650.410,1650.740,1650.340,1650.560,16
SQ:XAUUSD,2020-04-06T18:47:00+02:00,1650.560,1650.600,1650.330,1650.520,31
SQ:XAUUSD,2020-04-06T18:48:00+02:00,1650.520,1650.750,1650.400,1650.400,59
SQ:XAUUSD,2020-04-06T18:49:00+02:00,1650.400,1650.780,1650.240,1650.330,69
SQ:XAUUSD,2020-04-06T18:50:00+02:00,1650.330,1650.660,1650.330,1650.580,50
SQ:XAUUSD,2020-04-06T18:51:00+02:00,1650.580,1650.620,1649.970,1650.320,45
SQ:XAUUSD,2020-04-06T18:52:00+02:00,1650.320,1650.410,1650.280,1650.330,21
SQ:XAUUSD,2020-04-06T18:53:00+02:00,1650.330,1651.220,1650.230,1651.220,38
SQ:XAUUSD,2020-04-06T18:54:00+02:00,1651.220,1651.230,1650.450,1650.550,21
SQ:XAUUSD,2020-04-06T18:55:00+02:00,1650.550,1651.490,1650.370,1651.490,65
SQ:XAUUSD,2020-04-06T18:56:00+02:00,1651.450,1651.870,1650.750,1651.250,79
SQ:XAUUSD,2020-04-06T18:57:00+02:00,1651.250,1652.138,1649.560,1651.870,65
SQ:XAUUSD,2020-04-06T18:58:00+02:00,1651.760,1651.760,1650.690,1650.900,77
SQ:XAUUSD,2020-04-06T18:59:00+02:00,1650.900,1651.080,1650.900,1651.080,4
SQ:XAUUSD,2020-04-06T19:00:00+02:00,1651.080,1652.100,1650.730,1651.850,74
SQ:XAUUSD,2020-04-06T19:01:00+02:00,1651.820,1651.950,1651.190,1651.470,39
SQ:XAUUSD,2020-04-06T19:02:00+02:00,1651.520,1652.674,1651.260,1652.130,75
SQ:XAUUSD,2020-04-06T19:03:00+02:00,1652.130,1653.050,1652.130,1652.760,79
SQ:XAUUSD,2020-04-06T19:04:00+02:00,1652.720,1652.720,1651.390,1651.540,73
SQ:XAUUSD,2020-04-06T19:05:00+02:00,1651.590,1652.060,1651.280,1651.970,68
SQ:XAUUSD,2020-04-06T19:06:00+02:00,1651.920,1652.140,1651.470,1651.530,60
SQ:XAUUSD,2020-04-06T19:07:00+02:00,1651.530,1652.020,1651.500,1652.020,12
SQ:XAUUSD,2020-04-06T19:08:00+02:00,1652.020,1652.420,1652.020,1652.410,13
SQ:XAUUSD,2020-04-06T19:09:00+02:00,1652.410,1652.900,1652.370,1652.660,27
SQ:XAUUSD,2020-04-06T19:10:00+02:00,1652.700,1652.860,1652.240,1652.770,80
SQ:XAUUSD,2020-04-06T19:11:00+02:00,1652.770,1653.030,1652.730,1653.000,75
SQ:XAUUSD,2020-04-06T19:12:00+02:00,1653.000,1653.010,1652.480,1652.510,77
SQ:XAUUSD,2020-04-06T19:13:00+02:00,1652.510,1652.770,1652.360,1652.360,89
SQ:XAUUSD,2020-04-06T19:14:00+02:00,1652.390,1652.530,1651.770,1652.260,85
SQ:XAUUSD,2020-04-06T19:15:00+02:00,1652.280,1653.220,1651.650,1653.220,73
SQ:XAUUSD,2020-04-06T19:16:00+02:00,1653.220,1654.774,1653.220,1654.360,74
SQ:XAUUSD,2020-04-06T19:17:00+02:00,1654.360,1654.890,1653.840,1654.820,65
SQ:XAUUSD,2020-04-06T19:18:00+02:00,1654.820,1655.170,1653.920,1654.480,185
SQ:XAUUSD,2020-04-06T19:19:00+02:00,1654.480,1654.940,1654.360,1654.610,83
SQ:XAUUSD,2020-04-06T19:20:00+02:00,1654.610,1654.960,1653.020,1653.660,141
SQ:XAUUSD,2020-04-06T19:21:00+02:00,1653.770,1654.260,1652.920,1653.060,55
SQ:XAUUSD,2020-04-06T19:22:00+02:00,1653.060,1653.970,1653.060,1653.970,36
SQ:XAUUSD,2020-04-06T19:23:00+02:00,1653.970,1654.320,1653.040,1653.650,83
SQ:XAUUSD,2020-04-06T19:24:00+02:00,1653.650,1653.650,1651.500,1652.380,138
SQ:XAUUSD,2020-04-06T19:25:00+02:00,1652.380,1652.800,1651.900,1652.380,79
SQ:XAUUSD,2020-04-06T19:26:00+02:00,1652.380,1653.120,1652.280,1652.770,48
SQ:XAUUSD,2020-04-06T19:27:00+02:00,1652.900,1654.250,1652.750,1654.010,105
SQ:XAUUSD,2020-04-06T19:28:00+02:00,1653.990,1654.430,1651.980,1652.070,172
SQ:XAUUSD,2020-04-06T19:29:00+02:00,1652.030,1652.660,1651.080,1651.110,180
SQ:XAUUSD,2020-04-06T19:30:00+02:00,1651.160,1651.720,1650.730,1651.520,54
SQ:XAUUSD,2020-04-06T19:31:00+02:00,1651.470,1651.770,1650.960,1650.960,74
SQ:XAUUSD,2020-04-06T19:32:00+02:00,1650.970,1651.130,1650.540,1650.540,64
SQ:XAUUSD,2020-04-06T19:33:00+02:00,1650.660,1651.790,1650.630,1651.720,66
SQ:XAUUSD,2020-04-06T19:34:00+02:00,1651.680,1651.680,1650.850,1651.120,45
SQ:XAUUSD,2020-04-06T19:35:00+02:00,1651.290,1651.500,1651.000,1651.280,33
SQ:XAUUSD,2020-04-06T19:36:00+02:00,1651.260,1651.840,1651.170,1651.330,43
SQ:XAUUSD,2020-04-06T19:37:00+02:00,1651.250,1651.600,1651.030,1651.390,35
SQ:XAUUSD,2020-04-06T19:38:00+02:00,1651.390,1652.210,1650.600,1650.600,51
SQ:XAUUSD,2020-04-06T19:39:00+02:00,1650.650,1651.220,1650.430,1651.110,36
SQ:XAUUSD,2020-04-06T19:40:00+02:00,1651.190,1651.740,1651.090,1651.730,97
SQ:XAUUSD,2020-04-06T19:41:00+02:00,1651.610,1652.610,1651.520,1652.360,89
SQ:XAUUSD,2020-04-06T19:42:00+02:00,1652.480,1653.290,1652.480,1653.290,33
SQ:XAUUSD,2020-04-06T19:43:00+02:00,1652.920,1654.654,1652.920,1653.160,57
SQ:XAUUSD,2020-04-06T19:44:00+02:00,1653.160,1653.710,1653.160,1653.240,21
SQ:XAUUSD,2020-04-06T19:45:00+02:00,1653.110,1653.630,1652.860,1653.540,28
SQ:XAUUSD,2020-04-06T19:46:00+02:00,1653.530,1653.630,1653.120,1653.380,15
SQ:XAUUSD,2020-04-06T19:47:00+02:00,1653.380,1653.440,1652.390,1653.290,17
SQ:XAUUSD,2020-04-06T19:48:00+02:00,1653.290,1654.270,1653.290,1653.700,52
SQ:XAUUSD,2020-04-06T19:49:00+02:00,1653.750,1655.070,1653.680,1653.680,49
SQ:XAUUSD,2020-04-06T19:50:00+02:00,1653.680,1654.310,1653.530,1654.310,44
SQ:XAUUSD,2020-04-06T19:51:00+02:00,1654.220,1654.460,1653.970,1654.430,46
SQ:XAUUSD,2020-04-06T19:52:00+02:00,1654.400,1654.640,1654.170,1654.510,25
SQ:XAUUSD,2020-04-06T19:53:00+02:00,1654.490,1655.740,1654.400,1655.620,81
SQ:XAUUSD,2020-04-06T19:54:00+02:00,1655.620,1655.740,1654.980,1655.150,47
SQ:XAUUSD,2020-04-06T19:55:00+02:00,1655.080,1655.170,1654.520,1654.730,55
SQ:XAUUSD,2020-04-06T19:56:00+02:00,1654.690,1655.100,1654.410,1654.820,57
SQ:XAUUSD,2020-04-06T19:57:00+02:00,1654.940,1655.520,1654.940,1655.390,38
SQ:XAUUSD,2020-04-06T19:58:00+02:00,1655.350,1656.400,1655.200,1655.300,109
SQ:XAUUSD,2020-04-06T19:59:00+02:00,1655.140,1656.110,1655.080,1656.030,106
SQ:XAUUSD,2020-04-06T20:00:00+02:00,1656.030,1656.360,1655.980,1656.300,22
SQ:XAUUSD,2020-04-06T20:01:00+02:00,1656.200,1657.790,1654.180,1654.430,182
SQ:XAUUSD,2020-04-06T20:02:00+02:00,1654.430,1656.440,1654.180,1655.910,61
SQ:XAUUSD,2020-04-06T20:03:00+02:00,1655.910,1656.340,1655.470,1656.260,29
SQ:XAUUSD,2020-04-06T20:04:00+02:00,1656.260,1656.330,1655.220,1655.360,65
SQ:XAUUSD,2020-04-06T20:05:00+02:00,1655.360,1655.510,1654.840,1655.460,58
SQ:XAUUSD,2020-04-06T20:06:00+02:00,1655.420,1655.430,1654.750,1655.360,42
SQ:XAUUSD,2020-04-06T20:07:00+02:00,1655.430,1655.640,1655.090,1655.170,53
SQ:XAUUSD,2020-04-06T20:08:00+02:00,1655.170,1655.470,1655.030,1655.460,55
SQ:XAUUSD,2020-04-06T20:09:00+02:00,1655.460,1655.870,1654.940,1655.680,48
SQ:XAUUSD,2020-04-06T20:10:00+02:00,1655.680,1655.990,1655.510,1655.900,14
SQ:XAUUSD,2020-04-06T20:11:00+02:00,1655.740,1655.870,1655.640,1655.640,16
SQ:XAUUSD,2020-04-06T20:12:00+02:00,1655.640,1655.770,1655.640,1655.640,6
SQ:XAUUSD,2020-04-06T20:13:00+02:00,1655.640,1655.640,1654.940,1655.340,13
SQ:XAUUSD,2020-04-06T20:14:00+02:00,1655.340,1655.630,1655.290,1655.350,27
SQ:XAUUSD,2020-04-06T20:15:00+02:00,1655.350,1655.950,1655.320,1655.880,37
SQ:XAUUSD,2020-04-06T20:16:00+02:00,1655.880,1657.250,1655.860,1657.090,70
SQ:XAUUSD,2020-04-06T20:17:00+02:00,1657.090,1658.480,1656.230,1658.350,65
SQ:XAUUSD,2020-04-06T20:18:00+02:00,1658.260,1658.450,1656.240,1657.270,149
SQ:XAUUSD,2020-04-06T20:19:00+02:00,1657.090,1657.420,1654.450,1654.760,109
SQ:XAUUSD,2020-04-06T20:20:00+02:00,1654.760,1656.500,1653.060,1656.500,85
SQ:XAUUSD,2020-04-06T20:21:00+02:00,1656.390,1659.130,1653.540,1655.830,189
SQ:XAUUSD,2020-04-06T20:22:00+02:00,1656.020,1657.570,1654.560,1657.010,156
SQ:XAUUSD,2020-04-06T20:23:00+02:00,1657.010,1657.940,1654.510,1656.490,259
SQ:XAUUSD,2020-04-06T20:24:00+02:00,1657.580,1657.790,1654.170,1655.960,191
SQ:XAUUSD,2020-04-06T20:25:00+02:00,1655.850,1656.020,1654.460,1654.820,42
SQ:XAUUSD,2020-04-06T20:26:00+02:00,1654.820,1656.610,1652.820,1656.480,158
SQ:XAUUSD,2020-04-06T20:27:00+02:00,1656.480,1657.080,1656.060,1656.060,33
SQ:XAUUSD,2020-04-06T20:28:00+02:00,1656.060,1657.210,1654.960,1656.710,84
SQ:XAUUSD,2020-04-06T20:29:00+02:00,1656.570,1656.930,1656.370,1656.710,85
SQ:XAUUSD,2020-04-06T20:30:00+02:00,1656.740,1656.750,1654.600,1655.290,123
SQ:XAUUSD,2020-04-06T20:31:00+02:00,1655.290,1656.940,1655.260,1656.750,93
SQ:XAUUSD,2020-04-06T20:32:00+02:00,1656.690,1656.940,1656.270,1656.940,29
SQ:XAUUSD,2020-04-06T20:33:00+02:00,1656.940,1657.250,1656.620,1656.800,36
SQ:XAUUSD,2020-04-06T20:34:00+02:00,1656.800,1658.470,1656.740,1658.470,36
SQ:XAUUSD,2020-04-06T20:35:00+02:00,1658.470,1659.740,1657.980,1659.180,115
SQ:XAUUSD,2020-04-06T20:36:00+02:00,1659.210,1659.580,1658.290,1659.230,115
SQ:XAUUSD,2020-04-06T20:37:00+02:00,1659.230,1659.330,1654.900,1655.730,191
SQ:XAUUSD,2020-04-06T20:38:00+02:00,1655.730,1656.570,1655.270,1656.090,63
SQ:XAUUSD,2020-04-06T20:39:00+02:00,1656.060,1656.500,1655.470,1656.460,62
SQ:XAUUSD,2020-04-06T20:40:00+02:00,1656.380,1657.320,1655.950,1656.400,58
SQ:XAUUSD,2020-04-06T20:41:00+02:00,1656.400,1657.690,1655.790,1657.220,95
SQ:XAUUSD,2020-04-06T20:42:00+02:00,1657.090,1657.330,1655.740,1655.880,106
SQ:XAUUSD,2020-04-06T20:43:00+02:00,1655.880,1656.200,1654.550,1656.090,109
SQ:XAUUSD,2020-04-06T20:44:00+02:00,1656.110,1657.420,1655.850,1657.130,61
SQ:XAUUSD,2020-04-06T20:45:00+02:00,1657.140,1657.160,1656.430,1656.680,47
SQ:XAUUSD,2020-04-06T20:46:00+02:00,1656.750,1657.620,1656.630,1657.250,64
SQ:XAUUSD,2020-04-06T20:47:00+02:00,1657.240,1657.880,1657.240,1657.590,84
SQ:XAUUSD,2020-04-06T20:48:00+02:00,1657.690,1658.060,1657.340,1657.380,55
SQ:XAUUSD,2020-04-06T20:49:00+02:00,1657.290,1657.870,1657.120,1657.360,13
SQ:XAUUSD,2020-04-06T20:50:00+02:00,1657.360,1657.650,1656.250,1657.420,42
SQ:XAUUSD,2020-04-06T20:51:00+02:00,1657.540,1657.700,1657.230,1657.600,38
SQ:XAUUSD,2020-04-06T20:52:00+02:00,1657.600,1658.980,1657.520,1657.720,25
SQ:XAUUSD,2020-04-06T20:53:00+02:00,1657.710,1657.900,1657.260,1657.700,30
SQ:XAUUSD,2020-04-06T20:54:00+02:00,1657.700,1657.700,1657.470,1657.580,26
SQ:XAUUSD,2020-04-06T20:55:00+02:00,1657.580,1658.300,1657.580,1658.180,32
SQ:XAUUSD,2020-04-06T20:56:00+02:00,1658.170,1659.450,1657.500,1657.500,88
SQ:XAUUSD,2020-04-06T20:57:00+02:00,1657.550,1658.790,1657.550,1658.200,96
SQ:XAUUSD,2020-04-06T20:58:00+02:00,1658.200,1659.060,1658.080,1658.610,45
SQ:XAUUSD,2020-04-06T20:59:00+02:00,1658.610,1659.130,1657.810,1658.980,48
SQ:XAUUSD,2020-04-06T21:00:00+02:00,1658.750,1658.940,1658.380,1658.740,36
SQ:XAUUSD,2020-04-06T21:01:00+02:00,1658.740,1658.760,1658.080,1658.130,39
SQ:XAUUSD,2020-04-06T21:02:00+02:00,1658.130,1658.730,1657.640,1658.730,51
SQ:XAUUSD,2020-04-06T21:03:00+02:00,1658.740,1659.770,1658.680,1659.740,45
SQ:XAUUSD,2020-04-06T21:04:00+02:00,1659.740,1661.252,1659.580,1660.600,67
SQ:XAUUSD,2020-04-06T21:05:00+02:00,1660.530,1660.850,1660.400,1660.400,44
SQ:XAUUSD,2020-04-06T21:06:00+02:00,1660.410,1660.870,1660.400,1660.500,74
SQ:XAUUSD,2020-04-06T21:07:00+02:00,1660.560,1662.460,1660.420,1661.550,88
SQ:XAUUSD,2020-04-06T21:08:00+02:00,1661.710,1662.890,1660.870,1662.570,142
SQ:XAUUSD,2020-04-06T21:09:00+02:00,1662.640,1662.930,1661.420,1661.510,204
SQ:XAUUSD,2020-04-06T21:10:00+02:00,1661.510,1661.540,1659.920,1659.920,124
SQ:XAUUSD,2020-04-06T21:11:00+02:00,1659.930,1660.430,1659.890,1660.090,57
SQ:XAUUSD,2020-04-06T21:12:00+02:00,1660.130,1660.940,1659.980,1660.390,60
SQ:XAUUSD,2020-04-06T21:13:00+02:00,1660.290,1660.780,1659.870,1660.780,54
SQ:XAUUSD,2020-04-06T21:14:00+02:00,1660.830,1661.580,1660.690,1661.580,64
SQ:XAUUSD,2020-04-06T21:15:00+02:00,1661.590,1661.590,1660.820,1661.090,61
SQ:XAUUSD,2020-04-06T21:16:00+02:00,1661.060,1662.730,1661.060,1662.450,90
SQ:XAUUSD,2020-04-06T21:17:00+02:00,1662.600,1663.680,1662.600,1663.280,48
SQ:XAUUSD,2020-04-06T21:18:00+02:00,1663.280,1663.500,1662.570,1663.210,53
SQ:XAUUSD,2020-04-06T21:19:00+02:00,1663.210,1663.710,1662.840,1663.410,76
SQ:XAUUSD,2020-04-06T21:20:00+02:00,1663.410,1663.420,1660.830,1661.910,98
SQ:XAUUSD,2020-04-06T21:21:00+02:00,1661.910,1662.550,1660.820,1662.460,59
SQ:XAUUSD,2020-04-06T21:22:00+02:00,1662.460,1662.690,1661.570,1661.830,34
SQ:XAUUSD,2020-04-06T21:23:00+02:00,1661.690,1663.378,1660.160,1661.280,109
SQ:XAUUSD,2020-04-06T21:24:00+02:00,1661.280,1661.970,1660.330,1661.970,70
SQ:XAUUSD,2020-04-06T21:25:00+02:00,1662.030,1664.100,1661.640,1663.370,82
SQ:XAUUSD,2020-04-06T21:26:00+02:00,1663.370,1663.870,1662.410,1662.940,59
SQ:XAUUSD,2020-04-06T21:27:00+02:00,1662.980,1663.940,1662.980,1663.750,70
SQ:XAUUSD,2020-04-06T21:28:00+02:00,1663.750,1664.360,1663.330,1663.540,80
SQ:XAUUSD,2020-04-06T21:29:00+02:00,1663.530,1664.878,1663.530,1664.290,117
SQ:XAUUSD,2020-04-06T21:30:00+02:00,1664.340,1665.740,1664.340,1665.360,93
SQ:XAUUSD,2020-04-06T21:31:00+02:00,1665.360,1665.880,1665.140,1665.660,38
SQ:XAUUSD,2020-04-06T21:32:00+02:00,1665.630,1665.850,1663.900,1665.470,69
SQ:XAUUSD,2020-04-06T21:33:00+02:00,1665.430,1666.300,1665.250,1665.640,62
SQ:XAUUSD,2020-04-06T21:34:00+02:00,1665.640,1666.190,1665.590,1665.810,38
SQ:XAUUSD,2020-04-06T21:35:00+02:00,1665.830,1667.050,1665.740,1666.820,80
SQ:XAUUSD,2020-04-06T21:36:00+02:00,1666.840,1667.040,1665.710,1666.100,70
SQ:XAUUSD,2020-04-06T21:37:00+02:00,1666.100,1666.140,1664.750,1665.120,89
SQ:XAUUSD,2020-04-06T21:38:00+02:00,1665.120,1666.530,1664.710,1665.720,69
SQ:XAUUSD,2020-04-06T21:39:00+02:00,1665.720,1668.638,1662.630,1664.740,86
SQ:XAUUSD,2020-04-06T21:40:00+02:00,1664.740,1665.990,1664.460,1665.280,83
SQ:XAUUSD,2020-04-06T21:41:00+02:00,1665.280,1665.280,1664.420,1664.960,69
SQ:XAUUSD,2020-04-06T21:42:00+02:00,1664.960,1666.430,1664.870,1666.390,60
SQ:XAUUSD,2020-04-06T21:43:00+02:00,1666.390,1667.880,1666.250,1667.520,119
SQ:XAUUSD,2020-04-06T21:44:00+02:00,1667.550,1668.120,1667.250,1667.500,86
SQ:XAUUSD,2020-04-06T21:45:00+02:00,1667.440,1668.080,1666.040,1666.380,101
SQ:XAUUSD,2020-04-06T21:46:00+02:00,1665.940,1666.400,1665.180,1665.650,57
SQ:XAUUSD,2020-04-06T21:47:00+02:00,1665.610,1665.790,1664.650,1665.250,76
SQ:XAUUSD,2020-04-06T21:48:00+02:00,1665.330,1665.440,1663.980,1664.450,80
SQ:XAUUSD,2020-04-06T21:49:00+02:00,1664.460,1664.630,1662.490,1663.350,94
SQ:XAUUSD,2020-04-06T21:50:00+02:00,1663.370,1664.460,1662.500,1664.120,105
SQ:XAUUSD,2020-04-06T21:51:00+02:00,1664.120,1665.340,1663.390,1664.710,137
SQ:XAUUSD,2020-04-06T21:52:00+02:00,1664.710,1665.410,1663.290,1663.420,161
SQ:XAUUSD,2020-04-06T21:53:00+02:00,1663.430,1664.120,1662.370,1662.410,147
SQ:XAUUSD,2020-04-06T21:54:00+02:00,1662.390,1665.950,1662.390,1665.950,182
SQ:XAUUSD,2020-04-06T21:55:00+02:00,1665.950,1665.950,1663.040,1663.720,109
SQ:XAUUSD,2020-04-06T21:56:00+02:00,1663.780,1663.780,1659.732,1660.980,136
SQ:XAUUSD,2020-04-06T21:57:00+02:00,1660.980,1661.750,1659.650,1661.050,123
SQ:XAUUSD,2020-04-06T21:58:00+02:00,1661.050,1663.800,1660.110,1663.290,143
SQ:XAUUSD,2020-04-06T21:59:00+02:00,1663.290,1665.690,1662.800,1665.370,155
SQ:XAUUSD,2020-04-06T22:00:00+02:00,1665.320,1666.370,1663.326,1665.970,146
SQ:XAUUSD,2020-04-06T22:01:00+02:00,1665.970,1666.520,1664.930,1665.900,67
SQ:XAUUSD,2020-04-06T22:02:00+02:00,1665.840,1666.150,1665.700,1665.760,39
SQ:XAUUSD,2020-04-06T22:03:00+02:00,1665.730,1665.890,1665.130,1665.280,66
SQ:XAUUSD,2020-04-06T22:04:00+02:00,1665.280,1665.330,1664.720,1664.940,27
SQ:XAUUSD,2020-04-06T22:05:00+02:00,1665.080,1665.330,1664.800,1664.800,38
SQ:XAUUSD,2020-04-06T22:06:00+02:00,1664.800,1664.860,1664.530,1664.530,36
SQ:XAUUSD,2020-04-06T22:07:00+02:00,1664.510,1665.070,1664.290,1664.700,26
SQ:XAUUSD,2020-04-06T22:08:00+02:00,1664.670,1664.960,1664.340,1664.380,43
SQ:XAUUSD,2020-04-06T22:09:00+02:00,1664.370,1664.370,1663.680,1663.820,42
SQ:XAUUSD,2020-04-06T22:10:00+02:00,1663.750,1664.610,1663.420,1664.420,56
SQ:XAUUSD,2020-04-06T22:11:00+02:00,1664.410,1664.570,1663.760,1664.160,46
SQ:XAUUSD,2020-04-06T22:12:00+02:00,1664.160,1666.040,1664.160,1664.710,102
SQ:XAUUSD,2020-04-06T22:13:00+02:00,1664.760,1664.910,1664.030,1664.280,47
SQ:XAUUSD,2020-04-06T22:14:00+02:00,1664.280,1664.740,1664.150,1664.250,28
SQ:XAUUSD,2020-04-06T22:15:00+02:00,1664.250,1664.250,1663.730,1663.800,39
SQ:XAUUSD,2020-04-06T22:16:00+02:00,1663.800,1664.070,1662.600,1662.740,32
SQ:XAUUSD,2020-04-06T22:17:00+02:00,1662.740,1662.900,1661.270,1662.640,23
SQ:XAUUSD,2020-04-06T22:18:00+02:00,1662.640,1663.250,1662.590,1663.100,15
SQ:XAUUSD,2020-04-06T22:19:00+02:00,1663.100,1663.260,1662.790,1663.180,8
SQ:XAUUSD,2020-04-06T22:20:00+02:00,1663.180,1663.790,1662.900,1663.770,17
SQ:XAUUSD,2020-04-06T22:21:00+02:00,1663.790,1664.100,1663.730,1664.000,17
SQ:XAUUSD,2020-04-06T22:22:00+02:00,1664.000,1664.310,1663.570,1664.190,39
SQ:XAUUSD,2020-04-06T22:23:00+02:00,1664.190,1664.230,1662.450,1663.030,30
SQ:XAUUSD,2020-04-06T22:24:00+02:00,1662.940,1663.320,1661.360,1661.870,82
SQ:XAUUSD,2020-04-06T22:25:00+02:00,1661.870,1662.550,1661.560,1662.420,30
SQ:XAUUSD,2020-04-06T22:26:00+02:00,1662.530,1662.830,1661.760,1662.750,49
SQ:XAUUSD,2020-04-06T22:27:00+02:00,1662.750,1663.150,1662.640,1662.910,17
SQ:XAUUSD,2020-04-06T22:28:00+02:00,1662.910,1663.020,1662.370,1662.900,11
SQ:XAUUSD,2020-04-06T22:29:00+02:00,1662.950,1663.140,1661.240,1661.810,26
SQ:XAUUSD,2020-04-06T22:30:00+02:00,1661.900,1661.900,1660.330,1660.950,65
SQ:XAUUSD,2020-04-06T22:31:00+02:00,1660.510,1661.280,1660.510,1661.270,14
SQ:XAUUSD,2020-04-06T22:32:00+02:00,1661.040,1661.300,1660.730,1660.990,13
SQ:XAUUSD,2020-04-06T22:33:00+02:00,1660.890,1661.070,1658.530,1658.990,41
SQ:XAUUSD,2020-04-06T22:34:00+02:00,1659.010,1659.130,1657.430,1658.090,37
SQ:XAUUSD,2020-04-06T22:35:00+02:00,1658.090,1658.120,1656.320,1656.980,32
SQ:XAUUSD,2020-04-06T22:36:00+02:00,1656.990,1656.990,1655.050,1655.050,28
SQ:XAUUSD,2020-04-06T22:37:00+02:00,1655.050,1655.350,1653.760,1654.420,46
SQ:XAUUSD,2020-04-06T22:38:00+02:00,1654.420,1654.720,1654.320,1654.500,23
SQ:XAUUSD,2020-04-06T22:39:00+02:00,1654.410,1655.180,1654.340,1654.360,36
SQ:XAUUSD,2020-04-06T22:40:00+02:00,1654.330,1654.490,1654.300,1654.450,19
SQ:XAUUSD,2020-04-06T22:41:00+02:00,1654.440,1655.190,1654.300,1654.780,80
SQ:XAUUSD,2020-04-06T22:42:00+02:00,1654.820,1655.030,1654.470,1654.820,21
SQ:XAUUSD,2020-04-06T22:43:00+02:00,1654.840,1656.280,1654.840,1656.270,43
SQ:XAUUSD,2020-04-06T22:44:00+02:00,1656.270,1656.440,1656.230,1656.320,13
SQ:XAUUSD,2020-04-06T22:45:00+02:00,1656.320,1656.410,1656.230,1656.370,27
SQ:XAUUSD,2020-04-06T22:46:00+02:00,1656.370,1656.670,1656.240,1656.630,23
SQ:XAUUSD,2020-04-06T22:47:00+02:00,1656.620,1657.920,1656.330,1657.870,36
SQ:XAUUSD,2020-04-06T22:48:00+02:00,1657.770,1657.770,1655.760,1655.800,20
SQ:XAUUSD,2020-04-06T22:49:00+02:00,1655.800,1656.000,1655.640,1655.900,28
SQ:XAUUSD,2020-04-06T22:50:00+02:00,1655.900,1656.640,1655.190,1656.640,35
SQ:XAUUSD,2020-04-06T22:51:00+02:00,1656.640,1657.560,1656.540,1657.390,21
SQ:XAUUSD,2020-04-06T22:52:00+02:00,1657.390,1658.360,1657.370,1658.330,49
SQ:XAUUSD,2020-04-06T22:53:00+02:00,1658.330,1659.230,1656.720,1656.990,36
SQ:XAUUSD,2020-04-06T22:54:00+02:00,1656.990,1657.360,1656.990,1657.330,23
SQ:XAUUSD,2020-04-07T00:01:00+02:00,1654.980,1662.280,1654.980,1660.590,94
SQ:XAUUSD,2020-04-07T00:02:00+02:00,1660.590,1662.880,1660.590,1662.880,50
SQ:XAUUSD,2020-04-07T00:03:00+02:00,1662.910,1664.010,1661.840,1663.670,61
SQ:XAUUSD,2020-04-07T00:04:00+02:00,1663.710,1664.390,1662.680,1664.170,43
SQ:XAUUSD,2020-04-07T00:05:00+02:00,1664.170,1664.170,1663.720,1663.970,25
SQ:XAUUSD,2020-04-07T00:06:00+02:00,1663.970,1664.100,1663.690,1663.810,24
SQ:XAUUSD,2020-04-07T00:07:00+02:00,1663.810,1664.270,1663.060,1664.150,35
SQ:XAUUSD,2020-04-07T00:08:00+02:00,1664.150,1664.750,1664.150,1664.750,18
SQ:XAUUSD,2020-04-07T00:09:00+02:00,1664.720,1664.780,1664.520,1664.760,8
SQ:XAUUSD,2020-04-07T00:10:00+02:00,1664.760,1664.780,1663.490,1663.490,15
SQ:XAUUSD,2020-04-07T00:11:00+02:00,1663.430,1663.590,1662.320,1662.540,28
SQ:XAUUSD,2020-04-07T00:12:00+02:00,1662.550,1662.710,1662.400,1662.710,22
SQ:XAUUSD,2020-04-07T00:13:00+02:00,1662.740,1662.810,1662.540,1662.770,26
SQ:XAUUSD,2020-04-07T00:14:00+02:00,1662.830,1662.990,1662.830,1662.990,3
SQ:XAUUSD,2020-04-07T00:15:00+02:00,1662.990,1663.490,1662.830,1662.990,44
SQ:XAUUSD,2020-04-07T00:16:00+02:00,1663.010,1663.030,1662.170,1662.230,50
SQ:XAUUSD,2020-04-07T00:17:00+02:00,1662.100,1662.520,1661.210,1661.500,71
SQ:XAUUSD,2020-04-07T00:18:00+02:00,1661.360,1661.550,1660.870,1660.870,18
SQ:XAUUSD,2020-04-07T00:19:00+02:00,1660.900,1661.240,1660.820,1661.050,23
SQ:XAUUSD,2020-04-07T00:20:00+02:00,1661.040,1661.900,1660.750,1660.770,30
SQ:XAUUSD,2020-04-07T00:21:00+02:00,1660.790,1660.820,1660.050,1660.050,23
SQ:XAUUSD,2020-04-07T00:22:00+02:00,1659.990,1659.990,1659.640,1659.870,26
SQ:XAUUSD,2020-04-07T00:23:00+02:00,1659.850,1660.140,1659.640,1659.690,19
SQ:XAUUSD,2020-04-07T00:24:00+02:00,1659.690,1660.090,1659.650,1660.090,15
SQ:XAUUSD,2020-04-07T00:25:00+02:00,1660.090,1660.600,1659.870,1660.220,37
SQ:XAUUSD,2020-04-07T00:26:00+02:00,1660.210,1660.280,1659.990,1660.280,13
SQ:XAUUSD,2020-04-07T00:27:00+02:00,1660.280,1660.280,1659.650,1659.650,22
SQ:XAUUSD,2020-04-07T00:28:00+02:00,1659.680,1659.730,1659.600,1659.670,13
SQ:XAUUSD,2020-04-07T00:29:00+02:00,1659.680,1659.810,1659.660,1659.660,7
SQ:XAUUSD,2020-04-07T00:30:00+02:00,1659.730,1660.570,1659.720,1660.140,16
SQ:XAUUSD,2020-04-07T00:31:00+02:00,1660.080,1661.980,1659.990,1661.230,54
SQ:XAUUSD,2020-04-07T00:32:00+02:00,1661.380,1661.760,1660.970,1661.720,19
SQ:XAUUSD,2020-04-07T00:33:00+02:00,1661.720,1662.020,1661.710,1661.770,20
SQ:XAUUSD,2020-04-07T00:34:00+02:00,1661.770,1662.210,1661.660,1662.090,27
SQ:XAUUSD,2020-04-07T00:35:00+02:00,1662.270,1662.880,1662.130,1662.790,57
SQ:XAUUSD,2020-04-07T00:36:00+02:00,1662.820,1663.000,1662.520,1662.780,34
SQ:XAUUSD,2020-04-07T00:37:00+02:00,1662.780,1662.780,1661.870,1662.500,37
SQ:XAUUSD,2020-04-07T00:38:00+02:00,1662.780,1662.920,1662.190,1662.720,15
SQ:XAUUSD,2020-04-07T00:39:00+02:00,1662.770,1663.040,1662.770,1663.040,5
SQ:XAUUSD,2020-04-07T00:40:00+02:00,1662.870,1663.150,1662.550,1663.150,14
SQ:XAUUSD,2020-04-07T00:41:00+02:00,1663.150,1665.170,1662.900,1665.170,86
SQ:XAUUSD,2020-04-07T00:42:00+02:00,1664.970,1665.070,1663.260,1664.360,120
SQ:XAUUSD,2020-04-07T00:43:00+02:00,1664.360,1664.940,1664.040,1664.770,51
SQ:XAUUSD,2020-04-07T00:44:00+02:00,1664.770,1666.180,1664.620,1665.680,86
SQ:XAUUSD,2020-04-07T00:45:00+02:00,1665.680,1666.410,1665.680,1666.060,37
SQ:XAUUSD,2020-04-07T00:46:00+02:00,1666.060,1666.620,1665.380,1665.380,29
SQ:XAUUSD,2020-04-07T00:47:00+02:00,1665.360,1665.360,1664.830,1664.930,25
SQ:XAUUSD,2020-04-07T00:48:00+02:00,1664.930,1666.450,1664.800,1665.750,93
SQ:XAUUSD,2020-04-07T00:49:00+02:00,1665.750,1666.010,1664.790,1665.240,101
SQ:XAUUSD,2020-04-07T00:50:00+02:00,1665.300,1665.760,1664.630,1665.290,52
SQ:XAUUSD,2020-04-07T00:51:00+02:00,1665.360,1666.730,1665.300,1666.660,51
SQ:XAUUSD,2020-04-07T00:52:00+02:00,1666.720,1666.980,1665.530,1665.750,54
SQ:XAUUSD,2020-04-07T00:53:00+02:00,1665.890,1667.480,1665.880,1666.930,27
SQ:XAUUSD,2020-04-07T00:54:00+02:00,1667.480,1667.480,1666.630,1666.630,26
SQ:XAUUSD,2020-04-07T00:55:00+02:00,1667.430,1667.430,1666.630,1667.430,8
SQ:XAUUSD,2020-04-07T00:56:00+02:00,1666.630,1669.730,1665.624,1665.960,118
SQ:XAUUSD,2020-04-07T00:57:00+02:00,1668.030,1668.830,1663.860,1664.410,168
SQ:XAUUSD,2020-04-07T00:58:00+02:00,1665.058,1667.580,1664.690,1666.958,90
SQ:XAUUSD,2020-04-07T00:59:00+02:00,1666.948,1667.328,1663.720,1664.410,67
SQ:XAUUSD,2020-04-07T01:00:00+02:00,1664.470,1666.730,1663.880,1664.490,37
SQ:XAUUSD,2020-04-07T01:01:00+02:00,1664.460,1666.450,1663.370,1663.370,28
SQ:XAUUSD,2020-04-07T01:02:00+02:00,1663.430,1666.880,1663.310,1664.820,45
SQ:XAUUSD,2020-04-07T01:03:00+02:00,1664.820,1668.930,1664.530,1667.000,89
SQ:XAUUSD,2020-04-07T01:04:00+02:00,1667.000,1669.380,1663.560,1664.420,65
SQ:XAUUSD,2020-04-07T01:05:00+02:00,1664.270,1664.270,1662.680,1662.680,38
SQ:XAUUSD,2020-04-07T01:06:00+02:00,1662.770,1663.930,1662.610,1663.690,40
SQ:XAUUSD,2020-04-07T01:07:00+02:00,1663.800,1665.260,1663.770,1664.810,54
SQ:XAUUSD,2020-04-07T01:08:00+02:00,1664.580,1664.580,1663.710,1664.420,54
SQ:XAUUSD,2020-04-07T01:09:00+02:00,1664.510,1664.950,1664.400,1664.400,36
SQ:XAUUSD,2020-04-07T01:10:00+02:00,1664.440,1664.510,1664.290,1664.460,25
SQ:XAUUSD,2020-04-07T01:11:00+02:00,1664.460,1664.460,1663.740,1664.060,46
SQ:XAUUSD,2020-04-07T01:12:00+02:00,1664.220,1665.600,1664.220,1665.430,50
SQ:XAUUSD,2020-04-07T01:13:00+02:00,1665.440,1665.680,1664.570,1665.480,49
SQ:XAUUSD,2020-04-07T01:14:00+02:00,1665.626,1669.760,1665.560,1668.350,69
SQ:XAUUSD,2020-04-07T01:15:00+02:00,1668.410,1676.360,1667.180,1673.390,334
SQ:XAUUSD,2020-04-07T01:16:00+02:00,1673.390,1674.500,1669.660,1669.870,165
SQ:XAUUSD,2020-04-07T01:17:00+02:00,1669.860,1670.320,1666.620,1667.340,127
SQ:XAUUSD,2020-04-07T01:18:00+02:00,1667.330,1671.420,1667.330,1670.100,89
SQ:XAUUSD,2020-04-07T01:19:00+02:00,1669.590,1671.420,1668.970,1669.220,51
SQ:XAUUSD,2020-04-07T01:20:00+02:00,1669.490,1669.830,1666.120,1668.730,90
SQ:XAUUSD,2020-04-07T01:21:00+02:00,1668.770,1668.770,1666.700,1668.130,68
SQ:XAUUSD,2020-04-07T01:22:00+02:00,1668.130,1668.340,1665.450,1666.600,41
SQ:XAUUSD,2020-04-07T01:23:00+02:00,1666.530,1666.770,1665.440,1665.440,27
SQ:XAUUSD,2020-04-07T01:24:00+02:00,1665.440,1666.380,1665.100,1665.300,41
SQ:XAUUSD,2020-04-07T01:25:00+02:00,1665.320,1666.370,1664.600,1666.370,50
SQ:XAUUSD,2020-04-07T01:26:00+02:00,1666.350,1670.670,1665.990,1670.600,148
SQ:XAUUSD,2020-04-07T01:27:00+02:00,1670.600,1673.950,1669.840,1673.950,123
SQ:XAUUSD,2020-04-07T01:28:00+02:00,1673.950,1674.720,1665.420,1666.786,217
SQ:XAUUSD,2020-04-07T01:29:00+02:00,1666.816,1666.816,1662.346,1662.400,141
SQ:XAUUSD,2020-04-07T01:30:00+02:00,1662.360,1670.210,1662.096,1668.480,101
SQ:XAUUSD,2020-04-07T01:31:00+02:00,1668.560,1669.460,1665.180,1665.226,78
SQ:XAUUSD,2020-04-07T01:32:00+02:00,1665.830,1666.250,1664.986,1665.450,64
SQ:XAUUSD,2020-04-07T01:33:00+02:00,1665.450,1665.600,1663.380,1663.480,75
SQ:XAUUSD,2020-04-07T01:34:00+02:00,1663.430,1674.170,1663.340,1671.650,164
SQ:XAUUSD,2020-04-07T01:35:00+02:00,1671.660,1672.410,1665.040,1669.340,154
SQ:XAUUSD,2020-04-07T01:36:00+02:00,1669.340,1670.360,1665.270,1665.430,122
SQ:XAUUSD,2020-04-07T01:37:00+02:00,1665.550,1669.090,1664.440,1664.810,68
SQ:XAUUSD,2020-04-07T01:38:00+02:00,1664.960,1665.100,1663.840,1663.880,25
SQ:XAUUSD,2020-04-07T01:39:00+02:00,1664.230,1664.230,1663.610,1663.610,3
SQ:XAUUSD,2020-04-07T01:40:00+02:00,1663.610,1663.610,1663.490,1663.490,2
SQ:XAUUSD,2020-04-07T01:41:00+02:00,1663.490,1663.490,1661.030,1661.030,7
SQ:XAUUSD,2020-04-07T01:42:00+02:00,1661.030,1661.030,1660.450,1660.450,4
SQ:XAUUSD,2020-04-07T01:43:00+02:00,1660.450,1661.080,1660.330,1661.080,5
SQ:XAUUSD,2020-04-07T01:44:00+02:00,1661.080,1662.050,1658.026,1659.250,26
SQ:XAUUSD,2020-04-07T01:45:00+02:00,1659.250,1659.250,1658.100,1658.100,7
SQ:XAUUSD,2020-04-07T01:46:00+02:00,1658.330,1658.330,1658.330,1658.330,1
SQ:XAUUSD,2020-04-07T01:47:00+02:00,1658.330,1658.930,1658.330,1658.830,10
SQ:XAUUSD,2020-04-07T01:48:00+02:00,1658.830,1659.360,1658.830,1659.360,20
SQ:XAUUSD,2020-04-07T01:49:00+02:00,1659.380,1660.540,1659.380,1660.370,60
SQ:XAUUSD,2020-04-07T01:50:00+02:00,1660.370,1660.620,1660.370,1660.620,2
SQ:XAUUSD,2020-04-07T01:51:00+02:00,1660.880,1661.600,1660.880,1661.140,30
SQ:XAUUSD,2020-04-07T01:52:00+02:00,1661.140,1662.320,1661.140,1661.400,55
SQ:XAUUSD,2020-04-07T01:53:00+02:00,1661.400,1661.650,1661.400,1661.650,2
SQ:XAUUSD,2020-04-07T01:54:00+02:00,1661.650,1661.790,1661.650,1661.790,2
SQ:XAUUSD,2020-04-07T01:55:00+02:00,1665.680,1668.290,1663.280,1665.090,47
SQ:XAUUSD,2020-04-07T01:56:00+02:00,1665.090,1665.170,1665.090,1665.160,3
SQ:XAUUSD,2020-04-07T01:57:00+02:00,1665.160,1667.910,1664.600,1664.600,12
SQ:XAUUSD,2020-04-07T01:58:00+02:00,1664.600,1664.600,1660.220,1660.540,11
SQ:XAUUSD,2020-04-07T01:59:00+02:00,1660.310,1662.710,1659.500,1659.500,31
SQ:XAUUSD,2020-04-07T02:00:00+02:00,1659.500,1660.270,1658.440,1659.500,11
SQ:XAUUSD,2020-04-07T02:01:00+02:00,1659.500,1659.500,1659.500,1659.500,1
SQ:XAUUSD,2020-04-07T02:02:00+02:00,1659.500,1660.090,1659.500,1659.840,32
SQ:XAUUSD,2020-04-07T02:03:00+02:00,1659.850,1660.830,1659.780,1660.400,41
SQ:XAUUSD,2020-04-07T02:04:00+02:00,1660.490,1660.490,1659.900,1660.290,27
SQ:XAUUSD,2020-04-07T02:05:00+02:00,1660.280,1661.740,1660.160,1660.970,55
SQ:XAUUSD,2020-04-07T02:06:00+02:00,1661.020,1661.150,1659.610,1660.790,43
SQ:XAUUSD,2020-04-07T02:07:00+02:00,1660.820,1660.900,1659.460,1660.470,34
SQ:XAUUSD,2020-04-07T02:08:00+02:00,1660.540,1660.580,1660.540,1660.580,2
SQ:XAUUSD,2020-04-07T02:09:00+02:00,1660.580,1660.620,1660.580,1660.620,3
SQ:XAUUSD,2020-04-07T02:10:00+02:00,1660.620,1662.380,1660.620,1661.610,45
SQ:XAUUSD,2020-04-07T02:11:00+02:00,1661.610,1661.610,1661.610,1661.610,1
SQ:XAUUSD,2020-04-07T02:12:00+02:00,1661.610,1661.670,1661.610,1661.670,2
SQ:XAUUSD,2020-04-07T02:13:00+02:00,1661.670,1661.670,1661.670,1661.670,1
SQ:XAUUSD,2020-04-07T02:14:00+02:00,1661.670,1661.690,1660.340,1660.340,6
SQ:XAUUSD,2020-04-07T02:15:00+02:00,1660.340,1661.070,1660.340,1660.820,21
SQ:XAUUSD,2020-04-07T02:16:00+02:00,1660.820,1661.010,1660.690,1661.010,13
SQ:XAUUSD,2020-04-07T02:17:00+02:00,1660.680,1661.240,1660.680,1661.100,15
SQ:XAUUSD,2020-04-07T02:18:00+02:00,1661.210,1661.860,1661.210,1661.640,9
SQ:XAUUSD,2020-04-07T02:19:00+02:00,1661.360,1661.360,1659.910,1660.050,24
SQ:XAUUSD,2020-04-07T02:20:00+02:00,1660.050,1660.220,1659.650,1659.900,22
SQ:XAUUSD,2020-04-07T02:21:00+02:00,1659.940,1660.850,1659.830,1660.850,27
SQ:XAUUSD,2020-04-07T02:22:00+02:00,1660.890,1660.890,1660.840,1660.840,2
SQ:XAUUSD,2020-04-07T02:23:00+02:00,1660.840,1661.130,1660.820,1661.130,14
SQ:XAUUSD,2020-04-07T02:24:00+02:00,1661.130,1661.260,1661.030,1661.260,7
SQ:XAUUSD,2020-04-07T02:25:00+02:00,1661.260,1661.750,1661.260,1661.620,8
SQ:XAUUSD,2020-04-07T02:26:00+02:00,1661.630,1662.730,1659.290,1660.360,68
SQ:XAUUSD,2020-04-07T02:27:00+02:00,1660.360,1660.770,1659.980,1660.020,9
SQ:XAUUSD,2020-04-07T02:28:00+02:00,1660.020,1662.920,1660.020,1661.530,14
SQ:XAUUSD,2020-04-07T02:29:00+02:00,1661.730,1661.750,1661.510,1661.510,3
SQ:XAUUSD,2020-04-07T02:30:00+02:00,1661.510,1661.510,1661.510,1661.510,1
SQ:XAUUSD,2020-04-07T02:31:00+02:00,1660.390,1660.390,1660.390,1660.390,1
SQ:XAUUSD,2020-04-07T02:32:00+02:00,1660.390,1660.390,1659.860,1659.860,3
SQ:XAUUSD,2020-04-07T02:33:00+02:00,1659.860,1659.860,1659.030,1659.030,6
SQ:XAUUSD,2020-04-07T02:34:00+02:00,1659.030,1660.330,1658.860,1659.340,22
SQ:XAUUSD,2020-04-07T02:35:00+02:00,1659.360,1661.010,1659.360,1659.970,70
SQ:XAUUSD,2020-04-07T02:36:00+02:00,1659.790,1661.210,1659.110,1660.810,38
SQ:XAUUSD,2020-04-07T02:37:00+02:00,1660.810,1660.810,1659.410,1660.690,12
SQ:XAUUSD,2020-04-07T02:38:00+02:00,1660.760,1661.840,1660.270,1660.660,17
SQ:XAUUSD,2020-04-07T02:39:00+02:00,1660.660,1661.760,1660.460,1661.630,16
SQ:XAUUSD,2020-04-07T02:40:00+02:00,1661.630,1661.630,1660.730,1661.110,69
SQ:XAUUSD,2020-04-07T02:41:00+02:00,1661.000,1661.790,1660.500,1661.550,48
SQ:XAUUSD,2020-04-07T02:42:00+02:00,1661.390,1661.750,1661.390,1661.750,7
SQ:XAUUSD,2020-04-07T02:43:00+02:00,1661.870,1661.870,1660.430,1661.200,10
SQ:XAUUSD,2020-04-07T02:44:00+02:00,1661.080,1661.440,1660.710,1661.440,18
SQ:XAUUSD,2020-04-07T02:45:00+02:00,1661.340,1661.750,1660.970,1661.750,16
SQ:XAUUSD,2020-04-07T02:46:00+02:00,1661.750,1662.010,1661.630,1661.660,8
SQ:XAUUSD,2020-04-07T02:47:00+02:00,1661.780,1661.780,1661.350,1661.390,5
SQ:XAUUSD,2020-04-07T02:48:00+02:00,1661.390,1662.060,1661.110,1661.710,18
SQ:XAUUSD,2020-04-07T02:49:00+02:00,1661.510,1661.510,1661.410,1661.410,5
SQ:XAUUSD,2020-04-07T02:50:00+02:00,1661.410,1661.490,1660.640,1661.110,13
SQ:XAUUSD,2020-04-07T02:51:00+02:00,1660.910,1661.500,1660.820,1661.190,22
SQ:XAUUSD,2020-04-07T02:52:00+02:00,1661.110,1662.370,1661.110,1661.370,17
SQ:XAUUSD,2020-04-07T02:53:00+02:00,1661.430,1662.930,1661.260,1661.980,29
SQ:XAUUSD,2020-04-07T02:54:00+02:00,1661.980,1663.070,1661.980,1663.070,10
SQ:XAUUSD,2020-04-07T02:55:00+02:00,1663.070,1663.740,1663.070,1663.270,8
SQ:XAUUSD,2020-04-07T02:56:00+02:00,1663.210,1664.690,1663.020,1663.020,13
SQ:XAUUSD,2020-04-07T02:57:00+02:00,1663.020,1663.330,1662.870,1663.230,9
SQ:XAUUSD,2020-04-07T02:58:00+02:00,1663.230,1664.100,1660.900,1664.100,14
SQ:XAUUSD,2020-04-07T02:59:00+02:00,1664.100,1664.100,1661.170,1663.010,22
SQ:XAUUSD,2020-04-07T03:00:00+02:00,1663.010,1663.500,1658.700,1660.490,167
SQ:XAUUSD,2020-04-07T03:01:00+02:00,1660.490,1660.950,1659.620,1660.170,73
SQ:XAUUSD,2020-04-07T03:02:00+02:00,1660.360,1660.670,1660.080,1660.480,37
SQ:XAUUSD,2020-04-07T03:03:00+02:00,1660.240,1660.550,1659.840,1660.180,60
SQ:XAUUSD,2020-04-07T03:04:00+02:00,1660.220,1660.410,1659.520,1659.820,79
SQ:XAUUSD,2020-04-07T03:05:00+02:00,1659.790,1660.280,1658.040,1659.780,69
SQ:XAUUSD,2020-04-07T03:06:00+02:00,1659.660,1659.710,1653.620,1654.200,148
SQ:XAUUSD,2020-04-07T03:07:00+02:00,1654.200,1657.100,1653.160,1656.490,135
SQ:XAUUSD,2020-04-07T03:08:00+02:00,1656.470,1657.580,1656.270,1657.190,38
SQ:XAUUSD,2020-04-07T03:09:00+02:00,1657.190,1658.310,1657.050,1657.840,109
SQ:XAUUSD,2020-04-07T03:10:00+02:00,1657.830,1658.920,1657.730,1657.900,110
SQ:XAUUSD,2020-04-07T03:11:00+02:00,1657.810,1657.860,1656.760,1657.860,84
SQ:XAUUSD,2020-04-07T03:12:00+02:00,1657.760,1657.920,1656.580,1657.100,47
SQ:XAUUSD,2020-04-07T03:13:00+02:00,1657.100,1658.030,1656.860,1657.950,62
SQ:XAUUSD,2020-04-07T03:14:00+02:00,1657.950,1658.310,1656.740,1658.130,65
SQ:XAUUSD,2020-04-07T03:15:00+02:00,1658.130,1658.250,1657.210,1657.750,33
SQ:XAUUSD,2020-04-07T03:16:00+02:00,1658.030,1658.280,1657.090,1658.170,41
SQ:XAUUSD,2020-04-07T03:17:00+02:00,1658.170,1658.440,1658.060,1658.440,38
SQ:XAUUSD,2020-04-07T03:18:00+02:00,1658.440,1658.990,1657.760,1658.660,31
SQ:XAUUSD,2020-04-07T03:19:00+02:00,1658.660,1660.580,1658.490,1660.450,68
SQ:XAUUSD,2020-04-07T03:20:00+02:00,1660.450,1660.970,1660.100,1660.540,55
SQ:XAUUSD,2020-04-07T03:21:00+02:00,1660.540,1660.770,1660.380,1660.590,27
SQ:XAUUSD,2020-04-07T03:22:00+02:00,1660.590,1661.170,1659.910,1660.750,34
SQ:XAUUSD,2020-04-07T03:23:00+02:00,1660.760,1661.900,1660.760,1661.630,41
SQ:XAUUSD,2020-04-07T03:24:00+02:00,1661.500,1664.020,1661.160,1664.020,44
SQ:XAUUSD,2020-04-07T03:25:00+02:00,1664.020,1664.830,1660.700,1660.700,51
SQ:XAUUSD,2020-04-07T03:26:00+02:00,1660.710,1661.070,1660.570,1661.070,22
SQ:XAUUSD,2020-04-07T03:27:00+02:00,1661.070,1661.080,1660.860,1661.000,11
SQ:XAUUSD,2020-04-07T03:28:00+02:00,1661.000,1661.210,1660.770,1661.060,47
SQ:XAUUSD,2020-04-07T03:29:00+02:00,1661.060,1661.090,1661.010,1661.010,11
SQ:XAUUSD,2020-04-07T03:30:00+02:00,1661.000,1661.080,1660.650,1661.050,16
SQ:XAUUSD,2020-04-07T03:31:00+02:00,1660.970,1662.620,1660.850,1661.060,16
SQ:XAUUSD,2020-04-07T03:32:00+02:00,1661.060,1661.150,1660.950,1661.120,7
SQ:XAUUSD,2020-04-07T03:33:00+02:00,1661.120,1661.320,1660.450,1661.320,14
SQ:XAUUSD,2020-04-07T03:34:00+02:00,1661.190,1661.310,1661.190,1661.290,4
SQ:XAUUSD,2020-04-07T03:35:00+02:00,1661.340,1661.340,1661.110,1661.190,12
SQ:XAUUSD,2020-04-07T03:36:00+02:00,1661.200,1662.130,1661.200,1661.650,34
SQ:XAUUSD,2020-04-07T03:37:00+02:00,1661.860,1661.860,1661.000,1661.190,19
SQ:XAUUSD,2020-04-07T03:38:00+02:00,1661.240,1661.710,1661.070,1661.350,25
SQ:XAUUSD,2020-04-07T03:39:00+02:00,1661.410,1662.210,1661.410,1662.150,13
SQ:XAUUSD,2020-04-07T03:40:00+02:00,1662.150,1662.150,1662.150,1662.150,1
SQ:XAUUSD,2020-04-07T03:41:00+02:00,1662.150,1662.440,1661.520,1661.650,25
SQ:XAUUSD,2020-04-07T03:42:00+02:00,1661.670,1662.400,1661.650,1661.690,17
SQ:XAUUSD,2020-04-07T03:43:00+02:00,1661.730,1661.750,1661.180,1661.610,21
SQ:XAUUSD,2020-04-07T03:44:00+02:00,1661.610,1661.770,1661.000,1661.000,10
SQ:XAUUSD,2020-04-07T03:45:00+02:00,1661.000,1661.310,1661.000,1661.310,9
SQ:XAUUSD,2020-04-07T03:46:00+02:00,1661.310,1661.880,1661.010,1661.790,24
SQ:XAUUSD,2020-04-07T03:47:00+02:00,1661.790,1663.090,1661.790,1662.370,20
SQ:XAUUSD,2020-04-07T03:48:00+02:00,1662.140,1663.030,1662.060,1663.030,23
SQ:XAUUSD,2020-04-07T03:49:00+02:00,1662.530,1663.780,1661.770,1663.780,45
SQ:XAUUSD,2020-04-07T03:50:00+02:00,1663.780,1664.200,1662.230,1664.200,81
SQ:XAUUSD,2020-04-07T03:51:00+02:00,1664.200,1664.530,1661.180,1662.010,73
SQ:XAUUSD,2020-04-07T03:52:00+02:00,1661.980,1662.810,1661.810,1662.470,56
SQ:XAUUSD,2020-04-07T03:53:00+02:00,1662.470,1662.550,1661.810,1662.080,50
SQ:XAUUSD,2020-04-07T03:54:00+02:00,1662.130,1663.500,1660.780,1661.810,56
SQ:XAUUSD,2020-04-07T03:55:00+02:00,1661.800,1661.900,1661.360,1661.590,32
SQ:XAUUSD,2020-04-07T03:56:00+02:00,1661.460,1663.670,1661.010,1661.200,49
SQ:XAUUSD,2020-04-07T03:57:00+02:00,1661.190,1661.300,1660.940,1661.210,39
SQ:XAUUSD,2020-04-07T03:58:00+02:00,1661.210,1661.500,1660.620,1660.700,45
SQ:XAUUSD,2020-04-07T03:59:00+02:00,1660.700,1661.250,1660.330,1660.740,17
SQ:XAUUSD,2020-04-07T04:00:00+02:00,1660.780,1661.090,1660.780,1661.050,37
SQ:XAUUSD,2020-04-07T04:01:00+02:00,1661.070,1661.290,1660.690,1661.240,24
SQ:XAUUSD,2020-04-07T04:02:00+02:00,1661.210,1661.250,1660.590,1661.070,31
SQ:XAUUSD,2020-04-07T04:03:00+02:00,1660.990,1660.990,1660.610,1660.630,25
SQ:XAUUSD,2020-04-07T04:04:00+02:00,1660.630,1661.650,1660.460,1661.210,38
SQ:XAUUSD,2020-04-07T04:05:00+02:00,1661.210,1661.350,1658.290,1658.300,58
SQ:XAUUSD,2020-04-07T04:06:00+02:00,1658.300,1658.650,1657.650,1658.650,107
SQ:XAUUSD,2020-04-07T04:07:00+02:00,1658.900,1659.790,1658.600,1659.400,107
SQ:XAUUSD,2020-04-07T04:08:00+02:00,1659.500,1660.330,1658.820,1659.560,69
SQ:XAUUSD,2020-04-07T04:09:00+02:00,1659.560,1659.750,1659.100,1659.200,40
SQ:XAUUSD,2020-04-07T04:10:00+02:00,1659.200,1659.250,1658.960,1659.150,22
SQ:XAUUSD,2020-04-07T04:11:00+02:00,1659.150,1659.990,1659.150,1659.190,98
SQ:XAUUSD,2020-04-07T04:12:00+02:00,1659.190,1659.200,1659.120,1659.120,4
SQ:XAUUSD,2020-04-07T04:13:00+02:00,1659.120,1659.190,1659.110,1659.140,7
SQ:XAUUSD,2020-04-07T04:14:00+02:00,1659.140,1659.320,1658.650,1658.650,16
SQ:XAUUSD,2020-04-07T04:15:00+02:00,1658.650,1660.470,1658.650,1659.690,93
SQ:XAUUSD,2020-04-07T04:16:00+02:00,1659.880,1660.510,1659.470,1660.080,91
SQ:XAUUSD,2020-04-07T04:17:00+02:00,1660.080,1660.390,1659.640,1660.290,99
SQ:XAUUSD,2020-04-07T04:18:00+02:00,1660.290,1660.310,1659.300,1659.450,92
SQ:XAUUSD,2020-04-07T04:19:00+02:00,1659.340,1659.690,1659.260,1659.470,77
SQ:XAUUSD,2020-04-07T04:20:00+02:00,1659.470,1660.700,1659.160,1660.270,95
SQ:XAUUSD,2020-04-07T04:21:00+02:00,1660.080,1660.270,1659.880,1659.880,17
SQ:XAUUSD,2020-04-07T04:22:00+02:00,1659.880,1659.890,1659.040,1659.040,4
SQ:XAUUSD,2020-04-07T04:23:00+02:00,1659.040,1659.070,1658.630,1659.070,8
SQ:XAUUSD,2020-04-07T04:24:00+02:00,1659.070,1659.180,1659.070,1659.120,5
SQ:XAUUSD,2020-04-07T04:25:00+02:00,1659.120,1659.200,1659.030,1659.030,3
SQ:XAUUSD,2020-04-07T04:26:00+02:00,1659.030,1659.440,1659.020,1659.030,10
SQ:XAUUSD,2020-04-07T04:27:00+02:00,1659.030,1659.260,1659.030,1659.260,5
SQ:XAUUSD,2020-04-07T04:28:00+02:00,1659.260,1659.260,1659.200,1659.240,6
SQ:XAUUSD,2020-04-07T04:29:00+02:00,1659.240,1659.260,1658.170,1658.770,28
SQ:XAUUSD,2020-04-07T04:30:00+02:00,1658.820,1659.220,1658.800,1659.220,19
SQ:XAUUSD,2020-04-07T04:31:00+02:00,1659.260,1659.640,1658.540,1658.920,63
SQ:XAUUSD,2020-04-07T04:32:00+02:00,1658.760,1659.320,1657.740,1658.910,45
SQ:XAUUSD,2020-04-07T04:33:00+02:00,1658.910,1660.350,1658.820,1658.820,12
SQ:XAUUSD,2020-04-07T04:34:00+02:00,1658.820,1658.890,1658.720,1658.770,6
SQ:XAUUSD,2020-04-07T04:35:00+02:00,1658.820,1659.270,1657.510,1658.400,26
SQ:XAUUSD,2020-04-07T04:36:00+02:00,1658.300,1658.480,1657.092,1658.430,75
SQ:XAUUSD,2020-04-07T04:37:00+02:00,1658.430,1658.470,1657.550,1658.200,42
SQ:XAUUSD,2020-04-07T04:38:00+02:00,1658.200,1658.270,1657.142,1657.910,57
SQ:XAUUSD,2020-04-07T04:39:00+02:00,1657.910,1657.930,1657.290,1657.820,28
SQ:XAUUSD,2020-04-07T04:40:00+02:00,1657.820,1658.380,1657.320,1658.020,54
SQ:XAUUSD,2020-04-07T04:41:00+02:00,1657.350,1658.150,1655.010,1656.540,40
SQ:XAUUSD,2020-04-07T04:42:00+02:00,1656.540,1656.990,1656.540,1656.990,5
SQ:XAUUSD,2020-04-07T04:43:00+02:00,1656.990,1657.650,1656.990,1657.490,15
SQ:XAUUSD,2020-04-07T04:44:00+02:00,1657.450,1658.050,1656.920,1656.920,34
SQ:XAUUSD,2020-04-07T04:45:00+02:00,1656.920,1658.000,1656.800,1657.770,78
SQ:XAUUSD,2020-04-07T04:46:00+02:00,1657.770,1658.800,1656.950,1657.192,89
SQ:XAUUSD,2020-04-07T04:47:00+02:00,1657.190,1658.210,1656.930,1657.630,80
SQ:XAUUSD,2020-04-07T04:48:00+02:00,1657.630,1658.560,1656.960,1657.830,54
SQ:XAUUSD,2020-04-07T04:49:00+02:00,1657.830,1658.010,1657.240,1657.560,55
SQ:XAUUSD,2020-04-07T04:50:00+02:00,1657.560,1657.680,1656.980,1657.110,15
SQ:XAUUSD,2020-04-07T04:51:00+02:00,1657.010,1657.730,1656.940,1657.580,26
SQ:XAUUSD,2020-04-07T04:52:00+02:00,1657.580,1657.580,1657.094,1657.390,14
SQ:XAUUSD,2020-04-07T04:53:00+02:00,1657.390,1657.670,1656.768,1657.650,91
SQ:XAUUSD,2020-04-07T04:54:00+02:00,1657.070,1657.720,1657.070,1657.500,48
SQ:XAUUSD,2020-04-07T04:55:00+02:00,1657.500,1658.080,1657.480,1657.820,35
SQ:XAUUSD,2020-04-07T04:56:00+02:00,1657.820,1659.300,1657.760,1659.170,68
SQ:XAUUSD,2020-04-07T04:57:00+02:00,1659.170,1659.790,1658.680,1659.350,58
SQ:XAUUSD,2020-04-07T04:58:00+02:00,1659.380,1659.500,1658.640,1658.640,32
SQ:XAUUSD,2020-04-07T04:59:00+02:00,1658.640,1658.640,1657.310,1657.650,25
SQ:XAUUSD,2020-04-07T05:00:00+02:00,1657.750,1660.302,1657.400,1658.490,63
SQ:XAUUSD,2020-04-07T05:01:00+02:00,1658.490,1659.000,1658.200,1658.230,29
SQ:XAUUSD,2020-04-07T05:02:00+02:00,1658.220,1658.220,1657.900,1657.900,3
SQ:XAUUSD,2020-04-07T05:03:00+02:00,1657.540,1657.870,1657.540,1657.700,3
SQ:XAUUSD,2020-04-07T05:04:00+02:00,1657.820,1658.220,1657.580,1658.220,11
SQ:XAUUSD,2020-04-07T05:05:00+02:00,1658.160,1658.260,1657.880,1658.090,16
SQ:XAUUSD,2020-04-07T05:06:00+02:00,1658.090,1658.260,1658.010,1658.090,6
SQ:XAUUSD,2020-04-07T05:07:00+02:00,1658.090,1658.250,1658.050,1658.050,6
SQ:XAUUSD,2020-04-07T05:08:00+02:00,1658.050,1658.150,1657.940,1658.100,17
SQ:XAUUSD,2020-04-07T05:09:00+02:00,1658.110,1658.640,1657.880,1658.190,34
SQ:XAUUSD,2020-04-07T05:10:00+02:00,1658.250,1658.820,1658.250,1658.720,29
SQ:XAUUSD,2020-04-07T05:11:00+02:00,1658.320,1659.090,1658.040,1658.130,9
SQ:XAUUSD,2020-04-07T05:12:00+02:00,1658.150,1658.190,1658.130,1658.130,8
SQ:XAUUSD,2020-04-07T05:13:00+02:00,1658.150,1660.080,1658.150,1659.350,124
SQ:XAUUSD,2020-04-07T05:14:00+02:00,1659.350,1660.870,1659.350,1660.530,93
SQ:XAUUSD,2020-04-07T05:15:00+02:00,1660.550,1660.790,1660.070,1660.570,79
SQ:XAUUSD,2020-04-07T05:16:00+02:00,1660.610,1661.050,1660.580,1660.740,42
SQ:XAUUSD,2020-04-07T05:17:00+02:00,1660.740,1661.980,1660.740,1661.380,72
SQ:XAUUSD,2020-04-07T05:18:00+02:00,1661.420,1661.680,1661.240,1661.500,94
SQ:XAUUSD,2020-04-07T05:19:00+02:00,1661.490,1661.540,1659.890,1660.400,102
SQ:XAUUSD,2020-04-07T05:20:00+02:00,1660.390,1661.180,1660.210,1661.180,54
SQ:XAUUSD,2020-04-07T05:21:00+02:00,1661.110,1661.160,1659.830,1659.910,77
SQ:XAUUSD,2020-04-07T05:22:00+02:00,1659.940,1659.940,1658.430,1658.600,63
SQ:XAUUSD,2020-04-07T05:23:00+02:00,1658.400,1662.532,1658.220,1658.220,82
SQ:XAUUSD,2020-04-07T05:24:00+02:00,1658.220,1659.790,1658.220,1659.310,50
SQ:XAUUSD,2020-04-07T05:25:00+02:00,1659.320,1659.510,1659.020,1659.410,34
SQ:XAUUSD,2020-04-07T05:26:00+02:00,1659.460,1659.910,1659.340,1659.800,33
SQ:XAUUSD,2020-04-07T05:27:00+02:00,1659.800,1659.800,1659.280,1659.590,30
SQ:XAUUSD,2020-04-07T05:28:00+02:00,1659.630,1659.820,1659.140,1659.270,36
SQ:XAUUSD,2020-04-07T05:29:00+02:00,1659.210,1659.250,1658.810,1659.010,37
SQ:XAUUSD,2020-04-07T05:30:00+02:00,1658.920,1659.960,1658.610,1659.940,45
SQ:XAUUSD,2020-04-07T05:31:00+02:00,1659.990,1660.350,1658.980,1659.870,20
SQ:XAUUSD,2020-04-07T05:32:00+02:00,1659.920,1659.920,1657.560,1658.050,31
SQ:XAUUSD,2020-04-07T05:33:00+02:00,1658.370,1658.720,1657.450,1658.660,33
SQ:XAUUSD,2020-04-07T05:34:00+02:00,1658.610,1658.680,1658.240,1658.340,17
SQ:XAUUSD,2020-04-07T05:35:00+02:00,1658.340,1658.780,1657.540,1658.710,32
SQ:XAUUSD,2020-04-07T05:36:00+02:00,1658.760,1659.290,1657.810,1658.440,28
SQ:XAUUSD,2020-04-07T05:37:00+02:00,1658.380,1658.810,1657.420,1658.770,21
SQ:XAUUSD,2020-04-07T05:38:00+02:00,1657.550,1658.760,1657.550,1657.830,19
SQ:XAUUSD,2020-04-07T05:39:00+02:00,1658.210,1659.190,1657.770,1658.780,18
SQ:XAUUSD,2020-04-07T05:40:00+02:00,1658.750,1658.770,1657.790,1658.110,25
SQ:XAUUSD,2020-04-07T05:41:00+02:00,1658.110,1658.670,1657.900,1658.450,29
SQ:XAUUSD,2020-04-07T05:42:00+02:00,1658.420,1658.710,1658.120,1658.530,30
SQ:XAUUSD,2020-04-07T05:43:00+02:00,1658.530,1658.530,1657.710,1658.070,27
SQ:XAUUSD,2020-04-07T05:44:00+02:00,1658.120,1659.520,1658.070,1659.320,20
SQ:XAUUSD,2020-04-07T05:45:00+02:00,1659.250,1660.010,1658.660,1658.840,36
SQ:XAUUSD,2020-04-07T05:46:00+02:00,1658.870,1659.930,1658.720,1658.930,37
SQ:XAUUSD,2020-04-07T05:47:00+02:00,1658.670,1659.250,1658.260,1658.970,11
SQ:XAUUSD,2020-04-07T05:48:00+02:00,1659.150,1659.710,1658.360,1659.650,14
SQ:XAUUSD,2020-04-07T05:49:00+02:00,1659.870,1660.300,1659.100,1660.100,27
SQ:XAUUSD,2020-04-07T05:50:00+02:00,1660.100,1660.100,1658.490,1658.520,28
SQ:XAUUSD,2020-04-07T05:51:00+02:00,1658.590,1659.050,1658.440,1658.970,36
SQ:XAUUSD,2020-04-07T05:52:00+02:00,1658.890,1658.900,1657.540,1657.670,67
SQ:XAUUSD,2020-04-07T05:53:00+02:00,1657.660,1657.720,1657.500,1657.620,18
SQ:XAUUSD,2020-04-07T05:54:00+02:00,1657.670,1657.920,1657.450,1657.920,16
SQ:XAUUSD,2020-04-07T05:55:00+02:00,1657.920,1657.920,1657.670,1657.790,13
SQ:XAUUSD,2020-04-07T05:56:00+02:00,1657.790,1657.950,1657.400,1657.680,13
SQ:XAUUSD,2020-04-07T05:57:00+02:00,1657.500,1658.140,1657.500,1657.960,27
SQ:XAUUSD,2020-04-07T05:58:00+02:00,1658.030,1658.420,1658.010,1658.230,29
SQ:XAUUSD,2020-04-07T05:59:00+02:00,1658.210,1659.420,1658.210,1658.750,88
SQ:XAUUSD,2020-04-07T06:00:00+02:00,1658.770,1659.400,1657.570,1658.570,49
SQ:XAUUSD,2020-04-07T06:01:00+02:00,1658.540,1658.810,1657.250,1658.090,54
SQ:XAUUSD,2020-04-07T06:02:00+02:00,1658.010,1658.330,1656.890,1657.030,46
SQ:XAUUSD,2020-04-07T06:03:00+02:00,1657.030,1657.360,1656.930,1657.240,14
SQ:XAUUSD,2020-04-07T06:04:00+02:00,1657.240,1657.500,1657.100,1657.210,18
SQ:XAUUSD,2020-04-07T06:05:00+02:00,1657.210,1657.400,1657.140,1657.200,16
SQ:XAUUSD,2020-04-07T06:06:00+02:00,1657.270,1657.300,1657.200,1657.240,7
SQ:XAUUSD,2020-04-07T06:07:00+02:00,1657.240,1657.240,1657.140,1657.140,5
SQ:XAUUSD,2020-04-07T06:08:00+02:00,1657.180,1657.230,1657.140,1657.230,4
SQ:XAUUSD,2020-04-07T06:09:00+02:00,1657.230,1657.230,1657.230,1657.230,1
SQ:XAUUSD,2020-04-07T06:10:00+02:00,1657.230,1657.260,1657.230,1657.260,2
SQ:XAUUSD,2020-04-07T06:11:00+02:00,1657.150,1657.230,1656.900,1657.170,5
SQ:XAUUSD,2020-04-07T06:12:00+02:00,1657.170,1657.630,1657.170,1657.630,4
SQ:XAUUSD,2020-04-07T06:13:00+02:00,1657.680,1657.750,1657.070,1657.750,5
SQ:XAUUSD,2020-04-07T06:14:00+02:00,1657.910,1658.660,1657.910,1658.390,8
SQ:XAUUSD,2020-04-07T06:15:00+02:00,1658.390,1658.850,1658.000,1658.440,11
SQ:XAUUSD,2020-04-07T06:16:00+02:00,1658.330,1658.750,1658.000,1658.000,14
SQ:XAUUSD,2020-04-07T06:17:00+02:00,1658.660,1659.350,1658.660,1659.290,8
SQ:XAUUSD,2020-04-07T06:18:00+02:00,1659.290,1659.290,1659.090,1659.090,2
SQ:XAUUSD,2020-04-07T06:19:00+02:00,1659.090,1659.090,1659.090,1659.090,1
SQ:XAUUSD,2020-04-07T06:20:00+02:00,1657.860,1659.190,1657.860,1659.190,17
SQ:XAUUSD,2020-04-07T06:21:00+02:00,1659.290,1659.290,1658.740,1659.160,11
SQ:XAUUSD,2020-04-07T06:22:00+02:00,1659.350,1659.350,1659.090,1659.090,4
SQ:XAUUSD,2020-04-07T06:23:00+02:00,1659.090,1659.090,1659.090,1659.090,1
SQ:XAUUSD,2020-04-07T06:24:00+02:00,1657.960,1659.520,1657.960,1658.250,15
SQ:XAUUSD,2020-04-07T06:25:00+02:00,1658.340,1658.360,1658.200,1658.210,9
SQ:XAUUSD,2020-04-07T06:26:00+02:00,1658.210,1658.340,1657.850,1658.130,9
SQ:XAUUSD,2020-04-07T06:27:00+02:00,1658.130,1658.130,1658.130,1658.130,1
SQ:XAUUSD,2020-04-07T06:28:00+02:00,1658.130,1658.130,1657.670,1657.670,5
SQ:XAUUSD,2020-04-07T06:29:00+02:00,1657.670,1657.840,1657.650,1657.650,5
SQ:XAUUSD,2020-04-07T06:30:00+02:00,1657.650,1657.650,1656.530,1657.050,8
SQ:XAUUSD,2020-04-07T06:31:00+02:00,1657.050,1658.680,1656.800,1658.500,28
SQ:XAUUSD,2020-04-07T06:32:00+02:00,1658.530,1658.720,1657.810,1657.980,24
SQ:XAUUSD,2020-04-07T06:33:00+02:00,1657.980,1658.590,1657.086,1657.116,39
SQ:XAUUSD,2020-04-07T06:34:00+02:00,1657.106,1657.340,1657.036,1657.270,19
SQ:XAUUSD,2020-04-07T06:35:00+02:00,1657.150,1657.330,1657.150,1657.330,3
SQ:XAUUSD,2020-04-07T06:36:00+02:00,1657.330,1657.330,1657.090,1657.160,4
SQ:XAUUSD,2020-04-07T06:37:00+02:00,1657.160,1657.310,1657.090,1657.170,21
SQ:XAUUSD,2020-04-07T06:38:00+02:00,1657.170,1657.360,1656.400,1656.750,46
SQ:XAUUSD,2020-04-07T06:39:00+02:00,1656.780,1656.980,1656.190,1656.650,26
SQ:XAUUSD,2020-04-07T06:40:00+02:00,1656.650,1657.100,1656.140,1656.140,30
SQ:XAUUSD,2020-04-07T06:41:00+02:00,1656.140,1656.580,1655.960,1656.580,19
SQ:XAUUSD,2020-04-07T06:42:00+02:00,1656.630,1656.660,1655.920,1655.920,21
SQ:XAUUSD,2020-04-07T06:43:00+02:00,1655.920,1656.400,1655.890,1656.340,19
SQ:XAUUSD,2020-04-07T06:44:00+02:00,1656.400,1656.540,1656.120,1656.270,17
SQ:XAUUSD,2020-04-07T06:45:00+02:00,1656.140,1656.340,1656.020,1656.050,16
SQ:XAUUSD,2020-04-07T06:46:00+02:00,1656.070,1656.220,1655.870,1655.870,22
SQ:XAUUSD,2020-04-07T06:47:00+02:00,1655.870,1658.070,1655.870,1658.070,77
SQ:XAUUSD,2020-04-07T06:48:00+02:00,1658.060,1658.120,1657.200,1657.760,63
SQ:XAUUSD,2020-04-07T06:49:00+02:00,1657.770,1658.290,1657.680,1658.170,34
SQ:XAUUSD,2020-04-07T06:50:00+02:00,1657.940,1659.472,1657.500,1658.410,215
SQ:XAUUSD,2020-04-07T06:51:00+02:00,1658.300,1659.130,1658.110,1659.130,18
SQ:XAUUSD,2020-04-07T06:52:00+02:00,1659.130,1659.130,1657.100,1657.470,13
SQ:XAUUSD,2020-04-07T06:53:00+02:00,1657.470,1658.110,1657.410,1658.110,5
SQ:XAUUSD,2020-04-07T06:54:00+02:00,1658.110,1658.870,1657.210,1657.720,17
SQ:XAUUSD,2020-04-07T06:55:00+02:00,1658.170,1658.190,1658.110,1658.110,4
SQ:XAUUSD,2020-04-07T06:56:00+02:00,1658.110,1658.110,1658.030,1658.030,2
SQ:XAUUSD,2020-04-07T06:57:00+02:00,1658.030,1658.030,1658.030,1658.030,1
SQ:XAUUSD,2020-04-07T06:58:00+02:00,1658.030,1658.030,1657.080,1657.190,10
SQ:XAUUSD,2020-04-07T06:59:00+02:00,1657.190,1657.360,1656.870,1656.870,21
SQ:XAUUSD,2020-04-07T07:00:00+02:00,1656.870,1658.700,1656.870,1658.700,4
SQ:XAUUSD,2020-04-07T07:01:00+02:00,1658.700,1659.540,1657.160,1657.260,18
SQ:XAUUSD,2020-04-07T07:02:00+02:00,1657.260,1659.070,1657.260,1659.070,13
SQ:XAUUSD,2020-04-07T07:03:00+02:00,1659.070,1659.340,1659.070,1659.070,13
SQ:XAUUSD,2020-04-07T07:04:00+02:00,1659.070,1659.300,1658.410,1658.710,25
SQ:XAUUSD,2020-04-07T07:05:00+02:00,1658.700,1659.260,1657.850,1658.680,33
SQ:XAUUSD,2020-04-07T07:06:00+02:00,1658.680,1659.380,1658.480,1658.990,44
SQ:XAUUSD,2020-04-07T07:07:00+02:00,1658.980,1659.900,1658.610,1659.830,44
SQ:XAUUSD,2020-04-07T07:08:00+02:00,1659.830,1660.270,1659.210,1659.540,47
SQ:XAUUSD,2020-04-07T07:09:00+02:00,1659.470,1659.690,1658.450,1659.370,35
SQ:XAUUSD,2020-04-07T07:10:00+02:00,1659.370,1659.710,1659.040,1659.190,39
SQ:XAUUSD,2020-04-07T07:11:00+02:00,1659.300,1659.300,1657.850,1658.650,46
SQ:XAUUSD,2020-04-07T07:12:00+02:00,1658.610,1658.850,1657.430,1657.760,59
SQ:XAUUSD,2020-04-07T07:13:00+02:00,1657.530,1658.090,1657.530,1658.050,32
SQ:XAUUSD,2020-04-07T07:14:00+02:00,1658.050,1658.960,1657.600,1658.960,30
SQ:XAUUSD,2020-04-07T07:15:00+02:00,1658.960,1659.750,1658.510,1658.510,34
SQ:XAUUSD,2020-04-07T07:16:00+02:00,1658.700,1658.700,1657.790,1658.580,20
SQ:XAUUSD,2020-04-07T07:17:00+02:00,1658.580,1658.940,1658.580,1658.730,11
SQ:XAUUSD,2020-04-07T07:18:00+02:00,1658.750,1659.590,1658.750,1658.930,6
SQ:XAUUSD,2020-04-07T07:19:00+02:00,1658.930,1659.050,1658.930,1659.050,5
SQ:XAUUSD,2020-04-07T07:20:00+02:00,1659.030,1659.180,1658.030,1658.350,32
SQ:XAUUSD,2020-04-07T07:21:00+02:00,1658.350,1658.650,1658.200,1658.650,5
SQ:XAUUSD,2020-04-07T07:22:00+02:00,1658.650,1658.700,1658.650,1658.700,4
SQ:XAUUSD,2020-04-07T07:23:00+02:00,1658.650,1659.190,1658.320,1658.870,15
SQ:XAUUSD,2020-04-07T07:24:00+02:00,1658.870,1659.850,1658.650,1659.830,21
SQ:XAUUSD,2020-04-07T07:25:00+02:00,1659.770,1660.370,1659.480,1659.630,19
SQ:XAUUSD,2020-04-07T07:26:00+02:00,1659.780,1660.680,1658.530,1659.860,29
SQ:XAUUSD,2020-04-07T07:27:00+02:00,1659.860,1660.310,1659.570,1660.210,21
SQ:XAUUSD,2020-04-07T07:28:00+02:00,1660.170,1660.310,1659.020,1659.650,26
SQ:XAUUSD,2020-04-07T07:29:00+02:00,1659.670,1660.410,1659.670,1660.410,14
SQ:XAUUSD,2020-04-07T07:30:00+02:00,1660.370,1660.470,1659.740,1659.740,43
SQ:XAUUSD,2020-04-07T07:31:00+02:00,1658.950,1658.950,1658.090,1658.340,34
SQ:XAUUSD,2020-04-07T07:32:00+02:00,1658.340,1658.340,1658.220,1658.280,8
SQ:XAUUSD,2020-04-07T07:33:00+02:00,1658.280,1658.310,1658.250,1658.300,11
SQ:XAUUSD,2020-04-07T07:34:00+02:00,1658.290,1659.440,1658.000,1658.940,46
SQ:XAUUSD,2020-04-07T07:35:00+02:00,1659.020,1660.400,1658.720,1660.310,55
SQ:XAUUSD,2020-04-07T07:36:00+02:00,1660.310,1662.940,1659.830,1662.940,162
SQ:XAUUSD,2020-04-07T07:37:00+02:00,1663.100,1663.400,1661.890,1662.180,101
SQ:XAUUSD,2020-04-07T07:38:00+02:00,1662.210,1662.310,1660.980,1661.030,63
SQ:XAUUSD,2020-04-07T07:39:00+02:00,1661.180,1662.580,1660.860,1661.680,61
SQ:XAUUSD,2020-04-07T07:40:00+02:00,1661.810,1663.370,1661.760,1662.170,97
SQ:XAUUSD,2020-04-07T07:41:00+02:00,1662.060,1662.700,1661.990,1662.310,65
SQ:XAUUSD,2020-04-07T07:42:00+02:00,1662.230,1663.080,1662.130,1662.130,46
SQ:XAUUSD,2020-04-07T07:43:00+02:00,1662.220,1663.270,1662.220,1663.270,11
SQ:XAUUSD,2020-04-07T07:44:00+02:00,1663.270,1663.280,1660.550,1663.280,56
SQ:XAUUSD,2020-04-07T07:45:00+02:00,1663.300,1663.380,1662.540,1663.030,33
SQ:XAUUSD,2020-04-07T07:46:00+02:00,1663.020,1664.010,1662.910,1663.270,14
SQ:XAUUSD,2020-04-07T07:47:00+02:00,1663.270,1663.270,1661.960,1662.630,40
SQ:XAUUSD,2020-04-07T07:48:00+02:00,1662.630,1663.990,1662.250,1663.940,139
SQ:XAUUSD,2020-04-07T07:49:00+02:00,1663.910,1663.990,1663.450,1663.810,79
SQ:XAUUSD,2020-04-07T07:50:00+02:00,1663.810,1664.290,1663.240,1663.310,66
SQ:XAUUSD,2020-04-07T07:51:00+02:00,1663.290,1664.550,1663.270,1663.300,41
SQ:XAUUSD,2020-04-07T07:52:00+02:00,1663.330,1664.920,1663.300,1664.650,87
SQ:XAUUSD,2020-04-07T07:53:00+02:00,1664.650,1664.650,1664.350,1664.510,16
SQ:XAUUSD,2020-04-07T07:54:00+02:00,1664.550,1664.550,1664.060,1664.060,17
SQ:XAUUSD,2020-04-07T07:55:00+02:00,1664.100,1664.100,1662.100,1662.390,51
SQ:XAUUSD,2020-04-07T07:56:00+02:00,1662.300,1662.570,1661.850,1661.850,25
SQ:XAUUSD,2020-04-07T07:57:00+02:00,1661.850,1663.030,1661.850,1663.030,30
SQ:XAUUSD,2020-04-07T07:58:00+02:00,1663.030,1663.210,1662.510,1663.110,24
SQ:XAUUSD,2020-04-07T07:59:00+02:00,1663.020,1663.170,1662.380,1662.670,46
SQ:XAUUSD,2020-04-07T08:00:00+02:00,1662.670,1662.810,1662.400,1662.490,33
SQ:XAUUSD,2020-04-07T08:01:00+02:00,1662.490,1662.930,1662.000,1662.400,25
SQ:XAUUSD,2020-04-07T08:02:00+02:00,1662.400,1662.400,1661.940,1662.040,21
SQ:XAUUSD,2020-04-07T08:03:00+02:00,1662.040,1662.040,1658.840,1660.210,30
SQ:XAUUSD,2020-04-07T08:04:00+02:00,1660.210,1660.270,1657.710,1658.210,84
SQ:XAUUSD,2020-04-07T08:05:00+02:00,1658.210,1659.250,1657.990,1658.760,50
SQ:XAUUSD,2020-04-07T08:06:00+02:00,1658.760,1659.130,1658.600,1658.600,35
SQ:XAUUSD,2020-04-07T08:07:00+02:00,1658.730,1659.090,1658.620,1659.060,14
SQ:XAUUSD,2020-04-07T08:08:00+02:00,1659.060,1659.940,1659.060,1659.780,26
SQ:XAUUSD,2020-04-07T08:09:00+02:00,1659.780,1660.030,1655.770,1656.400,67
SQ:XAUUSD,2020-04-07T08:10:00+02:00,1656.400,1656.950,1655.360,1656.670,50
SQ:XAUUSD,2020-04-07T08:11:00+02:00,1656.670,1657.990,1655.860,1656.700,46
SQ:XAUUSD,2020-04-07T08:12:00+02:00,1656.700,1657.530,1656.410,1657.470,28
SQ:XAUUSD,2020-04-07T08:13:00+02:00,1657.360,1657.980,1656.610,1657.840,32
SQ:XAUUSD,2020-04-07T08:14:00+02:00,1657.840,1658.360,1656.920,1658.360,16
SQ:XAUUSD,2020-04-07T08:15:00+02:00,1658.360,1659.840,1658.360,1659.640,29
SQ:XAUUSD,2020-04-07T08:16:00+02:00,1659.530,1660.350,1659.110,1659.910,47
SQ:XAUUSD,2020-04-07T08:17:00+02:00,1660.010,1660.180,1659.780,1660.180,17
SQ:XAUUSD,2020-04-07T08:18:00+02:00,1660.180,1660.330,1660.130,1660.130,11
SQ:XAUUSD,2020-04-07T08:19:00+02:00,1660.130,1660.810,1657.910,1660.060,38
SQ:XAUUSD,2020-04-07T08:20:00+02:00,1660.060,1660.140,1658.300,1659.890,44
SQ:XAUUSD,2020-04-07T08:21:00+02:00,1659.950,1660.060,1658.230,1659.720,26
SQ:XAUUSD,2020-04-07T08:22:00+02:00,1659.720,1659.850,1657.430,1659.060,47
SQ:XAUUSD,2020-04-07T08:23:00+02:00,1659.740,1659.960,1657.760,1659.830,14
SQ:XAUUSD,2020-04-07T08:24:00+02:00,1659.830,1660.020,1658.230,1658.240,18
SQ:XAUUSD,2020-04-07T08:25:00+02:00,1658.240,1659.970,1657.780,1659.810,27
SQ:XAUUSD,2020-04-07T08:26:00+02:00,1659.810,1659.810,1659.590,1659.680,12
SQ:XAUUSD,2020-04-07T08:27:00+02:00,1659.590,1659.880,1659.550,1659.560,16
SQ:XAUUSD,2020-04-07T08:28:00+02:00,1659.560,1660.000,1658.460,1659.910,8
SQ:XAUUSD,2020-04-07T08:29:00+02:00,1659.910,1660.040,1659.790,1659.920,5
SQ:XAUUSD,2020-04-07T08:30:00+02:00,1659.930,1660.000,1659.850,1659.850,7
SQ:XAUUSD,2020-04-07T08:31:00+02:00,1659.850,1659.910,1659.760,1659.910,4
SQ:XAUUSD,2020-04-07T08:32:00+02:00,1659.910,1660.360,1659.790,1660.160,18
SQ:XAUUSD,2020-04-07T08:33:00+02:00,1660.090,1660.140,1659.520,1659.780,44
SQ:XAUUSD,2020-04-07T08:34:00+02:00,1659.780,1659.870,1658.080,1659.310,65
SQ:XAUUSD,2020-04-07T08:35:00+02:00,1659.410,1659.410,1654.910,1655.330,92
SQ:XAUUSD,2020-04-07T08:36:00+02:00,1655.330,1659.050,1655.300,1659.050,61
SQ:XAUUSD,2020-04-07T08:37:00+02:00,1659.050,1659.250,1658.800,1659.200,27
SQ:XAUUSD,2020-04-07T08:38:00+02:00,1659.250,1659.250,1658.800,1659.000,25
SQ:XAUUSD,2020-04-07T08:39:00+02:00,1658.950,1659.050,1658.800,1659.000,19
SQ:XAUUSD,2020-04-07T08:40:00+02:00,1659.000,1660.100,1658.570,1659.850,33
SQ:XAUUSD,2020-04-07T08:41:00+02:00,1659.800,1659.800,1659.000,1659.050,24
SQ:XAUUSD,2020-04-07T08:42:00+02:00,1659.050,1659.450,1657.700,1657.700,51
SQ:XAUUSD,2020-04-07T08:43:00+02:00,1657.760,1658.200,1657.720,1657.890,66
SQ:XAUUSD,2020-04-07T08:44:00+02:00,1657.890,1658.200,1657.760,1657.940,43
SQ:XAUUSD,2020-04-07T08:45:00+02:00,1657.940,1658.010,1657.760,1657.900,17
SQ:XAUUSD,2020-04-07T08:46:00+02:00,1657.900,1658.200,1657.750,1658.150,34
SQ:XAUUSD,2020-04-07T08:47:00+02:00,1658.200,1658.200,1657.850,1657.900,29
SQ:XAUUSD,2020-04-07T08:48:00+02:00,1657.900,1659.750,1657.290,1659.600,40
SQ:XAUUSD,2020-04-07T08:49:00+02:00,1659.550,1659.600,1657.750,1658.000,41
SQ:XAUUSD,2020-04-07T08:50:00+02:00,1658.050,1658.830,1657.400,1657.560,36
SQ:XAUUSD,2020-04-07T08:51:00+02:00,1657.560,1658.970,1657.560,1658.410,33
SQ:XAUUSD,2020-04-07T08:52:00+02:00,1658.410,1659.050,1657.750,1658.700,111
SQ:XAUUSD,2020-04-07T08:53:00+02:00,1658.750,1660.300,1657.650,1660.020,155
SQ:XAUUSD,2020-04-07T08:54:00+02:00,1660.020,1660.360,1659.350,1659.600,88
SQ:XAUUSD,2020-04-07T08:55:00+02:00,1659.600,1660.410,1658.490,1659.420,54
SQ:XAUUSD,2020-04-07T08:56:00+02:00,1659.420,1660.980,1659.070,1660.830,44
SQ:XAUUSD,2020-04-07T08:57:00+02:00,1660.910,1662.100,1660.610,1662.100,59
SQ:XAUUSD,2020-04-07T08:58:00+02:00,1662.130,1664.730,1662.070,1664.340,162
SQ:XAUUSD,2020-04-07T08:59:00+02:00,1664.110,1665.400,1663.290,1664.090,199
SQ:XAUUSD,2020-04-07T09:00:00+02:00,1664.060,1667.990,1663.640,1667.760,351
SQ:XAUUSD,2020-04-07T09:01:00+02:00,1667.520,1668.110,1665.700,1666.450,304
SQ:XAUUSD,2020-04-07T09:02:00+02:00,1666.450,1667.020,1665.210,1665.830,295
SQ:XAUUSD,2020-04-07T09:03:00+02:00,1665.990,1666.540,1665.510,1665.670,174
SQ:XAUUSD,2020-04-07T09:04:00+02:00,1665.670,1665.670,1663.380,1664.370,176
SQ:XAUUSD,2020-04-07T09:05:00+02:00,1664.390,1665.840,1663.680,1664.130,43
SQ:XAUUSD,2020-04-07T09:06:00+02:00,1664.130,1664.840,1661.880,1662.420,76
SQ:XAUUSD,2020-04-07T09:07:00+02:00,1662.420,1662.680,1661.190,1662.540,88
SQ:XAUUSD,2020-04-07T09:08:00+02:00,1662.590,1662.690,1661.330,1661.760,76
SQ:XAUUSD,2020-04-07T09:09:00+02:00,1661.750,1661.850,1659.140,1659.510,96
SQ:XAUUSD,2020-04-07T09:10:00+02:00,1659.490,1660.880,1659.250,1660.400,147
SQ:XAUUSD,2020-04-07T09:11:00+02:00,1660.400,1662.000,1660.140,1661.680,86
SQ:XAUUSD,2020-04-07T09:12:00+02:00,1661.680,1661.680,1660.810,1660.810,16
SQ:XAUUSD,2020-04-07T09:13:00+02:00,1660.730,1661.240,1659.620,1660.500,78
SQ:XAUUSD,2020-04-07T09:14:00+02:00,1660.500,1661.430,1660.220,1661.280,44
SQ:XAUUSD,2020-04-07T09:15:00+02:00,1661.280,1661.870,1659.780,1660.370,67
SQ:XAUUSD,2020-04-07T09:16:00+02:00,1660.290,1660.970,1660.290,1660.790,38
SQ:XAUUSD,2020-04-07T09:17:00+02:00,1660.790,1661.270,1659.910,1660.290,47
SQ:XAUUSD,2020-04-07T09:18:00+02:00,1660.210,1660.390,1659.770,1660.100,78
SQ:XAUUSD,2020-04-07T09:19:00+02:00,1660.100,1660.910,1659.790,1660.630,65
SQ:XAUUSD,2020-04-07T09:20:00+02:00,1660.630,1660.830,1658.350,1659.710,120
SQ:XAUUSD,2020-04-07T09:21:00+02:00,1659.740,1660.200,1659.080,1659.210,84
SQ:XAUUSD,2020-04-07T09:22:00+02:00,1659.110,1660.730,1658.330,1658.970,78
SQ:XAUUSD,2020-04-07T09:23:00+02:00,1659.020,1659.090,1659.020,1659.090,5
SQ:XAUUSD,2020-04-07T09:24:00+02:00,1659.090,1659.090,1658.360,1658.520,17
SQ:XAUUSD,2020-04-07T09:25:00+02:00,1658.520,1658.770,1651.240,1651.240,186
SQ:XAUUSD,2020-04-07T09:26:00+02:00,1651.390,1654.910,1651.210,1653.160,184
SQ:XAUUSD,2020-04-07T09:27:00+02:00,1653.160,1653.700,1652.260,1652.830,136
SQ:XAUUSD,2020-04-07T09:28:00+02:00,1652.950,1653.080,1651.412,1652.360,119
SQ:XAUUSD,2020-04-07T09:29:00+02:00,1652.280,1654.390,1651.880,1653.720,139
SQ:XAUUSD,2020-04-07T09:30:00+02:00,1653.640,1653.710,1651.250,1652.430,110
SQ:XAUUSD,2020-04-07T09:31:00+02:00,1652.430,1653.110,1651.130,1651.870,111
SQ:XAUUSD,2020-04-07T09:32:00+02:00,1652.010,1653.520,1651.490,1653.140,94
SQ:XAUUSD,2020-04-07T09:33:00+02:00,1653.140,1653.580,1652.360,1653.310,67
SQ:XAUUSD,2020-04-07T09:34:00+02:00,1653.950,1655.040,1652.600,1653.650,123
SQ:XAUUSD,2020-04-07T09:35:00+02:00,1653.650,1654.740,1652.840,1653.950,90
SQ:XAUUSD,2020-04-07T09:36:00+02:00,1653.950,1654.490,1652.960,1654.200,25
SQ:XAUUSD,2020-04-07T09:37:00+02:00,1654.410,1654.820,1653.840,1654.820,42
SQ:XAUUSD,2020-04-07T09:38:00+02:00,1654.810,1655.720,1654.740,1655.030,85
SQ:XAUUSD,2020-04-07T09:39:00+02:00,1655.030,1655.030,1653.520,1654.070,46
SQ:XAUUSD,2020-04-07T09:40:00+02:00,1654.070,1655.250,1653.680,1655.240,84
SQ:XAUUSD,2020-04-07T09:41:00+02:00,1655.140,1656.190,1655.140,1655.930,57
SQ:XAUUSD,2020-04-07T09:42:00+02:00,1655.930,1657.890,1655.860,1657.800,85
SQ:XAUUSD,2020-04-07T09:43:00+02:00,1657.800,1657.850,1655.930,1656.490,76
SQ:XAUUSD,2020-04-07T09:44:00+02:00,1656.490,1656.490,1653.050,1653.230,73
SQ:XAUUSD,2020-04-07T09:45:00+02:00,1653.230,1654.540,1653.040,1654.540,78
SQ:XAUUSD,2020-04-07T09:46:00+02:00,1654.540,1654.540,1653.650,1654.100,44
SQ:XAUUSD,2020-04-07T09:47:00+02:00,1654.170,1654.170,1653.630,1653.870,27
SQ:XAUUSD,2020-04-07T09:48:00+02:00,1653.870,1653.870,1652.470,1652.810,59
SQ:XAUUSD,2020-04-07T09:49:00+02:00,1652.810,1652.810,1646.290,1648.450,259
SQ:XAUUSD,2020-04-07T09:50:00+02:00,1648.620,1650.670,1647.840,1649.570,153
SQ:XAUUSD,2020-04-07T09:51:00+02:00,1649.570,1650.840,1646.730,1647.650,123
SQ:XAUUSD,2020-04-07T09:52:00+02:00,1647.590,1647.590,1645.010,1645.680,186
SQ:XAUUSD,2020-04-07T09:53:00+02:00,1645.790,1646.900,1645.360,1645.960,111
SQ:XAUUSD,2020-04-07T09:54:00+02:00,1645.780,1649.660,1645.440,1649.540,164
SQ:XAUUSD,2020-04-07T09:55:00+02:00,1649.550,1649.640,1647.090,1647.160,93
SQ:XAUUSD,2020-04-07T09:56:00+02:00,1647.050,1647.290,1645.900,1646.260,86
SQ:XAUUSD,2020-04-07T09:57:00+02:00,1646.180,1647.740,1645.510,1645.970,111
SQ:XAUUSD,2020-04-07T09:58:00+02:00,1645.860,1646.490,1643.860,1644.740,110
SQ:XAUUSD,2020-04-07T09:59:00+02:00,1644.890,1645.850,1644.640,1645.440,72
SQ:XAUUSD,2020-04-07T10:00:00+02:00,1645.360,1645.470,1642.770,1645.080,74
SQ:XAUUSD,2020-04-07T10:01:00+02:00,1645.080,1647.570,1644.940,1646.580,142
SQ:XAUUSD,2020-04-07T10:02:00+02:00,1646.550,1647.660,1645.460,1646.570,190
SQ:XAUUSD,2020-04-07T10:03:00+02:00,1646.560,1646.940,1645.570,1645.920,166
SQ:XAUUSD,2020-04-07T10:04:00+02:00,1645.820,1647.400,1645.270,1646.840,81
SQ:XAUUSD,2020-04-07T10:05:00+02:00,1646.840,1647.460,1646.570,1647.200,52
SQ:XAUUSD,2020-04-07T10:06:00+02:00,1647.200,1649.090,1646.890,1648.580,104
SQ:XAUUSD,2020-04-07T10:07:00+02:00,1648.580,1649.740,1648.430,1649.010,142
SQ:XAUUSD,2020-04-07T10:08:00+02:00,1648.920,1650.680,1648.690,1650.630,63
SQ:XAUUSD,2020-04-07T10:09:00+02:00,1650.630,1651.280,1650.320,1651.030,70
SQ:XAUUSD,2020-04-07T10:10:00+02:00,1651.030,1651.980,1650.640,1651.270,114
SQ:XAUUSD,2020-04-07T10:11:00+02:00,1651.270,1651.880,1650.310,1651.730,128
SQ:XAUUSD,2020-04-07T10:12:00+02:00,1651.730,1652.050,1651.380,1652.050,73
SQ:XAUUSD,2020-04-07T10:13:00+02:00,1652.010,1652.080,1650.240,1650.660,122
SQ:XAUUSD,2020-04-07T10:14:00+02:00,1650.620,1651.070,1650.430,1650.660,113
SQ:XAUUSD,2020-04-07T10:15:00+02:00,1650.660,1651.180,1650.500,1651.120,26
SQ:XAUUSD,2020-04-07T10:16:00+02:00,1651.130,1651.250,1650.450,1650.910,41
SQ:XAUUSD,2020-04-07T10:17:00+02:00,1650.910,1651.160,1650.690,1651.160,34
SQ:XAUUSD,2020-04-07T10:18:00+02:00,1651.060,1651.240,1650.690,1650.960,66
SQ:XAUUSD,2020-04-07T10:19:00+02:00,1651.050,1651.640,1648.750,1650.220,111
SQ:XAUUSD,2020-04-07T10:20:00+02:00,1649.980,1651.240,1649.950,1650.950,60
SQ:XAUUSD,2020-04-07T10:21:00+02:00,1650.950,1651.260,1650.720,1651.260,24
SQ:XAUUSD,2020-04-07T10:22:00+02:00,1651.260,1651.770,1651.190,1651.250,18
SQ:XAUUSD,2020-04-07T10:23:00+02:00,1651.240,1653.050,1651.240,1652.450,91
SQ:XAUUSD,2020-04-07T10:24:00+02:00,1652.480,1653.560,1652.460,1653.560,54
SQ:XAUUSD,2020-04-07T10:25:00+02:00,1653.480,1653.520,1652.860,1653.190,25
SQ:XAUUSD,2020-04-07T10:26:00+02:00,1653.070,1653.600,1653.070,1653.250,29
SQ:XAUUSD,2020-04-07T10:27:00+02:00,1653.250,1654.180,1653.190,1654.070,37
SQ:XAUUSD,2020-04-07T10:28:00+02:00,1654.070,1655.200,1653.940,1654.500,52
SQ:XAUUSD,2020-04-07T10:29:00+02:00,1654.440,1655.410,1654.440,1655.000,72
SQ:XAUUSD,2020-04-07T10:30:00+02:00,1655.010,1655.160,1654.420,1655.070,47
SQ:XAUUSD,2020-04-07T10:31:00+02:00,1655.070,1655.480,1654.700,1655.440,44
SQ:XAUUSD,2020-04-07T10:32:00+02:00,1655.440,1655.470,1654.610,1654.630,49
SQ:XAUUSD,2020-04-07T10:33:00+02:00,1654.650,1655.240,1654.630,1654.850,41
SQ:XAUUSD,2020-04-07T10:34:00+02:00,1654.850,1655.130,1654.050,1654.430,48
SQ:XAUUSD,2020-04-07T10:35:00+02:00,1654.450,1654.640,1653.800,1654.240,55
SQ:XAUUSD,2020-04-07T10:36:00+02:00,1654.240,1654.240,1653.300,1653.910,72
SQ:XAUUSD,2020-04-07T10:37:00+02:00,1653.910,1656.490,1653.890,1656.380,57
SQ:XAUUSD,2020-04-07T10:38:00+02:00,1656.380,1656.700,1655.350,1656.040,64
SQ:XAUUSD,2020-04-07T10:39:00+02:00,1656.230,1656.230,1655.120,1655.300,69
SQ:XAUUSD,2020-04-07T10:40:00+02:00,1655.300,1656.390,1654.620,1656.390,97
SQ:XAUUSD,2020-04-07T10:41:00+02:00,1656.070,1656.330,1654.770,1655.340,72
SQ:XAUUSD,2020-04-07T10:42:00+02:00,1655.290,1655.290,1654.450,1654.600,23
SQ:XAUUSD,2020-04-07T10:43:00+02:00,1654.600,1655.220,1654.600,1654.920,22
SQ:XAUUSD,2020-04-07T10:44:00+02:00,1654.920,1654.920,1654.130,1654.640,19
SQ:XAUUSD,2020-04-07T10:45:00+02:00,1654.550,1655.340,1654.550,1655.280,21
SQ:XAUUSD,2020-04-07T10:46:00+02:00,1655.280,1655.490,1654.530,1654.960,39
SQ:XAUUSD,2020-04-07T10:47:00+02:00,1655.070,1656.380,1654.940,1655.560,84
SQ:XAUUSD,2020-04-07T10:48:00+02:00,1655.620,1656.070,1655.310,1655.950,64
SQ:XAUUSD,2020-04-07T10:49:00+02:00,1655.950,1658.100,1655.950,1657.090,167
SQ:XAUUSD,2020-04-07T10:50:00+02:00,1657.280,1657.970,1657.010,1657.970,118
SQ:XAUUSD,2020-04-07T10:51:00+02:00,1657.960,1658.450,1657.180,1657.300,95
SQ:XAUUSD,2020-04-07T10:52:00+02:00,1657.300,1657.970,1656.350,1657.690,129
SQ:XAUUSD,2020-04-07T10:53:00+02:00,1657.600,1657.780,1656.930,1657.080,86
SQ:XAUUSD,2020-04-07T10:54:00+02:00,1657.080,1657.080,1656.250,1656.710,88
SQ:XAUUSD,2020-04-07T10:55:00+02:00,1656.710,1657.120,1656.400,1657.050,109
SQ:XAUUSD,2020-04-07T10:56:00+02:00,1657.100,1657.720,1656.360,1656.540,67
SQ:XAUUSD,2020-04-07T10:57:00+02:00,1656.540,1656.700,1656.110,1656.700,26
SQ:XAUUSD,2020-04-07T10:58:00+02:00,1656.700,1656.720,1656.250,1656.300,7
SQ:XAUUSD,2020-04-07T10:59:00+02:00,1656.300,1656.740,1655.190,1656.600,73
SQ:XAUUSD,2020-04-07T11:00:00+02:00,1656.380,1656.550,1655.350,1656.380,44
SQ:XAUUSD,2020-04-07T11:01:00+02:00,1656.330,1657.940,1656.250,1657.710,47
SQ:XAUUSD,2020-04-07T11:02:00+02:00,1657.710,1660.730,1657.710,1659.300,124
SQ:XAUUSD,2020-04-07T11:03:00+02:00,1659.300,1660.190,1659.140,1659.520,68
SQ:XAUUSD,2020-04-07T11:04:00+02:00,1659.560,1659.560,1658.820,1658.820,65
SQ:XAUUSD,2020-04-07T11:05:00+02:00,1658.710,1659.870,1658.370,1658.690,76
SQ:XAUUSD,2020-04-07T11:06:00+02:00,1658.700,1659.170,1658.430,1658.610,81
SQ:XAUUSD,2020-04-07T11:07:00+02:00,1658.610,1659.300,1658.470,1659.290,139
SQ:XAUUSD,2020-04-07T11:08:00+02:00,1659.320,1659.480,1658.540,1658.600,115
SQ:XAUUSD,2020-04-07T11:09:00+02:00,1658.610,1658.640,1656.190,1656.600,121
SQ:XAUUSD,2020-04-07T11:10:00+02:00,1656.600,1657.950,1656.460,1657.840,72
SQ:XAUUSD,2020-04-07T11:11:00+02:00,1657.890,1658.230,1657.120,1657.120,63
SQ:XAUUSD,2020-04-07T11:12:00+02:00,1657.120,1657.830,1656.970,1657.350,87
SQ:XAUUSD,2020-04-07T11:13:00+02:00,1657.320,1657.380,1654.660,1654.980,105
SQ:XAUUSD,2020-04-07T11:14:00+02:00,1654.930,1656.060,1654.900,1655.820,123
SQ:XAUUSD,2020-04-07T11:15:00+02:00,1655.820,1657.800,1655.650,1657.570,160
SQ:XAUUSD,2020-04-07T11:16:00+02:00,1657.480,1657.910,1656.300,1656.420,139
SQ:XAUUSD,2020-04-07T11:17:00+02:00,1656.420,1656.580,1656.320,1656.580,47
SQ:XAUUSD,2020-04-07T11:18:00+02:00,1656.590,1656.730,1656.440,1656.610,29
SQ:XAUUSD,2020-04-07T11:19:00+02:00,1656.570,1656.830,1655.390,1655.730,56
SQ:XAUUSD,2020-04-07T11:20:00+02:00,1655.500,1655.750,1654.780,1655.180,82
SQ:XAUUSD,2020-04-07T11:21:00+02:00,1655.190,1655.190,1653.530,1653.870,154
SQ:XAUUSD,2020-04-07T11:22:00+02:00,1653.880,1654.450,1653.420,1654.150,115
SQ:XAUUSD,2020-04-07T11:23:00+02:00,1654.130,1654.540,1653.780,1654.110,102
SQ:XAUUSD,2020-04-07T11:24:00+02:00,1654.110,1654.340,1653.452,1653.660,36
SQ:XAUUSD,2020-04-07T11:25:00+02:00,1653.660,1654.130,1653.470,1654.090,40
SQ:XAUUSD,2020-04-07T11:26:00+02:00,1654.090,1654.570,1653.860,1654.120,47
SQ:XAUUSD,2020-04-07T11:27:00+02:00,1654.200,1654.470,1653.840,1654.400,47
SQ:XAUUSD,2020-04-07T11:28:00+02:00,1654.400,1655.780,1654.330,1655.170,182
SQ:XAUUSD,2020-04-07T11:29:00+02:00,1655.220,1658.040,1654.930,1658.040,277
SQ:XAUUSD,2020-04-07T11:30:00+02:00,1658.050,1658.050,1654.160,1654.600,240
SQ:XAUUSD,2020-04-07T11:31:00+02:00,1654.610,1655.050,1653.340,1653.620,144
SQ:XAUUSD,2020-04-07T11:32:00+02:00,1653.770,1654.490,1653.400,1653.550,84
SQ:XAUUSD,2020-04-07T11:33:00+02:00,1653.510,1654.070,1653.270,1653.270,39
SQ:XAUUSD,2020-04-07T11:34:00+02:00,1653.270,1653.470,1652.890,1653.470,43
SQ:XAUUSD,2020-04-07T11:35:00+02:00,1653.380,1654.200,1653.270,1653.550,42
SQ:XAUUSD,2020-04-07T11:36:00+02:00,1653.540,1653.630,1653.200,1653.450,33
SQ:XAUUSD,2020-04-07T11:37:00+02:00,1653.450,1653.650,1652.960,1653.410,44
SQ:XAUUSD,2020-04-07T11:38:00+02:00,1653.410,1654.000,1652.940,1653.280,41
SQ:XAUUSD,2020-04-07T11:39:00+02:00,1653.280,1653.430,1653.180,1653.230,15
SQ:XAUUSD,2020-04-07T11:40:00+02:00,1653.230,1653.430,1652.080,1652.230,21
SQ:XAUUSD,2020-04-07T11:41:00+02:00,1652.230,1652.330,1650.830,1650.830,45
SQ:XAUUSD,2020-04-07T11:42:00+02:00,1650.830,1651.630,1650.830,1651.180,34
SQ:XAUUSD,2020-04-07T11:43:00+02:00,1651.130,1651.480,1651.030,1651.130,19
SQ:XAUUSD,2020-04-07T11:44:00+02:00,1651.252,1651.380,1650.980,1650.980,29
SQ:XAUUSD,2020-04-07T11:45:00+02:00,1650.980,1651.030,1648.950,1650.230,70
SQ:XAUUSD,2020-04-07T11:46:00+02:00,1650.230,1651.380,1650.030,1650.480,43
SQ:XAUUSD,2020-04-07T11:47:00+02:00,1650.480,1650.780,1650.180,1650.430,21
SQ:XAUUSD,2020-04-07T11:48:00+02:00,1650.430,1651.730,1650.380,1651.530,31
SQ:XAUUSD,2020-04-07T11:49:00+02:00,1651.530,1652.130,1651.530,1652.080,23
SQ:XAUUSD,2020-04-07T11:50:00+02:00,1652.030,1652.080,1651.440,1651.470,28
SQ:XAUUSD,2020-04-07T11:51:00+02:00,1651.490,1651.870,1651.460,1651.590,63
SQ:XAUUSD,2020-04-07T11:52:00+02:00,1651.590,1651.690,1651.200,1651.240,52
SQ:XAUUSD,2020-04-07T11:53:00+02:00,1651.240,1651.980,1651.240,1651.590,30
SQ:XAUUSD,2020-04-07T11:54:00+02:00,1651.590,1652.160,1651.360,1651.540,21
SQ:XAUUSD,2020-04-07T11:55:00+02:00,1651.540,1651.580,1650.960,1651.200,23
SQ:XAUUSD,2020-04-07T11:56:00+02:00,1651.200,1651.460,1651.030,1651.320,15
SQ:XAUUSD,2020-04-07T11:57:00+02:00,1651.320,1653.486,1649.550,1649.550,63
SQ:XAUUSD,2020-04-07T11:58:00+02:00,1649.550,1649.650,1648.720,1648.970,74
SQ:XAUUSD,2020-04-07T11:59:00+02:00,1648.970,1650.790,1648.650,1650.290,154
SQ:XAUUSD,2020-04-07T12:00:00+02:00,1650.230,1651.120,1648.520,1648.600,154
SQ:XAUUSD,2020-04-07T12:01:00+02:00,1648.530,1650.650,1648.370,1650.320,97
SQ:XAUUSD,2020-04-07T12:02:00+02:00,1650.320,1650.370,1648.600,1650.340,73
SQ:XAUUSD,2020-04-07T12:03:00+02:00,1650.340,1650.340,1650.340,1650.340,1
SQ:XAUUSD,2020-04-07T12:04:00+02:00,1650.340,1650.430,1649.950,1650.000,36
SQ:XAUUSD,2020-04-07T12:05:00+02:00,1650.000,1651.790,1650.000,1651.220,50
SQ:XAUUSD,2020-04-07T12:06:00+02:00,1651.220,1652.860,1650.530,1652.610,66
SQ:XAUUSD,2020-04-07T12:07:00+02:00,1652.610,1652.750,1650.280,1650.690,92
SQ:XAUUSD,2020-04-07T12:08:00+02:00,1650.400,1651.550,1650.400,1651.460,52
SQ:XAUUSD,2020-04-07T12:09:00+02:00,1651.390,1651.600,1650.800,1651.250,40
SQ:XAUUSD,2020-04-07T12:10:00+02:00,1651.290,1652.900,1650.960,1652.580,64
SQ:XAUUSD,2020-04-07T12:11:00+02:00,1652.580,1652.930,1652.150,1652.720,68
SQ:XAUUSD,2020-04-07T12:12:00+02:00,1652.780,1652.810,1652.370,1652.530,62
SQ:XAUUSD,2020-04-07T12:13:00+02:00,1652.530,1652.600,1652.290,1652.290,26
SQ:XAUUSD,2020-04-07T12:14:00+02:00,1652.290,1652.800,1652.290,1652.800,16
SQ:XAUUSD,2020-04-07T12:15:00+02:00,1652.800,1653.220,1652.550,1652.650,21
SQ:XAUUSD,2020-04-07T12:16:00+02:00,1652.580,1652.580,1652.120,1652.130,17
SQ:XAUUSD,2020-04-07T12:17:00+02:00,1652.130,1652.410,1651.980,1652.270,23
SQ:XAUUSD,2020-04-07T12:18:00+02:00,1652.270,1652.490,1652.270,1652.460,13
SQ:XAUUSD,2020-04-07T12:19:00+02:00,1652.460,1653.180,1652.400,1653.170,15
SQ:XAUUSD,2020-04-07T12:20:00+02:00,1653.170,1653.550,1652.700,1653.170,54
SQ:XAUUSD,2020-04-07T12:21:00+02:00,1653.170,1654.190,1653.170,1653.960,23
SQ:XAUUSD,2020-04-07T12:22:00+02:00,1653.960,1654.100,1652.440,1653.270,38
SQ:XAUUSD,2020-04-07T12:23:00+02:00,1653.270,1653.730,1653.120,1653.420,45
SQ:XAUUSD,2020-04-07T12:24:00+02:00,1653.420,1653.870,1653.270,1653.750,21
SQ:XAUUSD,2020-04-07T12:25:00+02:00,1653.720,1654.190,1653.480,1653.710,67
SQ:XAUUSD,2020-04-07T12:26:00+02:00,1653.710,1653.980,1653.200,1653.340,52
SQ:XAUUSD,2020-04-07T12:27:00+02:00,1653.340,1653.750,1652.930,1653.390,76
SQ:XAUUSD,2020-04-07T12:28:00+02:00,1653.390,1653.430,1653.110,1653.310,32
SQ:XAUUSD,2020-04-07T12:29:00+02:00,1653.310,1653.310,1651.030,1651.460,119
SQ:XAUUSD,2020-04-07T12:30:00+02:00,1651.570,1651.630,1651.020,1651.430,88
SQ:XAUUSD,2020-04-07T12:31:00+02:00,1651.430,1651.720,1651.170,1651.650,71
SQ:XAUUSD,2020-04-07T12:32:00+02:00,1651.650,1651.670,1651.310,1651.400,31
SQ:XAUUSD,2020-04-07T12:33:00+02:00,1651.430,1652.440,1651.430,1652.130,75
SQ:XAUUSD,2020-04-07T12:34:00+02:00,1652.130,1653.180,1652.020,1652.820,56
SQ:XAUUSD,2020-04-07T12:35:00+02:00,1652.870,1653.000,1652.370,1652.380,41
SQ:XAUUSD,2020-04-07T12:36:00+02:00,1652.370,1652.540,1651.710,1651.900,32
SQ:XAUUSD,2020-04-07T12:37:00+02:00,1651.950,1652.140,1651.860,1651.862,35
SQ:XAUUSD,2020-04-07T12:38:00+02:00,1651.930,1652.542,1651.902,1652.542,35
SQ:XAUUSD,2020-04-07T12:39:00+02:00,1652.542,1653.262,1652.302,1653.080,22
SQ:XAUUSD,2020-04-07T12:40:00+02:00,1653.180,1654.220,1653.030,1654.220,126
SQ:XAUUSD,2020-04-07T12:41:00+02:00,1654.220,1655.000,1653.950,1654.910,64
SQ:XAUUSD,2020-04-07T12:42:00+02:00,1654.910,1655.830,1654.610,1654.850,72
SQ:XAUUSD,2020-04-07T12:43:00+02:00,1654.850,1655.850,1654.850,1655.850,44
SQ:XAUUSD,2020-04-07T12:44:00+02:00,1655.850,1657.010,1655.400,1656.780,98
SQ:XAUUSD,2020-04-07T12:45:00+02:00,1656.780,1656.840,1656.010,1656.710,70
SQ:XAUUSD,2020-04-07T12:46:00+02:00,1656.710,1657.260,1656.200,1657.260,43
SQ:XAUUSD,2020-04-07T12:47:00+02:00,1657.380,1657.390,1656.200,1656.570,53
SQ:XAUUSD,2020-04-07T12:48:00+02:00,1656.570,1657.540,1656.460,1657.540,53
SQ:XAUUSD,2020-04-07T12:49:00+02:00,1657.540,1657.780,1657.330,1657.370,24
SQ:XAUUSD,2020-04-07T12:50:00+02:00,1657.270,1657.710,1656.940,1657.640,37
SQ:XAUUSD,2020-04-07T12:51:00+02:00,1657.600,1658.040,1657.250,1657.760,29
SQ:XAUUSD,2020-04-07T12:52:00+02:00,1657.760,1657.770,1657.430,1657.740,22
SQ:XAUUSD,2020-04-07T12:53:00+02:00,1657.740,1657.860,1656.850,1656.900,32
SQ:XAUUSD,2020-04-07T12:54:00+02:00,1656.920,1656.920,1655.230,1655.470,83
SQ:XAUUSD,2020-04-07T12:55:00+02:00,1655.470,1656.090,1654.520,1655.330,121
SQ:XAUUSD,2020-04-07T12:56:00+02:00,1655.330,1655.400,1653.820,1654.240,107
SQ:XAUUSD,2020-04-07T12:57:00+02:00,1654.240,1654.840,1653.820,1654.160,101
SQ:XAUUSD,2020-04-07T12:58:00+02:00,1654.160,1655.160,1654.160,1655.160,36
SQ:XAUUSD,2020-04-07T12:59:00+02:00,1655.190,1655.190,1654.120,1654.170,40
SQ:XAUUSD,2020-04-07T13:00:00+02:00,1654.140,1654.140,1652.200,1653.520,102
SQ:XAUUSD,2020-04-07T13:01:00+02:00,1653.510,1656.740,1652.910,1656.740,139
SQ:XAUUSD,2020-04-07T13:02:00+02:00,1656.740,1656.850,1655.850,1656.490,53
SQ:XAUUSD,2020-04-07T13:03:00+02:00,1656.350,1656.350,1654.690,1654.740,52
SQ:XAUUSD,2020-04-07T13:04:00+02:00,1654.770,1655.400,1654.770,1654.840,31
SQ:XAUUSD,2020-04-07T13:05:00+02:00,1654.850,1655.770,1654.740,1654.820,46
SQ:XAUUSD,2020-04-07T13:06:00+02:00,1654.710,1656.280,1654.050,1656.280,74
SQ:XAUUSD,2020-04-07T13:07:00+02:00,1656.320,1657.100,1655.310,1655.740,123
SQ:XAUUSD,2020-04-07T13:08:00+02:00,1655.660,1656.320,1654.930,1655.580,129
SQ:XAUUSD,2020-04-07T13:09:00+02:00,1655.510,1656.000,1654.990,1656.000,162
SQ:XAUUSD,2020-04-07T13:10:00+02:00,1655.940,1657.280,1655.720,1656.870,131
SQ:XAUUSD,2020-04-07T13:11:00+02:00,1656.680,1656.960,1655.570,1656.800,101
SQ:XAUUSD,2020-04-07T13:12:00+02:00,1656.800,1657.400,1656.330,1656.920,86
SQ:XAUUSD,2020-04-07T13:13:00+02:00,1656.840,1657.430,1656.270,1656.680,111
SQ:XAUUSD,2020-04-07T13:14:00+02:00,1656.450,1656.900,1655.000,1656.340,171
SQ:XAUUSD,2020-04-07T13:15:00+02:00,1656.030,1656.610,1655.360,1656.510,91
SQ:XAUUSD,2020-04-07T13:16:00+02:00,1656.510,1657.400,1656.030,1656.700,103
SQ:XAUUSD,2020-04-07T13:17:00+02:00,1656.700,1657.030,1655.720,1656.430,122
SQ:XAUUSD,2020-04-07T13:18:00+02:00,1656.380,1656.800,1655.590,1656.800,83
SQ:XAUUSD,2020-04-07T13:19:00+02:00,1656.800,1657.110,1656.310,1656.720,102
SQ:XAUUSD,2020-04-07T13:20:00+02:00,1656.720,1656.770,1655.690,1656.230,82
SQ:XAUUSD,2020-04-07T13:21:00+02:00,1656.230,1656.720,1655.710,1656.590,56
SQ:XAUUSD,2020-04-07T13:22:00+02:00,1656.590,1656.680,1655.790,1656.570,51
SQ:XAUUSD,2020-04-07T13:23:00+02:00,1656.570,1657.300,1656.370,1656.840,107
SQ:XAUUSD,2020-04-07T13:24:00+02:00,1656.570,1656.910,1655.770,1656.220,104
SQ:XAUUSD,2020-04-07T13:25:00+02:00,1656.150,1656.530,1655.620,1656.090,58
SQ:XAUUSD,2020-04-07T13:26:00+02:00,1656.030,1656.210,1655.560,1655.950,57
SQ:XAUUSD,2020-04-07T13:27:00+02:00,1655.950,1656.190,1654.940,1655.680,113
SQ:XAUUSD,2020-04-07T13:28:00+02:00,1655.940,1656.030,1655.440,1655.970,62
SQ:XAUUSD,2020-04-07T13:29:00+02:00,1655.910,1656.010,1655.230,1655.680,63
SQ:XAUUSD,2020-04-07T13:30:00+02:00,1655.680,1656.270,1655.350,1656.190,70
SQ:XAUUSD,2020-04-07T13:31:00+02:00,1656.190,1656.810,1655.850,1656.270,80
SQ:XAUUSD,2020-04-07T13:32:00+02:00,1656.300,1656.710,1656.080,1656.480,41
SQ:XAUUSD,2020-04-07T13:33:00+02:00,1656.260,1656.600,1655.700,1656.040,60
SQ:XAUUSD,2020-04-07T13:34:00+02:00,1655.760,1656.320,1655.760,1656.260,31
SQ:XAUUSD,2020-04-07T13:35:00+02:00,1656.260,1656.290,1655.100,1655.180,67
SQ:XAUUSD,2020-04-07T13:36:00+02:00,1655.480,1656.390,1655.320,1656.230,146
SQ:XAUUSD,2020-04-07T13:37:00+02:00,1656.230,1656.530,1655.790,1656.340,134
SQ:XAUUSD,2020-04-07T13:38:00+02:00,1656.140,1656.530,1655.520,1656.000,93
SQ:XAUUSD,2020-04-07T13:39:00+02:00,1656.000,1656.440,1655.590,1656.360,83
SQ:XAUUSD,2020-04-07T13:40:00+02:00,1656.360,1656.450,1655.400,1655.980,44
SQ:XAUUSD,2020-04-07T13:41:00+02:00,1655.980,1656.010,1653.940,1655.410,172
SQ:XAUUSD,2020-04-07T13:42:00+02:00,1655.410,1655.420,1653.770,1654.670,157
SQ:XAUUSD,2020-04-07T13:43:00+02:00,1654.670,1654.960,1654.150,1654.710,101
SQ:XAUUSD,2020-04-07T13:44:00+02:00,1654.480,1655.240,1654.480,1654.900,53
SQ:XAUUSD,2020-04-07T13:45:00+02:00,1654.900,1655.010,1652.700,1653.880,240
SQ:XAUUSD,2020-04-07T13:46:00+02:00,1653.620,1654.220,1652.960,1654.030,166
SQ:XAUUSD,2020-04-07T13:47:00+02:00,1654.030,1655.700,1653.200,1655.560,153
SQ:XAUUSD,2020-04-07T13:48:00+02:00,1655.310,1655.580,1654.510,1655.020,114
SQ:XAUUSD,2020-04-07T13:49:00+02:00,1655.010,1655.250,1654.110,1654.170,89
SQ:XAUUSD,2020-04-07T13:50:00+02:00,1654.170,1655.060,1653.800,1654.860,97
SQ:XAUUSD,2020-04-07T13:51:00+02:00,1654.860,1655.910,1654.400,1655.910,80
SQ:XAUUSD,2020-04-07T13:52:00+02:00,1655.880,1655.970,1652.080,1653.150,137
SQ:XAUUSD,2020-04-07T13:53:00+02:00,1652.860,1654.200,1652.660,1653.830,154
SQ:XAUUSD,2020-04-07T13:54:00+02:00,1653.800,1653.900,1652.150,1653.090,119
SQ:XAUUSD,2020-04-07T13:55:00+02:00,1653.090,1653.540,1652.230,1652.840,121
SQ:XAUUSD,2020-04-07T13:56:00+02:00,1652.490,1653.140,1650.718,1651.330,149
SQ:XAUUSD,2020-04-07T13:57:00+02:00,1651.152,1652.122,1650.362,1651.320,156
SQ:XAUUSD,2020-04-07T13:58:00+02:00,1651.340,1651.560,1650.150,1650.980,188
SQ:XAUUSD,2020-04-07T13:59:00+02:00,1651.020,1651.970,1650.720,1651.840,119
SQ:XAUUSD,2020-04-07T14:00:00+02:00,1651.630,1653.230,1651.502,1653.070,191
SQ:XAUUSD,2020-04-07T14:01:00+02:00,1652.990,1654.210,1652.530,1653.550,148
SQ:XAUUSD,2020-04-07T14:02:00+02:00,1653.550,1654.020,1653.190,1653.920,79
SQ:XAUUSD,2020-04-07T14:03:00+02:00,1653.920,1654.350,1653.290,1654.090,112
SQ:XAUUSD,2020-04-07T14:04:00+02:00,1654.090,1654.420,1653.560,1653.670,74
SQ:XAUUSD,2020-04-07T14:05:00+02:00,1654.140,1654.140,1651.574,1652.724,133
SQ:XAUUSD,2020-04-07T14:06:00+02:00,1652.674,1653.480,1652.350,1653.300,142
SQ:XAUUSD,2020-04-07T14:07:00+02:00,1653.300,1654.200,1652.980,1653.400,110
SQ:XAUUSD,2020-04-07T14:08:00+02:00,1653.400,1653.730,1652.870,1652.990,128
SQ:XAUUSD,2020-04-07T14:09:00+02:00,1653.020,1653.600,1652.850,1653.560,88
SQ:XAUUSD,2020-04-07T14:10:00+02:00,1653.580,1655.850,1653.360,1655.200,206
SQ:XAUUSD,2020-04-07T14:11:00+02:00,1655.200,1655.660,1654.520,1654.810,174
SQ:XAUUSD,2020-04-07T14:12:00+02:00,1654.670,1655.290,1653.900,1654.530,86
SQ:XAUUSD,2020-04-07T14:13:00+02:00,1654.530,1656.200,1653.900,1655.200,132
SQ:XAUUSD,2020-04-07T14:14:00+02:00,1655.200,1655.890,1654.830,1655.770,103
SQ:XAUUSD,2020-04-07T14:15:00+02:00,1655.770,1656.150,1655.330,1656.010,114
SQ:XAUUSD,2020-04-07T14:16:00+02:00,1656.010,1656.850,1655.500,1656.630,107
SQ:XAUUSD,2020-04-07T14:17:00+02:00,1656.630,1658.620,1656.090,1658.460,181
SQ:XAUUSD,2020-04-07T14:18:00+02:00,1658.490,1658.770,1657.540,1657.910,153
SQ:XAUUSD,2020-04-07T14:19:00+02:00,1657.890,1659.540,1657.780,1658.640,111
SQ:XAUUSD,2020-04-07T14:20:00+02:00,1658.080,1659.920,1657.630,1658.530,253
SQ:XAUUSD,2020-04-07T14:21:00+02:00,1658.550,1658.950,1657.540,1657.990,149
SQ:XAUUSD,2020-04-07T14:22:00+02:00,1657.880,1658.120,1656.670,1656.870,64
SQ:XAUUSD,2020-04-07T14:23:00+02:00,1656.870,1657.550,1656.630,1656.830,108
SQ:XAUUSD,2020-04-07T14:24:00+02:00,1656.900,1657.340,1656.780,1656.930,49
SQ:XAUUSD,2020-04-07T14:25:00+02:00,1657.000,1657.860,1656.770,1657.640,42
SQ:XAUUSD,2020-04-07T14:26:00+02:00,1657.360,1658.140,1657.220,1657.220,31
SQ:XAUUSD,2020-04-07T14:27:00+02:00,1657.510,1658.870,1657.130,1658.770,143
SQ:XAUUSD,2020-04-07T14:28:00+02:00,1658.610,1661.680,1658.610,1660.630,334
SQ:XAUUSD,2020-04-07T14:29:00+02:00,1660.480,1661.740,1660.320,1661.030,136
SQ:XAUUSD,2020-04-07T14:30:00+02:00,1661.000,1661.000,1660.000,1660.010,147
SQ:XAUUSD,2020-04-07T14:31:00+02:00,1660.000,1660.030,1658.850,1658.990,128
SQ:XAUUSD,2020-04-07T14:32:00+02:00,1658.990,1659.560,1657.690,1659.550,142
SQ:XAUUSD,2020-04-07T14:33:00+02:00,1659.550,1659.910,1659.090,1659.470,96
SQ:XAUUSD,2020-04-07T14:34:00+02:00,1659.460,1660.960,1659.320,1660.100,66
SQ:XAUUSD,2020-04-07T14:35:00+02:00,1660.100,1661.290,1659.210,1660.240,64
SQ:XAUUSD,2020-04-07T14:36:00+02:00,1660.240,1660.240,1656.170,1658.720,148
SQ:XAUUSD,2020-04-07T14:37:00+02:00,1658.800,1659.440,1658.100,1658.490,173
SQ:XAUUSD,2020-04-07T14:38:00+02:00,1658.490,1660.060,1658.380,1659.860,106
SQ:XAUUSD,2020-04-07T14:39:00+02:00,1659.870,1660.660,1659.700,1660.010,40
SQ:XAUUSD,2020-04-07T14:40:00+02:00,1660.010,1660.110,1658.480,1659.040,84
SQ:XAUUSD,2020-04-07T14:41:00+02:00,1659.040,1659.860,1658.362,1659.700,39
SQ:XAUUSD,2020-04-07T14:42:00+02:00,1659.700,1660.440,1658.620,1658.880,35
SQ:XAUUSD,2020-04-07T14:43:00+02:00,1658.830,1660.256,1658.830,1659.280,73
SQ:XAUUSD,2020-04-07T14:44:00+02:00,1659.280,1660.090,1659.110,1659.160,37
SQ:XAUUSD,2020-04-07T14:45:00+02:00,1659.160,1659.560,1658.470,1658.610,51
SQ:XAUUSD,2020-04-07T14:46:00+02:00,1658.610,1658.810,1658.070,1658.280,107
SQ:XAUUSD,2020-04-07T14:47:00+02:00,1658.280,1658.630,1657.960,1658.630,52
SQ:XAUUSD,2020-04-07T14:48:00+02:00,1658.630,1658.860,1657.970,1657.970,24
SQ:XAUUSD,2020-04-07T14:49:00+02:00,1657.970,1658.190,1657.810,1657.900,24
SQ:XAUUSD,2020-04-07T14:50:00+02:00,1657.900,1658.150,1655.150,1655.150,67
SQ:XAUUSD,2020-04-07T14:51:00+02:00,1655.150,1656.880,1654.860,1655.150,169
SQ:XAUUSD,2020-04-07T14:52:00+02:00,1655.240,1657.020,1654.230,1656.190,205
SQ:XAUUSD,2020-04-07T14:53:00+02:00,1656.190,1657.482,1655.372,1655.372,126
SQ:XAUUSD,2020-04-07T14:54:00+02:00,1655.340,1655.468,1652.702,1653.170,247
SQ:XAUUSD,2020-04-07T14:55:00+02:00,1653.500,1655.910,1652.880,1654.810,243
SQ:XAUUSD,2020-04-07T14:56:00+02:00,1654.810,1656.240,1654.450,1655.690,91
SQ:XAUUSD,2020-04-07T14:57:00+02:00,1655.690,1655.700,1653.790,1654.250,67
SQ:XAUUSD,2020-04-07T14:58:00+02:00,1654.250,1655.520,1653.620,1654.400,168
SQ:XAUUSD,2020-04-07T14:59:00+02:00,1654.430,1656.680,1654.030,1656.540,157
SQ:XAUUSD,2020-04-07T15:00:00+02:00,1656.540,1657.380,1654.510,1655.540,234
SQ:XAUUSD,2020-04-07T15:01:00+02:00,1655.570,1655.650,1651.980,1653.830,201
SQ:XAUUSD,2020-04-07T15:02:00+02:00,1653.630,1654.740,1652.290,1653.100,208
SQ:XAUUSD,2020-04-07T15:03:00+02:00,1652.920,1655.020,1652.600,1654.190,235
SQ:XAUUSD,2020-04-07T15:04:00+02:00,1654.470,1655.090,1654.230,1654.550,103
SQ:XAUUSD,2020-04-07T15:05:00+02:00,1654.450,1654.690,1652.790,1653.050,157
SQ:XAUUSD,2020-04-07T15:06:00+02:00,1652.810,1653.790,1652.298,1653.610,150
SQ:XAUUSD,2020-04-07T15:07:00+02:00,1653.610,1653.630,1650.830,1651.660,239
SQ:XAUUSD,2020-04-07T15:08:00+02:00,1651.568,1652.110,1650.500,1651.290,280
SQ:XAUUSD,2020-04-07T15:09:00+02:00,1651.290,1651.560,1650.380,1651.490,211
SQ:XAUUSD,2020-04-07T15:10:00+02:00,1651.432,1653.930,1646.150,1646.550,417
SQ:XAUUSD,2020-04-07T15:11:00+02:00,1646.700,1649.620,1646.700,1648.730,343
SQ:XAUUSD,2020-04-07T15:12:00+02:00,1648.790,1649.650,1646.240,1649.320,376
SQ:XAUUSD,2020-04-07T15:13:00+02:00,1649.440,1650.610,1648.630,1650.110,261
SQ:XAUUSD,2020-04-07T15:14:00+02:00,1650.370,1650.710,1649.220,1650.150,298
SQ:XAUUSD,2020-04-07T15:15:00+02:00,1650.220,1653.240,1649.730,1651.220,336
SQ:XAUUSD,2020-04-07T15:16:00+02:00,1651.140,1652.010,1650.000,1651.460,178
SQ:XAUUSD,2020-04-07T15:17:00+02:00,1651.460,1651.910,1647.710,1648.800,297
SQ:XAUUSD,2020-04-07T15:18:00+02:00,1648.800,1650.150,1646.670,1647.680,177
SQ:XAUUSD,2020-04-07T15:19:00+02:00,1647.750,1649.790,1646.530,1648.630,412
SQ:XAUUSD,2020-04-07T15:20:00+02:00,1648.920,1650.050,1648.050,1648.900,242
SQ:XAUUSD,2020-04-07T15:21:00+02:00,1648.910,1650.170,1648.630,1650.170,120
SQ:XAUUSD,2020-04-07T15:22:00+02:00,1650.100,1650.930,1649.540,1650.930,209
SQ:XAUUSD,2020-04-07T15:23:00+02:00,1650.870,1651.690,1650.550,1651.360,89
SQ:XAUUSD,2020-04-07T15:24:00+02:00,1651.360,1651.410,1650.090,1650.402,145
SQ:XAUUSD,2020-04-07T15:25:00+02:00,1650.370,1651.770,1649.950,1651.730,60
SQ:XAUUSD,2020-04-07T15:26:00+02:00,1651.680,1651.760,1650.450,1650.470,73
SQ:XAUUSD,2020-04-07T15:27:00+02:00,1650.580,1650.640,1649.170,1649.750,46
SQ:XAUUSD,2020-04-07T15:28:00+02:00,1649.750,1651.030,1648.660,1649.390,84
SQ:XAUUSD,2020-04-07T15:29:00+02:00,1649.390,1649.410,1648.260,1648.860,58
SQ:XAUUSD,2020-04-07T15:30:00+02:00,1648.860,1650.430,1648.770,1649.490,243
SQ:XAUUSD,2020-04-07T15:31:00+02:00,1649.490,1649.500,1644.250,1644.890,367
SQ:XAUUSD,2020-04-07T15:32:00+02:00,1644.890,1648.070,1644.890,1647.190,197
SQ:XAUUSD,2020-04-07T15:33:00+02:00,1647.190,1648.390,1645.660,1646.400,347
SQ:XAUUSD,2020-04-07T15:34:00+02:00,1646.380,1647.530,1645.080,1646.770,387
SQ:XAUUSD,2020-04-07T15:35:00+02:00,1646.550,1647.940,1645.430,1646.250,446
SQ:XAUUSD,2020-04-07T15:36:00+02:00,1646.230,1647.550,1645.670,1646.640,362
SQ:XAUUSD,2020-04-07T15:37:00+02:00,1646.570,1647.400,1645.310,1645.630,325
SQ:XAUUSD,2020-04-07T15:38:00+02:00,1645.630,1646.050,1641.930,1642.810,367
SQ:XAUUSD,2020-04-07T15:39:00+02:00,1642.810,1644.400,1642.474,1643.520,296
SQ:XAUUSD,2020-04-07T15:40:00+02:00,1643.520,1645.800,1643.300,1645.570,294
SQ:XAUUSD,2020-04-07T15:41:00+02:00,1645.660,1646.950,1645.000,1646.600,386
SQ:XAUUSD,2020-04-07T15:42:00+02:00,1646.560,1648.400,1646.360,1647.140,383
SQ:XAUUSD,2020-04-07T15:43:00+02:00,1647.140,1648.250,1646.490,1648.010,192
SQ:XAUUSD,2020-04-07T15:44:00+02:00,1648.010,1648.230,1646.760,1647.460,303
SQ:XAUUSD,2020-04-07T15:45:00+02:00,1647.480,1648.530,1647.350,1648.340,304
SQ:XAUUSD,2020-04-07T15:46:00+02:00,1648.310,1650.500,1648.140,1649.470,359
SQ:XAUUSD,2020-04-07T15:47:00+02:00,1649.700,1651.000,1649.210,1649.692,370
SQ:XAUUSD,2020-04-07T15:48:00+02:00,1649.740,1650.650,1649.250,1650.130,271
SQ:XAUUSD,2020-04-07T15:49:00+02:00,1650.100,1650.580,1648.720,1648.980,271
SQ:XAUUSD,2020-04-07T15:50:00+02:00,1649.100,1649.300,1647.470,1647.470,334
SQ:XAUUSD,2020-04-07T15:51:00+02:00,1647.580,1648.460,1646.580,1647.590,333
SQ:XAUUSD,2020-04-07T15:52:00+02:00,1647.590,1648.968,1647.460,1648.858,299
SQ:XAUUSD,2020-04-07T15:53:00+02:00,1648.538,1648.782,1646.760,1647.672,293
SQ:XAUUSD,2020-04-07T15:54:00+02:00,1647.780,1648.158,1645.950,1646.262,199
SQ:XAUUSD,2020-04-07T15:55:00+02:00,1646.212,1647.660,1645.680,1647.340,258
SQ:XAUUSD,2020-04-07T15:56:00+02:00,1647.340,1647.520,1646.040,1647.038,207
SQ:XAUUSD,2020-04-07T15:57:00+02:00,1647.012,1649.280,1646.998,1648.590,253
SQ:XAUUSD,2020-04-07T15:58:00+02:00,1648.740,1649.150,1647.700,1648.540,172
SQ:XAUUSD,2020-04-07T15:59:00+02:00,1648.550,1649.550,1648.000,1649.280,221
SQ:XAUUSD,2020-04-07T16:00:00+02:00,1649.280,1649.280,1646.960,1647.160,281
SQ:XAUUSD,2020-04-07T16:01:00+02:00,1647.360,1647.380,1645.630,1646.680,245
SQ:XAUUSD,2020-04-07T16:02:00+02:00,1646.680,1646.968,1645.960,1646.320,129
SQ:XAUUSD,2020-04-07T16:03:00+02:00,1646.270,1647.580,1646.010,1647.580,93
SQ:XAUUSD,2020-04-07T16:04:00+02:00,1647.580,1647.710,1646.300,1647.570,217
SQ:XAUUSD,2020-04-07T16:05:00+02:00,1647.640,1650.030,1647.412,1649.450,270
SQ:XAUUSD,2020-04-07T16:06:00+02:00,1649.430,1650.364,1648.970,1650.280,238
SQ:XAUUSD,2020-04-07T16:07:00+02:00,1650.240,1650.252,1648.570,1648.920,159
SQ:XAUUSD,2020-04-07T16:08:00+02:00,1648.920,1649.130,1648.620,1649.000,101
SQ:XAUUSD,2020-04-07T16:09:00+02:00,1649.000,1649.300,1647.360,1647.910,112
SQ:XAUUSD,2020-04-07T16:10:00+02:00,1647.880,1649.030,1647.530,1647.700,294
SQ:XAUUSD,2020-04-07T16:11:00+02:00,1647.700,1648.640,1647.520,1647.920,218
SQ:XAUUSD,2020-04-07T16:12:00+02:00,1647.920,1648.800,1647.760,1648.350,198
SQ:XAUUSD,2020-04-07T16:13:00+02:00,1648.400,1649.850,1648.400,1649.640,157
SQ:XAUUSD,2020-04-07T16:14:00+02:00,1649.690,1649.900,1648.690,1649.260,173
SQ:XAUUSD,2020-04-07T16:15:00+02:00,1649.260,1650.230,1649.070,1649.730,111
SQ:XAUUSD,2020-04-07T16:16:00+02:00,1649.730,1651.740,1649.550,1651.580,107
SQ:XAUUSD,2020-04-07T16:17:00+02:00,1651.580,1652.670,1651.300,1652.670,109
SQ:XAUUSD,2020-04-07T16:18:00+02:00,1652.670,1653.130,1651.650,1651.940,121
SQ:XAUUSD,2020-04-07T16:19:00+02:00,1651.840,1652.230,1651.640,1651.830,139
SQ:XAUUSD,2020-04-07T16:20:00+02:00,1651.880,1652.620,1651.580,1651.980,166
SQ:XAUUSD,2020-04-07T16:21:00+02:00,1651.980,1651.980,1650.930,1651.390,62
SQ:XAUUSD,2020-04-07T16:22:00+02:00,1651.380,1651.820,1651.220,1651.590,67
SQ:XAUUSD,2020-04-07T16:23:00+02:00,1651.490,1651.760,1651.070,1651.720,36
SQ:XAUUSD,2020-04-07T16:24:00+02:00,1651.720,1652.380,1651.430,1651.880,66
SQ:XAUUSD,2020-04-07T16:25:00+02:00,1651.910,1652.310,1651.630,1651.650,57
SQ:XAUUSD,2020-04-07T16:26:00+02:00,1651.580,1654.590,1651.450,1654.260,141
SQ:XAUUSD,2020-04-07T16:27:00+02:00,1654.210,1656.066,1654.190,1655.170,213
SQ:XAUUSD,2020-04-07T16:28:00+02:00,1655.170,1655.330,1653.300,1654.650,193
SQ:XAUUSD,2020-04-07T16:29:00+02:00,1654.690,1656.318,1654.360,1655.850,131
SQ:XAUUSD,2020-04-07T16:30:00+02:00,1655.770,1656.430,1655.120,1655.190,151
SQ:XAUUSD,2020-04-07T16:31:00+02:00,1655.180,1655.300,1653.820,1654.400,135
SQ:XAUUSD,2020-04-07T16:32:00+02:00,1654.400,1654.850,1653.860,1654.380,71
SQ:XAUUSD,2020-04-07T16:33:00+02:00,1654.400,1656.840,1653.710,1656.220,173
SQ:XAUUSD,2020-04-07T16:34:00+02:00,1656.250,1657.190,1655.590,1655.850,172
SQ:XAUUSD,2020-04-07T16:35:00+02:00,1655.850,1656.010,1652.990,1653.810,175
SQ:XAUUSD,2020-04-07T16:36:00+02:00,1653.550,1655.340,1652.092,1653.940,169
SQ:XAUUSD,2020-04-07T16:37:00+02:00,1653.940,1654.090,1650.780,1650.950,114
SQ:XAUUSD,2020-04-07T16:38:00+02:00,1650.840,1651.762,1650.440,1650.614,248
SQ:XAUUSD,2020-04-07T16:39:00+02:00,1650.614,1650.944,1650.190,1650.490,136
SQ:XAUUSD,2020-04-07T16:40:00+02:00,1650.490,1652.440,1649.780,1650.670,176
SQ:XAUUSD,2020-04-07T16:41:00+02:00,1650.630,1652.190,1650.570,1650.880,133
SQ:XAUUSD,2020-04-07T16:42:00+02:00,1650.700,1651.290,1650.160,1650.640,160
SQ:XAUUSD,2020-04-07T16:43:00+02:00,1650.704,1652.540,1650.280,1651.102,180
SQ:XAUUSD,2020-04-07T16:44:00+02:00,1651.340,1652.640,1649.776,1650.516,219
SQ:XAUUSD,2020-04-07T16:45:00+02:00,1650.570,1651.240,1648.280,1649.292,314
SQ:XAUUSD,2020-04-07T16:46:00+02:00,1650.440,1650.440,1648.396,1648.880,178
SQ:XAUUSD,2020-04-07T16:47:00+02:00,1648.940,1649.990,1648.166,1649.430,213
SQ:XAUUSD,2020-04-07T16:48:00+02:00,1649.170,1650.986,1648.946,1650.902,226
SQ:XAUUSD,2020-04-07T16:49:00+02:00,1650.916,1651.940,1649.720,1650.850,181
SQ:XAUUSD,2020-04-07T16:50:00+02:00,1650.670,1652.890,1650.580,1651.130,209
SQ:XAUUSD,2020-04-07T16:51:00+02:00,1651.130,1651.840,1650.480,1651.120,134
SQ:XAUUSD,2020-04-07T16:52:00+02:00,1651.120,1652.090,1650.390,1651.170,85
SQ:XAUUSD,2020-04-07T16:53:00+02:00,1651.170,1651.240,1648.636,1649.540,123
SQ:XAUUSD,2020-04-07T16:54:00+02:00,1649.646,1651.440,1649.600,1650.830,179
SQ:XAUUSD,2020-04-07T16:55:00+02:00,1651.740,1653.740,1650.750,1652.160,248
SQ:XAUUSD,2020-04-07T16:56:00+02:00,1652.210,1655.350,1651.500,1651.830,202
SQ:XAUUSD,2020-04-07T16:57:00+02:00,1651.830,1653.240,1651.380,1653.240,226
SQ:XAUUSD,2020-04-07T16:58:00+02:00,1652.170,1653.290,1650.850,1651.630,164
SQ:XAUUSD,2020-04-07T16:59:00+02:00,1651.630,1652.490,1649.930,1650.790,165
SQ:XAUUSD,2020-04-07T17:00:00+02:00,1650.850,1651.690,1650.430,1650.690,119
SQ:XAUUSD,2020-04-07T17:01:00+02:00,1650.690,1651.410,1649.980,1650.150,160
SQ:XAUUSD,2020-04-07T17:02:00+02:00,1650.150,1650.640,1648.370,1648.840,183
SQ:XAUUSD,2020-04-07T17:03:00+02:00,1648.840,1650.192,1648.260,1649.862,120
SQ:XAUUSD,2020-04-07T17:04:00+02:00,1649.862,1651.670,1649.690,1650.828,131
SQ:XAUUSD,2020-04-07T17:05:00+02:00,1650.838,1651.550,1649.600,1649.600,132
SQ:XAUUSD,2020-04-07T17:06:00+02:00,1650.090,1650.748,1649.124,1650.090,305
SQ:XAUUSD,2020-04-07T17:07:00+02:00,1650.090,1650.364,1648.640,1649.650,217
SQ:XAUUSD,2020-04-07T17:08:00+02:00,1649.650,1651.564,1649.430,1650.970,216
SQ:XAUUSD,2020-04-07T17:09:00+02:00,1651.040,1651.130,1650.160,1650.460,140
SQ:XAUUSD,2020-04-07T17:10:00+02:00,1650.440,1650.500,1649.900,1650.350,108
SQ:XAUUSD,2020-04-07T17:11:00+02:00,1650.350,1650.872,1650.080,1650.430,85
SQ:XAUUSD,2020-04-07T17:12:00+02:00,1650.280,1651.086,1649.360,1650.290,192
SQ:XAUUSD,2020-04-07T17:13:00+02:00,1650.290,1651.130,1649.940,1649.960,164
SQ:XAUUSD,2020-04-07T17:14:00+02:00,1650.070,1650.450,1649.870,1650.080,105
SQ:XAUUSD,2020-04-07T17:15:00+02:00,1650.080,1653.650,1649.950,1653.290,183
SQ:XAUUSD,2020-04-07T17:16:00+02:00,1653.310,1653.410,1651.560,1652.120,99
SQ:XAUUSD,2020-04-07T17:17:00+02:00,1652.130,1653.888,1652.130,1653.194,92
SQ:XAUUSD,2020-04-07T17:18:00+02:00,1653.194,1654.014,1652.740,1653.080,143
SQ:XAUUSD,2020-04-07T17:19:00+02:00,1653.080,1654.040,1652.870,1653.380,86
SQ:XAUUSD,2020-04-07T17:20:00+02:00,1653.440,1655.450,1653.440,1654.660,135
SQ:XAUUSD,2020-04-07T17:21:00+02:00,1654.660,1656.024,1653.920,1654.270,107
SQ:XAUUSD,2020-04-07T17:22:00+02:00,1654.260,1654.980,1654.060,1654.930,108
SQ:XAUUSD,2020-04-07T17:23:00+02:00,1654.930,1655.320,1653.920,1654.230,115
SQ:XAUUSD,2020-04-07T17:24:00+02:00,1654.230,1654.800,1653.510,1654.240,106
SQ:XAUUSD,2020-04-07T17:25:00+02:00,1654.300,1655.510,1653.790,1655.350,121
SQ:XAUUSD,2020-04-07T17:26:00+02:00,1655.350,1655.970,1654.530,1654.590,138
SQ:XAUUSD,2020-04-07T17:27:00+02:00,1654.560,1655.870,1654.300,1655.250,204
SQ:XAUUSD,2020-04-07T17:28:00+02:00,1655.250,1656.220,1654.710,1656.010,159
SQ:XAUUSD,2020-04-07T17:29:00+02:00,1656.010,1656.770,1655.430,1656.730,132
SQ:XAUUSD,2020-04-07T17:30:00+02:00,1656.680,1657.030,1654.800,1655.410,247
SQ:XAUUSD,2020-04-07T17:31:00+02:00,1655.410,1657.120,1655.180,1655.640,117
SQ:XAUUSD,2020-04-07T17:32:00+02:00,1655.640,1656.120,1654.420,1654.720,187
SQ:XAUUSD,2020-04-07T17:33:00+02:00,1654.720,1655.320,1653.540,1654.620,216
SQ:XAUUSD,2020-04-07T17:34:00+02:00,1654.680,1655.170,1653.760,1654.760,120
SQ:XAUUSD,2020-04-07T17:35:00+02:00,1654.774,1654.988,1654.080,1654.540,117
SQ:XAUUSD,2020-04-07T17:36:00+02:00,1654.600,1655.120,1653.150,1654.884,181
SQ:XAUUSD,2020-04-07T17:37:00+02:00,1654.734,1654.754,1653.950,1654.464,99
SQ:XAUUSD,2020-04-07T17:38:00+02:00,1654.370,1655.274,1654.184,1654.960,155
SQ:XAUUSD,2020-04-07T17:39:00+02:00,1655.014,1655.392,1654.964,1655.110,129
SQ:XAUUSD,2020-04-07T17:40:00+02:00,1655.060,1655.960,1654.860,1655.440,107
SQ:XAUUSD,2020-04-07T17:41:00+02:00,1655.440,1655.470,1654.908,1655.130,67
SQ:XAUUSD,2020-04-07T17:42:00+02:00,1655.130,1656.186,1654.820,1654.970,119
SQ:XAUUSD,2020-04-07T17:43:00+02:00,1654.970,1656.300,1654.890,1656.150,121
SQ:XAUUSD,2020-04-07T17:44:00+02:00,1656.150,1657.078,1655.930,1656.264,123
SQ:XAUUSD,2020-04-07T17:45:00+02:00,1656.254,1656.640,1653.870,1654.380,161
SQ:XAUUSD,2020-04-07T17:46:00+02:00,1654.364,1655.040,1653.960,1654.960,94
SQ:XAUUSD,2020-04-07T17:47:00+02:00,1654.820,1654.920,1654.090,1654.910,138
SQ:XAUUSD,2020-04-07T17:48:00+02:00,1654.910,1655.590,1654.340,1654.540,65
SQ:XAUUSD,2020-04-07T17:49:00+02:00,1654.590,1654.810,1654.250,1654.590,77
SQ:XAUUSD,2020-04-07T17:50:00+02:00,1654.590,1655.080,1653.590,1654.470,169
SQ:XAUUSD,2020-04-07T17:51:00+02:00,1653.950,1654.714,1653.742,1654.250,95
SQ:XAUUSD,2020-04-07T17:52:00+02:00,1654.220,1654.368,1652.600,1652.968,198
SQ:XAUUSD,2020-04-07T17:53:00+02:00,1653.338,1654.228,1652.460,1653.928,144
SQ:XAUUSD,2020-04-07T17:54:00+02:00,1654.192,1654.238,1653.250,1653.748,176
SQ:XAUUSD,2020-04-07T17:55:00+02:00,1653.748,1653.832,1652.160,1652.660,187
SQ:XAUUSD,2020-04-07T17:56:00+02:00,1652.660,1653.160,1652.270,1653.160,142
SQ:XAUUSD,2020-04-07T17:57:00+02:00,1653.160,1653.232,1652.622,1653.008,126
SQ:XAUUSD,2020-04-07T17:58:00+02:00,1653.002,1653.558,1652.802,1653.558,161
SQ:XAUUSD,2020-04-07T17:59:00+02:00,1653.558,1654.968,1653.328,1654.792,186
SQ:XAUUSD,2020-04-07T18:00:00+02:00,1654.678,1654.858,1654.040,1654.512,166
SQ:XAUUSD,2020-04-07T18:01:00+02:00,1654.462,1654.462,1652.550,1653.370,101
SQ:XAUUSD,2020-04-07T18:02:00+02:00,1653.390,1654.990,1653.390,1654.688,136
SQ:XAUUSD,2020-04-07T18:03:00+02:00,1654.688,1655.160,1654.430,1654.460,100
SQ:XAUUSD,2020-04-07T18:04:00+02:00,1654.490,1654.700,1654.140,1654.350,116
SQ:XAUUSD,2020-04-07T18:05:00+02:00,1654.300,1655.710,1654.300,1655.620,98
SQ:XAUUSD,2020-04-07T18:06:00+02:00,1655.620,1655.730,1655.000,1655.630,66
SQ:XAUUSD,2020-04-07T18:07:00+02:00,1655.590,1656.746,1655.470,1656.380,122
SQ:XAUUSD,2020-04-07T18:08:00+02:00,1656.360,1656.820,1656.200,1656.740,123
SQ:XAUUSD,2020-04-07T18:09:00+02:00,1656.740,1657.450,1656.470,1657.450,34
SQ:XAUUSD,2020-04-07T18:10:00+02:00,1657.410,1657.420,1655.960,1656.450,111
SQ:XAUUSD,2020-04-07T18:11:00+02:00,1656.450,1656.450,1655.760,1655.760,37
SQ:XAUUSD,2020-04-07T18:12:00+02:00,1655.810,1656.180,1655.680,1655.910,33
SQ:XAUUSD,2020-04-07T18:13:00+02:00,1655.910,1656.040,1655.460,1655.600,45
SQ:XAUUSD,2020-04-07T18:14:00+02:00,1655.600,1655.950,1654.570,1655.350,78
SQ:XAUUSD,2020-04-07T18:15:00+02:00,1655.350,1656.210,1655.300,1656.210,40
SQ:XAUUSD,2020-04-07T18:16:00+02:00,1656.230,1656.460,1655.860,1656.080,55
SQ:XAUUSD,2020-04-07T18:17:00+02:00,1656.080,1656.540,1655.740,1655.810,65
SQ:XAUUSD,2020-04-07T18:18:00+02:00,1655.810,1656.000,1655.120,1655.600,53
SQ:XAUUSD,2020-04-07T18:19:00+02:00,1655.600,1655.600,1654.580,1654.980,42
SQ:XAUUSD,2020-04-07T18:20:00+02:00,1654.980,1655.520,1654.690,1654.760,35
SQ:XAUUSD,2020-04-07T18:21:00+02:00,1654.760,1655.070,1654.540,1654.920,39
SQ:XAUUSD,2020-04-07T18:22:00+02:00,1654.920,1654.920,1654.290,1654.510,81
SQ:XAUUSD,2020-04-07T18:23:00+02:00,1654.510,1654.670,1653.560,1653.630,109
SQ:XAUUSD,2020-04-07T18:24:00+02:00,1653.630,1653.650,1652.510,1652.610,119
SQ:XAUUSD,2020-04-07T18:25:00+02:00,1652.610,1653.130,1652.090,1652.140,131
SQ:XAUUSD,2020-04-07T18:26:00+02:00,1652.140,1652.830,1651.520,1652.690,174
SQ:XAUUSD,2020-04-07T18:27:00+02:00,1652.690,1653.640,1652.420,1652.590,78
SQ:XAUUSD,2020-04-07T18:28:00+02:00,1652.760,1654.070,1652.400,1654.020,114
SQ:XAUUSD,2020-04-07T18:29:00+02:00,1654.020,1654.640,1653.760,1654.620,70
SQ:XAUUSD,2020-04-07T18:30:00+02:00,1654.620,1654.620,1653.460,1654.370,92
SQ:XAUUSD,2020-04-07T18:31:00+02:00,1654.270,1654.390,1653.780,1654.170,43
SQ:XAUUSD,2020-04-07T18:32:00+02:00,1654.170,1655.390,1654.170,1654.910,145
SQ:XAUUSD,2020-04-07T18:33:00+02:00,1654.910,1655.120,1654.890,1654.910,72
SQ:XAUUSD,2020-04-07T18:34:00+02:00,1654.910,1655.598,1654.880,1655.102,98
SQ:XAUUSD,2020-04-07T18:35:00+02:00,1655.098,1655.780,1655.092,1655.272,101
SQ:XAUUSD,2020-04-07T18:36:00+02:00,1655.272,1655.540,1654.420,1654.962,64
SQ:XAUUSD,2020-04-07T18:37:00+02:00,1654.962,1654.962,1653.272,1653.918,98
SQ:XAUUSD,2020-04-07T18:38:00+02:00,1653.952,1654.118,1653.112,1653.112,110
SQ:XAUUSD,2020-04-07T18:39:00+02:00,1653.112,1654.242,1652.778,1653.220,172
SQ:XAUUSD,2020-04-07T18:40:00+02:00,1653.220,1654.180,1652.990,1653.620,100
SQ:XAUUSD,2020-04-07T18:41:00+02:00,1653.630,1654.130,1653.310,1653.410,71
SQ:XAUUSD,2020-04-07T18:42:00+02:00,1653.410,1653.610,1652.230,1652.772,121
SQ:XAUUSD,2020-04-07T18:43:00+02:00,1652.812,1653.872,1652.280,1653.618,114
SQ:XAUUSD,2020-04-07T18:44:00+02:00,1653.622,1654.248,1653.280,1653.560,133
SQ:XAUUSD,2020-04-07T18:45:00+02:00,1653.560,1653.720,1652.062,1652.418,117
SQ:XAUUSD,2020-04-07T18:46:00+02:00,1652.418,1652.992,1652.418,1652.738,102
SQ:XAUUSD,2020-04-07T18:47:00+02:00,1652.738,1653.810,1652.580,1653.370,72
SQ:XAUUSD,2020-04-07T18:48:00+02:00,1653.290,1653.760,1652.510,1652.580,72
SQ:XAUUSD,2020-04-07T18:49:00+02:00,1652.580,1653.020,1652.300,1652.590,59
SQ:XAUUSD,2020-04-07T18:50:00+02:00,1652.690,1652.810,1650.570,1651.092,142
SQ:XAUUSD,2020-04-07T18:51:00+02:00,1651.122,1651.122,1649.760,1650.888,192
SQ:XAUUSD,2020-04-07T18:52:00+02:00,1650.892,1650.898,1648.130,1649.006,211
SQ:XAUUSD,2020-04-07T18:53:00+02:00,1649.012,1650.850,1649.012,1650.450,178
SQ:XAUUSD,2020-04-07T18:54:00+02:00,1650.450,1651.910,1650.450,1651.740,142
SQ:XAUUSD,2020-04-07T18:55:00+02:00,1651.740,1652.000,1650.940,1651.860,97
SQ:XAUUSD,2020-04-07T18:56:00+02:00,1651.810,1651.810,1651.270,1651.730,40
SQ:XAUUSD,2020-04-07T18:57:00+02:00,1651.640,1652.220,1651.280,1651.940,89
SQ:XAUUSD,2020-04-07T18:58:00+02:00,1651.990,1653.350,1651.920,1652.670,120
SQ:XAUUSD,2020-04-07T18:59:00+02:00,1652.760,1652.760,1650.600,1651.320,166
SQ:XAUUSD,2020-04-07T19:00:00+02:00,1651.320,1652.740,1651.180,1651.450,78
SQ:XAUUSD,2020-04-07T19:01:00+02:00,1651.390,1652.192,1651.280,1652.162,117
SQ:XAUUSD,2020-04-07T19:02:00+02:00,1652.148,1652.288,1650.920,1651.150,114
SQ:XAUUSD,2020-04-07T19:03:00+02:00,1651.150,1652.900,1651.150,1652.670,77
SQ:XAUUSD,2020-04-07T19:04:00+02:00,1652.670,1654.030,1652.590,1652.880,154
SQ:XAUUSD,2020-04-07T19:05:00+02:00,1652.880,1653.360,1652.570,1652.860,109
SQ:XAUUSD,2020-04-07T19:06:00+02:00,1652.860,1653.510,1652.530,1653.510,85
SQ:XAUUSD,2020-04-07T19:07:00+02:00,1653.680,1653.730,1652.700,1653.250,97
SQ:XAUUSD,2020-04-07T19:08:00+02:00,1653.250,1653.380,1652.300,1652.470,76
SQ:XAUUSD,2020-04-07T19:09:00+02:00,1652.460,1653.100,1652.160,1652.920,151
SQ:XAUUSD,2020-04-07T19:10:00+02:00,1652.930,1653.460,1652.480,1653.230,176
SQ:XAUUSD,2020-04-07T19:11:00+02:00,1653.230,1654.170,1653.170,1654.060,113
SQ:XAUUSD,2020-04-07T19:12:00+02:00,1654.010,1654.710,1653.930,1654.590,100
SQ:XAUUSD,2020-04-07T19:13:00+02:00,1654.590,1654.750,1654.340,1654.750,47
SQ:XAUUSD,2020-04-07T19:14:00+02:00,1654.550,1654.620,1652.670,1653.710,168
SQ:XAUUSD,2020-04-07T19:15:00+02:00,1653.710,1653.800,1652.360,1652.740,78
SQ:XAUUSD,2020-04-07T19:16:00+02:00,1652.740,1653.180,1652.720,1653.000,49
SQ:XAUUSD,2020-04-07T19:17:00+02:00,1653.102,1653.510,1652.960,1653.380,63
SQ:XAUUSD,2020-04-07T19:18:00+02:00,1653.380,1654.240,1653.210,1653.470,106
SQ:XAUUSD,2020-04-07T19:19:00+02:00,1653.470,1653.800,1653.350,1653.430,81
SQ:XAUUSD,2020-04-07T19:20:00+02:00,1653.390,1653.628,1652.470,1652.810,123
SQ:XAUUSD,2020-04-07T19:21:00+02:00,1652.810,1653.054,1651.710,1652.958,158
SQ:XAUUSD,2020-04-07T19:22:00+02:00,1653.084,1653.084,1651.780,1652.380,81
SQ:XAUUSD,2020-04-07T19:23:00+02:00,1652.380,1652.620,1651.960,1652.070,45
SQ:XAUUSD,2020-04-07T19:24:00+02:00,1652.410,1652.410,1650.370,1650.620,100
SQ:XAUUSD,2020-04-07T19:25:00+02:00,1650.630,1651.590,1650.630,1651.034,91
SQ:XAUUSD,2020-04-07T19:26:00+02:00,1651.034,1651.050,1650.510,1650.750,84
SQ:XAUUSD,2020-04-07T19:27:00+02:00,1650.750,1650.970,1649.720,1650.810,35
SQ:XAUUSD,2020-04-07T19:28:00+02:00,1650.800,1650.830,1647.330,1648.848,204
SQ:XAUUSD,2020-04-07T19:29:00+02:00,1648.878,1650.336,1648.330,1649.386,300
SQ:XAUUSD,2020-04-07T19:30:00+02:00,1649.314,1649.384,1647.724,1648.358,144
SQ:XAUUSD,2020-04-07T19:31:00+02:00,1648.388,1648.528,1647.054,1647.978,181
SQ:XAUUSD,2020-04-07T19:32:00+02:00,1648.166,1649.924,1647.770,1647.916,182
SQ:XAUUSD,2020-04-07T19:33:00+02:00,1647.910,1647.988,1643.140,1645.424,317
SQ:XAUUSD,2020-04-07T19:34:00+02:00,1645.356,1646.460,1644.300,1644.850,179
SQ:XAUUSD,2020-04-07T19:35:00+02:00,1644.850,1645.488,1644.478,1645.050,119
SQ:XAUUSD,2020-04-07T19:36:00+02:00,1645.050,1645.680,1644.330,1644.550,142
SQ:XAUUSD,2020-04-07T19:37:00+02:00,1644.550,1646.106,1644.520,1645.178,157
SQ:XAUUSD,2020-04-07T19:38:00+02:00,1645.090,1645.090,1644.060,1644.060,88
SQ:XAUUSD,2020-04-07T19:39:00+02:00,1644.060,1645.050,1643.350,1644.580,159
SQ:XAUUSD,2020-04-07T19:40:00+02:00,1644.580,1645.210,1643.650,1644.060,126
SQ:XAUUSD,2020-04-07T19:41:00+02:00,1644.060,1644.798,1643.488,1644.778,102
SQ:XAUUSD,2020-04-07T19:42:00+02:00,1644.758,1646.198,1644.758,1645.066,163
SQ:XAUUSD,2020-04-07T19:43:00+02:00,1645.018,1646.490,1644.650,1646.420,109
SQ:XAUUSD,2020-04-07T19:44:00+02:00,1646.420,1647.530,1646.080,1646.500,186
SQ:XAUUSD,2020-04-07T19:45:00+02:00,1646.500,1646.580,1645.530,1646.290,95
SQ:XAUUSD,2020-04-07T19:46:00+02:00,1646.250,1646.250,1645.360,1645.480,38
SQ:XAUUSD,2020-04-07T19:47:00+02:00,1645.490,1646.630,1645.490,1645.830,43
SQ:XAUUSD,2020-04-07T19:48:00+02:00,1645.830,1646.660,1645.800,1646.560,37
SQ:XAUUSD,2020-04-07T19:49:00+02:00,1646.560,1646.780,1645.580,1645.620,48
SQ:XAUUSD,2020-04-07T19:50:00+02:00,1645.620,1645.670,1643.480,1644.600,111
SQ:XAUUSD,2020-04-07T19:51:00+02:00,1644.600,1645.020,1644.320,1645.020,37
SQ:XAUUSD,2020-04-07T19:52:00+02:00,1644.880,1646.770,1644.790,1646.560,62
SQ:XAUUSD,2020-04-07T19:53:00+02:00,1646.560,1646.870,1646.020,1646.620,47
SQ:XAUUSD,2020-04-07T19:54:00+02:00,1646.620,1647.000,1646.370,1646.730,52
SQ:XAUUSD,2020-04-07T19:55:00+02:00,1646.730,1646.730,1645.960,1646.350,43
SQ:XAUUSD,2020-04-07T19:56:00+02:00,1646.250,1646.260,1645.330,1645.400,88
SQ:XAUUSD,2020-04-07T19:57:00+02:00,1645.410,1646.884,1645.190,1646.660,39
SQ:XAUUSD,2020-04-07T19:58:00+02:00,1646.660,1648.030,1646.620,1647.970,85
SQ:XAUUSD,2020-04-07T19:59:00+02:00,1648.000,1648.990,1647.290,1648.990,89
SQ:XAUUSD,2020-04-07T20:00:00+02:00,1648.980,1649.030,1647.710,1647.970,76
SQ:XAUUSD,2020-04-07T20:01:00+02:00,1647.920,1648.400,1647.550,1648.400,47
SQ:XAUUSD,2020-04-07T20:02:00+02:00,1648.400,1648.400,1647.890,1648.340,37
SQ:XAUUSD,2020-04-07T20:03:00+02:00,1648.340,1650.260,1648.340,1649.900,64
SQ:XAUUSD,2020-04-07T20:04:00+02:00,1649.910,1650.240,1649.380,1649.460,68
SQ:XAUUSD,2020-04-07T20:05:00+02:00,1649.460,1650.230,1648.600,1649.730,80
SQ:XAUUSD,2020-04-07T20:06:00+02:00,1649.730,1650.160,1648.850,1649.440,58
SQ:XAUUSD,2020-04-07T20:07:00+02:00,1649.440,1649.592,1648.864,1649.466,80
SQ:XAUUSD,2020-04-07T20:08:00+02:00,1649.484,1649.956,1649.196,1649.662,93
SQ:XAUUSD,2020-04-07T20:09:00+02:00,1649.684,1651.016,1649.602,1649.986,131
SQ:XAUUSD,2020-04-07T20:10:00+02:00,1650.004,1651.796,1649.844,1651.614,171
SQ:XAUUSD,2020-04-07T20:11:00+02:00,1651.704,1651.704,1650.470,1650.470,89
SQ:XAUUSD,2020-04-07T20:12:00+02:00,1650.470,1650.604,1650.024,1650.404,65
SQ:XAUUSD,2020-04-07T20:13:00+02:00,1650.264,1651.054,1650.096,1650.774,64
SQ:XAUUSD,2020-04-07T20:14:00+02:00,1650.766,1651.324,1650.766,1651.132,91
SQ:XAUUSD,2020-04-07T20:15:00+02:00,1651.134,1651.354,1650.724,1651.014,83
SQ:XAUUSD,2020-04-07T20:16:00+02:00,1650.974,1651.466,1650.824,1650.854,108
SQ:XAUUSD,2020-04-07T20:17:00+02:00,1650.844,1651.830,1650.844,1651.820,97
SQ:XAUUSD,2020-04-07T20:18:00+02:00,1651.820,1652.190,1651.440,1651.660,59
SQ:XAUUSD,2020-04-07T20:19:00+02:00,1651.660,1651.660,1650.720,1651.410,37
SQ:XAUUSD,2020-04-07T20:20:00+02:00,1651.410,1652.150,1651.400,1651.990,41
SQ:XAUUSD,2020-04-07T20:21:00+02:00,1651.990,1653.010,1651.970,1652.050,56
SQ:XAUUSD,2020-04-07T20:22:00+02:00,1652.050,1652.050,1651.100,1651.330,42
SQ:XAUUSD,2020-04-07T20:23:00+02:00,1651.310,1651.330,1650.390,1650.710,39
SQ:XAUUSD,2020-04-07T20:24:00+02:00,1650.710,1650.840,1649.570,1649.600,50
SQ:XAUUSD,2020-04-07T20:25:00+02:00,1649.600,1650.230,1649.600,1650.200,44
SQ:XAUUSD,2020-04-07T20:26:00+02:00,1650.200,1650.220,1648.950,1649.250,68
SQ:XAUUSD,2020-04-07T20:27:00+02:00,1649.250,1650.040,1647.870,1648.640,91
SQ:XAUUSD,2020-04-07T20:28:00+02:00,1648.630,1648.880,1647.540,1647.580,66
SQ:XAUUSD,2020-04-07T20:29:00+02:00,1647.580,1648.410,1647.540,1648.010,48
SQ:XAUUSD,2020-04-07T20:30:00+02:00,1648.030,1648.140,1646.870,1647.100,73
SQ:XAUUSD,2020-04-07T20:31:00+02:00,1647.100,1647.710,1646.870,1647.430,46
SQ:XAUUSD,2020-04-07T20:32:00+02:00,1647.420,1647.740,1647.110,1647.410,35
SQ:XAUUSD,2020-04-07T20:33:00+02:00,1647.410,1647.810,1647.410,1647.800,27
SQ:XAUUSD,2020-04-07T20:34:00+02:00,1647.810,1649.680,1647.810,1649.080,68
SQ:XAUUSD,2020-04-07T20:35:00+02:00,1649.080,1649.130,1648.390,1648.460,40
SQ:XAUUSD,2020-04-07T20:36:00+02:00,1648.450,1649.680,1648.370,1649.470,37
SQ:XAUUSD,2020-04-07T20:37:00+02:00,1649.470,1649.710,1649.320,1649.510,30
SQ:XAUUSD,2020-04-07T20:38:00+02:00,1649.530,1649.580,1647.720,1647.720,47
SQ:XAUUSD,2020-04-07T20:39:00+02:00,1647.720,1647.970,1645.110,1645.590,57
SQ:XAUUSD,2020-04-07T20:40:00+02:00,1645.590,1646.120,1644.560,1644.880,102
SQ:XAUUSD,2020-04-07T20:41:00+02:00,1644.930,1645.260,1643.526,1643.626,115
SQ:XAUUSD,2020-04-07T20:42:00+02:00,1643.626,1644.300,1643.240,1644.150,114
SQ:XAUUSD,2020-04-07T20:43:00+02:00,1644.150,1645.020,1643.670,1643.870,73
SQ:XAUUSD,2020-04-07T20:44:00+02:00,1643.870,1644.154,1642.450,1643.544,236
SQ:XAUUSD,2020-04-07T20:45:00+02:00,1643.564,1644.384,1643.564,1644.224,99
SQ:XAUUSD,2020-04-07T20:46:00+02:00,1644.254,1647.706,1644.136,1646.310,133
SQ:XAUUSD,2020-04-07T20:47:00+02:00,1646.310,1647.894,1646.060,1647.100,88
SQ:XAUUSD,2020-04-07T20:48:00+02:00,1647.030,1647.480,1646.160,1646.740,42
SQ:XAUUSD,2020-04-07T20:49:00+02:00,1646.740,1649.266,1646.560,1647.700,66
SQ:XAUUSD,2020-04-07T20:50:00+02:00,1647.700,1647.770,1646.460,1647.160,80
SQ:XAUUSD,2020-04-07T20:51:00+02:00,1647.160,1647.210,1645.220,1645.220,56
SQ:XAUUSD,2020-04-07T20:52:00+02:00,1645.300,1647.550,1645.300,1647.550,99
SQ:XAUUSD,2020-04-07T20:53:00+02:00,1647.640,1648.856,1647.590,1647.630,67
SQ:XAUUSD,2020-04-07T20:54:00+02:00,1647.630,1647.770,1646.500,1647.000,41
SQ:XAUUSD,2020-04-07T20:55:00+02:00,1646.900,1647.430,1646.510,1646.530,91
SQ:XAUUSD,2020-04-07T20:56:00+02:00,1646.590,1646.740,1645.100,1645.370,71
SQ:XAUUSD,2020-04-07T20:57:00+02:00,1645.370,1645.740,1645.360,1645.490,23
SQ:XAUUSD,2020-04-07T20:58:00+02:00,1645.490,1645.790,1644.932,1645.050,54
SQ:XAUUSD,2020-04-07T20:59:00+02:00,1645.050,1645.790,1644.936,1645.240,87
SQ:XAUUSD,2020-04-07T21:00:00+02:00,1645.240,1645.800,1644.960,1645.200,90
SQ:XAUUSD,2020-04-07T21:01:00+02:00,1645.260,1645.950,1645.160,1645.500,67
SQ:XAUUSD,2020-04-07T21:02:00+02:00,1645.510,1645.810,1644.910,1645.060,46
SQ:XAUUSD,2020-04-07T21:03:00+02:00,1645.060,1645.650,1644.810,1645.440,46
SQ:XAUUSD,2020-04-07T21:04:00+02:00,1645.440,1645.520,1644.830,1645.000,30
SQ:XAUUSD,2020-04-07T21:05:00+02:00,1645.110,1646.920,1644.950,1646.460,56
SQ:XAUUSD,2020-04-07T21:06:00+02:00,1646.460,1647.810,1646.290,1647.410,74
SQ:XAUUSD,2020-04-07T21:07:00+02:00,1647.360,1647.360,1646.060,1646.370,78
SQ:XAUUSD,2020-04-07T21:08:00+02:00,1646.370,1646.670,1644.860,1645.520,100
SQ:XAUUSD,2020-04-07T21:09:00+02:00,1645.924,1646.302,1644.840,1646.162,127
SQ:XAUUSD,2020-04-07T21:10:00+02:00,1646.214,1646.464,1645.290,1646.454,81
SQ:XAUUSD,2020-04-07T21:11:00+02:00,1646.434,1646.434,1645.354,1645.550,83
SQ:XAUUSD,2020-04-07T21:12:00+02:00,1645.550,1645.750,1644.424,1645.750,171
SQ:XAUUSD,2020-04-07T21:13:00+02:00,1645.936,1645.970,1645.174,1645.810,47
SQ:XAUUSD,2020-04-07T21:14:00+02:00,1645.810,1645.880,1644.750,1644.750,79
SQ:XAUUSD,2020-04-07T21:15:00+02:00,1644.750,1645.760,1644.750,1644.820,113
SQ:XAUUSD,2020-04-07T21:16:00+02:00,1644.820,1646.212,1644.680,1645.920,140
SQ:XAUUSD,2020-04-07T21:17:00+02:00,1645.920,1646.354,1645.130,1645.690,134
SQ:XAUUSD,2020-04-07T21:18:00+02:00,1645.420,1648.620,1645.410,1648.270,224
SQ:XAUUSD,2020-04-07T21:19:00+02:00,1648.270,1649.126,1647.020,1647.640,172
SQ:XAUUSD,2020-04-07T21:20:00+02:00,1647.630,1649.420,1647.630,1649.050,97
SQ:XAUUSD,2020-04-07T21:21:00+02:00,1649.110,1649.110,1648.270,1648.350,66
SQ:XAUUSD,2020-04-07T21:22:00+02:00,1648.320,1649.470,1648.280,1649.100,98
SQ:XAUUSD,2020-04-07T21:23:00+02:00,1649.100,1649.100,1647.660,1648.250,72
SQ:XAUUSD,2020-04-07T21:24:00+02:00,1648.250,1648.810,1647.510,1648.790,80
SQ:XAUUSD,2020-04-07T21:25:00+02:00,1648.794,1650.200,1648.764,1650.200,116
SQ:XAUUSD,2020-04-07T21:26:00+02:00,1650.160,1650.820,1649.980,1650.200,67
SQ:XAUUSD,2020-04-07T21:27:00+02:00,1650.170,1650.694,1650.160,1650.370,52
SQ:XAUUSD,2020-04-07T21:28:00+02:00,1650.370,1651.310,1650.110,1650.950,63
SQ:XAUUSD,2020-04-07T21:29:00+02:00,1650.950,1651.170,1650.720,1650.850,20
SQ:XAUUSD,2020-04-07T21:30:00+02:00,1650.850,1651.590,1650.700,1651.060,47
SQ:XAUUSD,2020-04-07T21:31:00+02:00,1651.060,1651.456,1650.730,1651.040,56
SQ:XAUUSD,2020-04-07T21:32:00+02:00,1651.040,1651.280,1649.770,1650.360,84
SQ:XAUUSD,2020-04-07T21:33:00+02:00,1650.240,1651.496,1650.040,1651.146,83
SQ:XAUUSD,2020-04-07T21:34:00+02:00,1651.218,1651.760,1650.940,1651.200,126
SQ:XAUUSD,2020-04-07T21:35:00+02:00,1651.200,1651.200,1650.250,1650.890,114
SQ:XAUUSD,2020-04-07T21:36:00+02:00,1650.980,1651.080,1650.320,1650.730,106
SQ:XAUUSD,2020-04-07T21:37:00+02:00,1650.730,1652.110,1650.730,1652.110,134
SQ:XAUUSD,2020-04-07T21:38:00+02:00,1652.110,1653.110,1651.410,1653.110,101
SQ:XAUUSD,2020-04-07T21:39:00+02:00,1653.110,1653.620,1652.980,1653.154,59
SQ:XAUUSD,2020-04-07T21:40:00+02:00,1653.154,1653.184,1652.300,1652.860,77
SQ:XAUUSD,2020-04-07T21:41:00+02:00,1652.860,1653.620,1652.540,1653.620,79
SQ:XAUUSD,2020-04-07T21:42:00+02:00,1653.460,1655.280,1653.350,1654.750,91
SQ:XAUUSD,2020-04-07T21:43:00+02:00,1654.750,1655.160,1654.270,1654.970,77
SQ:XAUUSD,2020-04-07T21:44:00+02:00,1654.970,1655.560,1654.950,1655.490,40
SQ:XAUUSD,2020-04-07T21:45:00+02:00,1655.490,1655.850,1655.290,1655.770,40
SQ:XAUUSD,2020-04-07T21:46:00+02:00,1655.770,1656.490,1655.340,1656.490,41
SQ:XAUUSD,2020-04-07T21:47:00+02:00,1656.490,1657.180,1656.070,1657.180,68
SQ:XAUUSD,2020-04-07T21:48:00+02:00,1657.270,1657.350,1656.380,1656.500,94
SQ:XAUUSD,2020-04-07T21:49:00+02:00,1656.500,1656.650,1655.420,1656.550,98
SQ:XAUUSD,2020-04-07T21:50:00+02:00,1656.540,1657.410,1655.780,1657.110,81
SQ:XAUUSD,2020-04-07T21:51:00+02:00,1657.110,1657.640,1656.240,1656.670,44
SQ:XAUUSD,2020-04-07T21:52:00+02:00,1656.670,1657.130,1655.170,1655.460,102
SQ:XAUUSD,2020-04-07T21:53:00+02:00,1655.460,1656.110,1654.670,1656.110,64
SQ:XAUUSD,2020-04-07T21:54:00+02:00,1656.110,1656.430,1655.410,1655.610,111
SQ:XAUUSD,2020-04-07T21:55:00+02:00,1655.610,1656.822,1655.580,1656.804,136
SQ:XAUUSD,2020-04-07T21:56:00+02:00,1656.774,1657.114,1656.140,1656.590,132
SQ:XAUUSD,2020-04-07T21:57:00+02:00,1656.590,1656.632,1656.010,1656.040,101
SQ:XAUUSD,2020-04-07T21:58:00+02:00,1656.262,1656.636,1655.940,1655.940,114
SQ:XAUUSD,2020-04-07T21:59:00+02:00,1655.940,1657.010,1655.940,1656.870,51
SQ:XAUUSD,2020-04-07T22:00:00+02:00,1656.870,1657.060,1655.900,1656.110,28
SQ:XAUUSD,2020-04-07T22:01:00+02:00,1656.110,1656.140,1654.980,1655.250,18
SQ:XAUUSD,2020-04-07T22:02:00+02:00,1655.410,1655.820,1655.220,1655.280,29
SQ:XAUUSD,2020-04-07T22:03:00+02:00,1655.280,1655.370,1654.980,1654.980,32
SQ:XAUUSD,2020-04-07T22:04:00+02:00,1654.980,1655.270,1654.980,1654.980,32
SQ:XAUUSD,2020-04-07T22:05:00+02:00,1655.000,1655.390,1652.460,1654.152,56
SQ:XAUUSD,2020-04-07T22:06:00+02:00,1654.172,1654.310,1651.780,1652.300,58
SQ:XAUUSD,2020-04-07T22:07:00+02:00,1652.320,1652.520,1651.910,1652.010,24
SQ:XAUUSD,2020-04-07T22:08:00+02:00,1652.010,1652.560,1651.600,1652.510,17
SQ:XAUUSD,2020-04-07T22:09:00+02:00,1652.510,1652.710,1651.400,1652.260,15
SQ:XAUUSD,2020-04-07T22:11:00+02:00,1652.310,1652.560,1652.160,1652.560,6
SQ:XAUUSD,2020-04-07T22:12:00+02:00,1652.560,1652.560,1652.360,1652.360,8
SQ:XAUUSD,2020-04-07T22:13:00+02:00,1652.360,1652.360,1651.960,1652.010,12
SQ:XAUUSD,2020-04-07T22:14:00+02:00,1652.010,1652.160,1652.010,1652.160,3
SQ:XAUUSD,2020-04-07T22:15:00+02:00,1652.160,1652.310,1651.960,1652.060,12
SQ:XAUUSD,2020-04-07T22:16:00+02:00,1652.060,1652.410,1652.060,1652.360,7
SQ:XAUUSD,2020-04-07T22:17:00+02:00,1652.360,1652.360,1651.960,1651.960,6
SQ:XAUUSD,2020-04-07T22:18:00+02:00,1651.960,1651.960,1651.760,1651.810,6
SQ:XAUUSD,2020-04-07T22:19:00+02:00,1651.810,1651.960,1651.610,1651.610,6
SQ:XAUUSD,2020-04-07T22:20:00+02:00,1651.610,1651.610,1650.810,1650.910,17
SQ:XAUUSD,2020-04-07T22:21:00+02:00,1650.910,1651.260,1650.450,1651.260,12
SQ:XAUUSD,2020-04-07T22:22:00+02:00,1651.260,1652.310,1651.260,1651.400,17
SQ:XAUUSD,2020-04-07T22:23:00+02:00,1652.060,1652.160,1652.010,1652.160,5
SQ:XAUUSD,2020-04-07T22:24:00+02:00,1652.160,1652.210,1652.060,1652.160,6
SQ:XAUUSD,2020-04-07T22:25:00+02:00,1652.160,1652.210,1652.060,1652.060,4
SQ:XAUUSD,2020-04-07T22:26:00+02:00,1652.060,1652.210,1651.910,1651.910,10
SQ:XAUUSD,2020-04-07T22:27:00+02:00,1651.810,1652.750,1651.140,1651.140,75
SQ:XAUUSD,2020-04-07T22:28:00+02:00,1651.050,1651.170,1650.640,1650.640,13
SQ:XAUUSD,2020-04-07T22:29:00+02:00,1650.640,1650.860,1650.000,1650.510,21
SQ:XAUUSD,2020-04-07T22:30:00+02:00,1650.510,1650.760,1650.460,1650.760,9
SQ:XAUUSD,2020-04-07T22:31:00+02:00,1650.810,1651.210,1650.810,1651.080,12
SQ:XAUUSD,2020-04-07T22:32:00+02:00,1651.010,1651.110,1650.550,1650.650,18
SQ:XAUUSD,2020-04-07T22:33:00+02:00,1650.670,1651.060,1650.660,1650.880,9
SQ:XAUUSD,2020-04-07T22:34:00+02:00,1650.900,1651.040,1649.820,1650.560,27
SQ:XAUUSD,2020-04-07T22:35:00+02:00,1650.560,1650.760,1650.560,1650.710,7
SQ:XAUUSD,2020-04-07T22:36:00+02:00,1650.660,1650.760,1649.890,1650.760,8
SQ:XAUUSD,2020-04-07T22:37:00+02:00,1650.760,1651.080,1650.200,1650.760,15
SQ:XAUUSD,2020-04-07T22:38:00+02:00,1650.760,1650.760,1650.410,1650.430,13
SQ:XAUUSD,2020-04-07T22:39:00+02:00,1650.430,1650.430,1650.110,1650.210,13
SQ:XAUUSD,2020-04-07T22:40:00+02:00,1650.210,1650.310,1648.768,1648.978,27
SQ:XAUUSD,2020-04-07T22:41:00+02:00,1648.950,1649.102,1648.690,1648.690,48
SQ:XAUUSD,2020-04-07T22:42:00+02:00,1648.710,1648.998,1648.710,1648.830,15
SQ:XAUUSD,2020-04-07T22:43:00+02:00,1648.768,1648.768,1648.562,1648.698,22
SQ:XAUUSD,2020-04-07T22:44:00+02:00,1648.660,1648.930,1648.660,1648.878,12
SQ:XAUUSD,2020-04-07T22:45:00+02:00,1648.820,1649.650,1648.698,1649.432,33
SQ:XAUUSD,2020-04-07T22:46:00+02:00,1649.480,1649.480,1649.100,1649.168,25
SQ:XAUUSD,2020-04-07T22:47:00+02:00,1649.168,1649.288,1648.610,1649.288,21
SQ:XAUUSD,2020-04-07T22:48:00+02:00,1649.288,1649.288,1648.690,1648.900,19
SQ:XAUUSD,2020-04-07T22:49:00+02:00,1648.898,1648.898,1647.450,1647.778,51
SQ:XAUUSD,2020-04-07T22:50:00+02:00,1647.858,1648.088,1647.690,1648.088,40
SQ:XAUUSD,2020-04-07T22:51:00+02:00,1647.988,1648.020,1645.380,1648.018,62
SQ:XAUUSD,2020-04-07T22:52:00+02:00,1648.050,1648.090,1645.240,1647.958,19
SQ:XAUUSD,2020-04-07T22:53:00+02:00,1647.948,1648.198,1647.870,1648.198,25
SQ:XAUUSD,2020-04-07T22:54:00+02:00,1648.198,1648.198,1647.860,1647.878,24
SQ:XAUUSD,2020-04-08T00:01:00+02:00,1644.946,1648.350,1644.776,1644.776,31
SQ:XAUUSD,2020-04-08T00:02:00+02:00,1644.976,1645.000,1644.466,1644.480,27
SQ:XAUUSD,2020-04-08T00:03:00+02:00,1644.560,1644.976,1644.500,1644.500,28
SQ:XAUUSD,2020-04-08T00:04:00+02:00,1644.500,1645.650,1644.500,1645.490,27
SQ:XAUUSD,2020-04-08T00:05:00+02:00,1645.490,1646.570,1645.490,1646.160,50
SQ:XAUUSD,2020-04-08T00:06:00+02:00,1646.160,1646.570,1645.800,1646.570,31
SQ:XAUUSD,2020-04-08T00:07:00+02:00,1646.450,1646.540,1646.010,1646.170,22
SQ:XAUUSD,2020-04-08T00:08:00+02:00,1646.180,1646.180,1645.630,1646.170,25
SQ:XAUUSD,2020-04-08T00:09:00+02:00,1646.170,1647.308,1646.170,1647.200,32
SQ:XAUUSD,2020-04-08T00:10:00+02:00,1647.208,1648.168,1646.648,1647.688,32
SQ:XAUUSD,2020-04-08T00:11:00+02:00,1647.688,1647.688,1646.428,1646.428,38
SQ:XAUUSD,2020-04-08T00:12:00+02:00,1646.438,1646.588,1646.138,1646.278,23
SQ:XAUUSD,2020-04-08T00:13:00+02:00,1646.050,1646.468,1645.680,1645.730,22
SQ:XAUUSD,2020-04-08T00:14:00+02:00,1645.740,1645.790,1645.700,1645.730,10
SQ:XAUUSD,2020-04-08T00:15:00+02:00,1645.900,1646.068,1645.750,1645.948,18
SQ:XAUUSD,2020-04-08T00:16:00+02:00,1645.948,1646.308,1645.940,1646.188,16
SQ:XAUUSD,2020-04-08T00:17:00+02:00,1646.188,1646.900,1646.188,1646.860,6
SQ:XAUUSD,2020-04-08T00:18:00+02:00,1646.860,1647.000,1646.820,1647.000,7
SQ:XAUUSD,2020-04-08T00:19:00+02:00,1647.000,1647.150,1646.790,1646.790,8
SQ:XAUUSD,2020-04-08T00:20:00+02:00,1646.790,1647.000,1646.730,1647.000,8
SQ:XAUUSD,2020-04-08T00:21:00+02:00,1647.000,1647.130,1647.000,1647.130,2
SQ:XAUUSD,2020-04-08T00:22:00+02:00,1647.130,1647.130,1646.980,1647.080,3
SQ:XAUUSD,2020-04-08T00:23:00+02:00,1647.080,1647.080,1646.930,1646.930,3
SQ:XAUUSD,2020-04-08T00:24:00+02:00,1647.080,1647.210,1647.080,1647.210,2
SQ:XAUUSD,2020-04-08T00:25:00+02:00,1647.210,1647.340,1647.010,1647.010,7
SQ:XAUUSD,2020-04-08T00:26:00+02:00,1647.010,1647.010,1647.010,1647.010,1
SQ:XAUUSD,2020-04-08T00:27:00+02:00,1647.010,1647.270,1647.010,1647.270,3
SQ:XAUUSD,2020-04-08T00:28:00+02:00,1647.210,1647.270,1647.100,1647.100,7
SQ:XAUUSD,2020-04-08T00:29:00+02:00,1647.100,1647.100,1647.100,1647.100,1
SQ:XAUUSD,2020-04-08T00:30:00+02:00,1647.100,1647.110,1647.100,1647.110,2
SQ:XAUUSD,2020-04-08T00:31:00+02:00,1647.110,1647.110,1647.020,1647.020,2
SQ:XAUUSD,2020-04-08T00:32:00+02:00,1646.930,1647.040,1646.790,1646.790,4
SQ:XAUUSD,2020-04-08T00:33:00+02:00,1647.030,1647.030,1646.940,1646.940,2
SQ:XAUUSD,2020-04-08T00:34:00+02:00,1647.030,1647.030,1646.920,1646.920,2
SQ:XAUUSD,2020-04-08T00:35:00+02:00,1646.920,1646.940,1646.650,1646.920,10
SQ:XAUUSD,2020-04-08T00:36:00+02:00,1646.920,1646.940,1646.830,1646.940,3
SQ:XAUUSD,2020-04-08T00:37:00+02:00,1646.940,1646.960,1646.830,1646.960,3
SQ:XAUUSD,2020-04-08T00:38:00+02:00,1646.960,1647.180,1646.960,1647.180,3
SQ:XAUUSD,2020-04-08T00:39:00+02:00,1647.070,1647.070,1646.840,1646.840,3
SQ:XAUUSD,2020-04-08T00:40:00+02:00,1646.840,1646.840,1645.980,1646.410,35
SQ:XAUUSD,2020-04-08T00:41:00+02:00,1646.478,1646.648,1645.750,1646.630,44
SQ:XAUUSD,2020-04-08T00:42:00+02:00,1646.628,1646.628,1644.550,1645.720,42
SQ:XAUUSD,2020-04-08T00:43:00+02:00,1645.668,1645.748,1645.230,1645.320,37
SQ:XAUUSD,2020-04-08T00:44:00+02:00,1645.320,1645.470,1645.220,1645.370,12
SQ:XAUUSD,2020-04-08T00:45:00+02:00,1645.530,1646.870,1645.530,1646.870,22
SQ:XAUUSD,2020-04-08T00:46:00+02:00,1646.870,1646.870,1646.690,1646.690,5
SQ:XAUUSD,2020-04-08T00:47:00+02:00,1646.690,1646.690,1646.680,1646.680,2
SQ:XAUUSD,2020-04-08T00:48:00+02:00,1646.760,1646.760,1646.760,1646.760,1
SQ:XAUUSD,2020-04-08T00:49:00+02:00,1646.760,1646.780,1646.550,1646.630,7
SQ:XAUUSD,2020-04-08T00:50:00+02:00,1646.630,1646.740,1646.630,1646.740,2
SQ:XAUUSD,2020-04-08T00:51:00+02:00,1646.740,1646.750,1646.740,1646.750,2
SQ:XAUUSD,2020-04-08T00:52:00+02:00,1646.750,1646.790,1646.700,1646.790,3
SQ:XAUUSD,2020-04-08T00:53:00+02:00,1646.790,1646.790,1646.770,1646.770,2
SQ:XAUUSD,2020-04-08T00:54:00+02:00,1646.770,1646.770,1646.580,1646.580,3
SQ:XAUUSD,2020-04-08T00:55:00+02:00,1646.580,1646.590,1646.410,1646.510,5
SQ:XAUUSD,2020-04-08T00:56:00+02:00,1646.510,1646.510,1646.380,1646.510,12
SQ:XAUUSD,2020-04-08T00:57:00+02:00,1646.390,1646.610,1646.390,1646.610,11
SQ:XAUUSD,2020-04-08T00:58:00+02:00,1646.610,1647.124,1646.610,1647.124,27
SQ:XAUUSD,2020-04-08T00:59:00+02:00,1647.134,1647.366,1646.896,1647.244,45
SQ:XAUUSD,2020-04-08T01:00:00+02:00,1647.266,1647.796,1646.700,1646.970,54
SQ:XAUUSD,2020-04-08T01:01:00+02:00,1646.970,1646.970,1646.810,1646.810,3
SQ:XAUUSD,2020-04-08T01:02:00+02:00,1646.810,1646.810,1646.710,1646.710,2
SQ:XAUUSD,2020-04-08T01:03:00+02:00,1646.710,1647.180,1646.590,1647.050,8
SQ:XAUUSD,2020-04-08T01:04:00+02:00,1647.050,1647.200,1647.050,1647.200,3
SQ:XAUUSD,2020-04-08T01:05:00+02:00,1647.200,1647.600,1647.200,1647.520,7
SQ:XAUUSD,2020-04-08T01:06:00+02:00,1647.520,1647.790,1647.430,1647.580,16
SQ:XAUUSD,2020-04-08T01:07:00+02:00,1647.580,1647.700,1647.050,1647.500,12
SQ:XAUUSD,2020-04-08T01:08:00+02:00,1647.410,1647.550,1647.060,1647.060,10
SQ:XAUUSD,2020-04-08T01:09:00+02:00,1647.080,1647.080,1647.080,1647.080,1
SQ:XAUUSD,2020-04-08T01:10:00+02:00,1647.080,1647.080,1646.760,1646.870,5
SQ:XAUUSD,2020-04-08T01:11:00+02:00,1646.870,1647.070,1646.870,1647.070,3
SQ:XAUUSD,2020-04-08T01:12:00+02:00,1647.070,1647.320,1647.070,1647.320,3
SQ:XAUUSD,2020-04-08T01:13:00+02:00,1647.320,1647.320,1647.210,1647.210,2
SQ:XAUUSD,2020-04-08T01:14:00+02:00,1647.210,1647.300,1647.170,1647.300,3
SQ:XAUUSD,2020-04-08T01:15:00+02:00,1647.300,1647.300,1647.290,1647.290,2
SQ:XAUUSD,2020-04-08T01:16:00+02:00,1647.180,1647.500,1647.180,1647.500,4
SQ:XAUUSD,2020-04-08T01:17:00+02:00,1647.500,1647.600,1647.050,1647.270,7
SQ:XAUUSD,2020-04-08T01:18:00+02:00,1647.270,1647.450,1647.110,1647.450,7
SQ:XAUUSD,2020-04-08T01:19:00+02:00,1647.450,1647.530,1647.330,1647.440,4
SQ:XAUUSD,2020-04-08T01:20:00+02:00,1647.440,1647.820,1647.440,1647.540,10
SQ:XAUUSD,2020-04-08T01:21:00+02:00,1647.540,1647.710,1647.540,1647.620,5
SQ:XAUUSD,2020-04-08T01:22:00+02:00,1647.620,1647.890,1647.330,1647.330,16
SQ:XAUUSD,2020-04-08T01:23:00+02:00,1647.330,1647.390,1647.330,1647.390,2
SQ:XAUUSD,2020-04-08T01:24:00+02:00,1647.390,1647.390,1647.290,1647.390,3
SQ:XAUUSD,2020-04-08T01:25:00+02:00,1647.390,1647.390,1647.050,1647.050,5
SQ:XAUUSD,2020-04-08T01:26:00+02:00,1647.210,1647.210,1647.050,1647.210,13
SQ:XAUUSD,2020-04-08T01:27:00+02:00,1647.210,1647.210,1647.200,1647.200,2
SQ:XAUUSD,2020-04-08T01:28:00+02:00,1647.200,1647.490,1647.050,1647.400,15
SQ:XAUUSD,2020-04-08T01:29:00+02:00,1647.490,1647.520,1647.390,1647.390,8
SQ:XAUUSD,2020-04-08T01:30:00+02:00,1647.480,1647.670,1647.480,1647.670,3
SQ:XAUUSD,2020-04-08T01:31:00+02:00,1647.670,1647.670,1647.430,1647.670,5
SQ:XAUUSD,2020-04-08T01:32:00+02:00,1647.670,1648.020,1647.670,1647.980,5
SQ:XAUUSD,2020-04-08T01:33:00+02:00,1647.980,1648.140,1647.680,1647.840,6
SQ:XAUUSD,2020-04-08T01:34:00+02:00,1647.840,1647.840,1647.540,1647.680,6
SQ:XAUUSD,2020-04-08T01:35:00+02:00,1647.720,1648.140,1647.640,1648.140,12
SQ:XAUUSD,2020-04-08T01:36:00+02:00,1648.140,1648.140,1647.510,1647.510,14
SQ:XAUUSD,2020-04-08T01:37:00+02:00,1647.510,1647.680,1647.240,1647.380,10
SQ:XAUUSD,2020-04-08T01:38:00+02:00,1647.380,1647.380,1647.220,1647.360,6
SQ:XAUUSD,2020-04-08T01:39:00+02:00,1647.260,1647.360,1647.260,1647.360,2
SQ:XAUUSD,2020-04-08T01:40:00+02:00,1647.330,1647.330,1646.750,1647.010,7
SQ:XAUUSD,2020-04-08T01:41:00+02:00,1647.010,1647.230,1647.010,1647.010,5
SQ:XAUUSD,2020-04-08T01:42:00+02:00,1647.010,1647.120,1647.010,1647.120,2
SQ:XAUUSD,2020-04-08T01:43:00+02:00,1647.120,1647.300,1647.120,1647.300,4
SQ:XAUUSD,2020-04-08T01:44:00+02:00,1647.300,1647.300,1647.130,1647.130,3
SQ:XAUUSD,2020-04-08T01:45:00+02:00,1647.130,1647.130,1647.010,1647.010,2
SQ:XAUUSD,2020-04-08T01:46:00+02:00,1647.010,1647.010,1646.620,1646.620,6
SQ:XAUUSD,2020-04-08T01:47:00+02:00,1646.620,1647.090,1646.620,1646.930,9
SQ:XAUUSD,2020-04-08T01:48:00+02:00,1646.930,1646.930,1646.770,1646.860,3
SQ:XAUUSD,2020-04-08T01:49:00+02:00,1646.860,1646.860,1646.530,1646.690,5
SQ:XAUUSD,2020-04-08T01:50:00+02:00,1646.690,1646.690,1646.320,1646.550,10
SQ:XAUUSD,2020-04-08T01:51:00+02:00,1646.550,1646.550,1646.060,1646.270,19
SQ:XAUUSD,2020-04-08T01:52:00+02:00,1646.270,1646.590,1645.880,1646.490,35
SQ:XAUUSD,2020-04-08T01:53:00+02:00,1646.490,1646.930,1646.490,1646.620,15
SQ:XAUUSD,2020-04-08T01:54:00+02:00,1646.620,1646.640,1646.410,1646.540,7
SQ:XAUUSD,2020-04-08T01:55:00+02:00,1646.540,1647.800,1646.540,1647.780,17
SQ:XAUUSD,2020-04-08T01:56:00+02:00,1647.780,1647.880,1647.580,1647.870,21
SQ:XAUUSD,2020-04-08T01:57:00+02:00,1647.870,1647.950,1647.620,1647.690,25
SQ:XAUUSD,2020-04-08T01:58:00+02:00,1647.690,1647.960,1647.600,1647.730,11
SQ:XAUUSD,2020-04-08T01:59:00+02:00,1647.730,1647.820,1647.730,1647.820,2
SQ:XAUUSD,2020-04-08T02:00:00+02:00,1647.820,1647.830,1647.360,1647.830,13
SQ:XAUUSD,2020-04-08T02:01:00+02:00,1647.830,1648.010,1647.830,1647.890,5
SQ:XAUUSD,2020-04-08T02:02:00+02:00,1647.890,1647.890,1647.630,1647.690,6
SQ:XAUUSD,2020-04-08T02:03:00+02:00,1647.760,1648.150,1647.760,1648.150,8
SQ:XAUUSD,2020-04-08T02:04:00+02:00,1648.150,1648.170,1648.150,1648.170,2
SQ:XAUUSD,2020-04-08T02:05:00+02:00,1648.170,1648.170,1647.960,1647.960,4
SQ:XAUUSD,2020-04-08T02:06:00+02:00,1647.960,1647.960,1647.750,1647.860,5
SQ:XAUUSD,2020-04-08T02:07:00+02:00,1647.860,1647.960,1647.860,1647.960,3
SQ:XAUUSD,2020-04-08T02:08:00+02:00,1647.960,1647.960,1647.890,1647.960,3
SQ:XAUUSD,2020-04-08T02:09:00+02:00,1647.960,1648.110,1647.960,1648.060,4
SQ:XAUUSD,2020-04-08T02:10:00+02:00,1648.060,1648.110,1647.850,1647.850,5
SQ:XAUUSD,2020-04-08T02:11:00+02:00,1647.850,1648.110,1647.850,1648.110,3
SQ:XAUUSD,2020-04-08T02:12:00+02:00,1648.110,1648.120,1648.060,1648.120,3
SQ:XAUUSD,2020-04-08T02:13:00+02:00,1648.120,1648.290,1648.120,1648.290,4
SQ:XAUUSD,2020-04-08T02:14:00+02:00,1648.040,1648.260,1647.650,1648.170,39
SQ:XAUUSD,2020-04-08T02:15:00+02:00,1648.170,1648.170,1647.630,1647.940,10
SQ:XAUUSD,2020-04-08T02:16:00+02:00,1647.940,1648.320,1647.820,1648.010,13
SQ:XAUUSD,2020-04-08T02:17:00+02:00,1648.010,1648.550,1648.010,1648.550,5
SQ:XAUUSD,2020-04-08T02:18:00+02:00,1648.550,1648.680,1648.550,1648.680,3
SQ:XAUUSD,2020-04-08T02:19:00+02:00,1648.680,1648.750,1648.420,1648.750,9
SQ:XAUUSD,2020-04-08T02:20:00+02:00,1648.750,1648.750,1648.580,1648.580,4
SQ:XAUUSD,2020-04-08T02:21:00+02:00,1648.580,1648.650,1648.430,1648.540,6
SQ:XAUUSD,2020-04-08T02:22:00+02:00,1648.540,1648.830,1648.540,1648.830,4
SQ:XAUUSD,2020-04-08T02:23:00+02:00,1648.830,1648.860,1648.800,1648.800,3
SQ:XAUUSD,2020-04-08T02:24:00+02:00,1648.800,1648.810,1648.590,1648.590,6
SQ:XAUUSD,2020-04-08T02:25:00+02:00,1648.590,1648.750,1648.360,1648.750,11
SQ:XAUUSD,2020-04-08T02:26:00+02:00,1648.750,1648.890,1648.690,1648.840,9
SQ:XAUUSD,2020-04-08T02:27:00+02:00,1648.840,1648.900,1648.740,1648.900,7
SQ:XAUUSD,2020-04-08T02:28:00+02:00,1648.900,1648.900,1648.590,1648.890,13
SQ:XAUUSD,2020-04-08T02:29:00+02:00,1648.890,1648.890,1648.210,1648.210,9
SQ:XAUUSD,2020-04-08T02:30:00+02:00,1648.210,1648.480,1647.510,1647.510,50
SQ:XAUUSD,2020-04-08T02:31:00+02:00,1647.510,1647.690,1646.640,1646.790,36
SQ:XAUUSD,2020-04-08T02:32:00+02:00,1646.790,1646.860,1645.150,1645.440,67
SQ:XAUUSD,2020-04-08T02:33:00+02:00,1645.440,1645.540,1643.590,1644.110,91
SQ:XAUUSD,2020-04-08T02:34:00+02:00,1644.110,1645.560,1640.850,1642.960,66
SQ:XAUUSD,2020-04-08T02:35:00+02:00,1642.960,1644.120,1642.700,1644.120,39
SQ:XAUUSD,2020-04-08T02:36:00+02:00,1644.120,1645.630,1644.120,1644.370,36
SQ:XAUUSD,2020-04-08T02:37:00+02:00,1644.370,1644.370,1643.620,1643.620,15
SQ:XAUUSD,2020-04-08T02:38:00+02:00,1643.620,1644.170,1643.590,1643.590,14
SQ:XAUUSD,2020-04-08T02:39:00+02:00,1643.590,1645.470,1643.590,1645.330,14
SQ:XAUUSD,2020-04-08T02:40:00+02:00,1645.330,1645.400,1644.510,1644.620,19
SQ:XAUUSD,2020-04-08T02:41:00+02:00,1644.620,1645.180,1644.620,1644.970,13
SQ:XAUUSD,2020-04-08T02:42:00+02:00,1644.970,1645.190,1644.720,1644.940,8
SQ:XAUUSD,2020-04-08T02:43:00+02:00,1644.940,1645.430,1644.940,1645.430,4
SQ:XAUUSD,2020-04-08T02:44:00+02:00,1645.430,1646.150,1645.430,1645.960,13
SQ:XAUUSD,2020-04-08T02:45:00+02:00,1645.960,1645.960,1645.380,1645.380,11
SQ:XAUUSD,2020-04-08T02:46:00+02:00,1645.450,1647.370,1644.490,1646.620,14
SQ:XAUUSD,2020-04-08T02:47:00+02:00,1646.620,1646.680,1646.620,1646.680,4
SQ:XAUUSD,2020-04-08T02:48:00+02:00,1646.680,1646.930,1646.170,1646.240,15
SQ:XAUUSD,2020-04-08T02:49:00+02:00,1646.240,1646.240,1645.300,1645.300,8
SQ:XAUUSD,2020-04-08T02:50:00+02:00,1645.300,1645.870,1645.230,1645.760,9
SQ:XAUUSD,2020-04-08T02:51:00+02:00,1645.760,1645.760,1645.000,1645.000,10
SQ:XAUUSD,2020-04-08T02:52:00+02:00,1645.090,1645.090,1644.790,1644.840,7
SQ:XAUUSD,2020-04-08T02:53:00+02:00,1644.840,1644.840,1644.190,1644.190,10
SQ:XAUUSD,2020-04-08T02:54:00+02:00,1644.190,1644.220,1643.500,1643.610,46
SQ:XAUUSD,2020-04-08T02:55:00+02:00,1643.640,1643.830,1643.190,1643.830,48
SQ:XAUUSD,2020-04-08T02:56:00+02:00,1643.770,1643.980,1643.730,1643.940,9
SQ:XAUUSD,2020-04-08T02:57:00+02:00,1643.940,1644.000,1643.940,1643.970,3
SQ:XAUUSD,2020-04-08T02:58:00+02:00,1643.970,1643.970,1643.970,1643.970,1
SQ:XAUUSD,2020-04-08T02:59:00+02:00,1643.970,1644.190,1643.640,1644.190,30
SQ:XAUUSD,2020-04-08T03:00:00+02:00,1644.190,1645.460,1642.630,1644.960,159
SQ:XAUUSD,2020-04-08T03:01:00+02:00,1644.960,1645.960,1644.820,1645.790,39
SQ:XAUUSD,2020-04-08T03:02:00+02:00,1645.560,1646.280,1645.230,1646.000,37
SQ:XAUUSD,2020-04-08T03:03:00+02:00,1646.000,1646.200,1645.350,1645.520,66
SQ:XAUUSD,2020-04-08T03:04:00+02:00,1645.520,1645.960,1645.270,1645.470,32
SQ:XAUUSD,2020-04-08T03:05:00+02:00,1645.470,1645.520,1645.080,1645.430,9
SQ:XAUUSD,2020-04-08T03:06:00+02:00,1645.520,1645.720,1645.430,1645.520,12
SQ:XAUUSD,2020-04-08T03:07:00+02:00,1645.520,1645.610,1645.290,1645.370,31
SQ:XAUUSD,2020-04-08T03:08:00+02:00,1645.380,1645.840,1645.310,1645.780,25
SQ:XAUUSD,2020-04-08T03:09:00+02:00,1645.780,1646.330,1645.620,1646.240,28
SQ:XAUUSD,2020-04-08T03:10:00+02:00,1646.220,1646.420,1646.130,1646.130,20
SQ:XAUUSD,2020-04-08T03:11:00+02:00,1646.040,1646.250,1645.710,1645.990,38
SQ:XAUUSD,2020-04-08T03:12:00+02:00,1646.000,1646.280,1645.500,1645.500,23
SQ:XAUUSD,2020-04-08T03:13:00+02:00,1645.500,1645.840,1645.470,1645.680,12
SQ:XAUUSD,2020-04-08T03:14:00+02:00,1645.630,1645.910,1645.570,1645.660,15
SQ:XAUUSD,2020-04-08T03:15:00+02:00,1645.600,1645.860,1645.600,1645.620,17
SQ:XAUUSD,2020-04-08T03:16:00+02:00,1645.630,1645.830,1645.380,1645.750,22
SQ:XAUUSD,2020-04-08T03:17:00+02:00,1645.620,1645.730,1645.450,1645.660,12
SQ:XAUUSD,2020-04-08T03:18:00+02:00,1645.710,1645.910,1645.710,1645.840,27
SQ:XAUUSD,2020-04-08T03:19:00+02:00,1645.850,1646.140,1645.700,1646.030,46
SQ:XAUUSD,2020-04-08T03:20:00+02:00,1646.030,1647.670,1645.970,1647.490,77
SQ:XAUUSD,2020-04-08T03:21:00+02:00,1647.490,1647.620,1647.350,1647.590,16
SQ:XAUUSD,2020-04-08T03:22:00+02:00,1647.590,1647.590,1647.430,1647.430,4
SQ:XAUUSD,2020-04-08T03:23:00+02:00,1647.530,1647.740,1647.170,1647.170,15
SQ:XAUUSD,2020-04-08T03:24:00+02:00,1647.170,1647.430,1647.150,1647.230,36
SQ:XAUUSD,2020-04-08T03:25:00+02:00,1647.300,1647.780,1647.230,1647.710,62
SQ:XAUUSD,2020-04-08T03:26:00+02:00,1647.720,1648.500,1647.410,1648.500,58
SQ:XAUUSD,2020-04-08T03:27:00+02:00,1648.500,1648.670,1647.990,1647.990,54
SQ:XAUUSD,2020-04-08T03:28:00+02:00,1648.050,1649.230,1647.940,1648.380,65
SQ:XAUUSD,2020-04-08T03:29:00+02:00,1648.840,1648.940,1648.350,1648.350,26
SQ:XAUUSD,2020-04-08T03:30:00+02:00,1648.350,1648.410,1648.280,1648.410,4
SQ:XAUUSD,2020-04-08T03:31:00+02:00,1648.410,1648.410,1648.210,1648.370,7
SQ:XAUUSD,2020-04-08T03:32:00+02:00,1648.370,1648.380,1648.170,1648.380,6
SQ:XAUUSD,2020-04-08T03:33:00+02:00,1648.380,1648.750,1648.380,1648.750,5
SQ:XAUUSD,2020-04-08T03:34:00+02:00,1648.650,1649.680,1648.650,1649.210,56
SQ:XAUUSD,2020-04-08T03:35:00+02:00,1649.280,1649.890,1649.160,1649.160,51
SQ:XAUUSD,2020-04-08T03:36:00+02:00,1649.180,1649.330,1648.930,1649.200,35
SQ:XAUUSD,2020-04-08T03:37:00+02:00,1649.280,1649.780,1649.070,1649.620,66
SQ:XAUUSD,2020-04-08T03:38:00+02:00,1649.560,1649.730,1649.100,1649.120,44
SQ:XAUUSD,2020-04-08T03:39:00+02:00,1649.120,1649.120,1648.880,1648.880,4
SQ:XAUUSD,2020-04-08T03:40:00+02:00,1648.880,1648.880,1647.570,1647.640,48
SQ:XAUUSD,2020-04-08T03:41:00+02:00,1647.640,1648.220,1647.640,1648.020,32
SQ:XAUUSD,2020-04-08T03:42:00+02:00,1648.020,1648.670,1648.020,1648.670,9
SQ:XAUUSD,2020-04-08T03:43:00+02:00,1648.550,1648.680,1648.490,1648.610,7
SQ:XAUUSD,2020-04-08T03:44:00+02:00,1648.610,1648.620,1648.510,1648.620,4
SQ:XAUUSD,2020-04-08T03:45:00+02:00,1648.540,1649.090,1648.260,1649.090,11
SQ:XAUUSD,2020-04-08T03:46:00+02:00,1649.090,1649.370,1649.090,1649.280,9
SQ:XAUUSD,2020-04-08T03:47:00+02:00,1649.280,1649.460,1649.200,1649.450,9
SQ:XAUUSD,2020-04-08T03:48:00+02:00,1649.380,1649.510,1648.630,1649.450,11
SQ:XAUUSD,2020-04-08T03:49:00+02:00,1649.480,1649.480,1648.910,1648.910,5
SQ:XAUUSD,2020-04-08T03:50:00+02:00,1648.910,1648.910,1648.590,1648.590,4
SQ:XAUUSD,2020-04-08T03:51:00+02:00,1648.590,1648.610,1647.850,1648.170,26
SQ:XAUUSD,2020-04-08T03:52:00+02:00,1648.150,1648.150,1647.830,1647.830,19
SQ:XAUUSD,2020-04-08T03:53:00+02:00,1647.830,1647.930,1647.430,1647.560,14
SQ:XAUUSD,2020-04-08T03:54:00+02:00,1647.560,1647.710,1647.510,1647.510,4
SQ:XAUUSD,2020-04-08T03:55:00+02:00,1647.510,1647.510,1647.340,1647.350,5
SQ:XAUUSD,2020-04-08T03:56:00+02:00,1647.350,1647.990,1647.350,1647.700,36
SQ:XAUUSD,2020-04-08T03:57:00+02:00,1647.580,1647.970,1647.510,1647.790,41
SQ:XAUUSD,2020-04-08T03:58:00+02:00,1647.780,1647.880,1647.670,1647.880,18
SQ:XAUUSD,2020-04-08T03:59:00+02:00,1647.970,1648.090,1647.810,1647.810,6
SQ:XAUUSD,2020-04-08T04:00:00+02:00,1647.810,1647.910,1647.620,1647.620,14
SQ:XAUUSD,2020-04-08T04:01:00+02:00,1647.620,1648.530,1647.620,1648.380,57
SQ:XAUUSD,2020-04-08T04:02:00+02:00,1648.380,1648.380,1647.810,1647.820,39
SQ:XAUUSD,2020-04-08T04:03:00+02:00,1647.890,1647.990,1647.670,1647.710,27
SQ:XAUUSD,2020-04-08T04:04:00+02:00,1647.720,1647.910,1647.600,1647.720,29
SQ:XAUUSD,2020-04-08T04:05:00+02:00,1647.710,1647.880,1647.430,1647.460,31
SQ:XAUUSD,2020-04-08T04:06:00+02:00,1647.460,1647.670,1647.430,1647.670,26
SQ:XAUUSD,2020-04-08T04:07:00+02:00,1647.670,1647.750,1647.470,1647.650,22
SQ:XAUUSD,2020-04-08T04:08:00+02:00,1647.640,1647.660,1646.990,1647.280,41
SQ:XAUUSD,2020-04-08T04:09:00+02:00,1647.260,1647.860,1646.470,1646.550,36
SQ:XAUUSD,2020-04-08T04:10:00+02:00,1646.550,1646.690,1646.480,1646.530,41
SQ:XAUUSD,2020-04-08T04:11:00+02:00,1646.510,1646.590,1646.270,1646.320,37
SQ:XAUUSD,2020-04-08T04:12:00+02:00,1646.320,1646.420,1646.270,1646.390,14
SQ:XAUUSD,2020-04-08T04:13:00+02:00,1646.470,1646.670,1646.470,1646.670,28
SQ:XAUUSD,2020-04-08T04:14:00+02:00,1646.670,1646.670,1646.270,1646.370,28
SQ:XAUUSD,2020-04-08T04:15:00+02:00,1646.470,1646.550,1646.050,1646.210,30
SQ:XAUUSD,2020-04-08T04:16:00+02:00,1646.170,1646.170,1645.680,1645.970,31
SQ:XAUUSD,2020-04-08T04:17:00+02:00,1645.930,1646.020,1645.860,1645.980,17
SQ:XAUUSD,2020-04-08T04:18:00+02:00,1645.870,1646.220,1645.750,1646.200,28
SQ:XAUUSD,2020-04-08T04:19:00+02:00,1646.100,1646.120,1645.860,1646.010,19
SQ:XAUUSD,2020-04-08T04:20:00+02:00,1645.990,1646.030,1645.830,1645.880,26
SQ:XAUUSD,2020-04-08T04:21:00+02:00,1645.940,1646.380,1645.540,1646.070,38
SQ:XAUUSD,2020-04-08T04:22:00+02:00,1646.070,1646.940,1646.070,1646.940,25
SQ:XAUUSD,2020-04-08T04:23:00+02:00,1646.970,1647.200,1646.460,1647.170,38
SQ:XAUUSD,2020-04-08T04:24:00+02:00,1647.100,1647.380,1647.100,1647.360,24
SQ:XAUUSD,2020-04-08T04:25:00+02:00,1647.360,1647.680,1646.880,1647.680,30
SQ:XAUUSD,2020-04-08T04:26:00+02:00,1647.680,1647.680,1647.560,1647.560,17
SQ:XAUUSD,2020-04-08T04:27:00+02:00,1647.600,1647.700,1647.460,1647.590,12
SQ:XAUUSD,2020-04-08T04:28:00+02:00,1647.590,1647.840,1647.590,1647.840,6
SQ:XAUUSD,2020-04-08T04:29:00+02:00,1647.730,1647.906,1647.730,1647.860,5
SQ:XAUUSD,2020-04-08T04:30:00+02:00,1647.876,1647.876,1647.826,1647.836,28
SQ:XAUUSD,2020-04-08T04:31:00+02:00,1647.826,1647.846,1647.660,1647.660,12
SQ:XAUUSD,2020-04-08T04:32:00+02:00,1647.660,1647.680,1647.560,1647.680,3
SQ:XAUUSD,2020-04-08T04:33:00+02:00,1647.680,1647.930,1647.570,1647.930,11
SQ:XAUUSD,2020-04-08T04:34:00+02:00,1647.930,1648.190,1647.930,1648.180,11
SQ:XAUUSD,2020-04-08T04:35:00+02:00,1648.130,1649.230,1648.130,1648.690,67
SQ:XAUUSD,2020-04-08T04:36:00+02:00,1648.710,1649.680,1648.640,1649.680,79
SQ:XAUUSD,2020-04-08T04:37:00+02:00,1649.650,1649.880,1648.720,1648.800,77
SQ:XAUUSD,2020-04-08T04:38:00+02:00,1648.940,1649.390,1648.650,1649.210,58
SQ:XAUUSD,2020-04-08T04:39:00+02:00,1649.200,1649.270,1649.120,1649.140,31
SQ:XAUUSD,2020-04-08T04:40:00+02:00,1649.140,1649.370,1648.720,1648.720,36
SQ:XAUUSD,2020-04-08T04:41:00+02:00,1648.720,1649.110,1648.470,1648.610,28
SQ:XAUUSD,2020-04-08T04:42:00+02:00,1648.590,1649.190,1648.000,1649.090,12
SQ:XAUUSD,2020-04-08T04:43:00+02:00,1649.090,1649.190,1648.970,1648.970,5
SQ:XAUUSD,2020-04-08T04:44:00+02:00,1648.970,1648.970,1648.910,1648.970,4
SQ:XAUUSD,2020-04-08T04:45:00+02:00,1648.970,1648.970,1648.970,1648.970,1
SQ:XAUUSD,2020-04-08T04:46:00+02:00,1648.970,1648.970,1648.456,1648.910,5
SQ:XAUUSD,2020-04-08T04:47:00+02:00,1648.910,1648.910,1648.910,1648.910,1
SQ:XAUUSD,2020-04-08T04:48:00+02:00,1648.910,1648.910,1648.260,1648.300,11
SQ:XAUUSD,2020-04-08T04:49:00+02:00,1648.270,1648.390,1648.270,1648.330,37
SQ:XAUUSD,2020-04-08T04:50:00+02:00,1648.330,1648.598,1647.530,1648.350,43
SQ:XAUUSD,2020-04-08T04:51:00+02:00,1648.350,1648.400,1648.330,1648.370,25
SQ:XAUUSD,2020-04-08T04:52:00+02:00,1648.380,1648.400,1648.280,1648.370,20
SQ:XAUUSD,2020-04-08T04:53:00+02:00,1648.370,1648.370,1648.240,1648.330,19
SQ:XAUUSD,2020-04-08T04:54:00+02:00,1648.330,1648.480,1648.250,1648.340,22
SQ:XAUUSD,2020-04-08T04:55:00+02:00,1648.390,1648.860,1648.390,1648.490,35
SQ:XAUUSD,2020-04-08T04:56:00+02:00,1648.490,1648.490,1648.240,1648.240,10
SQ:XAUUSD,2020-04-08T04:57:00+02:00,1648.240,1648.270,1648.180,1648.210,14
SQ:XAUUSD,2020-04-08T04:58:00+02:00,1648.210,1648.240,1648.020,1648.020,21
SQ:XAUUSD,2020-04-08T04:59:00+02:00,1648.020,1648.070,1648.020,1648.070,10
SQ:XAUUSD,2020-04-08T05:00:00+02:00,1648.070,1648.130,1648.050,1648.130,6
SQ:XAUUSD,2020-04-08T05:01:00+02:00,1648.130,1648.170,1647.040,1647.170,28
SQ:XAUUSD,2020-04-08T05:02:00+02:00,1647.150,1647.230,1646.870,1647.230,38
SQ:XAUUSD,2020-04-08T05:03:00+02:00,1647.210,1647.636,1647.210,1647.520,25
SQ:XAUUSD,2020-04-08T05:04:00+02:00,1647.526,1647.646,1647.526,1647.636,8
SQ:XAUUSD,2020-04-08T05:05:00+02:00,1647.630,1647.630,1647.240,1647.250,6
SQ:XAUUSD,2020-04-08T05:06:00+02:00,1647.230,1647.230,1646.710,1647.190,9
SQ:XAUUSD,2020-04-08T05:07:00+02:00,1647.190,1647.210,1647.190,1647.210,2
SQ:XAUUSD,2020-04-08T05:08:00+02:00,1647.210,1647.210,1647.180,1647.210,3
SQ:XAUUSD,2020-04-08T05:09:00+02:00,1647.210,1647.230,1647.200,1647.200,3
SQ:XAUUSD,2020-04-08T05:10:00+02:00,1647.200,1647.200,1645.890,1646.080,35
SQ:XAUUSD,2020-04-08T05:11:00+02:00,1646.080,1646.110,1645.700,1645.970,45
SQ:XAUUSD,2020-04-08T05:12:00+02:00,1645.950,1646.090,1645.680,1645.720,26
SQ:XAUUSD,2020-04-08T05:13:00+02:00,1645.720,1645.850,1645.260,1645.260,41
SQ:XAUUSD,2020-04-08T05:14:00+02:00,1645.190,1645.190,1644.980,1644.980,10
SQ:XAUUSD,2020-04-08T05:15:00+02:00,1644.980,1644.980,1643.390,1644.570,56
SQ:XAUUSD,2020-04-08T05:16:00+02:00,1644.570,1644.760,1644.470,1644.580,16
SQ:XAUUSD,2020-04-08T05:17:00+02:00,1644.580,1645.410,1644.580,1645.260,35
SQ:XAUUSD,2020-04-08T05:18:00+02:00,1645.260,1645.340,1644.460,1644.730,26
SQ:XAUUSD,2020-04-08T05:19:00+02:00,1644.736,1645.240,1644.730,1645.000,12
SQ:XAUUSD,2020-04-08T05:20:00+02:00,1645.000,1645.080,1643.550,1643.590,13
SQ:XAUUSD,2020-04-08T05:21:00+02:00,1643.590,1644.670,1643.500,1644.380,23
SQ:XAUUSD,2020-04-08T05:22:00+02:00,1644.380,1644.380,1643.830,1643.830,11
SQ:XAUUSD,2020-04-08T05:23:00+02:00,1643.830,1644.290,1643.830,1644.290,10
SQ:XAUUSD,2020-04-08T05:24:00+02:00,1644.290,1644.600,1644.290,1644.550,11
SQ:XAUUSD,2020-04-08T05:25:00+02:00,1644.540,1645.130,1644.490,1644.920,10
SQ:XAUUSD,2020-04-08T05:26:00+02:00,1644.940,1644.940,1644.600,1644.600,7
SQ:XAUUSD,2020-04-08T05:27:00+02:00,1644.510,1644.830,1644.460,1644.680,13
SQ:XAUUSD,2020-04-08T05:28:00+02:00,1644.680,1644.710,1644.620,1644.710,3
SQ:XAUUSD,2020-04-08T05:29:00+02:00,1644.710,1644.750,1644.710,1644.750,2
SQ:XAUUSD,2020-04-08T05:30:00+02:00,1644.750,1645.850,1644.750,1645.670,22
SQ:XAUUSD,2020-04-08T05:31:00+02:00,1645.910,1646.250,1645.620,1645.970,39
SQ:XAUUSD,2020-04-08T05:32:00+02:00,1645.970,1646.020,1645.830,1645.830,21
SQ:XAUUSD,2020-04-08T05:33:00+02:00,1645.830,1647.250,1645.830,1646.320,21
SQ:XAUUSD,2020-04-08T05:34:00+02:00,1646.320,1646.530,1646.270,1646.320,8
SQ:XAUUSD,2020-04-08T05:35:00+02:00,1646.320,1646.320,1646.230,1646.230,3
SQ:XAUUSD,2020-04-08T05:36:00+02:00,1646.230,1646.250,1646.230,1646.250,2
SQ:XAUUSD,2020-04-08T05:37:00+02:00,1646.250,1646.370,1646.250,1646.370,3
SQ:XAUUSD,2020-04-08T05:38:00+02:00,1646.370,1646.370,1645.530,1645.530,12
SQ:XAUUSD,2020-04-08T05:39:00+02:00,1645.470,1645.470,1645.180,1645.270,6
SQ:XAUUSD,2020-04-08T05:40:00+02:00,1645.270,1646.730,1645.270,1646.710,16
SQ:XAUUSD,2020-04-08T05:41:00+02:00,1646.710,1647.430,1646.710,1646.950,22
SQ:XAUUSD,2020-04-08T05:42:00+02:00,1646.950,1648.320,1646.950,1648.260,15
SQ:XAUUSD,2020-04-08T05:43:00+02:00,1648.260,1648.260,1647.810,1648.040,10
SQ:XAUUSD,2020-04-08T05:44:00+02:00,1648.040,1648.040,1648.010,1648.010,2
SQ:XAUUSD,2020-04-08T05:45:00+02:00,1647.980,1648.120,1647.980,1648.030,6
SQ:XAUUSD,2020-04-08T05:46:00+02:00,1648.030,1649.150,1647.970,1648.660,17
SQ:XAUUSD,2020-04-08T05:47:00+02:00,1648.670,1648.670,1648.460,1648.460,23
SQ:XAUUSD,2020-04-08T05:48:00+02:00,1648.460,1648.460,1648.220,1648.220,4
SQ:XAUUSD,2020-04-08T05:49:00+02:00,1648.280,1648.620,1648.280,1648.620,6
SQ:XAUUSD,2020-04-08T05:50:00+02:00,1648.620,1648.630,1648.620,1648.630,2
SQ:XAUUSD,2020-04-08T05:51:00+02:00,1648.630,1648.630,1648.610,1648.610,2
SQ:XAUUSD,2020-04-08T05:52:00+02:00,1648.610,1648.610,1648.390,1648.390,4
SQ:XAUUSD,2020-04-08T05:53:00+02:00,1648.390,1648.430,1648.380,1648.430,3
SQ:XAUUSD,2020-04-08T05:54:00+02:00,1648.430,1648.430,1648.250,1648.250,2
SQ:XAUUSD,2020-04-08T05:55:00+02:00,1648.250,1648.250,1647.970,1647.970,6
SQ:XAUUSD,2020-04-08T05:56:00+02:00,1648.020,1648.550,1647.440,1647.500,12
SQ:XAUUSD,2020-04-08T05:57:00+02:00,1647.500,1647.720,1647.380,1647.720,7
SQ:XAUUSD,2020-04-08T05:58:00+02:00,1647.780,1648.140,1647.780,1648.130,9
SQ:XAUUSD,2020-04-08T05:59:00+02:00,1648.130,1648.130,1648.070,1648.070,2
SQ:XAUUSD,2020-04-08T06:00:00+02:00,1648.070,1648.410,1648.070,1648.410,4
SQ:XAUUSD,2020-04-08T06:01:00+02:00,1648.410,1648.540,1648.350,1648.540,5
SQ:XAUUSD,2020-04-08T06:02:00+02:00,1648.530,1648.650,1648.530,1648.590,11
SQ:XAUUSD,2020-04-08T06:03:00+02:00,1648.610,1648.690,1648.570,1648.610,12
SQ:XAUUSD,2020-04-08T06:04:00+02:00,1648.610,1648.700,1648.530,1648.600,7
SQ:XAUUSD,2020-04-08T06:05:00+02:00,1648.600,1648.600,1648.500,1648.500,2
SQ:XAUUSD,2020-04-08T06:06:00+02:00,1648.500,1648.760,1648.340,1648.430,23
SQ:XAUUSD,2020-04-08T06:07:00+02:00,1648.430,1648.430,1647.980,1647.980,9
SQ:XAUUSD,2020-04-08T06:08:00+02:00,1647.980,1648.420,1647.560,1648.400,22
SQ:XAUUSD,2020-04-08T06:09:00+02:00,1648.380,1648.720,1648.290,1648.480,27
SQ:XAUUSD,2020-04-08T06:10:00+02:00,1648.450,1648.580,1648.380,1648.500,18
SQ:XAUUSD,2020-04-08T06:11:00+02:00,1648.490,1648.530,1648.020,1648.020,9
SQ:XAUUSD,2020-04-08T06:12:00+02:00,1648.020,1648.020,1647.960,1648.020,3
SQ:XAUUSD,2020-04-08T06:13:00+02:00,1648.020,1648.020,1647.860,1647.950,4
SQ:XAUUSD,2020-04-08T06:14:00+02:00,1647.950,1648.060,1647.950,1648.060,3
SQ:XAUUSD,2020-04-08T06:15:00+02:00,1648.060,1648.060,1647.410,1647.680,12
SQ:XAUUSD,2020-04-08T06:16:00+02:00,1647.620,1647.690,1647.530,1647.690,7
SQ:XAUUSD,2020-04-08T06:17:00+02:00,1647.740,1647.790,1647.600,1647.600,9
SQ:XAUUSD,2020-04-08T06:18:00+02:00,1647.600,1647.720,1647.600,1647.720,3
SQ:XAUUSD,2020-04-08T06:19:00+02:00,1647.720,1647.730,1647.720,1647.730,2
SQ:XAUUSD,2020-04-08T06:20:00+02:00,1647.730,1647.750,1647.660,1647.660,3
SQ:XAUUSD,2020-04-08T06:21:00+02:00,1647.660,1647.750,1647.660,1647.660,3
SQ:XAUUSD,2020-04-08T06:22:00+02:00,1647.660,1648.100,1647.660,1648.100,18
SQ:XAUUSD,2020-04-08T06:23:00+02:00,1648.070,1648.080,1647.830,1647.920,31
SQ:XAUUSD,2020-04-08T06:24:00+02:00,1647.920,1648.380,1647.920,1648.120,27
SQ:XAUUSD,2020-04-08T06:25:00+02:00,1648.230,1650.590,1648.160,1650.150,127
SQ:XAUUSD,2020-04-08T06:26:00+02:00,1650.070,1650.560,1649.520,1649.520,76
SQ:XAUUSD,2020-04-08T06:27:00+02:00,1649.520,1649.720,1649.520,1649.720,3
SQ:XAUUSD,2020-04-08T06:28:00+02:00,1649.770,1649.840,1649.770,1649.820,4
SQ:XAUUSD,2020-04-08T06:29:00+02:00,1649.820,1649.880,1649.820,1649.820,6
SQ:XAUUSD,2020-04-08T06:30:00+02:00,1649.820,1649.820,1649.820,1649.820,1
SQ:XAUUSD,2020-04-08T06:31:00+02:00,1649.820,1650.100,1648.850,1649.210,19
SQ:XAUUSD,2020-04-08T06:32:00+02:00,1649.210,1649.370,1648.640,1648.990,13
SQ:XAUUSD,2020-04-08T06:33:00+02:00,1649.060,1649.170,1648.900,1648.900,25
SQ:XAUUSD,2020-04-08T06:34:00+02:00,1648.900,1648.900,1648.620,1648.820,7
SQ:XAUUSD,2020-04-08T06:35:00+02:00,1648.820,1649.390,1648.820,1649.240,33
SQ:XAUUSD,2020-04-08T06:36:00+02:00,1649.240,1649.300,1648.950,1648.950,10
SQ:XAUUSD,2020-04-08T06:37:00+02:00,1648.950,1648.950,1648.870,1648.870,2
SQ:XAUUSD,2020-04-08T06:38:00+02:00,1648.870,1648.900,1648.870,1648.900,2
SQ:XAUUSD,2020-04-08T06:39:00+02:00,1648.900,1648.900,1648.500,1648.510,11
SQ:XAUUSD,2020-04-08T06:40:00+02:00,1648.510,1648.510,1648.100,1648.100,16
SQ:XAUUSD,2020-04-08T06:41:00+02:00,1648.100,1648.600,1648.100,1648.400,27
SQ:XAUUSD,2020-04-08T06:42:00+02:00,1648.400,1648.450,1648.350,1648.400,11
SQ:XAUUSD,2020-04-08T06:43:00+02:00,1648.440,1648.520,1648.330,1648.450,19
SQ:XAUUSD,2020-04-08T06:44:00+02:00,1648.410,1648.620,1648.410,1648.620,3
SQ:XAUUSD,2020-04-08T06:45:00+02:00,1648.620,1648.620,1648.220,1648.260,7
SQ:XAUUSD,2020-04-08T06:46:00+02:00,1648.260,1648.260,1647.910,1647.910,14
SQ:XAUUSD,2020-04-08T06:47:00+02:00,1647.910,1648.680,1647.910,1648.680,27
SQ:XAUUSD,2020-04-08T06:48:00+02:00,1648.680,1648.760,1648.680,1648.720,3
SQ:XAUUSD,2020-04-08T06:49:00+02:00,1648.720,1648.720,1648.430,1648.450,3
SQ:XAUUSD,2020-04-08T06:50:00+02:00,1648.450,1648.840,1648.210,1648.760,25
SQ:XAUUSD,2020-04-08T06:51:00+02:00,1648.830,1649.480,1648.780,1649.470,31
SQ:XAUUSD,2020-04-08T06:52:00+02:00,1649.440,1649.630,1649.430,1649.550,13
SQ:XAUUSD,2020-04-08T06:53:00+02:00,1649.550,1649.550,1649.470,1649.510,4
SQ:XAUUSD,2020-04-08T06:54:00+02:00,1649.510,1649.560,1649.510,1649.560,2
SQ:XAUUSD,2020-04-08T06:55:00+02:00,1649.560,1649.560,1649.420,1649.420,6
SQ:XAUUSD,2020-04-08T06:56:00+02:00,1649.420,1649.420,1649.420,1649.420,1
SQ:XAUUSD,2020-04-08T06:57:00+02:00,1649.420,1649.430,1649.420,1649.430,2
SQ:XAUUSD,2020-04-08T06:58:00+02:00,1649.430,1649.430,1649.420,1649.430,3
SQ:XAUUSD,2020-04-08T06:59:00+02:00,1649.430,1649.430,1649.410,1649.410,2
SQ:XAUUSD,2020-04-08T07:00:00+02:00,1649.410,1649.440,1649.320,1649.320,7
SQ:XAUUSD,2020-04-08T07:01:00+02:00,1649.320,1649.410,1649.270,1649.300,12
SQ:XAUUSD,2020-04-08T07:02:00+02:00,1649.300,1649.550,1649.290,1649.550,5
SQ:XAUUSD,2020-04-08T07:03:00+02:00,1649.550,1649.780,1649.550,1649.660,9
SQ:XAUUSD,2020-04-08T07:04:00+02:00,1649.630,1649.870,1649.630,1649.870,3
SQ:XAUUSD,2020-04-08T07:05:00+02:00,1649.870,1649.870,1649.870,1649.870,1
SQ:XAUUSD,2020-04-08T07:06:00+02:00,1649.870,1649.880,1649.850,1649.860,8
SQ:XAUUSD,2020-04-08T07:07:00+02:00,1649.860,1649.860,1649.680,1649.710,12
SQ:XAUUSD,2020-04-08T07:08:00+02:00,1649.710,1649.710,1649.680,1649.680,3
SQ:XAUUSD,2020-04-08T07:09:00+02:00,1649.680,1649.710,1649.680,1649.710,3
SQ:XAUUSD,2020-04-08T07:10:00+02:00,1649.710,1649.710,1649.670,1649.670,3
SQ:XAUUSD,2020-04-08T07:11:00+02:00,1649.780,1650.150,1649.780,1650.140,18
SQ:XAUUSD,2020-04-08T07:12:00+02:00,1650.140,1650.140,1650.050,1650.140,3
SQ:XAUUSD,2020-04-08T07:13:00+02:00,1650.100,1650.180,1649.940,1650.060,13
SQ:XAUUSD,2020-04-08T07:14:00+02:00,1650.060,1650.060,1649.910,1649.930,8
SQ:XAUUSD,2020-04-08T07:15:00+02:00,1649.930,1651.110,1649.930,1650.640,52
SQ:XAUUSD,2020-04-08T07:16:00+02:00,1650.640,1650.650,1649.950,1650.000,15
SQ:XAUUSD,2020-04-08T07:17:00+02:00,1650.000,1650.070,1650.000,1650.000,10
SQ:XAUUSD,2020-04-08T07:18:00+02:00,1650.000,1650.040,1650.000,1650.030,4
SQ:XAUUSD,2020-04-08T07:19:00+02:00,1650.030,1650.790,1650.010,1650.790,7
SQ:XAUUSD,2020-04-08T07:20:00+02:00,1650.860,1650.960,1650.410,1650.440,15
SQ:XAUUSD,2020-04-08T07:21:00+02:00,1650.440,1650.500,1650.420,1650.470,7
SQ:XAUUSD,2020-04-08T07:22:00+02:00,1650.470,1650.490,1650.410,1650.430,11
SQ:XAUUSD,2020-04-08T07:23:00+02:00,1650.400,1650.430,1650.390,1650.430,4
SQ:XAUUSD,2020-04-08T07:24:00+02:00,1650.430,1650.440,1650.430,1650.440,2
SQ:XAUUSD,2020-04-08T07:25:00+02:00,1650.440,1650.440,1650.440,1650.440,1
SQ:XAUUSD,2020-04-08T07:26:00+02:00,1650.440,1650.460,1650.440,1650.460,2
SQ:XAUUSD,2020-04-08T07:27:00+02:00,1650.460,1650.460,1649.860,1650.030,9
SQ:XAUUSD,2020-04-08T07:28:00+02:00,1649.990,1650.070,1649.880,1650.020,20
SQ:XAUUSD,2020-04-08T07:29:00+02:00,1650.040,1650.040,1649.680,1649.680,15
SQ:XAUUSD,2020-04-08T07:30:00+02:00,1649.680,1650.090,1649.680,1649.790,42
SQ:XAUUSD,2020-04-08T07:31:00+02:00,1649.800,1650.590,1649.750,1650.320,54
SQ:XAUUSD,2020-04-08T07:32:00+02:00,1650.320,1651.200,1650.270,1650.730,85
SQ:XAUUSD,2020-04-08T07:33:00+02:00,1650.680,1650.900,1649.970,1650.160,55
SQ:XAUUSD,2020-04-08T07:34:00+02:00,1650.160,1650.200,1649.850,1649.980,15
SQ:XAUUSD,2020-04-08T07:35:00+02:00,1650.030,1650.730,1650.030,1650.630,52
SQ:XAUUSD,2020-04-08T07:36:00+02:00,1650.660,1650.710,1649.560,1649.560,56
SQ:XAUUSD,2020-04-08T07:37:00+02:00,1649.580,1649.910,1649.520,1649.910,38
SQ:XAUUSD,2020-04-08T07:38:00+02:00,1649.930,1649.980,1649.700,1649.700,18
SQ:XAUUSD,2020-04-08T07:39:00+02:00,1649.790,1649.850,1646.680,1646.710,84
SQ:XAUUSD,2020-04-08T07:40:00+02:00,1646.710,1646.870,1645.480,1645.760,58
SQ:XAUUSD,2020-04-08T07:41:00+02:00,1645.750,1646.960,1645.670,1646.890,82
SQ:XAUUSD,2020-04-08T07:42:00+02:00,1646.890,1646.950,1646.560,1646.560,20
SQ:XAUUSD,2020-04-08T07:43:00+02:00,1646.560,1646.630,1646.560,1646.560,3
SQ:XAUUSD,2020-04-08T07:44:00+02:00,1646.560,1646.700,1646.560,1646.560,11
SQ:XAUUSD,2020-04-08T07:45:00+02:00,1646.560,1646.860,1646.560,1646.730,8
SQ:XAUUSD,2020-04-08T07:46:00+02:00,1646.730,1646.730,1646.560,1646.560,4
SQ:XAUUSD,2020-04-08T07:47:00+02:00,1646.560,1647.762,1646.470,1646.760,41
SQ:XAUUSD,2020-04-08T07:48:00+02:00,1646.680,1647.020,1646.400,1646.500,34
SQ:XAUUSD,2020-04-08T07:49:00+02:00,1646.500,1646.500,1646.350,1646.400,10
SQ:XAUUSD,2020-04-08T07:50:00+02:00,1646.400,1647.356,1646.170,1646.240,28
SQ:XAUUSD,2020-04-08T07:51:00+02:00,1646.220,1646.280,1644.470,1644.900,63
SQ:XAUUSD,2020-04-08T07:52:00+02:00,1644.940,1645.970,1644.840,1645.540,68
SQ:XAUUSD,2020-04-08T07:53:00+02:00,1645.540,1645.950,1645.200,1645.690,33
SQ:XAUUSD,2020-04-08T07:54:00+02:00,1645.730,1646.070,1645.550,1645.710,32
SQ:XAUUSD,2020-04-08T07:55:00+02:00,1645.710,1645.710,1645.470,1645.600,19
SQ:XAUUSD,2020-04-08T07:56:00+02:00,1645.600,1645.740,1645.420,1645.670,25
SQ:XAUUSD,2020-04-08T07:57:00+02:00,1645.720,1646.578,1645.540,1646.196,43
SQ:XAUUSD,2020-04-08T07:58:00+02:00,1646.176,1646.496,1646.130,1646.316,56
SQ:XAUUSD,2020-04-08T07:59:00+02:00,1646.310,1646.476,1645.370,1645.500,80
SQ:XAUUSD,2020-04-08T08:00:00+02:00,1645.500,1646.240,1645.480,1645.480,34
SQ:XAUUSD,2020-04-08T08:01:00+02:00,1645.480,1647.390,1645.040,1646.560,78
SQ:XAUUSD,2020-04-08T08:02:00+02:00,1645.550,1646.580,1645.030,1645.250,62
SQ:XAUUSD,2020-04-08T08:03:00+02:00,1645.250,1647.860,1643.900,1644.990,126
SQ:XAUUSD,2020-04-08T08:04:00+02:00,1644.990,1645.180,1644.500,1644.770,41
SQ:XAUUSD,2020-04-08T08:05:00+02:00,1644.766,1645.320,1644.766,1645.180,21
SQ:XAUUSD,2020-04-08T08:06:00+02:00,1645.180,1645.300,1644.760,1644.850,21
SQ:XAUUSD,2020-04-08T08:07:00+02:00,1644.926,1645.670,1644.810,1644.880,57
SQ:XAUUSD,2020-04-08T08:08:00+02:00,1644.880,1645.240,1643.480,1643.520,149
SQ:XAUUSD,2020-04-08T08:09:00+02:00,1643.490,1645.856,1643.490,1645.210,135
SQ:XAUUSD,2020-04-08T08:10:00+02:00,1645.190,1646.430,1645.130,1646.370,96
SQ:XAUUSD,2020-04-08T08:11:00+02:00,1646.370,1646.370,1645.090,1645.090,16
SQ:XAUUSD,2020-04-08T08:12:00+02:00,1645.090,1645.250,1644.750,1644.930,27
SQ:XAUUSD,2020-04-08T08:13:00+02:00,1644.930,1645.550,1644.470,1645.040,68
SQ:XAUUSD,2020-04-08T08:14:00+02:00,1645.040,1645.488,1644.850,1645.250,30
SQ:XAUUSD,2020-04-08T08:15:00+02:00,1645.250,1645.290,1645.060,1645.190,11
SQ:XAUUSD,2020-04-08T08:16:00+02:00,1645.190,1645.436,1644.870,1644.870,23
SQ:XAUUSD,2020-04-08T08:17:00+02:00,1644.870,1645.310,1644.510,1645.000,45
SQ:XAUUSD,2020-04-08T08:18:00+02:00,1645.020,1645.720,1645.000,1645.590,24
SQ:XAUUSD,2020-04-08T08:19:00+02:00,1645.636,1645.940,1645.200,1645.920,39
SQ:XAUUSD,2020-04-08T08:20:00+02:00,1645.910,1645.910,1645.160,1645.390,60
SQ:XAUUSD,2020-04-08T08:21:00+02:00,1645.340,1646.260,1645.340,1646.140,50
SQ:XAUUSD,2020-04-08T08:22:00+02:00,1646.150,1646.170,1645.300,1646.050,52
SQ:XAUUSD,2020-04-08T08:23:00+02:00,1646.020,1646.080,1645.260,1645.260,57
SQ:XAUUSD,2020-04-08T08:24:00+02:00,1645.296,1646.760,1645.296,1646.760,29
SQ:XAUUSD,2020-04-08T08:25:00+02:00,1646.760,1646.760,1645.980,1646.140,15
SQ:XAUUSD,2020-04-08T08:26:00+02:00,1646.140,1647.030,1645.620,1646.830,97
SQ:XAUUSD,2020-04-08T08:27:00+02:00,1646.860,1647.140,1646.170,1646.220,67
SQ:XAUUSD,2020-04-08T08:28:00+02:00,1646.240,1646.730,1646.090,1646.400,112
SQ:XAUUSD,2020-04-08T08:29:00+02:00,1646.400,1647.580,1646.050,1646.050,57
SQ:XAUUSD,2020-04-08T08:30:00+02:00,1646.050,1646.800,1645.320,1646.220,58
SQ:XAUUSD,2020-04-08T08:31:00+02:00,1646.220,1647.320,1646.220,1647.280,51
SQ:XAUUSD,2020-04-08T08:32:00+02:00,1647.260,1647.530,1647.130,1647.440,39
SQ:XAUUSD,2020-04-08T08:33:00+02:00,1647.410,1647.500,1646.690,1646.690,35
SQ:XAUUSD,2020-04-08T08:34:00+02:00,1646.680,1647.100,1646.450,1646.970,57
SQ:XAUUSD,2020-04-08T08:35:00+02:00,1647.010,1647.110,1646.840,1646.840,38
SQ:XAUUSD,2020-04-08T08:36:00+02:00,1646.840,1646.840,1645.650,1646.290,172
SQ:XAUUSD,2020-04-08T08:37:00+02:00,1646.290,1646.490,1645.460,1645.530,30
SQ:XAUUSD,2020-04-08T08:38:00+02:00,1645.530,1645.860,1644.030,1644.810,146
SQ:XAUUSD,2020-04-08T08:39:00+02:00,1644.810,1645.290,1644.400,1645.100,108
SQ:XAUUSD,2020-04-08T08:40:00+02:00,1645.100,1646.900,1645.100,1646.550,66
SQ:XAUUSD,2020-04-08T08:41:00+02:00,1645.590,1647.250,1645.590,1647.250,30
SQ:XAUUSD,2020-04-08T08:42:00+02:00,1647.200,1647.850,1646.780,1647.100,32
SQ:XAUUSD,2020-04-08T08:43:00+02:00,1647.150,1647.550,1647.050,1647.400,19
SQ:XAUUSD,2020-04-08T08:44:00+02:00,1646.510,1647.900,1646.510,1647.550,30
SQ:XAUUSD,2020-04-08T08:45:00+02:00,1647.400,1647.500,1646.440,1647.440,30
SQ:XAUUSD,2020-04-08T08:46:00+02:00,1647.440,1647.750,1646.766,1647.390,23
SQ:XAUUSD,2020-04-08T08:47:00+02:00,1647.440,1647.700,1646.500,1647.300,18
SQ:XAUUSD,2020-04-08T08:48:00+02:00,1647.300,1647.380,1646.900,1646.900,25
SQ:XAUUSD,2020-04-08T08:49:00+02:00,1646.900,1647.570,1646.450,1646.450,37
SQ:XAUUSD,2020-04-08T08:50:00+02:00,1646.450,1647.490,1646.410,1647.490,17
SQ:XAUUSD,2020-04-08T08:51:00+02:00,1647.410,1647.650,1647.170,1647.170,32
SQ:XAUUSD,2020-04-08T08:52:00+02:00,1647.200,1647.200,1646.950,1646.950,5
SQ:XAUUSD,2020-04-08T08:53:00+02:00,1646.950,1647.540,1646.950,1647.500,21
SQ:XAUUSD,2020-04-08T08:54:00+02:00,1647.500,1648.350,1647.450,1647.740,49
SQ:XAUUSD,2020-04-08T08:55:00+02:00,1648.350,1648.450,1647.520,1647.880,65
SQ:XAUUSD,2020-04-08T08:56:00+02:00,1647.880,1647.930,1646.730,1647.050,29
SQ:XAUUSD,2020-04-08T08:57:00+02:00,1647.050,1647.150,1647.000,1647.150,17
SQ:XAUUSD,2020-04-08T08:58:00+02:00,1647.100,1647.100,1646.400,1646.550,17
SQ:XAUUSD,2020-04-08T08:59:00+02:00,1646.550,1646.650,1646.120,1646.290,28
SQ:XAUUSD,2020-04-08T09:00:00+02:00,1646.290,1648.350,1646.250,1647.750,51
SQ:XAUUSD,2020-04-08T09:01:00+02:00,1647.750,1647.850,1647.500,1647.850,26
SQ:XAUUSD,2020-04-08T09:02:00+02:00,1647.850,1648.100,1647.600,1648.050,39
SQ:XAUUSD,2020-04-08T09:03:00+02:00,1648.050,1649.100,1648.050,1648.950,68
SQ:XAUUSD,2020-04-08T09:04:00+02:00,1648.950,1649.100,1648.120,1648.800,48
SQ:XAUUSD,2020-04-08T09:05:00+02:00,1648.850,1648.930,1648.440,1648.530,52
SQ:XAUUSD,2020-04-08T09:06:00+02:00,1648.570,1650.850,1648.420,1650.690,106
SQ:XAUUSD,2020-04-08T09:07:00+02:00,1650.750,1651.750,1650.330,1650.640,141
SQ:XAUUSD,2020-04-08T09:08:00+02:00,1650.640,1651.750,1650.330,1651.010,133
SQ:XAUUSD,2020-04-08T09:09:00+02:00,1651.010,1651.260,1650.420,1650.850,129
SQ:XAUUSD,2020-04-08T09:10:00+02:00,1650.700,1651.806,1650.480,1651.720,108
SQ:XAUUSD,2020-04-08T09:11:00+02:00,1651.710,1651.796,1650.810,1651.310,36
SQ:XAUUSD,2020-04-08T09:12:00+02:00,1651.310,1651.430,1650.900,1651.390,25
SQ:XAUUSD,2020-04-08T09:13:00+02:00,1651.390,1651.430,1650.790,1651.290,43
SQ:XAUUSD,2020-04-08T09:14:00+02:00,1651.290,1651.690,1651.200,1651.350,61
SQ:XAUUSD,2020-04-08T09:15:00+02:00,1651.310,1651.630,1651.300,1651.570,30
SQ:XAUUSD,2020-04-08T09:16:00+02:00,1651.510,1651.550,1650.270,1651.410,66
SQ:XAUUSD,2020-04-08T09:17:00+02:00,1651.410,1651.500,1650.400,1650.410,30
SQ:XAUUSD,2020-04-08T09:18:00+02:00,1650.550,1651.050,1650.530,1650.660,31
SQ:XAUUSD,2020-04-08T09:19:00+02:00,1650.660,1652.160,1650.620,1652.060,75
SQ:XAUUSD,2020-04-08T09:20:00+02:00,1652.150,1653.358,1651.430,1652.690,215
SQ:XAUUSD,2020-04-08T09:21:00+02:00,1652.690,1652.890,1651.800,1652.750,313
SQ:XAUUSD,2020-04-08T09:22:00+02:00,1652.900,1654.290,1652.400,1653.320,219
SQ:XAUUSD,2020-04-08T09:23:00+02:00,1653.320,1653.850,1652.160,1652.330,84
SQ:XAUUSD,2020-04-08T09:24:00+02:00,1652.190,1653.760,1652.190,1653.310,62
SQ:XAUUSD,2020-04-08T09:25:00+02:00,1653.280,1654.070,1652.890,1653.180,163
SQ:XAUUSD,2020-04-08T09:26:00+02:00,1653.180,1654.330,1653.110,1653.830,107
SQ:XAUUSD,2020-04-08T09:27:00+02:00,1653.880,1654.080,1653.380,1653.380,61
SQ:XAUUSD,2020-04-08T09:28:00+02:00,1653.380,1653.780,1652.600,1653.370,61
SQ:XAUUSD,2020-04-08T09:29:00+02:00,1653.370,1653.420,1652.590,1652.690,41
SQ:XAUUSD,2020-04-08T09:30:00+02:00,1652.740,1653.690,1652.590,1652.980,87
SQ:XAUUSD,2020-04-08T09:31:00+02:00,1652.960,1653.560,1651.910,1652.010,72
SQ:XAUUSD,2020-04-08T09:32:00+02:00,1652.040,1652.540,1651.810,1651.820,52
SQ:XAUUSD,2020-04-08T09:33:00+02:00,1651.810,1652.310,1651.700,1652.300,60
SQ:XAUUSD,2020-04-08T09:34:00+02:00,1652.370,1653.470,1652.220,1652.550,62
SQ:XAUUSD,2020-04-08T09:35:00+02:00,1652.510,1652.890,1652.280,1652.550,42
SQ:XAUUSD,2020-04-08T09:36:00+02:00,1652.590,1652.980,1652.510,1652.830,37
SQ:XAUUSD,2020-04-08T09:37:00+02:00,1652.830,1652.830,1652.080,1652.280,45
SQ:XAUUSD,2020-04-08T09:38:00+02:00,1652.280,1652.280,1650.690,1651.170,125
SQ:XAUUSD,2020-04-08T09:39:00+02:00,1651.170,1651.360,1650.710,1650.810,69
SQ:XAUUSD,2020-04-08T09:40:00+02:00,1650.810,1650.970,1650.580,1650.800,89
SQ:XAUUSD,2020-04-08T09:41:00+02:00,1650.800,1650.990,1650.410,1650.780,98
SQ:XAUUSD,2020-04-08T09:42:00+02:00,1650.780,1651.430,1650.780,1651.390,65
SQ:XAUUSD,2020-04-08T09:43:00+02:00,1651.390,1651.390,1650.660,1650.750,34
SQ:XAUUSD,2020-04-08T09:44:00+02:00,1650.760,1651.200,1650.710,1651.200,31
SQ:XAUUSD,2020-04-08T09:45:00+02:00,1651.490,1651.490,1650.910,1651.190,36
SQ:XAUUSD,2020-04-08T09:46:00+02:00,1651.170,1651.200,1650.500,1650.570,63
SQ:XAUUSD,2020-04-08T09:47:00+02:00,1650.570,1650.750,1650.540,1650.650,35
SQ:XAUUSD,2020-04-08T09:48:00+02:00,1650.720,1650.860,1650.490,1650.710,107
SQ:XAUUSD,2020-04-08T09:49:00+02:00,1650.760,1651.190,1650.760,1651.040,33
SQ:XAUUSD,2020-04-08T09:50:00+02:00,1650.990,1651.020,1650.640,1650.680,26
SQ:XAUUSD,2020-04-08T09:51:00+02:00,1650.660,1650.900,1650.660,1650.820,12
SQ:XAUUSD,2020-04-08T09:52:00+02:00,1650.820,1650.870,1650.250,1650.676,66
SQ:XAUUSD,2020-04-08T09:53:00+02:00,1650.686,1650.716,1650.140,1650.180,125
SQ:XAUUSD,2020-04-08T09:54:00+02:00,1650.180,1650.300,1649.110,1649.880,95
SQ:XAUUSD,2020-04-08T09:55:00+02:00,1649.880,1650.680,1649.540,1649.570,60
SQ:XAUUSD,2020-04-08T09:56:00+02:00,1649.570,1650.060,1649.440,1649.660,42
SQ:XAUUSD,2020-04-08T09:57:00+02:00,1649.660,1650.040,1649.530,1650.040,22
SQ:XAUUSD,2020-04-08T09:58:00+02:00,1649.990,1650.380,1649.970,1650.290,26
SQ:XAUUSD,2020-04-08T09:59:00+02:00,1650.280,1650.280,1649.700,1650.010,26
SQ:XAUUSD,2020-04-08T10:00:00+02:00,1650.000,1650.020,1649.710,1649.970,32
SQ:XAUUSD,2020-04-08T10:01:00+02:00,1650.030,1650.730,1649.880,1650.710,39
SQ:XAUUSD,2020-04-08T10:02:00+02:00,1650.710,1650.930,1650.360,1650.780,48
SQ:XAUUSD,2020-04-08T10:03:00+02:00,1650.770,1650.870,1650.240,1650.270,28
SQ:XAUUSD,2020-04-08T10:04:00+02:00,1650.270,1650.590,1650.150,1650.590,17
SQ:XAUUSD,2020-04-08T10:05:00+02:00,1650.580,1650.580,1649.980,1650.040,28
SQ:XAUUSD,2020-04-08T10:06:00+02:00,1650.040,1650.230,1649.960,1650.230,26
SQ:XAUUSD,2020-04-08T10:07:00+02:00,1650.260,1650.270,1649.826,1649.840,31
SQ:XAUUSD,2020-04-08T10:08:00+02:00,1649.856,1649.866,1649.360,1649.470,42
SQ:XAUUSD,2020-04-08T10:09:00+02:00,1649.480,1649.540,1649.450,1649.520,18
SQ:XAUUSD,2020-04-08T10:10:00+02:00,1649.520,1649.730,1649.490,1649.690,29
SQ:XAUUSD,2020-04-08T10:11:00+02:00,1649.690,1650.136,1649.470,1650.116,31
SQ:XAUUSD,2020-04-08T10:12:00+02:00,1650.096,1650.116,1649.440,1649.480,53
SQ:XAUUSD,2020-04-08T10:13:00+02:00,1649.480,1649.740,1649.300,1649.500,41
SQ:XAUUSD,2020-04-08T10:14:00+02:00,1649.500,1649.980,1648.350,1648.510,161
SQ:XAUUSD,2020-04-08T10:15:00+02:00,1648.650,1648.850,1647.990,1648.670,115
SQ:XAUUSD,2020-04-08T10:16:00+02:00,1648.670,1649.320,1648.260,1649.300,46
SQ:XAUUSD,2020-04-08T10:17:00+02:00,1649.300,1649.460,1649.030,1649.460,51
SQ:XAUUSD,2020-04-08T10:18:00+02:00,1649.380,1649.950,1649.010,1649.840,84
SQ:XAUUSD,2020-04-08T10:19:00+02:00,1649.840,1650.570,1649.700,1649.710,74
SQ:XAUUSD,2020-04-08T10:20:00+02:00,1649.710,1651.180,1649.300,1650.470,128
SQ:XAUUSD,2020-04-08T10:21:00+02:00,1650.400,1651.450,1650.310,1650.850,80
SQ:XAUUSD,2020-04-08T10:22:00+02:00,1650.860,1651.140,1650.770,1651.110,48
SQ:XAUUSD,2020-04-08T10:23:00+02:00,1651.110,1651.540,1650.260,1651.340,95
SQ:XAUUSD,2020-04-08T10:24:00+02:00,1651.300,1651.670,1651.160,1651.370,52
SQ:XAUUSD,2020-04-08T10:25:00+02:00,1651.370,1652.240,1651.310,1652.230,115
SQ:XAUUSD,2020-04-08T10:26:00+02:00,1652.230,1652.540,1650.980,1651.490,131
SQ:XAUUSD,2020-04-08T10:27:00+02:00,1651.490,1652.440,1651.190,1651.740,98
SQ:XAUUSD,2020-04-08T10:28:00+02:00,1651.740,1652.270,1651.530,1652.130,88
SQ:XAUUSD,2020-04-08T10:29:00+02:00,1652.130,1652.130,1650.940,1650.960,82
SQ:XAUUSD,2020-04-08T10:30:00+02:00,1650.920,1651.580,1650.720,1651.150,38
SQ:XAUUSD,2020-04-08T10:31:00+02:00,1651.150,1651.210,1650.650,1650.690,53
SQ:XAUUSD,2020-04-08T10:32:00+02:00,1650.690,1650.700,1648.930,1650.010,92
SQ:XAUUSD,2020-04-08T10:33:00+02:00,1650.010,1650.160,1649.560,1649.790,46
SQ:XAUUSD,2020-04-08T10:34:00+02:00,1649.790,1649.900,1649.460,1649.500,25
SQ:XAUUSD,2020-04-08T10:35:00+02:00,1649.500,1649.880,1649.330,1649.880,30
SQ:XAUUSD,2020-04-08T10:36:00+02:00,1649.880,1650.280,1649.600,1650.190,46
SQ:XAUUSD,2020-04-08T10:37:00+02:00,1650.190,1650.230,1650.050,1650.140,33
SQ:XAUUSD,2020-04-08T10:38:00+02:00,1650.140,1650.140,1649.480,1649.640,43
SQ:XAUUSD,2020-04-08T10:39:00+02:00,1649.720,1650.100,1649.720,1649.880,26
SQ:XAUUSD,2020-04-08T10:40:00+02:00,1649.880,1650.740,1649.790,1650.530,50
SQ:XAUUSD,2020-04-08T10:41:00+02:00,1650.590,1650.660,1650.330,1650.330,14
SQ:XAUUSD,2020-04-08T10:42:00+02:00,1650.330,1650.796,1650.240,1650.520,22
SQ:XAUUSD,2020-04-08T10:43:00+02:00,1650.520,1650.826,1650.310,1650.310,14
SQ:XAUUSD,2020-04-08T10:44:00+02:00,1650.310,1650.480,1650.300,1650.460,23
SQ:XAUUSD,2020-04-08T10:45:00+02:00,1650.430,1650.540,1650.320,1650.540,25
SQ:XAUUSD,2020-04-08T10:46:00+02:00,1650.540,1650.670,1650.400,1650.570,41
SQ:XAUUSD,2020-04-08T10:47:00+02:00,1650.620,1650.780,1650.530,1650.580,23
SQ:XAUUSD,2020-04-08T10:48:00+02:00,1650.580,1650.580,1650.190,1650.260,11
SQ:XAUUSD,2020-04-08T10:49:00+02:00,1650.260,1650.470,1649.180,1649.520,61
SQ:XAUUSD,2020-04-08T10:50:00+02:00,1649.520,1649.750,1649.260,1649.590,39
SQ:XAUUSD,2020-04-08T10:51:00+02:00,1649.650,1649.760,1649.480,1649.640,32
SQ:XAUUSD,2020-04-08T10:52:00+02:00,1649.670,1650.070,1649.460,1649.810,47
SQ:XAUUSD,2020-04-08T10:53:00+02:00,1649.830,1650.320,1649.650,1649.700,38
SQ:XAUUSD,2020-04-08T10:54:00+02:00,1649.670,1649.720,1648.250,1649.320,105
SQ:XAUUSD,2020-04-08T10:55:00+02:00,1649.320,1649.920,1649.160,1649.600,52
SQ:XAUUSD,2020-04-08T10:56:00+02:00,1649.550,1649.550,1649.160,1649.420,66
SQ:XAUUSD,2020-04-08T10:57:00+02:00,1649.380,1649.760,1649.360,1649.390,41
SQ:XAUUSD,2020-04-08T10:58:00+02:00,1649.460,1649.980,1649.290,1649.290,59
SQ:XAUUSD,2020-04-08T10:59:00+02:00,1649.440,1649.490,1648.530,1648.890,60
SQ:XAUUSD,2020-04-08T11:00:00+02:00,1648.940,1649.590,1648.810,1649.590,51
SQ:XAUUSD,2020-04-08T11:01:00+02:00,1649.640,1650.910,1649.480,1650.610,150
SQ:XAUUSD,2020-04-08T11:02:00+02:00,1650.590,1650.790,1650.140,1650.790,44
SQ:XAUUSD,2020-04-08T11:03:00+02:00,1650.730,1651.190,1650.560,1650.960,34
SQ:XAUUSD,2020-04-08T11:04:00+02:00,1650.960,1651.160,1650.550,1650.590,53
SQ:XAUUSD,2020-04-08T11:05:00+02:00,1650.590,1651.510,1650.590,1651.510,53
SQ:XAUUSD,2020-04-08T11:06:00+02:00,1651.510,1651.650,1650.960,1651.010,73
SQ:XAUUSD,2020-04-08T11:07:00+02:00,1651.070,1651.240,1650.980,1651.230,37
SQ:XAUUSD,2020-04-08T11:08:00+02:00,1651.260,1652.290,1651.260,1652.210,73
SQ:XAUUSD,2020-04-08T11:09:00+02:00,1652.180,1652.380,1651.820,1652.160,53
SQ:XAUUSD,2020-04-08T11:10:00+02:00,1652.160,1652.490,1651.760,1652.490,33
SQ:XAUUSD,2020-04-08T11:11:00+02:00,1652.440,1652.690,1652.210,1652.540,60
SQ:XAUUSD,2020-04-08T11:12:00+02:00,1652.540,1652.540,1651.380,1652.290,60
SQ:XAUUSD,2020-04-08T11:13:00+02:00,1652.270,1652.270,1651.948,1651.980,46
SQ:XAUUSD,2020-04-08T11:14:00+02:00,1651.980,1652.180,1651.980,1652.080,19
SQ:XAUUSD,2020-04-08T11:15:00+02:00,1652.080,1652.270,1651.250,1652.100,85
SQ:XAUUSD,2020-04-08T11:16:00+02:00,1652.070,1652.350,1651.680,1651.820,34
SQ:XAUUSD,2020-04-08T11:17:00+02:00,1651.820,1651.820,1651.440,1651.540,25
SQ:XAUUSD,2020-04-08T11:18:00+02:00,1651.540,1652.590,1651.480,1652.250,33
SQ:XAUUSD,2020-04-08T11:19:00+02:00,1652.400,1653.310,1652.130,1653.310,35
SQ:XAUUSD,2020-04-08T11:20:00+02:00,1653.310,1653.420,1652.420,1652.610,37
SQ:XAUUSD,2020-04-08T11:21:00+02:00,1652.610,1653.390,1652.560,1653.090,33
SQ:XAUUSD,2020-04-08T11:22:00+02:00,1653.060,1653.060,1652.050,1652.190,55
SQ:XAUUSD,2020-04-08T11:23:00+02:00,1652.190,1652.190,1651.850,1651.890,28
SQ:XAUUSD,2020-04-08T11:24:00+02:00,1651.870,1651.870,1651.140,1651.410,52
SQ:XAUUSD,2020-04-08T11:25:00+02:00,1651.440,1651.440,1650.680,1651.120,46
SQ:XAUUSD,2020-04-08T11:26:00+02:00,1651.120,1651.120,1650.690,1650.690,43
SQ:XAUUSD,2020-04-08T11:27:00+02:00,1650.840,1651.400,1650.710,1651.320,31
SQ:XAUUSD,2020-04-08T11:28:00+02:00,1651.320,1652.940,1651.320,1652.940,71
SQ:XAUUSD,2020-04-08T11:29:00+02:00,1652.940,1653.640,1652.690,1653.170,85
SQ:XAUUSD,2020-04-08T11:30:00+02:00,1653.060,1653.150,1651.030,1651.080,54
SQ:XAUUSD,2020-04-08T11:31:00+02:00,1651.080,1651.650,1651.080,1651.430,55
SQ:XAUUSD,2020-04-08T11:32:00+02:00,1651.360,1651.360,1649.690,1649.820,70
SQ:XAUUSD,2020-04-08T11:33:00+02:00,1649.730,1650.190,1649.660,1649.960,50
SQ:XAUUSD,2020-04-08T11:34:00+02:00,1649.960,1650.310,1649.680,1649.810,67
SQ:XAUUSD,2020-04-08T11:35:00+02:00,1649.830,1650.400,1649.620,1649.920,84
SQ:XAUUSD,2020-04-08T11:36:00+02:00,1649.930,1651.270,1649.900,1651.150,46
SQ:XAUUSD,2020-04-08T11:37:00+02:00,1651.150,1651.458,1650.980,1651.398,27
SQ:XAUUSD,2020-04-08T11:38:00+02:00,1651.398,1651.446,1650.890,1651.010,40
SQ:XAUUSD,2020-04-08T11:39:00+02:00,1650.890,1651.170,1650.394,1650.634,41
SQ:XAUUSD,2020-04-08T11:40:00+02:00,1650.606,1651.940,1650.230,1651.840,29
SQ:XAUUSD,2020-04-08T11:41:00+02:00,1651.910,1652.430,1651.230,1652.280,35
SQ:XAUUSD,2020-04-08T11:42:00+02:00,1652.280,1652.410,1651.440,1652.100,29
SQ:XAUUSD,2020-04-08T11:43:00+02:00,1652.090,1652.090,1651.440,1651.910,21
SQ:XAUUSD,2020-04-08T11:44:00+02:00,1652.050,1652.650,1651.240,1652.380,36
SQ:XAUUSD,2020-04-08T11:45:00+02:00,1652.360,1652.410,1651.390,1651.470,22
SQ:XAUUSD,2020-04-08T11:46:00+02:00,1651.470,1652.060,1651.380,1651.600,56
SQ:XAUUSD,2020-04-08T11:47:00+02:00,1651.530,1651.800,1651.300,1651.630,34
SQ:XAUUSD,2020-04-08T11:48:00+02:00,1651.640,1652.720,1651.640,1651.860,55
SQ:XAUUSD,2020-04-08T11:49:00+02:00,1651.860,1652.300,1651.670,1651.670,43
SQ:XAUUSD,2020-04-08T11:50:00+02:00,1651.670,1651.980,1651.670,1651.690,24
SQ:XAUUSD,2020-04-08T11:51:00+02:00,1651.780,1651.780,1651.200,1651.200,30
SQ:XAUUSD,2020-04-08T11:52:00+02:00,1651.220,1651.370,1650.970,1651.330,21
SQ:XAUUSD,2020-04-08T11:53:00+02:00,1651.330,1651.480,1651.210,1651.460,16
SQ:XAUUSD,2020-04-08T11:54:00+02:00,1651.460,1651.620,1651.170,1651.180,30
SQ:XAUUSD,2020-04-08T11:55:00+02:00,1651.180,1651.590,1651.150,1651.440,23
SQ:XAUUSD,2020-04-08T11:56:00+02:00,1651.440,1651.650,1651.320,1651.600,33
SQ:XAUUSD,2020-04-08T11:57:00+02:00,1651.610,1651.680,1651.390,1651.470,14
SQ:XAUUSD,2020-04-08T11:58:00+02:00,1651.400,1651.460,1651.310,1651.370,27
SQ:XAUUSD,2020-04-08T11:59:00+02:00,1651.370,1651.490,1651.320,1651.410,15
SQ:XAUUSD,2020-04-08T12:00:00+02:00,1651.410,1651.430,1651.300,1651.350,11
SQ:XAUUSD,2020-04-08T12:01:00+02:00,1651.350,1651.498,1651.350,1651.498,26
SQ:XAUUSD,2020-04-08T12:02:00+02:00,1651.498,1651.498,1651.070,1651.150,10
SQ:XAUUSD,2020-04-08T12:03:00+02:00,1651.240,1651.300,1651.140,1651.300,14
SQ:XAUUSD,2020-04-08T12:04:00+02:00,1651.300,1651.300,1650.140,1650.140,81
SQ:XAUUSD,2020-04-08T12:05:00+02:00,1650.130,1650.670,1650.130,1650.550,33
SQ:XAUUSD,2020-04-08T12:06:00+02:00,1650.540,1650.620,1650.320,1650.390,22
SQ:XAUUSD,2020-04-08T12:07:00+02:00,1650.390,1651.180,1650.080,1651.180,131
SQ:XAUUSD,2020-04-08T12:08:00+02:00,1651.210,1651.450,1651.060,1651.170,55
SQ:XAUUSD,2020-04-08T12:09:00+02:00,1651.170,1651.170,1650.870,1651.120,39
SQ:XAUUSD,2020-04-08T12:10:00+02:00,1651.180,1651.250,1650.960,1651.030,22
SQ:XAUUSD,2020-04-08T12:11:00+02:00,1651.030,1651.030,1650.600,1650.720,29
SQ:XAUUSD,2020-04-08T12:12:00+02:00,1650.680,1650.720,1650.370,1650.650,25
SQ:XAUUSD,2020-04-08T12:13:00+02:00,1650.650,1650.750,1650.220,1650.260,24
SQ:XAUUSD,2020-04-08T12:14:00+02:00,1650.260,1650.580,1650.190,1650.310,32
SQ:XAUUSD,2020-04-08T12:15:00+02:00,1650.350,1650.460,1649.970,1650.280,31
SQ:XAUUSD,2020-04-08T12:16:00+02:00,1650.300,1650.300,1648.700,1649.360,56
SQ:XAUUSD,2020-04-08T12:17:00+02:00,1649.320,1649.330,1648.880,1648.960,35
SQ:XAUUSD,2020-04-08T12:18:00+02:00,1649.080,1649.410,1648.610,1649.160,41
SQ:XAUUSD,2020-04-08T12:19:00+02:00,1649.160,1649.510,1649.130,1649.280,19
SQ:XAUUSD,2020-04-08T12:20:00+02:00,1649.280,1649.930,1649.230,1649.820,34
SQ:XAUUSD,2020-04-08T12:21:00+02:00,1649.860,1649.860,1649.570,1649.730,23
SQ:XAUUSD,2020-04-08T12:22:00+02:00,1649.730,1650.510,1649.570,1650.270,34
SQ:XAUUSD,2020-04-08T12:23:00+02:00,1650.280,1650.480,1650.190,1650.210,29
SQ:XAUUSD,2020-04-08T12:24:00+02:00,1650.210,1650.340,1650.040,1650.220,14
SQ:XAUUSD,2020-04-08T12:25:00+02:00,1650.200,1650.320,1650.140,1650.260,28
SQ:XAUUSD,2020-04-08T12:26:00+02:00,1650.270,1650.510,1649.680,1650.500,19
SQ:XAUUSD,2020-04-08T12:27:00+02:00,1650.490,1651.380,1650.198,1651.210,46
SQ:XAUUSD,2020-04-08T12:28:00+02:00,1651.200,1651.280,1650.450,1650.610,32
SQ:XAUUSD,2020-04-08T12:29:00+02:00,1650.650,1650.950,1650.510,1650.930,44
SQ:XAUUSD,2020-04-08T12:30:00+02:00,1650.740,1652.128,1650.684,1651.040,54
SQ:XAUUSD,2020-04-08T12:31:00+02:00,1651.040,1651.050,1650.800,1650.900,36
SQ:XAUUSD,2020-04-08T12:32:00+02:00,1650.880,1650.880,1650.090,1650.340,51
SQ:XAUUSD,2020-04-08T12:33:00+02:00,1650.340,1650.750,1649.750,1650.260,25
SQ:XAUUSD,2020-04-08T12:34:00+02:00,1650.270,1650.410,1650.190,1650.380,17
SQ:XAUUSD,2020-04-08T12:35:00+02:00,1650.400,1651.282,1650.290,1650.380,31
SQ:XAUUSD,2020-04-08T12:36:00+02:00,1650.380,1650.660,1650.380,1650.630,24
SQ:XAUUSD,2020-04-08T12:37:00+02:00,1650.630,1650.640,1650.390,1650.500,15
SQ:XAUUSD,2020-04-08T12:38:00+02:00,1650.460,1650.540,1650.090,1650.330,39
SQ:XAUUSD,2020-04-08T12:39:00+02:00,1650.210,1650.348,1649.730,1649.758,92
SQ:XAUUSD,2020-04-08T12:40:00+02:00,1649.760,1650.080,1648.990,1649.100,178
SQ:XAUUSD,2020-04-08T12:41:00+02:00,1649.100,1649.760,1648.840,1649.410,230
SQ:XAUUSD,2020-04-08T12:42:00+02:00,1649.410,1649.730,1649.410,1649.440,60
SQ:XAUUSD,2020-04-08T12:43:00+02:00,1649.440,1649.530,1649.040,1649.440,32
SQ:XAUUSD,2020-04-08T12:44:00+02:00,1649.440,1650.050,1649.310,1649.320,15
SQ:XAUUSD,2020-04-08T12:45:00+02:00,1649.320,1650.010,1648.510,1649.800,35
SQ:XAUUSD,2020-04-08T12:46:00+02:00,1649.820,1649.930,1649.130,1649.260,30
SQ:XAUUSD,2020-04-08T12:47:00+02:00,1649.770,1650.430,1649.260,1650.380,22
SQ:XAUUSD,2020-04-08T12:48:00+02:00,1650.380,1650.530,1649.000,1650.290,25
SQ:XAUUSD,2020-04-08T12:49:00+02:00,1650.290,1650.300,1648.920,1650.100,22
SQ:XAUUSD,2020-04-08T12:50:00+02:00,1649.980,1650.020,1648.460,1649.760,37
SQ:XAUUSD,2020-04-08T12:51:00+02:00,1649.780,1649.900,1648.590,1649.110,32
SQ:XAUUSD,2020-04-08T12:52:00+02:00,1649.110,1649.220,1648.920,1649.220,15
SQ:XAUUSD,2020-04-08T12:53:00+02:00,1649.130,1649.360,1649.020,1649.120,26
SQ:XAUUSD,2020-04-08T12:54:00+02:00,1649.120,1649.220,1648.510,1648.960,33
SQ:XAUUSD,2020-04-08T12:55:00+02:00,1648.870,1649.600,1648.510,1648.660,38
SQ:XAUUSD,2020-04-08T12:56:00+02:00,1648.660,1648.880,1648.120,1648.240,68
SQ:XAUUSD,2020-04-08T12:57:00+02:00,1648.240,1648.650,1648.220,1648.630,42
SQ:XAUUSD,2020-04-08T12:58:00+02:00,1648.630,1648.690,1647.260,1647.310,75
SQ:XAUUSD,2020-04-08T12:59:00+02:00,1647.240,1648.000,1647.020,1647.990,107
SQ:XAUUSD,2020-04-08T13:00:00+02:00,1647.990,1648.620,1647.320,1647.710,114
SQ:XAUUSD,2020-04-08T13:01:00+02:00,1647.500,1648.210,1647.500,1648.080,72
SQ:XAUUSD,2020-04-08T13:02:00+02:00,1648.080,1648.820,1647.860,1648.600,45
SQ:XAUUSD,2020-04-08T13:03:00+02:00,1648.530,1649.030,1647.980,1648.080,37
SQ:XAUUSD,2020-04-08T13:04:00+02:00,1648.080,1648.280,1647.680,1647.700,32
SQ:XAUUSD,2020-04-08T13:05:00+02:00,1647.700,1648.180,1647.480,1647.580,25
SQ:XAUUSD,2020-04-08T13:06:00+02:00,1647.580,1648.120,1647.380,1647.790,50
SQ:XAUUSD,2020-04-08T13:07:00+02:00,1647.740,1647.740,1646.110,1646.650,107
SQ:XAUUSD,2020-04-08T13:08:00+02:00,1646.720,1646.890,1645.850,1645.890,110
SQ:XAUUSD,2020-04-08T13:09:00+02:00,1645.890,1647.020,1645.230,1645.230,91
SQ:XAUUSD,2020-04-08T13:10:00+02:00,1645.260,1646.140,1645.120,1645.890,84
SQ:XAUUSD,2020-04-08T13:11:00+02:00,1645.770,1646.510,1643.420,1645.050,157
SQ:XAUUSD,2020-04-08T13:12:00+02:00,1645.000,1646.880,1644.900,1646.500,100
SQ:XAUUSD,2020-04-08T13:13:00+02:00,1646.460,1646.650,1646.200,1646.460,54
SQ:XAUUSD,2020-04-08T13:14:00+02:00,1646.460,1647.090,1646.270,1646.820,56
SQ:XAUUSD,2020-04-08T13:15:00+02:00,1646.820,1647.850,1646.820,1647.710,58
SQ:XAUUSD,2020-04-08T13:16:00+02:00,1647.710,1647.920,1646.890,1647.080,47
SQ:XAUUSD,2020-04-08T13:17:00+02:00,1647.250,1647.760,1647.080,1647.410,79
SQ:XAUUSD,2020-04-08T13:18:00+02:00,1647.410,1648.810,1647.410,1648.680,39
SQ:XAUUSD,2020-04-08T13:19:00+02:00,1648.680,1648.810,1647.990,1648.050,45
SQ:XAUUSD,2020-04-08T13:20:00+02:00,1648.050,1648.190,1648.040,1648.150,22
SQ:XAUUSD,2020-04-08T13:21:00+02:00,1648.150,1648.620,1648.110,1648.220,37
SQ:XAUUSD,2020-04-08T13:22:00+02:00,1648.140,1648.170,1647.560,1648.170,104
SQ:XAUUSD,2020-04-08T13:23:00+02:00,1648.170,1648.300,1647.900,1648.280,28
SQ:XAUUSD,2020-04-08T13:24:00+02:00,1648.280,1648.520,1648.080,1648.470,69
SQ:XAUUSD,2020-04-08T13:25:00+02:00,1648.470,1649.180,1648.330,1649.110,57
SQ:XAUUSD,2020-04-08T13:26:00+02:00,1649.110,1649.650,1648.950,1648.950,77
SQ:XAUUSD,2020-04-08T13:27:00+02:00,1648.950,1649.200,1648.600,1648.600,24
SQ:XAUUSD,2020-04-08T13:28:00+02:00,1648.600,1648.800,1648.350,1648.350,26
SQ:XAUUSD,2020-04-08T13:29:00+02:00,1648.300,1648.450,1647.450,1647.710,55
SQ:XAUUSD,2020-04-08T13:30:00+02:00,1647.650,1648.220,1646.772,1646.920,90
SQ:XAUUSD,2020-04-08T13:31:00+02:00,1646.780,1647.100,1644.060,1644.090,264
SQ:XAUUSD,2020-04-08T13:32:00+02:00,1644.080,1645.760,1642.290,1642.460,260
SQ:XAUUSD,2020-04-08T13:33:00+02:00,1642.500,1645.070,1641.450,1645.020,139
SQ:XAUUSD,2020-04-08T13:34:00+02:00,1645.020,1645.130,1643.540,1644.040,89
SQ:XAUUSD,2020-04-08T13:35:00+02:00,1644.040,1644.310,1643.390,1643.940,92
SQ:XAUUSD,2020-04-08T13:36:00+02:00,1643.940,1644.620,1642.390,1644.290,75
SQ:XAUUSD,2020-04-08T13:37:00+02:00,1644.290,1645.960,1644.200,1645.850,49
SQ:XAUUSD,2020-04-08T13:38:00+02:00,1645.850,1646.240,1645.250,1645.740,61
SQ:XAUUSD,2020-04-08T13:39:00+02:00,1645.720,1645.840,1644.610,1645.120,49
SQ:XAUUSD,2020-04-08T13:40:00+02:00,1645.260,1645.930,1645.110,1645.130,52
SQ:XAUUSD,2020-04-08T13:41:00+02:00,1645.130,1646.760,1645.130,1646.290,60
SQ:XAUUSD,2020-04-08T13:42:00+02:00,1646.300,1646.420,1646.030,1646.180,33
SQ:XAUUSD,2020-04-08T13:43:00+02:00,1646.440,1646.830,1645.590,1646.460,50
SQ:XAUUSD,2020-04-08T13:44:00+02:00,1646.420,1647.750,1646.320,1647.530,53
SQ:XAUUSD,2020-04-08T13:45:00+02:00,1647.530,1647.740,1646.670,1646.990,51
SQ:XAUUSD,2020-04-08T13:46:00+02:00,1646.930,1647.020,1646.640,1646.890,37
SQ:XAUUSD,2020-04-08T13:47:00+02:00,1646.890,1647.340,1646.690,1646.880,38
SQ:XAUUSD,2020-04-08T13:48:00+02:00,1646.880,1647.920,1646.880,1647.800,37
SQ:XAUUSD,2020-04-08T13:49:00+02:00,1647.790,1647.990,1647.090,1647.190,57
SQ:XAUUSD,2020-04-08T13:50:00+02:00,1647.230,1647.990,1647.130,1647.330,52
SQ:XAUUSD,2020-04-08T13:51:00+02:00,1647.340,1648.590,1647.340,1648.590,74
SQ:XAUUSD,2020-04-08T13:52:00+02:00,1648.460,1649.320,1648.460,1649.090,88
SQ:XAUUSD,2020-04-08T13:53:00+02:00,1649.090,1649.230,1648.520,1648.520,59
SQ:XAUUSD,2020-04-08T13:54:00+02:00,1648.520,1648.680,1647.630,1647.990,119
SQ:XAUUSD,2020-04-08T13:55:00+02:00,1647.990,1648.320,1647.720,1648.040,56
SQ:XAUUSD,2020-04-08T13:56:00+02:00,1648.040,1648.320,1647.860,1648.000,53
SQ:XAUUSD,2020-04-08T13:57:00+02:00,1648.000,1649.150,1648.000,1648.610,89
SQ:XAUUSD,2020-04-08T13:58:00+02:00,1648.590,1648.830,1647.590,1648.670,101
SQ:XAUUSD,2020-04-08T13:59:00+02:00,1648.570,1648.740,1648.360,1648.620,50
SQ:XAUUSD,2020-04-08T14:00:00+02:00,1648.660,1649.600,1648.480,1648.880,212
SQ:XAUUSD,2020-04-08T14:01:00+02:00,1648.870,1648.880,1648.190,1648.350,153
SQ:XAUUSD,2020-04-08T14:02:00+02:00,1648.350,1648.800,1648.260,1648.640,80
SQ:XAUUSD,2020-04-08T14:03:00+02:00,1648.640,1648.640,1645.250,1645.330,229
SQ:XAUUSD,2020-04-08T14:04:00+02:00,1645.330,1646.690,1645.330,1646.450,78
SQ:XAUUSD,2020-04-08T14:05:00+02:00,1646.440,1646.760,1644.680,1646.050,181
SQ:XAUUSD,2020-04-08T14:06:00+02:00,1646.170,1647.040,1645.620,1646.010,74
SQ:XAUUSD,2020-04-08T14:07:00+02:00,1646.010,1647.290,1645.840,1646.930,129
SQ:XAUUSD,2020-04-08T14:08:00+02:00,1646.930,1647.150,1644.430,1645.546,186
SQ:XAUUSD,2020-04-08T14:09:00+02:00,1645.366,1646.130,1644.900,1645.700,143
SQ:XAUUSD,2020-04-08T14:10:00+02:00,1645.750,1646.060,1645.290,1645.570,109
SQ:XAUUSD,2020-04-08T14:11:00+02:00,1645.560,1645.870,1645.380,1645.730,109
SQ:XAUUSD,2020-04-08T14:12:00+02:00,1645.730,1645.940,1645.330,1645.360,58
SQ:XAUUSD,2020-04-08T14:13:00+02:00,1645.360,1646.460,1645.360,1646.340,57
SQ:XAUUSD,2020-04-08T14:14:00+02:00,1646.370,1646.510,1645.370,1645.720,117
SQ:XAUUSD,2020-04-08T14:15:00+02:00,1645.720,1646.140,1645.020,1645.020,57
SQ:XAUUSD,2020-04-08T14:16:00+02:00,1645.020,1645.020,1642.576,1642.702,266
SQ:XAUUSD,2020-04-08T14:17:00+02:00,1643.290,1644.200,1642.716,1643.410,129
SQ:XAUUSD,2020-04-08T14:18:00+02:00,1643.370,1644.150,1643.050,1644.110,114
SQ:XAUUSD,2020-04-08T14:19:00+02:00,1644.110,1644.980,1643.930,1643.950,85
SQ:XAUUSD,2020-04-08T14:20:00+02:00,1643.960,1646.450,1643.960,1645.520,118
SQ:XAUUSD,2020-04-08T14:21:00+02:00,1645.520,1647.360,1645.410,1647.250,55
SQ:XAUUSD,2020-04-08T14:22:00+02:00,1647.270,1648.320,1646.700,1646.700,112
SQ:XAUUSD,2020-04-08T14:23:00+02:00,1646.680,1647.610,1645.850,1647.140,138
SQ:XAUUSD,2020-04-08T14:24:00+02:00,1647.070,1648.020,1646.980,1648.020,122
SQ:XAUUSD,2020-04-08T14:25:00+02:00,1648.080,1648.420,1647.380,1647.590,106
SQ:XAUUSD,2020-04-08T14:26:00+02:00,1647.630,1647.630,1645.650,1646.200,191
SQ:XAUUSD,2020-04-08T14:27:00+02:00,1646.200,1647.150,1646.200,1646.850,78
SQ:XAUUSD,2020-04-08T14:28:00+02:00,1646.850,1647.000,1645.610,1646.280,152
SQ:XAUUSD,2020-04-08T14:29:00+02:00,1646.360,1647.890,1646.300,1646.840,90
SQ:XAUUSD,2020-04-08T14:30:00+02:00,1647.290,1647.640,1646.450,1647.280,88
SQ:XAUUSD,2020-04-08T14:31:00+02:00,1647.240,1647.940,1646.670,1646.950,76
SQ:XAUUSD,2020-04-08T14:32:00+02:00,1646.960,1647.290,1645.800,1646.740,108
SQ:XAUUSD,2020-04-08T14:33:00+02:00,1646.740,1647.590,1646.740,1647.040,133
SQ:XAUUSD,2020-04-08T14:34:00+02:00,1647.080,1648.690,1646.920,1648.640,157
SQ:XAUUSD,2020-04-08T14:35:00+02:00,1648.670,1648.770,1648.090,1648.330,94
SQ:XAUUSD,2020-04-08T14:36:00+02:00,1648.400,1650.390,1648.380,1649.340,202
SQ:XAUUSD,2020-04-08T14:37:00+02:00,1649.340,1650.540,1648.818,1649.550,167
SQ:XAUUSD,2020-04-08T14:38:00+02:00,1649.510,1649.900,1649.390,1649.400,110
SQ:XAUUSD,2020-04-08T14:39:00+02:00,1649.480,1649.870,1649.350,1649.410,96
SQ:XAUUSD,2020-04-08T14:40:00+02:00,1649.350,1649.390,1648.200,1648.610,77
SQ:XAUUSD,2020-04-08T14:41:00+02:00,1648.610,1648.610,1648.100,1648.270,62
SQ:XAUUSD,2020-04-08T14:42:00+02:00,1648.270,1648.420,1647.640,1648.420,95
SQ:XAUUSD,2020-04-08T14:43:00+02:00,1648.420,1649.960,1648.420,1649.270,116
SQ:XAUUSD,2020-04-08T14:44:00+02:00,1649.340,1649.880,1648.920,1649.810,72
SQ:XAUUSD,2020-04-08T14:45:00+02:00,1649.810,1651.320,1649.810,1649.980,142
SQ:XAUUSD,2020-04-08T14:46:00+02:00,1650.110,1652.040,1650.110,1651.360,186
SQ:XAUUSD,2020-04-08T14:47:00+02:00,1651.340,1654.540,1650.910,1652.240,208
SQ:XAUUSD,2020-04-08T14:48:00+02:00,1652.220,1654.450,1652.220,1653.130,231
SQ:XAUUSD,2020-04-08T14:49:00+02:00,1653.676,1653.774,1652.500,1652.720,108
SQ:XAUUSD,2020-04-08T14:50:00+02:00,1652.700,1652.740,1651.780,1652.100,70
SQ:XAUUSD,2020-04-08T14:51:00+02:00,1652.100,1652.390,1651.110,1651.390,131
SQ:XAUUSD,2020-04-08T14:52:00+02:00,1651.350,1651.350,1650.450,1651.130,88
SQ:XAUUSD,2020-04-08T14:53:00+02:00,1651.140,1651.280,1650.430,1650.740,64
SQ:XAUUSD,2020-04-08T14:54:00+02:00,1650.740,1650.880,1649.250,1649.530,79
SQ:XAUUSD,2020-04-08T14:55:00+02:00,1649.470,1650.390,1649.190,1650.080,54
SQ:XAUUSD,2020-04-08T14:56:00+02:00,1649.980,1651.080,1649.980,1650.950,69
SQ:XAUUSD,2020-04-08T14:57:00+02:00,1650.950,1651.630,1650.750,1651.400,67
SQ:XAUUSD,2020-04-08T14:58:00+02:00,1651.380,1651.830,1651.080,1651.080,151
SQ:XAUUSD,2020-04-08T14:59:00+02:00,1651.070,1651.150,1650.810,1650.870,31
SQ:XAUUSD,2020-04-08T15:00:00+02:00,1650.870,1651.040,1650.770,1650.810,41
SQ:XAUUSD,2020-04-08T15:01:00+02:00,1650.830,1653.970,1650.720,1653.590,176
SQ:XAUUSD,2020-04-08T15:02:00+02:00,1653.590,1654.180,1651.270,1651.450,152
SQ:XAUUSD,2020-04-08T15:03:00+02:00,1651.560,1652.520,1651.490,1652.400,155
SQ:XAUUSD,2020-04-08T15:04:00+02:00,1652.400,1652.686,1651.950,1652.520,105
SQ:XAUUSD,2020-04-08T15:05:00+02:00,1652.520,1653.580,1652.070,1653.270,203
SQ:XAUUSD,2020-04-08T15:06:00+02:00,1653.270,1656.400,1653.130,1656.090,205
SQ:XAUUSD,2020-04-08T15:07:00+02:00,1656.120,1656.120,1652.460,1652.824,226
SQ:XAUUSD,2020-04-08T15:08:00+02:00,1652.720,1653.154,1651.320,1651.890,170
SQ:XAUUSD,2020-04-08T15:09:00+02:00,1651.890,1652.790,1651.710,1651.840,102
SQ:XAUUSD,2020-04-08T15:10:00+02:00,1651.840,1653.300,1651.700,1651.840,126
SQ:XAUUSD,2020-04-08T15:11:00+02:00,1651.640,1651.780,1650.540,1650.850,70
SQ:XAUUSD,2020-04-08T15:12:00+02:00,1650.850,1650.900,1649.450,1649.470,104
SQ:XAUUSD,2020-04-08T15:13:00+02:00,1649.470,1649.854,1648.740,1649.440,126
SQ:XAUUSD,2020-04-08T15:14:00+02:00,1649.064,1649.810,1648.680,1649.330,124
SQ:XAUUSD,2020-04-08T15:15:00+02:00,1649.712,1649.712,1648.320,1649.070,193
SQ:XAUUSD,2020-04-08T15:16:00+02:00,1649.070,1649.510,1648.540,1648.690,218
SQ:XAUUSD,2020-04-08T15:17:00+02:00,1648.590,1650.012,1648.590,1648.740,182
SQ:XAUUSD,2020-04-08T15:18:00+02:00,1648.740,1650.580,1648.740,1650.540,141
SQ:XAUUSD,2020-04-08T15:19:00+02:00,1650.570,1651.180,1650.320,1650.460,165
SQ:XAUUSD,2020-04-08T15:20:00+02:00,1650.500,1651.110,1649.674,1650.830,128
SQ:XAUUSD,2020-04-08T15:21:00+02:00,1650.830,1650.880,1650.310,1650.550,88
SQ:XAUUSD,2020-04-08T15:22:00+02:00,1650.550,1650.780,1650.240,1650.670,112
SQ:XAUUSD,2020-04-08T15:23:00+02:00,1650.670,1650.740,1649.870,1650.290,127
SQ:XAUUSD,2020-04-08T15:24:00+02:00,1650.290,1650.900,1649.620,1650.050,92
SQ:XAUUSD,2020-04-08T15:25:00+02:00,1649.970,1651.670,1649.830,1651.570,132
SQ:XAUUSD,2020-04-08T15:26:00+02:00,1651.520,1652.320,1649.400,1649.490,220
SQ:XAUUSD,2020-04-08T15:27:00+02:00,1649.570,1651.110,1649.570,1649.850,172
SQ:XAUUSD,2020-04-08T15:28:00+02:00,1649.810,1651.420,1649.650,1651.370,190
SQ:XAUUSD,2020-04-08T15:29:00+02:00,1651.460,1652.870,1651.200,1652.810,216
SQ:XAUUSD,2020-04-08T15:30:00+02:00,1652.770,1652.880,1651.124,1651.456,244
SQ:XAUUSD,2020-04-08T15:31:00+02:00,1651.456,1652.840,1650.920,1652.840,134
SQ:XAUUSD,2020-04-08T15:32:00+02:00,1652.840,1652.910,1650.830,1651.610,182
SQ:XAUUSD,2020-04-08T15:33:00+02:00,1651.530,1651.610,1650.540,1651.120,120
SQ:XAUUSD,2020-04-08T15:34:00+02:00,1651.120,1653.390,1651.080,1653.270,203
SQ:XAUUSD,2020-04-08T15:35:00+02:00,1653.270,1653.960,1652.530,1652.990,253
SQ:XAUUSD,2020-04-08T15:36:00+02:00,1652.990,1653.660,1651.420,1652.310,188
SQ:XAUUSD,2020-04-08T15:37:00+02:00,1652.370,1652.440,1651.690,1652.160,109
SQ:XAUUSD,2020-04-08T15:38:00+02:00,1652.400,1654.930,1652.360,1653.920,151
SQ:XAUUSD,2020-04-08T15:39:00+02:00,1653.980,1654.146,1652.790,1653.164,247
SQ:XAUUSD,2020-04-08T15:40:00+02:00,1653.164,1654.410,1652.290,1654.320,144
SQ:XAUUSD,2020-04-08T15:41:00+02:00,1654.380,1654.460,1652.870,1652.870,160
SQ:XAUUSD,2020-04-08T15:42:00+02:00,1652.870,1653.080,1652.240,1652.860,56
SQ:XAUUSD,2020-04-08T15:43:00+02:00,1652.900,1653.150,1652.410,1652.950,53
SQ:XAUUSD,2020-04-08T15:44:00+02:00,1652.950,1653.350,1652.730,1652.880,49
SQ:XAUUSD,2020-04-08T15:45:00+02:00,1653.050,1655.250,1652.390,1655.040,171
SQ:XAUUSD,2020-04-08T15:46:00+02:00,1655.040,1655.340,1653.310,1653.820,201
SQ:XAUUSD,2020-04-08T15:47:00+02:00,1653.660,1654.690,1653.610,1654.180,158
SQ:XAUUSD,2020-04-08T15:48:00+02:00,1654.270,1654.980,1653.560,1654.270,243
SQ:XAUUSD,2020-04-08T15:49:00+02:00,1654.380,1655.520,1654.090,1654.710,265
SQ:XAUUSD,2020-04-08T15:50:00+02:00,1654.670,1656.060,1653.890,1654.080,183
SQ:XAUUSD,2020-04-08T15:51:00+02:00,1654.080,1654.600,1652.630,1653.620,186
SQ:XAUUSD,2020-04-08T15:52:00+02:00,1653.620,1654.420,1653.330,1653.932,127
SQ:XAUUSD,2020-04-08T15:53:00+02:00,1653.862,1654.082,1652.906,1653.300,178
SQ:XAUUSD,2020-04-08T15:54:00+02:00,1653.300,1654.440,1652.640,1653.880,145
SQ:XAUUSD,2020-04-08T15:55:00+02:00,1653.940,1655.608,1653.940,1654.390,170
SQ:XAUUSD,2020-04-08T15:56:00+02:00,1654.430,1654.460,1653.200,1653.410,142
SQ:XAUUSD,2020-04-08T15:57:00+02:00,1653.360,1653.420,1651.840,1652.840,177
SQ:XAUUSD,2020-04-08T15:58:00+02:00,1652.880,1653.390,1652.240,1653.390,105
SQ:XAUUSD,2020-04-08T15:59:00+02:00,1653.310,1653.800,1651.790,1651.830,145
SQ:XAUUSD,2020-04-08T16:00:00+02:00,1652.050,1652.330,1650.700,1650.950,193
SQ:XAUUSD,2020-04-08T16:01:00+02:00,1650.920,1651.692,1648.670,1649.300,190
SQ:XAUUSD,2020-04-08T16:02:00+02:00,1649.280,1650.040,1648.790,1650.000,117
SQ:XAUUSD,2020-04-08T16:03:00+02:00,1650.030,1650.050,1649.380,1649.830,58
SQ:XAUUSD,2020-04-08T16:04:00+02:00,1649.830,1649.850,1647.350,1647.460,144
SQ:XAUUSD,2020-04-08T16:05:00+02:00,1647.460,1648.470,1646.930,1646.940,130
SQ:XAUUSD,2020-04-08T16:06:00+02:00,1647.020,1649.048,1647.020,1647.450,110
SQ:XAUUSD,2020-04-08T16:07:00+02:00,1647.460,1649.162,1647.100,1647.110,57
SQ:XAUUSD,2020-04-08T16:08:00+02:00,1647.120,1647.430,1646.210,1647.030,148
SQ:XAUUSD,2020-04-08T16:09:00+02:00,1647.030,1647.720,1646.140,1646.140,183
SQ:XAUUSD,2020-04-08T16:10:00+02:00,1646.220,1648.620,1646.020,1648.550,184
SQ:XAUUSD,2020-04-08T16:11:00+02:00,1648.550,1648.600,1647.630,1648.070,81
SQ:XAUUSD,2020-04-08T16:12:00+02:00,1648.070,1648.590,1647.630,1648.550,66
SQ:XAUUSD,2020-04-08T16:13:00+02:00,1648.550,1648.720,1648.210,1648.520,85
SQ:XAUUSD,2020-04-08T16:14:00+02:00,1648.520,1649.160,1648.150,1648.690,73
SQ:XAUUSD,2020-04-08T16:15:00+02:00,1648.690,1649.110,1648.360,1648.970,53
SQ:XAUUSD,2020-04-08T16:16:00+02:00,1648.970,1649.790,1648.550,1648.550,113
SQ:XAUUSD,2020-04-08T16:17:00+02:00,1648.600,1649.720,1647.770,1648.010,131
SQ:XAUUSD,2020-04-08T16:18:00+02:00,1648.010,1648.660,1647.140,1648.050,241
SQ:XAUUSD,2020-04-08T16:19:00+02:00,1648.050,1649.020,1647.640,1648.740,122
SQ:XAUUSD,2020-04-08T16:20:00+02:00,1648.740,1649.400,1648.070,1649.390,90
SQ:XAUUSD,2020-04-08T16:21:00+02:00,1649.390,1649.390,1645.340,1645.370,202
SQ:XAUUSD,2020-04-08T16:22:00+02:00,1645.370,1647.080,1644.850,1645.180,190
SQ:XAUUSD,2020-04-08T16:23:00+02:00,1645.240,1645.420,1642.270,1643.240,303
SQ:XAUUSD,2020-04-08T16:24:00+02:00,1643.240,1645.280,1642.860,1644.150,279
SQ:XAUUSD,2020-04-08T16:25:00+02:00,1644.150,1645.700,1643.900,1645.520,168
SQ:XAUUSD,2020-04-08T16:26:00+02:00,1645.520,1645.630,1644.470,1645.150,128
SQ:XAUUSD,2020-04-08T16:27:00+02:00,1645.150,1646.092,1644.830,1645.670,111
SQ:XAUUSD,2020-04-08T16:28:00+02:00,1645.670,1647.120,1645.420,1646.580,341
SQ:XAUUSD,2020-04-08T16:29:00+02:00,1646.740,1647.690,1646.170,1646.820,396
SQ:XAUUSD,2020-04-08T16:30:00+02:00,1646.940,1647.700,1646.280,1647.580,387
SQ:XAUUSD,2020-04-08T16:31:00+02:00,1647.360,1647.920,1646.970,1647.880,204
SQ:XAUUSD,2020-04-08T16:32:00+02:00,1647.880,1648.590,1647.840,1648.510,93
SQ:XAUUSD,2020-04-08T16:33:00+02:00,1648.420,1649.100,1648.190,1648.950,89
SQ:XAUUSD,2020-04-08T16:34:00+02:00,1648.950,1648.950,1648.130,1648.180,70
SQ:XAUUSD,2020-04-08T16:35:00+02:00,1648.630,1648.860,1647.830,1648.040,86
SQ:XAUUSD,2020-04-08T16:36:00+02:00,1648.040,1648.500,1647.900,1648.070,82
SQ:XAUUSD,2020-04-08T16:37:00+02:00,1648.010,1648.010,1646.930,1646.930,97
SQ:XAUUSD,2020-04-08T16:38:00+02:00,1646.930,1648.570,1646.930,1648.160,109
SQ:XAUUSD,2020-04-08T16:39:00+02:00,1648.160,1649.300,1648.100,1649.230,116
SQ:XAUUSD,2020-04-08T16:40:00+02:00,1649.260,1649.420,1648.820,1649.200,99
SQ:XAUUSD,2020-04-08T16:41:00+02:00,1649.160,1649.190,1646.930,1647.640,134
SQ:XAUUSD,2020-04-08T16:42:00+02:00,1647.560,1647.560,1646.130,1646.970,157
SQ:XAUUSD,2020-04-08T16:43:00+02:00,1647.000,1647.380,1646.460,1647.380,231
SQ:XAUUSD,2020-04-08T16:44:00+02:00,1647.370,1648.770,1647.290,1648.700,112
SQ:XAUUSD,2020-04-08T16:45:00+02:00,1648.700,1649.330,1648.010,1648.610,135
SQ:XAUUSD,2020-04-08T16:46:00+02:00,1648.580,1649.660,1648.350,1649.100,110
SQ:XAUUSD,2020-04-08T16:47:00+02:00,1649.140,1649.370,1647.980,1648.250,106
SQ:XAUUSD,2020-04-08T16:48:00+02:00,1648.250,1649.290,1648.070,1649.290,103
SQ:XAUUSD,2020-04-08T16:49:00+02:00,1649.250,1650.310,1647.960,1648.220,196
SQ:XAUUSD,2020-04-08T16:50:00+02:00,1648.270,1650.280,1648.270,1650.120,131
SQ:XAUUSD,2020-04-08T16:51:00+02:00,1650.160,1650.350,1649.220,1649.490,106
SQ:XAUUSD,2020-04-08T16:52:00+02:00,1649.600,1650.150,1649.300,1649.510,130
SQ:XAUUSD,2020-04-08T16:53:00+02:00,1649.560,1650.070,1649.430,1649.720,84
SQ:XAUUSD,2020-04-08T16:54:00+02:00,1649.670,1650.310,1649.460,1649.700,180
SQ:XAUUSD,2020-04-08T16:55:00+02:00,1649.720,1650.790,1649.250,1650.170,139
SQ:XAUUSD,2020-04-08T16:56:00+02:00,1650.090,1650.230,1649.560,1649.840,123
SQ:XAUUSD,2020-04-08T16:57:00+02:00,1649.840,1650.530,1649.250,1650.350,110
SQ:XAUUSD,2020-04-08T16:58:00+02:00,1650.380,1650.550,1649.620,1649.970,75
SQ:XAUUSD,2020-04-08T16:59:00+02:00,1650.010,1650.010,1649.040,1649.860,101
SQ:XAUUSD,2020-04-08T17:00:00+02:00,1649.840,1650.010,1647.830,1648.770,107
SQ:XAUUSD,2020-04-08T17:01:00+02:00,1648.710,1650.120,1648.680,1649.910,108
SQ:XAUUSD,2020-04-08T17:02:00+02:00,1649.870,1649.960,1649.020,1649.210,93
SQ:XAUUSD,2020-04-08T17:03:00+02:00,1649.210,1649.260,1648.550,1648.780,84
SQ:XAUUSD,2020-04-08T17:04:00+02:00,1648.720,1648.720,1647.270,1647.370,154
SQ:XAUUSD,2020-04-08T17:05:00+02:00,1647.430,1648.520,1647.100,1648.080,129
SQ:XAUUSD,2020-04-08T17:06:00+02:00,1648.140,1648.610,1647.840,1647.980,138
SQ:XAUUSD,2020-04-08T17:07:00+02:00,1647.940,1648.140,1645.250,1645.360,172
SQ:XAUUSD,2020-04-08T17:08:00+02:00,1645.360,1647.640,1645.360,1647.390,140
SQ:XAUUSD,2020-04-08T17:09:00+02:00,1647.400,1647.600,1646.710,1647.120,160
SQ:XAUUSD,2020-04-08T17:10:00+02:00,1647.120,1648.594,1646.970,1647.290,117
SQ:XAUUSD,2020-04-08T17:11:00+02:00,1647.330,1648.200,1646.910,1646.910,69
SQ:XAUUSD,2020-04-08T17:12:00+02:00,1646.850,1647.668,1645.880,1646.310,120
SQ:XAUUSD,2020-04-08T17:13:00+02:00,1646.300,1646.940,1645.930,1646.580,104
SQ:XAUUSD,2020-04-08T17:14:00+02:00,1646.580,1648.080,1646.580,1647.950,102
SQ:XAUUSD,2020-04-08T17:15:00+02:00,1647.840,1648.180,1646.860,1647.030,103
SQ:XAUUSD,2020-04-08T17:16:00+02:00,1647.030,1647.510,1647.000,1647.510,47
SQ:XAUUSD,2020-04-08T17:17:00+02:00,1647.510,1647.920,1647.380,1647.590,48
SQ:XAUUSD,2020-04-08T17:18:00+02:00,1647.590,1648.050,1647.210,1647.780,178
SQ:XAUUSD,2020-04-08T17:19:00+02:00,1647.780,1648.330,1647.000,1647.020,188
SQ:XAUUSD,2020-04-08T17:20:00+02:00,1647.080,1647.370,1645.990,1647.140,298
SQ:XAUUSD,2020-04-08T17:21:00+02:00,1647.160,1648.100,1646.526,1648.010,258
SQ:XAUUSD,2020-04-08T17:22:00+02:00,1648.000,1648.040,1647.290,1647.680,169
SQ:XAUUSD,2020-04-08T17:23:00+02:00,1647.690,1648.520,1647.570,1648.380,117
SQ:XAUUSD,2020-04-08T17:24:00+02:00,1648.380,1649.130,1648.330,1648.880,98
SQ:XAUUSD,2020-04-08T17:25:00+02:00,1648.790,1650.840,1648.790,1650.720,284
SQ:XAUUSD,2020-04-08T17:26:00+02:00,1650.720,1651.340,1650.600,1650.600,267
SQ:XAUUSD,2020-04-08T17:27:00+02:00,1650.600,1651.240,1650.400,1650.790,200
SQ:XAUUSD,2020-04-08T17:28:00+02:00,1650.790,1651.190,1650.030,1650.240,129
SQ:XAUUSD,2020-04-08T17:29:00+02:00,1650.240,1650.350,1649.170,1649.210,141
SQ:XAUUSD,2020-04-08T17:30:00+02:00,1649.120,1649.390,1648.120,1649.240,187
SQ:XAUUSD,2020-04-08T17:31:00+02:00,1649.240,1650.090,1649.180,1649.400,110
SQ:XAUUSD,2020-04-08T17:32:00+02:00,1649.450,1649.820,1649.140,1649.140,66
SQ:XAUUSD,2020-04-08T17:33:00+02:00,1649.050,1649.270,1648.850,1649.270,52
SQ:XAUUSD,2020-04-08T17:34:00+02:00,1649.190,1649.330,1648.900,1649.020,61
SQ:XAUUSD,2020-04-08T17:35:00+02:00,1649.060,1649.450,1648.750,1649.280,74
SQ:XAUUSD,2020-04-08T17:36:00+02:00,1649.280,1649.500,1648.510,1648.800,44
SQ:XAUUSD,2020-04-08T17:37:00+02:00,1648.800,1648.900,1647.970,1648.210,60
SQ:XAUUSD,2020-04-08T17:38:00+02:00,1648.210,1648.210,1647.500,1647.780,40
SQ:XAUUSD,2020-04-08T17:39:00+02:00,1647.770,1647.990,1647.590,1647.680,40
SQ:XAUUSD,2020-04-08T17:40:00+02:00,1647.610,1649.690,1647.610,1649.360,66
SQ:XAUUSD,2020-04-08T17:41:00+02:00,1649.360,1650.590,1649.230,1650.000,104
SQ:XAUUSD,2020-04-08T17:42:00+02:00,1650.000,1650.340,1648.850,1649.140,84
SQ:XAUUSD,2020-04-08T17:43:00+02:00,1649.140,1650.590,1649.140,1649.530,79
SQ:XAUUSD,2020-04-08T17:44:00+02:00,1649.530,1649.590,1648.470,1648.670,51
SQ:XAUUSD,2020-04-08T17:45:00+02:00,1648.670,1649.490,1648.560,1648.970,50
SQ:XAUUSD,2020-04-08T17:46:00+02:00,1648.980,1650.390,1648.430,1649.200,81
SQ:XAUUSD,2020-04-08T17:47:00+02:00,1649.300,1650.290,1648.270,1648.470,68
SQ:XAUUSD,2020-04-08T17:48:00+02:00,1648.470,1649.690,1647.770,1648.310,55
SQ:XAUUSD,2020-04-08T17:49:00+02:00,1648.330,1648.940,1647.750,1648.940,36
SQ:XAUUSD,2020-04-08T17:50:00+02:00,1648.970,1648.970,1648.350,1648.430,19
SQ:XAUUSD,2020-04-08T17:51:00+02:00,1648.430,1649.680,1648.090,1649.620,49
SQ:XAUUSD,2020-04-08T17:52:00+02:00,1649.620,1649.860,1649.480,1649.670,67
SQ:XAUUSD,2020-04-08T17:53:00+02:00,1649.690,1649.690,1648.530,1648.650,69
SQ:XAUUSD,2020-04-08T17:54:00+02:00,1648.650,1649.000,1648.280,1648.530,187
SQ:XAUUSD,2020-04-08T17:55:00+02:00,1648.640,1648.690,1647.280,1648.070,166
SQ:XAUUSD,2020-04-08T17:56:00+02:00,1648.030,1648.180,1647.610,1647.950,164
SQ:XAUUSD,2020-04-08T17:57:00+02:00,1647.980,1648.850,1647.680,1648.640,118
SQ:XAUUSD,2020-04-08T17:58:00+02:00,1648.690,1648.870,1648.120,1648.270,219
SQ:XAUUSD,2020-04-08T17:59:00+02:00,1648.200,1648.270,1647.370,1647.680,126
SQ:XAUUSD,2020-04-08T18:00:00+02:00,1647.580,1648.110,1647.560,1647.660,111
SQ:XAUUSD,2020-04-08T18:01:00+02:00,1647.690,1649.010,1647.690,1648.760,98
SQ:XAUUSD,2020-04-08T18:02:00+02:00,1648.790,1649.310,1648.650,1649.270,52
SQ:XAUUSD,2020-04-08T18:03:00+02:00,1649.190,1649.880,1649.160,1649.420,61
SQ:XAUUSD,2020-04-08T18:04:00+02:00,1649.450,1649.800,1649.360,1649.440,48
SQ:XAUUSD,2020-04-08T18:05:00+02:00,1649.440,1649.990,1649.240,1649.710,96
SQ:XAUUSD,2020-04-08T18:06:00+02:00,1649.660,1649.950,1649.390,1649.750,52
SQ:XAUUSD,2020-04-08T18:07:00+02:00,1649.800,1650.100,1649.580,1649.710,58
SQ:XAUUSD,2020-04-08T18:08:00+02:00,1649.760,1650.110,1649.620,1650.040,84
SQ:XAUUSD,2020-04-08T18:09:00+02:00,1650.040,1650.040,1648.900,1649.840,126
SQ:XAUUSD,2020-04-08T18:10:00+02:00,1649.840,1650.150,1648.970,1649.230,113
SQ:XAUUSD,2020-04-08T18:11:00+02:00,1649.300,1650.240,1649.020,1649.340,68
SQ:XAUUSD,2020-04-08T18:12:00+02:00,1649.310,1650.090,1648.930,1649.050,34
SQ:XAUUSD,2020-04-08T18:13:00+02:00,1649.080,1649.680,1648.940,1649.590,39
SQ:XAUUSD,2020-04-08T18:14:00+02:00,1649.590,1649.660,1649.070,1649.070,25
SQ:XAUUSD,2020-04-08T18:15:00+02:00,1649.070,1649.470,1648.860,1649.380,48
SQ:XAUUSD,2020-04-08T18:16:00+02:00,1649.380,1649.710,1648.960,1649.710,45
SQ:XAUUSD,2020-04-08T18:17:00+02:00,1649.710,1650.040,1649.530,1649.780,38
SQ:XAUUSD,2020-04-08T18:18:00+02:00,1649.780,1650.140,1649.510,1649.980,34
SQ:XAUUSD,2020-04-08T18:19:00+02:00,1649.980,1650.080,1649.520,1649.970,51
SQ:XAUUSD,2020-04-08T18:20:00+02:00,1649.970,1650.510,1649.880,1650.430,47
SQ:XAUUSD,2020-04-08T18:21:00+02:00,1650.430,1650.740,1650.130,1650.380,38
SQ:XAUUSD,2020-04-08T18:22:00+02:00,1650.380,1650.610,1650.080,1650.190,46
SQ:XAUUSD,2020-04-08T18:23:00+02:00,1650.190,1650.320,1649.720,1650.060,39
SQ:XAUUSD,2020-04-08T18:24:00+02:00,1650.060,1651.240,1650.060,1650.770,97
SQ:XAUUSD,2020-04-08T18:25:00+02:00,1651.000,1651.240,1650.300,1650.600,72
SQ:XAUUSD,2020-04-08T18:26:00+02:00,1650.550,1650.840,1650.230,1650.370,33
SQ:XAUUSD,2020-04-08T18:27:00+02:00,1650.370,1650.790,1649.980,1650.240,56
SQ:XAUUSD,2020-04-08T18:28:00+02:00,1650.240,1650.810,1650.080,1650.340,50
SQ:XAUUSD,2020-04-08T18:29:00+02:00,1650.340,1650.660,1650.240,1650.340,68
SQ:XAUUSD,2020-04-08T18:30:00+02:00,1650.340,1651.440,1650.300,1651.160,96
SQ:XAUUSD,2020-04-08T18:31:00+02:00,1651.200,1651.200,1650.660,1650.840,59
SQ:XAUUSD,2020-04-08T18:32:00+02:00,1650.860,1650.940,1649.770,1649.910,76
SQ:XAUUSD,2020-04-08T18:33:00+02:00,1649.820,1650.240,1648.810,1649.540,153
SQ:XAUUSD,2020-04-08T18:34:00+02:00,1649.540,1649.790,1648.720,1649.250,87
SQ:XAUUSD,2020-04-08T18:35:00+02:00,1649.330,1650.640,1649.040,1649.940,116
SQ:XAUUSD,2020-04-08T18:36:00+02:00,1649.980,1650.060,1648.580,1648.790,161
SQ:XAUUSD,2020-04-08T18:37:00+02:00,1648.600,1649.340,1647.590,1648.080,138
SQ:XAUUSD,2020-04-08T18:38:00+02:00,1648.130,1648.650,1647.790,1647.790,72
SQ:XAUUSD,2020-04-08T18:39:00+02:00,1647.830,1648.540,1647.530,1647.870,107
SQ:XAUUSD,2020-04-08T18:40:00+02:00,1647.870,1648.850,1647.780,1647.980,89
SQ:XAUUSD,2020-04-08T18:41:00+02:00,1647.980,1648.940,1647.950,1648.500,65
SQ:XAUUSD,2020-04-08T18:42:00+02:00,1648.500,1648.720,1647.940,1648.200,65
SQ:XAUUSD,2020-04-08T18:43:00+02:00,1648.200,1648.420,1647.860,1647.950,61
SQ:XAUUSD,2020-04-08T18:44:00+02:00,1647.980,1648.270,1647.300,1647.850,120
SQ:XAUUSD,2020-04-08T18:45:00+02:00,1648.090,1648.230,1647.510,1648.040,134
SQ:XAUUSD,2020-04-08T18:46:00+02:00,1648.240,1649.320,1648.050,1649.170,133
SQ:XAUUSD,2020-04-08T18:47:00+02:00,1648.960,1649.070,1648.500,1648.590,34
SQ:XAUUSD,2020-04-08T18:48:00+02:00,1648.630,1648.990,1647.990,1648.480,74
SQ:XAUUSD,2020-04-08T18:49:00+02:00,1648.640,1649.470,1648.580,1649.210,75
SQ:XAUUSD,2020-04-08T18:50:00+02:00,1649.430,1649.760,1649.000,1649.170,74
SQ:XAUUSD,2020-04-08T18:51:00+02:00,1649.170,1649.540,1649.050,1649.370,33
SQ:XAUUSD,2020-04-08T18:52:00+02:00,1649.600,1649.950,1649.250,1649.630,82
SQ:XAUUSD,2020-04-08T18:53:00+02:00,1649.630,1650.500,1649.490,1649.520,117
SQ:XAUUSD,2020-04-08T18:54:00+02:00,1649.550,1649.940,1649.300,1649.830,65
SQ:XAUUSD,2020-04-08T18:55:00+02:00,1649.820,1649.820,1649.180,1649.250,73
SQ:XAUUSD,2020-04-08T18:56:00+02:00,1649.250,1649.720,1649.240,1649.630,50
SQ:XAUUSD,2020-04-08T18:57:00+02:00,1649.630,1650.790,1649.530,1650.400,76
SQ:XAUUSD,2020-04-08T18:58:00+02:00,1650.400,1650.500,1649.640,1649.800,60
SQ:XAUUSD,2020-04-08T18:59:00+02:00,1649.800,1649.890,1649.200,1649.200,53
SQ:XAUUSD,2020-04-08T19:00:00+02:00,1649.420,1649.840,1649.330,1649.330,56
SQ:XAUUSD,2020-04-08T19:01:00+02:00,1649.270,1649.810,1648.970,1649.660,72
SQ:XAUUSD,2020-04-08T19:02:00+02:00,1649.630,1650.900,1649.590,1650.860,89
SQ:XAUUSD,2020-04-08T19:03:00+02:00,1650.860,1650.890,1650.230,1650.490,69
SQ:XAUUSD,2020-04-08T19:04:00+02:00,1650.490,1650.490,1649.110,1649.600,90
SQ:XAUUSD,2020-04-08T19:05:00+02:00,1649.640,1649.660,1648.420,1649.030,95
SQ:XAUUSD,2020-04-08T19:06:00+02:00,1649.060,1649.890,1649.060,1649.620,96
SQ:XAUUSD,2020-04-08T19:07:00+02:00,1649.620,1649.720,1649.400,1649.490,39
SQ:XAUUSD,2020-04-08T19:08:00+02:00,1649.550,1649.840,1649.330,1649.650,43
SQ:XAUUSD,2020-04-08T19:09:00+02:00,1649.690,1649.690,1648.970,1649.050,56
SQ:XAUUSD,2020-04-08T19:10:00+02:00,1648.990,1648.990,1647.516,1647.526,109
SQ:XAUUSD,2020-04-08T19:11:00+02:00,1647.536,1647.620,1647.150,1647.440,93
SQ:XAUUSD,2020-04-08T19:12:00+02:00,1647.400,1648.606,1647.240,1647.290,64
SQ:XAUUSD,2020-04-08T19:13:00+02:00,1647.290,1648.096,1647.240,1647.820,89
SQ:XAUUSD,2020-04-08T19:14:00+02:00,1647.780,1648.840,1647.480,1648.770,77
SQ:XAUUSD,2020-04-08T19:15:00+02:00,1648.870,1649.880,1648.780,1649.240,129
SQ:XAUUSD,2020-04-08T19:16:00+02:00,1649.320,1649.560,1648.450,1648.490,67
SQ:XAUUSD,2020-04-08T19:17:00+02:00,1648.440,1648.440,1647.680,1647.850,68
SQ:XAUUSD,2020-04-08T19:18:00+02:00,1647.810,1648.416,1647.780,1647.930,93
SQ:XAUUSD,2020-04-08T19:19:00+02:00,1647.880,1648.246,1647.490,1648.044,76
SQ:XAUUSD,2020-04-08T19:20:00+02:00,1648.044,1648.840,1647.680,1648.840,42
SQ:XAUUSD,2020-04-08T19:21:00+02:00,1648.840,1649.890,1648.840,1649.390,59
SQ:XAUUSD,2020-04-08T19:22:00+02:00,1649.370,1649.630,1649.140,1649.370,34
SQ:XAUUSD,2020-04-08T19:23:00+02:00,1649.330,1649.570,1648.700,1648.700,56
SQ:XAUUSD,2020-04-08T19:24:00+02:00,1648.740,1648.910,1648.160,1648.380,76
SQ:XAUUSD,2020-04-08T19:25:00+02:00,1648.380,1648.410,1647.610,1648.040,77
SQ:XAUUSD,2020-04-08T19:26:00+02:00,1648.040,1648.090,1646.880,1647.290,62
SQ:XAUUSD,2020-04-08T19:27:00+02:00,1647.290,1647.610,1647.220,1647.380,31
SQ:XAUUSD,2020-04-08T19:28:00+02:00,1647.380,1647.650,1645.640,1645.890,126
SQ:XAUUSD,2020-04-08T19:29:00+02:00,1645.890,1648.270,1645.890,1647.530,233
SQ:XAUUSD,2020-04-08T19:30:00+02:00,1647.510,1648.710,1647.510,1648.700,92
SQ:XAUUSD,2020-04-08T19:31:00+02:00,1648.700,1648.700,1648.280,1648.330,41
SQ:XAUUSD,2020-04-08T19:32:00+02:00,1648.330,1648.560,1647.500,1647.610,69
SQ:XAUUSD,2020-04-08T19:33:00+02:00,1647.570,1649.380,1647.500,1649.170,70
SQ:XAUUSD,2020-04-08T19:34:00+02:00,1649.170,1649.800,1649.090,1649.530,55
SQ:XAUUSD,2020-04-08T19:35:00+02:00,1649.530,1650.100,1648.770,1648.920,54
SQ:XAUUSD,2020-04-08T19:36:00+02:00,1648.920,1649.680,1648.920,1649.630,55
SQ:XAUUSD,2020-04-08T19:37:00+02:00,1649.590,1650.150,1649.590,1650.090,44
SQ:XAUUSD,2020-04-08T19:38:00+02:00,1650.150,1650.270,1649.420,1649.450,48
SQ:XAUUSD,2020-04-08T19:39:00+02:00,1649.500,1649.640,1649.250,1649.620,52
SQ:XAUUSD,2020-04-08T19:40:00+02:00,1649.600,1650.030,1649.210,1649.900,57
SQ:XAUUSD,2020-04-08T19:41:00+02:00,1649.900,1649.900,1649.220,1649.650,48
SQ:XAUUSD,2020-04-08T19:42:00+02:00,1649.670,1649.870,1649.500,1649.820,38
SQ:XAUUSD,2020-04-08T19:43:00+02:00,1649.820,1649.830,1649.230,1649.260,33
SQ:XAUUSD,2020-04-08T19:44:00+02:00,1649.240,1649.240,1648.720,1648.960,32
SQ:XAUUSD,2020-04-08T19:45:00+02:00,1648.920,1649.100,1648.720,1648.770,53
SQ:XAUUSD,2020-04-08T19:46:00+02:00,1648.610,1649.110,1648.350,1649.000,54
SQ:XAUUSD,2020-04-08T19:47:00+02:00,1649.000,1649.890,1648.960,1649.470,54
SQ:XAUUSD,2020-04-08T19:48:00+02:00,1649.510,1649.550,1648.880,1648.900,35
SQ:XAUUSD,2020-04-08T19:49:00+02:00,1649.170,1650.350,1648.960,1649.970,84
SQ:XAUUSD,2020-04-08T19:50:00+02:00,1649.970,1650.310,1649.040,1649.210,62
SQ:XAUUSD,2020-04-08T19:51:00+02:00,1649.210,1649.210,1648.300,1648.710,40
SQ:XAUUSD,2020-04-08T19:52:00+02:00,1648.690,1648.980,1648.500,1648.780,38
SQ:XAUUSD,2020-04-08T19:53:00+02:00,1648.780,1648.870,1648.280,1648.280,35
SQ:XAUUSD,2020-04-08T19:54:00+02:00,1648.560,1648.560,1647.040,1647.630,77
SQ:XAUUSD,2020-04-08T19:55:00+02:00,1647.630,1647.870,1647.220,1647.870,41
SQ:XAUUSD,2020-04-08T19:56:00+02:00,1647.870,1648.820,1647.840,1648.220,45
SQ:XAUUSD,2020-04-08T19:57:00+02:00,1648.220,1648.440,1647.630,1647.630,39
SQ:XAUUSD,2020-04-08T19:58:00+02:00,1647.630,1648.930,1647.630,1648.110,40
SQ:XAUUSD,2020-04-08T19:59:00+02:00,1648.110,1648.640,1647.390,1648.370,136
SQ:XAUUSD,2020-04-08T20:00:00+02:00,1648.370,1649.670,1648.120,1649.180,36
SQ:XAUUSD,2020-04-08T20:01:00+02:00,1649.180,1649.480,1648.770,1648.980,36
SQ:XAUUSD,2020-04-08T20:02:00+02:00,1648.980,1649.020,1648.080,1648.750,42
SQ:XAUUSD,2020-04-08T20:03:00+02:00,1648.750,1649.120,1648.510,1648.700,31
SQ:XAUUSD,2020-04-08T20:04:00+02:00,1648.700,1648.700,1648.550,1648.660,13
SQ:XAUUSD,2020-04-08T20:05:00+02:00,1648.660,1648.660,1646.820,1646.820,44
SQ:XAUUSD,2020-04-08T20:06:00+02:00,1646.900,1647.040,1645.860,1645.860,79
SQ:XAUUSD,2020-04-08T20:07:00+02:00,1645.970,1647.040,1645.850,1646.990,73
SQ:XAUUSD,2020-04-08T20:08:00+02:00,1646.990,1647.350,1646.770,1647.170,52
SQ:XAUUSD,2020-04-08T20:09:00+02:00,1647.210,1648.540,1646.654,1648.470,84
SQ:XAUUSD,2020-04-08T20:10:00+02:00,1648.410,1648.610,1648.180,1648.530,46
SQ:XAUUSD,2020-04-08T20:11:00+02:00,1648.380,1648.470,1648.260,1648.360,22
SQ:XAUUSD,2020-04-08T20:12:00+02:00,1648.360,1649.200,1648.310,1648.870,25
SQ:XAUUSD,2020-04-08T20:13:00+02:00,1648.910,1649.350,1648.840,1649.350,24
SQ:XAUUSD,2020-04-08T20:14:00+02:00,1649.410,1649.470,1648.820,1649.320,42
SQ:XAUUSD,2020-04-08T20:15:00+02:00,1649.320,1649.710,1648.890,1649.600,86
SQ:XAUUSD,2020-04-08T20:16:00+02:00,1649.660,1651.030,1649.390,1650.410,141
SQ:XAUUSD,2020-04-08T20:17:00+02:00,1650.410,1650.410,1649.480,1649.870,52
SQ:XAUUSD,2020-04-08T20:18:00+02:00,1649.870,1649.870,1649.470,1649.690,35
SQ:XAUUSD,2020-04-08T20:19:00+02:00,1649.690,1649.740,1648.570,1649.110,30
SQ:XAUUSD,2020-04-08T20:20:00+02:00,1649.150,1649.510,1648.910,1649.010,50
SQ:XAUUSD,2020-04-08T20:21:00+02:00,1649.010,1649.620,1648.570,1648.780,54
SQ:XAUUSD,2020-04-08T20:22:00+02:00,1648.780,1649.130,1647.820,1648.210,47
SQ:XAUUSD,2020-04-08T20:23:00+02:00,1648.190,1649.590,1648.190,1649.590,35
SQ:XAUUSD,2020-04-08T20:24:00+02:00,1649.590,1649.620,1648.430,1648.530,32
SQ:XAUUSD,2020-04-08T20:25:00+02:00,1648.530,1649.380,1648.530,1649.380,35
SQ:XAUUSD,2020-04-08T20:26:00+02:00,1649.380,1649.470,1649.110,1649.240,29
SQ:XAUUSD,2020-04-08T20:27:00+02:00,1649.240,1649.400,1649.140,1649.140,13
SQ:XAUUSD,2020-04-08T20:28:00+02:00,1649.140,1649.350,1648.910,1649.170,25
SQ:XAUUSD,2020-04-08T20:29:00+02:00,1649.170,1649.630,1649.080,1649.630,15
SQ:XAUUSD,2020-04-08T20:30:00+02:00,1649.630,1649.670,1648.820,1648.880,28
SQ:XAUUSD,2020-04-08T20:31:00+02:00,1648.880,1649.270,1648.880,1648.940,27
SQ:XAUUSD,2020-04-08T20:32:00+02:00,1648.940,1648.960,1648.920,1648.960,8
SQ:XAUUSD,2020-04-08T20:33:00+02:00,1648.980,1649.610,1648.970,1649.090,39
SQ:XAUUSD,2020-04-08T20:34:00+02:00,1649.090,1649.340,1648.990,1649.340,35
SQ:XAUUSD,2020-04-08T20:35:00+02:00,1649.180,1649.290,1649.010,1649.160,33
SQ:XAUUSD,2020-04-08T20:36:00+02:00,1649.160,1649.220,1648.980,1648.990,26
SQ:XAUUSD,2020-04-08T20:37:00+02:00,1648.990,1650.170,1648.980,1650.120,23
SQ:XAUUSD,2020-04-08T20:38:00+02:00,1650.120,1651.420,1649.940,1651.110,34
SQ:XAUUSD,2020-04-08T20:39:00+02:00,1651.050,1651.200,1650.770,1650.880,41
SQ:XAUUSD,2020-04-08T20:40:00+02:00,1650.880,1651.040,1650.560,1650.950,32
SQ:XAUUSD,2020-04-08T20:41:00+02:00,1650.950,1651.450,1650.900,1651.290,20
SQ:XAUUSD,2020-04-08T20:42:00+02:00,1651.290,1651.380,1650.130,1650.250,36
SQ:XAUUSD,2020-04-08T20:43:00+02:00,1650.290,1650.640,1650.210,1650.420,20
SQ:XAUUSD,2020-04-08T20:44:00+02:00,1650.360,1650.520,1650.290,1650.480,20
SQ:XAUUSD,2020-04-08T20:45:00+02:00,1650.480,1651.140,1650.480,1651.140,9
SQ:XAUUSD,2020-04-08T20:46:00+02:00,1651.210,1651.680,1651.210,1651.420,13
SQ:XAUUSD,2020-04-08T20:47:00+02:00,1651.500,1651.570,1651.110,1651.110,9
SQ:XAUUSD,2020-04-08T20:48:00+02:00,1651.110,1651.110,1651.030,1651.030,6
SQ:XAUUSD,2020-04-08T20:49:00+02:00,1651.030,1651.030,1650.840,1650.840,12
SQ:XAUUSD,2020-04-08T20:50:00+02:00,1650.840,1651.220,1650.840,1651.220,6
SQ:XAUUSD,2020-04-08T20:51:00+02:00,1651.220,1652.100,1651.150,1652.090,28
SQ:XAUUSD,2020-04-08T20:52:00+02:00,1652.020,1652.020,1651.640,1651.920,17
SQ:XAUUSD,2020-04-08T20:53:00+02:00,1651.920,1652.750,1651.840,1652.280,36
SQ:XAUUSD,2020-04-08T20:54:00+02:00,1652.370,1652.370,1652.210,1652.280,8
SQ:XAUUSD,2020-04-08T20:55:00+02:00,1652.280,1652.380,1652.220,1652.300,12
SQ:XAUUSD,2020-04-08T20:56:00+02:00,1652.300,1652.300,1651.760,1651.760,13
SQ:XAUUSD,2020-04-08T20:57:00+02:00,1651.760,1651.970,1651.750,1651.810,8
SQ:XAUUSD,2020-04-08T20:58:00+02:00,1651.810,1652.010,1651.810,1652.010,4
SQ:XAUUSD,2020-04-08T20:59:00+02:00,1652.010,1652.010,1651.930,1651.930,4
SQ:XAUUSD,2020-04-08T21:00:00+02:00,1651.860,1651.930,1651.210,1651.800,32
SQ:XAUUSD,2020-04-08T21:01:00+02:00,1651.720,1651.950,1651.700,1651.790,10
SQ:XAUUSD,2020-04-08T21:02:00+02:00,1651.790,1651.790,1651.580,1651.630,11
SQ:XAUUSD,2020-04-08T21:03:00+02:00,1651.630,1651.630,1650.590,1650.640,39
SQ:XAUUSD,2020-04-08T21:04:00+02:00,1650.640,1651.040,1650.590,1651.010,33
SQ:XAUUSD,2020-04-08T21:05:00+02:00,1651.010,1651.060,1649.780,1649.860,53
SQ:XAUUSD,2020-04-08T21:06:00+02:00,1649.860,1650.130,1649.440,1649.540,22
SQ:XAUUSD,2020-04-08T21:07:00+02:00,1649.540,1650.030,1648.720,1649.200,67
SQ:XAUUSD,2020-04-08T21:08:00+02:00,1649.180,1649.320,1649.030,1649.220,15
SQ:XAUUSD,2020-04-08T21:09:00+02:00,1649.270,1649.270,1648.840,1649.030,24
SQ:XAUUSD,2020-04-08T21:10:00+02:00,1648.930,1648.930,1647.480,1647.680,146
SQ:XAUUSD,2020-04-08T21:11:00+02:00,1647.720,1647.800,1647.550,1647.790,24
SQ:XAUUSD,2020-04-08T21:12:00+02:00,1647.720,1647.730,1647.080,1647.580,36
SQ:XAUUSD,2020-04-08T21:13:00+02:00,1647.510,1647.720,1647.260,1647.290,29
SQ:XAUUSD,2020-04-08T21:14:00+02:00,1647.290,1647.840,1647.100,1647.740,24
SQ:XAUUSD,2020-04-08T21:15:00+02:00,1647.740,1648.680,1647.520,1648.680,28
SQ:XAUUSD,2020-04-08T21:16:00+02:00,1648.680,1648.800,1647.270,1647.640,62
SQ:XAUUSD,2020-04-08T21:17:00+02:00,1647.640,1647.770,1647.340,1647.430,33
SQ:XAUUSD,2020-04-08T21:18:00+02:00,1647.474,1647.744,1647.310,1647.440,17
SQ:XAUUSD,2020-04-08T21:19:00+02:00,1647.440,1647.456,1647.220,1647.390,32
SQ:XAUUSD,2020-04-08T21:20:00+02:00,1647.394,1647.544,1647.134,1647.304,62
SQ:XAUUSD,2020-04-08T21:21:00+02:00,1647.304,1648.074,1647.304,1647.946,36
SQ:XAUUSD,2020-04-08T21:22:00+02:00,1647.946,1648.110,1647.944,1648.054,30
SQ:XAUUSD,2020-04-08T21:23:00+02:00,1648.046,1648.230,1648.046,1648.184,29
SQ:XAUUSD,2020-04-08T21:24:00+02:00,1648.176,1648.740,1647.930,1648.470,49
SQ:XAUUSD,2020-04-08T21:25:00+02:00,1648.450,1648.810,1648.364,1648.364,17
SQ:XAUUSD,2020-04-08T21:26:00+02:00,1648.364,1648.366,1648.250,1648.328,32
SQ:XAUUSD,2020-04-08T21:27:00+02:00,1648.330,1648.364,1648.082,1648.082,19
SQ:XAUUSD,2020-04-08T21:28:00+02:00,1648.126,1648.340,1648.114,1648.306,26
SQ:XAUUSD,2020-04-08T21:29:00+02:00,1648.304,1648.886,1648.284,1648.320,21
SQ:XAUUSD,2020-04-08T21:30:00+02:00,1648.360,1648.466,1647.370,1648.466,60
SQ:XAUUSD,2020-04-08T21:31:00+02:00,1648.466,1649.184,1648.466,1648.940,42
SQ:XAUUSD,2020-04-08T21:32:00+02:00,1648.940,1648.994,1648.514,1648.524,31
SQ:XAUUSD,2020-04-08T21:33:00+02:00,1648.524,1648.694,1648.420,1648.474,18
SQ:XAUUSD,2020-04-08T21:34:00+02:00,1648.474,1648.524,1648.064,1648.146,41
SQ:XAUUSD,2020-04-08T21:35:00+02:00,1648.226,1648.406,1648.226,1648.340,38
SQ:XAUUSD,2020-04-08T21:36:00+02:00,1648.304,1648.424,1648.030,1648.270,43
SQ:XAUUSD,2020-04-08T21:37:00+02:00,1648.270,1648.430,1648.200,1648.264,14
SQ:XAUUSD,2020-04-08T21:38:00+02:00,1648.264,1648.276,1647.906,1647.906,35
SQ:XAUUSD,2020-04-08T21:39:00+02:00,1647.904,1648.064,1647.620,1648.024,81
SQ:XAUUSD,2020-04-08T21:40:00+02:00,1648.016,1648.276,1648.010,1648.224,35
SQ:XAUUSD,2020-04-08T21:41:00+02:00,1648.246,1648.260,1647.940,1647.976,43
SQ:XAUUSD,2020-04-08T21:42:00+02:00,1647.976,1648.270,1647.976,1648.240,27
SQ:XAUUSD,2020-04-08T21:43:00+02:00,1648.240,1648.240,1647.806,1648.084,52
SQ:XAUUSD,2020-04-08T21:44:00+02:00,1648.076,1648.264,1647.800,1647.860,59
SQ:XAUUSD,2020-04-08T21:45:00+02:00,1647.860,1647.900,1647.810,1647.830,17
SQ:XAUUSD,2020-04-08T21:46:00+02:00,1647.830,1648.056,1647.810,1647.930,46
SQ:XAUUSD,2020-04-08T21:47:00+02:00,1647.970,1648.244,1647.970,1648.064,23
SQ:XAUUSD,2020-04-08T21:48:00+02:00,1648.074,1648.234,1647.800,1648.046,35
SQ:XAUUSD,2020-04-08T21:49:00+02:00,1648.056,1648.184,1647.994,1648.014,42
SQ:XAUUSD,2020-04-08T21:50:00+02:00,1648.034,1648.510,1646.706,1646.744,135
SQ:XAUUSD,2020-04-08T21:51:00+02:00,1646.744,1647.094,1646.734,1646.784,86
SQ:XAUUSD,2020-04-08T21:52:00+02:00,1646.784,1646.804,1646.396,1646.404,71
SQ:XAUUSD,2020-04-08T21:53:00+02:00,1646.424,1646.564,1645.844,1646.530,62
SQ:XAUUSD,2020-04-08T21:54:00+02:00,1646.530,1647.000,1646.240,1646.250,37
SQ:XAUUSD,2020-04-08T21:55:00+02:00,1646.250,1646.490,1644.734,1645.090,94
SQ:XAUUSD,2020-04-08T21:56:00+02:00,1645.170,1645.910,1644.920,1645.710,56
SQ:XAUUSD,2020-04-08T21:57:00+02:00,1645.710,1645.710,1644.950,1645.130,62
SQ:XAUUSD,2020-04-08T21:58:00+02:00,1645.130,1645.170,1644.440,1644.540,78
SQ:XAUUSD,2020-04-08T21:59:00+02:00,1644.540,1645.470,1644.420,1644.980,137
SQ:XAUUSD,2020-04-08T22:00:00+02:00,1644.980,1646.180,1644.220,1645.850,73
SQ:XAUUSD,2020-04-08T22:01:00+02:00,1645.850,1646.220,1645.390,1645.570,46
SQ:XAUUSD,2020-04-08T22:02:00+02:00,1645.560,1645.850,1644.870,1645.190,42
SQ:XAUUSD,2020-04-08T22:03:00+02:00,1645.190,1645.240,1644.590,1644.850,40
SQ:XAUUSD,2020-04-08T22:04:00+02:00,1644.850,1645.150,1644.680,1644.890,40
SQ:XAUUSD,2020-04-08T22:05:00+02:00,1644.890,1645.100,1644.790,1644.790,22
SQ:XAUUSD,2020-04-08T22:06:00+02:00,1644.790,1644.800,1644.390,1644.540,34
SQ:XAUUSD,2020-04-08T22:07:00+02:00,1644.540,1644.660,1644.030,1644.660,24
SQ:XAUUSD,2020-04-08T22:08:00+02:00,1644.660,1645.666,1644.570,1645.666,47
SQ:XAUUSD,2020-04-08T22:09:00+02:00,1645.662,1645.662,1645.070,1645.280,29
SQ:XAUUSD,2020-04-08T22:10:00+02:00,1645.280,1645.350,1644.900,1645.050,27
SQ:XAUUSD,2020-04-08T22:11:00+02:00,1645.030,1645.434,1645.030,1645.400,20
SQ:XAUUSD,2020-04-08T22:12:00+02:00,1645.390,1645.550,1645.180,1645.180,22
SQ:XAUUSD,2020-04-08T22:13:00+02:00,1645.240,1645.490,1645.170,1645.430,14
SQ:XAUUSD,2020-04-08T22:14:00+02:00,1645.430,1645.430,1645.180,1645.270,18
SQ:XAUUSD,2020-04-08T22:15:00+02:00,1645.270,1645.390,1645.200,1645.230,17
SQ:XAUUSD,2020-04-08T22:16:00+02:00,1645.230,1645.320,1645.090,1645.320,16
SQ:XAUUSD,2020-04-08T22:17:00+02:00,1645.320,1645.570,1645.260,1645.550,12
SQ:XAUUSD,2020-04-08T22:18:00+02:00,1645.550,1645.580,1645.370,1645.440,21
SQ:XAUUSD,2020-04-08T22:19:00+02:00,1645.360,1645.360,1645.220,1645.300,9
SQ:XAUUSD,2020-04-08T22:20:00+02:00,1645.300,1645.890,1645.300,1645.810,15
SQ:XAUUSD,2020-04-08T22:21:00+02:00,1645.810,1645.810,1645.450,1645.610,10
SQ:XAUUSD,2020-04-08T22:22:00+02:00,1645.670,1645.740,1645.610,1645.730,14
SQ:XAUUSD,2020-04-08T22:23:00+02:00,1645.730,1646.210,1645.730,1646.040,17
SQ:XAUUSD,2020-04-08T22:24:00+02:00,1646.030,1646.060,1645.900,1645.930,15
SQ:XAUUSD,2020-04-08T22:25:00+02:00,1645.970,1645.980,1645.480,1645.500,13
SQ:XAUUSD,2020-04-08T22:26:00+02:00,1645.500,1645.790,1645.500,1645.790,9
SQ:XAUUSD,2020-04-08T22:27:00+02:00,1645.760,1646.270,1645.700,1646.090,15
SQ:XAUUSD,2020-04-08T22:28:00+02:00,1646.110,1646.610,1646.060,1646.610,17
SQ:XAUUSD,2020-04-08T22:29:00+02:00,1646.610,1646.610,1646.430,1646.430,12
SQ:XAUUSD,2020-04-08T22:30:00+02:00,1646.360,1646.490,1644.590,1645.010,62
SQ:XAUUSD,2020-04-08T22:31:00+02:00,1644.970,1645.410,1644.170,1644.810,40
SQ:XAUUSD,2020-04-08T22:32:00+02:00,1643.910,1645.360,1643.540,1645.360,66
SQ:XAUUSD,2020-04-08T22:33:00+02:00,1645.360,1645.360,1644.780,1645.160,16
SQ:XAUUSD,2020-04-08T22:34:00+02:00,1645.160,1645.360,1645.030,1645.310,9
SQ:XAUUSD,2020-04-08T22:35:00+02:00,1645.310,1645.310,1644.870,1645.130,15
SQ:XAUUSD,2020-04-08T22:36:00+02:00,1645.130,1645.310,1644.950,1645.260,6
SQ:XAUUSD,2020-04-08T22:37:00+02:00,1645.260,1645.460,1644.980,1645.460,9
SQ:XAUUSD,2020-04-08T22:38:00+02:00,1645.460,1646.010,1645.430,1645.960,9
SQ:XAUUSD,2020-04-08T22:39:00+02:00,1645.960,1645.960,1645.630,1645.830,4
SQ:XAUUSD,2020-04-08T22:40:00+02:00,1645.830,1645.830,1645.230,1645.510,14
SQ:XAUUSD,2020-04-08T22:41:00+02:00,1645.510,1645.510,1645.200,1645.460,11
SQ:XAUUSD,2020-04-08T22:42:00+02:00,1645.460,1645.460,1645.230,1645.280,3
SQ:XAUUSD,2020-04-08T22:43:00+02:00,1645.290,1645.696,1645.250,1645.696,14
SQ:XAUUSD,2020-04-08T22:44:00+02:00,1645.700,1645.800,1645.630,1645.798,17
SQ:XAUUSD,2020-04-08T22:45:00+02:00,1645.798,1645.798,1645.420,1645.506,16
SQ:XAUUSD,2020-04-08T22:46:00+02:00,1645.490,1645.606,1645.460,1645.606,15
SQ:XAUUSD,2020-04-08T22:47:00+02:00,1645.626,1645.850,1645.626,1645.820,17
SQ:XAUUSD,2020-04-08T22:48:00+02:00,1645.830,1645.850,1645.780,1645.780,11
SQ:XAUUSD,2020-04-08T22:49:00+02:00,1645.780,1645.780,1644.600,1645.260,56
SQ:XAUUSD,2020-04-08T22:50:00+02:00,1645.260,1645.460,1645.250,1645.300,25
SQ:XAUUSD,2020-04-08T22:51:00+02:00,1645.290,1645.430,1645.190,1645.410,22
SQ:XAUUSD,2020-04-08T22:52:00+02:00,1645.400,1645.430,1645.320,1645.320,9
SQ:XAUUSD,2020-04-08T22:53:00+02:00,1645.160,1645.190,1645.100,1645.130,8
SQ:XAUUSD,2020-04-08T22:54:00+02:00,1645.150,1645.160,1644.630,1644.630,9
SQ:XAUUSD,2020-04-09T00:01:00+02:00,1641.600,1643.330,1641.600,1642.970,72
SQ:XAUUSD,2020-04-09T00:02:00+02:00,1642.970,1643.460,1642.690,1643.380,51
SQ:XAUUSD,2020-04-09T00:03:00+02:00,1643.330,1644.390,1643.330,1644.170,31
SQ:XAUUSD,2020-04-09T00:04:00+02:00,1644.220,1644.470,1643.850,1644.330,21
SQ:XAUUSD,2020-04-09T00:05:00+02:00,1644.420,1644.490,1643.450,1644.390,21
SQ:XAUUSD,2020-04-09T00:06:00+02:00,1644.390,1644.480,1643.730,1644.440,16
SQ:XAUUSD,2020-04-09T00:07:00+02:00,1644.440,1644.480,1644.100,1644.390,44
SQ:XAUUSD,2020-04-09T00:08:00+02:00,1644.420,1644.500,1644.150,1644.410,10
SQ:XAUUSD,2020-04-09T00:09:00+02:00,1644.410,1645.350,1644.220,1645.350,26
SQ:XAUUSD,2020-04-09T00:10:00+02:00,1645.420,1645.470,1644.340,1644.340,16
SQ:XAUUSD,2020-04-09T00:11:00+02:00,1644.340,1645.460,1644.340,1645.460,27
SQ:XAUUSD,2020-04-09T00:12:00+02:00,1645.460,1645.840,1645.460,1645.840,14
SQ:XAUUSD,2020-04-09T00:13:00+02:00,1645.830,1646.130,1645.500,1645.560,28
SQ:XAUUSD,2020-04-09T00:14:00+02:00,1645.540,1646.310,1645.490,1645.920,18
SQ:XAUUSD,2020-04-09T00:15:00+02:00,1645.920,1646.260,1645.920,1646.220,15
SQ:XAUUSD,2020-04-09T00:16:00+02:00,1646.240,1646.240,1646.070,1646.070,9
SQ:XAUUSD,2020-04-09T00:17:00+02:00,1646.070,1646.390,1646.060,1646.300,15
SQ:XAUUSD,2020-04-09T00:18:00+02:00,1646.300,1646.540,1646.300,1646.490,12
SQ:XAUUSD,2020-04-09T00:19:00+02:00,1646.490,1646.490,1646.020,1646.120,11
SQ:XAUUSD,2020-04-09T00:20:00+02:00,1646.060,1646.720,1646.040,1646.640,17
SQ:XAUUSD,2020-04-09T00:21:00+02:00,1646.600,1646.710,1646.170,1646.250,23
SQ:XAUUSD,2020-04-09T00:22:00+02:00,1646.210,1646.300,1646.150,1646.150,11
SQ:XAUUSD,2020-04-09T00:23:00+02:00,1646.150,1646.350,1646.090,1646.330,14
SQ:XAUUSD,2020-04-09T00:24:00+02:00,1646.330,1646.560,1646.320,1646.410,14
SQ:XAUUSD,2020-04-09T00:25:00+02:00,1646.470,1646.680,1646.400,1646.400,15
SQ:XAUUSD,2020-04-09T00:26:00+02:00,1646.400,1646.450,1646.160,1646.370,16
SQ:XAUUSD,2020-04-09T00:27:00+02:00,1646.370,1646.520,1645.770,1646.330,9
SQ:XAUUSD,2020-04-09T00:28:00+02:00,1646.290,1646.290,1645.940,1645.940,13
SQ:XAUUSD,2020-04-09T00:29:00+02:00,1645.890,1645.890,1645.750,1645.750,6
SQ:XAUUSD,2020-04-09T00:30:00+02:00,1645.700,1646.200,1645.500,1646.200,21
SQ:XAUUSD,2020-04-09T00:31:00+02:00,1646.160,1646.750,1645.460,1646.380,22
SQ:XAUUSD,2020-04-09T00:32:00+02:00,1646.390,1647.290,1645.990,1646.820,33
SQ:XAUUSD,2020-04-09T00:33:00+02:00,1646.870,1647.380,1646.250,1647.200,22
SQ:XAUUSD,2020-04-09T00:34:00+02:00,1647.160,1647.450,1646.970,1647.180,34
SQ:XAUUSD,2020-04-09T00:35:00+02:00,1647.180,1647.430,1646.720,1647.010,40
SQ:XAUUSD,2020-04-09T00:36:00+02:00,1647.010,1647.010,1646.190,1646.840,38
SQ:XAUUSD,2020-04-09T00:37:00+02:00,1646.790,1647.200,1646.680,1647.150,26
SQ:XAUUSD,2020-04-09T00:38:00+02:00,1647.150,1647.150,1646.710,1646.790,25
SQ:XAUUSD,2020-04-09T00:39:00+02:00,1646.790,1647.070,1646.610,1646.980,39
SQ:XAUUSD,2020-04-09T00:40:00+02:00,1646.910,1647.180,1646.730,1647.030,20
SQ:XAUUSD,2020-04-09T00:41:00+02:00,1647.030,1647.090,1646.670,1646.870,34
SQ:XAUUSD,2020-04-09T00:42:00+02:00,1646.870,1647.220,1646.830,1646.830,10
SQ:XAUUSD,2020-04-09T00:43:00+02:00,1646.830,1647.270,1645.690,1645.740,42
SQ:XAUUSD,2020-04-09T00:44:00+02:00,1645.760,1646.650,1645.520,1646.630,25
SQ:XAUUSD,2020-04-09T00:45:00+02:00,1646.680,1646.940,1646.050,1646.840,23
SQ:XAUUSD,2020-04-09T00:46:00+02:00,1646.800,1646.800,1646.340,1646.500,19
SQ:XAUUSD,2020-04-09T00:47:00+02:00,1646.510,1646.750,1645.910,1646.660,11
SQ:XAUUSD,2020-04-09T00:48:00+02:00,1646.660,1646.900,1645.720,1646.650,15
SQ:XAUUSD,2020-04-09T00:49:00+02:00,1646.650,1647.090,1645.880,1647.090,21
SQ:XAUUSD,2020-04-09T00:50:00+02:00,1647.090,1647.170,1646.390,1647.090,9
SQ:XAUUSD,2020-04-09T00:51:00+02:00,1647.090,1647.180,1646.930,1647.040,8
SQ:XAUUSD,2020-04-09T00:52:00+02:00,1647.040,1647.150,1647.040,1647.090,5
SQ:XAUUSD,2020-04-09T00:53:00+02:00,1647.090,1647.660,1647.090,1647.360,25
SQ:XAUUSD,2020-04-09T00:54:00+02:00,1647.330,1647.490,1646.980,1647.030,24
SQ:XAUUSD,2020-04-09T00:55:00+02:00,1647.030,1647.050,1647.030,1647.050,2
SQ:XAUUSD,2020-04-09T00:56:00+02:00,1647.050,1647.050,1646.950,1647.000,3
SQ:XAUUSD,2020-04-09T00:57:00+02:00,1647.000,1647.160,1646.930,1647.140,7
SQ:XAUUSD,2020-04-09T00:58:00+02:00,1647.140,1647.250,1647.140,1647.250,7
SQ:XAUUSD,2020-04-09T00:59:00+02:00,1647.250,1647.250,1647.180,1647.180,2
SQ:XAUUSD,2020-04-09T01:00:00+02:00,1647.180,1647.180,1647.080,1647.080,3
SQ:XAUUSD,2020-04-09T01:01:00+02:00,1647.080,1647.080,1646.360,1646.910,27
SQ:XAUUSD,2020-04-09T01:02:00+02:00,1646.910,1646.970,1646.490,1646.780,16
SQ:XAUUSD,2020-04-09T01:03:00+02:00,1646.650,1646.680,1646.400,1646.400,6
SQ:XAUUSD,2020-04-09T01:04:00+02:00,1646.320,1646.490,1646.320,1646.490,5
SQ:XAUUSD,2020-04-09T01:05:00+02:00,1646.490,1646.490,1646.490,1646.490,1
SQ:XAUUSD,2020-04-09T01:06:00+02:00,1646.490,1646.490,1646.450,1646.450,2
SQ:XAUUSD,2020-04-09T01:07:00+02:00,1646.450,1646.516,1645.596,1645.910,32
SQ:XAUUSD,2020-04-09T01:08:00+02:00,1645.970,1646.180,1645.796,1646.090,19
SQ:XAUUSD,2020-04-09T01:09:00+02:00,1646.200,1646.200,1645.270,1645.270,15
SQ:XAUUSD,2020-04-09T01:10:00+02:00,1645.280,1645.410,1645.280,1645.350,9
SQ:XAUUSD,2020-04-09T01:11:00+02:00,1645.330,1645.500,1645.320,1645.500,11
SQ:XAUUSD,2020-04-09T01:12:00+02:00,1645.560,1645.760,1645.560,1645.750,14
SQ:XAUUSD,2020-04-09T01:13:00+02:00,1645.860,1645.960,1644.420,1644.470,24
SQ:XAUUSD,2020-04-09T01:14:00+02:00,1644.440,1644.580,1644.420,1644.580,15
SQ:XAUUSD,2020-04-09T01:15:00+02:00,1644.580,1644.870,1644.580,1644.870,5
SQ:XAUUSD,2020-04-09T01:16:00+02:00,1644.870,1644.880,1644.390,1644.480,16
SQ:XAUUSD,2020-04-09T01:17:00+02:00,1644.480,1644.540,1644.480,1644.540,4
SQ:XAUUSD,2020-04-09T01:18:00+02:00,1644.650,1645.130,1644.520,1644.750,21
SQ:XAUUSD,2020-04-09T01:19:00+02:00,1644.780,1645.050,1644.720,1645.000,15
SQ:XAUUSD,2020-04-09T01:20:00+02:00,1645.000,1645.260,1645.000,1645.260,7
SQ:XAUUSD,2020-04-09T01:21:00+02:00,1645.260,1645.594,1645.104,1645.104,20
SQ:XAUUSD,2020-04-09T01:22:00+02:00,1645.090,1645.810,1645.090,1645.710,16
SQ:XAUUSD,2020-04-09T01:23:00+02:00,1645.710,1645.970,1645.400,1645.890,19
SQ:XAUUSD,2020-04-09T01:24:00+02:00,1645.890,1646.110,1645.550,1645.550,26
SQ:XAUUSD,2020-04-09T01:25:00+02:00,1645.570,1645.750,1645.570,1645.610,5
SQ:XAUUSD,2020-04-09T01:26:00+02:00,1645.610,1645.610,1645.460,1645.520,6
SQ:XAUUSD,2020-04-09T01:27:00+02:00,1645.570,1645.620,1645.570,1645.620,4
SQ:XAUUSD,2020-04-09T01:28:00+02:00,1645.630,1645.820,1645.630,1645.820,4
SQ:XAUUSD,2020-04-09T01:29:00+02:00,1645.790,1645.860,1645.750,1645.750,6
SQ:XAUUSD,2020-04-09T01:30:00+02:00,1645.750,1645.890,1645.690,1645.720,8
SQ:XAUUSD,2020-04-09T01:31:00+02:00,1645.720,1645.720,1645.220,1645.240,6
SQ:XAUUSD,2020-04-09T01:32:00+02:00,1645.240,1645.830,1645.160,1645.830,12
SQ:XAUUSD,2020-04-09T01:33:00+02:00,1645.830,1646.700,1645.760,1646.590,25
SQ:XAUUSD,2020-04-09T01:34:00+02:00,1646.590,1646.610,1646.400,1646.560,14
SQ:XAUUSD,2020-04-09T01:35:00+02:00,1646.570,1646.790,1646.480,1646.750,17
SQ:XAUUSD,2020-04-09T01:36:00+02:00,1646.800,1646.860,1645.540,1645.540,21
SQ:XAUUSD,2020-04-09T01:37:00+02:00,1645.490,1645.850,1645.490,1645.770,15
SQ:XAUUSD,2020-04-09T01:38:00+02:00,1645.770,1645.770,1645.690,1645.690,5
SQ:XAUUSD,2020-04-09T01:39:00+02:00,1645.700,1646.160,1645.690,1646.130,8
SQ:XAUUSD,2020-04-09T01:40:00+02:00,1646.140,1646.270,1646.140,1646.250,6
SQ:XAUUSD,2020-04-09T01:41:00+02:00,1646.250,1646.330,1646.070,1646.250,10
SQ:XAUUSD,2020-04-09T01:42:00+02:00,1646.250,1646.480,1646.250,1646.440,14
SQ:XAUUSD,2020-04-09T01:43:00+02:00,1646.460,1646.690,1646.460,1646.580,13
SQ:XAUUSD,2020-04-09T01:44:00+02:00,1646.570,1646.590,1646.200,1646.290,11
SQ:XAUUSD,2020-04-09T01:45:00+02:00,1646.370,1646.480,1646.260,1646.460,16
SQ:XAUUSD,2020-04-09T01:46:00+02:00,1646.530,1646.690,1646.230,1646.370,18
SQ:XAUUSD,2020-04-09T01:47:00+02:00,1646.370,1646.620,1646.370,1646.620,9
SQ:XAUUSD,2020-04-09T01:48:00+02:00,1646.590,1646.850,1646.570,1646.650,17
SQ:XAUUSD,2020-04-09T01:49:00+02:00,1646.650,1647.050,1646.650,1647.050,8
SQ:XAUUSD,2020-04-09T01:50:00+02:00,1646.960,1646.960,1646.650,1646.900,12
SQ:XAUUSD,2020-04-09T01:51:00+02:00,1646.900,1646.900,1646.690,1646.860,8
SQ:XAUUSD,2020-04-09T01:52:00+02:00,1646.800,1646.940,1646.290,1646.590,24
SQ:XAUUSD,2020-04-09T01:53:00+02:00,1646.590,1646.860,1646.530,1646.840,12
SQ:XAUUSD,2020-04-09T01:54:00+02:00,1646.840,1647.040,1646.680,1647.040,14
SQ:XAUUSD,2020-04-09T01:55:00+02:00,1647.040,1647.190,1646.880,1647.050,14
SQ:XAUUSD,2020-04-09T01:56:00+02:00,1647.060,1647.180,1646.910,1646.920,17
SQ:XAUUSD,2020-04-09T01:57:00+02:00,1646.940,1646.940,1646.710,1646.800,11
SQ:XAUUSD,2020-04-09T01:58:00+02:00,1646.750,1646.750,1646.580,1646.580,9
SQ:XAUUSD,2020-04-09T01:59:00+02:00,1646.580,1646.810,1646.580,1646.740,13
SQ:XAUUSD,2020-04-09T02:00:00+02:00,1646.710,1646.710,1646.150,1646.590,34
SQ:XAUUSD,2020-04-09T02:01:00+02:00,1646.570,1646.740,1646.410,1646.410,20
SQ:XAUUSD,2020-04-09T02:02:00+02:00,1646.410,1646.700,1646.410,1646.590,15
SQ:XAUUSD,2020-04-09T02:03:00+02:00,1646.590,1647.890,1646.590,1647.860,47
SQ:XAUUSD,2020-04-09T02:04:00+02:00,1647.840,1647.920,1646.324,1646.870,42
SQ:XAUUSD,2020-04-09T02:05:00+02:00,1646.870,1647.440,1646.680,1647.380,40
SQ:XAUUSD,2020-04-09T02:06:00+02:00,1647.380,1647.450,1647.100,1647.240,33
SQ:XAUUSD,2020-04-09T02:07:00+02:00,1647.260,1647.450,1647.110,1647.190,41
SQ:XAUUSD,2020-04-09T02:08:00+02:00,1647.190,1647.704,1647.150,1647.314,37
SQ:XAUUSD,2020-04-09T02:09:00+02:00,1647.360,1647.450,1647.230,1647.270,22
SQ:XAUUSD,2020-04-09T02:10:00+02:00,1647.230,1647.270,1646.870,1646.930,27
SQ:XAUUSD,2020-04-09T02:11:00+02:00,1646.930,1647.020,1646.830,1646.960,23
SQ:XAUUSD,2020-04-09T02:12:00+02:00,1646.960,1646.990,1646.610,1646.960,18
SQ:XAUUSD,2020-04-09T02:13:00+02:00,1646.960,1647.090,1646.810,1647.040,19
SQ:XAUUSD,2020-04-09T02:14:00+02:00,1647.040,1647.040,1646.690,1646.840,23
SQ:XAUUSD,2020-04-09T02:15:00+02:00,1646.880,1646.880,1646.600,1646.700,29
SQ:XAUUSD,2020-04-09T02:16:00+02:00,1646.670,1646.670,1646.220,1646.290,33
SQ:XAUUSD,2020-04-09T02:17:00+02:00,1646.290,1646.370,1646.170,1646.260,18
SQ:XAUUSD,2020-04-09T02:18:00+02:00,1646.260,1646.360,1646.220,1646.280,18
SQ:XAUUSD,2020-04-09T02:19:00+02:00,1646.260,1646.410,1646.210,1646.410,15
SQ:XAUUSD,2020-04-09T02:20:00+02:00,1646.410,1646.770,1646.370,1646.770,26
SQ:XAUUSD,2020-04-09T02:21:00+02:00,1646.770,1646.770,1646.340,1646.540,28
SQ:XAUUSD,2020-04-09T02:22:00+02:00,1646.540,1646.680,1646.350,1646.590,18
SQ:XAUUSD,2020-04-09T02:23:00+02:00,1646.630,1646.810,1646.450,1646.450,7
SQ:XAUUSD,2020-04-09T02:24:00+02:00,1646.490,1646.700,1646.400,1646.400,16
SQ:XAUUSD,2020-04-09T02:25:00+02:00,1646.400,1646.558,1646.150,1646.558,18
SQ:XAUUSD,2020-04-09T02:26:00+02:00,1646.534,1646.938,1646.500,1646.844,32
SQ:XAUUSD,2020-04-09T02:27:00+02:00,1646.844,1647.194,1646.834,1646.944,33
SQ:XAUUSD,2020-04-09T02:28:00+02:00,1646.944,1647.130,1646.844,1646.934,33
SQ:XAUUSD,2020-04-09T02:29:00+02:00,1646.934,1647.198,1646.780,1647.130,14
SQ:XAUUSD,2020-04-09T02:30:00+02:00,1647.130,1647.130,1647.110,1647.130,3
SQ:XAUUSD,2020-04-09T02:31:00+02:00,1647.130,1647.320,1647.130,1647.130,16
SQ:XAUUSD,2020-04-09T02:32:00+02:00,1647.180,1647.230,1647.130,1647.230,3
SQ:XAUUSD,2020-04-09T02:33:00+02:00,1647.130,1647.280,1647.130,1647.130,6
SQ:XAUUSD,2020-04-09T02:34:00+02:00,1647.130,1647.130,1647.130,1647.130,1
SQ:XAUUSD,2020-04-09T02:35:00+02:00,1647.160,1647.320,1647.130,1647.130,7
SQ:XAUUSD,2020-04-09T02:36:00+02:00,1647.360,1647.410,1647.170,1647.230,10
SQ:XAUUSD,2020-04-09T02:37:00+02:00,1647.230,1647.500,1647.230,1647.230,6
SQ:XAUUSD,2020-04-09T02:38:00+02:00,1647.230,1647.230,1645.700,1646.430,37
SQ:XAUUSD,2020-04-09T02:39:00+02:00,1646.430,1646.700,1646.380,1646.630,17
SQ:XAUUSD,2020-04-09T02:40:00+02:00,1646.630,1646.670,1646.350,1646.500,25
SQ:XAUUSD,2020-04-09T02:41:00+02:00,1646.500,1647.270,1646.500,1647.180,31
SQ:XAUUSD,2020-04-09T02:42:00+02:00,1647.180,1647.250,1645.900,1646.100,48
SQ:XAUUSD,2020-04-09T02:43:00+02:00,1646.100,1646.740,1646.100,1646.560,20
SQ:XAUUSD,2020-04-09T02:44:00+02:00,1646.560,1646.750,1646.470,1646.550,21
SQ:XAUUSD,2020-04-09T02:45:00+02:00,1646.550,1646.550,1646.300,1646.380,15
SQ:XAUUSD,2020-04-09T02:46:00+02:00,1646.460,1646.610,1646.410,1646.600,11
SQ:XAUUSD,2020-04-09T02:47:00+02:00,1646.620,1646.730,1646.580,1646.730,12
SQ:XAUUSD,2020-04-09T02:48:00+02:00,1646.730,1647.230,1646.590,1647.230,25
SQ:XAUUSD,2020-04-09T02:49:00+02:00,1647.230,1647.670,1647.170,1647.360,52
SQ:XAUUSD,2020-04-09T02:50:00+02:00,1647.360,1647.630,1646.980,1647.630,23
SQ:XAUUSD,2020-04-09T02:51:00+02:00,1647.630,1648.080,1647.520,1647.520,39
SQ:XAUUSD,2020-04-09T02:52:00+02:00,1647.510,1647.920,1647.330,1647.560,38
SQ:XAUUSD,2020-04-09T02:53:00+02:00,1647.590,1647.760,1647.310,1647.740,47
SQ:XAUUSD,2020-04-09T02:54:00+02:00,1647.740,1647.800,1647.170,1647.570,17
SQ:XAUUSD,2020-04-09T02:55:00+02:00,1647.580,1647.580,1646.520,1647.250,27
SQ:XAUUSD,2020-04-09T02:56:00+02:00,1647.250,1647.530,1646.400,1647.210,54
SQ:XAUUSD,2020-04-09T02:57:00+02:00,1647.240,1647.310,1646.900,1646.900,24
SQ:XAUUSD,2020-04-09T02:58:00+02:00,1646.910,1647.120,1646.850,1647.030,26
SQ:XAUUSD,2020-04-09T02:59:00+02:00,1647.030,1647.210,1646.930,1647.100,32
SQ:XAUUSD,2020-04-09T03:00:00+02:00,1647.140,1648.060,1646.970,1647.990,148
SQ:XAUUSD,2020-04-09T03:01:00+02:00,1647.990,1648.130,1647.330,1647.600,55
SQ:XAUUSD,2020-04-09T03:02:00+02:00,1647.600,1648.520,1647.520,1648.190,87
SQ:XAUUSD,2020-04-09T03:03:00+02:00,1648.240,1648.530,1647.580,1648.060,56
SQ:XAUUSD,2020-04-09T03:04:00+02:00,1648.060,1649.030,1647.220,1647.890,128
SQ:XAUUSD,2020-04-09T03:05:00+02:00,1647.800,1647.920,1647.230,1647.480,60
SQ:XAUUSD,2020-04-09T03:06:00+02:00,1647.530,1647.670,1646.720,1647.240,56
SQ:XAUUSD,2020-04-09T03:07:00+02:00,1647.490,1647.490,1646.100,1646.450,67
SQ:XAUUSD,2020-04-09T03:08:00+02:00,1646.620,1646.620,1645.870,1646.280,33
SQ:XAUUSD,2020-04-09T03:09:00+02:00,1646.330,1646.350,1645.680,1646.210,36
SQ:XAUUSD,2020-04-09T03:10:00+02:00,1646.270,1646.470,1645.940,1646.180,68
SQ:XAUUSD,2020-04-09T03:11:00+02:00,1646.150,1646.880,1646.100,1646.630,49
SQ:XAUUSD,2020-04-09T03:12:00+02:00,1646.660,1646.970,1646.630,1646.720,40
SQ:XAUUSD,2020-04-09T03:13:00+02:00,1646.680,1647.020,1646.630,1646.670,26
SQ:XAUUSD,2020-04-09T03:14:00+02:00,1646.670,1647.310,1646.560,1647.000,35
SQ:XAUUSD,2020-04-09T03:15:00+02:00,1647.000,1647.390,1646.830,1646.950,44
SQ:XAUUSD,2020-04-09T03:16:00+02:00,1646.900,1647.130,1646.770,1647.010,31
SQ:XAUUSD,2020-04-09T03:17:00+02:00,1647.050,1647.590,1647.010,1647.430,51
SQ:XAUUSD,2020-04-09T03:18:00+02:00,1647.390,1647.440,1646.300,1646.390,57
SQ:XAUUSD,2020-04-09T03:19:00+02:00,1646.440,1646.570,1646.230,1646.370,28
SQ:XAUUSD,2020-04-09T03:20:00+02:00,1646.370,1646.400,1645.770,1645.970,27
SQ:XAUUSD,2020-04-09T03:21:00+02:00,1645.940,1647.060,1645.600,1646.900,44
SQ:XAUUSD,2020-04-09T03:22:00+02:00,1646.900,1647.000,1646.780,1646.930,26
SQ:XAUUSD,2020-04-09T03:23:00+02:00,1646.970,1647.400,1646.880,1647.110,37
SQ:XAUUSD,2020-04-09T03:24:00+02:00,1647.180,1647.560,1647.060,1647.160,35
SQ:XAUUSD,2020-04-09T03:25:00+02:00,1647.420,1647.420,1646.630,1646.950,46
SQ:XAUUSD,2020-04-09T03:26:00+02:00,1647.010,1647.490,1646.980,1647.390,19
SQ:XAUUSD,2020-04-09T03:27:00+02:00,1647.390,1647.670,1646.980,1647.500,32
SQ:XAUUSD,2020-04-09T03:28:00+02:00,1647.520,1647.560,1646.910,1647.250,39
SQ:XAUUSD,2020-04-09T03:29:00+02:00,1647.210,1647.410,1647.210,1647.380,13
SQ:XAUUSD,2020-04-09T03:30:00+02:00,1647.430,1647.590,1646.740,1647.590,39
SQ:XAUUSD,2020-04-09T03:31:00+02:00,1647.590,1647.620,1647.390,1647.390,19
SQ:XAUUSD,2020-04-09T03:32:00+02:00,1647.390,1647.630,1646.710,1647.280,43
SQ:XAUUSD,2020-04-09T03:33:00+02:00,1647.280,1647.430,1647.280,1647.410,42
SQ:XAUUSD,2020-04-09T03:34:00+02:00,1647.390,1647.390,1646.710,1647.080,42
SQ:XAUUSD,2020-04-09T03:35:00+02:00,1647.050,1647.450,1646.940,1647.370,26
SQ:XAUUSD,2020-04-09T03:36:00+02:00,1647.370,1647.470,1647.180,1647.430,30
SQ:XAUUSD,2020-04-09T03:37:00+02:00,1647.430,1647.500,1647.330,1647.500,39
SQ:XAUUSD,2020-04-09T03:38:00+02:00,1647.500,1647.520,1646.970,1647.400,42
SQ:XAUUSD,2020-04-09T03:39:00+02:00,1647.390,1647.460,1646.810,1647.450,49
SQ:XAUUSD,2020-04-09T03:40:00+02:00,1647.430,1647.460,1646.950,1647.440,46
SQ:XAUUSD,2020-04-09T03:41:00+02:00,1647.440,1647.480,1647.430,1647.450,12
SQ:XAUUSD,2020-04-09T03:42:00+02:00,1647.450,1647.450,1647.140,1647.220,38
SQ:XAUUSD,2020-04-09T03:43:00+02:00,1647.240,1647.340,1647.100,1647.130,45
SQ:XAUUSD,2020-04-09T03:44:00+02:00,1647.080,1647.400,1647.050,1647.380,39
SQ:XAUUSD,2020-04-09T03:45:00+02:00,1647.380,1647.530,1647.290,1647.420,28
SQ:XAUUSD,2020-04-09T03:46:00+02:00,1647.420,1647.550,1647.390,1647.480,29
SQ:XAUUSD,2020-04-09T03:47:00+02:00,1647.480,1647.480,1647.210,1647.380,27
SQ:XAUUSD,2020-04-09T03:48:00+02:00,1647.380,1647.540,1647.340,1647.540,16
SQ:XAUUSD,2020-04-09T03:49:00+02:00,1647.540,1647.650,1647.440,1647.540,18
SQ:XAUUSD,2020-04-09T03:50:00+02:00,1647.540,1647.540,1647.340,1647.360,11
SQ:XAUUSD,2020-04-09T03:51:00+02:00,1647.360,1647.440,1647.360,1647.440,14
SQ:XAUUSD,2020-04-09T03:52:00+02:00,1647.440,1647.520,1647.360,1647.520,16
SQ:XAUUSD,2020-04-09T03:53:00+02:00,1647.520,1647.550,1647.420,1647.550,5
SQ:XAUUSD,2020-04-09T03:54:00+02:00,1647.550,1647.550,1647.370,1647.470,5
SQ:XAUUSD,2020-04-09T03:55:00+02:00,1647.470,1647.470,1647.370,1647.400,20
SQ:XAUUSD,2020-04-09T03:56:00+02:00,1647.380,1647.520,1647.380,1647.510,16
SQ:XAUUSD,2020-04-09T03:57:00+02:00,1647.500,1647.560,1647.370,1647.530,22
SQ:XAUUSD,2020-04-09T03:58:00+02:00,1647.530,1647.980,1647.530,1647.630,38
SQ:XAUUSD,2020-04-09T03:59:00+02:00,1647.630,1647.630,1647.390,1647.550,24
SQ:XAUUSD,2020-04-09T04:00:00+02:00,1647.550,1647.550,1647.370,1647.370,8
SQ:XAUUSD,2020-04-09T04:01:00+02:00,1647.390,1647.440,1646.980,1647.250,15
SQ:XAUUSD,2020-04-09T04:02:00+02:00,1647.250,1647.340,1647.250,1647.340,10
SQ:XAUUSD,2020-04-09T04:03:00+02:00,1647.340,1647.420,1647.250,1647.350,22
SQ:XAUUSD,2020-04-09T04:04:00+02:00,1647.350,1647.350,1647.260,1647.290,15
SQ:XAUUSD,2020-04-09T04:05:00+02:00,1647.290,1647.660,1647.220,1647.420,26
SQ:XAUUSD,2020-04-09T04:06:00+02:00,1647.420,1647.510,1647.350,1647.510,16
SQ:XAUUSD,2020-04-09T04:07:00+02:00,1647.510,1647.550,1647.480,1647.530,10
SQ:XAUUSD,2020-04-09T04:08:00+02:00,1647.530,1647.560,1647.420,1647.510,19
SQ:XAUUSD,2020-04-09T04:09:00+02:00,1647.510,1647.510,1646.960,1646.980,24
SQ:XAUUSD,2020-04-09T04:10:00+02:00,1646.980,1647.370,1646.680,1647.290,38
SQ:XAUUSD,2020-04-09T04:11:00+02:00,1647.330,1647.370,1647.110,1647.250,22
SQ:XAUUSD,2020-04-09T04:12:00+02:00,1647.230,1647.500,1647.230,1647.270,64
SQ:XAUUSD,2020-04-09T04:13:00+02:00,1647.310,1647.380,1646.990,1647.020,23
SQ:XAUUSD,2020-04-09T04:14:00+02:00,1647.020,1647.020,1646.820,1646.990,18
SQ:XAUUSD,2020-04-09T04:15:00+02:00,1646.990,1647.180,1646.910,1647.150,20
SQ:XAUUSD,2020-04-09T04:16:00+02:00,1647.150,1647.380,1647.080,1647.080,16
SQ:XAUUSD,2020-04-09T04:17:00+02:00,1647.070,1647.370,1647.070,1647.360,9
SQ:XAUUSD,2020-04-09T04:18:00+02:00,1647.350,1647.630,1647.240,1647.620,24
SQ:XAUUSD,2020-04-09T04:19:00+02:00,1647.620,1647.710,1647.600,1647.680,19
SQ:XAUUSD,2020-04-09T04:20:00+02:00,1647.670,1647.760,1647.630,1647.760,10
SQ:XAUUSD,2020-04-09T04:21:00+02:00,1647.760,1647.960,1647.700,1647.750,13
SQ:XAUUSD,2020-04-09T04:22:00+02:00,1647.750,1647.780,1647.630,1647.630,9
SQ:XAUUSD,2020-04-09T04:23:00+02:00,1647.630,1647.860,1647.630,1647.860,8
SQ:XAUUSD,2020-04-09T04:24:00+02:00,1647.860,1647.860,1647.770,1647.790,8
SQ:XAUUSD,2020-04-09T04:25:00+02:00,1647.790,1647.790,1647.630,1647.630,6
SQ:XAUUSD,2020-04-09T04:26:00+02:00,1647.630,1648.090,1647.630,1647.990,11
SQ:XAUUSD,2020-04-09T04:27:00+02:00,1647.990,1648.350,1647.990,1648.310,4
SQ:XAUUSD,2020-04-09T04:28:00+02:00,1648.310,1648.330,1648.270,1648.320,9
SQ:XAUUSD,2020-04-09T04:29:00+02:00,1648.340,1648.360,1648.160,1648.200,11
SQ:XAUUSD,2020-04-09T04:30:00+02:00,1648.200,1648.220,1647.970,1648.210,38
SQ:XAUUSD,2020-04-09T04:31:00+02:00,1648.210,1648.210,1648.060,1648.120,12
SQ:XAUUSD,2020-04-09T04:32:00+02:00,1648.140,1648.140,1648.040,1648.100,11
SQ:XAUUSD,2020-04-09T04:33:00+02:00,1648.100,1648.190,1648.070,1648.130,9
SQ:XAUUSD,2020-04-09T04:34:00+02:00,1648.130,1648.150,1647.980,1648.030,35
SQ:XAUUSD,2020-04-09T04:35:00+02:00,1648.030,1648.090,1647.970,1648.050,18
SQ:XAUUSD,2020-04-09T04:36:00+02:00,1648.050,1648.130,1648.010,1648.080,15
SQ:XAUUSD,2020-04-09T04:37:00+02:00,1648.080,1648.120,1647.990,1647.990,16
SQ:XAUUSD,2020-04-09T04:38:00+02:00,1647.970,1648.120,1647.960,1648.040,13
SQ:XAUUSD,2020-04-09T04:39:00+02:00,1648.040,1648.190,1648.030,1648.130,6
SQ:XAUUSD,2020-04-09T04:40:00+02:00,1648.130,1648.130,1647.980,1647.980,19
SQ:XAUUSD,2020-04-09T04:41:00+02:00,1648.000,1648.204,1647.900,1647.940,19
SQ:XAUUSD,2020-04-09T04:42:00+02:00,1647.890,1648.160,1647.620,1648.090,49
SQ:XAUUSD,2020-04-09T04:43:00+02:00,1648.090,1648.310,1646.890,1647.230,69
SQ:XAUUSD,2020-04-09T04:44:00+02:00,1647.230,1647.580,1647.070,1647.580,74
SQ:XAUUSD,2020-04-09T04:45:00+02:00,1647.540,1647.540,1647.210,1647.390,35
SQ:XAUUSD,2020-04-09T04:46:00+02:00,1647.390,1647.670,1647.020,1647.420,33
SQ:XAUUSD,2020-04-09T04:47:00+02:00,1647.420,1647.520,1647.190,1647.390,34
SQ:XAUUSD,2020-04-09T04:48:00+02:00,1647.390,1648.100,1647.390,1647.870,50
SQ:XAUUSD,2020-04-09T04:49:00+02:00,1647.850,1648.380,1647.800,1647.940,55
SQ:XAUUSD,2020-04-09T04:50:00+02:00,1647.940,1648.040,1647.890,1647.990,18
SQ:XAUUSD,2020-04-09T04:51:00+02:00,1647.990,1648.260,1647.820,1647.970,47
SQ:XAUUSD,2020-04-09T04:52:00+02:00,1647.970,1648.310,1647.950,1647.980,28
SQ:XAUUSD,2020-04-09T04:53:00+02:00,1647.940,1648.200,1647.830,1648.170,25
SQ:XAUUSD,2020-04-09T04:54:00+02:00,1648.170,1648.170,1647.670,1647.830,16
SQ:XAUUSD,2020-04-09T04:55:00+02:00,1647.830,1647.890,1647.740,1647.740,14
SQ:XAUUSD,2020-04-09T04:56:00+02:00,1647.720,1647.940,1647.720,1647.940,13
SQ:XAUUSD,2020-04-09T04:57:00+02:00,1647.910,1647.940,1647.300,1647.370,15
SQ:XAUUSD,2020-04-09T04:58:00+02:00,1647.410,1648.740,1647.390,1647.700,30
SQ:XAUUSD,2020-04-09T04:59:00+02:00,1647.700,1647.840,1647.630,1647.840,24
SQ:XAUUSD,2020-04-09T05:00:00+02:00,1647.790,1647.830,1647.620,1647.660,24
SQ:XAUUSD,2020-04-09T05:01:00+02:00,1647.660,1647.770,1647.590,1647.600,16
SQ:XAUUSD,2020-04-09T05:02:00+02:00,1647.650,1647.710,1647.390,1647.450,21
SQ:XAUUSD,2020-04-09T05:03:00+02:00,1647.440,1647.510,1647.300,1647.380,17
SQ:XAUUSD,2020-04-09T05:04:00+02:00,1647.400,1647.570,1647.390,1647.570,13
SQ:XAUUSD,2020-04-09T05:05:00+02:00,1647.580,1647.650,1647.230,1647.640,21
SQ:XAUUSD,2020-04-09T05:06:00+02:00,1647.640,1647.810,1647.510,1647.790,27
SQ:XAUUSD,2020-04-09T05:07:00+02:00,1647.860,1647.860,1647.720,1647.730,11
SQ:XAUUSD,2020-04-09T05:08:00+02:00,1647.730,1647.740,1647.550,1647.670,12
SQ:XAUUSD,2020-04-09T05:09:00+02:00,1647.700,1647.830,1647.380,1647.800,17
SQ:XAUUSD,2020-04-09T05:10:00+02:00,1647.850,1647.950,1647.800,1647.800,16
SQ:XAUUSD,2020-04-09T05:11:00+02:00,1647.800,1647.970,1647.800,1647.870,14
SQ:XAUUSD,2020-04-09T05:12:00+02:00,1647.900,1648.090,1647.860,1647.960,24
SQ:XAUUSD,2020-04-09T05:13:00+02:00,1647.960,1648.750,1647.900,1648.240,40
SQ:XAUUSD,2020-04-09T05:14:00+02:00,1648.240,1648.530,1647.870,1648.320,62
SQ:XAUUSD,2020-04-09T05:15:00+02:00,1648.330,1648.450,1648.120,1648.430,40
SQ:XAUUSD,2020-04-09T05:16:00+02:00,1648.420,1648.430,1648.010,1648.030,36
SQ:XAUUSD,2020-04-09T05:17:00+02:00,1648.030,1648.888,1648.020,1648.820,29
SQ:XAUUSD,2020-04-09T05:18:00+02:00,1648.870,1648.870,1648.370,1648.380,25
SQ:XAUUSD,2020-04-09T05:19:00+02:00,1648.380,1648.380,1647.740,1647.910,35
SQ:XAUUSD,2020-04-09T05:20:00+02:00,1647.910,1648.130,1647.690,1648.090,24
SQ:XAUUSD,2020-04-09T05:21:00+02:00,1648.100,1648.160,1647.680,1647.680,29
SQ:XAUUSD,2020-04-09T05:22:00+02:00,1647.680,1648.538,1647.610,1648.278,36
SQ:XAUUSD,2020-04-09T05:23:00+02:00,1648.280,1648.338,1647.500,1647.710,21
SQ:XAUUSD,2020-04-09T05:24:00+02:00,1647.750,1647.860,1647.680,1647.820,19
SQ:XAUUSD,2020-04-09T05:25:00+02:00,1647.850,1648.010,1647.730,1647.820,17
SQ:XAUUSD,2020-04-09T05:26:00+02:00,1647.820,1648.030,1647.550,1647.550,14
SQ:XAUUSD,2020-04-09T05:27:00+02:00,1647.570,1648.280,1647.570,1648.080,26
SQ:XAUUSD,2020-04-09T05:28:00+02:00,1648.090,1648.470,1647.990,1648.270,32
SQ:XAUUSD,2020-04-09T05:29:00+02:00,1648.270,1648.290,1648.070,1648.140,26
SQ:XAUUSD,2020-04-09T05:30:00+02:00,1648.090,1648.680,1648.070,1648.680,18
SQ:XAUUSD,2020-04-09T05:31:00+02:00,1648.730,1648.930,1648.710,1648.810,27
SQ:XAUUSD,2020-04-09T05:32:00+02:00,1648.810,1649.000,1648.580,1648.710,37
SQ:XAUUSD,2020-04-09T05:33:00+02:00,1648.710,1649.480,1648.570,1648.600,46
SQ:XAUUSD,2020-04-09T05:34:00+02:00,1648.600,1648.760,1648.520,1648.670,24
SQ:XAUUSD,2020-04-09T05:35:00+02:00,1648.670,1648.700,1648.490,1648.700,26
SQ:XAUUSD,2020-04-09T05:36:00+02:00,1648.700,1648.710,1648.640,1648.680,18
SQ:XAUUSD,2020-04-09T05:37:00+02:00,1648.690,1648.700,1648.570,1648.610,16
SQ:XAUUSD,2020-04-09T05:38:00+02:00,1648.590,1648.670,1648.410,1648.460,22
SQ:XAUUSD,2020-04-09T05:39:00+02:00,1648.460,1648.490,1648.280,1648.400,26
SQ:XAUUSD,2020-04-09T05:40:00+02:00,1648.400,1648.400,1648.350,1648.390,10
SQ:XAUUSD,2020-04-09T05:41:00+02:00,1648.390,1648.410,1648.190,1648.250,14
SQ:XAUUSD,2020-04-09T05:42:00+02:00,1648.250,1648.460,1648.150,1648.460,37
SQ:XAUUSD,2020-04-09T05:43:00+02:00,1648.460,1648.690,1648.460,1648.480,7
SQ:XAUUSD,2020-04-09T05:44:00+02:00,1648.480,1648.520,1648.260,1648.480,8
SQ:XAUUSD,2020-04-09T05:45:00+02:00,1648.450,1648.510,1647.980,1648.230,31
SQ:XAUUSD,2020-04-09T05:46:00+02:00,1648.230,1648.320,1648.130,1648.220,20
SQ:XAUUSD,2020-04-09T05:47:00+02:00,1648.220,1648.330,1648.090,1648.190,17
SQ:XAUUSD,2020-04-09T05:48:00+02:00,1648.190,1648.480,1648.150,1648.350,17
SQ:XAUUSD,2020-04-09T05:49:00+02:00,1648.350,1648.390,1648.270,1648.350,18
SQ:XAUUSD,2020-04-09T05:50:00+02:00,1648.350,1648.350,1648.010,1648.140,9
SQ:XAUUSD,2020-04-09T05:51:00+02:00,1648.150,1648.350,1648.110,1648.290,17
SQ:XAUUSD,2020-04-09T05:52:00+02:00,1648.290,1648.760,1648.290,1648.640,22
SQ:XAUUSD,2020-04-09T05:53:00+02:00,1648.680,1648.680,1648.470,1648.540,11
SQ:XAUUSD,2020-04-09T05:54:00+02:00,1648.570,1648.680,1648.490,1648.580,15
SQ:XAUUSD,2020-04-09T05:55:00+02:00,1648.630,1648.640,1648.230,1648.480,9
SQ:XAUUSD,2020-04-09T05:56:00+02:00,1648.520,1648.600,1648.380,1648.500,17
SQ:XAUUSD,2020-04-09T05:57:00+02:00,1648.170,1648.550,1648.170,1648.420,11
SQ:XAUUSD,2020-04-09T05:58:00+02:00,1648.410,1648.570,1648.390,1648.420,14
SQ:XAUUSD,2020-04-09T05:59:00+02:00,1648.420,1648.540,1648.270,1648.540,14
SQ:XAUUSD,2020-04-09T06:00:00+02:00,1648.540,1648.620,1648.170,1648.520,22
SQ:XAUUSD,2020-04-09T06:01:00+02:00,1648.530,1648.560,1648.420,1648.450,18
SQ:XAUUSD,2020-04-09T06:02:00+02:00,1648.400,1648.580,1648.030,1648.030,14
SQ:XAUUSD,2020-04-09T06:03:00+02:00,1648.030,1648.740,1648.030,1648.740,12
SQ:XAUUSD,2020-04-09T06:04:00+02:00,1648.710,1648.710,1648.550,1648.600,12
SQ:XAUUSD,2020-04-09T06:05:00+02:00,1648.640,1648.640,1648.510,1648.550,33
SQ:XAUUSD,2020-04-09T06:06:00+02:00,1648.580,1648.960,1648.390,1648.600,24
SQ:XAUUSD,2020-04-09T06:07:00+02:00,1648.600,1648.660,1648.130,1648.500,18
SQ:XAUUSD,2020-04-09T06:08:00+02:00,1648.540,1648.540,1648.090,1648.530,20
SQ:XAUUSD,2020-04-09T06:09:00+02:00,1648.530,1648.830,1648.530,1648.680,19
SQ:XAUUSD,2020-04-09T06:10:00+02:00,1648.680,1648.770,1648.620,1648.620,9
SQ:XAUUSD,2020-04-09T06:11:00+02:00,1648.660,1648.660,1648.290,1648.290,8
SQ:XAUUSD,2020-04-09T06:12:00+02:00,1648.290,1648.690,1647.980,1648.260,14
SQ:XAUUSD,2020-04-09T06:13:00+02:00,1648.270,1648.736,1648.170,1648.330,29
SQ:XAUUSD,2020-04-09T06:14:00+02:00,1648.330,1648.400,1648.180,1648.210,12
SQ:XAUUSD,2020-04-09T06:15:00+02:00,1647.900,1648.210,1647.650,1647.760,49
SQ:XAUUSD,2020-04-09T06:16:00+02:00,1647.730,1648.140,1647.720,1648.140,26
SQ:XAUUSD,2020-04-09T06:17:00+02:00,1648.140,1648.140,1647.880,1647.880,20
SQ:XAUUSD,2020-04-09T06:18:00+02:00,1647.850,1648.060,1647.780,1647.850,21
SQ:XAUUSD,2020-04-09T06:19:00+02:00,1647.850,1648.000,1647.800,1647.810,20
SQ:XAUUSD,2020-04-09T06:20:00+02:00,1647.810,1648.090,1647.810,1648.020,9
SQ:XAUUSD,2020-04-09T06:21:00+02:00,1648.020,1648.030,1647.720,1647.770,19
SQ:XAUUSD,2020-04-09T06:22:00+02:00,1647.770,1647.810,1647.640,1647.680,16
SQ:XAUUSD,2020-04-09T06:23:00+02:00,1647.640,1647.720,1647.580,1647.640,19
SQ:XAUUSD,2020-04-09T06:24:00+02:00,1647.680,1647.840,1647.680,1647.780,22
SQ:XAUUSD,2020-04-09T06:25:00+02:00,1647.780,1647.820,1647.710,1647.720,16
SQ:XAUUSD,2020-04-09T06:26:00+02:00,1647.720,1647.830,1647.150,1647.490,22
SQ:XAUUSD,2020-04-09T06:27:00+02:00,1647.490,1647.660,1647.240,1647.240,6
SQ:XAUUSD,2020-04-09T06:28:00+02:00,1647.220,1647.710,1647.220,1647.410,24
SQ:XAUUSD,2020-04-09T06:29:00+02:00,1647.290,1648.100,1647.290,1648.100,23
SQ:XAUUSD,2020-04-09T06:30:00+02:00,1648.140,1648.140,1647.820,1648.010,27
SQ:XAUUSD,2020-04-09T06:31:00+02:00,1647.960,1648.050,1647.900,1648.050,13
SQ:XAUUSD,2020-04-09T06:32:00+02:00,1648.050,1648.210,1647.900,1648.170,18
SQ:XAUUSD,2020-04-09T06:33:00+02:00,1648.170,1648.330,1648.170,1648.230,14
SQ:XAUUSD,2020-04-09T06:34:00+02:00,1648.230,1648.370,1647.620,1648.170,20
SQ:XAUUSD,2020-04-09T06:35:00+02:00,1648.210,1648.210,1648.010,1648.110,9
SQ:XAUUSD,2020-04-09T06:36:00+02:00,1648.140,1648.250,1648.130,1648.130,18
SQ:XAUUSD,2020-04-09T06:37:00+02:00,1647.530,1648.190,1647.500,1648.170,13
SQ:XAUUSD,2020-04-09T06:38:00+02:00,1648.170,1648.280,1646.890,1648.230,19
SQ:XAUUSD,2020-04-09T06:39:00+02:00,1648.270,1648.450,1647.800,1648.400,15
SQ:XAUUSD,2020-04-09T06:40:00+02:00,1648.440,1648.480,1648.410,1648.430,7
SQ:XAUUSD,2020-04-09T06:41:00+02:00,1648.370,1648.410,1648.290,1648.310,16
SQ:XAUUSD,2020-04-09T06:42:00+02:00,1648.370,1648.590,1648.340,1648.490,15
SQ:XAUUSD,2020-04-09T06:43:00+02:00,1648.490,1648.580,1648.450,1648.490,16
SQ:XAUUSD,2020-04-09T06:44:00+02:00,1648.520,1648.580,1648.430,1648.430,12
SQ:XAUUSD,2020-04-09T06:45:00+02:00,1648.400,1648.480,1648.170,1648.180,11
SQ:XAUUSD,2020-04-09T06:46:00+02:00,1648.180,1648.180,1647.610,1647.850,15
SQ:XAUUSD,2020-04-09T06:47:00+02:00,1647.850,1648.390,1647.600,1648.250,12
SQ:XAUUSD,2020-04-09T06:48:00+02:00,1648.250,1648.320,1648.200,1648.290,24
SQ:XAUUSD,2020-04-09T06:49:00+02:00,1648.290,1648.290,1647.840,1647.850,17
SQ:XAUUSD,2020-04-09T06:50:00+02:00,1647.780,1648.050,1647.740,1648.010,23
SQ:XAUUSD,2020-04-09T06:51:00+02:00,1648.010,1648.070,1647.880,1647.880,18
SQ:XAUUSD,2020-04-09T06:52:00+02:00,1647.880,1648.040,1647.880,1648.040,14
SQ:XAUUSD,2020-04-09T06:53:00+02:00,1648.000,1648.070,1647.910,1648.020,13
SQ:XAUUSD,2020-04-09T06:54:00+02:00,1648.020,1648.130,1647.410,1647.910,18
SQ:XAUUSD,2020-04-09T06:55:00+02:00,1647.960,1647.960,1647.890,1647.890,8
SQ:XAUUSD,2020-04-09T06:56:00+02:00,1647.840,1648.010,1647.800,1648.010,19
SQ:XAUUSD,2020-04-09T06:57:00+02:00,1648.010,1648.280,1647.970,1648.040,23
SQ:XAUUSD,2020-04-09T06:58:00+02:00,1648.090,1648.150,1647.730,1647.730,6
SQ:XAUUSD,2020-04-09T06:59:00+02:00,1647.730,1647.740,1647.410,1647.670,9
SQ:XAUUSD,2020-04-09T07:00:00+02:00,1647.670,1648.080,1647.650,1647.990,14
SQ:XAUUSD,2020-04-09T07:01:00+02:00,1647.960,1648.220,1647.960,1648.060,16
SQ:XAUUSD,2020-04-09T07:02:00+02:00,1648.110,1648.170,1647.380,1647.380,11
SQ:XAUUSD,2020-04-09T07:03:00+02:00,1647.340,1648.140,1647.340,1647.930,20
SQ:XAUUSD,2020-04-09T07:04:00+02:00,1648.000,1648.020,1647.880,1647.950,17
SQ:XAUUSD,2020-04-09T07:05:00+02:00,1647.950,1648.010,1647.860,1647.990,21
SQ:XAUUSD,2020-04-09T07:06:00+02:00,1647.990,1647.990,1647.530,1647.630,25
SQ:XAUUSD,2020-04-09T07:07:00+02:00,1647.630,1647.630,1647.070,1647.420,32
SQ:XAUUSD,2020-04-09T07:08:00+02:00,1647.420,1647.500,1647.350,1647.410,13
SQ:XAUUSD,2020-04-09T07:09:00+02:00,1647.370,1647.420,1646.870,1647.050,36
SQ:XAUUSD,2020-04-09T07:10:00+02:00,1647.050,1647.390,1646.570,1647.290,42
SQ:XAUUSD,2020-04-09T07:11:00+02:00,1647.290,1647.550,1647.200,1647.510,21
SQ:XAUUSD,2020-04-09T07:12:00+02:00,1647.510,1647.680,1647.180,1647.220,22
SQ:XAUUSD,2020-04-09T07:13:00+02:00,1647.220,1647.260,1647.000,1647.190,35
SQ:XAUUSD,2020-04-09T07:14:00+02:00,1647.190,1647.220,1646.920,1647.220,18
SQ:XAUUSD,2020-04-09T07:15:00+02:00,1647.220,1647.370,1647.020,1647.250,23
SQ:XAUUSD,2020-04-09T07:16:00+02:00,1647.300,1647.440,1646.930,1646.930,13
SQ:XAUUSD,2020-04-09T07:17:00+02:00,1646.930,1647.510,1646.930,1647.490,10
SQ:XAUUSD,2020-04-09T07:18:00+02:00,1647.490,1647.490,1647.360,1647.470,10
SQ:XAUUSD,2020-04-09T07:19:00+02:00,1647.470,1647.470,1647.190,1647.190,18
SQ:XAUUSD,2020-04-09T07:20:00+02:00,1647.190,1647.190,1646.900,1647.100,29
SQ:XAUUSD,2020-04-09T07:21:00+02:00,1647.050,1647.260,1647.020,1647.190,17
SQ:XAUUSD,2020-04-09T07:22:00+02:00,1647.190,1647.320,1647.130,1647.320,20
SQ:XAUUSD,2020-04-09T07:23:00+02:00,1647.320,1647.360,1647.190,1647.280,23
SQ:XAUUSD,2020-04-09T07:24:00+02:00,1647.320,1647.430,1647.270,1647.280,23
SQ:XAUUSD,2020-04-09T07:25:00+02:00,1647.280,1647.600,1647.240,1647.600,24
SQ:XAUUSD,2020-04-09T07:26:00+02:00,1647.600,1647.750,1647.370,1647.520,26
SQ:XAUUSD,2020-04-09T07:27:00+02:00,1647.490,1647.560,1647.160,1647.430,26
SQ:XAUUSD,2020-04-09T07:28:00+02:00,1647.430,1647.620,1646.970,1647.620,16
SQ:XAUUSD,2020-04-09T07:29:00+02:00,1647.660,1648.040,1647.230,1648.030,27
SQ:XAUUSD,2020-04-09T07:30:00+02:00,1647.990,1648.220,1647.510,1647.920,55
SQ:XAUUSD,2020-04-09T07:31:00+02:00,1648.020,1648.020,1647.420,1647.720,28
SQ:XAUUSD,2020-04-09T07:32:00+02:00,1647.870,1648.050,1647.740,1647.890,21
SQ:XAUUSD,2020-04-09T07:33:00+02:00,1647.860,1647.960,1647.480,1647.480,15
SQ:XAUUSD,2020-04-09T07:34:00+02:00,1647.490,1648.040,1647.490,1648.040,24
SQ:XAUUSD,2020-04-09T07:35:00+02:00,1648.040,1648.190,1647.660,1648.190,26
SQ:XAUUSD,2020-04-09T07:36:00+02:00,1648.190,1648.270,1648.100,1648.220,30
SQ:XAUUSD,2020-04-09T07:37:00+02:00,1648.220,1648.360,1648.070,1648.360,19
SQ:XAUUSD,2020-04-09T07:38:00+02:00,1648.310,1648.590,1648.300,1648.310,53
SQ:XAUUSD,2020-04-09T07:39:00+02:00,1648.350,1648.610,1648.240,1648.380,34
SQ:XAUUSD,2020-04-09T07:40:00+02:00,1648.380,1648.490,1648.320,1648.360,16
SQ:XAUUSD,2020-04-09T07:41:00+02:00,1648.360,1648.450,1648.290,1648.400,20
SQ:XAUUSD,2020-04-09T07:42:00+02:00,1648.400,1648.520,1647.640,1648.360,42
SQ:XAUUSD,2020-04-09T07:43:00+02:00,1648.350,1648.360,1647.980,1647.990,26
SQ:XAUUSD,2020-04-09T07:44:00+02:00,1648.070,1648.160,1648.030,1648.060,16
SQ:XAUUSD,2020-04-09T07:45:00+02:00,1648.060,1648.170,1647.810,1648.090,28
SQ:XAUUSD,2020-04-09T07:46:00+02:00,1648.090,1648.360,1647.990,1648.290,25
SQ:XAUUSD,2020-04-09T07:47:00+02:00,1648.230,1648.360,1648.220,1648.310,24
SQ:XAUUSD,2020-04-09T07:48:00+02:00,1648.320,1648.680,1648.220,1648.480,40
SQ:XAUUSD,2020-04-09T07:49:00+02:00,1648.480,1648.920,1648.410,1648.800,40
SQ:XAUUSD,2020-04-09T07:50:00+02:00,1648.800,1649.040,1648.710,1648.890,43
SQ:XAUUSD,2020-04-09T07:51:00+02:00,1648.900,1648.990,1648.228,1648.790,28
SQ:XAUUSD,2020-04-09T07:52:00+02:00,1648.850,1648.970,1648.750,1648.920,22
SQ:XAUUSD,2020-04-09T07:53:00+02:00,1648.880,1648.910,1648.540,1648.680,26
SQ:XAUUSD,2020-04-09T07:54:00+02:00,1648.680,1648.810,1648.310,1648.560,46
SQ:XAUUSD,2020-04-09T07:55:00+02:00,1648.570,1648.740,1648.230,1648.350,50
SQ:XAUUSD,2020-04-09T07:56:00+02:00,1648.280,1648.700,1648.280,1648.680,24
SQ:XAUUSD,2020-04-09T07:57:00+02:00,1648.680,1648.700,1647.660,1648.000,33
SQ:XAUUSD,2020-04-09T07:58:00+02:00,1648.000,1648.530,1647.770,1648.000,19
SQ:XAUUSD,2020-04-09T07:59:00+02:00,1648.000,1648.200,1648.000,1648.070,24
SQ:XAUUSD,2020-04-09T08:00:00+02:00,1647.890,1648.820,1647.590,1648.770,42
SQ:XAUUSD,2020-04-09T08:01:00+02:00,1648.770,1649.630,1648.730,1649.630,69
SQ:XAUUSD,2020-04-09T08:02:00+02:00,1649.630,1649.650,1649.200,1649.290,44
SQ:XAUUSD,2020-04-09T08:03:00+02:00,1649.280,1650.440,1649.240,1650.050,101
SQ:XAUUSD,2020-04-09T08:04:00+02:00,1650.070,1650.450,1649.720,1650.130,68
SQ:XAUUSD,2020-04-09T08:05:00+02:00,1650.130,1650.640,1649.770,1650.560,60
SQ:XAUUSD,2020-04-09T08:06:00+02:00,1650.500,1650.610,1650.290,1650.390,53
SQ:XAUUSD,2020-04-09T08:07:00+02:00,1650.390,1650.390,1649.880,1649.890,40
SQ:XAUUSD,2020-04-09T08:08:00+02:00,1649.890,1650.610,1649.760,1650.490,28
SQ:XAUUSD,2020-04-09T08:09:00+02:00,1650.490,1650.840,1649.430,1650.430,66
SQ:XAUUSD,2020-04-09T08:10:00+02:00,1650.470,1651.360,1650.440,1650.710,104
SQ:XAUUSD,2020-04-09T08:11:00+02:00,1650.920,1651.790,1650.660,1651.440,54
SQ:XAUUSD,2020-04-09T08:12:00+02:00,1651.440,1651.550,1650.990,1651.070,56
SQ:XAUUSD,2020-04-09T08:13:00+02:00,1651.010,1651.070,1649.940,1650.540,48
SQ:XAUUSD,2020-04-09T08:14:00+02:00,1650.540,1651.540,1650.490,1650.990,53
SQ:XAUUSD,2020-04-09T08:15:00+02:00,1650.960,1651.270,1650.020,1651.200,48
SQ:XAUUSD,2020-04-09T08:16:00+02:00,1651.270,1651.270,1650.840,1651.210,51
SQ:XAUUSD,2020-04-09T08:17:00+02:00,1651.210,1651.300,1650.330,1650.620,47
SQ:XAUUSD,2020-04-09T08:18:00+02:00,1650.620,1651.240,1650.560,1651.100,48
SQ:XAUUSD,2020-04-09T08:19:00+02:00,1651.140,1651.520,1650.940,1650.970,49
SQ:XAUUSD,2020-04-09T08:20:00+02:00,1650.870,1651.150,1650.720,1651.150,36
SQ:XAUUSD,2020-04-09T08:21:00+02:00,1651.150,1651.280,1651.080,1651.220,21
SQ:XAUUSD,2020-04-09T08:22:00+02:00,1651.180,1651.310,1651.140,1651.250,26
SQ:XAUUSD,2020-04-09T08:23:00+02:00,1651.250,1651.330,1650.970,1651.320,30
SQ:XAUUSD,2020-04-09T08:24:00+02:00,1651.370,1651.660,1651.270,1651.300,52
SQ:XAUUSD,2020-04-09T08:25:00+02:00,1651.300,1651.330,1650.150,1650.540,45
SQ:XAUUSD,2020-04-09T08:26:00+02:00,1650.560,1650.800,1649.770,1650.790,50
SQ:XAUUSD,2020-04-09T08:27:00+02:00,1650.760,1650.760,1649.610,1649.950,41
SQ:XAUUSD,2020-04-09T08:28:00+02:00,1649.950,1650.060,1649.580,1649.580,33
SQ:XAUUSD,2020-04-09T08:29:00+02:00,1649.580,1650.790,1649.380,1650.560,65
SQ:XAUUSD,2020-04-09T08:30:00+02:00,1650.560,1650.780,1650.140,1650.370,46
SQ:XAUUSD,2020-04-09T08:31:00+02:00,1650.320,1650.560,1649.660,1649.660,27
SQ:XAUUSD,2020-04-09T08:32:00+02:00,1649.640,1649.770,1649.630,1649.660,14
SQ:XAUUSD,2020-04-09T08:33:00+02:00,1649.660,1649.740,1649.600,1649.720,23
SQ:XAUUSD,2020-04-09T08:34:00+02:00,1649.730,1649.790,1649.350,1649.470,34
SQ:XAUUSD,2020-04-09T08:35:00+02:00,1649.470,1649.900,1649.470,1649.820,14
SQ:XAUUSD,2020-04-09T08:36:00+02:00,1649.820,1650.660,1649.680,1650.460,54
SQ:XAUUSD,2020-04-09T08:37:00+02:00,1650.520,1650.780,1650.230,1650.500,37
SQ:XAUUSD,2020-04-09T08:38:00+02:00,1650.500,1650.950,1650.460,1650.850,51
SQ:XAUUSD,2020-04-09T08:39:00+02:00,1650.770,1651.120,1650.670,1650.930,47
SQ:XAUUSD,2020-04-09T08:40:00+02:00,1650.930,1651.370,1650.660,1650.950,39
SQ:XAUUSD,2020-04-09T08:41:00+02:00,1650.970,1651.260,1650.800,1651.140,37
SQ:XAUUSD,2020-04-09T08:42:00+02:00,1651.170,1652.390,1651.160,1652.160,84
SQ:XAUUSD,2020-04-09T08:43:00+02:00,1652.160,1653.080,1652.100,1653.030,67
SQ:XAUUSD,2020-04-09T08:44:00+02:00,1652.980,1653.180,1652.280,1652.280,65
SQ:XAUUSD,2020-04-09T08:45:00+02:00,1652.330,1652.900,1651.980,1652.580,56
SQ:XAUUSD,2020-04-09T08:46:00+02:00,1652.530,1652.880,1652.380,1652.780,29
SQ:XAUUSD,2020-04-09T08:47:00+02:00,1652.780,1652.980,1652.580,1652.780,23
SQ:XAUUSD,2020-04-09T08:48:00+02:00,1652.780,1653.560,1652.730,1652.980,55
SQ:XAUUSD,2020-04-09T08:49:00+02:00,1652.980,1653.250,1652.680,1652.980,55
SQ:XAUUSD,2020-04-09T08:50:00+02:00,1653.010,1653.380,1652.930,1653.180,53
SQ:XAUUSD,2020-04-09T08:51:00+02:00,1653.180,1653.580,1653.130,1653.580,14
SQ:XAUUSD,2020-04-09T08:52:00+02:00,1653.580,1654.180,1653.580,1653.880,39
SQ:XAUUSD,2020-04-09T08:53:00+02:00,1653.880,1654.080,1652.990,1653.630,29
SQ:XAUUSD,2020-04-09T08:54:00+02:00,1653.630,1654.330,1652.720,1653.830,86
SQ:XAUUSD,2020-04-09T08:55:00+02:00,1653.840,1654.130,1653.440,1653.900,67
SQ:XAUUSD,2020-04-09T08:56:00+02:00,1653.920,1654.800,1653.640,1653.830,137
SQ:XAUUSD,2020-04-09T08:57:00+02:00,1653.830,1654.290,1653.600,1653.700,49
SQ:XAUUSD,2020-04-09T08:58:00+02:00,1653.700,1654.820,1653.700,1654.540,66
SQ:XAUUSD,2020-04-09T08:59:00+02:00,1654.500,1654.980,1653.750,1654.140,98
SQ:XAUUSD,2020-04-09T09:00:00+02:00,1654.140,1654.780,1653.300,1654.660,95
SQ:XAUUSD,2020-04-09T09:01:00+02:00,1654.660,1654.840,1654.050,1654.370,110
SQ:XAUUSD,2020-04-09T09:02:00+02:00,1654.370,1655.160,1654.290,1654.530,98
SQ:XAUUSD,2020-04-09T09:03:00+02:00,1654.670,1656.460,1654.610,1655.530,155
SQ:XAUUSD,2020-04-09T09:04:00+02:00,1655.530,1655.620,1655.070,1655.610,141
SQ:XAUUSD,2020-04-09T09:05:00+02:00,1655.570,1655.720,1654.950,1655.470,82
SQ:XAUUSD,2020-04-09T09:06:00+02:00,1655.460,1655.510,1654.540,1654.810,108
SQ:XAUUSD,2020-04-09T09:07:00+02:00,1654.810,1655.870,1654.570,1655.800,79
SQ:XAUUSD,2020-04-09T09:08:00+02:00,1655.780,1656.350,1655.430,1655.940,96
SQ:XAUUSD,2020-04-09T09:09:00+02:00,1655.940,1656.550,1655.700,1656.550,55
SQ:XAUUSD,2020-04-09T09:10:00+02:00,1656.680,1657.720,1656.170,1656.230,215
SQ:XAUUSD,2020-04-09T09:11:00+02:00,1656.200,1657.170,1656.080,1657.120,195
SQ:XAUUSD,2020-04-09T09:12:00+02:00,1657.140,1657.200,1656.000,1656.400,126
SQ:XAUUSD,2020-04-09T09:13:00+02:00,1656.380,1656.420,1655.170,1655.420,159
SQ:XAUUSD,2020-04-09T09:14:00+02:00,1655.370,1655.550,1655.030,1655.100,95
SQ:XAUUSD,2020-04-09T09:15:00+02:00,1655.100,1656.030,1654.990,1656.000,82
SQ:XAUUSD,2020-04-09T09:16:00+02:00,1655.980,1656.320,1655.960,1656.040,56
SQ:XAUUSD,2020-04-09T09:17:00+02:00,1656.040,1656.060,1655.580,1656.000,33
SQ:XAUUSD,2020-04-09T09:18:00+02:00,1656.000,1656.260,1655.350,1655.480,59
SQ:XAUUSD,2020-04-09T09:19:00+02:00,1655.270,1655.550,1654.960,1655.160,37
SQ:XAUUSD,2020-04-09T09:20:00+02:00,1655.160,1655.490,1655.160,1655.270,55
SQ:XAUUSD,2020-04-09T09:21:00+02:00,1655.400,1656.200,1655.320,1655.770,63
SQ:XAUUSD,2020-04-09T09:22:00+02:00,1655.820,1655.870,1655.160,1655.220,72
SQ:XAUUSD,2020-04-09T09:23:00+02:00,1655.340,1655.620,1654.350,1654.450,58
SQ:XAUUSD,2020-04-09T09:24:00+02:00,1654.450,1654.800,1654.230,1654.600,72
SQ:XAUUSD,2020-04-09T09:25:00+02:00,1654.600,1654.600,1653.288,1653.790,60
SQ:XAUUSD,2020-04-09T09:26:00+02:00,1653.800,1654.090,1653.220,1654.030,49
SQ:XAUUSD,2020-04-09T09:27:00+02:00,1654.080,1654.390,1653.920,1654.230,46
SQ:XAUUSD,2020-04-09T09:28:00+02:00,1654.230,1654.230,1653.460,1654.080,52
SQ:XAUUSD,2020-04-09T09:29:00+02:00,1654.130,1654.890,1654.130,1654.630,126
SQ:XAUUSD,2020-04-09T09:30:00+02:00,1654.590,1654.630,1653.990,1654.010,38
SQ:XAUUSD,2020-04-09T09:31:00+02:00,1654.010,1654.240,1654.010,1654.160,27
SQ:XAUUSD,2020-04-09T09:32:00+02:00,1654.160,1654.800,1654.160,1654.530,54
SQ:XAUUSD,2020-04-09T09:33:00+02:00,1654.430,1654.560,1654.140,1654.370,28
SQ:XAUUSD,2020-04-09T09:34:00+02:00,1654.330,1654.510,1654.200,1654.450,35
SQ:XAUUSD,2020-04-09T09:35:00+02:00,1654.450,1654.850,1654.370,1654.850,34
SQ:XAUUSD,2020-04-09T09:36:00+02:00,1654.790,1654.870,1654.690,1654.830,31
SQ:XAUUSD,2020-04-09T09:37:00+02:00,1654.790,1659.930,1654.730,1657.940,204
SQ:XAUUSD,2020-04-09T09:38:00+02:00,1657.860,1658.490,1656.830,1656.830,183
SQ:XAUUSD,2020-04-09T09:39:00+02:00,1656.830,1656.940,1655.150,1656.650,104
SQ:XAUUSD,2020-04-09T09:40:00+02:00,1656.670,1656.970,1655.480,1656.520,56
SQ:XAUUSD,2020-04-09T09:41:00+02:00,1656.520,1656.560,1656.010,1656.430,49
SQ:XAUUSD,2020-04-09T09:42:00+02:00,1656.430,1656.570,1655.750,1656.160,43
SQ:XAUUSD,2020-04-09T09:43:00+02:00,1656.150,1656.740,1656.020,1656.560,67
SQ:XAUUSD,2020-04-09T09:44:00+02:00,1656.560,1656.750,1656.210,1656.710,113
SQ:XAUUSD,2020-04-09T09:45:00+02:00,1656.710,1656.770,1655.850,1656.540,72
SQ:XAUUSD,2020-04-09T09:46:00+02:00,1656.610,1657.450,1655.710,1656.830,200
SQ:XAUUSD,2020-04-09T09:47:00+02:00,1656.830,1658.320,1656.830,1657.500,146
SQ:XAUUSD,2020-04-09T09:48:00+02:00,1657.500,1658.080,1656.940,1657.900,87
SQ:XAUUSD,2020-04-09T09:49:00+02:00,1657.900,1658.830,1657.610,1658.810,132
SQ:XAUUSD,2020-04-09T09:50:00+02:00,1658.810,1658.970,1657.340,1657.890,102
SQ:XAUUSD,2020-04-09T09:51:00+02:00,1657.640,1657.970,1657.100,1657.180,98
SQ:XAUUSD,2020-04-09T09:52:00+02:00,1657.180,1660.080,1657.120,1658.620,165
SQ:XAUUSD,2020-04-09T09:53:00+02:00,1658.640,1659.140,1658.340,1658.720,109
SQ:XAUUSD,2020-04-09T09:54:00+02:00,1658.720,1659.380,1657.710,1658.490,237
SQ:XAUUSD,2020-04-09T09:55:00+02:00,1658.480,1659.380,1658.260,1659.080,185
SQ:XAUUSD,2020-04-09T09:56:00+02:00,1659.070,1659.312,1658.250,1659.000,254
SQ:XAUUSD,2020-04-09T09:57:00+02:00,1659.060,1659.720,1658.150,1658.570,203
SQ:XAUUSD,2020-04-09T09:58:00+02:00,1658.460,1659.280,1658.170,1658.170,165
SQ:XAUUSD,2020-04-09T09:59:00+02:00,1658.000,1659.090,1657.840,1658.200,155
SQ:XAUUSD,2020-04-09T10:00:00+02:00,1658.200,1659.610,1657.760,1659.040,167
SQ:XAUUSD,2020-04-09T10:01:00+02:00,1659.010,1659.090,1657.970,1658.030,92
SQ:XAUUSD,2020-04-09T10:02:00+02:00,1658.080,1658.260,1657.130,1657.260,161
SQ:XAUUSD,2020-04-09T10:03:00+02:00,1657.270,1658.070,1657.120,1657.820,98
SQ:XAUUSD,2020-04-09T10:04:00+02:00,1657.710,1658.630,1657.710,1657.860,112
SQ:XAUUSD,2020-04-09T10:05:00+02:00,1657.860,1658.050,1657.330,1657.450,64
SQ:XAUUSD,2020-04-09T10:06:00+02:00,1657.450,1657.630,1657.000,1657.470,47
SQ:XAUUSD,2020-04-09T10:07:00+02:00,1657.480,1657.600,1657.080,1657.460,99
SQ:XAUUSD,2020-04-09T10:08:00+02:00,1657.460,1657.750,1657.300,1657.610,41
SQ:XAUUSD,2020-04-09T10:09:00+02:00,1657.640,1658.220,1657.504,1657.760,45
SQ:XAUUSD,2020-04-09T10:10:00+02:00,1657.760,1657.860,1657.514,1657.640,47
SQ:XAUUSD,2020-04-09T10:11:00+02:00,1657.640,1657.640,1655.490,1656.000,77
SQ:XAUUSD,2020-04-09T10:12:00+02:00,1656.000,1656.160,1655.000,1655.620,130
SQ:XAUUSD,2020-04-09T10:13:00+02:00,1655.480,1656.660,1655.460,1656.260,89
SQ:XAUUSD,2020-04-09T10:14:00+02:00,1656.270,1656.500,1655.610,1655.920,70
SQ:XAUUSD,2020-04-09T10:15:00+02:00,1655.920,1656.210,1655.560,1656.130,66
SQ:XAUUSD,2020-04-09T10:16:00+02:00,1656.130,1656.400,1655.780,1656.050,75
SQ:XAUUSD,2020-04-09T10:17:00+02:00,1656.050,1656.250,1655.750,1656.060,56
SQ:XAUUSD,2020-04-09T10:18:00+02:00,1656.060,1656.180,1655.390,1655.500,57
SQ:XAUUSD,2020-04-09T10:19:00+02:00,1655.440,1656.050,1655.440,1655.980,67
SQ:XAUUSD,2020-04-09T10:20:00+02:00,1655.980,1656.140,1655.550,1655.960,41
SQ:XAUUSD,2020-04-09T10:21:00+02:00,1655.960,1657.240,1655.630,1657.240,92
SQ:XAUUSD,2020-04-09T10:22:00+02:00,1657.210,1657.580,1656.310,1656.780,119
SQ:XAUUSD,2020-04-09T10:23:00+02:00,1656.780,1657.260,1656.470,1656.940,79
SQ:XAUUSD,2020-04-09T10:24:00+02:00,1656.940,1657.710,1656.920,1657.290,117
SQ:XAUUSD,2020-04-09T10:25:00+02:00,1657.290,1658.730,1657.120,1658.640,100
SQ:XAUUSD,2020-04-09T10:26:00+02:00,1658.640,1658.730,1657.750,1657.930,95
SQ:XAUUSD,2020-04-09T10:27:00+02:00,1657.720,1658.290,1657.500,1657.750,95
SQ:XAUUSD,2020-04-09T10:28:00+02:00,1657.620,1657.770,1655.630,1655.830,171
SQ:XAUUSD,2020-04-09T10:29:00+02:00,1655.830,1656.380,1655.620,1656.190,104
SQ:XAUUSD,2020-04-09T10:30:00+02:00,1656.190,1657.050,1655.560,1656.440,87
SQ:XAUUSD,2020-04-09T10:31:00+02:00,1656.440,1656.660,1656.270,1656.270,20
SQ:XAUUSD,2020-04-09T10:32:00+02:00,1656.270,1656.680,1655.990,1656.130,39
SQ:XAUUSD,2020-04-09T10:33:00+02:00,1656.130,1656.190,1655.420,1655.690,105
SQ:XAUUSD,2020-04-09T10:34:00+02:00,1655.690,1655.950,1655.550,1655.670,113
SQ:XAUUSD,2020-04-09T10:35:00+02:00,1655.690,1657.130,1655.670,1656.980,127
SQ:XAUUSD,2020-04-09T10:36:00+02:00,1657.010,1657.090,1655.930,1656.090,74
SQ:XAUUSD,2020-04-09T10:37:00+02:00,1656.090,1656.420,1656.000,1656.380,17
SQ:XAUUSD,2020-04-09T10:38:00+02:00,1656.380,1656.670,1656.210,1656.400,56
SQ:XAUUSD,2020-04-09T10:39:00+02:00,1656.400,1656.640,1656.220,1656.630,46
SQ:XAUUSD,2020-04-09T10:40:00+02:00,1656.570,1656.690,1656.090,1656.090,48
SQ:XAUUSD,2020-04-09T10:41:00+02:00,1656.040,1656.380,1656.040,1656.200,30
SQ:XAUUSD,2020-04-09T10:42:00+02:00,1656.170,1656.170,1655.640,1655.860,37
SQ:XAUUSD,2020-04-09T10:43:00+02:00,1655.860,1656.390,1655.860,1656.320,31
SQ:XAUUSD,2020-04-09T10:44:00+02:00,1656.320,1656.690,1656.320,1656.590,56
SQ:XAUUSD,2020-04-09T10:45:00+02:00,1656.550,1656.710,1656.360,1656.390,26
SQ:XAUUSD,2020-04-09T10:46:00+02:00,1656.390,1657.410,1656.380,1657.280,95
SQ:XAUUSD,2020-04-09T10:47:00+02:00,1657.210,1657.640,1656.830,1656.980,79
SQ:XAUUSD,2020-04-09T10:48:00+02:00,1657.010,1657.310,1656.780,1656.780,40
SQ:XAUUSD,2020-04-09T10:49:00+02:00,1656.780,1656.890,1656.780,1656.840,14
SQ:XAUUSD,2020-04-09T10:50:00+02:00,1656.800,1657.710,1656.720,1656.780,50
SQ:XAUUSD,2020-04-09T10:51:00+02:00,1656.750,1656.750,1656.450,1656.550,42
SQ:XAUUSD,2020-04-09T10:52:00+02:00,1656.640,1656.950,1656.520,1656.770,34
SQ:XAUUSD,2020-04-09T10:53:00+02:00,1656.800,1656.920,1656.400,1656.540,35
SQ:XAUUSD,2020-04-09T10:54:00+02:00,1656.540,1658.320,1656.410,1658.100,76
SQ:XAUUSD,2020-04-09T10:55:00+02:00,1658.170,1659.860,1657.990,1659.020,204
SQ:XAUUSD,2020-04-09T10:56:00+02:00,1659.020,1659.720,1658.690,1659.080,91
SQ:XAUUSD,2020-04-09T10:57:00+02:00,1659.080,1660.740,1658.980,1659.830,170
SQ:XAUUSD,2020-04-09T10:58:00+02:00,1659.830,1659.830,1658.160,1658.920,86
SQ:XAUUSD,2020-04-09T10:59:00+02:00,1658.890,1658.930,1657.670,1657.720,163
SQ:XAUUSD,2020-04-09T11:00:00+02:00,1657.720,1657.980,1657.170,1657.400,100
SQ:XAUUSD,2020-04-09T11:01:00+02:00,1657.400,1657.840,1656.720,1657.380,194
SQ:XAUUSD,2020-04-09T11:02:00+02:00,1657.470,1659.700,1657.070,1659.080,175
SQ:XAUUSD,2020-04-09T11:03:00+02:00,1659.210,1659.730,1658.300,1659.640,139
SQ:XAUUSD,2020-04-09T11:04:00+02:00,1659.610,1661.240,1658.880,1660.880,226
SQ:XAUUSD,2020-04-09T11:05:00+02:00,1660.900,1662.630,1658.830,1659.380,236
SQ:XAUUSD,2020-04-09T11:06:00+02:00,1659.400,1659.850,1657.490,1657.970,148
SQ:XAUUSD,2020-04-09T11:07:00+02:00,1657.970,1658.890,1656.976,1658.420,238
SQ:XAUUSD,2020-04-09T11:08:00+02:00,1658.420,1658.980,1657.760,1658.250,316
SQ:XAUUSD,2020-04-09T11:09:00+02:00,1658.240,1658.920,1657.410,1658.720,137
SQ:XAUUSD,2020-04-09T11:10:00+02:00,1658.830,1659.160,1657.550,1657.970,121
SQ:XAUUSD,2020-04-09T11:11:00+02:00,1657.970,1659.170,1657.900,1658.170,148
SQ:XAUUSD,2020-04-09T11:12:00+02:00,1658.360,1658.410,1657.010,1657.010,102
SQ:XAUUSD,2020-04-09T11:13:00+02:00,1657.040,1658.060,1657.020,1657.830,105
SQ:XAUUSD,2020-04-09T11:14:00+02:00,1657.830,1658.970,1657.820,1658.802,68
SQ:XAUUSD,2020-04-09T11:15:00+02:00,1658.720,1659.000,1658.300,1658.300,90
SQ:XAUUSD,2020-04-09T11:16:00+02:00,1658.300,1658.890,1657.280,1657.730,76
SQ:XAUUSD,2020-04-09T11:17:00+02:00,1657.730,1659.150,1657.730,1658.600,60
SQ:XAUUSD,2020-04-09T11:18:00+02:00,1658.600,1658.770,1657.820,1658.510,93
SQ:XAUUSD,2020-04-09T11:19:00+02:00,1658.510,1659.730,1658.430,1659.150,116
SQ:XAUUSD,2020-04-09T11:20:00+02:00,1659.150,1660.400,1659.150,1659.920,67
SQ:XAUUSD,2020-04-09T11:21:00+02:00,1659.920,1660.280,1659.200,1660.210,70
SQ:XAUUSD,2020-04-09T11:22:00+02:00,1660.210,1660.300,1659.570,1660.290,55
SQ:XAUUSD,2020-04-09T11:23:00+02:00,1660.290,1660.910,1660.290,1660.490,114
SQ:XAUUSD,2020-04-09T11:24:00+02:00,1660.450,1661.000,1659.950,1660.020,160
SQ:XAUUSD,2020-04-09T11:25:00+02:00,1659.980,1660.550,1659.590,1659.980,85
SQ:XAUUSD,2020-04-09T11:26:00+02:00,1659.980,1659.980,1658.410,1658.730,136
SQ:XAUUSD,2020-04-09T11:27:00+02:00,1658.820,1659.700,1658.490,1659.310,114
SQ:XAUUSD,2020-04-09T11:28:00+02:00,1659.310,1660.006,1657.690,1659.960,137
SQ:XAUUSD,2020-04-09T11:29:00+02:00,1659.960,1660.620,1659.850,1659.850,104
SQ:XAUUSD,2020-04-09T11:30:00+02:00,1659.850,1661.280,1658.100,1660.190,124
SQ:XAUUSD,2020-04-09T11:31:00+02:00,1660.190,1661.620,1659.150,1660.340,125
SQ:XAUUSD,2020-04-09T11:32:00+02:00,1660.330,1660.970,1659.480,1660.280,85
SQ:XAUUSD,2020-04-09T11:33:00+02:00,1660.280,1661.320,1659.130,1661.270,133
SQ:XAUUSD,2020-04-09T11:34:00+02:00,1660.160,1662.030,1660.030,1662.030,93
SQ:XAUUSD,2020-04-09T11:35:00+02:00,1662.020,1662.150,1660.660,1661.940,87
SQ:XAUUSD,2020-04-09T11:36:00+02:00,1661.940,1662.030,1660.540,1661.280,37
SQ:XAUUSD,2020-04-09T11:37:00+02:00,1661.280,1661.550,1660.680,1661.270,50
SQ:XAUUSD,2020-04-09T11:38:00+02:00,1661.270,1662.110,1661.086,1662.110,45
SQ:XAUUSD,2020-04-09T11:39:00+02:00,1662.170,1662.460,1661.800,1661.830,35
SQ:XAUUSD,2020-04-09T11:40:00+02:00,1661.870,1662.020,1661.600,1661.820,41
SQ:XAUUSD,2020-04-09T11:41:00+02:00,1661.860,1661.860,1661.000,1661.000,72
SQ:XAUUSD,2020-04-09T11:42:00+02:00,1661.000,1662.110,1660.410,1661.850,44
SQ:XAUUSD,2020-04-09T11:43:00+02:00,1661.810,1662.170,1661.470,1661.790,65
SQ:XAUUSD,2020-04-09T11:44:00+02:00,1661.790,1661.790,1661.190,1661.210,27
SQ:XAUUSD,2020-04-09T11:45:00+02:00,1661.210,1661.280,1660.610,1660.680,15
SQ:XAUUSD,2020-04-09T11:46:00+02:00,1660.680,1661.400,1660.650,1660.980,28
SQ:XAUUSD,2020-04-09T11:47:00+02:00,1660.980,1661.350,1660.820,1660.930,38
SQ:XAUUSD,2020-04-09T11:48:00+02:00,1660.930,1661.580,1660.900,1660.980,40
SQ:XAUUSD,2020-04-09T11:49:00+02:00,1660.980,1662.760,1660.950,1662.070,75
SQ:XAUUSD,2020-04-09T11:50:00+02:00,1662.070,1662.460,1661.570,1662.120,36
SQ:XAUUSD,2020-04-09T11:51:00+02:00,1662.120,1662.460,1661.530,1661.530,50
SQ:XAUUSD,2020-04-09T11:52:00+02:00,1661.530,1661.930,1661.520,1661.630,37
SQ:XAUUSD,2020-04-09T11:53:00+02:00,1661.630,1661.750,1660.750,1660.850,23
SQ:XAUUSD,2020-04-09T11:54:00+02:00,1660.770,1660.770,1660.140,1660.340,78
SQ:XAUUSD,2020-04-09T11:55:00+02:00,1660.340,1660.480,1659.620,1660.120,101
SQ:XAUUSD,2020-04-09T11:56:00+02:00,1660.110,1660.620,1660.050,1660.580,58
SQ:XAUUSD,2020-04-09T11:57:00+02:00,1660.570,1660.860,1659.740,1659.830,42
SQ:XAUUSD,2020-04-09T11:58:00+02:00,1659.890,1660.810,1659.710,1660.470,50
SQ:XAUUSD,2020-04-09T11:59:00+02:00,1660.470,1660.890,1660.470,1660.630,28
SQ:XAUUSD,2020-04-09T12:00:00+02:00,1660.630,1661.700,1660.630,1661.070,70
SQ:XAUUSD,2020-04-09T12:01:00+02:00,1661.070,1661.840,1661.070,1661.650,51
SQ:XAUUSD,2020-04-09T12:02:00+02:00,1661.690,1662.520,1660.800,1660.900,123
SQ:XAUUSD,2020-04-09T12:03:00+02:00,1660.870,1662.140,1660.870,1662.110,66
SQ:XAUUSD,2020-04-09T12:04:00+02:00,1662.150,1662.200,1661.720,1662.000,46
SQ:XAUUSD,2020-04-09T12:05:00+02:00,1662.000,1662.550,1661.510,1661.990,106
SQ:XAUUSD,2020-04-09T12:06:00+02:00,1661.990,1662.220,1661.680,1661.860,60
SQ:XAUUSD,2020-04-09T12:07:00+02:00,1661.860,1661.980,1661.660,1661.940,44
SQ:XAUUSD,2020-04-09T12:08:00+02:00,1661.910,1662.260,1661.850,1662.260,47
SQ:XAUUSD,2020-04-09T12:09:00+02:00,1662.160,1662.990,1662.090,1662.290,66
SQ:XAUUSD,2020-04-09T12:10:00+02:00,1662.360,1662.950,1661.160,1661.970,85
SQ:XAUUSD,2020-04-09T12:11:00+02:00,1661.970,1662.960,1661.840,1662.800,313
SQ:XAUUSD,2020-04-09T12:12:00+02:00,1662.760,1663.210,1661.580,1662.140,107
SQ:XAUUSD,2020-04-09T12:13:00+02:00,1662.160,1662.300,1661.900,1662.180,26
SQ:XAUUSD,2020-04-09T12:14:00+02:00,1662.180,1662.690,1661.970,1662.650,39
SQ:XAUUSD,2020-04-09T12:15:00+02:00,1662.550,1662.590,1661.620,1661.720,48
SQ:XAUUSD,2020-04-09T12:16:00+02:00,1661.720,1662.530,1661.720,1662.510,45
SQ:XAUUSD,2020-04-09T12:17:00+02:00,1662.510,1663.800,1662.510,1663.080,104
SQ:XAUUSD,2020-04-09T12:18:00+02:00,1663.070,1663.730,1662.880,1663.290,73
SQ:XAUUSD,2020-04-09T12:19:00+02:00,1663.290,1663.810,1662.960,1662.960,113
SQ:XAUUSD,2020-04-09T12:20:00+02:00,1662.990,1663.650,1662.990,1663.330,85
SQ:XAUUSD,2020-04-09T12:21:00+02:00,1663.330,1663.330,1661.780,1662.470,45
SQ:XAUUSD,2020-04-09T12:22:00+02:00,1662.420,1662.770,1662.200,1662.480,57
SQ:XAUUSD,2020-04-09T12:23:00+02:00,1662.480,1663.830,1662.320,1662.820,74
SQ:XAUUSD,2020-04-09T12:24:00+02:00,1662.850,1663.260,1662.830,1663.200,29
SQ:XAUUSD,2020-04-09T12:25:00+02:00,1663.200,1663.200,1661.360,1662.220,64
SQ:XAUUSD,2020-04-09T12:26:00+02:00,1662.220,1662.730,1662.190,1662.700,32
SQ:XAUUSD,2020-04-09T12:27:00+02:00,1662.700,1663.270,1661.850,1663.230,49
SQ:XAUUSD,2020-04-09T12:28:00+02:00,1663.260,1663.270,1662.980,1663.060,75
SQ:XAUUSD,2020-04-09T12:29:00+02:00,1663.060,1663.550,1661.770,1663.330,91
SQ:XAUUSD,2020-04-09T12:30:00+02:00,1663.310,1663.520,1661.450,1662.630,157
SQ:XAUUSD,2020-04-09T12:31:00+02:00,1662.630,1663.490,1662.530,1663.190,119
SQ:XAUUSD,2020-04-09T12:32:00+02:00,1663.160,1663.380,1661.320,1661.480,116
SQ:XAUUSD,2020-04-09T12:33:00+02:00,1661.480,1662.190,1661.260,1661.550,125
SQ:XAUUSD,2020-04-09T12:34:00+02:00,1661.470,1662.560,1661.340,1662.440,146
SQ:XAUUSD,2020-04-09T12:35:00+02:00,1662.410,1662.670,1661.190,1662.560,108
SQ:XAUUSD,2020-04-09T12:36:00+02:00,1662.590,1663.390,1662.480,1662.600,104
SQ:XAUUSD,2020-04-09T12:37:00+02:00,1662.600,1662.630,1661.510,1661.550,56
SQ:XAUUSD,2020-04-09T12:38:00+02:00,1661.540,1661.630,1661.150,1661.330,30
SQ:XAUUSD,2020-04-09T12:39:00+02:00,1661.370,1661.490,1660.740,1661.330,53
SQ:XAUUSD,2020-04-09T12:40:00+02:00,1661.350,1661.670,1660.950,1661.620,32
SQ:XAUUSD,2020-04-09T12:41:00+02:00,1661.620,1661.990,1661.620,1661.830,22
SQ:XAUUSD,2020-04-09T12:42:00+02:00,1661.830,1662.070,1661.660,1662.070,36
SQ:XAUUSD,2020-04-09T12:43:00+02:00,1662.070,1662.070,1661.430,1661.430,26
SQ:XAUUSD,2020-04-09T12:44:00+02:00,1661.450,1661.450,1661.430,1661.430,6
SQ:XAUUSD,2020-04-09T12:45:00+02:00,1661.430,1661.700,1661.430,1661.560,27
SQ:XAUUSD,2020-04-09T12:46:00+02:00,1661.590,1661.590,1661.410,1661.460,21
SQ:XAUUSD,2020-04-09T12:47:00+02:00,1661.490,1661.680,1661.310,1661.340,22
SQ:XAUUSD,2020-04-09T12:48:00+02:00,1661.340,1661.630,1661.190,1661.460,30
SQ:XAUUSD,2020-04-09T12:49:00+02:00,1661.460,1661.470,1661.160,1661.240,49
SQ:XAUUSD,2020-04-09T12:50:00+02:00,1660.940,1661.170,1660.020,1660.900,78
SQ:XAUUSD,2020-04-09T12:51:00+02:00,1660.900,1661.610,1660.900,1661.360,40
SQ:XAUUSD,2020-04-09T12:52:00+02:00,1661.410,1661.410,1660.490,1660.520,24
SQ:XAUUSD,2020-04-09T12:53:00+02:00,1660.520,1660.960,1660.370,1660.540,56
SQ:XAUUSD,2020-04-09T12:54:00+02:00,1660.540,1660.880,1659.900,1660.040,172
SQ:XAUUSD,2020-04-09T12:55:00+02:00,1660.040,1660.310,1659.610,1660.030,121
SQ:XAUUSD,2020-04-09T12:56:00+02:00,1660.030,1660.840,1659.960,1660.550,65
SQ:XAUUSD,2020-04-09T12:57:00+02:00,1660.580,1660.780,1660.440,1660.780,49
SQ:XAUUSD,2020-04-09T12:58:00+02:00,1660.780,1662.110,1660.780,1661.580,121
SQ:XAUUSD,2020-04-09T12:59:00+02:00,1661.620,1662.230,1661.530,1661.970,77
SQ:XAUUSD,2020-04-09T13:00:00+02:00,1662.000,1662.070,1661.230,1661.480,68
SQ:XAUUSD,2020-04-09T13:01:00+02:00,1661.440,1661.650,1661.270,1661.320,31
SQ:XAUUSD,2020-04-09T13:02:00+02:00,1661.320,1661.320,1661.110,1661.190,37
SQ:XAUUSD,2020-04-09T13:03:00+02:00,1661.210,1662.190,1661.030,1662.100,52
SQ:XAUUSD,2020-04-09T13:04:00+02:00,1662.100,1662.720,1661.700,1662.270,53
SQ:XAUUSD,2020-04-09T13:05:00+02:00,1662.490,1663.170,1661.260,1661.420,124
SQ:XAUUSD,2020-04-09T13:06:00+02:00,1661.420,1661.880,1660.970,1661.250,124
SQ:XAUUSD,2020-04-09T13:07:00+02:00,1661.250,1662.040,1660.040,1660.890,61
SQ:XAUUSD,2020-04-09T13:08:00+02:00,1660.890,1661.080,1660.280,1661.010,63
SQ:XAUUSD,2020-04-09T13:09:00+02:00,1661.010,1661.170,1660.140,1661.080,71
SQ:XAUUSD,2020-04-09T13:10:00+02:00,1661.080,1661.810,1661.080,1661.590,58
SQ:XAUUSD,2020-04-09T13:11:00+02:00,1661.590,1661.760,1661.240,1661.540,63
SQ:XAUUSD,2020-04-09T13:12:00+02:00,1661.540,1661.960,1661.140,1661.570,94
SQ:XAUUSD,2020-04-09T13:13:00+02:00,1661.570,1662.030,1661.570,1661.700,32
SQ:XAUUSD,2020-04-09T13:14:00+02:00,1661.700,1662.040,1661.670,1661.710,83
SQ:XAUUSD,2020-04-09T13:15:00+02:00,1661.670,1661.670,1661.000,1661.000,61
SQ:XAUUSD,2020-04-09T13:16:00+02:00,1661.000,1661.060,1660.510,1660.820,119
SQ:XAUUSD,2020-04-09T13:17:00+02:00,1660.960,1661.370,1660.630,1661.020,85
SQ:XAUUSD,2020-04-09T13:18:00+02:00,1661.140,1661.420,1660.850,1660.850,59
SQ:XAUUSD,2020-04-09T13:19:00+02:00,1660.940,1661.040,1660.520,1660.780,71
SQ:XAUUSD,2020-04-09T13:20:00+02:00,1660.750,1661.670,1660.380,1661.130,71
SQ:XAUUSD,2020-04-09T13:21:00+02:00,1661.130,1661.240,1660.650,1660.680,21
SQ:XAUUSD,2020-04-09T13:22:00+02:00,1660.720,1660.890,1660.530,1660.660,27
SQ:XAUUSD,2020-04-09T13:23:00+02:00,1660.660,1660.690,1659.940,1660.320,62
SQ:XAUUSD,2020-04-09T13:24:00+02:00,1660.320,1660.720,1658.720,1658.830,74
SQ:XAUUSD,2020-04-09T13:25:00+02:00,1658.880,1659.740,1658.820,1659.060,97
SQ:XAUUSD,2020-04-09T13:26:00+02:00,1659.060,1659.400,1658.830,1659.390,86
SQ:XAUUSD,2020-04-09T13:27:00+02:00,1659.380,1660.230,1659.350,1660.010,76
SQ:XAUUSD,2020-04-09T13:28:00+02:00,1660.010,1660.010,1659.370,1659.670,70
SQ:XAUUSD,2020-04-09T13:29:00+02:00,1659.670,1659.730,1657.150,1657.180,152
SQ:XAUUSD,2020-04-09T13:30:00+02:00,1657.170,1658.420,1654.480,1656.630,178
SQ:XAUUSD,2020-04-09T13:31:00+02:00,1656.630,1657.720,1654.470,1656.830,189
SQ:XAUUSD,2020-04-09T13:32:00+02:00,1656.830,1657.560,1656.370,1656.640,79
SQ:XAUUSD,2020-04-09T13:33:00+02:00,1656.640,1657.080,1655.620,1657.070,187
SQ:XAUUSD,2020-04-09T13:34:00+02:00,1657.070,1657.850,1656.830,1657.570,62
SQ:XAUUSD,2020-04-09T13:35:00+02:00,1657.570,1658.480,1657.490,1658.160,136
SQ:XAUUSD,2020-04-09T13:36:00+02:00,1658.160,1660.050,1658.080,1659.080,157
SQ:XAUUSD,2020-04-09T13:37:00+02:00,1659.080,1660.050,1658.990,1659.710,109
SQ:XAUUSD,2020-04-09T13:38:00+02:00,1659.710,1660.000,1659.480,1659.690,57
SQ:XAUUSD,2020-04-09T13:39:00+02:00,1659.650,1660.870,1659.540,1660.870,45
SQ:XAUUSD,2020-04-09T13:40:00+02:00,1660.940,1661.000,1659.990,1660.190,48
SQ:XAUUSD,2020-04-09T13:41:00+02:00,1660.140,1661.700,1659.910,1661.200,107
SQ:XAUUSD,2020-04-09T13:42:00+02:00,1661.200,1661.870,1661.030,1661.590,91
SQ:XAUUSD,2020-04-09T13:43:00+02:00,1661.560,1661.560,1660.840,1661.330,123
SQ:XAUUSD,2020-04-09T13:44:00+02:00,1661.330,1662.570,1661.040,1661.940,111
SQ:XAUUSD,2020-04-09T13:45:00+02:00,1661.860,1663.600,1661.750,1663.150,138
SQ:XAUUSD,2020-04-09T13:46:00+02:00,1663.180,1663.710,1662.500,1663.200,105
SQ:XAUUSD,2020-04-09T13:47:00+02:00,1663.270,1664.450,1663.140,1664.410,209
SQ:XAUUSD,2020-04-09T13:48:00+02:00,1664.400,1664.400,1662.460,1663.450,192
SQ:XAUUSD,2020-04-09T13:49:00+02:00,1663.430,1665.260,1663.170,1664.140,162
SQ:XAUUSD,2020-04-09T13:50:00+02:00,1664.280,1664.490,1661.920,1662.500,117
SQ:XAUUSD,2020-04-09T13:51:00+02:00,1662.500,1663.340,1662.500,1662.970,29
SQ:XAUUSD,2020-04-09T13:52:00+02:00,1662.910,1664.350,1662.910,1663.900,114
SQ:XAUUSD,2020-04-09T13:53:00+02:00,1663.900,1664.190,1663.530,1663.540,53
SQ:XAUUSD,2020-04-09T13:54:00+02:00,1663.540,1663.680,1663.500,1663.640,33
SQ:XAUUSD,2020-04-09T13:55:00+02:00,1663.630,1663.904,1662.420,1662.430,64
SQ:XAUUSD,2020-04-09T13:56:00+02:00,1662.430,1662.860,1662.400,1662.770,56
SQ:XAUUSD,2020-04-09T13:57:00+02:00,1662.770,1662.890,1662.520,1662.760,86
SQ:XAUUSD,2020-04-09T13:58:00+02:00,1662.750,1662.920,1662.440,1662.630,90
SQ:XAUUSD,2020-04-09T13:59:00+02:00,1662.590,1663.200,1662.500,1662.730,79
SQ:XAUUSD,2020-04-09T14:00:00+02:00,1662.730,1663.190,1662.010,1662.260,144
SQ:XAUUSD,2020-04-09T14:01:00+02:00,1662.140,1662.550,1660.620,1661.080,140
SQ:XAUUSD,2020-04-09T14:02:00+02:00,1661.110,1662.430,1661.040,1662.160,77
SQ:XAUUSD,2020-04-09T14:03:00+02:00,1662.160,1662.240,1660.570,1660.570,70
SQ:XAUUSD,2020-04-09T14:04:00+02:00,1660.580,1660.930,1660.210,1660.930,135
SQ:XAUUSD,2020-04-09T14:05:00+02:00,1660.900,1661.430,1660.530,1661.330,79
SQ:XAUUSD,2020-04-09T14:06:00+02:00,1661.330,1662.490,1661.240,1662.460,100
SQ:XAUUSD,2020-04-09T14:07:00+02:00,1662.490,1664.050,1662.490,1663.950,150
SQ:XAUUSD,2020-04-09T14:08:00+02:00,1664.010,1664.090,1662.280,1662.450,90
SQ:XAUUSD,2020-04-09T14:09:00+02:00,1662.450,1662.450,1661.160,1661.174,81
SQ:XAUUSD,2020-04-09T14:10:00+02:00,1661.174,1661.250,1660.810,1660.960,65
SQ:XAUUSD,2020-04-09T14:11:00+02:00,1660.960,1660.980,1660.400,1660.440,40
SQ:XAUUSD,2020-04-09T14:12:00+02:00,1660.440,1660.820,1659.830,1660.770,55
SQ:XAUUSD,2020-04-09T14:13:00+02:00,1660.820,1661.010,1660.600,1660.650,36
SQ:XAUUSD,2020-04-09T14:14:00+02:00,1660.650,1660.990,1660.262,1660.660,28
SQ:XAUUSD,2020-04-09T14:15:00+02:00,1660.660,1662.750,1660.470,1661.920,67
SQ:XAUUSD,2020-04-09T14:16:00+02:00,1661.920,1663.102,1661.220,1661.470,76
SQ:XAUUSD,2020-04-09T14:17:00+02:00,1661.470,1661.720,1661.470,1661.660,39
SQ:XAUUSD,2020-04-09T14:18:00+02:00,1661.650,1661.680,1660.260,1661.370,64
SQ:XAUUSD,2020-04-09T14:19:00+02:00,1661.360,1662.080,1661.360,1661.770,48
SQ:XAUUSD,2020-04-09T14:20:00+02:00,1661.770,1661.790,1659.920,1660.030,94
SQ:XAUUSD,2020-04-09T14:21:00+02:00,1660.000,1661.442,1659.950,1661.092,108
SQ:XAUUSD,2020-04-09T14:22:00+02:00,1661.130,1661.782,1660.692,1661.782,89
SQ:XAUUSD,2020-04-09T14:23:00+02:00,1661.782,1663.628,1661.748,1663.230,185
SQ:XAUUSD,2020-04-09T14:24:00+02:00,1663.230,1663.830,1662.830,1663.360,201
SQ:XAUUSD,2020-04-09T14:25:00+02:00,1663.350,1663.624,1662.900,1662.900,16
SQ:XAUUSD,2020-04-09T14:26:00+02:00,1662.900,1664.160,1662.560,1663.930,86
SQ:XAUUSD,2020-04-09T14:27:00+02:00,1664.030,1664.722,1663.310,1663.420,45
SQ:XAUUSD,2020-04-09T14:28:00+02:00,1663.370,1663.880,1663.370,1663.790,65
SQ:XAUUSD,2020-04-09T14:29:00+02:00,1663.950,1664.110,1662.734,1662.734,106
SQ:XAUUSD,2020-04-09T14:30:00+02:00,1664.460,1667.180,1663.230,1666.080,295
SQ:XAUUSD,2020-04-09T14:31:00+02:00,1666.080,1668.990,1666.070,1667.000,293
SQ:XAUUSD,2020-04-09T14:32:00+02:00,1667.000,1669.180,1664.770,1665.060,353
SQ:XAUUSD,2020-04-09T14:33:00+02:00,1665.010,1667.440,1664.620,1666.430,172
SQ:XAUUSD,2020-04-09T14:34:00+02:00,1666.340,1667.438,1665.160,1666.180,178
SQ:XAUUSD,2020-04-09T14:35:00+02:00,1666.030,1667.594,1664.530,1665.666,385
SQ:XAUUSD,2020-04-09T14:36:00+02:00,1665.450,1667.164,1664.270,1664.730,272
SQ:XAUUSD,2020-04-09T14:37:00+02:00,1664.730,1666.250,1663.430,1664.230,337
SQ:XAUUSD,2020-04-09T14:38:00+02:00,1664.150,1665.680,1663.510,1665.020,204
SQ:XAUUSD,2020-04-09T14:39:00+02:00,1664.960,1666.570,1664.930,1665.700,153
SQ:XAUUSD,2020-04-09T14:40:00+02:00,1665.640,1665.840,1664.970,1665.440,79
SQ:XAUUSD,2020-04-09T14:41:00+02:00,1665.430,1666.550,1665.400,1665.600,84
SQ:XAUUSD,2020-04-09T14:42:00+02:00,1665.604,1672.200,1665.580,1670.760,392
SQ:XAUUSD,2020-04-09T14:43:00+02:00,1670.870,1671.780,1667.160,1667.290,277
SQ:XAUUSD,2020-04-09T14:44:00+02:00,1667.210,1670.680,1667.210,1668.054,231
SQ:XAUUSD,2020-04-09T14:45:00+02:00,1668.380,1668.980,1665.240,1667.380,182
SQ:XAUUSD,2020-04-09T14:46:00+02:00,1667.380,1670.620,1667.380,1669.406,232
SQ:XAUUSD,2020-04-09T14:47:00+02:00,1669.430,1670.870,1667.480,1670.210,268
SQ:XAUUSD,2020-04-09T14:48:00+02:00,1670.210,1671.100,1668.100,1669.070,188
SQ:XAUUSD,2020-04-09T14:49:00+02:00,1669.100,1671.110,1668.680,1669.220,135
SQ:XAUUSD,2020-04-09T14:50:00+02:00,1669.210,1670.090,1667.440,1667.650,165
SQ:XAUUSD,2020-04-09T14:51:00+02:00,1667.650,1670.700,1666.630,1667.530,276
SQ:XAUUSD,2020-04-09T14:52:00+02:00,1667.450,1670.952,1666.870,1669.260,336
SQ:XAUUSD,2020-04-09T14:53:00+02:00,1669.260,1670.346,1667.770,1669.250,238
SQ:XAUUSD,2020-04-09T14:54:00+02:00,1669.250,1669.250,1667.550,1667.720,136
SQ:XAUUSD,2020-04-09T14:55:00+02:00,1667.850,1670.110,1667.594,1668.304,217
SQ:XAUUSD,2020-04-09T14:56:00+02:00,1668.298,1669.326,1667.290,1668.918,134
SQ:XAUUSD,2020-04-09T14:57:00+02:00,1668.940,1671.460,1668.940,1670.800,173
SQ:XAUUSD,2020-04-09T14:58:00+02:00,1670.800,1672.480,1670.360,1671.190,151
SQ:XAUUSD,2020-04-09T14:59:00+02:00,1671.160,1673.570,1669.990,1672.820,214
SQ:XAUUSD,2020-04-09T15:00:00+02:00,1672.820,1674.022,1672.322,1673.084,263
SQ:XAUUSD,2020-04-09T15:01:00+02:00,1673.140,1675.040,1672.610,1674.482,297
SQ:XAUUSD,2020-04-09T15:02:00+02:00,1674.424,1674.424,1672.640,1672.820,93
SQ:XAUUSD,2020-04-09T15:03:00+02:00,1672.820,1673.950,1672.820,1673.530,137
SQ:XAUUSD,2020-04-09T15:04:00+02:00,1673.530,1673.670,1672.380,1673.000,132
SQ:XAUUSD,2020-04-09T15:05:00+02:00,1673.070,1675.760,1673.040,1673.632,236
SQ:XAUUSD,2020-04-09T15:06:00+02:00,1673.638,1674.122,1672.620,1672.910,166
SQ:XAUUSD,2020-04-09T15:07:00+02:00,1672.920,1674.160,1672.590,1674.040,240
SQ:XAUUSD,2020-04-09T15:08:00+02:00,1673.830,1674.480,1673.304,1673.870,207
SQ:XAUUSD,2020-04-09T15:09:00+02:00,1673.834,1673.958,1672.740,1672.940,145
SQ:XAUUSD,2020-04-09T15:10:00+02:00,1672.940,1673.374,1672.790,1673.364,115
SQ:XAUUSD,2020-04-09T15:11:00+02:00,1673.364,1674.100,1672.860,1673.140,144
SQ:XAUUSD,2020-04-09T15:12:00+02:00,1673.264,1673.564,1672.720,1672.814,158
SQ:XAUUSD,2020-04-09T15:13:00+02:00,1672.810,1673.840,1672.790,1673.380,66
SQ:XAUUSD,2020-04-09T15:14:00+02:00,1673.410,1674.100,1673.168,1673.620,67
SQ:XAUUSD,2020-04-09T15:15:00+02:00,1673.620,1674.210,1672.780,1673.300,56
SQ:XAUUSD,2020-04-09T15:16:00+02:00,1673.300,1674.530,1673.110,1674.260,69
SQ:XAUUSD,2020-04-09T15:17:00+02:00,1674.360,1675.328,1673.780,1675.140,111
SQ:XAUUSD,2020-04-09T15:18:00+02:00,1675.140,1675.970,1674.240,1675.024,63
SQ:XAUUSD,2020-04-09T15:19:00+02:00,1675.024,1675.498,1674.080,1674.990,120
SQ:XAUUSD,2020-04-09T15:20:00+02:00,1674.990,1676.514,1674.424,1675.910,209
SQ:XAUUSD,2020-04-09T15:21:00+02:00,1675.898,1677.800,1675.230,1676.340,280
SQ:XAUUSD,2020-04-09T15:22:00+02:00,1676.340,1679.320,1676.160,1679.320,185
SQ:XAUUSD,2020-04-09T15:23:00+02:00,1679.074,1680.130,1678.340,1678.780,186
SQ:XAUUSD,2020-04-09T15:24:00+02:00,1678.780,1679.174,1677.760,1678.880,86
SQ:XAUUSD,2020-04-09T15:25:00+02:00,1678.880,1679.186,1678.806,1678.940,90
SQ:XAUUSD,2020-04-09T15:26:00+02:00,1678.940,1679.816,1678.820,1679.570,127
SQ:XAUUSD,2020-04-09T15:27:00+02:00,1679.570,1679.890,1678.580,1679.260,119
SQ:XAUUSD,2020-04-09T15:28:00+02:00,1679.140,1679.750,1678.350,1679.210,107
SQ:XAUUSD,2020-04-09T15:29:00+02:00,1679.100,1679.200,1675.850,1677.240,190
SQ:XAUUSD,2020-04-09T15:30:00+02:00,1677.240,1677.510,1674.810,1675.960,125
SQ:XAUUSD,2020-04-09T15:31:00+02:00,1675.960,1676.080,1674.950,1675.920,66
SQ:XAUUSD,2020-04-09T15:32:00+02:00,1675.920,1676.060,1674.940,1675.140,128
SQ:XAUUSD,2020-04-09T15:33:00+02:00,1675.140,1676.350,1675.100,1675.960,195
SQ:XAUUSD,2020-04-09T15:34:00+02:00,1675.910,1676.880,1675.440,1676.720,155
SQ:XAUUSD,2020-04-09T15:35:00+02:00,1676.820,1678.170,1675.390,1675.540,297
SQ:XAUUSD,2020-04-09T15:36:00+02:00,1675.530,1677.020,1675.520,1676.990,177
SQ:XAUUSD,2020-04-09T15:37:00+02:00,1676.990,1678.830,1676.470,1677.710,234
SQ:XAUUSD,2020-04-09T15:38:00+02:00,1677.590,1679.290,1677.590,1679.150,256
SQ:XAUUSD,2020-04-09T15:39:00+02:00,1679.100,1679.900,1678.870,1679.650,150
SQ:XAUUSD,2020-04-09T15:40:00+02:00,1679.670,1679.970,1678.810,1679.460,153
SQ:XAUUSD,2020-04-09T15:41:00+02:00,1679.460,1680.330,1678.130,1678.910,195
SQ:XAUUSD,2020-04-09T15:42:00+02:00,1678.920,1680.180,1678.800,1680.050,309
SQ:XAUUSD,2020-04-09T15:43:00+02:00,1680.090,1681.600,1679.740,1680.912,502
SQ:XAUUSD,2020-04-09T15:44:00+02:00,1680.872,1682.230,1680.500,1681.880,287
SQ:XAUUSD,2020-04-09T15:45:00+02:00,1681.730,1683.130,1681.710,1682.070,220
SQ:XAUUSD,2020-04-09T15:46:00+02:00,1682.060,1683.580,1681.810,1682.980,166
SQ:XAUUSD,2020-04-09T15:47:00+02:00,1683.090,1683.670,1682.510,1683.500,181
SQ:XAUUSD,2020-04-09T15:48:00+02:00,1683.560,1684.250,1682.310,1683.430,196
SQ:XAUUSD,2020-04-09T15:49:00+02:00,1683.430,1684.050,1681.650,1682.540,340
SQ:XAUUSD,2020-04-09T15:50:00+02:00,1682.620,1683.480,1681.240,1681.530,284
SQ:XAUUSD,2020-04-09T15:51:00+02:00,1681.540,1682.870,1681.390,1682.480,266
SQ:XAUUSD,2020-04-09T15:52:00+02:00,1682.510,1683.140,1681.880,1682.330,171
SQ:XAUUSD,2020-04-09T15:53:00+02:00,1682.330,1682.820,1681.710,1682.060,101
SQ:XAUUSD,2020-04-09T15:54:00+02:00,1682.040,1683.330,1682.040,1683.050,134
SQ:XAUUSD,2020-04-09T15:55:00+02:00,1683.070,1683.820,1683.010,1683.360,120
SQ:XAUUSD,2020-04-09T15:56:00+02:00,1683.360,1684.850,1683.020,1684.220,178
SQ:XAUUSD,2020-04-09T15:57:00+02:00,1684.070,1684.086,1682.240,1682.260,200
SQ:XAUUSD,2020-04-09T15:58:00+02:00,1682.260,1684.084,1682.110,1682.640,303
SQ:XAUUSD,2020-04-09T15:59:00+02:00,1682.680,1683.380,1681.830,1682.160,140
SQ:XAUUSD,2020-04-09T16:00:00+02:00,1682.160,1682.710,1679.710,1680.630,366
SQ:XAUUSD,2020-04-09T16:01:00+02:00,1680.800,1681.860,1680.280,1680.510,143
SQ:XAUUSD,2020-04-09T16:02:00+02:00,1680.490,1680.630,1678.810,1680.230,198
SQ:XAUUSD,2020-04-09T16:03:00+02:00,1680.190,1681.520,1678.980,1680.350,149
SQ:XAUUSD,2020-04-09T16:04:00+02:00,1680.350,1680.640,1678.858,1680.010,129
SQ:XAUUSD,2020-04-09T16:05:00+02:00,1680.010,1680.430,1679.190,1680.070,130
SQ:XAUUSD,2020-04-09T16:06:00+02:00,1680.260,1680.870,1679.350,1680.670,126
SQ:XAUUSD,2020-04-09T16:07:00+02:00,1680.670,1680.950,1679.580,1679.706,97
SQ:XAUUSD,2020-04-09T16:08:00+02:00,1679.634,1679.976,1677.998,1678.174,187
SQ:XAUUSD,2020-04-09T16:09:00+02:00,1678.064,1678.750,1677.558,1677.860,149
SQ:XAUUSD,2020-04-09T16:10:00+02:00,1677.860,1679.810,1677.860,1678.890,133
SQ:XAUUSD,2020-04-09T16:11:00+02:00,1678.950,1680.650,1677.170,1680.310,135
SQ:XAUUSD,2020-04-09T16:12:00+02:00,1680.270,1680.270,1679.220,1679.330,165
SQ:XAUUSD,2020-04-09T16:13:00+02:00,1679.330,1680.380,1678.178,1680.370,97
SQ:XAUUSD,2020-04-09T16:14:00+02:00,1680.290,1680.570,1679.630,1680.180,150
SQ:XAUUSD,2020-04-09T16:15:00+02:00,1680.180,1680.436,1679.120,1679.410,163
SQ:XAUUSD,2020-04-09T16:16:00+02:00,1679.450,1679.450,1677.600,1679.040,160
SQ:XAUUSD,2020-04-09T16:17:00+02:00,1679.040,1679.040,1677.720,1677.820,140
SQ:XAUUSD,2020-04-09T16:18:00+02:00,1677.820,1677.970,1674.654,1675.690,173
SQ:XAUUSD,2020-04-09T16:19:00+02:00,1675.660,1675.920,1673.390,1673.600,338
SQ:XAUUSD,2020-04-09T16:20:00+02:00,1673.630,1673.630,1672.060,1672.260,186
SQ:XAUUSD,2020-04-09T16:21:00+02:00,1672.260,1674.194,1672.100,1674.044,257
SQ:XAUUSD,2020-04-09T16:22:00+02:00,1674.044,1674.218,1671.980,1672.394,212
SQ:XAUUSD,2020-04-09T16:23:00+02:00,1672.384,1673.414,1670.440,1670.630,305
SQ:XAUUSD,2020-04-09T16:24:00+02:00,1670.890,1672.610,1670.080,1670.230,254
SQ:XAUUSD,2020-04-09T16:25:00+02:00,1670.150,1671.514,1669.940,1670.340,158
SQ:XAUUSD,2020-04-09T16:26:00+02:00,1670.340,1672.310,1670.340,1671.730,151
SQ:XAUUSD,2020-04-09T16:27:00+02:00,1671.730,1673.744,1671.470,1672.304,136
SQ:XAUUSD,2020-04-09T16:28:00+02:00,1672.324,1673.344,1670.870,1673.336,232
SQ:XAUUSD,2020-04-09T16:29:00+02:00,1672.940,1673.784,1672.350,1673.604,234
SQ:XAUUSD,2020-04-09T16:30:00+02:00,1673.654,1673.654,1671.870,1672.798,312
SQ:XAUUSD,2020-04-09T16:31:00+02:00,1672.798,1673.374,1672.390,1672.810,189
SQ:XAUUSD,2020-04-09T16:32:00+02:00,1672.810,1675.270,1672.310,1674.950,213
SQ:XAUUSD,2020-04-09T16:33:00+02:00,1674.950,1676.830,1674.950,1676.450,196
SQ:XAUUSD,2020-04-09T16:34:00+02:00,1676.450,1677.200,1676.400,1676.540,139
SQ:XAUUSD,2020-04-09T16:35:00+02:00,1676.540,1678.120,1676.530,1677.260,122
SQ:XAUUSD,2020-04-09T16:36:00+02:00,1677.260,1677.650,1676.260,1676.440,122
SQ:XAUUSD,2020-04-09T16:37:00+02:00,1676.460,1678.910,1675.550,1678.820,158
SQ:XAUUSD,2020-04-09T16:38:00+02:00,1678.820,1679.250,1677.840,1678.440,123
SQ:XAUUSD,2020-04-09T16:39:00+02:00,1678.440,1678.450,1676.100,1676.688,155
SQ:XAUUSD,2020-04-09T16:40:00+02:00,1676.634,1678.650,1676.440,1678.440,116
SQ:XAUUSD,2020-04-09T16:41:00+02:00,1678.440,1679.354,1677.950,1678.000,116
SQ:XAUUSD,2020-04-09T16:42:00+02:00,1678.000,1680.080,1677.754,1678.760,166
SQ:XAUUSD,2020-04-09T16:43:00+02:00,1678.760,1679.270,1677.810,1678.020,164
SQ:XAUUSD,2020-04-09T16:44:00+02:00,1678.000,1678.300,1677.170,1677.520,102
SQ:XAUUSD,2020-04-09T16:45:00+02:00,1677.530,1677.800,1675.170,1675.500,173
SQ:XAUUSD,2020-04-09T16:46:00+02:00,1675.510,1676.510,1675.100,1676.100,102
SQ:XAUUSD,2020-04-09T16:47:00+02:00,1676.100,1676.484,1675.170,1675.610,103
SQ:XAUUSD,2020-04-09T16:48:00+02:00,1675.900,1676.110,1673.750,1674.050,295
SQ:XAUUSD,2020-04-09T16:49:00+02:00,1673.990,1674.638,1673.970,1674.090,163
SQ:XAUUSD,2020-04-09T16:50:00+02:00,1674.090,1674.934,1673.930,1674.874,123
SQ:XAUUSD,2020-04-09T16:51:00+02:00,1674.874,1676.794,1674.330,1675.960,235
SQ:XAUUSD,2020-04-09T16:52:00+02:00,1675.960,1677.490,1675.620,1677.430,160
SQ:XAUUSD,2020-04-09T16:53:00+02:00,1677.250,1679.060,1677.180,1678.880,277
SQ:XAUUSD,2020-04-09T16:54:00+02:00,1678.910,1680.270,1678.570,1680.270,263
SQ:XAUUSD,2020-04-09T16:55:00+02:00,1680.180,1682.640,1680.180,1681.180,211
SQ:XAUUSD,2020-04-09T16:56:00+02:00,1681.050,1681.260,1680.440,1681.060,148
SQ:XAUUSD,2020-04-09T16:57:00+02:00,1681.060,1681.900,1680.210,1680.940,162
SQ:XAUUSD,2020-04-09T16:58:00+02:00,1680.940,1682.370,1680.620,1682.200,209
SQ:XAUUSD,2020-04-09T16:59:00+02:00,1682.180,1683.020,1680.940,1682.580,249
SQ:XAUUSD,2020-04-09T17:00:00+02:00,1682.610,1682.666,1679.840,1680.686,317
SQ:XAUUSD,2020-04-09T17:01:00+02:00,1680.410,1682.350,1680.124,1682.060,314
SQ:XAUUSD,2020-04-09T17:02:00+02:00,1682.010,1683.260,1681.450,1682.640,312
SQ:XAUUSD,2020-04-09T17:03:00+02:00,1682.640,1682.690,1678.950,1680.534,354
SQ:XAUUSD,2020-04-09T17:04:00+02:00,1680.514,1681.252,1678.120,1678.768,320
SQ:XAUUSD,2020-04-09T17:05:00+02:00,1679.326,1680.144,1676.730,1677.540,267
SQ:XAUUSD,2020-04-09T17:06:00+02:00,1676.830,1678.926,1676.520,1677.340,253
SQ:XAUUSD,2020-04-09T17:07:00+02:00,1677.286,1680.368,1676.830,1679.130,148
SQ:XAUUSD,2020-04-09T17:08:00+02:00,1679.130,1680.256,1678.380,1679.328,139
SQ:XAUUSD,2020-04-09T17:09:00+02:00,1679.828,1680.138,1678.510,1679.800,169
SQ:XAUUSD,2020-04-09T17:10:00+02:00,1679.754,1681.128,1679.170,1679.640,239
SQ:XAUUSD,2020-04-09T17:11:00+02:00,1679.640,1679.650,1677.190,1678.442,257
SQ:XAUUSD,2020-04-09T17:12:00+02:00,1678.440,1679.960,1677.300,1679.690,223
SQ:XAUUSD,2020-04-09T17:13:00+02:00,1679.690,1680.478,1678.350,1679.878,171
SQ:XAUUSD,2020-04-09T17:14:00+02:00,1680.338,1681.544,1679.400,1680.126,179
SQ:XAUUSD,2020-04-09T17:15:00+02:00,1680.126,1680.850,1678.940,1679.830,175
SQ:XAUUSD,2020-04-09T17:16:00+02:00,1679.830,1681.070,1679.680,1680.340,197
SQ:XAUUSD,2020-04-09T17:17:00+02:00,1680.330,1680.454,1678.930,1679.500,124
SQ:XAUUSD,2020-04-09T17:18:00+02:00,1679.500,1680.328,1678.280,1678.450,57
SQ:XAUUSD,2020-04-09T17:19:00+02:00,1678.450,1679.828,1678.430,1678.990,85
SQ:XAUUSD,2020-04-09T17:20:00+02:00,1678.480,1681.188,1678.480,1679.700,171
SQ:XAUUSD,2020-04-09T17:21:00+02:00,1679.700,1680.294,1678.980,1679.520,66
SQ:XAUUSD,2020-04-09T17:22:00+02:00,1679.898,1680.648,1679.460,1679.950,75
SQ:XAUUSD,2020-04-09T17:23:00+02:00,1679.950,1681.114,1679.580,1679.768,100
SQ:XAUUSD,2020-04-09T17:24:00+02:00,1679.826,1680.674,1677.990,1678.230,137
SQ:XAUUSD,2020-04-09T17:25:00+02:00,1678.280,1680.168,1676.620,1677.640,334
SQ:XAUUSD,2020-04-09T17:26:00+02:00,1677.640,1678.556,1676.950,1678.338,243
SQ:XAUUSD,2020-04-09T17:27:00+02:00,1678.418,1679.354,1677.806,1677.930,256
SQ:XAUUSD,2020-04-09T17:28:00+02:00,1677.930,1678.456,1676.534,1677.220,261
SQ:XAUUSD,2020-04-09T17:29:00+02:00,1677.220,1677.560,1676.030,1676.950,235
SQ:XAUUSD,2020-04-09T17:30:00+02:00,1677.240,1678.700,1676.750,1678.100,154
SQ:XAUUSD,2020-04-09T17:31:00+02:00,1678.120,1678.120,1677.730,1677.840,69
SQ:XAUUSD,2020-04-09T17:32:00+02:00,1677.840,1677.960,1677.500,1677.820,93
SQ:XAUUSD,2020-04-09T17:33:00+02:00,1677.830,1678.228,1677.440,1677.540,120
SQ:XAUUSD,2020-04-09T17:34:00+02:00,1677.540,1679.858,1677.540,1678.750,261
SQ:XAUUSD,2020-04-09T17:35:00+02:00,1678.800,1679.548,1678.420,1678.610,227
SQ:XAUUSD,2020-04-09T17:36:00+02:00,1678.480,1678.600,1676.740,1676.940,225
SQ:XAUUSD,2020-04-09T17:37:00+02:00,1676.940,1677.500,1676.590,1676.960,140
SQ:XAUUSD,2020-04-09T17:38:00+02:00,1676.960,1677.520,1676.710,1676.990,166
SQ:XAUUSD,2020-04-09T17:39:00+02:00,1676.990,1678.260,1676.680,1678.090,155
SQ:XAUUSD,2020-04-09T17:40:00+02:00,1678.090,1678.820,1677.810,1678.630,167
SQ:XAUUSD,2020-04-09T17:41:00+02:00,1678.630,1680.190,1678.630,1679.820,206
SQ:XAUUSD,2020-04-09T17:42:00+02:00,1679.630,1680.070,1678.930,1679.030,198
SQ:XAUUSD,2020-04-09T17:43:00+02:00,1679.040,1679.524,1677.700,1679.170,189
SQ:XAUUSD,2020-04-09T17:44:00+02:00,1679.124,1680.118,1678.910,1679.450,260
SQ:XAUUSD,2020-04-09T17:45:00+02:00,1679.450,1679.888,1679.220,1679.630,143
SQ:XAUUSD,2020-04-09T17:46:00+02:00,1679.630,1679.760,1679.210,1679.328,114
SQ:XAUUSD,2020-04-09T17:47:00+02:00,1679.298,1679.780,1678.880,1679.130,135
SQ:XAUUSD,2020-04-09T17:48:00+02:00,1679.130,1679.770,1679.130,1679.710,80
SQ:XAUUSD,2020-04-09T17:49:00+02:00,1679.710,1679.750,1678.888,1679.178,116
SQ:XAUUSD,2020-04-09T17:50:00+02:00,1679.198,1679.858,1678.410,1678.828,114
SQ:XAUUSD,2020-04-09T17:51:00+02:00,1678.848,1679.444,1677.990,1678.020,158
SQ:XAUUSD,2020-04-09T17:52:00+02:00,1678.020,1678.340,1677.490,1678.130,153
SQ:XAUUSD,2020-04-09T17:53:00+02:00,1678.130,1679.210,1678.070,1679.210,99
SQ:XAUUSD,2020-04-09T17:54:00+02:00,1679.210,1680.840,1679.020,1680.440,92
SQ:XAUUSD,2020-04-09T17:55:00+02:00,1680.440,1682.380,1679.484,1681.740,281
SQ:XAUUSD,2020-04-09T17:56:00+02:00,1682.064,1682.064,1680.276,1681.494,305
SQ:XAUUSD,2020-04-09T17:57:00+02:00,1681.494,1683.264,1680.670,1682.762,315
SQ:XAUUSD,2020-04-09T17:58:00+02:00,1682.688,1683.870,1682.040,1683.810,273
SQ:XAUUSD,2020-04-09T17:59:00+02:00,1683.830,1684.590,1682.760,1683.850,227
SQ:XAUUSD,2020-04-09T18:00:00+02:00,1683.790,1684.040,1682.030,1682.030,155
SQ:XAUUSD,2020-04-09T18:01:00+02:00,1682.030,1682.770,1682.030,1682.270,165
SQ:XAUUSD,2020-04-09T18:02:00+02:00,1682.300,1683.306,1681.570,1682.080,252
SQ:XAUUSD,2020-04-09T18:03:00+02:00,1682.284,1682.960,1682.000,1682.960,147
SQ:XAUUSD,2020-04-09T18:04:00+02:00,1682.840,1683.640,1682.840,1682.980,96
SQ:XAUUSD,2020-04-09T18:05:00+02:00,1682.980,1683.180,1681.954,1682.248,103
SQ:XAUUSD,2020-04-09T18:06:00+02:00,1682.168,1682.880,1681.550,1682.270,188
SQ:XAUUSD,2020-04-09T18:07:00+02:00,1682.290,1682.384,1681.210,1681.880,231
SQ:XAUUSD,2020-04-09T18:08:00+02:00,1681.874,1682.904,1681.670,1682.854,117
SQ:XAUUSD,2020-04-09T18:09:00+02:00,1682.844,1683.278,1682.530,1683.276,169
SQ:XAUUSD,2020-04-09T18:10:00+02:00,1683.288,1683.488,1682.840,1683.288,143
SQ:XAUUSD,2020-04-09T18:11:00+02:00,1683.304,1683.608,1682.830,1683.300,157
SQ:XAUUSD,2020-04-09T18:12:00+02:00,1683.300,1684.176,1683.290,1683.964,90
SQ:XAUUSD,2020-04-09T18:13:00+02:00,1683.984,1684.770,1683.238,1683.950,179
SQ:XAUUSD,2020-04-09T18:14:00+02:00,1683.810,1684.600,1683.280,1684.138,191
SQ:XAUUSD,2020-04-09T18:15:00+02:00,1683.978,1684.098,1682.890,1683.378,171
SQ:XAUUSD,2020-04-09T18:16:00+02:00,1683.384,1684.156,1682.580,1684.044,199
SQ:XAUUSD,2020-04-09T18:17:00+02:00,1684.044,1684.240,1682.840,1683.950,180
SQ:XAUUSD,2020-04-09T18:18:00+02:00,1683.740,1685.440,1683.500,1684.110,186
SQ:XAUUSD,2020-04-09T18:19:00+02:00,1684.050,1684.240,1683.220,1683.410,102
SQ:XAUUSD,2020-04-09T18:20:00+02:00,1683.400,1684.240,1683.360,1683.840,86
SQ:XAUUSD,2020-04-09T18:21:00+02:00,1683.790,1684.140,1683.400,1684.140,50
SQ:XAUUSD,2020-04-09T18:22:00+02:00,1684.140,1684.140,1683.370,1683.420,55
SQ:XAUUSD,2020-04-09T18:23:00+02:00,1683.390,1683.840,1682.670,1683.140,109
SQ:XAUUSD,2020-04-09T18:24:00+02:00,1683.140,1685.240,1682.830,1684.890,140
SQ:XAUUSD,2020-04-09T18:25:00+02:00,1684.890,1686.140,1684.110,1684.930,119
SQ:XAUUSD,2020-04-09T18:26:00+02:00,1684.930,1686.440,1684.240,1684.450,132
SQ:XAUUSD,2020-04-09T18:27:00+02:00,1684.530,1684.540,1682.720,1683.920,193
SQ:XAUUSD,2020-04-09T18:28:00+02:00,1683.920,1684.710,1683.810,1684.710,89
SQ:XAUUSD,2020-04-09T18:29:00+02:00,1684.710,1685.050,1684.440,1685.040,65
SQ:XAUUSD,2020-04-09T18:30:00+02:00,1685.040,1685.670,1684.480,1685.000,94
SQ:XAUUSD,2020-04-09T18:31:00+02:00,1684.970,1685.160,1684.390,1684.440,71
SQ:XAUUSD,2020-04-09T18:32:00+02:00,1684.440,1684.620,1683.090,1683.170,106
SQ:XAUUSD,2020-04-09T18:33:00+02:00,1683.170,1683.840,1682.790,1682.870,75
SQ:XAUUSD,2020-04-09T18:34:00+02:00,1682.870,1683.750,1681.900,1683.570,84
SQ:XAUUSD,2020-04-09T18:35:00+02:00,1683.570,1684.620,1682.280,1684.040,109
SQ:XAUUSD,2020-04-09T18:36:00+02:00,1684.040,1684.330,1682.420,1684.170,92
SQ:XAUUSD,2020-04-09T18:37:00+02:00,1684.170,1684.310,1683.580,1683.660,91
SQ:XAUUSD,2020-04-09T18:38:00+02:00,1683.800,1685.138,1683.530,1684.970,138
SQ:XAUUSD,2020-04-09T18:39:00+02:00,1684.980,1685.778,1684.230,1684.614,198
SQ:XAUUSD,2020-04-09T18:40:00+02:00,1684.614,1685.178,1684.310,1685.178,195
SQ:XAUUSD,2020-04-09T18:41:00+02:00,1685.178,1685.648,1683.950,1684.080,187
SQ:XAUUSD,2020-04-09T18:42:00+02:00,1684.220,1685.738,1684.170,1685.710,174
SQ:XAUUSD,2020-04-09T18:43:00+02:00,1685.690,1686.808,1684.936,1685.270,164
SQ:XAUUSD,2020-04-09T18:44:00+02:00,1685.524,1685.576,1683.310,1683.590,123
SQ:XAUUSD,2020-04-09T18:45:00+02:00,1683.630,1684.210,1683.520,1683.860,83
SQ:XAUUSD,2020-04-09T18:46:00+02:00,1683.860,1685.408,1683.638,1684.790,122
SQ:XAUUSD,2020-04-09T18:47:00+02:00,1684.750,1684.790,1683.680,1684.520,87
SQ:XAUUSD,2020-04-09T18:48:00+02:00,1684.620,1685.720,1684.150,1685.720,74
SQ:XAUUSD,2020-04-09T18:49:00+02:00,1685.720,1685.980,1685.450,1685.680,70
SQ:XAUUSD,2020-04-09T18:50:00+02:00,1685.680,1686.120,1685.680,1686.080,48
SQ:XAUUSD,2020-04-09T18:51:00+02:00,1686.080,1686.090,1685.550,1685.730,43
SQ:XAUUSD,2020-04-09T18:52:00+02:00,1685.730,1685.860,1685.600,1685.630,53
SQ:XAUUSD,2020-04-09T18:53:00+02:00,1685.630,1685.700,1685.570,1685.650,45
SQ:XAUUSD,2020-04-09T18:54:00+02:00,1685.650,1685.660,1683.870,1684.210,90
SQ:XAUUSD,2020-04-09T18:55:00+02:00,1684.210,1684.380,1683.040,1683.880,119
SQ:XAUUSD,2020-04-09T18:56:00+02:00,1683.840,1683.870,1683.150,1683.180,94
SQ:XAUUSD,2020-04-09T18:57:00+02:00,1683.170,1683.370,1682.640,1682.970,80
SQ:XAUUSD,2020-04-09T18:58:00+02:00,1682.940,1682.940,1682.250,1682.800,87
SQ:XAUUSD,2020-04-09T18:59:00+02:00,1682.720,1683.640,1682.380,1682.600,94
SQ:XAUUSD,2020-04-09T19:00:00+02:00,1682.690,1683.950,1682.530,1683.710,82
SQ:XAUUSD,2020-04-09T19:01:00+02:00,1683.940,1684.270,1682.160,1683.580,89
SQ:XAUUSD,2020-04-09T19:02:00+02:00,1683.580,1684.420,1683.290,1684.000,76
SQ:XAUUSD,2020-04-09T19:03:00+02:00,1684.000,1686.498,1684.000,1685.300,120
SQ:XAUUSD,2020-04-09T19:04:00+02:00,1685.300,1685.480,1685.080,1685.220,45
SQ:XAUUSD,2020-04-09T19:05:00+02:00,1685.220,1685.940,1684.480,1685.940,100
SQ:XAUUSD,2020-04-09T19:06:00+02:00,1685.640,1686.010,1685.470,1685.940,64
SQ:XAUUSD,2020-04-09T19:07:00+02:00,1685.940,1685.990,1685.790,1685.850,52
SQ:XAUUSD,2020-04-09T19:08:00+02:00,1685.850,1685.910,1684.620,1685.000,52
SQ:XAUUSD,2020-04-09T19:09:00+02:00,1685.010,1686.390,1684.980,1685.960,73
SQ:XAUUSD,2020-04-09T19:10:00+02:00,1685.890,1688.860,1685.820,1688.330,121
SQ:XAUUSD,2020-04-09T19:11:00+02:00,1688.360,1689.510,1687.480,1687.768,175
SQ:XAUUSD,2020-04-09T19:12:00+02:00,1687.768,1688.580,1686.860,1687.080,140
SQ:XAUUSD,2020-04-09T19:13:00+02:00,1687.080,1687.810,1687.060,1687.610,88
SQ:XAUUSD,2020-04-09T19:14:00+02:00,1687.590,1688.478,1687.340,1688.180,93
SQ:XAUUSD,2020-04-09T19:15:00+02:00,1688.250,1688.760,1687.440,1688.570,92
SQ:XAUUSD,2020-04-09T19:16:00+02:00,1688.210,1688.600,1687.420,1687.770,118
SQ:XAUUSD,2020-04-09T19:17:00+02:00,1687.620,1688.820,1687.460,1688.110,111
SQ:XAUUSD,2020-04-09T19:18:00+02:00,1688.110,1688.420,1686.920,1687.870,81
SQ:XAUUSD,2020-04-09T19:19:00+02:00,1687.870,1688.374,1687.390,1687.900,86
SQ:XAUUSD,2020-04-09T19:20:00+02:00,1687.930,1689.040,1687.880,1688.580,78
SQ:XAUUSD,2020-04-09T19:21:00+02:00,1688.720,1689.590,1688.230,1688.428,334
SQ:XAUUSD,2020-04-09T19:22:00+02:00,1688.438,1688.758,1686.030,1686.370,190
SQ:XAUUSD,2020-04-09T19:23:00+02:00,1686.250,1687.480,1686.210,1686.210,106
SQ:XAUUSD,2020-04-09T19:24:00+02:00,1686.210,1686.850,1685.300,1685.910,151
SQ:XAUUSD,2020-04-09T19:25:00+02:00,1685.870,1686.830,1685.790,1686.830,87
SQ:XAUUSD,2020-04-09T19:26:00+02:00,1686.520,1688.480,1686.490,1686.790,185
SQ:XAUUSD,2020-04-09T19:27:00+02:00,1686.760,1688.520,1686.650,1687.400,143
SQ:XAUUSD,2020-04-09T19:28:00+02:00,1687.400,1687.720,1686.530,1687.040,143
SQ:XAUUSD,2020-04-09T19:29:00+02:00,1687.170,1687.410,1685.940,1686.480,263
SQ:XAUUSD,2020-04-09T19:30:00+02:00,1686.480,1686.690,1683.920,1685.280,242
SQ:XAUUSD,2020-04-09T19:31:00+02:00,1685.390,1687.160,1684.500,1686.150,314
SQ:XAUUSD,2020-04-09T19:32:00+02:00,1686.160,1686.710,1684.390,1684.410,195
SQ:XAUUSD,2020-04-09T19:33:00+02:00,1684.400,1685.790,1682.580,1683.380,248
SQ:XAUUSD,2020-04-09T19:34:00+02:00,1683.400,1684.290,1682.680,1683.640,176
SQ:XAUUSD,2020-04-09T19:35:00+02:00,1683.670,1684.150,1683.020,1683.050,143
SQ:XAUUSD,2020-04-09T19:36:00+02:00,1683.050,1683.800,1678.750,1680.110,214
SQ:XAUUSD,2020-04-09T19:37:00+02:00,1680.110,1683.650,1680.110,1683.310,174
SQ:XAUUSD,2020-04-09T19:38:00+02:00,1683.310,1683.310,1680.410,1681.650,55
SQ:XAUUSD,2020-04-09T19:39:00+02:00,1681.650,1681.650,1680.450,1680.770,128
SQ:XAUUSD,2020-04-09T19:40:00+02:00,1680.770,1683.200,1680.610,1682.030,113
SQ:XAUUSD,2020-04-09T19:41:00+02:00,1682.030,1684.310,1681.500,1684.250,144
SQ:XAUUSD,2020-04-09T19:42:00+02:00,1684.250,1685.400,1683.292,1684.310,121
SQ:XAUUSD,2020-04-09T19:43:00+02:00,1684.290,1686.930,1683.650,1686.070,178
SQ:XAUUSD,2020-04-09T19:44:00+02:00,1685.910,1686.090,1683.850,1684.030,156
SQ:XAUUSD,2020-04-09T19:45:00+02:00,1684.030,1684.300,1681.604,1682.430,111
SQ:XAUUSD,2020-04-09T19:46:00+02:00,1682.510,1683.680,1682.510,1682.860,78
SQ:XAUUSD,2020-04-09T19:47:00+02:00,1682.860,1682.870,1681.520,1682.444,121
SQ:XAUUSD,2020-04-09T19:48:00+02:00,1682.444,1682.734,1679.290,1680.370,202
SQ:XAUUSD,2020-04-09T19:49:00+02:00,1680.280,1681.000,1678.380,1679.440,127
SQ:XAUUSD,2020-04-09T19:50:00+02:00,1679.440,1680.340,1677.620,1680.090,115
SQ:XAUUSD,2020-04-09T19:51:00+02:00,1680.050,1681.490,1680.000,1681.100,106
SQ:XAUUSD,2020-04-09T19:52:00+02:00,1681.190,1681.350,1679.110,1681.350,52
SQ:XAUUSD,2020-04-09T19:53:00+02:00,1681.490,1681.540,1678.354,1680.350,92
SQ:XAUUSD,2020-04-09T19:54:00+02:00,1680.390,1680.600,1676.954,1677.550,162
SQ:XAUUSD,2020-04-09T19:55:00+02:00,1677.490,1679.150,1677.450,1678.750,195
SQ:XAUUSD,2020-04-09T19:56:00+02:00,1678.750,1682.240,1678.178,1681.720,154
SQ:XAUUSD,2020-04-09T19:57:00+02:00,1681.770,1681.970,1681.100,1681.580,87
SQ:XAUUSD,2020-04-09T19:58:00+02:00,1681.530,1681.790,1681.190,1681.720,59
SQ:XAUUSD,2020-04-09T19:59:00+02:00,1681.710,1682.340,1681.660,1681.900,86
SQ:XAUUSD,2020-04-09T20:00:00+02:00,1681.910,1682.440,1681.690,1682.300,68
SQ:XAUUSD,2020-04-09T20:01:00+02:00,1682.310,1682.310,1681.300,1681.590,44
SQ:XAUUSD,2020-04-09T20:02:00+02:00,1681.600,1681.620,1680.080,1680.750,95
SQ:XAUUSD,2020-04-09T20:03:00+02:00,1680.660,1680.880,1677.530,1677.530,158
SQ:XAUUSD,2020-04-09T20:04:00+02:00,1677.520,1679.140,1676.130,1677.130,167
SQ:XAUUSD,2020-04-09T20:05:00+02:00,1677.130,1678.450,1676.510,1678.010,202
SQ:XAUUSD,2020-04-09T20:06:00+02:00,1678.010,1678.460,1677.370,1677.730,202
SQ:XAUUSD,2020-04-09T20:07:00+02:00,1677.730,1677.930,1677.120,1677.560,46
SQ:XAUUSD,2020-04-09T20:08:00+02:00,1677.740,1678.340,1677.060,1678.140,96
SQ:XAUUSD,2020-04-09T20:09:00+02:00,1678.150,1679.170,1677.920,1678.730,75
SQ:XAUUSD,2020-04-09T20:10:00+02:00,1678.810,1679.870,1678.200,1678.200,91
SQ:XAUUSD,2020-04-09T20:11:00+02:00,1678.250,1679.200,1677.930,1679.120,59
SQ:XAUUSD,2020-04-09T20:12:00+02:00,1679.100,1679.830,1678.950,1679.830,47
SQ:XAUUSD,2020-04-09T20:13:00+02:00,1679.810,1681.410,1679.800,1681.360,105
SQ:XAUUSD,2020-04-09T20:14:00+02:00,1681.300,1681.410,1680.780,1681.150,82
SQ:XAUUSD,2020-04-09T20:15:00+02:00,1681.110,1681.150,1679.250,1679.310,85
SQ:XAUUSD,2020-04-09T20:16:00+02:00,1679.200,1679.700,1679.060,1679.170,43
SQ:XAUUSD,2020-04-09T20:17:00+02:00,1679.170,1680.340,1679.170,1680.000,73
SQ:XAUUSD,2020-04-09T20:18:00+02:00,1679.940,1680.260,1679.540,1679.990,58
SQ:XAUUSD,2020-04-09T20:19:00+02:00,1680.040,1680.690,1679.260,1680.290,73
SQ:XAUUSD,2020-04-09T20:20:00+02:00,1680.290,1680.290,1678.250,1678.410,91
SQ:XAUUSD,2020-04-09T20:21:00+02:00,1678.410,1678.410,1674.270,1676.350,207
SQ:XAUUSD,2020-04-09T20:22:00+02:00,1676.320,1678.410,1676.310,1677.850,123
SQ:XAUUSD,2020-04-09T20:23:00+02:00,1677.850,1678.390,1677.250,1677.250,128
SQ:XAUUSD,2020-04-09T20:24:00+02:00,1677.240,1678.470,1677.080,1678.320,117
SQ:XAUUSD,2020-04-09T20:25:00+02:00,1678.320,1679.920,1677.870,1679.420,93
SQ:XAUUSD,2020-04-09T20:26:00+02:00,1679.420,1680.520,1679.380,1680.370,64
SQ:XAUUSD,2020-04-09T20:27:00+02:00,1680.370,1681.030,1679.790,1679.790,71
SQ:XAUUSD,2020-04-09T20:28:00+02:00,1679.790,1680.120,1679.050,1680.120,94
SQ:XAUUSD,2020-04-09T20:29:00+02:00,1680.120,1680.160,1679.170,1679.280,62
SQ:XAUUSD,2020-04-09T20:30:00+02:00,1679.280,1679.290,1679.170,1679.170,11
SQ:XAUUSD,2020-04-09T20:31:00+02:00,1679.170,1680.240,1679.170,1679.920,42
SQ:XAUUSD,2020-04-09T20:32:00+02:00,1679.920,1681.010,1679.420,1680.070,84
SQ:XAUUSD,2020-04-09T20:33:00+02:00,1680.140,1680.440,1678.740,1678.840,42
SQ:XAUUSD,2020-04-09T20:34:00+02:00,1678.800,1678.880,1675.270,1676.956,287
SQ:XAUUSD,2020-04-09T20:35:00+02:00,1677.070,1678.400,1675.314,1677.874,157
SQ:XAUUSD,2020-04-09T20:36:00+02:00,1677.874,1677.874,1675.836,1676.294,277
SQ:XAUUSD,2020-04-09T20:37:00+02:00,1676.294,1680.380,1676.276,1678.650,196
SQ:XAUUSD,2020-04-09T20:38:00+02:00,1678.650,1679.710,1678.120,1679.710,79
SQ:XAUUSD,2020-04-09T20:39:00+02:00,1679.720,1679.740,1679.160,1679.270,54
SQ:XAUUSD,2020-04-09T20:40:00+02:00,1679.270,1679.680,1679.030,1679.180,23
SQ:XAUUSD,2020-04-09T20:41:00+02:00,1679.200,1679.850,1678.780,1679.510,52
SQ:XAUUSD,2020-04-09T20:42:00+02:00,1679.510,1679.980,1677.940,1678.180,80
SQ:XAUUSD,2020-04-09T20:43:00+02:00,1678.180,1681.620,1678.120,1678.820,99
SQ:XAUUSD,2020-04-09T20:44:00+02:00,1678.820,1683.020,1678.820,1683.020,122
SQ:XAUUSD,2020-04-09T20:45:00+02:00,1680.380,1683.380,1680.220,1681.810,131
SQ:XAUUSD,2020-04-09T20:46:00+02:00,1681.480,1682.010,1680.980,1681.370,75
SQ:XAUUSD,2020-04-09T20:47:00+02:00,1681.360,1681.470,1678.920,1679.720,65
SQ:XAUUSD,2020-04-09T20:48:00+02:00,1679.590,1680.430,1679.560,1680.010,54
SQ:XAUUSD,2020-04-09T20:49:00+02:00,1680.010,1680.540,1679.900,1680.370,45
SQ:XAUUSD,2020-04-09T20:50:00+02:00,1680.390,1681.220,1679.630,1680.340,88
SQ:XAUUSD,2020-04-09T20:51:00+02:00,1680.340,1680.990,1679.730,1680.000,79
SQ:XAUUSD,2020-04-09T20:52:00+02:00,1679.970,1680.910,1678.000,1678.170,97
SQ:XAUUSD,2020-04-09T20:53:00+02:00,1678.170,1678.780,1678.170,1678.720,38
SQ:XAUUSD,2020-04-09T20:54:00+02:00,1678.720,1679.040,1678.240,1678.390,97
SQ:XAUUSD,2020-04-09T20:55:00+02:00,1678.460,1678.910,1677.000,1677.000,152
SQ:XAUUSD,2020-04-09T20:56:00+02:00,1677.000,1678.460,1676.930,1678.440,179
SQ:XAUUSD,2020-04-09T20:57:00+02:00,1678.370,1679.340,1678.130,1678.790,76
SQ:XAUUSD,2020-04-09T20:58:00+02:00,1678.790,1679.320,1677.460,1677.890,87
SQ:XAUUSD,2020-04-09T20:59:00+02:00,1677.890,1679.090,1677.780,1678.470,70
SQ:XAUUSD,2020-04-09T21:00:00+02:00,1678.470,1678.470,1677.120,1677.734,174
SQ:XAUUSD,2020-04-09T21:01:00+02:00,1677.744,1678.754,1677.550,1677.804,160
SQ:XAUUSD,2020-04-09T21:02:00+02:00,1677.864,1678.084,1676.254,1677.724,239
SQ:XAUUSD,2020-04-09T21:03:00+02:00,1677.616,1678.644,1676.764,1677.264,253
SQ:XAUUSD,2020-04-09T21:04:00+02:00,1677.264,1678.324,1677.050,1677.494,205
SQ:XAUUSD,2020-04-09T21:05:00+02:00,1677.370,1677.794,1677.030,1677.530,154
SQ:XAUUSD,2020-04-09T21:06:00+02:00,1677.530,1678.014,1676.960,1677.854,129
SQ:XAUUSD,2020-04-09T21:07:00+02:00,1677.886,1677.992,1677.250,1677.250,135
SQ:XAUUSD,2020-04-09T21:08:00+02:00,1677.254,1679.190,1677.210,1678.760,79
SQ:XAUUSD,2020-04-09T21:09:00+02:00,1678.760,1680.770,1678.760,1679.930,61
SQ:XAUUSD,2020-04-09T21:10:00+02:00,1680.030,1680.030,1678.670,1679.590,71
SQ:XAUUSD,2020-04-09T21:11:00+02:00,1679.590,1679.730,1679.480,1679.540,46
SQ:XAUUSD,2020-04-09T21:12:00+02:00,1679.540,1680.410,1679.520,1679.880,46
SQ:XAUUSD,2020-04-09T21:13:00+02:00,1679.880,1681.070,1679.420,1680.570,70
SQ:XAUUSD,2020-04-09T21:14:00+02:00,1680.570,1681.150,1680.570,1681.110,49
SQ:XAUUSD,2020-04-09T21:15:00+02:00,1681.110,1681.860,1680.190,1680.290,86
SQ:XAUUSD,2020-04-09T21:16:00+02:00,1680.490,1680.600,1680.090,1680.170,63
SQ:XAUUSD,2020-04-09T21:17:00+02:00,1680.270,1680.950,1680.000,1680.140,49
SQ:XAUUSD,2020-04-09T21:18:00+02:00,1680.100,1680.360,1679.010,1679.430,39
SQ:XAUUSD,2020-04-09T21:19:00+02:00,1679.430,1679.620,1678.640,1679.230,65
SQ:XAUUSD,2020-04-09T21:20:00+02:00,1679.330,1680.050,1678.340,1678.530,66
SQ:XAUUSD,2020-04-09T21:21:00+02:00,1678.530,1678.570,1677.380,1677.830,58
SQ:XAUUSD,2020-04-09T21:22:00+02:00,1677.830,1678.160,1677.174,1677.354,94
SQ:XAUUSD,2020-04-09T21:23:00+02:00,1677.334,1678.650,1676.810,1678.420,114
SQ:XAUUSD,2020-04-09T21:24:00+02:00,1678.420,1678.660,1677.930,1678.620,56
SQ:XAUUSD,2020-04-09T21:25:00+02:00,1678.620,1679.070,1678.310,1678.920,44
SQ:XAUUSD,2020-04-09T21:26:00+02:00,1678.920,1679.160,1678.700,1678.730,46
SQ:XAUUSD,2020-04-09T21:27:00+02:00,1678.830,1679.300,1678.370,1678.724,108
SQ:XAUUSD,2020-04-09T21:28:00+02:00,1678.724,1678.956,1677.720,1678.720,65
SQ:XAUUSD,2020-04-09T21:29:00+02:00,1678.720,1680.330,1678.720,1680.270,46
SQ:XAUUSD,2020-04-09T21:30:00+02:00,1680.270,1682.360,1679.770,1681.310,97
SQ:XAUUSD,2020-04-09T21:31:00+02:00,1681.620,1681.960,1680.840,1681.420,80
SQ:XAUUSD,2020-04-09T21:32:00+02:00,1681.420,1681.430,1680.570,1680.690,51
SQ:XAUUSD,2020-04-09T21:33:00+02:00,1680.690,1681.240,1679.910,1680.150,53
SQ:XAUUSD,2020-04-09T21:34:00+02:00,1680.150,1680.480,1679.590,1680.320,43
SQ:XAUUSD,2020-04-09T21:35:00+02:00,1680.320,1680.340,1679.200,1679.540,152
SQ:XAUUSD,2020-04-09T21:36:00+02:00,1679.540,1679.540,1677.884,1678.540,195
SQ:XAUUSD,2020-04-09T21:37:00+02:00,1678.540,1678.650,1677.120,1677.250,81
SQ:XAUUSD,2020-04-09T21:38:00+02:00,1677.300,1678.160,1677.050,1678.160,73
SQ:XAUUSD,2020-04-09T21:39:00+02:00,1678.160,1678.580,1677.870,1678.430,55
SQ:XAUUSD,2020-04-09T21:40:00+02:00,1678.430,1678.750,1677.160,1678.146,83
SQ:XAUUSD,2020-04-09T21:41:00+02:00,1678.146,1678.590,1677.330,1678.260,159
SQ:XAUUSD,2020-04-09T21:42:00+02:00,1678.260,1679.260,1677.850,1679.160,148
SQ:XAUUSD,2020-04-09T21:43:00+02:00,1679.160,1679.834,1678.900,1678.900,131
SQ:XAUUSD,2020-04-09T21:44:00+02:00,1678.900,1679.470,1678.890,1679.110,113
SQ:XAUUSD,2020-04-09T21:45:00+02:00,1679.110,1680.100,1679.110,1679.700,80
SQ:XAUUSD,2020-04-09T21:46:00+02:00,1679.650,1680.380,1679.650,1680.150,111
SQ:XAUUSD,2020-04-09T21:47:00+02:00,1680.120,1680.210,1679.650,1679.710,119
SQ:XAUUSD,2020-04-09T21:48:00+02:00,1679.780,1679.810,1678.710,1679.570,151
SQ:XAUUSD,2020-04-09T21:49:00+02:00,1679.530,1680.260,1679.400,1680.190,118
SQ:XAUUSD,2020-04-09T21:50:00+02:00,1680.210,1680.580,1678.820,1679.360,68
SQ:XAUUSD,2020-04-09T21:51:00+02:00,1679.360,1680.660,1679.060,1680.530,67
SQ:XAUUSD,2020-04-09T21:52:00+02:00,1680.530,1681.330,1680.210,1681.090,70
SQ:XAUUSD,2020-04-09T21:53:00+02:00,1681.090,1682.320,1681.090,1682.320,71
SQ:XAUUSD,2020-04-09T21:54:00+02:00,1682.320,1682.720,1680.570,1682.630,240
SQ:XAUUSD,2020-04-09T21:55:00+02:00,1682.660,1682.710,1681.240,1681.650,346
SQ:XAUUSD,2020-04-09T21:56:00+02:00,1681.400,1682.174,1681.110,1681.580,158
SQ:XAUUSD,2020-04-09T21:57:00+02:00,1681.580,1681.654,1680.650,1681.250,360
SQ:XAUUSD,2020-04-09T21:58:00+02:00,1681.250,1682.740,1680.110,1681.534,130
SQ:XAUUSD,2020-04-09T21:59:00+02:00,1681.950,1682.970,1681.430,1682.480,252
SQ:XAUUSD,2020-04-09T22:00:00+02:00,1682.300,1683.210,1681.230,1683.160,87
SQ:XAUUSD,2020-04-09T22:01:00+02:00,1683.160,1683.984,1682.990,1683.802,40
SQ:XAUUSD,2020-04-09T22:02:00+02:00,1683.824,1684.066,1683.050,1683.330,51
SQ:XAUUSD,2020-04-09T22:03:00+02:00,1683.290,1683.360,1682.580,1682.740,26
SQ:XAUUSD,2020-04-09T22:04:00+02:00,1682.740,1683.430,1682.740,1683.430,9
SQ:XAUUSD,2020-04-09T22:05:00+02:00,1683.430,1683.450,1682.760,1683.130,20
SQ:XAUUSD,2020-04-09T22:06:00+02:00,1683.130,1683.210,1682.910,1683.150,25
SQ:XAUUSD,2020-04-09T22:07:00+02:00,1683.120,1683.210,1682.660,1682.660,22
SQ:XAUUSD,2020-04-09T22:08:00+02:00,1682.660,1682.660,1681.430,1681.640,30
SQ:XAUUSD,2020-04-09T22:09:00+02:00,1681.640,1682.060,1681.280,1681.650,33
SQ:XAUUSD,2020-04-09T22:10:00+02:00,1681.750,1682.430,1681.640,1681.930,28
SQ:XAUUSD,2020-04-09T22:11:00+02:00,1682.350,1682.650,1681.500,1681.650,27
SQ:XAUUSD,2020-04-09T22:12:00+02:00,1681.650,1682.320,1681.450,1682.270,20
SQ:XAUUSD,2020-04-09T22:13:00+02:00,1682.270,1682.320,1681.540,1681.920,26
SQ:XAUUSD,2020-04-09T22:14:00+02:00,1681.920,1683.334,1681.920,1682.760,42
SQ:XAUUSD,2020-04-09T22:15:00+02:00,1682.760,1682.800,1682.700,1682.700,4
SQ:XAUUSD,2020-04-09T22:16:00+02:00,1682.700,1683.360,1682.700,1683.220,24
SQ:XAUUSD,2020-04-09T22:17:00+02:00,1683.220,1683.600,1682.940,1683.600,38
SQ:XAUUSD,2020-04-09T22:18:00+02:00,1683.600,1683.600,1682.990,1683.130,27
SQ:XAUUSD,2020-04-09T22:19:00+02:00,1683.120,1683.510,1682.790,1682.880,30
SQ:XAUUSD,2020-04-09T22:20:00+02:00,1682.880,1683.110,1682.690,1682.690,25
SQ:XAUUSD,2020-04-09T22:21:00+02:00,1682.690,1682.960,1682.200,1682.440,21
SQ:XAUUSD,2020-04-09T22:22:00+02:00,1682.440,1682.450,1682.260,1682.270,15
SQ:XAUUSD,2020-04-09T22:23:00+02:00,1682.280,1682.360,1681.590,1681.810,22
SQ:XAUUSD,2020-04-09T22:24:00+02:00,1681.890,1681.960,1681.690,1681.820,20
SQ:XAUUSD,2020-04-09T22:25:00+02:00,1681.820,1681.960,1681.750,1681.960,12
SQ:XAUUSD,2020-04-09T22:26:00+02:00,1681.960,1681.980,1681.790,1681.830,14
SQ:XAUUSD,2020-04-09T22:27:00+02:00,1681.830,1682.010,1681.810,1682.000,17
SQ:XAUUSD,2020-04-09T22:28:00+02:00,1681.980,1682.110,1681.520,1682.050,12
SQ:XAUUSD,2020-04-09T22:29:00+02:00,1682.050,1682.110,1681.520,1682.050,15
SQ:XAUUSD,2020-04-09T22:30:00+02:00,1682.050,1682.200,1680.440,1680.440,23
SQ:XAUUSD,2020-04-09T22:31:00+02:00,1680.400,1681.238,1679.990,1681.190,25
SQ:XAUUSD,2020-04-09T22:32:00+02:00,1681.190,1681.210,1680.110,1680.180,25
SQ:XAUUSD,2020-04-09T22:33:00+02:00,1679.940,1680.170,1679.860,1680.150,11
SQ:XAUUSD,2020-04-09T22:34:00+02:00,1680.170,1680.340,1680.150,1680.240,16
SQ:XAUUSD,2020-04-09T22:35:00+02:00,1680.170,1680.190,1680.020,1680.180,17
SQ:XAUUSD,2020-04-09T22:36:00+02:00,1680.180,1680.280,1680.180,1680.210,5
SQ:XAUUSD,2020-04-09T22:37:00+02:00,1680.210,1680.480,1680.060,1680.150,15
SQ:XAUUSD,2020-04-09T22:38:00+02:00,1680.150,1680.770,1680.150,1680.770,8
SQ:XAUUSD,2020-04-09T22:39:00+02:00,1680.770,1681.010,1680.680,1680.810,12
SQ:XAUUSD,2020-04-09T22:40:00+02:00,1680.810,1680.850,1680.470,1680.770,16
SQ:XAUUSD,2020-04-09T22:41:00+02:00,1680.770,1680.980,1680.670,1680.980,14
SQ:XAUUSD,2020-04-09T22:42:00+02:00,1680.990,1681.386,1680.990,1681.220,35
SQ:XAUUSD,2020-04-09T22:43:00+02:00,1681.220,1681.604,1681.020,1681.530,32
SQ:XAUUSD,2020-04-09T22:44:00+02:00,1681.530,1681.782,1681.400,1681.782,24
SQ:XAUUSD,2020-04-09T22:45:00+02:00,1681.696,1684.030,1681.660,1683.630,76
SQ:XAUUSD,2020-04-09T22:46:00+02:00,1683.950,1684.090,1683.100,1683.510,37
SQ:XAUUSD,2020-04-09T22:47:00+02:00,1683.510,1684.860,1683.510,1684.810,39
SQ:XAUUSD,2020-04-09T22:48:00+02:00,1684.850,1684.960,1683.860,1684.718,64
SQ:XAUUSD,2020-04-09T22:49:00+02:00,1684.828,1685.076,1684.014,1684.416,38
SQ:XAUUSD,2020-04-09T22:50:00+02:00,1684.546,1684.932,1683.410,1684.846,63
SQ:XAUUSD,2020-04-09T22:51:00+02:00,1684.846,1684.976,1682.968,1682.968,58
SQ:XAUUSD,2020-04-09T22:52:00+02:00,1682.968,1683.280,1681.840,1682.190,48
SQ:XAUUSD,2020-04-09T22:53:00+02:00,1682.190,1682.930,1682.040,1682.930,28
SQ:XAUUSD,2020-04-09T22:54:00+02:00,1682.900,1683.510,1682.030,1682.070,46
SQ:XAUUSD,2020-04-13T00:01:00+02:00,1679.450,1680.730,1678.400,1679.800,44
SQ:XAUUSD,2020-04-13T00:02:00+02:00,1679.950,1681.100,1677.160,1677.160,95
SQ:XAUUSD,2020-04-13T00:03:00+02:00,1677.130,1677.410,1672.540,1673.030,131
SQ:XAUUSD,2020-04-13T00:04:00+02:00,1673.030,1678.016,1673.030,1678.016,102
SQ:XAUUSD,2020-04-13T00:05:00+02:00,1678.050,1678.096,1673.990,1674.360,53
SQ:XAUUSD,2020-04-13T00:06:00+02:00,1674.280,1676.316,1672.986,1674.326,63
SQ:XAUUSD,2020-04-13T00:07:00+02:00,1674.266,1679.240,1673.920,1679.240,61
SQ:XAUUSD,2020-04-13T00:08:00+02:00,1679.290,1684.658,1679.290,1683.950,57
SQ:XAUUSD,2020-04-13T00:09:00+02:00,1683.950,1685.130,1681.040,1685.130,54
SQ:XAUUSD,2020-04-13T00:10:00+02:00,1685.130,1687.180,1684.730,1686.780,55
SQ:XAUUSD,2020-04-13T00:11:00+02:00,1686.360,1689.310,1686.360,1688.730,72
SQ:XAUUSD,2020-04-13T00:12:00+02:00,1688.730,1689.220,1687.590,1689.220,49
SQ:XAUUSD,2020-04-13T00:13:00+02:00,1689.450,1689.570,1688.510,1689.180,39
SQ:XAUUSD,2020-04-13T00:14:00+02:00,1689.320,1689.650,1687.750,1688.110,42
SQ:XAUUSD,2020-04-13T00:15:00+02:00,1688.110,1689.530,1687.880,1689.530,29
SQ:XAUUSD,2020-04-13T00:16:00+02:00,1689.530,1689.530,1687.460,1687.840,121
SQ:XAUUSD,2020-04-13T00:17:00+02:00,1687.840,1688.220,1686.110,1686.270,65
SQ:XAUUSD,2020-04-13T00:18:00+02:00,1686.260,1687.610,1681.630,1682.750,71
SQ:XAUUSD,2020-04-13T00:19:00+02:00,1682.720,1684.560,1681.790,1681.830,54
SQ:XAUUSD,2020-04-13T00:20:00+02:00,1681.830,1685.790,1681.830,1685.790,32
SQ:XAUUSD,2020-04-13T00:21:00+02:00,1685.790,1687.266,1684.910,1685.530,57
SQ:XAUUSD,2020-04-13T00:22:00+02:00,1685.530,1686.060,1684.120,1684.200,31
SQ:XAUUSD,2020-04-13T00:23:00+02:00,1684.200,1685.390,1684.150,1684.610,25
SQ:XAUUSD,2020-04-13T00:24:00+02:00,1684.600,1686.490,1684.440,1685.990,37
SQ:XAUUSD,2020-04-13T00:25:00+02:00,1686.000,1686.000,1681.090,1681.800,41
SQ:XAUUSD,2020-04-13T00:26:00+02:00,1681.838,1683.106,1679.986,1680.800,95
SQ:XAUUSD,2020-04-13T00:27:00+02:00,1680.800,1681.320,1680.370,1681.050,38
SQ:XAUUSD,2020-04-13T00:28:00+02:00,1681.050,1683.380,1681.050,1683.380,38
SQ:XAUUSD,2020-04-13T00:29:00+02:00,1683.380,1685.560,1682.830,1684.840,44
SQ:XAUUSD,2020-04-13T00:30:00+02:00,1684.840,1684.840,1683.070,1683.070,41
SQ:XAUUSD,2020-04-13T00:31:00+02:00,1683.010,1684.160,1683.010,1683.940,31
SQ:XAUUSD,2020-04-13T00:32:00+02:00,1684.150,1686.660,1684.150,1686.120,57
SQ:XAUUSD,2020-04-13T00:33:00+02:00,1686.166,1686.166,1682.380,1683.456,45
SQ:XAUUSD,2020-04-13T00:34:00+02:00,1683.456,1684.312,1683.456,1684.108,33
SQ:XAUUSD,2020-04-13T00:35:00+02:00,1684.118,1684.428,1683.182,1683.202,54
SQ:XAUUSD,2020-04-13T00:36:00+02:00,1683.332,1683.922,1682.280,1682.680,61
SQ:XAUUSD,2020-04-13T00:37:00+02:00,1682.780,1683.570,1682.430,1683.500,43
SQ:XAUUSD,2020-04-13T00:38:00+02:00,1683.450,1683.460,1682.530,1682.620,37
SQ:XAUUSD,2020-04-13T00:39:00+02:00,1682.620,1682.930,1682.230,1682.860,37
SQ:XAUUSD,2020-04-13T00:40:00+02:00,1682.870,1682.870,1681.470,1681.470,44
SQ:XAUUSD,2020-04-13T00:41:00+02:00,1681.470,1681.750,1680.530,1680.830,68
SQ:XAUUSD,2020-04-13T00:42:00+02:00,1680.830,1681.520,1680.810,1681.410,61
SQ:XAUUSD,2020-04-13T00:43:00+02:00,1681.410,1682.800,1681.380,1682.130,38
SQ:XAUUSD,2020-04-13T00:44:00+02:00,1682.130,1682.130,1680.380,1680.630,35
SQ:XAUUSD,2020-04-13T00:45:00+02:00,1680.610,1681.710,1680.300,1681.100,56
SQ:XAUUSD,2020-04-13T00:46:00+02:00,1681.120,1681.550,1680.428,1681.040,28
SQ:XAUUSD,2020-04-13T00:47:00+02:00,1681.040,1681.070,1680.720,1680.970,21
SQ:XAUUSD,2020-04-13T00:48:00+02:00,1680.970,1683.430,1680.970,1683.430,54
SQ:XAUUSD,2020-04-13T00:49:00+02:00,1683.430,1683.520,1682.800,1683.250,35
SQ:XAUUSD,2020-04-13T00:50:00+02:00,1683.260,1683.260,1682.170,1682.300,22
SQ:XAUUSD,2020-04-13T00:51:00+02:00,1682.300,1683.190,1682.300,1683.180,14
SQ:XAUUSD,2020-04-13T00:52:00+02:00,1683.180,1684.410,1683.170,1684.000,39
SQ:XAUUSD,2020-04-13T00:53:00+02:00,1684.000,1684.080,1683.240,1683.290,32
SQ:XAUUSD,2020-04-13T00:54:00+02:00,1683.290,1683.410,1682.990,1682.990,12
SQ:XAUUSD,2020-04-13T00:55:00+02:00,1682.990,1683.210,1682.570,1683.130,16
SQ:XAUUSD,2020-04-13T00:56:00+02:00,1683.150,1683.440,1682.960,1683.170,17
SQ:XAUUSD,2020-04-13T00:57:00+02:00,1683.230,1683.720,1683.150,1683.490,14
SQ:XAUUSD,2020-04-13T00:58:00+02:00,1683.500,1683.850,1683.310,1683.850,16
SQ:XAUUSD,2020-04-13T00:59:00+02:00,1683.840,1684.710,1683.840,1684.700,31
SQ:XAUUSD,2020-04-13T01:00:00+02:00,1684.700,1684.770,1684.150,1684.770,25
SQ:XAUUSD,2020-04-13T01:01:00+02:00,1684.770,1686.170,1684.770,1685.850,41
SQ:XAUUSD,2020-04-13T01:02:00+02:00,1685.850,1686.070,1685.210,1685.210,25
SQ:XAUUSD,2020-04-13T01:03:00+02:00,1685.220,1686.298,1684.880,1686.068,57
SQ:XAUUSD,2020-04-13T01:04:00+02:00,1686.064,1686.540,1685.610,1685.890,89
SQ:XAUUSD,2020-04-13T01:05:00+02:00,1685.890,1687.050,1685.890,1686.860,69
SQ:XAUUSD,2020-04-13T01:06:00+02:00,1686.800,1686.800,1685.710,1685.970,81
SQ:XAUUSD,2020-04-13T01:07:00+02:00,1685.970,1686.200,1685.450,1685.940,34
SQ:XAUUSD,2020-04-13T01:08:00+02:00,1685.940,1686.220,1685.800,1685.920,24
SQ:XAUUSD,2020-04-13T01:09:00+02:00,1685.920,1686.140,1685.440,1685.850,48
SQ:XAUUSD,2020-04-13T01:10:00+02:00,1685.910,1686.660,1685.900,1686.580,29
SQ:XAUUSD,2020-04-13T01:11:00+02:00,1686.640,1689.350,1686.630,1688.800,39
SQ:XAUUSD,2020-04-13T01:12:00+02:00,1688.740,1689.540,1688.530,1689.040,85
SQ:XAUUSD,2020-04-13T01:13:00+02:00,1689.040,1689.580,1688.680,1689.180,71
SQ:XAUUSD,2020-04-13T01:14:00+02:00,1689.180,1690.490,1688.940,1689.930,97
SQ:XAUUSD,2020-04-13T01:15:00+02:00,1690.040,1690.240,1687.820,1688.090,74
SQ:XAUUSD,2020-04-13T01:16:00+02:00,1687.990,1689.870,1687.950,1689.840,62
SQ:XAUUSD,2020-04-13T01:17:00+02:00,1689.780,1690.480,1688.820,1689.790,97
SQ:XAUUSD,2020-04-13T01:18:00+02:00,1689.740,1689.790,1687.260,1687.260,40
SQ:XAUUSD,2020-04-13T01:19:00+02:00,1687.270,1687.510,1686.310,1686.810,54
SQ:XAUUSD,2020-04-13T01:20:00+02:00,1686.810,1687.710,1686.750,1687.280,50
SQ:XAUUSD,2020-04-13T01:21:00+02:00,1687.240,1687.700,1686.710,1686.710,22
SQ:XAUUSD,2020-04-13T01:22:00+02:00,1686.710,1686.710,1684.140,1684.970,59
SQ:XAUUSD,2020-04-13T01:23:00+02:00,1684.960,1685.970,1684.552,1685.840,50
SQ:XAUUSD,2020-04-13T01:24:00+02:00,1685.840,1686.922,1685.298,1685.408,55
SQ:XAUUSD,2020-04-13T01:25:00+02:00,1685.408,1685.548,1684.842,1684.988,49
SQ:XAUUSD,2020-04-13T01:26:00+02:00,1684.982,1685.830,1684.750,1685.158,49
SQ:XAUUSD,2020-04-13T01:27:00+02:00,1685.112,1685.548,1684.710,1684.890,43
SQ:XAUUSD,2020-04-13T01:28:00+02:00,1684.930,1685.410,1684.660,1684.840,27
SQ:XAUUSD,2020-04-13T01:29:00+02:00,1684.800,1685.180,1684.290,1684.290,38
SQ:XAUUSD,2020-04-13T01:30:00+02:00,1684.290,1685.180,1683.820,1685.130,47
SQ:XAUUSD,2020-04-13T01:31:00+02:00,1685.130,1685.880,1685.130,1685.220,42
SQ:XAUUSD,2020-04-13T01:32:00+02:00,1685.220,1685.600,1685.190,1685.590,18
SQ:XAUUSD,2020-04-13T01:33:00+02:00,1685.590,1686.200,1685.250,1686.200,26
SQ:XAUUSD,2020-04-13T01:34:00+02:00,1686.200,1686.200,1685.700,1685.700,17
SQ:XAUUSD,2020-04-13T01:35:00+02:00,1685.700,1686.340,1685.700,1686.280,23
SQ:XAUUSD,2020-04-13T01:36:00+02:00,1686.270,1687.220,1686.110,1686.910,35
SQ:XAUUSD,2020-04-13T01:37:00+02:00,1686.910,1687.420,1686.910,1687.050,32
SQ:XAUUSD,2020-04-13T01:38:00+02:00,1687.050,1687.220,1686.360,1686.780,30
SQ:XAUUSD,2020-04-13T01:39:00+02:00,1686.770,1688.238,1686.770,1688.108,39
SQ:XAUUSD,2020-04-13T01:40:00+02:00,1688.128,1688.528,1686.740,1687.310,47
SQ:XAUUSD,2020-04-13T01:41:00+02:00,1687.240,1687.270,1686.820,1686.850,22
SQ:XAUUSD,2020-04-13T01:42:00+02:00,1686.950,1687.190,1686.780,1686.790,23
SQ:XAUUSD,2020-04-13T01:43:00+02:00,1686.790,1687.210,1686.790,1686.830,22
SQ:XAUUSD,2020-04-13T01:44:00+02:00,1686.830,1686.872,1686.480,1686.640,22
SQ:XAUUSD,2020-04-13T01:45:00+02:00,1686.630,1686.630,1685.980,1686.230,23
SQ:XAUUSD,2020-04-13T01:46:00+02:00,1686.230,1686.880,1686.190,1686.560,27
SQ:XAUUSD,2020-04-13T01:47:00+02:00,1686.570,1687.890,1686.530,1687.890,30
SQ:XAUUSD,2020-04-13T01:48:00+02:00,1687.890,1687.910,1685.992,1686.322,44
SQ:XAUUSD,2020-04-13T01:49:00+02:00,1686.262,1686.982,1686.202,1686.202,53
SQ:XAUUSD,2020-04-13T01:50:00+02:00,1686.202,1686.202,1683.792,1684.028,85
SQ:XAUUSD,2020-04-13T01:51:00+02:00,1684.032,1684.852,1684.008,1684.602,37
SQ:XAUUSD,2020-04-13T01:52:00+02:00,1684.672,1684.982,1684.202,1684.322,42
SQ:XAUUSD,2020-04-13T01:53:00+02:00,1684.382,1684.502,1684.112,1684.498,54
SQ:XAUUSD,2020-04-13T01:54:00+02:00,1684.452,1684.672,1684.208,1684.670,37
SQ:XAUUSD,2020-04-13T01:55:00+02:00,1684.670,1685.480,1684.670,1684.950,37
SQ:XAUUSD,2020-04-13T01:56:00+02:00,1684.950,1685.070,1684.442,1684.720,10
SQ:XAUUSD,2020-04-13T01:57:00+02:00,1684.720,1685.180,1684.720,1685.180,8
SQ:XAUUSD,2020-04-13T01:58:00+02:00,1685.180,1685.450,1685.180,1685.340,4
SQ:XAUUSD,2020-04-13T01:59:00+02:00,1685.340,1685.760,1685.220,1685.220,13
SQ:XAUUSD,2020-04-13T02:00:00+02:00,1685.330,1686.260,1685.290,1685.310,32
SQ:XAUUSD,2020-04-13T02:01:00+02:00,1685.460,1685.730,1685.040,1685.280,32
SQ:XAUUSD,2020-04-13T02:02:00+02:00,1685.280,1687.500,1685.170,1686.890,47
SQ:XAUUSD,2020-04-13T02:03:00+02:00,1686.890,1687.970,1686.510,1687.850,63
SQ:XAUUSD,2020-04-13T02:04:00+02:00,1687.850,1687.970,1686.940,1687.490,25
SQ:XAUUSD,2020-04-13T02:05:00+02:00,1687.490,1688.570,1687.170,1688.110,35
SQ:XAUUSD,2020-04-13T02:06:00+02:00,1688.110,1688.980,1688.060,1688.160,68
SQ:XAUUSD,2020-04-13T02:07:00+02:00,1688.190,1688.940,1687.860,1688.010,78
SQ:XAUUSD,2020-04-13T02:08:00+02:00,1688.010,1688.520,1687.940,1688.310,37
SQ:XAUUSD,2020-04-13T02:09:00+02:00,1688.310,1688.700,1687.520,1687.520,31
SQ:XAUUSD,2020-04-13T02:10:00+02:00,1687.520,1688.950,1687.520,1688.560,46
SQ:XAUUSD,2020-04-13T02:11:00+02:00,1688.510,1690.110,1688.310,1688.440,147
SQ:XAUUSD,2020-04-13T02:12:00+02:00,1688.440,1689.210,1688.090,1688.410,51
SQ:XAUUSD,2020-04-13T02:13:00+02:00,1688.410,1689.210,1688.410,1689.210,48
SQ:XAUUSD,2020-04-13T02:14:00+02:00,1689.240,1689.260,1688.490,1689.130,38
SQ:XAUUSD,2020-04-13T02:15:00+02:00,1689.130,1690.170,1688.690,1689.690,70
SQ:XAUUSD,2020-04-13T02:16:00+02:00,1689.690,1689.730,1689.200,1689.500,35
SQ:XAUUSD,2020-04-13T02:17:00+02:00,1689.500,1689.820,1689.210,1689.430,35
SQ:XAUUSD,2020-04-13T02:18:00+02:00,1689.410,1690.020,1689.410,1689.600,57
SQ:XAUUSD,2020-04-13T02:19:00+02:00,1689.590,1689.640,1688.780,1689.230,26
SQ:XAUUSD,2020-04-13T02:20:00+02:00,1689.230,1689.520,1688.970,1689.520,16
SQ:XAUUSD,2020-04-13T02:21:00+02:00,1689.520,1689.520,1688.210,1688.740,20
SQ:XAUUSD,2020-04-13T02:22:00+02:00,1688.640,1688.640,1687.300,1687.750,105
SQ:XAUUSD,2020-04-13T02:23:00+02:00,1687.520,1687.860,1687.360,1687.410,44
SQ:XAUUSD,2020-04-13T02:24:00+02:00,1687.410,1688.900,1687.410,1688.510,77
SQ:XAUUSD,2020-04-13T02:25:00+02:00,1688.600,1688.600,1687.600,1688.090,31
SQ:XAUUSD,2020-04-13T02:26:00+02:00,1688.090,1688.110,1687.890,1687.990,12
SQ:XAUUSD,2020-04-13T02:27:00+02:00,1687.990,1687.990,1687.980,1687.980,2
SQ:XAUUSD,2020-04-13T02:28:00+02:00,1687.980,1687.980,1687.140,1687.400,6
SQ:XAUUSD,2020-04-13T02:29:00+02:00,1687.400,1687.400,1685.330,1685.720,36
SQ:XAUUSD,2020-04-13T02:30:00+02:00,1685.720,1686.442,1685.020,1685.590,41
SQ:XAUUSD,2020-04-13T02:31:00+02:00,1685.590,1685.990,1685.580,1685.580,23
SQ:XAUUSD,2020-04-13T02:32:00+02:00,1685.580,1685.710,1682.920,1683.530,70
SQ:XAUUSD,2020-04-13T02:33:00+02:00,1683.530,1684.620,1683.530,1684.560,59
SQ:XAUUSD,2020-04-13T02:34:00+02:00,1684.560,1685.060,1683.930,1684.050,36
SQ:XAUUSD,2020-04-13T02:35:00+02:00,1684.050,1684.912,1683.950,1684.698,47
SQ:XAUUSD,2020-04-13T02:36:00+02:00,1684.698,1685.478,1684.400,1684.852,28
SQ:XAUUSD,2020-04-13T02:37:00+02:00,1684.822,1685.148,1684.702,1685.148,31
SQ:XAUUSD,2020-04-13T02:38:00+02:00,1685.148,1686.340,1685.148,1686.340,33
SQ:XAUUSD,2020-04-13T02:39:00+02:00,1686.340,1686.432,1685.580,1685.620,47
SQ:XAUUSD,2020-04-13T02:40:00+02:00,1685.620,1685.852,1685.350,1685.350,29
SQ:XAUUSD,2020-04-13T02:41:00+02:00,1685.348,1685.950,1685.240,1685.558,26
SQ:XAUUSD,2020-04-13T02:42:00+02:00,1685.558,1686.200,1685.550,1686.170,23
SQ:XAUUSD,2020-04-13T02:43:00+02:00,1686.170,1686.690,1685.950,1686.490,27
SQ:XAUUSD,2020-04-13T02:44:00+02:00,1686.460,1687.790,1686.380,1687.540,56
SQ:XAUUSD,2020-04-13T02:45:00+02:00,1687.540,1688.360,1687.440,1688.130,44
SQ:XAUUSD,2020-04-13T02:46:00+02:00,1688.130,1688.130,1685.478,1685.490,74
SQ:XAUUSD,2020-04-13T02:47:00+02:00,1685.502,1686.230,1685.492,1685.780,51
SQ:XAUUSD,2020-04-13T02:48:00+02:00,1685.770,1686.040,1685.600,1685.600,26
SQ:XAUUSD,2020-04-13T02:49:00+02:00,1685.600,1686.720,1685.420,1686.670,26
SQ:XAUUSD,2020-04-13T02:50:00+02:00,1686.670,1686.670,1685.600,1685.700,34
SQ:XAUUSD,2020-04-13T02:51:00+02:00,1685.740,1685.760,1685.400,1685.520,13
SQ:XAUUSD,2020-04-13T02:52:00+02:00,1685.570,1685.570,1685.360,1685.480,10
SQ:XAUUSD,2020-04-13T02:53:00+02:00,1685.480,1685.630,1685.480,1685.630,2
SQ:XAUUSD,2020-04-13T02:54:00+02:00,1685.630,1685.760,1685.590,1685.690,12
SQ:XAUUSD,2020-04-13T02:55:00+02:00,1685.690,1686.130,1685.550,1685.900,30
SQ:XAUUSD,2020-04-13T02:56:00+02:00,1685.900,1685.940,1685.390,1685.940,27
SQ:XAUUSD,2020-04-13T02:57:00+02:00,1685.940,1685.960,1685.580,1685.720,15
SQ:XAUUSD,2020-04-13T02:58:00+02:00,1685.720,1685.830,1685.430,1685.570,23
SQ:XAUUSD,2020-04-13T02:59:00+02:00,1685.570,1685.878,1685.470,1685.470,41
SQ:XAUUSD,2020-04-13T03:00:00+02:00,1685.470,1685.470,1681.330,1683.530,214
SQ:XAUUSD,2020-04-13T03:01:00+02:00,1683.530,1685.160,1683.460,1684.070,121
SQ:XAUUSD,2020-04-13T03:02:00+02:00,1684.070,1685.510,1683.810,1685.050,77
SQ:XAUUSD,2020-04-13T03:03:00+02:00,1685.070,1685.470,1684.220,1684.220,50
SQ:XAUUSD,2020-04-13T03:04:00+02:00,1684.220,1684.500,1683.220,1683.910,85
SQ:XAUUSD,2020-04-13T03:05:00+02:00,1683.910,1684.580,1683.730,1684.370,54
SQ:XAUUSD,2020-04-13T03:06:00+02:00,1684.340,1685.140,1684.030,1684.410,64
SQ:XAUUSD,2020-04-13T03:07:00+02:00,1684.400,1684.630,1684.010,1684.010,32
SQ:XAUUSD,2020-04-13T03:08:00+02:00,1684.010,1685.250,1684.010,1684.640,91
SQ:XAUUSD,2020-04-13T03:09:00+02:00,1684.640,1685.680,1684.640,1685.440,64
SQ:XAUUSD,2020-04-13T03:10:00+02:00,1685.440,1686.360,1685.130,1685.580,98
SQ:XAUUSD,2020-04-13T03:11:00+02:00,1685.490,1685.490,1684.540,1684.832,72
SQ:XAUUSD,2020-04-13T03:12:00+02:00,1684.814,1684.844,1684.180,1684.314,67
SQ:XAUUSD,2020-04-13T03:13:00+02:00,1684.312,1684.484,1683.530,1683.530,35
SQ:XAUUSD,2020-04-13T03:14:00+02:00,1683.530,1683.640,1683.040,1683.430,25
SQ:XAUUSD,2020-04-13T03:15:00+02:00,1683.430,1683.900,1683.300,1683.610,26
SQ:XAUUSD,2020-04-13T03:16:00+02:00,1683.740,1683.900,1682.860,1683.250,43
SQ:XAUUSD,2020-04-13T03:17:00+02:00,1683.250,1683.330,1682.280,1683.180,37
SQ:XAUUSD,2020-04-13T03:18:00+02:00,1683.180,1684.740,1683.130,1684.200,72
SQ:XAUUSD,2020-04-13T03:19:00+02:00,1684.270,1685.230,1684.080,1684.150,70
SQ:XAUUSD,2020-04-13T03:20:00+02:00,1684.150,1684.720,1683.920,1684.040,59
SQ:XAUUSD,2020-04-13T03:21:00+02:00,1684.020,1684.020,1683.110,1683.110,39
SQ:XAUUSD,2020-04-13T03:22:00+02:00,1683.090,1683.240,1683.020,1683.060,33
SQ:XAUUSD,2020-04-13T03:23:00+02:00,1683.060,1683.080,1683.020,1683.050,44
SQ:XAUUSD,2020-04-13T03:24:00+02:00,1683.030,1683.270,1683.020,1683.270,14
SQ:XAUUSD,2020-04-13T03:25:00+02:00,1683.270,1683.270,1683.270,1683.270,1
SQ:XAUUSD,2020-04-13T03:26:00+02:00,1683.270,1683.790,1683.030,1683.790,3
SQ:XAUUSD,2020-04-13T03:27:00+02:00,1683.790,1684.170,1683.790,1684.090,12
SQ:XAUUSD,2020-04-13T03:28:00+02:00,1684.090,1684.210,1684.070,1684.070,14
SQ:XAUUSD,2020-04-13T03:29:00+02:00,1684.070,1684.090,1683.430,1683.430,9
SQ:XAUUSD,2020-04-13T03:30:00+02:00,1683.430,1683.590,1683.430,1683.590,13
SQ:XAUUSD,2020-04-13T03:31:00+02:00,1683.590,1684.500,1682.990,1684.500,25
SQ:XAUUSD,2020-04-13T03:32:00+02:00,1684.500,1684.500,1684.250,1684.250,8
SQ:XAUUSD,2020-04-13T03:33:00+02:00,1684.250,1684.250,1684.250,1684.250,1
SQ:XAUUSD,2020-04-13T03:34:00+02:00,1684.250,1684.250,1683.500,1683.820,20
SQ:XAUUSD,2020-04-13T03:35:00+02:00,1683.720,1684.500,1683.720,1684.460,33
SQ:XAUUSD,2020-04-13T03:36:00+02:00,1684.460,1684.460,1683.450,1683.970,12
SQ:XAUUSD,2020-04-13T03:37:00+02:00,1683.970,1683.970,1683.700,1683.700,13
SQ:XAUUSD,2020-04-13T03:38:00+02:00,1683.700,1683.820,1683.000,1683.300,52
SQ:XAUUSD,2020-04-13T03:39:00+02:00,1683.300,1683.380,1681.630,1681.910,129
SQ:XAUUSD,2020-04-13T03:40:00+02:00,1681.910,1682.650,1681.120,1681.980,205
SQ:XAUUSD,2020-04-13T03:41:00+02:00,1681.950,1683.520,1679.940,1682.510,174
SQ:XAUUSD,2020-04-13T03:42:00+02:00,1682.540,1684.040,1682.430,1683.520,95
SQ:XAUUSD,2020-04-13T03:43:00+02:00,1683.520,1683.790,1682.780,1683.600,121
SQ:XAUUSD,2020-04-13T03:44:00+02:00,1683.310,1684.430,1682.570,1682.770,71
SQ:XAUUSD,2020-04-13T03:45:00+02:00,1682.770,1682.960,1681.650,1681.680,119
SQ:XAUUSD,2020-04-13T03:46:00+02:00,1681.880,1682.260,1681.180,1681.600,144
SQ:XAUUSD,2020-04-13T03:47:00+02:00,1681.600,1682.520,1681.350,1682.520,139
SQ:XAUUSD,2020-04-13T03:48:00+02:00,1682.520,1683.160,1682.160,1682.420,118
SQ:XAUUSD,2020-04-13T03:49:00+02:00,1682.370,1683.680,1682.010,1683.200,119
SQ:XAUUSD,2020-04-13T03:50:00+02:00,1683.190,1683.650,1682.680,1683.330,66
SQ:XAUUSD,2020-04-13T03:51:00+02:00,1683.050,1683.510,1682.450,1683.350,99
SQ:XAUUSD,2020-04-13T03:52:00+02:00,1683.400,1683.700,1682.970,1683.190,74
SQ:XAUUSD,2020-04-13T03:53:00+02:00,1683.260,1683.460,1682.424,1683.240,72
SQ:XAUUSD,2020-04-13T03:54:00+02:00,1683.220,1684.310,1683.050,1684.250,94
SQ:XAUUSD,2020-04-13T03:55:00+02:00,1684.250,1684.560,1684.020,1684.560,67
SQ:XAUUSD,2020-04-13T03:56:00+02:00,1684.520,1684.690,1684.230,1684.230,8
SQ:XAUUSD,2020-04-13T03:57:00+02:00,1684.230,1684.250,1683.670,1683.760,27
SQ:XAUUSD,2020-04-13T03:58:00+02:00,1684.040,1684.280,1683.500,1683.620,48
SQ:XAUUSD,2020-04-13T03:59:00+02:00,1683.600,1684.164,1683.170,1684.112,43
SQ:XAUUSD,2020-04-13T04:00:00+02:00,1684.112,1684.112,1683.270,1683.440,37
SQ:XAUUSD,2020-04-13T04:01:00+02:00,1683.440,1683.810,1682.950,1683.310,65
SQ:XAUUSD,2020-04-13T04:02:00+02:00,1683.360,1683.720,1682.260,1682.930,115
SQ:XAUUSD,2020-04-13T04:03:00+02:00,1682.850,1683.070,1681.720,1682.610,103
SQ:XAUUSD,2020-04-13T04:04:00+02:00,1682.620,1683.030,1679.280,1679.640,167
SQ:XAUUSD,2020-04-13T04:05:00+02:00,1679.680,1680.900,1679.680,1680.190,115
SQ:XAUUSD,2020-04-13T04:06:00+02:00,1680.140,1681.210,1679.770,1679.910,111
SQ:XAUUSD,2020-04-13T04:07:00+02:00,1680.170,1680.700,1679.130,1679.400,84
SQ:XAUUSD,2020-04-13T04:08:00+02:00,1679.470,1680.940,1679.230,1679.970,104
SQ:XAUUSD,2020-04-13T04:09:00+02:00,1679.970,1680.580,1679.270,1679.510,74
SQ:XAUUSD,2020-04-13T04:10:00+02:00,1679.510,1680.020,1679.380,1679.530,62
SQ:XAUUSD,2020-04-13T04:11:00+02:00,1679.530,1679.990,1679.230,1679.500,57
SQ:XAUUSD,2020-04-13T04:12:00+02:00,1679.510,1679.920,1679.500,1679.850,30
SQ:XAUUSD,2020-04-13T04:13:00+02:00,1679.850,1679.930,1679.520,1679.700,34
SQ:XAUUSD,2020-04-13T04:14:00+02:00,1679.770,1680.814,1679.560,1680.480,32
SQ:XAUUSD,2020-04-13T04:15:00+02:00,1680.480,1680.670,1679.820,1680.490,46
SQ:XAUUSD,2020-04-13T04:16:00+02:00,1680.490,1681.644,1680.490,1681.334,98
SQ:XAUUSD,2020-04-13T04:17:00+02:00,1681.304,1682.094,1681.104,1682.044,50
SQ:XAUUSD,2020-04-13T04:18:00+02:00,1681.962,1682.010,1681.310,1681.570,72
SQ:XAUUSD,2020-04-13T04:19:00+02:00,1681.570,1681.780,1680.760,1680.760,26
SQ:XAUUSD,2020-04-13T04:20:00+02:00,1680.760,1681.190,1680.550,1680.990,40
SQ:XAUUSD,2020-04-13T04:21:00+02:00,1680.990,1681.080,1680.430,1681.080,63
SQ:XAUUSD,2020-04-13T04:22:00+02:00,1681.110,1682.300,1680.880,1681.540,69
SQ:XAUUSD,2020-04-13T04:23:00+02:00,1681.630,1682.300,1681.200,1681.920,64
SQ:XAUUSD,2020-04-13T04:24:00+02:00,1682.030,1682.220,1681.320,1681.320,59
SQ:XAUUSD,2020-04-13T04:25:00+02:00,1681.320,1681.930,1681.096,1681.096,20
SQ:XAUUSD,2020-04-13T04:26:00+02:00,1681.200,1681.580,1680.840,1680.840,37
SQ:XAUUSD,2020-04-13T04:27:00+02:00,1680.830,1681.082,1680.810,1680.810,5
SQ:XAUUSD,2020-04-13T04:28:00+02:00,1680.820,1681.200,1680.580,1681.160,35
SQ:XAUUSD,2020-04-13T04:29:00+02:00,1681.220,1681.930,1681.040,1681.040,48
SQ:XAUUSD,2020-04-13T04:30:00+02:00,1681.040,1681.290,1680.790,1681.290,33
SQ:XAUUSD,2020-04-13T04:31:00+02:00,1681.290,1681.290,1680.550,1680.690,61
SQ:XAUUSD,2020-04-13T04:32:00+02:00,1680.590,1680.860,1680.480,1680.520,41
SQ:XAUUSD,2020-04-13T04:33:00+02:00,1680.520,1680.780,1680.230,1680.700,18
SQ:XAUUSD,2020-04-13T04:34:00+02:00,1680.700,1680.900,1680.500,1680.730,18
SQ:XAUUSD,2020-04-13T04:35:00+02:00,1680.730,1680.970,1680.710,1680.970,11
SQ:XAUUSD,2020-04-13T04:36:00+02:00,1680.970,1681.264,1680.860,1680.880,30
SQ:XAUUSD,2020-04-13T04:37:00+02:00,1680.880,1680.880,1679.830,1680.390,14
SQ:XAUUSD,2020-04-13T04:38:00+02:00,1680.390,1680.880,1680.300,1680.640,25
SQ:XAUUSD,2020-04-13T04:39:00+02:00,1680.640,1680.990,1679.980,1680.100,15
SQ:XAUUSD,2020-04-13T04:40:00+02:00,1680.470,1680.560,1679.570,1680.560,53
SQ:XAUUSD,2020-04-13T04:41:00+02:00,1680.560,1681.460,1680.500,1680.820,64
SQ:XAUUSD,2020-04-13T04:42:00+02:00,1680.890,1681.720,1680.890,1681.500,67
SQ:XAUUSD,2020-04-13T04:43:00+02:00,1681.480,1682.520,1681.310,1682.520,68
SQ:XAUUSD,2020-04-13T04:44:00+02:00,1682.520,1682.530,1681.000,1681.270,70
SQ:XAUUSD,2020-04-13T04:45:00+02:00,1681.160,1681.410,1680.980,1681.350,65
SQ:XAUUSD,2020-04-13T04:46:00+02:00,1681.350,1681.660,1680.960,1681.210,53
SQ:XAUUSD,2020-04-13T04:47:00+02:00,1681.150,1681.580,1680.460,1681.490,44
SQ:XAUUSD,2020-04-13T04:48:00+02:00,1681.550,1681.910,1681.270,1681.630,47
SQ:XAUUSD,2020-04-13T04:49:00+02:00,1681.590,1681.590,1681.000,1681.080,20
SQ:XAUUSD,2020-04-13T04:50:00+02:00,1680.900,1680.900,1680.260,1680.580,70
SQ:XAUUSD,2020-04-13T04:51:00+02:00,1680.620,1680.850,1680.360,1680.680,36
SQ:XAUUSD,2020-04-13T04:52:00+02:00,1680.660,1681.120,1680.660,1680.980,30
SQ:XAUUSD,2020-04-13T04:53:00+02:00,1681.030,1681.490,1680.810,1681.370,39
SQ:XAUUSD,2020-04-13T04:54:00+02:00,1681.360,1681.950,1681.360,1681.850,37
SQ:XAUUSD,2020-04-13T04:55:00+02:00,1681.850,1681.960,1681.670,1681.840,30
SQ:XAUUSD,2020-04-13T04:56:00+02:00,1681.960,1682.090,1681.740,1681.920,33
SQ:XAUUSD,2020-04-13T04:57:00+02:00,1681.920,1682.140,1681.870,1682.070,19
SQ:XAUUSD,2020-04-13T04:58:00+02:00,1682.070,1682.140,1681.970,1682.060,10
SQ:XAUUSD,2020-04-13T04:59:00+02:00,1682.050,1682.160,1681.960,1682.160,34
SQ:XAUUSD,2020-04-13T05:00:00+02:00,1682.210,1683.710,1682.210,1683.590,97
SQ:XAUUSD,2020-04-13T05:01:00+02:00,1683.550,1684.450,1683.500,1684.210,114
SQ:XAUUSD,2020-04-13T05:02:00+02:00,1684.210,1684.240,1683.750,1684.240,39
SQ:XAUUSD,2020-04-13T05:03:00+02:00,1684.240,1684.560,1683.250,1684.030,83
SQ:XAUUSD,2020-04-13T05:04:00+02:00,1684.030,1684.250,1682.490,1683.680,64
SQ:XAUUSD,2020-04-13T05:05:00+02:00,1683.680,1684.170,1683.230,1683.230,40
SQ:XAUUSD,2020-04-13T05:06:00+02:00,1683.160,1683.740,1683.130,1683.730,40
SQ:XAUUSD,2020-04-13T05:07:00+02:00,1683.730,1684.380,1683.560,1683.600,53
SQ:XAUUSD,2020-04-13T05:08:00+02:00,1683.340,1684.040,1683.100,1683.980,44
SQ:XAUUSD,2020-04-13T05:09:00+02:00,1683.930,1684.380,1683.460,1684.170,75
SQ:XAUUSD,2020-04-13T05:10:00+02:00,1684.280,1684.430,1683.330,1683.890,72
SQ:XAUUSD,2020-04-13T05:11:00+02:00,1683.890,1684.270,1683.800,1684.040,34
SQ:XAUUSD,2020-04-13T05:12:00+02:00,1684.040,1684.580,1683.040,1683.540,33
SQ:XAUUSD,2020-04-13T05:13:00+02:00,1683.680,1684.870,1683.590,1684.220,48
SQ:XAUUSD,2020-04-13T05:14:00+02:00,1684.060,1685.170,1684.030,1684.740,128
SQ:XAUUSD,2020-04-13T05:15:00+02:00,1685.100,1685.300,1684.290,1684.650,104
SQ:XAUUSD,2020-04-13T05:16:00+02:00,1684.720,1684.730,1683.080,1684.320,65
SQ:XAUUSD,2020-04-13T05:17:00+02:00,1684.280,1684.650,1684.180,1684.430,34
SQ:XAUUSD,2020-04-13T05:18:00+02:00,1684.390,1684.880,1683.530,1683.940,63
SQ:XAUUSD,2020-04-13T05:19:00+02:00,1684.020,1684.900,1683.340,1684.570,64
SQ:XAUUSD,2020-04-13T05:20:00+02:00,1684.560,1684.560,1684.130,1684.210,28
SQ:XAUUSD,2020-04-13T05:21:00+02:00,1684.290,1684.330,1683.840,1683.920,26
SQ:XAUUSD,2020-04-13T05:22:00+02:00,1683.890,1684.600,1683.700,1684.370,34
SQ:XAUUSD,2020-04-13T05:23:00+02:00,1684.410,1684.470,1684.200,1684.330,17
SQ:XAUUSD,2020-04-13T05:24:00+02:00,1684.450,1684.460,1684.020,1684.230,23
SQ:XAUUSD,2020-04-13T05:25:00+02:00,1684.230,1684.310,1683.080,1683.190,62
SQ:XAUUSD,2020-04-13T05:26:00+02:00,1683.230,1683.690,1682.640,1682.750,30
SQ:XAUUSD,2020-04-13T05:27:00+02:00,1682.690,1682.730,1682.340,1682.370,27
SQ:XAUUSD,2020-04-13T05:28:00+02:00,1682.280,1683.480,1682.270,1683.480,37
SQ:XAUUSD,2020-04-13T05:29:00+02:00,1683.450,1684.100,1683.400,1683.970,70
SQ:XAUUSD,2020-04-13T05:30:00+02:00,1683.970,1683.990,1682.860,1683.270,38
SQ:XAUUSD,2020-04-13T05:31:00+02:00,1683.310,1684.740,1682.830,1684.490,58
SQ:XAUUSD,2020-04-13T05:32:00+02:00,1684.490,1684.770,1684.000,1684.160,33
SQ:XAUUSD,2020-04-13T05:33:00+02:00,1684.200,1684.560,1684.120,1684.440,21
SQ:XAUUSD,2020-04-13T05:34:00+02:00,1684.480,1685.170,1683.350,1683.370,53
SQ:XAUUSD,2020-04-13T05:35:00+02:00,1683.370,1684.620,1682.680,1684.620,42
SQ:XAUUSD,2020-04-13T05:36:00+02:00,1684.650,1684.740,1684.210,1684.390,15
SQ:XAUUSD,2020-04-13T05:37:00+02:00,1684.370,1684.370,1683.510,1683.620,45
SQ:XAUUSD,2020-04-13T05:38:00+02:00,1683.590,1683.740,1682.510,1682.930,38
SQ:XAUUSD,2020-04-13T05:39:00+02:00,1682.970,1683.380,1682.830,1683.140,42
SQ:XAUUSD,2020-04-13T05:40:00+02:00,1682.990,1683.050,1682.620,1682.720,42
SQ:XAUUSD,2020-04-13T05:41:00+02:00,1682.530,1682.720,1682.200,1682.500,35
SQ:XAUUSD,2020-04-13T05:42:00+02:00,1682.460,1682.610,1682.230,1682.380,34
SQ:XAUUSD,2020-04-13T05:43:00+02:00,1682.350,1682.690,1682.080,1682.320,40
SQ:XAUUSD,2020-04-13T05:44:00+02:00,1682.330,1682.770,1682.330,1682.600,21
SQ:XAUUSD,2020-04-13T05:45:00+02:00,1682.600,1682.600,1681.330,1681.390,30
SQ:XAUUSD,2020-04-13T05:46:00+02:00,1681.360,1681.360,1680.880,1681.230,16
SQ:XAUUSD,2020-04-13T05:47:00+02:00,1681.230,1681.230,1680.980,1680.980,14
SQ:XAUUSD,2020-04-13T05:48:00+02:00,1680.980,1681.080,1680.500,1680.630,22
SQ:XAUUSD,2020-04-13T05:49:00+02:00,1680.630,1681.180,1680.610,1681.180,19
SQ:XAUUSD,2020-04-13T05:50:00+02:00,1681.170,1681.910,1681.110,1681.460,34
SQ:XAUUSD,2020-04-13T05:51:00+02:00,1681.440,1681.540,1680.610,1680.900,23
SQ:XAUUSD,2020-04-13T05:52:00+02:00,1680.900,1680.980,1680.230,1680.470,23
SQ:XAUUSD,2020-04-13T05:53:00+02:00,1680.470,1680.640,1680.160,1680.460,28
SQ:XAUUSD,2020-04-13T05:54:00+02:00,1680.460,1680.730,1680.460,1680.730,22
SQ:XAUUSD,2020-04-13T05:55:00+02:00,1680.740,1680.860,1680.320,1680.420,24
SQ:XAUUSD,2020-04-13T05:56:00+02:00,1680.420,1682.340,1680.420,1682.340,55
SQ:XAUUSD,2020-04-13T05:57:00+02:00,1682.330,1682.480,1681.430,1682.460,62
SQ:XAUUSD,2020-04-13T05:58:00+02:00,1682.380,1682.540,1682.260,1682.350,29
SQ:XAUUSD,2020-04-13T05:59:00+02:00,1682.310,1682.310,1681.980,1682.100,10
SQ:XAUUSD,2020-04-13T06:00:00+02:00,1682.010,1682.726,1681.890,1682.270,24
SQ:XAUUSD,2020-04-13T06:01:00+02:00,1682.310,1682.810,1682.300,1682.660,26
SQ:XAUUSD,2020-04-13T06:02:00+02:00,1682.660,1682.700,1682.350,1682.470,23
SQ:XAUUSD,2020-04-13T06:03:00+02:00,1682.470,1684.190,1682.390,1683.850,154
SQ:XAUUSD,2020-04-13T06:04:00+02:00,1683.850,1684.320,1683.220,1683.220,98
SQ:XAUUSD,2020-04-13T06:05:00+02:00,1683.220,1683.470,1682.700,1682.890,36
SQ:XAUUSD,2020-04-13T06:06:00+02:00,1682.800,1682.800,1682.150,1682.440,45
SQ:XAUUSD,2020-04-13T06:07:00+02:00,1682.440,1683.240,1682.440,1683.080,27
SQ:XAUUSD,2020-04-13T06:08:00+02:00,1683.100,1683.530,1682.920,1683.530,30
SQ:XAUUSD,2020-04-13T06:09:00+02:00,1683.530,1683.530,1682.680,1682.740,24
SQ:XAUUSD,2020-04-13T06:10:00+02:00,1682.730,1682.740,1682.070,1682.590,42
SQ:XAUUSD,2020-04-13T06:11:00+02:00,1682.520,1682.620,1682.190,1682.210,26
SQ:XAUUSD,2020-04-13T06:12:00+02:00,1682.220,1682.690,1682.220,1682.640,15
SQ:XAUUSD,2020-04-13T06:13:00+02:00,1682.660,1683.200,1682.660,1682.910,22
SQ:XAUUSD,2020-04-13T06:14:00+02:00,1682.910,1682.960,1682.550,1682.560,12
SQ:XAUUSD,2020-04-13T06:15:00+02:00,1682.610,1682.930,1682.610,1682.720,11
SQ:XAUUSD,2020-04-13T06:16:00+02:00,1682.720,1682.720,1682.340,1682.650,24
SQ:XAUUSD,2020-04-13T06:17:00+02:00,1682.670,1682.770,1682.450,1682.450,12
SQ:XAUUSD,2020-04-13T06:18:00+02:00,1682.460,1682.500,1682.340,1682.500,11
SQ:XAUUSD,2020-04-13T06:19:00+02:00,1682.500,1682.590,1682.470,1682.500,12
SQ:XAUUSD,2020-04-13T06:20:00+02:00,1682.500,1683.020,1682.490,1682.740,23
SQ:XAUUSD,2020-04-13T06:21:00+02:00,1682.740,1683.480,1682.540,1682.680,36
SQ:XAUUSD,2020-04-13T06:22:00+02:00,1682.740,1683.280,1682.560,1682.570,24
SQ:XAUUSD,2020-04-13T06:23:00+02:00,1682.570,1683.020,1682.570,1682.630,17
SQ:XAUUSD,2020-04-13T06:24:00+02:00,1682.630,1682.630,1681.900,1682.060,16
SQ:XAUUSD,2020-04-13T06:25:00+02:00,1682.060,1682.390,1682.050,1682.390,7
SQ:XAUUSD,2020-04-13T06:26:00+02:00,1682.410,1682.730,1682.360,1682.420,16
SQ:XAUUSD,2020-04-13T06:27:00+02:00,1682.500,1682.500,1682.200,1682.420,16
SQ:XAUUSD,2020-04-13T06:28:00+02:00,1682.420,1682.470,1682.180,1682.300,13
SQ:XAUUSD,2020-04-13T06:29:00+02:00,1682.210,1682.310,1682.190,1682.310,9
SQ:XAUUSD,2020-04-13T06:30:00+02:00,1682.290,1682.370,1682.260,1682.300,13
SQ:XAUUSD,2020-04-13T06:31:00+02:00,1682.300,1682.300,1681.450,1682.130,27
SQ:XAUUSD,2020-04-13T06:32:00+02:00,1682.120,1682.460,1681.880,1682.240,27
SQ:XAUUSD,2020-04-13T06:33:00+02:00,1682.230,1682.660,1682.230,1682.660,17
SQ:XAUUSD,2020-04-13T06:34:00+02:00,1682.660,1682.660,1682.310,1682.550,20
SQ:XAUUSD,2020-04-13T06:35:00+02:00,1682.550,1682.590,1682.210,1682.370,13
SQ:XAUUSD,2020-04-13T06:36:00+02:00,1682.370,1682.450,1682.160,1682.420,15
SQ:XAUUSD,2020-04-13T06:37:00+02:00,1682.440,1682.850,1682.430,1682.620,20
SQ:XAUUSD,2020-04-13T06:38:00+02:00,1682.620,1682.970,1682.420,1682.530,23
SQ:XAUUSD,2020-04-13T06:39:00+02:00,1682.530,1682.730,1682.500,1682.590,16
SQ:XAUUSD,2020-04-13T06:40:00+02:00,1682.560,1682.580,1682.220,1682.310,12
SQ:XAUUSD,2020-04-13T06:41:00+02:00,1682.310,1682.960,1682.310,1682.910,27
SQ:XAUUSD,2020-04-13T06:42:00+02:00,1682.910,1682.980,1682.000,1682.000,36
SQ:XAUUSD,2020-04-13T06:43:00+02:00,1682.000,1683.520,1682.000,1683.290,47
SQ:XAUUSD,2020-04-13T06:44:00+02:00,1683.260,1683.950,1682.780,1683.730,76
SQ:XAUUSD,2020-04-13T06:45:00+02:00,1683.750,1683.840,1682.390,1682.620,60
SQ:XAUUSD,2020-04-13T06:46:00+02:00,1682.620,1682.620,1681.920,1682.350,32
SQ:XAUUSD,2020-04-13T06:47:00+02:00,1682.350,1682.380,1681.910,1682.100,21
SQ:XAUUSD,2020-04-13T06:48:00+02:00,1682.200,1682.440,1682.140,1682.380,13
SQ:XAUUSD,2020-04-13T06:49:00+02:00,1682.300,1682.370,1682.020,1682.350,21
SQ:XAUUSD,2020-04-13T06:50:00+02:00,1682.410,1682.850,1682.410,1682.820,21
SQ:XAUUSD,2020-04-13T06:51:00+02:00,1682.820,1682.820,1682.490,1682.610,18
SQ:XAUUSD,2020-04-13T06:52:00+02:00,1682.560,1682.580,1682.370,1682.400,22
SQ:XAUUSD,2020-04-13T06:53:00+02:00,1682.410,1682.610,1682.380,1682.410,21
SQ:XAUUSD,2020-04-13T06:54:00+02:00,1682.410,1682.830,1682.410,1682.440,25
SQ:XAUUSD,2020-04-13T06:55:00+02:00,1682.440,1682.630,1682.360,1682.600,13
SQ:XAUUSD,2020-04-13T06:56:00+02:00,1682.600,1682.740,1682.550,1682.720,13
SQ:XAUUSD,2020-04-13T06:57:00+02:00,1682.710,1682.780,1682.520,1682.570,12
SQ:XAUUSD,2020-04-13T06:58:00+02:00,1682.580,1684.400,1682.540,1683.940,72
SQ:XAUUSD,2020-04-13T06:59:00+02:00,1683.860,1683.910,1682.970,1683.280,47
SQ:XAUUSD,2020-04-13T07:00:00+02:00,1683.310,1683.420,1682.920,1683.320,29
SQ:XAUUSD,2020-04-13T07:01:00+02:00,1683.380,1683.850,1683.200,1683.210,41
SQ:XAUUSD,2020-04-13T07:02:00+02:00,1683.260,1683.470,1682.700,1683.170,49
SQ:XAUUSD,2020-04-13T07:03:00+02:00,1683.160,1683.440,1682.750,1683.420,34
SQ:XAUUSD,2020-04-13T07:04:00+02:00,1683.350,1683.390,1683.100,1683.280,17
SQ:XAUUSD,2020-04-13T07:05:00+02:00,1683.270,1683.550,1683.120,1683.280,28
SQ:XAUUSD,2020-04-13T07:06:00+02:00,1683.330,1683.420,1683.100,1683.150,30
SQ:XAUUSD,2020-04-13T07:07:00+02:00,1683.110,1683.120,1682.420,1682.680,33
SQ:XAUUSD,2020-04-13T07:08:00+02:00,1682.690,1682.710,1682.030,1682.420,34
SQ:XAUUSD,2020-04-13T07:09:00+02:00,1682.440,1682.520,1681.610,1682.090,58
SQ:XAUUSD,2020-04-13T07:10:00+02:00,1682.040,1682.640,1682.030,1682.270,31
SQ:XAUUSD,2020-04-13T07:11:00+02:00,1682.290,1682.350,1682.120,1682.220,32
SQ:XAUUSD,2020-04-13T07:12:00+02:00,1682.240,1682.250,1681.930,1681.980,22
SQ:XAUUSD,2020-04-13T07:13:00+02:00,1681.980,1682.190,1681.800,1682.020,30
SQ:XAUUSD,2020-04-13T07:14:00+02:00,1682.000,1682.120,1681.860,1681.860,22
SQ:XAUUSD,2020-04-13T07:15:00+02:00,1681.860,1682.180,1681.290,1682.170,49
SQ:XAUUSD,2020-04-13T07:16:00+02:00,1682.170,1682.920,1682.120,1682.220,47
SQ:XAUUSD,2020-04-13T07:17:00+02:00,1682.220,1683.060,1682.160,1683.060,41
SQ:XAUUSD,2020-04-13T07:18:00+02:00,1682.850,1683.820,1682.830,1683.400,60
SQ:XAUUSD,2020-04-13T07:19:00+02:00,1683.350,1683.710,1683.230,1683.420,36
SQ:XAUUSD,2020-04-13T07:20:00+02:00,1683.430,1683.430,1683.000,1683.000,31
SQ:XAUUSD,2020-04-13T07:21:00+02:00,1682.990,1682.990,1682.280,1682.280,30
SQ:XAUUSD,2020-04-13T07:22:00+02:00,1682.280,1682.690,1681.950,1682.340,27
SQ:XAUUSD,2020-04-13T07:23:00+02:00,1682.410,1682.920,1682.280,1682.280,63
SQ:XAUUSD,2020-04-13T07:24:00+02:00,1682.280,1682.970,1682.210,1682.280,25
SQ:XAUUSD,2020-04-13T07:25:00+02:00,1682.280,1683.240,1682.230,1682.950,31
SQ:XAUUSD,2020-04-13T07:26:00+02:00,1682.960,1683.070,1682.760,1682.850,14
SQ:XAUUSD,2020-04-13T07:27:00+02:00,1682.750,1682.750,1682.480,1682.700,17
SQ:XAUUSD,2020-04-13T07:28:00+02:00,1682.610,1682.950,1682.560,1682.880,22
SQ:XAUUSD,2020-04-13T07:29:00+02:00,1682.880,1683.490,1682.880,1683.380,9
SQ:XAUUSD,2020-04-13T07:30:00+02:00,1683.380,1683.460,1681.850,1682.060,87
SQ:XAUUSD,2020-04-13T07:31:00+02:00,1682.040,1682.560,1681.950,1682.560,43
SQ:XAUUSD,2020-04-13T07:32:00+02:00,1682.550,1682.550,1682.060,1682.080,23
SQ:XAUUSD,2020-04-13T07:33:00+02:00,1682.050,1683.150,1682.050,1683.120,24
SQ:XAUUSD,2020-04-13T07:34:00+02:00,1683.120,1683.120,1682.760,1682.760,28
SQ:XAUUSD,2020-04-13T07:35:00+02:00,1682.790,1683.160,1682.790,1683.080,32
SQ:XAUUSD,2020-04-13T07:36:00+02:00,1683.080,1683.080,1682.820,1682.820,3
SQ:XAUUSD,2020-04-13T07:37:00+02:00,1682.820,1682.820,1681.630,1682.710,61
SQ:XAUUSD,2020-04-13T07:38:00+02:00,1682.660,1682.950,1682.370,1682.630,69
SQ:XAUUSD,2020-04-13T07:39:00+02:00,1682.580,1683.130,1682.570,1682.770,58
SQ:XAUUSD,2020-04-13T07:40:00+02:00,1682.810,1682.990,1682.680,1682.830,52
SQ:XAUUSD,2020-04-13T07:41:00+02:00,1682.770,1682.810,1681.800,1682.630,137
SQ:XAUUSD,2020-04-13T07:42:00+02:00,1682.600,1682.980,1682.450,1682.720,44
SQ:XAUUSD,2020-04-13T07:43:00+02:00,1682.670,1682.810,1681.710,1681.900,41
SQ:XAUUSD,2020-04-13T07:44:00+02:00,1681.900,1682.500,1681.900,1682.360,46
SQ:XAUUSD,2020-04-13T07:45:00+02:00,1682.360,1682.410,1682.060,1682.410,51
SQ:XAUUSD,2020-04-13T07:46:00+02:00,1682.430,1684.070,1682.410,1683.410,66
SQ:XAUUSD,2020-04-13T07:47:00+02:00,1683.410,1683.740,1683.190,1683.400,50
SQ:XAUUSD,2020-04-13T07:48:00+02:00,1683.340,1683.460,1683.210,1683.320,28
SQ:XAUUSD,2020-04-13T07:49:00+02:00,1683.320,1683.340,1682.810,1682.930,31
SQ:XAUUSD,2020-04-13T07:50:00+02:00,1682.930,1683.500,1682.920,1683.380,29
SQ:XAUUSD,2020-04-13T07:51:00+02:00,1683.380,1684.510,1683.380,1684.230,63
SQ:XAUUSD,2020-04-13T07:52:00+02:00,1684.200,1684.240,1683.690,1683.750,56
SQ:XAUUSD,2020-04-13T07:53:00+02:00,1683.930,1684.200,1683.160,1683.240,51
SQ:XAUUSD,2020-04-13T07:54:00+02:00,1683.220,1683.240,1682.860,1682.860,28
SQ:XAUUSD,2020-04-13T07:55:00+02:00,1682.840,1683.050,1682.670,1682.970,34
SQ:XAUUSD,2020-04-13T07:56:00+02:00,1682.950,1682.980,1682.820,1682.830,21
SQ:XAUUSD,2020-04-13T07:57:00+02:00,1682.940,1682.940,1682.750,1682.890,13
SQ:XAUUSD,2020-04-13T07:58:00+02:00,1682.840,1682.870,1682.660,1682.700,26
SQ:XAUUSD,2020-04-13T07:59:00+02:00,1682.700,1683.950,1682.590,1683.880,17
SQ:XAUUSD,2020-04-13T08:00:00+02:00,1683.830,1684.950,1683.450,1684.880,130
SQ:XAUUSD,2020-04-13T08:01:00+02:00,1684.880,1684.990,1683.750,1683.930,66
SQ:XAUUSD,2020-04-13T08:02:00+02:00,1684.310,1684.490,1683.370,1684.060,70
SQ:XAUUSD,2020-04-13T08:03:00+02:00,1684.030,1684.980,1683.330,1684.610,96
SQ:XAUUSD,2020-04-13T08:04:00+02:00,1684.610,1684.770,1683.850,1683.890,88
SQ:XAUUSD,2020-04-13T08:05:00+02:00,1683.890,1684.200,1683.450,1684.160,40
SQ:XAUUSD,2020-04-13T08:06:00+02:00,1684.160,1685.380,1684.160,1685.300,46
SQ:XAUUSD,2020-04-13T08:07:00+02:00,1685.300,1685.350,1684.040,1684.770,102
SQ:XAUUSD,2020-04-13T08:08:00+02:00,1684.770,1685.140,1684.110,1684.260,82
SQ:XAUUSD,2020-04-13T08:09:00+02:00,1684.250,1684.410,1683.430,1683.880,54
SQ:XAUUSD,2020-04-13T08:10:00+02:00,1683.880,1685.410,1683.850,1683.870,94
SQ:XAUUSD,2020-04-13T08:11:00+02:00,1683.870,1685.210,1683.860,1684.760,92
SQ:XAUUSD,2020-04-13T08:12:00+02:00,1684.750,1685.304,1684.510,1685.130,85
SQ:XAUUSD,2020-04-13T08:13:00+02:00,1685.130,1685.130,1684.830,1684.910,41
SQ:XAUUSD,2020-04-13T08:14:00+02:00,1684.910,1685.060,1684.660,1684.930,51
SQ:XAUUSD,2020-04-13T08:15:00+02:00,1684.930,1685.020,1684.120,1684.850,24
SQ:XAUUSD,2020-04-13T08:16:00+02:00,1684.900,1685.030,1683.970,1684.500,62
SQ:XAUUSD,2020-04-13T08:17:00+02:00,1684.500,1685.590,1684.070,1684.180,68
SQ:XAUUSD,2020-04-13T08:18:00+02:00,1684.180,1684.740,1684.100,1684.570,21
SQ:XAUUSD,2020-04-13T08:19:00+02:00,1684.570,1684.870,1684.010,1684.510,46
SQ:XAUUSD,2020-04-13T08:20:00+02:00,1684.480,1684.620,1684.320,1684.510,21
SQ:XAUUSD,2020-04-13T08:21:00+02:00,1684.510,1685.690,1684.190,1684.970,48
SQ:XAUUSD,2020-04-13T08:22:00+02:00,1684.970,1687.620,1684.970,1686.990,200
SQ:XAUUSD,2020-04-13T08:23:00+02:00,1686.970,1687.710,1685.250,1686.150,164
SQ:XAUUSD,2020-04-13T08:24:00+02:00,1686.130,1686.530,1685.460,1685.890,57
SQ:XAUUSD,2020-04-13T08:25:00+02:00,1685.890,1686.970,1685.570,1686.450,56
SQ:XAUUSD,2020-04-13T08:26:00+02:00,1686.390,1686.610,1686.140,1686.380,33
SQ:XAUUSD,2020-04-13T08:27:00+02:00,1686.300,1686.700,1685.940,1686.590,35
SQ:XAUUSD,2020-04-13T08:28:00+02:00,1686.590,1687.270,1686.410,1687.190,41
SQ:XAUUSD,2020-04-13T08:29:00+02:00,1686.920,1687.140,1686.540,1686.810,29
SQ:XAUUSD,2020-04-13T08:30:00+02:00,1686.810,1687.180,1686.490,1686.710,38
SQ:XAUUSD,2020-04-13T08:31:00+02:00,1686.760,1686.840,1686.030,1686.300,43
SQ:XAUUSD,2020-04-13T08:32:00+02:00,1686.300,1688.060,1686.130,1687.630,54
SQ:XAUUSD,2020-04-13T08:33:00+02:00,1687.630,1687.650,1686.200,1686.340,81
SQ:XAUUSD,2020-04-13T08:34:00+02:00,1686.340,1689.500,1686.340,1688.330,96
SQ:XAUUSD,2020-04-13T08:35:00+02:00,1689.730,1690.040,1687.850,1688.430,128
SQ:XAUUSD,2020-04-13T08:36:00+02:00,1688.430,1689.130,1687.890,1688.340,95
SQ:XAUUSD,2020-04-13T08:37:00+02:00,1688.450,1688.790,1688.180,1688.700,56
SQ:XAUUSD,2020-04-13T08:38:00+02:00,1688.750,1690.660,1688.750,1689.490,210
SQ:XAUUSD,2020-04-13T08:39:00+02:00,1689.510,1690.540,1688.640,1689.690,145
SQ:XAUUSD,2020-04-13T08:40:00+02:00,1689.660,1689.990,1688.410,1688.630,136
SQ:XAUUSD,2020-04-13T08:41:00+02:00,1688.630,1689.220,1688.330,1688.800,50
SQ:XAUUSD,2020-04-13T08:42:00+02:00,1688.800,1689.560,1688.700,1689.440,123
SQ:XAUUSD,2020-04-13T08:43:00+02:00,1689.440,1690.110,1689.440,1689.710,79
SQ:XAUUSD,2020-04-13T08:44:00+02:00,1689.680,1689.930,1688.880,1689.310,58
SQ:XAUUSD,2020-04-13T08:45:00+02:00,1689.310,1690.130,1689.080,1689.760,67
SQ:XAUUSD,2020-04-13T08:46:00+02:00,1689.780,1689.990,1689.420,1689.510,63
SQ:XAUUSD,2020-04-13T08:47:00+02:00,1689.560,1689.650,1689.020,1689.500,91
SQ:XAUUSD,2020-04-13T08:48:00+02:00,1689.500,1690.270,1689.250,1690.270,55
SQ:XAUUSD,2020-04-13T08:49:00+02:00,1690.370,1690.370,1689.006,1689.242,78
SQ:XAUUSD,2020-04-13T08:50:00+02:00,1689.354,1689.800,1688.830,1688.950,60
SQ:XAUUSD,2020-04-13T08:51:00+02:00,1688.950,1689.380,1688.950,1689.020,34
SQ:XAUUSD,2020-04-13T08:52:00+02:00,1689.060,1689.750,1688.630,1688.950,41
SQ:XAUUSD,2020-04-13T08:53:00+02:00,1688.950,1688.950,1687.980,1688.050,67
SQ:XAUUSD,2020-04-13T08:54:00+02:00,1688.410,1689.060,1688.380,1689.060,25
SQ:XAUUSD,2020-04-13T08:55:00+02:00,1689.060,1689.150,1689.060,1689.060,14
SQ:XAUUSD,2020-04-13T08:56:00+02:00,1689.060,1689.640,1689.060,1689.620,46
SQ:XAUUSD,2020-04-13T08:57:00+02:00,1689.620,1690.250,1689.010,1690.250,60
SQ:XAUUSD,2020-04-13T08:58:00+02:00,1690.230,1690.670,1689.540,1690.370,133
SQ:XAUUSD,2020-04-13T08:59:00+02:00,1690.460,1690.720,1690.270,1690.280,136
SQ:XAUUSD,2020-04-13T09:00:00+02:00,1690.280,1690.300,1689.470,1689.870,159
SQ:XAUUSD,2020-04-13T09:01:00+02:00,1689.900,1690.240,1689.020,1689.610,80
SQ:XAUUSD,2020-04-13T09:02:00+02:00,1689.670,1689.670,1688.640,1688.820,37
SQ:XAUUSD,2020-04-13T09:03:00+02:00,1688.820,1690.530,1687.820,1687.820,86
SQ:XAUUSD,2020-04-13T09:04:00+02:00,1687.820,1689.150,1687.810,1688.890,130
SQ:XAUUSD,2020-04-13T09:05:00+02:00,1688.460,1689.142,1687.810,1689.142,99
SQ:XAUUSD,2020-04-13T09:06:00+02:00,1689.082,1689.396,1688.942,1689.210,85
SQ:XAUUSD,2020-04-13T09:07:00+02:00,1689.210,1689.674,1688.650,1688.946,124
SQ:XAUUSD,2020-04-13T09:08:00+02:00,1688.946,1689.030,1688.660,1688.764,72
SQ:XAUUSD,2020-04-13T09:09:00+02:00,1688.752,1688.984,1688.630,1688.780,43
SQ:XAUUSD,2020-04-13T09:10:00+02:00,1688.750,1689.510,1688.700,1689.440,89
SQ:XAUUSD,2020-04-13T09:11:00+02:00,1689.440,1690.570,1689.180,1690.510,73
SQ:XAUUSD,2020-04-13T09:12:00+02:00,1690.540,1690.920,1689.640,1689.830,72
SQ:XAUUSD,2020-04-13T09:13:00+02:00,1689.770,1690.470,1689.130,1689.378,45
SQ:XAUUSD,2020-04-13T09:14:00+02:00,1689.378,1689.580,1689.128,1689.470,67
SQ:XAUUSD,2020-04-13T09:15:00+02:00,1689.480,1692.320,1689.190,1692.310,153
SQ:XAUUSD,2020-04-13T09:16:00+02:00,1692.310,1692.550,1690.570,1691.090,131
SQ:XAUUSD,2020-04-13T09:17:00+02:00,1691.090,1691.320,1689.974,1690.002,104
SQ:XAUUSD,2020-04-13T09:18:00+02:00,1690.034,1690.252,1689.590,1690.000,155
SQ:XAUUSD,2020-04-13T09:19:00+02:00,1690.000,1690.312,1689.400,1689.860,116
SQ:XAUUSD,2020-04-13T09:20:00+02:00,1689.860,1690.596,1689.280,1689.450,83
SQ:XAUUSD,2020-04-13T09:21:00+02:00,1689.380,1689.950,1688.870,1688.870,125
SQ:XAUUSD,2020-04-13T09:22:00+02:00,1688.870,1689.670,1688.350,1689.550,65
SQ:XAUUSD,2020-04-13T09:23:00+02:00,1689.550,1689.790,1688.870,1689.650,76
SQ:XAUUSD,2020-04-13T09:24:00+02:00,1689.640,1689.830,1689.280,1689.500,49
SQ:XAUUSD,2020-04-13T09:25:00+02:00,1689.490,1689.880,1688.820,1689.260,63
SQ:XAUUSD,2020-04-13T09:26:00+02:00,1689.260,1690.510,1688.910,1689.530,92
SQ:XAUUSD,2020-04-13T09:27:00+02:00,1689.470,1689.780,1687.890,1688.438,128
SQ:XAUUSD,2020-04-13T09:28:00+02:00,1688.350,1689.870,1688.328,1689.580,132
SQ:XAUUSD,2020-04-13T09:29:00+02:00,1689.580,1690.230,1689.280,1690.000,50
SQ:XAUUSD,2020-04-13T09:30:00+02:00,1690.150,1690.240,1689.480,1689.490,74
SQ:XAUUSD,2020-04-13T09:31:00+02:00,1689.560,1689.730,1689.100,1689.460,73
SQ:XAUUSD,2020-04-13T09:32:00+02:00,1689.450,1690.440,1689.320,1689.960,76
SQ:XAUUSD,2020-04-13T09:33:00+02:00,1690.020,1690.350,1689.530,1689.960,53
SQ:XAUUSD,2020-04-13T09:34:00+02:00,1689.910,1691.060,1689.420,1690.090,60
SQ:XAUUSD,2020-04-13T09:35:00+02:00,1690.090,1691.620,1690.090,1691.010,83
SQ:XAUUSD,2020-04-13T09:36:00+02:00,1691.010,1691.070,1689.860,1690.130,56
SQ:XAUUSD,2020-04-13T09:37:00+02:00,1690.130,1690.290,1689.240,1689.650,45
SQ:XAUUSD,2020-04-13T09:38:00+02:00,1689.650,1689.800,1689.330,1689.340,39
SQ:XAUUSD,2020-04-13T09:39:00+02:00,1689.340,1689.600,1688.710,1688.730,45
SQ:XAUUSD,2020-04-13T09:40:00+02:00,1688.730,1689.040,1687.840,1688.520,44
SQ:XAUUSD,2020-04-13T09:41:00+02:00,1688.520,1688.690,1688.390,1688.500,32
SQ:XAUUSD,2020-04-13T09:42:00+02:00,1688.500,1688.550,1687.740,1688.468,42
SQ:XAUUSD,2020-04-13T09:43:00+02:00,1688.468,1689.630,1688.288,1689.440,95
SQ:XAUUSD,2020-04-13T09:44:00+02:00,1689.370,1689.870,1688.870,1689.080,57
SQ:XAUUSD,2020-04-13T09:45:00+02:00,1689.080,1689.940,1689.070,1689.480,43
SQ:XAUUSD,2020-04-13T09:46:00+02:00,1689.480,1689.990,1689.480,1689.900,31
SQ:XAUUSD,2020-04-13T09:47:00+02:00,1689.980,1690.240,1689.780,1690.070,35
SQ:XAUUSD,2020-04-13T09:48:00+02:00,1690.070,1691.680,1690.070,1690.880,56
SQ:XAUUSD,2020-04-13T09:49:00+02:00,1690.880,1690.880,1689.780,1689.780,36
SQ:XAUUSD,2020-04-13T09:50:00+02:00,1689.780,1690.180,1689.380,1690.180,42
SQ:XAUUSD,2020-04-13T09:51:00+02:00,1690.230,1690.270,1689.380,1690.190,64
SQ:XAUUSD,2020-04-13T09:52:00+02:00,1690.190,1690.830,1690.160,1690.610,44
SQ:XAUUSD,2020-04-13T09:53:00+02:00,1690.610,1690.670,1689.510,1689.910,25
SQ:XAUUSD,2020-04-13T09:54:00+02:00,1689.900,1690.090,1689.000,1689.030,67
SQ:XAUUSD,2020-04-13T09:55:00+02:00,1689.030,1690.230,1689.020,1690.070,54
SQ:XAUUSD,2020-04-13T09:56:00+02:00,1690.100,1690.100,1689.300,1689.790,55
SQ:XAUUSD,2020-04-13T09:57:00+02:00,1689.780,1690.240,1689.470,1690.240,57
SQ:XAUUSD,2020-04-13T09:58:00+02:00,1690.200,1691.170,1689.980,1690.730,43
SQ:XAUUSD,2020-04-13T09:59:00+02:00,1690.730,1690.730,1689.790,1690.350,30
SQ:XAUUSD,2020-04-13T10:00:00+02:00,1690.350,1690.490,1690.000,1690.490,27
SQ:XAUUSD,2020-04-13T10:01:00+02:00,1690.490,1690.750,1689.600,1689.700,30
SQ:XAUUSD,2020-04-13T10:02:00+02:00,1689.600,1689.880,1689.270,1689.410,72
SQ:XAUUSD,2020-04-13T10:03:00+02:00,1689.560,1689.960,1689.500,1689.670,48
SQ:XAUUSD,2020-04-13T10:04:00+02:00,1689.670,1689.940,1688.960,1689.340,70
SQ:XAUUSD,2020-04-13T10:05:00+02:00,1689.340,1689.980,1689.120,1689.780,40
SQ:XAUUSD,2020-04-13T10:06:00+02:00,1689.780,1690.780,1689.780,1690.180,24
SQ:XAUUSD,2020-04-13T10:07:00+02:00,1690.180,1690.280,1689.530,1689.780,24
SQ:XAUUSD,2020-04-13T10:08:00+02:00,1689.780,1690.080,1689.480,1689.480,18
SQ:XAUUSD,2020-04-13T10:09:00+02:00,1689.480,1690.730,1689.280,1690.730,43
SQ:XAUUSD,2020-04-13T10:10:00+02:00,1690.730,1690.980,1690.480,1690.980,21
SQ:XAUUSD,2020-04-13T10:11:00+02:00,1690.930,1691.180,1690.630,1691.030,30
SQ:XAUUSD,2020-04-13T10:12:00+02:00,1691.030,1691.490,1690.830,1691.440,19
SQ:XAUUSD,2020-04-13T10:13:00+02:00,1691.440,1691.440,1690.330,1690.680,32
SQ:XAUUSD,2020-04-13T10:14:00+02:00,1690.680,1690.830,1690.080,1690.380,27
SQ:XAUUSD,2020-04-13T10:15:00+02:00,1690.380,1690.480,1689.710,1689.720,29
SQ:XAUUSD,2020-04-13T10:16:00+02:00,1689.720,1690.300,1689.720,1690.230,41
SQ:XAUUSD,2020-04-13T10:17:00+02:00,1690.220,1690.310,1689.470,1690.070,32
SQ:XAUUSD,2020-04-13T10:18:00+02:00,1690.070,1690.250,1689.850,1689.850,27
SQ:XAUUSD,2020-04-13T10:19:00+02:00,1689.910,1689.920,1689.600,1689.600,19
SQ:XAUUSD,2020-04-13T10:20:00+02:00,1689.600,1689.630,1688.910,1689.062,51
SQ:XAUUSD,2020-04-13T10:21:00+02:00,1689.062,1689.062,1688.420,1688.590,51
SQ:XAUUSD,2020-04-13T10:22:00+02:00,1688.550,1690.380,1688.460,1688.940,45
SQ:XAUUSD,2020-04-13T10:23:00+02:00,1689.090,1689.380,1688.810,1689.300,28
SQ:XAUUSD,2020-04-13T10:24:00+02:00,1689.300,1690.050,1689.300,1690.050,30
SQ:XAUUSD,2020-04-13T10:25:00+02:00,1690.050,1691.040,1689.170,1689.170,81
SQ:XAUUSD,2020-04-13T10:26:00+02:00,1689.170,1689.224,1688.310,1689.164,62
SQ:XAUUSD,2020-04-13T10:27:00+02:00,1689.164,1689.176,1688.620,1688.810,21
SQ:XAUUSD,2020-04-13T10:28:00+02:00,1688.790,1689.200,1688.600,1689.000,20
SQ:XAUUSD,2020-04-13T10:29:00+02:00,1689.100,1689.730,1689.090,1689.730,29
SQ:XAUUSD,2020-04-13T10:30:00+02:00,1689.730,1689.730,1688.450,1688.770,42
SQ:XAUUSD,2020-04-13T10:31:00+02:00,1688.760,1689.226,1688.680,1688.730,21
SQ:XAUUSD,2020-04-13T10:32:00+02:00,1688.730,1689.140,1688.610,1689.140,22
SQ:XAUUSD,2020-04-13T10:33:00+02:00,1689.140,1689.140,1686.700,1687.380,63
SQ:XAUUSD,2020-04-13T10:34:00+02:00,1687.720,1689.300,1687.720,1689.260,69
SQ:XAUUSD,2020-04-13T10:35:00+02:00,1689.260,1689.300,1687.190,1689.030,32
SQ:XAUUSD,2020-04-13T10:36:00+02:00,1688.880,1689.320,1687.600,1689.150,53
SQ:XAUUSD,2020-04-13T10:37:00+02:00,1689.110,1690.400,1689.110,1690.330,42
SQ:XAUUSD,2020-04-13T10:38:00+02:00,1690.330,1690.870,1689.450,1689.680,67
SQ:XAUUSD,2020-04-13T10:39:00+02:00,1689.680,1689.760,1689.410,1689.440,18
SQ:XAUUSD,2020-04-13T10:40:00+02:00,1689.540,1690.270,1689.360,1690.120,34
SQ:XAUUSD,2020-04-13T10:41:00+02:00,1690.150,1691.820,1690.140,1690.630,84
SQ:XAUUSD,2020-04-13T10:42:00+02:00,1690.680,1690.680,1689.780,1690.380,29
SQ:XAUUSD,2020-04-13T10:43:00+02:00,1690.380,1691.580,1689.680,1690.840,40
SQ:XAUUSD,2020-04-13T10:44:00+02:00,1690.840,1691.350,1689.554,1690.550,50
SQ:XAUUSD,2020-04-13T10:45:00+02:00,1690.560,1690.580,1689.092,1689.092,36
SQ:XAUUSD,2020-04-13T10:46:00+02:00,1689.092,1689.430,1688.690,1689.390,24
SQ:XAUUSD,2020-04-13T10:47:00+02:00,1689.470,1689.470,1688.970,1689.342,32
SQ:XAUUSD,2020-04-13T10:48:00+02:00,1689.364,1689.404,1687.660,1688.400,74
SQ:XAUUSD,2020-04-13T10:49:00+02:00,1688.400,1688.590,1688.100,1688.420,39
SQ:XAUUSD,2020-04-13T10:50:00+02:00,1688.520,1688.880,1688.330,1688.870,24
SQ:XAUUSD,2020-04-13T10:51:00+02:00,1688.870,1689.102,1688.440,1688.470,12
SQ:XAUUSD,2020-04-13T10:52:00+02:00,1688.470,1688.650,1687.870,1688.460,44
SQ:XAUUSD,2020-04-13T10:53:00+02:00,1688.460,1689.000,1688.030,1688.800,56
SQ:XAUUSD,2020-04-13T10:54:00+02:00,1688.800,1690.460,1688.660,1690.150,68
SQ:XAUUSD,2020-04-13T10:55:00+02:00,1690.160,1692.110,1689.030,1691.780,77
SQ:XAUUSD,2020-04-13T10:56:00+02:00,1691.780,1691.870,1689.770,1690.030,46
SQ:XAUUSD,2020-04-13T10:57:00+02:00,1690.020,1690.020,1689.100,1689.680,32
SQ:XAUUSD,2020-04-13T10:58:00+02:00,1689.680,1690.510,1689.520,1690.270,45
SQ:XAUUSD,2020-04-13T10:59:00+02:00,1690.290,1690.550,1689.340,1689.750,39
SQ:XAUUSD,2020-04-13T11:00:00+02:00,1689.740,1689.740,1688.830,1688.960,39
SQ:XAUUSD,2020-04-13T11:01:00+02:00,1688.990,1689.140,1688.650,1688.650,44
SQ:XAUUSD,2020-04-13T11:02:00+02:00,1688.390,1689.184,1688.150,1688.990,58
SQ:XAUUSD,2020-04-13T11:03:00+02:00,1688.990,1689.074,1687.680,1688.410,75
SQ:XAUUSD,2020-04-13T11:04:00+02:00,1688.410,1689.190,1686.914,1687.060,103
SQ:XAUUSD,2020-04-13T11:05:00+02:00,1687.080,1688.972,1686.932,1688.550,51
SQ:XAUUSD,2020-04-13T11:06:00+02:00,1688.550,1688.550,1687.930,1688.450,41
SQ:XAUUSD,2020-04-13T11:07:00+02:00,1688.450,1688.930,1687.640,1688.800,49
SQ:XAUUSD,2020-04-13T11:08:00+02:00,1688.790,1689.050,1687.430,1689.020,75
SQ:XAUUSD,2020-04-13T11:09:00+02:00,1688.970,1689.820,1688.900,1689.520,62
SQ:XAUUSD,2020-04-13T11:10:00+02:00,1689.520,1690.260,1689.440,1689.770,48
SQ:XAUUSD,2020-04-13T11:11:00+02:00,1689.770,1690.400,1689.650,1690.320,20
SQ:XAUUSD,2020-04-13T11:12:00+02:00,1690.320,1690.910,1688.930,1689.470,62
SQ:XAUUSD,2020-04-13T11:13:00+02:00,1689.390,1689.960,1689.200,1689.750,40
SQ:XAUUSD,2020-04-13T11:14:00+02:00,1689.750,1689.790,1689.360,1689.570,29
SQ:XAUUSD,2020-04-13T11:15:00+02:00,1689.570,1690.350,1689.500,1689.620,39
SQ:XAUUSD,2020-04-13T11:16:00+02:00,1689.610,1689.690,1689.030,1689.220,37
SQ:XAUUSD,2020-04-13T11:17:00+02:00,1689.220,1689.620,1688.990,1689.290,27
SQ:XAUUSD,2020-04-13T11:18:00+02:00,1689.290,1689.400,1688.850,1689.020,19
SQ:XAUUSD,2020-04-13T11:19:00+02:00,1689.000,1689.090,1688.910,1689.090,13
SQ:XAUUSD,2020-04-13T11:20:00+02:00,1689.090,1689.330,1688.930,1689.130,23
SQ:XAUUSD,2020-04-13T11:21:00+02:00,1689.120,1689.350,1688.200,1688.290,54
SQ:XAUUSD,2020-04-13T11:22:00+02:00,1688.290,1688.860,1688.000,1688.660,40
SQ:XAUUSD,2020-04-13T11:23:00+02:00,1688.720,1689.960,1688.720,1688.810,31
SQ:XAUUSD,2020-04-13T11:24:00+02:00,1688.810,1689.010,1688.470,1688.670,31
SQ:XAUUSD,2020-04-13T11:25:00+02:00,1688.670,1689.290,1688.050,1688.220,47
SQ:XAUUSD,2020-04-13T11:26:00+02:00,1688.220,1688.430,1687.910,1688.290,38
SQ:XAUUSD,2020-04-13T11:27:00+02:00,1688.290,1689.910,1688.290,1689.700,63
SQ:XAUUSD,2020-04-13T11:28:00+02:00,1689.700,1690.620,1689.370,1689.370,61
SQ:XAUUSD,2020-04-13T11:29:00+02:00,1689.380,1689.990,1689.220,1689.990,43
SQ:XAUUSD,2020-04-13T11:30:00+02:00,1689.990,1690.170,1689.610,1689.970,40
SQ:XAUUSD,2020-04-13T11:31:00+02:00,1689.940,1690.180,1688.860,1688.920,37
SQ:XAUUSD,2020-04-13T11:32:00+02:00,1688.950,1689.190,1688.800,1689.000,24
SQ:XAUUSD,2020-04-13T11:33:00+02:00,1688.900,1688.900,1688.620,1688.790,27
SQ:XAUUSD,2020-04-13T11:34:00+02:00,1688.790,1688.990,1688.310,1688.440,31
SQ:XAUUSD,2020-04-13T11:35:00+02:00,1688.500,1688.950,1688.340,1688.840,33
SQ:XAUUSD,2020-04-13T11:36:00+02:00,1688.840,1688.910,1688.620,1688.830,26
SQ:XAUUSD,2020-04-13T11:37:00+02:00,1688.830,1688.870,1688.380,1688.380,16
SQ:XAUUSD,2020-04-13T11:38:00+02:00,1688.380,1688.810,1688.180,1688.420,23
SQ:XAUUSD,2020-04-13T11:39:00+02:00,1688.340,1688.350,1687.960,1688.120,27
SQ:XAUUSD,2020-04-13T11:40:00+02:00,1688.120,1688.930,1688.120,1688.860,19
SQ:XAUUSD,2020-04-13T11:41:00+02:00,1688.890,1689.130,1688.860,1689.020,22
SQ:XAUUSD,2020-04-13T11:42:00+02:00,1689.010,1689.360,1688.850,1689.130,31
SQ:XAUUSD,2020-04-13T11:43:00+02:00,1689.130,1689.140,1688.480,1688.760,20
SQ:XAUUSD,2020-04-13T11:44:00+02:00,1688.700,1688.700,1688.210,1688.340,18
SQ:XAUUSD,2020-04-13T11:45:00+02:00,1688.340,1688.550,1688.232,1688.262,21
SQ:XAUUSD,2020-04-13T11:46:00+02:00,1688.270,1688.760,1688.270,1688.750,18
SQ:XAUUSD,2020-04-13T11:47:00+02:00,1688.720,1689.210,1688.640,1688.760,27
SQ:XAUUSD,2020-04-13T11:48:00+02:00,1688.770,1689.030,1688.470,1688.750,20
SQ:XAUUSD,2020-04-13T11:49:00+02:00,1688.750,1688.750,1688.530,1688.530,9
SQ:XAUUSD,2020-04-13T11:50:00+02:00,1688.530,1689.160,1688.510,1688.720,21
SQ:XAUUSD,2020-04-13T11:51:00+02:00,1688.700,1688.850,1688.520,1688.850,17
SQ:XAUUSD,2020-04-13T11:52:00+02:00,1688.820,1688.960,1688.490,1688.520,23
SQ:XAUUSD,2020-04-13T11:53:00+02:00,1688.520,1688.800,1688.420,1688.740,12
SQ:XAUUSD,2020-04-13T11:54:00+02:00,1688.700,1688.700,1688.302,1688.450,21
SQ:XAUUSD,2020-04-13T11:55:00+02:00,1688.450,1688.860,1688.410,1688.410,28
SQ:XAUUSD,2020-04-13T11:56:00+02:00,1688.410,1688.770,1688.410,1688.510,16
SQ:XAUUSD,2020-04-13T11:57:00+02:00,1688.500,1688.520,1688.304,1688.324,19
SQ:XAUUSD,2020-04-13T11:58:00+02:00,1688.324,1688.364,1688.314,1688.344,38
SQ:XAUUSD,2020-04-13T11:59:00+02:00,1688.344,1688.362,1688.316,1688.332,17
SQ:XAUUSD,2020-04-13T12:00:00+02:00,1688.342,1688.640,1688.322,1688.640,19
SQ:XAUUSD,2020-04-13T12:01:00+02:00,1688.640,1689.400,1688.600,1688.710,54
SQ:XAUUSD,2020-04-13T12:02:00+02:00,1688.690,1688.780,1688.464,1688.630,25
SQ:XAUUSD,2020-04-13T12:03:00+02:00,1688.620,1688.760,1688.230,1688.330,23
SQ:XAUUSD,2020-04-13T12:04:00+02:00,1688.300,1688.960,1688.270,1688.890,38
SQ:XAUUSD,2020-04-13T12:05:00+02:00,1688.950,1689.610,1688.490,1688.830,58
SQ:XAUUSD,2020-04-13T12:06:00+02:00,1688.760,1689.070,1688.610,1688.610,32
SQ:XAUUSD,2020-04-13T12:07:00+02:00,1688.610,1688.620,1688.210,1688.394,28
SQ:XAUUSD,2020-04-13T12:08:00+02:00,1688.352,1688.352,1687.990,1688.200,19
SQ:XAUUSD,2020-04-13T12:09:00+02:00,1688.200,1688.290,1688.120,1688.240,20
SQ:XAUUSD,2020-04-13T12:10:00+02:00,1688.260,1688.290,1688.150,1688.190,26
SQ:XAUUSD,2020-04-13T12:11:00+02:00,1688.170,1688.170,1687.390,1687.640,59
SQ:XAUUSD,2020-04-13T12:12:00+02:00,1687.640,1688.370,1687.640,1688.140,52
SQ:XAUUSD,2020-04-13T12:13:00+02:00,1688.140,1688.480,1687.760,1687.840,108
SQ:XAUUSD,2020-04-13T12:14:00+02:00,1687.780,1688.250,1687.730,1687.950,53
SQ:XAUUSD,2020-04-13T12:15:00+02:00,1688.170,1688.390,1687.800,1688.240,64
SQ:XAUUSD,2020-04-13T12:16:00+02:00,1687.940,1688.370,1687.850,1687.910,66
SQ:XAUUSD,2020-04-13T12:17:00+02:00,1687.910,1688.120,1686.820,1686.960,103
SQ:XAUUSD,2020-04-13T12:18:00+02:00,1686.960,1687.360,1686.760,1687.360,124
SQ:XAUUSD,2020-04-13T12:19:00+02:00,1687.360,1688.902,1687.280,1688.192,128
SQ:XAUUSD,2020-04-13T12:20:00+02:00,1688.186,1688.186,1686.760,1687.490,128
SQ:XAUUSD,2020-04-13T12:21:00+02:00,1687.290,1687.290,1687.160,1687.210,6
SQ:XAUUSD,2020-04-13T12:22:00+02:00,1687.210,1688.630,1687.210,1688.530,19
SQ:XAUUSD,2020-04-13T12:23:00+02:00,1688.470,1688.520,1688.020,1688.270,35
SQ:XAUUSD,2020-04-13T12:24:00+02:00,1688.270,1688.720,1687.970,1688.720,29
SQ:XAUUSD,2020-04-13T12:25:00+02:00,1688.720,1688.720,1688.250,1688.290,37
SQ:XAUUSD,2020-04-13T12:26:00+02:00,1688.290,1689.460,1687.860,1688.890,45
SQ:XAUUSD,2020-04-13T12:27:00+02:00,1688.850,1688.990,1688.550,1688.840,18
SQ:XAUUSD,2020-04-13T12:28:00+02:00,1688.840,1688.850,1688.460,1688.460,22
SQ:XAUUSD,2020-04-13T12:29:00+02:00,1688.510,1688.720,1688.450,1688.470,27
SQ:XAUUSD,2020-04-13T12:30:00+02:00,1688.470,1688.610,1688.140,1688.470,25
SQ:XAUUSD,2020-04-13T12:31:00+02:00,1688.490,1688.990,1688.470,1688.970,20
SQ:XAUUSD,2020-04-13T12:32:00+02:00,1688.950,1689.060,1688.500,1688.500,26
SQ:XAUUSD,2020-04-13T12:33:00+02:00,1688.550,1688.840,1688.430,1688.650,19
SQ:XAUUSD,2020-04-13T12:34:00+02:00,1688.650,1688.650,1688.350,1688.370,21
SQ:XAUUSD,2020-04-13T12:35:00+02:00,1688.370,1688.580,1688.300,1688.580,17
SQ:XAUUSD,2020-04-13T12:36:00+02:00,1688.570,1689.050,1688.570,1689.040,19
SQ:XAUUSD,2020-04-13T12:37:00+02:00,1689.040,1690.060,1689.040,1689.590,88
SQ:XAUUSD,2020-04-13T12:38:00+02:00,1689.590,1689.590,1689.080,1689.490,45
SQ:XAUUSD,2020-04-13T12:39:00+02:00,1689.380,1689.900,1689.300,1689.710,100
SQ:XAUUSD,2020-04-13T12:40:00+02:00,1689.710,1690.170,1689.620,1689.990,41
SQ:XAUUSD,2020-04-13T12:41:00+02:00,1689.990,1691.400,1689.990,1690.930,81
SQ:XAUUSD,2020-04-13T12:42:00+02:00,1690.960,1690.960,1690.240,1690.400,27
SQ:XAUUSD,2020-04-13T12:43:00+02:00,1690.400,1691.840,1690.200,1691.840,76
SQ:XAUUSD,2020-04-13T12:44:00+02:00,1691.840,1692.000,1690.910,1691.010,112
SQ:XAUUSD,2020-04-13T12:45:00+02:00,1691.010,1692.040,1689.780,1691.960,63
SQ:XAUUSD,2020-04-13T12:46:00+02:00,1691.900,1692.120,1690.290,1690.460,101
SQ:XAUUSD,2020-04-13T12:47:00+02:00,1690.460,1690.460,1688.390,1688.840,90
SQ:XAUUSD,2020-04-13T12:48:00+02:00,1688.770,1689.010,1688.230,1688.690,37
SQ:XAUUSD,2020-04-13T12:49:00+02:00,1688.610,1688.860,1688.380,1688.820,25
SQ:XAUUSD,2020-04-13T12:50:00+02:00,1688.820,1688.900,1688.520,1688.820,24
SQ:XAUUSD,2020-04-13T12:51:00+02:00,1688.820,1689.530,1688.520,1688.530,37
SQ:XAUUSD,2020-04-13T12:52:00+02:00,1688.530,1688.640,1687.630,1687.740,43
SQ:XAUUSD,2020-04-13T12:53:00+02:00,1687.720,1688.180,1687.490,1687.850,56
SQ:XAUUSD,2020-04-13T12:54:00+02:00,1687.870,1688.070,1687.160,1687.920,54
SQ:XAUUSD,2020-04-13T12:55:00+02:00,1687.920,1688.050,1687.250,1687.290,44
SQ:XAUUSD,2020-04-13T12:56:00+02:00,1687.340,1687.930,1687.240,1687.560,36
SQ:XAUUSD,2020-04-13T12:57:00+02:00,1687.480,1688.580,1687.070,1688.580,52
SQ:XAUUSD,2020-04-13T12:58:00+02:00,1688.540,1688.900,1687.900,1688.080,40
SQ:XAUUSD,2020-04-13T12:59:00+02:00,1688.080,1688.270,1687.530,1687.760,27
SQ:XAUUSD,2020-04-13T13:00:00+02:00,1687.650,1688.000,1687.120,1687.540,54
SQ:XAUUSD,2020-04-13T13:01:00+02:00,1687.600,1687.690,1686.690,1687.000,48
SQ:XAUUSD,2020-04-13T13:02:00+02:00,1687.000,1687.880,1686.570,1687.730,53
SQ:XAUUSD,2020-04-13T13:03:00+02:00,1687.680,1688.580,1687.680,1688.580,43
SQ:XAUUSD,2020-04-13T13:04:00+02:00,1688.580,1688.710,1688.390,1688.520,25
SQ:XAUUSD,2020-04-13T13:05:00+02:00,1688.510,1688.510,1687.900,1688.020,28
SQ:XAUUSD,2020-04-13T13:06:00+02:00,1688.020,1688.340,1687.840,1687.840,26
SQ:XAUUSD,2020-04-13T13:07:00+02:00,1688.050,1688.180,1687.310,1687.310,21
SQ:XAUUSD,2020-04-13T13:08:00+02:00,1687.370,1687.540,1686.670,1687.030,35
SQ:XAUUSD,2020-04-13T13:09:00+02:00,1687.030,1687.370,1685.960,1686.380,68
SQ:XAUUSD,2020-04-13T13:10:00+02:00,1686.380,1687.140,1686.270,1687.140,39
SQ:XAUUSD,2020-04-13T13:11:00+02:00,1687.140,1687.740,1687.010,1687.450,41
SQ:XAUUSD,2020-04-13T13:12:00+02:00,1687.440,1687.690,1687.150,1687.520,34
SQ:XAUUSD,2020-04-13T13:13:00+02:00,1687.530,1687.590,1687.260,1687.260,16
SQ:XAUUSD,2020-04-13T13:14:00+02:00,1687.270,1687.920,1687.270,1687.920,30
SQ:XAUUSD,2020-04-13T13:15:00+02:00,1687.920,1688.490,1687.740,1687.870,40
SQ:XAUUSD,2020-04-13T13:16:00+02:00,1687.870,1688.090,1687.610,1687.650,29
SQ:XAUUSD,2020-04-13T13:17:00+02:00,1687.670,1687.690,1687.170,1687.480,20
SQ:XAUUSD,2020-04-13T13:18:00+02:00,1687.440,1688.830,1687.160,1688.480,29
SQ:XAUUSD,2020-04-13T13:19:00+02:00,1688.490,1688.490,1687.920,1688.270,43
SQ:XAUUSD,2020-04-13T13:20:00+02:00,1688.270,1688.450,1687.850,1687.850,30
SQ:XAUUSD,2020-04-13T13:21:00+02:00,1687.850,1688.270,1687.500,1688.150,46
SQ:XAUUSD,2020-04-13T13:22:00+02:00,1688.080,1688.490,1688.080,1688.350,19
SQ:XAUUSD,2020-04-13T13:23:00+02:00,1688.350,1689.570,1688.340,1689.420,47
SQ:XAUUSD,2020-04-13T13:24:00+02:00,1689.440,1690.770,1688.880,1690.310,106
SQ:XAUUSD,2020-04-13T13:25:00+02:00,1690.390,1690.490,1689.110,1689.240,58
SQ:XAUUSD,2020-04-13T13:26:00+02:00,1689.240,1689.520,1688.380,1688.380,58
SQ:XAUUSD,2020-04-13T13:27:00+02:00,1688.380,1688.480,1687.790,1688.220,41
SQ:XAUUSD,2020-04-13T13:28:00+02:00,1688.220,1688.880,1688.070,1688.690,52
SQ:XAUUSD,2020-04-13T13:29:00+02:00,1688.670,1688.680,1688.070,1688.490,21
SQ:XAUUSD,2020-04-13T13:30:00+02:00,1688.480,1689.930,1688.480,1689.190,43
SQ:XAUUSD,2020-04-13T13:31:00+02:00,1689.280,1689.350,1688.300,1688.410,33
SQ:XAUUSD,2020-04-13T13:32:00+02:00,1688.410,1689.090,1688.410,1688.960,32
SQ:XAUUSD,2020-04-13T13:33:00+02:00,1688.960,1690.130,1688.950,1689.830,48
SQ:XAUUSD,2020-04-13T13:34:00+02:00,1689.790,1689.890,1689.250,1689.890,27
SQ:XAUUSD,2020-04-13T13:35:00+02:00,1689.920,1689.920,1689.070,1689.310,46
SQ:XAUUSD,2020-04-13T13:36:00+02:00,1689.310,1689.340,1688.900,1689.340,24
SQ:XAUUSD,2020-04-13T13:37:00+02:00,1689.340,1689.440,1688.210,1689.070,42
SQ:XAUUSD,2020-04-13T13:38:00+02:00,1689.070,1690.420,1689.070,1690.330,14
SQ:XAUUSD,2020-04-13T13:39:00+02:00,1690.330,1690.540,1690.060,1690.350,36
SQ:XAUUSD,2020-04-13T13:40:00+02:00,1690.300,1690.400,1688.790,1688.790,36
SQ:XAUUSD,2020-04-13T13:41:00+02:00,1688.800,1688.980,1688.790,1688.810,15
SQ:XAUUSD,2020-04-13T13:42:00+02:00,1688.790,1688.940,1688.580,1688.860,29
SQ:XAUUSD,2020-04-13T13:43:00+02:00,1688.920,1689.090,1688.560,1688.560,27
SQ:XAUUSD,2020-04-13T13:44:00+02:00,1688.560,1689.020,1688.370,1688.520,23
SQ:XAUUSD,2020-04-13T13:45:00+02:00,1688.540,1689.130,1688.540,1688.890,24
SQ:XAUUSD,2020-04-13T13:46:00+02:00,1688.990,1690.230,1688.890,1689.900,76
SQ:XAUUSD,2020-04-13T13:47:00+02:00,1690.110,1690.370,1689.710,1690.240,54
SQ:XAUUSD,2020-04-13T13:48:00+02:00,1690.240,1691.310,1688.960,1689.620,71
SQ:XAUUSD,2020-04-13T13:49:00+02:00,1689.620,1690.910,1689.600,1690.870,47
SQ:XAUUSD,2020-04-13T13:50:00+02:00,1690.920,1691.400,1689.690,1690.830,63
SQ:XAUUSD,2020-04-13T13:51:00+02:00,1690.840,1691.380,1690.670,1690.990,74
SQ:XAUUSD,2020-04-13T13:52:00+02:00,1690.950,1691.130,1690.600,1690.630,64
SQ:XAUUSD,2020-04-13T13:53:00+02:00,1690.630,1690.940,1690.420,1690.470,51
SQ:XAUUSD,2020-04-13T13:54:00+02:00,1690.620,1691.010,1690.430,1690.580,54
SQ:XAUUSD,2020-04-13T13:55:00+02:00,1690.610,1691.940,1690.110,1691.750,114
SQ:XAUUSD,2020-04-13T13:56:00+02:00,1691.750,1693.330,1690.080,1691.480,109
SQ:XAUUSD,2020-04-13T13:57:00+02:00,1691.490,1691.570,1690.450,1691.250,70
SQ:XAUUSD,2020-04-13T13:58:00+02:00,1691.230,1692.660,1691.210,1692.660,76
SQ:XAUUSD,2020-04-13T13:59:00+02:00,1692.660,1692.660,1691.290,1691.580,84
SQ:XAUUSD,2020-04-13T14:00:00+02:00,1691.560,1692.660,1690.530,1691.870,151
SQ:XAUUSD,2020-04-13T14:01:00+02:00,1691.620,1693.530,1691.620,1693.490,114
SQ:XAUUSD,2020-04-13T14:02:00+02:00,1693.670,1693.950,1692.340,1693.460,108
SQ:XAUUSD,2020-04-13T14:03:00+02:00,1693.460,1694.540,1692.740,1693.270,117
SQ:XAUUSD,2020-04-13T14:04:00+02:00,1693.270,1695.040,1693.270,1693.780,63
SQ:XAUUSD,2020-04-13T14:05:00+02:00,1693.820,1695.070,1692.320,1692.690,95
SQ:XAUUSD,2020-04-13T14:06:00+02:00,1692.670,1692.830,1691.380,1692.190,34
SQ:XAUUSD,2020-04-13T14:07:00+02:00,1692.190,1692.620,1691.490,1691.490,30
SQ:XAUUSD,2020-04-13T14:08:00+02:00,1691.490,1693.420,1691.490,1692.230,56
SQ:XAUUSD,2020-04-13T14:09:00+02:00,1692.230,1693.700,1692.070,1693.320,83
SQ:XAUUSD,2020-04-13T14:10:00+02:00,1693.320,1694.220,1692.270,1692.320,36
SQ:XAUUSD,2020-04-13T14:11:00+02:00,1692.320,1692.620,1691.300,1691.300,35
SQ:XAUUSD,2020-04-13T14:12:00+02:00,1691.300,1692.550,1691.150,1691.910,42
SQ:XAUUSD,2020-04-13T14:13:00+02:00,1691.910,1692.540,1691.830,1692.470,57
SQ:XAUUSD,2020-04-13T14:14:00+02:00,1692.440,1692.690,1691.630,1692.320,72
SQ:XAUUSD,2020-04-13T14:15:00+02:00,1692.320,1692.460,1692.100,1692.160,30
SQ:XAUUSD,2020-04-13T14:16:00+02:00,1692.190,1692.900,1691.890,1691.890,79
SQ:XAUUSD,2020-04-13T14:17:00+02:00,1691.920,1692.070,1691.890,1692.020,34
SQ:XAUUSD,2020-04-13T14:18:00+02:00,1692.010,1692.270,1691.920,1692.270,12
SQ:XAUUSD,2020-04-13T14:19:00+02:00,1692.270,1692.270,1691.710,1691.720,8
SQ:XAUUSD,2020-04-13T14:20:00+02:00,1691.720,1692.490,1690.970,1692.340,44
SQ:XAUUSD,2020-04-13T14:21:00+02:00,1692.340,1692.690,1691.340,1691.930,92
SQ:XAUUSD,2020-04-13T14:22:00+02:00,1691.930,1692.320,1690.820,1690.880,75
SQ:XAUUSD,2020-04-13T14:23:00+02:00,1690.880,1691.360,1689.360,1691.190,89
SQ:XAUUSD,2020-04-13T14:24:00+02:00,1691.190,1691.770,1690.730,1690.730,94
SQ:XAUUSD,2020-04-13T14:25:00+02:00,1690.740,1691.650,1690.440,1690.870,152
SQ:XAUUSD,2020-04-13T14:26:00+02:00,1690.850,1692.790,1690.080,1691.960,135
SQ:XAUUSD,2020-04-13T14:27:00+02:00,1691.960,1692.080,1691.190,1691.670,65
SQ:XAUUSD,2020-04-13T14:28:00+02:00,1691.670,1691.670,1688.220,1690.110,89
SQ:XAUUSD,2020-04-13T14:29:00+02:00,1690.110,1690.340,1689.210,1689.210,51
SQ:XAUUSD,2020-04-13T14:30:00+02:00,1689.210,1690.160,1689.140,1689.550,94
SQ:XAUUSD,2020-04-13T14:31:00+02:00,1689.550,1690.524,1689.550,1690.140,17
SQ:XAUUSD,2020-04-13T14:32:00+02:00,1690.660,1691.520,1689.040,1689.460,94
SQ:XAUUSD,2020-04-13T14:33:00+02:00,1689.470,1690.400,1688.450,1689.830,157
SQ:XAUUSD,2020-04-13T14:34:00+02:00,1689.830,1690.510,1688.090,1690.250,141
SQ:XAUUSD,2020-04-13T14:35:00+02:00,1690.250,1690.530,1689.230,1690.220,83
SQ:XAUUSD,2020-04-13T14:36:00+02:00,1690.330,1690.460,1687.720,1689.130,188
SQ:XAUUSD,2020-04-13T14:37:00+02:00,1689.130,1690.090,1688.310,1688.376,88
SQ:XAUUSD,2020-04-13T14:38:00+02:00,1688.356,1689.250,1687.840,1688.530,36
SQ:XAUUSD,2020-04-13T14:39:00+02:00,1688.530,1689.020,1687.200,1687.620,33
SQ:XAUUSD,2020-04-13T14:40:00+02:00,1687.626,1689.620,1687.626,1689.480,35
SQ:XAUUSD,2020-04-13T14:41:00+02:00,1689.510,1689.530,1686.060,1686.500,110
SQ:XAUUSD,2020-04-13T14:42:00+02:00,1686.500,1689.066,1686.500,1688.340,62
SQ:XAUUSD,2020-04-13T14:43:00+02:00,1688.340,1690.050,1688.340,1688.340,36
SQ:XAUUSD,2020-04-13T14:44:00+02:00,1688.340,1689.750,1688.120,1689.710,97
SQ:XAUUSD,2020-04-13T14:45:00+02:00,1689.690,1690.550,1689.250,1689.840,120
SQ:XAUUSD,2020-04-13T14:46:00+02:00,1689.900,1690.670,1689.640,1690.280,91
SQ:XAUUSD,2020-04-13T14:47:00+02:00,1690.260,1691.380,1689.520,1689.850,76
SQ:XAUUSD,2020-04-13T14:48:00+02:00,1689.890,1689.920,1689.080,1689.280,40
SQ:XAUUSD,2020-04-13T14:49:00+02:00,1689.280,1690.280,1688.920,1690.010,69
SQ:XAUUSD,2020-04-13T14:50:00+02:00,1689.920,1692.930,1689.370,1691.510,171
SQ:XAUUSD,2020-04-13T14:51:00+02:00,1691.510,1691.960,1690.020,1690.860,105
SQ:XAUUSD,2020-04-13T14:52:00+02:00,1690.860,1692.240,1690.670,1691.230,134
SQ:XAUUSD,2020-04-13T14:53:00+02:00,1691.230,1691.230,1689.500,1689.660,72
SQ:XAUUSD,2020-04-13T14:54:00+02:00,1689.720,1689.820,1689.150,1689.620,82
SQ:XAUUSD,2020-04-13T14:55:00+02:00,1689.610,1690.460,1688.680,1690.280,60
SQ:XAUUSD,2020-04-13T14:56:00+02:00,1690.280,1690.280,1688.180,1689.310,62
SQ:XAUUSD,2020-04-13T14:57:00+02:00,1689.270,1690.660,1688.940,1689.430,78
SQ:XAUUSD,2020-04-13T14:58:00+02:00,1689.430,1690.900,1689.430,1689.930,63
SQ:XAUUSD,2020-04-13T14:59:00+02:00,1689.990,1690.400,1688.670,1690.240,59
SQ:XAUUSD,2020-04-13T15:00:00+02:00,1690.240,1690.480,1688.470,1689.680,57
SQ:XAUUSD,2020-04-13T15:01:00+02:00,1689.700,1691.170,1689.230,1690.160,75
SQ:XAUUSD,2020-04-13T15:02:00+02:00,1690.200,1692.670,1689.860,1691.520,108
SQ:XAUUSD,2020-04-13T15:03:00+02:00,1691.540,1691.830,1691.010,1691.130,103
SQ:XAUUSD,2020-04-13T15:04:00+02:00,1691.220,1691.360,1690.430,1690.800,69
SQ:XAUUSD,2020-04-13T15:05:00+02:00,1690.800,1691.440,1690.620,1690.960,64
SQ:XAUUSD,2020-04-13T15:06:00+02:00,1690.930,1691.280,1690.740,1690.770,51
SQ:XAUUSD,2020-04-13T15:07:00+02:00,1690.830,1690.900,1689.830,1689.930,56
SQ:XAUUSD,2020-04-13T15:08:00+02:00,1689.920,1690.610,1689.640,1690.060,86
SQ:XAUUSD,2020-04-13T15:09:00+02:00,1690.060,1691.320,1689.410,1689.840,52
SQ:XAUUSD,2020-04-13T15:10:00+02:00,1689.830,1692.260,1689.830,1691.830,35
SQ:XAUUSD,2020-04-13T15:11:00+02:00,1691.830,1691.830,1689.670,1691.260,64
SQ:XAUUSD,2020-04-13T15:12:00+02:00,1691.260,1691.260,1690.000,1690.270,40
SQ:XAUUSD,2020-04-13T15:13:00+02:00,1690.220,1690.320,1688.820,1688.840,39
SQ:XAUUSD,2020-04-13T15:14:00+02:00,1688.840,1688.950,1686.670,1687.340,125
SQ:XAUUSD,2020-04-13T15:15:00+02:00,1687.390,1687.800,1685.820,1687.670,157
SQ:XAUUSD,2020-04-13T15:16:00+02:00,1687.670,1689.140,1687.040,1688.900,98
SQ:XAUUSD,2020-04-13T15:17:00+02:00,1688.900,1690.020,1688.570,1689.280,110
SQ:XAUUSD,2020-04-13T15:18:00+02:00,1689.280,1689.590,1688.560,1688.980,72
SQ:XAUUSD,2020-04-13T15:19:00+02:00,1688.950,1689.040,1688.190,1688.460,50
SQ:XAUUSD,2020-04-13T15:20:00+02:00,1688.430,1689.510,1687.880,1688.490,98
SQ:XAUUSD,2020-04-13T15:21:00+02:00,1688.490,1689.000,1688.190,1688.990,50
SQ:XAUUSD,2020-04-13T15:22:00+02:00,1688.990,1688.990,1688.000,1688.660,37
SQ:XAUUSD,2020-04-13T15:23:00+02:00,1688.660,1688.810,1688.110,1688.160,36
SQ:XAUUSD,2020-04-13T15:24:00+02:00,1688.160,1688.820,1687.790,1688.350,135
SQ:XAUUSD,2020-04-13T15:25:00+02:00,1688.350,1690.370,1688.100,1690.330,108
SQ:XAUUSD,2020-04-13T15:26:00+02:00,1690.180,1691.380,1690.110,1690.700,181
SQ:XAUUSD,2020-04-13T15:27:00+02:00,1690.770,1691.420,1690.590,1691.230,98
SQ:XAUUSD,2020-04-13T15:28:00+02:00,1691.180,1691.320,1690.710,1690.720,66
SQ:XAUUSD,2020-04-13T15:29:00+02:00,1690.720,1691.130,1690.130,1690.320,90
SQ:XAUUSD,2020-04-13T15:30:00+02:00,1690.480,1692.290,1690.230,1690.950,217
SQ:XAUUSD,2020-04-13T15:31:00+02:00,1690.950,1691.420,1689.840,1689.850,106
SQ:XAUUSD,2020-04-13T15:32:00+02:00,1689.960,1690.830,1688.896,1689.970,109
SQ:XAUUSD,2020-04-13T15:33:00+02:00,1689.970,1690.090,1688.310,1689.120,135
SQ:XAUUSD,2020-04-13T15:34:00+02:00,1689.120,1690.310,1688.890,1690.150,139
SQ:XAUUSD,2020-04-13T15:35:00+02:00,1689.840,1690.400,1688.900,1689.570,248
SQ:XAUUSD,2020-04-13T15:36:00+02:00,1689.570,1690.676,1688.350,1690.060,323
SQ:XAUUSD,2020-04-13T15:37:00+02:00,1690.080,1690.480,1688.900,1690.040,231
SQ:XAUUSD,2020-04-13T15:38:00+02:00,1690.040,1691.340,1689.810,1690.140,213
SQ:XAUUSD,2020-04-13T15:39:00+02:00,1690.030,1690.910,1689.820,1690.260,225
SQ:XAUUSD,2020-04-13T15:40:00+02:00,1690.320,1690.740,1689.240,1689.940,327
SQ:XAUUSD,2020-04-13T15:41:00+02:00,1689.940,1690.316,1688.370,1689.030,310
SQ:XAUUSD,2020-04-13T15:42:00+02:00,1689.046,1689.510,1688.090,1688.670,186
SQ:XAUUSD,2020-04-13T15:43:00+02:00,1688.670,1691.700,1688.670,1689.840,93
SQ:XAUUSD,2020-04-13T15:44:00+02:00,1689.840,1689.840,1688.410,1688.936,120
SQ:XAUUSD,2020-04-13T15:45:00+02:00,1688.936,1690.530,1688.816,1690.060,282
SQ:XAUUSD,2020-04-13T15:46:00+02:00,1690.060,1691.600,1689.400,1690.080,276
SQ:XAUUSD,2020-04-13T15:47:00+02:00,1690.080,1690.886,1688.826,1689.450,240
SQ:XAUUSD,2020-04-13T15:48:00+02:00,1688.980,1689.976,1687.730,1689.290,382
SQ:XAUUSD,2020-04-13T15:49:00+02:00,1688.980,1690.820,1688.130,1689.706,317
SQ:XAUUSD,2020-04-13T15:50:00+02:00,1689.706,1690.782,1688.760,1689.682,271
SQ:XAUUSD,2020-04-13T15:51:00+02:00,1689.650,1691.372,1689.190,1689.976,133
SQ:XAUUSD,2020-04-13T15:52:00+02:00,1689.986,1690.956,1689.580,1689.590,181
SQ:XAUUSD,2020-04-13T15:53:00+02:00,1689.590,1689.930,1688.450,1689.930,90
SQ:XAUUSD,2020-04-13T15:54:00+02:00,1689.930,1690.050,1688.850,1689.130,102
SQ:XAUUSD,2020-04-13T15:55:00+02:00,1689.130,1689.560,1687.790,1687.790,156
SQ:XAUUSD,2020-04-13T15:56:00+02:00,1687.790,1688.890,1687.400,1687.590,102
SQ:XAUUSD,2020-04-13T15:57:00+02:00,1687.676,1688.500,1686.550,1687.070,238
SQ:XAUUSD,2020-04-13T15:58:00+02:00,1687.070,1687.300,1686.170,1687.130,166
SQ:XAUUSD,2020-04-13T15:59:00+02:00,1687.010,1687.230,1686.480,1686.600,236
SQ:XAUUSD,2020-04-13T16:00:00+02:00,1686.600,1688.540,1686.600,1688.320,155
SQ:XAUUSD,2020-04-13T16:01:00+02:00,1688.260,1689.170,1687.080,1688.520,183
SQ:XAUUSD,2020-04-13T16:02:00+02:00,1688.520,1689.390,1688.150,1689.060,82
SQ:XAUUSD,2020-04-13T16:03:00+02:00,1689.060,1689.720,1688.650,1689.160,77
SQ:XAUUSD,2020-04-13T16:04:00+02:00,1689.160,1690.420,1689.160,1690.310,147
SQ:XAUUSD,2020-04-13T16:05:00+02:00,1690.330,1692.380,1690.330,1691.730,106
SQ:XAUUSD,2020-04-13T16:06:00+02:00,1691.630,1692.120,1691.110,1691.910,76
SQ:XAUUSD,2020-04-13T16:07:00+02:00,1691.910,1692.460,1691.400,1691.420,93
SQ:XAUUSD,2020-04-13T16:08:00+02:00,1691.370,1692.650,1691.370,1692.010,104
SQ:XAUUSD,2020-04-13T16:09:00+02:00,1692.010,1692.930,1691.240,1692.640,120
SQ:XAUUSD,2020-04-13T16:10:00+02:00,1692.450,1693.390,1692.000,1692.630,136
SQ:XAUUSD,2020-04-13T16:11:00+02:00,1692.630,1692.980,1692.350,1692.830,140
SQ:XAUUSD,2020-04-13T16:12:00+02:00,1692.830,1693.770,1692.340,1693.090,156
SQ:XAUUSD,2020-04-13T16:13:00+02:00,1693.090,1693.940,1691.540,1693.200,221
SQ:XAUUSD,2020-04-13T16:14:00+02:00,1693.200,1693.910,1692.310,1693.280,162
SQ:XAUUSD,2020-04-13T16:15:00+02:00,1693.330,1693.800,1691.740,1692.990,340
SQ:XAUUSD,2020-04-13T16:16:00+02:00,1692.700,1693.340,1691.670,1693.340,212
SQ:XAUUSD,2020-04-13T16:17:00+02:00,1693.330,1693.540,1692.240,1693.140,92
SQ:XAUUSD,2020-04-13T16:18:00+02:00,1692.960,1693.900,1692.640,1693.570,140
SQ:XAUUSD,2020-04-13T16:19:00+02:00,1693.570,1693.640,1691.650,1692.260,131
SQ:XAUUSD,2020-04-13T16:20:00+02:00,1692.260,1693.890,1692.230,1693.890,149
SQ:XAUUSD,2020-04-13T16:21:00+02:00,1693.920,1694.350,1693.130,1693.590,128
SQ:XAUUSD,2020-04-13T16:22:00+02:00,1693.590,1695.520,1693.410,1695.190,129
SQ:XAUUSD,2020-04-13T16:23:00+02:00,1695.260,1695.300,1693.960,1694.690,108
SQ:XAUUSD,2020-04-13T16:24:00+02:00,1694.690,1694.840,1693.210,1694.390,86
SQ:XAUUSD,2020-04-13T16:25:00+02:00,1694.390,1694.410,1693.270,1693.980,114
SQ:XAUUSD,2020-04-13T16:26:00+02:00,1693.980,1695.880,1693.450,1695.220,181
SQ:XAUUSD,2020-04-13T16:27:00+02:00,1695.520,1696.160,1695.090,1695.640,150
SQ:XAUUSD,2020-04-13T16:28:00+02:00,1695.690,1695.820,1695.010,1695.590,118
SQ:XAUUSD,2020-04-13T16:29:00+02:00,1695.590,1696.970,1695.170,1696.450,178
SQ:XAUUSD,2020-04-13T16:30:00+02:00,1696.500,1697.160,1695.340,1696.010,140
SQ:XAUUSD,2020-04-13T16:31:00+02:00,1696.010,1697.110,1695.220,1695.900,127
SQ:XAUUSD,2020-04-13T16:32:00+02:00,1695.900,1696.700,1695.620,1696.240,170
SQ:XAUUSD,2020-04-13T16:33:00+02:00,1696.280,1696.430,1695.300,1695.920,126
SQ:XAUUSD,2020-04-13T16:34:00+02:00,1695.970,1696.440,1695.620,1696.120,163
SQ:XAUUSD,2020-04-13T16:35:00+02:00,1696.160,1696.290,1695.120,1695.730,126
SQ:XAUUSD,2020-04-13T16:36:00+02:00,1695.810,1696.660,1695.750,1695.830,122
SQ:XAUUSD,2020-04-13T16:37:00+02:00,1695.610,1695.880,1694.650,1695.210,169
SQ:XAUUSD,2020-04-13T16:38:00+02:00,1695.240,1696.210,1694.910,1696.038,88
SQ:XAUUSD,2020-04-13T16:39:00+02:00,1696.028,1696.668,1695.910,1696.190,69
SQ:XAUUSD,2020-04-13T16:40:00+02:00,1696.240,1697.080,1695.710,1697.080,142
SQ:XAUUSD,2020-04-13T16:41:00+02:00,1697.080,1697.540,1696.490,1696.490,141
SQ:XAUUSD,2020-04-13T16:42:00+02:00,1696.490,1697.020,1695.890,1696.390,126
SQ:XAUUSD,2020-04-13T16:43:00+02:00,1696.390,1696.390,1695.170,1695.280,126
SQ:XAUUSD,2020-04-13T16:44:00+02:00,1695.330,1695.340,1694.530,1694.690,128
SQ:XAUUSD,2020-04-13T16:45:00+02:00,1694.690,1695.840,1694.640,1695.100,64
SQ:XAUUSD,2020-04-13T16:46:00+02:00,1695.100,1695.526,1694.644,1695.254,156
SQ:XAUUSD,2020-04-13T16:47:00+02:00,1695.416,1695.980,1694.770,1695.800,87
SQ:XAUUSD,2020-04-13T16:48:00+02:00,1695.800,1696.420,1695.290,1695.804,107
SQ:XAUUSD,2020-04-13T16:49:00+02:00,1695.804,1696.156,1694.904,1695.570,183
SQ:XAUUSD,2020-04-13T16:50:00+02:00,1695.570,1696.500,1694.874,1696.100,149
SQ:XAUUSD,2020-04-13T16:51:00+02:00,1696.100,1696.970,1695.830,1696.750,92
SQ:XAUUSD,2020-04-13T16:52:00+02:00,1696.670,1697.130,1696.380,1696.780,68
SQ:XAUUSD,2020-04-13T16:53:00+02:00,1696.780,1696.950,1696.420,1696.740,56
SQ:XAUUSD,2020-04-13T16:54:00+02:00,1696.790,1696.790,1696.080,1696.660,63
SQ:XAUUSD,2020-04-13T16:55:00+02:00,1696.670,1697.560,1696.500,1696.670,126
SQ:XAUUSD,2020-04-13T16:56:00+02:00,1696.610,1697.720,1696.190,1697.710,164
SQ:XAUUSD,2020-04-13T16:57:00+02:00,1697.710,1698.980,1697.470,1698.040,115
SQ:XAUUSD,2020-04-13T16:58:00+02:00,1698.040,1698.790,1697.660,1698.020,162
SQ:XAUUSD,2020-04-13T16:59:00+02:00,1698.020,1698.910,1697.350,1698.790,158
SQ:XAUUSD,2020-04-13T17:00:00+02:00,1698.830,1698.880,1697.710,1698.240,122
SQ:XAUUSD,2020-04-13T17:01:00+02:00,1698.130,1699.600,1698.060,1698.280,111
SQ:XAUUSD,2020-04-13T17:02:00+02:00,1698.280,1699.130,1698.140,1698.630,105
SQ:XAUUSD,2020-04-13T17:03:00+02:00,1698.670,1699.730,1698.540,1699.270,123
SQ:XAUUSD,2020-04-13T17:04:00+02:00,1699.400,1699.640,1698.930,1699.320,58
SQ:XAUUSD,2020-04-13T17:05:00+02:00,1699.280,1700.210,1699.270,1699.680,101
SQ:XAUUSD,2020-04-13T17:06:00+02:00,1699.680,1699.680,1698.280,1699.470,102
SQ:XAUUSD,2020-04-13T17:07:00+02:00,1699.470,1699.520,1698.700,1699.220,83
SQ:XAUUSD,2020-04-13T17:08:00+02:00,1699.060,1699.490,1698.910,1699.260,60
SQ:XAUUSD,2020-04-13T17:09:00+02:00,1699.310,1700.400,1699.150,1700.200,160
SQ:XAUUSD,2020-04-13T17:10:00+02:00,1700.200,1701.830,1699.870,1701.760,77
SQ:XAUUSD,2020-04-13T17:11:00+02:00,1701.760,1701.960,1700.430,1700.540,154
SQ:XAUUSD,2020-04-13T17:12:00+02:00,1700.600,1703.570,1700.550,1702.200,251
SQ:XAUUSD,2020-04-13T17:13:00+02:00,1702.340,1703.300,1702.010,1702.390,95
SQ:XAUUSD,2020-04-13T17:14:00+02:00,1702.390,1702.440,1700.830,1701.930,129
SQ:XAUUSD,2020-04-13T17:15:00+02:00,1701.980,1703.280,1701.900,1703.150,99
SQ:XAUUSD,2020-04-13T17:16:00+02:00,1703.150,1703.580,1702.600,1703.340,92
SQ:XAUUSD,2020-04-13T17:17:00+02:00,1703.340,1703.860,1702.960,1703.810,98
SQ:XAUUSD,2020-04-13T17:18:00+02:00,1703.790,1704.790,1703.760,1704.640,86
SQ:XAUUSD,2020-04-13T17:19:00+02:00,1704.600,1705.430,1704.520,1704.710,91
SQ:XAUUSD,2020-04-13T17:20:00+02:00,1704.810,1705.030,1704.660,1704.970,50
SQ:XAUUSD,2020-04-13T17:21:00+02:00,1704.950,1707.450,1704.950,1707.340,169
SQ:XAUUSD,2020-04-13T17:22:00+02:00,1707.270,1707.270,1706.230,1706.320,175
SQ:XAUUSD,2020-04-13T17:23:00+02:00,1706.310,1708.130,1706.310,1707.660,185
SQ:XAUUSD,2020-04-13T17:24:00+02:00,1707.660,1708.920,1706.600,1708.580,184
SQ:XAUUSD,2020-04-13T17:25:00+02:00,1708.620,1709.470,1708.010,1709.470,155
SQ:XAUUSD,2020-04-13T17:26:00+02:00,1709.470,1711.260,1708.400,1710.610,222
SQ:XAUUSD,2020-04-13T17:27:00+02:00,1710.530,1710.650,1707.520,1709.480,145
SQ:XAUUSD,2020-04-13T17:28:00+02:00,1709.580,1709.760,1707.780,1708.780,117
SQ:XAUUSD,2020-04-13T17:29:00+02:00,1708.780,1709.280,1707.580,1708.590,87
SQ:XAUUSD,2020-04-13T17:30:00+02:00,1708.590,1708.930,1705.790,1706.440,202
SQ:XAUUSD,2020-04-13T17:31:00+02:00,1706.440,1709.250,1706.200,1707.690,160
SQ:XAUUSD,2020-04-13T17:32:00+02:00,1707.690,1707.790,1704.920,1706.380,232
SQ:XAUUSD,2020-04-13T17:33:00+02:00,1706.460,1706.550,1704.030,1705.690,119
SQ:XAUUSD,2020-04-13T17:34:00+02:00,1705.580,1707.510,1705.450,1707.400,116
SQ:XAUUSD,2020-04-13T17:35:00+02:00,1706.670,1708.150,1706.420,1707.440,205
SQ:XAUUSD,2020-04-13T17:36:00+02:00,1707.400,1707.900,1706.770,1707.340,109
SQ:XAUUSD,2020-04-13T17:37:00+02:00,1707.250,1709.270,1707.080,1707.940,213
SQ:XAUUSD,2020-04-13T17:38:00+02:00,1708.010,1708.630,1707.290,1707.430,132
SQ:XAUUSD,2020-04-13T17:39:00+02:00,1707.390,1708.760,1707.290,1708.310,188
SQ:XAUUSD,2020-04-13T17:40:00+02:00,1708.380,1708.586,1706.660,1708.586,123
SQ:XAUUSD,2020-04-13T17:41:00+02:00,1708.284,1708.580,1706.616,1707.880,102
SQ:XAUUSD,2020-04-13T17:42:00+02:00,1707.900,1709.390,1707.060,1708.710,186
SQ:XAUUSD,2020-04-13T17:43:00+02:00,1708.710,1709.400,1707.910,1708.420,132
SQ:XAUUSD,2020-04-13T17:44:00+02:00,1708.420,1708.430,1707.500,1708.300,177
SQ:XAUUSD,2020-04-13T17:45:00+02:00,1708.300,1709.460,1707.530,1709.420,168
SQ:XAUUSD,2020-04-13T17:46:00+02:00,1709.420,1709.420,1707.330,1707.380,126
SQ:XAUUSD,2020-04-13T17:47:00+02:00,1707.380,1707.790,1706.970,1707.430,109
SQ:XAUUSD,2020-04-13T17:48:00+02:00,1707.450,1708.190,1706.990,1707.030,93
SQ:XAUUSD,2020-04-13T17:49:00+02:00,1706.990,1707.352,1705.690,1706.380,201
SQ:XAUUSD,2020-04-13T17:50:00+02:00,1706.380,1706.920,1705.890,1705.900,72
SQ:XAUUSD,2020-04-13T17:51:00+02:00,1705.780,1706.040,1705.430,1705.670,94
SQ:XAUUSD,2020-04-13T17:52:00+02:00,1705.720,1707.110,1705.530,1706.790,143
SQ:XAUUSD,2020-04-13T17:53:00+02:00,1706.798,1707.590,1706.510,1706.996,150
SQ:XAUUSD,2020-04-13T17:54:00+02:00,1706.860,1707.800,1706.810,1707.296,123
SQ:XAUUSD,2020-04-13T17:55:00+02:00,1707.296,1707.910,1706.890,1707.630,104
SQ:XAUUSD,2020-04-13T17:56:00+02:00,1707.630,1709.080,1707.210,1708.570,179
SQ:XAUUSD,2020-04-13T17:57:00+02:00,1708.570,1709.600,1708.190,1708.610,261
SQ:XAUUSD,2020-04-13T17:58:00+02:00,1708.570,1709.330,1708.210,1708.330,139
SQ:XAUUSD,2020-04-13T17:59:00+02:00,1708.330,1709.286,1708.080,1708.520,136
SQ:XAUUSD,2020-04-13T18:00:00+02:00,1708.500,1708.500,1706.110,1706.520,137
SQ:XAUUSD,2020-04-13T18:01:00+02:00,1706.520,1707.070,1705.770,1706.900,169
SQ:XAUUSD,2020-04-13T18:02:00+02:00,1706.790,1707.800,1706.380,1707.190,213
SQ:XAUUSD,2020-04-13T18:03:00+02:00,1707.190,1709.270,1707.050,1709.270,124
SQ:XAUUSD,2020-04-13T18:04:00+02:00,1709.270,1710.030,1708.410,1709.510,100
SQ:XAUUSD,2020-04-13T18:05:00+02:00,1709.590,1709.590,1708.370,1709.100,96
SQ:XAUUSD,2020-04-13T18:06:00+02:00,1708.970,1709.330,1708.440,1708.700,105
SQ:XAUUSD,2020-04-13T18:07:00+02:00,1708.700,1708.700,1707.840,1708.520,63
SQ:XAUUSD,2020-04-13T18:08:00+02:00,1708.520,1709.440,1707.590,1709.170,120
SQ:XAUUSD,2020-04-13T18:09:00+02:00,1709.170,1709.800,1708.400,1709.700,92
SQ:XAUUSD,2020-04-13T18:10:00+02:00,1709.780,1709.800,1705.188,1709.150,95
SQ:XAUUSD,2020-04-13T18:11:00+02:00,1709.110,1710.310,1706.440,1709.680,120
SQ:XAUUSD,2020-04-13T18:12:00+02:00,1709.820,1710.270,1706.930,1709.900,62
SQ:XAUUSD,2020-04-13T18:13:00+02:00,1709.900,1710.350,1709.900,1710.230,48
SQ:XAUUSD,2020-04-13T18:14:00+02:00,1710.230,1710.390,1710.050,1710.180,43
SQ:XAUUSD,2020-04-13T18:15:00+02:00,1710.180,1711.480,1709.850,1710.050,90
SQ:XAUUSD,2020-04-13T18:16:00+02:00,1710.050,1710.620,1709.810,1710.410,61
SQ:XAUUSD,2020-04-13T18:17:00+02:00,1710.410,1710.410,1709.860,1710.010,65
SQ:XAUUSD,2020-04-13T18:18:00+02:00,1710.000,1710.380,1708.640,1709.050,128
SQ:XAUUSD,2020-04-13T18:19:00+02:00,1709.050,1709.210,1708.130,1708.680,151
SQ:XAUUSD,2020-04-13T18:20:00+02:00,1708.610,1709.820,1708.030,1709.650,116
SQ:XAUUSD,2020-04-13T18:21:00+02:00,1709.650,1710.370,1709.650,1709.940,65
SQ:XAUUSD,2020-04-13T18:22:00+02:00,1709.940,1711.110,1709.890,1710.750,77
SQ:XAUUSD,2020-04-13T18:23:00+02:00,1710.760,1711.830,1710.640,1711.200,53
SQ:XAUUSD,2020-04-13T18:24:00+02:00,1711.200,1712.020,1710.660,1711.520,66
SQ:XAUUSD,2020-04-13T18:25:00+02:00,1711.650,1711.730,1710.360,1710.970,169
SQ:XAUUSD,2020-04-13T18:26:00+02:00,1710.970,1711.870,1710.320,1711.720,217
SQ:XAUUSD,2020-04-13T18:27:00+02:00,1711.720,1712.200,1711.020,1711.330,121
SQ:XAUUSD,2020-04-13T18:28:00+02:00,1711.330,1711.990,1710.980,1711.570,180
SQ:XAUUSD,2020-04-13T18:29:00+02:00,1711.510,1712.060,1711.330,1711.620,70
SQ:XAUUSD,2020-04-13T18:30:00+02:00,1711.590,1711.760,1711.450,1711.550,47
SQ:XAUUSD,2020-04-13T18:31:00+02:00,1711.560,1713.820,1711.250,1713.810,116
SQ:XAUUSD,2020-04-13T18:32:00+02:00,1713.810,1714.450,1713.350,1713.350,97
SQ:XAUUSD,2020-04-13T18:33:00+02:00,1713.320,1713.530,1712.150,1712.580,68
SQ:XAUUSD,2020-04-13T18:34:00+02:00,1712.580,1713.000,1711.670,1711.670,97
SQ:XAUUSD,2020-04-13T18:35:00+02:00,1711.660,1711.660,1710.580,1711.320,83
SQ:XAUUSD,2020-04-13T18:36:00+02:00,1711.320,1712.350,1711.320,1712.260,111
SQ:XAUUSD,2020-04-13T18:37:00+02:00,1712.260,1712.740,1712.160,1712.540,31
SQ:XAUUSD,2020-04-13T18:38:00+02:00,1712.540,1712.640,1711.490,1711.490,35
SQ:XAUUSD,2020-04-13T18:39:00+02:00,1711.490,1711.640,1710.360,1711.140,63
SQ:XAUUSD,2020-04-13T18:40:00+02:00,1711.140,1712.440,1711.140,1712.340,35
SQ:XAUUSD,2020-04-13T18:41:00+02:00,1712.440,1712.440,1711.540,1712.440,33
SQ:XAUUSD,2020-04-13T18:42:00+02:00,1712.440,1712.640,1712.240,1712.240,38
SQ:XAUUSD,2020-04-13T18:43:00+02:00,1712.240,1712.440,1711.490,1712.050,42
SQ:XAUUSD,2020-04-13T18:44:00+02:00,1712.050,1712.200,1711.830,1712.180,39
SQ:XAUUSD,2020-04-13T18:45:00+02:00,1712.180,1712.310,1711.770,1711.880,49
SQ:XAUUSD,2020-04-13T18:46:00+02:00,1711.880,1712.320,1711.330,1712.290,64
SQ:XAUUSD,2020-04-13T18:47:00+02:00,1712.110,1713.340,1711.880,1713.240,54
SQ:XAUUSD,2020-04-13T18:48:00+02:00,1713.240,1713.540,1712.890,1712.940,59
SQ:XAUUSD,2020-04-13T18:49:00+02:00,1712.940,1712.940,1712.640,1712.740,34
SQ:XAUUSD,2020-04-13T18:50:00+02:00,1712.740,1713.340,1712.200,1713.340,36
SQ:XAUUSD,2020-04-13T18:51:00+02:00,1713.340,1713.390,1711.940,1711.990,42
SQ:XAUUSD,2020-04-13T18:52:00+02:00,1712.000,1712.240,1711.470,1711.930,67
SQ:XAUUSD,2020-04-13T18:53:00+02:00,1711.930,1713.510,1711.370,1713.120,91
SQ:XAUUSD,2020-04-13T18:54:00+02:00,1713.120,1714.090,1712.660,1713.040,157
SQ:XAUUSD,2020-04-13T18:55:00+02:00,1713.040,1713.190,1712.580,1712.750,76
SQ:XAUUSD,2020-04-13T18:56:00+02:00,1712.850,1713.850,1712.510,1713.630,107
SQ:XAUUSD,2020-04-13T18:57:00+02:00,1713.670,1713.750,1713.100,1713.360,66
SQ:XAUUSD,2020-04-13T18:58:00+02:00,1713.370,1713.410,1712.740,1713.260,73
SQ:XAUUSD,2020-04-13T18:59:00+02:00,1713.320,1713.980,1713.030,1713.810,136
SQ:XAUUSD,2020-04-13T19:00:00+02:00,1713.810,1714.460,1713.470,1714.350,89
SQ:XAUUSD,2020-04-13T19:01:00+02:00,1714.250,1715.800,1714.250,1715.330,148
SQ:XAUUSD,2020-04-13T19:02:00+02:00,1715.330,1716.230,1714.200,1714.950,129
SQ:XAUUSD,2020-04-13T19:03:00+02:00,1714.950,1715.710,1714.850,1715.340,105
SQ:XAUUSD,2020-04-13T19:04:00+02:00,1715.250,1715.500,1714.860,1715.500,97
SQ:XAUUSD,2020-04-13T19:05:00+02:00,1715.550,1715.760,1715.070,1715.090,97
SQ:XAUUSD,2020-04-13T19:06:00+02:00,1715.110,1715.500,1714.800,1715.360,84
SQ:XAUUSD,2020-04-13T19:07:00+02:00,1715.360,1715.480,1714.780,1715.010,54
SQ:XAUUSD,2020-04-13T19:08:00+02:00,1715.010,1715.030,1713.880,1714.880,84
SQ:XAUUSD,2020-04-13T19:09:00+02:00,1714.880,1715.040,1713.400,1714.470,51
SQ:XAUUSD,2020-04-13T19:10:00+02:00,1714.470,1714.510,1711.560,1712.930,123
SQ:XAUUSD,2020-04-13T19:11:00+02:00,1712.910,1713.520,1711.330,1711.870,115
SQ:XAUUSD,2020-04-13T19:12:00+02:00,1711.890,1714.040,1711.890,1714.040,47
SQ:XAUUSD,2020-04-13T19:13:00+02:00,1714.000,1714.120,1713.460,1714.120,16
SQ:XAUUSD,2020-04-13T19:14:00+02:00,1714.120,1714.350,1713.770,1714.140,73
SQ:XAUUSD,2020-04-13T19:15:00+02:00,1714.060,1714.130,1713.040,1713.200,37
SQ:XAUUSD,2020-04-13T19:16:00+02:00,1713.200,1713.430,1713.040,1713.070,27
SQ:XAUUSD,2020-04-13T19:17:00+02:00,1713.070,1713.070,1712.560,1712.760,51
SQ:XAUUSD,2020-04-13T19:18:00+02:00,1712.760,1714.130,1712.750,1714.080,65
SQ:XAUUSD,2020-04-13T19:19:00+02:00,1714.080,1714.420,1713.740,1714.030,55
SQ:XAUUSD,2020-04-13T19:20:00+02:00,1714.080,1714.390,1713.920,1714.180,59
SQ:XAUUSD,2020-04-13T19:21:00+02:00,1714.180,1715.420,1714.100,1715.270,93
SQ:XAUUSD,2020-04-13T19:22:00+02:00,1715.330,1716.510,1714.790,1716.390,168
SQ:XAUUSD,2020-04-13T19:23:00+02:00,1716.410,1716.420,1715.620,1715.620,99
SQ:XAUUSD,2020-04-13T19:24:00+02:00,1715.530,1716.240,1715.510,1716.070,94
SQ:XAUUSD,2020-04-13T19:25:00+02:00,1716.070,1716.370,1715.350,1715.890,119
SQ:XAUUSD,2020-04-13T19:26:00+02:00,1715.890,1716.190,1715.450,1715.450,49
SQ:XAUUSD,2020-04-13T19:27:00+02:00,1715.510,1716.530,1714.880,1716.090,96
SQ:XAUUSD,2020-04-13T19:28:00+02:00,1716.030,1716.420,1715.480,1716.140,200
SQ:XAUUSD,2020-04-13T19:29:00+02:00,1715.920,1715.920,1713.940,1714.230,161
SQ:XAUUSD,2020-04-13T19:30:00+02:00,1714.290,1714.900,1713.920,1714.640,88
SQ:XAUUSD,2020-04-13T19:31:00+02:00,1714.570,1716.630,1714.410,1715.290,60
SQ:XAUUSD,2020-04-13T19:32:00+02:00,1715.290,1716.020,1715.090,1715.740,98
SQ:XAUUSD,2020-04-13T19:33:00+02:00,1715.740,1716.780,1715.630,1716.290,85
SQ:XAUUSD,2020-04-13T19:34:00+02:00,1716.290,1716.290,1715.240,1715.540,84
SQ:XAUUSD,2020-04-13T19:35:00+02:00,1715.540,1715.650,1714.750,1715.480,60
SQ:XAUUSD,2020-04-13T19:36:00+02:00,1715.490,1715.790,1715.060,1715.550,55
SQ:XAUUSD,2020-04-13T19:37:00+02:00,1715.550,1715.910,1715.380,1715.580,62
SQ:XAUUSD,2020-04-13T19:38:00+02:00,1715.450,1716.520,1715.350,1716.170,89
SQ:XAUUSD,2020-04-13T19:39:00+02:00,1716.170,1716.300,1715.020,1715.320,70
SQ:XAUUSD,2020-04-13T19:40:00+02:00,1715.320,1715.320,1714.690,1714.860,69
SQ:XAUUSD,2020-04-13T19:41:00+02:00,1714.860,1716.050,1714.800,1715.050,70
SQ:XAUUSD,2020-04-13T19:42:00+02:00,1715.090,1715.090,1714.860,1714.860,33
SQ:XAUUSD,2020-04-13T19:43:00+02:00,1714.860,1715.510,1714.640,1714.800,132
SQ:XAUUSD,2020-04-13T19:44:00+02:00,1714.640,1715.430,1714.570,1714.920,97
SQ:XAUUSD,2020-04-13T19:45:00+02:00,1714.920,1716.660,1714.900,1716.378,168
SQ:XAUUSD,2020-04-13T19:46:00+02:00,1716.378,1716.618,1716.010,1716.558,124
SQ:XAUUSD,2020-04-13T19:47:00+02:00,1716.450,1717.026,1716.100,1716.980,215
SQ:XAUUSD,2020-04-13T19:48:00+02:00,1716.980,1717.390,1716.300,1716.450,105
SQ:XAUUSD,2020-04-13T19:49:00+02:00,1716.480,1716.702,1714.670,1715.430,168
SQ:XAUUSD,2020-04-13T19:50:00+02:00,1715.430,1715.724,1714.740,1715.650,160
SQ:XAUUSD,2020-04-13T19:51:00+02:00,1715.648,1716.570,1715.590,1716.460,58
SQ:XAUUSD,2020-04-13T19:52:00+02:00,1716.460,1717.244,1715.994,1716.980,137
SQ:XAUUSD,2020-04-13T19:53:00+02:00,1717.020,1717.452,1716.640,1716.700,189
SQ:XAUUSD,2020-04-13T19:54:00+02:00,1716.700,1717.100,1716.450,1716.470,45
SQ:XAUUSD,2020-04-13T19:55:00+02:00,1716.470,1718.170,1716.470,1718.170,216
SQ:XAUUSD,2020-04-13T19:56:00+02:00,1717.790,1718.462,1716.340,1717.780,215
SQ:XAUUSD,2020-04-13T19:57:00+02:00,1717.780,1718.720,1717.500,1718.110,96
SQ:XAUUSD,2020-04-13T19:58:00+02:00,1718.110,1718.110,1717.310,1717.620,69
SQ:XAUUSD,2020-04-13T19:59:00+02:00,1717.620,1717.810,1717.460,1717.510,49
SQ:XAUUSD,2020-04-13T20:00:00+02:00,1717.510,1717.680,1717.210,1717.530,39
SQ:XAUUSD,2020-04-13T20:01:00+02:00,1717.670,1718.060,1717.350,1717.930,46
SQ:XAUUSD,2020-04-13T20:02:00+02:00,1717.960,1719.080,1717.770,1718.040,104
SQ:XAUUSD,2020-04-13T20:03:00+02:00,1718.020,1720.250,1718.020,1719.060,124
SQ:XAUUSD,2020-04-13T20:04:00+02:00,1718.810,1720.420,1718.630,1719.750,95
SQ:XAUUSD,2020-04-13T20:05:00+02:00,1719.810,1720.460,1717.820,1719.910,117
SQ:XAUUSD,2020-04-13T20:06:00+02:00,1719.990,1720.550,1717.910,1717.930,205
SQ:XAUUSD,2020-04-13T20:07:00+02:00,1717.920,1719.286,1717.160,1718.530,183
SQ:XAUUSD,2020-04-13T20:08:00+02:00,1718.530,1718.820,1718.140,1718.370,97
SQ:XAUUSD,2020-04-13T20:09:00+02:00,1718.470,1718.910,1718.360,1718.360,62
SQ:XAUUSD,2020-04-13T20:10:00+02:00,1718.490,1719.140,1718.320,1718.560,63
SQ:XAUUSD,2020-04-13T20:11:00+02:00,1718.530,1720.080,1718.190,1718.490,77
SQ:XAUUSD,2020-04-13T20:12:00+02:00,1718.410,1719.180,1718.270,1718.490,72
SQ:XAUUSD,2020-04-13T20:13:00+02:00,1718.490,1718.490,1717.460,1717.560,148
SQ:XAUUSD,2020-04-13T20:14:00+02:00,1717.560,1718.930,1717.430,1718.800,130
SQ:XAUUSD,2020-04-13T20:15:00+02:00,1718.900,1720.320,1718.800,1719.230,111
SQ:XAUUSD,2020-04-13T20:16:00+02:00,1719.230,1719.570,1718.980,1719.420,43
SQ:XAUUSD,2020-04-13T20:17:00+02:00,1719.420,1720.710,1719.320,1720.330,109
SQ:XAUUSD,2020-04-13T20:18:00+02:00,1720.330,1720.330,1718.850,1718.930,82
SQ:XAUUSD,2020-04-13T20:19:00+02:00,1718.930,1719.520,1718.720,1719.240,108
SQ:XAUUSD,2020-04-13T20:20:00+02:00,1719.240,1720.250,1719.100,1719.830,112
SQ:XAUUSD,2020-04-13T20:21:00+02:00,1719.920,1720.470,1719.640,1720.390,130
SQ:XAUUSD,2020-04-13T20:22:00+02:00,1720.410,1720.660,1719.260,1720.150,124
SQ:XAUUSD,2020-04-13T20:23:00+02:00,1719.260,1720.410,1718.830,1720.410,105
SQ:XAUUSD,2020-04-13T20:24:00+02:00,1720.430,1721.000,1719.910,1720.690,151
SQ:XAUUSD,2020-04-13T20:25:00+02:00,1720.690,1721.110,1719.530,1720.990,101
SQ:XAUUSD,2020-04-13T20:26:00+02:00,1720.970,1721.380,1720.250,1720.460,114
SQ:XAUUSD,2020-04-13T20:27:00+02:00,1720.870,1721.890,1720.050,1721.250,69
SQ:XAUUSD,2020-04-13T20:28:00+02:00,1721.250,1721.250,1719.440,1720.630,67
SQ:XAUUSD,2020-04-13T20:29:00+02:00,1720.630,1721.100,1720.310,1720.820,54
SQ:XAUUSD,2020-04-13T20:30:00+02:00,1720.820,1721.010,1719.460,1719.660,64
SQ:XAUUSD,2020-04-13T20:31:00+02:00,1719.660,1720.220,1719.610,1720.160,37
SQ:XAUUSD,2020-04-13T20:32:00+02:00,1720.170,1720.420,1719.560,1720.250,83
SQ:XAUUSD,2020-04-13T20:33:00+02:00,1720.160,1721.000,1719.960,1720.220,100
SQ:XAUUSD,2020-04-13T20:34:00+02:00,1720.310,1720.580,1720.150,1720.150,61
SQ:XAUUSD,2020-04-13T20:35:00+02:00,1720.150,1720.150,1719.280,1719.440,84
SQ:XAUUSD,2020-04-13T20:36:00+02:00,1719.420,1720.320,1719.410,1719.870,86
SQ:XAUUSD,2020-04-13T20:37:00+02:00,1719.890,1720.170,1719.680,1719.680,46
SQ:XAUUSD,2020-04-13T20:38:00+02:00,1719.930,1720.160,1719.530,1719.620,70
SQ:XAUUSD,2020-04-13T20:39:00+02:00,1719.680,1720.420,1719.370,1720.360,72
SQ:XAUUSD,2020-04-13T20:40:00+02:00,1720.360,1720.360,1719.390,1719.410,57
SQ:XAUUSD,2020-04-13T20:41:00+02:00,1719.390,1719.470,1719.010,1719.260,28
SQ:XAUUSD,2020-04-13T20:42:00+02:00,1719.260,1720.890,1719.190,1720.880,115
SQ:XAUUSD,2020-04-13T20:43:00+02:00,1720.910,1721.520,1719.870,1720.090,192
SQ:XAUUSD,2020-04-13T20:44:00+02:00,1719.920,1720.660,1719.680,1720.640,125
SQ:XAUUSD,2020-04-13T20:45:00+02:00,1720.660,1721.830,1720.160,1720.910,193
SQ:XAUUSD,2020-04-13T20:46:00+02:00,1720.910,1721.280,1719.870,1721.070,135
SQ:XAUUSD,2020-04-13T20:47:00+02:00,1721.070,1721.070,1720.130,1720.190,93
SQ:XAUUSD,2020-04-13T20:48:00+02:00,1720.550,1721.620,1720.420,1720.590,196
SQ:XAUUSD,2020-04-13T20:49:00+02:00,1720.620,1720.810,1719.930,1720.260,128
SQ:XAUUSD,2020-04-13T20:50:00+02:00,1720.210,1720.370,1718.840,1719.780,179
SQ:XAUUSD,2020-04-13T20:51:00+02:00,1719.970,1721.710,1718.820,1718.920,255
SQ:XAUUSD,2020-04-13T20:52:00+02:00,1718.840,1720.410,1718.750,1719.630,134
SQ:XAUUSD,2020-04-13T20:53:00+02:00,1719.670,1719.670,1719.110,1719.540,83
SQ:XAUUSD,2020-04-13T20:54:00+02:00,1719.420,1720.050,1719.200,1720.050,91
SQ:XAUUSD,2020-04-13T20:55:00+02:00,1720.050,1720.580,1719.490,1720.320,169
SQ:XAUUSD,2020-04-13T20:56:00+02:00,1720.360,1720.840,1719.640,1720.140,138
SQ:XAUUSD,2020-04-13T20:57:00+02:00,1720.160,1720.520,1719.750,1720.060,108
SQ:XAUUSD,2020-04-13T20:58:00+02:00,1720.070,1720.330,1719.590,1720.050,73
SQ:XAUUSD,2020-04-13T20:59:00+02:00,1720.050,1720.700,1719.780,1720.590,65
SQ:XAUUSD,2020-04-13T21:00:00+02:00,1720.590,1721.520,1719.400,1720.570,135
SQ:XAUUSD,2020-04-13T21:01:00+02:00,1720.460,1720.570,1719.670,1720.360,35
SQ:XAUUSD,2020-04-13T21:02:00+02:00,1720.360,1720.480,1719.010,1719.520,25
SQ:XAUUSD,2020-04-13T21:03:00+02:00,1719.520,1720.310,1719.520,1719.990,47
SQ:XAUUSD,2020-04-13T21:04:00+02:00,1719.970,1720.300,1719.370,1719.510,34
SQ:XAUUSD,2020-04-13T21:05:00+02:00,1719.530,1719.680,1718.700,1719.070,48
SQ:XAUUSD,2020-04-13T21:06:00+02:00,1719.090,1720.020,1719.090,1719.500,44
SQ:XAUUSD,2020-04-13T21:07:00+02:00,1719.570,1720.020,1719.520,1719.710,37
SQ:XAUUSD,2020-04-13T21:08:00+02:00,1719.700,1720.340,1719.070,1719.330,55
SQ:XAUUSD,2020-04-13T21:09:00+02:00,1719.380,1719.840,1719.090,1719.810,45
SQ:XAUUSD,2020-04-13T21:10:00+02:00,1719.810,1720.620,1718.740,1719.180,107
SQ:XAUUSD,2020-04-13T21:11:00+02:00,1719.180,1720.620,1718.890,1719.100,115
SQ:XAUUSD,2020-04-13T21:12:00+02:00,1719.200,1720.710,1719.100,1720.360,130
SQ:XAUUSD,2020-04-13T21:13:00+02:00,1720.420,1720.490,1719.290,1719.540,76
SQ:XAUUSD,2020-04-13T21:14:00+02:00,1719.540,1719.580,1718.150,1718.560,103
SQ:XAUUSD,2020-04-13T21:15:00+02:00,1718.140,1718.450,1715.820,1716.540,207
SQ:XAUUSD,2020-04-13T21:16:00+02:00,1716.590,1717.720,1716.500,1716.960,138
SQ:XAUUSD,2020-04-13T21:17:00+02:00,1716.960,1718.780,1716.920,1718.550,91
SQ:XAUUSD,2020-04-13T21:18:00+02:00,1718.550,1718.820,1717.600,1718.770,131
SQ:XAUUSD,2020-04-13T21:19:00+02:00,1718.820,1718.980,1717.130,1717.636,240
SQ:XAUUSD,2020-04-13T21:20:00+02:00,1718.260,1718.740,1717.320,1717.360,195
SQ:XAUUSD,2020-04-13T21:21:00+02:00,1717.330,1718.960,1716.620,1718.570,168
SQ:XAUUSD,2020-04-13T21:22:00+02:00,1718.520,1718.820,1717.960,1718.310,39
SQ:XAUUSD,2020-04-13T21:23:00+02:00,1718.310,1719.180,1718.310,1718.770,79
SQ:XAUUSD,2020-04-13T21:24:00+02:00,1718.770,1719.440,1717.880,1718.840,116
SQ:XAUUSD,2020-04-13T21:25:00+02:00,1718.580,1719.010,1716.940,1717.850,103
SQ:XAUUSD,2020-04-13T21:26:00+02:00,1717.790,1718.310,1716.140,1716.140,172
SQ:XAUUSD,2020-04-13T21:27:00+02:00,1716.140,1717.550,1715.920,1715.990,117
SQ:XAUUSD,2020-04-13T21:28:00+02:00,1715.940,1717.850,1715.940,1717.330,79
SQ:XAUUSD,2020-04-13T21:29:00+02:00,1716.550,1717.950,1716.550,1717.510,118
SQ:XAUUSD,2020-04-13T21:30:00+02:00,1717.510,1718.090,1716.820,1717.380,88
SQ:XAUUSD,2020-04-13T21:31:00+02:00,1717.420,1718.270,1717.080,1717.810,50
SQ:XAUUSD,2020-04-13T21:32:00+02:00,1717.790,1718.290,1717.660,1717.770,49
SQ:XAUUSD,2020-04-13T21:33:00+02:00,1717.760,1718.200,1717.760,1717.900,38
SQ:XAUUSD,2020-04-13T21:34:00+02:00,1717.900,1718.700,1717.550,1717.750,92
SQ:XAUUSD,2020-04-13T21:35:00+02:00,1717.750,1718.580,1717.170,1717.840,100
SQ:XAUUSD,2020-04-13T21:36:00+02:00,1717.840,1718.930,1717.540,1718.850,71
SQ:XAUUSD,2020-04-13T21:37:00+02:00,1718.850,1719.140,1718.100,1718.100,49
SQ:XAUUSD,2020-04-13T21:38:00+02:00,1718.100,1718.100,1717.660,1717.660,31
SQ:XAUUSD,2020-04-13T21:39:00+02:00,1717.660,1718.700,1717.460,1718.530,53
SQ:XAUUSD,2020-04-13T21:40:00+02:00,1718.570,1718.820,1717.710,1718.040,77
SQ:XAUUSD,2020-04-13T21:41:00+02:00,1718.090,1719.570,1717.980,1718.900,93
SQ:XAUUSD,2020-04-13T21:42:00+02:00,1718.800,1719.150,1718.250,1718.250,83
SQ:XAUUSD,2020-04-13T21:43:00+02:00,1718.240,1718.590,1718.130,1718.510,50
SQ:XAUUSD,2020-04-13T21:44:00+02:00,1718.590,1718.960,1718.410,1718.480,80
SQ:XAUUSD,2020-04-13T21:45:00+02:00,1718.430,1718.590,1717.890,1718.590,59
SQ:XAUUSD,2020-04-13T21:46:00+02:00,1718.590,1718.750,1717.970,1718.650,102
SQ:XAUUSD,2020-04-13T21:47:00+02:00,1718.660,1718.740,1718.350,1718.600,105
SQ:XAUUSD,2020-04-13T21:48:00+02:00,1718.600,1718.680,1718.110,1718.590,188
SQ:XAUUSD,2020-04-13T21:49:00+02:00,1718.700,1718.900,1717.440,1717.590,97
SQ:XAUUSD,2020-04-13T21:50:00+02:00,1716.990,1717.170,1715.870,1715.870,137
SQ:XAUUSD,2020-04-13T21:51:00+02:00,1715.870,1716.600,1715.870,1716.300,155
SQ:XAUUSD,2020-04-13T21:52:00+02:00,1716.360,1716.630,1716.130,1716.170,94
SQ:XAUUSD,2020-04-13T21:53:00+02:00,1716.220,1716.930,1716.130,1716.700,94
SQ:XAUUSD,2020-04-13T21:54:00+02:00,1716.620,1716.890,1716.370,1716.460,60
SQ:XAUUSD,2020-04-13T21:55:00+02:00,1716.420,1716.780,1716.290,1716.720,51
SQ:XAUUSD,2020-04-13T21:56:00+02:00,1716.770,1717.500,1716.460,1717.100,51
SQ:XAUUSD,2020-04-13T21:57:00+02:00,1717.100,1717.300,1716.130,1716.290,45
SQ:XAUUSD,2020-04-13T21:58:00+02:00,1716.440,1717.140,1716.240,1716.690,42
SQ:XAUUSD,2020-04-13T21:59:00+02:00,1716.730,1717.040,1716.020,1716.350,83
SQ:XAUUSD,2020-04-13T22:00:00+02:00,1716.470,1717.190,1716.470,1716.820,50
SQ:XAUUSD,2020-04-13T22:01:00+02:00,1716.820,1717.440,1716.590,1717.440,27
SQ:XAUUSD,2020-04-13T22:02:00+02:00,1717.350,1717.480,1716.790,1717.050,28
SQ:XAUUSD,2020-04-13T22:03:00+02:00,1717.050,1717.950,1716.530,1716.530,43
SQ:XAUUSD,2020-04-13T22:04:00+02:00,1716.810,1716.810,1716.200,1716.240,43
SQ:XAUUSD,2020-04-13T22:05:00+02:00,1716.240,1716.320,1716.130,1716.130,5
SQ:XAUUSD,2020-04-13T22:06:00+02:00,1716.130,1716.270,1716.130,1716.270,2
SQ:XAUUSD,2020-04-13T22:07:00+02:00,1716.270,1716.270,1715.480,1715.480,5
SQ:XAUUSD,2020-04-13T22:08:00+02:00,1715.480,1715.900,1715.450,1715.900,22
SQ:XAUUSD,2020-04-13T22:09:00+02:00,1715.900,1716.080,1715.880,1716.080,14
SQ:XAUUSD,2020-04-13T22:10:00+02:00,1716.080,1716.080,1716.080,1716.080,1
SQ:XAUUSD,2020-04-13T22:11:00+02:00,1716.080,1716.080,1715.950,1715.950,5
SQ:XAUUSD,2020-04-13T22:12:00+02:00,1715.950,1715.950,1715.720,1715.720,6
SQ:XAUUSD,2020-04-13T22:13:00+02:00,1715.720,1715.720,1715.450,1715.450,6
SQ:XAUUSD,2020-04-13T22:14:00+02:00,1715.450,1716.050,1715.450,1715.890,32
SQ:XAUUSD,2020-04-13T22:15:00+02:00,1715.890,1716.040,1715.530,1715.530,21
SQ:XAUUSD,2020-04-13T22:16:00+02:00,1715.540,1715.640,1715.520,1715.600,14
SQ:XAUUSD,2020-04-13T22:17:00+02:00,1715.630,1715.940,1715.620,1715.880,15
SQ:XAUUSD,2020-04-13T22:18:00+02:00,1715.930,1716.010,1715.720,1715.850,15
SQ:XAUUSD,2020-04-13T22:19:00+02:00,1715.850,1716.610,1715.850,1716.500,24
SQ:XAUUSD,2020-04-13T22:20:00+02:00,1716.550,1717.130,1716.460,1716.470,29
SQ:XAUUSD,2020-04-13T22:21:00+02:00,1716.470,1716.680,1716.310,1716.550,20
SQ:XAUUSD,2020-04-13T22:22:00+02:00,1716.550,1716.750,1716.450,1716.580,25
SQ:XAUUSD,2020-04-13T22:23:00+02:00,1716.640,1716.640,1716.380,1716.490,17
SQ:XAUUSD,2020-04-13T22:24:00+02:00,1716.490,1716.950,1716.490,1716.740,13
SQ:XAUUSD,2020-04-13T22:25:00+02:00,1716.740,1717.150,1716.720,1716.790,16
SQ:XAUUSD,2020-04-13T22:26:00+02:00,1716.810,1717.100,1716.700,1717.020,17
SQ:XAUUSD,2020-04-13T22:27:00+02:00,1717.020,1717.040,1716.880,1716.880,8
SQ:XAUUSD,2020-04-13T22:28:00+02:00,1716.880,1716.880,1716.760,1716.860,9
SQ:XAUUSD,2020-04-13T22:29:00+02:00,1716.860,1716.900,1716.470,1716.520,20
SQ:XAUUSD,2020-04-13T22:30:00+02:00,1716.490,1716.700,1715.740,1715.750,39
SQ:XAUUSD,2020-04-13T22:31:00+02:00,1715.800,1715.940,1715.320,1715.600,11
SQ:XAUUSD,2020-04-13T22:32:00+02:00,1715.650,1715.720,1715.630,1715.700,9
SQ:XAUUSD,2020-04-13T22:33:00+02:00,1715.710,1715.720,1715.670,1715.710,5
SQ:XAUUSD,2020-04-13T22:34:00+02:00,1715.650,1716.230,1715.400,1715.690,10
SQ:XAUUSD,2020-04-13T22:35:00+02:00,1715.710,1715.740,1715.700,1715.740,4
SQ:XAUUSD,2020-04-13T22:36:00+02:00,1715.710,1715.710,1715.180,1715.570,33
SQ:XAUUSD,2020-04-13T22:37:00+02:00,1715.570,1716.020,1715.260,1715.630,17
SQ:XAUUSD,2020-04-13T22:38:00+02:00,1715.630,1716.040,1715.440,1715.950,19
SQ:XAUUSD,2020-04-13T22:39:00+02:00,1715.950,1716.150,1715.920,1716.070,15
SQ:XAUUSD,2020-04-13T22:40:00+02:00,1716.070,1716.270,1716.020,1716.020,24
SQ:XAUUSD,2020-04-13T22:41:00+02:00,1716.020,1716.060,1715.160,1715.480,26
SQ:XAUUSD,2020-04-13T22:42:00+02:00,1715.430,1715.850,1715.430,1715.720,23
SQ:XAUUSD,2020-04-13T22:43:00+02:00,1715.720,1715.870,1715.710,1715.810,10
SQ:XAUUSD,2020-04-13T22:44:00+02:00,1715.810,1716.260,1715.770,1716.260,30
SQ:XAUUSD,2020-04-13T22:45:00+02:00,1716.260,1716.340,1715.430,1715.490,20
SQ:XAUUSD,2020-04-13T22:46:00+02:00,1715.490,1715.490,1715.240,1715.450,19
SQ:XAUUSD,2020-04-13T22:47:00+02:00,1715.830,1716.180,1715.790,1716.030,16
SQ:XAUUSD,2020-04-13T22:48:00+02:00,1716.050,1716.270,1715.750,1715.830,19
SQ:XAUUSD,2020-04-13T22:49:00+02:00,1715.830,1715.880,1714.780,1715.040,38
SQ:XAUUSD,2020-04-13T22:50:00+02:00,1715.080,1715.500,1713.050,1713.460,92
SQ:XAUUSD,2020-04-13T22:51:00+02:00,1713.420,1714.320,1710.720,1712.990,49
SQ:XAUUSD,2020-04-13T22:52:00+02:00,1712.500,1713.270,1712.480,1713.260,27
SQ:XAUUSD,2020-04-13T22:53:00+02:00,1713.260,1713.370,1711.770,1711.770,21
SQ:XAUUSD,2020-04-13T22:54:00+02:00,1711.770,1712.240,1711.420,1711.530,32
SQ:XAUUSD,2020-04-14T00:00:00+02:00,1710.624,1710.624,1710.624,1710.624,1
SQ:XAUUSD,2020-04-14T00:01:00+02:00,1713.350,1713.980,1710.604,1713.920,33
SQ:XAUUSD,2020-04-14T00:02:00+02:00,1713.920,1714.790,1711.570,1714.790,19
SQ:XAUUSD,2020-04-14T00:03:00+02:00,1714.800,1714.820,1711.660,1712.790,28
SQ:XAUUSD,2020-04-14T00:04:00+02:00,1712.790,1713.570,1712.790,1713.420,20
SQ:XAUUSD,2020-04-14T00:05:00+02:00,1713.820,1713.980,1713.720,1713.720,16
SQ:XAUUSD,2020-04-14T00:06:00+02:00,1713.670,1713.670,1711.670,1711.670,14
SQ:XAUUSD,2020-04-14T00:07:00+02:00,1711.670,1712.110,1711.670,1711.920,9
SQ:XAUUSD,2020-04-14T00:08:00+02:00,1711.920,1713.300,1711.710,1713.300,10
SQ:XAUUSD,2020-04-14T00:09:00+02:00,1713.250,1713.250,1711.260,1711.300,20
SQ:XAUUSD,2020-04-14T00:10:00+02:00,1711.300,1711.820,1710.670,1711.820,25
SQ:XAUUSD,2020-04-14T00:11:00+02:00,1711.820,1712.990,1711.610,1712.720,36
SQ:XAUUSD,2020-04-14T00:12:00+02:00,1712.440,1712.440,1710.960,1711.190,15
SQ:XAUUSD,2020-04-14T00:13:00+02:00,1711.390,1712.350,1711.390,1712.050,27
SQ:XAUUSD,2020-04-14T00:14:00+02:00,1712.050,1712.100,1711.400,1711.620,22
SQ:XAUUSD,2020-04-14T00:15:00+02:00,1711.660,1712.360,1711.660,1712.360,26
SQ:XAUUSD,2020-04-14T00:16:00+02:00,1712.470,1712.860,1712.300,1712.640,33
SQ:XAUUSD,2020-04-14T00:17:00+02:00,1712.620,1712.680,1712.460,1712.480,13
SQ:XAUUSD,2020-04-14T00:18:00+02:00,1712.420,1713.750,1712.050,1712.150,13
SQ:XAUUSD,2020-04-14T00:19:00+02:00,1712.140,1712.690,1712.140,1712.660,12
SQ:XAUUSD,2020-04-14T00:20:00+02:00,1712.740,1715.270,1712.740,1713.560,50
SQ:XAUUSD,2020-04-14T00:21:00+02:00,1713.560,1713.560,1713.120,1713.330,19
SQ:XAUUSD,2020-04-14T00:22:00+02:00,1713.330,1714.510,1712.510,1714.280,42
SQ:XAUUSD,2020-04-14T00:23:00+02:00,1714.220,1714.220,1713.520,1713.520,30
SQ:XAUUSD,2020-04-14T00:24:00+02:00,1713.560,1714.000,1713.410,1713.990,24
SQ:XAUUSD,2020-04-14T00:25:00+02:00,1713.960,1714.160,1713.930,1714.120,12
SQ:XAUUSD,2020-04-14T00:26:00+02:00,1714.120,1714.250,1714.060,1714.210,6
SQ:XAUUSD,2020-04-14T00:27:00+02:00,1714.210,1714.320,1714.040,1714.040,23
SQ:XAUUSD,2020-04-14T00:28:00+02:00,1714.100,1714.280,1713.860,1714.080,21
SQ:XAUUSD,2020-04-14T00:29:00+02:00,1714.070,1714.350,1714.060,1714.160,13
SQ:XAUUSD,2020-04-14T00:30:00+02:00,1714.160,1714.820,1714.160,1714.690,39
SQ:XAUUSD,2020-04-14T00:31:00+02:00,1714.720,1714.950,1714.720,1714.770,18
SQ:XAUUSD,2020-04-14T00:32:00+02:00,1714.770,1714.770,1713.770,1714.170,44
SQ:XAUUSD,2020-04-14T00:33:00+02:00,1714.030,1714.180,1713.880,1714.150,19
SQ:XAUUSD,2020-04-14T00:34:00+02:00,1714.150,1714.440,1714.030,1714.380,16
SQ:XAUUSD,2020-04-14T00:35:00+02:00,1714.420,1714.810,1714.010,1714.770,33
SQ:XAUUSD,2020-04-14T00:36:00+02:00,1714.770,1714.930,1714.750,1714.810,20
SQ:XAUUSD,2020-04-14T00:37:00+02:00,1714.770,1714.800,1713.890,1714.070,28
SQ:XAUUSD,2020-04-14T00:38:00+02:00,1714.070,1714.070,1713.710,1714.040,12
SQ:XAUUSD,2020-04-14T00:39:00+02:00,1713.610,1714.520,1712.790,1714.290,21
SQ:XAUUSD,2020-04-14T00:40:00+02:00,1714.340,1714.780,1714.150,1714.740,29
SQ:XAUUSD,2020-04-14T00:41:00+02:00,1714.740,1714.810,1714.470,1714.530,25
SQ:XAUUSD,2020-04-14T00:42:00+02:00,1714.530,1714.690,1714.390,1714.500,30
SQ:XAUUSD,2020-04-14T00:43:00+02:00,1714.560,1714.880,1714.560,1714.710,16
SQ:XAUUSD,2020-04-14T00:44:00+02:00,1714.750,1715.160,1714.630,1715.030,37
SQ:XAUUSD,2020-04-14T00:45:00+02:00,1715.070,1715.480,1714.850,1715.190,41
SQ:XAUUSD,2020-04-14T00:46:00+02:00,1715.110,1715.560,1714.770,1714.770,51
SQ:XAUUSD,2020-04-14T00:47:00+02:00,1714.850,1715.420,1714.670,1715.230,47
SQ:XAUUSD,2020-04-14T00:48:00+02:00,1715.200,1715.200,1714.130,1714.340,26
SQ:XAUUSD,2020-04-14T00:49:00+02:00,1714.560,1714.560,1713.820,1713.890,26
SQ:XAUUSD,2020-04-14T00:50:00+02:00,1713.890,1713.930,1713.660,1713.740,23
SQ:XAUUSD,2020-04-14T00:51:00+02:00,1713.700,1713.760,1713.570,1713.650,22
SQ:XAUUSD,2020-04-14T00:52:00+02:00,1713.690,1714.480,1713.640,1714.200,38
SQ:XAUUSD,2020-04-14T00:53:00+02:00,1714.200,1716.090,1714.200,1716.040,63
SQ:XAUUSD,2020-04-14T00:54:00+02:00,1716.040,1716.670,1715.900,1716.150,77
SQ:XAUUSD,2020-04-14T00:55:00+02:00,1716.230,1716.850,1715.364,1716.850,68
SQ:XAUUSD,2020-04-14T00:56:00+02:00,1716.890,1717.230,1715.860,1716.510,62
SQ:XAUUSD,2020-04-14T00:57:00+02:00,1716.510,1717.020,1715.910,1716.320,42
SQ:XAUUSD,2020-04-14T00:58:00+02:00,1716.250,1716.830,1715.460,1716.180,62
SQ:XAUUSD,2020-04-14T00:59:00+02:00,1716.330,1716.430,1716.010,1716.430,34
SQ:XAUUSD,2020-04-14T01:00:00+02:00,1716.420,1717.510,1715.940,1717.460,66
SQ:XAUUSD,2020-04-14T01:01:00+02:00,1717.520,1718.390,1717.270,1718.050,79
SQ:XAUUSD,2020-04-14T01:02:00+02:00,1718.050,1718.620,1717.960,1718.170,63
SQ:XAUUSD,2020-04-14T01:03:00+02:00,1718.170,1718.650,1717.620,1717.680,53
SQ:XAUUSD,2020-04-14T01:04:00+02:00,1717.560,1718.250,1717.440,1718.250,27
SQ:XAUUSD,2020-04-14T01:05:00+02:00,1718.290,1719.830,1718.240,1718.660,73
SQ:XAUUSD,2020-04-14T01:06:00+02:00,1718.760,1719.660,1718.280,1718.280,61
SQ:XAUUSD,2020-04-14T01:07:00+02:00,1718.240,1718.240,1716.800,1717.020,64
SQ:XAUUSD,2020-04-14T01:08:00+02:00,1716.990,1718.080,1716.710,1717.880,49
SQ:XAUUSD,2020-04-14T01:09:00+02:00,1717.880,1718.450,1717.880,1718.430,32
SQ:XAUUSD,2020-04-14T01:10:00+02:00,1718.480,1718.640,1718.140,1718.240,43
SQ:XAUUSD,2020-04-14T01:11:00+02:00,1718.290,1718.330,1717.170,1717.600,44
SQ:XAUUSD,2020-04-14T01:12:00+02:00,1717.600,1717.670,1716.410,1717.260,73
SQ:XAUUSD,2020-04-14T01:13:00+02:00,1717.280,1717.520,1716.610,1716.720,54
SQ:XAUUSD,2020-04-14T01:14:00+02:00,1716.720,1718.140,1716.720,1717.600,37
SQ:XAUUSD,2020-04-14T01:15:00+02:00,1717.570,1718.700,1717.540,1718.220,42
SQ:XAUUSD,2020-04-14T01:16:00+02:00,1718.220,1718.290,1717.750,1718.270,28
SQ:XAUUSD,2020-04-14T01:17:00+02:00,1718.270,1718.270,1717.810,1717.950,18
SQ:XAUUSD,2020-04-14T01:18:00+02:00,1717.910,1718.010,1717.500,1717.590,19
SQ:XAUUSD,2020-04-14T01:19:00+02:00,1717.630,1717.810,1717.140,1717.300,26
SQ:XAUUSD,2020-04-14T01:20:00+02:00,1717.300,1717.500,1717.120,1717.190,24
SQ:XAUUSD,2020-04-14T01:21:00+02:00,1717.080,1717.680,1716.990,1717.280,29
SQ:XAUUSD,2020-04-14T01:22:00+02:00,1717.410,1718.080,1717.190,1718.080,24
SQ:XAUUSD,2020-04-14T01:23:00+02:00,1718.080,1718.080,1717.320,1717.550,20
SQ:XAUUSD,2020-04-14T01:24:00+02:00,1717.550,1717.620,1717.000,1717.420,27
SQ:XAUUSD,2020-04-14T01:25:00+02:00,1717.370,1718.290,1717.370,1718.290,26
SQ:XAUUSD,2020-04-14T01:26:00+02:00,1718.290,1718.730,1718.290,1718.530,17
SQ:XAUUSD,2020-04-14T01:27:00+02:00,1718.490,1718.490,1717.730,1718.390,25
SQ:XAUUSD,2020-04-14T01:28:00+02:00,1718.060,1718.090,1716.950,1717.220,47
SQ:XAUUSD,2020-04-14T01:29:00+02:00,1717.220,1717.690,1717.220,1717.640,19
SQ:XAUUSD,2020-04-14T01:30:00+02:00,1717.470,1717.470,1716.720,1717.060,40
SQ:XAUUSD,2020-04-14T01:31:00+02:00,1717.060,1717.060,1716.440,1716.560,49
SQ:XAUUSD,2020-04-14T01:32:00+02:00,1716.520,1717.040,1716.520,1716.560,34
SQ:XAUUSD,2020-04-14T01:33:00+02:00,1716.530,1716.740,1715.250,1715.530,53
SQ:XAUUSD,2020-04-14T01:34:00+02:00,1715.550,1716.030,1715.550,1715.850,33
SQ:XAUUSD,2020-04-14T01:35:00+02:00,1715.870,1716.570,1715.710,1716.000,21
SQ:XAUUSD,2020-04-14T01:36:00+02:00,1716.080,1716.800,1716.060,1716.060,13
SQ:XAUUSD,2020-04-14T01:37:00+02:00,1716.060,1716.090,1715.730,1715.730,15
SQ:XAUUSD,2020-04-14T01:38:00+02:00,1715.730,1715.730,1715.180,1715.310,53
SQ:XAUUSD,2020-04-14T01:39:00+02:00,1715.280,1715.850,1715.170,1715.720,39
SQ:XAUUSD,2020-04-14T01:40:00+02:00,1715.770,1716.090,1715.710,1716.090,18
SQ:XAUUSD,2020-04-14T01:41:00+02:00,1716.100,1716.100,1715.990,1716.060,8
SQ:XAUUSD,2020-04-14T01:42:00+02:00,1716.060,1716.180,1715.510,1715.510,20
SQ:XAUUSD,2020-04-14T01:43:00+02:00,1715.510,1715.960,1715.200,1715.390,30
SQ:XAUUSD,2020-04-14T01:44:00+02:00,1715.380,1715.880,1715.190,1715.880,23
SQ:XAUUSD,2020-04-14T01:45:00+02:00,1715.850,1716.820,1715.730,1716.630,68
SQ:XAUUSD,2020-04-14T01:46:00+02:00,1716.630,1716.630,1715.460,1715.680,42
SQ:XAUUSD,2020-04-14T01:47:00+02:00,1715.660,1717.352,1715.660,1716.750,81
SQ:XAUUSD,2020-04-14T01:48:00+02:00,1716.750,1718.930,1716.750,1718.890,83
SQ:XAUUSD,2020-04-14T01:49:00+02:00,1718.970,1719.230,1718.170,1718.800,94
SQ:XAUUSD,2020-04-14T01:50:00+02:00,1718.800,1720.210,1718.530,1719.590,88
SQ:XAUUSD,2020-04-14T01:51:00+02:00,1719.330,1719.510,1717.280,1717.440,58
SQ:XAUUSD,2020-04-14T01:52:00+02:00,1717.510,1717.980,1717.510,1717.650,24
SQ:XAUUSD,2020-04-14T01:53:00+02:00,1717.680,1718.650,1717.510,1718.640,33
SQ:XAUUSD,2020-04-14T01:54:00+02:00,1718.570,1718.580,1717.830,1717.840,33
SQ:XAUUSD,2020-04-14T01:55:00+02:00,1717.900,1719.724,1717.740,1718.200,53
SQ:XAUUSD,2020-04-14T01:56:00+02:00,1718.200,1718.200,1716.540,1716.540,68
SQ:XAUUSD,2020-04-14T01:57:00+02:00,1716.540,1716.740,1716.150,1716.600,52
SQ:XAUUSD,2020-04-14T01:58:00+02:00,1716.600,1717.200,1716.590,1716.640,27
SQ:XAUUSD,2020-04-14T01:59:00+02:00,1716.610,1716.750,1716.090,1716.450,28
SQ:XAUUSD,2020-04-14T02:00:00+02:00,1716.410,1717.050,1716.330,1716.850,29
SQ:XAUUSD,2020-04-14T02:01:00+02:00,1716.850,1717.710,1716.830,1717.700,35
SQ:XAUUSD,2020-04-14T02:02:00+02:00,1717.700,1718.500,1717.700,1718.040,55
SQ:XAUUSD,2020-04-14T02:03:00+02:00,1718.060,1719.490,1717.980,1718.180,126
SQ:XAUUSD,2020-04-14T02:04:00+02:00,1718.080,1719.230,1717.920,1717.990,137
SQ:XAUUSD,2020-04-14T02:05:00+02:00,1718.040,1718.570,1717.680,1718.280,65
SQ:XAUUSD,2020-04-14T02:06:00+02:00,1718.290,1718.490,1717.890,1718.300,40
SQ:XAUUSD,2020-04-14T02:07:00+02:00,1718.010,1718.400,1718.010,1718.270,30
SQ:XAUUSD,2020-04-14T02:08:00+02:00,1718.060,1719.220,1718.060,1718.780,102
SQ:XAUUSD,2020-04-14T02:09:00+02:00,1718.780,1719.520,1718.390,1718.990,83
SQ:XAUUSD,2020-04-14T02:10:00+02:00,1718.940,1719.260,1718.420,1718.990,87
SQ:XAUUSD,2020-04-14T02:11:00+02:00,1718.960,1721.060,1718.780,1719.340,92
SQ:XAUUSD,2020-04-14T02:12:00+02:00,1719.380,1721.330,1719.380,1720.510,95
SQ:XAUUSD,2020-04-14T02:13:00+02:00,1720.510,1723.570,1720.240,1720.650,161
SQ:XAUUSD,2020-04-14T02:14:00+02:00,1720.560,1722.414,1719.450,1719.890,101
SQ:XAUUSD,2020-04-14T02:15:00+02:00,1719.730,1721.488,1719.060,1720.040,87
SQ:XAUUSD,2020-04-14T02:16:00+02:00,1720.040,1720.808,1719.030,1719.140,49
SQ:XAUUSD,2020-04-14T02:17:00+02:00,1719.140,1720.440,1719.070,1719.630,57
SQ:XAUUSD,2020-04-14T02:18:00+02:00,1719.720,1719.920,1716.610,1717.070,92
SQ:XAUUSD,2020-04-14T02:19:00+02:00,1717.050,1719.518,1717.050,1717.520,92
SQ:XAUUSD,2020-04-14T02:20:00+02:00,1717.520,1717.620,1716.540,1717.320,37
SQ:XAUUSD,2020-04-14T02:21:00+02:00,1717.320,1718.040,1716.850,1716.920,55
SQ:XAUUSD,2020-04-14T02:22:00+02:00,1716.920,1716.920,1716.040,1716.400,64
SQ:XAUUSD,2020-04-14T02:23:00+02:00,1716.370,1718.490,1716.370,1718.220,41
SQ:XAUUSD,2020-04-14T02:24:00+02:00,1718.270,1719.410,1716.360,1717.030,62
SQ:XAUUSD,2020-04-14T02:25:00+02:00,1717.030,1717.170,1715.530,1715.810,74
SQ:XAUUSD,2020-04-14T02:26:00+02:00,1715.830,1716.140,1715.500,1715.990,55
SQ:XAUUSD,2020-04-14T02:27:00+02:00,1715.950,1716.640,1715.540,1715.950,44
SQ:XAUUSD,2020-04-14T02:28:00+02:00,1715.950,1716.200,1715.530,1715.550,25
SQ:XAUUSD,2020-04-14T02:29:00+02:00,1715.550,1716.418,1713.990,1714.680,77
SQ:XAUUSD,2020-04-14T02:30:00+02:00,1714.650,1715.748,1714.280,1714.550,67
SQ:XAUUSD,2020-04-14T02:31:00+02:00,1714.550,1715.500,1714.550,1715.320,37
SQ:XAUUSD,2020-04-14T02:32:00+02:00,1715.320,1715.780,1715.020,1715.140,31
SQ:XAUUSD,2020-04-14T02:33:00+02:00,1715.140,1716.070,1715.140,1715.780,61
SQ:XAUUSD,2020-04-14T02:34:00+02:00,1715.770,1716.030,1715.470,1715.510,29
SQ:XAUUSD,2020-04-14T02:35:00+02:00,1715.410,1715.630,1714.950,1714.960,36
SQ:XAUUSD,2020-04-14T02:36:00+02:00,1714.920,1716.640,1714.760,1716.260,46
SQ:XAUUSD,2020-04-14T02:37:00+02:00,1716.100,1716.660,1715.880,1716.130,64
SQ:XAUUSD,2020-04-14T02:38:00+02:00,1716.130,1716.730,1715.890,1716.160,63
SQ:XAUUSD,2020-04-14T02:39:00+02:00,1715.800,1715.900,1715.270,1715.700,57
SQ:XAUUSD,2020-04-14T02:40:00+02:00,1715.700,1716.070,1715.700,1715.860,28
SQ:XAUUSD,2020-04-14T02:41:00+02:00,1715.810,1716.340,1715.710,1716.340,24
SQ:XAUUSD,2020-04-14T02:42:00+02:00,1716.340,1716.586,1715.410,1715.430,31
SQ:XAUUSD,2020-04-14T02:43:00+02:00,1715.480,1715.680,1714.590,1715.060,80
SQ:XAUUSD,2020-04-14T02:44:00+02:00,1715.060,1716.180,1714.360,1714.650,48
SQ:XAUUSD,2020-04-14T02:45:00+02:00,1714.650,1715.170,1714.450,1714.960,12
SQ:XAUUSD,2020-04-14T02:46:00+02:00,1715.020,1715.370,1715.020,1715.180,19
SQ:XAUUSD,2020-04-14T02:47:00+02:00,1715.160,1715.200,1714.740,1714.750,16
SQ:XAUUSD,2020-04-14T02:48:00+02:00,1714.750,1715.310,1714.700,1715.310,8
SQ:XAUUSD,2020-04-14T02:49:00+02:00,1715.310,1716.120,1714.980,1716.090,24
SQ:XAUUSD,2020-04-14T02:50:00+02:00,1716.018,1716.018,1715.470,1715.640,36
SQ:XAUUSD,2020-04-14T02:51:00+02:00,1715.640,1715.760,1715.380,1715.550,38
SQ:XAUUSD,2020-04-14T02:52:00+02:00,1715.550,1715.950,1715.550,1715.800,36
SQ:XAUUSD,2020-04-14T02:53:00+02:00,1715.840,1715.840,1714.510,1714.960,63
SQ:XAUUSD,2020-04-14T02:54:00+02:00,1715.000,1715.280,1714.710,1714.970,73
SQ:XAUUSD,2020-04-14T02:55:00+02:00,1715.000,1717.040,1715.000,1717.040,110
SQ:XAUUSD,2020-04-14T02:56:00+02:00,1717.080,1717.080,1715.590,1715.670,85
SQ:XAUUSD,2020-04-14T02:57:00+02:00,1715.650,1716.436,1715.498,1716.130,60
SQ:XAUUSD,2020-04-14T02:58:00+02:00,1716.160,1716.440,1715.880,1716.100,34
SQ:XAUUSD,2020-04-14T02:59:00+02:00,1716.100,1716.560,1714.800,1715.260,133
SQ:XAUUSD,2020-04-14T03:00:00+02:00,1715.260,1716.330,1714.370,1714.750,229
SQ:XAUUSD,2020-04-14T03:01:00+02:00,1714.940,1716.800,1714.670,1716.590,154
SQ:XAUUSD,2020-04-14T03:02:00+02:00,1716.620,1717.190,1715.650,1715.710,137
SQ:XAUUSD,2020-04-14T03:03:00+02:00,1715.710,1715.910,1714.900,1715.580,86
SQ:XAUUSD,2020-04-14T03:04:00+02:00,1715.580,1715.640,1714.310,1714.770,75
SQ:XAUUSD,2020-04-14T03:05:00+02:00,1714.640,1715.630,1714.350,1715.110,92
SQ:XAUUSD,2020-04-14T03:06:00+02:00,1715.180,1716.650,1715.180,1716.190,94
SQ:XAUUSD,2020-04-14T03:07:00+02:00,1716.240,1716.390,1715.810,1716.170,77
SQ:XAUUSD,2020-04-14T03:08:00+02:00,1716.130,1716.660,1715.260,1716.210,60
SQ:XAUUSD,2020-04-14T03:09:00+02:00,1716.270,1716.270,1715.630,1715.630,71
SQ:XAUUSD,2020-04-14T03:10:00+02:00,1715.590,1716.310,1715.350,1716.200,85
SQ:XAUUSD,2020-04-14T03:11:00+02:00,1716.200,1716.240,1715.640,1715.920,59
SQ:XAUUSD,2020-04-14T03:12:00+02:00,1715.880,1716.010,1715.530,1715.570,41
SQ:XAUUSD,2020-04-14T03:13:00+02:00,1715.620,1715.930,1715.000,1715.220,48
SQ:XAUUSD,2020-04-14T03:14:00+02:00,1715.260,1715.830,1714.930,1715.620,51
SQ:XAUUSD,2020-04-14T03:15:00+02:00,1715.660,1715.940,1715.570,1715.570,46
SQ:XAUUSD,2020-04-14T03:16:00+02:00,1715.520,1715.590,1714.980,1715.490,45
SQ:XAUUSD,2020-04-14T03:17:00+02:00,1715.490,1716.220,1715.470,1715.580,56
SQ:XAUUSD,2020-04-14T03:18:00+02:00,1715.560,1715.970,1715.480,1715.560,67
SQ:XAUUSD,2020-04-14T03:19:00+02:00,1715.790,1716.030,1715.540,1715.950,43
SQ:XAUUSD,2020-04-14T03:20:00+02:00,1715.950,1715.970,1715.300,1715.480,45
SQ:XAUUSD,2020-04-14T03:21:00+02:00,1715.440,1715.770,1715.300,1715.660,62
SQ:XAUUSD,2020-04-14T03:22:00+02:00,1715.590,1715.690,1714.330,1714.480,74
SQ:XAUUSD,2020-04-14T03:23:00+02:00,1714.560,1714.780,1714.330,1714.780,80
SQ:XAUUSD,2020-04-14T03:24:00+02:00,1714.740,1714.940,1714.430,1714.450,37
SQ:XAUUSD,2020-04-14T03:25:00+02:00,1714.450,1715.070,1714.410,1715.070,47
SQ:XAUUSD,2020-04-14T03:26:00+02:00,1714.970,1716.038,1714.810,1714.950,41
SQ:XAUUSD,2020-04-14T03:27:00+02:00,1714.950,1715.000,1714.810,1714.850,20
SQ:XAUUSD,2020-04-14T03:28:00+02:00,1714.850,1715.336,1714.810,1714.970,40
SQ:XAUUSD,2020-04-14T03:29:00+02:00,1714.960,1715.406,1714.910,1715.370,36
SQ:XAUUSD,2020-04-14T03:30:00+02:00,1715.370,1715.468,1714.640,1715.010,57
SQ:XAUUSD,2020-04-14T03:31:00+02:00,1714.940,1714.950,1714.390,1714.850,74
SQ:XAUUSD,2020-04-14T03:32:00+02:00,1714.850,1715.460,1714.850,1715.270,55
SQ:XAUUSD,2020-04-14T03:33:00+02:00,1715.270,1717.610,1715.060,1716.550,143
SQ:XAUUSD,2020-04-14T03:34:00+02:00,1716.550,1716.680,1715.950,1716.120,60
SQ:XAUUSD,2020-04-14T03:35:00+02:00,1716.250,1716.440,1716.070,1716.120,27
SQ:XAUUSD,2020-04-14T03:36:00+02:00,1716.120,1718.240,1715.820,1718.090,114
SQ:XAUUSD,2020-04-14T03:37:00+02:00,1718.150,1718.280,1717.070,1717.150,175
SQ:XAUUSD,2020-04-14T03:38:00+02:00,1717.180,1717.678,1716.030,1716.070,78
SQ:XAUUSD,2020-04-14T03:39:00+02:00,1716.050,1717.010,1716.040,1716.960,46
SQ:XAUUSD,2020-04-14T03:40:00+02:00,1716.960,1718.140,1716.960,1717.690,119
SQ:XAUUSD,2020-04-14T03:41:00+02:00,1717.640,1718.180,1716.890,1718.120,95
SQ:XAUUSD,2020-04-14T03:42:00+02:00,1718.120,1718.440,1717.520,1718.050,67
SQ:XAUUSD,2020-04-14T03:43:00+02:00,1717.990,1718.500,1717.700,1718.500,72
SQ:XAUUSD,2020-04-14T03:44:00+02:00,1718.550,1718.620,1717.920,1718.130,84
SQ:XAUUSD,2020-04-14T03:45:00+02:00,1718.170,1718.210,1717.930,1718.210,46
SQ:XAUUSD,2020-04-14T03:46:00+02:00,1718.150,1718.640,1717.820,1718.620,88
SQ:XAUUSD,2020-04-14T03:47:00+02:00,1718.620,1719.320,1717.590,1718.540,106
SQ:XAUUSD,2020-04-14T03:48:00+02:00,1718.510,1718.770,1718.170,1718.730,59
SQ:XAUUSD,2020-04-14T03:49:00+02:00,1718.700,1719.540,1717.600,1719.460,163
SQ:XAUUSD,2020-04-14T03:50:00+02:00,1718.300,1720.680,1718.300,1720.520,167
SQ:XAUUSD,2020-04-14T03:51:00+02:00,1720.520,1720.810,1720.190,1720.690,59
SQ:XAUUSD,2020-04-14T03:52:00+02:00,1720.690,1721.470,1720.200,1720.560,135
SQ:XAUUSD,2020-04-14T03:53:00+02:00,1720.560,1721.200,1719.920,1720.330,75
SQ:XAUUSD,2020-04-14T03:54:00+02:00,1720.330,1723.140,1720.330,1722.130,131
SQ:XAUUSD,2020-04-14T03:55:00+02:00,1722.130,1723.600,1721.450,1723.200,91
SQ:XAUUSD,2020-04-14T03:56:00+02:00,1723.260,1724.420,1722.830,1723.070,140
SQ:XAUUSD,2020-04-14T03:57:00+02:00,1723.110,1723.640,1722.980,1723.180,167
SQ:XAUUSD,2020-04-14T03:58:00+02:00,1723.180,1723.860,1723.050,1723.260,76
SQ:XAUUSD,2020-04-14T03:59:00+02:00,1723.260,1723.790,1722.350,1722.570,79
SQ:XAUUSD,2020-04-14T04:00:00+02:00,1722.570,1724.370,1722.570,1722.960,39
SQ:XAUUSD,2020-04-14T04:01:00+02:00,1722.990,1723.730,1721.370,1721.660,75
SQ:XAUUSD,2020-04-14T04:02:00+02:00,1721.610,1722.460,1721.060,1721.670,57
SQ:XAUUSD,2020-04-14T04:03:00+02:00,1721.720,1722.910,1721.360,1722.910,85
SQ:XAUUSD,2020-04-14T04:04:00+02:00,1722.930,1722.930,1720.880,1720.880,87
SQ:XAUUSD,2020-04-14T04:05:00+02:00,1720.850,1722.390,1720.800,1722.040,97
SQ:XAUUSD,2020-04-14T04:06:00+02:00,1721.970,1722.320,1721.490,1722.030,38
SQ:XAUUSD,2020-04-14T04:07:00+02:00,1722.030,1723.790,1722.030,1722.890,37
SQ:XAUUSD,2020-04-14T04:08:00+02:00,1722.890,1722.980,1722.430,1722.980,15
SQ:XAUUSD,2020-04-14T04:09:00+02:00,1722.980,1723.340,1722.730,1722.730,18
SQ:XAUUSD,2020-04-14T04:10:00+02:00,1722.730,1723.590,1722.320,1723.530,56
SQ:XAUUSD,2020-04-14T04:11:00+02:00,1723.320,1723.860,1723.320,1723.790,59
SQ:XAUUSD,2020-04-14T04:12:00+02:00,1723.790,1724.160,1722.820,1722.880,50
SQ:XAUUSD,2020-04-14T04:13:00+02:00,1722.770,1722.988,1722.710,1722.910,28
SQ:XAUUSD,2020-04-14T04:14:00+02:00,1722.910,1723.320,1722.680,1723.140,12
SQ:XAUUSD,2020-04-14T04:15:00+02:00,1723.140,1723.950,1722.400,1722.400,42
SQ:XAUUSD,2020-04-14T04:16:00+02:00,1722.460,1723.160,1722.000,1723.110,43
SQ:XAUUSD,2020-04-14T04:17:00+02:00,1723.060,1723.250,1722.740,1723.160,73
SQ:XAUUSD,2020-04-14T04:18:00+02:00,1723.160,1723.360,1722.440,1722.530,25
SQ:XAUUSD,2020-04-14T04:19:00+02:00,1722.520,1723.950,1722.460,1722.580,22
SQ:XAUUSD,2020-04-14T04:20:00+02:00,1722.580,1724.070,1722.580,1723.060,38
SQ:XAUUSD,2020-04-14T04:21:00+02:00,1723.150,1723.150,1722.420,1722.660,32
SQ:XAUUSD,2020-04-14T04:22:00+02:00,1722.660,1723.100,1722.660,1722.970,31
SQ:XAUUSD,2020-04-14T04:23:00+02:00,1722.970,1722.970,1722.420,1722.440,21
SQ:XAUUSD,2020-04-14T04:24:00+02:00,1722.490,1723.050,1722.250,1722.980,25
SQ:XAUUSD,2020-04-14T04:25:00+02:00,1722.980,1722.980,1722.280,1722.300,42
SQ:XAUUSD,2020-04-14T04:26:00+02:00,1722.400,1722.440,1722.080,1722.380,19
SQ:XAUUSD,2020-04-14T04:27:00+02:00,1722.410,1723.370,1722.380,1723.340,48
SQ:XAUUSD,2020-04-14T04:28:00+02:00,1723.350,1723.350,1722.390,1722.460,40
SQ:XAUUSD,2020-04-14T04:29:00+02:00,1722.460,1722.740,1722.350,1722.740,19
SQ:XAUUSD,2020-04-14T04:30:00+02:00,1722.740,1724.400,1722.540,1723.570,76
SQ:XAUUSD,2020-04-14T04:31:00+02:00,1723.570,1724.960,1722.180,1724.080,199
SQ:XAUUSD,2020-04-14T04:32:00+02:00,1724.080,1724.210,1722.670,1723.630,102
SQ:XAUUSD,2020-04-14T04:33:00+02:00,1723.670,1724.580,1723.190,1723.850,124
SQ:XAUUSD,2020-04-14T04:34:00+02:00,1723.750,1725.030,1722.740,1723.170,59
SQ:XAUUSD,2020-04-14T04:35:00+02:00,1723.200,1723.240,1721.950,1722.360,51
SQ:XAUUSD,2020-04-14T04:36:00+02:00,1722.410,1722.590,1722.100,1722.210,63
SQ:XAUUSD,2020-04-14T04:37:00+02:00,1722.260,1725.380,1722.260,1725.000,170
SQ:XAUUSD,2020-04-14T04:38:00+02:00,1725.000,1725.150,1722.580,1723.390,75
SQ:XAUUSD,2020-04-14T04:39:00+02:00,1723.390,1723.390,1721.810,1722.050,59
SQ:XAUUSD,2020-04-14T04:40:00+02:00,1722.050,1722.300,1722.040,1722.270,18
SQ:XAUUSD,2020-04-14T04:41:00+02:00,1722.210,1722.440,1721.890,1722.240,22
SQ:XAUUSD,2020-04-14T04:42:00+02:00,1722.240,1722.370,1721.930,1722.140,22
SQ:XAUUSD,2020-04-14T04:43:00+02:00,1722.140,1722.290,1721.870,1722.240,13
SQ:XAUUSD,2020-04-14T04:44:00+02:00,1722.240,1722.250,1721.400,1721.880,43
SQ:XAUUSD,2020-04-14T04:45:00+02:00,1721.750,1721.810,1721.030,1721.070,43
SQ:XAUUSD,2020-04-14T04:46:00+02:00,1721.070,1721.500,1721.070,1721.490,16
SQ:XAUUSD,2020-04-14T04:47:00+02:00,1721.490,1722.040,1721.180,1722.040,14
SQ:XAUUSD,2020-04-14T04:48:00+02:00,1721.300,1723.020,1720.730,1721.400,41
SQ:XAUUSD,2020-04-14T04:49:00+02:00,1721.440,1722.320,1721.150,1721.930,61
SQ:XAUUSD,2020-04-14T04:50:00+02:00,1721.850,1722.060,1720.900,1721.940,63
SQ:XAUUSD,2020-04-14T04:51:00+02:00,1721.870,1721.870,1719.810,1720.230,80
SQ:XAUUSD,2020-04-14T04:52:00+02:00,1720.300,1721.498,1720.110,1721.310,57
SQ:XAUUSD,2020-04-14T04:53:00+02:00,1721.240,1721.810,1720.810,1721.500,55
SQ:XAUUSD,2020-04-14T04:54:00+02:00,1721.420,1722.010,1721.370,1721.890,58
SQ:XAUUSD,2020-04-14T04:55:00+02:00,1721.870,1722.770,1721.750,1722.410,57
SQ:XAUUSD,2020-04-14T04:56:00+02:00,1722.380,1722.930,1721.440,1721.490,47
SQ:XAUUSD,2020-04-14T04:57:00+02:00,1721.490,1721.790,1720.680,1720.830,84
SQ:XAUUSD,2020-04-14T04:58:00+02:00,1720.830,1721.240,1719.960,1719.960,63
SQ:XAUUSD,2020-04-14T04:59:00+02:00,1720.420,1720.750,1720.140,1720.530,53
SQ:XAUUSD,2020-04-14T05:00:00+02:00,1720.530,1720.630,1719.890,1720.480,38
SQ:XAUUSD,2020-04-14T05:01:00+02:00,1720.480,1723.780,1720.370,1721.640,98
SQ:XAUUSD,2020-04-14T05:02:00+02:00,1721.640,1724.110,1721.390,1721.700,119
SQ:XAUUSD,2020-04-14T05:03:00+02:00,1721.810,1721.810,1721.140,1721.320,50
SQ:XAUUSD,2020-04-14T05:04:00+02:00,1721.320,1722.200,1721.250,1721.790,78
SQ:XAUUSD,2020-04-14T05:05:00+02:00,1721.790,1722.240,1721.500,1721.850,75
SQ:XAUUSD,2020-04-14T05:06:00+02:00,1721.940,1721.940,1721.450,1721.450,25
SQ:XAUUSD,2020-04-14T05:07:00+02:00,1721.450,1721.658,1721.140,1721.560,29
SQ:XAUUSD,2020-04-14T05:08:00+02:00,1721.560,1723.390,1721.220,1721.468,71
SQ:XAUUSD,2020-04-14T05:09:00+02:00,1721.350,1722.070,1721.350,1722.070,37
SQ:XAUUSD,2020-04-14T05:10:00+02:00,1722.070,1722.070,1721.060,1721.390,48
SQ:XAUUSD,2020-04-14T05:11:00+02:00,1721.390,1722.454,1720.670,1721.200,24
SQ:XAUUSD,2020-04-14T05:12:00+02:00,1721.200,1721.220,1720.530,1721.220,20
SQ:XAUUSD,2020-04-14T05:13:00+02:00,1721.180,1721.210,1720.360,1720.660,39
SQ:XAUUSD,2020-04-14T05:14:00+02:00,1720.690,1720.820,1719.940,1720.650,55
SQ:XAUUSD,2020-04-14T05:15:00+02:00,1720.660,1720.660,1719.580,1719.780,91
SQ:XAUUSD,2020-04-14T05:16:00+02:00,1719.740,1719.740,1719.230,1719.230,91
SQ:XAUUSD,2020-04-14T05:17:00+02:00,1719.160,1719.660,1718.860,1719.090,99
SQ:XAUUSD,2020-04-14T05:18:00+02:00,1719.130,1721.480,1718.950,1721.330,98
SQ:XAUUSD,2020-04-14T05:19:00+02:00,1721.130,1721.750,1720.910,1720.960,106
SQ:XAUUSD,2020-04-14T05:20:00+02:00,1721.060,1721.300,1720.290,1720.430,57
SQ:XAUUSD,2020-04-14T05:21:00+02:00,1720.430,1720.430,1719.230,1719.230,46
SQ:XAUUSD,2020-04-14T05:22:00+02:00,1719.290,1719.980,1718.820,1719.460,57
SQ:XAUUSD,2020-04-14T05:23:00+02:00,1719.510,1719.590,1719.010,1719.110,37
SQ:XAUUSD,2020-04-14T05:24:00+02:00,1719.110,1719.380,1718.890,1719.260,34
SQ:XAUUSD,2020-04-14T05:25:00+02:00,1719.260,1719.900,1719.250,1719.610,35
SQ:XAUUSD,2020-04-14T05:26:00+02:00,1719.610,1719.850,1719.220,1719.220,24
SQ:XAUUSD,2020-04-14T05:27:00+02:00,1719.220,1719.220,1718.890,1719.050,24
SQ:XAUUSD,2020-04-14T05:28:00+02:00,1719.050,1719.670,1718.950,1719.570,21
SQ:XAUUSD,2020-04-14T05:29:00+02:00,1719.620,1719.990,1719.580,1719.990,32
SQ:XAUUSD,2020-04-14T05:30:00+02:00,1719.990,1719.990,1719.380,1719.430,28
SQ:XAUUSD,2020-04-14T05:31:00+02:00,1719.430,1720.320,1719.430,1719.990,23
SQ:XAUUSD,2020-04-14T05:32:00+02:00,1719.990,1720.150,1719.860,1719.940,18
SQ:XAUUSD,2020-04-14T05:33:00+02:00,1719.920,1720.110,1719.680,1719.740,26
SQ:XAUUSD,2020-04-14T05:34:00+02:00,1719.740,1719.990,1719.510,1719.570,21
SQ:XAUUSD,2020-04-14T05:35:00+02:00,1719.570,1719.570,1718.950,1719.240,74
SQ:XAUUSD,2020-04-14T05:36:00+02:00,1719.160,1719.960,1719.120,1719.840,35
SQ:XAUUSD,2020-04-14T05:37:00+02:00,1719.730,1720.890,1719.690,1720.520,21
SQ:XAUUSD,2020-04-14T05:38:00+02:00,1720.550,1720.580,1719.300,1719.690,35
SQ:XAUUSD,2020-04-14T05:39:00+02:00,1719.670,1719.730,1719.380,1719.560,26
SQ:XAUUSD,2020-04-14T05:40:00+02:00,1719.560,1719.890,1719.210,1719.350,31
SQ:XAUUSD,2020-04-14T05:41:00+02:00,1719.350,1719.360,1718.500,1718.610,26
SQ:XAUUSD,2020-04-14T05:42:00+02:00,1718.610,1719.300,1718.360,1719.250,37
SQ:XAUUSD,2020-04-14T05:43:00+02:00,1719.250,1719.330,1719.040,1719.160,29
SQ:XAUUSD,2020-04-14T05:44:00+02:00,1719.160,1719.790,1719.160,1719.710,33
SQ:XAUUSD,2020-04-14T05:45:00+02:00,1719.720,1720.230,1719.670,1720.230,33
SQ:XAUUSD,2020-04-14T05:46:00+02:00,1720.230,1720.390,1719.920,1720.000,26
SQ:XAUUSD,2020-04-14T05:47:00+02:00,1720.010,1720.590,1718.790,1719.020,53
SQ:XAUUSD,2020-04-14T05:48:00+02:00,1719.020,1720.118,1719.020,1719.940,36
SQ:XAUUSD,2020-04-14T05:49:00+02:00,1719.806,1719.898,1719.570,1719.620,33
SQ:XAUUSD,2020-04-14T05:50:00+02:00,1719.590,1719.650,1719.390,1719.390,14
SQ:XAUUSD,2020-04-14T05:51:00+02:00,1719.390,1719.810,1719.390,1719.790,23
SQ:XAUUSD,2020-04-14T05:52:00+02:00,1719.790,1720.050,1719.710,1719.730,30
SQ:XAUUSD,2020-04-14T05:53:00+02:00,1719.740,1719.760,1719.550,1719.650,13
SQ:XAUUSD,2020-04-14T05:54:00+02:00,1719.740,1719.750,1719.300,1719.630,15
SQ:XAUUSD,2020-04-14T05:55:00+02:00,1719.630,1720.120,1719.630,1719.880,25
SQ:XAUUSD,2020-04-14T05:56:00+02:00,1719.900,1720.420,1719.680,1720.320,28
SQ:XAUUSD,2020-04-14T05:57:00+02:00,1720.300,1720.350,1719.480,1719.570,31
SQ:XAUUSD,2020-04-14T05:58:00+02:00,1719.630,1719.830,1719.580,1719.690,16
SQ:XAUUSD,2020-04-14T05:59:00+02:00,1719.600,1719.920,1719.330,1719.740,22
SQ:XAUUSD,2020-04-14T06:00:00+02:00,1719.760,1719.820,1717.760,1717.910,55
SQ:XAUUSD,2020-04-14T06:01:00+02:00,1717.910,1718.230,1716.470,1716.790,81
SQ:XAUUSD,2020-04-14T06:02:00+02:00,1716.790,1717.620,1716.180,1716.480,66
SQ:XAUUSD,2020-04-14T06:03:00+02:00,1716.480,1717.100,1714.640,1716.350,82
SQ:XAUUSD,2020-04-14T06:04:00+02:00,1716.350,1716.940,1715.750,1716.070,60
SQ:XAUUSD,2020-04-14T06:05:00+02:00,1716.070,1716.300,1715.690,1716.160,48
SQ:XAUUSD,2020-04-14T06:06:00+02:00,1716.170,1716.570,1715.650,1716.510,47
SQ:XAUUSD,2020-04-14T06:07:00+02:00,1716.450,1716.790,1716.200,1716.560,37
SQ:XAUUSD,2020-04-14T06:08:00+02:00,1716.580,1716.640,1715.810,1715.900,27
SQ:XAUUSD,2020-04-14T06:09:00+02:00,1715.900,1716.390,1715.900,1716.280,24
SQ:XAUUSD,2020-04-14T06:10:00+02:00,1716.320,1716.320,1715.410,1715.730,22
SQ:XAUUSD,2020-04-14T06:11:00+02:00,1715.770,1716.960,1715.720,1716.330,37
SQ:XAUUSD,2020-04-14T06:12:00+02:00,1716.330,1716.810,1715.920,1716.370,65
SQ:XAUUSD,2020-04-14T06:13:00+02:00,1716.520,1716.900,1716.220,1716.220,35
SQ:XAUUSD,2020-04-14T06:14:00+02:00,1716.320,1716.730,1715.850,1716.060,50
SQ:XAUUSD,2020-04-14T06:15:00+02:00,1715.300,1716.550,1715.180,1716.430,56
SQ:XAUUSD,2020-04-14T06:16:00+02:00,1716.430,1716.500,1714.950,1715.380,58
SQ:XAUUSD,2020-04-14T06:17:00+02:00,1715.380,1716.140,1715.210,1716.070,37
SQ:XAUUSD,2020-04-14T06:18:00+02:00,1716.070,1716.670,1715.390,1715.670,44
SQ:XAUUSD,2020-04-14T06:19:00+02:00,1715.750,1716.070,1715.470,1716.070,66
SQ:XAUUSD,2020-04-14T06:20:00+02:00,1716.070,1716.680,1716.050,1716.630,60
SQ:XAUUSD,2020-04-14T06:21:00+02:00,1716.590,1717.420,1716.000,1716.000,71
SQ:XAUUSD,2020-04-14T06:22:00+02:00,1716.000,1716.380,1715.600,1715.660,41
SQ:XAUUSD,2020-04-14T06:23:00+02:00,1715.650,1715.900,1714.700,1714.930,41
SQ:XAUUSD,2020-04-14T06:24:00+02:00,1714.930,1715.940,1714.560,1715.170,47
SQ:XAUUSD,2020-04-14T06:25:00+02:00,1715.170,1715.600,1715.080,1715.600,59
SQ:XAUUSD,2020-04-14T06:26:00+02:00,1715.600,1715.760,1715.530,1715.540,18
SQ:XAUUSD,2020-04-14T06:27:00+02:00,1715.540,1715.580,1714.970,1715.220,54
SQ:XAUUSD,2020-04-14T06:28:00+02:00,1715.160,1715.950,1715.160,1715.610,47
SQ:XAUUSD,2020-04-14T06:29:00+02:00,1715.690,1716.770,1715.690,1716.330,40
SQ:XAUUSD,2020-04-14T06:30:00+02:00,1716.380,1716.380,1715.510,1715.990,62
SQ:XAUUSD,2020-04-14T06:31:00+02:00,1715.950,1716.230,1715.450,1716.180,40
SQ:XAUUSD,2020-04-14T06:32:00+02:00,1716.070,1716.150,1715.300,1715.970,26
SQ:XAUUSD,2020-04-14T06:33:00+02:00,1715.960,1716.150,1715.010,1716.090,38
SQ:XAUUSD,2020-04-14T06:34:00+02:00,1716.040,1716.340,1715.550,1715.680,33
SQ:XAUUSD,2020-04-14T06:35:00+02:00,1715.640,1716.010,1715.110,1715.970,30
SQ:XAUUSD,2020-04-14T06:36:00+02:00,1715.970,1716.310,1715.500,1715.860,34
SQ:XAUUSD,2020-04-14T06:37:00+02:00,1715.840,1716.400,1715.840,1716.400,32
SQ:XAUUSD,2020-04-14T06:38:00+02:00,1716.400,1716.610,1716.230,1716.500,29
SQ:XAUUSD,2020-04-14T06:39:00+02:00,1716.500,1716.680,1715.060,1715.570,56
SQ:XAUUSD,2020-04-14T06:40:00+02:00,1715.490,1715.770,1715.180,1715.690,25
SQ:XAUUSD,2020-04-14T06:41:00+02:00,1715.740,1716.050,1715.170,1715.480,39
SQ:XAUUSD,2020-04-14T06:42:00+02:00,1715.410,1716.060,1715.410,1715.880,35
SQ:XAUUSD,2020-04-14T06:43:00+02:00,1715.760,1715.760,1714.790,1715.240,22
SQ:XAUUSD,2020-04-14T06:44:00+02:00,1715.300,1715.300,1715.140,1715.150,14
SQ:XAUUSD,2020-04-14T06:45:00+02:00,1715.190,1715.320,1714.770,1715.040,20
SQ:XAUUSD,2020-04-14T06:46:00+02:00,1715.020,1715.040,1712.850,1712.850,80
SQ:XAUUSD,2020-04-14T06:47:00+02:00,1712.850,1714.620,1712.850,1713.530,67
SQ:XAUUSD,2020-04-14T06:48:00+02:00,1713.800,1714.230,1713.180,1714.160,46
SQ:XAUUSD,2020-04-14T06:49:00+02:00,1714.160,1714.860,1714.160,1714.230,31
SQ:XAUUSD,2020-04-14T06:50:00+02:00,1714.240,1714.850,1713.750,1714.220,44
SQ:XAUUSD,2020-04-14T06:51:00+02:00,1714.320,1714.480,1714.270,1714.390,22
SQ:XAUUSD,2020-04-14T06:52:00+02:00,1714.390,1715.000,1714.390,1714.950,16
SQ:XAUUSD,2020-04-14T06:53:00+02:00,1714.950,1715.080,1714.930,1715.040,16
SQ:XAUUSD,2020-04-14T06:54:00+02:00,1715.040,1716.250,1714.950,1716.160,31
SQ:XAUUSD,2020-04-14T06:55:00+02:00,1716.200,1716.460,1716.040,1716.460,43
SQ:XAUUSD,2020-04-14T06:56:00+02:00,1716.460,1716.630,1716.160,1716.200,36
SQ:XAUUSD,2020-04-14T06:57:00+02:00,1716.200,1716.350,1716.100,1716.140,35
SQ:XAUUSD,2020-04-14T06:58:00+02:00,1716.100,1716.340,1715.840,1716.270,30
SQ:XAUUSD,2020-04-14T06:59:00+02:00,1716.270,1716.350,1716.190,1716.220,18
SQ:XAUUSD,2020-04-14T07:00:00+02:00,1716.220,1716.270,1715.930,1716.190,36
SQ:XAUUSD,2020-04-14T07:01:00+02:00,1716.190,1716.610,1715.390,1715.560,37
SQ:XAUUSD,2020-04-14T07:02:00+02:00,1715.500,1716.330,1715.140,1715.250,23
SQ:XAUUSD,2020-04-14T07:03:00+02:00,1715.070,1715.220,1714.920,1714.940,20
SQ:XAUUSD,2020-04-14T07:04:00+02:00,1714.930,1714.930,1714.080,1714.080,42
SQ:XAUUSD,2020-04-14T07:05:00+02:00,1714.020,1714.650,1713.210,1714.612,150
SQ:XAUUSD,2020-04-14T07:06:00+02:00,1714.612,1714.642,1713.720,1713.860,62
SQ:XAUUSD,2020-04-14T07:07:00+02:00,1713.860,1715.710,1713.860,1715.710,101
SQ:XAUUSD,2020-04-14T07:08:00+02:00,1715.780,1715.850,1714.490,1714.770,47
SQ:XAUUSD,2020-04-14T07:09:00+02:00,1714.770,1714.790,1714.360,1714.550,53
SQ:XAUUSD,2020-04-14T07:10:00+02:00,1714.550,1714.760,1713.320,1714.160,44
SQ:XAUUSD,2020-04-14T07:11:00+02:00,1714.160,1714.770,1713.920,1714.430,52
SQ:XAUUSD,2020-04-14T07:12:00+02:00,1714.490,1714.560,1714.230,1714.390,27
SQ:XAUUSD,2020-04-14T07:13:00+02:00,1714.290,1714.290,1712.040,1712.770,137
SQ:XAUUSD,2020-04-14T07:14:00+02:00,1712.920,1713.510,1712.500,1712.590,71
SQ:XAUUSD,2020-04-14T07:15:00+02:00,1712.650,1713.450,1711.820,1712.980,123
SQ:XAUUSD,2020-04-14T07:16:00+02:00,1713.130,1713.930,1712.640,1713.230,57
SQ:XAUUSD,2020-04-14T07:17:00+02:00,1713.110,1713.760,1712.754,1713.350,30
SQ:XAUUSD,2020-04-14T07:18:00+02:00,1713.520,1714.040,1713.070,1713.070,28
SQ:XAUUSD,2020-04-14T07:19:00+02:00,1712.814,1713.290,1712.754,1713.010,15
SQ:XAUUSD,2020-04-14T07:20:00+02:00,1713.010,1713.600,1712.754,1712.804,32
SQ:XAUUSD,2020-04-14T07:21:00+02:00,1712.804,1713.090,1712.624,1712.730,27
SQ:XAUUSD,2020-04-14T07:22:00+02:00,1712.690,1713.370,1712.200,1713.140,38
SQ:XAUUSD,2020-04-14T07:23:00+02:00,1713.050,1713.220,1711.870,1712.440,39
SQ:XAUUSD,2020-04-14T07:24:00+02:00,1712.290,1713.410,1711.310,1712.850,40
SQ:XAUUSD,2020-04-14T07:25:00+02:00,1712.960,1712.990,1712.250,1712.300,24
SQ:XAUUSD,2020-04-14T07:26:00+02:00,1712.300,1713.140,1711.710,1713.140,22
SQ:XAUUSD,2020-04-14T07:27:00+02:00,1713.140,1714.310,1712.290,1713.690,45
SQ:XAUUSD,2020-04-14T07:28:00+02:00,1713.690,1714.430,1712.760,1714.380,34
SQ:XAUUSD,2020-04-14T07:29:00+02:00,1714.330,1714.560,1713.760,1714.520,10
SQ:XAUUSD,2020-04-14T07:30:00+02:00,1714.520,1714.540,1713.250,1713.720,44
SQ:XAUUSD,2020-04-14T07:31:00+02:00,1713.720,1714.610,1713.370,1713.380,34
SQ:XAUUSD,2020-04-14T07:32:00+02:00,1713.380,1714.190,1713.110,1714.030,50
SQ:XAUUSD,2020-04-14T07:33:00+02:00,1713.920,1715.260,1713.820,1714.950,53
SQ:XAUUSD,2020-04-14T07:34:00+02:00,1714.950,1715.170,1712.870,1712.920,50
SQ:XAUUSD,2020-04-14T07:35:00+02:00,1712.810,1714.910,1712.652,1714.700,58
SQ:XAUUSD,2020-04-14T07:36:00+02:00,1714.700,1714.700,1713.320,1714.610,38
SQ:XAUUSD,2020-04-14T07:37:00+02:00,1714.610,1714.700,1712.990,1713.340,55
SQ:XAUUSD,2020-04-14T07:38:00+02:00,1713.340,1714.050,1713.340,1713.820,32
SQ:XAUUSD,2020-04-14T07:39:00+02:00,1713.820,1713.820,1713.230,1713.370,25
SQ:XAUUSD,2020-04-14T07:40:00+02:00,1713.370,1714.090,1711.790,1711.790,97
SQ:XAUUSD,2020-04-14T07:41:00+02:00,1711.790,1712.600,1711.040,1711.990,121
SQ:XAUUSD,2020-04-14T07:42:00+02:00,1711.990,1712.290,1711.420,1711.420,106
SQ:XAUUSD,2020-04-14T07:43:00+02:00,1711.510,1712.350,1710.320,1712.020,69
SQ:XAUUSD,2020-04-14T07:44:00+02:00,1712.020,1712.900,1711.080,1712.630,51
SQ:XAUUSD,2020-04-14T07:45:00+02:00,1712.630,1713.000,1712.290,1712.300,56
SQ:XAUUSD,2020-04-14T07:46:00+02:00,1712.300,1712.990,1712.300,1712.750,44
SQ:XAUUSD,2020-04-14T07:47:00+02:00,1712.910,1713.700,1712.630,1713.280,54
SQ:XAUUSD,2020-04-14T07:48:00+02:00,1713.280,1713.510,1713.170,1713.470,49
SQ:XAUUSD,2020-04-14T07:49:00+02:00,1713.470,1713.470,1712.680,1712.780,36
SQ:XAUUSD,2020-04-14T07:50:00+02:00,1712.780,1714.290,1712.780,1714.140,38
SQ:XAUUSD,2020-04-14T07:51:00+02:00,1714.140,1714.990,1714.140,1714.690,57
SQ:XAUUSD,2020-04-14T07:52:00+02:00,1714.690,1714.810,1713.390,1714.080,49
SQ:XAUUSD,2020-04-14T07:53:00+02:00,1713.960,1714.030,1713.290,1713.880,27
SQ:XAUUSD,2020-04-14T07:54:00+02:00,1713.900,1714.140,1713.600,1713.640,34
SQ:XAUUSD,2020-04-14T07:55:00+02:00,1713.640,1713.640,1712.320,1712.790,53
SQ:XAUUSD,2020-04-14T07:56:00+02:00,1712.790,1712.920,1711.570,1712.730,90
SQ:XAUUSD,2020-04-14T07:57:00+02:00,1712.730,1713.270,1712.230,1713.100,56
SQ:XAUUSD,2020-04-14T07:58:00+02:00,1713.100,1713.460,1712.940,1713.140,43
SQ:XAUUSD,2020-04-14T07:59:00+02:00,1713.150,1714.060,1713.150,1714.060,48
SQ:XAUUSD,2020-04-14T08:00:00+02:00,1714.040,1714.330,1713.710,1714.240,86
SQ:XAUUSD,2020-04-14T08:01:00+02:00,1714.410,1714.660,1714.150,1714.430,60
SQ:XAUUSD,2020-04-14T08:02:00+02:00,1714.430,1714.680,1712.760,1713.210,64
SQ:XAUUSD,2020-04-14T08:03:00+02:00,1713.210,1713.210,1712.260,1712.830,77
SQ:XAUUSD,2020-04-14T08:04:00+02:00,1712.860,1712.860,1711.410,1711.420,80
SQ:XAUUSD,2020-04-14T08:05:00+02:00,1711.370,1712.260,1711.170,1711.730,102
SQ:XAUUSD,2020-04-14T08:06:00+02:00,1711.730,1713.050,1711.540,1712.740,43
SQ:XAUUSD,2020-04-14T08:07:00+02:00,1712.740,1714.970,1712.740,1714.920,105
SQ:XAUUSD,2020-04-14T08:08:00+02:00,1714.960,1715.140,1713.920,1714.480,72
SQ:XAUUSD,2020-04-14T08:09:00+02:00,1714.520,1714.730,1714.140,1714.140,68
SQ:XAUUSD,2020-04-14T08:10:00+02:00,1714.100,1715.550,1714.100,1715.170,157
SQ:XAUUSD,2020-04-14T08:11:00+02:00,1715.070,1715.620,1714.560,1715.090,104
SQ:XAUUSD,2020-04-14T08:12:00+02:00,1715.140,1715.140,1712.300,1712.320,109
SQ:XAUUSD,2020-04-14T08:13:00+02:00,1712.320,1712.880,1711.930,1712.320,63
SQ:XAUUSD,2020-04-14T08:14:00+02:00,1712.390,1712.670,1710.750,1711.170,119
SQ:XAUUSD,2020-04-14T08:15:00+02:00,1711.170,1712.000,1711.140,1711.490,42
SQ:XAUUSD,2020-04-14T08:16:00+02:00,1711.490,1712.500,1711.400,1712.470,42
SQ:XAUUSD,2020-04-14T08:17:00+02:00,1712.480,1712.590,1712.320,1712.560,50
SQ:XAUUSD,2020-04-14T08:18:00+02:00,1712.560,1712.600,1712.460,1712.590,68
SQ:XAUUSD,2020-04-14T08:19:00+02:00,1712.370,1712.610,1712.370,1712.410,5
SQ:XAUUSD,2020-04-14T08:20:00+02:00,1712.450,1713.690,1712.370,1712.830,62
SQ:XAUUSD,2020-04-14T08:21:00+02:00,1712.830,1712.960,1712.380,1712.400,30
SQ:XAUUSD,2020-04-14T08:22:00+02:00,1712.370,1712.370,1712.370,1712.370,1
SQ:XAUUSD,2020-04-14T08:23:00+02:00,1712.390,1712.990,1712.390,1712.700,37
SQ:XAUUSD,2020-04-14T08:24:00+02:00,1712.720,1712.760,1712.240,1712.340,45
SQ:XAUUSD,2020-04-14T08:25:00+02:00,1712.310,1712.960,1712.210,1712.460,109
SQ:XAUUSD,2020-04-14T08:26:00+02:00,1712.500,1712.780,1712.200,1712.380,75
SQ:XAUUSD,2020-04-14T08:27:00+02:00,1712.380,1712.510,1711.000,1711.010,99
SQ:XAUUSD,2020-04-14T08:28:00+02:00,1710.980,1712.130,1710.930,1711.400,65
SQ:XAUUSD,2020-04-14T08:29:00+02:00,1711.400,1711.460,1709.138,1709.480,224
SQ:XAUUSD,2020-04-14T08:30:00+02:00,1709.480,1710.250,1708.520,1709.040,123
SQ:XAUUSD,2020-04-14T08:31:00+02:00,1709.040,1709.950,1708.900,1709.080,216
SQ:XAUUSD,2020-04-14T08:32:00+02:00,1709.050,1711.000,1708.970,1710.320,120
SQ:XAUUSD,2020-04-14T08:33:00+02:00,1710.770,1710.940,1709.390,1710.510,106
SQ:XAUUSD,2020-04-14T08:34:00+02:00,1710.870,1711.060,1709.110,1710.540,133
SQ:XAUUSD,2020-04-14T08:35:00+02:00,1710.540,1710.860,1709.780,1710.630,52
SQ:XAUUSD,2020-04-14T08:36:00+02:00,1710.470,1710.490,1708.700,1709.590,82
SQ:XAUUSD,2020-04-14T08:37:00+02:00,1709.590,1710.440,1709.426,1709.700,128
SQ:XAUUSD,2020-04-14T08:38:00+02:00,1709.700,1710.820,1709.366,1710.250,183
SQ:XAUUSD,2020-04-14T08:39:00+02:00,1710.300,1711.820,1710.080,1711.260,140
SQ:XAUUSD,2020-04-14T08:40:00+02:00,1711.260,1711.730,1710.880,1711.320,153
SQ:XAUUSD,2020-04-14T08:41:00+02:00,1711.350,1711.630,1711.160,1711.250,168
SQ:XAUUSD,2020-04-14T08:42:00+02:00,1711.310,1711.660,1710.210,1711.490,94
SQ:XAUUSD,2020-04-14T08:43:00+02:00,1711.490,1711.570,1710.020,1710.090,73
SQ:XAUUSD,2020-04-14T08:44:00+02:00,1710.050,1711.280,1709.750,1710.050,52
SQ:XAUUSD,2020-04-14T08:45:00+02:00,1710.050,1711.320,1709.350,1711.160,90
SQ:XAUUSD,2020-04-14T08:46:00+02:00,1711.160,1711.300,1708.120,1708.140,65
SQ:XAUUSD,2020-04-14T08:47:00+02:00,1708.150,1710.850,1708.140,1709.890,90
SQ:XAUUSD,2020-04-14T08:48:00+02:00,1709.890,1710.380,1709.890,1710.240,55
SQ:XAUUSD,2020-04-14T08:49:00+02:00,1710.240,1710.750,1709.780,1710.550,64
SQ:XAUUSD,2020-04-14T08:50:00+02:00,1710.510,1710.510,1709.130,1709.130,59
SQ:XAUUSD,2020-04-14T08:51:00+02:00,1709.110,1709.370,1708.940,1709.370,25
SQ:XAUUSD,2020-04-14T08:52:00+02:00,1709.270,1709.810,1709.100,1709.570,30
SQ:XAUUSD,2020-04-14T08:53:00+02:00,1709.570,1709.670,1709.380,1709.590,28
SQ:XAUUSD,2020-04-14T08:54:00+02:00,1709.590,1710.280,1709.550,1709.800,54
SQ:XAUUSD,2020-04-14T08:55:00+02:00,1709.800,1710.260,1709.130,1709.990,122
SQ:XAUUSD,2020-04-14T08:56:00+02:00,1710.000,1710.650,1709.400,1710.650,68
SQ:XAUUSD,2020-04-14T08:57:00+02:00,1710.650,1711.450,1709.970,1710.810,93
SQ:XAUUSD,2020-04-14T08:58:00+02:00,1710.810,1711.640,1710.810,1711.490,159
SQ:XAUUSD,2020-04-14T08:59:00+02:00,1711.490,1711.850,1711.130,1711.480,156
SQ:XAUUSD,2020-04-14T09:00:00+02:00,1711.480,1713.030,1711.420,1711.500,177
SQ:XAUUSD,2020-04-14T09:01:00+02:00,1711.500,1712.080,1711.030,1711.640,96
SQ:XAUUSD,2020-04-14T09:02:00+02:00,1711.560,1713.070,1711.060,1712.190,130
SQ:XAUUSD,2020-04-14T09:03:00+02:00,1712.190,1712.820,1711.190,1711.440,112
SQ:XAUUSD,2020-04-14T09:04:00+02:00,1711.390,1712.170,1711.090,1712.000,69
SQ:XAUUSD,2020-04-14T09:05:00+02:00,1712.000,1712.480,1711.690,1712.130,80
SQ:XAUUSD,2020-04-14T09:06:00+02:00,1712.130,1712.760,1711.770,1712.080,85
SQ:XAUUSD,2020-04-14T09:07:00+02:00,1712.080,1713.390,1711.810,1712.920,140
SQ:XAUUSD,2020-04-14T09:08:00+02:00,1712.960,1713.050,1710.020,1710.220,108
SQ:XAUUSD,2020-04-14T09:09:00+02:00,1710.220,1710.440,1709.640,1709.690,77
SQ:XAUUSD,2020-04-14T09:10:00+02:00,1709.720,1710.260,1708.980,1709.900,71
SQ:XAUUSD,2020-04-14T09:11:00+02:00,1709.910,1711.050,1709.370,1710.230,92
SQ:XAUUSD,2020-04-14T09:12:00+02:00,1710.170,1711.710,1709.460,1711.710,115
SQ:XAUUSD,2020-04-14T09:13:00+02:00,1711.770,1712.590,1711.650,1712.360,158
SQ:XAUUSD,2020-04-14T09:14:00+02:00,1712.370,1712.710,1712.250,1712.650,115
SQ:XAUUSD,2020-04-14T09:15:00+02:00,1712.670,1712.940,1712.190,1712.930,104
SQ:XAUUSD,2020-04-14T09:16:00+02:00,1712.950,1712.950,1710.500,1710.870,132
SQ:XAUUSD,2020-04-14T09:17:00+02:00,1710.870,1711.590,1710.690,1711.360,81
SQ:XAUUSD,2020-04-14T09:18:00+02:00,1711.360,1712.340,1710.860,1712.250,65
SQ:XAUUSD,2020-04-14T09:19:00+02:00,1712.250,1712.990,1711.130,1711.480,48
SQ:XAUUSD,2020-04-14T09:20:00+02:00,1711.480,1712.110,1710.640,1711.380,116
SQ:XAUUSD,2020-04-14T09:21:00+02:00,1711.380,1711.910,1711.030,1711.520,93
SQ:XAUUSD,2020-04-14T09:22:00+02:00,1711.520,1712.070,1711.210,1711.810,74
SQ:XAUUSD,2020-04-14T09:23:00+02:00,1711.750,1712.170,1711.330,1711.510,69
SQ:XAUUSD,2020-04-14T09:24:00+02:00,1711.510,1711.650,1711.230,1711.420,50
SQ:XAUUSD,2020-04-14T09:25:00+02:00,1711.420,1711.780,1711.080,1711.160,40
SQ:XAUUSD,2020-04-14T09:26:00+02:00,1711.170,1712.250,1710.600,1711.300,148
SQ:XAUUSD,2020-04-14T09:27:00+02:00,1711.300,1711.480,1710.640,1710.860,145
SQ:XAUUSD,2020-04-14T09:28:00+02:00,1710.870,1711.260,1710.770,1711.000,110
SQ:XAUUSD,2020-04-14T09:29:00+02:00,1711.170,1712.200,1711.150,1711.760,39
SQ:XAUUSD,2020-04-14T09:30:00+02:00,1711.870,1713.400,1711.740,1713.360,119
SQ:XAUUSD,2020-04-14T09:31:00+02:00,1713.360,1714.220,1713.210,1714.140,145
SQ:XAUUSD,2020-04-14T09:32:00+02:00,1713.950,1714.490,1713.640,1714.030,95
SQ:XAUUSD,2020-04-14T09:33:00+02:00,1714.030,1714.500,1713.340,1713.340,127
SQ:XAUUSD,2020-04-14T09:34:00+02:00,1714.340,1714.370,1713.520,1713.880,82
SQ:XAUUSD,2020-04-14T09:35:00+02:00,1713.860,1713.970,1713.140,1713.520,79
SQ:XAUUSD,2020-04-14T09:36:00+02:00,1713.470,1714.400,1713.390,1713.390,68
SQ:XAUUSD,2020-04-14T09:37:00+02:00,1713.380,1715.370,1713.380,1714.150,98
SQ:XAUUSD,2020-04-14T09:38:00+02:00,1714.140,1715.550,1713.990,1714.390,81
SQ:XAUUSD,2020-04-14T09:39:00+02:00,1714.390,1715.040,1713.720,1715.020,70
SQ:XAUUSD,2020-04-14T09:40:00+02:00,1715.030,1715.370,1714.630,1715.170,46
SQ:XAUUSD,2020-04-14T09:41:00+02:00,1715.170,1716.080,1715.160,1715.790,47
SQ:XAUUSD,2020-04-14T09:42:00+02:00,1715.790,1717.880,1715.340,1717.450,123
SQ:XAUUSD,2020-04-14T09:43:00+02:00,1717.570,1719.440,1716.390,1719.390,199
SQ:XAUUSD,2020-04-14T09:44:00+02:00,1719.390,1719.770,1718.260,1719.590,131
SQ:XAUUSD,2020-04-14T09:45:00+02:00,1719.590,1719.830,1719.180,1719.680,49
SQ:XAUUSD,2020-04-14T09:46:00+02:00,1719.680,1720.740,1719.530,1719.890,65
SQ:XAUUSD,2020-04-14T09:47:00+02:00,1719.790,1721.020,1719.540,1720.300,77
SQ:XAUUSD,2020-04-14T09:48:00+02:00,1720.310,1722.050,1720.130,1722.040,171
SQ:XAUUSD,2020-04-14T09:49:00+02:00,1721.990,1722.180,1720.480,1721.210,215
SQ:XAUUSD,2020-04-14T09:50:00+02:00,1721.210,1722.090,1721.040,1721.580,69
SQ:XAUUSD,2020-04-14T09:51:00+02:00,1721.580,1721.580,1720.880,1721.280,55
SQ:XAUUSD,2020-04-14T09:52:00+02:00,1721.280,1721.550,1721.000,1721.380,89
SQ:XAUUSD,2020-04-14T09:53:00+02:00,1721.390,1721.830,1720.740,1721.480,53
SQ:XAUUSD,2020-04-14T09:54:00+02:00,1721.480,1723.580,1721.380,1723.080,159
SQ:XAUUSD,2020-04-14T09:55:00+02:00,1723.080,1724.980,1722.580,1724.780,110
SQ:XAUUSD,2020-04-14T09:56:00+02:00,1724.780,1724.980,1723.060,1724.050,94
SQ:XAUUSD,2020-04-14T09:57:00+02:00,1724.050,1724.370,1722.540,1723.280,213
SQ:XAUUSD,2020-04-14T09:58:00+02:00,1723.270,1723.890,1723.190,1723.290,200
SQ:XAUUSD,2020-04-14T09:59:00+02:00,1723.290,1723.470,1722.290,1722.570,378
SQ:XAUUSD,2020-04-14T10:00:00+02:00,1722.560,1723.050,1721.640,1722.880,410
SQ:XAUUSD,2020-04-14T10:01:00+02:00,1722.600,1723.060,1721.490,1722.560,412
SQ:XAUUSD,2020-04-14T10:02:00+02:00,1722.600,1724.100,1721.920,1724.100,239
SQ:XAUUSD,2020-04-14T10:03:00+02:00,1724.090,1725.320,1723.880,1725.220,350
SQ:XAUUSD,2020-04-14T10:04:00+02:00,1725.210,1725.490,1723.900,1725.200,191
SQ:XAUUSD,2020-04-14T10:05:00+02:00,1725.160,1725.670,1724.660,1724.950,67
SQ:XAUUSD,2020-04-14T10:06:00+02:00,1724.950,1726.240,1724.570,1726.110,119
SQ:XAUUSD,2020-04-14T10:07:00+02:00,1726.060,1726.890,1725.580,1726.300,170
SQ:XAUUSD,2020-04-14T10:08:00+02:00,1726.230,1726.690,1725.640,1726.400,135
SQ:XAUUSD,2020-04-14T10:09:00+02:00,1726.430,1726.430,1725.480,1725.920,122
SQ:XAUUSD,2020-04-14T10:10:00+02:00,1725.880,1726.480,1725.820,1726.220,69
SQ:XAUUSD,2020-04-14T10:11:00+02:00,1726.240,1726.330,1725.340,1725.860,56
SQ:XAUUSD,2020-04-14T10:12:00+02:00,1725.860,1726.780,1725.800,1726.340,53
SQ:XAUUSD,2020-04-14T10:13:00+02:00,1726.390,1726.580,1725.230,1726.100,86
SQ:XAUUSD,2020-04-14T10:14:00+02:00,1726.100,1726.300,1725.360,1726.250,65
SQ:XAUUSD,2020-04-14T10:15:00+02:00,1726.300,1726.580,1724.710,1724.710,71
SQ:XAUUSD,2020-04-14T10:16:00+02:00,1724.710,1725.670,1723.470,1723.920,135
SQ:XAUUSD,2020-04-14T10:17:00+02:00,1723.930,1724.290,1723.580,1723.700,88
SQ:XAUUSD,2020-04-14T10:18:00+02:00,1723.690,1724.520,1723.430,1724.360,74
SQ:XAUUSD,2020-04-14T10:19:00+02:00,1724.360,1724.360,1723.650,1723.760,58
SQ:XAUUSD,2020-04-14T10:20:00+02:00,1723.750,1723.890,1722.730,1723.250,147
SQ:XAUUSD,2020-04-14T10:21:00+02:00,1723.250,1723.570,1722.300,1722.630,101
SQ:XAUUSD,2020-04-14T10:22:00+02:00,1722.630,1723.010,1721.540,1721.820,109
SQ:XAUUSD,2020-04-14T10:23:00+02:00,1721.820,1722.910,1721.650,1722.480,126
SQ:XAUUSD,2020-04-14T10:24:00+02:00,1722.480,1723.080,1722.300,1722.740,151
SQ:XAUUSD,2020-04-14T10:25:00+02:00,1722.750,1722.980,1721.960,1722.280,57
SQ:XAUUSD,2020-04-14T10:26:00+02:00,1722.280,1722.280,1721.790,1721.790,60
SQ:XAUUSD,2020-04-14T10:27:00+02:00,1721.670,1721.930,1720.890,1721.140,100
SQ:XAUUSD,2020-04-14T10:28:00+02:00,1721.140,1721.870,1720.310,1721.810,94
SQ:XAUUSD,2020-04-14T10:29:00+02:00,1721.810,1722.060,1721.740,1722.020,46
SQ:XAUUSD,2020-04-14T10:30:00+02:00,1721.980,1721.980,1721.390,1721.500,41
SQ:XAUUSD,2020-04-14T10:31:00+02:00,1721.510,1721.900,1720.760,1720.770,58
SQ:XAUUSD,2020-04-14T10:32:00+02:00,1720.770,1721.050,1720.624,1721.020,54
SQ:XAUUSD,2020-04-14T10:33:00+02:00,1721.020,1721.870,1720.628,1721.780,55
SQ:XAUUSD,2020-04-14T10:34:00+02:00,1721.780,1722.270,1721.780,1722.170,88
SQ:XAUUSD,2020-04-14T10:35:00+02:00,1722.170,1722.170,1721.340,1721.460,95
SQ:XAUUSD,2020-04-14T10:36:00+02:00,1721.460,1721.660,1721.030,1721.070,84
SQ:XAUUSD,2020-04-14T10:37:00+02:00,1721.070,1722.340,1721.000,1721.990,86
SQ:XAUUSD,2020-04-14T10:38:00+02:00,1721.990,1722.290,1721.140,1721.260,79
SQ:XAUUSD,2020-04-14T10:39:00+02:00,1721.260,1723.910,1720.540,1721.200,182
SQ:XAUUSD,2020-04-14T10:40:00+02:00,1721.230,1722.300,1721.190,1721.640,186
SQ:XAUUSD,2020-04-14T10:41:00+02:00,1721.640,1722.380,1721.370,1721.400,44
SQ:XAUUSD,2020-04-14T10:42:00+02:00,1721.400,1721.940,1720.080,1720.260,84
SQ:XAUUSD,2020-04-14T10:43:00+02:00,1720.260,1720.260,1718.050,1718.260,263
SQ:XAUUSD,2020-04-14T10:44:00+02:00,1718.350,1718.870,1717.140,1717.970,206
SQ:XAUUSD,2020-04-14T10:45:00+02:00,1717.970,1719.750,1717.900,1719.620,132
SQ:XAUUSD,2020-04-14T10:46:00+02:00,1719.620,1720.560,1719.570,1720.560,105
SQ:XAUUSD,2020-04-14T10:47:00+02:00,1720.580,1720.860,1720.430,1720.770,95
SQ:XAUUSD,2020-04-14T10:48:00+02:00,1720.780,1721.290,1720.420,1721.280,104
SQ:XAUUSD,2020-04-14T10:49:00+02:00,1721.350,1721.490,1720.560,1720.630,120
SQ:XAUUSD,2020-04-14T10:50:00+02:00,1720.500,1720.630,1719.550,1719.714,88
SQ:XAUUSD,2020-04-14T10:51:00+02:00,1719.714,1719.760,1718.800,1718.900,54
SQ:XAUUSD,2020-04-14T10:52:00+02:00,1718.860,1719.520,1717.490,1718.220,117
SQ:XAUUSD,2020-04-14T10:53:00+02:00,1718.210,1719.140,1718.080,1718.170,79
SQ:XAUUSD,2020-04-14T10:54:00+02:00,1718.210,1718.540,1715.620,1716.240,234
SQ:XAUUSD,2020-04-14T10:55:00+02:00,1716.240,1717.450,1715.280,1716.880,151
SQ:XAUUSD,2020-04-14T10:56:00+02:00,1716.810,1717.610,1716.790,1717.450,80
SQ:XAUUSD,2020-04-14T10:57:00+02:00,1717.450,1718.350,1717.430,1717.720,114
SQ:XAUUSD,2020-04-14T10:58:00+02:00,1717.720,1718.440,1716.970,1718.420,141
SQ:XAUUSD,2020-04-14T10:59:00+02:00,1718.430,1719.130,1718.430,1719.130,103
SQ:XAUUSD,2020-04-14T11:00:00+02:00,1719.130,1719.140,1718.310,1718.390,81
SQ:XAUUSD,2020-04-14T11:01:00+02:00,1718.380,1718.900,1717.360,1717.380,82
SQ:XAUUSD,2020-04-14T11:02:00+02:00,1717.380,1718.470,1717.080,1718.470,78
SQ:XAUUSD,2020-04-14T11:03:00+02:00,1718.320,1718.570,1717.080,1717.150,54
SQ:XAUUSD,2020-04-14T11:04:00+02:00,1717.150,1717.930,1717.050,1717.680,45
SQ:XAUUSD,2020-04-14T11:05:00+02:00,1717.680,1718.470,1717.420,1718.260,63
SQ:XAUUSD,2020-04-14T11:06:00+02:00,1718.250,1718.700,1717.970,1718.620,103
SQ:XAUUSD,2020-04-14T11:07:00+02:00,1718.620,1718.790,1717.330,1718.730,175
SQ:XAUUSD,2020-04-14T11:08:00+02:00,1718.830,1719.070,1718.100,1718.100,89
SQ:XAUUSD,2020-04-14T11:09:00+02:00,1718.100,1718.250,1717.060,1717.140,91
SQ:XAUUSD,2020-04-14T11:10:00+02:00,1717.140,1718.390,1717.060,1717.870,140
SQ:XAUUSD,2020-04-14T11:11:00+02:00,1717.870,1718.420,1717.460,1717.770,76
SQ:XAUUSD,2020-04-14T11:12:00+02:00,1717.770,1718.800,1717.700,1718.250,69
SQ:XAUUSD,2020-04-14T11:13:00+02:00,1718.250,1719.310,1717.960,1718.830,101
SQ:XAUUSD,2020-04-14T11:14:00+02:00,1718.820,1720.050,1718.780,1719.270,96
SQ:XAUUSD,2020-04-14T11:15:00+02:00,1719.270,1719.630,1717.350,1717.640,279
SQ:XAUUSD,2020-04-14T11:16:00+02:00,1717.550,1718.190,1716.090,1716.490,363
SQ:XAUUSD,2020-04-14T11:17:00+02:00,1716.490,1717.770,1716.090,1717.620,133
SQ:XAUUSD,2020-04-14T11:18:00+02:00,1717.630,1718.290,1717.600,1718.290,105
SQ:XAUUSD,2020-04-14T11:19:00+02:00,1718.290,1719.810,1718.290,1719.470,139
SQ:XAUUSD,2020-04-14T11:20:00+02:00,1719.470,1720.490,1719.430,1720.440,80
SQ:XAUUSD,2020-04-14T11:21:00+02:00,1720.450,1720.690,1719.900,1719.900,82
SQ:XAUUSD,2020-04-14T11:22:00+02:00,1719.900,1720.580,1719.570,1720.030,164
SQ:XAUUSD,2020-04-14T11:23:00+02:00,1720.030,1721.760,1719.790,1720.190,174
SQ:XAUUSD,2020-04-14T11:24:00+02:00,1720.410,1721.060,1720.160,1720.510,57
SQ:XAUUSD,2020-04-14T11:25:00+02:00,1720.510,1720.570,1719.380,1719.390,111
SQ:XAUUSD,2020-04-14T11:26:00+02:00,1719.390,1720.510,1719.310,1720.510,67
SQ:XAUUSD,2020-04-14T11:27:00+02:00,1720.470,1720.510,1718.890,1719.310,157
SQ:XAUUSD,2020-04-14T11:28:00+02:00,1719.260,1720.400,1719.050,1719.220,155
SQ:XAUUSD,2020-04-14T11:29:00+02:00,1719.220,1720.020,1719.210,1719.710,167
SQ:XAUUSD,2020-04-14T11:30:00+02:00,1719.710,1720.230,1718.540,1719.030,91
SQ:XAUUSD,2020-04-14T11:31:00+02:00,1719.390,1719.980,1718.480,1719.230,64
SQ:XAUUSD,2020-04-14T11:32:00+02:00,1719.190,1720.150,1716.880,1717.550,96
SQ:XAUUSD,2020-04-14T11:33:00+02:00,1717.550,1719.590,1717.480,1718.920,126
SQ:XAUUSD,2020-04-14T11:34:00+02:00,1719.020,1720.410,1719.020,1720.210,110
SQ:XAUUSD,2020-04-14T11:35:00+02:00,1720.100,1720.310,1719.660,1720.170,79
SQ:XAUUSD,2020-04-14T11:36:00+02:00,1720.210,1721.020,1720.170,1720.310,75
SQ:XAUUSD,2020-04-14T11:37:00+02:00,1720.260,1721.130,1720.260,1720.740,83
SQ:XAUUSD,2020-04-14T11:38:00+02:00,1720.760,1720.980,1719.630,1720.180,88
SQ:XAUUSD,2020-04-14T11:39:00+02:00,1720.180,1720.530,1719.980,1720.430,34
SQ:XAUUSD,2020-04-14T11:40:00+02:00,1720.430,1721.080,1720.380,1720.780,40
SQ:XAUUSD,2020-04-14T11:41:00+02:00,1720.780,1721.030,1720.030,1720.080,45
SQ:XAUUSD,2020-04-14T11:42:00+02:00,1720.080,1721.530,1720.080,1721.380,42
SQ:XAUUSD,2020-04-14T11:43:00+02:00,1721.380,1721.430,1720.610,1720.710,60
SQ:XAUUSD,2020-04-14T11:44:00+02:00,1720.710,1720.710,1719.860,1720.060,73
SQ:XAUUSD,2020-04-14T11:45:00+02:00,1720.050,1720.630,1720.020,1720.410,47
SQ:XAUUSD,2020-04-14T11:46:00+02:00,1720.400,1720.670,1719.870,1719.920,39
SQ:XAUUSD,2020-04-14T11:47:00+02:00,1719.920,1720.070,1718.490,1718.820,68
SQ:XAUUSD,2020-04-14T11:48:00+02:00,1718.820,1720.410,1718.720,1720.400,56
SQ:XAUUSD,2020-04-14T11:49:00+02:00,1720.400,1721.140,1720.400,1720.970,49
SQ:XAUUSD,2020-04-14T11:50:00+02:00,1721.060,1721.710,1720.710,1721.410,69
SQ:XAUUSD,2020-04-14T11:51:00+02:00,1721.430,1721.510,1720.960,1721.060,44
SQ:XAUUSD,2020-04-14T11:52:00+02:00,1721.060,1721.200,1720.240,1720.280,30
SQ:XAUUSD,2020-04-14T11:53:00+02:00,1720.350,1720.850,1720.120,1720.170,50
SQ:XAUUSD,2020-04-14T11:54:00+02:00,1720.200,1720.900,1720.000,1720.040,68
SQ:XAUUSD,2020-04-14T11:55:00+02:00,1720.040,1720.590,1720.020,1720.320,54
SQ:XAUUSD,2020-04-14T11:56:00+02:00,1720.320,1720.700,1720.270,1720.560,62
SQ:XAUUSD,2020-04-14T11:57:00+02:00,1720.690,1720.850,1720.510,1720.640,39
SQ:XAUUSD,2020-04-14T11:58:00+02:00,1720.610,1721.030,1719.680,1720.410,69
SQ:XAUUSD,2020-04-14T11:59:00+02:00,1720.410,1720.410,1719.610,1719.640,33
SQ:XAUUSD,2020-04-14T12:00:00+02:00,1719.670,1720.190,1718.830,1719.500,67
SQ:XAUUSD,2020-04-14T12:01:00+02:00,1719.500,1720.120,1719.500,1719.840,30
SQ:XAUUSD,2020-04-14T12:02:00+02:00,1719.840,1720.240,1719.760,1720.140,30
SQ:XAUUSD,2020-04-14T12:03:00+02:00,1720.140,1720.830,1720.000,1720.480,114
SQ:XAUUSD,2020-04-14T12:04:00+02:00,1720.510,1720.720,1720.100,1720.440,74
SQ:XAUUSD,2020-04-14T12:05:00+02:00,1720.380,1721.130,1720.160,1720.490,71
SQ:XAUUSD,2020-04-14T12:06:00+02:00,1720.450,1720.510,1719.420,1719.590,94
SQ:XAUUSD,2020-04-14T12:07:00+02:00,1719.630,1720.270,1719.630,1719.890,58
SQ:XAUUSD,2020-04-14T12:08:00+02:00,1719.890,1720.410,1719.820,1719.970,62
SQ:XAUUSD,2020-04-14T12:09:00+02:00,1719.970,1720.100,1719.440,1719.840,61
SQ:XAUUSD,2020-04-14T12:10:00+02:00,1719.830,1720.080,1719.750,1719.980,28
SQ:XAUUSD,2020-04-14T12:11:00+02:00,1719.950,1720.510,1719.910,1720.440,34
SQ:XAUUSD,2020-04-14T12:12:00+02:00,1720.440,1720.440,1719.810,1719.810,32
SQ:XAUUSD,2020-04-14T12:13:00+02:00,1719.810,1720.240,1718.980,1718.980,50
SQ:XAUUSD,2020-04-14T12:14:00+02:00,1718.940,1719.020,1717.810,1717.920,84
SQ:XAUUSD,2020-04-14T12:15:00+02:00,1718.020,1718.800,1717.900,1718.150,100
SQ:XAUUSD,2020-04-14T12:16:00+02:00,1718.220,1719.990,1718.100,1719.280,65
SQ:XAUUSD,2020-04-14T12:17:00+02:00,1719.280,1719.530,1718.910,1718.940,31
SQ:XAUUSD,2020-04-14T12:18:00+02:00,1718.910,1719.760,1718.680,1719.490,64
SQ:XAUUSD,2020-04-14T12:19:00+02:00,1719.490,1719.590,1718.870,1719.140,54
SQ:XAUUSD,2020-04-14T12:20:00+02:00,1719.190,1719.800,1718.860,1719.750,54
SQ:XAUUSD,2020-04-14T12:21:00+02:00,1719.750,1719.920,1719.020,1719.230,63
SQ:XAUUSD,2020-04-14T12:22:00+02:00,1719.280,1719.790,1719.140,1719.680,47
SQ:XAUUSD,2020-04-14T12:23:00+02:00,1719.680,1720.230,1719.430,1719.620,38
SQ:XAUUSD,2020-04-14T12:24:00+02:00,1719.740,1720.060,1719.740,1719.870,25
SQ:XAUUSD,2020-04-14T12:25:00+02:00,1719.950,1721.430,1719.640,1721.360,40
SQ:XAUUSD,2020-04-14T12:26:00+02:00,1721.360,1721.420,1720.490,1721.100,50
SQ:XAUUSD,2020-04-14T12:27:00+02:00,1720.900,1721.160,1720.840,1720.990,53
SQ:XAUUSD,2020-04-14T12:28:00+02:00,1721.050,1721.080,1720.900,1721.050,15
SQ:XAUUSD,2020-04-14T12:29:00+02:00,1721.010,1721.100,1720.960,1721.040,34
SQ:XAUUSD,2020-04-14T12:30:00+02:00,1721.040,1721.040,1720.380,1720.490,41
SQ:XAUUSD,2020-04-14T12:31:00+02:00,1720.490,1720.958,1720.160,1720.494,44
SQ:XAUUSD,2020-04-14T12:32:00+02:00,1720.568,1720.818,1720.110,1720.110,53
SQ:XAUUSD,2020-04-14T12:33:00+02:00,1720.060,1720.150,1719.880,1719.910,29
SQ:XAUUSD,2020-04-14T12:34:00+02:00,1719.900,1720.220,1719.000,1719.110,44
SQ:XAUUSD,2020-04-14T12:35:00+02:00,1719.120,1719.900,1718.740,1719.780,75
SQ:XAUUSD,2020-04-14T12:36:00+02:00,1719.780,1720.060,1719.770,1720.040,36
SQ:XAUUSD,2020-04-14T12:37:00+02:00,1720.030,1720.040,1719.090,1719.580,92
SQ:XAUUSD,2020-04-14T12:38:00+02:00,1719.540,1720.610,1718.320,1720.170,210
SQ:XAUUSD,2020-04-14T12:39:00+02:00,1720.180,1720.280,1718.730,1719.140,174
SQ:XAUUSD,2020-04-14T12:40:00+02:00,1719.140,1719.370,1717.880,1719.200,126
SQ:XAUUSD,2020-04-14T12:41:00+02:00,1719.200,1720.510,1719.110,1719.800,140
SQ:XAUUSD,2020-04-14T12:42:00+02:00,1719.800,1719.800,1718.550,1718.690,85
SQ:XAUUSD,2020-04-14T12:43:00+02:00,1718.730,1721.340,1718.730,1721.160,174
SQ:XAUUSD,2020-04-14T12:44:00+02:00,1721.160,1721.670,1719.920,1720.800,122
SQ:XAUUSD,2020-04-14T12:45:00+02:00,1720.560,1721.070,1720.040,1721.000,55
SQ:XAUUSD,2020-04-14T12:46:00+02:00,1721.000,1721.460,1720.800,1721.030,52
SQ:XAUUSD,2020-04-14T12:47:00+02:00,1721.060,1721.420,1720.850,1720.850,64
SQ:XAUUSD,2020-04-14T12:48:00+02:00,1721.010,1721.400,1720.190,1720.290,70
SQ:XAUUSD,2020-04-14T12:49:00+02:00,1720.290,1720.290,1719.030,1719.370,74
SQ:XAUUSD,2020-04-14T12:50:00+02:00,1719.410,1720.000,1719.250,1719.910,49
SQ:XAUUSD,2020-04-14T12:51:00+02:00,1719.910,1720.000,1719.160,1719.160,36
SQ:XAUUSD,2020-04-14T12:52:00+02:00,1719.180,1720.180,1719.010,1719.560,55
SQ:XAUUSD,2020-04-14T12:53:00+02:00,1719.560,1719.950,1718.400,1719.130,75
SQ:XAUUSD,2020-04-14T12:54:00+02:00,1719.120,1719.820,1718.970,1719.680,69
SQ:XAUUSD,2020-04-14T12:55:00+02:00,1719.620,1720.160,1719.610,1719.880,47
SQ:XAUUSD,2020-04-14T12:56:00+02:00,1719.880,1720.330,1718.950,1718.950,86
SQ:XAUUSD,2020-04-14T12:57:00+02:00,1718.950,1720.910,1718.950,1720.660,45
SQ:XAUUSD,2020-04-14T12:58:00+02:00,1720.660,1721.910,1720.440,1721.860,45
SQ:XAUUSD,2020-04-14T12:59:00+02:00,1721.910,1722.010,1721.110,1721.310,38
SQ:XAUUSD,2020-04-14T13:00:00+02:00,1721.310,1721.310,1719.640,1719.700,85
SQ:XAUUSD,2020-04-14T13:01:00+02:00,1719.650,1720.390,1719.470,1719.490,121
SQ:XAUUSD,2020-04-14T13:02:00+02:00,1719.480,1720.230,1718.440,1719.710,225
SQ:XAUUSD,2020-04-14T13:03:00+02:00,1719.710,1721.060,1719.710,1720.650,100
SQ:XAUUSD,2020-04-14T13:04:00+02:00,1720.660,1722.760,1720.520,1722.540,84
SQ:XAUUSD,2020-04-14T13:05:00+02:00,1722.490,1722.930,1721.930,1722.540,117
SQ:XAUUSD,2020-04-14T13:06:00+02:00,1722.540,1722.690,1720.410,1720.610,129
SQ:XAUUSD,2020-04-14T13:07:00+02:00,1720.610,1721.230,1720.550,1720.990,63
SQ:XAUUSD,2020-04-14T13:08:00+02:00,1721.010,1721.150,1719.370,1719.442,61
SQ:XAUUSD,2020-04-14T13:09:00+02:00,1719.442,1720.440,1719.150,1720.000,155
SQ:XAUUSD,2020-04-14T13:10:00+02:00,1720.000,1720.470,1719.360,1720.260,74
SQ:XAUUSD,2020-04-14T13:11:00+02:00,1720.260,1720.350,1718.120,1719.320,120
SQ:XAUUSD,2020-04-14T13:12:00+02:00,1719.310,1720.570,1718.920,1720.210,175
SQ:XAUUSD,2020-04-14T13:13:00+02:00,1720.200,1720.940,1719.280,1720.270,111
SQ:XAUUSD,2020-04-14T13:14:00+02:00,1720.260,1720.300,1719.660,1719.720,71
SQ:XAUUSD,2020-04-14T13:15:00+02:00,1719.670,1720.190,1718.900,1719.030,55
SQ:XAUUSD,2020-04-14T13:16:00+02:00,1719.040,1719.500,1719.040,1719.120,35
SQ:XAUUSD,2020-04-14T13:17:00+02:00,1719.110,1720.020,1717.120,1719.380,80
SQ:XAUUSD,2020-04-14T13:18:00+02:00,1719.380,1719.660,1719.040,1719.040,36
SQ:XAUUSD,2020-04-14T13:19:00+02:00,1719.040,1719.440,1718.840,1718.840,37
SQ:XAUUSD,2020-04-14T13:20:00+02:00,1718.840,1719.170,1717.550,1718.120,137
SQ:XAUUSD,2020-04-14T13:21:00+02:00,1718.120,1719.060,1718.120,1718.800,57
SQ:XAUUSD,2020-04-14T13:22:00+02:00,1718.810,1720.210,1718.690,1720.110,81
SQ:XAUUSD,2020-04-14T13:23:00+02:00,1720.050,1720.380,1719.580,1719.980,73
SQ:XAUUSD,2020-04-14T13:24:00+02:00,1719.990,1720.550,1718.990,1719.080,79
SQ:XAUUSD,2020-04-14T13:25:00+02:00,1719.010,1719.180,1717.490,1718.820,80
SQ:XAUUSD,2020-04-14T13:26:00+02:00,1718.820,1719.198,1717.460,1717.700,61
SQ:XAUUSD,2020-04-14T13:27:00+02:00,1717.640,1718.630,1717.560,1718.590,74
SQ:XAUUSD,2020-04-14T13:28:00+02:00,1718.590,1719.600,1718.520,1719.450,34
SQ:XAUUSD,2020-04-14T13:29:00+02:00,1719.450,1720.060,1719.400,1720.060,21
SQ:XAUUSD,2020-04-14T13:30:00+02:00,1720.060,1720.580,1719.830,1720.230,52
SQ:XAUUSD,2020-04-14T13:31:00+02:00,1720.150,1721.270,1720.050,1720.990,92
SQ:XAUUSD,2020-04-14T13:32:00+02:00,1721.030,1721.340,1718.680,1719.470,158
SQ:XAUUSD,2020-04-14T13:33:00+02:00,1719.470,1719.470,1719.160,1719.370,44
SQ:XAUUSD,2020-04-14T13:34:00+02:00,1719.370,1719.370,1718.500,1718.940,47
SQ:XAUUSD,2020-04-14T13:35:00+02:00,1718.920,1719.020,1718.550,1718.550,23
SQ:XAUUSD,2020-04-14T13:36:00+02:00,1718.580,1719.770,1718.580,1719.580,71
SQ:XAUUSD,2020-04-14T13:37:00+02:00,1719.620,1720.380,1718.710,1719.530,128
SQ:XAUUSD,2020-04-14T13:38:00+02:00,1719.520,1720.490,1718.700,1719.250,116
SQ:XAUUSD,2020-04-14T13:39:00+02:00,1719.250,1720.690,1719.090,1719.340,119
SQ:XAUUSD,2020-04-14T13:40:00+02:00,1719.400,1719.610,1718.660,1718.840,78
SQ:XAUUSD,2020-04-14T13:41:00+02:00,1718.840,1719.040,1718.130,1718.610,42
SQ:XAUUSD,2020-04-14T13:42:00+02:00,1718.610,1719.450,1718.390,1718.550,60
SQ:XAUUSD,2020-04-14T13:43:00+02:00,1718.600,1719.100,1718.110,1718.290,125
SQ:XAUUSD,2020-04-14T13:44:00+02:00,1718.340,1718.650,1717.660,1717.800,55
SQ:XAUUSD,2020-04-14T13:45:00+02:00,1717.820,1718.280,1717.650,1718.100,64
SQ:XAUUSD,2020-04-14T13:46:00+02:00,1718.100,1719.130,1717.860,1719.130,46
SQ:XAUUSD,2020-04-14T13:47:00+02:00,1719.130,1721.440,1718.730,1721.310,96
SQ:XAUUSD,2020-04-14T13:48:00+02:00,1721.280,1721.960,1720.840,1721.250,121
SQ:XAUUSD,2020-04-14T13:49:00+02:00,1721.250,1722.170,1720.080,1721.360,132
SQ:XAUUSD,2020-04-14T13:50:00+02:00,1720.500,1721.480,1720.000,1721.040,84
SQ:XAUUSD,2020-04-14T13:51:00+02:00,1721.210,1721.420,1719.370,1720.210,114
SQ:XAUUSD,2020-04-14T13:52:00+02:00,1720.190,1720.300,1718.790,1718.830,96
SQ:XAUUSD,2020-04-14T13:53:00+02:00,1718.830,1719.050,1718.690,1719.050,43
SQ:XAUUSD,2020-04-14T13:54:00+02:00,1719.050,1719.270,1718.400,1718.850,64
SQ:XAUUSD,2020-04-14T13:55:00+02:00,1718.850,1719.830,1718.850,1719.720,79
SQ:XAUUSD,2020-04-14T13:56:00+02:00,1719.640,1719.910,1719.400,1719.780,59
SQ:XAUUSD,2020-04-14T13:57:00+02:00,1719.780,1720.680,1719.780,1720.680,68
SQ:XAUUSD,2020-04-14T13:58:00+02:00,1720.640,1721.170,1720.450,1721.140,75
SQ:XAUUSD,2020-04-14T13:59:00+02:00,1721.130,1721.520,1719.840,1720.220,95
SQ:XAUUSD,2020-04-14T14:00:00+02:00,1720.570,1721.720,1720.390,1721.720,116
SQ:XAUUSD,2020-04-14T14:01:00+02:00,1721.710,1722.520,1721.360,1722.280,117
SQ:XAUUSD,2020-04-14T14:02:00+02:00,1722.110,1722.500,1721.760,1721.970,120
SQ:XAUUSD,2020-04-14T14:03:00+02:00,1721.970,1723.150,1721.840,1722.990,179
SQ:XAUUSD,2020-04-14T14:04:00+02:00,1722.990,1723.560,1721.420,1722.430,112
SQ:XAUUSD,2020-04-14T14:05:00+02:00,1722.410,1722.750,1721.800,1722.720,72
SQ:XAUUSD,2020-04-14T14:06:00+02:00,1722.710,1723.310,1722.670,1723.190,56
SQ:XAUUSD,2020-04-14T14:07:00+02:00,1723.190,1723.590,1722.750,1723.130,158
SQ:XAUUSD,2020-04-14T14:08:00+02:00,1723.130,1723.930,1722.650,1723.230,102
SQ:XAUUSD,2020-04-14T14:09:00+02:00,1723.260,1723.290,1721.960,1722.180,100
SQ:XAUUSD,2020-04-14T14:10:00+02:00,1722.180,1722.690,1721.960,1722.430,94
SQ:XAUUSD,2020-04-14T14:11:00+02:00,1722.430,1723.820,1722.090,1723.660,175
SQ:XAUUSD,2020-04-14T14:12:00+02:00,1723.660,1724.300,1723.320,1723.400,79
SQ:XAUUSD,2020-04-14T14:13:00+02:00,1723.400,1724.000,1723.390,1723.390,100
SQ:XAUUSD,2020-04-14T14:14:00+02:00,1723.520,1723.860,1722.980,1723.230,68
SQ:XAUUSD,2020-04-14T14:15:00+02:00,1723.230,1723.700,1722.930,1723.420,69
SQ:XAUUSD,2020-04-14T14:16:00+02:00,1723.430,1725.580,1723.430,1725.410,252
SQ:XAUUSD,2020-04-14T14:17:00+02:00,1725.410,1725.690,1724.650,1724.830,209
SQ:XAUUSD,2020-04-14T14:18:00+02:00,1724.830,1724.930,1723.380,1723.610,107
SQ:XAUUSD,2020-04-14T14:19:00+02:00,1723.590,1725.280,1723.590,1724.240,144
SQ:XAUUSD,2020-04-14T14:20:00+02:00,1724.240,1726.440,1723.580,1725.610,311
SQ:XAUUSD,2020-04-14T14:21:00+02:00,1725.610,1726.890,1724.620,1726.100,150
SQ:XAUUSD,2020-04-14T14:22:00+02:00,1726.100,1726.740,1724.560,1726.700,160
SQ:XAUUSD,2020-04-14T14:23:00+02:00,1726.700,1728.400,1726.560,1727.700,213
SQ:XAUUSD,2020-04-14T14:24:00+02:00,1727.720,1729.490,1727.470,1728.590,156
SQ:XAUUSD,2020-04-14T14:25:00+02:00,1728.590,1728.840,1727.520,1727.520,92
SQ:XAUUSD,2020-04-14T14:26:00+02:00,1727.580,1728.520,1727.310,1728.230,161
SQ:XAUUSD,2020-04-14T14:27:00+02:00,1728.150,1728.150,1727.590,1728.030,72
SQ:XAUUSD,2020-04-14T14:28:00+02:00,1728.010,1729.388,1727.940,1729.230,202
SQ:XAUUSD,2020-04-14T14:29:00+02:00,1729.230,1729.418,1728.080,1728.990,260
SQ:XAUUSD,2020-04-14T14:30:00+02:00,1729.280,1729.530,1727.690,1728.750,149
SQ:XAUUSD,2020-04-14T14:31:00+02:00,1728.670,1729.610,1727.980,1728.780,121
SQ:XAUUSD,2020-04-14T14:32:00+02:00,1728.780,1730.140,1728.460,1729.010,147
SQ:XAUUSD,2020-04-14T14:33:00+02:00,1729.010,1729.730,1728.110,1729.070,110
SQ:XAUUSD,2020-04-14T14:34:00+02:00,1729.070,1730.680,1729.070,1729.340,160
SQ:XAUUSD,2020-04-14T14:35:00+02:00,1729.340,1730.690,1729.340,1730.130,270
SQ:XAUUSD,2020-04-14T14:36:00+02:00,1730.130,1730.240,1729.480,1730.080,117
SQ:XAUUSD,2020-04-14T14:37:00+02:00,1730.140,1730.268,1729.520,1730.170,123
SQ:XAUUSD,2020-04-14T14:38:00+02:00,1730.170,1730.380,1728.840,1729.460,314
SQ:XAUUSD,2020-04-14T14:39:00+02:00,1729.460,1730.698,1727.930,1728.418,310
SQ:XAUUSD,2020-04-14T14:40:00+02:00,1728.178,1729.464,1727.180,1727.766,166
SQ:XAUUSD,2020-04-14T14:41:00+02:00,1727.836,1728.698,1726.350,1727.730,196
SQ:XAUUSD,2020-04-14T14:42:00+02:00,1727.730,1727.800,1726.760,1726.770,78
SQ:XAUUSD,2020-04-14T14:43:00+02:00,1726.860,1727.050,1725.810,1726.460,141
SQ:XAUUSD,2020-04-14T14:44:00+02:00,1726.460,1727.530,1725.770,1725.818,116
SQ:XAUUSD,2020-04-14T14:45:00+02:00,1725.834,1725.914,1724.630,1725.300,199
SQ:XAUUSD,2020-04-14T14:46:00+02:00,1725.340,1727.780,1724.730,1727.660,146
SQ:XAUUSD,2020-04-14T14:47:00+02:00,1727.660,1728.580,1727.590,1728.230,183
SQ:XAUUSD,2020-04-14T14:48:00+02:00,1728.230,1728.230,1726.280,1726.330,98
SQ:XAUUSD,2020-04-14T14:49:00+02:00,1726.330,1727.670,1726.330,1726.660,109
SQ:XAUUSD,2020-04-14T14:50:00+02:00,1726.580,1727.340,1726.016,1726.820,192
SQ:XAUUSD,2020-04-14T14:51:00+02:00,1726.900,1727.056,1725.838,1726.090,116
SQ:XAUUSD,2020-04-14T14:52:00+02:00,1726.050,1727.220,1726.000,1727.220,131
SQ:XAUUSD,2020-04-14T14:53:00+02:00,1727.220,1727.760,1726.250,1726.536,133
SQ:XAUUSD,2020-04-14T14:54:00+02:00,1726.518,1728.280,1726.460,1727.930,181
SQ:XAUUSD,2020-04-14T14:55:00+02:00,1728.220,1728.690,1727.740,1727.870,141
SQ:XAUUSD,2020-04-14T14:56:00+02:00,1727.940,1729.270,1727.640,1728.550,129
SQ:XAUUSD,2020-04-14T14:57:00+02:00,1728.510,1729.660,1728.300,1729.140,110
SQ:XAUUSD,2020-04-14T14:58:00+02:00,1729.140,1730.154,1729.140,1729.998,231
SQ:XAUUSD,2020-04-14T14:59:00+02:00,1729.998,1730.214,1729.510,1729.910,166
SQ:XAUUSD,2020-04-14T15:00:00+02:00,1729.980,1730.140,1728.830,1728.870,210
SQ:XAUUSD,2020-04-14T15:01:00+02:00,1728.888,1730.014,1727.990,1728.690,131
SQ:XAUUSD,2020-04-14T15:02:00+02:00,1729.550,1730.530,1727.980,1729.330,179
SQ:XAUUSD,2020-04-14T15:03:00+02:00,1729.330,1729.330,1727.320,1728.160,77
SQ:XAUUSD,2020-04-14T15:04:00+02:00,1728.160,1728.230,1727.270,1727.800,116
SQ:XAUUSD,2020-04-14T15:05:00+02:00,1727.800,1728.770,1727.490,1728.430,90
SQ:XAUUSD,2020-04-14T15:06:00+02:00,1728.430,1728.780,1727.840,1728.410,190
SQ:XAUUSD,2020-04-14T15:07:00+02:00,1728.380,1728.510,1727.430,1727.490,133
SQ:XAUUSD,2020-04-14T15:08:00+02:00,1727.490,1728.000,1727.320,1727.720,103
SQ:XAUUSD,2020-04-14T15:09:00+02:00,1727.720,1728.540,1727.720,1728.360,65
SQ:XAUUSD,2020-04-14T15:10:00+02:00,1728.360,1728.440,1727.130,1727.430,86
SQ:XAUUSD,2020-04-14T15:11:00+02:00,1727.430,1728.460,1727.160,1728.460,72
SQ:XAUUSD,2020-04-14T15:12:00+02:00,1728.490,1728.690,1728.100,1728.630,44
SQ:XAUUSD,2020-04-14T15:13:00+02:00,1728.630,1730.450,1728.480,1729.620,147
SQ:XAUUSD,2020-04-14T15:14:00+02:00,1729.590,1730.470,1728.710,1728.820,143
SQ:XAUUSD,2020-04-14T15:15:00+02:00,1728.810,1730.650,1728.640,1730.500,169
SQ:XAUUSD,2020-04-14T15:16:00+02:00,1730.500,1730.500,1728.790,1729.290,77
SQ:XAUUSD,2020-04-14T15:17:00+02:00,1729.290,1730.000,1729.040,1729.650,99
SQ:XAUUSD,2020-04-14T15:18:00+02:00,1729.620,1730.210,1729.100,1730.150,79
SQ:XAUUSD,2020-04-14T15:19:00+02:00,1730.120,1730.730,1729.950,1730.030,128
SQ:XAUUSD,2020-04-14T15:20:00+02:00,1730.100,1731.110,1729.710,1731.110,167
SQ:XAUUSD,2020-04-14T15:21:00+02:00,1731.100,1731.240,1730.430,1730.590,130
SQ:XAUUSD,2020-04-14T15:22:00+02:00,1730.540,1730.540,1728.920,1729.010,246
SQ:XAUUSD,2020-04-14T15:23:00+02:00,1728.950,1729.310,1728.580,1729.290,249
SQ:XAUUSD,2020-04-14T15:24:00+02:00,1729.280,1730.470,1729.250,1730.290,128
SQ:XAUUSD,2020-04-14T15:25:00+02:00,1730.350,1730.830,1729.820,1730.190,120
SQ:XAUUSD,2020-04-14T15:26:00+02:00,1730.190,1730.280,1728.520,1728.740,192
SQ:XAUUSD,2020-04-14T15:27:00+02:00,1728.750,1729.740,1728.076,1729.720,311
SQ:XAUUSD,2020-04-14T15:28:00+02:00,1729.720,1729.760,1728.960,1729.530,53
SQ:XAUUSD,2020-04-14T15:29:00+02:00,1729.530,1729.710,1728.500,1728.530,122
SQ:XAUUSD,2020-04-14T15:30:00+02:00,1728.530,1729.920,1726.060,1727.680,350
SQ:XAUUSD,2020-04-14T15:31:00+02:00,1727.710,1729.500,1727.710,1729.140,288
SQ:XAUUSD,2020-04-14T15:32:00+02:00,1729.210,1731.510,1729.210,1730.750,269
SQ:XAUUSD,2020-04-14T15:33:00+02:00,1730.750,1731.230,1730.060,1730.820,233
SQ:XAUUSD,2020-04-14T15:34:00+02:00,1730.770,1731.600,1729.020,1729.310,222
SQ:XAUUSD,2020-04-14T15:35:00+02:00,1729.310,1731.420,1728.790,1731.340,288
SQ:XAUUSD,2020-04-14T15:36:00+02:00,1731.310,1731.970,1729.980,1730.780,308
SQ:XAUUSD,2020-04-14T15:37:00+02:00,1730.780,1731.156,1729.500,1729.610,403
SQ:XAUUSD,2020-04-14T15:38:00+02:00,1729.610,1732.020,1729.510,1731.790,227
SQ:XAUUSD,2020-04-14T15:39:00+02:00,1732.000,1732.160,1731.340,1731.340,221
SQ:XAUUSD,2020-04-14T15:40:00+02:00,1731.340,1731.340,1729.300,1729.440,242
SQ:XAUUSD,2020-04-14T15:41:00+02:00,1729.440,1729.970,1728.990,1729.204,133
SQ:XAUUSD,2020-04-14T15:42:00+02:00,1729.124,1731.290,1728.990,1731.290,236
SQ:XAUUSD,2020-04-14T15:43:00+02:00,1731.290,1732.250,1730.780,1732.080,145
SQ:XAUUSD,2020-04-14T15:44:00+02:00,1732.130,1732.960,1731.850,1732.820,211
SQ:XAUUSD,2020-04-14T15:45:00+02:00,1732.780,1733.170,1731.470,1732.630,239
SQ:XAUUSD,2020-04-14T15:46:00+02:00,1732.630,1734.980,1732.630,1733.680,312
SQ:XAUUSD,2020-04-14T15:47:00+02:00,1733.720,1734.970,1733.530,1734.710,332
SQ:XAUUSD,2020-04-14T15:48:00+02:00,1734.710,1735.790,1733.810,1734.390,256
SQ:XAUUSD,2020-04-14T15:49:00+02:00,1734.390,1736.520,1734.330,1735.580,255
SQ:XAUUSD,2020-04-14T15:50:00+02:00,1735.580,1735.860,1734.130,1734.130,141
SQ:XAUUSD,2020-04-14T15:51:00+02:00,1734.130,1736.030,1734.130,1735.370,187
SQ:XAUUSD,2020-04-14T15:52:00+02:00,1735.370,1736.200,1735.120,1736.120,170
SQ:XAUUSD,2020-04-14T15:53:00+02:00,1736.150,1736.800,1734.980,1734.980,409
SQ:XAUUSD,2020-04-14T15:54:00+02:00,1734.980,1735.850,1734.960,1735.250,526
SQ:XAUUSD,2020-04-14T15:55:00+02:00,1735.550,1735.800,1734.040,1735.170,270
SQ:XAUUSD,2020-04-14T15:56:00+02:00,1735.140,1736.190,1734.980,1735.330,124
SQ:XAUUSD,2020-04-14T15:57:00+02:00,1735.330,1736.260,1735.030,1735.340,97
SQ:XAUUSD,2020-04-14T15:58:00+02:00,1735.340,1737.560,1735.310,1737.120,337
SQ:XAUUSD,2020-04-14T15:59:00+02:00,1737.476,1737.556,1736.090,1736.310,355
SQ:XAUUSD,2020-04-14T16:00:00+02:00,1736.310,1738.060,1736.170,1737.410,450
SQ:XAUUSD,2020-04-14T16:01:00+02:00,1737.390,1739.122,1737.280,1738.414,296
SQ:XAUUSD,2020-04-14T16:02:00+02:00,1738.584,1739.870,1737.960,1739.124,261
SQ:XAUUSD,2020-04-14T16:03:00+02:00,1739.124,1739.898,1737.980,1739.270,306
SQ:XAUUSD,2020-04-14T16:04:00+02:00,1739.270,1739.670,1738.826,1738.920,218
SQ:XAUUSD,2020-04-14T16:05:00+02:00,1738.920,1739.306,1737.090,1738.370,286
SQ:XAUUSD,2020-04-14T16:06:00+02:00,1737.866,1738.832,1737.756,1737.890,303
SQ:XAUUSD,2020-04-14T16:07:00+02:00,1737.890,1738.830,1737.730,1737.990,220
SQ:XAUUSD,2020-04-14T16:08:00+02:00,1738.000,1738.900,1737.610,1738.396,259
SQ:XAUUSD,2020-04-14T16:09:00+02:00,1738.230,1738.576,1737.150,1738.320,244
SQ:XAUUSD,2020-04-14T16:10:00+02:00,1738.310,1739.520,1738.280,1739.350,263
SQ:XAUUSD,2020-04-14T16:11:00+02:00,1739.350,1739.800,1738.360,1738.530,158
SQ:XAUUSD,2020-04-14T16:12:00+02:00,1738.530,1739.990,1738.470,1739.732,274
SQ:XAUUSD,2020-04-14T16:13:00+02:00,1739.710,1739.902,1738.950,1739.630,262
SQ:XAUUSD,2020-04-14T16:14:00+02:00,1739.630,1740.090,1739.100,1739.618,343
SQ:XAUUSD,2020-04-14T16:15:00+02:00,1739.648,1740.150,1739.300,1739.400,279
SQ:XAUUSD,2020-04-14T16:16:00+02:00,1739.440,1740.110,1738.890,1739.188,339
SQ:XAUUSD,2020-04-14T16:17:00+02:00,1739.158,1739.466,1739.158,1739.358,32
SQ:XAUUSD,2020-04-14T16:26:00+02:00,1746.590,1746.590,1744.060,1744.270,82
SQ:XAUUSD,2020-04-14T16:27:00+02:00,1744.270,1744.270,1743.010,1743.070,203
SQ:XAUUSD,2020-04-14T16:28:00+02:00,1743.070,1743.892,1742.630,1742.930,258
SQ:XAUUSD,2020-04-14T16:29:00+02:00,1742.860,1742.930,1741.420,1742.210,281
SQ:XAUUSD,2020-04-14T16:30:00+02:00,1742.210,1743.490,1742.000,1742.480,309
SQ:XAUUSD,2020-04-14T16:31:00+02:00,1742.198,1743.180,1739.524,1742.800,425
SQ:XAUUSD,2020-04-14T16:32:00+02:00,1742.750,1744.940,1742.590,1744.630,338
SQ:XAUUSD,2020-04-14T16:33:00+02:00,1744.630,1744.730,1743.540,1744.480,302
SQ:XAUUSD,2020-04-14T16:34:00+02:00,1744.480,1744.660,1743.770,1744.330,301
SQ:XAUUSD,2020-04-14T16:35:00+02:00,1744.330,1744.490,1743.270,1744.440,227
SQ:XAUUSD,2020-04-14T16:36:00+02:00,1744.410,1745.800,1744.320,1744.500,168
SQ:XAUUSD,2020-04-14T16:37:00+02:00,1744.500,1744.520,1743.140,1743.280,167
SQ:XAUUSD,2020-04-14T16:38:00+02:00,1743.280,1744.160,1743.150,1743.950,171
SQ:XAUUSD,2020-04-14T16:39:00+02:00,1744.040,1744.950,1743.204,1744.650,263
SQ:XAUUSD,2020-04-14T16:40:00+02:00,1744.540,1746.090,1744.430,1745.590,219
SQ:XAUUSD,2020-04-14T16:41:00+02:00,1745.660,1746.220,1743.574,1743.744,234
SQ:XAUUSD,2020-04-14T16:42:00+02:00,1743.754,1743.784,1742.400,1742.870,261
SQ:XAUUSD,2020-04-14T16:43:00+02:00,1742.870,1743.550,1742.460,1743.130,170
SQ:XAUUSD,2020-04-14T16:44:00+02:00,1743.130,1743.760,1742.670,1743.120,202
SQ:XAUUSD,2020-04-14T16:45:00+02:00,1743.170,1743.590,1742.340,1743.000,194
SQ:XAUUSD,2020-04-14T16:46:00+02:00,1743.000,1743.420,1742.190,1742.330,164
SQ:XAUUSD,2020-04-14T16:47:00+02:00,1742.330,1743.010,1741.970,1742.110,152
SQ:XAUUSD,2020-04-14T16:48:00+02:00,1742.070,1742.260,1740.600,1741.600,190
SQ:XAUUSD,2020-04-14T16:49:00+02:00,1741.600,1742.430,1741.400,1742.020,265
SQ:XAUUSD,2020-04-14T16:50:00+02:00,1742.020,1742.400,1741.600,1741.710,299
SQ:XAUUSD,2020-04-14T16:51:00+02:00,1741.740,1742.040,1739.540,1739.840,299
SQ:XAUUSD,2020-04-14T16:52:00+02:00,1739.840,1740.090,1738.640,1738.730,337
SQ:XAUUSD,2020-04-14T16:53:00+02:00,1738.680,1739.250,1737.530,1737.950,292
SQ:XAUUSD,2020-04-14T16:54:00+02:00,1737.830,1738.520,1736.480,1736.590,285
SQ:XAUUSD,2020-04-14T16:55:00+02:00,1736.390,1738.430,1735.560,1736.000,264
SQ:XAUUSD,2020-04-14T16:56:00+02:00,1736.000,1736.310,1733.870,1735.800,332
SQ:XAUUSD,2020-04-14T16:57:00+02:00,1735.800,1735.920,1732.140,1733.420,287
SQ:XAUUSD,2020-04-14T16:58:00+02:00,1733.420,1733.840,1729.600,1732.590,429
SQ:XAUUSD,2020-04-14T16:59:00+02:00,1732.590,1733.490,1731.030,1731.300,337
SQ:XAUUSD,2020-04-14T17:00:00+02:00,1731.370,1734.190,1730.950,1733.010,415
SQ:XAUUSD,2020-04-14T17:01:00+02:00,1732.840,1735.170,1731.000,1734.670,309
SQ:XAUUSD,2020-04-14T17:02:00+02:00,1734.720,1736.260,1734.530,1735.390,267
SQ:XAUUSD,2020-04-14T17:03:00+02:00,1735.330,1735.410,1730.910,1730.910,336
SQ:XAUUSD,2020-04-14T17:04:00+02:00,1730.910,1733.140,1730.910,1732.230,205
SQ:XAUUSD,2020-04-14T17:05:00+02:00,1732.130,1732.130,1729.020,1730.150,307
SQ:XAUUSD,2020-04-14T17:06:00+02:00,1730.150,1730.590,1729.060,1730.140,197
SQ:XAUUSD,2020-04-14T17:07:00+02:00,1730.140,1731.320,1729.970,1730.220,213
SQ:XAUUSD,2020-04-14T17:08:00+02:00,1730.120,1730.120,1729.270,1729.520,186
SQ:XAUUSD,2020-04-14T17:09:00+02:00,1729.520,1731.320,1729.470,1729.710,233
SQ:XAUUSD,2020-04-14T17:10:00+02:00,1729.710,1731.350,1729.430,1729.750,243
SQ:XAUUSD,2020-04-14T17:11:00+02:00,1729.720,1730.020,1725.580,1726.310,481
SQ:XAUUSD,2020-04-14T17:12:00+02:00,1726.220,1728.840,1724.130,1726.640,365
SQ:XAUUSD,2020-04-14T17:13:00+02:00,1726.620,1730.320,1726.620,1729.710,351
SQ:XAUUSD,2020-04-14T17:14:00+02:00,1729.720,1730.740,1729.510,1730.380,198
SQ:XAUUSD,2020-04-14T17:15:00+02:00,1730.380,1731.600,1728.220,1730.930,353
SQ:XAUUSD,2020-04-14T17:16:00+02:00,1730.920,1732.620,1730.850,1731.000,364
SQ:XAUUSD,2020-04-14T17:17:00+02:00,1731.020,1731.760,1730.440,1731.240,155
SQ:XAUUSD,2020-04-14T17:18:00+02:00,1731.240,1731.240,1729.980,1730.850,185
SQ:XAUUSD,2020-04-14T17:19:00+02:00,1730.890,1731.690,1730.690,1731.310,240
SQ:XAUUSD,2020-04-14T17:20:00+02:00,1731.310,1731.380,1730.380,1730.380,224
SQ:XAUUSD,2020-04-14T17:21:00+02:00,1730.530,1731.426,1730.320,1731.260,159
SQ:XAUUSD,2020-04-14T17:22:00+02:00,1731.170,1731.802,1730.500,1731.676,216
SQ:XAUUSD,2020-04-14T17:23:00+02:00,1731.676,1732.326,1730.810,1731.790,228
SQ:XAUUSD,2020-04-14T17:24:00+02:00,1731.790,1731.850,1730.730,1730.770,172
SQ:XAUUSD,2020-04-14T17:25:00+02:00,1730.770,1731.670,1729.910,1731.260,217
SQ:XAUUSD,2020-04-14T17:26:00+02:00,1731.270,1732.850,1731.080,1731.970,152
SQ:XAUUSD,2020-04-14T17:27:00+02:00,1731.970,1732.950,1731.940,1732.700,190
SQ:XAUUSD,2020-04-14T17:28:00+02:00,1732.670,1734.460,1732.670,1734.090,273
SQ:XAUUSD,2020-04-14T17:29:00+02:00,1734.082,1734.590,1733.860,1734.200,207
SQ:XAUUSD,2020-04-14T17:30:00+02:00,1734.200,1734.910,1733.300,1733.720,265
SQ:XAUUSD,2020-04-14T17:31:00+02:00,1733.900,1735.700,1733.260,1735.280,191
SQ:XAUUSD,2020-04-14T17:32:00+02:00,1735.280,1735.440,1733.910,1734.250,205
SQ:XAUUSD,2020-04-14T17:33:00+02:00,1734.280,1734.750,1733.710,1734.126,128
SQ:XAUUSD,2020-04-14T17:34:00+02:00,1734.076,1734.520,1733.250,1733.790,139
SQ:XAUUSD,2020-04-14T17:35:00+02:00,1733.790,1734.260,1733.440,1733.920,138
SQ:XAUUSD,2020-04-14T17:36:00+02:00,1733.920,1734.660,1733.570,1734.380,99
SQ:XAUUSD,2020-04-14T17:37:00+02:00,1734.380,1735.860,1734.240,1735.860,107
SQ:XAUUSD,2020-04-14T17:38:00+02:00,1735.790,1736.290,1735.340,1735.340,115
SQ:XAUUSD,2020-04-14T17:39:00+02:00,1735.370,1735.900,1735.170,1735.750,66
SQ:XAUUSD,2020-04-14T17:40:00+02:00,1735.750,1735.750,1734.540,1734.910,123
SQ:XAUUSD,2020-04-14T17:41:00+02:00,1734.910,1735.420,1734.190,1734.210,146
SQ:XAUUSD,2020-04-14T17:42:00+02:00,1734.200,1734.200,1733.080,1733.380,157
SQ:XAUUSD,2020-04-14T17:43:00+02:00,1733.360,1733.410,1732.370,1732.370,136
SQ:XAUUSD,2020-04-14T17:44:00+02:00,1732.250,1733.430,1731.940,1733.220,114
SQ:XAUUSD,2020-04-14T17:45:00+02:00,1733.250,1733.680,1732.670,1732.880,110
SQ:XAUUSD,2020-04-14T17:46:00+02:00,1732.800,1733.950,1732.800,1733.430,92
SQ:XAUUSD,2020-04-14T17:47:00+02:00,1733.430,1734.040,1733.430,1733.730,64
SQ:XAUUSD,2020-04-14T17:48:00+02:00,1733.730,1735.670,1733.640,1735.510,112
SQ:XAUUSD,2020-04-14T17:49:00+02:00,1735.660,1735.950,1735.150,1735.450,144
SQ:XAUUSD,2020-04-14T17:50:00+02:00,1735.450,1735.500,1734.060,1734.470,182
SQ:XAUUSD,2020-04-14T17:51:00+02:00,1734.540,1735.070,1733.560,1734.588,257
SQ:XAUUSD,2020-04-14T17:52:00+02:00,1734.570,1735.310,1733.950,1735.150,219
SQ:XAUUSD,2020-04-14T17:53:00+02:00,1734.838,1735.410,1733.790,1733.900,173
SQ:XAUUSD,2020-04-14T17:54:00+02:00,1733.900,1734.480,1733.660,1734.040,88
SQ:XAUUSD,2020-04-14T17:55:00+02:00,1734.030,1734.958,1733.520,1734.530,164
SQ:XAUUSD,2020-04-14T17:56:00+02:00,1734.540,1734.940,1732.220,1732.610,213
SQ:XAUUSD,2020-04-14T17:57:00+02:00,1732.610,1733.702,1732.260,1733.340,259
SQ:XAUUSD,2020-04-14T17:58:00+02:00,1733.380,1734.690,1732.950,1733.280,230
SQ:XAUUSD,2020-04-14T17:59:00+02:00,1733.276,1734.196,1732.650,1733.336,215
SQ:XAUUSD,2020-04-14T18:00:00+02:00,1733.090,1733.450,1731.710,1732.640,139
SQ:XAUUSD,2020-04-14T18:01:00+02:00,1732.640,1733.690,1732.120,1733.630,98
SQ:XAUUSD,2020-04-14T18:02:00+02:00,1733.630,1736.430,1733.530,1735.770,172
SQ:XAUUSD,2020-04-14T18:03:00+02:00,1735.770,1737.060,1735.280,1735.430,370
SQ:XAUUSD,2020-04-14T18:04:00+02:00,1735.420,1737.390,1735.340,1737.030,150
SQ:XAUUSD,2020-04-14T18:05:00+02:00,1737.030,1737.210,1736.360,1736.830,99
SQ:XAUUSD,2020-04-14T18:06:00+02:00,1736.830,1737.310,1736.000,1737.150,103
SQ:XAUUSD,2020-04-14T18:07:00+02:00,1737.150,1737.530,1736.100,1736.410,92
SQ:XAUUSD,2020-04-14T18:08:00+02:00,1736.430,1737.390,1736.280,1736.730,133
SQ:XAUUSD,2020-04-14T18:09:00+02:00,1736.730,1736.800,1736.260,1736.270,80
SQ:XAUUSD,2020-04-14T18:10:00+02:00,1736.380,1736.540,1735.430,1736.500,148
SQ:XAUUSD,2020-04-14T18:11:00+02:00,1736.500,1737.210,1735.580,1736.250,134
SQ:XAUUSD,2020-04-14T18:12:00+02:00,1736.190,1736.750,1735.940,1736.300,73
SQ:XAUUSD,2020-04-14T18:13:00+02:00,1736.750,1736.750,1734.366,1734.760,152
SQ:XAUUSD,2020-04-14T18:14:00+02:00,1734.810,1735.190,1734.380,1735.030,127
SQ:XAUUSD,2020-04-14T18:15:00+02:00,1735.030,1735.300,1733.570,1733.960,152
SQ:XAUUSD,2020-04-14T18:16:00+02:00,1733.960,1734.880,1733.130,1734.820,185
SQ:XAUUSD,2020-04-14T18:17:00+02:00,1734.820,1735.900,1734.700,1735.900,42
SQ:XAUUSD,2020-04-14T18:18:00+02:00,1735.900,1736.780,1735.900,1736.780,19
SQ:XAUUSD,2020-04-14T18:19:00+02:00,1736.780,1737.610,1736.646,1737.580,46
SQ:XAUUSD,2020-04-14T18:20:00+02:00,1737.580,1737.640,1736.880,1737.420,43
SQ:XAUUSD,2020-04-14T18:21:00+02:00,1737.420,1737.630,1736.830,1737.170,86
SQ:XAUUSD,2020-04-14T18:22:00+02:00,1737.260,1737.740,1737.000,1737.340,50
SQ:XAUUSD,2020-04-14T18:23:00+02:00,1737.320,1737.740,1737.040,1737.360,153
SQ:XAUUSD,2020-04-14T18:24:00+02:00,1737.360,1737.810,1737.200,1737.200,179
SQ:XAUUSD,2020-04-14T18:25:00+02:00,1737.200,1738.420,1736.560,1738.380,189
SQ:XAUUSD,2020-04-14T18:26:00+02:00,1738.380,1738.460,1738.040,1738.060,96
SQ:XAUUSD,2020-04-14T18:27:00+02:00,1738.060,1738.280,1737.460,1737.650,58
SQ:XAUUSD,2020-04-14T18:28:00+02:00,1737.650,1738.000,1736.940,1737.950,59
SQ:XAUUSD,2020-04-14T18:29:00+02:00,1737.950,1737.950,1737.720,1737.740,39
SQ:XAUUSD,2020-04-14T18:30:00+02:00,1737.740,1738.470,1737.720,1738.440,48
SQ:XAUUSD,2020-04-14T18:31:00+02:00,1738.440,1738.440,1736.690,1736.690,49
SQ:XAUUSD,2020-04-14T18:32:00+02:00,1736.730,1737.300,1736.440,1737.050,95
SQ:XAUUSD,2020-04-14T18:33:00+02:00,1737.050,1737.670,1736.360,1737.430,98
SQ:XAUUSD,2020-04-14T18:34:00+02:00,1737.430,1737.480,1735.410,1735.410,191
SQ:XAUUSD,2020-04-14T18:35:00+02:00,1735.420,1735.790,1734.940,1735.790,270
SQ:XAUUSD,2020-04-14T18:36:00+02:00,1735.760,1736.080,1735.306,1735.546,170
SQ:XAUUSD,2020-04-14T18:37:00+02:00,1735.536,1735.590,1733.750,1734.300,286
SQ:XAUUSD,2020-04-14T18:38:00+02:00,1734.416,1735.150,1733.506,1733.760,187
SQ:XAUUSD,2020-04-14T18:39:00+02:00,1733.580,1734.330,1733.350,1733.420,102
SQ:XAUUSD,2020-04-14T18:40:00+02:00,1733.420,1734.166,1733.420,1733.630,102
SQ:XAUUSD,2020-04-14T18:41:00+02:00,1733.630,1734.450,1733.470,1734.276,112
SQ:XAUUSD,2020-04-14T18:42:00+02:00,1734.276,1735.200,1734.030,1734.350,149
SQ:XAUUSD,2020-04-14T18:43:00+02:00,1734.360,1734.780,1733.550,1733.990,144
SQ:XAUUSD,2020-04-14T18:44:00+02:00,1733.990,1734.570,1733.660,1733.910,54
SQ:XAUUSD,2020-04-14T18:45:00+02:00,1733.910,1735.020,1733.910,1734.870,81
SQ:XAUUSD,2020-04-14T18:46:00+02:00,1735.050,1735.140,1734.190,1735.110,181
SQ:XAUUSD,2020-04-14T18:47:00+02:00,1735.110,1736.120,1734.690,1735.920,137
SQ:XAUUSD,2020-04-14T18:48:00+02:00,1735.960,1735.960,1733.058,1734.060,168
SQ:XAUUSD,2020-04-14T18:49:00+02:00,1734.040,1734.220,1732.210,1732.350,157
SQ:XAUUSD,2020-04-14T18:50:00+02:00,1732.400,1733.770,1731.800,1732.850,230
SQ:XAUUSD,2020-04-14T18:51:00+02:00,1732.850,1733.250,1730.100,1730.350,262
SQ:XAUUSD,2020-04-14T18:52:00+02:00,1730.350,1731.660,1728.710,1731.660,304
SQ:XAUUSD,2020-04-14T18:53:00+02:00,1731.660,1732.680,1731.380,1732.490,180
SQ:XAUUSD,2020-04-14T18:54:00+02:00,1732.490,1733.290,1731.980,1732.410,125
SQ:XAUUSD,2020-04-14T18:55:00+02:00,1732.410,1733.420,1732.180,1732.498,161
SQ:XAUUSD,2020-04-14T18:56:00+02:00,1732.498,1732.790,1732.120,1732.586,137
SQ:XAUUSD,2020-04-14T18:57:00+02:00,1732.588,1733.590,1732.380,1733.280,207
SQ:XAUUSD,2020-04-14T18:58:00+02:00,1733.280,1733.910,1732.710,1733.850,169
SQ:XAUUSD,2020-04-14T18:59:00+02:00,1733.850,1734.516,1733.160,1733.572,178
SQ:XAUUSD,2020-04-14T19:00:00+02:00,1733.444,1734.790,1732.150,1733.100,153
SQ:XAUUSD,2020-04-14T19:01:00+02:00,1733.180,1733.800,1732.580,1733.380,85
SQ:XAUUSD,2020-04-14T19:02:00+02:00,1733.250,1733.680,1732.620,1732.800,159
SQ:XAUUSD,2020-04-14T19:03:00+02:00,1732.800,1733.810,1732.670,1732.990,80
SQ:XAUUSD,2020-04-14T19:04:00+02:00,1732.990,1733.410,1732.000,1732.100,83
SQ:XAUUSD,2020-04-14T19:05:00+02:00,1732.100,1733.450,1732.050,1732.760,102
SQ:XAUUSD,2020-04-14T19:06:00+02:00,1732.760,1734.890,1732.640,1734.660,102
SQ:XAUUSD,2020-04-14T19:07:00+02:00,1734.550,1735.130,1733.730,1734.360,206
SQ:XAUUSD,2020-04-14T19:08:00+02:00,1734.390,1735.220,1734.280,1734.890,142
SQ:XAUUSD,2020-04-14T19:09:00+02:00,1734.960,1735.100,1734.478,1734.630,168
SQ:XAUUSD,2020-04-14T19:10:00+02:00,1734.650,1734.880,1733.480,1734.150,235
SQ:XAUUSD,2020-04-14T19:11:00+02:00,1733.940,1734.750,1733.940,1734.540,184
SQ:XAUUSD,2020-04-14T19:12:00+02:00,1734.540,1735.080,1734.260,1735.080,174
SQ:XAUUSD,2020-04-14T19:13:00+02:00,1734.930,1735.960,1734.550,1735.650,276
SQ:XAUUSD,2020-04-14T19:14:00+02:00,1735.720,1736.010,1735.310,1735.590,174
SQ:XAUUSD,2020-04-14T19:15:00+02:00,1735.450,1736.000,1735.260,1735.700,209
SQ:XAUUSD,2020-04-14T19:16:00+02:00,1735.640,1736.020,1735.030,1735.940,140
SQ:XAUUSD,2020-04-14T19:17:00+02:00,1735.940,1736.390,1735.240,1735.600,165
SQ:XAUUSD,2020-04-14T19:18:00+02:00,1735.600,1736.750,1735.600,1736.070,159
SQ:XAUUSD,2020-04-14T19:19:00+02:00,1736.070,1736.090,1734.740,1734.790,48
SQ:XAUUSD,2020-04-14T19:20:00+02:00,1734.790,1736.310,1734.410,1735.990,67
SQ:XAUUSD,2020-04-14T19:21:00+02:00,1735.990,1737.350,1735.630,1737.250,130
SQ:XAUUSD,2020-04-14T19:22:00+02:00,1737.250,1737.380,1736.410,1736.510,180
SQ:XAUUSD,2020-04-14T19:23:00+02:00,1736.480,1736.690,1735.740,1735.780,147
SQ:XAUUSD,2020-04-14T19:24:00+02:00,1735.780,1736.370,1735.360,1735.610,87
SQ:XAUUSD,2020-04-14T19:25:00+02:00,1735.610,1735.830,1734.860,1735.520,59
SQ:XAUUSD,2020-04-14T19:26:00+02:00,1735.520,1736.380,1735.520,1736.260,40
SQ:XAUUSD,2020-04-14T19:27:00+02:00,1736.260,1736.700,1735.630,1736.550,80
SQ:XAUUSD,2020-04-14T19:28:00+02:00,1736.490,1736.560,1735.860,1736.030,173
SQ:XAUUSD,2020-04-14T19:29:00+02:00,1735.850,1736.510,1735.700,1736.400,232
SQ:XAUUSD,2020-04-14T19:30:00+02:00,1736.250,1737.210,1735.860,1736.450,238
SQ:XAUUSD,2020-04-14T19:31:00+02:00,1736.450,1737.360,1736.000,1736.440,126
SQ:XAUUSD,2020-04-14T19:32:00+02:00,1736.440,1736.630,1736.370,1736.490,31
SQ:XAUUSD,2020-04-14T19:33:00+02:00,1736.490,1736.560,1735.690,1736.290,152
SQ:XAUUSD,2020-04-14T19:34:00+02:00,1736.290,1736.910,1736.160,1736.670,157
SQ:XAUUSD,2020-04-14T19:35:00+02:00,1736.640,1737.360,1736.270,1736.890,241
SQ:XAUUSD,2020-04-14T19:36:00+02:00,1736.890,1737.530,1736.190,1737.010,182
SQ:XAUUSD,2020-04-14T19:37:00+02:00,1737.070,1737.670,1736.240,1737.180,157
SQ:XAUUSD,2020-04-14T19:38:00+02:00,1737.180,1737.460,1736.590,1737.250,204
SQ:XAUUSD,2020-04-14T19:39:00+02:00,1736.940,1738.500,1736.620,1736.870,194
SQ:XAUUSD,2020-04-14T19:40:00+02:00,1736.870,1737.370,1735.970,1736.140,188
SQ:XAUUSD,2020-04-14T19:41:00+02:00,1736.140,1736.860,1735.790,1736.490,206
SQ:XAUUSD,2020-04-14T19:42:00+02:00,1736.680,1736.920,1736.390,1736.480,158
SQ:XAUUSD,2020-04-14T19:43:00+02:00,1736.480,1736.950,1736.380,1736.660,138
SQ:XAUUSD,2020-04-14T19:44:00+02:00,1736.660,1736.790,1733.950,1734.906,236
SQ:XAUUSD,2020-04-14T19:45:00+02:00,1734.906,1736.130,1734.038,1734.560,317
SQ:XAUUSD,2020-04-14T19:46:00+02:00,1734.650,1734.688,1731.998,1733.068,231
SQ:XAUUSD,2020-04-14T19:47:00+02:00,1733.058,1733.700,1732.330,1732.948,149
SQ:XAUUSD,2020-04-14T19:48:00+02:00,1732.948,1733.780,1732.400,1733.570,139
SQ:XAUUSD,2020-04-14T19:49:00+02:00,1733.410,1734.390,1733.330,1733.870,111
SQ:XAUUSD,2020-04-14T19:50:00+02:00,1733.870,1735.840,1733.630,1735.138,126
SQ:XAUUSD,2020-04-14T19:51:00+02:00,1735.218,1736.940,1734.940,1736.830,173
SQ:XAUUSD,2020-04-14T19:52:00+02:00,1736.830,1737.060,1735.730,1737.030,141
SQ:XAUUSD,2020-04-14T19:53:00+02:00,1736.940,1738.310,1736.560,1738.110,146
SQ:XAUUSD,2020-04-14T19:54:00+02:00,1738.070,1738.090,1736.470,1736.700,68
SQ:XAUUSD,2020-04-14T19:55:00+02:00,1736.700,1736.782,1736.100,1736.330,74
SQ:XAUUSD,2020-04-14T19:56:00+02:00,1736.340,1737.550,1736.340,1736.970,79
SQ:XAUUSD,2020-04-14T19:57:00+02:00,1736.970,1737.380,1736.108,1736.880,144
SQ:XAUUSD,2020-04-14T19:58:00+02:00,1736.810,1737.550,1736.180,1736.992,185
SQ:XAUUSD,2020-04-14T19:59:00+02:00,1736.992,1738.126,1736.650,1737.540,134
SQ:XAUUSD,2020-04-14T20:00:00+02:00,1737.540,1737.830,1734.630,1735.420,190
SQ:XAUUSD,2020-04-14T20:01:00+02:00,1735.420,1737.930,1734.920,1737.710,286
SQ:XAUUSD,2020-04-14T20:02:00+02:00,1737.710,1738.510,1737.260,1738.030,107
SQ:XAUUSD,2020-04-14T20:03:00+02:00,1738.030,1738.170,1737.050,1738.050,51
SQ:XAUUSD,2020-04-14T20:04:00+02:00,1738.050,1738.320,1737.150,1737.710,79
SQ:XAUUSD,2020-04-14T20:05:00+02:00,1737.710,1737.710,1736.470,1736.930,127
SQ:XAUUSD,2020-04-14T20:06:00+02:00,1736.960,1737.120,1734.770,1735.900,131
SQ:XAUUSD,2020-04-14T20:07:00+02:00,1735.930,1736.310,1735.730,1736.310,102
SQ:XAUUSD,2020-04-14T20:08:00+02:00,1736.310,1736.470,1735.220,1735.490,126
SQ:XAUUSD,2020-04-14T20:09:00+02:00,1735.510,1736.030,1734.180,1734.840,130
SQ:XAUUSD,2020-04-14T20:10:00+02:00,1734.810,1736.740,1734.810,1736.560,89
SQ:XAUUSD,2020-04-14T20:11:00+02:00,1736.560,1737.340,1736.380,1737.340,68
SQ:XAUUSD,2020-04-14T20:12:00+02:00,1737.340,1737.520,1736.590,1737.520,54
SQ:XAUUSD,2020-04-14T20:13:00+02:00,1737.520,1737.530,1736.270,1736.480,78
SQ:XAUUSD,2020-04-14T20:14:00+02:00,1736.480,1737.410,1736.480,1737.000,117
SQ:XAUUSD,2020-04-14T20:15:00+02:00,1736.870,1737.420,1736.210,1736.840,218
SQ:XAUUSD,2020-04-14T20:16:00+02:00,1736.660,1736.660,1735.480,1736.250,173
SQ:XAUUSD,2020-04-14T20:17:00+02:00,1736.250,1736.300,1734.150,1735.210,266
SQ:XAUUSD,2020-04-14T20:18:00+02:00,1735.230,1735.640,1734.260,1735.540,273
SQ:XAUUSD,2020-04-14T20:19:00+02:00,1735.540,1735.920,1735.250,1735.630,141
SQ:XAUUSD,2020-04-14T20:20:00+02:00,1735.630,1736.970,1735.140,1736.570,181
SQ:XAUUSD,2020-04-14T20:21:00+02:00,1736.570,1737.150,1736.090,1736.940,162
SQ:XAUUSD,2020-04-14T20:22:00+02:00,1736.940,1737.960,1735.470,1735.510,174
SQ:XAUUSD,2020-04-14T20:23:00+02:00,1735.600,1736.280,1734.740,1735.530,127
SQ:XAUUSD,2020-04-14T20:24:00+02:00,1735.530,1736.310,1735.350,1735.780,54
SQ:XAUUSD,2020-04-14T20:25:00+02:00,1735.780,1736.080,1735.200,1736.040,126
SQ:XAUUSD,2020-04-14T20:26:00+02:00,1736.040,1736.470,1735.700,1736.230,101
SQ:XAUUSD,2020-04-14T20:27:00+02:00,1736.280,1737.190,1735.920,1737.190,86
SQ:XAUUSD,2020-04-14T20:28:00+02:00,1737.190,1737.600,1736.800,1737.120,108
SQ:XAUUSD,2020-04-14T20:29:00+02:00,1736.850,1737.640,1736.350,1736.490,143
SQ:XAUUSD,2020-04-14T20:30:00+02:00,1736.490,1736.990,1735.600,1735.740,155
SQ:XAUUSD,2020-04-14T20:31:00+02:00,1735.780,1735.940,1735.060,1735.620,139
SQ:XAUUSD,2020-04-14T20:32:00+02:00,1735.810,1735.890,1734.590,1735.620,160
SQ:XAUUSD,2020-04-14T20:33:00+02:00,1735.720,1736.160,1735.470,1735.660,131
SQ:XAUUSD,2020-04-14T20:34:00+02:00,1735.530,1736.310,1735.480,1736.070,200
SQ:XAUUSD,2020-04-14T20:35:00+02:00,1735.820,1736.550,1735.610,1736.220,237
SQ:XAUUSD,2020-04-14T20:36:00+02:00,1735.970,1736.560,1735.580,1736.560,177
SQ:XAUUSD,2020-04-14T20:37:00+02:00,1736.590,1736.770,1736.060,1736.480,169
SQ:XAUUSD,2020-04-14T20:38:00+02:00,1736.590,1736.810,1735.960,1736.180,130
SQ:XAUUSD,2020-04-14T20:39:00+02:00,1736.400,1736.850,1735.530,1736.770,193
SQ:XAUUSD,2020-04-14T20:40:00+02:00,1736.570,1737.010,1735.780,1736.560,157
SQ:XAUUSD,2020-04-14T20:41:00+02:00,1736.240,1736.760,1734.480,1735.840,199
SQ:XAUUSD,2020-04-14T20:42:00+02:00,1736.100,1736.410,1734.980,1735.860,205
SQ:XAUUSD,2020-04-14T20:43:00+02:00,1735.610,1736.560,1735.130,1736.450,170
SQ:XAUUSD,2020-04-14T20:44:00+02:00,1736.160,1736.440,1735.690,1736.130,139
SQ:XAUUSD,2020-04-14T20:45:00+02:00,1735.720,1736.870,1735.720,1736.700,234
SQ:XAUUSD,2020-04-14T20:46:00+02:00,1736.520,1736.740,1734.850,1735.480,210
SQ:XAUUSD,2020-04-14T20:47:00+02:00,1735.630,1736.240,1734.470,1734.624,217
SQ:XAUUSD,2020-04-14T20:48:00+02:00,1734.624,1734.740,1731.954,1733.780,287
SQ:XAUUSD,2020-04-14T20:49:00+02:00,1733.680,1734.640,1732.950,1734.480,231
SQ:XAUUSD,2020-04-14T20:50:00+02:00,1734.640,1734.640,1733.240,1733.920,192
SQ:XAUUSD,2020-04-14T20:51:00+02:00,1734.080,1734.860,1733.390,1734.630,103
SQ:XAUUSD,2020-04-14T20:52:00+02:00,1734.690,1734.920,1734.400,1734.750,87
SQ:XAUUSD,2020-04-14T20:53:00+02:00,1734.750,1734.760,1732.420,1733.270,114
SQ:XAUUSD,2020-04-14T20:54:00+02:00,1733.270,1734.330,1733.170,1733.880,171
SQ:XAUUSD,2020-04-14T20:55:00+02:00,1733.880,1734.090,1733.420,1733.920,49
SQ:XAUUSD,2020-04-14T20:56:00+02:00,1733.920,1734.520,1733.340,1733.340,58
SQ:XAUUSD,2020-04-14T20:57:00+02:00,1733.340,1733.820,1732.660,1732.780,90
SQ:XAUUSD,2020-04-14T20:58:00+02:00,1732.780,1733.190,1732.650,1732.840,147
SQ:XAUUSD,2020-04-14T20:59:00+02:00,1732.840,1733.060,1732.100,1732.480,80
SQ:XAUUSD,2020-04-14T21:00:00+02:00,1732.480,1732.540,1730.504,1731.480,103
SQ:XAUUSD,2020-04-14T21:01:00+02:00,1731.500,1731.830,1729.220,1730.640,120
SQ:XAUUSD,2020-04-14T21:02:00+02:00,1730.640,1730.980,1729.150,1730.530,126
SQ:XAUUSD,2020-04-14T21:03:00+02:00,1730.530,1730.840,1729.220,1729.330,114
SQ:XAUUSD,2020-04-14T21:04:00+02:00,1729.610,1730.450,1727.550,1728.750,242
SQ:XAUUSD,2020-04-14T21:05:00+02:00,1728.000,1730.570,1727.820,1728.520,226
SQ:XAUUSD,2020-04-14T21:06:00+02:00,1728.360,1729.300,1727.824,1728.234,202
SQ:XAUUSD,2020-04-14T21:07:00+02:00,1728.400,1728.680,1726.720,1727.180,207
SQ:XAUUSD,2020-04-14T21:08:00+02:00,1727.180,1727.240,1722.990,1724.090,181
SQ:XAUUSD,2020-04-14T21:09:00+02:00,1724.090,1725.060,1723.870,1723.870,92
SQ:XAUUSD,2020-04-14T21:10:00+02:00,1723.790,1723.970,1719.260,1722.160,239
SQ:XAUUSD,2020-04-14T21:11:00+02:00,1721.740,1723.390,1718.644,1721.960,162
SQ:XAUUSD,2020-04-14T21:12:00+02:00,1721.950,1723.970,1720.420,1723.690,196
SQ:XAUUSD,2020-04-14T21:13:00+02:00,1723.690,1724.470,1721.890,1724.110,149
SQ:XAUUSD,2020-04-14T21:14:00+02:00,1724.100,1724.208,1723.340,1723.820,140
SQ:XAUUSD,2020-04-14T21:15:00+02:00,1723.814,1724.780,1722.694,1723.900,165
SQ:XAUUSD,2020-04-14T21:16:00+02:00,1723.960,1723.960,1722.870,1723.060,63
SQ:XAUUSD,2020-04-14T21:17:00+02:00,1723.060,1724.590,1723.060,1723.360,60
SQ:XAUUSD,2020-04-14T21:18:00+02:00,1723.360,1724.550,1722.610,1724.160,134
SQ:XAUUSD,2020-04-14T21:19:00+02:00,1724.160,1724.900,1723.610,1724.200,90
SQ:XAUUSD,2020-04-14T21:20:00+02:00,1724.200,1725.540,1724.140,1725.000,96
SQ:XAUUSD,2020-04-14T21:21:00+02:00,1725.000,1725.280,1723.780,1724.900,52
SQ:XAUUSD,2020-04-14T21:22:00+02:00,1725.000,1726.180,1723.750,1726.020,172
SQ:XAUUSD,2020-04-14T21:23:00+02:00,1725.970,1725.970,1723.830,1724.290,210
SQ:XAUUSD,2020-04-14T21:24:00+02:00,1724.290,1725.680,1723.510,1723.820,167
SQ:XAUUSD,2020-04-14T21:25:00+02:00,1723.820,1726.510,1723.820,1725.730,256
SQ:XAUUSD,2020-04-14T21:26:00+02:00,1725.730,1727.080,1725.130,1726.870,167
SQ:XAUUSD,2020-04-14T21:27:00+02:00,1726.870,1727.390,1726.160,1727.200,83
SQ:XAUUSD,2020-04-14T21:28:00+02:00,1727.200,1727.690,1726.410,1726.580,108
SQ:XAUUSD,2020-04-14T21:29:00+02:00,1726.620,1727.450,1726.330,1727.020,123
SQ:XAUUSD,2020-04-14T21:30:00+02:00,1727.040,1728.220,1726.660,1728.100,134
SQ:XAUUSD,2020-04-14T21:31:00+02:00,1728.040,1729.220,1727.730,1728.810,83
SQ:XAUUSD,2020-04-14T21:32:00+02:00,1728.810,1729.010,1727.520,1727.780,86
SQ:XAUUSD,2020-04-14T21:33:00+02:00,1727.770,1728.840,1727.320,1728.370,101
SQ:XAUUSD,2020-04-14T21:34:00+02:00,1728.370,1729.460,1728.020,1729.350,82
SQ:XAUUSD,2020-04-14T21:35:00+02:00,1729.350,1729.350,1727.420,1728.220,50
SQ:XAUUSD,2020-04-14T21:36:00+02:00,1728.190,1729.280,1727.920,1728.750,125
SQ:XAUUSD,2020-04-14T21:37:00+02:00,1728.750,1728.970,1727.344,1727.894,169
SQ:XAUUSD,2020-04-14T21:38:00+02:00,1727.900,1728.510,1727.350,1728.170,151
SQ:XAUUSD,2020-04-14T21:39:00+02:00,1728.210,1729.190,1727.940,1729.190,113
SQ:XAUUSD,2020-04-14T21:40:00+02:00,1729.190,1729.730,1728.760,1729.730,90
SQ:XAUUSD,2020-04-14T21:41:00+02:00,1729.770,1730.230,1729.430,1729.640,88
SQ:XAUUSD,2020-04-14T21:42:00+02:00,1729.640,1729.980,1729.340,1729.720,72
SQ:XAUUSD,2020-04-14T21:43:00+02:00,1729.810,1730.390,1729.130,1730.120,102
SQ:XAUUSD,2020-04-14T21:44:00+02:00,1730.120,1730.480,1729.410,1729.800,81
SQ:XAUUSD,2020-04-14T21:45:00+02:00,1729.680,1730.380,1729.630,1730.110,113
SQ:XAUUSD,2020-04-14T21:46:00+02:00,1730.110,1730.410,1729.820,1729.960,46
SQ:XAUUSD,2020-04-14T21:47:00+02:00,1729.960,1730.850,1729.680,1730.600,84
SQ:XAUUSD,2020-04-14T21:48:00+02:00,1730.600,1730.740,1728.930,1729.200,177
SQ:XAUUSD,2020-04-14T21:49:00+02:00,1729.200,1730.300,1728.720,1729.780,220
SQ:XAUUSD,2020-04-14T21:50:00+02:00,1729.780,1729.980,1727.900,1729.252,263
SQ:XAUUSD,2020-04-14T21:51:00+02:00,1729.274,1729.650,1728.190,1728.540,203
SQ:XAUUSD,2020-04-14T21:52:00+02:00,1729.090,1729.090,1727.610,1727.610,191
SQ:XAUUSD,2020-04-14T21:53:00+02:00,1727.530,1728.060,1727.390,1727.830,156
SQ:XAUUSD,2020-04-14T21:54:00+02:00,1727.970,1728.090,1727.110,1727.110,98
SQ:XAUUSD,2020-04-14T21:55:00+02:00,1727.210,1727.210,1725.260,1725.700,144
SQ:XAUUSD,2020-04-14T21:56:00+02:00,1725.700,1726.360,1725.280,1726.180,84
SQ:XAUUSD,2020-04-14T21:57:00+02:00,1726.180,1726.870,1725.830,1726.670,127
SQ:XAUUSD,2020-04-14T21:58:00+02:00,1726.650,1727.540,1726.160,1727.000,327
SQ:XAUUSD,2020-04-14T21:59:00+02:00,1726.980,1728.604,1726.980,1727.490,305
SQ:XAUUSD,2020-04-14T22:00:00+02:00,1727.330,1727.530,1726.260,1726.260,49
SQ:XAUUSD,2020-04-14T22:01:00+02:00,1726.260,1726.580,1725.520,1725.670,62
SQ:XAUUSD,2020-04-14T22:02:00+02:00,1725.350,1727.060,1725.350,1727.060,59
SQ:XAUUSD,2020-04-14T22:03:00+02:00,1727.060,1727.060,1726.310,1726.450,20
SQ:XAUUSD,2020-04-14T22:04:00+02:00,1726.450,1726.450,1725.650,1725.650,33
SQ:XAUUSD,2020-04-14T22:05:00+02:00,1725.690,1725.830,1724.270,1724.510,40
SQ:XAUUSD,2020-04-14T22:06:00+02:00,1724.430,1724.960,1724.230,1724.270,40
SQ:XAUUSD,2020-04-14T22:07:00+02:00,1724.260,1724.450,1724.090,1724.370,28
SQ:XAUUSD,2020-04-14T22:10:00+02:00,1725.830,1725.910,1725.670,1725.670,8
SQ:XAUUSD,2020-04-14T22:11:00+02:00,1725.670,1726.710,1724.900,1726.500,30
SQ:XAUUSD,2020-04-14T22:12:00+02:00,1726.510,1726.820,1726.510,1726.740,17
SQ:XAUUSD,2020-04-14T22:13:00+02:00,1726.740,1726.750,1725.890,1726.010,27
SQ:XAUUSD,2020-04-14T22:14:00+02:00,1726.010,1726.590,1726.010,1726.570,26
SQ:XAUUSD,2020-04-14T22:15:00+02:00,1726.570,1727.990,1726.570,1727.990,41
SQ:XAUUSD,2020-04-14T22:16:00+02:00,1727.990,1727.990,1726.530,1726.530,37
SQ:XAUUSD,2020-04-14T22:17:00+02:00,1726.680,1727.650,1726.610,1727.280,28
SQ:XAUUSD,2020-04-14T22:18:00+02:00,1727.280,1727.320,1725.670,1726.790,58
SQ:XAUUSD,2020-04-14T22:19:00+02:00,1726.790,1727.420,1726.780,1727.350,20
SQ:XAUUSD,2020-04-14T22:20:00+02:00,1727.350,1727.350,1725.440,1725.660,42
SQ:XAUUSD,2020-04-14T22:21:00+02:00,1725.660,1726.060,1725.660,1725.910,10
SQ:XAUUSD,2020-04-14T22:22:00+02:00,1725.870,1726.450,1725.870,1726.420,19
SQ:XAUUSD,2020-04-14T22:23:00+02:00,1726.420,1726.700,1725.870,1726.030,26
SQ:XAUUSD,2020-04-14T22:24:00+02:00,1726.040,1727.140,1725.710,1725.770,45
SQ:XAUUSD,2020-04-14T22:25:00+02:00,1725.770,1725.850,1725.270,1725.610,29
SQ:XAUUSD,2020-04-14T22:26:00+02:00,1725.600,1725.600,1723.720,1724.690,26
SQ:XAUUSD,2020-04-14T22:27:00+02:00,1724.690,1725.170,1723.450,1723.570,57
SQ:XAUUSD,2020-04-14T22:28:00+02:00,1723.570,1725.160,1723.570,1725.040,104
SQ:XAUUSD,2020-04-14T22:29:00+02:00,1725.040,1725.040,1724.100,1724.680,23
SQ:XAUUSD,2020-04-14T22:30:00+02:00,1723.574,1724.874,1723.574,1724.390,70
SQ:XAUUSD,2020-04-14T22:31:00+02:00,1724.390,1724.390,1723.380,1724.304,28
SQ:XAUUSD,2020-04-14T22:32:00+02:00,1724.304,1724.664,1724.264,1724.652,10
SQ:XAUUSD,2020-04-14T22:33:00+02:00,1724.722,1726.562,1723.950,1726.170,111
SQ:XAUUSD,2020-04-14T22:34:00+02:00,1726.170,1726.720,1724.790,1724.940,40
SQ:XAUUSD,2020-04-14T22:35:00+02:00,1724.940,1725.402,1724.770,1724.920,26
SQ:XAUUSD,2020-04-14T22:36:00+02:00,1724.990,1725.000,1724.200,1724.940,19
SQ:XAUUSD,2020-04-14T22:37:00+02:00,1724.910,1725.410,1724.840,1725.040,30
SQ:XAUUSD,2020-04-14T22:38:00+02:00,1725.050,1725.110,1724.610,1724.980,34
SQ:XAUUSD,2020-04-14T22:39:00+02:00,1724.940,1725.180,1724.940,1724.970,12
SQ:XAUUSD,2020-04-14T22:40:00+02:00,1725.010,1726.640,1724.910,1725.930,50
SQ:XAUUSD,2020-04-14T22:41:00+02:00,1725.890,1726.050,1725.780,1726.050,15
SQ:XAUUSD,2020-04-14T22:42:00+02:00,1726.050,1726.480,1725.970,1726.250,20
SQ:XAUUSD,2020-04-14T22:43:00+02:00,1726.220,1726.450,1726.200,1726.390,19
SQ:XAUUSD,2020-04-14T22:44:00+02:00,1726.410,1726.410,1725.440,1726.310,36
SQ:XAUUSD,2020-04-14T22:45:00+02:00,1726.310,1726.410,1726.200,1726.240,16
SQ:XAUUSD,2020-04-14T22:46:00+02:00,1726.240,1726.724,1726.170,1726.482,10
SQ:XAUUSD,2020-04-14T22:47:00+02:00,1726.682,1726.804,1726.240,1726.390,11
SQ:XAUUSD,2020-04-14T22:48:00+02:00,1726.390,1727.010,1726.390,1726.970,21
SQ:XAUUSD,2020-04-14T22:49:00+02:00,1726.970,1727.110,1726.570,1726.570,38
SQ:XAUUSD,2020-04-14T22:50:00+02:00,1726.640,1727.552,1726.200,1726.310,42
SQ:XAUUSD,2020-04-14T22:51:00+02:00,1726.310,1726.944,1726.110,1726.200,19
SQ:XAUUSD,2020-04-14T22:52:00+02:00,1726.200,1727.102,1726.120,1726.240,47
SQ:XAUUSD,2020-04-14T22:53:00+02:00,1726.240,1727.158,1726.140,1726.230,14
SQ:XAUUSD,2020-04-14T22:54:00+02:00,1726.230,1726.230,1726.150,1726.200,4
SQ:XAUUSD,2020-04-15T00:01:00+02:00,1726.300,1727.020,1726.150,1726.930,68
SQ:XAUUSD,2020-04-15T00:02:00+02:00,1726.930,1727.690,1726.900,1727.520,42
SQ:XAUUSD,2020-04-15T00:03:00+02:00,1727.650,1727.650,1726.340,1727.330,55
SQ:XAUUSD,2020-04-15T00:04:00+02:00,1727.000,1727.350,1726.570,1726.940,56
SQ:XAUUSD,2020-04-15T00:05:00+02:00,1726.940,1727.600,1726.930,1727.330,95
SQ:XAUUSD,2020-04-15T00:06:00+02:00,1727.310,1727.610,1726.970,1727.530,68
SQ:XAUUSD,2020-04-15T00:07:00+02:00,1727.450,1727.800,1727.390,1727.460,28
SQ:XAUUSD,2020-04-15T00:08:00+02:00,1727.460,1728.760,1727.460,1727.800,32
SQ:XAUUSD,2020-04-15T00:09:00+02:00,1727.800,1728.430,1727.640,1727.980,27
SQ:XAUUSD,2020-04-15T00:10:00+02:00,1728.010,1728.010,1727.180,1727.930,47
SQ:XAUUSD,2020-04-15T00:11:00+02:00,1727.920,1728.190,1727.690,1728.010,12
SQ:XAUUSD,2020-04-15T00:12:00+02:00,1728.010,1728.010,1727.590,1727.590,11
SQ:XAUUSD,2020-04-15T00:13:00+02:00,1727.610,1727.690,1727.518,1727.660,14
SQ:XAUUSD,2020-04-15T00:14:00+02:00,1727.660,1727.800,1727.590,1727.690,14
SQ:XAUUSD,2020-04-15T00:15:00+02:00,1727.690,1727.830,1727.640,1727.670,12
SQ:XAUUSD,2020-04-15T00:16:00+02:00,1727.670,1727.750,1727.650,1727.650,11
SQ:XAUUSD,2020-04-15T00:17:00+02:00,1727.690,1728.220,1727.690,1727.940,20
SQ:XAUUSD,2020-04-15T00:18:00+02:00,1727.950,1728.140,1727.950,1728.110,6
SQ:XAUUSD,2020-04-15T00:19:00+02:00,1728.110,1728.480,1728.010,1728.380,19
SQ:XAUUSD,2020-04-15T00:20:00+02:00,1728.320,1729.050,1728.320,1728.720,28
SQ:XAUUSD,2020-04-15T00:21:00+02:00,1728.720,1728.960,1728.720,1728.900,16
SQ:XAUUSD,2020-04-15T00:22:00+02:00,1728.900,1729.270,1728.810,1729.140,16
SQ:XAUUSD,2020-04-15T00:23:00+02:00,1729.130,1729.540,1729.130,1729.300,24
SQ:XAUUSD,2020-04-15T00:24:00+02:00,1729.300,1729.490,1729.060,1729.360,16
SQ:XAUUSD,2020-04-15T00:25:00+02:00,1729.360,1729.380,1728.650,1728.690,18
SQ:XAUUSD,2020-04-15T00:26:00+02:00,1728.690,1729.260,1728.680,1729.260,16
SQ:XAUUSD,2020-04-15T00:27:00+02:00,1729.260,1729.260,1728.900,1729.150,15
SQ:XAUUSD,2020-04-15T00:28:00+02:00,1729.240,1729.700,1729.070,1729.580,13
SQ:XAUUSD,2020-04-15T00:29:00+02:00,1729.590,1730.030,1728.740,1729.100,21
SQ:XAUUSD,2020-04-15T00:30:00+02:00,1729.120,1729.120,1728.740,1728.990,20
SQ:XAUUSD,2020-04-15T00:31:00+02:00,1728.990,1728.990,1728.590,1728.630,7
SQ:XAUUSD,2020-04-15T00:32:00+02:00,1728.570,1728.790,1728.570,1728.630,13
SQ:XAUUSD,2020-04-15T00:33:00+02:00,1728.630,1728.730,1728.630,1728.640,7
SQ:XAUUSD,2020-04-15T00:34:00+02:00,1728.640,1728.940,1728.570,1728.810,12
SQ:XAUUSD,2020-04-15T00:35:00+02:00,1728.810,1729.120,1728.810,1729.120,14
SQ:XAUUSD,2020-04-15T00:36:00+02:00,1729.120,1729.140,1728.970,1729.130,7
SQ:XAUUSD,2020-04-15T00:37:00+02:00,1729.130,1729.130,1728.810,1728.810,6
SQ:XAUUSD,2020-04-15T00:38:00+02:00,1728.810,1729.030,1728.810,1728.900,7
SQ:XAUUSD,2020-04-15T00:39:00+02:00,1728.970,1728.970,1728.620,1728.670,8
SQ:XAUUSD,2020-04-15T00:40:00+02:00,1728.730,1728.870,1728.090,1728.400,17
SQ:XAUUSD,2020-04-15T00:41:00+02:00,1728.300,1728.350,1727.700,1727.960,21
SQ:XAUUSD,2020-04-15T00:42:00+02:00,1727.960,1727.960,1726.690,1726.730,25
SQ:XAUUSD,2020-04-15T00:43:00+02:00,1726.730,1727.020,1726.600,1726.910,22
SQ:XAUUSD,2020-04-15T00:44:00+02:00,1726.910,1726.910,1726.150,1726.360,26
SQ:XAUUSD,2020-04-15T00:45:00+02:00,1726.370,1726.600,1726.200,1726.360,20
SQ:XAUUSD,2020-04-15T00:46:00+02:00,1726.340,1726.440,1726.090,1726.090,15
SQ:XAUUSD,2020-04-15T00:47:00+02:00,1726.090,1726.390,1725.060,1725.230,30
SQ:XAUUSD,2020-04-15T00:48:00+02:00,1725.260,1725.260,1724.640,1724.660,31
SQ:XAUUSD,2020-04-15T00:49:00+02:00,1724.640,1724.690,1723.830,1724.150,48
SQ:XAUUSD,2020-04-15T00:50:00+02:00,1724.150,1724.850,1724.130,1724.530,35
SQ:XAUUSD,2020-04-15T00:51:00+02:00,1724.570,1724.950,1724.430,1724.430,19
SQ:XAUUSD,2020-04-15T00:52:00+02:00,1724.530,1724.930,1724.460,1724.900,22
SQ:XAUUSD,2020-04-15T00:53:00+02:00,1724.900,1725.490,1724.900,1725.360,24
SQ:XAUUSD,2020-04-15T00:54:00+02:00,1725.340,1725.340,1724.330,1724.600,18
SQ:XAUUSD,2020-04-15T00:55:00+02:00,1724.580,1724.580,1723.100,1723.500,29
SQ:XAUUSD,2020-04-15T00:56:00+02:00,1723.500,1724.740,1723.500,1724.740,39
SQ:XAUUSD,2020-04-15T00:57:00+02:00,1724.740,1724.780,1724.400,1724.400,17
SQ:XAUUSD,2020-04-15T00:58:00+02:00,1724.400,1724.630,1724.220,1724.220,20
SQ:XAUUSD,2020-04-15T00:59:00+02:00,1724.220,1724.340,1723.960,1724.010,16
SQ:XAUUSD,2020-04-15T01:00:00+02:00,1724.030,1724.450,1723.840,1723.920,20
SQ:XAUUSD,2020-04-15T01:01:00+02:00,1723.920,1724.200,1723.850,1724.090,16
SQ:XAUUSD,2020-04-15T01:02:00+02:00,1724.090,1724.230,1723.810,1724.040,9
SQ:XAUUSD,2020-04-15T01:03:00+02:00,1724.030,1724.190,1723.770,1724.140,16
SQ:XAUUSD,2020-04-15T01:04:00+02:00,1724.140,1724.310,1724.090,1724.090,18
SQ:XAUUSD,2020-04-15T01:05:00+02:00,1724.090,1724.630,1723.990,1724.550,13
SQ:XAUUSD,2020-04-15T01:06:00+02:00,1724.550,1724.980,1724.400,1724.980,24
SQ:XAUUSD,2020-04-15T01:07:00+02:00,1724.980,1725.070,1724.690,1724.690,14
SQ:XAUUSD,2020-04-15T01:08:00+02:00,1724.690,1724.700,1724.150,1724.240,20
SQ:XAUUSD,2020-04-15T01:09:00+02:00,1724.240,1724.810,1723.770,1724.010,18
SQ:XAUUSD,2020-04-15T01:10:00+02:00,1724.070,1724.090,1723.640,1723.700,26
SQ:XAUUSD,2020-04-15T01:11:00+02:00,1723.700,1723.800,1723.690,1723.690,16
SQ:XAUUSD,2020-04-15T01:12:00+02:00,1723.690,1724.040,1723.690,1723.990,19
SQ:XAUUSD,2020-04-15T01:13:00+02:00,1723.990,1723.990,1721.590,1721.760,71
SQ:XAUUSD,2020-04-15T01:14:00+02:00,1721.760,1722.320,1721.340,1721.360,69
SQ:XAUUSD,2020-04-15T01:15:00+02:00,1721.360,1722.450,1721.180,1721.840,47
SQ:XAUUSD,2020-04-15T01:16:00+02:00,1721.840,1722.330,1721.760,1721.870,39
SQ:XAUUSD,2020-04-15T01:17:00+02:00,1721.870,1722.300,1720.920,1721.370,70
SQ:XAUUSD,2020-04-15T01:18:00+02:00,1721.370,1722.060,1721.270,1721.970,17
SQ:XAUUSD,2020-04-15T01:19:00+02:00,1721.970,1722.540,1721.890,1722.410,32
SQ:XAUUSD,2020-04-15T01:20:00+02:00,1722.410,1722.470,1721.910,1722.360,23
SQ:XAUUSD,2020-04-15T01:21:00+02:00,1722.360,1722.400,1722.250,1722.260,10
SQ:XAUUSD,2020-04-15T01:22:00+02:00,1722.260,1722.360,1722.010,1722.360,10
SQ:XAUUSD,2020-04-15T01:23:00+02:00,1722.360,1722.360,1721.750,1721.870,26
SQ:XAUUSD,2020-04-15T01:24:00+02:00,1721.870,1723.240,1721.870,1723.220,26
SQ:XAUUSD,2020-04-15T01:25:00+02:00,1723.210,1723.240,1722.870,1723.220,30
SQ:XAUUSD,2020-04-15T01:26:00+02:00,1723.220,1723.770,1723.130,1723.250,30
SQ:XAUUSD,2020-04-15T01:27:00+02:00,1723.250,1723.430,1722.860,1723.370,31
SQ:XAUUSD,2020-04-15T01:28:00+02:00,1723.370,1723.600,1723.300,1723.390,23
SQ:XAUUSD,2020-04-15T01:29:00+02:00,1723.400,1723.400,1722.910,1722.920,19
SQ:XAUUSD,2020-04-15T01:30:00+02:00,1722.860,1723.390,1722.860,1723.390,20
SQ:XAUUSD,2020-04-15T01:31:00+02:00,1723.410,1723.550,1723.370,1723.410,13
SQ:XAUUSD,2020-04-15T01:32:00+02:00,1723.340,1723.730,1723.210,1723.640,21
SQ:XAUUSD,2020-04-15T01:33:00+02:00,1723.640,1723.650,1723.130,1723.130,18
SQ:XAUUSD,2020-04-15T01:34:00+02:00,1723.130,1723.590,1723.130,1723.550,12
SQ:XAUUSD,2020-04-15T01:35:00+02:00,1723.510,1723.570,1723.380,1723.530,16
SQ:XAUUSD,2020-04-15T01:36:00+02:00,1723.590,1724.510,1723.590,1724.190,22
SQ:XAUUSD,2020-04-15T01:37:00+02:00,1724.250,1724.900,1724.160,1724.760,49
SQ:XAUUSD,2020-04-15T01:38:00+02:00,1724.760,1725.040,1724.540,1724.590,20
SQ:XAUUSD,2020-04-15T01:39:00+02:00,1724.590,1725.110,1724.590,1725.090,14
SQ:XAUUSD,2020-04-15T01:40:00+02:00,1725.150,1725.220,1724.970,1725.090,15
SQ:XAUUSD,2020-04-15T01:41:00+02:00,1725.030,1725.030,1724.580,1724.750,24
SQ:XAUUSD,2020-04-15T01:42:00+02:00,1724.690,1725.110,1724.580,1724.960,12
SQ:XAUUSD,2020-04-15T01:43:00+02:00,1724.910,1725.170,1724.910,1724.930,13
SQ:XAUUSD,2020-04-15T01:44:00+02:00,1724.930,1724.930,1724.640,1724.640,11
SQ:XAUUSD,2020-04-15T01:45:00+02:00,1724.720,1724.760,1724.540,1724.690,12
SQ:XAUUSD,2020-04-15T01:46:00+02:00,1724.670,1724.810,1723.940,1723.940,25
SQ:XAUUSD,2020-04-15T01:47:00+02:00,1723.940,1724.590,1723.940,1724.440,23
SQ:XAUUSD,2020-04-15T01:48:00+02:00,1724.440,1724.690,1724.440,1724.440,10
SQ:XAUUSD,2020-04-15T01:49:00+02:00,1724.440,1724.970,1724.440,1724.840,21
SQ:XAUUSD,2020-04-15T01:50:00+02:00,1724.840,1724.970,1724.770,1724.860,16
SQ:XAUUSD,2020-04-15T01:51:00+02:00,1724.860,1724.920,1723.810,1724.490,25
SQ:XAUUSD,2020-04-15T01:52:00+02:00,1724.490,1724.490,1724.390,1724.390,3
SQ:XAUUSD,2020-04-15T01:53:00+02:00,1724.390,1724.670,1724.390,1724.670,3
SQ:XAUUSD,2020-04-15T01:54:00+02:00,1724.670,1724.730,1724.670,1724.670,5
SQ:XAUUSD,2020-04-15T01:55:00+02:00,1724.670,1725.200,1724.670,1725.200,4
SQ:XAUUSD,2020-04-15T01:56:00+02:00,1725.200,1725.200,1725.120,1725.120,2
SQ:XAUUSD,2020-04-15T01:57:00+02:00,1725.120,1725.120,1725.020,1725.020,2
SQ:XAUUSD,2020-04-15T01:58:00+02:00,1725.020,1725.030,1724.980,1724.980,3
SQ:XAUUSD,2020-04-15T01:59:00+02:00,1724.980,1724.990,1724.980,1724.990,2
SQ:XAUUSD,2020-04-15T02:00:00+02:00,1724.990,1725.220,1722.980,1723.320,38
SQ:XAUUSD,2020-04-15T02:01:00+02:00,1723.320,1724.730,1723.200,1723.790,92
SQ:XAUUSD,2020-04-15T02:02:00+02:00,1723.790,1723.810,1723.170,1723.360,84
SQ:XAUUSD,2020-04-15T02:03:00+02:00,1723.360,1723.940,1723.360,1723.860,15
SQ:XAUUSD,2020-04-15T02:04:00+02:00,1723.860,1723.930,1723.540,1723.720,15
SQ:XAUUSD,2020-04-15T02:05:00+02:00,1723.720,1723.970,1723.720,1723.950,7
SQ:XAUUSD,2020-04-15T02:06:00+02:00,1723.950,1724.120,1723.940,1723.990,10
SQ:XAUUSD,2020-04-15T02:07:00+02:00,1723.990,1724.180,1723.940,1724.180,8
SQ:XAUUSD,2020-04-15T02:08:00+02:00,1724.180,1725.830,1724.130,1725.540,64
SQ:XAUUSD,2020-04-15T02:09:00+02:00,1725.540,1725.550,1725.120,1725.120,19
SQ:XAUUSD,2020-04-15T02:10:00+02:00,1725.120,1725.470,1725.120,1725.210,18
SQ:XAUUSD,2020-04-15T02:11:00+02:00,1725.210,1725.370,1725.100,1725.220,5
SQ:XAUUSD,2020-04-15T02:12:00+02:00,1725.220,1725.660,1725.140,1725.140,19
SQ:XAUUSD,2020-04-15T02:13:00+02:00,1725.010,1725.650,1724.910,1725.600,27
SQ:XAUUSD,2020-04-15T02:14:00+02:00,1725.600,1725.630,1725.150,1725.600,10
SQ:XAUUSD,2020-04-15T02:15:00+02:00,1725.600,1725.610,1725.130,1725.350,25
SQ:XAUUSD,2020-04-15T02:16:00+02:00,1725.570,1725.800,1725.440,1725.800,7
SQ:XAUUSD,2020-04-15T02:17:00+02:00,1725.800,1726.630,1725.800,1726.530,63
SQ:XAUUSD,2020-04-15T02:18:00+02:00,1726.530,1726.780,1726.280,1726.410,56
SQ:XAUUSD,2020-04-15T02:19:00+02:00,1726.410,1726.470,1725.890,1726.300,31
SQ:XAUUSD,2020-04-15T02:20:00+02:00,1726.350,1728.640,1726.110,1728.410,34
SQ:XAUUSD,2020-04-15T02:21:00+02:00,1728.410,1728.790,1728.170,1728.480,68
SQ:XAUUSD,2020-04-15T02:22:00+02:00,1728.510,1728.820,1727.650,1728.090,40
SQ:XAUUSD,2020-04-15T02:23:00+02:00,1728.090,1728.090,1727.280,1727.280,8
SQ:XAUUSD,2020-04-15T02:24:00+02:00,1727.280,1727.280,1725.660,1725.660,21
SQ:XAUUSD,2020-04-15T02:25:00+02:00,1725.660,1726.260,1724.990,1725.890,53
SQ:XAUUSD,2020-04-15T02:26:00+02:00,1725.890,1726.670,1725.280,1725.280,29
SQ:XAUUSD,2020-04-15T02:27:00+02:00,1725.280,1725.610,1724.880,1725.600,26
SQ:XAUUSD,2020-04-15T02:28:00+02:00,1725.600,1726.130,1725.380,1725.820,15
SQ:XAUUSD,2020-04-15T02:29:00+02:00,1725.820,1726.100,1725.620,1725.650,13
SQ:XAUUSD,2020-04-15T02:30:00+02:00,1725.820,1726.460,1725.610,1726.460,32
SQ:XAUUSD,2020-04-15T02:31:00+02:00,1726.470,1726.570,1725.990,1725.990,28
SQ:XAUUSD,2020-04-15T02:32:00+02:00,1725.990,1726.040,1725.790,1725.970,16
SQ:XAUUSD,2020-04-15T02:33:00+02:00,1725.970,1726.050,1725.520,1726.050,13
SQ:XAUUSD,2020-04-15T02:34:00+02:00,1726.050,1726.050,1725.720,1725.720,4
SQ:XAUUSD,2020-04-15T02:35:00+02:00,1725.720,1726.130,1725.720,1726.060,8
SQ:XAUUSD,2020-04-15T02:36:00+02:00,1726.060,1727.140,1725.990,1727.140,65
SQ:XAUUSD,2020-04-15T02:37:00+02:00,1727.140,1728.670,1726.880,1728.670,74
SQ:XAUUSD,2020-04-15T02:38:00+02:00,1728.670,1728.870,1728.020,1728.870,28
SQ:XAUUSD,2020-04-15T02:39:00+02:00,1728.950,1729.040,1728.530,1728.660,40
SQ:XAUUSD,2020-04-15T02:40:00+02:00,1728.550,1728.570,1727.950,1728.190,22
SQ:XAUUSD,2020-04-15T02:41:00+02:00,1728.190,1728.460,1727.720,1727.780,36
SQ:XAUUSD,2020-04-15T02:42:00+02:00,1727.780,1728.060,1727.710,1727.730,31
SQ:XAUUSD,2020-04-15T02:43:00+02:00,1727.770,1727.970,1727.320,1727.320,37
SQ:XAUUSD,2020-04-15T02:44:00+02:00,1727.320,1727.790,1727.320,1727.510,20
SQ:XAUUSD,2020-04-15T02:45:00+02:00,1727.510,1728.320,1727.510,1728.170,38
SQ:XAUUSD,2020-04-15T02:46:00+02:00,1728.170,1728.400,1727.340,1728.080,42
SQ:XAUUSD,2020-04-15T02:47:00+02:00,1727.930,1727.950,1726.950,1727.370,34
SQ:XAUUSD,2020-04-15T02:48:00+02:00,1727.370,1728.090,1726.650,1727.910,28
SQ:XAUUSD,2020-04-15T02:49:00+02:00,1727.790,1728.220,1727.550,1728.220,34
SQ:XAUUSD,2020-04-15T02:50:00+02:00,1728.220,1728.220,1727.660,1728.090,25
SQ:XAUUSD,2020-04-15T02:51:00+02:00,1728.090,1729.380,1728.090,1728.440,59
SQ:XAUUSD,2020-04-15T02:52:00+02:00,1728.440,1728.790,1727.810,1728.680,44
SQ:XAUUSD,2020-04-15T02:53:00+02:00,1728.680,1728.910,1728.350,1728.350,55
SQ:XAUUSD,2020-04-15T02:54:00+02:00,1728.350,1728.440,1727.610,1728.000,50
SQ:XAUUSD,2020-04-15T02:55:00+02:00,1728.040,1729.140,1728.020,1729.050,53
SQ:XAUUSD,2020-04-15T02:56:00+02:00,1729.120,1729.170,1728.120,1728.300,64
SQ:XAUUSD,2020-04-15T02:57:00+02:00,1728.290,1728.840,1727.918,1728.218,41
SQ:XAUUSD,2020-04-15T02:58:00+02:00,1728.218,1728.218,1726.970,1727.130,45
SQ:XAUUSD,2020-04-15T02:59:00+02:00,1727.130,1727.340,1727.130,1727.130,10
SQ:XAUUSD,2020-04-15T03:00:00+02:00,1727.130,1729.920,1727.130,1728.720,215
SQ:XAUUSD,2020-04-15T03:01:00+02:00,1728.820,1730.600,1728.230,1729.230,118
SQ:XAUUSD,2020-04-15T03:02:00+02:00,1729.160,1729.350,1728.640,1729.020,76
SQ:XAUUSD,2020-04-15T03:03:00+02:00,1729.020,1730.020,1729.020,1729.330,81
SQ:XAUUSD,2020-04-15T03:04:00+02:00,1729.240,1729.240,1727.730,1728.320,95
SQ:XAUUSD,2020-04-15T03:05:00+02:00,1728.330,1728.330,1727.640,1727.880,70
SQ:XAUUSD,2020-04-15T03:06:00+02:00,1727.950,1728.560,1727.380,1728.410,79
SQ:XAUUSD,2020-04-15T03:07:00+02:00,1728.420,1728.420,1727.290,1727.310,79
SQ:XAUUSD,2020-04-15T03:08:00+02:00,1727.200,1728.060,1727.200,1727.470,69
SQ:XAUUSD,2020-04-15T03:09:00+02:00,1727.480,1727.520,1726.450,1726.530,71
SQ:XAUUSD,2020-04-15T03:10:00+02:00,1726.530,1727.100,1726.270,1726.270,47
SQ:XAUUSD,2020-04-15T03:11:00+02:00,1726.270,1726.470,1725.850,1726.110,56
SQ:XAUUSD,2020-04-15T03:12:00+02:00,1726.110,1726.350,1725.870,1726.260,40
SQ:XAUUSD,2020-04-15T03:13:00+02:00,1726.260,1726.850,1725.590,1725.590,63
SQ:XAUUSD,2020-04-15T03:14:00+02:00,1725.570,1726.010,1725.410,1725.740,62
SQ:XAUUSD,2020-04-15T03:15:00+02:00,1725.660,1725.920,1725.590,1725.800,36
SQ:XAUUSD,2020-04-15T03:16:00+02:00,1725.800,1726.160,1725.720,1726.150,35
SQ:XAUUSD,2020-04-15T03:17:00+02:00,1726.140,1726.310,1725.860,1725.960,26
SQ:XAUUSD,2020-04-15T03:18:00+02:00,1725.960,1725.990,1725.650,1725.650,28
SQ:XAUUSD,2020-04-15T03:19:00+02:00,1725.650,1726.250,1725.610,1726.250,31
SQ:XAUUSD,2020-04-15T03:20:00+02:00,1726.260,1726.260,1725.550,1725.590,30
SQ:XAUUSD,2020-04-15T03:21:00+02:00,1725.590,1725.650,1724.660,1724.950,80
SQ:XAUUSD,2020-04-15T03:22:00+02:00,1724.980,1724.980,1723.720,1723.870,99
SQ:XAUUSD,2020-04-15T03:23:00+02:00,1723.870,1724.660,1723.870,1724.660,63
SQ:XAUUSD,2020-04-15T03:24:00+02:00,1724.670,1724.970,1723.830,1724.070,71
SQ:XAUUSD,2020-04-15T03:25:00+02:00,1724.040,1724.890,1723.600,1723.740,92
SQ:XAUUSD,2020-04-15T03:26:00+02:00,1723.740,1724.190,1723.160,1723.640,73
SQ:XAUUSD,2020-04-15T03:27:00+02:00,1723.640,1723.940,1723.060,1723.630,72
SQ:XAUUSD,2020-04-15T03:28:00+02:00,1723.630,1724.210,1723.540,1724.000,49
SQ:XAUUSD,2020-04-15T03:29:00+02:00,1724.000,1724.840,1723.520,1724.840,44
SQ:XAUUSD,2020-04-15T03:30:00+02:00,1724.840,1725.100,1724.096,1724.760,58
SQ:XAUUSD,2020-04-15T03:31:00+02:00,1724.870,1724.990,1724.750,1724.800,35
SQ:XAUUSD,2020-04-15T03:32:00+02:00,1724.760,1725.050,1724.480,1725.050,35
SQ:XAUUSD,2020-04-15T03:33:00+02:00,1725.050,1725.090,1724.660,1724.740,25
SQ:XAUUSD,2020-04-15T03:34:00+02:00,1724.740,1725.000,1724.540,1724.970,31
SQ:XAUUSD,2020-04-15T03:35:00+02:00,1725.020,1725.860,1724.820,1725.750,61
SQ:XAUUSD,2020-04-15T03:36:00+02:00,1725.750,1725.960,1724.418,1724.658,51
SQ:XAUUSD,2020-04-15T03:37:00+02:00,1724.690,1724.700,1722.520,1723.690,67
SQ:XAUUSD,2020-04-15T03:38:00+02:00,1723.690,1723.710,1722.460,1722.760,84
SQ:XAUUSD,2020-04-15T03:39:00+02:00,1722.760,1722.890,1722.570,1722.830,43
SQ:XAUUSD,2020-04-15T03:40:00+02:00,1723.028,1723.490,1722.840,1723.130,45
SQ:XAUUSD,2020-04-15T03:41:00+02:00,1723.200,1723.440,1723.110,1723.170,27
SQ:XAUUSD,2020-04-15T03:42:00+02:00,1723.170,1723.180,1722.260,1722.390,34
SQ:XAUUSD,2020-04-15T03:43:00+02:00,1722.390,1722.540,1721.950,1722.120,37
SQ:XAUUSD,2020-04-15T03:44:00+02:00,1722.548,1722.576,1721.200,1721.460,48
SQ:XAUUSD,2020-04-15T03:45:00+02:00,1721.460,1722.650,1721.360,1722.300,46
SQ:XAUUSD,2020-04-15T03:46:00+02:00,1722.300,1722.390,1722.100,1722.220,20
SQ:XAUUSD,2020-04-15T03:47:00+02:00,1722.240,1722.960,1722.180,1722.630,30
SQ:XAUUSD,2020-04-15T03:48:00+02:00,1722.660,1722.850,1721.940,1721.940,42
SQ:XAUUSD,2020-04-15T03:49:00+02:00,1721.960,1721.960,1721.400,1721.740,33
SQ:XAUUSD,2020-04-15T03:50:00+02:00,1721.770,1722.170,1721.580,1721.960,32
SQ:XAUUSD,2020-04-15T03:51:00+02:00,1721.960,1721.990,1721.530,1721.530,15
SQ:XAUUSD,2020-04-15T03:52:00+02:00,1721.530,1721.830,1721.400,1721.400,22
SQ:XAUUSD,2020-04-15T03:53:00+02:00,1721.400,1721.500,1720.940,1721.320,11
SQ:XAUUSD,2020-04-15T03:54:00+02:00,1721.320,1721.320,1720.820,1721.010,15
SQ:XAUUSD,2020-04-15T03:55:00+02:00,1721.010,1721.110,1720.610,1721.110,12
SQ:XAUUSD,2020-04-15T03:56:00+02:00,1721.110,1721.310,1721.110,1721.190,15
SQ:XAUUSD,2020-04-15T03:57:00+02:00,1721.190,1721.380,1720.670,1720.670,37
SQ:XAUUSD,2020-04-15T03:58:00+02:00,1720.650,1721.560,1720.650,1721.430,50
SQ:XAUUSD,2020-04-15T03:59:00+02:00,1721.440,1722.180,1721.320,1722.080,40
SQ:XAUUSD,2020-04-15T04:00:00+02:00,1722.150,1722.910,1722.130,1722.180,69
SQ:XAUUSD,2020-04-15T04:01:00+02:00,1722.170,1722.190,1720.980,1721.010,40
SQ:XAUUSD,2020-04-15T04:02:00+02:00,1721.010,1721.910,1720.670,1721.070,58
SQ:XAUUSD,2020-04-15T04:03:00+02:00,1721.090,1721.090,1720.490,1720.490,34
SQ:XAUUSD,2020-04-15T04:04:00+02:00,1720.490,1720.950,1720.430,1720.820,39
SQ:XAUUSD,2020-04-15T04:05:00+02:00,1720.820,1720.970,1720.220,1720.300,43
SQ:XAUUSD,2020-04-15T04:06:00+02:00,1720.300,1721.250,1720.190,1720.890,45
SQ:XAUUSD,2020-04-15T04:07:00+02:00,1720.890,1722.030,1720.840,1721.798,45
SQ:XAUUSD,2020-04-15T04:08:00+02:00,1721.790,1721.890,1721.580,1721.670,26
SQ:XAUUSD,2020-04-15T04:09:00+02:00,1721.670,1721.760,1721.070,1721.260,35
SQ:XAUUSD,2020-04-15T04:10:00+02:00,1721.260,1722.300,1721.260,1721.740,48
SQ:XAUUSD,2020-04-15T04:11:00+02:00,1721.740,1721.740,1721.200,1721.480,40
SQ:XAUUSD,2020-04-15T04:12:00+02:00,1721.480,1721.890,1721.340,1721.420,36
SQ:XAUUSD,2020-04-15T04:13:00+02:00,1721.420,1721.630,1721.400,1721.630,22
SQ:XAUUSD,2020-04-15T04:14:00+02:00,1721.630,1721.780,1721.330,1721.730,27
SQ:XAUUSD,2020-04-15T04:15:00+02:00,1721.730,1722.220,1721.560,1722.000,34
SQ:XAUUSD,2020-04-15T04:16:00+02:00,1722.000,1722.000,1721.450,1721.700,32
SQ:XAUUSD,2020-04-15T04:17:00+02:00,1721.640,1721.960,1720.890,1721.010,41
SQ:XAUUSD,2020-04-15T04:18:00+02:00,1721.010,1721.010,1720.560,1720.770,29
SQ:XAUUSD,2020-04-15T04:19:00+02:00,1720.770,1720.910,1720.770,1720.780,6
SQ:XAUUSD,2020-04-15T04:20:00+02:00,1720.780,1720.780,1720.360,1720.360,5
SQ:XAUUSD,2020-04-15T04:21:00+02:00,1720.360,1720.600,1720.170,1720.600,21
SQ:XAUUSD,2020-04-15T04:22:00+02:00,1720.600,1720.670,1720.600,1720.610,6
SQ:XAUUSD,2020-04-15T04:23:00+02:00,1720.610,1720.780,1720.610,1720.780,2
SQ:XAUUSD,2020-04-15T04:24:00+02:00,1720.780,1721.728,1720.780,1721.578,16
SQ:XAUUSD,2020-04-15T04:25:00+02:00,1721.578,1721.798,1720.780,1720.780,27
SQ:XAUUSD,2020-04-15T04:26:00+02:00,1720.780,1721.470,1720.510,1720.738,25
SQ:XAUUSD,2020-04-15T04:27:00+02:00,1720.738,1721.138,1720.620,1720.940,32
SQ:XAUUSD,2020-04-15T04:28:00+02:00,1720.826,1720.860,1719.840,1720.270,25
SQ:XAUUSD,2020-04-15T04:29:00+02:00,1720.270,1720.280,1719.940,1720.070,14
SQ:XAUUSD,2020-04-15T04:30:00+02:00,1720.070,1720.150,1719.570,1719.570,31
SQ:XAUUSD,2020-04-15T04:31:00+02:00,1719.570,1719.750,1719.290,1719.610,50
SQ:XAUUSD,2020-04-15T04:32:00+02:00,1719.620,1719.900,1719.570,1719.830,51
SQ:XAUUSD,2020-04-15T04:33:00+02:00,1719.820,1719.990,1719.630,1719.710,29
SQ:XAUUSD,2020-04-15T04:34:00+02:00,1719.610,1720.390,1719.330,1719.470,24
SQ:XAUUSD,2020-04-15T04:35:00+02:00,1719.510,1721.076,1719.380,1719.860,36
SQ:XAUUSD,2020-04-15T04:36:00+02:00,1719.860,1720.200,1719.380,1719.380,33
SQ:XAUUSD,2020-04-15T04:37:00+02:00,1719.380,1719.670,1719.380,1719.440,18
SQ:XAUUSD,2020-04-15T04:38:00+02:00,1719.390,1719.770,1719.390,1719.670,38
SQ:XAUUSD,2020-04-15T04:39:00+02:00,1719.490,1719.790,1719.490,1719.600,19
SQ:XAUUSD,2020-04-15T04:40:00+02:00,1719.600,1719.660,1719.200,1719.380,47
SQ:XAUUSD,2020-04-15T04:41:00+02:00,1719.350,1719.610,1719.290,1719.590,10
SQ:XAUUSD,2020-04-15T04:42:00+02:00,1719.530,1719.600,1719.280,1719.280,23
SQ:XAUUSD,2020-04-15T04:43:00+02:00,1719.280,1720.440,1719.280,1720.420,42
SQ:XAUUSD,2020-04-15T04:44:00+02:00,1720.440,1720.590,1720.150,1720.150,46
SQ:XAUUSD,2020-04-15T04:45:00+02:00,1720.150,1721.820,1720.150,1721.400,67
SQ:XAUUSD,2020-04-15T04:46:00+02:00,1721.400,1721.890,1721.260,1721.630,48
SQ:XAUUSD,2020-04-15T04:47:00+02:00,1721.650,1721.740,1721.110,1721.360,45
SQ:XAUUSD,2020-04-15T04:48:00+02:00,1721.360,1721.690,1720.950,1721.060,53
SQ:XAUUSD,2020-04-15T04:49:00+02:00,1721.060,1721.180,1720.570,1720.670,33
SQ:XAUUSD,2020-04-15T04:50:00+02:00,1720.670,1720.920,1720.420,1720.740,39
SQ:XAUUSD,2020-04-15T04:51:00+02:00,1720.760,1721.050,1720.590,1720.990,30
SQ:XAUUSD,2020-04-15T04:52:00+02:00,1720.970,1721.660,1720.970,1721.620,30
SQ:XAUUSD,2020-04-15T04:53:00+02:00,1721.650,1721.810,1721.260,1721.380,42
SQ:XAUUSD,2020-04-15T04:54:00+02:00,1721.330,1721.390,1721.210,1721.320,23
SQ:XAUUSD,2020-04-15T04:55:00+02:00,1721.320,1721.380,1721.010,1721.190,35
SQ:XAUUSD,2020-04-15T04:56:00+02:00,1721.190,1721.190,1720.620,1720.760,24
SQ:XAUUSD,2020-04-15T04:57:00+02:00,1720.830,1720.960,1720.750,1720.910,26
SQ:XAUUSD,2020-04-15T04:58:00+02:00,1720.910,1721.470,1720.670,1720.710,31
SQ:XAUUSD,2020-04-15T04:59:00+02:00,1720.740,1720.950,1720.740,1720.780,46
SQ:XAUUSD,2020-04-15T05:00:00+02:00,1720.780,1721.200,1720.780,1720.860,35
SQ:XAUUSD,2020-04-15T05:01:00+02:00,1720.890,1720.990,1720.510,1720.520,21
SQ:XAUUSD,2020-04-15T05:02:00+02:00,1720.520,1720.550,1719.870,1719.940,39
SQ:XAUUSD,2020-04-15T05:03:00+02:00,1719.940,1720.206,1719.590,1719.940,64
SQ:XAUUSD,2020-04-15T05:04:00+02:00,1719.920,1720.458,1719.080,1719.080,62
SQ:XAUUSD,2020-04-15T05:05:00+02:00,1719.080,1719.860,1719.080,1719.650,37
SQ:XAUUSD,2020-04-15T05:06:00+02:00,1719.650,1720.150,1719.600,1720.150,22
SQ:XAUUSD,2020-04-15T05:07:00+02:00,1720.150,1720.840,1720.140,1720.660,38
SQ:XAUUSD,2020-04-15T05:08:00+02:00,1720.700,1720.850,1720.600,1720.840,22
SQ:XAUUSD,2020-04-15T05:09:00+02:00,1720.840,1720.912,1720.320,1720.440,31
SQ:XAUUSD,2020-04-15T05:10:00+02:00,1720.460,1720.908,1720.290,1720.620,28
SQ:XAUUSD,2020-04-15T05:11:00+02:00,1720.630,1721.210,1720.610,1720.880,29
SQ:XAUUSD,2020-04-15T05:12:00+02:00,1720.900,1721.750,1720.710,1720.960,64
SQ:XAUUSD,2020-04-15T05:13:00+02:00,1720.960,1721.710,1720.880,1721.490,50
SQ:XAUUSD,2020-04-15T05:14:00+02:00,1721.490,1721.840,1721.220,1721.220,31
SQ:XAUUSD,2020-04-15T05:15:00+02:00,1721.220,1721.460,1721.190,1721.200,23
SQ:XAUUSD,2020-04-15T05:16:00+02:00,1721.200,1721.580,1720.960,1721.150,40
SQ:XAUUSD,2020-04-15T05:17:00+02:00,1721.280,1721.280,1721.030,1721.180,28
SQ:XAUUSD,2020-04-15T05:18:00+02:00,1721.160,1721.160,1720.710,1720.710,5
SQ:XAUUSD,2020-04-15T05:19:00+02:00,1720.710,1720.710,1720.110,1720.110,3
SQ:XAUUSD,2020-04-15T05:20:00+02:00,1720.110,1720.430,1720.070,1720.310,25
SQ:XAUUSD,2020-04-15T05:21:00+02:00,1720.310,1720.570,1720.250,1720.570,21
SQ:XAUUSD,2020-04-15T05:22:00+02:00,1720.560,1720.640,1720.360,1720.570,26
SQ:XAUUSD,2020-04-15T05:23:00+02:00,1720.530,1721.030,1720.420,1720.990,41
SQ:XAUUSD,2020-04-15T05:24:00+02:00,1721.030,1721.580,1721.030,1721.240,68
SQ:XAUUSD,2020-04-15T05:25:00+02:00,1721.240,1721.490,1721.220,1721.380,45
SQ:XAUUSD,2020-04-15T05:26:00+02:00,1721.410,1721.680,1720.770,1720.770,30
SQ:XAUUSD,2020-04-15T05:27:00+02:00,1720.760,1721.090,1720.680,1720.980,13
SQ:XAUUSD,2020-04-15T05:28:00+02:00,1721.000,1721.530,1720.620,1720.980,48
SQ:XAUUSD,2020-04-15T05:29:00+02:00,1720.960,1721.520,1720.670,1720.710,39
SQ:XAUUSD,2020-04-15T05:30:00+02:00,1720.640,1721.110,1720.640,1720.810,47
SQ:XAUUSD,2020-04-15T05:31:00+02:00,1720.810,1721.000,1720.560,1720.910,48
SQ:XAUUSD,2020-04-15T05:32:00+02:00,1720.910,1721.050,1720.640,1720.850,24
SQ:XAUUSD,2020-04-15T05:33:00+02:00,1720.850,1720.990,1720.820,1720.940,21
SQ:XAUUSD,2020-04-15T05:34:00+02:00,1720.820,1720.890,1720.820,1720.820,8
SQ:XAUUSD,2020-04-15T05:35:00+02:00,1720.820,1720.820,1720.540,1720.540,4
SQ:XAUUSD,2020-04-15T05:36:00+02:00,1720.540,1720.540,1719.880,1719.890,3
SQ:XAUUSD,2020-04-15T05:37:00+02:00,1719.890,1719.890,1719.890,1719.890,1
SQ:XAUUSD,2020-04-15T05:38:00+02:00,1719.890,1720.550,1719.700,1719.700,5
SQ:XAUUSD,2020-04-15T05:39:00+02:00,1719.680,1720.310,1719.680,1720.310,16
SQ:XAUUSD,2020-04-15T05:40:00+02:00,1720.310,1720.610,1720.000,1720.610,30
SQ:XAUUSD,2020-04-15T05:41:00+02:00,1720.610,1720.610,1720.610,1720.610,1
SQ:XAUUSD,2020-04-15T05:42:00+02:00,1720.610,1720.610,1719.950,1720.610,9
SQ:XAUUSD,2020-04-15T05:43:00+02:00,1720.610,1720.760,1720.280,1720.720,18
SQ:XAUUSD,2020-04-15T05:44:00+02:00,1720.580,1720.770,1720.240,1720.240,16
SQ:XAUUSD,2020-04-15T05:45:00+02:00,1720.480,1720.540,1720.240,1720.540,8
SQ:XAUUSD,2020-04-15T05:46:00+02:00,1720.540,1720.620,1720.240,1720.620,8
SQ:XAUUSD,2020-04-15T05:47:00+02:00,1720.240,1720.790,1720.240,1720.650,27
SQ:XAUUSD,2020-04-15T05:48:00+02:00,1720.650,1720.770,1720.290,1720.680,17
SQ:XAUUSD,2020-04-15T05:49:00+02:00,1720.680,1720.880,1720.240,1720.820,17
SQ:XAUUSD,2020-04-15T05:50:00+02:00,1720.820,1721.330,1720.820,1721.180,32
SQ:XAUUSD,2020-04-15T05:51:00+02:00,1721.180,1721.350,1720.800,1721.350,32
SQ:XAUUSD,2020-04-15T05:52:00+02:00,1721.350,1721.350,1721.300,1721.300,2
SQ:XAUUSD,2020-04-15T05:53:00+02:00,1721.300,1721.300,1720.300,1720.740,15
SQ:XAUUSD,2020-04-15T05:54:00+02:00,1720.510,1720.890,1720.090,1720.110,18
SQ:XAUUSD,2020-04-15T05:55:00+02:00,1720.110,1720.140,1720.080,1720.090,29
SQ:XAUUSD,2020-04-15T05:56:00+02:00,1720.090,1720.120,1720.090,1720.090,10
SQ:XAUUSD,2020-04-15T05:57:00+02:00,1720.100,1720.680,1720.050,1720.590,24
SQ:XAUUSD,2020-04-15T05:58:00+02:00,1720.590,1720.590,1720.080,1720.080,18
SQ:XAUUSD,2020-04-15T05:59:00+02:00,1720.080,1720.090,1720.080,1720.090,2
SQ:XAUUSD,2020-04-15T06:00:00+02:00,1720.090,1720.290,1720.080,1720.160,12
SQ:XAUUSD,2020-04-15T06:01:00+02:00,1720.160,1720.380,1720.080,1720.080,7
SQ:XAUUSD,2020-04-15T06:02:00+02:00,1720.080,1720.240,1720.080,1720.240,5
SQ:XAUUSD,2020-04-15T06:03:00+02:00,1720.240,1720.240,1720.080,1720.080,2
SQ:XAUUSD,2020-04-15T06:04:00+02:00,1720.080,1720.080,1720.080,1720.080,1
SQ:XAUUSD,2020-04-15T06:05:00+02:00,1720.080,1720.380,1720.050,1720.080,16
SQ:XAUUSD,2020-04-15T06:06:00+02:00,1720.080,1721.080,1720.080,1720.660,22
SQ:XAUUSD,2020-04-15T06:07:00+02:00,1720.660,1721.090,1720.660,1720.840,21
SQ:XAUUSD,2020-04-15T06:08:00+02:00,1720.840,1720.940,1720.540,1720.680,6
SQ:XAUUSD,2020-04-15T06:09:00+02:00,1720.680,1720.840,1720.680,1720.840,2
SQ:XAUUSD,2020-04-15T06:10:00+02:00,1720.840,1721.140,1720.840,1721.040,10
SQ:XAUUSD,2020-04-15T06:11:00+02:00,1721.040,1721.290,1720.930,1721.160,17
SQ:XAUUSD,2020-04-15T06:12:00+02:00,1721.160,1721.470,1721.130,1721.400,18
SQ:XAUUSD,2020-04-15T06:13:00+02:00,1721.440,1722.330,1721.380,1722.170,56
SQ:XAUUSD,2020-04-15T06:14:00+02:00,1722.180,1722.220,1721.830,1721.940,45
SQ:XAUUSD,2020-04-15T06:15:00+02:00,1722.000,1723.350,1721.980,1722.890,19
SQ:XAUUSD,2020-04-15T06:16:00+02:00,1722.840,1723.880,1722.820,1722.930,35
SQ:XAUUSD,2020-04-15T06:17:00+02:00,1722.930,1723.150,1722.760,1722.840,38
SQ:XAUUSD,2020-04-15T06:18:00+02:00,1722.840,1723.170,1722.840,1723.060,24
SQ:XAUUSD,2020-04-15T06:19:00+02:00,1723.050,1723.510,1722.980,1723.500,53
SQ:XAUUSD,2020-04-15T06:20:00+02:00,1723.420,1723.530,1723.260,1723.360,32
SQ:XAUUSD,2020-04-15T06:21:00+02:00,1723.360,1723.360,1723.200,1723.220,21
SQ:XAUUSD,2020-04-15T06:22:00+02:00,1723.220,1723.340,1723.080,1723.150,39
SQ:XAUUSD,2020-04-15T06:23:00+02:00,1723.120,1723.410,1723.120,1723.220,42
SQ:XAUUSD,2020-04-15T06:24:00+02:00,1723.170,1723.340,1723.140,1723.310,27
SQ:XAUUSD,2020-04-15T06:25:00+02:00,1723.300,1723.360,1722.760,1722.760,11
SQ:XAUUSD,2020-04-15T06:26:00+02:00,1722.760,1722.860,1722.680,1722.860,10
SQ:XAUUSD,2020-04-15T06:27:00+02:00,1722.860,1723.780,1722.680,1722.850,23
SQ:XAUUSD,2020-04-15T06:28:00+02:00,1722.860,1723.448,1722.840,1723.270,21
SQ:XAUUSD,2020-04-15T06:29:00+02:00,1723.270,1723.270,1723.270,1723.270,1
SQ:XAUUSD,2020-04-15T06:30:00+02:00,1723.270,1723.750,1723.270,1723.750,33
SQ:XAUUSD,2020-04-15T06:31:00+02:00,1723.750,1724.410,1723.590,1723.710,35
SQ:XAUUSD,2020-04-15T06:32:00+02:00,1723.710,1723.760,1723.610,1723.660,12
SQ:XAUUSD,2020-04-15T06:33:00+02:00,1723.700,1723.740,1723.370,1723.720,28
SQ:XAUUSD,2020-04-15T06:34:00+02:00,1723.740,1724.040,1723.530,1723.850,36
SQ:XAUUSD,2020-04-15T06:35:00+02:00,1723.850,1724.020,1723.780,1723.850,21
SQ:XAUUSD,2020-04-15T06:36:00+02:00,1723.850,1724.930,1723.850,1724.930,26
SQ:XAUUSD,2020-04-15T06:37:00+02:00,1724.930,1724.930,1724.620,1724.620,2
SQ:XAUUSD,2020-04-15T06:38:00+02:00,1724.620,1724.990,1724.620,1724.930,15
SQ:XAUUSD,2020-04-15T06:39:00+02:00,1724.970,1725.110,1724.800,1725.110,31
SQ:XAUUSD,2020-04-15T06:40:00+02:00,1725.110,1725.110,1725.110,1725.110,1
SQ:XAUUSD,2020-04-15T06:41:00+02:00,1725.110,1725.110,1724.630,1724.630,3
SQ:XAUUSD,2020-04-15T06:42:00+02:00,1724.630,1724.630,1724.630,1724.630,1
SQ:XAUUSD,2020-04-15T06:43:00+02:00,1724.630,1724.630,1724.080,1724.080,5
SQ:XAUUSD,2020-04-15T06:44:00+02:00,1724.080,1724.200,1724.000,1724.200,5
SQ:XAUUSD,2020-04-15T06:45:00+02:00,1724.200,1725.080,1724.200,1724.690,34
SQ:XAUUSD,2020-04-15T06:46:00+02:00,1724.690,1724.690,1724.240,1724.590,14
SQ:XAUUSD,2020-04-15T06:47:00+02:00,1724.590,1724.590,1723.740,1723.970,10
SQ:XAUUSD,2020-04-15T06:48:00+02:00,1723.970,1723.970,1723.910,1723.910,2
SQ:XAUUSD,2020-04-15T06:49:00+02:00,1723.910,1723.920,1723.630,1723.900,6
SQ:XAUUSD,2020-04-15T06:50:00+02:00,1723.900,1724.310,1723.900,1724.120,27
SQ:XAUUSD,2020-04-15T06:51:00+02:00,1724.100,1724.130,1723.880,1723.880,17
SQ:XAUUSD,2020-04-15T06:52:00+02:00,1723.880,1723.880,1723.290,1723.340,6
SQ:XAUUSD,2020-04-15T06:53:00+02:00,1723.350,1724.070,1723.160,1723.620,53
SQ:XAUUSD,2020-04-15T06:54:00+02:00,1723.850,1724.430,1723.470,1723.920,60
SQ:XAUUSD,2020-04-15T06:55:00+02:00,1723.920,1724.020,1723.710,1723.890,31
SQ:XAUUSD,2020-04-15T06:56:00+02:00,1723.890,1724.440,1723.530,1723.590,24
SQ:XAUUSD,2020-04-15T06:57:00+02:00,1723.590,1724.070,1722.830,1722.960,49
SQ:XAUUSD,2020-04-15T06:58:00+02:00,1722.960,1723.390,1722.960,1723.390,40
SQ:XAUUSD,2020-04-15T06:59:00+02:00,1723.460,1723.700,1723.440,1723.480,53
SQ:XAUUSD,2020-04-15T07:00:00+02:00,1723.480,1723.600,1722.810,1723.300,110
SQ:XAUUSD,2020-04-15T07:01:00+02:00,1723.290,1723.800,1723.200,1723.270,51
SQ:XAUUSD,2020-04-15T07:02:00+02:00,1723.320,1723.630,1723.320,1723.550,18
SQ:XAUUSD,2020-04-15T07:03:00+02:00,1723.516,1723.970,1723.510,1723.930,25
SQ:XAUUSD,2020-04-15T07:04:00+02:00,1723.910,1724.230,1723.780,1724.050,28
SQ:XAUUSD,2020-04-15T07:05:00+02:00,1724.060,1724.340,1723.390,1723.570,43
SQ:XAUUSD,2020-04-15T07:06:00+02:00,1723.570,1723.570,1723.220,1723.250,41
SQ:XAUUSD,2020-04-15T07:07:00+02:00,1723.370,1723.578,1723.250,1723.578,19
SQ:XAUUSD,2020-04-15T07:08:00+02:00,1723.570,1723.576,1723.010,1723.510,29
SQ:XAUUSD,2020-04-15T07:09:00+02:00,1723.560,1723.760,1722.980,1723.610,82
SQ:XAUUSD,2020-04-15T07:10:00+02:00,1723.610,1723.648,1723.470,1723.510,34
SQ:XAUUSD,2020-04-15T07:11:00+02:00,1723.510,1723.780,1723.410,1723.740,33
SQ:XAUUSD,2020-04-15T07:12:00+02:00,1723.700,1723.970,1723.690,1723.860,39
SQ:XAUUSD,2020-04-15T07:13:00+02:00,1723.860,1723.890,1723.700,1723.820,38
SQ:XAUUSD,2020-04-15T07:14:00+02:00,1723.820,1724.820,1723.810,1724.820,35
SQ:XAUUSD,2020-04-15T07:15:00+02:00,1724.810,1726.000,1724.680,1725.470,54
SQ:XAUUSD,2020-04-15T07:16:00+02:00,1725.470,1726.000,1725.430,1725.690,54
SQ:XAUUSD,2020-04-15T07:17:00+02:00,1725.690,1725.700,1725.120,1725.290,44
SQ:XAUUSD,2020-04-15T07:18:00+02:00,1725.280,1726.300,1725.230,1726.300,51
SQ:XAUUSD,2020-04-15T07:19:00+02:00,1726.300,1726.600,1726.130,1726.140,55
SQ:XAUUSD,2020-04-15T07:20:00+02:00,1726.120,1726.250,1725.070,1725.510,45
SQ:XAUUSD,2020-04-15T07:21:00+02:00,1725.440,1725.510,1725.050,1725.260,25
SQ:XAUUSD,2020-04-15T07:22:00+02:00,1725.260,1725.260,1724.400,1724.540,53
SQ:XAUUSD,2020-04-15T07:23:00+02:00,1724.540,1725.670,1724.420,1724.800,38
SQ:XAUUSD,2020-04-15T07:24:00+02:00,1724.790,1725.120,1724.600,1725.000,26
SQ:XAUUSD,2020-04-15T07:25:00+02:00,1725.050,1725.210,1723.350,1724.360,43
SQ:XAUUSD,2020-04-15T07:26:00+02:00,1724.370,1725.570,1724.370,1725.310,50
SQ:XAUUSD,2020-04-15T07:27:00+02:00,1725.310,1725.590,1725.200,1725.530,15
SQ:XAUUSD,2020-04-15T07:28:00+02:00,1725.530,1725.670,1724.390,1724.710,40
SQ:XAUUSD,2020-04-15T07:29:00+02:00,1724.710,1724.860,1724.250,1724.370,31
SQ:XAUUSD,2020-04-15T07:30:00+02:00,1724.410,1724.410,1723.170,1723.350,96
SQ:XAUUSD,2020-04-15T07:31:00+02:00,1723.350,1724.260,1723.350,1724.070,82
SQ:XAUUSD,2020-04-15T07:32:00+02:00,1724.070,1724.130,1723.280,1723.890,72
SQ:XAUUSD,2020-04-15T07:33:00+02:00,1723.890,1724.470,1723.740,1724.080,81
SQ:XAUUSD,2020-04-15T07:34:00+02:00,1724.080,1724.370,1723.860,1724.210,44
SQ:XAUUSD,2020-04-15T07:35:00+02:00,1724.210,1725.090,1724.210,1724.560,57
SQ:XAUUSD,2020-04-15T07:36:00+02:00,1724.560,1724.770,1723.570,1724.290,41
SQ:XAUUSD,2020-04-15T07:37:00+02:00,1724.300,1725.510,1724.140,1725.390,75
SQ:XAUUSD,2020-04-15T07:38:00+02:00,1725.390,1726.250,1725.390,1726.110,46
SQ:XAUUSD,2020-04-15T07:39:00+02:00,1726.210,1726.210,1725.930,1726.060,36
SQ:XAUUSD,2020-04-15T07:40:00+02:00,1726.060,1726.060,1725.700,1725.700,21
SQ:XAUUSD,2020-04-15T07:41:00+02:00,1725.690,1725.810,1724.510,1725.450,61
SQ:XAUUSD,2020-04-15T07:42:00+02:00,1725.430,1725.440,1724.730,1724.760,31
SQ:XAUUSD,2020-04-15T07:43:00+02:00,1724.960,1725.268,1724.710,1725.250,24
SQ:XAUUSD,2020-04-15T07:44:00+02:00,1725.208,1725.560,1725.198,1725.510,36
SQ:XAUUSD,2020-04-15T07:45:00+02:00,1725.560,1725.630,1724.960,1724.960,26
SQ:XAUUSD,2020-04-15T07:46:00+02:00,1724.960,1725.420,1724.960,1725.420,38
SQ:XAUUSD,2020-04-15T07:47:00+02:00,1725.420,1725.420,1724.820,1725.420,3
SQ:XAUUSD,2020-04-15T07:48:00+02:00,1725.420,1726.020,1725.420,1725.930,24
SQ:XAUUSD,2020-04-15T07:49:00+02:00,1725.930,1725.980,1725.570,1725.910,25
SQ:XAUUSD,2020-04-15T07:50:00+02:00,1725.880,1725.890,1725.720,1725.770,17
SQ:XAUUSD,2020-04-15T07:51:00+02:00,1725.770,1725.770,1725.260,1725.720,9
SQ:XAUUSD,2020-04-15T07:52:00+02:00,1725.720,1725.720,1725.650,1725.720,8
SQ:XAUUSD,2020-04-15T07:53:00+02:00,1725.720,1725.720,1725.720,1725.720,1
SQ:XAUUSD,2020-04-15T07:54:00+02:00,1725.720,1725.720,1725.600,1725.720,12
SQ:XAUUSD,2020-04-15T07:55:00+02:00,1725.720,1725.720,1725.550,1725.720,12
SQ:XAUUSD,2020-04-15T07:56:00+02:00,1725.720,1725.720,1725.550,1725.720,17
SQ:XAUUSD,2020-04-15T07:57:00+02:00,1725.720,1725.720,1725.720,1725.720,1
SQ:XAUUSD,2020-04-15T07:58:00+02:00,1725.720,1725.720,1724.910,1725.140,12
SQ:XAUUSD,2020-04-15T07:59:00+02:00,1725.140,1726.070,1724.660,1725.700,15
SQ:XAUUSD,2020-04-15T08:00:00+02:00,1725.700,1726.070,1725.700,1725.820,19
SQ:XAUUSD,2020-04-15T08:01:00+02:00,1725.820,1725.820,1725.820,1725.820,1
SQ:XAUUSD,2020-04-15T08:02:00+02:00,1725.820,1725.820,1724.860,1725.650,40
SQ:XAUUSD,2020-04-15T08:03:00+02:00,1725.650,1726.750,1725.620,1726.090,84
SQ:XAUUSD,2020-04-15T08:04:00+02:00,1726.090,1726.390,1726.030,1726.070,11
SQ:XAUUSD,2020-04-15T08:05:00+02:00,1726.030,1726.190,1725.670,1726.190,33
SQ:XAUUSD,2020-04-15T08:06:00+02:00,1726.150,1726.490,1726.130,1726.420,44
SQ:XAUUSD,2020-04-15T08:07:00+02:00,1726.420,1726.960,1726.300,1726.310,72
SQ:XAUUSD,2020-04-15T08:08:00+02:00,1726.320,1726.500,1726.280,1726.280,33
SQ:XAUUSD,2020-04-15T08:09:00+02:00,1726.280,1726.350,1725.790,1726.120,67
SQ:XAUUSD,2020-04-15T08:10:00+02:00,1726.120,1726.190,1725.920,1726.190,38
SQ:XAUUSD,2020-04-15T08:11:00+02:00,1726.120,1726.190,1725.840,1725.840,81
SQ:XAUUSD,2020-04-15T08:12:00+02:00,1725.840,1726.190,1725.840,1725.930,62
SQ:XAUUSD,2020-04-15T08:13:00+02:00,1725.920,1726.020,1725.900,1725.940,48
SQ:XAUUSD,2020-04-15T08:14:00+02:00,1725.940,1726.090,1724.410,1724.500,73
SQ:XAUUSD,2020-04-15T08:15:00+02:00,1724.500,1724.930,1724.040,1724.420,93
SQ:XAUUSD,2020-04-15T08:16:00+02:00,1724.400,1724.910,1723.710,1724.740,137
SQ:XAUUSD,2020-04-15T08:17:00+02:00,1724.740,1724.800,1722.660,1722.838,162
SQ:XAUUSD,2020-04-15T08:18:00+02:00,1722.988,1723.558,1720.400,1720.660,389
SQ:XAUUSD,2020-04-15T08:19:00+02:00,1720.660,1721.870,1718.960,1720.850,314
SQ:XAUUSD,2020-04-15T08:20:00+02:00,1720.778,1721.126,1719.560,1720.230,180
SQ:XAUUSD,2020-04-15T08:21:00+02:00,1720.390,1721.250,1719.550,1719.588,234
SQ:XAUUSD,2020-04-15T08:22:00+02:00,1719.688,1720.510,1718.820,1719.670,206
SQ:XAUUSD,2020-04-15T08:23:00+02:00,1719.666,1720.390,1719.578,1719.790,92
SQ:XAUUSD,2020-04-15T08:24:00+02:00,1719.820,1720.556,1719.700,1720.278,144
SQ:XAUUSD,2020-04-15T08:25:00+02:00,1720.278,1720.660,1720.238,1720.550,27
SQ:XAUUSD,2020-04-15T08:26:00+02:00,1720.550,1720.650,1720.170,1720.530,51
SQ:XAUUSD,2020-04-15T08:27:00+02:00,1720.650,1720.770,1720.230,1720.380,72
SQ:XAUUSD,2020-04-15T08:28:00+02:00,1720.380,1720.380,1719.580,1719.770,37
SQ:XAUUSD,2020-04-15T08:29:00+02:00,1719.770,1720.590,1719.570,1720.540,81
SQ:XAUUSD,2020-04-15T08:30:00+02:00,1720.550,1721.760,1719.400,1720.330,82
SQ:XAUUSD,2020-04-15T08:31:00+02:00,1720.330,1722.040,1720.140,1720.860,63
SQ:XAUUSD,2020-04-15T08:32:00+02:00,1720.880,1721.520,1720.020,1720.740,161
SQ:XAUUSD,2020-04-15T08:33:00+02:00,1720.740,1721.300,1720.190,1721.068,125
SQ:XAUUSD,2020-04-15T08:34:00+02:00,1720.878,1721.026,1720.616,1720.908,76
SQ:XAUUSD,2020-04-15T08:35:00+02:00,1720.908,1722.060,1720.378,1721.720,144
SQ:XAUUSD,2020-04-15T08:36:00+02:00,1721.810,1721.810,1717.010,1718.270,452
SQ:XAUUSD,2020-04-15T08:37:00+02:00,1718.400,1718.400,1716.420,1717.130,98
SQ:XAUUSD,2020-04-15T08:38:00+02:00,1717.180,1717.990,1715.830,1717.320,132
SQ:XAUUSD,2020-04-15T08:39:00+02:00,1717.320,1717.720,1716.330,1716.330,63
SQ:XAUUSD,2020-04-15T08:40:00+02:00,1716.330,1716.760,1715.260,1715.730,109
SQ:XAUUSD,2020-04-15T08:41:00+02:00,1715.760,1716.550,1714.980,1716.360,174
SQ:XAUUSD,2020-04-15T08:42:00+02:00,1716.250,1717.930,1716.070,1716.500,117
SQ:XAUUSD,2020-04-15T08:43:00+02:00,1716.540,1717.580,1715.990,1716.430,128
SQ:XAUUSD,2020-04-15T08:44:00+02:00,1716.430,1717.320,1716.410,1717.320,96
SQ:XAUUSD,2020-04-15T08:45:00+02:00,1717.320,1717.370,1716.070,1716.250,87
SQ:XAUUSD,2020-04-15T08:46:00+02:00,1716.250,1716.250,1715.410,1715.410,113
SQ:XAUUSD,2020-04-15T08:47:00+02:00,1715.470,1715.870,1715.240,1715.680,69
SQ:XAUUSD,2020-04-15T08:48:00+02:00,1715.590,1716.880,1715.230,1716.680,154
SQ:XAUUSD,2020-04-15T08:49:00+02:00,1716.680,1716.680,1715.470,1715.980,169
SQ:XAUUSD,2020-04-15T08:50:00+02:00,1715.930,1716.020,1715.110,1715.480,187
SQ:XAUUSD,2020-04-15T08:51:00+02:00,1715.680,1716.730,1715.220,1715.880,101
SQ:XAUUSD,2020-04-15T08:52:00+02:00,1715.930,1715.930,1714.870,1714.870,72
SQ:XAUUSD,2020-04-15T08:53:00+02:00,1714.870,1715.330,1711.450,1711.970,294
SQ:XAUUSD,2020-04-15T08:54:00+02:00,1711.920,1712.560,1710.510,1712.120,281
SQ:XAUUSD,2020-04-15T08:55:00+02:00,1712.180,1712.820,1710.730,1711.620,180
SQ:XAUUSD,2020-04-15T08:56:00+02:00,1711.680,1713.300,1711.490,1713.120,138
SQ:XAUUSD,2020-04-15T08:57:00+02:00,1713.000,1714.630,1711.970,1712.300,166
SQ:XAUUSD,2020-04-15T08:58:00+02:00,1712.300,1712.910,1711.500,1712.100,153
SQ:XAUUSD,2020-04-15T08:59:00+02:00,1712.050,1713.450,1711.980,1713.080,156
SQ:XAUUSD,2020-04-15T09:00:00+02:00,1713.080,1715.280,1713.080,1714.780,235
SQ:XAUUSD,2020-04-15T09:01:00+02:00,1714.720,1715.990,1713.860,1715.710,190
SQ:XAUUSD,2020-04-15T09:02:00+02:00,1715.710,1717.550,1715.340,1716.840,198
SQ:XAUUSD,2020-04-15T09:03:00+02:00,1716.780,1716.780,1715.450,1715.830,152
SQ:XAUUSD,2020-04-15T09:04:00+02:00,1715.770,1715.900,1715.430,1715.430,113
SQ:XAUUSD,2020-04-15T09:05:00+02:00,1715.310,1715.420,1714.420,1715.250,103
SQ:XAUUSD,2020-04-15T09:06:00+02:00,1715.250,1715.980,1714.650,1715.290,112
SQ:XAUUSD,2020-04-15T09:07:00+02:00,1715.040,1715.290,1713.370,1714.510,123
SQ:XAUUSD,2020-04-15T09:08:00+02:00,1714.510,1715.520,1714.510,1715.050,115
SQ:XAUUSD,2020-04-15T09:09:00+02:00,1715.050,1715.680,1715.050,1715.520,106
SQ:XAUUSD,2020-04-15T09:10:00+02:00,1715.520,1717.480,1715.520,1716.170,111
SQ:XAUUSD,2020-04-15T09:11:00+02:00,1716.330,1716.690,1715.150,1715.290,115
SQ:XAUUSD,2020-04-15T09:12:00+02:00,1715.290,1716.220,1715.150,1715.280,168
SQ:XAUUSD,2020-04-15T09:13:00+02:00,1715.280,1715.630,1714.520,1714.750,127
SQ:XAUUSD,2020-04-15T09:14:00+02:00,1714.750,1715.060,1714.290,1714.830,78
SQ:XAUUSD,2020-04-15T09:15:00+02:00,1714.830,1714.870,1713.050,1713.780,116
SQ:XAUUSD,2020-04-15T09:16:00+02:00,1713.830,1713.880,1712.890,1713.250,93
SQ:XAUUSD,2020-04-15T09:17:00+02:00,1713.400,1714.380,1713.280,1713.780,87
SQ:XAUUSD,2020-04-15T09:18:00+02:00,1713.780,1714.240,1713.300,1713.680,87
SQ:XAUUSD,2020-04-15T09:19:00+02:00,1713.680,1714.510,1712.910,1714.510,106
SQ:XAUUSD,2020-04-15T09:20:00+02:00,1714.470,1714.790,1713.850,1714.310,114
SQ:XAUUSD,2020-04-15T09:21:00+02:00,1714.310,1714.430,1713.430,1713.490,125
SQ:XAUUSD,2020-04-15T09:22:00+02:00,1713.490,1713.890,1713.350,1713.610,112
SQ:XAUUSD,2020-04-15T09:23:00+02:00,1713.650,1714.040,1713.370,1713.470,88
SQ:XAUUSD,2020-04-15T09:24:00+02:00,1713.400,1714.480,1712.380,1713.710,144
SQ:XAUUSD,2020-04-15T09:25:00+02:00,1713.650,1713.990,1712.490,1713.040,68
SQ:XAUUSD,2020-04-15T09:26:00+02:00,1713.040,1713.280,1711.690,1712.420,79
SQ:XAUUSD,2020-04-15T09:27:00+02:00,1712.420,1713.070,1711.970,1712.180,75
SQ:XAUUSD,2020-04-15T09:28:00+02:00,1712.180,1712.180,1711.180,1711.630,52
SQ:XAUUSD,2020-04-15T09:29:00+02:00,1711.680,1711.730,1709.060,1709.540,182
SQ:XAUUSD,2020-04-15T09:30:00+02:00,1709.540,1710.280,1709.020,1709.370,165
SQ:XAUUSD,2020-04-15T09:31:00+02:00,1709.350,1709.750,1707.380,1707.990,182
SQ:XAUUSD,2020-04-15T09:32:00+02:00,1707.870,1710.070,1707.770,1709.160,132
SQ:XAUUSD,2020-04-15T09:33:00+02:00,1709.160,1709.630,1707.810,1709.280,168
SQ:XAUUSD,2020-04-15T09:34:00+02:00,1709.280,1710.090,1708.890,1709.520,119
SQ:XAUUSD,2020-04-15T09:35:00+02:00,1709.520,1710.210,1709.520,1709.980,66
SQ:XAUUSD,2020-04-15T09:36:00+02:00,1709.980,1711.860,1709.980,1711.260,119
SQ:XAUUSD,2020-04-15T09:37:00+02:00,1711.260,1711.680,1710.350,1711.610,77
SQ:XAUUSD,2020-04-15T09:38:00+02:00,1711.490,1712.500,1711.420,1711.770,104
SQ:XAUUSD,2020-04-15T09:39:00+02:00,1711.660,1712.910,1711.660,1711.960,85
SQ:XAUUSD,2020-04-15T09:40:00+02:00,1711.920,1712.820,1711.820,1711.820,67
SQ:XAUUSD,2020-04-15T09:41:00+02:00,1711.820,1712.240,1710.780,1711.700,115
SQ:XAUUSD,2020-04-15T09:42:00+02:00,1711.880,1713.010,1711.750,1712.830,64
SQ:XAUUSD,2020-04-15T09:43:00+02:00,1712.860,1713.320,1712.420,1712.490,85
SQ:XAUUSD,2020-04-15T09:44:00+02:00,1712.420,1712.620,1711.130,1711.490,76
SQ:XAUUSD,2020-04-15T09:45:00+02:00,1711.490,1712.020,1710.670,1711.630,104
SQ:XAUUSD,2020-04-15T09:46:00+02:00,1711.630,1711.770,1711.050,1711.310,66
SQ:XAUUSD,2020-04-15T09:47:00+02:00,1711.300,1711.370,1710.390,1711.000,82
SQ:XAUUSD,2020-04-15T09:48:00+02:00,1711.000,1711.360,1709.970,1711.360,120
SQ:XAUUSD,2020-04-15T09:49:00+02:00,1711.360,1711.930,1710.700,1710.700,103
SQ:XAUUSD,2020-04-15T09:50:00+02:00,1710.700,1710.740,1710.030,1710.440,45
SQ:XAUUSD,2020-04-15T09:51:00+02:00,1710.440,1710.920,1709.140,1710.810,95
SQ:XAUUSD,2020-04-15T09:52:00+02:00,1710.780,1710.780,1706.900,1707.180,209
SQ:XAUUSD,2020-04-15T09:53:00+02:00,1707.140,1709.600,1706.940,1708.990,191
SQ:XAUUSD,2020-04-15T09:54:00+02:00,1708.990,1710.360,1708.330,1710.310,97
SQ:XAUUSD,2020-04-15T09:55:00+02:00,1710.310,1711.260,1709.960,1711.120,71
SQ:XAUUSD,2020-04-15T09:56:00+02:00,1711.120,1711.120,1710.130,1710.530,64
SQ:XAUUSD,2020-04-15T09:57:00+02:00,1710.600,1711.250,1710.100,1710.880,62
SQ:XAUUSD,2020-04-15T09:58:00+02:00,1710.790,1711.570,1710.550,1711.100,56
SQ:XAUUSD,2020-04-15T09:59:00+02:00,1711.100,1711.780,1711.040,1711.580,51
SQ:XAUUSD,2020-04-15T10:00:00+02:00,1711.580,1712.150,1711.150,1711.970,69
SQ:XAUUSD,2020-04-15T10:01:00+02:00,1712.030,1712.300,1710.460,1712.200,124
SQ:XAUUSD,2020-04-15T10:02:00+02:00,1712.200,1713.190,1711.180,1711.340,100
SQ:XAUUSD,2020-04-15T10:03:00+02:00,1711.360,1712.710,1711.360,1711.630,58
SQ:XAUUSD,2020-04-15T10:04:00+02:00,1711.710,1711.840,1710.240,1710.780,166
SQ:XAUUSD,2020-04-15T10:05:00+02:00,1710.780,1711.280,1710.110,1711.240,125
SQ:XAUUSD,2020-04-15T10:06:00+02:00,1711.240,1711.700,1711.050,1711.400,71
SQ:XAUUSD,2020-04-15T10:07:00+02:00,1711.460,1711.860,1711.200,1711.390,62
SQ:XAUUSD,2020-04-15T10:08:00+02:00,1711.390,1711.900,1711.130,1711.900,79
SQ:XAUUSD,2020-04-15T10:09:00+02:00,1711.900,1712.740,1711.680,1712.740,56
SQ:XAUUSD,2020-04-15T10:10:00+02:00,1712.680,1713.310,1712.280,1713.140,76
SQ:XAUUSD,2020-04-15T10:11:00+02:00,1713.140,1714.080,1712.570,1712.800,99
SQ:XAUUSD,2020-04-15T10:12:00+02:00,1712.800,1713.990,1712.590,1713.790,117
SQ:XAUUSD,2020-04-15T10:13:00+02:00,1713.790,1715.060,1713.700,1714.520,207
SQ:XAUUSD,2020-04-15T10:14:00+02:00,1714.520,1715.350,1713.760,1714.270,159
SQ:XAUUSD,2020-04-15T10:15:00+02:00,1714.270,1714.620,1712.910,1714.330,136
SQ:XAUUSD,2020-04-15T10:16:00+02:00,1714.380,1714.390,1713.240,1713.460,72
SQ:XAUUSD,2020-04-15T10:17:00+02:00,1714.080,1714.650,1713.320,1714.310,113
SQ:XAUUSD,2020-04-15T10:18:00+02:00,1714.260,1714.630,1713.600,1714.260,89
SQ:XAUUSD,2020-04-15T10:19:00+02:00,1714.190,1714.410,1712.480,1713.190,79
SQ:XAUUSD,2020-04-15T10:20:00+02:00,1712.610,1713.340,1712.610,1713.090,87
SQ:XAUUSD,2020-04-15T10:21:00+02:00,1713.090,1713.580,1712.190,1713.150,67
SQ:XAUUSD,2020-04-15T10:22:00+02:00,1713.150,1714.650,1712.960,1713.890,89
SQ:XAUUSD,2020-04-15T10:23:00+02:00,1713.850,1714.970,1713.680,1714.790,66
SQ:XAUUSD,2020-04-15T10:24:00+02:00,1714.790,1714.900,1714.090,1714.090,46
SQ:XAUUSD,2020-04-15T10:25:00+02:00,1714.210,1714.220,1713.590,1714.160,63
SQ:XAUUSD,2020-04-15T10:26:00+02:00,1714.230,1714.550,1714.200,1714.340,22
SQ:XAUUSD,2020-04-15T10:27:00+02:00,1714.330,1715.370,1714.330,1715.330,84
SQ:XAUUSD,2020-04-15T10:28:00+02:00,1715.250,1715.880,1714.980,1715.170,120
SQ:XAUUSD,2020-04-15T10:29:00+02:00,1715.390,1715.500,1714.600,1715.050,103
SQ:XAUUSD,2020-04-15T10:30:00+02:00,1715.050,1715.150,1714.550,1715.000,77
SQ:XAUUSD,2020-04-15T10:31:00+02:00,1714.940,1715.010,1714.400,1714.400,56
SQ:XAUUSD,2020-04-15T10:32:00+02:00,1714.450,1715.980,1714.450,1714.900,159
SQ:XAUUSD,2020-04-15T10:33:00+02:00,1714.900,1715.230,1713.050,1714.030,103
SQ:XAUUSD,2020-04-15T10:34:00+02:00,1714.030,1714.580,1712.690,1712.700,72
SQ:XAUUSD,2020-04-15T10:35:00+02:00,1712.960,1713.780,1711.380,1711.920,143
SQ:XAUUSD,2020-04-15T10:36:00+02:00,1712.020,1712.840,1711.432,1711.494,156
SQ:XAUUSD,2020-04-15T10:37:00+02:00,1711.494,1712.530,1710.240,1712.130,123
SQ:XAUUSD,2020-04-15T10:38:00+02:00,1712.280,1713.060,1711.730,1712.580,54
SQ:XAUUSD,2020-04-15T10:39:00+02:00,1712.630,1713.410,1712.330,1713.030,106
SQ:XAUUSD,2020-04-15T10:40:00+02:00,1713.030,1714.130,1712.980,1713.150,99
SQ:XAUUSD,2020-04-15T10:41:00+02:00,1713.150,1713.150,1712.470,1712.560,67
SQ:XAUUSD,2020-04-15T10:42:00+02:00,1712.560,1712.760,1711.730,1711.780,86
SQ:XAUUSD,2020-04-15T10:43:00+02:00,1711.780,1712.520,1711.080,1711.480,55
SQ:XAUUSD,2020-04-15T10:44:00+02:00,1711.480,1711.900,1711.280,1711.630,54
SQ:XAUUSD,2020-04-15T10:45:00+02:00,1711.630,1711.750,1710.480,1711.450,72
SQ:XAUUSD,2020-04-15T10:46:00+02:00,1711.450,1711.830,1711.080,1711.580,40
SQ:XAUUSD,2020-04-15T10:47:00+02:00,1711.580,1712.730,1711.200,1711.860,74
SQ:XAUUSD,2020-04-15T10:48:00+02:00,1711.860,1712.380,1710.470,1710.860,65
SQ:XAUUSD,2020-04-15T10:49:00+02:00,1710.820,1712.080,1710.150,1710.150,38
SQ:XAUUSD,2020-04-15T10:50:00+02:00,1710.150,1711.370,1709.514,1709.970,96
SQ:XAUUSD,2020-04-15T10:51:00+02:00,1709.970,1710.320,1709.534,1709.974,114
SQ:XAUUSD,2020-04-15T10:52:00+02:00,1709.974,1710.110,1709.530,1710.100,74
SQ:XAUUSD,2020-04-15T10:53:00+02:00,1709.990,1711.190,1709.950,1710.830,82
SQ:XAUUSD,2020-04-15T10:54:00+02:00,1710.830,1711.310,1709.270,1709.640,122
SQ:XAUUSD,2020-04-15T10:55:00+02:00,1709.640,1711.130,1709.570,1710.560,79
SQ:XAUUSD,2020-04-15T10:56:00+02:00,1710.560,1710.990,1710.120,1710.680,65
SQ:XAUUSD,2020-04-15T10:57:00+02:00,1710.680,1711.100,1710.270,1710.730,92
SQ:XAUUSD,2020-04-15T10:58:00+02:00,1710.730,1712.100,1710.560,1712.070,71
SQ:XAUUSD,2020-04-15T10:59:00+02:00,1712.070,1712.540,1711.480,1712.180,56
SQ:XAUUSD,2020-04-15T11:00:00+02:00,1712.230,1712.540,1711.780,1711.980,46
SQ:XAUUSD,2020-04-15T11:01:00+02:00,1711.980,1712.180,1711.130,1712.180,38
SQ:XAUUSD,2020-04-15T11:02:00+02:00,1712.180,1712.180,1710.750,1710.790,38
SQ:XAUUSD,2020-04-15T11:03:00+02:00,1710.810,1711.540,1710.550,1711.150,89
SQ:XAUUSD,2020-04-15T11:04:00+02:00,1711.230,1711.320,1710.610,1710.780,81
SQ:XAUUSD,2020-04-15T11:05:00+02:00,1710.780,1712.390,1710.340,1710.340,112
SQ:XAUUSD,2020-04-15T11:06:00+02:00,1710.340,1710.890,1709.310,1709.500,107
SQ:XAUUSD,2020-04-15T11:07:00+02:00,1709.490,1710.770,1709.410,1710.700,76
SQ:XAUUSD,2020-04-15T11:08:00+02:00,1710.700,1710.880,1710.340,1710.500,39
SQ:XAUUSD,2020-04-15T11:09:00+02:00,1710.500,1711.090,1710.190,1710.190,60
SQ:XAUUSD,2020-04-15T11:10:00+02:00,1710.190,1710.740,1709.530,1710.540,64
SQ:XAUUSD,2020-04-15T11:11:00+02:00,1710.540,1710.670,1710.270,1710.670,28
SQ:XAUUSD,2020-04-15T11:12:00+02:00,1710.670,1711.340,1710.560,1710.730,52
SQ:XAUUSD,2020-04-15T11:13:00+02:00,1710.730,1710.980,1710.330,1710.460,55
SQ:XAUUSD,2020-04-15T11:14:00+02:00,1710.460,1710.990,1710.190,1710.370,84
SQ:XAUUSD,2020-04-15T11:15:00+02:00,1710.370,1711.230,1709.480,1710.310,76
SQ:XAUUSD,2020-04-15T11:16:00+02:00,1710.310,1710.620,1709.260,1709.420,62
SQ:XAUUSD,2020-04-15T11:17:00+02:00,1709.380,1710.290,1709.350,1709.620,62
SQ:XAUUSD,2020-04-15T11:18:00+02:00,1709.550,1710.660,1709.510,1710.330,89
SQ:XAUUSD,2020-04-15T11:19:00+02:00,1710.326,1710.618,1709.530,1709.940,70
SQ:XAUUSD,2020-04-15T11:20:00+02:00,1709.820,1710.650,1709.770,1710.546,53
SQ:XAUUSD,2020-04-15T11:21:00+02:00,1710.530,1710.730,1709.830,1710.170,54
SQ:XAUUSD,2020-04-15T11:22:00+02:00,1710.170,1710.790,1709.640,1709.960,63
SQ:XAUUSD,2020-04-15T11:23:00+02:00,1709.960,1710.640,1709.830,1710.430,48
SQ:XAUUSD,2020-04-15T11:24:00+02:00,1710.430,1710.980,1710.300,1710.370,56
SQ:XAUUSD,2020-04-15T11:25:00+02:00,1710.320,1711.640,1710.320,1711.270,45
SQ:XAUUSD,2020-04-15T11:26:00+02:00,1711.270,1714.310,1711.230,1714.270,146
SQ:XAUUSD,2020-04-15T11:27:00+02:00,1714.270,1714.320,1713.580,1713.820,56
SQ:XAUUSD,2020-04-15T11:28:00+02:00,1713.700,1713.820,1713.180,1713.280,34
SQ:XAUUSD,2020-04-15T11:29:00+02:00,1713.280,1713.280,1712.270,1712.610,29
SQ:XAUUSD,2020-04-15T11:30:00+02:00,1712.610,1712.960,1710.960,1711.650,103
SQ:XAUUSD,2020-04-15T11:31:00+02:00,1711.650,1712.160,1710.870,1710.930,83
SQ:XAUUSD,2020-04-15T11:32:00+02:00,1711.010,1712.720,1711.010,1712.690,107
SQ:XAUUSD,2020-04-15T11:33:00+02:00,1712.700,1713.170,1712.560,1712.880,72
SQ:XAUUSD,2020-04-15T11:34:00+02:00,1712.880,1714.030,1712.670,1712.890,99
SQ:XAUUSD,2020-04-15T11:35:00+02:00,1712.850,1713.700,1712.850,1713.430,55
SQ:XAUUSD,2020-04-15T11:36:00+02:00,1713.470,1713.490,1713.010,1713.220,45
SQ:XAUUSD,2020-04-15T11:37:00+02:00,1713.220,1713.530,1713.040,1713.500,29
SQ:XAUUSD,2020-04-15T11:38:00+02:00,1713.500,1713.910,1713.470,1713.770,41
SQ:XAUUSD,2020-04-15T11:39:00+02:00,1713.770,1714.460,1713.380,1714.310,41
SQ:XAUUSD,2020-04-15T11:40:00+02:00,1714.310,1714.510,1713.510,1713.820,41
SQ:XAUUSD,2020-04-15T11:41:00+02:00,1713.820,1714.110,1713.600,1713.960,37
SQ:XAUUSD,2020-04-15T11:42:00+02:00,1713.960,1714.280,1713.210,1713.380,40
SQ:XAUUSD,2020-04-15T11:43:00+02:00,1713.380,1714.050,1712.440,1714.050,58
SQ:XAUUSD,2020-04-15T11:44:00+02:00,1714.050,1714.500,1713.930,1714.270,44
SQ:XAUUSD,2020-04-15T11:45:00+02:00,1714.230,1714.350,1713.830,1714.160,38
SQ:XAUUSD,2020-04-15T11:46:00+02:00,1714.180,1716.390,1714.160,1716.050,88
SQ:XAUUSD,2020-04-15T11:47:00+02:00,1716.050,1716.330,1714.100,1714.480,140
SQ:XAUUSD,2020-04-15T11:48:00+02:00,1714.340,1715.250,1714.090,1715.080,103
SQ:XAUUSD,2020-04-15T11:49:00+02:00,1715.210,1715.540,1714.700,1715.080,86
SQ:XAUUSD,2020-04-15T11:50:00+02:00,1714.950,1715.490,1714.220,1715.090,118
SQ:XAUUSD,2020-04-15T11:51:00+02:00,1715.090,1715.090,1714.220,1714.280,78
SQ:XAUUSD,2020-04-15T11:52:00+02:00,1714.280,1715.210,1713.400,1714.880,108
SQ:XAUUSD,2020-04-15T11:53:00+02:00,1714.880,1715.620,1714.480,1715.070,93
SQ:XAUUSD,2020-04-15T11:54:00+02:00,1715.070,1715.230,1714.010,1714.320,105
SQ:XAUUSD,2020-04-15T11:55:00+02:00,1714.580,1715.070,1714.070,1714.880,96
SQ:XAUUSD,2020-04-15T11:56:00+02:00,1714.880,1715.060,1714.430,1714.430,84
SQ:XAUUSD,2020-04-15T11:57:00+02:00,1714.350,1715.540,1713.820,1714.220,149
SQ:XAUUSD,2020-04-15T11:58:00+02:00,1714.220,1715.140,1714.120,1714.450,95
SQ:XAUUSD,2020-04-15T11:59:00+02:00,1714.460,1715.290,1714.460,1714.980,53
SQ:XAUUSD,2020-04-15T12:00:00+02:00,1714.980,1715.580,1714.860,1715.580,52
SQ:XAUUSD,2020-04-15T12:01:00+02:00,1715.550,1715.550,1714.780,1715.070,52
SQ:XAUUSD,2020-04-15T12:02:00+02:00,1715.220,1716.580,1715.010,1715.630,64
SQ:XAUUSD,2020-04-15T12:03:00+02:00,1715.630,1716.850,1715.540,1716.420,367
SQ:XAUUSD,2020-04-15T12:04:00+02:00,1716.370,1717.750,1716.100,1717.260,284
SQ:XAUUSD,2020-04-15T12:05:00+02:00,1717.400,1718.720,1717.210,1717.840,225
SQ:XAUUSD,2020-04-15T12:06:00+02:00,1717.840,1718.290,1716.570,1717.500,182
SQ:XAUUSD,2020-04-15T12:07:00+02:00,1717.500,1717.950,1716.850,1717.770,123
SQ:XAUUSD,2020-04-15T12:08:00+02:00,1717.770,1717.790,1716.860,1717.180,65
SQ:XAUUSD,2020-04-15T12:09:00+02:00,1717.160,1717.560,1717.000,1717.000,45
SQ:XAUUSD,2020-04-15T12:10:00+02:00,1717.000,1717.570,1717.000,1717.270,51
SQ:XAUUSD,2020-04-15T12:11:00+02:00,1717.270,1717.300,1716.610,1717.210,158
SQ:XAUUSD,2020-04-15T12:12:00+02:00,1717.170,1718.140,1717.070,1718.090,65
SQ:XAUUSD,2020-04-15T12:13:00+02:00,1718.050,1718.300,1717.800,1718.100,56
SQ:XAUUSD,2020-04-15T12:14:00+02:00,1718.100,1718.570,1718.000,1718.480,32
SQ:XAUUSD,2020-04-15T12:15:00+02:00,1718.480,1718.710,1718.130,1718.360,65
SQ:XAUUSD,2020-04-15T12:16:00+02:00,1718.320,1718.490,1718.150,1718.260,75
SQ:XAUUSD,2020-04-15T12:17:00+02:00,1718.250,1719.230,1718.140,1719.220,63
SQ:XAUUSD,2020-04-15T12:18:00+02:00,1719.080,1719.660,1718.890,1718.910,77
SQ:XAUUSD,2020-04-15T12:19:00+02:00,1718.910,1719.230,1718.890,1719.210,25
SQ:XAUUSD,2020-04-15T12:20:00+02:00,1719.260,1719.460,1719.040,1719.050,43
SQ:XAUUSD,2020-04-15T12:21:00+02:00,1719.050,1719.220,1718.940,1719.220,48
SQ:XAUUSD,2020-04-15T12:22:00+02:00,1719.150,1719.210,1719.000,1719.070,37
SQ:XAUUSD,2020-04-15T12:23:00+02:00,1719.070,1719.140,1718.780,1719.120,53
SQ:XAUUSD,2020-04-15T12:24:00+02:00,1719.110,1719.110,1718.340,1718.940,81
SQ:XAUUSD,2020-04-15T12:25:00+02:00,1718.950,1719.350,1718.660,1719.310,107
SQ:XAUUSD,2020-04-15T12:26:00+02:00,1719.200,1719.800,1719.110,1719.300,81
SQ:XAUUSD,2020-04-15T12:27:00+02:00,1719.300,1719.460,1719.120,1719.230,69
SQ:XAUUSD,2020-04-15T12:28:00+02:00,1719.230,1719.430,1719.030,1719.280,75
SQ:XAUUSD,2020-04-15T12:29:00+02:00,1719.280,1720.420,1719.050,1719.970,113
SQ:XAUUSD,2020-04-15T12:30:00+02:00,1719.970,1720.010,1719.440,1719.790,85
SQ:XAUUSD,2020-04-15T12:31:00+02:00,1719.740,1720.250,1719.430,1720.050,137
SQ:XAUUSD,2020-04-15T12:32:00+02:00,1720.040,1720.690,1719.610,1720.380,102
SQ:XAUUSD,2020-04-15T12:33:00+02:00,1720.360,1720.530,1719.450,1719.890,106
SQ:XAUUSD,2020-04-15T12:34:00+02:00,1719.890,1721.870,1719.740,1721.210,132
SQ:XAUUSD,2020-04-15T12:35:00+02:00,1721.090,1722.560,1720.920,1721.900,285
SQ:XAUUSD,2020-04-15T12:36:00+02:00,1721.820,1722.720,1720.870,1721.520,218
SQ:XAUUSD,2020-04-15T12:37:00+02:00,1721.560,1722.880,1721.150,1722.240,147
SQ:XAUUSD,2020-04-15T12:38:00+02:00,1722.240,1722.380,1721.550,1721.630,94
SQ:XAUUSD,2020-04-15T12:39:00+02:00,1721.580,1721.980,1720.610,1721.230,93
SQ:XAUUSD,2020-04-15T12:40:00+02:00,1721.230,1722.750,1720.850,1722.200,109
SQ:XAUUSD,2020-04-15T12:41:00+02:00,1722.160,1722.320,1721.070,1721.070,51
SQ:XAUUSD,2020-04-15T12:42:00+02:00,1721.170,1721.460,1720.350,1720.430,60
SQ:XAUUSD,2020-04-15T12:43:00+02:00,1720.430,1720.780,1718.870,1719.060,174
SQ:XAUUSD,2020-04-15T12:44:00+02:00,1719.060,1719.180,1717.810,1718.200,184
SQ:XAUUSD,2020-04-15T12:45:00+02:00,1718.210,1718.520,1717.790,1718.180,128
SQ:XAUUSD,2020-04-15T12:46:00+02:00,1718.140,1719.460,1718.020,1718.840,92
SQ:XAUUSD,2020-04-15T12:47:00+02:00,1718.840,1719.280,1717.480,1718.380,156
SQ:XAUUSD,2020-04-15T12:48:00+02:00,1718.370,1719.090,1717.940,1717.950,61
SQ:XAUUSD,2020-04-15T12:49:00+02:00,1717.950,1719.410,1717.410,1718.850,184
SQ:XAUUSD,2020-04-15T12:50:00+02:00,1718.850,1719.190,1718.220,1718.880,40
SQ:XAUUSD,2020-04-15T12:51:00+02:00,1718.840,1720.380,1718.330,1719.920,95
SQ:XAUUSD,2020-04-15T12:52:00+02:00,1719.920,1720.100,1719.220,1719.510,79
SQ:XAUUSD,2020-04-15T12:53:00+02:00,1719.710,1720.430,1719.110,1719.110,88
SQ:XAUUSD,2020-04-15T12:54:00+02:00,1719.110,1720.050,1718.450,1719.160,102
SQ:XAUUSD,2020-04-15T12:55:00+02:00,1719.160,1719.520,1718.480,1719.040,112
SQ:XAUUSD,2020-04-15T12:56:00+02:00,1719.040,1719.240,1718.160,1718.970,99
SQ:XAUUSD,2020-04-15T12:57:00+02:00,1718.910,1720.290,1718.910,1719.880,92
SQ:XAUUSD,2020-04-15T12:58:00+02:00,1719.880,1721.370,1719.840,1721.260,175
SQ:XAUUSD,2020-04-15T12:59:00+02:00,1721.360,1721.800,1720.630,1720.860,124
SQ:XAUUSD,2020-04-15T13:00:00+02:00,1721.120,1723.690,1720.930,1723.060,194
SQ:XAUUSD,2020-04-15T13:01:00+02:00,1723.180,1724.980,1722.710,1723.510,172
SQ:XAUUSD,2020-04-15T13:02:00+02:00,1723.550,1725.060,1723.550,1724.130,137
SQ:XAUUSD,2020-04-15T13:03:00+02:00,1724.180,1724.310,1723.670,1724.310,97
SQ:XAUUSD,2020-04-15T13:04:00+02:00,1724.300,1724.300,1723.410,1723.420,68
SQ:XAUUSD,2020-04-15T13:05:00+02:00,1723.430,1724.140,1723.340,1723.620,47
SQ:XAUUSD,2020-04-15T13:06:00+02:00,1723.530,1723.750,1722.510,1722.990,92
SQ:XAUUSD,2020-04-15T13:07:00+02:00,1722.990,1723.210,1722.410,1722.410,87
SQ:XAUUSD,2020-04-15T13:08:00+02:00,1722.410,1722.990,1722.320,1722.620,78
SQ:XAUUSD,2020-04-15T13:09:00+02:00,1722.620,1722.620,1720.760,1720.910,117
SQ:XAUUSD,2020-04-15T13:10:00+02:00,1720.910,1721.240,1720.220,1720.420,153
SQ:XAUUSD,2020-04-15T13:11:00+02:00,1720.420,1720.720,1720.000,1720.100,86
SQ:XAUUSD,2020-04-15T13:12:00+02:00,1720.100,1720.290,1719.530,1719.530,145
SQ:XAUUSD,2020-04-15T13:13:00+02:00,1719.670,1720.406,1719.404,1720.238,120
SQ:XAUUSD,2020-04-15T13:14:00+02:00,1720.280,1722.060,1719.868,1721.660,157
SQ:XAUUSD,2020-04-15T13:15:00+02:00,1721.660,1722.840,1720.550,1721.160,185
SQ:XAUUSD,2020-04-15T13:16:00+02:00,1721.170,1721.650,1720.840,1720.910,120
SQ:XAUUSD,2020-04-15T13:17:00+02:00,1720.910,1721.100,1720.350,1720.910,87
SQ:XAUUSD,2020-04-15T13:18:00+02:00,1720.910,1721.280,1720.120,1720.350,70
SQ:XAUUSD,2020-04-15T13:19:00+02:00,1720.300,1721.160,1720.140,1721.160,72
SQ:XAUUSD,2020-04-15T13:20:00+02:00,1721.160,1723.510,1720.930,1722.850,171
SQ:XAUUSD,2020-04-15T13:21:00+02:00,1722.850,1723.240,1721.940,1722.630,152
SQ:XAUUSD,2020-04-15T13:22:00+02:00,1722.560,1723.310,1722.310,1722.570,92
SQ:XAUUSD,2020-04-15T13:23:00+02:00,1722.570,1722.950,1722.230,1722.590,63
SQ:XAUUSD,2020-04-15T13:24:00+02:00,1722.590,1723.140,1721.680,1722.440,86
SQ:XAUUSD,2020-04-15T13:25:00+02:00,1722.100,1722.440,1721.530,1721.570,68
SQ:XAUUSD,2020-04-15T13:26:00+02:00,1721.720,1722.350,1721.370,1721.680,67
SQ:XAUUSD,2020-04-15T13:27:00+02:00,1721.680,1722.330,1721.050,1721.330,85
SQ:XAUUSD,2020-04-15T13:28:00+02:00,1721.500,1721.610,1721.010,1721.220,57
SQ:XAUUSD,2020-04-15T13:29:00+02:00,1721.390,1721.830,1720.540,1720.630,140
SQ:XAUUSD,2020-04-15T13:30:00+02:00,1720.630,1720.960,1719.690,1720.110,204
SQ:XAUUSD,2020-04-15T13:31:00+02:00,1720.180,1720.410,1719.070,1719.520,224
SQ:XAUUSD,2020-04-15T13:32:00+02:00,1719.520,1720.950,1719.470,1720.550,123
SQ:XAUUSD,2020-04-15T13:33:00+02:00,1720.550,1722.370,1720.460,1721.530,170
SQ:XAUUSD,2020-04-15T13:34:00+02:00,1721.510,1721.880,1721.110,1721.110,73
SQ:XAUUSD,2020-04-15T13:35:00+02:00,1721.110,1722.030,1721.110,1721.360,48
SQ:XAUUSD,2020-04-15T13:36:00+02:00,1721.360,1722.650,1721.360,1721.630,103
SQ:XAUUSD,2020-04-15T13:37:00+02:00,1721.630,1721.920,1721.170,1721.170,42
SQ:XAUUSD,2020-04-15T13:38:00+02:00,1721.170,1721.590,1720.510,1720.910,68
SQ:XAUUSD,2020-04-15T13:39:00+02:00,1720.910,1723.030,1719.670,1721.970,272
SQ:XAUUSD,2020-04-15T13:40:00+02:00,1721.970,1723.000,1720.630,1720.930,220
SQ:XAUUSD,2020-04-15T13:41:00+02:00,1720.930,1721.870,1720.650,1720.940,53
SQ:XAUUSD,2020-04-15T13:42:00+02:00,1720.950,1722.310,1720.950,1721.710,65
SQ:XAUUSD,2020-04-15T13:43:00+02:00,1721.640,1722.760,1721.230,1721.510,64
SQ:XAUUSD,2020-04-15T13:44:00+02:00,1721.260,1722.290,1721.060,1721.350,56
SQ:XAUUSD,2020-04-15T13:45:00+02:00,1721.340,1721.940,1720.870,1720.870,42
SQ:XAUUSD,2020-04-15T13:46:00+02:00,1720.910,1721.000,1720.510,1720.590,54
SQ:XAUUSD,2020-04-15T13:47:00+02:00,1720.590,1721.500,1720.260,1720.540,84
SQ:XAUUSD,2020-04-15T13:48:00+02:00,1720.520,1721.240,1719.960,1720.450,79
SQ:XAUUSD,2020-04-15T13:49:00+02:00,1720.490,1721.840,1720.360,1721.190,92
SQ:XAUUSD,2020-04-15T13:50:00+02:00,1721.010,1723.010,1720.840,1721.980,210
SQ:XAUUSD,2020-04-15T13:51:00+02:00,1721.980,1723.520,1721.830,1722.880,127
SQ:XAUUSD,2020-04-15T13:52:00+02:00,1722.880,1722.930,1722.130,1722.200,96
SQ:XAUUSD,2020-04-15T13:53:00+02:00,1722.240,1722.950,1722.160,1722.890,46
SQ:XAUUSD,2020-04-15T13:54:00+02:00,1722.940,1723.230,1722.890,1722.920,36
SQ:XAUUSD,2020-04-15T13:55:00+02:00,1723.090,1725.050,1722.950,1723.980,139
SQ:XAUUSD,2020-04-15T13:56:00+02:00,1723.980,1724.370,1723.210,1723.390,62
SQ:XAUUSD,2020-04-15T13:57:00+02:00,1723.390,1724.150,1722.580,1723.820,91
SQ:XAUUSD,2020-04-15T13:58:00+02:00,1723.820,1723.910,1721.950,1722.420,145
SQ:XAUUSD,2020-04-15T13:59:00+02:00,1722.450,1722.990,1722.230,1722.310,148
SQ:XAUUSD,2020-04-15T14:00:00+02:00,1722.310,1723.740,1722.310,1722.810,244
SQ:XAUUSD,2020-04-15T14:01:00+02:00,1722.950,1724.090,1722.950,1723.100,107
SQ:XAUUSD,2020-04-15T14:02:00+02:00,1723.100,1724.480,1723.070,1723.320,149
SQ:XAUUSD,2020-04-15T14:03:00+02:00,1723.380,1723.630,1720.560,1720.650,237
SQ:XAUUSD,2020-04-15T14:04:00+02:00,1720.650,1721.260,1719.820,1720.380,205
SQ:XAUUSD,2020-04-15T14:05:00+02:00,1720.380,1721.190,1719.600,1719.820,168
SQ:XAUUSD,2020-04-15T14:06:00+02:00,1719.820,1720.340,1719.480,1719.948,190
SQ:XAUUSD,2020-04-15T14:07:00+02:00,1719.948,1720.150,1718.570,1719.510,190
SQ:XAUUSD,2020-04-15T14:08:00+02:00,1719.210,1720.530,1719.140,1719.280,99
SQ:XAUUSD,2020-04-15T14:09:00+02:00,1719.280,1720.070,1719.200,1719.730,102
SQ:XAUUSD,2020-04-15T14:10:00+02:00,1719.730,1720.620,1719.380,1719.480,136
SQ:XAUUSD,2020-04-15T14:11:00+02:00,1719.370,1720.310,1719.330,1720.030,83
SQ:XAUUSD,2020-04-15T14:12:00+02:00,1720.130,1720.400,1719.770,1720.400,38
SQ:XAUUSD,2020-04-15T14:13:00+02:00,1720.360,1720.400,1719.200,1719.420,54
SQ:XAUUSD,2020-04-15T14:14:00+02:00,1719.470,1721.650,1719.110,1721.250,115
SQ:XAUUSD,2020-04-15T14:15:00+02:00,1721.380,1723.170,1720.960,1721.910,207
SQ:XAUUSD,2020-04-15T14:16:00+02:00,1721.950,1722.290,1720.260,1720.370,119
SQ:XAUUSD,2020-04-15T14:17:00+02:00,1720.330,1721.030,1720.150,1720.750,61
SQ:XAUUSD,2020-04-15T14:18:00+02:00,1720.750,1720.750,1719.830,1720.530,74
SQ:XAUUSD,2020-04-15T14:19:00+02:00,1720.600,1721.100,1719.110,1719.640,82
SQ:XAUUSD,2020-04-15T14:20:00+02:00,1719.520,1722.540,1719.520,1721.470,139
SQ:XAUUSD,2020-04-15T14:21:00+02:00,1721.340,1722.760,1721.340,1722.420,115
SQ:XAUUSD,2020-04-15T14:22:00+02:00,1722.460,1722.540,1720.960,1721.230,157
SQ:XAUUSD,2020-04-15T14:23:00+02:00,1721.120,1722.370,1719.800,1720.670,223
SQ:XAUUSD,2020-04-15T14:24:00+02:00,1720.670,1721.670,1719.520,1719.530,219
SQ:XAUUSD,2020-04-15T14:25:00+02:00,1720.670,1721.170,1717.250,1718.280,280
SQ:XAUUSD,2020-04-15T14:26:00+02:00,1718.280,1719.520,1716.590,1716.960,416
SQ:XAUUSD,2020-04-15T14:27:00+02:00,1716.900,1719.970,1716.900,1719.860,353
SQ:XAUUSD,2020-04-15T14:28:00+02:00,1719.700,1721.424,1719.320,1721.216,321
SQ:XAUUSD,2020-04-15T14:29:00+02:00,1720.720,1721.574,1718.840,1720.150,231
SQ:XAUUSD,2020-04-15T14:30:00+02:00,1719.904,1721.992,1718.910,1720.350,285
SQ:XAUUSD,2020-04-15T14:31:00+02:00,1720.350,1720.660,1719.240,1719.410,128
SQ:XAUUSD,2020-04-15T14:32:00+02:00,1719.410,1720.120,1717.810,1718.780,128
SQ:XAUUSD,2020-04-15T14:33:00+02:00,1719.220,1719.770,1717.520,1719.550,110
SQ:XAUUSD,2020-04-15T14:34:00+02:00,1719.550,1720.210,1718.460,1718.560,99
SQ:XAUUSD,2020-04-15T14:35:00+02:00,1718.560,1718.720,1717.260,1717.550,168
SQ:XAUUSD,2020-04-15T14:36:00+02:00,1717.660,1718.290,1717.190,1717.330,131
SQ:XAUUSD,2020-04-15T14:37:00+02:00,1717.390,1717.920,1714.170,1714.590,374
SQ:XAUUSD,2020-04-15T14:38:00+02:00,1714.460,1716.340,1714.080,1715.150,249
SQ:XAUUSD,2020-04-15T14:39:00+02:00,1715.150,1717.170,1714.860,1715.890,241
SQ:XAUUSD,2020-04-15T14:40:00+02:00,1715.890,1716.450,1714.432,1715.480,217
SQ:XAUUSD,2020-04-15T14:41:00+02:00,1715.380,1715.730,1713.500,1714.240,213
SQ:XAUUSD,2020-04-15T14:42:00+02:00,1714.200,1715.200,1713.960,1714.470,92
SQ:XAUUSD,2020-04-15T14:43:00+02:00,1714.490,1716.450,1714.490,1715.530,121
SQ:XAUUSD,2020-04-15T14:44:00+02:00,1715.550,1715.720,1714.450,1714.710,131
SQ:XAUUSD,2020-04-15T14:45:00+02:00,1714.710,1715.290,1714.490,1714.580,118
SQ:XAUUSD,2020-04-15T14:46:00+02:00,1714.580,1715.380,1713.690,1713.810,109
SQ:XAUUSD,2020-04-15T14:47:00+02:00,1713.790,1714.740,1712.090,1712.260,213
SQ:XAUUSD,2020-04-15T14:48:00+02:00,1712.220,1712.740,1712.070,1712.150,132
SQ:XAUUSD,2020-04-15T14:49:00+02:00,1712.150,1714.700,1711.900,1714.100,178
SQ:XAUUSD,2020-04-15T14:50:00+02:00,1714.180,1714.700,1713.070,1714.320,109
SQ:XAUUSD,2020-04-15T14:51:00+02:00,1714.620,1716.140,1714.310,1715.530,250
SQ:XAUUSD,2020-04-15T14:52:00+02:00,1715.530,1716.150,1714.840,1715.580,203
SQ:XAUUSD,2020-04-15T14:53:00+02:00,1715.690,1716.160,1714.800,1715.140,172
SQ:XAUUSD,2020-04-15T14:54:00+02:00,1715.120,1716.790,1714.950,1715.950,249
SQ:XAUUSD,2020-04-15T14:55:00+02:00,1715.990,1716.250,1715.450,1716.120,75
SQ:XAUUSD,2020-04-15T14:56:00+02:00,1716.050,1716.510,1715.730,1716.060,100
SQ:XAUUSD,2020-04-15T14:57:00+02:00,1716.060,1716.220,1715.050,1715.570,141
SQ:XAUUSD,2020-04-15T14:58:00+02:00,1715.570,1716.180,1715.510,1716.140,101
SQ:XAUUSD,2020-04-15T14:59:00+02:00,1716.180,1716.220,1715.540,1715.920,71
SQ:XAUUSD,2020-04-15T15:00:00+02:00,1715.920,1716.220,1714.260,1715.900,232
SQ:XAUUSD,2020-04-15T15:01:00+02:00,1715.900,1716.370,1715.570,1715.950,223
SQ:XAUUSD,2020-04-15T15:02:00+02:00,1716.000,1716.354,1714.950,1715.920,181
SQ:XAUUSD,2020-04-15T15:03:00+02:00,1715.920,1716.286,1715.754,1715.900,138
SQ:XAUUSD,2020-04-15T15:04:00+02:00,1716.040,1716.220,1714.760,1715.560,170
SQ:XAUUSD,2020-04-15T15:05:00+02:00,1715.560,1716.140,1715.010,1715.530,142
SQ:XAUUSD,2020-04-15T15:06:00+02:00,1715.760,1716.070,1714.420,1714.500,145
SQ:XAUUSD,2020-04-15T15:07:00+02:00,1714.500,1716.160,1714.010,1715.450,157
SQ:XAUUSD,2020-04-15T15:08:00+02:00,1715.450,1717.510,1715.120,1717.360,132
SQ:XAUUSD,2020-04-15T15:09:00+02:00,1717.440,1717.440,1715.680,1716.320,201
SQ:XAUUSD,2020-04-15T15:10:00+02:00,1716.320,1717.600,1716.070,1716.330,161
SQ:XAUUSD,2020-04-15T15:11:00+02:00,1716.320,1716.920,1715.390,1716.050,151
SQ:XAUUSD,2020-04-15T15:12:00+02:00,1715.980,1717.768,1715.980,1717.210,207
SQ:XAUUSD,2020-04-15T15:13:00+02:00,1717.210,1718.820,1717.130,1717.810,207
SQ:XAUUSD,2020-04-15T15:14:00+02:00,1717.900,1718.170,1716.250,1717.170,135
SQ:XAUUSD,2020-04-15T15:15:00+02:00,1717.170,1717.528,1715.140,1716.540,103
SQ:XAUUSD,2020-04-15T15:16:00+02:00,1716.570,1718.220,1716.570,1718.070,114
SQ:XAUUSD,2020-04-15T15:17:00+02:00,1718.070,1719.620,1717.960,1719.500,152
SQ:XAUUSD,2020-04-15T15:18:00+02:00,1719.500,1721.188,1718.930,1719.590,195
SQ:XAUUSD,2020-04-15T15:19:00+02:00,1719.590,1720.720,1719.000,1720.230,167
SQ:XAUUSD,2020-04-15T15:20:00+02:00,1720.230,1721.120,1719.060,1719.890,160
SQ:XAUUSD,2020-04-15T15:21:00+02:00,1719.940,1720.250,1717.470,1718.810,135
SQ:XAUUSD,2020-04-15T15:22:00+02:00,1718.810,1720.120,1718.430,1719.200,159
SQ:XAUUSD,2020-04-15T15:23:00+02:00,1719.000,1719.390,1717.240,1717.730,159
SQ:XAUUSD,2020-04-15T15:24:00+02:00,1717.790,1718.588,1716.830,1717.038,260
SQ:XAUUSD,2020-04-15T15:25:00+02:00,1716.986,1718.638,1716.180,1718.638,235
SQ:XAUUSD,2020-04-15T15:26:00+02:00,1718.638,1719.120,1717.180,1718.020,220
SQ:XAUUSD,2020-04-15T15:27:00+02:00,1717.230,1717.520,1716.156,1716.290,219
SQ:XAUUSD,2020-04-15T15:28:00+02:00,1716.266,1719.020,1716.266,1717.798,167
SQ:XAUUSD,2020-04-15T15:29:00+02:00,1717.788,1719.620,1717.728,1719.230,189
SQ:XAUUSD,2020-04-15T15:30:00+02:00,1719.050,1719.870,1717.490,1717.870,303
SQ:XAUUSD,2020-04-15T15:31:00+02:00,1717.850,1718.390,1717.160,1717.290,199
SQ:XAUUSD,2020-04-15T15:32:00+02:00,1717.290,1717.780,1715.610,1716.770,195
SQ:XAUUSD,2020-04-15T15:33:00+02:00,1716.730,1717.280,1715.070,1715.150,296
SQ:XAUUSD,2020-04-15T15:34:00+02:00,1715.080,1716.510,1715.080,1716.290,356
SQ:XAUUSD,2020-04-15T15:35:00+02:00,1716.570,1717.110,1715.000,1716.690,456
SQ:XAUUSD,2020-04-15T15:36:00+02:00,1716.690,1718.230,1716.310,1717.940,412
SQ:XAUUSD,2020-04-15T15:37:00+02:00,1717.940,1720.610,1717.870,1720.430,398
SQ:XAUUSD,2020-04-15T15:38:00+02:00,1720.430,1721.320,1719.930,1720.730,130
SQ:XAUUSD,2020-04-15T15:39:00+02:00,1720.730,1721.120,1719.960,1720.550,103
SQ:XAUUSD,2020-04-15T15:40:00+02:00,1720.550,1720.750,1719.930,1720.190,270
SQ:XAUUSD,2020-04-15T15:41:00+02:00,1720.260,1720.770,1719.570,1719.690,242
SQ:XAUUSD,2020-04-15T15:42:00+02:00,1719.690,1721.430,1719.450,1721.170,243
SQ:XAUUSD,2020-04-15T15:43:00+02:00,1721.220,1721.370,1720.030,1720.350,285
SQ:XAUUSD,2020-04-15T15:44:00+02:00,1720.350,1720.350,1717.880,1717.880,322
SQ:XAUUSD,2020-04-15T15:45:00+02:00,1717.880,1719.410,1717.860,1719.260,256
SQ:XAUUSD,2020-04-15T15:46:00+02:00,1719.260,1719.360,1717.770,1718.880,355
SQ:XAUUSD,2020-04-15T15:47:00+02:00,1718.870,1722.100,1718.158,1722.070,316
SQ:XAUUSD,2020-04-15T15:48:00+02:00,1722.100,1723.220,1721.190,1722.890,178
SQ:XAUUSD,2020-04-15T15:49:00+02:00,1722.830,1723.560,1722.510,1722.810,162
SQ:XAUUSD,2020-04-15T15:50:00+02:00,1722.810,1723.970,1722.440,1723.270,161
SQ:XAUUSD,2020-04-15T15:51:00+02:00,1723.270,1724.910,1722.900,1724.320,187
SQ:XAUUSD,2020-04-15T15:52:00+02:00,1724.320,1725.040,1723.520,1724.870,173
SQ:XAUUSD,2020-04-15T15:53:00+02:00,1725.050,1725.250,1723.650,1724.310,199
SQ:XAUUSD,2020-04-15T15:54:00+02:00,1724.310,1725.540,1722.870,1724.520,248
SQ:XAUUSD,2020-04-15T15:55:00+02:00,1724.600,1724.680,1722.700,1723.670,309
SQ:XAUUSD,2020-04-15T15:56:00+02:00,1723.680,1724.800,1723.280,1723.450,152
SQ:XAUUSD,2020-04-15T15:57:00+02:00,1723.450,1725.090,1723.450,1724.330,123
SQ:XAUUSD,2020-04-15T15:58:00+02:00,1724.330,1725.920,1724.330,1725.890,134
SQ:XAUUSD,2020-04-15T15:59:00+02:00,1725.890,1725.960,1723.100,1724.270,300
SQ:XAUUSD,2020-04-15T16:00:00+02:00,1723.870,1724.690,1722.010,1723.040,242
SQ:XAUUSD,2020-04-15T16:01:00+02:00,1723.000,1723.520,1721.150,1722.320,193
SQ:XAUUSD,2020-04-15T16:02:00+02:00,1722.320,1723.020,1720.490,1720.790,168
SQ:XAUUSD,2020-04-15T16:03:00+02:00,1720.790,1720.960,1718.970,1719.130,144
SQ:XAUUSD,2020-04-15T16:04:00+02:00,1719.110,1719.340,1718.220,1718.630,121
SQ:XAUUSD,2020-04-15T16:05:00+02:00,1718.730,1720.040,1718.610,1719.130,108
SQ:XAUUSD,2020-04-15T16:06:00+02:00,1719.120,1720.460,1718.920,1719.770,133
SQ:XAUUSD,2020-04-15T16:07:00+02:00,1719.700,1720.230,1719.110,1719.710,131
SQ:XAUUSD,2020-04-15T16:08:00+02:00,1719.380,1719.740,1718.200,1718.940,159
SQ:XAUUSD,2020-04-15T16:09:00+02:00,1719.030,1719.580,1718.290,1718.870,203
SQ:XAUUSD,2020-04-15T16:10:00+02:00,1718.930,1720.530,1718.770,1720.334,305
SQ:XAUUSD,2020-04-15T16:11:00+02:00,1720.450,1721.770,1720.260,1721.210,292
SQ:XAUUSD,2020-04-15T16:12:00+02:00,1721.160,1722.080,1720.820,1720.930,241
SQ:XAUUSD,2020-04-15T16:13:00+02:00,1720.980,1722.060,1720.310,1721.660,215
SQ:XAUUSD,2020-04-15T16:14:00+02:00,1721.580,1721.580,1720.330,1720.800,98
SQ:XAUUSD,2020-04-15T16:15:00+02:00,1720.880,1721.100,1719.470,1719.560,119
SQ:XAUUSD,2020-04-15T16:16:00+02:00,1719.600,1719.940,1719.150,1719.768,147
SQ:XAUUSD,2020-04-15T16:17:00+02:00,1719.930,1720.710,1717.660,1718.640,158
SQ:XAUUSD,2020-04-15T16:18:00+02:00,1718.660,1718.960,1716.980,1717.850,220
SQ:XAUUSD,2020-04-15T16:19:00+02:00,1717.710,1718.240,1716.950,1717.860,148
SQ:XAUUSD,2020-04-15T16:20:00+02:00,1717.810,1719.330,1717.150,1719.140,135
SQ:XAUUSD,2020-04-15T16:21:00+02:00,1719.190,1720.450,1719.190,1720.420,99
SQ:XAUUSD,2020-04-15T16:22:00+02:00,1720.440,1720.530,1718.960,1719.990,93
SQ:XAUUSD,2020-04-15T16:23:00+02:00,1719.990,1720.820,1719.940,1720.480,129
SQ:XAUUSD,2020-04-15T16:24:00+02:00,1720.540,1721.590,1720.260,1721.360,133
SQ:XAUUSD,2020-04-15T16:25:00+02:00,1721.330,1721.330,1718.540,1718.650,129
SQ:XAUUSD,2020-04-15T16:26:00+02:00,1718.650,1718.760,1716.960,1717.460,236
SQ:XAUUSD,2020-04-15T16:27:00+02:00,1717.510,1719.130,1716.130,1717.680,240
SQ:XAUUSD,2020-04-15T16:28:00+02:00,1717.680,1719.070,1717.210,1718.540,250
SQ:XAUUSD,2020-04-15T16:29:00+02:00,1718.550,1719.580,1718.060,1718.650,222
SQ:XAUUSD,2020-04-15T16:30:00+02:00,1718.620,1719.320,1717.680,1718.530,265
SQ:XAUUSD,2020-04-15T16:31:00+02:00,1718.700,1720.260,1718.230,1719.800,303
SQ:XAUUSD,2020-04-15T16:32:00+02:00,1719.800,1721.230,1719.000,1719.180,313
SQ:XAUUSD,2020-04-15T16:33:00+02:00,1719.210,1719.560,1717.750,1718.400,305
SQ:XAUUSD,2020-04-15T16:34:00+02:00,1718.350,1719.170,1717.960,1719.020,254
SQ:XAUUSD,2020-04-15T16:35:00+02:00,1719.020,1720.650,1718.760,1720.550,137
SQ:XAUUSD,2020-04-15T16:36:00+02:00,1720.520,1720.810,1719.470,1719.830,248
SQ:XAUUSD,2020-04-15T16:37:00+02:00,1719.860,1720.980,1719.580,1720.410,234
SQ:XAUUSD,2020-04-15T16:38:00+02:00,1720.410,1720.890,1719.330,1719.770,274
SQ:XAUUSD,2020-04-15T16:39:00+02:00,1719.910,1720.330,1719.680,1720.130,154
SQ:XAUUSD,2020-04-15T16:40:00+02:00,1720.130,1722.050,1720.040,1720.850,227
SQ:XAUUSD,2020-04-15T16:41:00+02:00,1720.890,1721.620,1720.150,1720.600,190
SQ:XAUUSD,2020-04-15T16:42:00+02:00,1720.640,1721.740,1720.000,1720.770,284
SQ:XAUUSD,2020-04-15T16:43:00+02:00,1720.770,1721.220,1720.290,1720.560,171
SQ:XAUUSD,2020-04-15T16:44:00+02:00,1720.560,1720.880,1719.750,1720.860,201
SQ:XAUUSD,2020-04-15T16:45:00+02:00,1720.860,1722.650,1720.860,1722.650,166
SQ:XAUUSD,2020-04-15T16:46:00+02:00,1722.750,1723.500,1721.760,1723.300,135
SQ:XAUUSD,2020-04-15T16:47:00+02:00,1723.300,1723.350,1721.330,1723.350,136
SQ:XAUUSD,2020-04-15T16:48:00+02:00,1723.350,1723.650,1721.970,1723.200,124
SQ:XAUUSD,2020-04-15T16:49:00+02:00,1723.200,1723.550,1722.750,1723.400,145
SQ:XAUUSD,2020-04-15T16:50:00+02:00,1723.400,1723.650,1722.830,1722.910,125
SQ:XAUUSD,2020-04-15T16:51:00+02:00,1722.960,1723.090,1721.380,1721.610,257
SQ:XAUUSD,2020-04-15T16:52:00+02:00,1721.610,1722.060,1721.380,1721.390,164
SQ:XAUUSD,2020-04-15T16:53:00+02:00,1721.390,1722.150,1720.740,1721.280,324
SQ:XAUUSD,2020-04-15T16:54:00+02:00,1721.390,1721.540,1720.400,1721.220,276
SQ:XAUUSD,2020-04-15T16:55:00+02:00,1721.220,1721.550,1719.300,1720.430,327
SQ:XAUUSD,2020-04-15T16:56:00+02:00,1720.480,1720.610,1719.250,1719.620,139
SQ:XAUUSD,2020-04-15T16:57:00+02:00,1719.620,1720.840,1718.860,1720.560,227
SQ:XAUUSD,2020-04-15T16:58:00+02:00,1720.560,1721.020,1719.900,1720.760,218
SQ:XAUUSD,2020-04-15T16:59:00+02:00,1720.760,1721.020,1720.190,1720.610,219
SQ:XAUUSD,2020-04-15T17:00:00+02:00,1720.650,1722.000,1720.180,1721.270,219
SQ:XAUUSD,2020-04-15T17:01:00+02:00,1721.270,1721.520,1720.450,1720.680,225
SQ:XAUUSD,2020-04-15T17:02:00+02:00,1720.710,1721.220,1718.980,1719.920,314
SQ:XAUUSD,2020-04-15T17:03:00+02:00,1719.980,1720.330,1719.080,1719.910,233
SQ:XAUUSD,2020-04-15T17:04:00+02:00,1719.980,1720.370,1719.500,1720.370,120
SQ:XAUUSD,2020-04-15T17:05:00+02:00,1720.370,1720.870,1719.400,1719.660,170
SQ:XAUUSD,2020-04-15T17:06:00+02:00,1719.400,1719.970,1718.990,1719.680,362
SQ:XAUUSD,2020-04-15T17:07:00+02:00,1719.680,1720.140,1718.750,1719.380,243
SQ:XAUUSD,2020-04-15T17:08:00+02:00,1719.340,1720.070,1718.360,1719.350,297
SQ:XAUUSD,2020-04-15T17:09:00+02:00,1719.440,1719.700,1718.450,1719.210,279
SQ:XAUUSD,2020-04-15T17:10:00+02:00,1719.210,1720.430,1718.540,1720.360,228
SQ:XAUUSD,2020-04-15T17:11:00+02:00,1720.360,1720.590,1719.480,1719.730,254
SQ:XAUUSD,2020-04-15T17:12:00+02:00,1719.750,1720.450,1719.450,1719.940,179
SQ:XAUUSD,2020-04-15T17:13:00+02:00,1719.730,1720.110,1715.970,1716.780,315
SQ:XAUUSD,2020-04-15T17:14:00+02:00,1716.790,1718.030,1715.800,1716.590,476
SQ:XAUUSD,2020-04-15T17:15:00+02:00,1716.590,1718.110,1715.220,1716.980,398
SQ:XAUUSD,2020-04-15T17:16:00+02:00,1716.980,1717.610,1715.880,1717.490,189
SQ:XAUUSD,2020-04-15T17:17:00+02:00,1717.370,1719.100,1717.050,1718.760,259
SQ:XAUUSD,2020-04-15T17:18:00+02:00,1718.760,1719.100,1717.260,1717.470,236
SQ:XAUUSD,2020-04-15T17:19:00+02:00,1717.470,1719.000,1717.220,1718.620,150
SQ:XAUUSD,2020-04-15T17:20:00+02:00,1718.700,1719.410,1717.470,1718.090,186
SQ:XAUUSD,2020-04-15T17:21:00+02:00,1718.000,1718.820,1717.540,1717.990,301
SQ:XAUUSD,2020-04-15T17:22:00+02:00,1717.960,1718.530,1717.370,1717.600,180
SQ:XAUUSD,2020-04-15T17:23:00+02:00,1717.600,1718.560,1717.560,1718.190,141
SQ:XAUUSD,2020-04-15T17:24:00+02:00,1718.190,1719.190,1718.060,1719.180,115
SQ:XAUUSD,2020-04-15T17:25:00+02:00,1719.080,1719.210,1718.840,1719.010,124
SQ:XAUUSD,2020-04-15T17:26:00+02:00,1719.010,1719.238,1718.330,1718.330,143
SQ:XAUUSD,2020-04-15T17:27:00+02:00,1718.330,1718.470,1716.460,1716.490,100
SQ:XAUUSD,2020-04-15T17:28:00+02:00,1716.470,1716.900,1715.910,1716.890,127
SQ:XAUUSD,2020-04-15T17:29:00+02:00,1716.890,1717.912,1716.780,1717.672,258
SQ:XAUUSD,2020-04-15T17:30:00+02:00,1717.672,1718.690,1717.542,1718.430,180
SQ:XAUUSD,2020-04-15T17:31:00+02:00,1718.550,1719.660,1717.800,1718.860,201
SQ:XAUUSD,2020-04-15T17:32:00+02:00,1718.900,1718.900,1717.900,1718.090,93
SQ:XAUUSD,2020-04-15T17:33:00+02:00,1718.100,1718.850,1718.000,1718.210,86
SQ:XAUUSD,2020-04-15T17:34:00+02:00,1718.210,1718.530,1717.480,1717.990,75
SQ:XAUUSD,2020-04-15T17:35:00+02:00,1717.980,1718.130,1716.010,1716.540,90
SQ:XAUUSD,2020-04-15T17:36:00+02:00,1716.540,1717.170,1716.440,1716.910,59
SQ:XAUUSD,2020-04-15T17:37:00+02:00,1716.910,1717.210,1715.990,1716.760,115
SQ:XAUUSD,2020-04-15T17:38:00+02:00,1716.840,1716.850,1715.820,1716.160,73
SQ:XAUUSD,2020-04-15T17:39:00+02:00,1716.160,1716.780,1715.730,1716.400,143
SQ:XAUUSD,2020-04-15T17:40:00+02:00,1716.320,1716.400,1715.540,1716.130,170
SQ:XAUUSD,2020-04-15T17:41:00+02:00,1716.130,1716.350,1715.520,1715.870,164
SQ:XAUUSD,2020-04-15T17:42:00+02:00,1715.980,1716.300,1715.740,1716.060,169
SQ:XAUUSD,2020-04-15T17:43:00+02:00,1715.990,1716.250,1715.810,1715.970,118
SQ:XAUUSD,2020-04-15T17:44:00+02:00,1715.870,1716.320,1715.740,1716.320,89
SQ:XAUUSD,2020-04-15T17:45:00+02:00,1716.340,1716.340,1714.680,1715.950,134
SQ:XAUUSD,2020-04-15T17:46:00+02:00,1715.950,1716.520,1715.410,1715.970,116
SQ:XAUUSD,2020-04-15T17:47:00+02:00,1715.990,1716.930,1715.930,1716.300,164
SQ:XAUUSD,2020-04-15T17:48:00+02:00,1716.330,1716.730,1715.750,1716.140,168
SQ:XAUUSD,2020-04-15T17:49:00+02:00,1716.150,1716.350,1715.250,1715.780,149
SQ:XAUUSD,2020-04-15T17:50:00+02:00,1715.780,1715.990,1715.240,1715.440,196
SQ:XAUUSD,2020-04-15T17:51:00+02:00,1715.440,1716.120,1715.230,1715.920,85
SQ:XAUUSD,2020-04-15T17:52:00+02:00,1715.920,1715.930,1715.020,1715.340,164
SQ:XAUUSD,2020-04-15T17:53:00+02:00,1715.340,1715.890,1714.540,1714.680,145
SQ:XAUUSD,2020-04-15T17:54:00+02:00,1714.800,1715.370,1712.840,1713.980,273
SQ:XAUUSD,2020-04-15T17:55:00+02:00,1713.980,1714.330,1711.680,1711.870,291
SQ:XAUUSD,2020-04-15T17:56:00+02:00,1711.870,1711.970,1710.510,1711.750,213
SQ:XAUUSD,2020-04-15T17:57:00+02:00,1711.670,1712.810,1711.560,1711.900,150
SQ:XAUUSD,2020-04-15T17:58:00+02:00,1711.900,1713.610,1711.890,1712.840,144
SQ:XAUUSD,2020-04-15T17:59:00+02:00,1712.920,1713.610,1712.370,1712.780,119
SQ:XAUUSD,2020-04-15T18:00:00+02:00,1712.890,1713.180,1711.570,1711.750,127
SQ:XAUUSD,2020-04-15T18:01:00+02:00,1711.750,1712.550,1710.920,1711.340,200
SQ:XAUUSD,2020-04-15T18:02:00+02:00,1711.340,1711.360,1710.170,1710.370,88
SQ:XAUUSD,2020-04-15T18:03:00+02:00,1710.370,1711.150,1708.660,1709.980,188
SQ:XAUUSD,2020-04-15T18:04:00+02:00,1710.050,1711.450,1708.410,1711.300,176
SQ:XAUUSD,2020-04-15T18:05:00+02:00,1711.300,1711.690,1710.026,1711.140,144
SQ:XAUUSD,2020-04-15T18:06:00+02:00,1711.140,1713.100,1710.928,1712.348,183
SQ:XAUUSD,2020-04-15T18:07:00+02:00,1712.270,1713.300,1711.440,1712.028,142
SQ:XAUUSD,2020-04-15T18:08:00+02:00,1711.750,1713.620,1711.710,1712.770,154
SQ:XAUUSD,2020-04-15T18:09:00+02:00,1712.770,1713.550,1711.680,1711.820,133
SQ:XAUUSD,2020-04-15T18:10:00+02:00,1711.940,1712.810,1711.730,1712.760,86
SQ:XAUUSD,2020-04-15T18:11:00+02:00,1712.680,1713.460,1712.570,1712.740,80
SQ:XAUUSD,2020-04-15T18:12:00+02:00,1712.750,1714.520,1712.750,1713.180,109
SQ:XAUUSD,2020-04-15T18:13:00+02:00,1713.270,1713.820,1711.880,1711.880,153
SQ:XAUUSD,2020-04-15T18:14:00+02:00,1711.880,1712.400,1711.680,1711.960,72
SQ:XAUUSD,2020-04-15T18:15:00+02:00,1711.960,1713.480,1711.960,1712.690,171
SQ:XAUUSD,2020-04-15T18:16:00+02:00,1712.690,1713.890,1712.620,1713.140,129
SQ:XAUUSD,2020-04-15T18:17:00+02:00,1713.080,1713.720,1712.610,1712.770,144
SQ:XAUUSD,2020-04-15T18:18:00+02:00,1712.770,1713.210,1711.230,1711.300,199
SQ:XAUUSD,2020-04-15T18:19:00+02:00,1711.308,1711.798,1711.230,1711.290,169
SQ:XAUUSD,2020-04-15T18:20:00+02:00,1711.290,1711.740,1711.210,1711.310,124
SQ:XAUUSD,2020-04-15T18:21:00+02:00,1711.470,1711.700,1711.010,1711.170,71
SQ:XAUUSD,2020-04-15T18:22:00+02:00,1711.170,1711.360,1710.188,1710.840,68
SQ:XAUUSD,2020-04-15T18:23:00+02:00,1710.750,1711.550,1710.750,1711.550,65
SQ:XAUUSD,2020-04-15T18:24:00+02:00,1711.550,1711.700,1711.170,1711.370,50
SQ:XAUUSD,2020-04-15T18:25:00+02:00,1711.340,1711.340,1710.410,1710.570,58
SQ:XAUUSD,2020-04-15T18:26:00+02:00,1710.570,1710.690,1709.540,1709.790,75
SQ:XAUUSD,2020-04-15T18:27:00+02:00,1709.790,1711.360,1709.778,1711.330,75
SQ:XAUUSD,2020-04-15T18:28:00+02:00,1711.330,1711.330,1710.140,1710.140,66
SQ:XAUUSD,2020-04-15T18:29:00+02:00,1710.140,1710.730,1709.700,1710.330,119
SQ:XAUUSD,2020-04-15T18:30:00+02:00,1710.320,1710.820,1710.130,1710.720,58
SQ:XAUUSD,2020-04-15T18:31:00+02:00,1710.760,1710.760,1709.940,1710.470,49
SQ:XAUUSD,2020-04-15T18:32:00+02:00,1710.470,1710.660,1710.340,1710.530,32
SQ:XAUUSD,2020-04-15T18:33:00+02:00,1710.530,1711.870,1710.420,1711.130,78
SQ:XAUUSD,2020-04-15T18:34:00+02:00,1711.130,1711.640,1711.110,1711.340,62
SQ:XAUUSD,2020-04-15T18:35:00+02:00,1711.370,1712.310,1711.370,1712.040,68
SQ:XAUUSD,2020-04-15T18:36:00+02:00,1712.010,1712.010,1710.530,1711.360,66
SQ:XAUUSD,2020-04-15T18:37:00+02:00,1711.360,1713.350,1711.300,1713.250,107
SQ:XAUUSD,2020-04-15T18:38:00+02:00,1713.250,1714.030,1711.910,1713.910,90
SQ:XAUUSD,2020-04-15T18:39:00+02:00,1713.910,1714.120,1711.670,1711.750,126
SQ:XAUUSD,2020-04-15T18:40:00+02:00,1711.790,1713.158,1711.760,1712.870,137
SQ:XAUUSD,2020-04-15T18:41:00+02:00,1712.870,1713.530,1712.700,1712.950,125
SQ:XAUUSD,2020-04-15T18:42:00+02:00,1712.940,1714.050,1712.770,1713.580,89
SQ:XAUUSD,2020-04-15T18:43:00+02:00,1713.600,1714.450,1713.390,1713.910,230
SQ:XAUUSD,2020-04-15T18:44:00+02:00,1713.930,1715.550,1713.770,1714.710,201
SQ:XAUUSD,2020-04-15T18:45:00+02:00,1714.710,1715.780,1714.030,1715.380,213
SQ:XAUUSD,2020-04-15T18:46:00+02:00,1715.410,1716.320,1715.020,1715.390,204
SQ:XAUUSD,2020-04-15T18:47:00+02:00,1715.390,1715.390,1713.940,1714.360,87
SQ:XAUUSD,2020-04-15T18:48:00+02:00,1714.430,1714.740,1713.640,1714.290,88
SQ:XAUUSD,2020-04-15T18:49:00+02:00,1714.290,1714.610,1713.580,1713.580,62
SQ:XAUUSD,2020-04-15T18:50:00+02:00,1713.580,1714.850,1713.170,1714.640,90
SQ:XAUUSD,2020-04-15T18:51:00+02:00,1714.640,1714.730,1714.210,1714.590,59
SQ:XAUUSD,2020-04-15T18:52:00+02:00,1714.590,1714.970,1713.990,1713.990,47
SQ:XAUUSD,2020-04-15T18:53:00+02:00,1714.000,1714.080,1713.490,1713.760,70
SQ:XAUUSD,2020-04-15T18:54:00+02:00,1713.760,1714.260,1713.630,1713.740,56
SQ:XAUUSD,2020-04-15T18:55:00+02:00,1713.670,1714.890,1713.590,1714.470,100
SQ:XAUUSD,2020-04-15T18:56:00+02:00,1714.470,1714.770,1714.216,1714.440,68
SQ:XAUUSD,2020-04-15T18:57:00+02:00,1714.390,1715.230,1714.100,1714.220,86
SQ:XAUUSD,2020-04-15T18:58:00+02:00,1714.440,1714.600,1714.110,1714.240,32
SQ:XAUUSD,2020-04-15T18:59:00+02:00,1714.350,1714.450,1712.630,1713.310,113
SQ:XAUUSD,2020-04-15T19:00:00+02:00,1713.370,1713.390,1711.290,1711.760,205
SQ:XAUUSD,2020-04-15T19:01:00+02:00,1711.770,1713.690,1711.770,1712.950,105
SQ:XAUUSD,2020-04-15T19:02:00+02:00,1712.950,1713.570,1712.720,1713.060,71
SQ:XAUUSD,2020-04-15T19:03:00+02:00,1713.100,1713.160,1712.680,1713.130,65
SQ:XAUUSD,2020-04-15T19:04:00+02:00,1713.130,1713.260,1712.600,1712.710,58
SQ:XAUUSD,2020-04-15T19:05:00+02:00,1712.710,1712.710,1711.260,1712.020,160
SQ:XAUUSD,2020-04-15T19:06:00+02:00,1712.060,1712.730,1711.600,1711.920,168
SQ:XAUUSD,2020-04-15T19:07:00+02:00,1711.890,1712.940,1711.070,1712.110,182
SQ:XAUUSD,2020-04-15T19:08:00+02:00,1712.200,1712.200,1711.010,1711.860,114
SQ:XAUUSD,2020-04-15T19:09:00+02:00,1711.990,1712.570,1711.470,1712.000,123
SQ:XAUUSD,2020-04-15T19:10:00+02:00,1712.300,1714.030,1711.870,1713.830,115
SQ:XAUUSD,2020-04-15T19:11:00+02:00,1713.750,1715.110,1713.670,1714.890,266
SQ:XAUUSD,2020-04-15T19:12:00+02:00,1715.190,1715.750,1714.370,1715.560,218
SQ:XAUUSD,2020-04-15T19:13:00+02:00,1715.780,1715.950,1715.030,1715.770,136
SQ:XAUUSD,2020-04-15T19:14:00+02:00,1715.800,1717.440,1715.730,1716.870,170
SQ:XAUUSD,2020-04-15T19:15:00+02:00,1716.870,1716.990,1716.010,1716.510,86
SQ:XAUUSD,2020-04-15T19:16:00+02:00,1716.710,1716.940,1715.470,1715.830,133
SQ:XAUUSD,2020-04-15T19:17:00+02:00,1715.810,1716.980,1715.510,1715.570,115
SQ:XAUUSD,2020-04-15T19:18:00+02:00,1715.580,1715.850,1714.790,1715.320,94
SQ:XAUUSD,2020-04-15T19:19:00+02:00,1715.390,1716.060,1714.690,1714.930,112
SQ:XAUUSD,2020-04-15T19:20:00+02:00,1714.930,1715.050,1713.940,1714.240,375
SQ:XAUUSD,2020-04-15T19:21:00+02:00,1714.240,1715.350,1713.790,1715.260,280
SQ:XAUUSD,2020-04-15T19:22:00+02:00,1715.200,1715.420,1713.610,1713.720,183
SQ:XAUUSD,2020-04-15T19:23:00+02:00,1713.720,1714.510,1713.720,1714.130,155
SQ:XAUUSD,2020-04-15T19:24:00+02:00,1714.280,1715.280,1713.330,1713.920,209
SQ:XAUUSD,2020-04-15T19:25:00+02:00,1713.870,1715.120,1713.830,1714.550,74
SQ:XAUUSD,2020-04-15T19:26:00+02:00,1714.550,1714.960,1714.440,1714.560,55
SQ:XAUUSD,2020-04-15T19:27:00+02:00,1714.560,1714.680,1713.300,1713.440,87
SQ:XAUUSD,2020-04-15T19:28:00+02:00,1713.440,1714.500,1713.370,1714.370,122
SQ:XAUUSD,2020-04-15T19:29:00+02:00,1714.380,1717.130,1714.350,1716.570,272
SQ:XAUUSD,2020-04-15T19:30:00+02:00,1716.570,1717.470,1716.570,1717.460,109
SQ:XAUUSD,2020-04-15T19:31:00+02:00,1717.430,1717.470,1716.610,1717.230,54
SQ:XAUUSD,2020-04-15T19:32:00+02:00,1717.220,1718.230,1716.950,1717.760,88
SQ:XAUUSD,2020-04-15T19:33:00+02:00,1717.760,1718.170,1717.580,1717.940,62
SQ:XAUUSD,2020-04-15T19:34:00+02:00,1717.940,1718.540,1715.640,1716.520,97
SQ:XAUUSD,2020-04-15T19:35:00+02:00,1716.670,1717.320,1715.870,1717.030,87
SQ:XAUUSD,2020-04-15T19:36:00+02:00,1717.030,1717.150,1716.070,1716.730,63
SQ:XAUUSD,2020-04-15T19:37:00+02:00,1716.730,1717.140,1716.020,1716.490,71
SQ:XAUUSD,2020-04-15T19:38:00+02:00,1716.490,1716.600,1715.720,1716.360,134
SQ:XAUUSD,2020-04-15T19:39:00+02:00,1716.360,1716.500,1714.450,1714.800,117
SQ:XAUUSD,2020-04-15T19:40:00+02:00,1714.800,1715.620,1714.480,1715.520,108
SQ:XAUUSD,2020-04-15T19:41:00+02:00,1715.410,1716.030,1715.410,1716.030,81
SQ:XAUUSD,2020-04-15T19:42:00+02:00,1715.890,1717.120,1715.680,1716.950,89
SQ:XAUUSD,2020-04-15T19:43:00+02:00,1716.950,1717.100,1716.140,1717.050,36
SQ:XAUUSD,2020-04-15T19:44:00+02:00,1717.050,1717.050,1715.780,1716.660,115
SQ:XAUUSD,2020-04-15T19:45:00+02:00,1716.660,1717.620,1716.660,1717.260,52
SQ:XAUUSD,2020-04-15T19:46:00+02:00,1717.260,1717.650,1715.930,1716.710,121
SQ:XAUUSD,2020-04-15T19:47:00+02:00,1716.800,1716.800,1715.840,1716.240,103
SQ:XAUUSD,2020-04-15T19:48:00+02:00,1716.240,1718.130,1716.240,1717.260,69
SQ:XAUUSD,2020-04-15T19:49:00+02:00,1717.350,1718.310,1717.040,1718.250,61
SQ:XAUUSD,2020-04-15T19:50:00+02:00,1718.250,1719.090,1717.640,1718.570,71
SQ:XAUUSD,2020-04-15T19:51:00+02:00,1718.570,1718.570,1717.070,1717.230,73
SQ:XAUUSD,2020-04-15T19:52:00+02:00,1717.230,1717.670,1716.950,1717.440,54
SQ:XAUUSD,2020-04-15T19:53:00+02:00,1717.440,1718.880,1717.430,1718.390,54
SQ:XAUUSD,2020-04-15T19:54:00+02:00,1718.390,1718.600,1717.260,1718.160,110
SQ:XAUUSD,2020-04-15T19:55:00+02:00,1718.180,1718.370,1717.940,1718.190,64
SQ:XAUUSD,2020-04-15T19:56:00+02:00,1718.190,1718.310,1716.560,1717.270,116
SQ:XAUUSD,2020-04-15T19:57:00+02:00,1717.140,1717.610,1716.330,1717.140,102
SQ:XAUUSD,2020-04-15T19:58:00+02:00,1717.140,1717.420,1716.660,1717.150,77
SQ:XAUUSD,2020-04-15T19:59:00+02:00,1717.220,1718.000,1716.060,1717.800,76
SQ:XAUUSD,2020-04-15T20:00:00+02:00,1717.800,1718.340,1717.780,1718.310,46
SQ:XAUUSD,2020-04-15T20:01:00+02:00,1718.310,1718.650,1717.330,1717.980,52
SQ:XAUUSD,2020-04-15T20:02:00+02:00,1717.980,1718.770,1717.150,1717.180,112
SQ:XAUUSD,2020-04-15T20:03:00+02:00,1717.180,1717.870,1717.180,1717.442,124
SQ:XAUUSD,2020-04-15T20:04:00+02:00,1717.720,1717.760,1717.134,1717.530,117
SQ:XAUUSD,2020-04-15T20:05:00+02:00,1717.620,1718.360,1717.370,1717.610,64
SQ:XAUUSD,2020-04-15T20:06:00+02:00,1717.610,1718.140,1717.610,1718.020,49
SQ:XAUUSD,2020-04-15T20:07:00+02:00,1718.010,1718.280,1717.430,1718.150,55
SQ:XAUUSD,2020-04-15T20:08:00+02:00,1718.160,1718.160,1717.700,1718.020,40
SQ:XAUUSD,2020-04-15T20:09:00+02:00,1718.020,1718.250,1717.630,1717.780,31
SQ:XAUUSD,2020-04-15T20:10:00+02:00,1717.780,1718.114,1717.420,1717.680,49
SQ:XAUUSD,2020-04-15T20:11:00+02:00,1717.680,1718.476,1717.530,1718.310,123
SQ:XAUUSD,2020-04-15T20:12:00+02:00,1718.310,1718.960,1718.160,1718.844,202
SQ:XAUUSD,2020-04-15T20:13:00+02:00,1718.800,1719.534,1718.580,1719.210,152
SQ:XAUUSD,2020-04-15T20:14:00+02:00,1719.210,1719.614,1718.820,1719.250,60
SQ:XAUUSD,2020-04-15T20:15:00+02:00,1719.250,1719.364,1718.690,1718.980,92
SQ:XAUUSD,2020-04-15T20:16:00+02:00,1719.014,1719.480,1718.740,1719.210,73
SQ:XAUUSD,2020-04-15T20:17:00+02:00,1719.254,1719.954,1719.074,1719.734,141
SQ:XAUUSD,2020-04-15T20:18:00+02:00,1719.714,1720.220,1719.550,1719.690,110
SQ:XAUUSD,2020-04-15T20:19:00+02:00,1719.690,1719.970,1719.320,1719.320,90
SQ:XAUUSD,2020-04-15T20:20:00+02:00,1719.220,1719.220,1718.650,1719.110,49
SQ:XAUUSD,2020-04-15T20:21:00+02:00,1719.010,1719.610,1718.990,1719.610,42
SQ:XAUUSD,2020-04-15T20:22:00+02:00,1719.640,1720.230,1719.560,1720.010,43
SQ:XAUUSD,2020-04-15T20:23:00+02:00,1720.010,1720.060,1718.870,1719.170,44
SQ:XAUUSD,2020-04-15T20:24:00+02:00,1719.130,1719.270,1717.450,1718.050,43
SQ:XAUUSD,2020-04-15T20:25:00+02:00,1718.050,1718.320,1717.550,1717.810,28
SQ:XAUUSD,2020-04-15T20:26:00+02:00,1717.810,1718.510,1717.810,1718.200,18
SQ:XAUUSD,2020-04-15T20:27:00+02:00,1718.200,1718.700,1718.020,1718.430,32
SQ:XAUUSD,2020-04-15T20:28:00+02:00,1718.430,1718.990,1718.240,1718.780,31
SQ:XAUUSD,2020-04-15T20:29:00+02:00,1718.780,1719.740,1718.780,1719.400,47
SQ:XAUUSD,2020-04-15T20:30:00+02:00,1719.400,1719.570,1718.570,1718.620,39
SQ:XAUUSD,2020-04-15T20:31:00+02:00,1718.620,1718.620,1717.440,1717.450,34
SQ:XAUUSD,2020-04-15T20:32:00+02:00,1717.450,1718.090,1717.450,1717.920,38
SQ:XAUUSD,2020-04-15T20:33:00+02:00,1717.830,1718.570,1717.830,1718.470,54
SQ:XAUUSD,2020-04-15T20:34:00+02:00,1718.470,1719.490,1718.430,1719.190,51
SQ:XAUUSD,2020-04-15T20:35:00+02:00,1719.190,1719.550,1718.820,1719.280,57
SQ:XAUUSD,2020-04-15T20:36:00+02:00,1719.280,1719.470,1719.100,1719.350,27
SQ:XAUUSD,2020-04-15T20:37:00+02:00,1719.350,1720.670,1719.290,1720.540,78
SQ:XAUUSD,2020-04-15T20:38:00+02:00,1720.540,1721.060,1719.108,1720.240,105
SQ:XAUUSD,2020-04-15T20:39:00+02:00,1720.240,1721.150,1718.710,1720.230,177
SQ:XAUUSD,2020-04-15T20:40:00+02:00,1720.230,1720.650,1719.320,1719.620,126
SQ:XAUUSD,2020-04-15T20:41:00+02:00,1719.620,1720.560,1718.960,1720.240,118
SQ:XAUUSD,2020-04-15T20:42:00+02:00,1720.240,1720.830,1719.450,1720.420,49
SQ:XAUUSD,2020-04-15T20:43:00+02:00,1720.390,1720.520,1719.270,1720.320,85
SQ:XAUUSD,2020-04-15T20:44:00+02:00,1720.320,1720.510,1720.010,1720.300,33
SQ:XAUUSD,2020-04-15T20:45:00+02:00,1720.330,1720.660,1720.320,1720.420,27
SQ:XAUUSD,2020-04-15T20:46:00+02:00,1720.410,1721.150,1720.400,1721.020,44
SQ:XAUUSD,2020-04-15T20:47:00+02:00,1721.020,1721.060,1720.100,1720.100,79
SQ:XAUUSD,2020-04-15T20:48:00+02:00,1719.950,1720.220,1719.890,1720.150,72
SQ:XAUUSD,2020-04-15T20:49:00+02:00,1720.240,1720.240,1719.310,1719.810,182
SQ:XAUUSD,2020-04-15T20:50:00+02:00,1719.810,1720.310,1718.350,1718.350,182
SQ:XAUUSD,2020-04-15T20:51:00+02:00,1718.370,1719.830,1718.370,1718.960,161
SQ:XAUUSD,2020-04-15T20:52:00+02:00,1718.960,1719.010,1718.000,1718.480,197
SQ:XAUUSD,2020-04-15T20:53:00+02:00,1718.480,1719.950,1718.060,1719.580,159
SQ:XAUUSD,2020-04-15T20:54:00+02:00,1719.744,1719.910,1718.450,1718.660,185
SQ:XAUUSD,2020-04-15T20:55:00+02:00,1718.660,1719.600,1718.610,1718.940,171
SQ:XAUUSD,2020-04-15T20:56:00+02:00,1718.940,1719.310,1717.590,1718.210,154
SQ:XAUUSD,2020-04-15T20:57:00+02:00,1718.210,1718.850,1717.830,1718.230,180
SQ:XAUUSD,2020-04-15T20:58:00+02:00,1718.190,1718.190,1717.550,1717.810,117
SQ:XAUUSD,2020-04-15T20:59:00+02:00,1717.680,1718.380,1717.470,1717.650,181
SQ:XAUUSD,2020-04-15T21:00:00+02:00,1717.890,1718.420,1717.450,1718.010,216
SQ:XAUUSD,2020-04-15T21:01:00+02:00,1717.820,1719.520,1717.820,1718.840,175
SQ:XAUUSD,2020-04-15T21:02:00+02:00,1719.040,1719.440,1718.370,1718.970,206
SQ:XAUUSD,2020-04-15T21:03:00+02:00,1718.970,1719.580,1718.700,1719.180,163
SQ:XAUUSD,2020-04-15T21:04:00+02:00,1719.180,1720.070,1719.110,1719.700,145
SQ:XAUUSD,2020-04-15T21:05:00+02:00,1719.590,1719.680,1718.970,1719.220,85
SQ:XAUUSD,2020-04-15T21:06:00+02:00,1719.240,1719.420,1718.110,1718.140,123
SQ:XAUUSD,2020-04-15T21:07:00+02:00,1718.140,1718.230,1717.460,1717.860,168
SQ:XAUUSD,2020-04-15T21:08:00+02:00,1717.890,1718.176,1717.560,1717.830,152
SQ:XAUUSD,2020-04-15T21:09:00+02:00,1717.830,1718.200,1717.560,1717.710,102
SQ:XAUUSD,2020-04-15T21:10:00+02:00,1717.730,1717.870,1716.660,1716.690,120
SQ:XAUUSD,2020-04-15T21:11:00+02:00,1716.760,1717.680,1716.510,1717.640,190
SQ:XAUUSD,2020-04-15T21:12:00+02:00,1717.610,1717.880,1717.154,1717.560,110
SQ:XAUUSD,2020-04-15T21:13:00+02:00,1717.560,1717.920,1717.200,1717.540,91
SQ:XAUUSD,2020-04-15T21:14:00+02:00,1717.330,1717.760,1717.000,1717.250,118
SQ:XAUUSD,2020-04-15T21:15:00+02:00,1717.250,1717.710,1717.180,1717.390,128
SQ:XAUUSD,2020-04-15T21:16:00+02:00,1717.390,1718.730,1717.350,1718.670,138
SQ:XAUUSD,2020-04-15T21:17:00+02:00,1718.660,1718.770,1718.060,1718.750,112
SQ:XAUUSD,2020-04-15T21:18:00+02:00,1718.750,1719.360,1718.300,1719.290,111
SQ:XAUUSD,2020-04-15T21:19:00+02:00,1719.290,1719.400,1718.380,1718.770,110
SQ:XAUUSD,2020-04-15T21:20:00+02:00,1718.780,1719.110,1718.370,1718.620,136
SQ:XAUUSD,2020-04-15T21:21:00+02:00,1718.620,1719.370,1718.410,1718.800,85
SQ:XAUUSD,2020-04-15T21:22:00+02:00,1718.800,1719.150,1718.620,1719.010,34
SQ:XAUUSD,2020-04-15T21:23:00+02:00,1719.010,1719.110,1717.980,1718.350,33
SQ:XAUUSD,2020-04-15T21:24:00+02:00,1718.350,1718.350,1717.220,1717.570,57
SQ:XAUUSD,2020-04-15T21:25:00+02:00,1717.530,1717.590,1716.270,1717.060,65
SQ:XAUUSD,2020-04-15T21:26:00+02:00,1717.000,1717.230,1716.570,1717.050,148
SQ:XAUUSD,2020-04-15T21:27:00+02:00,1716.900,1717.460,1716.590,1717.340,179
SQ:XAUUSD,2020-04-15T21:28:00+02:00,1717.140,1717.840,1717.030,1717.680,180
SQ:XAUUSD,2020-04-15T21:29:00+02:00,1717.500,1718.780,1717.480,1718.700,175
SQ:XAUUSD,2020-04-15T21:30:00+02:00,1718.700,1719.880,1718.470,1719.300,162
SQ:XAUUSD,2020-04-15T21:31:00+02:00,1719.300,1719.600,1718.980,1719.290,96
SQ:XAUUSD,2020-04-15T21:32:00+02:00,1718.960,1719.330,1718.480,1718.820,112
SQ:XAUUSD,2020-04-15T21:33:00+02:00,1718.550,1719.160,1718.390,1718.870,162
SQ:XAUUSD,2020-04-15T21:34:00+02:00,1718.870,1719.640,1718.870,1719.430,92
SQ:XAUUSD,2020-04-15T21:35:00+02:00,1719.430,1719.890,1719.050,1719.100,69
SQ:XAUUSD,2020-04-15T21:36:00+02:00,1719.100,1720.320,1719.100,1720.130,76
SQ:XAUUSD,2020-04-15T21:37:00+02:00,1720.130,1720.390,1719.630,1719.810,55
SQ:XAUUSD,2020-04-15T21:38:00+02:00,1719.820,1720.140,1719.500,1720.040,38
SQ:XAUUSD,2020-04-15T21:39:00+02:00,1719.880,1719.910,1719.540,1719.830,31
SQ:XAUUSD,2020-04-15T21:40:00+02:00,1719.740,1719.890,1719.260,1719.400,35
SQ:XAUUSD,2020-04-15T21:41:00+02:00,1719.390,1719.590,1719.000,1719.420,39
SQ:XAUUSD,2020-04-15T21:42:00+02:00,1719.390,1720.030,1719.130,1719.210,65
SQ:XAUUSD,2020-04-15T21:43:00+02:00,1719.210,1720.440,1719.210,1720.420,45
SQ:XAUUSD,2020-04-15T21:44:00+02:00,1720.420,1721.220,1720.100,1721.220,40
SQ:XAUUSD,2020-04-15T21:45:00+02:00,1721.220,1721.260,1721.070,1721.070,40
SQ:XAUUSD,2020-04-15T21:46:00+02:00,1721.070,1721.240,1720.870,1721.200,30
SQ:XAUUSD,2020-04-15T21:47:00+02:00,1721.200,1721.240,1720.810,1720.810,28
SQ:XAUUSD,2020-04-15T21:48:00+02:00,1720.570,1721.220,1720.180,1720.730,36
SQ:XAUUSD,2020-04-15T21:49:00+02:00,1720.710,1720.780,1719.350,1719.600,48
SQ:XAUUSD,2020-04-15T21:50:00+02:00,1719.590,1720.150,1719.460,1720.080,50
SQ:XAUUSD,2020-04-15T21:51:00+02:00,1720.110,1720.250,1719.980,1720.230,26
SQ:XAUUSD,2020-04-15T21:52:00+02:00,1720.160,1721.360,1719.990,1720.890,126
SQ:XAUUSD,2020-04-15T21:53:00+02:00,1720.870,1722.000,1720.870,1722.000,211
SQ:XAUUSD,2020-04-15T21:54:00+02:00,1722.060,1722.090,1721.170,1721.860,163
SQ:XAUUSD,2020-04-15T21:55:00+02:00,1721.860,1722.810,1721.860,1722.630,102
SQ:XAUUSD,2020-04-15T21:56:00+02:00,1722.700,1723.490,1722.360,1723.090,119
SQ:XAUUSD,2020-04-15T21:57:00+02:00,1723.130,1723.260,1722.410,1722.950,119
SQ:XAUUSD,2020-04-15T21:58:00+02:00,1722.950,1723.340,1720.850,1722.670,138
SQ:XAUUSD,2020-04-15T21:59:00+02:00,1722.700,1722.950,1720.490,1721.290,161
SQ:XAUUSD,2020-04-15T22:00:00+02:00,1721.330,1721.900,1719.910,1720.250,107
SQ:XAUUSD,2020-04-15T22:01:00+02:00,1720.250,1720.480,1719.940,1720.410,48
SQ:XAUUSD,2020-04-15T22:02:00+02:00,1720.430,1720.430,1719.780,1720.160,49
SQ:XAUUSD,2020-04-15T22:03:00+02:00,1720.160,1720.190,1719.860,1720.090,36
SQ:XAUUSD,2020-04-15T22:04:00+02:00,1720.090,1720.270,1719.960,1720.180,14
SQ:XAUUSD,2020-04-15T22:07:00+02:00,1720.440,1720.440,1720.310,1720.310,2
SQ:XAUUSD,2020-04-15T22:08:00+02:00,1720.410,1720.520,1720.260,1720.290,24
SQ:XAUUSD,2020-04-15T22:09:00+02:00,1720.290,1720.430,1720.280,1720.350,11
SQ:XAUUSD,2020-04-15T22:10:00+02:00,1720.370,1720.450,1720.010,1720.120,23
SQ:XAUUSD,2020-04-15T22:11:00+02:00,1720.120,1720.350,1720.050,1720.280,19
SQ:XAUUSD,2020-04-15T22:12:00+02:00,1720.260,1720.270,1720.120,1720.180,11
SQ:XAUUSD,2020-04-15T22:13:00+02:00,1720.180,1720.480,1720.150,1720.480,10
SQ:XAUUSD,2020-04-15T22:14:00+02:00,1720.470,1720.540,1720.290,1720.290,16
SQ:XAUUSD,2020-04-15T22:15:00+02:00,1720.290,1720.800,1719.930,1720.420,28
SQ:XAUUSD,2020-04-15T22:16:00+02:00,1720.370,1720.430,1719.960,1719.960,17
SQ:XAUUSD,2020-04-15T22:17:00+02:00,1719.970,1720.040,1719.920,1720.030,12
SQ:XAUUSD,2020-04-15T22:18:00+02:00,1720.020,1720.120,1719.430,1719.520,22
SQ:XAUUSD,2020-04-15T22:19:00+02:00,1719.520,1719.770,1719.470,1719.770,16
SQ:XAUUSD,2020-04-15T22:20:00+02:00,1719.750,1719.760,1719.480,1719.760,16
SQ:XAUUSD,2020-04-15T22:21:00+02:00,1719.760,1719.810,1719.440,1719.640,22
SQ:XAUUSD,2020-04-15T22:22:00+02:00,1719.650,1719.780,1719.630,1719.650,12
SQ:XAUUSD,2020-04-15T22:23:00+02:00,1719.670,1719.670,1719.040,1719.170,24
SQ:XAUUSD,2020-04-15T22:24:00+02:00,1719.170,1719.280,1719.150,1719.180,8
SQ:XAUUSD,2020-04-15T22:25:00+02:00,1719.180,1719.180,1718.110,1718.680,24
SQ:XAUUSD,2020-04-15T22:26:00+02:00,1718.680,1718.680,1716.640,1716.770,25
SQ:XAUUSD,2020-04-15T22:27:00+02:00,1716.790,1717.180,1716.770,1717.150,23
SQ:XAUUSD,2020-04-15T22:28:00+02:00,1717.150,1717.220,1716.000,1716.290,15
SQ:XAUUSD,2020-04-15T22:29:00+02:00,1716.190,1716.380,1716.160,1716.380,12
SQ:XAUUSD,2020-04-15T22:30:00+02:00,1717.590,1717.820,1716.230,1716.280,22
SQ:XAUUSD,2020-04-15T22:31:00+02:00,1716.290,1717.580,1716.220,1716.320,14
SQ:XAUUSD,2020-04-15T22:32:00+02:00,1716.310,1716.600,1716.310,1716.440,16
SQ:XAUUSD,2020-04-15T22:33:00+02:00,1716.420,1716.460,1714.940,1715.460,34
SQ:XAUUSD,2020-04-15T22:34:00+02:00,1715.410,1715.410,1714.170,1714.420,29
SQ:XAUUSD,2020-04-15T22:35:00+02:00,1714.430,1714.630,1714.430,1714.470,27
SQ:XAUUSD,2020-04-15T22:36:00+02:00,1714.560,1714.560,1713.820,1714.140,31
SQ:XAUUSD,2020-04-15T22:37:00+02:00,1714.180,1714.180,1713.310,1713.550,13
SQ:XAUUSD,2020-04-15T22:38:00+02:00,1713.360,1713.490,1713.210,1713.450,14
SQ:XAUUSD,2020-04-15T22:39:00+02:00,1713.440,1714.640,1713.200,1713.460,29
SQ:XAUUSD,2020-04-15T22:40:00+02:00,1713.460,1714.080,1713.370,1713.900,8
SQ:XAUUSD,2020-04-15T22:41:00+02:00,1713.860,1713.860,1713.210,1713.210,10
SQ:XAUUSD,2020-04-15T22:42:00+02:00,1713.210,1713.840,1713.200,1713.240,22
SQ:XAUUSD,2020-04-15T22:43:00+02:00,1713.240,1713.780,1713.240,1713.390,36
SQ:XAUUSD,2020-04-15T22:44:00+02:00,1713.390,1715.310,1713.390,1714.170,34
SQ:XAUUSD,2020-04-15T22:45:00+02:00,1714.240,1714.880,1714.060,1714.630,41
SQ:XAUUSD,2020-04-15T22:46:00+02:00,1714.740,1715.140,1714.730,1715.140,11
SQ:XAUUSD,2020-04-15T22:47:00+02:00,1715.130,1715.800,1715.130,1715.680,19
SQ:XAUUSD,2020-04-15T22:48:00+02:00,1715.630,1715.810,1715.290,1715.810,17
SQ:XAUUSD,2020-04-15T22:49:00+02:00,1715.820,1716.340,1715.820,1716.190,22
SQ:XAUUSD,2020-04-15T22:50:00+02:00,1716.210,1716.220,1716.010,1716.180,33
SQ:XAUUSD,2020-04-15T22:51:00+02:00,1716.210,1716.230,1716.160,1716.210,6
SQ:XAUUSD,2020-04-15T22:52:00+02:00,1716.200,1716.310,1716.130,1716.310,9
SQ:XAUUSD,2020-04-15T22:53:00+02:00,1716.280,1716.510,1716.260,1716.510,15
SQ:XAUUSD,2020-04-15T22:54:00+02:00,1716.520,1716.520,1716.160,1716.160,16
SQ:XAUUSD,2020-04-16T00:01:00+02:00,1716.030,1716.560,1716.000,1716.350,21
SQ:XAUUSD,2020-04-16T00:02:00+02:00,1716.290,1716.750,1716.280,1716.560,12
SQ:XAUUSD,2020-04-16T00:03:00+02:00,1716.590,1716.590,1715.990,1716.020,14
SQ:XAUUSD,2020-04-16T00:04:00+02:00,1716.030,1716.050,1715.510,1715.770,15
SQ:XAUUSD,2020-04-16T00:05:00+02:00,1715.990,1716.020,1715.710,1715.770,12
SQ:XAUUSD,2020-04-16T00:06:00+02:00,1715.900,1715.900,1715.750,1715.790,10
SQ:XAUUSD,2020-04-16T00:07:00+02:00,1715.700,1715.730,1715.570,1715.700,10
SQ:XAUUSD,2020-04-16T00:08:00+02:00,1715.560,1716.070,1715.560,1715.790,24
SQ:XAUUSD,2020-04-16T00:09:00+02:00,1715.770,1716.270,1715.690,1715.880,27
SQ:XAUUSD,2020-04-16T00:10:00+02:00,1715.820,1716.280,1715.820,1716.280,10
SQ:XAUUSD,2020-04-16T00:11:00+02:00,1716.280,1716.620,1715.550,1715.550,24
SQ:XAUUSD,2020-04-16T00:12:00+02:00,1715.550,1715.760,1714.640,1714.640,20
SQ:XAUUSD,2020-04-16T00:13:00+02:00,1714.640,1715.040,1714.540,1714.540,17
SQ:XAUUSD,2020-04-16T00:14:00+02:00,1714.540,1714.790,1714.332,1714.338,21
SQ:XAUUSD,2020-04-16T00:15:00+02:00,1714.338,1714.544,1714.318,1714.544,12
SQ:XAUUSD,2020-04-16T00:16:00+02:00,1714.544,1714.544,1714.030,1714.050,9
SQ:XAUUSD,2020-04-16T00:17:00+02:00,1714.050,1714.230,1714.050,1714.190,5
SQ:XAUUSD,2020-04-16T00:18:00+02:00,1714.190,1714.190,1714.118,1714.128,5
SQ:XAUUSD,2020-04-16T00:19:00+02:00,1714.128,1714.630,1713.928,1714.620,13
SQ:XAUUSD,2020-04-16T00:20:00+02:00,1714.620,1714.820,1714.480,1714.740,8
SQ:XAUUSD,2020-04-16T00:21:00+02:00,1714.740,1715.300,1714.710,1715.150,9
SQ:XAUUSD,2020-04-16T00:22:00+02:00,1715.180,1715.280,1715.020,1715.280,11
SQ:XAUUSD,2020-04-16T00:23:00+02:00,1715.340,1715.340,1715.150,1715.180,7
SQ:XAUUSD,2020-04-16T00:24:00+02:00,1715.180,1715.230,1715.050,1715.150,7
SQ:XAUUSD,2020-04-16T00:25:00+02:00,1715.080,1715.200,1715.080,1715.200,7
SQ:XAUUSD,2020-04-16T00:26:00+02:00,1715.230,1715.250,1715.100,1715.250,11
SQ:XAUUSD,2020-04-16T00:27:00+02:00,1715.260,1715.260,1715.230,1715.230,2
SQ:XAUUSD,2020-04-16T00:28:00+02:00,1715.230,1715.720,1715.180,1715.720,15
SQ:XAUUSD,2020-04-16T00:29:00+02:00,1715.720,1716.060,1715.680,1716.020,26
SQ:XAUUSD,2020-04-16T00:30:00+02:00,1716.020,1716.240,1716.020,1716.050,14
SQ:XAUUSD,2020-04-16T00:31:00+02:00,1716.050,1716.250,1715.840,1716.210,18
SQ:XAUUSD,2020-04-16T00:32:00+02:00,1716.210,1716.460,1715.890,1716.060,21
SQ:XAUUSD,2020-04-16T00:33:00+02:00,1716.060,1716.070,1716.030,1716.040,7
SQ:XAUUSD,2020-04-16T00:34:00+02:00,1716.040,1716.280,1716.040,1716.160,12
SQ:XAUUSD,2020-04-16T00:35:00+02:00,1716.160,1716.230,1715.810,1715.810,21
SQ:XAUUSD,2020-04-16T00:36:00+02:00,1715.810,1715.920,1715.740,1715.890,18
SQ:XAUUSD,2020-04-16T00:37:00+02:00,1715.890,1716.300,1715.860,1715.860,14
SQ:XAUUSD,2020-04-16T00:38:00+02:00,1715.860,1715.860,1715.520,1715.730,21
SQ:XAUUSD,2020-04-16T00:39:00+02:00,1715.730,1715.810,1715.220,1715.410,18
SQ:XAUUSD,2020-04-16T00:40:00+02:00,1715.410,1715.460,1715.340,1715.460,13
SQ:XAUUSD,2020-04-16T00:41:00+02:00,1715.460,1715.460,1715.290,1715.440,13
SQ:XAUUSD,2020-04-16T00:42:00+02:00,1715.450,1715.450,1715.050,1715.140,17
SQ:XAUUSD,2020-04-16T00:43:00+02:00,1715.140,1715.290,1714.830,1715.000,30
SQ:XAUUSD,2020-04-16T00:44:00+02:00,1715.000,1715.438,1714.810,1714.810,18
SQ:XAUUSD,2020-04-16T00:45:00+02:00,1714.720,1715.188,1713.600,1713.600,111
SQ:XAUUSD,2020-04-16T00:46:00+02:00,1713.600,1714.430,1712.530,1712.928,179
SQ:XAUUSD,2020-04-16T00:47:00+02:00,1712.860,1714.020,1712.670,1713.580,156
SQ:XAUUSD,2020-04-16T00:48:00+02:00,1713.140,1714.178,1712.280,1713.308,81
SQ:XAUUSD,2020-04-16T00:49:00+02:00,1713.220,1714.298,1712.700,1712.940,76
SQ:XAUUSD,2020-04-16T00:50:00+02:00,1712.942,1714.262,1712.942,1713.478,37
SQ:XAUUSD,2020-04-16T00:51:00+02:00,1713.478,1714.908,1713.298,1713.998,51
SQ:XAUUSD,2020-04-16T00:52:00+02:00,1713.998,1714.928,1713.828,1713.982,28
SQ:XAUUSD,2020-04-16T00:53:00+02:00,1713.982,1716.250,1713.982,1715.052,147
SQ:XAUUSD,2020-04-16T00:54:00+02:00,1715.058,1715.642,1714.682,1714.952,59
SQ:XAUUSD,2020-04-16T00:55:00+02:00,1714.948,1715.442,1714.788,1714.882,16
SQ:XAUUSD,2020-04-16T00:56:00+02:00,1714.882,1715.012,1714.592,1714.592,16
SQ:XAUUSD,2020-04-16T00:57:00+02:00,1714.622,1714.928,1714.430,1714.562,46
SQ:XAUUSD,2020-04-16T00:58:00+02:00,1714.562,1714.752,1714.418,1714.742,16
SQ:XAUUSD,2020-04-16T00:59:00+02:00,1714.742,1715.228,1714.742,1715.224,12
SQ:XAUUSD,2020-04-16T01:00:00+02:00,1715.224,1715.308,1714.610,1714.710,26
SQ:XAUUSD,2020-04-16T01:01:00+02:00,1714.710,1715.160,1714.590,1714.980,18
SQ:XAUUSD,2020-04-16T01:02:00+02:00,1715.000,1715.240,1714.930,1715.230,14
SQ:XAUUSD,2020-04-16T01:03:00+02:00,1715.120,1715.140,1714.830,1715.120,16
SQ:XAUUSD,2020-04-16T01:04:00+02:00,1715.060,1715.510,1715.060,1715.510,16
SQ:XAUUSD,2020-04-16T01:05:00+02:00,1715.510,1715.970,1715.490,1715.900,19
SQ:XAUUSD,2020-04-16T01:06:00+02:00,1715.910,1716.280,1715.530,1715.540,32
SQ:XAUUSD,2020-04-16T01:07:00+02:00,1715.680,1715.992,1715.600,1715.850,20
SQ:XAUUSD,2020-04-16T01:08:00+02:00,1715.870,1715.972,1715.590,1715.700,13
SQ:XAUUSD,2020-04-16T01:09:00+02:00,1715.650,1716.012,1715.578,1715.718,21
SQ:XAUUSD,2020-04-16T01:10:00+02:00,1715.718,1715.892,1715.702,1715.892,21
SQ:XAUUSD,2020-04-16T01:11:00+02:00,1715.908,1716.152,1715.908,1716.092,33
SQ:XAUUSD,2020-04-16T01:12:00+02:00,1716.092,1716.178,1715.812,1715.942,21
SQ:XAUUSD,2020-04-16T01:13:00+02:00,1715.848,1716.042,1715.848,1716.042,12
SQ:XAUUSD,2020-04-16T01:14:00+02:00,1716.078,1716.152,1715.958,1716.092,15
SQ:XAUUSD,2020-04-16T01:15:00+02:00,1716.092,1716.178,1716.052,1716.158,16
SQ:XAUUSD,2020-04-16T01:16:00+02:00,1716.158,1716.198,1715.942,1716.112,20
SQ:XAUUSD,2020-04-16T01:17:00+02:00,1716.112,1716.242,1716.112,1716.122,14
SQ:XAUUSD,2020-04-16T01:18:00+02:00,1716.122,1716.122,1715.848,1716.088,22
SQ:XAUUSD,2020-04-16T01:19:00+02:00,1716.138,1716.780,1716.138,1716.760,38
SQ:XAUUSD,2020-04-16T01:20:00+02:00,1716.800,1718.630,1716.800,1718.010,85
SQ:XAUUSD,2020-04-16T01:21:00+02:00,1718.010,1719.170,1717.960,1719.150,54
SQ:XAUUSD,2020-04-16T01:22:00+02:00,1719.150,1719.150,1718.000,1718.110,37
SQ:XAUUSD,2020-04-16T01:23:00+02:00,1718.110,1718.150,1717.660,1718.130,33
SQ:XAUUSD,2020-04-16T01:24:00+02:00,1718.160,1718.240,1717.930,1717.930,22
SQ:XAUUSD,2020-04-16T01:25:00+02:00,1717.980,1718.000,1717.640,1717.640,15
SQ:XAUUSD,2020-04-16T01:26:00+02:00,1717.720,1718.130,1717.540,1717.940,16
SQ:XAUUSD,2020-04-16T01:27:00+02:00,1717.940,1718.010,1717.560,1717.560,16
SQ:XAUUSD,2020-04-16T01:28:00+02:00,1717.560,1718.080,1717.530,1718.040,22
SQ:XAUUSD,2020-04-16T01:29:00+02:00,1718.000,1718.050,1717.910,1717.920,13
SQ:XAUUSD,2020-04-16T01:30:00+02:00,1717.940,1718.280,1717.920,1718.280,25
SQ:XAUUSD,2020-04-16T01:31:00+02:00,1718.280,1718.280,1717.640,1717.640,13
SQ:XAUUSD,2020-04-16T01:32:00+02:00,1717.670,1717.730,1717.500,1717.510,18
SQ:XAUUSD,2020-04-16T01:33:00+02:00,1717.440,1717.440,1716.940,1716.970,19
SQ:XAUUSD,2020-04-16T01:34:00+02:00,1716.960,1717.010,1716.310,1716.310,24
SQ:XAUUSD,2020-04-16T01:35:00+02:00,1716.310,1716.720,1716.280,1716.430,44
SQ:XAUUSD,2020-04-16T01:36:00+02:00,1716.470,1716.610,1716.300,1716.460,29
SQ:XAUUSD,2020-04-16T01:37:00+02:00,1716.470,1716.870,1716.420,1716.480,36
SQ:XAUUSD,2020-04-16T01:38:00+02:00,1716.480,1717.130,1716.420,1717.070,26
SQ:XAUUSD,2020-04-16T01:39:00+02:00,1717.070,1717.070,1716.620,1716.620,13
SQ:XAUUSD,2020-04-16T01:40:00+02:00,1716.630,1716.950,1716.472,1716.950,21
SQ:XAUUSD,2020-04-16T01:41:00+02:00,1716.940,1717.220,1716.940,1717.210,17
SQ:XAUUSD,2020-04-16T01:42:00+02:00,1717.210,1717.210,1716.860,1716.970,11
SQ:XAUUSD,2020-04-16T01:43:00+02:00,1717.000,1717.180,1716.860,1716.870,14
SQ:XAUUSD,2020-04-16T01:44:00+02:00,1716.850,1716.980,1716.820,1716.980,13
SQ:XAUUSD,2020-04-16T01:45:00+02:00,1716.980,1716.980,1716.630,1716.950,21
SQ:XAUUSD,2020-04-16T01:46:00+02:00,1716.940,1717.390,1716.930,1717.390,18
SQ:XAUUSD,2020-04-16T01:47:00+02:00,1717.340,1717.340,1716.740,1716.740,16
SQ:XAUUSD,2020-04-16T01:48:00+02:00,1716.700,1716.740,1716.210,1716.240,24
SQ:XAUUSD,2020-04-16T01:49:00+02:00,1716.230,1716.380,1715.930,1716.350,34
SQ:XAUUSD,2020-04-16T01:50:00+02:00,1716.350,1716.410,1716.180,1716.340,14
SQ:XAUUSD,2020-04-16T01:51:00+02:00,1716.350,1716.360,1716.130,1716.250,17
SQ:XAUUSD,2020-04-16T01:52:00+02:00,1716.220,1717.000,1716.150,1717.000,12
SQ:XAUUSD,2020-04-16T01:53:00+02:00,1716.980,1717.070,1716.500,1716.520,21
SQ:XAUUSD,2020-04-16T01:54:00+02:00,1716.480,1716.480,1716.360,1716.380,6
SQ:XAUUSD,2020-04-16T01:55:00+02:00,1716.360,1716.360,1716.030,1716.030,10
SQ:XAUUSD,2020-04-16T01:56:00+02:00,1716.030,1716.130,1715.930,1716.050,15
SQ:XAUUSD,2020-04-16T01:57:00+02:00,1715.990,1716.080,1715.728,1715.840,20
SQ:XAUUSD,2020-04-16T01:58:00+02:00,1715.622,1715.780,1715.292,1715.530,26
SQ:XAUUSD,2020-04-16T01:59:00+02:00,1715.560,1715.888,1715.280,1715.280,29
SQ:XAUUSD,2020-04-16T02:00:00+02:00,1715.340,1715.490,1714.642,1715.490,78
SQ:XAUUSD,2020-04-16T02:01:00+02:00,1715.490,1715.490,1714.852,1714.960,56
SQ:XAUUSD,2020-04-16T02:02:00+02:00,1714.960,1715.300,1714.940,1715.260,35
SQ:XAUUSD,2020-04-16T02:03:00+02:00,1715.260,1715.890,1715.130,1715.890,34
SQ:XAUUSD,2020-04-16T02:04:00+02:00,1715.700,1716.364,1715.578,1716.082,73
SQ:XAUUSD,2020-04-16T02:05:00+02:00,1716.010,1716.972,1716.010,1716.372,84
SQ:XAUUSD,2020-04-16T02:06:00+02:00,1716.402,1716.402,1715.642,1715.830,69
SQ:XAUUSD,2020-04-16T02:07:00+02:00,1715.900,1716.180,1715.608,1716.072,30
SQ:XAUUSD,2020-04-16T02:08:00+02:00,1716.122,1716.188,1715.628,1715.748,72
SQ:XAUUSD,2020-04-16T02:09:00+02:00,1715.652,1716.048,1715.620,1715.710,39
SQ:XAUUSD,2020-04-16T02:10:00+02:00,1715.710,1717.378,1715.710,1717.078,59
SQ:XAUUSD,2020-04-16T02:11:00+02:00,1717.078,1717.078,1716.538,1716.890,57
SQ:XAUUSD,2020-04-16T02:12:00+02:00,1716.890,1716.990,1716.410,1716.960,38
SQ:XAUUSD,2020-04-16T02:13:00+02:00,1716.960,1717.020,1716.270,1716.300,22
SQ:XAUUSD,2020-04-16T02:14:00+02:00,1716.300,1716.300,1716.180,1716.230,10
SQ:XAUUSD,2020-04-16T02:15:00+02:00,1716.230,1716.450,1716.210,1716.210,15
SQ:XAUUSD,2020-04-16T02:16:00+02:00,1716.210,1716.660,1715.860,1716.560,64
SQ:XAUUSD,2020-04-16T02:17:00+02:00,1716.560,1716.770,1716.300,1716.660,40
SQ:XAUUSD,2020-04-16T02:18:00+02:00,1716.660,1718.850,1716.600,1717.740,107
SQ:XAUUSD,2020-04-16T02:19:00+02:00,1717.780,1718.160,1717.240,1717.830,47
SQ:XAUUSD,2020-04-16T02:20:00+02:00,1717.790,1719.150,1717.640,1718.562,101
SQ:XAUUSD,2020-04-16T02:21:00+02:00,1718.540,1718.660,1717.710,1718.230,69
SQ:XAUUSD,2020-04-16T02:22:00+02:00,1718.230,1718.230,1717.300,1717.700,46
SQ:XAUUSD,2020-04-16T02:23:00+02:00,1717.710,1717.890,1717.390,1717.730,38
SQ:XAUUSD,2020-04-16T02:24:00+02:00,1717.680,1718.180,1717.270,1717.990,35
SQ:XAUUSD,2020-04-16T02:25:00+02:00,1718.030,1718.350,1717.900,1718.310,37
SQ:XAUUSD,2020-04-16T02:26:00+02:00,1718.310,1718.310,1717.060,1717.640,34
SQ:XAUUSD,2020-04-16T02:27:00+02:00,1717.650,1717.660,1716.996,1717.266,54
SQ:XAUUSD,2020-04-16T02:28:00+02:00,1717.376,1717.590,1716.982,1717.450,50
SQ:XAUUSD,2020-04-16T02:29:00+02:00,1717.456,1718.070,1717.250,1717.830,34
SQ:XAUUSD,2020-04-16T02:30:00+02:00,1718.190,1718.220,1717.060,1717.350,40
SQ:XAUUSD,2020-04-16T02:31:00+02:00,1717.350,1717.390,1717.350,1717.390,2
SQ:XAUUSD,2020-04-16T02:32:00+02:00,1717.390,1717.410,1717.390,1717.410,2
SQ:XAUUSD,2020-04-16T02:33:00+02:00,1717.410,1717.410,1716.870,1716.880,14
SQ:XAUUSD,2020-04-16T02:34:00+02:00,1716.800,1716.810,1716.750,1716.810,5
SQ:XAUUSD,2020-04-16T02:35:00+02:00,1716.810,1717.070,1716.370,1717.020,13
SQ:XAUUSD,2020-04-16T02:36:00+02:00,1717.020,1718.730,1717.020,1718.170,33
SQ:XAUUSD,2020-04-16T02:37:00+02:00,1718.170,1718.630,1717.540,1718.360,38
SQ:XAUUSD,2020-04-16T02:38:00+02:00,1718.490,1718.490,1716.340,1716.560,137
SQ:XAUUSD,2020-04-16T02:39:00+02:00,1716.560,1716.750,1716.180,1716.210,31
SQ:XAUUSD,2020-04-16T02:40:00+02:00,1716.210,1716.240,1714.870,1715.800,64
SQ:XAUUSD,2020-04-16T02:41:00+02:00,1715.800,1716.940,1715.730,1716.090,33
SQ:XAUUSD,2020-04-16T02:42:00+02:00,1716.090,1716.890,1716.090,1716.440,36
SQ:XAUUSD,2020-04-16T02:43:00+02:00,1716.440,1716.640,1716.250,1716.600,33
SQ:XAUUSD,2020-04-16T02:44:00+02:00,1716.600,1717.560,1716.600,1717.560,52
SQ:XAUUSD,2020-04-16T02:45:00+02:00,1717.510,1717.530,1716.620,1716.840,25
SQ:XAUUSD,2020-04-16T02:46:00+02:00,1716.820,1716.880,1716.660,1716.660,23
SQ:XAUUSD,2020-04-16T02:47:00+02:00,1716.660,1716.660,1716.420,1716.580,21
SQ:XAUUSD,2020-04-16T02:48:00+02:00,1716.580,1717.310,1716.520,1717.310,22
SQ:XAUUSD,2020-04-16T02:49:00+02:00,1717.290,1717.610,1717.080,1717.210,48
SQ:XAUUSD,2020-04-16T02:50:00+02:00,1717.300,1717.370,1717.030,1717.060,20
SQ:XAUUSD,2020-04-16T02:51:00+02:00,1717.060,1717.250,1716.870,1717.190,15
SQ:XAUUSD,2020-04-16T02:52:00+02:00,1717.200,1717.340,1717.060,1717.250,20
SQ:XAUUSD,2020-04-16T02:53:00+02:00,1717.250,1718.260,1717.080,1717.360,44
SQ:XAUUSD,2020-04-16T02:54:00+02:00,1717.360,1717.360,1717.000,1717.000,4
SQ:XAUUSD,2020-04-16T02:55:00+02:00,1717.000,1717.000,1716.240,1716.240,10
SQ:XAUUSD,2020-04-16T02:56:00+02:00,1716.240,1716.350,1716.070,1716.220,33
SQ:XAUUSD,2020-04-16T02:57:00+02:00,1716.220,1716.830,1716.220,1716.760,25
SQ:XAUUSD,2020-04-16T02:58:00+02:00,1716.760,1716.760,1716.020,1716.140,43
SQ:XAUUSD,2020-04-16T02:59:00+02:00,1716.060,1716.520,1715.910,1716.320,41
SQ:XAUUSD,2020-04-16T03:00:00+02:00,1716.630,1716.970,1713.390,1714.470,269
SQ:XAUUSD,2020-04-16T03:01:00+02:00,1714.470,1715.180,1714.150,1714.530,64
SQ:XAUUSD,2020-04-16T03:02:00+02:00,1714.520,1715.100,1714.200,1714.980,90
SQ:XAUUSD,2020-04-16T03:03:00+02:00,1715.020,1715.330,1714.530,1714.950,60
SQ:XAUUSD,2020-04-16T03:04:00+02:00,1714.950,1715.760,1714.620,1715.630,43
SQ:XAUUSD,2020-04-16T03:05:00+02:00,1715.640,1715.640,1714.282,1714.460,55
SQ:XAUUSD,2020-04-16T03:06:00+02:00,1714.460,1714.720,1714.300,1714.320,62
SQ:XAUUSD,2020-04-16T03:07:00+02:00,1714.300,1714.420,1713.870,1714.120,54
SQ:XAUUSD,2020-04-16T03:08:00+02:00,1714.120,1716.020,1714.050,1715.070,71
SQ:XAUUSD,2020-04-16T03:09:00+02:00,1715.070,1715.450,1714.890,1715.140,42
SQ:XAUUSD,2020-04-16T03:10:00+02:00,1715.140,1715.240,1714.760,1715.090,41
SQ:XAUUSD,2020-04-16T03:11:00+02:00,1715.200,1715.610,1715.040,1715.510,43
SQ:XAUUSD,2020-04-16T03:12:00+02:00,1715.510,1715.510,1714.540,1714.720,41
SQ:XAUUSD,2020-04-16T03:13:00+02:00,1714.740,1715.170,1714.620,1715.170,31
SQ:XAUUSD,2020-04-16T03:14:00+02:00,1715.190,1715.240,1714.850,1714.860,27
SQ:XAUUSD,2020-04-16T03:15:00+02:00,1714.910,1715.130,1714.610,1715.010,34
SQ:XAUUSD,2020-04-16T03:16:00+02:00,1715.010,1715.290,1714.750,1715.290,31
SQ:XAUUSD,2020-04-16T03:17:00+02:00,1715.370,1717.480,1715.250,1715.870,93
SQ:XAUUSD,2020-04-16T03:18:00+02:00,1715.870,1716.480,1715.620,1716.480,43
SQ:XAUUSD,2020-04-16T03:19:00+02:00,1716.500,1716.520,1715.940,1715.940,39
SQ:XAUUSD,2020-04-16T03:20:00+02:00,1715.940,1716.160,1715.680,1715.840,45
SQ:XAUUSD,2020-04-16T03:21:00+02:00,1715.820,1715.920,1715.540,1715.910,50
SQ:XAUUSD,2020-04-16T03:22:00+02:00,1715.910,1716.540,1715.910,1716.430,27
SQ:XAUUSD,2020-04-16T03:23:00+02:00,1716.380,1716.560,1715.900,1716.050,41
SQ:XAUUSD,2020-04-16T03:24:00+02:00,1716.050,1716.150,1715.870,1715.890,30
SQ:XAUUSD,2020-04-16T03:25:00+02:00,1715.900,1715.900,1715.570,1715.870,34
SQ:XAUUSD,2020-04-16T03:26:00+02:00,1715.870,1716.290,1715.410,1716.210,46
SQ:XAUUSD,2020-04-16T03:27:00+02:00,1716.210,1716.460,1715.760,1716.010,37
SQ:XAUUSD,2020-04-16T03:28:00+02:00,1715.990,1716.960,1715.380,1716.800,68
SQ:XAUUSD,2020-04-16T03:29:00+02:00,1716.770,1716.960,1715.540,1716.190,45
SQ:XAUUSD,2020-04-16T03:30:00+02:00,1716.470,1716.840,1715.560,1715.560,93
SQ:XAUUSD,2020-04-16T03:31:00+02:00,1715.590,1716.308,1715.380,1715.510,52
SQ:XAUUSD,2020-04-16T03:32:00+02:00,1715.510,1716.626,1715.510,1716.626,52
SQ:XAUUSD,2020-04-16T03:33:00+02:00,1716.666,1717.528,1716.240,1716.592,183
SQ:XAUUSD,2020-04-16T03:34:00+02:00,1716.960,1717.260,1716.230,1716.636,111
SQ:XAUUSD,2020-04-16T03:35:00+02:00,1716.350,1717.028,1716.068,1716.766,60
SQ:XAUUSD,2020-04-16T03:36:00+02:00,1717.202,1717.202,1715.560,1716.070,70
SQ:XAUUSD,2020-04-16T03:37:00+02:00,1716.070,1716.350,1715.860,1716.290,30
SQ:XAUUSD,2020-04-16T03:38:00+02:00,1716.290,1717.690,1716.040,1717.170,95
SQ:XAUUSD,2020-04-16T03:39:00+02:00,1717.170,1718.500,1716.590,1716.848,156
SQ:XAUUSD,2020-04-16T03:40:00+02:00,1716.850,1717.720,1716.560,1716.648,86
SQ:XAUUSD,2020-04-16T03:41:00+02:00,1716.638,1716.908,1716.418,1716.480,61
SQ:XAUUSD,2020-04-16T03:42:00+02:00,1716.458,1716.460,1715.610,1715.738,62
SQ:XAUUSD,2020-04-16T03:43:00+02:00,1715.728,1716.200,1715.240,1715.710,49
SQ:XAUUSD,2020-04-16T03:44:00+02:00,1715.660,1716.018,1715.540,1715.540,28
SQ:XAUUSD,2020-04-16T03:45:00+02:00,1715.540,1716.068,1715.480,1715.968,74
SQ:XAUUSD,2020-04-16T03:46:00+02:00,1715.810,1715.968,1715.420,1715.468,64
SQ:XAUUSD,2020-04-16T03:47:00+02:00,1715.468,1715.536,1714.990,1715.308,109
SQ:XAUUSD,2020-04-16T03:48:00+02:00,1715.300,1715.340,1714.430,1714.468,83
SQ:XAUUSD,2020-04-16T03:49:00+02:00,1714.508,1714.508,1713.690,1713.718,74
SQ:XAUUSD,2020-04-16T03:50:00+02:00,1713.690,1713.798,1712.310,1712.470,96
SQ:XAUUSD,2020-04-16T03:51:00+02:00,1712.440,1713.756,1711.520,1712.740,146
SQ:XAUUSD,2020-04-16T03:52:00+02:00,1712.740,1713.180,1712.440,1713.030,38
SQ:XAUUSD,2020-04-16T03:53:00+02:00,1713.090,1714.528,1712.530,1713.630,65
SQ:XAUUSD,2020-04-16T03:54:00+02:00,1713.630,1713.898,1713.160,1713.228,42
SQ:XAUUSD,2020-04-16T03:55:00+02:00,1713.210,1714.050,1713.210,1714.028,42
SQ:XAUUSD,2020-04-16T03:56:00+02:00,1714.026,1714.800,1713.910,1714.330,68
SQ:XAUUSD,2020-04-16T03:57:00+02:00,1714.320,1714.690,1714.210,1714.210,41
SQ:XAUUSD,2020-04-16T03:58:00+02:00,1714.210,1715.470,1713.250,1715.122,83
SQ:XAUUSD,2020-04-16T03:59:00+02:00,1715.122,1716.270,1715.050,1715.890,104
SQ:XAUUSD,2020-04-16T04:00:00+02:00,1715.890,1716.590,1715.190,1715.440,153
SQ:XAUUSD,2020-04-16T04:01:00+02:00,1715.290,1715.730,1715.250,1715.700,101
SQ:XAUUSD,2020-04-16T04:02:00+02:00,1715.590,1716.060,1715.390,1715.660,55
SQ:XAUUSD,2020-04-16T04:03:00+02:00,1715.660,1716.400,1715.150,1715.380,84
SQ:XAUUSD,2020-04-16T04:04:00+02:00,1715.380,1715.870,1715.240,1715.390,64
SQ:XAUUSD,2020-04-16T04:05:00+02:00,1715.390,1715.440,1715.330,1715.330,21
SQ:XAUUSD,2020-04-16T04:06:00+02:00,1715.330,1715.450,1715.230,1715.390,41
SQ:XAUUSD,2020-04-16T04:07:00+02:00,1715.390,1715.668,1714.630,1715.542,78
SQ:XAUUSD,2020-04-16T04:08:00+02:00,1715.542,1715.750,1715.530,1715.598,57
SQ:XAUUSD,2020-04-16T04:09:00+02:00,1715.596,1715.638,1715.570,1715.588,35
SQ:XAUUSD,2020-04-16T04:10:00+02:00,1715.588,1715.630,1714.920,1715.030,34
SQ:XAUUSD,2020-04-16T04:11:00+02:00,1714.980,1715.692,1714.320,1714.320,61
SQ:XAUUSD,2020-04-16T04:12:00+02:00,1714.320,1714.320,1713.790,1713.790,7
SQ:XAUUSD,2020-04-16T04:13:00+02:00,1713.790,1713.790,1713.330,1713.550,22
SQ:XAUUSD,2020-04-16T04:14:00+02:00,1713.510,1714.210,1713.480,1714.100,59
SQ:XAUUSD,2020-04-16T04:15:00+02:00,1714.090,1714.700,1714.040,1714.410,49
SQ:XAUUSD,2020-04-16T04:16:00+02:00,1714.430,1715.000,1713.560,1714.080,57
SQ:XAUUSD,2020-04-16T04:17:00+02:00,1714.080,1715.010,1713.980,1714.510,40
SQ:XAUUSD,2020-04-16T04:18:00+02:00,1714.540,1715.190,1714.540,1715.190,17
SQ:XAUUSD,2020-04-16T04:19:00+02:00,1715.190,1715.760,1715.100,1715.520,61
SQ:XAUUSD,2020-04-16T04:20:00+02:00,1715.510,1715.650,1714.180,1715.030,35
SQ:XAUUSD,2020-04-16T04:21:00+02:00,1715.030,1715.120,1714.080,1714.360,26
SQ:XAUUSD,2020-04-16T04:22:00+02:00,1714.310,1714.670,1714.310,1714.490,30
SQ:XAUUSD,2020-04-16T04:23:00+02:00,1714.610,1714.630,1714.310,1714.630,18
SQ:XAUUSD,2020-04-16T04:24:00+02:00,1714.630,1714.630,1714.310,1714.410,25
SQ:XAUUSD,2020-04-16T04:25:00+02:00,1714.410,1715.220,1713.760,1714.670,28
SQ:XAUUSD,2020-04-16T04:26:00+02:00,1714.670,1715.260,1714.070,1714.180,31
SQ:XAUUSD,2020-04-16T04:27:00+02:00,1714.180,1714.630,1714.170,1714.210,17
SQ:XAUUSD,2020-04-16T04:28:00+02:00,1714.210,1714.900,1714.200,1714.900,21
SQ:XAUUSD,2020-04-16T04:29:00+02:00,1714.730,1714.950,1714.310,1714.310,18
SQ:XAUUSD,2020-04-16T04:30:00+02:00,1714.310,1715.070,1714.180,1714.180,40
SQ:XAUUSD,2020-04-16T04:31:00+02:00,1714.350,1715.170,1714.280,1714.550,24
SQ:XAUUSD,2020-04-16T04:32:00+02:00,1714.550,1715.490,1714.410,1714.660,26
SQ:XAUUSD,2020-04-16T04:33:00+02:00,1714.660,1715.702,1714.272,1714.292,47
SQ:XAUUSD,2020-04-16T04:34:00+02:00,1714.292,1714.830,1714.020,1714.140,31
SQ:XAUUSD,2020-04-16T04:35:00+02:00,1714.140,1714.650,1713.570,1713.790,43
SQ:XAUUSD,2020-04-16T04:36:00+02:00,1713.750,1714.550,1713.510,1713.930,60
SQ:XAUUSD,2020-04-16T04:37:00+02:00,1713.930,1714.980,1713.820,1714.120,47
SQ:XAUUSD,2020-04-16T04:38:00+02:00,1714.120,1715.390,1714.120,1714.670,32
SQ:XAUUSD,2020-04-16T04:39:00+02:00,1714.670,1715.170,1714.190,1714.490,39
SQ:XAUUSD,2020-04-16T04:40:00+02:00,1714.770,1715.420,1714.100,1714.120,47
SQ:XAUUSD,2020-04-16T04:41:00+02:00,1714.290,1714.960,1713.840,1714.060,39
SQ:XAUUSD,2020-04-16T04:42:00+02:00,1714.060,1714.410,1713.910,1713.940,26
SQ:XAUUSD,2020-04-16T04:43:00+02:00,1713.930,1715.440,1713.930,1714.700,53
SQ:XAUUSD,2020-04-16T04:44:00+02:00,1714.700,1716.040,1714.700,1714.760,40
SQ:XAUUSD,2020-04-16T04:45:00+02:00,1714.790,1714.790,1714.560,1714.560,15
SQ:XAUUSD,2020-04-16T04:46:00+02:00,1714.560,1714.940,1714.020,1714.220,36
SQ:XAUUSD,2020-04-16T04:47:00+02:00,1714.220,1714.820,1713.880,1714.040,35
SQ:XAUUSD,2020-04-16T04:48:00+02:00,1714.070,1714.990,1714.040,1714.552,33
SQ:XAUUSD,2020-04-16T04:49:00+02:00,1714.390,1715.480,1714.190,1714.270,58
SQ:XAUUSD,2020-04-16T04:50:00+02:00,1714.280,1714.490,1713.850,1714.010,28
SQ:XAUUSD,2020-04-16T04:51:00+02:00,1714.010,1714.840,1713.980,1714.582,25
SQ:XAUUSD,2020-04-16T04:52:00+02:00,1714.582,1714.582,1713.930,1713.930,32
SQ:XAUUSD,2020-04-16T04:53:00+02:00,1713.910,1714.614,1713.380,1713.920,62
SQ:XAUUSD,2020-04-16T04:54:00+02:00,1713.890,1714.180,1713.870,1714.150,25
SQ:XAUUSD,2020-04-16T04:55:00+02:00,1714.080,1714.600,1713.810,1714.600,15
SQ:XAUUSD,2020-04-16T04:56:00+02:00,1714.650,1714.680,1713.580,1713.820,26
SQ:XAUUSD,2020-04-16T04:57:00+02:00,1713.820,1714.240,1713.720,1714.082,40
SQ:XAUUSD,2020-04-16T04:58:00+02:00,1714.082,1714.570,1714.082,1714.130,15
SQ:XAUUSD,2020-04-16T04:59:00+02:00,1714.270,1714.620,1714.130,1714.552,39
SQ:XAUUSD,2020-04-16T05:00:00+02:00,1714.464,1714.464,1713.850,1713.900,23
SQ:XAUUSD,2020-04-16T05:01:00+02:00,1713.900,1714.240,1713.750,1713.780,24
SQ:XAUUSD,2020-04-16T05:02:00+02:00,1713.780,1714.290,1713.660,1714.120,23
SQ:XAUUSD,2020-04-16T05:03:00+02:00,1714.120,1714.120,1713.900,1713.960,28
SQ:XAUUSD,2020-04-16T05:04:00+02:00,1713.920,1713.990,1713.620,1713.990,7
SQ:XAUUSD,2020-04-16T05:05:00+02:00,1713.990,1714.040,1713.670,1713.920,28
SQ:XAUUSD,2020-04-16T05:06:00+02:00,1713.920,1714.604,1713.360,1713.430,42
SQ:XAUUSD,2020-04-16T05:07:00+02:00,1713.820,1714.550,1713.790,1713.890,33
SQ:XAUUSD,2020-04-16T05:08:00+02:00,1713.890,1714.130,1713.630,1713.710,44
SQ:XAUUSD,2020-04-16T05:09:00+02:00,1713.710,1713.890,1713.380,1713.880,42
SQ:XAUUSD,2020-04-16T05:10:00+02:00,1713.880,1714.150,1713.540,1714.000,37
SQ:XAUUSD,2020-04-16T05:11:00+02:00,1714.000,1714.360,1713.760,1713.760,26
SQ:XAUUSD,2020-04-16T05:12:00+02:00,1713.760,1714.702,1713.600,1714.660,52
SQ:XAUUSD,2020-04-16T05:13:00+02:00,1714.662,1714.890,1714.310,1714.670,54
SQ:XAUUSD,2020-04-16T05:14:00+02:00,1714.652,1714.660,1713.990,1714.030,63
SQ:XAUUSD,2020-04-16T05:15:00+02:00,1714.030,1714.620,1713.740,1714.310,40
SQ:XAUUSD,2020-04-16T05:16:00+02:00,1714.390,1714.490,1713.960,1714.170,46
SQ:XAUUSD,2020-04-16T05:17:00+02:00,1714.250,1714.940,1714.150,1714.940,35
SQ:XAUUSD,2020-04-16T05:18:00+02:00,1714.940,1715.800,1714.870,1715.760,54
SQ:XAUUSD,2020-04-16T05:19:00+02:00,1715.760,1715.780,1714.240,1714.260,43
SQ:XAUUSD,2020-04-16T05:20:00+02:00,1714.260,1714.370,1714.042,1714.310,51
SQ:XAUUSD,2020-04-16T05:21:00+02:00,1714.190,1714.410,1714.120,1714.330,49
SQ:XAUUSD,2020-04-16T05:22:00+02:00,1714.290,1714.340,1714.210,1714.300,32
SQ:XAUUSD,2020-04-16T05:23:00+02:00,1714.310,1714.400,1713.980,1714.080,28
SQ:XAUUSD,2020-04-16T05:24:00+02:00,1714.140,1714.210,1714.030,1714.180,35
SQ:XAUUSD,2020-04-16T05:25:00+02:00,1714.210,1714.310,1713.750,1714.012,31
SQ:XAUUSD,2020-04-16T05:26:00+02:00,1714.014,1714.152,1713.510,1713.550,37
SQ:XAUUSD,2020-04-16T05:27:00+02:00,1713.550,1714.280,1713.410,1713.660,23
SQ:XAUUSD,2020-04-16T05:28:00+02:00,1713.710,1714.020,1713.640,1714.020,33
SQ:XAUUSD,2020-04-16T05:29:00+02:00,1714.020,1714.260,1713.730,1713.730,22
SQ:XAUUSD,2020-04-16T05:30:00+02:00,1713.730,1714.230,1713.730,1714.230,23
SQ:XAUUSD,2020-04-16T05:31:00+02:00,1714.230,1715.040,1714.210,1714.980,30
SQ:XAUUSD,2020-04-16T05:32:00+02:00,1714.980,1714.980,1714.250,1714.250,26
SQ:XAUUSD,2020-04-16T05:33:00+02:00,1714.270,1714.710,1714.230,1714.540,22
SQ:XAUUSD,2020-04-16T05:34:00+02:00,1714.520,1714.570,1714.130,1714.240,21
SQ:XAUUSD,2020-04-16T05:35:00+02:00,1714.110,1714.420,1714.070,1714.270,25
SQ:XAUUSD,2020-04-16T05:36:00+02:00,1714.270,1714.460,1714.170,1714.390,22
SQ:XAUUSD,2020-04-16T05:37:00+02:00,1714.350,1714.750,1714.350,1714.650,24
SQ:XAUUSD,2020-04-16T05:38:00+02:00,1714.630,1714.630,1714.260,1714.500,15
SQ:XAUUSD,2020-04-16T05:39:00+02:00,1714.500,1714.870,1714.230,1714.370,41
SQ:XAUUSD,2020-04-16T05:40:00+02:00,1714.370,1714.460,1714.210,1714.260,14
SQ:XAUUSD,2020-04-16T05:41:00+02:00,1714.260,1714.350,1714.160,1714.160,11
SQ:XAUUSD,2020-04-16T05:42:00+02:00,1714.160,1714.270,1714.110,1714.110,13
SQ:XAUUSD,2020-04-16T05:43:00+02:00,1714.110,1714.110,1713.730,1713.780,33
SQ:XAUUSD,2020-04-16T05:44:00+02:00,1713.780,1713.960,1713.770,1713.780,15
SQ:XAUUSD,2020-04-16T05:45:00+02:00,1713.780,1714.060,1713.640,1714.020,12
SQ:XAUUSD,2020-04-16T05:46:00+02:00,1714.020,1714.270,1713.910,1714.240,15
SQ:XAUUSD,2020-04-16T05:47:00+02:00,1714.240,1714.450,1714.180,1714.450,25
SQ:XAUUSD,2020-04-16T05:48:00+02:00,1714.440,1714.700,1714.370,1714.630,19
SQ:XAUUSD,2020-04-16T05:49:00+02:00,1714.630,1714.880,1714.410,1714.420,24
SQ:XAUUSD,2020-04-16T05:50:00+02:00,1714.420,1715.290,1714.160,1714.350,65
SQ:XAUUSD,2020-04-16T05:51:00+02:00,1714.430,1714.430,1713.910,1714.200,34
SQ:XAUUSD,2020-04-16T05:52:00+02:00,1714.200,1714.250,1713.670,1713.850,33
SQ:XAUUSD,2020-04-16T05:53:00+02:00,1713.850,1714.560,1713.850,1714.360,16
SQ:XAUUSD,2020-04-16T05:54:00+02:00,1714.390,1714.430,1713.880,1714.030,29
SQ:XAUUSD,2020-04-16T05:55:00+02:00,1714.030,1714.110,1713.970,1713.970,31
SQ:XAUUSD,2020-04-16T05:56:00+02:00,1713.970,1714.130,1713.860,1713.950,10
SQ:XAUUSD,2020-04-16T05:57:00+02:00,1713.920,1714.040,1713.700,1713.880,25
SQ:XAUUSD,2020-04-16T05:58:00+02:00,1713.880,1714.180,1713.880,1713.920,20
SQ:XAUUSD,2020-04-16T05:59:00+02:00,1713.920,1713.980,1713.910,1713.950,8
SQ:XAUUSD,2020-04-16T06:00:00+02:00,1714.030,1714.560,1714.000,1714.480,23
SQ:XAUUSD,2020-04-16T06:01:00+02:00,1714.480,1714.920,1714.200,1714.330,18
SQ:XAUUSD,2020-04-16T06:02:00+02:00,1714.390,1714.680,1714.340,1714.340,23
SQ:XAUUSD,2020-04-16T06:03:00+02:00,1714.360,1714.630,1714.350,1714.350,20
SQ:XAUUSD,2020-04-16T06:04:00+02:00,1714.350,1714.540,1714.250,1714.430,22
SQ:XAUUSD,2020-04-16T06:05:00+02:00,1714.430,1714.550,1714.220,1714.350,15
SQ:XAUUSD,2020-04-16T06:06:00+02:00,1714.350,1714.460,1713.770,1713.980,11
SQ:XAUUSD,2020-04-16T06:07:00+02:00,1713.980,1714.130,1713.782,1713.850,29
SQ:XAUUSD,2020-04-16T06:08:00+02:00,1713.900,1714.020,1713.880,1713.980,16
SQ:XAUUSD,2020-04-16T06:09:00+02:00,1713.980,1713.980,1713.780,1713.790,10
SQ:XAUUSD,2020-04-16T06:10:00+02:00,1713.840,1713.940,1713.060,1713.710,22
SQ:XAUUSD,2020-04-16T06:11:00+02:00,1713.760,1714.180,1713.680,1713.700,18
SQ:XAUUSD,2020-04-16T06:12:00+02:00,1713.700,1713.770,1713.370,1713.390,34
SQ:XAUUSD,2020-04-16T06:13:00+02:00,1713.440,1713.960,1713.440,1713.840,30
SQ:XAUUSD,2020-04-16T06:14:00+02:00,1713.950,1714.190,1713.840,1714.100,19
SQ:XAUUSD,2020-04-16T06:15:00+02:00,1714.070,1714.520,1714.070,1714.340,26
SQ:XAUUSD,2020-04-16T06:16:00+02:00,1714.350,1715.340,1714.080,1714.100,43
SQ:XAUUSD,2020-04-16T06:17:00+02:00,1714.090,1714.620,1714.060,1714.350,35
SQ:XAUUSD,2020-04-16T06:18:00+02:00,1714.350,1714.850,1714.310,1714.850,18
SQ:XAUUSD,2020-04-16T06:19:00+02:00,1714.850,1714.960,1714.410,1714.730,7
SQ:XAUUSD,2020-04-16T06:20:00+02:00,1714.730,1714.860,1714.370,1714.690,26
SQ:XAUUSD,2020-04-16T06:21:00+02:00,1714.700,1714.940,1714.690,1714.940,19
SQ:XAUUSD,2020-04-16T06:22:00+02:00,1714.940,1714.940,1714.810,1714.880,11
SQ:XAUUSD,2020-04-16T06:23:00+02:00,1714.880,1714.880,1714.410,1714.620,25
SQ:XAUUSD,2020-04-16T06:24:00+02:00,1714.620,1715.230,1714.620,1715.190,23
SQ:XAUUSD,2020-04-16T06:25:00+02:00,1715.190,1715.290,1714.970,1715.110,30
SQ:XAUUSD,2020-04-16T06:26:00+02:00,1715.200,1715.200,1714.890,1715.070,42
SQ:XAUUSD,2020-04-16T06:27:00+02:00,1715.070,1715.330,1714.560,1714.560,30
SQ:XAUUSD,2020-04-16T06:28:00+02:00,1714.560,1714.600,1714.380,1714.520,14
SQ:XAUUSD,2020-04-16T06:29:00+02:00,1714.510,1714.830,1714.460,1714.820,13
SQ:XAUUSD,2020-04-16T06:30:00+02:00,1714.810,1714.960,1714.500,1714.680,17
SQ:XAUUSD,2020-04-16T06:31:00+02:00,1714.672,1715.790,1714.370,1715.710,65
SQ:XAUUSD,2020-04-16T06:32:00+02:00,1715.710,1715.920,1714.210,1715.430,46
SQ:XAUUSD,2020-04-16T06:33:00+02:00,1715.430,1715.600,1715.110,1715.370,28
SQ:XAUUSD,2020-04-16T06:34:00+02:00,1715.380,1715.380,1714.592,1714.792,33
SQ:XAUUSD,2020-04-16T06:35:00+02:00,1714.792,1715.270,1714.600,1714.600,31
SQ:XAUUSD,2020-04-16T06:36:00+02:00,1714.600,1715.102,1714.390,1714.700,18
SQ:XAUUSD,2020-04-16T06:37:00+02:00,1714.700,1714.740,1714.250,1714.410,14
SQ:XAUUSD,2020-04-16T06:38:00+02:00,1714.410,1714.680,1714.230,1714.520,18
SQ:XAUUSD,2020-04-16T06:39:00+02:00,1714.470,1714.500,1714.200,1714.210,13
SQ:XAUUSD,2020-04-16T06:40:00+02:00,1714.200,1714.300,1714.040,1714.290,16
SQ:XAUUSD,2020-04-16T06:41:00+02:00,1714.290,1714.520,1713.980,1713.980,21
SQ:XAUUSD,2020-04-16T06:42:00+02:00,1713.980,1714.250,1713.970,1714.230,10
SQ:XAUUSD,2020-04-16T06:43:00+02:00,1714.230,1714.230,1713.830,1713.830,6
SQ:XAUUSD,2020-04-16T06:44:00+02:00,1713.880,1713.940,1713.880,1713.880,4
SQ:XAUUSD,2020-04-16T06:45:00+02:00,1713.880,1714.080,1713.880,1714.050,6
SQ:XAUUSD,2020-04-16T06:46:00+02:00,1714.030,1714.070,1713.950,1713.950,20
SQ:XAUUSD,2020-04-16T06:47:00+02:00,1713.990,1714.662,1713.930,1714.130,19
SQ:XAUUSD,2020-04-16T06:48:00+02:00,1714.110,1714.130,1713.540,1713.910,27
SQ:XAUUSD,2020-04-16T06:49:00+02:00,1713.910,1713.940,1713.660,1713.880,26
SQ:XAUUSD,2020-04-16T06:50:00+02:00,1713.880,1714.450,1713.870,1714.000,24
SQ:XAUUSD,2020-04-16T06:51:00+02:00,1714.000,1714.180,1713.790,1714.140,28
SQ:XAUUSD,2020-04-16T06:52:00+02:00,1714.140,1714.470,1714.010,1714.410,29
SQ:XAUUSD,2020-04-16T06:53:00+02:00,1714.390,1714.630,1713.710,1713.800,32
SQ:XAUUSD,2020-04-16T06:54:00+02:00,1713.900,1714.420,1713.140,1714.420,27
SQ:XAUUSD,2020-04-16T06:55:00+02:00,1714.420,1714.740,1713.970,1714.480,26
SQ:XAUUSD,2020-04-16T06:56:00+02:00,1714.480,1714.690,1714.480,1714.650,4
SQ:XAUUSD,2020-04-16T06:57:00+02:00,1714.560,1714.930,1713.840,1714.120,38
SQ:XAUUSD,2020-04-16T06:58:00+02:00,1714.120,1714.250,1713.920,1713.920,11
SQ:XAUUSD,2020-04-16T06:59:00+02:00,1713.920,1714.350,1713.870,1714.350,21
SQ:XAUUSD,2020-04-16T07:00:00+02:00,1714.210,1714.210,1714.070,1714.170,3
SQ:XAUUSD,2020-04-16T07:01:00+02:00,1714.170,1714.170,1713.740,1713.950,10
SQ:XAUUSD,2020-04-16T07:02:00+02:00,1713.950,1714.632,1713.890,1714.632,7
SQ:XAUUSD,2020-04-16T07:03:00+02:00,1714.654,1714.670,1713.470,1713.990,56
SQ:XAUUSD,2020-04-16T07:04:00+02:00,1714.000,1714.000,1713.840,1713.990,8
SQ:XAUUSD,2020-04-16T07:05:00+02:00,1713.990,1713.990,1713.750,1713.960,19
SQ:XAUUSD,2020-04-16T07:06:00+02:00,1713.960,1714.080,1713.880,1713.910,9
SQ:XAUUSD,2020-04-16T07:07:00+02:00,1713.910,1714.060,1713.870,1713.980,14
SQ:XAUUSD,2020-04-16T07:08:00+02:00,1713.980,1713.990,1713.700,1713.960,16
SQ:XAUUSD,2020-04-16T07:09:00+02:00,1713.960,1714.210,1713.660,1713.950,38
SQ:XAUUSD,2020-04-16T07:10:00+02:00,1713.950,1714.280,1713.830,1713.990,10
SQ:XAUUSD,2020-04-16T07:11:00+02:00,1714.000,1714.370,1713.980,1714.020,16
SQ:XAUUSD,2020-04-16T07:12:00+02:00,1713.980,1714.300,1713.970,1714.300,28
SQ:XAUUSD,2020-04-16T07:13:00+02:00,1714.330,1714.530,1714.330,1714.400,16
SQ:XAUUSD,2020-04-16T07:14:00+02:00,1714.400,1714.570,1714.270,1714.550,16
SQ:XAUUSD,2020-04-16T07:15:00+02:00,1714.560,1714.690,1714.560,1714.600,14
SQ:XAUUSD,2020-04-16T07:16:00+02:00,1714.600,1715.090,1714.600,1715.090,22
SQ:XAUUSD,2020-04-16T07:17:00+02:00,1715.080,1715.080,1714.960,1715.010,9
SQ:XAUUSD,2020-04-16T07:18:00+02:00,1715.010,1715.410,1714.600,1715.330,24
SQ:XAUUSD,2020-04-16T07:19:00+02:00,1715.360,1715.840,1715.150,1715.250,56
SQ:XAUUSD,2020-04-16T07:20:00+02:00,1715.250,1715.500,1714.770,1715.320,26
SQ:XAUUSD,2020-04-16T07:21:00+02:00,1715.320,1715.380,1714.650,1714.690,17
SQ:XAUUSD,2020-04-16T07:22:00+02:00,1714.570,1715.040,1714.520,1715.040,15
SQ:XAUUSD,2020-04-16T07:23:00+02:00,1714.990,1715.340,1714.990,1715.260,15
SQ:XAUUSD,2020-04-16T07:24:00+02:00,1715.260,1716.190,1714.730,1715.410,56
SQ:XAUUSD,2020-04-16T07:25:00+02:00,1715.410,1715.560,1714.730,1714.730,20
SQ:XAUUSD,2020-04-16T07:26:00+02:00,1714.730,1714.990,1714.140,1714.360,52
SQ:XAUUSD,2020-04-16T07:27:00+02:00,1714.360,1714.500,1714.190,1714.500,16
SQ:XAUUSD,2020-04-16T07:28:00+02:00,1714.550,1715.154,1714.550,1715.100,24
SQ:XAUUSD,2020-04-16T07:29:00+02:00,1715.100,1715.100,1714.790,1714.930,14
SQ:XAUUSD,2020-04-16T07:30:00+02:00,1714.870,1715.040,1714.120,1714.290,68
SQ:XAUUSD,2020-04-16T07:31:00+02:00,1714.290,1714.630,1714.240,1714.530,42
SQ:XAUUSD,2020-04-16T07:32:00+02:00,1714.540,1714.890,1714.420,1714.680,27
SQ:XAUUSD,2020-04-16T07:33:00+02:00,1714.680,1714.810,1714.450,1714.540,31
SQ:XAUUSD,2020-04-16T07:34:00+02:00,1714.500,1715.180,1714.410,1714.790,29
SQ:XAUUSD,2020-04-16T07:35:00+02:00,1715.430,1715.500,1714.410,1715.310,44
SQ:XAUUSD,2020-04-16T07:36:00+02:00,1715.310,1715.580,1714.590,1714.810,57
SQ:XAUUSD,2020-04-16T07:37:00+02:00,1714.810,1714.980,1714.180,1714.664,60
SQ:XAUUSD,2020-04-16T07:38:00+02:00,1714.664,1714.962,1714.332,1714.562,61
SQ:XAUUSD,2020-04-16T07:39:00+02:00,1714.562,1715.020,1714.512,1714.750,43
SQ:XAUUSD,2020-04-16T07:40:00+02:00,1714.870,1715.170,1714.840,1715.010,16
SQ:XAUUSD,2020-04-16T07:41:00+02:00,1715.010,1715.280,1714.340,1714.340,58
SQ:XAUUSD,2020-04-16T07:42:00+02:00,1714.310,1715.350,1714.310,1715.180,66
SQ:XAUUSD,2020-04-16T07:43:00+02:00,1715.180,1715.560,1715.050,1715.320,57
SQ:XAUUSD,2020-04-16T07:44:00+02:00,1715.270,1715.460,1715.100,1715.100,52
SQ:XAUUSD,2020-04-16T07:45:00+02:00,1715.230,1715.510,1715.090,1715.340,37
SQ:XAUUSD,2020-04-16T07:46:00+02:00,1715.330,1715.630,1715.290,1715.420,32
SQ:XAUUSD,2020-04-16T07:47:00+02:00,1715.360,1716.120,1715.360,1715.730,29
SQ:XAUUSD,2020-04-16T07:48:00+02:00,1715.750,1716.400,1715.050,1716.260,50
SQ:XAUUSD,2020-04-16T07:49:00+02:00,1715.060,1716.250,1714.970,1715.330,36
SQ:XAUUSD,2020-04-16T07:50:00+02:00,1715.330,1716.320,1715.020,1715.200,45
SQ:XAUUSD,2020-04-16T07:51:00+02:00,1715.200,1715.610,1714.540,1714.540,64
SQ:XAUUSD,2020-04-16T07:52:00+02:00,1714.532,1715.000,1714.532,1714.880,34
SQ:XAUUSD,2020-04-16T07:53:00+02:00,1714.880,1715.120,1714.730,1714.780,29
SQ:XAUUSD,2020-04-16T07:54:00+02:00,1714.780,1715.330,1714.780,1714.790,45
SQ:XAUUSD,2020-04-16T07:55:00+02:00,1714.930,1715.260,1714.620,1715.190,73
SQ:XAUUSD,2020-04-16T07:56:00+02:00,1715.190,1716.110,1715.100,1715.780,73
SQ:XAUUSD,2020-04-16T07:57:00+02:00,1715.780,1715.910,1714.130,1714.590,52
SQ:XAUUSD,2020-04-16T07:58:00+02:00,1714.720,1714.780,1714.360,1714.360,21
SQ:XAUUSD,2020-04-16T07:59:00+02:00,1714.360,1715.240,1714.360,1714.600,60
SQ:XAUUSD,2020-04-16T08:00:00+02:00,1714.590,1715.900,1714.430,1714.850,177
SQ:XAUUSD,2020-04-16T08:01:00+02:00,1714.810,1714.900,1713.900,1714.000,110
SQ:XAUUSD,2020-04-16T08:02:00+02:00,1713.900,1714.600,1713.450,1713.750,68
SQ:XAUUSD,2020-04-16T08:03:00+02:00,1713.760,1714.370,1713.760,1714.360,52
SQ:XAUUSD,2020-04-16T08:04:00+02:00,1714.370,1715.000,1713.930,1714.190,75
SQ:XAUUSD,2020-04-16T08:05:00+02:00,1714.220,1715.390,1714.040,1715.120,78
SQ:XAUUSD,2020-04-16T08:06:00+02:00,1715.120,1716.060,1713.810,1716.060,72
SQ:XAUUSD,2020-04-16T08:07:00+02:00,1716.060,1716.880,1715.400,1715.520,88
SQ:XAUUSD,2020-04-16T08:08:00+02:00,1715.520,1716.080,1715.160,1715.330,64
SQ:XAUUSD,2020-04-16T08:09:00+02:00,1715.330,1716.280,1714.710,1716.020,62
SQ:XAUUSD,2020-04-16T08:10:00+02:00,1716.050,1717.700,1716.050,1717.010,97
SQ:XAUUSD,2020-04-16T08:11:00+02:00,1717.040,1717.670,1716.410,1716.770,93
SQ:XAUUSD,2020-04-16T08:12:00+02:00,1716.560,1718.900,1716.540,1717.816,138
SQ:XAUUSD,2020-04-16T08:13:00+02:00,1717.810,1719.290,1717.210,1717.760,125
SQ:XAUUSD,2020-04-16T08:14:00+02:00,1717.830,1719.260,1717.510,1717.630,124
SQ:XAUUSD,2020-04-16T08:15:00+02:00,1717.690,1720.410,1717.610,1719.390,215
SQ:XAUUSD,2020-04-16T08:16:00+02:00,1719.390,1720.712,1719.140,1719.750,120
SQ:XAUUSD,2020-04-16T08:17:00+02:00,1719.750,1722.420,1718.920,1721.320,131
SQ:XAUUSD,2020-04-16T08:18:00+02:00,1721.330,1721.930,1720.460,1721.560,177
SQ:XAUUSD,2020-04-16T08:19:00+02:00,1721.560,1721.560,1717.870,1718.500,169
SQ:XAUUSD,2020-04-16T08:20:00+02:00,1718.330,1719.250,1718.130,1719.250,182
SQ:XAUUSD,2020-04-16T08:21:00+02:00,1719.250,1719.740,1718.160,1719.680,110
SQ:XAUUSD,2020-04-16T08:22:00+02:00,1719.680,1720.180,1718.730,1719.320,73
SQ:XAUUSD,2020-04-16T08:23:00+02:00,1719.410,1719.520,1718.250,1718.360,60
SQ:XAUUSD,2020-04-16T08:24:00+02:00,1718.360,1718.650,1717.850,1718.506,94
SQ:XAUUSD,2020-04-16T08:25:00+02:00,1718.506,1718.970,1718.490,1718.930,56
SQ:XAUUSD,2020-04-16T08:26:00+02:00,1718.930,1718.970,1718.498,1718.860,54
SQ:XAUUSD,2020-04-16T08:27:00+02:00,1718.880,1719.170,1718.310,1718.660,116
SQ:XAUUSD,2020-04-16T08:28:00+02:00,1718.660,1719.070,1718.660,1718.890,43
SQ:XAUUSD,2020-04-16T08:29:00+02:00,1718.760,1719.790,1718.580,1719.220,140
SQ:XAUUSD,2020-04-16T08:30:00+02:00,1719.010,1720.240,1719.010,1719.940,178
SQ:XAUUSD,2020-04-16T08:31:00+02:00,1719.940,1720.600,1719.900,1720.140,160
SQ:XAUUSD,2020-04-16T08:32:00+02:00,1720.140,1721.200,1719.900,1719.900,106
SQ:XAUUSD,2020-04-16T08:33:00+02:00,1719.900,1721.210,1719.670,1720.650,153
SQ:XAUUSD,2020-04-16T08:34:00+02:00,1720.650,1721.056,1720.010,1720.260,90
SQ:XAUUSD,2020-04-16T08:35:00+02:00,1720.260,1721.260,1720.260,1721.100,119
SQ:XAUUSD,2020-04-16T08:36:00+02:00,1720.860,1721.150,1719.956,1720.370,98
SQ:XAUUSD,2020-04-16T08:37:00+02:00,1720.530,1721.230,1720.240,1720.340,68
SQ:XAUUSD,2020-04-16T08:38:00+02:00,1720.340,1721.320,1719.590,1720.978,141
SQ:XAUUSD,2020-04-16T08:39:00+02:00,1720.960,1721.420,1719.920,1719.970,46
SQ:XAUUSD,2020-04-16T08:40:00+02:00,1719.970,1721.460,1719.810,1721.360,48
SQ:XAUUSD,2020-04-16T08:41:00+02:00,1721.360,1721.650,1721.250,1721.560,44
SQ:XAUUSD,2020-04-16T08:42:00+02:00,1721.560,1721.910,1721.030,1721.810,69
SQ:XAUUSD,2020-04-16T08:43:00+02:00,1721.810,1722.660,1721.410,1722.310,98
SQ:XAUUSD,2020-04-16T08:44:00+02:00,1722.310,1723.410,1722.160,1722.250,90
SQ:XAUUSD,2020-04-16T08:45:00+02:00,1723.010,1723.310,1721.660,1721.810,111
SQ:XAUUSD,2020-04-16T08:46:00+02:00,1721.810,1722.860,1721.380,1722.010,92
SQ:XAUUSD,2020-04-16T08:47:00+02:00,1722.010,1722.360,1721.820,1722.220,78
SQ:XAUUSD,2020-04-16T08:48:00+02:00,1722.240,1723.010,1722.050,1722.360,88
SQ:XAUUSD,2020-04-16T08:49:00+02:00,1722.360,1723.270,1721.020,1722.000,118
SQ:XAUUSD,2020-04-16T08:50:00+02:00,1722.000,1722.060,1721.120,1721.530,66
SQ:XAUUSD,2020-04-16T08:51:00+02:00,1721.530,1722.580,1721.320,1722.280,42
SQ:XAUUSD,2020-04-16T08:52:00+02:00,1722.280,1722.280,1720.880,1721.340,87
SQ:XAUUSD,2020-04-16T08:53:00+02:00,1721.340,1721.490,1720.270,1720.660,90
SQ:XAUUSD,2020-04-16T08:54:00+02:00,1720.660,1722.380,1720.570,1721.640,130
SQ:XAUUSD,2020-04-16T08:55:00+02:00,1721.630,1722.628,1720.800,1722.090,76
SQ:XAUUSD,2020-04-16T08:56:00+02:00,1722.090,1722.210,1721.300,1721.620,125
SQ:XAUUSD,2020-04-16T08:57:00+02:00,1721.620,1722.110,1721.330,1721.640,92
SQ:XAUUSD,2020-04-16T08:58:00+02:00,1721.640,1722.180,1720.690,1720.810,92
SQ:XAUUSD,2020-04-16T08:59:00+02:00,1720.810,1721.860,1720.780,1721.390,155
SQ:XAUUSD,2020-04-16T09:00:00+02:00,1721.530,1722.720,1721.310,1722.290,221
SQ:XAUUSD,2020-04-16T09:01:00+02:00,1722.310,1722.890,1721.870,1722.100,231
SQ:XAUUSD,2020-04-16T09:02:00+02:00,1722.130,1724.570,1722.090,1724.140,220
SQ:XAUUSD,2020-04-16T09:03:00+02:00,1724.140,1724.940,1721.800,1722.240,220
SQ:XAUUSD,2020-04-16T09:04:00+02:00,1722.240,1722.930,1721.970,1722.270,111
SQ:XAUUSD,2020-04-16T09:05:00+02:00,1722.270,1722.880,1722.160,1722.490,127
SQ:XAUUSD,2020-04-16T09:06:00+02:00,1722.500,1722.810,1721.650,1721.800,144
SQ:XAUUSD,2020-04-16T09:07:00+02:00,1721.800,1722.280,1719.230,1722.120,331
SQ:XAUUSD,2020-04-16T09:08:00+02:00,1722.110,1723.210,1720.918,1721.626,183
SQ:XAUUSD,2020-04-16T09:09:00+02:00,1721.610,1723.410,1721.330,1722.730,196
SQ:XAUUSD,2020-04-16T09:10:00+02:00,1722.710,1723.890,1722.060,1722.820,185
SQ:XAUUSD,2020-04-16T09:11:00+02:00,1722.470,1723.060,1722.120,1722.480,121
SQ:XAUUSD,2020-04-16T09:12:00+02:00,1722.420,1723.480,1722.070,1723.470,85
SQ:XAUUSD,2020-04-16T09:13:00+02:00,1723.470,1724.160,1722.730,1722.940,92
SQ:XAUUSD,2020-04-16T09:14:00+02:00,1722.940,1723.170,1722.120,1722.390,79
SQ:XAUUSD,2020-04-16T09:15:00+02:00,1722.390,1723.080,1721.840,1722.610,140
SQ:XAUUSD,2020-04-16T09:16:00+02:00,1722.610,1723.340,1722.490,1723.060,145
SQ:XAUUSD,2020-04-16T09:17:00+02:00,1723.050,1724.390,1722.690,1723.800,107
SQ:XAUUSD,2020-04-16T09:18:00+02:00,1723.800,1724.870,1723.150,1724.360,130
SQ:XAUUSD,2020-04-16T09:19:00+02:00,1724.360,1725.300,1723.840,1724.730,210
SQ:XAUUSD,2020-04-16T09:20:00+02:00,1724.730,1725.070,1722.930,1723.390,136
SQ:XAUUSD,2020-04-16T09:21:00+02:00,1723.430,1723.760,1723.100,1723.510,80
SQ:XAUUSD,2020-04-16T09:22:00+02:00,1723.450,1723.500,1722.670,1722.880,102
SQ:XAUUSD,2020-04-16T09:23:00+02:00,1722.890,1723.920,1722.460,1723.760,121
SQ:XAUUSD,2020-04-16T09:24:00+02:00,1723.760,1724.510,1722.480,1722.830,128
SQ:XAUUSD,2020-04-16T09:25:00+02:00,1722.830,1723.420,1721.010,1721.410,216
SQ:XAUUSD,2020-04-16T09:26:00+02:00,1721.490,1722.440,1721.230,1722.240,136
SQ:XAUUSD,2020-04-16T09:27:00+02:00,1722.290,1722.660,1721.960,1722.200,169
SQ:XAUUSD,2020-04-16T09:28:00+02:00,1722.200,1723.140,1722.150,1722.740,97
SQ:XAUUSD,2020-04-16T09:29:00+02:00,1722.740,1723.230,1722.280,1722.420,93
SQ:XAUUSD,2020-04-16T09:30:00+02:00,1722.430,1722.980,1721.300,1722.270,178
SQ:XAUUSD,2020-04-16T09:31:00+02:00,1722.260,1722.900,1721.690,1721.690,180
SQ:XAUUSD,2020-04-16T09:32:00+02:00,1721.690,1722.600,1721.180,1722.170,187
SQ:XAUUSD,2020-04-16T09:33:00+02:00,1721.940,1722.450,1721.820,1722.000,163
SQ:XAUUSD,2020-04-16T09:34:00+02:00,1722.000,1722.550,1721.220,1722.320,110
SQ:XAUUSD,2020-04-16T09:35:00+02:00,1722.320,1723.340,1722.320,1723.130,87
SQ:XAUUSD,2020-04-16T09:36:00+02:00,1723.050,1723.290,1722.520,1723.150,86
SQ:XAUUSD,2020-04-16T09:37:00+02:00,1723.110,1723.110,1722.040,1722.130,85
SQ:XAUUSD,2020-04-16T09:38:00+02:00,1722.130,1722.140,1721.510,1721.860,86
SQ:XAUUSD,2020-04-16T09:39:00+02:00,1721.900,1722.660,1721.480,1721.580,84
SQ:XAUUSD,2020-04-16T09:40:00+02:00,1721.590,1722.520,1721.250,1722.200,116
SQ:XAUUSD,2020-04-16T09:41:00+02:00,1722.170,1722.570,1721.640,1722.250,94
SQ:XAUUSD,2020-04-16T09:42:00+02:00,1722.250,1722.750,1721.630,1722.420,87
SQ:XAUUSD,2020-04-16T09:43:00+02:00,1722.360,1722.410,1722.050,1722.400,37
SQ:XAUUSD,2020-04-16T09:44:00+02:00,1722.400,1722.690,1721.570,1721.680,84
SQ:XAUUSD,2020-04-16T09:45:00+02:00,1721.680,1722.230,1721.670,1721.780,26
SQ:XAUUSD,2020-04-16T09:46:00+02:00,1721.810,1722.700,1721.560,1722.450,57
SQ:XAUUSD,2020-04-16T09:47:00+02:00,1722.380,1722.890,1721.830,1721.880,73
SQ:XAUUSD,2020-04-16T09:48:00+02:00,1721.880,1722.360,1721.420,1722.260,59
SQ:XAUUSD,2020-04-16T09:49:00+02:00,1722.760,1723.310,1722.510,1722.910,53
SQ:XAUUSD,2020-04-16T09:50:00+02:00,1722.910,1723.630,1722.910,1723.260,49
SQ:XAUUSD,2020-04-16T09:51:00+02:00,1723.210,1723.910,1723.210,1723.410,69
SQ:XAUUSD,2020-04-16T09:52:00+02:00,1723.410,1723.710,1723.010,1723.550,53
SQ:XAUUSD,2020-04-16T09:53:00+02:00,1723.550,1723.700,1723.330,1723.610,12
SQ:XAUUSD,2020-04-16T09:54:00+02:00,1723.610,1724.560,1723.460,1723.610,44
SQ:XAUUSD,2020-04-16T09:55:00+02:00,1723.610,1724.550,1723.340,1723.860,56
SQ:XAUUSD,2020-04-16T09:56:00+02:00,1723.860,1724.010,1723.100,1723.350,44
SQ:XAUUSD,2020-04-16T09:57:00+02:00,1723.350,1723.370,1722.260,1722.310,178
SQ:XAUUSD,2020-04-16T09:58:00+02:00,1722.310,1722.580,1721.610,1722.440,58
SQ:XAUUSD,2020-04-16T09:59:00+02:00,1722.400,1722.770,1722.290,1722.450,48
SQ:XAUUSD,2020-04-16T10:00:00+02:00,1722.450,1722.960,1720.660,1720.910,85
SQ:XAUUSD,2020-04-16T10:01:00+02:00,1720.910,1721.360,1719.260,1719.260,118
SQ:XAUUSD,2020-04-16T10:02:00+02:00,1719.160,1720.810,1719.160,1720.790,96
SQ:XAUUSD,2020-04-16T10:03:00+02:00,1720.790,1721.610,1720.650,1721.090,65
SQ:XAUUSD,2020-04-16T10:04:00+02:00,1721.090,1721.850,1720.900,1721.380,120
SQ:XAUUSD,2020-04-16T10:05:00+02:00,1721.390,1721.500,1720.570,1720.610,91
SQ:XAUUSD,2020-04-16T10:06:00+02:00,1720.620,1721.260,1720.590,1721.190,38
SQ:XAUUSD,2020-04-16T10:07:00+02:00,1721.190,1722.380,1721.190,1721.970,117
SQ:XAUUSD,2020-04-16T10:08:00+02:00,1721.970,1722.110,1720.960,1721.590,112
SQ:XAUUSD,2020-04-16T10:09:00+02:00,1721.590,1722.380,1721.310,1721.310,88
SQ:XAUUSD,2020-04-16T10:10:00+02:00,1721.360,1721.830,1721.360,1721.630,66
SQ:XAUUSD,2020-04-16T10:11:00+02:00,1721.600,1722.260,1721.570,1722.170,34
SQ:XAUUSD,2020-04-16T10:12:00+02:00,1722.180,1722.660,1722.170,1722.510,42
SQ:XAUUSD,2020-04-16T10:13:00+02:00,1722.510,1722.560,1721.920,1722.010,29
SQ:XAUUSD,2020-04-16T10:14:00+02:00,1722.010,1722.310,1722.010,1722.210,15
SQ:XAUUSD,2020-04-16T10:15:00+02:00,1722.160,1722.660,1721.960,1722.660,37
SQ:XAUUSD,2020-04-16T10:16:00+02:00,1722.590,1722.830,1722.510,1722.790,30
SQ:XAUUSD,2020-04-16T10:17:00+02:00,1722.780,1723.230,1722.780,1722.970,45
SQ:XAUUSD,2020-04-16T10:18:00+02:00,1722.960,1723.420,1722.750,1723.230,49
SQ:XAUUSD,2020-04-16T10:19:00+02:00,1723.240,1723.300,1722.950,1723.050,44
SQ:XAUUSD,2020-04-16T10:20:00+02:00,1722.960,1723.260,1722.620,1722.830,67
SQ:XAUUSD,2020-04-16T10:21:00+02:00,1722.830,1723.010,1721.960,1722.010,77
SQ:XAUUSD,2020-04-16T10:22:00+02:00,1722.010,1722.360,1722.010,1722.110,30
SQ:XAUUSD,2020-04-16T10:23:00+02:00,1722.110,1722.110,1720.990,1721.010,30
SQ:XAUUSD,2020-04-16T10:24:00+02:00,1721.010,1721.410,1720.610,1721.220,101
SQ:XAUUSD,2020-04-16T10:25:00+02:00,1721.270,1721.760,1721.150,1721.570,50
SQ:XAUUSD,2020-04-16T10:26:00+02:00,1721.620,1721.940,1721.590,1721.870,41
SQ:XAUUSD,2020-04-16T10:27:00+02:00,1721.870,1722.090,1721.510,1721.590,54
SQ:XAUUSD,2020-04-16T10:28:00+02:00,1721.590,1721.850,1721.000,1721.200,113
SQ:XAUUSD,2020-04-16T10:29:00+02:00,1721.240,1721.480,1720.760,1721.080,163
SQ:XAUUSD,2020-04-16T10:30:00+02:00,1721.080,1722.830,1721.080,1722.720,102
SQ:XAUUSD,2020-04-16T10:31:00+02:00,1722.780,1722.950,1722.170,1722.950,61
SQ:XAUUSD,2020-04-16T10:32:00+02:00,1722.990,1722.990,1722.270,1722.340,105
SQ:XAUUSD,2020-04-16T10:33:00+02:00,1722.320,1723.690,1722.180,1722.810,132
SQ:XAUUSD,2020-04-16T10:34:00+02:00,1722.810,1723.100,1722.500,1722.740,77
SQ:XAUUSD,2020-04-16T10:35:00+02:00,1722.800,1723.750,1722.800,1723.510,143
SQ:XAUUSD,2020-04-16T10:36:00+02:00,1723.620,1723.740,1722.870,1723.410,77
SQ:XAUUSD,2020-04-16T10:37:00+02:00,1723.410,1723.460,1722.410,1722.550,54
SQ:XAUUSD,2020-04-16T10:38:00+02:00,1722.510,1723.180,1722.360,1722.630,92
SQ:XAUUSD,2020-04-16T10:39:00+02:00,1722.860,1723.770,1722.430,1722.700,89
SQ:XAUUSD,2020-04-16T10:40:00+02:00,1722.850,1723.250,1722.330,1722.810,77
SQ:XAUUSD,2020-04-16T10:41:00+02:00,1722.810,1723.400,1722.590,1722.860,80
SQ:XAUUSD,2020-04-16T10:42:00+02:00,1722.860,1723.320,1721.760,1722.450,279
SQ:XAUUSD,2020-04-16T10:43:00+02:00,1722.550,1722.560,1721.910,1722.150,362
SQ:XAUUSD,2020-04-16T10:44:00+02:00,1722.060,1722.930,1721.990,1722.570,142
SQ:XAUUSD,2020-04-16T10:45:00+02:00,1722.570,1723.970,1722.570,1723.430,145
SQ:XAUUSD,2020-04-16T10:46:00+02:00,1723.490,1724.100,1723.310,1723.510,76
SQ:XAUUSD,2020-04-16T10:47:00+02:00,1723.510,1723.650,1721.960,1722.910,165
SQ:XAUUSD,2020-04-16T10:48:00+02:00,1722.910,1723.710,1722.170,1723.100,87
SQ:XAUUSD,2020-04-16T10:49:00+02:00,1723.060,1723.230,1722.280,1722.910,42
SQ:XAUUSD,2020-04-16T10:50:00+02:00,1722.910,1723.690,1722.520,1723.490,57
SQ:XAUUSD,2020-04-16T10:51:00+02:00,1723.560,1723.590,1722.410,1722.410,39
SQ:XAUUSD,2020-04-16T10:52:00+02:00,1722.410,1723.690,1721.930,1723.440,164
SQ:XAUUSD,2020-04-16T10:53:00+02:00,1723.640,1724.080,1723.250,1723.610,154
SQ:XAUUSD,2020-04-16T10:54:00+02:00,1723.610,1723.610,1722.100,1722.160,145
SQ:XAUUSD,2020-04-16T10:55:00+02:00,1722.120,1722.860,1721.990,1722.540,186
SQ:XAUUSD,2020-04-16T10:56:00+02:00,1722.510,1722.810,1722.310,1722.770,141
SQ:XAUUSD,2020-04-16T10:57:00+02:00,1722.810,1723.100,1721.600,1722.960,145
SQ:XAUUSD,2020-04-16T10:58:00+02:00,1722.960,1723.480,1721.800,1723.360,198
SQ:XAUUSD,2020-04-16T10:59:00+02:00,1723.360,1724.010,1722.060,1723.100,154
SQ:XAUUSD,2020-04-16T11:00:00+02:00,1723.100,1723.380,1722.190,1722.500,130
SQ:XAUUSD,2020-04-16T11:01:00+02:00,1722.500,1723.010,1722.300,1722.450,86
SQ:XAUUSD,2020-04-16T11:02:00+02:00,1722.450,1723.230,1722.100,1722.140,98
SQ:XAUUSD,2020-04-16T11:03:00+02:00,1722.230,1723.090,1721.620,1722.300,137
SQ:XAUUSD,2020-04-16T11:04:00+02:00,1722.340,1722.460,1721.980,1722.220,72
SQ:XAUUSD,2020-04-16T11:05:00+02:00,1722.180,1722.900,1722.150,1722.490,108
SQ:XAUUSD,2020-04-16T11:06:00+02:00,1722.490,1722.950,1722.340,1722.770,73
SQ:XAUUSD,2020-04-16T11:07:00+02:00,1722.800,1723.490,1722.520,1722.520,94
SQ:XAUUSD,2020-04-16T11:08:00+02:00,1722.480,1723.410,1722.480,1722.740,43
SQ:XAUUSD,2020-04-16T11:09:00+02:00,1722.740,1723.510,1722.740,1723.300,61
SQ:XAUUSD,2020-04-16T11:10:00+02:00,1723.270,1724.040,1722.990,1724.030,61
SQ:XAUUSD,2020-04-16T11:11:00+02:00,1724.030,1724.040,1723.400,1723.400,49
SQ:XAUUSD,2020-04-16T11:12:00+02:00,1723.350,1724.450,1722.990,1724.450,70
SQ:XAUUSD,2020-04-16T11:13:00+02:00,1724.300,1724.450,1723.300,1723.600,138
SQ:XAUUSD,2020-04-16T11:14:00+02:00,1723.600,1723.600,1722.280,1722.280,114
SQ:XAUUSD,2020-04-16T11:15:00+02:00,1722.400,1723.560,1722.310,1722.690,74
SQ:XAUUSD,2020-04-16T11:16:00+02:00,1722.690,1723.560,1722.130,1722.980,142
SQ:XAUUSD,2020-04-16T11:17:00+02:00,1723.000,1723.270,1722.790,1722.910,60
SQ:XAUUSD,2020-04-16T11:18:00+02:00,1722.880,1723.216,1722.640,1722.640,35
SQ:XAUUSD,2020-04-16T11:19:00+02:00,1722.640,1723.460,1722.640,1723.130,102
SQ:XAUUSD,2020-04-16T11:20:00+02:00,1723.130,1723.220,1722.350,1722.810,134
SQ:XAUUSD,2020-04-16T11:21:00+02:00,1722.810,1723.080,1721.740,1722.540,64
SQ:XAUUSD,2020-04-16T11:22:00+02:00,1722.540,1723.200,1722.430,1722.450,48
SQ:XAUUSD,2020-04-16T11:23:00+02:00,1722.450,1722.880,1722.420,1722.860,41
SQ:XAUUSD,2020-04-16T11:24:00+02:00,1722.890,1723.340,1722.360,1722.650,146
SQ:XAUUSD,2020-04-16T11:25:00+02:00,1722.650,1723.430,1722.330,1722.410,197
SQ:XAUUSD,2020-04-16T11:26:00+02:00,1722.410,1723.546,1722.390,1722.580,177
SQ:XAUUSD,2020-04-16T11:27:00+02:00,1722.580,1723.180,1721.530,1722.620,78
SQ:XAUUSD,2020-04-16T11:28:00+02:00,1722.620,1723.010,1721.800,1722.600,115
SQ:XAUUSD,2020-04-16T11:29:00+02:00,1722.670,1723.450,1721.230,1721.350,357
SQ:XAUUSD,2020-04-16T11:30:00+02:00,1721.100,1721.450,1719.220,1720.350,162
SQ:XAUUSD,2020-04-16T11:31:00+02:00,1720.410,1721.600,1718.890,1720.300,208
SQ:XAUUSD,2020-04-16T11:32:00+02:00,1720.530,1722.010,1720.220,1720.640,175
SQ:XAUUSD,2020-04-16T11:33:00+02:00,1720.640,1721.480,1719.780,1720.550,116
SQ:XAUUSD,2020-04-16T11:34:00+02:00,1720.770,1721.670,1720.540,1721.030,267
SQ:XAUUSD,2020-04-16T11:35:00+02:00,1721.030,1721.180,1720.650,1720.830,74
SQ:XAUUSD,2020-04-16T11:36:00+02:00,1720.920,1722.010,1720.760,1721.090,88
SQ:XAUUSD,2020-04-16T11:37:00+02:00,1721.090,1721.160,1720.240,1720.750,166
SQ:XAUUSD,2020-04-16T11:38:00+02:00,1720.750,1721.150,1719.980,1720.350,140
SQ:XAUUSD,2020-04-16T11:39:00+02:00,1720.380,1721.160,1720.180,1720.680,137
SQ:XAUUSD,2020-04-16T11:40:00+02:00,1720.680,1721.140,1719.950,1720.120,211
SQ:XAUUSD,2020-04-16T11:41:00+02:00,1720.120,1720.450,1719.790,1720.300,63
SQ:XAUUSD,2020-04-16T11:42:00+02:00,1720.300,1721.500,1720.300,1721.270,64
SQ:XAUUSD,2020-04-16T11:43:00+02:00,1721.320,1721.460,1720.700,1720.700,185
SQ:XAUUSD,2020-04-16T11:44:00+02:00,1720.700,1720.880,1719.670,1719.980,325
SQ:XAUUSD,2020-04-16T11:45:00+02:00,1719.980,1720.350,1719.280,1719.530,268
SQ:XAUUSD,2020-04-16T11:46:00+02:00,1719.660,1720.420,1719.570,1720.270,49
SQ:XAUUSD,2020-04-16T11:47:00+02:00,1720.270,1720.380,1720.160,1720.320,8
SQ:XAUUSD,2020-04-16T11:48:00+02:00,1720.320,1721.190,1720.320,1720.890,88
SQ:XAUUSD,2020-04-16T11:49:00+02:00,1720.860,1721.000,1720.590,1720.630,70
SQ:XAUUSD,2020-04-16T11:50:00+02:00,1720.660,1721.040,1720.620,1720.960,172
SQ:XAUUSD,2020-04-16T11:51:00+02:00,1720.920,1720.960,1720.150,1720.150,128
SQ:XAUUSD,2020-04-16T11:52:00+02:00,1720.340,1721.060,1720.080,1720.860,197
SQ:XAUUSD,2020-04-16T11:53:00+02:00,1720.820,1720.820,1719.890,1720.240,112
SQ:XAUUSD,2020-04-16T11:54:00+02:00,1720.340,1721.200,1720.180,1720.900,119
SQ:XAUUSD,2020-04-16T11:55:00+02:00,1720.900,1721.740,1720.900,1721.220,347
SQ:XAUUSD,2020-04-16T11:56:00+02:00,1721.220,1721.590,1721.090,1721.590,423
SQ:XAUUSD,2020-04-16T11:57:00+02:00,1721.500,1721.960,1721.060,1721.270,280
SQ:XAUUSD,2020-04-16T11:58:00+02:00,1721.180,1721.570,1721.180,1721.490,193
SQ:XAUUSD,2020-04-16T11:59:00+02:00,1721.490,1722.580,1721.490,1722.490,83
SQ:XAUUSD,2020-04-16T12:00:00+02:00,1722.490,1723.060,1721.960,1722.590,203
SQ:XAUUSD,2020-04-16T12:01:00+02:00,1722.590,1722.670,1722.140,1722.290,76
SQ:XAUUSD,2020-04-16T12:02:00+02:00,1722.290,1722.990,1721.770,1722.200,99
SQ:XAUUSD,2020-04-16T12:03:00+02:00,1722.200,1722.200,1721.940,1721.990,31
SQ:XAUUSD,2020-04-16T12:04:00+02:00,1721.990,1722.440,1721.890,1721.890,42
SQ:XAUUSD,2020-04-16T12:05:00+02:00,1721.890,1722.380,1721.790,1722.200,35
SQ:XAUUSD,2020-04-16T12:06:00+02:00,1722.200,1722.380,1721.580,1721.780,125
SQ:XAUUSD,2020-04-16T12:07:00+02:00,1721.810,1722.000,1720.600,1721.000,505
SQ:XAUUSD,2020-04-16T12:08:00+02:00,1720.960,1721.230,1720.490,1720.680,444
SQ:XAUUSD,2020-04-16T12:09:00+02:00,1720.680,1721.530,1720.510,1721.090,210
SQ:XAUUSD,2020-04-16T12:10:00+02:00,1721.090,1721.800,1720.950,1721.340,381
SQ:XAUUSD,2020-04-16T12:11:00+02:00,1721.380,1722.380,1721.380,1721.790,159
SQ:XAUUSD,2020-04-16T12:12:00+02:00,1721.820,1722.940,1721.810,1722.580,194
SQ:XAUUSD,2020-04-16T12:13:00+02:00,1722.490,1723.110,1721.870,1722.670,351
SQ:XAUUSD,2020-04-16T12:14:00+02:00,1722.670,1723.840,1722.640,1722.960,231
SQ:XAUUSD,2020-04-16T12:15:00+02:00,1722.820,1724.030,1722.760,1723.820,409
SQ:XAUUSD,2020-04-16T12:16:00+02:00,1723.820,1724.660,1723.230,1724.260,122
SQ:XAUUSD,2020-04-16T12:17:00+02:00,1724.260,1724.930,1723.570,1724.670,121
SQ:XAUUSD,2020-04-16T12:18:00+02:00,1724.670,1724.720,1722.920,1723.060,69
SQ:XAUUSD,2020-04-16T12:19:00+02:00,1723.060,1723.980,1722.360,1723.330,98
SQ:XAUUSD,2020-04-16T12:20:00+02:00,1723.330,1723.680,1723.330,1723.580,30
SQ:XAUUSD,2020-04-16T12:21:00+02:00,1723.580,1724.130,1722.710,1723.170,76
SQ:XAUUSD,2020-04-16T12:22:00+02:00,1723.140,1724.630,1723.100,1724.630,35
SQ:XAUUSD,2020-04-16T12:23:00+02:00,1724.680,1724.740,1723.150,1723.150,78
SQ:XAUUSD,2020-04-16T12:24:00+02:00,1723.150,1723.780,1723.040,1723.580,83
SQ:XAUUSD,2020-04-16T12:25:00+02:00,1723.570,1725.352,1723.320,1724.150,155
SQ:XAUUSD,2020-04-16T12:26:00+02:00,1724.190,1724.310,1723.210,1723.460,129
SQ:XAUUSD,2020-04-16T12:27:00+02:00,1723.460,1723.990,1722.570,1723.680,323
SQ:XAUUSD,2020-04-16T12:28:00+02:00,1723.680,1724.780,1723.680,1723.910,251
SQ:XAUUSD,2020-04-16T12:29:00+02:00,1723.880,1724.010,1723.300,1723.570,276
SQ:XAUUSD,2020-04-16T12:30:00+02:00,1723.610,1724.560,1723.520,1724.260,96
SQ:XAUUSD,2020-04-16T12:31:00+02:00,1724.240,1725.220,1724.140,1724.660,55
SQ:XAUUSD,2020-04-16T12:32:00+02:00,1724.660,1725.150,1723.910,1724.580,184
SQ:XAUUSD,2020-04-16T12:33:00+02:00,1724.620,1724.920,1723.950,1724.380,379
SQ:XAUUSD,2020-04-16T12:34:00+02:00,1724.680,1724.810,1724.050,1724.240,202
SQ:XAUUSD,2020-04-16T12:35:00+02:00,1724.240,1724.520,1723.820,1724.390,170
SQ:XAUUSD,2020-04-16T12:36:00+02:00,1724.390,1724.710,1723.040,1724.240,488
SQ:XAUUSD,2020-04-16T12:37:00+02:00,1724.090,1725.420,1724.090,1725.260,109
SQ:XAUUSD,2020-04-16T12:38:00+02:00,1725.320,1725.650,1724.950,1725.130,98
SQ:XAUUSD,2020-04-16T12:39:00+02:00,1725.130,1725.600,1724.670,1725.400,376
SQ:XAUUSD,2020-04-16T12:40:00+02:00,1725.320,1726.220,1725.000,1725.820,267
SQ:XAUUSD,2020-04-16T12:41:00+02:00,1725.820,1727.290,1725.640,1726.590,128
SQ:XAUUSD,2020-04-16T12:42:00+02:00,1726.590,1727.100,1726.290,1726.510,182
SQ:XAUUSD,2020-04-16T12:43:00+02:00,1726.540,1726.710,1724.860,1725.860,278
SQ:XAUUSD,2020-04-16T12:44:00+02:00,1725.900,1726.370,1725.580,1726.090,311
SQ:XAUUSD,2020-04-16T12:45:00+02:00,1726.100,1726.700,1725.300,1726.610,259
SQ:XAUUSD,2020-04-16T12:46:00+02:00,1726.650,1726.730,1725.580,1725.620,131
SQ:XAUUSD,2020-04-16T12:47:00+02:00,1725.700,1726.770,1725.410,1725.470,136
SQ:XAUUSD,2020-04-16T12:48:00+02:00,1725.400,1726.450,1724.870,1726.050,92
SQ:XAUUSD,2020-04-16T12:49:00+02:00,1726.130,1726.700,1726.000,1726.580,216
SQ:XAUUSD,2020-04-16T12:50:00+02:00,1726.600,1728.380,1726.170,1728.120,238
SQ:XAUUSD,2020-04-16T12:51:00+02:00,1728.210,1728.850,1727.620,1728.540,130
SQ:XAUUSD,2020-04-16T12:52:00+02:00,1728.540,1729.840,1728.490,1729.840,340
SQ:XAUUSD,2020-04-16T12:53:00+02:00,1729.840,1731.180,1729.160,1729.950,231
SQ:XAUUSD,2020-04-16T12:54:00+02:00,1729.900,1731.970,1729.900,1730.250,190
SQ:XAUUSD,2020-04-16T12:55:00+02:00,1730.240,1731.170,1729.630,1731.070,228
SQ:XAUUSD,2020-04-16T12:56:00+02:00,1731.020,1731.710,1730.510,1731.120,199
SQ:XAUUSD,2020-04-16T12:57:00+02:00,1731.200,1732.620,1730.680,1732.530,210
SQ:XAUUSD,2020-04-16T12:58:00+02:00,1732.570,1732.850,1731.892,1731.892,288
SQ:XAUUSD,2020-04-16T12:59:00+02:00,1731.882,1732.750,1731.290,1731.540,212
SQ:XAUUSD,2020-04-16T13:00:00+02:00,1731.540,1732.200,1731.100,1731.560,184
SQ:XAUUSD,2020-04-16T13:01:00+02:00,1731.690,1731.990,1731.180,1731.570,124
SQ:XAUUSD,2020-04-16T13:02:00+02:00,1731.570,1732.010,1731.230,1731.250,137
SQ:XAUUSD,2020-04-16T13:03:00+02:00,1731.240,1731.280,1730.750,1730.750,51
SQ:XAUUSD,2020-04-16T13:04:00+02:00,1730.750,1730.800,1730.210,1730.470,67
SQ:XAUUSD,2020-04-16T13:05:00+02:00,1730.470,1731.210,1729.810,1730.760,210
SQ:XAUUSD,2020-04-16T13:06:00+02:00,1730.780,1730.780,1729.830,1730.290,89
SQ:XAUUSD,2020-04-16T13:07:00+02:00,1730.290,1731.070,1729.490,1730.600,72
SQ:XAUUSD,2020-04-16T13:08:00+02:00,1730.540,1731.040,1730.150,1730.592,187
SQ:XAUUSD,2020-04-16T13:09:00+02:00,1730.592,1731.080,1730.502,1731.050,101
SQ:XAUUSD,2020-04-16T13:10:00+02:00,1731.050,1732.290,1730.220,1731.160,123
SQ:XAUUSD,2020-04-16T13:11:00+02:00,1731.160,1731.590,1730.280,1730.280,77
SQ:XAUUSD,2020-04-16T13:12:00+02:00,1730.280,1731.240,1730.270,1730.960,87
SQ:XAUUSD,2020-04-16T13:13:00+02:00,1730.960,1731.150,1729.630,1730.840,74
SQ:XAUUSD,2020-04-16T13:14:00+02:00,1730.840,1731.610,1730.030,1730.720,74
SQ:XAUUSD,2020-04-16T13:15:00+02:00,1730.660,1731.180,1729.710,1729.930,108
SQ:XAUUSD,2020-04-16T13:16:00+02:00,1730.020,1731.170,1729.840,1731.170,92
SQ:XAUUSD,2020-04-16T13:17:00+02:00,1731.130,1731.570,1730.480,1730.940,130
SQ:XAUUSD,2020-04-16T13:18:00+02:00,1730.940,1731.810,1730.770,1731.380,136
SQ:XAUUSD,2020-04-16T13:19:00+02:00,1731.380,1731.920,1730.750,1731.190,243
SQ:XAUUSD,2020-04-16T13:20:00+02:00,1731.140,1731.420,1729.770,1729.990,231
SQ:XAUUSD,2020-04-16T13:21:00+02:00,1729.990,1730.870,1729.792,1730.570,65
SQ:XAUUSD,2020-04-16T13:22:00+02:00,1730.570,1731.220,1730.402,1730.720,246
SQ:XAUUSD,2020-04-16T13:23:00+02:00,1730.720,1731.170,1730.510,1731.000,169
SQ:XAUUSD,2020-04-16T13:24:00+02:00,1731.000,1731.170,1730.280,1730.820,96
SQ:XAUUSD,2020-04-16T13:25:00+02:00,1730.590,1731.230,1730.500,1730.690,152
SQ:XAUUSD,2020-04-16T13:26:00+02:00,1730.610,1731.290,1730.420,1730.440,167
SQ:XAUUSD,2020-04-16T13:27:00+02:00,1730.440,1731.410,1730.360,1730.400,63
SQ:XAUUSD,2020-04-16T13:28:00+02:00,1730.400,1730.960,1730.332,1730.800,77
SQ:XAUUSD,2020-04-16T13:29:00+02:00,1730.800,1730.950,1730.590,1730.940,24
SQ:XAUUSD,2020-04-16T13:30:00+02:00,1731.110,1731.150,1730.710,1730.970,123
SQ:XAUUSD,2020-04-16T13:31:00+02:00,1730.920,1731.240,1729.630,1730.190,198
SQ:XAUUSD,2020-04-16T13:32:00+02:00,1730.140,1730.810,1729.330,1730.810,368
SQ:XAUUSD,2020-04-16T13:33:00+02:00,1730.820,1731.020,1729.990,1730.240,270
SQ:XAUUSD,2020-04-16T13:34:00+02:00,1730.200,1730.590,1729.640,1730.010,271
SQ:XAUUSD,2020-04-16T13:35:00+02:00,1730.040,1731.630,1730.010,1731.590,207
SQ:XAUUSD,2020-04-16T13:36:00+02:00,1731.610,1732.080,1731.180,1731.180,76
SQ:XAUUSD,2020-04-16T13:37:00+02:00,1731.180,1731.790,1731.160,1731.460,126
SQ:XAUUSD,2020-04-16T13:38:00+02:00,1731.440,1732.070,1731.320,1731.940,158
SQ:XAUUSD,2020-04-16T13:39:00+02:00,1731.920,1731.940,1731.370,1731.590,200
SQ:XAUUSD,2020-04-16T13:40:00+02:00,1731.630,1732.260,1730.000,1732.260,89
SQ:XAUUSD,2020-04-16T13:41:00+02:00,1732.260,1732.790,1731.470,1731.690,127
SQ:XAUUSD,2020-04-16T13:42:00+02:00,1731.650,1731.770,1731.230,1731.720,142
SQ:XAUUSD,2020-04-16T13:43:00+02:00,1731.790,1732.090,1731.450,1731.450,67
SQ:XAUUSD,2020-04-16T13:44:00+02:00,1731.510,1731.880,1731.000,1731.430,334
SQ:XAUUSD,2020-04-16T13:45:00+02:00,1731.290,1731.910,1731.070,1731.630,306
SQ:XAUUSD,2020-04-16T13:46:00+02:00,1731.550,1731.790,1731.390,1731.510,88
SQ:XAUUSD,2020-04-16T13:47:00+02:00,1731.510,1731.710,1731.260,1731.540,249
SQ:XAUUSD,2020-04-16T13:48:00+02:00,1731.540,1731.730,1731.210,1731.670,293
SQ:XAUUSD,2020-04-16T13:49:00+02:00,1731.670,1733.100,1731.670,1732.710,83
SQ:XAUUSD,2020-04-16T13:50:00+02:00,1732.730,1734.540,1732.700,1734.390,307
SQ:XAUUSD,2020-04-16T13:51:00+02:00,1734.310,1734.570,1733.440,1733.720,284
SQ:XAUUSD,2020-04-16T13:52:00+02:00,1733.660,1734.520,1733.450,1734.480,191
SQ:XAUUSD,2020-04-16T13:53:00+02:00,1734.670,1734.810,1733.950,1734.210,220
SQ:XAUUSD,2020-04-16T13:54:00+02:00,1734.210,1734.750,1733.840,1734.610,133
SQ:XAUUSD,2020-04-16T13:55:00+02:00,1734.610,1734.890,1734.260,1734.820,76
SQ:XAUUSD,2020-04-16T13:56:00+02:00,1734.820,1734.970,1734.610,1734.880,75
SQ:XAUUSD,2020-04-16T13:57:00+02:00,1734.880,1735.100,1734.020,1734.170,102
SQ:XAUUSD,2020-04-16T13:58:00+02:00,1734.170,1734.670,1734.000,1734.310,101
SQ:XAUUSD,2020-04-16T13:59:00+02:00,1734.320,1736.800,1734.310,1736.270,298
SQ:XAUUSD,2020-04-16T14:00:00+02:00,1736.270,1737.716,1736.130,1737.160,283
SQ:XAUUSD,2020-04-16T14:01:00+02:00,1737.140,1737.310,1735.870,1735.960,136
SQ:XAUUSD,2020-04-16T14:02:00+02:00,1735.960,1736.690,1735.750,1736.080,119
SQ:XAUUSD,2020-04-16T14:03:00+02:00,1736.080,1736.790,1735.810,1736.460,66
SQ:XAUUSD,2020-04-16T14:04:00+02:00,1736.500,1736.780,1735.450,1736.350,173
SQ:XAUUSD,2020-04-16T14:05:00+02:00,1736.350,1738.140,1736.290,1737.200,163
SQ:XAUUSD,2020-04-16T14:06:00+02:00,1737.230,1737.400,1736.900,1736.980,84
SQ:XAUUSD,2020-04-16T14:07:00+02:00,1736.980,1736.980,1734.710,1736.090,181
SQ:XAUUSD,2020-04-16T14:08:00+02:00,1736.110,1736.110,1735.050,1735.490,147
SQ:XAUUSD,2020-04-16T14:09:00+02:00,1735.290,1736.430,1735.160,1736.270,71
SQ:XAUUSD,2020-04-16T14:10:00+02:00,1736.350,1736.730,1735.740,1735.840,93
SQ:XAUUSD,2020-04-16T14:11:00+02:00,1735.840,1736.420,1735.260,1735.290,82
SQ:XAUUSD,2020-04-16T14:12:00+02:00,1735.570,1736.660,1735.110,1736.492,182
SQ:XAUUSD,2020-04-16T14:13:00+02:00,1736.492,1736.672,1735.840,1736.270,105
SQ:XAUUSD,2020-04-16T14:14:00+02:00,1736.270,1736.642,1735.630,1736.150,137
SQ:XAUUSD,2020-04-16T14:15:00+02:00,1736.150,1737.070,1736.110,1736.340,116
SQ:XAUUSD,2020-04-16T14:16:00+02:00,1736.340,1737.040,1736.150,1736.900,65
SQ:XAUUSD,2020-04-16T14:17:00+02:00,1736.900,1737.100,1736.730,1737.050,69
SQ:XAUUSD,2020-04-16T14:18:00+02:00,1737.030,1737.900,1736.960,1737.260,169
SQ:XAUUSD,2020-04-16T14:19:00+02:00,1737.210,1738.190,1736.580,1736.778,184
SQ:XAUUSD,2020-04-16T14:20:00+02:00,1736.814,1737.010,1735.620,1736.230,208
SQ:XAUUSD,2020-04-16T14:21:00+02:00,1736.230,1736.440,1735.270,1735.450,112
SQ:XAUUSD,2020-04-16T14:22:00+02:00,1735.450,1736.870,1735.450,1736.180,124
SQ:XAUUSD,2020-04-16T14:23:00+02:00,1736.180,1737.622,1736.120,1737.622,116
SQ:XAUUSD,2020-04-16T14:24:00+02:00,1737.588,1738.468,1737.120,1738.258,137
SQ:XAUUSD,2020-04-16T14:25:00+02:00,1738.304,1738.328,1736.320,1736.880,205
SQ:XAUUSD,2020-04-16T14:26:00+02:00,1736.860,1737.520,1736.220,1736.910,128
SQ:XAUUSD,2020-04-16T14:27:00+02:00,1736.960,1737.430,1736.580,1737.430,79
SQ:XAUUSD,2020-04-16T14:28:00+02:00,1737.430,1738.498,1737.040,1737.570,109
SQ:XAUUSD,2020-04-16T14:29:00+02:00,1737.580,1737.688,1736.160,1736.388,141
SQ:XAUUSD,2020-04-16T14:30:00+02:00,1736.388,1737.090,1735.100,1735.710,238
SQ:XAUUSD,2020-04-16T14:31:00+02:00,1735.680,1735.870,1733.370,1734.240,252
SQ:XAUUSD,2020-04-16T14:32:00+02:00,1734.190,1734.190,1729.460,1730.330,300
SQ:XAUUSD,2020-04-16T14:33:00+02:00,1730.240,1730.970,1728.820,1729.610,383
SQ:XAUUSD,2020-04-16T14:34:00+02:00,1729.510,1730.370,1728.810,1730.210,241
SQ:XAUUSD,2020-04-16T14:35:00+02:00,1730.210,1732.260,1729.860,1730.860,241
SQ:XAUUSD,2020-04-16T14:36:00+02:00,1730.860,1732.080,1730.480,1731.080,147
SQ:XAUUSD,2020-04-16T14:37:00+02:00,1731.050,1732.240,1730.446,1732.020,163
SQ:XAUUSD,2020-04-16T14:38:00+02:00,1732.310,1732.480,1730.750,1731.070,243
SQ:XAUUSD,2020-04-16T14:39:00+02:00,1731.076,1731.290,1730.190,1730.420,198
SQ:XAUUSD,2020-04-16T14:40:00+02:00,1730.430,1730.430,1726.390,1726.550,432
SQ:XAUUSD,2020-04-16T14:41:00+02:00,1726.550,1727.140,1725.190,1726.950,275
SQ:XAUUSD,2020-04-16T14:42:00+02:00,1726.780,1727.140,1724.460,1725.828,362
SQ:XAUUSD,2020-04-16T14:43:00+02:00,1725.750,1727.070,1724.900,1726.450,252
SQ:XAUUSD,2020-04-16T14:44:00+02:00,1726.070,1728.840,1726.060,1728.010,324
SQ:XAUUSD,2020-04-16T14:45:00+02:00,1727.960,1728.390,1727.250,1728.270,114
SQ:XAUUSD,2020-04-16T14:46:00+02:00,1728.310,1729.430,1728.060,1728.900,91
SQ:XAUUSD,2020-04-16T14:47:00+02:00,1728.790,1729.900,1728.150,1729.230,111
SQ:XAUUSD,2020-04-16T14:48:00+02:00,1729.230,1729.700,1728.930,1728.930,80
SQ:XAUUSD,2020-04-16T14:49:00+02:00,1728.930,1729.100,1726.140,1726.470,136
SQ:XAUUSD,2020-04-16T14:50:00+02:00,1726.420,1727.590,1724.750,1726.950,228
SQ:XAUUSD,2020-04-16T14:51:00+02:00,1726.950,1726.980,1725.030,1725.030,128
SQ:XAUUSD,2020-04-16T14:52:00+02:00,1725.030,1726.070,1723.740,1723.870,164
SQ:XAUUSD,2020-04-16T14:53:00+02:00,1723.850,1724.840,1723.630,1724.730,136
SQ:XAUUSD,2020-04-16T14:54:00+02:00,1724.770,1725.850,1724.200,1724.450,148
SQ:XAUUSD,2020-04-16T14:55:00+02:00,1724.450,1725.288,1724.420,1724.820,103
SQ:XAUUSD,2020-04-16T14:56:00+02:00,1724.880,1726.510,1724.840,1725.930,125
SQ:XAUUSD,2020-04-16T14:57:00+02:00,1725.800,1725.860,1723.700,1723.910,113
SQ:XAUUSD,2020-04-16T14:58:00+02:00,1723.830,1725.860,1723.710,1724.890,174
SQ:XAUUSD,2020-04-16T14:59:00+02:00,1724.750,1724.900,1723.560,1724.440,239
SQ:XAUUSD,2020-04-16T15:00:00+02:00,1724.440,1724.810,1722.610,1723.890,169
SQ:XAUUSD,2020-04-16T15:01:00+02:00,1723.820,1726.630,1723.810,1725.318,337
SQ:XAUUSD,2020-04-16T15:02:00+02:00,1725.318,1726.650,1724.400,1725.710,228
SQ:XAUUSD,2020-04-16T15:03:00+02:00,1725.830,1726.250,1724.760,1725.250,195
SQ:XAUUSD,2020-04-16T15:04:00+02:00,1725.350,1726.488,1724.310,1724.640,156
SQ:XAUUSD,2020-04-16T15:05:00+02:00,1724.640,1724.990,1723.660,1724.490,309
SQ:XAUUSD,2020-04-16T15:06:00+02:00,1724.490,1725.826,1723.650,1724.350,225
SQ:XAUUSD,2020-04-16T15:07:00+02:00,1724.300,1724.300,1723.040,1723.680,234
SQ:XAUUSD,2020-04-16T15:08:00+02:00,1723.670,1724.240,1723.490,1723.830,91
SQ:XAUUSD,2020-04-16T15:09:00+02:00,1723.830,1724.030,1722.600,1723.730,282
SQ:XAUUSD,2020-04-16T15:10:00+02:00,1723.730,1725.200,1723.210,1723.880,249
SQ:XAUUSD,2020-04-16T15:11:00+02:00,1723.880,1724.806,1723.030,1724.350,160
SQ:XAUUSD,2020-04-16T15:12:00+02:00,1724.360,1724.750,1723.950,1724.120,76
SQ:XAUUSD,2020-04-16T15:13:00+02:00,1724.120,1724.360,1723.790,1723.870,44
SQ:XAUUSD,2020-04-16T15:14:00+02:00,1724.090,1724.090,1722.280,1722.280,130
SQ:XAUUSD,2020-04-16T15:15:00+02:00,1722.280,1724.160,1722.280,1723.930,158
SQ:XAUUSD,2020-04-16T15:16:00+02:00,1723.930,1724.180,1722.550,1722.850,121
SQ:XAUUSD,2020-04-16T15:17:00+02:00,1722.890,1723.590,1722.240,1722.370,142
SQ:XAUUSD,2020-04-16T15:18:00+02:00,1722.370,1723.736,1722.170,1722.970,74
SQ:XAUUSD,2020-04-16T15:19:00+02:00,1722.990,1723.340,1722.350,1722.510,59
SQ:XAUUSD,2020-04-16T15:20:00+02:00,1722.510,1722.790,1717.130,1717.130,282
SQ:XAUUSD,2020-04-16T15:21:00+02:00,1717.180,1719.930,1717.180,1718.890,291
SQ:XAUUSD,2020-04-16T15:22:00+02:00,1718.990,1720.392,1718.320,1719.260,167
SQ:XAUUSD,2020-04-16T15:23:00+02:00,1719.260,1719.750,1718.010,1718.830,206
SQ:XAUUSD,2020-04-16T15:24:00+02:00,1718.830,1719.660,1718.160,1718.690,270
SQ:XAUUSD,2020-04-16T15:25:00+02:00,1718.330,1719.550,1718.030,1719.140,201
SQ:XAUUSD,2020-04-16T15:26:00+02:00,1719.080,1720.000,1718.680,1719.400,93
SQ:XAUUSD,2020-04-16T15:27:00+02:00,1719.400,1719.640,1717.400,1717.840,327
SQ:XAUUSD,2020-04-16T15:28:00+02:00,1717.820,1718.160,1717.040,1717.850,275
SQ:XAUUSD,2020-04-16T15:29:00+02:00,1717.820,1719.490,1717.790,1719.120,195
SQ:XAUUSD,2020-04-16T15:30:00+02:00,1719.120,1720.272,1718.230,1719.780,314
SQ:XAUUSD,2020-04-16T15:31:00+02:00,1719.780,1722.870,1719.480,1721.960,239
SQ:XAUUSD,2020-04-16T15:32:00+02:00,1721.910,1723.050,1721.670,1722.450,217
SQ:XAUUSD,2020-04-16T15:33:00+02:00,1722.560,1722.800,1721.810,1721.860,107
SQ:XAUUSD,2020-04-16T15:34:00+02:00,1721.820,1721.850,1720.110,1720.840,177
SQ:XAUUSD,2020-04-16T15:35:00+02:00,1720.880,1721.690,1719.600,1720.520,257
SQ:XAUUSD,2020-04-16T15:36:00+02:00,1720.730,1722.230,1720.730,1722.040,129
SQ:XAUUSD,2020-04-16T15:37:00+02:00,1722.040,1723.810,1720.866,1723.490,177
SQ:XAUUSD,2020-04-16T15:38:00+02:00,1723.370,1724.296,1722.910,1723.660,185
SQ:XAUUSD,2020-04-16T15:39:00+02:00,1723.660,1725.190,1723.310,1724.400,157
SQ:XAUUSD,2020-04-16T15:40:00+02:00,1724.400,1725.150,1724.020,1724.590,215
SQ:XAUUSD,2020-04-16T15:41:00+02:00,1724.550,1725.980,1724.460,1725.500,148
SQ:XAUUSD,2020-04-16T15:42:00+02:00,1725.540,1726.108,1724.970,1725.074,233
SQ:XAUUSD,2020-04-16T15:43:00+02:00,1725.318,1726.150,1724.190,1726.010,365
SQ:XAUUSD,2020-04-16T15:44:00+02:00,1725.990,1726.950,1725.940,1726.220,372
SQ:XAUUSD,2020-04-16T15:45:00+02:00,1726.200,1729.070,1726.200,1728.960,288
SQ:XAUUSD,2020-04-16T15:46:00+02:00,1728.890,1730.210,1728.610,1729.350,377
SQ:XAUUSD,2020-04-16T15:47:00+02:00,1729.350,1729.574,1727.950,1729.040,283
SQ:XAUUSD,2020-04-16T15:48:00+02:00,1729.030,1729.260,1727.550,1727.650,180
SQ:XAUUSD,2020-04-16T15:49:00+02:00,1727.650,1728.050,1726.500,1726.550,104
SQ:XAUUSD,2020-04-16T15:50:00+02:00,1726.550,1727.000,1723.890,1724.460,147
SQ:XAUUSD,2020-04-16T15:51:00+02:00,1724.460,1725.100,1724.100,1724.160,106
SQ:XAUUSD,2020-04-16T15:52:00+02:00,1724.200,1725.100,1724.150,1724.700,62
SQ:XAUUSD,2020-04-16T15:53:00+02:00,1724.700,1725.000,1724.190,1724.568,82
SQ:XAUUSD,2020-04-16T15:54:00+02:00,1724.598,1724.744,1722.824,1723.370,235
SQ:XAUUSD,2020-04-16T15:55:00+02:00,1723.370,1725.830,1723.370,1725.810,142
SQ:XAUUSD,2020-04-16T15:56:00+02:00,1725.810,1726.360,1725.410,1725.470,108
SQ:XAUUSD,2020-04-16T15:57:00+02:00,1725.470,1726.570,1725.470,1725.958,196
SQ:XAUUSD,2020-04-16T15:58:00+02:00,1725.858,1726.058,1724.088,1724.510,208
SQ:XAUUSD,2020-04-16T15:59:00+02:00,1724.510,1725.100,1724.030,1724.300,142
SQ:XAUUSD,2020-04-16T16:00:00+02:00,1724.370,1728.200,1724.270,1728.190,308
SQ:XAUUSD,2020-04-16T16:01:00+02:00,1728.190,1729.160,1727.800,1728.830,170
SQ:XAUUSD,2020-04-16T16:02:00+02:00,1728.830,1728.940,1727.400,1728.670,281
SQ:XAUUSD,2020-04-16T16:03:00+02:00,1728.670,1729.490,1727.910,1728.160,262
SQ:XAUUSD,2020-04-16T16:04:00+02:00,1728.220,1728.640,1727.100,1727.220,225
SQ:XAUUSD,2020-04-16T16:05:00+02:00,1727.270,1727.750,1726.480,1727.160,370
SQ:XAUUSD,2020-04-16T16:06:00+02:00,1727.260,1728.024,1726.510,1727.930,290
SQ:XAUUSD,2020-04-16T16:07:00+02:00,1727.930,1730.390,1727.540,1729.970,207
SQ:XAUUSD,2020-04-16T16:08:00+02:00,1729.970,1730.620,1729.490,1730.590,224
SQ:XAUUSD,2020-04-16T16:09:00+02:00,1730.590,1730.820,1729.300,1730.170,248
SQ:XAUUSD,2020-04-16T16:10:00+02:00,1730.320,1731.440,1730.030,1730.680,186
SQ:XAUUSD,2020-04-16T16:11:00+02:00,1730.630,1732.800,1730.630,1732.700,133
SQ:XAUUSD,2020-04-16T16:12:00+02:00,1732.700,1732.700,1730.410,1730.510,149
SQ:XAUUSD,2020-04-16T16:13:00+02:00,1730.520,1731.870,1730.410,1730.800,139
SQ:XAUUSD,2020-04-16T16:14:00+02:00,1730.870,1731.430,1730.310,1731.430,101
SQ:XAUUSD,2020-04-16T16:15:00+02:00,1731.430,1732.370,1730.820,1731.380,147
SQ:XAUUSD,2020-04-16T16:16:00+02:00,1731.380,1731.800,1730.350,1730.880,112
SQ:XAUUSD,2020-04-16T16:17:00+02:00,1730.880,1732.280,1730.830,1732.280,96
SQ:XAUUSD,2020-04-16T16:18:00+02:00,1732.280,1733.380,1731.410,1732.810,158
SQ:XAUUSD,2020-04-16T16:19:00+02:00,1732.810,1733.820,1731.440,1733.430,211
SQ:XAUUSD,2020-04-16T16:20:00+02:00,1733.700,1734.100,1732.130,1733.460,180
SQ:XAUUSD,2020-04-16T16:21:00+02:00,1733.460,1733.460,1731.630,1732.470,156
SQ:XAUUSD,2020-04-16T16:22:00+02:00,1732.470,1732.806,1731.520,1731.790,197
SQ:XAUUSD,2020-04-16T16:23:00+02:00,1731.790,1732.210,1731.400,1732.210,102
SQ:XAUUSD,2020-04-16T16:24:00+02:00,1732.210,1733.720,1732.190,1733.308,138
SQ:XAUUSD,2020-04-16T16:25:00+02:00,1733.316,1733.436,1731.248,1731.448,206
SQ:XAUUSD,2020-04-16T16:26:00+02:00,1731.488,1731.760,1730.710,1731.040,498
SQ:XAUUSD,2020-04-16T16:27:00+02:00,1730.820,1731.170,1729.100,1729.470,287
SQ:XAUUSD,2020-04-16T16:28:00+02:00,1729.470,1730.948,1729.330,1729.758,363
SQ:XAUUSD,2020-04-16T16:29:00+02:00,1729.788,1730.208,1728.710,1729.460,177
SQ:XAUUSD,2020-04-16T16:30:00+02:00,1729.460,1730.440,1729.320,1730.440,81
SQ:XAUUSD,2020-04-16T16:31:00+02:00,1730.440,1730.890,1730.030,1730.030,252
SQ:XAUUSD,2020-04-16T16:32:00+02:00,1730.190,1730.210,1728.360,1728.680,399
SQ:XAUUSD,2020-04-16T16:33:00+02:00,1728.680,1729.600,1728.430,1728.600,204
SQ:XAUUSD,2020-04-16T16:34:00+02:00,1728.680,1728.700,1727.480,1727.940,198
SQ:XAUUSD,2020-04-16T16:35:00+02:00,1727.880,1727.970,1727.040,1727.640,207
SQ:XAUUSD,2020-04-16T16:36:00+02:00,1727.590,1728.660,1727.470,1728.110,136
SQ:XAUUSD,2020-04-16T16:37:00+02:00,1728.120,1729.610,1727.490,1729.520,193
SQ:XAUUSD,2020-04-16T16:38:00+02:00,1729.520,1730.750,1729.110,1730.160,136
SQ:XAUUSD,2020-04-16T16:39:00+02:00,1730.160,1730.580,1729.560,1729.670,102
SQ:XAUUSD,2020-04-16T16:40:00+02:00,1729.710,1730.550,1729.710,1730.180,303
SQ:XAUUSD,2020-04-16T16:41:00+02:00,1730.180,1730.840,1729.992,1730.680,314
SQ:XAUUSD,2020-04-16T16:42:00+02:00,1730.650,1731.110,1730.100,1730.470,213
SQ:XAUUSD,2020-04-16T16:43:00+02:00,1730.470,1730.510,1728.950,1729.280,241
SQ:XAUUSD,2020-04-16T16:44:00+02:00,1729.230,1731.080,1728.950,1728.990,291
SQ:XAUUSD,2020-04-16T16:45:00+02:00,1728.990,1729.580,1728.170,1729.300,347
SQ:XAUUSD,2020-04-16T16:46:00+02:00,1729.500,1730.120,1728.902,1728.946,151
SQ:XAUUSD,2020-04-16T16:47:00+02:00,1728.922,1728.942,1727.036,1727.450,276
SQ:XAUUSD,2020-04-16T16:48:00+02:00,1727.360,1728.570,1727.002,1728.486,223
SQ:XAUUSD,2020-04-16T16:49:00+02:00,1728.486,1729.326,1728.126,1728.870,215
SQ:XAUUSD,2020-04-16T16:50:00+02:00,1728.872,1728.920,1727.576,1728.026,236
SQ:XAUUSD,2020-04-16T16:51:00+02:00,1728.150,1728.816,1727.840,1728.770,218
SQ:XAUUSD,2020-04-16T16:52:00+02:00,1728.770,1728.770,1727.382,1727.842,200
SQ:XAUUSD,2020-04-16T16:53:00+02:00,1727.842,1728.542,1726.388,1726.588,340
SQ:XAUUSD,2020-04-16T16:54:00+02:00,1726.716,1727.736,1726.606,1727.220,282
SQ:XAUUSD,2020-04-16T16:55:00+02:00,1727.252,1727.810,1726.896,1726.990,212
SQ:XAUUSD,2020-04-16T16:56:00+02:00,1726.996,1726.996,1725.422,1725.910,325
SQ:XAUUSD,2020-04-16T16:57:00+02:00,1725.910,1726.372,1724.706,1724.884,247
SQ:XAUUSD,2020-04-16T16:58:00+02:00,1724.836,1725.954,1724.650,1725.010,234
SQ:XAUUSD,2020-04-16T16:59:00+02:00,1725.002,1726.000,1724.714,1724.900,276
SQ:XAUUSD,2020-04-16T17:00:00+02:00,1725.160,1726.400,1724.780,1725.810,336
SQ:XAUUSD,2020-04-16T17:01:00+02:00,1725.770,1726.242,1724.520,1726.200,228
SQ:XAUUSD,2020-04-16T17:02:00+02:00,1726.140,1726.420,1724.820,1726.000,282
SQ:XAUUSD,2020-04-16T17:03:00+02:00,1726.000,1726.800,1725.714,1726.402,167
SQ:XAUUSD,2020-04-16T17:04:00+02:00,1726.282,1726.326,1723.520,1723.980,307
SQ:XAUUSD,2020-04-16T17:05:00+02:00,1723.980,1724.694,1723.150,1724.120,515
SQ:XAUUSD,2020-04-16T17:06:00+02:00,1724.170,1724.670,1722.900,1723.300,347
SQ:XAUUSD,2020-04-16T17:07:00+02:00,1723.300,1723.770,1722.010,1723.330,308
SQ:XAUUSD,2020-04-16T17:08:00+02:00,1723.330,1725.370,1723.120,1724.820,262
SQ:XAUUSD,2020-04-16T17:09:00+02:00,1724.820,1724.870,1724.050,1724.530,106
SQ:XAUUSD,2020-04-16T17:10:00+02:00,1724.530,1725.310,1724.190,1724.400,158
SQ:XAUUSD,2020-04-16T17:11:00+02:00,1724.400,1724.680,1723.200,1724.310,253
SQ:XAUUSD,2020-04-16T17:12:00+02:00,1724.310,1725.330,1724.070,1724.790,228
SQ:XAUUSD,2020-04-16T17:13:00+02:00,1724.790,1725.540,1724.510,1724.852,200
SQ:XAUUSD,2020-04-16T17:14:00+02:00,1724.570,1724.746,1723.740,1723.920,122
SQ:XAUUSD,2020-04-16T17:15:00+02:00,1723.920,1724.910,1723.310,1723.720,236
SQ:XAUUSD,2020-04-16T17:16:00+02:00,1723.610,1724.320,1723.370,1724.130,197
SQ:XAUUSD,2020-04-16T17:17:00+02:00,1724.130,1724.480,1723.570,1723.830,121
SQ:XAUUSD,2020-04-16T17:18:00+02:00,1723.830,1725.810,1723.300,1724.990,153
SQ:XAUUSD,2020-04-16T17:19:00+02:00,1724.990,1725.490,1724.150,1724.150,103
SQ:XAUUSD,2020-04-16T17:20:00+02:00,1724.250,1724.700,1724.160,1724.390,76
SQ:XAUUSD,2020-04-16T17:21:00+02:00,1724.390,1724.560,1722.950,1723.660,151
SQ:XAUUSD,2020-04-16T17:22:00+02:00,1723.640,1724.600,1723.390,1724.010,88
SQ:XAUUSD,2020-04-16T17:23:00+02:00,1724.010,1724.690,1723.940,1724.350,78
SQ:XAUUSD,2020-04-16T17:24:00+02:00,1724.350,1724.880,1723.640,1724.080,110
SQ:XAUUSD,2020-04-16T17:25:00+02:00,1724.080,1724.680,1723.930,1724.000,83
SQ:XAUUSD,2020-04-16T17:26:00+02:00,1724.000,1724.310,1723.010,1724.110,123
SQ:XAUUSD,2020-04-16T17:27:00+02:00,1724.060,1724.080,1723.340,1723.970,112
SQ:XAUUSD,2020-04-16T17:28:00+02:00,1723.970,1725.200,1723.720,1725.050,76
SQ:XAUUSD,2020-04-16T17:29:00+02:00,1725.050,1726.190,1724.960,1725.770,133
SQ:XAUUSD,2020-04-16T17:30:00+02:00,1725.680,1726.560,1725.640,1726.110,96
SQ:XAUUSD,2020-04-16T17:31:00+02:00,1726.110,1727.190,1726.030,1726.740,113
SQ:XAUUSD,2020-04-16T17:32:00+02:00,1726.790,1726.970,1725.250,1725.550,124
SQ:XAUUSD,2020-04-16T17:33:00+02:00,1725.550,1726.790,1725.340,1726.370,152
SQ:XAUUSD,2020-04-16T17:34:00+02:00,1726.370,1726.650,1724.130,1724.710,196
SQ:XAUUSD,2020-04-16T17:35:00+02:00,1724.590,1725.110,1721.890,1722.650,298
SQ:XAUUSD,2020-04-16T17:36:00+02:00,1722.650,1724.090,1722.250,1723.940,280
SQ:XAUUSD,2020-04-16T17:37:00+02:00,1723.940,1724.700,1723.810,1724.060,191
SQ:XAUUSD,2020-04-16T17:38:00+02:00,1724.060,1724.360,1723.732,1724.240,106
SQ:XAUUSD,2020-04-16T17:39:00+02:00,1724.030,1724.300,1722.632,1722.740,275
SQ:XAUUSD,2020-04-16T17:40:00+02:00,1722.606,1724.216,1722.606,1723.770,344
SQ:XAUUSD,2020-04-16T17:41:00+02:00,1723.770,1724.860,1723.680,1724.450,155
SQ:XAUUSD,2020-04-16T17:42:00+02:00,1724.450,1724.500,1720.820,1721.070,289
SQ:XAUUSD,2020-04-16T17:43:00+02:00,1721.090,1721.540,1719.550,1720.568,542
SQ:XAUUSD,2020-04-16T17:44:00+02:00,1720.556,1721.980,1719.990,1720.120,408
SQ:XAUUSD,2020-04-16T17:45:00+02:00,1720.130,1723.130,1720.070,1722.210,434
SQ:XAUUSD,2020-04-16T17:46:00+02:00,1722.210,1723.190,1721.920,1722.030,280
SQ:XAUUSD,2020-04-16T17:47:00+02:00,1722.030,1722.940,1721.940,1722.210,194
SQ:XAUUSD,2020-04-16T17:48:00+02:00,1722.210,1722.990,1721.830,1722.660,197
SQ:XAUUSD,2020-04-16T17:49:00+02:00,1722.700,1723.350,1722.570,1723.000,286
SQ:XAUUSD,2020-04-16T17:50:00+02:00,1723.190,1723.390,1721.490,1722.340,233
SQ:XAUUSD,2020-04-16T17:51:00+02:00,1722.340,1723.080,1721.230,1722.310,266
SQ:XAUUSD,2020-04-16T17:52:00+02:00,1722.310,1724.110,1722.120,1723.666,315
SQ:XAUUSD,2020-04-16T17:53:00+02:00,1723.680,1724.660,1722.890,1724.070,299
SQ:XAUUSD,2020-04-16T17:54:00+02:00,1724.190,1724.970,1723.600,1724.660,281
SQ:XAUUSD,2020-04-16T17:55:00+02:00,1724.470,1724.520,1723.010,1723.010,217
SQ:XAUUSD,2020-04-16T17:56:00+02:00,1723.000,1723.600,1722.348,1723.090,196
SQ:XAUUSD,2020-04-16T17:57:00+02:00,1723.150,1723.810,1722.756,1722.780,133
SQ:XAUUSD,2020-04-16T17:58:00+02:00,1722.780,1723.110,1721.510,1721.550,115
SQ:XAUUSD,2020-04-16T17:59:00+02:00,1721.700,1722.410,1721.520,1721.770,101
SQ:XAUUSD,2020-04-16T18:00:00+02:00,1721.750,1722.420,1721.380,1721.850,104
SQ:XAUUSD,2020-04-16T18:01:00+02:00,1721.850,1722.820,1721.090,1722.790,262
SQ:XAUUSD,2020-04-16T18:02:00+02:00,1722.790,1723.390,1721.930,1722.490,258
SQ:XAUUSD,2020-04-16T18:03:00+02:00,1722.480,1723.070,1722.220,1722.350,195
SQ:XAUUSD,2020-04-16T18:04:00+02:00,1722.320,1724.210,1721.910,1723.580,210
SQ:XAUUSD,2020-04-16T18:05:00+02:00,1723.634,1724.180,1722.970,1723.250,114
SQ:XAUUSD,2020-04-16T18:06:00+02:00,1723.270,1723.360,1722.570,1723.150,99
SQ:XAUUSD,2020-04-16T18:07:00+02:00,1723.150,1723.150,1722.540,1722.906,50
SQ:XAUUSD,2020-04-16T18:08:00+02:00,1722.800,1723.350,1722.020,1722.650,71
SQ:XAUUSD,2020-04-16T18:09:00+02:00,1722.550,1722.930,1722.020,1722.910,66
SQ:XAUUSD,2020-04-16T18:10:00+02:00,1722.910,1723.510,1722.000,1722.110,134
SQ:XAUUSD,2020-04-16T18:11:00+02:00,1722.110,1722.590,1721.410,1721.510,128
SQ:XAUUSD,2020-04-16T18:12:00+02:00,1721.510,1722.540,1721.510,1722.020,97
SQ:XAUUSD,2020-04-16T18:13:00+02:00,1722.030,1722.370,1721.810,1721.980,124
SQ:XAUUSD,2020-04-16T18:14:00+02:00,1721.980,1721.980,1720.780,1720.820,277
SQ:XAUUSD,2020-04-16T18:15:00+02:00,1720.880,1721.510,1720.750,1721.350,168
SQ:XAUUSD,2020-04-16T18:16:00+02:00,1721.350,1722.730,1721.270,1722.442,193
SQ:XAUUSD,2020-04-16T18:17:00+02:00,1722.530,1722.530,1720.920,1721.090,226
SQ:XAUUSD,2020-04-16T18:18:00+02:00,1721.010,1721.880,1720.570,1721.480,267
SQ:XAUUSD,2020-04-16T18:19:00+02:00,1721.450,1721.940,1720.980,1721.800,101
SQ:XAUUSD,2020-04-16T18:20:00+02:00,1721.800,1721.830,1716.750,1717.220,368
SQ:XAUUSD,2020-04-16T18:21:00+02:00,1717.190,1718.820,1714.770,1714.840,305
SQ:XAUUSD,2020-04-16T18:22:00+02:00,1714.840,1717.660,1713.840,1717.270,365
SQ:XAUUSD,2020-04-16T18:23:00+02:00,1717.270,1717.800,1716.290,1717.750,291
SQ:XAUUSD,2020-04-16T18:24:00+02:00,1717.790,1718.570,1716.620,1717.480,209
SQ:XAUUSD,2020-04-16T18:25:00+02:00,1717.480,1717.960,1715.460,1715.780,289
SQ:XAUUSD,2020-04-16T18:26:00+02:00,1715.900,1716.150,1715.030,1715.630,173
SQ:XAUUSD,2020-04-16T18:27:00+02:00,1715.640,1717.110,1715.470,1716.860,171
SQ:XAUUSD,2020-04-16T18:28:00+02:00,1716.860,1718.020,1716.110,1717.390,116
SQ:XAUUSD,2020-04-16T18:29:00+02:00,1717.390,1717.450,1716.630,1716.950,63
SQ:XAUUSD,2020-04-16T18:30:00+02:00,1717.000,1717.100,1715.130,1715.300,115
SQ:XAUUSD,2020-04-16T18:31:00+02:00,1715.300,1715.990,1715.130,1715.250,85
SQ:XAUUSD,2020-04-16T18:32:00+02:00,1715.250,1715.580,1712.290,1712.700,244
SQ:XAUUSD,2020-04-16T18:33:00+02:00,1712.640,1712.800,1707.500,1709.100,524
SQ:XAUUSD,2020-04-16T18:34:00+02:00,1709.180,1710.060,1708.220,1708.662,327
SQ:XAUUSD,2020-04-16T18:35:00+02:00,1708.662,1712.300,1708.320,1712.040,294
SQ:XAUUSD,2020-04-16T18:36:00+02:00,1712.040,1712.484,1710.230,1710.592,223
SQ:XAUUSD,2020-04-16T18:37:00+02:00,1710.650,1711.510,1710.050,1711.160,128
SQ:XAUUSD,2020-04-16T18:38:00+02:00,1711.160,1712.260,1710.280,1711.580,102
SQ:XAUUSD,2020-04-16T18:39:00+02:00,1711.580,1714.560,1711.300,1713.690,234
SQ:XAUUSD,2020-04-16T18:40:00+02:00,1713.690,1714.480,1713.360,1714.000,154
SQ:XAUUSD,2020-04-16T18:41:00+02:00,1714.054,1715.150,1713.150,1714.310,158
SQ:XAUUSD,2020-04-16T18:42:00+02:00,1713.380,1713.740,1713.050,1713.670,58
SQ:XAUUSD,2020-04-16T18:43:00+02:00,1713.670,1713.850,1713.280,1713.690,102
SQ:XAUUSD,2020-04-16T18:44:00+02:00,1713.690,1713.930,1712.450,1713.930,134
SQ:XAUUSD,2020-04-16T18:45:00+02:00,1713.950,1714.060,1712.850,1712.850,115
SQ:XAUUSD,2020-04-16T18:46:00+02:00,1712.930,1713.972,1712.020,1713.972,180
SQ:XAUUSD,2020-04-16T18:47:00+02:00,1713.966,1713.966,1712.476,1713.460,172
SQ:XAUUSD,2020-04-16T18:48:00+02:00,1713.460,1713.460,1711.650,1711.980,174
SQ:XAUUSD,2020-04-16T18:49:00+02:00,1712.000,1712.360,1711.620,1712.220,130
SQ:XAUUSD,2020-04-16T18:50:00+02:00,1712.220,1714.100,1712.220,1712.280,222
SQ:XAUUSD,2020-04-16T18:51:00+02:00,1712.280,1712.280,1710.290,1710.520,158
SQ:XAUUSD,2020-04-16T18:52:00+02:00,1710.500,1711.030,1709.760,1710.214,170
SQ:XAUUSD,2020-04-16T18:53:00+02:00,1710.034,1710.980,1709.990,1710.570,164
SQ:XAUUSD,2020-04-16T18:54:00+02:00,1710.570,1710.570,1709.480,1709.940,128
SQ:XAUUSD,2020-04-16T18:55:00+02:00,1709.970,1710.870,1709.270,1710.430,113
SQ:XAUUSD,2020-04-16T18:56:00+02:00,1710.390,1712.380,1710.360,1712.032,91
SQ:XAUUSD,2020-04-16T18:57:00+02:00,1712.104,1712.136,1710.850,1711.240,114
SQ:XAUUSD,2020-04-16T18:58:00+02:00,1711.240,1712.270,1711.160,1712.170,63
SQ:XAUUSD,2020-04-16T18:59:00+02:00,1712.080,1712.950,1712.010,1712.700,166
SQ:XAUUSD,2020-04-16T19:00:00+02:00,1712.690,1712.810,1711.160,1712.400,201
SQ:XAUUSD,2020-04-16T19:01:00+02:00,1712.400,1712.770,1711.800,1711.960,164
SQ:XAUUSD,2020-04-16T19:02:00+02:00,1711.960,1712.290,1710.810,1711.700,200
SQ:XAUUSD,2020-04-16T19:03:00+02:00,1711.700,1712.030,1711.210,1711.710,282
SQ:XAUUSD,2020-04-16T19:04:00+02:00,1711.590,1712.660,1711.190,1711.360,246
SQ:XAUUSD,2020-04-16T19:05:00+02:00,1711.500,1713.920,1711.290,1713.100,304
SQ:XAUUSD,2020-04-16T19:06:00+02:00,1713.100,1713.860,1711.310,1712.972,302
SQ:XAUUSD,2020-04-16T19:07:00+02:00,1712.970,1713.900,1712.710,1712.810,93
SQ:XAUUSD,2020-04-16T19:08:00+02:00,1712.810,1713.850,1712.400,1713.540,214
SQ:XAUUSD,2020-04-16T19:09:00+02:00,1713.640,1714.022,1712.450,1712.450,160
SQ:XAUUSD,2020-04-16T19:10:00+02:00,1712.450,1714.620,1711.970,1713.010,254
SQ:XAUUSD,2020-04-16T19:11:00+02:00,1713.010,1714.460,1712.800,1713.780,107
SQ:XAUUSD,2020-04-16T19:12:00+02:00,1713.780,1716.140,1713.660,1715.650,209
SQ:XAUUSD,2020-04-16T19:13:00+02:00,1715.720,1716.780,1715.430,1716.130,166
SQ:XAUUSD,2020-04-16T19:14:00+02:00,1716.130,1717.570,1716.080,1716.780,186
SQ:XAUUSD,2020-04-16T19:15:00+02:00,1716.780,1717.080,1715.440,1716.400,155
SQ:XAUUSD,2020-04-16T19:16:00+02:00,1716.810,1717.120,1716.190,1716.690,256
SQ:XAUUSD,2020-04-16T19:17:00+02:00,1716.690,1716.910,1716.400,1716.500,231
SQ:XAUUSD,2020-04-16T19:18:00+02:00,1716.500,1717.040,1716.380,1716.840,75
SQ:XAUUSD,2020-04-16T19:19:00+02:00,1716.830,1717.670,1716.660,1717.610,71
SQ:XAUUSD,2020-04-16T19:20:00+02:00,1717.610,1717.810,1716.620,1717.700,141
SQ:XAUUSD,2020-04-16T19:21:00+02:00,1717.700,1717.870,1717.220,1717.570,138
SQ:XAUUSD,2020-04-16T19:22:00+02:00,1717.580,1717.580,1715.000,1715.230,197
SQ:XAUUSD,2020-04-16T19:23:00+02:00,1715.230,1716.720,1715.230,1716.480,181
SQ:XAUUSD,2020-04-16T19:24:00+02:00,1716.480,1716.840,1715.610,1716.740,287
SQ:XAUUSD,2020-04-16T19:25:00+02:00,1716.830,1716.830,1715.130,1715.680,234
SQ:XAUUSD,2020-04-16T19:26:00+02:00,1715.680,1716.850,1715.320,1715.710,125
SQ:XAUUSD,2020-04-16T19:27:00+02:00,1715.710,1716.352,1714.170,1714.700,255
SQ:XAUUSD,2020-04-16T19:28:00+02:00,1714.770,1715.770,1714.210,1715.100,169
SQ:XAUUSD,2020-04-16T19:29:00+02:00,1715.100,1715.170,1712.030,1712.450,390
SQ:XAUUSD,2020-04-16T19:30:00+02:00,1712.410,1714.010,1711.996,1713.680,307
SQ:XAUUSD,2020-04-16T19:31:00+02:00,1713.600,1714.470,1713.090,1714.260,161
SQ:XAUUSD,2020-04-16T19:32:00+02:00,1714.090,1714.600,1713.320,1714.220,128
SQ:XAUUSD,2020-04-16T19:33:00+02:00,1714.220,1714.270,1713.060,1713.630,188
SQ:XAUUSD,2020-04-16T19:34:00+02:00,1713.710,1713.920,1712.540,1713.030,181
SQ:XAUUSD,2020-04-16T19:35:00+02:00,1713.030,1713.200,1711.650,1712.010,212
SQ:XAUUSD,2020-04-16T19:36:00+02:00,1712.010,1712.340,1710.270,1710.330,192
SQ:XAUUSD,2020-04-16T19:37:00+02:00,1710.730,1712.110,1710.480,1711.960,162
SQ:XAUUSD,2020-04-16T19:38:00+02:00,1711.960,1713.120,1711.750,1713.080,170
SQ:XAUUSD,2020-04-16T19:39:00+02:00,1713.080,1713.080,1709.860,1709.980,118
SQ:XAUUSD,2020-04-16T19:40:00+02:00,1709.980,1710.950,1709.180,1709.260,281
SQ:XAUUSD,2020-04-16T19:41:00+02:00,1709.260,1710.920,1707.890,1709.750,260
SQ:XAUUSD,2020-04-16T19:42:00+02:00,1709.860,1711.570,1709.750,1711.070,168
SQ:XAUUSD,2020-04-16T19:43:00+02:00,1711.070,1712.370,1710.960,1712.240,236
SQ:XAUUSD,2020-04-16T19:44:00+02:00,1712.240,1712.950,1711.500,1712.320,210
SQ:XAUUSD,2020-04-16T19:45:00+02:00,1712.330,1713.670,1712.300,1713.270,113
SQ:XAUUSD,2020-04-16T19:46:00+02:00,1713.270,1714.140,1711.890,1712.210,131
SQ:XAUUSD,2020-04-16T19:47:00+02:00,1712.210,1712.860,1711.190,1712.290,102
SQ:XAUUSD,2020-04-16T19:48:00+02:00,1712.290,1712.790,1711.860,1712.490,52
SQ:XAUUSD,2020-04-16T19:49:00+02:00,1712.490,1712.500,1712.040,1712.390,43
SQ:XAUUSD,2020-04-16T19:50:00+02:00,1712.390,1713.830,1712.250,1713.790,77
SQ:XAUUSD,2020-04-16T19:51:00+02:00,1713.260,1713.630,1711.970,1712.120,309
SQ:XAUUSD,2020-04-16T19:52:00+02:00,1712.330,1712.980,1711.620,1711.770,158
SQ:XAUUSD,2020-04-16T19:53:00+02:00,1711.770,1712.550,1710.620,1710.850,207
SQ:XAUUSD,2020-04-16T19:54:00+02:00,1710.850,1711.780,1710.480,1711.050,176
SQ:XAUUSD,2020-04-16T19:55:00+02:00,1711.050,1712.680,1711.030,1711.860,211
SQ:XAUUSD,2020-04-16T19:56:00+02:00,1711.830,1712.120,1710.870,1711.400,85
SQ:XAUUSD,2020-04-16T19:57:00+02:00,1711.340,1712.220,1710.720,1711.410,188
SQ:XAUUSD,2020-04-16T19:58:00+02:00,1711.410,1712.400,1711.310,1712.230,130
SQ:XAUUSD,2020-04-16T19:59:00+02:00,1712.180,1712.650,1711.680,1711.830,140
SQ:XAUUSD,2020-04-16T20:00:00+02:00,1712.020,1712.940,1711.580,1712.430,248
SQ:XAUUSD,2020-04-16T20:01:00+02:00,1712.430,1713.120,1712.110,1712.210,111
SQ:XAUUSD,2020-04-16T20:02:00+02:00,1712.210,1712.930,1712.010,1712.110,114
SQ:XAUUSD,2020-04-16T20:03:00+02:00,1712.110,1712.380,1711.880,1712.060,123
SQ:XAUUSD,2020-04-16T20:04:00+02:00,1712.040,1713.320,1712.000,1712.670,122
SQ:XAUUSD,2020-04-16T20:05:00+02:00,1712.670,1714.590,1712.660,1713.730,137
SQ:XAUUSD,2020-04-16T20:06:00+02:00,1713.730,1714.440,1713.670,1714.150,52
SQ:XAUUSD,2020-04-16T20:07:00+02:00,1714.150,1716.150,1713.780,1715.550,309
SQ:XAUUSD,2020-04-16T20:08:00+02:00,1715.550,1716.910,1714.660,1716.630,179
SQ:XAUUSD,2020-04-16T20:09:00+02:00,1716.630,1716.780,1716.000,1716.190,92
SQ:XAUUSD,2020-04-16T20:10:00+02:00,1716.260,1717.670,1716.160,1716.880,158
SQ:XAUUSD,2020-04-16T20:11:00+02:00,1716.930,1718.918,1716.270,1718.140,240
SQ:XAUUSD,2020-04-16T20:12:00+02:00,1717.470,1718.140,1716.360,1717.450,262
SQ:XAUUSD,2020-04-16T20:13:00+02:00,1717.480,1717.550,1716.160,1716.590,205
SQ:XAUUSD,2020-04-16T20:14:00+02:00,1716.490,1717.070,1715.640,1716.430,209
SQ:XAUUSD,2020-04-16T20:15:00+02:00,1716.390,1716.940,1715.090,1715.560,175
SQ:XAUUSD,2020-04-16T20:16:00+02:00,1715.570,1716.090,1714.950,1715.210,171
SQ:XAUUSD,2020-04-16T20:17:00+02:00,1715.020,1716.032,1714.880,1715.160,157
SQ:XAUUSD,2020-04-16T20:18:00+02:00,1715.060,1717.830,1715.040,1717.460,194
SQ:XAUUSD,2020-04-16T20:19:00+02:00,1717.440,1717.440,1715.360,1715.420,80
SQ:XAUUSD,2020-04-16T20:20:00+02:00,1715.120,1715.190,1713.370,1713.500,181
SQ:XAUUSD,2020-04-16T20:21:00+02:00,1713.710,1714.050,1712.610,1712.610,139
SQ:XAUUSD,2020-04-16T20:22:00+02:00,1712.780,1713.460,1712.640,1713.040,207
SQ:XAUUSD,2020-04-16T20:23:00+02:00,1713.100,1713.320,1711.650,1711.900,261
SQ:XAUUSD,2020-04-16T20:24:00+02:00,1711.950,1712.300,1710.440,1711.380,314
SQ:XAUUSD,2020-04-16T20:25:00+02:00,1711.380,1712.130,1710.220,1710.586,198
SQ:XAUUSD,2020-04-16T20:26:00+02:00,1710.566,1711.020,1709.430,1710.110,282
SQ:XAUUSD,2020-04-16T20:27:00+02:00,1710.260,1711.010,1710.150,1710.880,217
SQ:XAUUSD,2020-04-16T20:28:00+02:00,1710.870,1710.930,1710.280,1710.620,195
SQ:XAUUSD,2020-04-16T20:29:00+02:00,1710.660,1712.360,1710.600,1711.600,167
SQ:XAUUSD,2020-04-16T20:30:00+02:00,1711.600,1712.630,1711.600,1712.250,140
SQ:XAUUSD,2020-04-16T20:31:00+02:00,1712.030,1712.700,1711.840,1712.650,199
SQ:XAUUSD,2020-04-16T20:32:00+02:00,1712.650,1713.290,1712.330,1712.790,174
SQ:XAUUSD,2020-04-16T20:33:00+02:00,1712.790,1713.760,1712.110,1713.460,146
SQ:XAUUSD,2020-04-16T20:34:00+02:00,1713.380,1714.930,1713.370,1714.580,144
SQ:XAUUSD,2020-04-16T20:35:00+02:00,1714.580,1714.820,1714.090,1714.600,66
SQ:XAUUSD,2020-04-16T20:36:00+02:00,1714.600,1714.820,1713.990,1714.280,38
SQ:XAUUSD,2020-04-16T20:37:00+02:00,1714.260,1716.280,1714.250,1716.110,85
SQ:XAUUSD,2020-04-16T20:38:00+02:00,1716.040,1716.530,1714.720,1715.360,224
SQ:XAUUSD,2020-04-16T20:39:00+02:00,1715.310,1716.430,1715.030,1716.010,271
SQ:XAUUSD,2020-04-16T20:40:00+02:00,1716.010,1716.010,1714.490,1715.200,287
SQ:XAUUSD,2020-04-16T20:41:00+02:00,1715.200,1715.280,1713.902,1714.722,311
SQ:XAUUSD,2020-04-16T20:42:00+02:00,1714.722,1714.722,1713.752,1714.380,305
SQ:XAUUSD,2020-04-16T20:43:00+02:00,1714.150,1715.800,1714.150,1715.550,210
SQ:XAUUSD,2020-04-16T20:44:00+02:00,1715.550,1715.970,1713.220,1713.428,196
SQ:XAUUSD,2020-04-16T20:45:00+02:00,1713.380,1714.560,1712.570,1714.430,170
SQ:XAUUSD,2020-04-16T20:46:00+02:00,1714.430,1714.610,1713.570,1713.990,169
SQ:XAUUSD,2020-04-16T20:47:00+02:00,1713.990,1714.430,1713.450,1713.610,114
SQ:XAUUSD,2020-04-16T20:48:00+02:00,1713.610,1713.610,1711.960,1712.420,139
SQ:XAUUSD,2020-04-16T20:49:00+02:00,1712.420,1713.190,1711.510,1712.680,172
SQ:XAUUSD,2020-04-16T20:50:00+02:00,1712.290,1712.770,1711.580,1711.970,151
SQ:XAUUSD,2020-04-16T20:51:00+02:00,1712.030,1713.830,1711.600,1713.180,216
SQ:XAUUSD,2020-04-16T20:52:00+02:00,1713.180,1714.580,1713.160,1714.040,190
SQ:XAUUSD,2020-04-16T20:53:00+02:00,1714.040,1714.940,1713.900,1714.810,105
SQ:XAUUSD,2020-04-16T20:54:00+02:00,1714.810,1715.930,1714.610,1715.470,252
SQ:XAUUSD,2020-04-16T20:55:00+02:00,1715.470,1715.900,1714.600,1715.090,194
SQ:XAUUSD,2020-04-16T20:56:00+02:00,1715.280,1715.910,1714.710,1714.930,124
SQ:XAUUSD,2020-04-16T20:57:00+02:00,1714.930,1715.200,1714.280,1714.780,112
SQ:XAUUSD,2020-04-16T20:58:00+02:00,1714.710,1715.190,1713.970,1714.510,122
SQ:XAUUSD,2020-04-16T20:59:00+02:00,1714.320,1715.420,1713.860,1714.740,119
SQ:XAUUSD,2020-04-16T21:00:00+02:00,1714.740,1715.890,1714.610,1714.660,114
SQ:XAUUSD,2020-04-16T21:01:00+02:00,1714.660,1715.160,1714.340,1714.990,94
SQ:XAUUSD,2020-04-16T21:02:00+02:00,1714.990,1715.750,1714.240,1715.250,152
SQ:XAUUSD,2020-04-16T21:03:00+02:00,1715.250,1715.680,1715.080,1715.470,81
SQ:XAUUSD,2020-04-16T21:04:00+02:00,1715.470,1715.700,1715.050,1715.190,139
SQ:XAUUSD,2020-04-16T21:05:00+02:00,1715.190,1715.750,1715.000,1715.120,146
SQ:XAUUSD,2020-04-16T21:06:00+02:00,1715.120,1715.120,1713.900,1714.170,164
SQ:XAUUSD,2020-04-16T21:07:00+02:00,1714.170,1714.700,1713.400,1713.620,89
SQ:XAUUSD,2020-04-16T21:08:00+02:00,1713.620,1714.410,1713.380,1714.070,119
SQ:XAUUSD,2020-04-16T21:09:00+02:00,1714.070,1714.830,1714.070,1714.638,155
SQ:XAUUSD,2020-04-16T21:10:00+02:00,1714.642,1716.370,1714.580,1714.960,240
SQ:XAUUSD,2020-04-16T21:11:00+02:00,1714.960,1716.170,1714.580,1716.040,260
SQ:XAUUSD,2020-04-16T21:12:00+02:00,1716.040,1716.480,1715.210,1715.720,212
SQ:XAUUSD,2020-04-16T21:13:00+02:00,1715.720,1716.590,1715.460,1716.126,202
SQ:XAUUSD,2020-04-16T21:14:00+02:00,1716.036,1716.278,1715.168,1715.468,186
SQ:XAUUSD,2020-04-16T21:15:00+02:00,1715.468,1715.762,1714.928,1715.608,155
SQ:XAUUSD,2020-04-16T21:16:00+02:00,1715.608,1716.606,1715.270,1715.320,120
SQ:XAUUSD,2020-04-16T21:17:00+02:00,1715.320,1715.480,1714.120,1714.280,100
SQ:XAUUSD,2020-04-16T21:18:00+02:00,1714.280,1714.460,1713.930,1714.190,73
SQ:XAUUSD,2020-04-16T21:19:00+02:00,1714.190,1715.040,1714.190,1714.520,55
SQ:XAUUSD,2020-04-16T21:20:00+02:00,1714.570,1715.180,1714.220,1714.980,84
SQ:XAUUSD,2020-04-16T21:21:00+02:00,1714.980,1714.990,1714.110,1714.480,119
SQ:XAUUSD,2020-04-16T21:22:00+02:00,1714.550,1715.460,1714.450,1715.050,223
SQ:XAUUSD,2020-04-16T21:23:00+02:00,1714.990,1715.620,1714.680,1714.780,82
SQ:XAUUSD,2020-04-16T21:24:00+02:00,1714.780,1715.530,1714.660,1714.980,111
SQ:XAUUSD,2020-04-16T21:25:00+02:00,1714.980,1715.300,1714.440,1714.940,90
SQ:XAUUSD,2020-04-16T21:26:00+02:00,1714.720,1715.830,1714.700,1715.520,93
SQ:XAUUSD,2020-04-16T21:27:00+02:00,1715.520,1715.640,1715.430,1715.580,37
SQ:XAUUSD,2020-04-16T21:28:00+02:00,1715.660,1716.820,1715.560,1715.770,134
SQ:XAUUSD,2020-04-16T21:29:00+02:00,1715.940,1717.030,1715.680,1715.968,173
SQ:XAUUSD,2020-04-16T21:30:00+02:00,1716.180,1716.720,1715.780,1716.380,307
SQ:XAUUSD,2020-04-16T21:31:00+02:00,1716.380,1716.690,1715.300,1715.930,278
SQ:XAUUSD,2020-04-16T21:32:00+02:00,1716.060,1716.310,1714.998,1715.770,209
SQ:XAUUSD,2020-04-16T21:33:00+02:00,1715.780,1716.990,1715.540,1716.000,139
SQ:XAUUSD,2020-04-16T21:34:00+02:00,1715.710,1716.140,1714.730,1715.070,129
SQ:XAUUSD,2020-04-16T21:35:00+02:00,1715.150,1715.540,1714.560,1714.740,188
SQ:XAUUSD,2020-04-16T21:36:00+02:00,1714.460,1715.160,1713.660,1714.830,123
SQ:XAUUSD,2020-04-16T21:37:00+02:00,1714.830,1715.220,1714.450,1714.450,51
SQ:XAUUSD,2020-04-16T21:38:00+02:00,1714.450,1714.980,1714.220,1714.230,54
SQ:XAUUSD,2020-04-16T21:39:00+02:00,1714.250,1714.790,1713.790,1714.610,85
SQ:XAUUSD,2020-04-16T21:40:00+02:00,1714.610,1715.240,1714.490,1714.710,62
SQ:XAUUSD,2020-04-16T21:41:00+02:00,1714.710,1715.760,1714.710,1715.680,125
SQ:XAUUSD,2020-04-16T21:42:00+02:00,1715.310,1716.460,1715.310,1716.200,100
SQ:XAUUSD,2020-04-16T21:43:00+02:00,1715.980,1716.382,1715.370,1715.980,158
SQ:XAUUSD,2020-04-16T21:44:00+02:00,1715.980,1716.940,1715.730,1716.340,161
SQ:XAUUSD,2020-04-16T21:45:00+02:00,1716.300,1717.000,1715.990,1716.740,87
SQ:XAUUSD,2020-04-16T21:46:00+02:00,1716.740,1717.582,1716.560,1717.250,86
SQ:XAUUSD,2020-04-16T21:47:00+02:00,1717.250,1717.932,1716.800,1716.990,92
SQ:XAUUSD,2020-04-16T21:48:00+02:00,1717.180,1717.878,1716.840,1717.818,216
SQ:XAUUSD,2020-04-16T21:49:00+02:00,1717.838,1718.130,1717.090,1717.620,165
SQ:XAUUSD,2020-04-16T21:50:00+02:00,1717.620,1717.920,1716.510,1716.790,261
SQ:XAUUSD,2020-04-16T21:51:00+02:00,1716.790,1718.090,1716.440,1717.488,199
SQ:XAUUSD,2020-04-16T21:52:00+02:00,1717.488,1718.730,1717.180,1717.990,174
SQ:XAUUSD,2020-04-16T21:53:00+02:00,1717.960,1718.860,1717.650,1718.030,204
SQ:XAUUSD,2020-04-16T21:54:00+02:00,1718.030,1718.700,1717.710,1718.330,124
SQ:XAUUSD,2020-04-16T21:55:00+02:00,1718.330,1718.580,1717.720,1717.952,151
SQ:XAUUSD,2020-04-16T21:56:00+02:00,1718.070,1718.390,1717.820,1718.020,113
SQ:XAUUSD,2020-04-16T21:57:00+02:00,1718.020,1718.630,1717.840,1718.160,90
SQ:XAUUSD,2020-04-16T21:58:00+02:00,1718.160,1718.220,1717.190,1717.570,127
SQ:XAUUSD,2020-04-16T21:59:00+02:00,1717.560,1718.410,1717.240,1717.680,243
SQ:XAUUSD,2020-04-16T22:00:00+02:00,1717.620,1718.780,1717.390,1718.780,58
SQ:XAUUSD,2020-04-16T22:01:00+02:00,1719.020,1719.140,1718.420,1718.580,51
SQ:XAUUSD,2020-04-16T22:02:00+02:00,1718.580,1718.620,1717.170,1717.180,59
SQ:XAUUSD,2020-04-16T22:03:00+02:00,1717.180,1718.560,1717.180,1718.330,61
SQ:XAUUSD,2020-04-16T22:04:00+02:00,1718.330,1719.010,1718.330,1718.710,23
SQ:XAUUSD,2020-04-16T22:07:00+02:00,1717.560,1717.560,1716.970,1717.290,17
SQ:XAUUSD,2020-04-16T22:08:00+02:00,1717.290,1717.650,1717.230,1717.370,20
SQ:XAUUSD,2020-04-16T22:09:00+02:00,1717.410,1717.440,1716.890,1716.890,13
SQ:XAUUSD,2020-04-16T22:13:00+02:00,1716.920,1717.170,1716.870,1717.010,22
SQ:XAUUSD,2020-04-16T22:21:00+02:00,1717.240,1717.800,1717.120,1717.680,28
SQ:XAUUSD,2020-04-16T22:22:00+02:00,1717.810,1717.810,1717.400,1717.440,21
SQ:XAUUSD,2020-04-16T22:23:00+02:00,1717.440,1717.440,1717.280,1717.400,15
SQ:XAUUSD,2020-04-16T22:24:00+02:00,1717.400,1717.440,1717.304,1717.392,12
SQ:XAUUSD,2020-04-16T22:25:00+02:00,1717.392,1717.450,1717.012,1717.042,20
SQ:XAUUSD,2020-04-16T22:26:00+02:00,1717.042,1717.260,1716.980,1717.050,22
SQ:XAUUSD,2020-04-16T22:27:00+02:00,1717.042,1717.270,1717.042,1717.190,11
SQ:XAUUSD,2020-04-16T22:28:00+02:00,1717.142,1717.590,1717.142,1717.572,18
SQ:XAUUSD,2020-04-16T22:29:00+02:00,1717.572,1717.590,1717.492,1717.492,5
SQ:XAUUSD,2020-04-16T22:31:00+02:00,1717.382,1717.440,1717.340,1717.390,12
SQ:XAUUSD,2020-04-16T22:32:00+02:00,1717.390,1717.490,1717.314,1717.360,19
SQ:XAUUSD,2020-04-16T22:33:00+02:00,1717.312,1717.440,1716.930,1716.930,17
SQ:XAUUSD,2020-04-16T22:34:00+02:00,1716.930,1717.390,1716.930,1717.290,14
SQ:XAUUSD,2020-04-16T22:35:00+02:00,1717.290,1717.530,1716.670,1717.120,24
SQ:XAUUSD,2020-04-16T22:36:00+02:00,1717.130,1718.032,1717.130,1717.694,23
SQ:XAUUSD,2020-04-16T22:37:00+02:00,1717.632,1717.700,1717.520,1717.602,12
SQ:XAUUSD,2020-04-16T22:38:00+02:00,1717.602,1718.882,1717.580,1718.880,17
SQ:XAUUSD,2020-04-16T22:39:00+02:00,1718.880,1718.880,1718.280,1718.282,20
SQ:XAUUSD,2020-04-16T22:40:00+02:00,1718.170,1718.910,1718.010,1718.880,29
SQ:XAUUSD,2020-04-16T22:41:00+02:00,1718.880,1718.964,1718.532,1718.712,21
SQ:XAUUSD,2020-04-16T22:42:00+02:00,1718.712,1718.712,1717.404,1717.488,29
SQ:XAUUSD,2020-04-16T22:43:00+02:00,1717.488,1717.724,1716.880,1717.104,20
SQ:XAUUSD,2020-04-16T22:44:00+02:00,1717.126,1717.540,1717.104,1717.540,10
SQ:XAUUSD,2020-04-16T22:45:00+02:00,1717.540,1717.680,1717.306,1717.504,23
SQ:XAUUSD,2020-04-16T22:46:00+02:00,1717.500,1717.550,1717.430,1717.540,15
SQ:XAUUSD,2020-04-16T22:47:00+02:00,1717.540,1717.580,1717.280,1717.380,12
SQ:XAUUSD,2020-04-16T22:48:00+02:00,1717.380,1717.650,1717.320,1717.650,13
SQ:XAUUSD,2020-04-16T22:49:00+02:00,1717.620,1718.020,1717.620,1717.960,37
SQ:XAUUSD,2020-04-16T22:50:00+02:00,1718.030,1718.200,1717.850,1717.850,31
SQ:XAUUSD,2020-04-16T22:51:00+02:00,1717.880,1718.856,1717.790,1718.494,25
SQ:XAUUSD,2020-04-16T22:52:00+02:00,1718.540,1718.680,1718.450,1718.544,20
SQ:XAUUSD,2020-04-16T22:53:00+02:00,1718.304,1718.304,1717.310,1717.310,32
SQ:XAUUSD,2020-04-16T22:54:00+02:00,1717.450,1717.870,1717.330,1717.640,24
SQ:XAUUSD,2020-04-17T00:01:00+02:00,1712.030,1715.230,1711.720,1712.000,118
SQ:XAUUSD,2020-04-17T00:02:00+02:00,1712.000,1713.150,1710.200,1710.810,77
SQ:XAUUSD,2020-04-17T00:03:00+02:00,1710.810,1712.260,1708.110,1709.660,79
SQ:XAUUSD,2020-04-17T00:04:00+02:00,1709.660,1711.166,1707.920,1710.994,80
SQ:XAUUSD,2020-04-17T00:05:00+02:00,1710.994,1711.274,1708.214,1710.664,79
SQ:XAUUSD,2020-04-17T00:06:00+02:00,1710.814,1710.814,1708.364,1709.654,64
SQ:XAUUSD,2020-04-17T00:07:00+02:00,1709.704,1711.544,1709.066,1711.544,43
SQ:XAUUSD,2020-04-17T00:08:00+02:00,1711.454,1712.404,1709.210,1709.454,98
SQ:XAUUSD,2020-04-17T00:09:00+02:00,1709.524,1711.084,1708.914,1710.940,56
SQ:XAUUSD,2020-04-17T00:10:00+02:00,1711.170,1712.424,1710.610,1711.630,29
SQ:XAUUSD,2020-04-17T00:11:00+02:00,1711.630,1713.130,1711.440,1712.660,20
SQ:XAUUSD,2020-04-17T00:12:00+02:00,1712.710,1714.150,1712.650,1713.100,61
SQ:XAUUSD,2020-04-17T00:13:00+02:00,1713.100,1713.370,1712.150,1712.250,54
SQ:XAUUSD,2020-04-17T00:14:00+02:00,1712.250,1712.690,1701.860,1705.410,136
SQ:XAUUSD,2020-04-17T00:15:00+02:00,1705.470,1705.470,1700.386,1702.400,230
SQ:XAUUSD,2020-04-17T00:16:00+02:00,1702.400,1708.424,1701.640,1707.064,180
SQ:XAUUSD,2020-04-17T00:17:00+02:00,1707.044,1708.424,1704.340,1704.740,205
SQ:XAUUSD,2020-04-17T00:18:00+02:00,1704.630,1707.610,1704.210,1706.944,144
SQ:XAUUSD,2020-04-17T00:19:00+02:00,1706.944,1707.656,1705.854,1706.844,83
SQ:XAUUSD,2020-04-17T00:20:00+02:00,1706.844,1707.634,1706.674,1707.434,47
SQ:XAUUSD,2020-04-17T00:21:00+02:00,1707.424,1708.930,1707.424,1707.640,103
SQ:XAUUSD,2020-04-17T00:22:00+02:00,1707.630,1707.630,1705.554,1705.890,71
SQ:XAUUSD,2020-04-17T00:23:00+02:00,1705.890,1706.900,1705.750,1706.900,32
SQ:XAUUSD,2020-04-17T00:24:00+02:00,1706.970,1708.010,1705.760,1705.950,46
SQ:XAUUSD,2020-04-17T00:25:00+02:00,1706.020,1706.130,1705.760,1706.050,19
SQ:XAUUSD,2020-04-17T00:26:00+02:00,1706.050,1707.360,1705.740,1707.140,33
SQ:XAUUSD,2020-04-17T00:27:00+02:00,1707.140,1707.440,1706.300,1706.300,49
SQ:XAUUSD,2020-04-17T00:28:00+02:00,1706.370,1706.590,1706.090,1706.520,24
SQ:XAUUSD,2020-04-17T00:29:00+02:00,1706.930,1707.660,1706.340,1707.010,47
SQ:XAUUSD,2020-04-17T00:30:00+02:00,1707.010,1707.340,1705.980,1707.000,45
SQ:XAUUSD,2020-04-17T00:31:00+02:00,1706.990,1708.810,1706.084,1706.730,81
SQ:XAUUSD,2020-04-17T00:32:00+02:00,1706.730,1707.410,1706.530,1707.290,53
SQ:XAUUSD,2020-04-17T00:33:00+02:00,1707.300,1707.920,1706.866,1707.264,68
SQ:XAUUSD,2020-04-17T00:34:00+02:00,1707.262,1707.430,1706.886,1707.430,41
SQ:XAUUSD,2020-04-17T00:35:00+02:00,1707.460,1708.290,1707.234,1708.290,46
SQ:XAUUSD,2020-04-17T00:36:00+02:00,1708.290,1708.440,1708.130,1708.384,26
SQ:XAUUSD,2020-04-17T00:37:00+02:00,1708.272,1708.272,1706.270,1706.390,47
SQ:XAUUSD,2020-04-17T00:38:00+02:00,1706.360,1707.020,1706.100,1706.950,36
SQ:XAUUSD,2020-04-17T00:39:00+02:00,1707.030,1707.950,1706.840,1707.580,27
SQ:XAUUSD,2020-04-17T00:40:00+02:00,1707.570,1707.630,1707.210,1707.606,20
SQ:XAUUSD,2020-04-17T00:41:00+02:00,1707.606,1707.870,1707.150,1707.720,27
SQ:XAUUSD,2020-04-17T00:42:00+02:00,1707.720,1707.760,1707.150,1707.740,36
SQ:XAUUSD,2020-04-17T00:43:00+02:00,1707.730,1708.080,1707.230,1707.970,31
SQ:XAUUSD,2020-04-17T00:44:00+02:00,1707.840,1709.940,1707.840,1709.076,55
SQ:XAUUSD,2020-04-17T00:45:00+02:00,1709.080,1709.700,1708.870,1709.690,42
SQ:XAUUSD,2020-04-17T00:46:00+02:00,1709.690,1710.010,1709.480,1709.570,37
SQ:XAUUSD,2020-04-17T00:47:00+02:00,1709.560,1709.840,1709.330,1709.800,25
SQ:XAUUSD,2020-04-17T00:48:00+02:00,1709.840,1709.840,1709.130,1709.350,22
SQ:XAUUSD,2020-04-17T00:49:00+02:00,1709.350,1709.560,1709.170,1709.490,29
SQ:XAUUSD,2020-04-17T00:50:00+02:00,1709.490,1709.900,1709.300,1709.890,18
SQ:XAUUSD,2020-04-17T00:51:00+02:00,1709.910,1710.020,1708.970,1709.320,31
SQ:XAUUSD,2020-04-17T00:52:00+02:00,1709.320,1709.740,1709.290,1709.700,12
SQ:XAUUSD,2020-04-17T00:53:00+02:00,1709.700,1709.700,1708.890,1709.060,40
SQ:XAUUSD,2020-04-17T00:54:00+02:00,1709.070,1709.730,1709.060,1709.710,10
SQ:XAUUSD,2020-04-17T00:55:00+02:00,1709.710,1709.820,1707.740,1707.890,45
SQ:XAUUSD,2020-04-17T00:56:00+02:00,1707.890,1708.080,1705.840,1706.070,72
SQ:XAUUSD,2020-04-17T00:57:00+02:00,1706.060,1707.086,1705.980,1706.856,44
SQ:XAUUSD,2020-04-17T00:58:00+02:00,1706.856,1706.990,1706.230,1706.860,18
SQ:XAUUSD,2020-04-17T00:59:00+02:00,1706.860,1707.860,1706.860,1707.860,22
SQ:XAUUSD,2020-04-17T01:00:00+02:00,1707.860,1708.420,1707.860,1708.050,25
SQ:XAUUSD,2020-04-17T01:01:00+02:00,1708.440,1708.570,1707.980,1708.240,42
SQ:XAUUSD,2020-04-17T01:02:00+02:00,1708.510,1708.560,1707.920,1707.920,34
SQ:XAUUSD,2020-04-17T01:03:00+02:00,1707.920,1708.220,1707.780,1708.150,15
SQ:XAUUSD,2020-04-17T01:04:00+02:00,1708.150,1711.296,1708.050,1709.220,48
SQ:XAUUSD,2020-04-17T01:05:00+02:00,1709.220,1710.070,1709.050,1710.070,53
SQ:XAUUSD,2020-04-17T01:06:00+02:00,1709.840,1709.950,1709.590,1709.830,27
SQ:XAUUSD,2020-04-17T01:07:00+02:00,1709.830,1709.890,1709.730,1709.750,18
SQ:XAUUSD,2020-04-17T01:08:00+02:00,1709.750,1709.780,1709.730,1709.730,8
SQ:XAUUSD,2020-04-17T01:09:00+02:00,1709.730,1710.070,1709.730,1709.960,17
SQ:XAUUSD,2020-04-17T01:10:00+02:00,1709.960,1710.120,1709.560,1710.120,25
SQ:XAUUSD,2020-04-17T01:11:00+02:00,1710.120,1710.220,1709.660,1710.210,19
SQ:XAUUSD,2020-04-17T01:12:00+02:00,1710.210,1710.300,1710.040,1710.110,18
SQ:XAUUSD,2020-04-17T01:13:00+02:00,1710.110,1710.110,1709.290,1709.980,34
SQ:XAUUSD,2020-04-17T01:14:00+02:00,1709.980,1710.300,1709.710,1709.950,30
SQ:XAUUSD,2020-04-17T01:15:00+02:00,1710.370,1710.660,1710.020,1710.530,31
SQ:XAUUSD,2020-04-17T01:16:00+02:00,1710.550,1711.130,1710.460,1710.600,32
SQ:XAUUSD,2020-04-17T01:17:00+02:00,1710.650,1710.770,1710.490,1710.560,29
SQ:XAUUSD,2020-04-17T01:18:00+02:00,1710.560,1711.440,1710.540,1711.280,21
SQ:XAUUSD,2020-04-17T01:19:00+02:00,1711.410,1711.750,1711.090,1711.680,24
SQ:XAUUSD,2020-04-17T01:20:00+02:00,1711.680,1711.820,1711.040,1711.200,21
SQ:XAUUSD,2020-04-17T01:21:00+02:00,1711.210,1711.320,1711.150,1711.180,10
SQ:XAUUSD,2020-04-17T01:22:00+02:00,1711.170,1712.670,1711.170,1712.670,27
SQ:XAUUSD,2020-04-17T01:23:00+02:00,1712.670,1712.800,1712.230,1712.780,45
SQ:XAUUSD,2020-04-17T01:24:00+02:00,1712.750,1712.950,1712.440,1712.760,36
SQ:XAUUSD,2020-04-17T01:25:00+02:00,1712.760,1712.920,1712.430,1712.770,33
SQ:XAUUSD,2020-04-17T01:26:00+02:00,1712.770,1712.820,1712.750,1712.750,6
SQ:XAUUSD,2020-04-17T01:27:00+02:00,1712.750,1712.750,1712.750,1712.750,1
SQ:XAUUSD,2020-04-17T01:28:00+02:00,1712.750,1712.750,1712.440,1712.690,11
SQ:XAUUSD,2020-04-17T01:29:00+02:00,1712.690,1714.556,1712.690,1713.536,63
SQ:XAUUSD,2020-04-17T01:30:00+02:00,1713.490,1713.870,1713.380,1713.870,58
SQ:XAUUSD,2020-04-17T01:31:00+02:00,1713.870,1714.340,1713.220,1713.220,25
SQ:XAUUSD,2020-04-17T01:32:00+02:00,1713.200,1713.200,1712.610,1713.080,20
SQ:XAUUSD,2020-04-17T01:33:00+02:00,1713.080,1713.230,1711.300,1711.300,68
SQ:XAUUSD,2020-04-17T01:34:00+02:00,1711.290,1711.460,1711.290,1711.460,37
SQ:XAUUSD,2020-04-17T01:35:00+02:00,1711.460,1712.510,1711.410,1712.470,38
SQ:XAUUSD,2020-04-17T01:36:00+02:00,1712.470,1713.040,1712.430,1712.890,30
SQ:XAUUSD,2020-04-17T01:37:00+02:00,1712.810,1712.930,1712.690,1712.710,26
SQ:XAUUSD,2020-04-17T01:38:00+02:00,1712.710,1712.820,1712.360,1712.820,10
SQ:XAUUSD,2020-04-17T01:39:00+02:00,1712.820,1712.950,1712.820,1712.900,14
SQ:XAUUSD,2020-04-17T01:40:00+02:00,1712.900,1713.080,1712.900,1713.040,16
SQ:XAUUSD,2020-04-17T01:41:00+02:00,1713.040,1713.090,1712.940,1712.940,8
SQ:XAUUSD,2020-04-17T01:42:00+02:00,1712.940,1713.130,1712.200,1713.060,16
SQ:XAUUSD,2020-04-17T01:43:00+02:00,1713.060,1713.400,1712.270,1713.400,24
SQ:XAUUSD,2020-04-17T01:44:00+02:00,1713.550,1714.960,1713.440,1713.660,32
SQ:XAUUSD,2020-04-17T01:45:00+02:00,1713.660,1713.900,1713.210,1713.390,30
SQ:XAUUSD,2020-04-17T01:46:00+02:00,1713.700,1713.850,1713.240,1713.660,27
SQ:XAUUSD,2020-04-17T01:47:00+02:00,1713.640,1715.040,1713.010,1714.610,70
SQ:XAUUSD,2020-04-17T01:48:00+02:00,1714.560,1715.590,1713.950,1715.550,57
SQ:XAUUSD,2020-04-17T01:49:00+02:00,1715.590,1716.346,1714.750,1716.070,90
SQ:XAUUSD,2020-04-17T01:50:00+02:00,1716.110,1716.776,1715.608,1716.090,147
SQ:XAUUSD,2020-04-17T01:51:00+02:00,1716.090,1716.090,1715.060,1715.430,69
SQ:XAUUSD,2020-04-17T01:52:00+02:00,1715.430,1716.280,1715.430,1716.280,35
SQ:XAUUSD,2020-04-17T01:53:00+02:00,1716.280,1716.320,1716.100,1716.150,15
SQ:XAUUSD,2020-04-17T01:54:00+02:00,1716.150,1716.150,1714.610,1714.820,60
SQ:XAUUSD,2020-04-17T01:55:00+02:00,1714.820,1714.820,1713.700,1714.290,60
SQ:XAUUSD,2020-04-17T01:56:00+02:00,1714.290,1715.190,1714.290,1714.690,35
SQ:XAUUSD,2020-04-17T01:57:00+02:00,1714.690,1714.690,1713.320,1713.750,39
SQ:XAUUSD,2020-04-17T01:58:00+02:00,1713.740,1714.240,1713.340,1714.160,58
SQ:XAUUSD,2020-04-17T01:59:00+02:00,1714.040,1714.540,1714.040,1714.520,25
SQ:XAUUSD,2020-04-17T02:00:00+02:00,1714.520,1715.150,1714.420,1714.500,31
SQ:XAUUSD,2020-04-17T02:01:00+02:00,1714.500,1714.550,1714.040,1714.040,33
SQ:XAUUSD,2020-04-17T02:02:00+02:00,1714.040,1714.230,1713.550,1713.550,55
SQ:XAUUSD,2020-04-17T02:03:00+02:00,1713.660,1713.980,1713.260,1713.640,56
SQ:XAUUSD,2020-04-17T02:04:00+02:00,1713.640,1713.960,1713.410,1713.760,52
SQ:XAUUSD,2020-04-17T02:05:00+02:00,1713.770,1715.140,1713.440,1714.316,76
SQ:XAUUSD,2020-04-17T02:06:00+02:00,1714.290,1715.250,1714.000,1714.780,122
SQ:XAUUSD,2020-04-17T02:07:00+02:00,1714.780,1714.940,1714.280,1714.280,68
SQ:XAUUSD,2020-04-17T02:08:00+02:00,1714.280,1714.590,1713.330,1714.300,145
SQ:XAUUSD,2020-04-17T02:09:00+02:00,1714.310,1714.560,1712.976,1712.980,178
SQ:XAUUSD,2020-04-17T02:10:00+02:00,1712.980,1714.420,1712.976,1713.930,94
SQ:XAUUSD,2020-04-17T02:11:00+02:00,1713.930,1714.140,1713.290,1713.340,48
SQ:XAUUSD,2020-04-17T02:12:00+02:00,1713.340,1713.840,1713.210,1713.810,34
SQ:XAUUSD,2020-04-17T02:13:00+02:00,1713.810,1713.880,1713.790,1713.790,6
SQ:XAUUSD,2020-04-17T02:14:00+02:00,1713.790,1713.790,1713.720,1713.780,3
SQ:XAUUSD,2020-04-17T02:15:00+02:00,1713.780,1713.780,1713.720,1713.740,3
SQ:XAUUSD,2020-04-17T02:16:00+02:00,1713.740,1714.390,1713.740,1714.390,17
SQ:XAUUSD,2020-04-17T02:17:00+02:00,1714.270,1714.440,1713.900,1713.950,29
SQ:XAUUSD,2020-04-17T02:18:00+02:00,1713.950,1713.990,1713.930,1713.930,6
SQ:XAUUSD,2020-04-17T02:19:00+02:00,1713.930,1713.930,1713.780,1713.860,6
SQ:XAUUSD,2020-04-17T02:20:00+02:00,1713.800,1713.890,1713.550,1713.550,18
SQ:XAUUSD,2020-04-17T02:21:00+02:00,1713.550,1713.660,1713.430,1713.430,8
SQ:XAUUSD,2020-04-17T02:22:00+02:00,1713.430,1713.510,1713.430,1713.430,5
SQ:XAUUSD,2020-04-17T02:23:00+02:00,1713.430,1713.890,1713.200,1713.890,11
SQ:XAUUSD,2020-04-17T02:24:00+02:00,1713.890,1714.000,1713.890,1714.000,6
SQ:XAUUSD,2020-04-17T02:25:00+02:00,1714.000,1714.000,1713.820,1713.820,14
SQ:XAUUSD,2020-04-17T02:26:00+02:00,1713.820,1713.820,1713.640,1713.720,5
SQ:XAUUSD,2020-04-17T02:27:00+02:00,1713.720,1713.720,1713.590,1713.710,11
SQ:XAUUSD,2020-04-17T02:28:00+02:00,1713.710,1713.960,1713.680,1713.760,11
SQ:XAUUSD,2020-04-17T02:29:00+02:00,1713.760,1713.920,1713.760,1713.820,5
SQ:XAUUSD,2020-04-17T02:30:00+02:00,1713.820,1713.950,1713.430,1713.950,6
SQ:XAUUSD,2020-04-17T02:31:00+02:00,1713.950,1714.080,1713.540,1713.540,11
SQ:XAUUSD,2020-04-17T02:32:00+02:00,1713.640,1714.380,1713.640,1713.960,22
SQ:XAUUSD,2020-04-17T02:33:00+02:00,1713.960,1715.350,1713.960,1715.350,26
SQ:XAUUSD,2020-04-17T02:34:00+02:00,1715.240,1716.160,1714.960,1716.030,52
SQ:XAUUSD,2020-04-17T02:35:00+02:00,1716.030,1716.390,1715.820,1715.990,47
SQ:XAUUSD,2020-04-17T02:36:00+02:00,1716.050,1716.430,1716.050,1716.280,25
SQ:XAUUSD,2020-04-17T02:37:00+02:00,1716.280,1717.350,1716.280,1716.860,65
SQ:XAUUSD,2020-04-17T02:38:00+02:00,1716.890,1717.490,1716.010,1717.190,101
SQ:XAUUSD,2020-04-17T02:39:00+02:00,1717.190,1717.360,1716.980,1717.156,66
SQ:XAUUSD,2020-04-17T02:40:00+02:00,1717.190,1717.806,1716.620,1716.620,44
SQ:XAUUSD,2020-04-17T02:41:00+02:00,1716.620,1717.220,1716.620,1716.730,24
SQ:XAUUSD,2020-04-17T02:42:00+02:00,1716.730,1717.160,1716.580,1716.620,32
SQ:XAUUSD,2020-04-17T02:43:00+02:00,1716.620,1717.540,1716.150,1716.210,73
SQ:XAUUSD,2020-04-17T02:44:00+02:00,1716.210,1716.926,1716.130,1716.660,30
SQ:XAUUSD,2020-04-17T02:45:00+02:00,1716.660,1716.660,1716.390,1716.550,17
SQ:XAUUSD,2020-04-17T02:46:00+02:00,1716.550,1716.820,1716.120,1716.690,49
SQ:XAUUSD,2020-04-17T02:47:00+02:00,1716.490,1716.690,1715.690,1716.000,58
SQ:XAUUSD,2020-04-17T02:48:00+02:00,1716.000,1716.710,1715.930,1716.710,33
SQ:XAUUSD,2020-04-17T02:49:00+02:00,1716.710,1716.710,1716.280,1716.330,38
SQ:XAUUSD,2020-04-17T02:50:00+02:00,1716.330,1716.770,1716.280,1716.360,42
SQ:XAUUSD,2020-04-17T02:51:00+02:00,1716.360,1716.670,1716.270,1716.510,21
SQ:XAUUSD,2020-04-17T02:52:00+02:00,1716.510,1716.870,1716.390,1716.870,7
SQ:XAUUSD,2020-04-17T02:53:00+02:00,1716.870,1716.870,1716.410,1716.680,17
SQ:XAUUSD,2020-04-17T02:54:00+02:00,1716.680,1716.850,1716.680,1716.850,6
SQ:XAUUSD,2020-04-17T02:55:00+02:00,1716.850,1717.700,1716.790,1717.010,43
SQ:XAUUSD,2020-04-17T02:56:00+02:00,1717.010,1717.570,1716.770,1717.090,53
SQ:XAUUSD,2020-04-17T02:57:00+02:00,1716.930,1717.010,1716.450,1716.630,60
SQ:XAUUSD,2020-04-17T02:58:00+02:00,1716.630,1716.920,1716.530,1716.730,18
SQ:XAUUSD,2020-04-17T02:59:00+02:00,1716.730,1716.970,1716.540,1716.970,31
SQ:XAUUSD,2020-04-17T03:00:00+02:00,1716.970,1718.010,1716.620,1716.960,197
SQ:XAUUSD,2020-04-17T03:01:00+02:00,1716.960,1717.070,1716.150,1716.520,70
SQ:XAUUSD,2020-04-17T03:02:00+02:00,1716.550,1716.550,1715.720,1715.830,78
SQ:XAUUSD,2020-04-17T03:03:00+02:00,1715.760,1715.790,1714.170,1714.260,58
SQ:XAUUSD,2020-04-17T03:04:00+02:00,1714.260,1715.226,1714.260,1714.680,108
SQ:XAUUSD,2020-04-17T03:05:00+02:00,1714.686,1716.020,1714.470,1714.906,99
SQ:XAUUSD,2020-04-17T03:06:00+02:00,1714.906,1715.110,1713.790,1713.800,113
SQ:XAUUSD,2020-04-17T03:07:00+02:00,1713.800,1714.240,1713.800,1714.230,23
SQ:XAUUSD,2020-04-17T03:08:00+02:00,1714.240,1714.680,1714.230,1714.450,28
SQ:XAUUSD,2020-04-17T03:09:00+02:00,1714.460,1715.110,1714.420,1714.800,23
SQ:XAUUSD,2020-04-17T03:10:00+02:00,1714.800,1715.040,1714.800,1715.040,9
SQ:XAUUSD,2020-04-17T03:11:00+02:00,1715.040,1715.040,1714.960,1714.970,11
SQ:XAUUSD,2020-04-17T03:12:00+02:00,1714.970,1715.110,1714.970,1715.110,2
SQ:XAUUSD,2020-04-17T03:13:00+02:00,1715.130,1715.130,1715.120,1715.120,2
SQ:XAUUSD,2020-04-17T03:14:00+02:00,1715.120,1715.290,1714.880,1715.260,11
SQ:XAUUSD,2020-04-17T03:15:00+02:00,1715.290,1715.290,1714.680,1714.680,51
SQ:XAUUSD,2020-04-17T03:16:00+02:00,1714.360,1714.790,1712.950,1714.320,100
SQ:XAUUSD,2020-04-17T03:17:00+02:00,1714.320,1714.370,1713.730,1713.980,38
SQ:XAUUSD,2020-04-17T03:18:00+02:00,1713.980,1714.630,1713.940,1714.560,24
SQ:XAUUSD,2020-04-17T03:19:00+02:00,1714.560,1714.620,1714.380,1714.380,6
SQ:XAUUSD,2020-04-17T03:20:00+02:00,1714.380,1714.590,1713.600,1713.650,31
SQ:XAUUSD,2020-04-17T03:21:00+02:00,1713.650,1713.800,1713.600,1713.760,5
SQ:XAUUSD,2020-04-17T03:22:00+02:00,1713.760,1713.760,1712.590,1713.060,39
SQ:XAUUSD,2020-04-17T03:23:00+02:00,1713.060,1713.460,1713.060,1713.140,39
SQ:XAUUSD,2020-04-17T03:24:00+02:00,1713.140,1713.350,1710.870,1711.100,156
SQ:XAUUSD,2020-04-17T03:25:00+02:00,1711.100,1711.840,1710.690,1710.920,109
SQ:XAUUSD,2020-04-17T03:26:00+02:00,1710.850,1711.780,1710.470,1711.260,138
SQ:XAUUSD,2020-04-17T03:27:00+02:00,1711.260,1712.190,1710.510,1711.770,80
SQ:XAUUSD,2020-04-17T03:28:00+02:00,1711.770,1712.560,1711.770,1711.960,99
SQ:XAUUSD,2020-04-17T03:29:00+02:00,1712.120,1713.070,1711.570,1712.590,97
SQ:XAUUSD,2020-04-17T03:30:00+02:00,1712.540,1712.780,1711.930,1712.250,62
SQ:XAUUSD,2020-04-17T03:31:00+02:00,1712.250,1713.670,1712.110,1713.260,33
SQ:XAUUSD,2020-04-17T03:32:00+02:00,1713.260,1714.660,1712.980,1714.540,46
SQ:XAUUSD,2020-04-17T03:33:00+02:00,1714.540,1715.160,1714.460,1714.540,21
SQ:XAUUSD,2020-04-17T03:34:00+02:00,1714.540,1714.840,1713.750,1713.750,22
SQ:XAUUSD,2020-04-17T03:35:00+02:00,1713.750,1714.820,1713.750,1714.200,22
SQ:XAUUSD,2020-04-17T03:36:00+02:00,1714.200,1715.130,1714.200,1714.240,15
SQ:XAUUSD,2020-04-17T03:37:00+02:00,1714.240,1714.260,1713.370,1713.370,21
SQ:XAUUSD,2020-04-17T03:38:00+02:00,1713.370,1713.650,1711.400,1711.930,47
SQ:XAUUSD,2020-04-17T03:39:00+02:00,1711.930,1712.530,1710.720,1710.720,40
SQ:XAUUSD,2020-04-17T03:40:00+02:00,1710.630,1710.750,1709.350,1709.690,39
SQ:XAUUSD,2020-04-17T03:41:00+02:00,1709.690,1710.410,1708.810,1708.920,27
SQ:XAUUSD,2020-04-17T03:42:00+02:00,1709.990,1710.800,1709.110,1710.550,69
SQ:XAUUSD,2020-04-17T03:43:00+02:00,1710.550,1710.550,1709.340,1710.140,42
SQ:XAUUSD,2020-04-17T03:44:00+02:00,1709.970,1711.260,1709.360,1709.528,35
SQ:XAUUSD,2020-04-17T03:45:00+02:00,1709.518,1710.210,1708.390,1710.160,64
SQ:XAUUSD,2020-04-17T03:46:00+02:00,1710.160,1710.160,1709.588,1710.100,17
SQ:XAUUSD,2020-04-17T03:47:00+02:00,1710.100,1710.100,1708.820,1709.570,28
SQ:XAUUSD,2020-04-17T03:48:00+02:00,1709.590,1711.560,1708.220,1711.178,64
SQ:XAUUSD,2020-04-17T03:49:00+02:00,1711.178,1711.178,1709.520,1710.570,33
SQ:XAUUSD,2020-04-17T03:50:00+02:00,1710.500,1710.500,1709.688,1710.390,23
SQ:XAUUSD,2020-04-17T03:51:00+02:00,1710.390,1710.448,1708.820,1709.898,62
SQ:XAUUSD,2020-04-17T03:52:00+02:00,1709.916,1710.060,1709.570,1710.060,19
SQ:XAUUSD,2020-04-17T03:53:00+02:00,1710.060,1710.236,1708.240,1710.236,12
SQ:XAUUSD,2020-04-17T03:54:00+02:00,1710.236,1711.090,1709.890,1709.930,25
SQ:XAUUSD,2020-04-17T03:55:00+02:00,1709.930,1710.370,1709.260,1710.270,26
SQ:XAUUSD,2020-04-17T03:56:00+02:00,1710.270,1710.510,1709.090,1709.900,59
SQ:XAUUSD,2020-04-17T03:57:00+02:00,1709.900,1709.910,1708.030,1708.620,47
SQ:XAUUSD,2020-04-17T03:58:00+02:00,1708.620,1708.910,1708.440,1708.570,24
SQ:XAUUSD,2020-04-17T03:59:00+02:00,1708.570,1709.300,1708.450,1709.300,25
SQ:XAUUSD,2020-04-17T04:00:00+02:00,1709.570,1709.590,1708.480,1708.810,50
SQ:XAUUSD,2020-04-17T04:01:00+02:00,1708.810,1709.298,1708.460,1709.278,16
SQ:XAUUSD,2020-04-17T04:02:00+02:00,1709.278,1709.278,1708.340,1708.380,16
SQ:XAUUSD,2020-04-17T04:03:00+02:00,1708.290,1708.660,1707.950,1708.540,39
SQ:XAUUSD,2020-04-17T04:04:00+02:00,1708.450,1708.450,1705.440,1706.370,46
SQ:XAUUSD,2020-04-17T04:05:00+02:00,1706.370,1706.460,1705.600,1706.320,36
SQ:XAUUSD,2020-04-17T04:06:00+02:00,1706.400,1707.210,1706.400,1707.060,24
SQ:XAUUSD,2020-04-17T04:07:00+02:00,1707.060,1707.530,1706.990,1707.530,16
SQ:XAUUSD,2020-04-17T04:08:00+02:00,1707.530,1708.720,1707.310,1707.450,44
SQ:XAUUSD,2020-04-17T04:09:00+02:00,1707.450,1707.790,1707.100,1707.100,26
SQ:XAUUSD,2020-04-17T04:10:00+02:00,1707.100,1707.320,1706.390,1706.790,36
SQ:XAUUSD,2020-04-17T04:11:00+02:00,1706.730,1707.340,1706.460,1707.340,45
SQ:XAUUSD,2020-04-17T04:12:00+02:00,1707.490,1707.880,1706.840,1707.880,58
SQ:XAUUSD,2020-04-17T04:13:00+02:00,1707.880,1708.070,1707.090,1707.360,41
SQ:XAUUSD,2020-04-17T04:14:00+02:00,1707.360,1707.848,1707.280,1707.370,28
SQ:XAUUSD,2020-04-17T04:15:00+02:00,1707.370,1708.640,1707.220,1707.940,59
SQ:XAUUSD,2020-04-17T04:16:00+02:00,1708.020,1708.570,1707.900,1708.230,35
SQ:XAUUSD,2020-04-17T04:17:00+02:00,1708.230,1709.460,1707.730,1709.460,62
SQ:XAUUSD,2020-04-17T04:18:00+02:00,1709.400,1709.550,1708.540,1708.750,40
SQ:XAUUSD,2020-04-17T04:19:00+02:00,1708.750,1709.080,1707.760,1708.160,42
SQ:XAUUSD,2020-04-17T04:20:00+02:00,1708.240,1709.050,1708.190,1708.790,44
SQ:XAUUSD,2020-04-17T04:21:00+02:00,1708.770,1708.890,1708.270,1708.310,40
SQ:XAUUSD,2020-04-17T04:22:00+02:00,1708.290,1708.920,1708.110,1708.920,32
SQ:XAUUSD,2020-04-17T04:23:00+02:00,1708.910,1709.200,1708.580,1709.060,34
SQ:XAUUSD,2020-04-17T04:24:00+02:00,1709.070,1709.370,1708.840,1708.840,50
SQ:XAUUSD,2020-04-17T04:25:00+02:00,1708.870,1709.950,1708.730,1709.780,53
SQ:XAUUSD,2020-04-17T04:26:00+02:00,1710.000,1710.140,1709.270,1709.270,40
SQ:XAUUSD,2020-04-17T04:27:00+02:00,1709.270,1709.640,1708.530,1708.948,43
SQ:XAUUSD,2020-04-17T04:28:00+02:00,1708.938,1708.956,1708.260,1708.420,33
SQ:XAUUSD,2020-04-17T04:29:00+02:00,1708.420,1708.820,1708.420,1708.660,22
SQ:XAUUSD,2020-04-17T04:30:00+02:00,1708.660,1709.070,1708.250,1709.070,34
SQ:XAUUSD,2020-04-17T04:31:00+02:00,1709.072,1709.230,1708.820,1709.210,26
SQ:XAUUSD,2020-04-17T04:32:00+02:00,1709.210,1709.290,1708.680,1708.680,38
SQ:XAUUSD,2020-04-17T04:33:00+02:00,1708.680,1708.810,1708.570,1708.690,30
SQ:XAUUSD,2020-04-17T04:34:00+02:00,1708.780,1708.920,1708.500,1708.900,30
SQ:XAUUSD,2020-04-17T04:35:00+02:00,1708.790,1709.200,1708.790,1709.050,35
SQ:XAUUSD,2020-04-17T04:36:00+02:00,1709.010,1709.190,1708.470,1708.770,33
SQ:XAUUSD,2020-04-17T04:37:00+02:00,1708.600,1709.210,1708.250,1709.210,44
SQ:XAUUSD,2020-04-17T04:38:00+02:00,1709.130,1709.180,1708.450,1708.840,75
SQ:XAUUSD,2020-04-17T04:39:00+02:00,1708.840,1709.940,1708.720,1709.860,72
SQ:XAUUSD,2020-04-17T04:40:00+02:00,1709.920,1709.920,1709.270,1709.360,59
SQ:XAUUSD,2020-04-17T04:41:00+02:00,1709.400,1710.060,1709.090,1709.100,50
SQ:XAUUSD,2020-04-17T04:42:00+02:00,1709.080,1709.310,1708.420,1708.620,37
SQ:XAUUSD,2020-04-17T04:43:00+02:00,1708.570,1709.370,1708.560,1709.350,21
SQ:XAUUSD,2020-04-17T04:44:00+02:00,1709.340,1709.340,1709.230,1709.300,5
SQ:XAUUSD,2020-04-17T04:45:00+02:00,1709.300,1709.550,1709.220,1709.400,39
SQ:XAUUSD,2020-04-17T04:46:00+02:00,1709.280,1709.390,1708.550,1708.700,41
SQ:XAUUSD,2020-04-17T04:47:00+02:00,1708.700,1708.870,1708.570,1708.570,13
SQ:XAUUSD,2020-04-17T04:48:00+02:00,1708.570,1708.930,1708.510,1708.880,18
SQ:XAUUSD,2020-04-17T04:49:00+02:00,1708.820,1709.070,1708.820,1709.000,17
SQ:XAUUSD,2020-04-17T04:50:00+02:00,1709.000,1709.500,1709.000,1709.420,18
SQ:XAUUSD,2020-04-17T04:51:00+02:00,1709.330,1709.740,1708.810,1709.340,30
SQ:XAUUSD,2020-04-17T04:52:00+02:00,1709.340,1709.340,1709.200,1709.200,4
SQ:XAUUSD,2020-04-17T04:53:00+02:00,1709.200,1709.200,1709.180,1709.180,2
SQ:XAUUSD,2020-04-17T04:54:00+02:00,1709.130,1709.150,1708.220,1708.550,17
SQ:XAUUSD,2020-04-17T04:55:00+02:00,1708.580,1708.600,1708.320,1708.320,20
SQ:XAUUSD,2020-04-17T04:56:00+02:00,1708.320,1708.400,1708.190,1708.190,14
SQ:XAUUSD,2020-04-17T04:57:00+02:00,1708.190,1708.190,1707.100,1707.670,24
SQ:XAUUSD,2020-04-17T04:58:00+02:00,1707.670,1707.840,1707.670,1707.690,11
SQ:XAUUSD,2020-04-17T04:59:00+02:00,1707.810,1708.860,1707.690,1708.650,71
SQ:XAUUSD,2020-04-17T05:00:00+02:00,1708.330,1708.500,1708.260,1708.340,28
SQ:XAUUSD,2020-04-17T05:01:00+02:00,1708.340,1709.120,1708.340,1708.450,21
SQ:XAUUSD,2020-04-17T05:02:00+02:00,1709.070,1709.100,1709.070,1709.100,6
SQ:XAUUSD,2020-04-17T05:03:00+02:00,1709.100,1709.100,1709.050,1709.080,23
SQ:XAUUSD,2020-04-17T05:04:00+02:00,1709.090,1709.110,1708.790,1708.890,44
SQ:XAUUSD,2020-04-17T05:05:00+02:00,1708.890,1709.090,1708.890,1709.050,40
SQ:XAUUSD,2020-04-17T05:06:00+02:00,1709.050,1709.060,1709.020,1709.020,7
SQ:XAUUSD,2020-04-17T05:07:00+02:00,1709.030,1709.030,1709.010,1709.010,3
SQ:XAUUSD,2020-04-17T05:08:00+02:00,1709.010,1709.110,1709.010,1709.090,6
SQ:XAUUSD,2020-04-17T05:09:00+02:00,1709.090,1709.290,1708.550,1709.240,40
SQ:XAUUSD,2020-04-17T05:10:00+02:00,1709.240,1709.850,1709.070,1709.660,52
SQ:XAUUSD,2020-04-17T05:11:00+02:00,1709.650,1709.650,1708.550,1708.630,44
SQ:XAUUSD,2020-04-17T05:12:00+02:00,1708.550,1708.720,1708.020,1708.550,22
SQ:XAUUSD,2020-04-17T05:13:00+02:00,1708.550,1708.550,1707.800,1708.280,12
SQ:XAUUSD,2020-04-17T05:14:00+02:00,1708.380,1708.460,1708.070,1708.450,12
SQ:XAUUSD,2020-04-17T05:15:00+02:00,1708.450,1708.450,1708.080,1708.360,9
SQ:XAUUSD,2020-04-17T05:16:00+02:00,1708.360,1708.360,1707.490,1707.942,18
SQ:XAUUSD,2020-04-17T05:17:00+02:00,1707.934,1708.020,1707.530,1707.710,9
SQ:XAUUSD,2020-04-17T05:18:00+02:00,1707.710,1707.980,1707.710,1707.950,4
SQ:XAUUSD,2020-04-17T05:19:00+02:00,1707.950,1707.950,1706.730,1706.870,34
SQ:XAUUSD,2020-04-17T05:20:00+02:00,1706.870,1707.370,1705.310,1705.370,66
SQ:XAUUSD,2020-04-17T05:21:00+02:00,1705.370,1706.700,1704.820,1706.650,47
SQ:XAUUSD,2020-04-17T05:22:00+02:00,1706.650,1706.650,1706.420,1706.490,13
SQ:XAUUSD,2020-04-17T05:23:00+02:00,1706.490,1706.582,1706.370,1706.370,8
SQ:XAUUSD,2020-04-17T05:24:00+02:00,1706.370,1706.370,1705.010,1705.010,33
SQ:XAUUSD,2020-04-17T05:25:00+02:00,1705.010,1705.040,1704.480,1705.040,80
SQ:XAUUSD,2020-04-17T05:26:00+02:00,1705.040,1705.040,1704.600,1704.940,38
SQ:XAUUSD,2020-04-17T05:27:00+02:00,1704.940,1704.980,1704.330,1704.590,50
SQ:XAUUSD,2020-04-17T05:28:00+02:00,1704.590,1705.560,1704.590,1704.920,42
SQ:XAUUSD,2020-04-17T05:29:00+02:00,1704.920,1705.820,1704.540,1704.540,75
SQ:XAUUSD,2020-04-17T05:30:00+02:00,1704.540,1705.270,1704.540,1704.890,39
SQ:XAUUSD,2020-04-17T05:31:00+02:00,1704.890,1705.450,1704.890,1704.960,19
SQ:XAUUSD,2020-04-17T05:32:00+02:00,1704.960,1705.270,1704.610,1704.790,37
SQ:XAUUSD,2020-04-17T05:33:00+02:00,1704.820,1705.240,1704.730,1704.860,43
SQ:XAUUSD,2020-04-17T05:34:00+02:00,1704.860,1705.154,1704.750,1704.800,29
SQ:XAUUSD,2020-04-17T05:35:00+02:00,1704.800,1704.860,1704.222,1704.592,55
SQ:XAUUSD,2020-04-17T05:36:00+02:00,1704.592,1704.680,1704.592,1704.610,7
SQ:XAUUSD,2020-04-17T05:37:00+02:00,1704.592,1704.900,1703.820,1703.820,26
SQ:XAUUSD,2020-04-17T05:38:00+02:00,1703.820,1703.840,1702.940,1703.000,55
SQ:XAUUSD,2020-04-17T05:39:00+02:00,1703.000,1703.690,1703.000,1703.590,45
SQ:XAUUSD,2020-04-17T05:40:00+02:00,1703.590,1704.390,1703.260,1703.890,38
SQ:XAUUSD,2020-04-17T05:41:00+02:00,1703.930,1704.270,1703.620,1704.140,50
SQ:XAUUSD,2020-04-17T05:42:00+02:00,1704.140,1704.270,1703.850,1703.960,33
SQ:XAUUSD,2020-04-17T05:43:00+02:00,1703.960,1704.650,1703.600,1703.800,19
SQ:XAUUSD,2020-04-17T05:44:00+02:00,1703.730,1704.052,1703.580,1704.052,10
SQ:XAUUSD,2020-04-17T05:45:00+02:00,1704.018,1704.390,1703.750,1704.270,28
SQ:XAUUSD,2020-04-17T05:46:00+02:00,1704.270,1704.780,1704.270,1704.630,50
SQ:XAUUSD,2020-04-17T05:47:00+02:00,1704.740,1704.860,1704.600,1704.620,18
SQ:XAUUSD,2020-04-17T05:48:00+02:00,1704.620,1705.000,1704.620,1704.690,12
SQ:XAUUSD,2020-04-17T05:49:00+02:00,1704.690,1705.530,1704.450,1704.760,27
SQ:XAUUSD,2020-04-17T05:50:00+02:00,1704.760,1705.340,1704.660,1704.920,68
SQ:XAUUSD,2020-04-17T05:51:00+02:00,1704.920,1705.240,1704.850,1704.970,16
SQ:XAUUSD,2020-04-17T05:52:00+02:00,1704.970,1705.150,1704.860,1704.860,8
SQ:XAUUSD,2020-04-17T05:53:00+02:00,1704.860,1705.070,1704.860,1705.070,3
SQ:XAUUSD,2020-04-17T05:54:00+02:00,1705.070,1705.090,1705.070,1705.090,2
SQ:XAUUSD,2020-04-17T05:55:00+02:00,1705.090,1705.130,1705.070,1705.130,3
SQ:XAUUSD,2020-04-17T05:56:00+02:00,1705.130,1705.280,1704.990,1705.052,21
SQ:XAUUSD,2020-04-17T05:57:00+02:00,1705.050,1705.450,1705.050,1705.320,30
SQ:XAUUSD,2020-04-17T05:58:00+02:00,1705.400,1705.610,1705.240,1705.240,42
SQ:XAUUSD,2020-04-17T05:59:00+02:00,1705.240,1705.240,1704.450,1704.570,33
SQ:XAUUSD,2020-04-17T06:00:00+02:00,1704.570,1704.800,1704.480,1704.610,27
SQ:XAUUSD,2020-04-17T06:01:00+02:00,1704.620,1704.930,1704.540,1704.540,12
SQ:XAUUSD,2020-04-17T06:02:00+02:00,1704.540,1705.220,1704.500,1704.500,31
SQ:XAUUSD,2020-04-17T06:03:00+02:00,1704.500,1704.590,1704.430,1704.460,22
SQ:XAUUSD,2020-04-17T06:04:00+02:00,1704.460,1704.990,1704.370,1704.660,74
SQ:XAUUSD,2020-04-17T06:05:00+02:00,1704.660,1704.710,1704.600,1704.600,5
SQ:XAUUSD,2020-04-17T06:06:00+02:00,1704.600,1704.890,1704.600,1704.740,24
SQ:XAUUSD,2020-04-17T06:07:00+02:00,1704.700,1705.330,1704.700,1705.330,25
SQ:XAUUSD,2020-04-17T06:08:00+02:00,1705.320,1705.410,1704.890,1705.410,4
SQ:XAUUSD,2020-04-17T06:09:00+02:00,1705.410,1706.110,1704.660,1705.620,44
SQ:XAUUSD,2020-04-17T06:10:00+02:00,1705.620,1705.760,1704.320,1704.990,43
SQ:XAUUSD,2020-04-17T06:11:00+02:00,1704.990,1705.050,1704.490,1704.740,28
SQ:XAUUSD,2020-04-17T06:12:00+02:00,1704.730,1705.170,1704.610,1705.170,23
SQ:XAUUSD,2020-04-17T06:13:00+02:00,1705.180,1705.240,1703.970,1703.970,37
SQ:XAUUSD,2020-04-17T06:14:00+02:00,1703.930,1704.530,1703.680,1704.480,20
SQ:XAUUSD,2020-04-17T06:15:00+02:00,1704.480,1704.540,1703.910,1703.910,89
SQ:XAUUSD,2020-04-17T06:16:00+02:00,1703.910,1704.030,1703.910,1704.000,4
SQ:XAUUSD,2020-04-17T06:17:00+02:00,1704.000,1704.150,1704.000,1704.150,3
SQ:XAUUSD,2020-04-17T06:18:00+02:00,1704.150,1704.170,1703.990,1703.990,3
SQ:XAUUSD,2020-04-17T06:19:00+02:00,1703.990,1704.040,1703.850,1703.920,9
SQ:XAUUSD,2020-04-17T06:20:00+02:00,1703.920,1703.920,1703.370,1703.420,12
SQ:XAUUSD,2020-04-17T06:21:00+02:00,1703.420,1703.510,1703.380,1703.430,8
SQ:XAUUSD,2020-04-17T06:22:00+02:00,1703.420,1703.470,1703.010,1703.060,10
SQ:XAUUSD,2020-04-17T06:23:00+02:00,1703.060,1703.290,1700.600,1701.230,164
SQ:XAUUSD,2020-04-17T06:24:00+02:00,1701.260,1703.150,1700.850,1703.110,98
SQ:XAUUSD,2020-04-17T06:25:00+02:00,1703.160,1703.720,1702.840,1703.510,28
SQ:XAUUSD,2020-04-17T06:26:00+02:00,1703.510,1704.470,1703.510,1704.460,30
SQ:XAUUSD,2020-04-17T06:27:00+02:00,1704.460,1705.350,1704.460,1705.100,48
SQ:XAUUSD,2020-04-17T06:28:00+02:00,1705.100,1706.300,1705.100,1705.810,54
SQ:XAUUSD,2020-04-17T06:29:00+02:00,1705.810,1706.290,1704.500,1704.510,70
SQ:XAUUSD,2020-04-17T06:30:00+02:00,1704.510,1706.140,1704.370,1705.390,27
SQ:XAUUSD,2020-04-17T06:31:00+02:00,1705.540,1706.310,1705.230,1706.310,46
SQ:XAUUSD,2020-04-17T06:32:00+02:00,1706.320,1706.790,1705.550,1705.910,67
SQ:XAUUSD,2020-04-17T06:33:00+02:00,1705.910,1706.480,1705.700,1706.010,21
SQ:XAUUSD,2020-04-17T06:34:00+02:00,1706.010,1706.520,1704.730,1704.730,21
SQ:XAUUSD,2020-04-17T06:35:00+02:00,1704.650,1705.730,1704.460,1705.140,45
SQ:XAUUSD,2020-04-17T06:36:00+02:00,1705.140,1706.210,1704.810,1705.740,91
SQ:XAUUSD,2020-04-17T06:37:00+02:00,1705.740,1705.860,1705.610,1705.620,14
SQ:XAUUSD,2020-04-17T06:38:00+02:00,1705.620,1705.640,1704.650,1705.320,40
SQ:XAUUSD,2020-04-17T06:39:00+02:00,1705.320,1705.320,1704.670,1704.830,32
SQ:XAUUSD,2020-04-17T06:40:00+02:00,1704.830,1705.290,1704.750,1705.110,34
SQ:XAUUSD,2020-04-17T06:41:00+02:00,1705.160,1705.180,1704.960,1704.980,24
SQ:XAUUSD,2020-04-17T06:42:00+02:00,1704.980,1705.150,1704.870,1704.920,10
SQ:XAUUSD,2020-04-17T06:43:00+02:00,1704.920,1705.150,1704.920,1705.080,34
SQ:XAUUSD,2020-04-17T06:44:00+02:00,1705.080,1705.290,1704.890,1705.280,23
SQ:XAUUSD,2020-04-17T06:45:00+02:00,1705.280,1705.390,1705.120,1705.390,27
SQ:XAUUSD,2020-04-17T06:46:00+02:00,1705.390,1705.500,1705.120,1705.260,19
SQ:XAUUSD,2020-04-17T06:47:00+02:00,1705.260,1706.280,1705.260,1706.010,48
SQ:XAUUSD,2020-04-17T06:48:00+02:00,1706.010,1706.020,1705.780,1705.930,16
SQ:XAUUSD,2020-04-17T06:49:00+02:00,1705.930,1705.990,1705.820,1705.910,14
SQ:XAUUSD,2020-04-17T06:50:00+02:00,1705.910,1706.640,1705.910,1706.110,58
SQ:XAUUSD,2020-04-17T06:51:00+02:00,1706.110,1706.200,1706.090,1706.200,6
SQ:XAUUSD,2020-04-17T06:52:00+02:00,1706.200,1706.460,1706.150,1706.460,12
SQ:XAUUSD,2020-04-17T06:53:00+02:00,1706.460,1706.470,1706.380,1706.390,20
SQ:XAUUSD,2020-04-17T06:54:00+02:00,1706.390,1707.560,1706.240,1707.560,16
SQ:XAUUSD,2020-04-17T06:55:00+02:00,1707.560,1707.560,1707.260,1707.260,22
SQ:XAUUSD,2020-04-17T06:56:00+02:00,1707.260,1707.570,1707.260,1707.560,7
SQ:XAUUSD,2020-04-17T06:57:00+02:00,1707.560,1707.570,1707.560,1707.560,3
SQ:XAUUSD,2020-04-17T06:58:00+02:00,1707.560,1707.700,1706.300,1707.560,42
SQ:XAUUSD,2020-04-17T06:59:00+02:00,1707.560,1707.630,1707.140,1707.140,13
SQ:XAUUSD,2020-04-17T07:00:00+02:00,1707.140,1707.350,1706.510,1707.030,45
SQ:XAUUSD,2020-04-17T07:01:00+02:00,1707.030,1707.230,1706.920,1707.230,28
SQ:XAUUSD,2020-04-17T07:02:00+02:00,1707.230,1707.230,1707.050,1707.150,11
SQ:XAUUSD,2020-04-17T07:03:00+02:00,1707.150,1708.110,1707.150,1707.620,40
SQ:XAUUSD,2020-04-17T07:04:00+02:00,1707.620,1707.660,1707.090,1707.400,82
SQ:XAUUSD,2020-04-17T07:05:00+02:00,1707.400,1707.930,1707.400,1707.650,47
SQ:XAUUSD,2020-04-17T07:06:00+02:00,1707.650,1707.970,1707.650,1707.830,11
SQ:XAUUSD,2020-04-17T07:07:00+02:00,1707.830,1707.960,1707.740,1707.740,5
SQ:XAUUSD,2020-04-17T07:08:00+02:00,1707.740,1707.740,1706.580,1707.390,80
SQ:XAUUSD,2020-04-17T07:09:00+02:00,1707.310,1707.880,1706.980,1707.560,68
SQ:XAUUSD,2020-04-17T07:10:00+02:00,1707.560,1707.710,1706.900,1707.710,24
SQ:XAUUSD,2020-04-17T07:11:00+02:00,1707.780,1707.850,1707.410,1707.410,19
SQ:XAUUSD,2020-04-17T07:12:00+02:00,1707.410,1707.410,1706.070,1706.350,20
SQ:XAUUSD,2020-04-17T07:13:00+02:00,1706.350,1706.400,1706.120,1706.120,26
SQ:XAUUSD,2020-04-17T07:14:00+02:00,1706.120,1706.120,1705.880,1706.030,21
SQ:XAUUSD,2020-04-17T07:15:00+02:00,1706.030,1706.030,1705.342,1705.480,18
SQ:XAUUSD,2020-04-17T07:16:00+02:00,1705.480,1706.280,1705.300,1706.280,14
SQ:XAUUSD,2020-04-17T07:17:00+02:00,1706.280,1706.350,1706.190,1706.280,9
SQ:XAUUSD,2020-04-17T07:18:00+02:00,1706.280,1706.440,1706.280,1706.380,12
SQ:XAUUSD,2020-04-17T07:19:00+02:00,1706.380,1706.440,1706.220,1706.220,6
SQ:XAUUSD,2020-04-17T07:20:00+02:00,1706.220,1706.590,1706.170,1706.500,10
SQ:XAUUSD,2020-04-17T07:21:00+02:00,1706.500,1706.910,1706.350,1706.680,30
SQ:XAUUSD,2020-04-17T07:22:00+02:00,1706.770,1706.970,1706.610,1706.970,22
SQ:XAUUSD,2020-04-17T07:23:00+02:00,1706.850,1706.970,1706.400,1706.450,39
SQ:XAUUSD,2020-04-17T07:24:00+02:00,1706.450,1706.500,1704.860,1705.042,49
SQ:XAUUSD,2020-04-17T07:25:00+02:00,1704.872,1705.160,1704.692,1704.920,48
SQ:XAUUSD,2020-04-17T07:26:00+02:00,1704.850,1705.740,1704.710,1704.710,31
SQ:XAUUSD,2020-04-17T07:27:00+02:00,1704.710,1704.710,1703.510,1703.946,93
SQ:XAUUSD,2020-04-17T07:28:00+02:00,1703.874,1704.472,1703.170,1703.560,65
SQ:XAUUSD,2020-04-17T07:29:00+02:00,1703.560,1704.120,1702.690,1703.900,60
SQ:XAUUSD,2020-04-17T07:30:00+02:00,1703.900,1704.890,1703.170,1704.870,111
SQ:XAUUSD,2020-04-17T07:31:00+02:00,1704.830,1705.800,1703.880,1704.302,57
SQ:XAUUSD,2020-04-17T07:32:00+02:00,1704.302,1706.950,1704.140,1704.920,85
SQ:XAUUSD,2020-04-17T07:33:00+02:00,1704.840,1706.684,1704.680,1704.800,83
SQ:XAUUSD,2020-04-17T07:34:00+02:00,1704.800,1705.542,1704.110,1704.220,71
SQ:XAUUSD,2020-04-17T07:35:00+02:00,1704.220,1705.404,1703.590,1704.386,254
SQ:XAUUSD,2020-04-17T07:36:00+02:00,1703.990,1705.718,1703.690,1704.650,159
SQ:XAUUSD,2020-04-17T07:37:00+02:00,1705.132,1705.340,1703.670,1704.738,178
SQ:XAUUSD,2020-04-17T07:38:00+02:00,1704.708,1705.302,1703.540,1704.404,104
SQ:XAUUSD,2020-04-17T07:39:00+02:00,1704.400,1705.040,1703.500,1704.350,56
SQ:XAUUSD,2020-04-17T07:40:00+02:00,1704.372,1704.452,1703.506,1704.212,157
SQ:XAUUSD,2020-04-17T07:41:00+02:00,1704.212,1704.804,1702.820,1703.322,72
SQ:XAUUSD,2020-04-17T07:42:00+02:00,1703.322,1703.342,1702.750,1702.770,23
SQ:XAUUSD,2020-04-17T07:43:00+02:00,1702.770,1703.140,1702.220,1702.730,25
SQ:XAUUSD,2020-04-17T07:44:00+02:00,1702.730,1703.892,1702.258,1702.390,87
SQ:XAUUSD,2020-04-17T07:45:00+02:00,1702.380,1703.140,1702.320,1702.720,122
SQ:XAUUSD,2020-04-17T07:46:00+02:00,1702.720,1702.760,1702.260,1702.270,93
SQ:XAUUSD,2020-04-17T07:47:00+02:00,1702.210,1702.590,1701.990,1702.510,104
SQ:XAUUSD,2020-04-17T07:48:00+02:00,1702.450,1703.950,1702.450,1703.450,76
SQ:XAUUSD,2020-04-17T07:49:00+02:00,1703.450,1703.710,1703.430,1703.710,45
SQ:XAUUSD,2020-04-17T07:50:00+02:00,1703.710,1703.950,1703.100,1703.190,55
SQ:XAUUSD,2020-04-17T07:51:00+02:00,1703.190,1703.190,1702.770,1702.900,77
SQ:XAUUSD,2020-04-17T07:52:00+02:00,1703.110,1703.720,1703.020,1703.550,43
SQ:XAUUSD,2020-04-17T07:53:00+02:00,1703.550,1703.640,1703.080,1703.110,34
SQ:XAUUSD,2020-04-17T07:54:00+02:00,1703.110,1703.220,1702.210,1702.350,54
SQ:XAUUSD,2020-04-17T07:55:00+02:00,1702.350,1702.760,1699.130,1699.920,221
SQ:XAUUSD,2020-04-17T07:56:00+02:00,1699.920,1700.270,1697.340,1698.210,309
SQ:XAUUSD,2020-04-17T07:57:00+02:00,1698.210,1698.260,1695.810,1696.400,169
SQ:XAUUSD,2020-04-17T07:58:00+02:00,1696.400,1696.760,1692.410,1692.500,185
SQ:XAUUSD,2020-04-17T07:59:00+02:00,1692.550,1694.640,1692.190,1694.192,175
SQ:XAUUSD,2020-04-17T08:00:00+02:00,1694.042,1694.330,1693.180,1694.310,168
SQ:XAUUSD,2020-04-17T08:01:00+02:00,1694.310,1694.340,1692.630,1692.630,114
SQ:XAUUSD,2020-04-17T08:02:00+02:00,1692.630,1693.420,1688.770,1689.600,193
SQ:XAUUSD,2020-04-17T08:03:00+02:00,1689.600,1690.352,1687.210,1687.900,301
SQ:XAUUSD,2020-04-17T08:04:00+02:00,1687.880,1689.640,1686.640,1688.430,214
SQ:XAUUSD,2020-04-17T08:05:00+02:00,1688.430,1689.328,1686.690,1688.380,186
SQ:XAUUSD,2020-04-17T08:06:00+02:00,1687.980,1689.280,1686.880,1687.370,153
SQ:XAUUSD,2020-04-17T08:07:00+02:00,1687.370,1689.680,1687.120,1687.380,184
SQ:XAUUSD,2020-04-17T08:08:00+02:00,1687.380,1688.000,1687.190,1687.742,74
SQ:XAUUSD,2020-04-17T08:09:00+02:00,1687.390,1687.710,1684.670,1685.640,238
SQ:XAUUSD,2020-04-17T08:10:00+02:00,1685.680,1686.900,1684.560,1686.210,202
SQ:XAUUSD,2020-04-17T08:11:00+02:00,1686.210,1687.572,1685.670,1686.314,333
SQ:XAUUSD,2020-04-17T08:12:00+02:00,1686.366,1686.810,1685.012,1686.500,474
SQ:XAUUSD,2020-04-17T08:13:00+02:00,1686.500,1687.830,1685.670,1687.280,398
SQ:XAUUSD,2020-04-17T08:14:00+02:00,1687.370,1689.070,1687.090,1688.710,186
SQ:XAUUSD,2020-04-17T08:15:00+02:00,1688.670,1689.010,1688.280,1688.540,91
SQ:XAUUSD,2020-04-17T08:16:00+02:00,1688.500,1689.480,1687.260,1689.410,206
SQ:XAUUSD,2020-04-17T08:17:00+02:00,1689.340,1690.028,1688.170,1689.250,338
SQ:XAUUSD,2020-04-17T08:18:00+02:00,1689.210,1689.700,1688.610,1689.190,219
SQ:XAUUSD,2020-04-17T08:19:00+02:00,1689.190,1690.470,1688.500,1689.712,167
SQ:XAUUSD,2020-04-17T08:20:00+02:00,1689.712,1691.644,1689.432,1690.682,302
SQ:XAUUSD,2020-04-17T08:21:00+02:00,1690.702,1691.664,1690.110,1690.582,200
SQ:XAUUSD,2020-04-17T08:22:00+02:00,1690.470,1690.890,1689.360,1690.410,174
SQ:XAUUSD,2020-04-17T08:23:00+02:00,1690.430,1692.760,1690.330,1692.760,154
SQ:XAUUSD,2020-04-17T08:24:00+02:00,1692.760,1693.720,1690.210,1691.890,98
SQ:XAUUSD,2020-04-17T08:25:00+02:00,1691.840,1693.670,1690.580,1692.570,48
SQ:XAUUSD,2020-04-17T08:26:00+02:00,1692.670,1693.380,1691.780,1693.380,54
SQ:XAUUSD,2020-04-17T08:27:00+02:00,1693.380,1693.640,1693.060,1693.360,78
SQ:XAUUSD,2020-04-17T08:28:00+02:00,1693.400,1695.100,1693.400,1693.850,99
SQ:XAUUSD,2020-04-17T08:29:00+02:00,1693.850,1694.530,1693.850,1694.340,74
SQ:XAUUSD,2020-04-17T08:30:00+02:00,1694.390,1695.350,1694.370,1694.790,169
SQ:XAUUSD,2020-04-17T08:31:00+02:00,1694.810,1695.040,1694.450,1694.670,81
SQ:XAUUSD,2020-04-17T08:32:00+02:00,1694.670,1696.200,1694.400,1696.180,52
SQ:XAUUSD,2020-04-17T08:33:00+02:00,1696.180,1696.300,1694.520,1695.060,59
SQ:XAUUSD,2020-04-17T08:34:00+02:00,1695.060,1696.000,1694.670,1695.890,87
SQ:XAUUSD,2020-04-17T08:35:00+02:00,1695.890,1696.970,1695.650,1696.450,136
SQ:XAUUSD,2020-04-17T08:36:00+02:00,1696.600,1697.220,1695.840,1696.290,143
SQ:XAUUSD,2020-04-17T08:37:00+02:00,1696.290,1696.890,1695.780,1696.890,74
SQ:XAUUSD,2020-04-17T08:38:00+02:00,1696.836,1697.740,1696.420,1697.410,99
SQ:XAUUSD,2020-04-17T08:39:00+02:00,1697.480,1698.210,1696.860,1696.870,167
SQ:XAUUSD,2020-04-17T08:40:00+02:00,1696.870,1697.958,1696.570,1696.570,176
SQ:XAUUSD,2020-04-17T08:41:00+02:00,1696.580,1697.350,1696.270,1696.850,124
SQ:XAUUSD,2020-04-17T08:42:00+02:00,1696.850,1696.900,1695.880,1696.160,125
SQ:XAUUSD,2020-04-17T08:43:00+02:00,1696.160,1696.470,1695.890,1696.300,70
SQ:XAUUSD,2020-04-17T08:44:00+02:00,1696.350,1697.500,1695.130,1697.420,162
SQ:XAUUSD,2020-04-17T08:45:00+02:00,1697.420,1697.420,1696.590,1696.930,78
SQ:XAUUSD,2020-04-17T08:46:00+02:00,1696.960,1697.180,1696.930,1696.930,72
SQ:XAUUSD,2020-04-17T08:47:00+02:00,1696.930,1697.160,1696.920,1697.140,80
SQ:XAUUSD,2020-04-17T08:48:00+02:00,1697.090,1698.140,1696.730,1698.070,77
SQ:XAUUSD,2020-04-17T08:49:00+02:00,1698.070,1699.150,1697.840,1699.090,83
SQ:XAUUSD,2020-04-17T08:50:00+02:00,1699.090,1702.690,1698.890,1702.180,269
SQ:XAUUSD,2020-04-17T08:51:00+02:00,1702.130,1702.360,1700.860,1701.800,216
SQ:XAUUSD,2020-04-17T08:52:00+02:00,1701.800,1702.310,1700.130,1700.440,145
SQ:XAUUSD,2020-04-17T08:53:00+02:00,1700.510,1702.310,1700.150,1701.610,187
SQ:XAUUSD,2020-04-17T08:54:00+02:00,1701.600,1705.260,1701.300,1703.110,278
SQ:XAUUSD,2020-04-17T08:55:00+02:00,1703.220,1703.880,1702.340,1703.030,208
SQ:XAUUSD,2020-04-17T08:56:00+02:00,1703.030,1703.430,1701.580,1701.780,141
SQ:XAUUSD,2020-04-17T08:57:00+02:00,1701.780,1702.930,1701.330,1702.930,85
SQ:XAUUSD,2020-04-17T08:58:00+02:00,1702.930,1704.730,1702.630,1704.580,125
SQ:XAUUSD,2020-04-17T08:59:00+02:00,1704.340,1705.130,1703.150,1703.180,107
SQ:XAUUSD,2020-04-17T09:00:00+02:00,1703.230,1704.580,1703.230,1703.900,155
SQ:XAUUSD,2020-04-17T09:01:00+02:00,1703.900,1704.120,1702.480,1703.220,162
SQ:XAUUSD,2020-04-17T09:02:00+02:00,1703.070,1704.020,1702.200,1702.500,216
SQ:XAUUSD,2020-04-17T09:03:00+02:00,1702.450,1702.780,1702.130,1702.270,74
SQ:XAUUSD,2020-04-17T09:04:00+02:00,1702.270,1702.830,1701.790,1701.930,108
SQ:XAUUSD,2020-04-17T09:05:00+02:00,1701.930,1703.430,1701.830,1702.630,108
SQ:XAUUSD,2020-04-17T09:06:00+02:00,1702.500,1702.660,1701.580,1701.580,141
SQ:XAUUSD,2020-04-17T09:07:00+02:00,1701.580,1703.080,1701.250,1702.030,69
SQ:XAUUSD,2020-04-17T09:08:00+02:00,1702.130,1702.530,1699.730,1700.880,82
SQ:XAUUSD,2020-04-17T09:09:00+02:00,1700.880,1701.080,1699.330,1699.420,140
SQ:XAUUSD,2020-04-17T09:10:00+02:00,1699.420,1700.500,1697.640,1697.890,140
SQ:XAUUSD,2020-04-17T09:11:00+02:00,1697.890,1699.250,1697.360,1697.360,102
SQ:XAUUSD,2020-04-17T09:12:00+02:00,1697.360,1697.470,1696.320,1696.640,133
SQ:XAUUSD,2020-04-17T09:13:00+02:00,1696.670,1697.170,1696.550,1696.880,161
SQ:XAUUSD,2020-04-17T09:14:00+02:00,1696.880,1697.170,1696.640,1696.760,158
SQ:XAUUSD,2020-04-17T09:15:00+02:00,1696.760,1696.990,1695.750,1695.750,91
SQ:XAUUSD,2020-04-17T09:16:00+02:00,1695.750,1695.810,1694.630,1695.410,168
SQ:XAUUSD,2020-04-17T09:17:00+02:00,1695.480,1695.480,1693.950,1695.250,142
SQ:XAUUSD,2020-04-17T09:18:00+02:00,1695.400,1695.460,1694.050,1694.290,157
SQ:XAUUSD,2020-04-17T09:19:00+02:00,1694.290,1694.874,1694.120,1694.502,132
SQ:XAUUSD,2020-04-17T09:20:00+02:00,1694.482,1694.960,1693.962,1694.800,154
SQ:XAUUSD,2020-04-17T09:21:00+02:00,1694.790,1695.150,1694.450,1694.480,127
SQ:XAUUSD,2020-04-17T09:22:00+02:00,1694.480,1696.084,1694.430,1695.410,129
SQ:XAUUSD,2020-04-17T09:23:00+02:00,1695.410,1695.460,1694.780,1695.110,95
SQ:XAUUSD,2020-04-17T09:24:00+02:00,1695.150,1695.200,1694.540,1694.540,104
SQ:XAUUSD,2020-04-17T09:25:00+02:00,1694.540,1694.700,1690.360,1690.670,299
SQ:XAUUSD,2020-04-17T09:26:00+02:00,1690.290,1691.260,1689.630,1690.590,187
SQ:XAUUSD,2020-04-17T09:27:00+02:00,1690.590,1690.870,1688.920,1689.980,250
SQ:XAUUSD,2020-04-17T09:28:00+02:00,1689.680,1692.810,1689.250,1691.790,255
SQ:XAUUSD,2020-04-17T09:29:00+02:00,1692.060,1693.250,1691.250,1693.170,164
SQ:XAUUSD,2020-04-17T09:30:00+02:00,1693.110,1695.010,1692.150,1694.860,190
SQ:XAUUSD,2020-04-17T09:31:00+02:00,1694.670,1695.000,1693.250,1693.290,186
SQ:XAUUSD,2020-04-17T09:32:00+02:00,1693.290,1695.940,1693.290,1695.600,175
SQ:XAUUSD,2020-04-17T09:33:00+02:00,1695.600,1696.990,1695.440,1696.150,142
SQ:XAUUSD,2020-04-17T09:34:00+02:00,1696.150,1696.200,1695.140,1696.020,122
SQ:XAUUSD,2020-04-17T09:35:00+02:00,1695.940,1696.690,1694.870,1695.210,219
SQ:XAUUSD,2020-04-17T09:36:00+02:00,1695.210,1695.210,1692.830,1692.850,183
SQ:XAUUSD,2020-04-17T09:37:00+02:00,1692.900,1694.980,1692.070,1693.940,239
SQ:XAUUSD,2020-04-17T09:38:00+02:00,1693.900,1694.890,1693.510,1694.390,114
SQ:XAUUSD,2020-04-17T09:39:00+02:00,1694.390,1694.910,1693.450,1694.270,58
SQ:XAUUSD,2020-04-17T09:40:00+02:00,1694.270,1695.020,1692.820,1693.730,173
SQ:XAUUSD,2020-04-17T09:41:00+02:00,1693.640,1695.780,1693.590,1695.330,148
SQ:XAUUSD,2020-04-17T09:42:00+02:00,1695.330,1695.700,1692.680,1694.740,112
SQ:XAUUSD,2020-04-17T09:43:00+02:00,1694.820,1694.820,1693.050,1693.880,180
SQ:XAUUSD,2020-04-17T09:44:00+02:00,1693.730,1694.274,1693.660,1694.000,105
SQ:XAUUSD,2020-04-17T09:45:00+02:00,1694.000,1694.290,1693.540,1694.290,98
SQ:XAUUSD,2020-04-17T09:46:00+02:00,1694.290,1696.850,1694.250,1694.630,239
SQ:XAUUSD,2020-04-17T09:47:00+02:00,1694.630,1695.410,1693.590,1694.360,195
SQ:XAUUSD,2020-04-17T09:48:00+02:00,1694.360,1695.120,1694.190,1694.970,134
SQ:XAUUSD,2020-04-17T09:49:00+02:00,1694.970,1695.410,1694.580,1695.300,129
SQ:XAUUSD,2020-04-17T09:50:00+02:00,1695.300,1695.440,1694.300,1694.570,44
SQ:XAUUSD,2020-04-17T09:51:00+02:00,1694.570,1695.540,1694.560,1695.230,65
SQ:XAUUSD,2020-04-17T09:52:00+02:00,1695.230,1696.010,1694.350,1694.930,127
SQ:XAUUSD,2020-04-17T09:53:00+02:00,1694.980,1695.000,1694.400,1694.620,52
SQ:XAUUSD,2020-04-17T09:54:00+02:00,1694.620,1696.630,1694.620,1696.630,64
SQ:XAUUSD,2020-04-17T09:55:00+02:00,1696.630,1697.050,1695.800,1696.670,151
SQ:XAUUSD,2020-04-17T09:56:00+02:00,1696.670,1696.850,1695.630,1696.260,125
SQ:XAUUSD,2020-04-17T09:57:00+02:00,1696.260,1696.520,1695.040,1695.040,61
SQ:XAUUSD,2020-04-17T09:58:00+02:00,1695.080,1695.160,1694.670,1695.160,48
SQ:XAUUSD,2020-04-17T09:59:00+02:00,1695.160,1695.280,1694.650,1694.710,46
SQ:XAUUSD,2020-04-17T10:00:00+02:00,1694.660,1695.620,1694.660,1695.560,74
SQ:XAUUSD,2020-04-17T10:01:00+02:00,1695.570,1695.600,1693.994,1695.060,147
SQ:XAUUSD,2020-04-17T10:02:00+02:00,1695.130,1695.200,1692.850,1694.580,177
SQ:XAUUSD,2020-04-17T10:03:00+02:00,1694.570,1694.870,1693.366,1694.520,94
SQ:XAUUSD,2020-04-17T10:04:00+02:00,1694.520,1694.890,1694.100,1694.100,80
SQ:XAUUSD,2020-04-17T10:05:00+02:00,1694.100,1694.100,1693.410,1694.100,80
SQ:XAUUSD,2020-04-17T10:06:00+02:00,1694.090,1695.130,1694.090,1694.920,67
SQ:XAUUSD,2020-04-17T10:07:00+02:00,1694.900,1696.210,1694.810,1695.770,136
SQ:XAUUSD,2020-04-17T10:08:00+02:00,1695.770,1695.770,1695.160,1695.290,45
SQ:XAUUSD,2020-04-17T10:09:00+02:00,1695.280,1696.310,1695.180,1695.520,70
SQ:XAUUSD,2020-04-17T10:10:00+02:00,1695.520,1695.770,1693.870,1694.760,69
SQ:XAUUSD,2020-04-17T10:11:00+02:00,1694.720,1695.080,1693.930,1694.450,65
SQ:XAUUSD,2020-04-17T10:12:00+02:00,1694.480,1695.500,1694.480,1695.360,38
SQ:XAUUSD,2020-04-17T10:13:00+02:00,1695.460,1695.480,1694.770,1694.770,27
SQ:XAUUSD,2020-04-17T10:14:00+02:00,1694.690,1695.720,1694.480,1695.500,53
SQ:XAUUSD,2020-04-17T10:15:00+02:00,1695.520,1696.190,1695.080,1695.230,85
SQ:XAUUSD,2020-04-17T10:16:00+02:00,1695.120,1695.120,1693.760,1694.350,49
SQ:XAUUSD,2020-04-17T10:17:00+02:00,1694.350,1694.940,1694.230,1694.230,50
SQ:XAUUSD,2020-04-17T10:18:00+02:00,1694.190,1694.200,1692.400,1692.650,115
SQ:XAUUSD,2020-04-17T10:19:00+02:00,1692.630,1693.770,1692.540,1693.770,57
SQ:XAUUSD,2020-04-17T10:20:00+02:00,1693.770,1694.270,1693.310,1693.890,69
SQ:XAUUSD,2020-04-17T10:21:00+02:00,1693.890,1693.890,1692.850,1693.210,36
SQ:XAUUSD,2020-04-17T10:22:00+02:00,1693.210,1694.650,1693.210,1694.140,68
SQ:XAUUSD,2020-04-17T10:23:00+02:00,1694.140,1695.320,1693.910,1695.100,61
SQ:XAUUSD,2020-04-17T10:24:00+02:00,1695.100,1695.140,1694.220,1694.220,26
SQ:XAUUSD,2020-04-17T10:25:00+02:00,1694.220,1695.040,1694.150,1694.270,34
SQ:XAUUSD,2020-04-17T10:26:00+02:00,1694.270,1694.900,1694.210,1694.900,24
SQ:XAUUSD,2020-04-17T10:27:00+02:00,1694.900,1694.900,1694.060,1694.612,64
SQ:XAUUSD,2020-04-17T10:28:00+02:00,1694.622,1695.050,1694.520,1694.860,40
SQ:XAUUSD,2020-04-17T10:29:00+02:00,1694.860,1694.880,1694.230,1694.830,57
SQ:XAUUSD,2020-04-17T10:30:00+02:00,1694.880,1694.900,1694.170,1694.430,59
SQ:XAUUSD,2020-04-17T10:31:00+02:00,1694.430,1694.430,1690.510,1693.260,189
SQ:XAUUSD,2020-04-17T10:32:00+02:00,1693.260,1695.160,1692.550,1694.470,115
SQ:XAUUSD,2020-04-17T10:33:00+02:00,1694.470,1694.770,1693.790,1694.330,82
SQ:XAUUSD,2020-04-17T10:34:00+02:00,1694.330,1695.190,1694.320,1694.470,102
SQ:XAUUSD,2020-04-17T10:35:00+02:00,1694.570,1694.990,1694.010,1694.190,70
SQ:XAUUSD,2020-04-17T10:36:00+02:00,1694.190,1694.930,1694.190,1694.700,85
SQ:XAUUSD,2020-04-17T10:37:00+02:00,1694.750,1695.190,1694.340,1694.880,77
SQ:XAUUSD,2020-04-17T10:38:00+02:00,1694.850,1695.980,1694.770,1695.320,78
SQ:XAUUSD,2020-04-17T10:39:00+02:00,1695.320,1695.330,1694.770,1695.210,33
SQ:XAUUSD,2020-04-17T10:40:00+02:00,1695.210,1695.500,1694.980,1695.210,51
SQ:XAUUSD,2020-04-17T10:41:00+02:00,1695.230,1697.040,1695.150,1696.100,85
SQ:XAUUSD,2020-04-17T10:42:00+02:00,1695.960,1697.010,1694.700,1694.830,54
SQ:XAUUSD,2020-04-17T10:43:00+02:00,1694.800,1696.280,1694.770,1695.830,77
SQ:XAUUSD,2020-04-17T10:44:00+02:00,1695.780,1695.780,1694.930,1695.640,53
SQ:XAUUSD,2020-04-17T10:45:00+02:00,1695.640,1695.840,1695.270,1695.710,36
SQ:XAUUSD,2020-04-17T10:46:00+02:00,1695.710,1695.710,1695.110,1695.450,34
SQ:XAUUSD,2020-04-17T10:47:00+02:00,1695.450,1696.050,1694.820,1694.850,43
SQ:XAUUSD,2020-04-17T10:48:00+02:00,1694.850,1695.920,1693.830,1695.920,71
SQ:XAUUSD,2020-04-17T10:49:00+02:00,1695.920,1695.920,1694.860,1695.190,22
SQ:XAUUSD,2020-04-17T10:50:00+02:00,1695.160,1695.360,1694.700,1695.000,43
SQ:XAUUSD,2020-04-17T10:51:00+02:00,1695.000,1695.860,1695.000,1695.280,71
SQ:XAUUSD,2020-04-17T10:52:00+02:00,1695.280,1695.910,1693.880,1694.820,67
SQ:XAUUSD,2020-04-17T10:53:00+02:00,1694.800,1694.940,1693.930,1694.190,61
SQ:XAUUSD,2020-04-17T10:54:00+02:00,1694.180,1695.370,1694.180,1695.140,115
SQ:XAUUSD,2020-04-17T10:55:00+02:00,1695.140,1695.620,1694.610,1695.020,82
SQ:XAUUSD,2020-04-17T10:56:00+02:00,1695.050,1695.600,1695.050,1695.410,28
SQ:XAUUSD,2020-04-17T10:57:00+02:00,1695.410,1695.910,1695.140,1695.510,55
SQ:XAUUSD,2020-04-17T10:58:00+02:00,1695.510,1696.150,1695.180,1695.720,31
SQ:XAUUSD,2020-04-17T10:59:00+02:00,1695.720,1696.640,1695.310,1696.480,79
SQ:XAUUSD,2020-04-17T11:00:00+02:00,1696.480,1696.880,1695.410,1695.450,142
SQ:XAUUSD,2020-04-17T11:01:00+02:00,1695.450,1695.910,1695.070,1695.560,99
SQ:XAUUSD,2020-04-17T11:02:00+02:00,1695.560,1696.010,1695.370,1696.010,32
SQ:XAUUSD,2020-04-17T11:03:00+02:00,1696.010,1696.250,1695.200,1695.490,67
SQ:XAUUSD,2020-04-17T11:04:00+02:00,1695.490,1696.280,1695.490,1695.800,50
SQ:XAUUSD,2020-04-17T11:05:00+02:00,1695.800,1696.070,1695.340,1695.940,39
SQ:XAUUSD,2020-04-17T11:06:00+02:00,1695.940,1696.870,1695.890,1696.150,65
SQ:XAUUSD,2020-04-17T11:07:00+02:00,1696.150,1696.930,1695.790,1696.210,69
SQ:XAUUSD,2020-04-17T11:08:00+02:00,1696.210,1696.700,1694.690,1694.740,70
SQ:XAUUSD,2020-04-17T11:09:00+02:00,1694.730,1695.380,1694.430,1695.030,108
SQ:XAUUSD,2020-04-17T11:10:00+02:00,1695.190,1695.330,1693.180,1694.130,147
SQ:XAUUSD,2020-04-17T11:11:00+02:00,1694.060,1694.390,1692.330,1693.570,127
SQ:XAUUSD,2020-04-17T11:12:00+02:00,1693.450,1693.570,1692.610,1693.030,108
SQ:XAUUSD,2020-04-17T11:13:00+02:00,1692.910,1693.310,1691.150,1692.610,172
SQ:XAUUSD,2020-04-17T11:14:00+02:00,1692.610,1693.350,1692.610,1693.210,107
SQ:XAUUSD,2020-04-17T11:15:00+02:00,1693.370,1694.520,1693.010,1693.580,100
SQ:XAUUSD,2020-04-17T11:16:00+02:00,1693.710,1694.940,1693.400,1694.750,102
SQ:XAUUSD,2020-04-17T11:17:00+02:00,1694.750,1694.970,1693.750,1694.140,100
SQ:XAUUSD,2020-04-17T11:18:00+02:00,1694.140,1694.780,1693.740,1694.390,60
SQ:XAUUSD,2020-04-17T11:19:00+02:00,1694.320,1695.010,1694.200,1694.320,66
SQ:XAUUSD,2020-04-17T11:20:00+02:00,1694.290,1695.400,1694.080,1694.940,90
SQ:XAUUSD,2020-04-17T11:21:00+02:00,1694.940,1696.190,1694.940,1695.880,70
SQ:XAUUSD,2020-04-17T11:22:00+02:00,1695.880,1696.420,1695.230,1695.230,74
SQ:XAUUSD,2020-04-17T11:23:00+02:00,1695.320,1695.760,1694.390,1694.630,58
SQ:XAUUSD,2020-04-17T11:24:00+02:00,1694.630,1695.120,1694.030,1694.810,68
SQ:XAUUSD,2020-04-17T11:25:00+02:00,1694.810,1695.120,1694.520,1694.680,82
SQ:XAUUSD,2020-04-17T11:26:00+02:00,1694.680,1695.010,1694.400,1694.460,34
SQ:XAUUSD,2020-04-17T11:27:00+02:00,1694.500,1694.780,1693.230,1693.790,85
SQ:XAUUSD,2020-04-17T11:28:00+02:00,1693.760,1694.110,1693.120,1693.680,88
SQ:XAUUSD,2020-04-17T11:29:00+02:00,1693.680,1693.680,1691.960,1693.290,103
SQ:XAUUSD,2020-04-17T11:30:00+02:00,1693.300,1694.990,1693.280,1693.970,76
SQ:XAUUSD,2020-04-17T11:31:00+02:00,1693.990,1694.850,1693.780,1694.820,27
SQ:XAUUSD,2020-04-17T11:32:00+02:00,1694.820,1694.820,1693.980,1694.450,21
SQ:XAUUSD,2020-04-17T11:33:00+02:00,1694.450,1694.800,1691.390,1692.060,92
SQ:XAUUSD,2020-04-17T11:34:00+02:00,1692.060,1692.710,1689.110,1690.510,322
SQ:XAUUSD,2020-04-17T11:35:00+02:00,1690.510,1693.620,1690.490,1693.130,294
SQ:XAUUSD,2020-04-17T11:36:00+02:00,1693.130,1693.410,1692.430,1692.760,128
SQ:XAUUSD,2020-04-17T11:37:00+02:00,1692.800,1693.760,1692.570,1693.670,106
SQ:XAUUSD,2020-04-17T11:38:00+02:00,1693.670,1693.970,1692.710,1693.690,74
SQ:XAUUSD,2020-04-17T11:39:00+02:00,1693.690,1693.690,1692.380,1693.240,139
SQ:XAUUSD,2020-04-17T11:40:00+02:00,1693.240,1695.260,1692.800,1694.280,162
SQ:XAUUSD,2020-04-17T11:41:00+02:00,1694.280,1695.220,1693.540,1694.600,145
SQ:XAUUSD,2020-04-17T11:42:00+02:00,1694.600,1694.600,1693.240,1693.580,97
SQ:XAUUSD,2020-04-17T11:43:00+02:00,1693.580,1694.580,1693.240,1693.950,91
SQ:XAUUSD,2020-04-17T11:44:00+02:00,1693.970,1693.970,1693.050,1693.220,55
SQ:XAUUSD,2020-04-17T11:45:00+02:00,1693.220,1693.660,1692.470,1693.070,76
SQ:XAUUSD,2020-04-17T11:46:00+02:00,1693.070,1693.760,1692.690,1693.760,37
SQ:XAUUSD,2020-04-17T11:47:00+02:00,1693.800,1694.170,1691.750,1692.960,150
SQ:XAUUSD,2020-04-17T11:48:00+02:00,1692.960,1693.380,1692.090,1693.130,169
SQ:XAUUSD,2020-04-17T11:49:00+02:00,1693.102,1693.102,1691.910,1692.210,156
SQ:XAUUSD,2020-04-17T11:50:00+02:00,1692.210,1692.710,1691.530,1691.860,152
SQ:XAUUSD,2020-04-17T11:51:00+02:00,1691.820,1692.270,1691.450,1691.800,175
SQ:XAUUSD,2020-04-17T11:52:00+02:00,1691.720,1691.910,1691.280,1691.800,103
SQ:XAUUSD,2020-04-17T11:53:00+02:00,1691.760,1692.210,1691.520,1692.190,162
SQ:XAUUSD,2020-04-17T11:54:00+02:00,1692.210,1692.210,1691.470,1691.700,181
SQ:XAUUSD,2020-04-17T11:55:00+02:00,1691.700,1692.540,1691.460,1691.680,139
SQ:XAUUSD,2020-04-17T11:56:00+02:00,1691.680,1692.200,1691.050,1691.560,122
SQ:XAUUSD,2020-04-17T11:57:00+02:00,1691.560,1692.450,1691.120,1691.320,345
SQ:XAUUSD,2020-04-17T11:58:00+02:00,1691.390,1691.390,1690.470,1690.620,269
SQ:XAUUSD,2020-04-17T11:59:00+02:00,1690.520,1690.920,1689.900,1690.170,278
SQ:XAUUSD,2020-04-17T12:00:00+02:00,1690.170,1691.340,1690.170,1690.640,84
SQ:XAUUSD,2020-04-17T12:01:00+02:00,1690.610,1691.690,1690.550,1690.670,351
SQ:XAUUSD,2020-04-17T12:02:00+02:00,1690.670,1691.090,1689.210,1689.290,161
SQ:XAUUSD,2020-04-17T12:03:00+02:00,1689.290,1690.260,1688.810,1690.060,221
SQ:XAUUSD,2020-04-17T12:04:00+02:00,1690.100,1690.130,1687.960,1688.000,200
SQ:XAUUSD,2020-04-17T12:05:00+02:00,1688.000,1688.550,1687.890,1688.070,115
SQ:XAUUSD,2020-04-17T12:06:00+02:00,1688.120,1688.450,1687.600,1687.730,198
SQ:XAUUSD,2020-04-17T12:07:00+02:00,1687.790,1688.910,1687.390,1688.210,154
SQ:XAUUSD,2020-04-17T12:08:00+02:00,1688.190,1689.100,1687.990,1688.040,131
SQ:XAUUSD,2020-04-17T12:09:00+02:00,1688.040,1689.740,1688.040,1689.580,258
SQ:XAUUSD,2020-04-17T12:10:00+02:00,1689.470,1690.112,1688.870,1689.070,146
SQ:XAUUSD,2020-04-17T12:11:00+02:00,1689.070,1689.830,1688.380,1688.530,263
SQ:XAUUSD,2020-04-17T12:12:00+02:00,1688.530,1689.444,1688.120,1689.070,154
SQ:XAUUSD,2020-04-17T12:13:00+02:00,1689.070,1689.440,1688.800,1689.310,53
SQ:XAUUSD,2020-04-17T12:14:00+02:00,1689.310,1689.640,1688.010,1688.540,89
SQ:XAUUSD,2020-04-17T12:15:00+02:00,1688.590,1688.640,1687.812,1688.100,301
SQ:XAUUSD,2020-04-17T12:16:00+02:00,1688.100,1688.250,1687.410,1688.080,198
SQ:XAUUSD,2020-04-17T12:17:00+02:00,1687.940,1688.110,1685.600,1685.760,285
SQ:XAUUSD,2020-04-17T12:18:00+02:00,1685.790,1688.490,1685.710,1686.650,309
SQ:XAUUSD,2020-04-17T12:19:00+02:00,1686.660,1688.372,1686.000,1686.438,273
SQ:XAUUSD,2020-04-17T12:20:00+02:00,1686.448,1686.698,1685.250,1685.470,204
SQ:XAUUSD,2020-04-17T12:21:00+02:00,1685.470,1686.530,1683.750,1684.720,278
SQ:XAUUSD,2020-04-17T12:22:00+02:00,1684.720,1685.560,1683.630,1684.390,275
SQ:XAUUSD,2020-04-17T12:23:00+02:00,1684.390,1685.720,1684.350,1684.700,186
SQ:XAUUSD,2020-04-17T12:24:00+02:00,1684.700,1684.980,1684.340,1684.850,123
SQ:XAUUSD,2020-04-17T12:25:00+02:00,1685.150,1686.610,1685.080,1685.480,110
SQ:XAUUSD,2020-04-17T12:26:00+02:00,1685.440,1685.750,1684.030,1685.120,426
SQ:XAUUSD,2020-04-17T12:27:00+02:00,1685.250,1685.250,1684.230,1684.980,141
SQ:XAUUSD,2020-04-17T12:28:00+02:00,1685.020,1685.510,1684.480,1684.870,71
SQ:XAUUSD,2020-04-17T12:29:00+02:00,1684.870,1684.990,1684.230,1684.930,49
SQ:XAUUSD,2020-04-17T12:30:00+02:00,1684.960,1685.110,1684.470,1684.850,108
SQ:XAUUSD,2020-04-17T12:31:00+02:00,1684.830,1685.090,1684.660,1684.890,88
SQ:XAUUSD,2020-04-17T12:32:00+02:00,1684.850,1685.370,1684.710,1685.170,123
SQ:XAUUSD,2020-04-17T12:33:00+02:00,1685.170,1685.520,1684.850,1685.140,73
SQ:XAUUSD,2020-04-17T12:34:00+02:00,1685.150,1685.490,1684.920,1684.930,83
SQ:XAUUSD,2020-04-17T12:35:00+02:00,1684.930,1685.230,1684.130,1684.250,129
SQ:XAUUSD,2020-04-17T12:36:00+02:00,1684.320,1684.650,1684.250,1684.310,85
SQ:XAUUSD,2020-04-17T12:37:00+02:00,1684.310,1684.350,1682.970,1684.010,113
SQ:XAUUSD,2020-04-17T12:38:00+02:00,1684.210,1685.760,1684.040,1685.290,172
SQ:XAUUSD,2020-04-17T12:39:00+02:00,1685.290,1686.050,1684.160,1685.860,126
SQ:XAUUSD,2020-04-17T12:40:00+02:00,1685.860,1686.220,1685.360,1685.540,109
SQ:XAUUSD,2020-04-17T12:41:00+02:00,1685.550,1685.570,1684.240,1684.652,99
SQ:XAUUSD,2020-04-17T12:42:00+02:00,1684.690,1685.100,1684.362,1684.730,132
SQ:XAUUSD,2020-04-17T12:43:00+02:00,1684.770,1685.120,1684.100,1684.730,172
SQ:XAUUSD,2020-04-17T12:44:00+02:00,1684.730,1684.880,1683.700,1684.330,138
SQ:XAUUSD,2020-04-17T12:45:00+02:00,1684.330,1684.650,1684.250,1684.650,87
SQ:XAUUSD,2020-04-17T12:46:00+02:00,1684.650,1685.460,1684.380,1685.340,89
SQ:XAUUSD,2020-04-17T12:47:00+02:00,1685.340,1686.430,1685.300,1686.420,106
SQ:XAUUSD,2020-04-17T12:48:00+02:00,1686.420,1686.420,1685.820,1686.190,57
SQ:XAUUSD,2020-04-17T12:49:00+02:00,1686.240,1687.200,1685.550,1685.600,116
SQ:XAUUSD,2020-04-17T12:50:00+02:00,1685.630,1687.690,1685.320,1685.680,92
SQ:XAUUSD,2020-04-17T12:51:00+02:00,1685.680,1687.840,1685.210,1687.490,65
SQ:XAUUSD,2020-04-17T12:52:00+02:00,1687.490,1688.280,1685.370,1685.580,88
SQ:XAUUSD,2020-04-17T12:53:00+02:00,1685.490,1686.534,1685.250,1685.470,59
SQ:XAUUSD,2020-04-17T12:54:00+02:00,1685.450,1686.470,1685.320,1685.680,137
SQ:XAUUSD,2020-04-17T12:55:00+02:00,1685.680,1687.480,1685.570,1686.830,102
SQ:XAUUSD,2020-04-17T12:56:00+02:00,1686.910,1688.190,1686.910,1687.020,142
SQ:XAUUSD,2020-04-17T12:57:00+02:00,1687.020,1687.690,1686.730,1687.060,115
SQ:XAUUSD,2020-04-17T12:58:00+02:00,1687.060,1687.970,1687.060,1687.630,173
SQ:XAUUSD,2020-04-17T12:59:00+02:00,1687.590,1687.760,1686.610,1686.850,208
SQ:XAUUSD,2020-04-17T13:00:00+02:00,1686.850,1688.260,1686.800,1687.860,253
SQ:XAUUSD,2020-04-17T13:01:00+02:00,1687.860,1688.940,1687.590,1687.900,194
SQ:XAUUSD,2020-04-17T13:02:00+02:00,1688.000,1688.150,1686.630,1687.160,328
SQ:XAUUSD,2020-04-17T13:03:00+02:00,1687.160,1687.580,1686.820,1687.460,302
SQ:XAUUSD,2020-04-17T13:04:00+02:00,1687.250,1688.100,1687.050,1687.100,307
SQ:XAUUSD,2020-04-17T13:05:00+02:00,1687.090,1687.360,1686.120,1686.600,245
SQ:XAUUSD,2020-04-17T13:06:00+02:00,1686.390,1686.870,1685.310,1685.760,335
SQ:XAUUSD,2020-04-17T13:07:00+02:00,1685.680,1686.540,1685.400,1686.400,497
SQ:XAUUSD,2020-04-17T13:08:00+02:00,1686.480,1687.150,1685.480,1685.520,339
SQ:XAUUSD,2020-04-17T13:09:00+02:00,1685.520,1687.680,1685.340,1687.010,308
SQ:XAUUSD,2020-04-17T13:10:00+02:00,1686.800,1687.080,1685.660,1686.270,302
SQ:XAUUSD,2020-04-17T13:11:00+02:00,1686.100,1686.670,1685.390,1686.540,331
SQ:XAUUSD,2020-04-17T13:12:00+02:00,1686.650,1687.240,1685.950,1686.330,248
SQ:XAUUSD,2020-04-17T13:13:00+02:00,1686.330,1687.970,1685.770,1687.320,355
SQ:XAUUSD,2020-04-17T13:14:00+02:00,1687.320,1687.750,1686.370,1686.800,386
SQ:XAUUSD,2020-04-17T13:15:00+02:00,1686.520,1686.820,1685.510,1685.620,496
SQ:XAUUSD,2020-04-17T13:16:00+02:00,1685.760,1686.450,1685.270,1685.410,301
SQ:XAUUSD,2020-04-17T13:17:00+02:00,1685.410,1685.990,1684.290,1685.850,288
SQ:XAUUSD,2020-04-17T13:18:00+02:00,1685.850,1686.050,1684.240,1685.620,535
SQ:XAUUSD,2020-04-17T13:19:00+02:00,1685.620,1686.150,1684.750,1684.870,434
SQ:XAUUSD,2020-04-17T13:20:00+02:00,1684.870,1685.600,1684.540,1684.810,274
SQ:XAUUSD,2020-04-17T13:21:00+02:00,1684.860,1685.150,1684.390,1684.880,291
SQ:XAUUSD,2020-04-17T13:22:00+02:00,1684.930,1685.230,1684.320,1684.770,192
SQ:XAUUSD,2020-04-17T13:23:00+02:00,1684.770,1686.110,1684.720,1685.530,441
SQ:XAUUSD,2020-04-17T13:24:00+02:00,1685.630,1686.890,1685.080,1685.540,487
SQ:XAUUSD,2020-04-17T13:25:00+02:00,1685.830,1685.830,1684.250,1684.550,376
SQ:XAUUSD,2020-04-17T13:26:00+02:00,1684.480,1684.910,1683.640,1683.640,151
SQ:XAUUSD,2020-04-17T13:27:00+02:00,1683.650,1683.780,1682.880,1683.420,152
SQ:XAUUSD,2020-04-17T13:28:00+02:00,1683.400,1685.010,1683.360,1684.970,114
SQ:XAUUSD,2020-04-17T13:29:00+02:00,1684.970,1685.270,1684.290,1684.290,293
SQ:XAUUSD,2020-04-17T13:30:00+02:00,1684.290,1684.480,1683.800,1683.900,55
SQ:XAUUSD,2020-04-17T13:31:00+02:00,1683.900,1684.610,1683.900,1684.140,53
SQ:XAUUSD,2020-04-17T13:32:00+02:00,1684.140,1684.480,1683.820,1684.290,70
SQ:XAUUSD,2020-04-17T13:33:00+02:00,1684.290,1684.590,1684.190,1684.240,26
SQ:XAUUSD,2020-04-17T13:34:00+02:00,1684.240,1684.240,1683.390,1683.780,63
SQ:XAUUSD,2020-04-17T13:35:00+02:00,1683.820,1684.140,1683.640,1684.080,60
SQ:XAUUSD,2020-04-17T13:36:00+02:00,1684.080,1686.490,1683.950,1686.340,172
SQ:XAUUSD,2020-04-17T13:37:00+02:00,1686.340,1688.970,1686.040,1687.580,307
SQ:XAUUSD,2020-04-17T13:38:00+02:00,1687.580,1688.150,1686.650,1687.450,154
SQ:XAUUSD,2020-04-17T13:39:00+02:00,1687.450,1687.750,1686.020,1686.500,89
SQ:XAUUSD,2020-04-17T13:40:00+02:00,1686.450,1686.750,1685.610,1685.950,142
SQ:XAUUSD,2020-04-17T13:41:00+02:00,1685.950,1685.970,1685.350,1685.560,48
SQ:XAUUSD,2020-04-17T13:42:00+02:00,1685.650,1686.540,1685.200,1686.220,76
SQ:XAUUSD,2020-04-17T13:43:00+02:00,1686.240,1687.700,1685.830,1687.110,86
SQ:XAUUSD,2020-04-17T13:44:00+02:00,1687.110,1687.820,1686.940,1687.290,71
SQ:XAUUSD,2020-04-17T13:45:00+02:00,1687.340,1687.370,1686.600,1687.010,43
SQ:XAUUSD,2020-04-17T13:46:00+02:00,1687.020,1687.240,1686.740,1687.020,44
SQ:XAUUSD,2020-04-17T13:47:00+02:00,1687.050,1687.200,1686.660,1687.050,82
SQ:XAUUSD,2020-04-17T13:48:00+02:00,1687.050,1687.570,1687.020,1687.550,59
SQ:XAUUSD,2020-04-17T13:49:00+02:00,1687.550,1689.170,1687.550,1688.190,47
SQ:XAUUSD,2020-04-17T13:50:00+02:00,1688.190,1688.430,1686.750,1687.590,158
SQ:XAUUSD,2020-04-17T13:51:00+02:00,1687.650,1688.130,1686.760,1687.470,239
SQ:XAUUSD,2020-04-17T13:52:00+02:00,1687.470,1688.050,1686.490,1687.270,237
SQ:XAUUSD,2020-04-17T13:53:00+02:00,1687.270,1687.730,1686.870,1686.870,84
SQ:XAUUSD,2020-04-17T13:54:00+02:00,1686.870,1688.600,1686.870,1687.530,153
SQ:XAUUSD,2020-04-17T13:55:00+02:00,1687.530,1688.220,1687.160,1687.500,119
SQ:XAUUSD,2020-04-17T13:56:00+02:00,1687.500,1688.230,1687.200,1687.730,186
SQ:XAUUSD,2020-04-17T13:57:00+02:00,1687.730,1688.410,1687.340,1687.930,199
SQ:XAUUSD,2020-04-17T13:58:00+02:00,1688.120,1688.830,1687.570,1687.950,297
SQ:XAUUSD,2020-04-17T13:59:00+02:00,1688.000,1689.500,1687.950,1688.820,145
SQ:XAUUSD,2020-04-17T14:00:00+02:00,1688.870,1689.780,1688.520,1689.780,335
SQ:XAUUSD,2020-04-17T14:01:00+02:00,1689.780,1691.120,1688.790,1689.580,280
SQ:XAUUSD,2020-04-17T14:02:00+02:00,1689.580,1690.830,1689.440,1690.060,129
SQ:XAUUSD,2020-04-17T14:03:00+02:00,1689.832,1690.432,1688.220,1688.694,247
SQ:XAUUSD,2020-04-17T14:04:00+02:00,1688.580,1691.000,1688.460,1690.320,156
SQ:XAUUSD,2020-04-17T14:05:00+02:00,1690.320,1691.800,1690.040,1690.970,156
SQ:XAUUSD,2020-04-17T14:06:00+02:00,1691.010,1692.340,1690.880,1691.650,246
SQ:XAUUSD,2020-04-17T14:07:00+02:00,1691.680,1693.560,1691.460,1693.140,316
SQ:XAUUSD,2020-04-17T14:08:00+02:00,1693.140,1694.580,1692.830,1694.130,263
SQ:XAUUSD,2020-04-17T14:09:00+02:00,1694.200,1695.330,1693.370,1695.270,337
SQ:XAUUSD,2020-04-17T14:10:00+02:00,1695.270,1695.600,1692.750,1693.050,246
SQ:XAUUSD,2020-04-17T14:11:00+02:00,1693.048,1693.970,1692.020,1692.130,337
SQ:XAUUSD,2020-04-17T14:12:00+02:00,1692.170,1693.470,1692.040,1692.680,236
SQ:XAUUSD,2020-04-17T14:13:00+02:00,1692.900,1695.690,1692.590,1694.350,338
SQ:XAUUSD,2020-04-17T14:14:00+02:00,1694.350,1694.920,1692.650,1693.110,186
SQ:XAUUSD,2020-04-17T14:15:00+02:00,1693.110,1695.210,1692.760,1694.250,233
SQ:XAUUSD,2020-04-17T14:16:00+02:00,1694.240,1694.410,1692.610,1692.740,157
SQ:XAUUSD,2020-04-17T14:17:00+02:00,1692.740,1693.510,1692.460,1692.490,141
SQ:XAUUSD,2020-04-17T14:18:00+02:00,1692.510,1693.390,1691.950,1692.840,153
SQ:XAUUSD,2020-04-17T14:19:00+02:00,1692.940,1695.420,1692.900,1695.360,201
SQ:XAUUSD,2020-04-17T14:20:00+02:00,1695.490,1697.430,1695.000,1695.290,275
SQ:XAUUSD,2020-04-17T14:21:00+02:00,1695.280,1695.720,1694.470,1695.060,135
SQ:XAUUSD,2020-04-17T14:22:00+02:00,1694.840,1694.840,1693.410,1694.540,156
SQ:XAUUSD,2020-04-17T14:23:00+02:00,1694.530,1694.580,1693.340,1694.430,126
SQ:XAUUSD,2020-04-17T14:24:00+02:00,1694.430,1694.590,1693.450,1694.390,76
SQ:XAUUSD,2020-04-17T14:25:00+02:00,1694.480,1695.670,1694.110,1694.640,141
SQ:XAUUSD,2020-04-17T14:26:00+02:00,1694.790,1695.020,1693.300,1693.850,113
SQ:XAUUSD,2020-04-17T14:27:00+02:00,1693.850,1694.820,1693.500,1693.790,154
SQ:XAUUSD,2020-04-17T14:28:00+02:00,1693.790,1695.400,1693.590,1695.070,143
SQ:XAUUSD,2020-04-17T14:29:00+02:00,1695.200,1696.140,1694.060,1695.550,174
SQ:XAUUSD,2020-04-17T14:30:00+02:00,1695.550,1696.050,1694.590,1695.040,192
SQ:XAUUSD,2020-04-17T14:31:00+02:00,1695.040,1696.630,1694.350,1695.990,165
SQ:XAUUSD,2020-04-17T14:32:00+02:00,1695.990,1697.740,1695.680,1696.920,240
SQ:XAUUSD,2020-04-17T14:33:00+02:00,1696.920,1697.370,1696.370,1696.820,154
SQ:XAUUSD,2020-04-17T14:34:00+02:00,1696.820,1696.950,1696.110,1696.350,111
SQ:XAUUSD,2020-04-17T14:35:00+02:00,1696.350,1697.470,1696.220,1696.790,171
SQ:XAUUSD,2020-04-17T14:36:00+02:00,1696.740,1697.140,1695.570,1695.970,166
SQ:XAUUSD,2020-04-17T14:37:00+02:00,1695.970,1698.020,1695.620,1697.540,163
SQ:XAUUSD,2020-04-17T14:38:00+02:00,1697.590,1697.680,1696.320,1696.950,87
SQ:XAUUSD,2020-04-17T14:39:00+02:00,1696.950,1697.710,1696.800,1697.400,78
SQ:XAUUSD,2020-04-17T14:40:00+02:00,1697.400,1698.710,1697.150,1697.670,166
SQ:XAUUSD,2020-04-17T14:41:00+02:00,1697.670,1698.122,1697.010,1697.170,206
SQ:XAUUSD,2020-04-17T14:42:00+02:00,1697.070,1697.330,1696.030,1696.030,283
SQ:XAUUSD,2020-04-17T14:43:00+02:00,1696.030,1696.684,1694.940,1694.940,132
SQ:XAUUSD,2020-04-17T14:44:00+02:00,1694.990,1696.000,1694.700,1695.800,347
SQ:XAUUSD,2020-04-17T14:45:00+02:00,1695.800,1697.430,1695.480,1696.780,197
SQ:XAUUSD,2020-04-17T14:46:00+02:00,1696.780,1697.806,1696.610,1697.212,202
SQ:XAUUSD,2020-04-17T14:47:00+02:00,1697.220,1698.170,1696.830,1697.870,212
SQ:XAUUSD,2020-04-17T14:48:00+02:00,1697.930,1697.930,1697.070,1697.560,308
SQ:XAUUSD,2020-04-17T14:49:00+02:00,1697.560,1698.432,1697.290,1698.130,279
SQ:XAUUSD,2020-04-17T14:50:00+02:00,1698.130,1699.180,1697.700,1697.950,176
SQ:XAUUSD,2020-04-17T14:51:00+02:00,1697.950,1698.370,1697.630,1698.270,64
SQ:XAUUSD,2020-04-17T14:52:00+02:00,1698.260,1698.980,1696.920,1696.950,120
SQ:XAUUSD,2020-04-17T14:53:00+02:00,1696.910,1698.010,1696.910,1697.420,113
SQ:XAUUSD,2020-04-17T14:54:00+02:00,1697.420,1697.780,1695.790,1696.270,399
SQ:XAUUSD,2020-04-17T14:55:00+02:00,1696.360,1696.490,1694.326,1694.766,371
SQ:XAUUSD,2020-04-17T14:56:00+02:00,1694.806,1694.942,1693.420,1694.380,511
SQ:XAUUSD,2020-04-17T14:57:00+02:00,1694.440,1694.960,1692.042,1692.042,383
SQ:XAUUSD,2020-04-17T14:58:00+02:00,1692.042,1693.600,1691.690,1692.970,320
SQ:XAUUSD,2020-04-17T14:59:00+02:00,1692.970,1694.140,1692.560,1693.780,325
SQ:XAUUSD,2020-04-17T15:00:00+02:00,1693.780,1694.240,1692.220,1693.620,304
SQ:XAUUSD,2020-04-17T15:01:00+02:00,1693.620,1694.690,1692.900,1693.530,260
SQ:XAUUSD,2020-04-17T15:02:00+02:00,1693.580,1694.540,1693.112,1693.860,167
SQ:XAUUSD,2020-04-17T15:03:00+02:00,1693.860,1694.590,1691.558,1693.128,307
SQ:XAUUSD,2020-04-17T15:04:00+02:00,1693.128,1694.510,1692.550,1693.650,168
SQ:XAUUSD,2020-04-17T15:05:00+02:00,1693.810,1695.490,1692.860,1695.330,74
SQ:XAUUSD,2020-04-17T15:06:00+02:00,1695.330,1698.500,1695.270,1697.470,135
SQ:XAUUSD,2020-04-17T15:07:00+02:00,1697.470,1700.010,1697.150,1698.750,243
SQ:XAUUSD,2020-04-17T15:08:00+02:00,1698.750,1699.830,1698.226,1698.226,113
SQ:XAUUSD,2020-04-17T15:09:00+02:00,1698.296,1699.170,1697.700,1697.830,126
SQ:XAUUSD,2020-04-17T15:10:00+02:00,1697.870,1699.520,1697.390,1697.910,207
SQ:XAUUSD,2020-04-17T15:11:00+02:00,1697.910,1699.132,1697.230,1698.580,280
SQ:XAUUSD,2020-04-17T15:12:00+02:00,1698.570,1700.420,1697.920,1699.220,200
SQ:XAUUSD,2020-04-17T15:13:00+02:00,1699.220,1699.880,1698.800,1699.320,168
SQ:XAUUSD,2020-04-17T15:14:00+02:00,1699.290,1699.692,1697.920,1699.150,163
SQ:XAUUSD,2020-04-17T15:15:00+02:00,1699.100,1699.180,1696.950,1698.102,239
SQ:XAUUSD,2020-04-17T15:16:00+02:00,1698.162,1699.060,1697.900,1698.250,128
SQ:XAUUSD,2020-04-17T15:17:00+02:00,1698.220,1698.862,1697.510,1698.676,124
SQ:XAUUSD,2020-04-17T15:18:00+02:00,1698.696,1699.960,1697.890,1699.790,139
SQ:XAUUSD,2020-04-17T15:19:00+02:00,1699.790,1700.480,1699.370,1700.230,199
SQ:XAUUSD,2020-04-17T15:20:00+02:00,1700.230,1700.388,1699.340,1699.790,216
SQ:XAUUSD,2020-04-17T15:21:00+02:00,1699.790,1700.930,1699.300,1700.180,180
SQ:XAUUSD,2020-04-17T15:22:00+02:00,1700.150,1701.184,1699.300,1699.846,238
SQ:XAUUSD,2020-04-17T15:23:00+02:00,1699.902,1700.666,1699.422,1699.660,365
SQ:XAUUSD,2020-04-17T15:24:00+02:00,1699.660,1700.350,1699.350,1699.890,349
SQ:XAUUSD,2020-04-17T15:25:00+02:00,1699.890,1700.628,1698.874,1699.030,213
SQ:XAUUSD,2020-04-17T15:26:00+02:00,1698.954,1699.660,1698.080,1699.070,364
SQ:XAUUSD,2020-04-17T15:27:00+02:00,1699.120,1700.140,1697.930,1697.930,231
SQ:XAUUSD,2020-04-17T15:28:00+02:00,1697.890,1698.230,1697.510,1697.810,166
SQ:XAUUSD,2020-04-17T15:29:00+02:00,1697.730,1698.038,1696.720,1697.000,191
SQ:XAUUSD,2020-04-17T15:30:00+02:00,1697.000,1698.960,1696.840,1697.680,307
SQ:XAUUSD,2020-04-17T15:31:00+02:00,1697.540,1697.670,1695.580,1695.580,325
SQ:XAUUSD,2020-04-17T15:32:00+02:00,1695.620,1696.800,1695.340,1695.660,403
SQ:XAUUSD,2020-04-17T15:33:00+02:00,1695.554,1697.916,1695.090,1697.460,471
SQ:XAUUSD,2020-04-17T15:34:00+02:00,1697.460,1698.188,1696.520,1696.670,373
SQ:XAUUSD,2020-04-17T15:35:00+02:00,1696.670,1698.098,1696.670,1697.090,158
SQ:XAUUSD,2020-04-17T15:36:00+02:00,1697.030,1697.440,1696.054,1696.690,230
SQ:XAUUSD,2020-04-17T15:37:00+02:00,1696.690,1697.180,1695.130,1696.010,279
SQ:XAUUSD,2020-04-17T15:38:00+02:00,1695.770,1697.570,1695.758,1697.080,197
SQ:XAUUSD,2020-04-17T15:39:00+02:00,1697.070,1699.100,1697.060,1698.650,152
SQ:XAUUSD,2020-04-17T15:40:00+02:00,1698.690,1698.810,1697.630,1698.280,208
SQ:XAUUSD,2020-04-17T15:41:00+02:00,1698.290,1698.320,1696.720,1697.918,193
SQ:XAUUSD,2020-04-17T15:42:00+02:00,1697.848,1698.764,1697.660,1697.670,261
SQ:XAUUSD,2020-04-17T15:43:00+02:00,1697.520,1698.480,1696.750,1698.190,193
SQ:XAUUSD,2020-04-17T15:44:00+02:00,1697.900,1698.610,1696.840,1698.190,315
SQ:XAUUSD,2020-04-17T15:45:00+02:00,1698.440,1698.530,1697.450,1697.450,329
SQ:XAUUSD,2020-04-17T15:46:00+02:00,1697.450,1699.130,1697.430,1698.590,235
SQ:XAUUSD,2020-04-17T15:47:00+02:00,1698.590,1698.970,1697.950,1698.370,106
SQ:XAUUSD,2020-04-17T15:48:00+02:00,1698.370,1698.540,1697.520,1698.150,114
SQ:XAUUSD,2020-04-17T15:49:00+02:00,1698.150,1698.150,1697.100,1697.710,116
SQ:XAUUSD,2020-04-17T15:50:00+02:00,1697.710,1698.490,1697.270,1697.960,144
SQ:XAUUSD,2020-04-17T15:51:00+02:00,1697.960,1699.120,1697.480,1698.600,396
SQ:XAUUSD,2020-04-17T15:52:00+02:00,1698.540,1700.320,1698.520,1699.920,238
SQ:XAUUSD,2020-04-17T15:53:00+02:00,1699.860,1700.210,1698.830,1699.100,268
SQ:XAUUSD,2020-04-17T15:54:00+02:00,1699.100,1699.190,1697.450,1698.110,199
SQ:XAUUSD,2020-04-17T15:55:00+02:00,1698.230,1699.400,1697.640,1698.560,367
SQ:XAUUSD,2020-04-17T15:56:00+02:00,1698.600,1699.440,1698.090,1698.240,457
SQ:XAUUSD,2020-04-17T15:57:00+02:00,1698.340,1700.830,1698.200,1700.720,312
SQ:XAUUSD,2020-04-17T15:58:00+02:00,1700.720,1701.550,1698.620,1699.270,152
SQ:XAUUSD,2020-04-17T15:59:00+02:00,1699.270,1700.020,1699.020,1699.710,87
SQ:XAUUSD,2020-04-17T16:00:00+02:00,1699.820,1700.870,1696.360,1697.490,229
SQ:XAUUSD,2020-04-17T16:01:00+02:00,1697.160,1697.610,1695.470,1695.650,187
SQ:XAUUSD,2020-04-17T16:02:00+02:00,1695.660,1696.080,1693.520,1694.160,228
SQ:XAUUSD,2020-04-17T16:03:00+02:00,1694.160,1694.290,1692.850,1693.250,153
SQ:XAUUSD,2020-04-17T16:04:00+02:00,1693.250,1694.480,1693.050,1694.410,110
SQ:XAUUSD,2020-04-17T16:05:00+02:00,1694.350,1694.680,1692.520,1692.600,174
SQ:XAUUSD,2020-04-17T16:06:00+02:00,1692.600,1692.790,1691.930,1691.970,163
SQ:XAUUSD,2020-04-17T16:07:00+02:00,1691.970,1693.100,1691.940,1692.940,116
SQ:XAUUSD,2020-04-17T16:08:00+02:00,1692.880,1693.280,1690.880,1693.280,203
SQ:XAUUSD,2020-04-17T16:09:00+02:00,1693.280,1693.690,1692.360,1692.950,177
SQ:XAUUSD,2020-04-17T16:10:00+02:00,1693.030,1693.380,1691.820,1691.880,349
SQ:XAUUSD,2020-04-17T16:11:00+02:00,1692.010,1692.640,1689.750,1690.120,332
SQ:XAUUSD,2020-04-17T16:12:00+02:00,1690.040,1690.440,1688.980,1689.510,335
SQ:XAUUSD,2020-04-17T16:13:00+02:00,1689.560,1691.000,1689.270,1690.180,410
SQ:XAUUSD,2020-04-17T16:14:00+02:00,1690.240,1690.240,1688.370,1688.590,229
SQ:XAUUSD,2020-04-17T16:15:00+02:00,1688.510,1689.666,1686.540,1687.222,174
SQ:XAUUSD,2020-04-17T16:16:00+02:00,1687.192,1688.550,1687.192,1688.196,259
SQ:XAUUSD,2020-04-17T16:17:00+02:00,1688.196,1689.410,1687.334,1688.340,234
SQ:XAUUSD,2020-04-17T16:18:00+02:00,1688.940,1689.882,1688.490,1689.190,304
SQ:XAUUSD,2020-04-17T16:19:00+02:00,1688.950,1690.374,1688.480,1689.886,253
SQ:XAUUSD,2020-04-17T16:20:00+02:00,1689.630,1689.806,1688.350,1688.680,287
SQ:XAUUSD,2020-04-17T16:21:00+02:00,1688.680,1688.680,1686.090,1686.150,249
SQ:XAUUSD,2020-04-17T16:22:00+02:00,1686.180,1687.582,1685.620,1686.954,314
SQ:XAUUSD,2020-04-17T16:23:00+02:00,1686.956,1687.930,1686.270,1687.620,210
SQ:XAUUSD,2020-04-17T16:24:00+02:00,1687.530,1688.900,1687.470,1688.180,133
SQ:XAUUSD,2020-04-17T16:25:00+02:00,1688.440,1688.440,1686.330,1686.680,206
SQ:XAUUSD,2020-04-17T16:26:00+02:00,1686.680,1686.740,1685.080,1685.820,185
SQ:XAUUSD,2020-04-17T16:27:00+02:00,1685.650,1686.120,1684.700,1685.930,116
SQ:XAUUSD,2020-04-17T16:28:00+02:00,1685.930,1686.650,1685.210,1685.530,184
SQ:XAUUSD,2020-04-17T16:29:00+02:00,1685.530,1686.790,1684.810,1685.640,264
SQ:XAUUSD,2020-04-17T16:30:00+02:00,1685.640,1686.530,1684.850,1686.080,192
SQ:XAUUSD,2020-04-17T16:31:00+02:00,1686.110,1688.190,1686.110,1686.770,151
SQ:XAUUSD,2020-04-17T16:32:00+02:00,1686.770,1688.160,1686.530,1688.160,232
SQ:XAUUSD,2020-04-17T16:33:00+02:00,1688.130,1688.770,1687.340,1687.340,294
SQ:XAUUSD,2020-04-17T16:34:00+02:00,1687.390,1687.930,1686.800,1687.010,257
SQ:XAUUSD,2020-04-17T16:35:00+02:00,1687.010,1688.120,1686.670,1686.830,364
SQ:XAUUSD,2020-04-17T16:36:00+02:00,1687.010,1687.270,1685.970,1686.950,295
SQ:XAUUSD,2020-04-17T16:37:00+02:00,1686.840,1687.550,1686.240,1686.570,164
SQ:XAUUSD,2020-04-17T16:38:00+02:00,1686.570,1686.570,1684.650,1685.080,386
SQ:XAUUSD,2020-04-17T16:39:00+02:00,1685.370,1685.690,1684.678,1685.400,295
SQ:XAUUSD,2020-04-17T16:40:00+02:00,1685.400,1686.450,1684.720,1685.830,225
SQ:XAUUSD,2020-04-17T16:41:00+02:00,1685.890,1686.090,1684.600,1685.180,327
SQ:XAUUSD,2020-04-17T16:42:00+02:00,1685.290,1686.420,1684.250,1685.540,271
SQ:XAUUSD,2020-04-17T16:43:00+02:00,1685.540,1685.860,1684.500,1685.010,271
SQ:XAUUSD,2020-04-17T16:44:00+02:00,1685.060,1685.130,1683.370,1683.570,328
SQ:XAUUSD,2020-04-17T16:45:00+02:00,1683.640,1685.470,1683.390,1684.850,268
SQ:XAUUSD,2020-04-17T16:46:00+02:00,1684.910,1686.300,1684.680,1685.630,282
SQ:XAUUSD,2020-04-17T16:47:00+02:00,1685.630,1686.280,1684.850,1684.880,306
SQ:XAUUSD,2020-04-17T16:48:00+02:00,1684.880,1686.300,1684.800,1685.700,194
SQ:XAUUSD,2020-04-17T16:49:00+02:00,1685.850,1685.910,1684.550,1685.520,221
SQ:XAUUSD,2020-04-17T16:50:00+02:00,1685.520,1688.090,1685.430,1687.700,281
SQ:XAUUSD,2020-04-17T16:51:00+02:00,1687.630,1689.280,1687.570,1689.250,466
SQ:XAUUSD,2020-04-17T16:52:00+02:00,1689.170,1689.390,1688.270,1688.800,260
SQ:XAUUSD,2020-04-17T16:53:00+02:00,1688.790,1689.690,1688.510,1689.220,204
SQ:XAUUSD,2020-04-17T16:54:00+02:00,1689.220,1690.220,1688.800,1689.770,261
SQ:XAUUSD,2020-04-17T16:55:00+02:00,1689.770,1689.950,1688.310,1688.420,247
SQ:XAUUSD,2020-04-17T16:56:00+02:00,1688.320,1688.390,1687.478,1687.908,301
SQ:XAUUSD,2020-04-17T16:57:00+02:00,1688.000,1688.830,1687.420,1688.688,280
SQ:XAUUSD,2020-04-17T16:58:00+02:00,1688.758,1689.180,1687.988,1688.310,294
SQ:XAUUSD,2020-04-17T16:59:00+02:00,1688.670,1689.138,1687.690,1689.014,334
SQ:XAUUSD,2020-04-17T17:00:00+02:00,1689.044,1689.898,1688.740,1689.350,307
SQ:XAUUSD,2020-04-17T17:01:00+02:00,1689.350,1689.670,1688.410,1688.680,289
SQ:XAUUSD,2020-04-17T17:02:00+02:00,1688.620,1689.060,1687.978,1688.820,268
SQ:XAUUSD,2020-04-17T17:03:00+02:00,1688.820,1689.158,1688.458,1688.790,195
SQ:XAUUSD,2020-04-17T17:04:00+02:00,1688.560,1689.370,1688.330,1688.920,165
SQ:XAUUSD,2020-04-17T17:05:00+02:00,1688.920,1690.120,1688.840,1689.600,244
SQ:XAUUSD,2020-04-17T17:06:00+02:00,1689.464,1690.250,1689.320,1689.910,374
SQ:XAUUSD,2020-04-17T17:07:00+02:00,1689.920,1690.310,1688.460,1688.810,232
SQ:XAUUSD,2020-04-17T17:08:00+02:00,1688.810,1689.180,1687.180,1688.020,253
SQ:XAUUSD,2020-04-17T17:09:00+02:00,1687.960,1688.310,1686.450,1688.100,326
SQ:XAUUSD,2020-04-17T17:10:00+02:00,1687.830,1690.250,1687.420,1690.140,320
SQ:XAUUSD,2020-04-17T17:11:00+02:00,1690.170,1691.340,1690.100,1690.476,308
SQ:XAUUSD,2020-04-17T17:12:00+02:00,1690.490,1690.670,1690.310,1690.450,209
SQ:XAUUSD,2020-04-17T17:13:00+02:00,1690.450,1691.960,1690.340,1691.890,117
SQ:XAUUSD,2020-04-17T17:14:00+02:00,1691.890,1693.170,1691.480,1693.060,136
SQ:XAUUSD,2020-04-17T17:15:00+02:00,1692.850,1693.530,1691.770,1692.500,354
SQ:XAUUSD,2020-04-17T17:16:00+02:00,1692.450,1693.100,1691.970,1692.650,276
SQ:XAUUSD,2020-04-17T17:17:00+02:00,1692.644,1693.340,1691.468,1691.940,275
SQ:XAUUSD,2020-04-17T17:18:00+02:00,1691.870,1692.090,1690.820,1691.480,116
SQ:XAUUSD,2020-04-17T17:19:00+02:00,1691.480,1691.570,1691.120,1691.430,78
SQ:XAUUSD,2020-04-17T17:20:00+02:00,1691.390,1691.720,1691.100,1691.440,154
SQ:XAUUSD,2020-04-17T17:21:00+02:00,1691.440,1692.510,1691.390,1691.870,160
SQ:XAUUSD,2020-04-17T17:22:00+02:00,1691.870,1692.010,1691.280,1691.440,71
SQ:XAUUSD,2020-04-17T17:23:00+02:00,1691.450,1691.830,1691.300,1691.750,63
SQ:XAUUSD,2020-04-17T17:24:00+02:00,1691.790,1692.540,1691.370,1691.440,69
SQ:XAUUSD,2020-04-17T17:25:00+02:00,1691.440,1691.924,1691.330,1691.680,96
SQ:XAUUSD,2020-04-17T17:26:00+02:00,1691.680,1692.350,1691.680,1692.230,60
SQ:XAUUSD,2020-04-17T17:27:00+02:00,1692.230,1692.590,1691.530,1691.770,110
SQ:XAUUSD,2020-04-17T17:28:00+02:00,1691.820,1692.170,1691.350,1691.630,80
SQ:XAUUSD,2020-04-17T17:29:00+02:00,1691.600,1692.680,1691.600,1692.300,127
SQ:XAUUSD,2020-04-17T17:30:00+02:00,1692.300,1692.400,1691.750,1692.140,68
SQ:XAUUSD,2020-04-17T17:31:00+02:00,1692.140,1692.730,1691.910,1692.440,69
SQ:XAUUSD,2020-04-17T17:32:00+02:00,1692.440,1692.750,1691.630,1691.770,108
SQ:XAUUSD,2020-04-17T17:33:00+02:00,1691.720,1693.510,1691.640,1693.340,124
SQ:XAUUSD,2020-04-17T17:34:00+02:00,1693.130,1693.150,1692.020,1692.690,90
SQ:XAUUSD,2020-04-17T17:35:00+02:00,1692.690,1693.620,1692.690,1693.430,101
SQ:XAUUSD,2020-04-17T17:36:00+02:00,1693.430,1693.860,1692.950,1693.800,171
SQ:XAUUSD,2020-04-17T17:37:00+02:00,1693.800,1693.960,1693.190,1693.340,199
SQ:XAUUSD,2020-04-17T17:38:00+02:00,1693.340,1694.460,1693.170,1694.440,112
SQ:XAUUSD,2020-04-17T17:39:00+02:00,1694.420,1694.510,1693.580,1694.140,60
SQ:XAUUSD,2020-04-17T17:40:00+02:00,1694.140,1694.150,1693.280,1693.460,52
SQ:XAUUSD,2020-04-17T17:41:00+02:00,1693.420,1694.060,1693.420,1693.730,72
SQ:XAUUSD,2020-04-17T17:42:00+02:00,1693.730,1693.950,1693.020,1693.450,72
SQ:XAUUSD,2020-04-17T17:43:00+02:00,1693.450,1693.570,1693.190,1693.220,43
SQ:XAUUSD,2020-04-17T17:44:00+02:00,1693.220,1693.440,1692.100,1692.120,150
SQ:XAUUSD,2020-04-17T17:45:00+02:00,1692.000,1692.370,1691.000,1691.000,123
SQ:XAUUSD,2020-04-17T17:46:00+02:00,1690.910,1691.310,1690.420,1691.180,201
SQ:XAUUSD,2020-04-17T17:47:00+02:00,1691.180,1691.260,1689.860,1690.070,223
SQ:XAUUSD,2020-04-17T17:48:00+02:00,1690.150,1690.870,1689.810,1690.480,193
SQ:XAUUSD,2020-04-17T17:49:00+02:00,1690.640,1690.740,1688.450,1688.660,292
SQ:XAUUSD,2020-04-17T17:50:00+02:00,1688.550,1689.460,1686.940,1687.950,414
SQ:XAUUSD,2020-04-17T17:51:00+02:00,1688.000,1689.700,1687.290,1688.810,149
SQ:XAUUSD,2020-04-17T17:52:00+02:00,1688.970,1689.360,1688.340,1689.100,116
SQ:XAUUSD,2020-04-17T17:53:00+02:00,1689.100,1690.580,1681.200,1690.570,162
SQ:XAUUSD,2020-04-17T17:54:00+02:00,1690.520,1690.974,1681.400,1689.770,188
SQ:XAUUSD,2020-04-17T17:55:00+02:00,1689.770,1690.930,1681.000,1690.680,292
SQ:XAUUSD,2020-04-17T17:56:00+02:00,1690.700,1691.440,1681.200,1681.600,190
SQ:XAUUSD,2020-04-17T17:57:00+02:00,1681.600,1691.390,1681.600,1690.630,129
SQ:XAUUSD,2020-04-17T17:58:00+02:00,1690.630,1690.700,1689.320,1690.010,161
SQ:XAUUSD,2020-04-17T17:59:00+02:00,1690.020,1690.270,1689.130,1689.630,197
SQ:XAUUSD,2020-04-17T18:00:00+02:00,1689.670,1689.770,1688.050,1688.050,243
SQ:XAUUSD,2020-04-17T18:01:00+02:00,1688.050,1688.200,1686.910,1687.960,199
SQ:XAUUSD,2020-04-17T18:02:00+02:00,1687.960,1688.200,1686.570,1687.380,181
SQ:XAUUSD,2020-04-17T18:03:00+02:00,1687.420,1687.820,1687.060,1687.560,116
SQ:XAUUSD,2020-04-17T18:04:00+02:00,1687.610,1688.440,1687.610,1688.220,95
SQ:XAUUSD,2020-04-17T18:05:00+02:00,1688.320,1688.320,1687.170,1687.430,139
SQ:XAUUSD,2020-04-17T18:06:00+02:00,1687.490,1687.760,1685.550,1686.360,222
SQ:XAUUSD,2020-04-17T18:07:00+02:00,1686.390,1686.530,1684.430,1685.390,212
SQ:XAUUSD,2020-04-17T18:08:00+02:00,1685.450,1686.450,1684.950,1686.300,271
SQ:XAUUSD,2020-04-17T18:09:00+02:00,1686.300,1687.490,1685.910,1686.620,254
SQ:XAUUSD,2020-04-17T18:10:00+02:00,1686.630,1687.650,1686.490,1687.130,227
SQ:XAUUSD,2020-04-17T18:11:00+02:00,1687.280,1687.440,1686.094,1686.980,223
SQ:XAUUSD,2020-04-17T18:12:00+02:00,1686.980,1687.160,1685.694,1686.690,160
SQ:XAUUSD,2020-04-17T18:13:00+02:00,1686.690,1687.530,1686.560,1687.280,108
SQ:XAUUSD,2020-04-17T18:14:00+02:00,1687.280,1688.400,1687.070,1688.050,125
SQ:XAUUSD,2020-04-17T18:15:00+02:00,1687.960,1688.780,1687.824,1688.590,102
SQ:XAUUSD,2020-04-17T18:16:00+02:00,1688.590,1689.180,1687.220,1687.420,200
SQ:XAUUSD,2020-04-17T18:17:00+02:00,1687.420,1688.000,1686.790,1687.324,153
SQ:XAUUSD,2020-04-17T18:18:00+02:00,1687.060,1687.970,1686.960,1687.970,196
SQ:XAUUSD,2020-04-17T18:19:00+02:00,1687.970,1688.680,1687.970,1688.320,63
SQ:XAUUSD,2020-04-17T18:20:00+02:00,1688.280,1688.750,1686.010,1686.070,121
SQ:XAUUSD,2020-04-17T18:21:00+02:00,1686.130,1686.260,1685.110,1685.450,274
SQ:XAUUSD,2020-04-17T18:22:00+02:00,1685.320,1686.590,1684.920,1686.550,131
SQ:XAUUSD,2020-04-17T18:23:00+02:00,1686.550,1687.570,1686.220,1687.080,182
SQ:XAUUSD,2020-04-17T18:24:00+02:00,1686.880,1688.020,1686.470,1686.950,170
SQ:XAUUSD,2020-04-17T18:25:00+02:00,1687.100,1688.240,1686.750,1688.130,131
SQ:XAUUSD,2020-04-17T18:26:00+02:00,1688.210,1688.210,1687.280,1687.670,191
SQ:XAUUSD,2020-04-17T18:27:00+02:00,1687.670,1688.040,1687.410,1687.950,166
SQ:XAUUSD,2020-04-17T18:28:00+02:00,1687.950,1688.420,1687.680,1687.840,133
SQ:XAUUSD,2020-04-17T18:29:00+02:00,1687.840,1687.940,1686.920,1687.374,154
SQ:XAUUSD,2020-04-17T18:30:00+02:00,1687.374,1688.310,1687.374,1687.760,148
SQ:XAUUSD,2020-04-17T18:31:00+02:00,1687.750,1687.770,1687.060,1687.380,86
SQ:XAUUSD,2020-04-17T18:32:00+02:00,1687.420,1687.670,1687.050,1687.400,76
SQ:XAUUSD,2020-04-17T18:33:00+02:00,1687.350,1688.010,1687.090,1687.230,73
SQ:XAUUSD,2020-04-17T18:34:00+02:00,1687.230,1688.260,1687.230,1687.720,54
SQ:XAUUSD,2020-04-17T18:35:00+02:00,1687.720,1687.720,1687.450,1687.510,48
SQ:XAUUSD,2020-04-17T18:36:00+02:00,1687.550,1687.550,1686.920,1687.070,66
SQ:XAUUSD,2020-04-17T18:37:00+02:00,1687.060,1687.650,1686.910,1687.540,142
SQ:XAUUSD,2020-04-17T18:38:00+02:00,1687.420,1687.600,1685.830,1686.330,199
SQ:XAUUSD,2020-04-17T18:39:00+02:00,1686.330,1686.780,1685.660,1685.800,217
SQ:XAUUSD,2020-04-17T18:40:00+02:00,1685.840,1686.300,1685.060,1685.960,245
SQ:XAUUSD,2020-04-17T18:41:00+02:00,1685.960,1687.310,1685.380,1685.720,124
SQ:XAUUSD,2020-04-17T18:42:00+02:00,1685.720,1685.770,1685.510,1685.600,41
SQ:XAUUSD,2020-04-17T18:43:00+02:00,1685.620,1685.690,1685.380,1685.380,37
SQ:XAUUSD,2020-04-17T18:44:00+02:00,1685.430,1686.990,1684.940,1686.180,244
SQ:XAUUSD,2020-04-17T18:45:00+02:00,1686.034,1687.550,1685.980,1686.750,232
SQ:XAUUSD,2020-04-17T18:46:00+02:00,1686.880,1687.620,1685.070,1685.480,240
SQ:XAUUSD,2020-04-17T18:47:00+02:00,1685.350,1687.050,1684.574,1685.400,281
SQ:XAUUSD,2020-04-17T18:48:00+02:00,1685.490,1686.100,1685.190,1686.060,90
SQ:XAUUSD,2020-04-17T18:49:00+02:00,1686.060,1687.090,1685.920,1686.800,110
SQ:XAUUSD,2020-04-17T18:50:00+02:00,1686.800,1687.610,1686.800,1687.210,159
SQ:XAUUSD,2020-04-17T18:51:00+02:00,1687.210,1687.340,1686.900,1687.200,41
SQ:XAUUSD,2020-04-17T18:52:00+02:00,1687.200,1687.430,1686.910,1687.190,53
SQ:XAUUSD,2020-04-17T18:53:00+02:00,1687.140,1688.670,1686.720,1687.610,232
SQ:XAUUSD,2020-04-17T18:54:00+02:00,1687.650,1687.960,1687.100,1687.634,146
SQ:XAUUSD,2020-04-17T18:55:00+02:00,1687.604,1687.720,1686.850,1687.030,144
SQ:XAUUSD,2020-04-17T18:56:00+02:00,1687.030,1687.180,1686.030,1686.240,208
SQ:XAUUSD,2020-04-17T18:57:00+02:00,1686.330,1687.050,1685.870,1686.220,273
SQ:XAUUSD,2020-04-17T18:58:00+02:00,1686.250,1686.690,1685.920,1686.270,91
SQ:XAUUSD,2020-04-17T18:59:00+02:00,1686.290,1687.560,1686.230,1686.300,138
SQ:XAUUSD,2020-04-17T19:00:00+02:00,1686.300,1687.040,1685.524,1685.800,174
SQ:XAUUSD,2020-04-17T19:01:00+02:00,1685.800,1685.900,1684.580,1685.460,251
SQ:XAUUSD,2020-04-17T19:02:00+02:00,1685.454,1686.100,1684.534,1684.620,271
SQ:XAUUSD,2020-04-17T19:03:00+02:00,1684.620,1684.710,1682.160,1682.450,461
SQ:XAUUSD,2020-04-17T19:04:00+02:00,1682.440,1684.070,1682.110,1682.650,251
SQ:XAUUSD,2020-04-17T19:05:00+02:00,1682.700,1683.200,1682.370,1682.940,208
SQ:XAUUSD,2020-04-17T19:06:00+02:00,1682.940,1682.990,1682.190,1682.740,158
SQ:XAUUSD,2020-04-17T19:07:00+02:00,1682.640,1684.680,1682.494,1683.010,299
SQ:XAUUSD,2020-04-17T19:08:00+02:00,1683.010,1684.550,1682.680,1684.010,249
SQ:XAUUSD,2020-04-17T19:09:00+02:00,1684.110,1685.470,1683.750,1685.100,148
SQ:XAUUSD,2020-04-17T19:10:00+02:00,1685.100,1685.860,1684.920,1685.330,151
SQ:XAUUSD,2020-04-17T19:11:00+02:00,1685.330,1686.200,1684.850,1686.010,170
SQ:XAUUSD,2020-04-17T19:12:00+02:00,1685.930,1686.250,1684.570,1684.700,131
SQ:XAUUSD,2020-04-17T19:13:00+02:00,1684.700,1685.110,1684.160,1685.020,105
SQ:XAUUSD,2020-04-17T19:14:00+02:00,1685.010,1685.180,1683.940,1683.980,86
SQ:XAUUSD,2020-04-17T19:15:00+02:00,1683.950,1685.530,1683.950,1685.010,90
SQ:XAUUSD,2020-04-17T19:16:00+02:00,1685.010,1685.010,1683.750,1683.790,54
SQ:XAUUSD,2020-04-17T19:17:00+02:00,1683.780,1684.520,1683.650,1684.230,118
SQ:XAUUSD,2020-04-17T19:18:00+02:00,1684.230,1685.808,1684.020,1684.990,208
SQ:XAUUSD,2020-04-17T19:19:00+02:00,1684.950,1685.720,1684.560,1684.640,74
SQ:XAUUSD,2020-04-17T19:20:00+02:00,1684.640,1685.090,1684.120,1684.340,55
SQ:XAUUSD,2020-04-17T19:21:00+02:00,1684.340,1684.840,1684.040,1684.740,51
SQ:XAUUSD,2020-04-17T19:22:00+02:00,1684.740,1684.840,1683.610,1683.720,194
SQ:XAUUSD,2020-04-17T19:23:00+02:00,1683.760,1684.260,1683.600,1684.060,162
SQ:XAUUSD,2020-04-17T19:24:00+02:00,1684.060,1684.604,1683.490,1683.490,216
SQ:XAUUSD,2020-04-17T19:25:00+02:00,1683.490,1684.040,1683.280,1684.040,96
SQ:XAUUSD,2020-04-17T19:26:00+02:00,1684.040,1684.440,1683.490,1683.900,98
SQ:XAUUSD,2020-04-17T19:27:00+02:00,1683.910,1684.340,1683.130,1683.190,172
SQ:XAUUSD,2020-04-17T19:28:00+02:00,1683.190,1684.054,1683.160,1683.400,253
SQ:XAUUSD,2020-04-17T19:29:00+02:00,1683.220,1684.700,1683.220,1684.700,313
SQ:XAUUSD,2020-04-17T19:30:00+02:00,1684.790,1685.630,1684.790,1685.140,132
SQ:XAUUSD,2020-04-17T19:31:00+02:00,1685.140,1685.260,1684.070,1684.520,94
SQ:XAUUSD,2020-04-17T19:32:00+02:00,1684.520,1685.570,1684.520,1685.280,51
SQ:XAUUSD,2020-04-17T19:33:00+02:00,1685.280,1685.440,1684.990,1685.130,52
SQ:XAUUSD,2020-04-17T19:34:00+02:00,1685.130,1685.330,1684.670,1684.770,58
SQ:XAUUSD,2020-04-17T19:35:00+02:00,1684.770,1685.630,1684.130,1685.480,151
SQ:XAUUSD,2020-04-17T19:36:00+02:00,1685.480,1686.340,1685.480,1686.050,221
SQ:XAUUSD,2020-04-17T19:37:00+02:00,1686.210,1686.940,1686.010,1686.660,231
SQ:XAUUSD,2020-04-17T19:38:00+02:00,1686.740,1687.530,1686.380,1686.850,114
SQ:XAUUSD,2020-04-17T19:39:00+02:00,1686.740,1686.940,1685.670,1686.890,98
SQ:XAUUSD,2020-04-17T19:40:00+02:00,1686.890,1686.930,1686.010,1686.640,55
SQ:XAUUSD,2020-04-17T19:41:00+02:00,1686.640,1686.940,1685.610,1685.610,55
SQ:XAUUSD,2020-04-17T19:42:00+02:00,1685.610,1685.930,1685.590,1685.760,35
SQ:XAUUSD,2020-04-17T19:43:00+02:00,1685.760,1685.860,1685.390,1685.670,51
SQ:XAUUSD,2020-04-17T19:44:00+02:00,1685.690,1685.930,1685.670,1685.790,57
SQ:XAUUSD,2020-04-17T19:45:00+02:00,1685.790,1686.600,1685.770,1686.560,37
SQ:XAUUSD,2020-04-17T19:46:00+02:00,1686.580,1686.650,1686.030,1686.600,60
SQ:XAUUSD,2020-04-17T19:47:00+02:00,1686.500,1687.340,1686.470,1687.060,67
SQ:XAUUSD,2020-04-17T19:48:00+02:00,1687.080,1687.710,1686.870,1686.870,80
SQ:XAUUSD,2020-04-17T19:49:00+02:00,1686.870,1686.870,1685.740,1686.250,62
SQ:XAUUSD,2020-04-17T19:50:00+02:00,1686.250,1686.960,1686.250,1686.450,40
SQ:XAUUSD,2020-04-17T19:51:00+02:00,1686.450,1686.520,1685.550,1685.550,52
SQ:XAUUSD,2020-04-17T19:52:00+02:00,1685.550,1686.190,1685.330,1686.080,39
SQ:XAUUSD,2020-04-17T19:53:00+02:00,1686.080,1686.390,1685.700,1686.052,54
SQ:XAUUSD,2020-04-17T19:54:00+02:00,1686.050,1686.052,1685.610,1685.720,81
SQ:XAUUSD,2020-04-17T19:55:00+02:00,1685.720,1686.020,1685.630,1685.790,28
SQ:XAUUSD,2020-04-17T19:56:00+02:00,1685.790,1686.050,1685.600,1685.980,73
SQ:XAUUSD,2020-04-17T19:57:00+02:00,1685.980,1686.060,1684.630,1685.050,131
SQ:XAUUSD,2020-04-17T19:58:00+02:00,1685.050,1686.282,1684.868,1685.546,174
SQ:XAUUSD,2020-04-17T19:59:00+02:00,1685.330,1686.020,1684.670,1685.060,159
SQ:XAUUSD,2020-04-17T20:00:00+02:00,1685.060,1685.360,1684.820,1685.130,168
SQ:XAUUSD,2020-04-17T20:01:00+02:00,1685.028,1685.320,1684.830,1685.120,131
SQ:XAUUSD,2020-04-17T20:02:00+02:00,1685.120,1685.840,1684.760,1685.480,202
SQ:XAUUSD,2020-04-17T20:03:00+02:00,1685.378,1685.790,1685.048,1685.140,159
SQ:XAUUSD,2020-04-17T20:04:00+02:00,1685.170,1685.480,1684.900,1685.070,139
SQ:XAUUSD,2020-04-17T20:05:00+02:00,1685.070,1685.070,1683.898,1684.138,288
SQ:XAUUSD,2020-04-17T20:06:00+02:00,1684.138,1684.470,1683.428,1683.518,228
SQ:XAUUSD,2020-04-17T20:07:00+02:00,1683.538,1685.020,1683.478,1684.290,209
SQ:XAUUSD,2020-04-17T20:08:00+02:00,1684.138,1685.050,1684.068,1684.438,162
SQ:XAUUSD,2020-04-17T20:09:00+02:00,1684.438,1685.060,1684.170,1684.380,110
SQ:XAUUSD,2020-04-17T20:10:00+02:00,1684.380,1684.750,1683.600,1684.170,149
SQ:XAUUSD,2020-04-17T20:11:00+02:00,1684.170,1684.464,1683.390,1683.780,182
SQ:XAUUSD,2020-04-17T20:12:00+02:00,1683.608,1684.310,1683.010,1683.580,204
SQ:XAUUSD,2020-04-17T20:13:00+02:00,1683.580,1683.770,1682.588,1683.148,175
SQ:XAUUSD,2020-04-17T20:14:00+02:00,1683.148,1683.288,1679.590,1680.260,327
SQ:XAUUSD,2020-04-17T20:15:00+02:00,1680.280,1682.310,1680.040,1681.770,348
SQ:XAUUSD,2020-04-17T20:16:00+02:00,1681.480,1682.520,1680.930,1682.310,240
SQ:XAUUSD,2020-04-17T20:17:00+02:00,1682.030,1682.780,1681.330,1682.670,198
SQ:XAUUSD,2020-04-17T20:18:00+02:00,1682.720,1683.970,1682.510,1683.330,131
SQ:XAUUSD,2020-04-17T20:19:00+02:00,1683.330,1684.330,1683.030,1683.170,177
SQ:XAUUSD,2020-04-17T20:20:00+02:00,1683.170,1684.280,1683.120,1683.660,125
SQ:XAUUSD,2020-04-17T20:21:00+02:00,1683.660,1683.920,1683.160,1683.460,133
SQ:XAUUSD,2020-04-17T20:22:00+02:00,1683.620,1683.930,1683.210,1683.590,116
SQ:XAUUSD,2020-04-17T20:23:00+02:00,1683.470,1684.500,1683.230,1683.510,136
SQ:XAUUSD,2020-04-17T20:24:00+02:00,1683.370,1684.710,1683.370,1684.600,129
SQ:XAUUSD,2020-04-17T20:25:00+02:00,1684.450,1684.690,1684.140,1684.318,115
SQ:XAUUSD,2020-04-17T20:26:00+02:00,1684.420,1685.010,1683.994,1684.920,177
SQ:XAUUSD,2020-04-17T20:27:00+02:00,1684.920,1685.060,1684.180,1684.480,150
SQ:XAUUSD,2020-04-17T20:28:00+02:00,1684.480,1684.730,1683.898,1684.520,155
SQ:XAUUSD,2020-04-17T20:29:00+02:00,1684.370,1685.380,1684.330,1685.320,172
SQ:XAUUSD,2020-04-17T20:30:00+02:00,1685.240,1685.430,1684.310,1684.310,132
SQ:XAUUSD,2020-04-17T20:31:00+02:00,1684.310,1684.940,1684.050,1684.280,198
SQ:XAUUSD,2020-04-17T20:32:00+02:00,1684.660,1684.800,1684.060,1684.060,189
SQ:XAUUSD,2020-04-17T20:33:00+02:00,1684.250,1684.780,1684.010,1684.330,187
SQ:XAUUSD,2020-04-17T20:34:00+02:00,1684.360,1684.690,1683.406,1683.598,224
SQ:XAUUSD,2020-04-17T20:35:00+02:00,1683.598,1683.940,1682.780,1683.880,159
SQ:XAUUSD,2020-04-17T20:36:00+02:00,1683.510,1684.220,1683.108,1683.258,130
SQ:XAUUSD,2020-04-17T20:37:00+02:00,1683.390,1683.990,1682.850,1683.170,127
SQ:XAUUSD,2020-04-17T20:38:00+02:00,1683.170,1683.820,1683.040,1683.530,103
SQ:XAUUSD,2020-04-17T20:39:00+02:00,1683.620,1683.620,1682.820,1683.498,129
SQ:XAUUSD,2020-04-17T20:40:00+02:00,1683.498,1684.248,1683.070,1684.130,116
SQ:XAUUSD,2020-04-17T20:41:00+02:00,1684.130,1684.318,1683.006,1683.460,134
SQ:XAUUSD,2020-04-17T20:42:00+02:00,1683.232,1684.070,1683.018,1684.070,126
SQ:XAUUSD,2020-04-17T20:43:00+02:00,1684.070,1684.390,1683.550,1684.184,113
SQ:XAUUSD,2020-04-17T20:44:00+02:00,1684.184,1684.184,1683.410,1683.924,136
SQ:XAUUSD,2020-04-17T20:45:00+02:00,1683.954,1684.508,1682.668,1683.128,104
SQ:XAUUSD,2020-04-17T20:46:00+02:00,1683.128,1683.244,1681.650,1682.870,240
SQ:XAUUSD,2020-04-17T20:47:00+02:00,1682.920,1684.182,1682.910,1683.882,142
SQ:XAUUSD,2020-04-17T20:48:00+02:00,1683.912,1684.248,1683.730,1684.000,61
SQ:XAUUSD,2020-04-17T20:49:00+02:00,1683.970,1684.896,1683.700,1684.100,193
SQ:XAUUSD,2020-04-17T20:50:00+02:00,1684.100,1684.500,1683.750,1684.208,135
SQ:XAUUSD,2020-04-17T20:51:00+02:00,1683.858,1684.584,1683.180,1683.590,185
SQ:XAUUSD,2020-04-17T20:52:00+02:00,1683.590,1683.818,1682.180,1682.530,140
SQ:XAUUSD,2020-04-17T20:53:00+02:00,1682.530,1683.154,1679.370,1683.030,160
SQ:XAUUSD,2020-04-17T20:54:00+02:00,1683.040,1683.240,1681.590,1682.600,45
SQ:XAUUSD,2020-04-17T20:55:00+02:00,1682.600,1683.060,1682.030,1682.990,86
SQ:XAUUSD,2020-04-17T20:56:00+02:00,1682.990,1683.220,1682.460,1682.950,165
SQ:XAUUSD,2020-04-17T20:57:00+02:00,1682.940,1683.160,1682.020,1683.150,167
SQ:XAUUSD,2020-04-17T20:58:00+02:00,1683.150,1684.230,1683.150,1683.570,61
SQ:XAUUSD,2020-04-17T20:59:00+02:00,1683.580,1683.580,1682.730,1683.170,49
SQ:XAUUSD,2020-04-17T21:00:00+02:00,1683.170,1683.170,1682.480,1682.820,88
SQ:XAUUSD,2020-04-17T21:01:00+02:00,1682.840,1684.130,1682.590,1683.800,157
SQ:XAUUSD,2020-04-17T21:02:00+02:00,1683.800,1683.850,1682.970,1683.340,188
SQ:XAUUSD,2020-04-17T21:03:00+02:00,1683.260,1683.300,1682.180,1682.180,125
SQ:XAUUSD,2020-04-17T21:04:00+02:00,1682.210,1682.480,1681.660,1682.220,117
SQ:XAUUSD,2020-04-17T21:05:00+02:00,1682.300,1682.520,1681.670,1682.460,71
SQ:XAUUSD,2020-04-17T21:06:00+02:00,1682.460,1683.520,1682.460,1683.070,53
SQ:XAUUSD,2020-04-17T21:07:00+02:00,1683.070,1683.070,1682.020,1682.420,79
SQ:XAUUSD,2020-04-17T21:08:00+02:00,1682.420,1683.420,1682.370,1683.370,27
SQ:XAUUSD,2020-04-17T21:09:00+02:00,1683.370,1683.430,1682.150,1682.870,37
SQ:XAUUSD,2020-04-17T21:10:00+02:00,1682.870,1683.070,1682.040,1682.670,22
SQ:XAUUSD,2020-04-17T21:11:00+02:00,1682.670,1683.170,1682.020,1682.870,24
SQ:XAUUSD,2020-04-17T21:12:00+02:00,1682.870,1682.870,1682.320,1682.770,20
SQ:XAUUSD,2020-04-17T21:13:00+02:00,1676.400,1682.810,1675.260,1682.520,42
SQ:XAUUSD,2020-04-17T21:14:00+02:00,1682.520,1682.670,1682.520,1682.670,10
SQ:XAUUSD,2020-04-17T21:15:00+02:00,1682.670,1682.670,1680.450,1681.270,68
SQ:XAUUSD,2020-04-17T21:16:00+02:00,1681.270,1681.570,1680.290,1681.170,46
SQ:XAUUSD,2020-04-17T21:17:00+02:00,1681.170,1681.870,1681.170,1681.870,17
SQ:XAUUSD,2020-04-17T21:18:00+02:00,1681.870,1682.170,1681.770,1681.970,24
SQ:XAUUSD,2020-04-17T21:19:00+02:00,1681.970,1682.570,1681.440,1682.270,32
SQ:XAUUSD,2020-04-17T21:20:00+02:00,1682.270,1682.270,1680.960,1681.470,39
SQ:XAUUSD,2020-04-17T21:21:00+02:00,1681.470,1681.720,1681.170,1681.270,16
SQ:XAUUSD,2020-04-17T21:22:00+02:00,1681.270,1681.470,1680.370,1680.670,35
SQ:XAUUSD,2020-04-17T21:23:00+02:00,1680.670,1680.820,1679.364,1679.520,62
SQ:XAUUSD,2020-04-17T21:24:00+02:00,1679.520,1681.850,1679.180,1681.560,201
SQ:XAUUSD,2020-04-17T21:25:00+02:00,1681.560,1682.410,1680.970,1681.790,157
SQ:XAUUSD,2020-04-17T21:26:00+02:00,1681.790,1682.390,1680.780,1682.150,128
SQ:XAUUSD,2020-04-17T21:27:00+02:00,1682.150,1682.790,1680.890,1681.790,173
SQ:XAUUSD,2020-04-17T21:28:00+02:00,1681.830,1682.670,1681.220,1682.450,164
SQ:XAUUSD,2020-04-17T21:29:00+02:00,1682.450,1682.930,1681.240,1681.940,112
SQ:XAUUSD,2020-04-17T21:30:00+02:00,1681.940,1682.670,1681.940,1682.420,42
SQ:XAUUSD,2020-04-17T21:31:00+02:00,1682.470,1682.770,1682.010,1682.500,123
SQ:XAUUSD,2020-04-17T21:32:00+02:00,1682.500,1682.710,1682.110,1682.710,86
SQ:XAUUSD,2020-04-17T21:33:00+02:00,1682.710,1682.760,1682.370,1682.680,71
SQ:XAUUSD,2020-04-17T21:34:00+02:00,1682.680,1683.090,1682.410,1682.750,125
SQ:XAUUSD,2020-04-17T21:35:00+02:00,1682.700,1682.770,1681.050,1681.150,154
SQ:XAUUSD,2020-04-17T21:36:00+02:00,1681.100,1681.900,1680.850,1681.470,105
SQ:XAUUSD,2020-04-17T21:37:00+02:00,1681.470,1681.550,1680.330,1680.930,77
SQ:XAUUSD,2020-04-17T21:38:00+02:00,1680.900,1681.630,1680.900,1681.330,50
SQ:XAUUSD,2020-04-17T21:39:00+02:00,1681.330,1681.630,1679.250,1679.250,71
SQ:XAUUSD,2020-04-17T21:40:00+02:00,1679.250,1680.510,1679.250,1679.640,72
SQ:XAUUSD,2020-04-17T21:41:00+02:00,1679.740,1680.350,1678.920,1679.830,57
SQ:XAUUSD,2020-04-17T21:42:00+02:00,1679.750,1680.220,1679.340,1679.900,139
SQ:XAUUSD,2020-04-17T21:43:00+02:00,1679.890,1680.160,1679.260,1679.300,103
SQ:XAUUSD,2020-04-17T21:44:00+02:00,1679.300,1680.950,1679.300,1680.820,160
SQ:XAUUSD,2020-04-17T21:45:00+02:00,1680.460,1681.320,1679.970,1680.850,62
SQ:XAUUSD,2020-04-17T21:46:00+02:00,1680.850,1682.220,1680.800,1680.830,102
SQ:XAUUSD,2020-04-17T21:47:00+02:00,1680.930,1681.730,1680.930,1681.490,75
SQ:XAUUSD,2020-04-17T21:48:00+02:00,1681.490,1681.710,1680.870,1681.090,131
SQ:XAUUSD,2020-04-17T21:49:00+02:00,1681.090,1681.830,1680.830,1681.420,81
SQ:XAUUSD,2020-04-17T21:50:00+02:00,1681.420,1682.180,1681.250,1681.730,110
SQ:XAUUSD,2020-04-17T21:51:00+02:00,1681.740,1682.520,1681.680,1682.330,116
SQ:XAUUSD,2020-04-17T21:52:00+02:00,1681.980,1683.120,1681.800,1682.260,243
SQ:XAUUSD,2020-04-17T21:53:00+02:00,1682.420,1683.120,1681.980,1682.690,204
SQ:XAUUSD,2020-04-17T21:54:00+02:00,1682.690,1683.160,1682.080,1682.310,278
SQ:XAUUSD,2020-04-17T21:55:00+02:00,1682.310,1683.030,1682.120,1682.680,213
SQ:XAUUSD,2020-04-17T21:56:00+02:00,1682.680,1683.020,1681.780,1682.200,166
SQ:XAUUSD,2020-04-17T21:57:00+02:00,1682.200,1682.810,1681.790,1681.880,143
SQ:XAUUSD,2020-04-17T21:58:00+02:00,1681.800,1682.660,1681.680,1682.500,54
SQ:XAUUSD,2020-04-17T21:59:00+02:00,1682.490,1683.420,1682.160,1683.120,257
SQ:XAUUSD,2020-04-17T22:00:00+02:00,1683.160,1683.720,1683.090,1683.260,48
SQ:XAUUSD,2020-04-17T22:01:00+02:00,1683.360,1683.380,1682.840,1682.840,22
SQ:XAUUSD,2020-04-17T22:02:00+02:00,1682.880,1683.240,1682.640,1683.090,21
SQ:XAUUSD,2020-04-17T22:03:00+02:00,1683.090,1683.690,1683.020,1683.470,22
SQ:XAUUSD,2020-04-17T22:04:00+02:00,1683.470,1684.070,1683.470,1684.040,20
SQ:XAUUSD,2020-04-17T22:05:00+02:00,1684.040,1684.140,1683.730,1683.810,19
SQ:XAUUSD,2020-04-17T22:06:00+02:00,1683.810,1683.960,1683.630,1683.640,21
SQ:XAUUSD,2020-04-17T22:07:00+02:00,1683.710,1683.810,1683.340,1683.670,20
SQ:XAUUSD,2020-04-17T22:08:00+02:00,1683.670,1683.950,1683.670,1683.840,23
SQ:XAUUSD,2020-04-17T22:09:00+02:00,1683.800,1683.830,1683.460,1683.460,19
SQ:XAUUSD,2020-04-17T22:10:00+02:00,1683.460,1683.580,1683.040,1683.210,37
SQ:XAUUSD,2020-04-17T22:11:00+02:00,1683.120,1684.460,1683.120,1683.840,26
SQ:XAUUSD,2020-04-17T22:12:00+02:00,1683.840,1684.010,1683.570,1683.910,21
SQ:XAUUSD,2020-04-17T22:13:00+02:00,1683.910,1683.920,1683.200,1683.300,18
SQ:XAUUSD,2020-04-17T22:14:00+02:00,1683.300,1683.300,1682.720,1682.830,38
SQ:XAUUSD,2020-04-17T22:15:00+02:00,1682.830,1683.590,1682.830,1683.270,16
SQ:XAUUSD,2020-04-17T22:16:00+02:00,1683.550,1683.910,1683.080,1683.190,20
SQ:XAUUSD,2020-04-17T22:17:00+02:00,1683.190,1683.230,1682.930,1682.930,14
SQ:XAUUSD,2020-04-17T22:18:00+02:00,1682.920,1683.300,1682.920,1683.210,16
SQ:XAUUSD,2020-04-17T22:19:00+02:00,1683.210,1683.420,1683.070,1683.370,15
SQ:XAUUSD,2020-04-17T22:20:00+02:00,1683.300,1683.560,1683.170,1683.270,31
SQ:XAUUSD,2020-04-17T22:21:00+02:00,1683.300,1683.950,1683.160,1683.620,36
SQ:XAUUSD,2020-04-17T22:22:00+02:00,1683.610,1683.870,1683.460,1683.680,33
SQ:XAUUSD,2020-04-17T22:23:00+02:00,1683.720,1684.100,1683.440,1683.760,26
SQ:XAUUSD,2020-04-17T22:24:00+02:00,1683.760,1683.930,1683.530,1683.700,17
SQ:XAUUSD,2020-04-17T22:25:00+02:00,1683.700,1684.110,1683.260,1683.630,46
SQ:XAUUSD,2020-04-17T22:26:00+02:00,1683.560,1684.710,1683.270,1683.570,50
SQ:XAUUSD,2020-04-17T22:27:00+02:00,1683.570,1683.880,1683.390,1683.880,20
SQ:XAUUSD,2020-04-17T22:28:00+02:00,1683.960,1684.360,1683.800,1684.140,38
SQ:XAUUSD,2020-04-17T22:29:00+02:00,1684.140,1684.180,1684.140,1684.140,3
SQ:XAUUSD,2020-04-17T22:30:00+02:00,1684.140,1684.210,1683.710,1683.730,21
SQ:XAUUSD,2020-04-17T22:31:00+02:00,1683.730,1683.910,1683.730,1683.760,11
SQ:XAUUSD,2020-04-17T22:32:00+02:00,1683.740,1684.020,1683.740,1683.900,10
SQ:XAUUSD,2020-04-17T22:33:00+02:00,1683.910,1684.160,1683.750,1684.160,12
SQ:XAUUSD,2020-04-17T22:34:00+02:00,1684.100,1684.100,1683.770,1683.770,8
SQ:XAUUSD,2020-04-17T22:35:00+02:00,1683.770,1683.880,1683.770,1683.770,6
SQ:XAUUSD,2020-04-17T22:36:00+02:00,1683.770,1684.120,1683.770,1683.950,10
SQ:XAUUSD,2020-04-17T22:37:00+02:00,1683.950,1684.690,1683.910,1684.590,18
SQ:XAUUSD,2020-04-17T22:38:00+02:00,1684.590,1685.160,1683.550,1683.630,26
SQ:XAUUSD,2020-04-17T22:39:00+02:00,1683.570,1683.570,1683.520,1683.560,6
SQ:XAUUSD,2020-04-17T22:40:00+02:00,1683.560,1683.770,1683.500,1683.630,12
SQ:XAUUSD,2020-04-17T22:41:00+02:00,1683.790,1683.910,1683.600,1683.650,8
SQ:XAUUSD,2020-04-17T22:42:00+02:00,1683.650,1683.690,1683.610,1683.630,8
SQ:XAUUSD,2020-04-17T22:43:00+02:00,1683.630,1683.630,1683.390,1683.390,12
SQ:XAUUSD,2020-04-17T22:44:00+02:00,1683.390,1683.460,1683.280,1683.280,8
SQ:XAUUSD,2020-04-17T22:45:00+02:00,1683.280,1683.280,1682.790,1682.810,20
SQ:XAUUSD,2020-04-17T22:46:00+02:00,1682.810,1682.910,1682.230,1682.240,23
SQ:XAUUSD,2020-04-17T22:47:00+02:00,1682.200,1682.200,1681.810,1681.990,13
SQ:XAUUSD,2020-04-17T22:48:00+02:00,1681.990,1681.990,1681.490,1681.520,17
SQ:XAUUSD,2020-04-17T22:49:00+02:00,1681.380,1681.380,1680.460,1680.840,31
SQ:XAUUSD,2020-04-17T22:50:00+02:00,1680.690,1680.820,1680.070,1680.640,37
SQ:XAUUSD,2020-04-17T22:51:00+02:00,1680.660,1680.910,1680.030,1680.120,39
SQ:XAUUSD,2020-04-17T22:52:00+02:00,1680.120,1680.670,1679.970,1680.340,68
SQ:XAUUSD,2020-04-17T22:53:00+02:00,1680.340,1680.580,1680.210,1680.410,39
SQ:XAUUSD,2020-04-17T22:54:00+02:00,1680.410,1680.900,1679.810,1680.900,36
SQ:XAUUSD,2020-04-20T00:01:00+02:00,1681.140,1682.290,1681.140,1681.970,37
SQ:XAUUSD,2020-04-20T00:02:00+02:00,1681.980,1683.170,1681.790,1682.640,95
SQ:XAUUSD,2020-04-20T00:03:00+02:00,1682.690,1682.690,1681.350,1682.010,89
SQ:XAUUSD,2020-04-20T00:04:00+02:00,1682.040,1682.340,1681.010,1682.340,65
SQ:XAUUSD,2020-04-20T00:05:00+02:00,1682.770,1683.670,1681.810,1681.970,72
SQ:XAUUSD,2020-04-20T00:06:00+02:00,1681.970,1682.980,1681.790,1682.130,44
SQ:XAUUSD,2020-04-20T00:07:00+02:00,1682.120,1682.760,1681.770,1682.120,37
SQ:XAUUSD,2020-04-20T00:08:00+02:00,1682.030,1682.190,1680.028,1681.340,17
SQ:XAUUSD,2020-04-20T00:09:00+02:00,1681.340,1682.420,1681.180,1681.590,13
SQ:XAUUSD,2020-04-20T00:10:00+02:00,1681.800,1682.150,1681.120,1681.970,44
SQ:XAUUSD,2020-04-20T00:11:00+02:00,1682.150,1682.310,1681.340,1681.570,30
SQ:XAUUSD,2020-04-20T00:12:00+02:00,1681.570,1682.090,1681.350,1682.090,20
SQ:XAUUSD,2020-04-20T00:13:00+02:00,1682.090,1682.090,1679.560,1681.060,38
SQ:XAUUSD,2020-04-20T00:14:00+02:00,1681.090,1681.580,1680.510,1681.280,19
SQ:XAUUSD,2020-04-20T00:15:00+02:00,1681.280,1681.740,1680.090,1681.030,26
SQ:XAUUSD,2020-04-20T00:16:00+02:00,1681.040,1681.070,1680.160,1680.400,56
SQ:XAUUSD,2020-04-20T00:17:00+02:00,1680.740,1680.890,1679.200,1679.340,43
SQ:XAUUSD,2020-04-20T00:18:00+02:00,1679.200,1679.280,1678.670,1678.670,22
SQ:XAUUSD,2020-04-20T00:19:00+02:00,1678.670,1679.280,1678.670,1679.150,21
SQ:XAUUSD,2020-04-20T00:20:00+02:00,1679.150,1679.280,1679.000,1679.180,41
SQ:XAUUSD,2020-04-20T00:21:00+02:00,1679.180,1679.290,1679.100,1679.220,17
SQ:XAUUSD,2020-04-20T00:22:00+02:00,1679.220,1679.310,1679.160,1679.280,13
SQ:XAUUSD,2020-04-20T00:23:00+02:00,1679.280,1679.280,1678.520,1679.190,19
SQ:XAUUSD,2020-04-20T00:24:00+02:00,1679.190,1679.290,1678.410,1679.260,17
SQ:XAUUSD,2020-04-20T00:25:00+02:00,1679.290,1679.290,1679.200,1679.200,17
SQ:XAUUSD,2020-04-20T00:26:00+02:00,1679.200,1679.260,1679.100,1679.240,11
SQ:XAUUSD,2020-04-20T00:27:00+02:00,1679.240,1679.290,1679.220,1679.280,8
SQ:XAUUSD,2020-04-20T00:28:00+02:00,1679.220,1679.270,1678.350,1679.180,9
SQ:XAUUSD,2020-04-20T00:29:00+02:00,1679.180,1679.280,1679.180,1679.250,7
SQ:XAUUSD,2020-04-20T00:30:00+02:00,1679.250,1680.860,1677.380,1679.070,60
SQ:XAUUSD,2020-04-20T00:31:00+02:00,1679.070,1679.960,1679.000,1679.140,47
SQ:XAUUSD,2020-04-20T00:32:00+02:00,1679.160,1679.170,1678.980,1679.030,21
SQ:XAUUSD,2020-04-20T00:33:00+02:00,1679.030,1679.520,1679.030,1679.300,16
SQ:XAUUSD,2020-04-20T00:34:00+02:00,1679.300,1679.490,1679.250,1679.430,5
SQ:XAUUSD,2020-04-20T00:35:00+02:00,1679.430,1679.430,1678.920,1678.920,12
SQ:XAUUSD,2020-04-20T00:36:00+02:00,1678.920,1679.040,1678.920,1679.040,6
SQ:XAUUSD,2020-04-20T00:37:00+02:00,1679.040,1679.190,1679.020,1679.170,11
SQ:XAUUSD,2020-04-20T00:38:00+02:00,1679.170,1679.190,1678.520,1679.180,32
SQ:XAUUSD,2020-04-20T00:39:00+02:00,1679.170,1679.190,1678.950,1679.110,27
SQ:XAUUSD,2020-04-20T00:40:00+02:00,1679.110,1679.180,1679.060,1679.130,14
SQ:XAUUSD,2020-04-20T00:41:00+02:00,1679.130,1679.160,1678.060,1679.060,30
SQ:XAUUSD,2020-04-20T00:42:00+02:00,1679.060,1679.284,1679.060,1679.248,36
SQ:XAUUSD,2020-04-20T00:43:00+02:00,1679.248,1679.248,1679.148,1679.194,18
SQ:XAUUSD,2020-04-20T00:44:00+02:00,1679.194,1679.274,1678.980,1679.030,30
SQ:XAUUSD,2020-04-20T00:45:00+02:00,1679.060,1679.284,1676.820,1679.266,87
SQ:XAUUSD,2020-04-20T00:46:00+02:00,1679.266,1679.278,1676.540,1677.270,66
SQ:XAUUSD,2020-04-20T00:47:00+02:00,1677.270,1677.590,1676.982,1677.520,36
SQ:XAUUSD,2020-04-20T00:48:00+02:00,1677.520,1678.030,1677.340,1677.340,45
SQ:XAUUSD,2020-04-20T00:49:00+02:00,1677.340,1677.970,1677.170,1677.710,41
SQ:XAUUSD,2020-04-20T00:50:00+02:00,1677.720,1677.830,1676.760,1676.760,29
SQ:XAUUSD,2020-04-20T00:51:00+02:00,1676.800,1677.110,1674.710,1674.960,47
SQ:XAUUSD,2020-04-20T00:52:00+02:00,1674.960,1676.080,1674.960,1675.580,33
SQ:XAUUSD,2020-04-20T00:53:00+02:00,1675.580,1675.920,1675.180,1675.180,18
SQ:XAUUSD,2020-04-20T00:54:00+02:00,1675.180,1675.280,1674.710,1674.910,18
SQ:XAUUSD,2020-04-20T00:55:00+02:00,1674.910,1676.280,1674.840,1675.960,32
SQ:XAUUSD,2020-04-20T00:56:00+02:00,1675.960,1676.080,1675.124,1675.140,30
SQ:XAUUSD,2020-04-20T00:57:00+02:00,1675.140,1675.540,1675.140,1675.530,13
SQ:XAUUSD,2020-04-20T00:58:00+02:00,1675.530,1676.620,1675.430,1675.950,33
SQ:XAUUSD,2020-04-20T00:59:00+02:00,1675.930,1676.220,1674.150,1674.150,28
SQ:XAUUSD,2020-04-20T01:00:00+02:00,1674.150,1676.090,1673.980,1675.960,50
SQ:XAUUSD,2020-04-20T01:01:00+02:00,1676.030,1676.330,1675.840,1676.270,57
SQ:XAUUSD,2020-04-20T01:02:00+02:00,1676.270,1676.510,1675.550,1676.030,57
SQ:XAUUSD,2020-04-20T01:03:00+02:00,1676.030,1676.300,1675.750,1676.160,45
SQ:XAUUSD,2020-04-20T01:04:00+02:00,1676.160,1676.370,1676.110,1676.280,32
SQ:XAUUSD,2020-04-20T01:05:00+02:00,1676.310,1676.340,1675.940,1676.010,20
SQ:XAUUSD,2020-04-20T01:06:00+02:00,1675.990,1676.050,1675.160,1676.050,57
SQ:XAUUSD,2020-04-20T01:07:00+02:00,1676.050,1676.370,1675.790,1675.990,28
SQ:XAUUSD,2020-04-20T01:08:00+02:00,1675.990,1677.280,1675.990,1676.820,89
SQ:XAUUSD,2020-04-20T01:09:00+02:00,1676.820,1677.170,1675.870,1676.050,38
SQ:XAUUSD,2020-04-20T01:10:00+02:00,1676.250,1676.940,1675.970,1676.890,50
SQ:XAUUSD,2020-04-20T01:11:00+02:00,1676.940,1677.040,1676.450,1676.540,38
SQ:XAUUSD,2020-04-20T01:12:00+02:00,1676.540,1676.790,1676.290,1676.780,26
SQ:XAUUSD,2020-04-20T01:13:00+02:00,1676.780,1677.030,1676.710,1676.910,17
SQ:XAUUSD,2020-04-20T01:14:00+02:00,1676.870,1677.030,1676.560,1676.780,30
SQ:XAUUSD,2020-04-20T01:15:00+02:00,1676.820,1676.920,1676.240,1676.240,46
SQ:XAUUSD,2020-04-20T01:16:00+02:00,1676.240,1676.390,1675.960,1676.320,34
SQ:XAUUSD,2020-04-20T01:17:00+02:00,1676.360,1676.670,1676.320,1676.530,28
SQ:XAUUSD,2020-04-20T01:18:00+02:00,1676.600,1676.770,1675.960,1676.330,43
SQ:XAUUSD,2020-04-20T01:19:00+02:00,1676.330,1676.590,1674.980,1676.490,25
SQ:XAUUSD,2020-04-20T01:20:00+02:00,1676.490,1676.490,1675.010,1675.280,20
SQ:XAUUSD,2020-04-20T01:21:00+02:00,1675.300,1675.880,1675.300,1675.740,24
SQ:XAUUSD,2020-04-20T01:22:00+02:00,1675.740,1675.800,1675.670,1675.780,18
SQ:XAUUSD,2020-04-20T01:23:00+02:00,1675.790,1676.170,1675.790,1675.870,12
SQ:XAUUSD,2020-04-20T01:24:00+02:00,1675.870,1675.960,1675.750,1675.960,15
SQ:XAUUSD,2020-04-20T01:25:00+02:00,1675.960,1676.030,1675.190,1675.210,23
SQ:XAUUSD,2020-04-20T01:26:00+02:00,1675.240,1675.400,1675.230,1675.290,15
SQ:XAUUSD,2020-04-20T01:27:00+02:00,1675.290,1675.410,1674.570,1674.570,44
SQ:XAUUSD,2020-04-20T01:28:00+02:00,1674.570,1674.600,1674.130,1674.200,42
SQ:XAUUSD,2020-04-20T01:29:00+02:00,1674.220,1674.410,1674.140,1674.290,42
SQ:XAUUSD,2020-04-20T01:30:00+02:00,1674.290,1676.270,1674.290,1675.910,51
SQ:XAUUSD,2020-04-20T01:31:00+02:00,1675.880,1675.880,1674.750,1675.050,32
SQ:XAUUSD,2020-04-20T01:32:00+02:00,1675.070,1675.070,1674.700,1674.710,40
SQ:XAUUSD,2020-04-20T01:33:00+02:00,1674.710,1676.070,1674.410,1675.980,99
SQ:XAUUSD,2020-04-20T01:34:00+02:00,1675.920,1676.160,1675.700,1676.070,37
SQ:XAUUSD,2020-04-20T01:35:00+02:00,1676.070,1676.470,1675.830,1676.420,26
SQ:XAUUSD,2020-04-20T01:36:00+02:00,1676.460,1676.770,1675.950,1676.630,47
SQ:XAUUSD,2020-04-20T01:37:00+02:00,1676.630,1676.750,1676.380,1676.460,33
SQ:XAUUSD,2020-04-20T01:38:00+02:00,1676.460,1676.650,1676.410,1676.420,30
SQ:XAUUSD,2020-04-20T01:39:00+02:00,1676.380,1677.550,1676.240,1677.160,68
SQ:XAUUSD,2020-04-20T01:40:00+02:00,1677.260,1677.280,1675.640,1675.640,51
SQ:XAUUSD,2020-04-20T01:41:00+02:00,1675.670,1676.020,1675.670,1676.020,16
SQ:XAUUSD,2020-04-20T01:42:00+02:00,1676.020,1676.020,1675.400,1675.440,16
SQ:XAUUSD,2020-04-20T01:43:00+02:00,1675.440,1675.440,1675.310,1675.390,19
SQ:XAUUSD,2020-04-20T01:44:00+02:00,1675.380,1676.390,1675.340,1676.360,32
SQ:XAUUSD,2020-04-20T01:45:00+02:00,1676.360,1676.370,1676.000,1676.040,33
SQ:XAUUSD,2020-04-20T01:46:00+02:00,1676.040,1676.040,1675.920,1676.020,9
SQ:XAUUSD,2020-04-20T01:47:00+02:00,1676.080,1676.320,1675.920,1676.320,18
SQ:XAUUSD,2020-04-20T01:48:00+02:00,1676.290,1676.820,1676.170,1676.210,49
SQ:XAUUSD,2020-04-20T01:49:00+02:00,1676.140,1676.140,1675.600,1675.600,18
SQ:XAUUSD,2020-04-20T01:50:00+02:00,1675.600,1676.240,1675.450,1675.720,33
SQ:XAUUSD,2020-04-20T01:51:00+02:00,1675.700,1676.070,1675.640,1675.920,21
SQ:XAUUSD,2020-04-20T01:52:00+02:00,1675.950,1676.350,1675.950,1676.260,20
SQ:XAUUSD,2020-04-20T01:53:00+02:00,1676.260,1676.330,1675.564,1675.700,43
SQ:XAUUSD,2020-04-20T01:54:00+02:00,1675.700,1675.840,1675.484,1675.690,57
SQ:XAUUSD,2020-04-20T01:55:00+02:00,1675.690,1676.010,1675.620,1675.810,52
SQ:XAUUSD,2020-04-20T01:56:00+02:00,1675.850,1676.140,1675.820,1676.100,41
SQ:XAUUSD,2020-04-20T01:57:00+02:00,1676.160,1676.940,1676.090,1676.720,64
SQ:XAUUSD,2020-04-20T01:58:00+02:00,1676.720,1676.720,1676.090,1676.190,82
SQ:XAUUSD,2020-04-20T01:59:00+02:00,1676.220,1676.250,1675.510,1675.600,48
SQ:XAUUSD,2020-04-20T02:00:00+02:00,1675.670,1676.210,1675.540,1676.000,74
SQ:XAUUSD,2020-04-20T02:01:00+02:00,1676.000,1676.140,1675.910,1675.990,27
SQ:XAUUSD,2020-04-20T02:02:00+02:00,1676.020,1676.140,1675.310,1675.310,31
SQ:XAUUSD,2020-04-20T02:03:00+02:00,1675.310,1675.310,1674.750,1674.890,33
SQ:XAUUSD,2020-04-20T02:04:00+02:00,1674.890,1675.240,1674.380,1674.380,24
SQ:XAUUSD,2020-04-20T02:05:00+02:00,1674.380,1674.880,1673.900,1674.770,96
SQ:XAUUSD,2020-04-20T02:06:00+02:00,1674.770,1675.150,1673.720,1674.800,60
SQ:XAUUSD,2020-04-20T02:07:00+02:00,1674.780,1675.030,1674.350,1674.660,43
SQ:XAUUSD,2020-04-20T02:08:00+02:00,1674.660,1675.480,1674.420,1675.040,62
SQ:XAUUSD,2020-04-20T02:09:00+02:00,1675.020,1675.110,1674.370,1674.420,45
SQ:XAUUSD,2020-04-20T02:10:00+02:00,1674.420,1674.450,1673.500,1673.610,67
SQ:XAUUSD,2020-04-20T02:11:00+02:00,1673.650,1673.950,1673.360,1673.810,45
SQ:XAUUSD,2020-04-20T02:12:00+02:00,1673.810,1673.810,1673.160,1673.580,51
SQ:XAUUSD,2020-04-20T02:13:00+02:00,1673.580,1673.800,1673.580,1673.780,23
SQ:XAUUSD,2020-04-20T02:14:00+02:00,1673.780,1673.820,1673.570,1673.690,48
SQ:XAUUSD,2020-04-20T02:15:00+02:00,1673.680,1673.930,1673.650,1673.760,29
SQ:XAUUSD,2020-04-20T02:16:00+02:00,1673.760,1673.900,1672.930,1673.010,61
SQ:XAUUSD,2020-04-20T02:17:00+02:00,1673.090,1673.640,1670.730,1671.470,145
SQ:XAUUSD,2020-04-20T02:18:00+02:00,1671.470,1672.094,1670.750,1671.650,69
SQ:XAUUSD,2020-04-20T02:19:00+02:00,1671.640,1672.220,1671.640,1671.940,76
SQ:XAUUSD,2020-04-20T02:20:00+02:00,1671.940,1672.930,1671.830,1672.630,44
SQ:XAUUSD,2020-04-20T02:21:00+02:00,1672.600,1673.090,1672.490,1672.590,45
SQ:XAUUSD,2020-04-20T02:22:00+02:00,1672.590,1672.930,1672.200,1672.700,26
SQ:XAUUSD,2020-04-20T02:23:00+02:00,1672.710,1672.950,1671.890,1671.890,42
SQ:XAUUSD,2020-04-20T02:24:00+02:00,1671.890,1673.000,1671.810,1673.000,48
SQ:XAUUSD,2020-04-20T02:25:00+02:00,1673.000,1673.110,1672.620,1673.080,33
SQ:XAUUSD,2020-04-20T02:26:00+02:00,1673.060,1673.620,1672.900,1673.500,34
SQ:XAUUSD,2020-04-20T02:27:00+02:00,1673.530,1674.090,1673.380,1673.530,46
SQ:XAUUSD,2020-04-20T02:28:00+02:00,1673.560,1674.200,1673.560,1673.990,39
SQ:XAUUSD,2020-04-20T02:29:00+02:00,1673.980,1674.520,1673.940,1674.520,37
SQ:XAUUSD,2020-04-20T02:30:00+02:00,1674.550,1674.630,1674.170,1674.430,47
SQ:XAUUSD,2020-04-20T02:31:00+02:00,1674.430,1674.510,1674.220,1674.490,41
SQ:XAUUSD,2020-04-20T02:32:00+02:00,1674.520,1675.420,1674.330,1675.250,49
SQ:XAUUSD,2020-04-20T02:33:00+02:00,1675.270,1675.760,1675.050,1675.520,80
SQ:XAUUSD,2020-04-20T02:34:00+02:00,1675.580,1676.120,1675.480,1676.100,44
SQ:XAUUSD,2020-04-20T02:35:00+02:00,1676.030,1676.030,1675.480,1675.530,60
SQ:XAUUSD,2020-04-20T02:36:00+02:00,1675.600,1675.850,1675.520,1675.790,42
SQ:XAUUSD,2020-04-20T02:37:00+02:00,1675.730,1675.900,1675.590,1675.640,28
SQ:XAUUSD,2020-04-20T02:38:00+02:00,1675.680,1675.750,1675.190,1675.690,33
SQ:XAUUSD,2020-04-20T02:39:00+02:00,1675.690,1675.770,1675.370,1675.620,30
SQ:XAUUSD,2020-04-20T02:40:00+02:00,1675.580,1675.890,1675.330,1675.330,33
SQ:XAUUSD,2020-04-20T02:41:00+02:00,1675.370,1675.730,1675.310,1675.400,27
SQ:XAUUSD,2020-04-20T02:42:00+02:00,1675.320,1675.640,1675.320,1675.390,43
SQ:XAUUSD,2020-04-20T02:43:00+02:00,1675.390,1675.920,1673.890,1674.660,55
SQ:XAUUSD,2020-04-20T02:44:00+02:00,1674.700,1674.700,1673.560,1673.850,79
SQ:XAUUSD,2020-04-20T02:45:00+02:00,1673.890,1674.180,1673.590,1674.060,74
SQ:XAUUSD,2020-04-20T02:46:00+02:00,1674.110,1674.540,1674.110,1674.190,48
SQ:XAUUSD,2020-04-20T02:47:00+02:00,1674.190,1675.190,1674.190,1675.040,60
SQ:XAUUSD,2020-04-20T02:48:00+02:00,1675.040,1675.040,1673.640,1673.800,85
SQ:XAUUSD,2020-04-20T02:49:00+02:00,1673.810,1674.730,1673.810,1674.180,50
SQ:XAUUSD,2020-04-20T02:50:00+02:00,1674.270,1675.070,1674.240,1675.070,50
SQ:XAUUSD,2020-04-20T02:51:00+02:00,1675.210,1675.300,1674.770,1675.110,57
SQ:XAUUSD,2020-04-20T02:52:00+02:00,1675.080,1675.080,1674.260,1674.520,62
SQ:XAUUSD,2020-04-20T02:53:00+02:00,1674.570,1674.770,1674.220,1674.430,51
SQ:XAUUSD,2020-04-20T02:54:00+02:00,1674.420,1674.840,1674.370,1674.800,47
SQ:XAUUSD,2020-04-20T02:55:00+02:00,1674.870,1674.930,1674.480,1674.830,44
SQ:XAUUSD,2020-04-20T02:56:00+02:00,1674.790,1674.790,1674.030,1674.260,39
SQ:XAUUSD,2020-04-20T02:57:00+02:00,1674.200,1674.700,1674.200,1674.700,39
SQ:XAUUSD,2020-04-20T02:58:00+02:00,1674.700,1674.860,1674.500,1674.710,38
SQ:XAUUSD,2020-04-20T02:59:00+02:00,1674.680,1675.300,1674.410,1674.570,61
SQ:XAUUSD,2020-04-20T03:00:00+02:00,1674.630,1675.300,1673.190,1673.490,243
SQ:XAUUSD,2020-04-20T03:01:00+02:00,1673.450,1674.260,1673.250,1674.100,95
SQ:XAUUSD,2020-04-20T03:02:00+02:00,1674.100,1674.480,1673.540,1674.480,44
SQ:XAUUSD,2020-04-20T03:03:00+02:00,1674.480,1675.730,1674.150,1675.210,97
SQ:XAUUSD,2020-04-20T03:04:00+02:00,1675.180,1676.420,1675.160,1675.290,120
SQ:XAUUSD,2020-04-20T03:05:00+02:00,1675.290,1677.050,1675.290,1676.400,100
SQ:XAUUSD,2020-04-20T03:06:00+02:00,1676.400,1677.490,1676.400,1677.300,114
SQ:XAUUSD,2020-04-20T03:07:00+02:00,1677.110,1678.230,1677.100,1678.200,172
SQ:XAUUSD,2020-04-20T03:08:00+02:00,1678.240,1678.350,1676.550,1677.250,74
SQ:XAUUSD,2020-04-20T03:09:00+02:00,1677.250,1677.510,1676.860,1677.040,80
SQ:XAUUSD,2020-04-20T03:10:00+02:00,1677.030,1677.430,1676.690,1677.100,56
SQ:XAUUSD,2020-04-20T03:11:00+02:00,1677.100,1677.750,1677.080,1677.520,54
SQ:XAUUSD,2020-04-20T03:12:00+02:00,1677.530,1677.580,1677.180,1677.550,51
SQ:XAUUSD,2020-04-20T03:13:00+02:00,1677.410,1677.410,1676.910,1676.930,33
SQ:XAUUSD,2020-04-20T03:14:00+02:00,1676.930,1677.450,1676.870,1677.190,49
SQ:XAUUSD,2020-04-20T03:15:00+02:00,1677.190,1677.370,1675.476,1675.900,81
SQ:XAUUSD,2020-04-20T03:16:00+02:00,1675.900,1677.090,1675.720,1677.090,58
SQ:XAUUSD,2020-04-20T03:17:00+02:00,1677.090,1677.090,1676.180,1676.320,103
SQ:XAUUSD,2020-04-20T03:18:00+02:00,1676.280,1677.520,1676.280,1677.470,60
SQ:XAUUSD,2020-04-20T03:19:00+02:00,1677.430,1678.520,1676.310,1676.590,115
SQ:XAUUSD,2020-04-20T03:20:00+02:00,1676.620,1677.050,1675.970,1677.010,30
SQ:XAUUSD,2020-04-20T03:21:00+02:00,1677.080,1677.310,1676.530,1676.690,41
SQ:XAUUSD,2020-04-20T03:22:00+02:00,1676.690,1676.850,1675.900,1675.900,26
SQ:XAUUSD,2020-04-20T03:23:00+02:00,1675.840,1676.340,1675.840,1676.330,18
SQ:XAUUSD,2020-04-20T03:24:00+02:00,1676.338,1676.340,1676.180,1676.320,21
SQ:XAUUSD,2020-04-20T03:25:00+02:00,1676.310,1676.340,1676.310,1676.340,15
SQ:XAUUSD,2020-04-20T03:26:00+02:00,1676.340,1676.342,1676.330,1676.342,7
SQ:XAUUSD,2020-04-20T03:27:00+02:00,1676.340,1676.340,1676.320,1676.338,15
SQ:XAUUSD,2020-04-20T03:28:00+02:00,1676.340,1677.830,1676.338,1677.520,48
SQ:XAUUSD,2020-04-20T03:29:00+02:00,1677.520,1679.470,1677.460,1679.250,137
SQ:XAUUSD,2020-04-20T03:30:00+02:00,1679.200,1680.100,1678.450,1679.640,147
SQ:XAUUSD,2020-04-20T03:31:00+02:00,1679.660,1679.890,1677.930,1678.880,115
SQ:XAUUSD,2020-04-20T03:32:00+02:00,1678.880,1679.080,1677.510,1678.710,72
SQ:XAUUSD,2020-04-20T03:33:00+02:00,1678.710,1679.730,1677.260,1679.080,82
SQ:XAUUSD,2020-04-20T03:34:00+02:00,1679.080,1679.460,1678.900,1679.300,51
SQ:XAUUSD,2020-04-20T03:35:00+02:00,1679.300,1679.710,1678.380,1678.790,48
SQ:XAUUSD,2020-04-20T03:36:00+02:00,1678.790,1679.000,1678.520,1678.570,45
SQ:XAUUSD,2020-04-20T03:37:00+02:00,1678.570,1678.710,1678.430,1678.550,47
SQ:XAUUSD,2020-04-20T03:38:00+02:00,1678.550,1679.130,1677.660,1678.178,51
SQ:XAUUSD,2020-04-20T03:39:00+02:00,1678.178,1678.178,1677.690,1678.080,48
SQ:XAUUSD,2020-04-20T03:40:00+02:00,1678.060,1678.070,1677.330,1677.330,56
SQ:XAUUSD,2020-04-20T03:41:00+02:00,1677.330,1677.770,1677.330,1677.710,35
SQ:XAUUSD,2020-04-20T03:42:00+02:00,1677.710,1677.950,1677.460,1677.532,65
SQ:XAUUSD,2020-04-20T03:43:00+02:00,1677.532,1677.560,1676.760,1677.070,63
SQ:XAUUSD,2020-04-20T03:44:00+02:00,1677.070,1677.510,1676.740,1676.960,106
SQ:XAUUSD,2020-04-20T03:45:00+02:00,1676.920,1677.660,1676.880,1677.100,82
SQ:XAUUSD,2020-04-20T03:46:00+02:00,1677.060,1677.130,1676.690,1676.740,61
SQ:XAUUSD,2020-04-20T03:47:00+02:00,1676.740,1677.440,1676.740,1677.400,51
SQ:XAUUSD,2020-04-20T03:48:00+02:00,1677.370,1678.320,1677.290,1677.940,62
SQ:XAUUSD,2020-04-20T03:49:00+02:00,1677.940,1678.390,1677.860,1677.960,45
SQ:XAUUSD,2020-04-20T03:50:00+02:00,1678.000,1678.540,1677.430,1677.450,51
SQ:XAUUSD,2020-04-20T03:51:00+02:00,1677.450,1677.660,1677.320,1677.590,13
SQ:XAUUSD,2020-04-20T03:52:00+02:00,1677.590,1678.340,1677.440,1678.130,41
SQ:XAUUSD,2020-04-20T03:53:00+02:00,1678.090,1678.410,1677.850,1678.000,61
SQ:XAUUSD,2020-04-20T03:54:00+02:00,1677.970,1678.010,1677.550,1677.590,31
SQ:XAUUSD,2020-04-20T03:55:00+02:00,1677.630,1677.770,1676.390,1676.560,57
SQ:XAUUSD,2020-04-20T03:56:00+02:00,1676.560,1677.680,1676.360,1676.430,70
SQ:XAUUSD,2020-04-20T03:57:00+02:00,1676.730,1677.560,1676.690,1677.560,56
SQ:XAUUSD,2020-04-20T03:58:00+02:00,1677.560,1677.600,1677.180,1677.200,26
SQ:XAUUSD,2020-04-20T03:59:00+02:00,1677.200,1677.300,1676.980,1677.230,24
SQ:XAUUSD,2020-04-20T04:00:00+02:00,1677.230,1678.140,1676.980,1676.990,55
SQ:XAUUSD,2020-04-20T04:01:00+02:00,1676.990,1676.990,1676.490,1676.780,24
SQ:XAUUSD,2020-04-20T04:02:00+02:00,1676.840,1677.080,1676.390,1677.080,26
SQ:XAUUSD,2020-04-20T04:03:00+02:00,1677.080,1677.570,1676.890,1676.890,64
SQ:XAUUSD,2020-04-20T04:04:00+02:00,1676.890,1677.800,1676.890,1677.760,62
SQ:XAUUSD,2020-04-20T04:05:00+02:00,1677.760,1677.760,1676.400,1676.690,78
SQ:XAUUSD,2020-04-20T04:06:00+02:00,1676.690,1677.150,1676.660,1677.020,28
SQ:XAUUSD,2020-04-20T04:07:00+02:00,1677.020,1677.320,1676.480,1676.560,88
SQ:XAUUSD,2020-04-20T04:08:00+02:00,1676.540,1676.690,1676.480,1676.560,59
SQ:XAUUSD,2020-04-20T04:09:00+02:00,1676.590,1676.990,1676.590,1676.690,30
SQ:XAUUSD,2020-04-20T04:10:00+02:00,1676.700,1677.270,1676.580,1676.720,88
SQ:XAUUSD,2020-04-20T04:11:00+02:00,1676.720,1677.460,1676.690,1677.450,64
SQ:XAUUSD,2020-04-20T04:12:00+02:00,1677.450,1678.300,1677.060,1677.840,113
SQ:XAUUSD,2020-04-20T04:13:00+02:00,1677.840,1677.990,1676.770,1677.180,83
SQ:XAUUSD,2020-04-20T04:14:00+02:00,1677.180,1677.710,1677.100,1677.440,76
SQ:XAUUSD,2020-04-20T04:15:00+02:00,1677.460,1677.800,1677.390,1677.740,88
SQ:XAUUSD,2020-04-20T04:16:00+02:00,1677.740,1678.762,1677.590,1678.130,92
SQ:XAUUSD,2020-04-20T04:17:00+02:00,1678.130,1678.880,1678.060,1678.360,71
SQ:XAUUSD,2020-04-20T04:18:00+02:00,1678.360,1679.040,1678.310,1678.480,58
SQ:XAUUSD,2020-04-20T04:19:00+02:00,1678.480,1678.480,1677.830,1678.070,48
SQ:XAUUSD,2020-04-20T04:20:00+02:00,1677.980,1678.300,1677.730,1677.820,90
SQ:XAUUSD,2020-04-20T04:21:00+02:00,1677.870,1678.250,1677.800,1678.210,51
SQ:XAUUSD,2020-04-20T04:22:00+02:00,1678.240,1679.160,1677.830,1678.620,58
SQ:XAUUSD,2020-04-20T04:23:00+02:00,1679.422,1680.078,1679.328,1679.650,84
SQ:XAUUSD,2020-04-20T04:24:00+02:00,1679.590,1680.470,1679.300,1679.880,104
SQ:XAUUSD,2020-04-20T04:25:00+02:00,1679.840,1679.890,1679.370,1679.620,62
SQ:XAUUSD,2020-04-20T04:26:00+02:00,1679.620,1679.740,1679.480,1679.620,28
SQ:XAUUSD,2020-04-20T04:27:00+02:00,1679.540,1679.860,1679.240,1679.540,75
SQ:XAUUSD,2020-04-20T04:28:00+02:00,1679.540,1679.540,1678.720,1678.870,37
SQ:XAUUSD,2020-04-20T04:29:00+02:00,1678.870,1679.430,1678.770,1679.410,55
SQ:XAUUSD,2020-04-20T04:30:00+02:00,1679.430,1679.740,1679.300,1679.540,114
SQ:XAUUSD,2020-04-20T04:31:00+02:00,1679.580,1680.610,1679.450,1680.290,67
SQ:XAUUSD,2020-04-20T04:32:00+02:00,1680.270,1680.540,1679.840,1680.220,48
SQ:XAUUSD,2020-04-20T04:33:00+02:00,1680.220,1680.640,1679.930,1679.980,55
SQ:XAUUSD,2020-04-20T04:34:00+02:00,1679.980,1679.980,1679.340,1679.650,27
SQ:XAUUSD,2020-04-20T04:35:00+02:00,1679.650,1679.700,1678.840,1679.200,68
SQ:XAUUSD,2020-04-20T04:36:00+02:00,1679.200,1679.360,1678.760,1679.060,50
SQ:XAUUSD,2020-04-20T04:37:00+02:00,1679.100,1679.180,1678.570,1679.000,20
SQ:XAUUSD,2020-04-20T04:38:00+02:00,1679.000,1679.420,1678.730,1678.880,39
SQ:XAUUSD,2020-04-20T04:39:00+02:00,1678.960,1679.180,1678.522,1678.980,65
SQ:XAUUSD,2020-04-20T04:40:00+02:00,1679.020,1679.860,1678.980,1679.860,74
SQ:XAUUSD,2020-04-20T04:41:00+02:00,1679.770,1679.980,1678.440,1679.040,98
SQ:XAUUSD,2020-04-20T04:42:00+02:00,1679.000,1679.300,1678.980,1679.040,52
SQ:XAUUSD,2020-04-20T04:43:00+02:00,1679.000,1679.130,1678.540,1678.880,59
SQ:XAUUSD,2020-04-20T04:44:00+02:00,1678.910,1678.910,1678.500,1678.630,59
SQ:XAUUSD,2020-04-20T04:45:00+02:00,1678.630,1679.792,1678.480,1678.810,98
SQ:XAUUSD,2020-04-20T04:46:00+02:00,1678.810,1679.580,1678.750,1679.160,36
SQ:XAUUSD,2020-04-20T04:47:00+02:00,1679.160,1679.460,1679.080,1679.080,48
SQ:XAUUSD,2020-04-20T04:48:00+02:00,1679.080,1679.280,1678.270,1678.520,66
SQ:XAUUSD,2020-04-20T04:49:00+02:00,1678.570,1679.000,1678.430,1679.000,33
SQ:XAUUSD,2020-04-20T04:50:00+02:00,1679.000,1679.660,1679.000,1679.560,72
SQ:XAUUSD,2020-04-20T04:51:00+02:00,1679.580,1679.630,1679.000,1679.000,33
SQ:XAUUSD,2020-04-20T04:52:00+02:00,1679.000,1679.080,1678.470,1678.720,37
SQ:XAUUSD,2020-04-20T04:53:00+02:00,1678.720,1678.870,1678.450,1678.810,58
SQ:XAUUSD,2020-04-20T04:54:00+02:00,1678.740,1678.850,1678.450,1678.690,42
SQ:XAUUSD,2020-04-20T04:55:00+02:00,1678.480,1679.320,1678.070,1679.020,86
SQ:XAUUSD,2020-04-20T04:56:00+02:00,1679.020,1679.390,1678.500,1678.610,52
SQ:XAUUSD,2020-04-20T04:57:00+02:00,1678.610,1678.860,1678.270,1678.610,54
SQ:XAUUSD,2020-04-20T04:58:00+02:00,1678.580,1678.710,1678.300,1678.450,75
SQ:XAUUSD,2020-04-20T04:59:00+02:00,1678.450,1679.160,1678.370,1678.570,55
SQ:XAUUSD,2020-04-20T05:00:00+02:00,1678.570,1678.620,1678.370,1678.560,28
SQ:XAUUSD,2020-04-20T05:01:00+02:00,1678.570,1678.600,1678.560,1678.570,13
SQ:XAUUSD,2020-04-20T05:02:00+02:00,1678.570,1678.570,1678.560,1678.570,7
SQ:XAUUSD,2020-04-20T05:03:00+02:00,1678.570,1678.620,1678.300,1678.310,55
SQ:XAUUSD,2020-04-20T05:04:00+02:00,1678.320,1679.180,1677.880,1679.120,92
SQ:XAUUSD,2020-04-20T05:05:00+02:00,1679.150,1679.670,1678.560,1679.590,83
SQ:XAUUSD,2020-04-20T05:06:00+02:00,1679.590,1679.590,1678.740,1678.800,45
SQ:XAUUSD,2020-04-20T05:07:00+02:00,1678.800,1679.200,1678.630,1679.120,54
SQ:XAUUSD,2020-04-20T05:08:00+02:00,1679.140,1679.730,1679.140,1679.420,89
SQ:XAUUSD,2020-04-20T05:09:00+02:00,1679.380,1679.660,1679.020,1679.270,42
SQ:XAUUSD,2020-04-20T05:10:00+02:00,1679.110,1679.710,1678.990,1679.610,35
SQ:XAUUSD,2020-04-20T05:11:00+02:00,1679.610,1679.700,1679.260,1679.270,31
SQ:XAUUSD,2020-04-20T05:12:00+02:00,1679.220,1679.220,1678.580,1679.030,72
SQ:XAUUSD,2020-04-20T05:13:00+02:00,1679.060,1679.470,1679.060,1679.240,41
SQ:XAUUSD,2020-04-20T05:14:00+02:00,1679.240,1679.650,1679.220,1679.650,29
SQ:XAUUSD,2020-04-20T05:15:00+02:00,1679.690,1680.490,1679.660,1680.490,47
SQ:XAUUSD,2020-04-20T05:16:00+02:00,1680.530,1681.150,1680.280,1680.950,91
SQ:XAUUSD,2020-04-20T05:17:00+02:00,1680.990,1681.460,1680.960,1681.430,96
SQ:XAUUSD,2020-04-20T05:18:00+02:00,1681.510,1681.630,1681.300,1681.430,49
SQ:XAUUSD,2020-04-20T05:19:00+02:00,1681.430,1681.450,1680.690,1681.380,55
SQ:XAUUSD,2020-04-20T05:20:00+02:00,1681.380,1682.400,1681.320,1681.870,82
SQ:XAUUSD,2020-04-20T05:21:00+02:00,1681.900,1682.290,1681.570,1681.590,75
SQ:XAUUSD,2020-04-20T05:22:00+02:00,1681.460,1682.100,1681.460,1681.950,50
SQ:XAUUSD,2020-04-20T05:23:00+02:00,1681.990,1682.110,1681.750,1681.870,33
SQ:XAUUSD,2020-04-20T05:24:00+02:00,1681.940,1682.260,1681.940,1682.070,24
SQ:XAUUSD,2020-04-20T05:25:00+02:00,1682.070,1682.400,1682.070,1682.320,16
SQ:XAUUSD,2020-04-20T05:26:00+02:00,1682.380,1683.000,1682.070,1682.150,74
SQ:XAUUSD,2020-04-20T05:27:00+02:00,1682.150,1682.560,1680.780,1682.488,112
SQ:XAUUSD,2020-04-20T05:28:00+02:00,1682.488,1682.488,1681.940,1681.940,65
SQ:XAUUSD,2020-04-20T05:29:00+02:00,1681.940,1682.100,1681.690,1682.010,48
SQ:XAUUSD,2020-04-20T05:30:00+02:00,1682.010,1682.520,1681.560,1681.870,60
SQ:XAUUSD,2020-04-20T05:31:00+02:00,1681.860,1682.060,1681.540,1681.620,56
SQ:XAUUSD,2020-04-20T05:32:00+02:00,1681.660,1682.040,1681.590,1681.950,63
SQ:XAUUSD,2020-04-20T05:33:00+02:00,1681.950,1681.950,1681.550,1681.710,43
SQ:XAUUSD,2020-04-20T05:34:00+02:00,1681.660,1682.300,1681.620,1682.300,53
SQ:XAUUSD,2020-04-20T05:35:00+02:00,1682.250,1682.430,1681.580,1681.890,90
SQ:XAUUSD,2020-04-20T05:36:00+02:00,1681.890,1682.050,1680.370,1680.430,234
SQ:XAUUSD,2020-04-20T05:37:00+02:00,1680.520,1680.960,1680.040,1680.060,41
SQ:XAUUSD,2020-04-20T05:38:00+02:00,1680.060,1680.220,1679.860,1680.220,36
SQ:XAUUSD,2020-04-20T05:39:00+02:00,1680.220,1680.480,1679.980,1680.100,29
SQ:XAUUSD,2020-04-20T05:40:00+02:00,1680.070,1680.270,1679.640,1680.270,61
SQ:XAUUSD,2020-04-20T05:41:00+02:00,1680.350,1680.430,1679.860,1680.100,54
SQ:XAUUSD,2020-04-20T05:42:00+02:00,1680.130,1680.380,1679.900,1679.920,46
SQ:XAUUSD,2020-04-20T05:43:00+02:00,1679.920,1680.530,1679.880,1680.380,35
SQ:XAUUSD,2020-04-20T05:44:00+02:00,1680.380,1680.860,1680.210,1680.210,27
SQ:XAUUSD,2020-04-20T05:45:00+02:00,1680.210,1680.230,1679.940,1680.170,30
SQ:XAUUSD,2020-04-20T05:46:00+02:00,1680.170,1680.240,1680.080,1680.200,12
SQ:XAUUSD,2020-04-20T05:47:00+02:00,1680.190,1680.470,1679.760,1679.860,34
SQ:XAUUSD,2020-04-20T05:48:00+02:00,1680.090,1680.420,1679.860,1680.420,26
SQ:XAUUSD,2020-04-20T05:49:00+02:00,1680.420,1680.550,1679.450,1679.450,41
SQ:XAUUSD,2020-04-20T05:50:00+02:00,1679.450,1681.300,1678.830,1681.250,94
SQ:XAUUSD,2020-04-20T05:51:00+02:00,1681.250,1681.920,1681.200,1681.920,18
SQ:XAUUSD,2020-04-20T05:52:00+02:00,1681.860,1682.100,1681.710,1681.760,15
SQ:XAUUSD,2020-04-20T05:53:00+02:00,1681.720,1681.790,1681.140,1681.140,18
SQ:XAUUSD,2020-04-20T05:54:00+02:00,1681.140,1681.500,1681.140,1681.240,17
SQ:XAUUSD,2020-04-20T05:55:00+02:00,1681.240,1681.240,1680.910,1681.120,17
SQ:XAUUSD,2020-04-20T05:56:00+02:00,1681.120,1681.240,1681.070,1681.100,9
SQ:XAUUSD,2020-04-20T05:57:00+02:00,1681.100,1681.516,1680.680,1681.516,23
SQ:XAUUSD,2020-04-20T05:58:00+02:00,1681.160,1681.500,1681.060,1681.270,31
SQ:XAUUSD,2020-04-20T05:59:00+02:00,1681.310,1681.540,1681.290,1681.470,20
SQ:XAUUSD,2020-04-20T06:00:00+02:00,1681.420,1681.860,1681.210,1681.820,48
SQ:XAUUSD,2020-04-20T06:01:00+02:00,1681.860,1682.250,1681.600,1682.210,54
SQ:XAUUSD,2020-04-20T06:02:00+02:00,1682.210,1682.730,1682.030,1682.130,81
SQ:XAUUSD,2020-04-20T06:03:00+02:00,1682.240,1682.260,1681.890,1681.940,32
SQ:XAUUSD,2020-04-20T06:04:00+02:00,1681.940,1681.940,1681.530,1681.730,39
SQ:XAUUSD,2020-04-20T06:05:00+02:00,1681.730,1681.790,1681.600,1681.600,27
SQ:XAUUSD,2020-04-20T06:06:00+02:00,1681.620,1681.900,1681.580,1681.880,33
SQ:XAUUSD,2020-04-20T06:07:00+02:00,1681.880,1682.380,1681.570,1681.640,97
SQ:XAUUSD,2020-04-20T06:08:00+02:00,1681.550,1682.008,1681.300,1681.470,52
SQ:XAUUSD,2020-04-20T06:09:00+02:00,1681.470,1681.670,1681.310,1681.460,41
SQ:XAUUSD,2020-04-20T06:10:00+02:00,1681.460,1681.630,1681.410,1681.440,26
SQ:XAUUSD,2020-04-20T06:11:00+02:00,1681.400,1681.740,1681.040,1681.710,42
SQ:XAUUSD,2020-04-20T06:12:00+02:00,1681.710,1681.990,1681.450,1681.490,31
SQ:XAUUSD,2020-04-20T06:13:00+02:00,1681.490,1681.620,1681.490,1681.520,28
SQ:XAUUSD,2020-04-20T06:14:00+02:00,1681.520,1681.620,1681.410,1681.520,22
SQ:XAUUSD,2020-04-20T06:15:00+02:00,1681.550,1682.050,1681.550,1681.960,49
SQ:XAUUSD,2020-04-20T06:16:00+02:00,1682.000,1682.050,1681.530,1681.890,39
SQ:XAUUSD,2020-04-20T06:17:00+02:00,1681.930,1682.780,1681.790,1682.270,123
SQ:XAUUSD,2020-04-20T06:18:00+02:00,1682.340,1682.340,1681.670,1681.880,97
SQ:XAUUSD,2020-04-20T06:19:00+02:00,1681.880,1682.130,1681.520,1682.040,65
SQ:XAUUSD,2020-04-20T06:20:00+02:00,1682.040,1682.170,1681.630,1681.910,52
SQ:XAUUSD,2020-04-20T06:21:00+02:00,1682.020,1682.020,1681.700,1681.890,43
SQ:XAUUSD,2020-04-20T06:22:00+02:00,1681.840,1681.840,1681.120,1681.490,64
SQ:XAUUSD,2020-04-20T06:23:00+02:00,1681.490,1681.640,1681.260,1681.450,39
SQ:XAUUSD,2020-04-20T06:24:00+02:00,1681.450,1681.510,1681.010,1681.350,34
SQ:XAUUSD,2020-04-20T06:25:00+02:00,1681.400,1681.680,1681.350,1681.360,29
SQ:XAUUSD,2020-04-20T06:26:00+02:00,1681.360,1681.710,1681.130,1681.690,60
SQ:XAUUSD,2020-04-20T06:27:00+02:00,1681.620,1681.760,1681.510,1681.660,33
SQ:XAUUSD,2020-04-20T06:28:00+02:00,1681.620,1682.480,1681.580,1682.280,50
SQ:XAUUSD,2020-04-20T06:29:00+02:00,1682.390,1682.630,1682.010,1682.570,39
SQ:XAUUSD,2020-04-20T06:30:00+02:00,1682.570,1682.790,1682.130,1682.480,51
SQ:XAUUSD,2020-04-20T06:31:00+02:00,1682.480,1682.720,1681.760,1681.800,26
SQ:XAUUSD,2020-04-20T06:32:00+02:00,1681.770,1681.840,1681.770,1681.800,28
SQ:XAUUSD,2020-04-20T06:33:00+02:00,1681.800,1682.020,1681.770,1681.790,16
SQ:XAUUSD,2020-04-20T06:34:00+02:00,1681.790,1683.030,1681.790,1683.030,38
SQ:XAUUSD,2020-04-20T06:35:00+02:00,1683.030,1683.030,1681.488,1681.734,53
SQ:XAUUSD,2020-04-20T06:36:00+02:00,1681.744,1682.230,1681.120,1681.822,61
SQ:XAUUSD,2020-04-20T06:37:00+02:00,1681.758,1682.530,1680.650,1680.880,31
SQ:XAUUSD,2020-04-20T06:38:00+02:00,1680.780,1682.280,1680.670,1680.860,17
SQ:XAUUSD,2020-04-20T06:39:00+02:00,1680.860,1682.130,1680.750,1680.750,16
SQ:XAUUSD,2020-04-20T06:40:00+02:00,1680.750,1681.070,1680.750,1681.070,11
SQ:XAUUSD,2020-04-20T06:41:00+02:00,1681.070,1682.530,1681.070,1681.260,13
SQ:XAUUSD,2020-04-20T06:42:00+02:00,1681.260,1682.730,1680.840,1681.070,38
SQ:XAUUSD,2020-04-20T06:43:00+02:00,1681.070,1682.930,1680.980,1682.830,28
SQ:XAUUSD,2020-04-20T06:44:00+02:00,1682.830,1682.830,1681.020,1682.530,27
SQ:XAUUSD,2020-04-20T06:45:00+02:00,1681.162,1682.630,1681.160,1682.212,15
SQ:XAUUSD,2020-04-20T06:46:00+02:00,1682.220,1683.330,1681.940,1682.540,61
SQ:XAUUSD,2020-04-20T06:47:00+02:00,1682.620,1683.280,1682.020,1682.240,73
SQ:XAUUSD,2020-04-20T06:48:00+02:00,1682.200,1682.280,1681.830,1681.990,54
SQ:XAUUSD,2020-04-20T06:49:00+02:00,1681.930,1682.030,1681.830,1681.860,33
SQ:XAUUSD,2020-04-20T06:50:00+02:00,1681.870,1682.060,1681.870,1681.930,29
SQ:XAUUSD,2020-04-20T06:51:00+02:00,1681.930,1681.950,1681.730,1681.840,21
SQ:XAUUSD,2020-04-20T06:52:00+02:00,1681.840,1681.840,1681.450,1681.620,35
SQ:XAUUSD,2020-04-20T06:53:00+02:00,1681.640,1681.800,1681.460,1681.790,35
SQ:XAUUSD,2020-04-20T06:54:00+02:00,1681.800,1682.270,1681.690,1681.810,35
SQ:XAUUSD,2020-04-20T06:55:00+02:00,1681.780,1681.780,1681.100,1681.100,45
SQ:XAUUSD,2020-04-20T06:56:00+02:00,1681.140,1681.510,1681.080,1681.250,46
SQ:XAUUSD,2020-04-20T06:57:00+02:00,1681.250,1681.250,1680.610,1680.650,54
SQ:XAUUSD,2020-04-20T06:58:00+02:00,1680.700,1681.120,1680.600,1680.870,36
SQ:XAUUSD,2020-04-20T06:59:00+02:00,1680.840,1681.730,1680.840,1681.040,18
SQ:XAUUSD,2020-04-20T07:00:00+02:00,1681.040,1681.430,1680.242,1680.830,59
SQ:XAUUSD,2020-04-20T07:01:00+02:00,1680.830,1681.280,1680.830,1681.080,19
SQ:XAUUSD,2020-04-20T07:02:00+02:00,1681.130,1681.180,1680.930,1681.130,14
SQ:XAUUSD,2020-04-20T07:03:00+02:00,1681.130,1681.130,1681.030,1681.130,6
SQ:XAUUSD,2020-04-20T07:04:00+02:00,1681.080,1681.130,1680.880,1681.130,15
SQ:XAUUSD,2020-04-20T07:05:00+02:00,1681.130,1681.130,1680.880,1680.940,16
SQ:XAUUSD,2020-04-20T07:06:00+02:00,1680.940,1681.240,1680.910,1681.150,29
SQ:XAUUSD,2020-04-20T07:07:00+02:00,1681.150,1681.150,1681.020,1681.090,8
SQ:XAUUSD,2020-04-20T07:08:00+02:00,1681.090,1681.160,1681.030,1681.030,9
SQ:XAUUSD,2020-04-20T07:09:00+02:00,1681.030,1681.110,1680.850,1680.920,22
SQ:XAUUSD,2020-04-20T07:10:00+02:00,1680.920,1681.650,1680.920,1681.590,32
SQ:XAUUSD,2020-04-20T07:11:00+02:00,1681.590,1682.210,1681.550,1681.660,55
SQ:XAUUSD,2020-04-20T07:12:00+02:00,1681.690,1681.950,1681.520,1681.860,48
SQ:XAUUSD,2020-04-20T07:13:00+02:00,1681.830,1682.050,1681.760,1681.910,34
SQ:XAUUSD,2020-04-20T07:14:00+02:00,1681.940,1682.140,1681.720,1681.950,58
SQ:XAUUSD,2020-04-20T07:15:00+02:00,1681.950,1681.950,1681.590,1681.590,21
SQ:XAUUSD,2020-04-20T07:16:00+02:00,1681.650,1681.650,1681.110,1681.130,24
SQ:XAUUSD,2020-04-20T07:17:00+02:00,1681.130,1681.610,1681.100,1681.470,40
SQ:XAUUSD,2020-04-20T07:18:00+02:00,1681.470,1682.330,1681.470,1682.250,30
SQ:XAUUSD,2020-04-20T07:19:00+02:00,1682.290,1682.880,1682.290,1682.780,62
SQ:XAUUSD,2020-04-20T07:20:00+02:00,1682.780,1683.680,1682.780,1683.480,53
SQ:XAUUSD,2020-04-20T07:21:00+02:00,1683.480,1683.880,1682.830,1683.200,63
SQ:XAUUSD,2020-04-20T07:22:00+02:00,1683.170,1683.260,1682.350,1682.630,57
SQ:XAUUSD,2020-04-20T07:23:00+02:00,1682.610,1682.740,1682.170,1682.180,36
SQ:XAUUSD,2020-04-20T07:24:00+02:00,1682.110,1682.390,1682.110,1682.380,37
SQ:XAUUSD,2020-04-20T07:25:00+02:00,1682.330,1682.390,1681.370,1681.480,42
SQ:XAUUSD,2020-04-20T07:26:00+02:00,1681.480,1682.460,1681.480,1682.110,42
SQ:XAUUSD,2020-04-20T07:27:00+02:00,1682.100,1682.210,1681.590,1681.950,31
SQ:XAUUSD,2020-04-20T07:28:00+02:00,1681.910,1681.950,1681.440,1681.740,55
SQ:XAUUSD,2020-04-20T07:29:00+02:00,1681.740,1681.900,1681.530,1681.770,45
SQ:XAUUSD,2020-04-20T07:30:00+02:00,1681.810,1681.970,1681.330,1681.680,61
SQ:XAUUSD,2020-04-20T07:31:00+02:00,1681.710,1682.050,1681.270,1681.680,62
SQ:XAUUSD,2020-04-20T07:32:00+02:00,1681.720,1681.900,1681.340,1681.840,42
SQ:XAUUSD,2020-04-20T07:33:00+02:00,1681.840,1681.970,1681.160,1681.580,54
SQ:XAUUSD,2020-04-20T07:34:00+02:00,1681.540,1682.430,1681.020,1682.280,34
SQ:XAUUSD,2020-04-20T07:35:00+02:00,1682.280,1682.530,1682.080,1682.530,21
SQ:XAUUSD,2020-04-20T07:36:00+02:00,1682.530,1682.530,1682.080,1682.080,27
SQ:XAUUSD,2020-04-20T07:37:00+02:00,1682.080,1682.280,1681.480,1681.980,41
SQ:XAUUSD,2020-04-20T07:38:00+02:00,1681.980,1682.480,1681.980,1682.230,15
SQ:XAUUSD,2020-04-20T07:39:00+02:00,1682.230,1682.880,1682.080,1682.880,28
SQ:XAUUSD,2020-04-20T07:40:00+02:00,1682.880,1683.580,1682.680,1683.480,30
SQ:XAUUSD,2020-04-20T07:41:00+02:00,1683.330,1683.380,1683.180,1683.330,13
SQ:XAUUSD,2020-04-20T07:42:00+02:00,1683.330,1683.480,1682.280,1682.380,31
SQ:XAUUSD,2020-04-20T07:43:00+02:00,1682.280,1682.580,1681.040,1681.440,34
SQ:XAUUSD,2020-04-20T07:44:00+02:00,1681.400,1681.980,1680.980,1681.240,43
SQ:XAUUSD,2020-04-20T07:45:00+02:00,1681.240,1681.780,1681.100,1681.330,56
SQ:XAUUSD,2020-04-20T07:46:00+02:00,1681.330,1681.780,1680.880,1681.040,84
SQ:XAUUSD,2020-04-20T07:47:00+02:00,1681.110,1681.510,1680.970,1681.200,57
SQ:XAUUSD,2020-04-20T07:48:00+02:00,1681.380,1682.010,1681.350,1681.900,51
SQ:XAUUSD,2020-04-20T07:49:00+02:00,1681.960,1681.960,1681.480,1681.830,44
SQ:XAUUSD,2020-04-20T07:50:00+02:00,1681.860,1682.120,1681.330,1681.420,44
SQ:XAUUSD,2020-04-20T07:51:00+02:00,1681.420,1682.160,1681.330,1682.070,44
SQ:XAUUSD,2020-04-20T07:52:00+02:00,1682.070,1682.380,1681.720,1682.230,41
SQ:XAUUSD,2020-04-20T07:53:00+02:00,1682.230,1682.290,1681.680,1681.970,69
SQ:XAUUSD,2020-04-20T07:54:00+02:00,1681.870,1682.570,1681.870,1682.460,34
SQ:XAUUSD,2020-04-20T07:55:00+02:00,1682.400,1682.590,1681.990,1682.250,45
SQ:XAUUSD,2020-04-20T07:56:00+02:00,1682.250,1682.830,1682.050,1682.400,60
SQ:XAUUSD,2020-04-20T07:57:00+02:00,1682.400,1682.660,1681.860,1682.050,44
SQ:XAUUSD,2020-04-20T07:58:00+02:00,1682.050,1682.480,1682.050,1682.110,37
SQ:XAUUSD,2020-04-20T07:59:00+02:00,1682.110,1682.320,1681.800,1681.860,27
SQ:XAUUSD,2020-04-20T08:00:00+02:00,1681.860,1682.030,1679.980,1680.220,191
SQ:XAUUSD,2020-04-20T08:01:00+02:00,1680.220,1680.560,1679.380,1679.530,105
SQ:XAUUSD,2020-04-20T08:02:00+02:00,1679.500,1679.670,1678.730,1678.730,76
SQ:XAUUSD,2020-04-20T08:03:00+02:00,1678.730,1679.840,1677.520,1679.540,102
SQ:XAUUSD,2020-04-20T08:04:00+02:00,1679.530,1679.590,1678.830,1678.830,47
SQ:XAUUSD,2020-04-20T08:05:00+02:00,1678.830,1678.990,1677.380,1677.870,188
SQ:XAUUSD,2020-04-20T08:06:00+02:00,1677.880,1678.370,1677.340,1677.480,179
SQ:XAUUSD,2020-04-20T08:07:00+02:00,1677.380,1678.000,1676.690,1677.400,142
SQ:XAUUSD,2020-04-20T08:08:00+02:00,1677.430,1677.780,1676.920,1677.130,62
SQ:XAUUSD,2020-04-20T08:09:00+02:00,1677.080,1677.780,1676.880,1677.730,59
SQ:XAUUSD,2020-04-20T08:10:00+02:00,1677.730,1677.780,1676.380,1677.240,73
SQ:XAUUSD,2020-04-20T08:11:00+02:00,1677.240,1677.860,1676.950,1677.360,46
SQ:XAUUSD,2020-04-20T08:12:00+02:00,1677.330,1677.450,1676.680,1677.380,52
SQ:XAUUSD,2020-04-20T08:13:00+02:00,1677.380,1677.680,1676.750,1676.800,47
SQ:XAUUSD,2020-04-20T08:14:00+02:00,1676.800,1677.020,1675.850,1675.850,100
SQ:XAUUSD,2020-04-20T08:15:00+02:00,1675.940,1676.420,1675.080,1675.330,113
SQ:XAUUSD,2020-04-20T08:16:00+02:00,1675.380,1675.780,1674.710,1675.680,73
SQ:XAUUSD,2020-04-20T08:17:00+02:00,1675.680,1676.130,1674.600,1674.790,68
SQ:XAUUSD,2020-04-20T08:18:00+02:00,1674.790,1676.180,1673.490,1673.980,127
SQ:XAUUSD,2020-04-20T08:19:00+02:00,1674.600,1675.000,1673.780,1673.930,91
SQ:XAUUSD,2020-04-20T08:20:00+02:00,1673.940,1675.480,1672.224,1673.750,151
SQ:XAUUSD,2020-04-20T08:21:00+02:00,1673.750,1674.680,1672.470,1673.530,89
SQ:XAUUSD,2020-04-20T08:22:00+02:00,1673.580,1675.630,1673.430,1675.430,70
SQ:XAUUSD,2020-04-20T08:23:00+02:00,1675.430,1675.880,1674.670,1674.960,93
SQ:XAUUSD,2020-04-20T08:24:00+02:00,1674.880,1677.220,1674.880,1676.660,150
SQ:XAUUSD,2020-04-20T08:25:00+02:00,1676.680,1677.630,1676.640,1677.290,123
SQ:XAUUSD,2020-04-20T08:26:00+02:00,1677.260,1677.920,1677.130,1677.730,103
SQ:XAUUSD,2020-04-20T08:27:00+02:00,1677.750,1678.000,1676.520,1676.880,68
SQ:XAUUSD,2020-04-20T08:28:00+02:00,1676.900,1677.480,1676.820,1677.380,66
SQ:XAUUSD,2020-04-20T08:29:00+02:00,1677.480,1677.530,1676.580,1676.874,39
SQ:XAUUSD,2020-04-20T08:30:00+02:00,1676.680,1676.980,1675.880,1675.980,99
SQ:XAUUSD,2020-04-20T08:31:00+02:00,1675.980,1680.830,1675.980,1680.760,157
SQ:XAUUSD,2020-04-20T08:32:00+02:00,1680.760,1681.960,1679.810,1681.620,237
SQ:XAUUSD,2020-04-20T08:33:00+02:00,1681.570,1682.130,1680.930,1682.090,127
SQ:XAUUSD,2020-04-20T08:34:00+02:00,1681.990,1682.980,1681.770,1682.480,182
SQ:XAUUSD,2020-04-20T08:35:00+02:00,1682.520,1684.040,1682.120,1683.750,185
SQ:XAUUSD,2020-04-20T08:36:00+02:00,1683.750,1684.610,1683.370,1684.490,141
SQ:XAUUSD,2020-04-20T08:37:00+02:00,1684.300,1684.350,1681.980,1682.240,91
SQ:XAUUSD,2020-04-20T08:38:00+02:00,1682.240,1684.020,1682.240,1682.980,71
SQ:XAUUSD,2020-04-20T08:39:00+02:00,1682.980,1683.280,1680.980,1681.170,53
SQ:XAUUSD,2020-04-20T08:40:00+02:00,1681.170,1682.080,1680.000,1680.930,88
SQ:XAUUSD,2020-04-20T08:41:00+02:00,1680.980,1681.280,1680.664,1680.980,41
SQ:XAUUSD,2020-04-20T08:42:00+02:00,1680.980,1682.130,1680.780,1681.630,58
SQ:XAUUSD,2020-04-20T08:43:00+02:00,1681.630,1681.680,1680.780,1680.780,34
SQ:XAUUSD,2020-04-20T08:44:00+02:00,1680.780,1680.780,1680.180,1680.630,60
SQ:XAUUSD,2020-04-20T08:45:00+02:00,1680.580,1681.880,1680.230,1681.480,58
SQ:XAUUSD,2020-04-20T08:46:00+02:00,1681.530,1682.480,1681.480,1682.030,57
SQ:XAUUSD,2020-04-20T08:47:00+02:00,1681.980,1682.280,1680.300,1680.516,94
SQ:XAUUSD,2020-04-20T08:48:00+02:00,1680.526,1680.670,1679.690,1680.220,116
SQ:XAUUSD,2020-04-20T08:49:00+02:00,1680.230,1681.160,1679.970,1680.320,82
SQ:XAUUSD,2020-04-20T08:50:00+02:00,1680.320,1680.460,1679.210,1679.390,53
SQ:XAUUSD,2020-04-20T08:51:00+02:00,1679.390,1679.650,1679.380,1679.600,20
SQ:XAUUSD,2020-04-20T08:52:00+02:00,1679.760,1679.760,1678.260,1678.554,78
SQ:XAUUSD,2020-04-20T08:53:00+02:00,1678.644,1679.838,1678.310,1679.794,97
SQ:XAUUSD,2020-04-20T08:54:00+02:00,1679.794,1679.842,1679.324,1679.640,80
SQ:XAUUSD,2020-04-20T08:55:00+02:00,1679.670,1680.280,1679.310,1680.130,45
SQ:XAUUSD,2020-04-20T08:56:00+02:00,1680.130,1680.280,1679.780,1680.180,28
SQ:XAUUSD,2020-04-20T08:57:00+02:00,1680.030,1680.130,1678.880,1678.980,35
SQ:XAUUSD,2020-04-20T08:58:00+02:00,1678.930,1679.280,1678.560,1678.820,57
SQ:XAUUSD,2020-04-20T08:59:00+02:00,1678.810,1680.130,1678.800,1680.130,66
SQ:XAUUSD,2020-04-20T09:00:00+02:00,1680.080,1681.130,1679.730,1680.580,69
SQ:XAUUSD,2020-04-20T09:01:00+02:00,1680.580,1680.680,1680.330,1680.680,37
SQ:XAUUSD,2020-04-20T09:02:00+02:00,1680.680,1680.730,1679.130,1679.360,93
SQ:XAUUSD,2020-04-20T09:03:00+02:00,1679.360,1679.510,1679.230,1679.470,45
SQ:XAUUSD,2020-04-20T09:04:00+02:00,1679.470,1679.540,1677.960,1678.450,61
SQ:XAUUSD,2020-04-20T09:05:00+02:00,1678.450,1678.930,1677.770,1678.180,66
SQ:XAUUSD,2020-04-20T09:06:00+02:00,1678.180,1678.220,1677.770,1678.160,62
SQ:XAUUSD,2020-04-20T09:07:00+02:00,1678.160,1678.350,1677.910,1678.300,97
SQ:XAUUSD,2020-04-20T09:08:00+02:00,1678.290,1678.670,1677.440,1678.670,108
SQ:XAUUSD,2020-04-20T09:09:00+02:00,1678.670,1679.380,1678.180,1678.460,103
SQ:XAUUSD,2020-04-20T09:10:00+02:00,1678.500,1678.500,1678.010,1678.180,68
SQ:XAUUSD,2020-04-20T09:11:00+02:00,1678.180,1678.240,1678.080,1678.170,14
SQ:XAUUSD,2020-04-20T09:12:00+02:00,1678.130,1678.130,1676.976,1677.072,89
SQ:XAUUSD,2020-04-20T09:13:00+02:00,1677.072,1677.164,1675.360,1675.800,184
SQ:XAUUSD,2020-04-20T09:14:00+02:00,1675.800,1676.810,1675.800,1676.750,123
SQ:XAUUSD,2020-04-20T09:15:00+02:00,1676.750,1677.240,1676.470,1676.720,99
SQ:XAUUSD,2020-04-20T09:16:00+02:00,1676.720,1676.970,1675.100,1676.030,108
SQ:XAUUSD,2020-04-20T09:17:00+02:00,1675.960,1676.240,1675.300,1675.570,79
SQ:XAUUSD,2020-04-20T09:18:00+02:00,1675.570,1676.260,1675.410,1675.900,44
SQ:XAUUSD,2020-04-20T09:19:00+02:00,1675.900,1675.990,1675.280,1675.610,37
SQ:XAUUSD,2020-04-20T09:20:00+02:00,1675.610,1676.340,1675.610,1675.660,57
SQ:XAUUSD,2020-04-20T09:21:00+02:00,1675.660,1676.390,1675.600,1676.340,87
SQ:XAUUSD,2020-04-20T09:22:00+02:00,1676.250,1676.390,1675.700,1676.120,61
SQ:XAUUSD,2020-04-20T09:23:00+02:00,1676.120,1677.550,1676.070,1677.050,146
SQ:XAUUSD,2020-04-20T09:24:00+02:00,1677.050,1677.980,1676.960,1677.220,364
SQ:XAUUSD,2020-04-20T09:25:00+02:00,1677.500,1678.170,1677.350,1677.794,429
SQ:XAUUSD,2020-04-20T09:26:00+02:00,1677.910,1678.230,1676.700,1677.700,462
SQ:XAUUSD,2020-04-20T09:27:00+02:00,1677.470,1678.100,1677.400,1677.480,407
SQ:XAUUSD,2020-04-20T09:28:00+02:00,1677.730,1677.790,1676.540,1676.570,449
SQ:XAUUSD,2020-04-20T09:29:00+02:00,1676.570,1677.000,1674.520,1674.580,307
SQ:XAUUSD,2020-04-20T09:30:00+02:00,1674.700,1676.380,1674.050,1675.970,461
SQ:XAUUSD,2020-04-20T09:31:00+02:00,1676.070,1676.070,1674.014,1674.140,117
SQ:XAUUSD,2020-04-20T09:32:00+02:00,1674.140,1675.730,1674.020,1675.090,428
SQ:XAUUSD,2020-04-20T09:33:00+02:00,1675.250,1676.460,1674.950,1675.750,484
SQ:XAUUSD,2020-04-20T09:34:00+02:00,1675.700,1676.210,1674.780,1675.400,482
SQ:XAUUSD,2020-04-20T09:35:00+02:00,1675.800,1676.260,1674.440,1675.300,449
SQ:XAUUSD,2020-04-20T09:36:00+02:00,1674.990,1675.320,1673.510,1674.130,144
SQ:XAUUSD,2020-04-20T09:37:00+02:00,1674.130,1674.132,1673.232,1673.790,92
SQ:XAUUSD,2020-04-20T09:38:00+02:00,1673.790,1674.470,1673.700,1674.200,135
SQ:XAUUSD,2020-04-20T09:39:00+02:00,1674.100,1674.350,1673.920,1674.200,75
SQ:XAUUSD,2020-04-20T09:40:00+02:00,1674.230,1674.330,1674.100,1674.240,41
SQ:XAUUSD,2020-04-20T09:41:00+02:00,1674.240,1674.240,1673.750,1674.210,65
SQ:XAUUSD,2020-04-20T09:42:00+02:00,1674.210,1674.340,1673.760,1673.910,109
SQ:XAUUSD,2020-04-20T09:43:00+02:00,1673.910,1674.510,1673.680,1674.300,159
SQ:XAUUSD,2020-04-20T09:44:00+02:00,1674.340,1674.420,1673.920,1674.270,89
SQ:XAUUSD,2020-04-20T09:45:00+02:00,1674.270,1674.490,1673.760,1674.370,109
SQ:XAUUSD,2020-04-20T09:46:00+02:00,1674.370,1674.800,1674.140,1674.510,72
SQ:XAUUSD,2020-04-20T09:47:00+02:00,1674.510,1675.180,1674.270,1675.050,135
SQ:XAUUSD,2020-04-20T09:48:00+02:00,1675.050,1675.170,1673.500,1674.680,84
SQ:XAUUSD,2020-04-20T09:49:00+02:00,1674.680,1675.130,1674.650,1675.040,73
SQ:XAUUSD,2020-04-20T09:50:00+02:00,1675.100,1675.100,1674.230,1674.800,76
SQ:XAUUSD,2020-04-20T09:51:00+02:00,1674.800,1674.920,1674.700,1674.730,45
SQ:XAUUSD,2020-04-20T09:52:00+02:00,1674.880,1674.880,1674.150,1674.570,41
SQ:XAUUSD,2020-04-20T09:53:00+02:00,1674.570,1674.770,1674.570,1674.590,21
SQ:XAUUSD,2020-04-20T09:54:00+02:00,1674.570,1674.640,1674.540,1674.590,11
SQ:XAUUSD,2020-04-20T09:55:00+02:00,1674.590,1674.900,1674.560,1674.760,80
SQ:XAUUSD,2020-04-20T09:56:00+02:00,1674.800,1674.900,1674.570,1674.570,48
SQ:XAUUSD,2020-04-20T09:57:00+02:00,1674.570,1674.940,1674.290,1674.880,52
SQ:XAUUSD,2020-04-20T09:58:00+02:00,1674.870,1674.880,1673.870,1674.070,49
SQ:XAUUSD,2020-04-20T09:59:00+02:00,1674.070,1674.240,1673.570,1673.870,71
SQ:XAUUSD,2020-04-20T10:00:00+02:00,1673.740,1674.030,1673.060,1673.150,112
SQ:XAUUSD,2020-04-20T10:01:00+02:00,1673.130,1674.440,1673.030,1674.250,72
SQ:XAUUSD,2020-04-20T10:02:00+02:00,1674.250,1675.220,1674.060,1674.990,94
SQ:XAUUSD,2020-04-20T10:03:00+02:00,1674.800,1675.140,1674.110,1674.390,89
SQ:XAUUSD,2020-04-20T10:04:00+02:00,1674.390,1674.690,1673.630,1673.830,76
SQ:XAUUSD,2020-04-20T10:05:00+02:00,1673.830,1674.750,1673.410,1674.630,160
SQ:XAUUSD,2020-04-20T10:06:00+02:00,1674.630,1675.280,1674.370,1675.030,83
SQ:XAUUSD,2020-04-20T10:07:00+02:00,1674.960,1675.090,1673.910,1674.180,77
SQ:XAUUSD,2020-04-20T10:08:00+02:00,1674.180,1675.090,1674.180,1674.920,70
SQ:XAUUSD,2020-04-20T10:09:00+02:00,1674.920,1675.150,1674.480,1675.150,56
SQ:XAUUSD,2020-04-20T10:10:00+02:00,1675.120,1675.140,1674.560,1674.560,53
SQ:XAUUSD,2020-04-20T10:11:00+02:00,1674.570,1674.770,1674.430,1674.640,38
SQ:XAUUSD,2020-04-20T10:12:00+02:00,1674.640,1674.890,1674.520,1674.520,30
SQ:XAUUSD,2020-04-20T10:13:00+02:00,1674.520,1674.690,1674.000,1674.630,80
SQ:XAUUSD,2020-04-20T10:14:00+02:00,1674.630,1675.000,1674.610,1674.950,28
SQ:XAUUSD,2020-04-20T10:15:00+02:00,1674.950,1675.090,1674.950,1674.980,38
SQ:XAUUSD,2020-04-20T10:16:00+02:00,1674.980,1675.380,1674.950,1675.330,43
SQ:XAUUSD,2020-04-20T10:17:00+02:00,1675.270,1675.360,1675.070,1675.330,61
SQ:XAUUSD,2020-04-20T10:18:00+02:00,1675.330,1677.100,1675.220,1676.460,101
SQ:XAUUSD,2020-04-20T10:19:00+02:00,1676.460,1677.980,1676.460,1677.680,153
SQ:XAUUSD,2020-04-20T10:20:00+02:00,1677.630,1677.780,1676.640,1676.700,47
SQ:XAUUSD,2020-04-20T10:21:00+02:00,1676.700,1676.700,1676.430,1676.580,38
SQ:XAUUSD,2020-04-20T10:22:00+02:00,1676.580,1676.630,1675.680,1675.890,47
SQ:XAUUSD,2020-04-20T10:23:00+02:00,1675.930,1675.930,1675.480,1675.560,53
SQ:XAUUSD,2020-04-20T10:24:00+02:00,1675.560,1675.640,1675.280,1675.420,54
SQ:XAUUSD,2020-04-20T10:25:00+02:00,1675.420,1675.800,1674.420,1674.640,124
SQ:XAUUSD,2020-04-20T10:26:00+02:00,1674.690,1674.890,1674.110,1674.880,95
SQ:XAUUSD,2020-04-20T10:27:00+02:00,1674.880,1675.890,1674.810,1675.750,105
SQ:XAUUSD,2020-04-20T10:28:00+02:00,1675.750,1675.780,1674.870,1675.200,166
SQ:XAUUSD,2020-04-20T10:29:00+02:00,1675.200,1675.700,1675.180,1675.500,124
SQ:XAUUSD,2020-04-20T10:30:00+02:00,1675.450,1676.390,1675.320,1676.220,128
SQ:XAUUSD,2020-04-20T10:31:00+02:00,1676.220,1676.220,1675.380,1675.400,89
SQ:XAUUSD,2020-04-20T10:32:00+02:00,1675.380,1675.550,1674.630,1675.180,135
SQ:XAUUSD,2020-04-20T10:33:00+02:00,1675.180,1675.690,1674.830,1675.490,147
SQ:XAUUSD,2020-04-20T10:34:00+02:00,1675.490,1676.400,1675.490,1676.120,77
SQ:XAUUSD,2020-04-20T10:35:00+02:00,1676.120,1676.120,1675.300,1675.710,55
SQ:XAUUSD,2020-04-20T10:36:00+02:00,1675.700,1676.400,1675.200,1676.350,87
SQ:XAUUSD,2020-04-20T10:37:00+02:00,1676.430,1676.850,1675.770,1675.870,95
SQ:XAUUSD,2020-04-20T10:38:00+02:00,1675.880,1676.640,1675.820,1676.400,44
SQ:XAUUSD,2020-04-20T10:39:00+02:00,1676.450,1676.790,1676.450,1676.790,35
SQ:XAUUSD,2020-04-20T10:40:00+02:00,1676.790,1677.480,1676.340,1676.450,119
SQ:XAUUSD,2020-04-20T10:41:00+02:00,1676.480,1676.520,1675.180,1675.780,93
SQ:XAUUSD,2020-04-20T10:42:00+02:00,1675.730,1676.930,1675.730,1676.880,95
SQ:XAUUSD,2020-04-20T10:43:00+02:00,1676.880,1677.780,1676.820,1677.020,116
SQ:XAUUSD,2020-04-20T10:44:00+02:00,1677.020,1677.630,1676.900,1677.100,85
SQ:XAUUSD,2020-04-20T10:45:00+02:00,1677.100,1678.280,1676.840,1677.600,158
SQ:XAUUSD,2020-04-20T10:46:00+02:00,1677.600,1679.440,1677.470,1678.740,215
SQ:XAUUSD,2020-04-20T10:47:00+02:00,1678.740,1679.780,1678.740,1678.970,120
SQ:XAUUSD,2020-04-20T10:48:00+02:00,1679.070,1679.100,1678.340,1678.550,95
SQ:XAUUSD,2020-04-20T10:49:00+02:00,1678.550,1679.650,1678.390,1679.620,70
SQ:XAUUSD,2020-04-20T10:50:00+02:00,1679.620,1680.210,1678.690,1679.740,67
SQ:XAUUSD,2020-04-20T10:51:00+02:00,1679.720,1679.790,1678.330,1678.534,75
SQ:XAUUSD,2020-04-20T10:52:00+02:00,1678.524,1678.544,1677.740,1678.090,63
SQ:XAUUSD,2020-04-20T10:53:00+02:00,1678.090,1678.430,1677.900,1678.290,45
SQ:XAUUSD,2020-04-20T10:54:00+02:00,1678.290,1678.460,1677.250,1677.870,80
SQ:XAUUSD,2020-04-20T10:55:00+02:00,1677.870,1678.120,1677.430,1678.040,52
SQ:XAUUSD,2020-04-20T10:56:00+02:00,1678.030,1678.650,1677.900,1678.120,37
SQ:XAUUSD,2020-04-20T10:57:00+02:00,1678.120,1679.150,1678.010,1678.930,45
SQ:XAUUSD,2020-04-20T10:58:00+02:00,1678.930,1679.130,1678.680,1678.780,43
SQ:XAUUSD,2020-04-20T10:59:00+02:00,1678.780,1678.930,1678.180,1678.580,44
SQ:XAUUSD,2020-04-20T11:00:00+02:00,1678.580,1679.680,1678.280,1679.580,73
SQ:XAUUSD,2020-04-20T11:01:00+02:00,1679.580,1679.680,1678.880,1679.280,56
SQ:XAUUSD,2020-04-20T11:02:00+02:00,1679.180,1679.180,1677.730,1677.830,46
SQ:XAUUSD,2020-04-20T11:03:00+02:00,1677.780,1678.930,1677.780,1678.480,31
SQ:XAUUSD,2020-04-20T11:04:00+02:00,1678.480,1680.280,1678.380,1680.180,85
SQ:XAUUSD,2020-04-20T11:05:00+02:00,1680.180,1681.180,1679.820,1680.070,148
SQ:XAUUSD,2020-04-20T11:06:00+02:00,1680.070,1682.530,1679.960,1682.300,113
SQ:XAUUSD,2020-04-20T11:07:00+02:00,1682.300,1682.600,1681.570,1682.170,58
SQ:XAUUSD,2020-04-20T11:08:00+02:00,1682.170,1683.490,1681.520,1681.800,148
SQ:XAUUSD,2020-04-20T11:09:00+02:00,1683.070,1683.790,1681.190,1681.400,149
SQ:XAUUSD,2020-04-20T11:10:00+02:00,1681.360,1684.440,1681.320,1683.910,176
SQ:XAUUSD,2020-04-20T11:11:00+02:00,1683.910,1684.850,1681.850,1684.850,132
SQ:XAUUSD,2020-04-20T11:12:00+02:00,1684.900,1684.900,1682.260,1682.560,143
SQ:XAUUSD,2020-04-20T11:13:00+02:00,1682.510,1682.750,1681.840,1682.010,224
SQ:XAUUSD,2020-04-20T11:14:00+02:00,1681.960,1682.070,1680.680,1681.390,126
SQ:XAUUSD,2020-04-20T11:15:00+02:00,1681.140,1681.830,1680.740,1680.810,174
SQ:XAUUSD,2020-04-20T11:16:00+02:00,1680.810,1681.180,1680.650,1680.810,181
SQ:XAUUSD,2020-04-20T11:17:00+02:00,1680.930,1681.760,1680.750,1681.720,107
SQ:XAUUSD,2020-04-20T11:18:00+02:00,1681.580,1681.910,1681.480,1681.730,47
SQ:XAUUSD,2020-04-20T11:19:00+02:00,1681.790,1681.790,1680.910,1681.300,51
SQ:XAUUSD,2020-04-20T11:20:00+02:00,1681.300,1682.530,1681.290,1682.470,62
SQ:XAUUSD,2020-04-20T11:21:00+02:00,1682.540,1682.680,1681.550,1682.090,61
SQ:XAUUSD,2020-04-20T11:22:00+02:00,1682.080,1682.080,1681.300,1681.478,75
SQ:XAUUSD,2020-04-20T11:23:00+02:00,1681.478,1681.680,1681.430,1681.440,53
SQ:XAUUSD,2020-04-20T11:24:00+02:00,1681.500,1681.950,1681.440,1681.670,54
SQ:XAUUSD,2020-04-20T11:25:00+02:00,1681.670,1681.670,1680.060,1680.570,125
SQ:XAUUSD,2020-04-20T11:26:00+02:00,1680.660,1681.290,1680.220,1680.690,67
SQ:XAUUSD,2020-04-20T11:27:00+02:00,1680.730,1680.930,1680.340,1680.540,86
SQ:XAUUSD,2020-04-20T11:28:00+02:00,1680.540,1681.430,1680.490,1681.090,61
SQ:XAUUSD,2020-04-20T11:29:00+02:00,1681.170,1681.640,1680.900,1681.480,46
SQ:XAUUSD,2020-04-20T11:30:00+02:00,1681.480,1682.830,1681.480,1682.260,79
SQ:XAUUSD,2020-04-20T11:31:00+02:00,1682.200,1682.430,1681.970,1682.280,49
SQ:XAUUSD,2020-04-20T11:32:00+02:00,1682.220,1682.730,1681.950,1681.950,40
SQ:XAUUSD,2020-04-20T11:33:00+02:00,1681.900,1682.280,1681.660,1681.860,48
SQ:XAUUSD,2020-04-20T11:34:00+02:00,1681.860,1683.300,1681.760,1682.760,86
SQ:XAUUSD,2020-04-20T11:35:00+02:00,1682.760,1683.240,1682.350,1682.560,83
SQ:XAUUSD,2020-04-20T11:36:00+02:00,1682.560,1682.720,1682.100,1682.130,44
SQ:XAUUSD,2020-04-20T11:37:00+02:00,1682.160,1682.360,1681.310,1681.310,58
SQ:XAUUSD,2020-04-20T11:38:00+02:00,1681.360,1682.040,1681.330,1681.710,38
SQ:XAUUSD,2020-04-20T11:39:00+02:00,1681.710,1681.720,1680.980,1681.250,58
SQ:XAUUSD,2020-04-20T11:40:00+02:00,1681.320,1682.066,1680.810,1680.970,46
SQ:XAUUSD,2020-04-20T11:41:00+02:00,1681.030,1681.350,1680.850,1681.040,43
SQ:XAUUSD,2020-04-20T11:42:00+02:00,1681.020,1682.240,1681.020,1682.170,44
SQ:XAUUSD,2020-04-20T11:43:00+02:00,1682.170,1683.952,1682.010,1683.952,46
SQ:XAUUSD,2020-04-20T11:44:00+02:00,1683.912,1683.912,1682.030,1682.060,50
SQ:XAUUSD,2020-04-20T11:45:00+02:00,1682.060,1682.280,1681.770,1681.910,30
SQ:XAUUSD,2020-04-20T11:46:00+02:00,1681.910,1682.310,1681.640,1681.640,34
SQ:XAUUSD,2020-04-20T11:47:00+02:00,1681.640,1682.290,1681.070,1681.130,64
SQ:XAUUSD,2020-04-20T11:48:00+02:00,1681.278,1681.722,1680.630,1680.840,77
SQ:XAUUSD,2020-04-20T11:49:00+02:00,1681.800,1682.708,1680.710,1681.400,158
SQ:XAUUSD,2020-04-20T11:50:00+02:00,1681.350,1681.762,1680.810,1680.880,58
SQ:XAUUSD,2020-04-20T11:51:00+02:00,1680.880,1683.262,1680.790,1681.790,77
SQ:XAUUSD,2020-04-20T11:52:00+02:00,1681.790,1681.940,1681.500,1681.850,41
SQ:XAUUSD,2020-04-20T11:53:00+02:00,1681.900,1681.920,1681.630,1681.682,27
SQ:XAUUSD,2020-04-20T11:54:00+02:00,1681.660,1682.360,1681.660,1682.330,35
SQ:XAUUSD,2020-04-20T11:55:00+02:00,1682.400,1682.632,1680.850,1681.112,76
SQ:XAUUSD,2020-04-20T11:56:00+02:00,1681.090,1681.160,1680.800,1681.080,48
SQ:XAUUSD,2020-04-20T11:57:00+02:00,1680.920,1681.250,1679.670,1679.670,88
SQ:XAUUSD,2020-04-20T11:58:00+02:00,1679.670,1681.018,1679.670,1680.260,118
SQ:XAUUSD,2020-04-20T11:59:00+02:00,1680.260,1680.490,1679.900,1680.000,87
SQ:XAUUSD,2020-04-20T12:00:00+02:00,1680.000,1680.180,1678.870,1678.910,89
SQ:XAUUSD,2020-04-20T12:01:00+02:00,1678.910,1679.750,1678.690,1679.480,83
SQ:XAUUSD,2020-04-20T12:02:00+02:00,1679.680,1679.680,1678.660,1678.820,65
SQ:XAUUSD,2020-04-20T12:03:00+02:00,1678.820,1679.778,1677.670,1678.120,103
SQ:XAUUSD,2020-04-20T12:04:00+02:00,1678.090,1678.420,1677.900,1677.960,49
SQ:XAUUSD,2020-04-20T12:05:00+02:00,1677.990,1677.990,1677.250,1677.340,61
SQ:XAUUSD,2020-04-20T12:06:00+02:00,1677.340,1678.090,1677.340,1677.870,66
SQ:XAUUSD,2020-04-20T12:07:00+02:00,1677.870,1677.880,1676.630,1676.670,80
SQ:XAUUSD,2020-04-20T12:08:00+02:00,1676.670,1677.120,1675.250,1675.930,155
SQ:XAUUSD,2020-04-20T12:09:00+02:00,1675.930,1677.700,1675.800,1677.400,45
SQ:XAUUSD,2020-04-20T12:10:00+02:00,1677.400,1677.990,1677.120,1677.990,34
SQ:XAUUSD,2020-04-20T12:11:00+02:00,1677.990,1678.470,1677.630,1677.800,72
SQ:XAUUSD,2020-04-20T12:12:00+02:00,1677.800,1677.870,1677.220,1677.460,44
SQ:XAUUSD,2020-04-20T12:13:00+02:00,1677.480,1678.290,1677.380,1678.260,84
SQ:XAUUSD,2020-04-20T12:14:00+02:00,1678.230,1678.240,1676.480,1677.970,117
SQ:XAUUSD,2020-04-20T12:15:00+02:00,1677.970,1678.380,1677.650,1678.380,37
SQ:XAUUSD,2020-04-20T12:16:00+02:00,1678.380,1678.740,1678.170,1678.640,37
SQ:XAUUSD,2020-04-20T12:17:00+02:00,1678.640,1678.740,1677.910,1677.910,27
SQ:XAUUSD,2020-04-20T12:18:00+02:00,1677.910,1678.330,1677.690,1678.060,59
SQ:XAUUSD,2020-04-20T12:19:00+02:00,1678.060,1678.150,1678.050,1678.050,7
SQ:XAUUSD,2020-04-20T12:20:00+02:00,1678.000,1678.120,1677.400,1677.520,67
SQ:XAUUSD,2020-04-20T12:21:00+02:00,1677.450,1677.670,1677.270,1677.470,50
SQ:XAUUSD,2020-04-20T12:22:00+02:00,1677.320,1677.320,1673.448,1674.940,96
SQ:XAUUSD,2020-04-20T12:23:00+02:00,1674.980,1675.760,1674.430,1675.400,85
SQ:XAUUSD,2020-04-20T12:24:00+02:00,1675.430,1676.230,1675.300,1675.810,156
SQ:XAUUSD,2020-04-20T12:25:00+02:00,1675.810,1676.390,1675.012,1676.230,139
SQ:XAUUSD,2020-04-20T12:26:00+02:00,1676.230,1677.830,1676.230,1677.530,75
SQ:XAUUSD,2020-04-20T12:27:00+02:00,1677.530,1678.550,1677.390,1678.440,47
SQ:XAUUSD,2020-04-20T12:28:00+02:00,1678.440,1678.600,1678.030,1678.290,60
SQ:XAUUSD,2020-04-20T12:29:00+02:00,1678.290,1679.070,1677.940,1678.240,107
SQ:XAUUSD,2020-04-20T12:30:00+02:00,1678.310,1678.740,1677.620,1678.010,90
SQ:XAUUSD,2020-04-20T12:31:00+02:00,1678.010,1678.710,1677.760,1678.710,81
SQ:XAUUSD,2020-04-20T12:32:00+02:00,1678.710,1679.320,1678.240,1679.320,74
SQ:XAUUSD,2020-04-20T12:33:00+02:00,1679.320,1679.600,1678.500,1679.220,102
SQ:XAUUSD,2020-04-20T12:34:00+02:00,1679.220,1679.520,1678.110,1679.390,101
SQ:XAUUSD,2020-04-20T12:35:00+02:00,1679.390,1681.380,1679.130,1680.800,184
SQ:XAUUSD,2020-04-20T12:36:00+02:00,1680.800,1682.020,1679.870,1681.480,236
SQ:XAUUSD,2020-04-20T12:37:00+02:00,1681.590,1682.080,1680.640,1680.870,89
SQ:XAUUSD,2020-04-20T12:38:00+02:00,1680.860,1681.340,1680.470,1681.330,65
SQ:XAUUSD,2020-04-20T12:39:00+02:00,1681.300,1681.300,1680.860,1681.210,48
SQ:XAUUSD,2020-04-20T12:40:00+02:00,1681.230,1681.230,1680.490,1681.000,79
SQ:XAUUSD,2020-04-20T12:41:00+02:00,1681.000,1681.640,1680.700,1680.840,101
SQ:XAUUSD,2020-04-20T12:42:00+02:00,1680.840,1681.430,1679.680,1679.940,67
SQ:XAUUSD,2020-04-20T12:43:00+02:00,1679.930,1680.470,1679.650,1680.420,76
SQ:XAUUSD,2020-04-20T12:44:00+02:00,1680.420,1681.510,1680.270,1681.400,112
SQ:XAUUSD,2020-04-20T12:45:00+02:00,1681.400,1681.460,1680.450,1680.750,91
SQ:XAUUSD,2020-04-20T12:46:00+02:00,1680.750,1681.180,1680.640,1681.000,55
SQ:XAUUSD,2020-04-20T12:47:00+02:00,1681.000,1681.220,1680.640,1681.120,50
SQ:XAUUSD,2020-04-20T12:48:00+02:00,1681.120,1682.190,1680.860,1680.880,101
SQ:XAUUSD,2020-04-20T12:49:00+02:00,1680.940,1681.502,1679.670,1680.390,127
SQ:XAUUSD,2020-04-20T12:50:00+02:00,1680.390,1681.290,1679.690,1681.020,64
SQ:XAUUSD,2020-04-20T12:51:00+02:00,1681.020,1681.910,1681.020,1681.220,51
SQ:XAUUSD,2020-04-20T12:52:00+02:00,1681.220,1681.370,1680.660,1681.320,69
SQ:XAUUSD,2020-04-20T12:53:00+02:00,1681.320,1683.030,1681.100,1682.190,96
SQ:XAUUSD,2020-04-20T12:54:00+02:00,1682.260,1683.460,1681.850,1683.140,140
SQ:XAUUSD,2020-04-20T12:55:00+02:00,1683.140,1683.540,1682.400,1682.870,65
SQ:XAUUSD,2020-04-20T12:56:00+02:00,1682.870,1683.900,1682.530,1683.570,77
SQ:XAUUSD,2020-04-20T12:57:00+02:00,1683.610,1683.940,1682.580,1683.000,117
SQ:XAUUSD,2020-04-20T12:58:00+02:00,1683.040,1683.290,1682.540,1682.860,119
SQ:XAUUSD,2020-04-20T12:59:00+02:00,1682.860,1682.910,1682.050,1682.750,112
SQ:XAUUSD,2020-04-20T13:00:00+02:00,1682.750,1683.320,1682.370,1683.010,149
SQ:XAUUSD,2020-04-20T13:01:00+02:00,1683.010,1683.270,1682.380,1683.010,81
SQ:XAUUSD,2020-04-20T13:02:00+02:00,1683.010,1683.150,1682.430,1682.890,98
SQ:XAUUSD,2020-04-20T13:03:00+02:00,1682.710,1683.610,1682.710,1683.390,90
SQ:XAUUSD,2020-04-20T13:04:00+02:00,1683.140,1683.990,1683.040,1683.640,124
SQ:XAUUSD,2020-04-20T13:05:00+02:00,1683.640,1684.960,1683.230,1684.690,155
SQ:XAUUSD,2020-04-20T13:06:00+02:00,1684.690,1684.820,1683.650,1683.970,137
SQ:XAUUSD,2020-04-20T13:07:00+02:00,1684.190,1684.450,1683.080,1683.550,134
SQ:XAUUSD,2020-04-20T13:08:00+02:00,1683.310,1683.350,1681.920,1682.290,177
SQ:XAUUSD,2020-04-20T13:09:00+02:00,1682.290,1682.290,1681.700,1682.060,86
SQ:XAUUSD,2020-04-20T13:10:00+02:00,1681.840,1682.040,1680.800,1681.210,222
SQ:XAUUSD,2020-04-20T13:11:00+02:00,1681.210,1682.220,1681.000,1682.220,143
SQ:XAUUSD,2020-04-20T13:12:00+02:00,1682.220,1682.300,1681.240,1682.150,150
SQ:XAUUSD,2020-04-20T13:13:00+02:00,1681.970,1682.570,1681.630,1682.310,88
SQ:XAUUSD,2020-04-20T13:14:00+02:00,1682.350,1682.490,1681.020,1681.520,120
SQ:XAUUSD,2020-04-20T13:15:00+02:00,1681.490,1682.832,1681.340,1682.060,153
SQ:XAUUSD,2020-04-20T13:16:00+02:00,1682.060,1682.432,1681.060,1681.150,125
SQ:XAUUSD,2020-04-20T13:17:00+02:00,1681.160,1681.180,1679.070,1679.290,145
SQ:XAUUSD,2020-04-20T13:18:00+02:00,1679.070,1680.400,1678.930,1680.142,160
SQ:XAUUSD,2020-04-20T13:19:00+02:00,1680.122,1680.520,1679.760,1680.520,85
SQ:XAUUSD,2020-04-20T13:20:00+02:00,1680.520,1680.520,1679.620,1680.230,91
SQ:XAUUSD,2020-04-20T13:21:00+02:00,1680.230,1681.560,1680.022,1681.490,103
SQ:XAUUSD,2020-04-20T13:22:00+02:00,1681.290,1682.230,1681.160,1681.568,108
SQ:XAUUSD,2020-04-20T13:23:00+02:00,1681.680,1681.770,1680.780,1681.000,98
SQ:XAUUSD,2020-04-20T13:24:00+02:00,1681.000,1682.602,1680.710,1682.210,84
SQ:XAUUSD,2020-04-20T13:25:00+02:00,1682.160,1682.760,1682.070,1682.460,63
SQ:XAUUSD,2020-04-20T13:26:00+02:00,1682.420,1682.480,1681.390,1681.620,94
SQ:XAUUSD,2020-04-20T13:27:00+02:00,1681.750,1682.140,1680.880,1681.990,84
SQ:XAUUSD,2020-04-20T13:28:00+02:00,1681.990,1682.380,1681.400,1682.380,93
SQ:XAUUSD,2020-04-20T13:29:00+02:00,1682.450,1682.670,1681.560,1681.820,99
SQ:XAUUSD,2020-04-20T13:30:00+02:00,1681.820,1682.300,1681.730,1682.230,71
SQ:XAUUSD,2020-04-20T13:31:00+02:00,1682.230,1682.350,1681.470,1681.650,41
SQ:XAUUSD,2020-04-20T13:32:00+02:00,1681.650,1681.810,1681.140,1681.400,58
SQ:XAUUSD,2020-04-20T13:33:00+02:00,1681.400,1683.450,1681.010,1683.080,88
SQ:XAUUSD,2020-04-20T13:34:00+02:00,1682.990,1683.840,1682.470,1683.490,127
SQ:XAUUSD,2020-04-20T13:35:00+02:00,1683.440,1683.640,1682.880,1683.260,69
SQ:XAUUSD,2020-04-20T13:36:00+02:00,1683.260,1683.310,1682.710,1682.710,55
SQ:XAUUSD,2020-04-20T13:37:00+02:00,1682.850,1683.990,1682.660,1683.660,167
SQ:XAUUSD,2020-04-20T13:38:00+02:00,1683.700,1684.460,1683.490,1683.640,176
SQ:XAUUSD,2020-04-20T13:39:00+02:00,1683.550,1684.780,1683.550,1684.580,149
SQ:XAUUSD,2020-04-20T13:40:00+02:00,1684.580,1685.390,1684.390,1684.810,137
SQ:XAUUSD,2020-04-20T13:41:00+02:00,1684.760,1686.690,1684.600,1686.390,272
SQ:XAUUSD,2020-04-20T13:42:00+02:00,1686.530,1689.110,1686.270,1688.470,409
SQ:XAUUSD,2020-04-20T13:43:00+02:00,1688.410,1689.390,1687.970,1688.510,196
SQ:XAUUSD,2020-04-20T13:44:00+02:00,1688.580,1688.660,1686.710,1687.820,135
SQ:XAUUSD,2020-04-20T13:45:00+02:00,1687.820,1688.140,1686.700,1688.000,90
SQ:XAUUSD,2020-04-20T13:46:00+02:00,1688.100,1688.480,1686.970,1687.280,105
SQ:XAUUSD,2020-04-20T13:47:00+02:00,1687.430,1687.510,1686.160,1686.160,73
SQ:XAUUSD,2020-04-20T13:48:00+02:00,1686.160,1688.126,1685.840,1686.886,195
SQ:XAUUSD,2020-04-20T13:49:00+02:00,1686.916,1686.916,1685.840,1686.156,164
SQ:XAUUSD,2020-04-20T13:50:00+02:00,1686.226,1686.450,1684.710,1684.750,135
SQ:XAUUSD,2020-04-20T13:51:00+02:00,1684.750,1686.406,1684.680,1685.660,113
SQ:XAUUSD,2020-04-20T13:52:00+02:00,1685.660,1686.750,1685.620,1685.816,104
SQ:XAUUSD,2020-04-20T13:53:00+02:00,1685.840,1687.000,1685.660,1685.830,128
SQ:XAUUSD,2020-04-20T13:54:00+02:00,1685.830,1686.290,1685.130,1685.760,182
SQ:XAUUSD,2020-04-20T13:55:00+02:00,1685.760,1686.080,1684.350,1684.350,117
SQ:XAUUSD,2020-04-20T13:56:00+02:00,1684.460,1685.760,1684.220,1685.440,134
SQ:XAUUSD,2020-04-20T13:57:00+02:00,1685.440,1685.560,1684.590,1684.970,95
SQ:XAUUSD,2020-04-20T13:58:00+02:00,1684.950,1685.770,1684.920,1685.700,61
SQ:XAUUSD,2020-04-20T13:59:00+02:00,1685.700,1686.630,1685.510,1686.490,96
SQ:XAUUSD,2020-04-20T14:00:00+02:00,1686.490,1687.260,1686.350,1686.632,92
SQ:XAUUSD,2020-04-20T14:01:00+02:00,1686.652,1686.744,1685.040,1685.250,107
SQ:XAUUSD,2020-04-20T14:02:00+02:00,1685.350,1686.670,1685.300,1686.610,88
SQ:XAUUSD,2020-04-20T14:03:00+02:00,1686.620,1687.020,1685.680,1686.670,84
SQ:XAUUSD,2020-04-20T14:04:00+02:00,1686.670,1687.020,1686.280,1686.280,94
SQ:XAUUSD,2020-04-20T14:05:00+02:00,1686.280,1686.750,1686.080,1686.540,84
SQ:XAUUSD,2020-04-20T14:06:00+02:00,1686.540,1686.980,1684.940,1684.960,151
SQ:XAUUSD,2020-04-20T14:07:00+02:00,1685.020,1685.990,1684.810,1684.940,91
SQ:XAUUSD,2020-04-20T14:08:00+02:00,1684.940,1684.940,1684.150,1684.500,104
SQ:XAUUSD,2020-04-20T14:09:00+02:00,1684.490,1684.530,1684.030,1684.360,73
SQ:XAUUSD,2020-04-20T14:10:00+02:00,1684.360,1684.730,1683.820,1684.510,74
SQ:XAUUSD,2020-04-20T14:11:00+02:00,1684.560,1685.270,1684.190,1684.990,75
SQ:XAUUSD,2020-04-20T14:12:00+02:00,1684.990,1685.260,1684.710,1684.930,53
SQ:XAUUSD,2020-04-20T14:13:00+02:00,1684.940,1685.630,1684.940,1685.390,56
SQ:XAUUSD,2020-04-20T14:14:00+02:00,1685.390,1685.940,1685.350,1685.840,55
SQ:XAUUSD,2020-04-20T14:15:00+02:00,1685.840,1687.530,1685.440,1687.490,112
SQ:XAUUSD,2020-04-20T14:16:00+02:00,1687.490,1687.580,1686.670,1686.950,133
SQ:XAUUSD,2020-04-20T14:17:00+02:00,1687.020,1688.090,1687.020,1687.360,108
SQ:XAUUSD,2020-04-20T14:18:00+02:00,1687.360,1687.432,1685.870,1686.160,170
SQ:XAUUSD,2020-04-20T14:19:00+02:00,1686.160,1687.150,1685.990,1686.780,121
SQ:XAUUSD,2020-04-20T14:20:00+02:00,1687.090,1687.410,1686.450,1687.240,99
SQ:XAUUSD,2020-04-20T14:21:00+02:00,1687.240,1687.860,1686.370,1686.450,100
SQ:XAUUSD,2020-04-20T14:22:00+02:00,1686.450,1686.450,1684.740,1685.270,112
SQ:XAUUSD,2020-04-20T14:23:00+02:00,1685.270,1685.690,1684.990,1685.110,59
SQ:XAUUSD,2020-04-20T14:24:00+02:00,1685.110,1685.370,1684.210,1685.360,101
SQ:XAUUSD,2020-04-20T14:25:00+02:00,1685.370,1686.590,1685.210,1685.980,93
SQ:XAUUSD,2020-04-20T14:26:00+02:00,1686.050,1686.520,1685.810,1686.260,77
SQ:XAUUSD,2020-04-20T14:27:00+02:00,1686.260,1686.490,1684.690,1685.460,83
SQ:XAUUSD,2020-04-20T14:28:00+02:00,1685.460,1685.950,1685.320,1685.800,57
SQ:XAUUSD,2020-04-20T14:29:00+02:00,1685.800,1685.890,1685.360,1685.440,59
SQ:XAUUSD,2020-04-20T14:30:00+02:00,1685.590,1685.590,1684.650,1684.910,83
SQ:XAUUSD,2020-04-20T14:31:00+02:00,1684.910,1685.500,1684.860,1685.410,77
SQ:XAUUSD,2020-04-20T14:32:00+02:00,1685.410,1685.780,1685.110,1685.440,48
SQ:XAUUSD,2020-04-20T14:33:00+02:00,1685.440,1686.480,1685.130,1686.440,77
SQ:XAUUSD,2020-04-20T14:34:00+02:00,1686.440,1686.530,1686.070,1686.430,70
SQ:XAUUSD,2020-04-20T14:35:00+02:00,1686.430,1687.380,1686.180,1687.300,84
SQ:XAUUSD,2020-04-20T14:36:00+02:00,1687.240,1687.280,1686.900,1687.180,79
SQ:XAUUSD,2020-04-20T14:37:00+02:00,1687.180,1687.180,1686.236,1686.660,103
SQ:XAUUSD,2020-04-20T14:38:00+02:00,1686.660,1687.522,1686.440,1687.016,150
SQ:XAUUSD,2020-04-20T14:39:00+02:00,1687.004,1687.212,1686.436,1686.726,160
SQ:XAUUSD,2020-04-20T14:40:00+02:00,1686.690,1687.784,1686.680,1687.220,190
SQ:XAUUSD,2020-04-20T14:41:00+02:00,1687.220,1687.830,1686.970,1687.690,152
SQ:XAUUSD,2020-04-20T14:42:00+02:00,1687.690,1687.860,1687.180,1687.180,46
SQ:XAUUSD,2020-04-20T14:43:00+02:00,1687.180,1687.284,1686.300,1686.548,94
SQ:XAUUSD,2020-04-20T14:44:00+02:00,1686.548,1686.958,1686.300,1686.550,80
SQ:XAUUSD,2020-04-20T14:45:00+02:00,1686.500,1686.558,1686.060,1686.170,87
SQ:XAUUSD,2020-04-20T14:46:00+02:00,1686.194,1686.296,1685.580,1686.030,67
SQ:XAUUSD,2020-04-20T14:47:00+02:00,1686.030,1686.030,1685.390,1685.410,54
SQ:XAUUSD,2020-04-20T14:48:00+02:00,1685.420,1686.190,1685.420,1685.580,75
SQ:XAUUSD,2020-04-20T14:49:00+02:00,1685.620,1685.880,1685.190,1685.440,97
SQ:XAUUSD,2020-04-20T14:50:00+02:00,1685.440,1686.320,1685.290,1685.560,92
SQ:XAUUSD,2020-04-20T14:51:00+02:00,1685.550,1686.390,1685.360,1685.950,101
SQ:XAUUSD,2020-04-20T14:52:00+02:00,1685.950,1686.480,1685.420,1686.130,133
SQ:XAUUSD,2020-04-20T14:53:00+02:00,1686.120,1686.360,1686.070,1686.200,56
SQ:XAUUSD,2020-04-20T14:54:00+02:00,1686.180,1686.330,1685.970,1686.170,49
SQ:XAUUSD,2020-04-20T14:55:00+02:00,1686.180,1686.340,1685.990,1686.050,62
SQ:XAUUSD,2020-04-20T14:56:00+02:00,1686.030,1686.090,1684.710,1685.270,119
SQ:XAUUSD,2020-04-20T14:57:00+02:00,1685.190,1685.830,1684.630,1685.830,154
SQ:XAUUSD,2020-04-20T14:58:00+02:00,1685.830,1685.920,1685.470,1685.630,45
SQ:XAUUSD,2020-04-20T14:59:00+02:00,1685.630,1685.680,1683.920,1684.920,141
SQ:XAUUSD,2020-04-20T15:00:00+02:00,1684.880,1685.460,1684.710,1685.430,85
SQ:XAUUSD,2020-04-20T15:01:00+02:00,1685.450,1685.450,1684.760,1684.850,67
SQ:XAUUSD,2020-04-20T15:02:00+02:00,1684.820,1685.270,1684.010,1685.120,108
SQ:XAUUSD,2020-04-20T15:03:00+02:00,1685.120,1685.980,1685.120,1685.890,81
SQ:XAUUSD,2020-04-20T15:04:00+02:00,1685.870,1685.940,1685.000,1685.160,65
SQ:XAUUSD,2020-04-20T15:05:00+02:00,1685.160,1685.870,1685.160,1685.520,113
SQ:XAUUSD,2020-04-20T15:06:00+02:00,1685.560,1685.720,1684.980,1685.190,94
SQ:XAUUSD,2020-04-20T15:07:00+02:00,1685.190,1685.540,1684.600,1684.600,51
SQ:XAUUSD,2020-04-20T15:08:00+02:00,1684.600,1684.970,1681.660,1681.750,189
SQ:XAUUSD,2020-04-20T15:09:00+02:00,1681.750,1682.440,1681.650,1681.940,182
SQ:XAUUSD,2020-04-20T15:10:00+02:00,1681.940,1683.080,1681.920,1682.270,95
SQ:XAUUSD,2020-04-20T15:11:00+02:00,1682.270,1683.030,1681.870,1682.800,134
SQ:XAUUSD,2020-04-20T15:12:00+02:00,1682.800,1683.140,1681.300,1681.300,166
SQ:XAUUSD,2020-04-20T15:13:00+02:00,1681.540,1681.890,1680.150,1681.060,227
SQ:XAUUSD,2020-04-20T15:14:00+02:00,1681.060,1681.470,1680.150,1681.280,134
SQ:XAUUSD,2020-04-20T15:15:00+02:00,1681.280,1681.760,1680.740,1681.490,115
SQ:XAUUSD,2020-04-20T15:16:00+02:00,1681.490,1681.890,1681.430,1681.890,57
SQ:XAUUSD,2020-04-20T15:17:00+02:00,1681.890,1681.980,1681.620,1681.980,64
SQ:XAUUSD,2020-04-20T15:18:00+02:00,1681.980,1682.050,1681.790,1681.910,68
SQ:XAUUSD,2020-04-20T15:19:00+02:00,1681.910,1682.520,1681.880,1682.500,68
SQ:XAUUSD,2020-04-20T15:20:00+02:00,1682.420,1683.060,1681.240,1681.820,143
SQ:XAUUSD,2020-04-20T15:21:00+02:00,1681.750,1682.616,1681.590,1682.546,124
SQ:XAUUSD,2020-04-20T15:22:00+02:00,1682.546,1682.736,1682.220,1682.220,101
SQ:XAUUSD,2020-04-20T15:23:00+02:00,1682.310,1682.310,1681.058,1681.714,136
SQ:XAUUSD,2020-04-20T15:24:00+02:00,1681.714,1681.744,1680.880,1681.376,182
SQ:XAUUSD,2020-04-20T15:25:00+02:00,1681.376,1682.230,1681.298,1681.450,161
SQ:XAUUSD,2020-04-20T15:26:00+02:00,1681.510,1681.922,1679.880,1681.460,308
SQ:XAUUSD,2020-04-20T15:27:00+02:00,1681.512,1682.200,1681.152,1681.936,140
SQ:XAUUSD,2020-04-20T15:28:00+02:00,1681.966,1683.030,1681.862,1683.030,174
SQ:XAUUSD,2020-04-20T15:29:00+02:00,1683.030,1686.060,1682.736,1686.000,255
SQ:XAUUSD,2020-04-20T15:30:00+02:00,1685.990,1686.080,1684.696,1685.260,328
SQ:XAUUSD,2020-04-20T15:31:00+02:00,1685.260,1687.420,1685.086,1687.250,342
SQ:XAUUSD,2020-04-20T15:32:00+02:00,1687.250,1689.670,1686.840,1689.170,284
SQ:XAUUSD,2020-04-20T15:33:00+02:00,1689.170,1689.640,1688.810,1689.220,226
SQ:XAUUSD,2020-04-20T15:34:00+02:00,1689.220,1689.330,1687.680,1688.180,178
SQ:XAUUSD,2020-04-20T15:35:00+02:00,1688.140,1689.386,1687.620,1688.950,227
SQ:XAUUSD,2020-04-20T15:36:00+02:00,1688.950,1690.720,1688.620,1690.480,226
SQ:XAUUSD,2020-04-20T15:37:00+02:00,1690.380,1691.000,1689.580,1690.270,218
SQ:XAUUSD,2020-04-20T15:38:00+02:00,1690.270,1690.880,1689.490,1690.240,249
SQ:XAUUSD,2020-04-20T15:39:00+02:00,1690.340,1690.440,1689.220,1689.970,273
SQ:XAUUSD,2020-04-20T15:40:00+02:00,1690.060,1690.950,1689.670,1690.920,171
SQ:XAUUSD,2020-04-20T15:41:00+02:00,1690.920,1691.718,1690.640,1691.170,248
SQ:XAUUSD,2020-04-20T15:42:00+02:00,1691.170,1691.590,1690.650,1691.590,154
SQ:XAUUSD,2020-04-20T15:43:00+02:00,1691.590,1691.690,1690.398,1691.090,178
SQ:XAUUSD,2020-04-20T15:44:00+02:00,1691.090,1691.090,1689.810,1690.560,174
SQ:XAUUSD,2020-04-20T15:45:00+02:00,1690.560,1690.720,1689.790,1690.050,115
SQ:XAUUSD,2020-04-20T15:46:00+02:00,1689.940,1690.460,1688.670,1690.320,120
SQ:XAUUSD,2020-04-20T15:47:00+02:00,1690.320,1690.370,1688.754,1689.900,112
SQ:XAUUSD,2020-04-20T15:48:00+02:00,1689.900,1690.130,1688.610,1689.610,91
SQ:XAUUSD,2020-04-20T15:49:00+02:00,1689.600,1689.600,1687.278,1688.078,135
SQ:XAUUSD,2020-04-20T15:50:00+02:00,1688.078,1688.820,1687.610,1688.710,153
SQ:XAUUSD,2020-04-20T15:51:00+02:00,1688.710,1689.872,1687.390,1689.458,210
SQ:XAUUSD,2020-04-20T15:52:00+02:00,1689.448,1689.478,1688.560,1689.200,117
SQ:XAUUSD,2020-04-20T15:53:00+02:00,1689.350,1689.880,1688.540,1688.780,134
SQ:XAUUSD,2020-04-20T15:54:00+02:00,1688.780,1689.430,1688.600,1689.260,136
SQ:XAUUSD,2020-04-20T15:55:00+02:00,1689.260,1690.360,1688.950,1690.360,121
SQ:XAUUSD,2020-04-20T15:56:00+02:00,1690.360,1691.192,1689.950,1690.190,128
SQ:XAUUSD,2020-04-20T15:57:00+02:00,1690.190,1690.630,1690.090,1690.260,123
SQ:XAUUSD,2020-04-20T15:58:00+02:00,1690.260,1690.742,1689.240,1689.650,94
SQ:XAUUSD,2020-04-20T15:59:00+02:00,1689.650,1689.650,1689.050,1689.180,78
SQ:XAUUSD,2020-04-20T16:00:00+02:00,1689.320,1690.048,1688.240,1688.410,140
SQ:XAUUSD,2020-04-20T16:01:00+02:00,1688.430,1688.430,1687.350,1687.880,96
SQ:XAUUSD,2020-04-20T16:02:00+02:00,1687.940,1687.940,1686.060,1686.150,159
SQ:XAUUSD,2020-04-20T16:03:00+02:00,1686.070,1687.044,1685.750,1686.060,135
SQ:XAUUSD,2020-04-20T16:04:00+02:00,1686.060,1686.724,1685.730,1685.870,155
SQ:XAUUSD,2020-04-20T16:05:00+02:00,1685.820,1686.310,1684.880,1686.110,113
SQ:XAUUSD,2020-04-20T16:06:00+02:00,1685.990,1686.258,1685.110,1685.550,103
SQ:XAUUSD,2020-04-20T16:07:00+02:00,1685.600,1686.000,1684.336,1684.336,210
SQ:XAUUSD,2020-04-20T16:08:00+02:00,1684.336,1684.970,1684.238,1684.318,209
SQ:XAUUSD,2020-04-20T16:09:00+02:00,1684.284,1684.590,1683.130,1683.350,356
SQ:XAUUSD,2020-04-20T16:10:00+02:00,1683.350,1683.400,1682.230,1682.230,182
SQ:XAUUSD,2020-04-20T16:11:00+02:00,1682.200,1684.394,1682.020,1683.660,193
SQ:XAUUSD,2020-04-20T16:12:00+02:00,1683.660,1684.100,1682.390,1682.840,99
SQ:XAUUSD,2020-04-20T16:13:00+02:00,1682.840,1684.240,1682.840,1683.300,211
SQ:XAUUSD,2020-04-20T16:14:00+02:00,1683.300,1684.860,1683.030,1684.560,191
SQ:XAUUSD,2020-04-20T16:15:00+02:00,1684.710,1685.550,1683.860,1685.450,226
SQ:XAUUSD,2020-04-20T16:16:00+02:00,1685.450,1687.120,1685.320,1686.720,228
SQ:XAUUSD,2020-04-20T16:17:00+02:00,1686.720,1686.920,1685.720,1685.720,148
SQ:XAUUSD,2020-04-20T16:18:00+02:00,1685.740,1685.950,1684.630,1685.250,172
SQ:XAUUSD,2020-04-20T16:19:00+02:00,1685.250,1685.630,1684.730,1685.090,201
SQ:XAUUSD,2020-04-20T16:20:00+02:00,1685.090,1685.160,1683.990,1684.150,182
SQ:XAUUSD,2020-04-20T16:21:00+02:00,1684.270,1684.590,1684.030,1684.340,207
SQ:XAUUSD,2020-04-20T16:22:00+02:00,1684.340,1685.010,1684.070,1684.800,207
SQ:XAUUSD,2020-04-20T16:23:00+02:00,1684.770,1686.790,1684.620,1686.530,191
SQ:XAUUSD,2020-04-20T16:24:00+02:00,1686.290,1687.070,1685.590,1685.920,170
SQ:XAUUSD,2020-04-20T16:25:00+02:00,1685.910,1687.410,1685.910,1686.800,184
SQ:XAUUSD,2020-04-20T16:26:00+02:00,1686.880,1687.230,1685.730,1686.010,141
SQ:XAUUSD,2020-04-20T16:27:00+02:00,1686.010,1686.500,1685.320,1685.740,126
SQ:XAUUSD,2020-04-20T16:28:00+02:00,1685.740,1686.700,1685.270,1685.550,113
SQ:XAUUSD,2020-04-20T16:29:00+02:00,1685.550,1686.880,1684.620,1686.730,212
SQ:XAUUSD,2020-04-20T16:30:00+02:00,1686.730,1689.040,1686.560,1688.440,251
SQ:XAUUSD,2020-04-20T16:31:00+02:00,1688.490,1688.710,1687.990,1688.450,173
SQ:XAUUSD,2020-04-20T16:32:00+02:00,1688.450,1688.650,1687.800,1687.800,133
SQ:XAUUSD,2020-04-20T16:33:00+02:00,1687.800,1688.530,1687.800,1688.010,149
SQ:XAUUSD,2020-04-20T16:34:00+02:00,1687.990,1688.810,1687.250,1688.620,155
SQ:XAUUSD,2020-04-20T16:35:00+02:00,1688.610,1688.880,1688.270,1688.580,112
SQ:XAUUSD,2020-04-20T16:36:00+02:00,1688.540,1688.540,1687.630,1687.720,116
SQ:XAUUSD,2020-04-20T16:37:00+02:00,1687.730,1688.130,1687.640,1687.910,121
SQ:XAUUSD,2020-04-20T16:38:00+02:00,1687.920,1689.410,1687.920,1688.830,168
SQ:XAUUSD,2020-04-20T16:39:00+02:00,1688.830,1689.512,1688.480,1688.970,154
SQ:XAUUSD,2020-04-20T16:40:00+02:00,1688.970,1689.050,1687.190,1687.460,177
SQ:XAUUSD,2020-04-20T16:41:00+02:00,1687.460,1689.260,1687.460,1688.320,152
SQ:XAUUSD,2020-04-20T16:42:00+02:00,1688.320,1689.540,1688.310,1689.400,160
SQ:XAUUSD,2020-04-20T16:43:00+02:00,1689.370,1689.370,1688.210,1688.380,214
SQ:XAUUSD,2020-04-20T16:44:00+02:00,1688.380,1688.610,1687.400,1688.312,254
SQ:XAUUSD,2020-04-20T16:45:00+02:00,1688.312,1688.352,1686.890,1687.500,242
SQ:XAUUSD,2020-04-20T16:46:00+02:00,1687.500,1687.840,1686.950,1687.770,123
SQ:XAUUSD,2020-04-20T16:47:00+02:00,1687.870,1689.680,1687.830,1689.190,166
SQ:XAUUSD,2020-04-20T16:48:00+02:00,1689.230,1689.300,1688.360,1688.820,109
SQ:XAUUSD,2020-04-20T16:49:00+02:00,1688.820,1689.280,1688.560,1688.890,92
SQ:XAUUSD,2020-04-20T16:50:00+02:00,1688.890,1689.730,1688.670,1689.540,104
SQ:XAUUSD,2020-04-20T16:51:00+02:00,1689.540,1690.970,1689.540,1690.050,144
SQ:XAUUSD,2020-04-20T16:52:00+02:00,1690.050,1690.240,1689.150,1689.190,106
SQ:XAUUSD,2020-04-20T16:53:00+02:00,1689.190,1689.840,1689.060,1689.480,89
SQ:XAUUSD,2020-04-20T16:54:00+02:00,1689.480,1689.570,1688.840,1689.190,77
SQ:XAUUSD,2020-04-20T16:55:00+02:00,1689.190,1690.100,1688.830,1689.550,120
SQ:XAUUSD,2020-04-20T16:56:00+02:00,1689.550,1689.660,1688.710,1689.660,105
SQ:XAUUSD,2020-04-20T16:57:00+02:00,1689.660,1690.780,1689.590,1690.170,143
SQ:XAUUSD,2020-04-20T16:58:00+02:00,1690.170,1690.540,1689.590,1689.930,199
SQ:XAUUSD,2020-04-20T16:59:00+02:00,1689.930,1690.460,1689.490,1690.220,198
SQ:XAUUSD,2020-04-20T17:00:00+02:00,1690.220,1690.850,1690.090,1690.850,120
SQ:XAUUSD,2020-04-20T17:01:00+02:00,1690.850,1692.860,1690.430,1692.670,193
SQ:XAUUSD,2020-04-20T17:02:00+02:00,1692.700,1692.910,1691.860,1692.610,150
SQ:XAUUSD,2020-04-20T17:03:00+02:00,1692.610,1693.920,1692.520,1693.900,193
SQ:XAUUSD,2020-04-20T17:04:00+02:00,1693.900,1694.470,1693.330,1694.390,211
SQ:XAUUSD,2020-04-20T17:05:00+02:00,1694.380,1694.910,1694.050,1694.810,205
SQ:XAUUSD,2020-04-20T17:06:00+02:00,1694.730,1696.070,1694.700,1695.850,137
SQ:XAUUSD,2020-04-20T17:07:00+02:00,1695.850,1696.860,1694.860,1696.600,332
SQ:XAUUSD,2020-04-20T17:08:00+02:00,1696.600,1697.100,1695.560,1696.880,308
SQ:XAUUSD,2020-04-20T17:09:00+02:00,1696.770,1696.770,1694.930,1695.250,274
SQ:XAUUSD,2020-04-20T17:10:00+02:00,1695.250,1695.940,1694.640,1694.710,121
SQ:XAUUSD,2020-04-20T17:11:00+02:00,1694.790,1695.930,1694.762,1695.090,147
SQ:XAUUSD,2020-04-20T17:12:00+02:00,1695.090,1695.170,1694.012,1694.330,222
SQ:XAUUSD,2020-04-20T17:13:00+02:00,1694.330,1694.864,1693.480,1693.620,360
SQ:XAUUSD,2020-04-20T17:14:00+02:00,1693.400,1693.660,1691.510,1691.782,218
SQ:XAUUSD,2020-04-20T17:15:00+02:00,1691.780,1692.000,1690.730,1690.730,270
SQ:XAUUSD,2020-04-20T17:16:00+02:00,1690.730,1691.420,1690.510,1690.840,127
SQ:XAUUSD,2020-04-20T17:17:00+02:00,1690.830,1691.740,1690.830,1691.710,162
SQ:XAUUSD,2020-04-20T17:18:00+02:00,1691.710,1693.300,1691.710,1692.980,211
SQ:XAUUSD,2020-04-20T17:19:00+02:00,1692.940,1693.150,1691.730,1692.100,202
SQ:XAUUSD,2020-04-20T17:20:00+02:00,1692.100,1692.780,1691.560,1692.170,163
SQ:XAUUSD,2020-04-20T17:21:00+02:00,1692.170,1692.640,1691.540,1692.200,158
SQ:XAUUSD,2020-04-20T17:22:00+02:00,1692.010,1693.420,1691.500,1692.580,190
SQ:XAUUSD,2020-04-20T17:23:00+02:00,1692.580,1693.440,1692.240,1693.260,205
SQ:XAUUSD,2020-04-20T17:24:00+02:00,1693.130,1693.450,1691.700,1692.020,175
SQ:XAUUSD,2020-04-20T17:25:00+02:00,1692.160,1692.380,1691.220,1691.500,188
SQ:XAUUSD,2020-04-20T17:26:00+02:00,1691.580,1691.980,1690.310,1690.740,205
SQ:XAUUSD,2020-04-20T17:27:00+02:00,1690.630,1692.040,1690.140,1691.710,239
SQ:XAUUSD,2020-04-20T17:28:00+02:00,1691.710,1692.772,1691.710,1692.280,152
SQ:XAUUSD,2020-04-20T17:29:00+02:00,1692.280,1693.620,1692.094,1693.390,169
SQ:XAUUSD,2020-04-20T17:30:00+02:00,1693.470,1693.650,1691.410,1692.510,194
SQ:XAUUSD,2020-04-20T17:31:00+02:00,1692.510,1692.970,1692.030,1692.170,151
SQ:XAUUSD,2020-04-20T17:32:00+02:00,1692.200,1692.830,1691.480,1692.700,109
SQ:XAUUSD,2020-04-20T17:33:00+02:00,1692.490,1693.060,1690.840,1691.580,227
SQ:XAUUSD,2020-04-20T17:34:00+02:00,1691.550,1692.860,1691.290,1692.610,237
SQ:XAUUSD,2020-04-20T17:35:00+02:00,1692.560,1694.690,1692.430,1694.330,310
SQ:XAUUSD,2020-04-20T17:36:00+02:00,1694.080,1695.160,1692.150,1692.490,319
SQ:XAUUSD,2020-04-20T17:37:00+02:00,1692.360,1693.410,1692.020,1693.120,142
SQ:XAUUSD,2020-04-20T17:38:00+02:00,1693.120,1693.520,1691.590,1692.620,146
SQ:XAUUSD,2020-04-20T17:39:00+02:00,1692.620,1694.100,1692.570,1693.300,350
SQ:XAUUSD,2020-04-20T17:40:00+02:00,1693.220,1694.610,1693.200,1693.590,184
SQ:XAUUSD,2020-04-20T17:41:00+02:00,1693.590,1693.810,1692.590,1693.530,175
SQ:XAUUSD,2020-04-20T17:42:00+02:00,1693.580,1694.410,1692.840,1693.470,215
SQ:XAUUSD,2020-04-20T17:43:00+02:00,1693.530,1694.350,1693.170,1693.200,218
SQ:XAUUSD,2020-04-20T17:44:00+02:00,1693.120,1693.730,1692.630,1692.860,162
SQ:XAUUSD,2020-04-20T17:45:00+02:00,1693.180,1693.830,1692.500,1692.530,180
SQ:XAUUSD,2020-04-20T17:46:00+02:00,1692.460,1693.460,1692.230,1692.730,159
SQ:XAUUSD,2020-04-20T17:47:00+02:00,1692.730,1693.380,1692.500,1692.890,131
SQ:XAUUSD,2020-04-20T17:48:00+02:00,1692.890,1693.920,1692.670,1693.890,185
SQ:XAUUSD,2020-04-20T17:49:00+02:00,1693.730,1694.530,1693.510,1694.150,154
SQ:XAUUSD,2020-04-20T17:50:00+02:00,1694.150,1694.610,1693.970,1694.180,109
SQ:XAUUSD,2020-04-20T17:51:00+02:00,1694.180,1696.060,1694.050,1695.710,158
SQ:XAUUSD,2020-04-20T17:52:00+02:00,1695.830,1696.230,1694.490,1695.010,116
SQ:XAUUSD,2020-04-20T17:53:00+02:00,1695.010,1696.200,1694.700,1695.920,207
SQ:XAUUSD,2020-04-20T17:54:00+02:00,1695.950,1696.810,1695.162,1695.420,251
SQ:XAUUSD,2020-04-20T17:55:00+02:00,1695.460,1696.002,1694.630,1694.820,310
SQ:XAUUSD,2020-04-20T17:56:00+02:00,1694.630,1695.430,1694.080,1694.610,195
SQ:XAUUSD,2020-04-20T17:57:00+02:00,1694.660,1695.710,1694.460,1695.590,211
SQ:XAUUSD,2020-04-20T17:58:00+02:00,1695.810,1695.880,1694.662,1694.700,139
SQ:XAUUSD,2020-04-20T17:59:00+02:00,1694.820,1699.040,1694.370,1698.390,350
SQ:XAUUSD,2020-04-20T18:00:00+02:00,1698.380,1700.450,1698.280,1699.980,259
SQ:XAUUSD,2020-04-20T18:01:00+02:00,1699.960,1700.940,1699.220,1700.210,232
SQ:XAUUSD,2020-04-20T18:02:00+02:00,1700.210,1700.700,1698.960,1699.890,223
SQ:XAUUSD,2020-04-20T18:03:00+02:00,1699.950,1700.970,1699.460,1700.400,172
SQ:XAUUSD,2020-04-20T18:04:00+02:00,1700.430,1701.930,1700.100,1701.490,169
SQ:XAUUSD,2020-04-20T18:05:00+02:00,1701.520,1702.110,1700.170,1701.020,157
SQ:XAUUSD,2020-04-20T18:06:00+02:00,1701.020,1702.110,1699.470,1700.340,165
SQ:XAUUSD,2020-04-20T18:07:00+02:00,1700.340,1701.650,1700.210,1701.130,141
SQ:XAUUSD,2020-04-20T18:08:00+02:00,1701.040,1701.210,1700.400,1700.710,169
SQ:XAUUSD,2020-04-20T18:09:00+02:00,1700.820,1701.340,1699.810,1700.250,94
SQ:XAUUSD,2020-04-20T18:10:00+02:00,1700.260,1700.640,1698.480,1699.560,146
SQ:XAUUSD,2020-04-20T18:11:00+02:00,1699.560,1699.876,1698.470,1698.930,127
SQ:XAUUSD,2020-04-20T18:12:00+02:00,1698.930,1701.040,1698.930,1700.340,122
SQ:XAUUSD,2020-04-20T18:13:00+02:00,1700.340,1700.930,1699.600,1699.860,128
SQ:XAUUSD,2020-04-20T18:14:00+02:00,1699.860,1701.200,1699.110,1699.510,220
SQ:XAUUSD,2020-04-20T18:15:00+02:00,1699.560,1699.950,1698.570,1698.850,289
SQ:XAUUSD,2020-04-20T18:16:00+02:00,1698.850,1699.220,1698.120,1698.760,100
SQ:XAUUSD,2020-04-20T18:17:00+02:00,1698.570,1699.050,1698.010,1698.290,128
SQ:XAUUSD,2020-04-20T18:18:00+02:00,1698.290,1698.410,1697.230,1697.830,82
SQ:XAUUSD,2020-04-20T18:19:00+02:00,1697.830,1698.590,1697.170,1697.170,92
SQ:XAUUSD,2020-04-20T18:20:00+02:00,1697.210,1698.020,1696.950,1696.950,104
SQ:XAUUSD,2020-04-20T18:21:00+02:00,1697.000,1697.010,1694.250,1694.630,197
SQ:XAUUSD,2020-04-20T18:22:00+02:00,1694.870,1695.450,1693.750,1694.340,212
SQ:XAUUSD,2020-04-20T18:23:00+02:00,1694.440,1695.260,1693.490,1694.430,181
SQ:XAUUSD,2020-04-20T18:24:00+02:00,1694.600,1695.030,1693.210,1694.640,151
SQ:XAUUSD,2020-04-20T18:25:00+02:00,1694.930,1695.680,1694.470,1695.150,143
SQ:XAUUSD,2020-04-20T18:26:00+02:00,1695.150,1695.630,1694.040,1694.710,151
SQ:XAUUSD,2020-04-20T18:27:00+02:00,1694.900,1695.770,1694.700,1695.150,101
SQ:XAUUSD,2020-04-20T18:28:00+02:00,1695.090,1696.310,1695.090,1695.870,156
SQ:XAUUSD,2020-04-20T18:29:00+02:00,1695.710,1695.730,1693.590,1694.370,242
SQ:XAUUSD,2020-04-20T18:30:00+02:00,1694.150,1694.590,1693.530,1693.640,137
SQ:XAUUSD,2020-04-20T18:31:00+02:00,1693.790,1693.810,1691.790,1693.100,293
SQ:XAUUSD,2020-04-20T18:32:00+02:00,1693.100,1693.810,1692.880,1693.610,155
SQ:XAUUSD,2020-04-20T18:33:00+02:00,1693.360,1694.840,1693.360,1694.630,143
SQ:XAUUSD,2020-04-20T18:34:00+02:00,1694.520,1696.110,1693.750,1694.700,154
SQ:XAUUSD,2020-04-20T18:35:00+02:00,1694.760,1694.760,1693.620,1694.500,105
SQ:XAUUSD,2020-04-20T18:36:00+02:00,1694.500,1695.540,1693.710,1695.160,90
SQ:XAUUSD,2020-04-20T18:37:00+02:00,1695.160,1696.180,1695.160,1696.040,90
SQ:XAUUSD,2020-04-20T18:38:00+02:00,1695.990,1696.050,1695.110,1695.400,69
SQ:XAUUSD,2020-04-20T18:39:00+02:00,1695.320,1695.340,1692.920,1693.500,120
SQ:XAUUSD,2020-04-20T18:40:00+02:00,1693.500,1694.330,1692.830,1694.250,113
SQ:XAUUSD,2020-04-20T18:41:00+02:00,1694.310,1694.330,1692.910,1694.140,74
SQ:XAUUSD,2020-04-20T18:42:00+02:00,1694.090,1694.520,1693.070,1693.580,90
SQ:XAUUSD,2020-04-20T18:43:00+02:00,1694.450,1694.750,1693.270,1694.420,121
SQ:XAUUSD,2020-04-20T18:44:00+02:00,1694.520,1694.630,1692.720,1694.580,95
SQ:XAUUSD,2020-04-20T18:45:00+02:00,1694.580,1695.410,1693.640,1695.370,149
SQ:XAUUSD,2020-04-20T18:46:00+02:00,1695.370,1695.650,1694.630,1695.150,101
SQ:XAUUSD,2020-04-20T18:47:00+02:00,1695.050,1695.190,1693.730,1693.730,95
SQ:XAUUSD,2020-04-20T18:48:00+02:00,1693.780,1695.010,1692.862,1694.900,177
SQ:XAUUSD,2020-04-20T18:49:00+02:00,1694.900,1695.390,1694.520,1695.210,85
SQ:XAUUSD,2020-04-20T18:50:00+02:00,1695.260,1695.260,1694.140,1694.170,68
SQ:XAUUSD,2020-04-20T18:51:00+02:00,1694.170,1694.400,1693.420,1693.770,64
SQ:XAUUSD,2020-04-20T18:52:00+02:00,1693.770,1694.180,1692.970,1693.830,118
SQ:XAUUSD,2020-04-20T18:53:00+02:00,1693.860,1694.740,1693.750,1694.100,104
SQ:XAUUSD,2020-04-20T18:54:00+02:00,1694.170,1695.400,1693.720,1694.740,148
SQ:XAUUSD,2020-04-20T18:55:00+02:00,1694.740,1695.260,1693.010,1693.010,152
SQ:XAUUSD,2020-04-20T18:56:00+02:00,1693.090,1693.610,1692.720,1692.940,91
SQ:XAUUSD,2020-04-20T18:57:00+02:00,1692.940,1694.390,1692.860,1693.980,198
SQ:XAUUSD,2020-04-20T18:58:00+02:00,1694.200,1694.850,1693.670,1694.100,223
SQ:XAUUSD,2020-04-20T18:59:00+02:00,1694.250,1694.810,1693.670,1693.750,159
SQ:XAUUSD,2020-04-20T19:00:00+02:00,1693.840,1694.430,1693.030,1694.100,148
SQ:XAUUSD,2020-04-20T19:01:00+02:00,1694.190,1695.130,1693.620,1694.240,197
SQ:XAUUSD,2020-04-20T19:02:00+02:00,1694.070,1694.820,1693.680,1694.340,207
SQ:XAUUSD,2020-04-20T19:03:00+02:00,1694.160,1694.750,1693.520,1694.190,195
SQ:XAUUSD,2020-04-20T19:04:00+02:00,1694.100,1695.320,1693.900,1695.140,195
SQ:XAUUSD,2020-04-20T19:05:00+02:00,1695.140,1695.680,1694.140,1694.570,182
SQ:XAUUSD,2020-04-20T19:06:00+02:00,1694.570,1694.710,1693.380,1693.800,160
SQ:XAUUSD,2020-04-20T19:07:00+02:00,1693.910,1694.080,1693.400,1693.720,137
SQ:XAUUSD,2020-04-20T19:08:00+02:00,1693.670,1693.950,1692.700,1693.620,258
SQ:XAUUSD,2020-04-20T19:09:00+02:00,1693.560,1694.440,1693.410,1694.080,148
SQ:XAUUSD,2020-04-20T19:10:00+02:00,1694.010,1695.330,1693.970,1694.520,125
SQ:XAUUSD,2020-04-20T19:11:00+02:00,1694.290,1694.860,1693.290,1693.290,110
SQ:XAUUSD,2020-04-20T19:12:00+02:00,1693.290,1693.530,1692.910,1693.530,195
SQ:XAUUSD,2020-04-20T19:13:00+02:00,1693.270,1694.220,1692.920,1693.960,200
SQ:XAUUSD,2020-04-20T19:14:00+02:00,1693.890,1694.120,1692.940,1693.370,186
SQ:XAUUSD,2020-04-20T19:15:00+02:00,1693.140,1693.700,1692.460,1692.510,109
SQ:XAUUSD,2020-04-20T19:16:00+02:00,1692.600,1693.850,1692.510,1693.530,143
SQ:XAUUSD,2020-04-20T19:17:00+02:00,1693.640,1694.000,1692.790,1692.910,88
SQ:XAUUSD,2020-04-20T19:18:00+02:00,1692.910,1694.360,1692.910,1693.800,186
SQ:XAUUSD,2020-04-20T19:19:00+02:00,1693.800,1694.640,1693.170,1693.870,189
SQ:XAUUSD,2020-04-20T19:20:00+02:00,1694.010,1694.230,1692.970,1693.930,191
SQ:XAUUSD,2020-04-20T19:21:00+02:00,1693.930,1695.580,1693.890,1695.130,162
SQ:XAUUSD,2020-04-20T19:22:00+02:00,1695.130,1695.170,1694.290,1694.530,108
SQ:XAUUSD,2020-04-20T19:23:00+02:00,1694.530,1697.270,1694.230,1696.480,285
SQ:XAUUSD,2020-04-20T19:24:00+02:00,1696.480,1696.720,1695.640,1696.170,94
SQ:XAUUSD,2020-04-20T19:25:00+02:00,1696.140,1696.340,1695.200,1695.380,232
SQ:XAUUSD,2020-04-20T19:26:00+02:00,1695.200,1695.660,1694.820,1695.070,167
SQ:XAUUSD,2020-04-20T19:27:00+02:00,1695.070,1696.010,1694.850,1695.670,166
SQ:XAUUSD,2020-04-20T19:28:00+02:00,1695.800,1695.820,1694.320,1694.350,208
SQ:XAUUSD,2020-04-20T19:29:00+02:00,1694.730,1694.940,1693.580,1694.790,344
SQ:XAUUSD,2020-04-20T19:30:00+02:00,1694.800,1695.210,1694.030,1694.950,139
SQ:XAUUSD,2020-04-20T19:31:00+02:00,1694.950,1695.710,1694.920,1695.320,104
SQ:XAUUSD,2020-04-20T19:32:00+02:00,1695.290,1695.470,1694.470,1694.650,120
SQ:XAUUSD,2020-04-20T19:33:00+02:00,1694.830,1695.120,1694.190,1695.010,156
SQ:XAUUSD,2020-04-20T19:34:00+02:00,1694.960,1695.880,1694.960,1695.730,142
SQ:XAUUSD,2020-04-20T19:35:00+02:00,1695.520,1695.770,1695.210,1695.540,89
SQ:XAUUSD,2020-04-20T19:36:00+02:00,1695.540,1696.390,1695.350,1696.070,108
SQ:XAUUSD,2020-04-20T19:37:00+02:00,1696.070,1696.070,1695.370,1695.530,132
SQ:XAUUSD,2020-04-20T19:38:00+02:00,1695.450,1695.600,1694.410,1694.640,122
SQ:XAUUSD,2020-04-20T19:39:00+02:00,1694.760,1695.820,1694.600,1695.650,109
SQ:XAUUSD,2020-04-20T19:40:00+02:00,1695.440,1696.040,1695.200,1695.600,181
SQ:XAUUSD,2020-04-20T19:41:00+02:00,1695.470,1695.980,1695.250,1695.710,143
SQ:XAUUSD,2020-04-20T19:42:00+02:00,1695.740,1696.090,1695.460,1695.540,79
SQ:XAUUSD,2020-04-20T19:43:00+02:00,1695.660,1695.710,1695.010,1695.130,30
SQ:XAUUSD,2020-04-20T19:44:00+02:00,1695.130,1695.230,1694.710,1694.880,40
SQ:XAUUSD,2020-04-20T19:45:00+02:00,1694.760,1694.890,1692.920,1693.060,126
SQ:XAUUSD,2020-04-20T19:46:00+02:00,1693.090,1693.250,1691.850,1692.580,209
SQ:XAUUSD,2020-04-20T19:47:00+02:00,1692.520,1692.880,1691.870,1692.260,94
SQ:XAUUSD,2020-04-20T19:48:00+02:00,1692.260,1692.600,1691.380,1692.060,106
SQ:XAUUSD,2020-04-20T19:49:00+02:00,1691.940,1692.750,1691.450,1692.750,119
SQ:XAUUSD,2020-04-20T19:50:00+02:00,1692.680,1694.470,1692.530,1694.180,249
SQ:XAUUSD,2020-04-20T19:51:00+02:00,1694.180,1694.690,1693.800,1694.260,148
SQ:XAUUSD,2020-04-20T19:52:00+02:00,1694.260,1694.390,1692.860,1693.180,182
SQ:XAUUSD,2020-04-20T19:53:00+02:00,1693.250,1694.480,1693.100,1693.350,172
SQ:XAUUSD,2020-04-20T19:54:00+02:00,1693.350,1693.620,1692.380,1693.100,173
SQ:XAUUSD,2020-04-20T19:55:00+02:00,1692.960,1693.140,1691.700,1691.710,174
SQ:XAUUSD,2020-04-20T19:56:00+02:00,1691.710,1692.890,1691.710,1692.110,190
SQ:XAUUSD,2020-04-20T19:57:00+02:00,1692.110,1692.710,1691.470,1691.560,139
SQ:XAUUSD,2020-04-20T19:58:00+02:00,1691.900,1693.360,1691.600,1692.390,221
SQ:XAUUSD,2020-04-20T19:59:00+02:00,1692.390,1692.900,1691.800,1692.170,159
SQ:XAUUSD,2020-04-20T20:00:00+02:00,1692.250,1692.950,1691.410,1692.900,102
SQ:XAUUSD,2020-04-20T20:01:00+02:00,1692.810,1693.430,1691.830,1691.830,166
SQ:XAUUSD,2020-04-20T20:02:00+02:00,1691.880,1693.250,1691.410,1693.090,154
SQ:XAUUSD,2020-04-20T20:03:00+02:00,1693.090,1693.210,1692.760,1693.010,81
SQ:XAUUSD,2020-04-20T20:04:00+02:00,1693.070,1693.140,1692.400,1692.610,95
SQ:XAUUSD,2020-04-20T20:05:00+02:00,1692.640,1692.900,1692.300,1692.790,92
SQ:XAUUSD,2020-04-20T20:06:00+02:00,1692.790,1693.230,1692.540,1693.220,71
SQ:XAUUSD,2020-04-20T20:07:00+02:00,1693.110,1693.520,1692.980,1693.220,91
SQ:XAUUSD,2020-04-20T20:08:00+02:00,1693.200,1693.570,1692.360,1692.780,138
SQ:XAUUSD,2020-04-20T20:09:00+02:00,1692.700,1693.370,1692.260,1692.640,122
SQ:XAUUSD,2020-04-20T20:10:00+02:00,1692.290,1692.710,1692.010,1692.590,96
SQ:XAUUSD,2020-04-20T20:11:00+02:00,1692.680,1692.950,1691.590,1691.890,135
SQ:XAUUSD,2020-04-20T20:12:00+02:00,1691.930,1692.010,1691.560,1691.930,136
SQ:XAUUSD,2020-04-20T20:13:00+02:00,1691.930,1691.960,1691.140,1691.180,111
SQ:XAUUSD,2020-04-20T20:14:00+02:00,1691.270,1691.280,1690.450,1690.830,98
SQ:XAUUSD,2020-04-20T20:15:00+02:00,1690.830,1691.240,1688.180,1688.180,189
SQ:XAUUSD,2020-04-20T20:16:00+02:00,1688.170,1688.580,1685.100,1686.660,299
SQ:XAUUSD,2020-04-20T20:17:00+02:00,1686.660,1688.290,1686.530,1688.170,135
SQ:XAUUSD,2020-04-20T20:18:00+02:00,1688.170,1688.570,1687.920,1688.510,98
SQ:XAUUSD,2020-04-20T20:19:00+02:00,1688.500,1688.520,1686.990,1688.270,192
SQ:XAUUSD,2020-04-20T20:20:00+02:00,1688.290,1689.200,1686.950,1689.180,214
SQ:XAUUSD,2020-04-20T20:21:00+02:00,1689.180,1689.310,1688.810,1688.970,98
SQ:XAUUSD,2020-04-20T20:22:00+02:00,1689.000,1689.130,1687.980,1688.130,90
SQ:XAUUSD,2020-04-20T20:23:00+02:00,1688.080,1689.000,1687.960,1688.460,71
SQ:XAUUSD,2020-04-20T20:24:00+02:00,1688.460,1688.700,1686.740,1687.120,102
SQ:XAUUSD,2020-04-20T20:25:00+02:00,1687.070,1688.230,1686.770,1687.410,67
SQ:XAUUSD,2020-04-20T20:26:00+02:00,1687.410,1688.210,1687.130,1687.830,78
SQ:XAUUSD,2020-04-20T20:27:00+02:00,1687.830,1688.160,1686.840,1686.980,51
SQ:XAUUSD,2020-04-20T20:28:00+02:00,1686.980,1687.460,1685.780,1687.200,205
SQ:XAUUSD,2020-04-20T20:29:00+02:00,1687.200,1687.710,1686.860,1687.070,153
SQ:XAUUSD,2020-04-20T20:30:00+02:00,1687.090,1687.340,1686.330,1686.850,127
SQ:XAUUSD,2020-04-20T20:31:00+02:00,1686.780,1689.070,1686.780,1687.340,256
SQ:XAUUSD,2020-04-20T20:32:00+02:00,1687.340,1687.800,1686.820,1687.630,133
SQ:XAUUSD,2020-04-20T20:33:00+02:00,1687.630,1688.450,1687.500,1687.660,193
SQ:XAUUSD,2020-04-20T20:34:00+02:00,1687.660,1688.400,1687.200,1687.790,146
SQ:XAUUSD,2020-04-20T20:35:00+02:00,1687.790,1688.180,1687.220,1687.970,127
SQ:XAUUSD,2020-04-20T20:36:00+02:00,1687.630,1688.950,1687.080,1688.690,235
SQ:XAUUSD,2020-04-20T20:37:00+02:00,1688.800,1689.960,1688.430,1689.710,191
SQ:XAUUSD,2020-04-20T20:38:00+02:00,1689.790,1691.430,1689.010,1690.790,256
SQ:XAUUSD,2020-04-20T20:39:00+02:00,1690.740,1691.190,1689.880,1691.130,294
SQ:XAUUSD,2020-04-20T20:40:00+02:00,1691.140,1691.140,1689.950,1690.470,167
SQ:XAUUSD,2020-04-20T20:41:00+02:00,1690.470,1690.650,1688.948,1689.150,196
SQ:XAUUSD,2020-04-20T20:42:00+02:00,1689.124,1690.860,1688.830,1690.590,175
SQ:XAUUSD,2020-04-20T20:43:00+02:00,1690.860,1691.530,1690.340,1690.650,184
SQ:XAUUSD,2020-04-20T20:44:00+02:00,1690.650,1692.040,1690.630,1692.000,160
SQ:XAUUSD,2020-04-20T20:45:00+02:00,1692.000,1692.000,1690.000,1690.700,188
SQ:XAUUSD,2020-04-20T20:46:00+02:00,1690.700,1692.270,1690.700,1692.000,167
SQ:XAUUSD,2020-04-20T20:47:00+02:00,1692.000,1692.330,1690.720,1691.700,163
SQ:XAUUSD,2020-04-20T20:48:00+02:00,1691.890,1693.160,1691.450,1692.020,151
SQ:XAUUSD,2020-04-20T20:49:00+02:00,1692.020,1693.400,1691.420,1691.420,192
SQ:XAUUSD,2020-04-20T20:50:00+02:00,1691.420,1691.470,1690.120,1690.380,86
SQ:XAUUSD,2020-04-20T20:51:00+02:00,1690.380,1690.660,1690.170,1690.360,54
SQ:XAUUSD,2020-04-20T20:52:00+02:00,1690.360,1690.810,1690.290,1690.560,50
SQ:XAUUSD,2020-04-20T20:53:00+02:00,1690.560,1690.900,1690.140,1690.370,130
SQ:XAUUSD,2020-04-20T20:54:00+02:00,1690.170,1690.400,1689.740,1690.010,89
SQ:XAUUSD,2020-04-20T20:55:00+02:00,1689.990,1690.500,1689.900,1689.990,114
SQ:XAUUSD,2020-04-20T20:56:00+02:00,1689.990,1690.440,1689.330,1689.410,115
SQ:XAUUSD,2020-04-20T20:57:00+02:00,1689.410,1689.860,1688.110,1688.750,165
SQ:XAUUSD,2020-04-20T20:58:00+02:00,1688.750,1688.750,1687.870,1688.260,109
SQ:XAUUSD,2020-04-20T20:59:00+02:00,1688.260,1689.160,1688.080,1689.020,160
SQ:XAUUSD,2020-04-20T21:00:00+02:00,1688.980,1689.900,1687.950,1688.100,220
SQ:XAUUSD,2020-04-20T21:01:00+02:00,1688.080,1689.720,1687.780,1689.220,247
SQ:XAUUSD,2020-04-20T21:02:00+02:00,1689.220,1690.880,1689.030,1690.330,227
SQ:XAUUSD,2020-04-20T21:03:00+02:00,1690.330,1691.130,1690.060,1690.430,139
SQ:XAUUSD,2020-04-20T21:04:00+02:00,1690.510,1691.540,1690.310,1691.190,146
SQ:XAUUSD,2020-04-20T21:05:00+02:00,1691.070,1691.180,1689.940,1689.960,146
SQ:XAUUSD,2020-04-20T21:06:00+02:00,1690.000,1690.020,1689.250,1689.300,89
SQ:XAUUSD,2020-04-20T21:07:00+02:00,1689.300,1690.180,1689.180,1689.930,54
SQ:XAUUSD,2020-04-20T21:08:00+02:00,1690.050,1690.490,1689.780,1689.970,90
SQ:XAUUSD,2020-04-20T21:09:00+02:00,1689.980,1690.500,1689.870,1690.050,41
SQ:XAUUSD,2020-04-20T21:10:00+02:00,1690.050,1690.200,1689.130,1689.140,60
SQ:XAUUSD,2020-04-20T21:11:00+02:00,1688.980,1690.170,1688.980,1689.620,53
SQ:XAUUSD,2020-04-20T21:12:00+02:00,1689.620,1690.410,1689.590,1690.410,79
SQ:XAUUSD,2020-04-20T21:13:00+02:00,1690.410,1690.410,1690.020,1690.360,66
SQ:XAUUSD,2020-04-20T21:14:00+02:00,1690.360,1690.360,1690.000,1690.040,41
SQ:XAUUSD,2020-04-20T21:15:00+02:00,1690.040,1691.310,1689.920,1691.020,77
SQ:XAUUSD,2020-04-20T21:16:00+02:00,1691.490,1692.330,1690.860,1691.654,188
SQ:XAUUSD,2020-04-20T21:17:00+02:00,1691.810,1692.320,1691.580,1692.280,137
SQ:XAUUSD,2020-04-20T21:18:00+02:00,1692.280,1692.470,1691.560,1692.370,125
SQ:XAUUSD,2020-04-20T21:19:00+02:00,1692.400,1692.450,1691.620,1692.350,112
SQ:XAUUSD,2020-04-20T21:20:00+02:00,1692.390,1692.860,1692.060,1692.830,102
SQ:XAUUSD,2020-04-20T21:21:00+02:00,1692.840,1693.240,1692.180,1693.110,136
SQ:XAUUSD,2020-04-20T21:22:00+02:00,1693.110,1693.570,1692.690,1693.250,232
SQ:XAUUSD,2020-04-20T21:23:00+02:00,1693.188,1693.290,1692.040,1692.460,244
SQ:XAUUSD,2020-04-20T21:24:00+02:00,1692.560,1693.010,1692.160,1692.350,189
SQ:XAUUSD,2020-04-20T21:25:00+02:00,1692.350,1692.570,1691.330,1691.650,235
SQ:XAUUSD,2020-04-20T21:26:00+02:00,1691.470,1692.870,1691.320,1692.090,214
SQ:XAUUSD,2020-04-20T21:27:00+02:00,1692.060,1692.490,1691.790,1692.490,98
SQ:XAUUSD,2020-04-20T21:28:00+02:00,1692.520,1692.730,1691.510,1692.680,145
SQ:XAUUSD,2020-04-20T21:29:00+02:00,1692.510,1693.830,1692.510,1693.420,170
SQ:XAUUSD,2020-04-20T21:30:00+02:00,1693.390,1693.510,1692.460,1692.700,107
SQ:XAUUSD,2020-04-20T21:31:00+02:00,1692.700,1693.290,1692.540,1693.200,145
SQ:XAUUSD,2020-04-20T21:32:00+02:00,1693.200,1693.980,1693.018,1693.690,216
SQ:XAUUSD,2020-04-20T21:33:00+02:00,1693.690,1694.160,1693.540,1694.080,122
SQ:XAUUSD,2020-04-20T21:34:00+02:00,1694.080,1695.540,1693.990,1695.120,177
SQ:XAUUSD,2020-04-20T21:35:00+02:00,1695.120,1696.410,1695.120,1695.840,82
SQ:XAUUSD,2020-04-20T21:36:00+02:00,1695.940,1696.530,1694.440,1694.880,83
SQ:XAUUSD,2020-04-20T21:37:00+02:00,1694.890,1695.710,1694.570,1695.290,45
SQ:XAUUSD,2020-04-20T21:38:00+02:00,1695.280,1695.830,1695.120,1695.710,39
SQ:XAUUSD,2020-04-20T21:39:00+02:00,1695.710,1695.880,1695.090,1695.250,39
SQ:XAUUSD,2020-04-20T21:40:00+02:00,1695.250,1695.930,1695.250,1695.550,37
SQ:XAUUSD,2020-04-20T21:41:00+02:00,1695.550,1696.080,1695.310,1695.370,41
SQ:XAUUSD,2020-04-20T21:42:00+02:00,1695.370,1695.470,1693.970,1694.090,66
SQ:XAUUSD,2020-04-20T21:43:00+02:00,1694.090,1694.460,1694.000,1694.250,69
SQ:XAUUSD,2020-04-20T21:44:00+02:00,1694.250,1695.020,1694.200,1694.290,95
SQ:XAUUSD,2020-04-20T21:45:00+02:00,1694.280,1694.940,1694.140,1694.680,96
SQ:XAUUSD,2020-04-20T21:46:00+02:00,1694.710,1694.970,1694.230,1694.868,171
SQ:XAUUSD,2020-04-20T21:47:00+02:00,1694.820,1695.410,1694.520,1695.040,182
SQ:XAUUSD,2020-04-20T21:48:00+02:00,1694.874,1695.320,1694.120,1694.350,193
SQ:XAUUSD,2020-04-20T21:49:00+02:00,1694.350,1694.598,1693.190,1693.810,159
SQ:XAUUSD,2020-04-20T21:50:00+02:00,1693.500,1694.670,1692.580,1694.430,221
SQ:XAUUSD,2020-04-20T21:51:00+02:00,1694.380,1694.420,1692.780,1692.830,88
SQ:XAUUSD,2020-04-20T21:52:00+02:00,1692.920,1693.310,1692.200,1692.550,177
SQ:XAUUSD,2020-04-20T21:53:00+02:00,1692.550,1694.080,1692.460,1693.670,222
SQ:XAUUSD,2020-04-20T21:54:00+02:00,1693.670,1694.860,1693.670,1694.020,219
SQ:XAUUSD,2020-04-20T21:55:00+02:00,1693.910,1693.960,1693.180,1693.340,96
SQ:XAUUSD,2020-04-20T21:56:00+02:00,1693.340,1694.098,1693.230,1693.810,87
SQ:XAUUSD,2020-04-20T21:57:00+02:00,1693.850,1693.850,1692.610,1692.920,161
SQ:XAUUSD,2020-04-20T21:58:00+02:00,1692.920,1694.460,1692.890,1694.370,199
SQ:XAUUSD,2020-04-20T21:59:00+02:00,1694.370,1695.640,1694.110,1695.350,235
SQ:XAUUSD,2020-04-20T22:00:00+02:00,1695.350,1696.040,1695.030,1695.390,64
SQ:XAUUSD,2020-04-20T22:01:00+02:00,1695.390,1696.110,1695.320,1696.110,31
SQ:XAUUSD,2020-04-20T22:02:00+02:00,1696.110,1696.810,1695.860,1696.810,49
SQ:XAUUSD,2020-04-20T22:03:00+02:00,1696.810,1697.400,1696.650,1697.170,46
SQ:XAUUSD,2020-04-20T22:04:00+02:00,1697.380,1697.380,1696.710,1696.710,34
SQ:XAUUSD,2020-04-20T22:05:00+02:00,1696.710,1696.710,1696.280,1696.690,18
SQ:XAUUSD,2020-04-20T22:06:00+02:00,1696.690,1697.380,1696.690,1697.290,33
SQ:XAUUSD,2020-04-20T22:07:00+02:00,1697.290,1697.320,1696.890,1696.890,25
SQ:XAUUSD,2020-04-20T22:08:00+02:00,1696.890,1697.260,1696.470,1696.470,26
SQ:XAUUSD,2020-04-20T22:09:00+02:00,1696.460,1697.000,1696.350,1697.000,30
SQ:XAUUSD,2020-04-20T22:10:00+02:00,1697.000,1697.630,1697.000,1697.440,30
SQ:XAUUSD,2020-04-20T22:11:00+02:00,1697.490,1697.550,1695.680,1695.680,37
SQ:XAUUSD,2020-04-20T22:12:00+02:00,1695.680,1695.680,1694.800,1695.000,38
SQ:XAUUSD,2020-04-20T22:13:00+02:00,1695.000,1695.260,1694.880,1695.120,24
SQ:XAUUSD,2020-04-20T22:14:00+02:00,1695.070,1695.240,1694.560,1695.230,24
SQ:XAUUSD,2020-04-20T22:15:00+02:00,1695.310,1695.610,1694.980,1695.560,17
SQ:XAUUSD,2020-04-20T22:16:00+02:00,1695.550,1695.580,1695.500,1695.520,6
SQ:XAUUSD,2020-04-20T22:17:00+02:00,1695.520,1696.410,1695.520,1696.410,19
SQ:XAUUSD,2020-04-20T22:18:00+02:00,1696.410,1696.590,1696.370,1696.560,8
SQ:XAUUSD,2020-04-20T22:19:00+02:00,1696.560,1697.250,1696.300,1696.300,40
SQ:XAUUSD,2020-04-20T22:20:00+02:00,1696.360,1697.080,1696.210,1697.060,40
SQ:XAUUSD,2020-04-20T22:21:00+02:00,1697.060,1697.120,1696.390,1696.640,29
SQ:XAUUSD,2020-04-20T22:22:00+02:00,1696.400,1696.720,1696.400,1696.620,14
SQ:XAUUSD,2020-04-20T22:23:00+02:00,1696.620,1696.700,1696.460,1696.580,15
SQ:XAUUSD,2020-04-20T22:24:00+02:00,1696.600,1696.640,1696.120,1696.420,20
SQ:XAUUSD,2020-04-20T22:25:00+02:00,1696.460,1696.550,1696.070,1696.070,23
SQ:XAUUSD,2020-04-20T22:26:00+02:00,1696.060,1696.310,1695.780,1696.030,22
SQ:XAUUSD,2020-04-20T22:27:00+02:00,1696.030,1696.800,1695.780,1696.780,27
SQ:XAUUSD,2020-04-20T22:28:00+02:00,1696.780,1697.080,1695.430,1695.520,33
SQ:XAUUSD,2020-04-20T22:29:00+02:00,1696.300,1696.350,1695.160,1696.170,21
SQ:XAUUSD,2020-04-20T22:30:00+02:00,1696.170,1696.170,1696.010,1696.080,13
SQ:XAUUSD,2020-04-20T22:31:00+02:00,1696.060,1696.060,1694.610,1695.820,24
SQ:XAUUSD,2020-04-20T22:32:00+02:00,1695.720,1695.790,1695.340,1695.360,20
SQ:XAUUSD,2020-04-20T22:33:00+02:00,1695.360,1695.370,1694.760,1694.870,18
SQ:XAUUSD,2020-04-20T22:34:00+02:00,1694.870,1695.530,1694.870,1695.180,25
SQ:XAUUSD,2020-04-20T22:35:00+02:00,1695.180,1695.180,1694.650,1694.902,25
SQ:XAUUSD,2020-04-20T22:36:00+02:00,1694.902,1695.018,1694.770,1694.920,27
SQ:XAUUSD,2020-04-20T22:37:00+02:00,1694.920,1694.990,1694.496,1694.700,6
SQ:XAUUSD,2020-04-20T22:38:00+02:00,1694.700,1694.700,1694.220,1694.560,19
SQ:XAUUSD,2020-04-20T22:39:00+02:00,1694.430,1694.580,1694.430,1694.530,7
SQ:XAUUSD,2020-04-20T22:40:00+02:00,1694.720,1695.260,1694.720,1695.120,13
SQ:XAUUSD,2020-04-20T22:41:00+02:00,1695.120,1695.210,1694.740,1695.130,7
SQ:XAUUSD,2020-04-20T22:42:00+02:00,1695.130,1695.130,1695.080,1695.080,2
SQ:XAUUSD,2020-04-20T22:43:00+02:00,1695.080,1695.800,1695.080,1695.700,29
SQ:XAUUSD,2020-04-20T22:44:00+02:00,1695.790,1696.010,1695.580,1695.680,24
SQ:XAUUSD,2020-04-20T22:45:00+02:00,1695.650,1696.230,1695.350,1695.810,18
SQ:XAUUSD,2020-04-20T22:46:00+02:00,1695.810,1696.790,1695.810,1696.730,16
SQ:XAUUSD,2020-04-20T22:47:00+02:00,1696.830,1696.830,1696.220,1696.590,28
SQ:XAUUSD,2020-04-20T22:48:00+02:00,1696.520,1696.530,1695.770,1695.960,19
SQ:XAUUSD,2020-04-20T22:49:00+02:00,1695.960,1696.580,1695.890,1696.230,33
SQ:XAUUSD,2020-04-20T22:50:00+02:00,1696.230,1696.410,1694.970,1695.430,48
SQ:XAUUSD,2020-04-20T22:51:00+02:00,1695.430,1696.090,1695.300,1696.090,30
SQ:XAUUSD,2020-04-20T22:52:00+02:00,1696.090,1696.090,1695.300,1695.310,8
SQ:XAUUSD,2020-04-20T22:53:00+02:00,1695.310,1695.430,1695.220,1695.310,5
SQ:XAUUSD,2020-04-20T22:54:00+02:00,1695.310,1695.310,1693.510,1693.940,30
SQ:XAUUSD,2020-04-21T00:01:00+02:00,1691.670,1694.810,1691.670,1694.528,41
SQ:XAUUSD,2020-04-21T00:02:00+02:00,1694.528,1694.710,1693.094,1693.910,37
SQ:XAUUSD,2020-04-21T00:03:00+02:00,1693.630,1694.010,1692.994,1693.270,45
SQ:XAUUSD,2020-04-21T00:04:00+02:00,1693.104,1693.770,1692.364,1693.690,33
SQ:XAUUSD,2020-04-21T00:05:00+02:00,1693.690,1693.690,1693.198,1693.590,11
SQ:XAUUSD,2020-04-21T00:06:00+02:00,1693.590,1693.690,1693.304,1693.590,5
SQ:XAUUSD,2020-04-21T00:07:00+02:00,1693.590,1693.760,1693.294,1693.520,13
SQ:XAUUSD,2020-04-21T00:08:00+02:00,1693.520,1693.590,1693.234,1693.590,10
SQ:XAUUSD,2020-04-21T00:09:00+02:00,1693.590,1693.980,1693.444,1693.700,7
SQ:XAUUSD,2020-04-21T00:10:00+02:00,1693.568,1693.590,1693.504,1693.590,3
SQ:XAUUSD,2020-04-21T00:11:00+02:00,1693.640,1693.710,1692.884,1693.060,12
SQ:XAUUSD,2020-04-21T00:12:00+02:00,1693.060,1693.060,1692.764,1692.910,12
SQ:XAUUSD,2020-04-21T00:13:00+02:00,1692.910,1692.910,1692.574,1692.790,11
SQ:XAUUSD,2020-04-21T00:14:00+02:00,1692.790,1693.440,1692.680,1693.320,20
SQ:XAUUSD,2020-04-21T00:15:00+02:00,1693.320,1693.320,1692.880,1693.130,23
SQ:XAUUSD,2020-04-21T00:16:00+02:00,1693.130,1693.170,1692.470,1692.480,18
SQ:XAUUSD,2020-04-21T00:17:00+02:00,1692.500,1692.690,1692.110,1692.170,18
SQ:XAUUSD,2020-04-21T00:18:00+02:00,1692.170,1692.210,1691.900,1691.900,22
SQ:XAUUSD,2020-04-21T00:19:00+02:00,1691.900,1691.920,1691.710,1691.890,14
SQ:XAUUSD,2020-04-21T00:20:00+02:00,1691.890,1691.890,1690.046,1690.540,46
SQ:XAUUSD,2020-04-21T00:21:00+02:00,1690.380,1690.580,1690.130,1690.180,17
SQ:XAUUSD,2020-04-21T00:22:00+02:00,1690.180,1690.920,1690.180,1690.920,32
SQ:XAUUSD,2020-04-21T00:23:00+02:00,1690.960,1691.420,1690.920,1691.380,21
SQ:XAUUSD,2020-04-21T00:24:00+02:00,1691.390,1691.700,1691.390,1691.700,17
SQ:XAUUSD,2020-04-21T00:25:00+02:00,1691.590,1691.590,1691.180,1691.580,17
SQ:XAUUSD,2020-04-21T00:26:00+02:00,1691.580,1691.580,1691.400,1691.580,17
SQ:XAUUSD,2020-04-21T00:27:00+02:00,1691.530,1691.970,1691.530,1691.970,12
SQ:XAUUSD,2020-04-21T00:28:00+02:00,1691.970,1692.130,1691.540,1691.660,17
SQ:XAUUSD,2020-04-21T00:29:00+02:00,1691.680,1691.880,1691.680,1691.880,11
SQ:XAUUSD,2020-04-21T00:30:00+02:00,1691.880,1691.960,1691.640,1691.640,5
SQ:XAUUSD,2020-04-21T00:31:00+02:00,1691.810,1692.760,1691.810,1692.370,36
SQ:XAUUSD,2020-04-21T00:32:00+02:00,1692.320,1692.440,1692.050,1692.330,14
SQ:XAUUSD,2020-04-21T00:33:00+02:00,1692.340,1692.340,1692.130,1692.130,8
SQ:XAUUSD,2020-04-21T00:34:00+02:00,1692.140,1692.320,1692.120,1692.310,9
SQ:XAUUSD,2020-04-21T00:35:00+02:00,1692.470,1692.840,1691.660,1691.680,38
SQ:XAUUSD,2020-04-21T00:36:00+02:00,1691.710,1691.710,1690.970,1691.180,28
SQ:XAUUSD,2020-04-21T00:37:00+02:00,1691.180,1691.220,1690.750,1690.930,36
SQ:XAUUSD,2020-04-21T00:38:00+02:00,1690.930,1691.010,1690.580,1690.780,42
SQ:XAUUSD,2020-04-21T00:39:00+02:00,1690.750,1691.150,1690.720,1690.934,24
SQ:XAUUSD,2020-04-21T00:40:00+02:00,1690.944,1691.190,1690.760,1690.790,24
SQ:XAUUSD,2020-04-21T00:41:00+02:00,1690.790,1691.070,1690.740,1690.790,26
SQ:XAUUSD,2020-04-21T00:42:00+02:00,1690.790,1691.180,1690.760,1690.970,23
SQ:XAUUSD,2020-04-21T00:43:00+02:00,1690.840,1690.970,1690.580,1690.810,14
SQ:XAUUSD,2020-04-21T00:44:00+02:00,1690.880,1691.040,1690.540,1690.540,25
SQ:XAUUSD,2020-04-21T00:45:00+02:00,1690.670,1690.930,1690.510,1690.800,21
SQ:XAUUSD,2020-04-21T00:46:00+02:00,1690.780,1690.980,1690.740,1690.980,31
SQ:XAUUSD,2020-04-21T00:47:00+02:00,1690.980,1691.050,1690.980,1690.980,4
SQ:XAUUSD,2020-04-21T00:48:00+02:00,1691.020,1691.100,1690.980,1691.020,12
SQ:XAUUSD,2020-04-21T00:49:00+02:00,1691.050,1691.210,1691.050,1691.140,10
SQ:XAUUSD,2020-04-21T00:50:00+02:00,1691.140,1691.140,1690.980,1691.020,15
SQ:XAUUSD,2020-04-21T00:51:00+02:00,1691.020,1691.020,1690.400,1690.490,26
SQ:XAUUSD,2020-04-21T00:52:00+02:00,1690.490,1690.860,1690.280,1690.510,42
SQ:XAUUSD,2020-04-21T00:53:00+02:00,1690.510,1690.830,1690.370,1690.370,17
SQ:XAUUSD,2020-04-21T00:54:00+02:00,1690.448,1690.730,1690.370,1690.430,8
SQ:XAUUSD,2020-04-21T00:55:00+02:00,1690.430,1690.910,1690.280,1690.550,24
SQ:XAUUSD,2020-04-21T00:56:00+02:00,1690.550,1691.092,1690.550,1691.092,21
SQ:XAUUSD,2020-04-21T00:57:00+02:00,1691.102,1691.112,1690.638,1690.978,27
SQ:XAUUSD,2020-04-21T00:58:00+02:00,1690.978,1691.222,1690.868,1690.958,29
SQ:XAUUSD,2020-04-21T00:59:00+02:00,1690.972,1691.112,1690.930,1691.028,16
SQ:XAUUSD,2020-04-21T01:00:00+02:00,1691.028,1691.332,1691.010,1691.288,35
SQ:XAUUSD,2020-04-21T01:01:00+02:00,1691.288,1691.472,1690.562,1690.662,44
SQ:XAUUSD,2020-04-21T01:02:00+02:00,1690.662,1691.132,1690.540,1690.732,32
SQ:XAUUSD,2020-04-21T01:03:00+02:00,1690.720,1690.908,1690.720,1690.748,7
SQ:XAUUSD,2020-04-21T01:04:00+02:00,1690.748,1690.822,1690.472,1690.472,11
SQ:XAUUSD,2020-04-21T01:05:00+02:00,1690.472,1690.558,1690.138,1690.278,29
SQ:XAUUSD,2020-04-21T01:06:00+02:00,1690.158,1690.238,1689.110,1689.144,63
SQ:XAUUSD,2020-04-21T01:07:00+02:00,1689.144,1689.678,1689.144,1689.498,39
SQ:XAUUSD,2020-04-21T01:08:00+02:00,1689.498,1689.670,1688.432,1688.742,44
SQ:XAUUSD,2020-04-21T01:09:00+02:00,1688.718,1688.952,1688.528,1688.708,22
SQ:XAUUSD,2020-04-21T01:10:00+02:00,1688.708,1689.072,1688.580,1688.900,41
SQ:XAUUSD,2020-04-21T01:11:00+02:00,1688.900,1689.652,1688.900,1689.478,31
SQ:XAUUSD,2020-04-21T01:12:00+02:00,1689.642,1690.274,1689.458,1689.998,34
SQ:XAUUSD,2020-04-21T01:13:00+02:00,1689.998,1690.158,1689.732,1689.918,26
SQ:XAUUSD,2020-04-21T01:14:00+02:00,1689.918,1690.108,1689.552,1689.552,25
SQ:XAUUSD,2020-04-21T01:15:00+02:00,1689.418,1690.188,1689.410,1690.092,22
SQ:XAUUSD,2020-04-21T01:16:00+02:00,1690.090,1691.120,1690.090,1690.948,42
SQ:XAUUSD,2020-04-21T01:17:00+02:00,1690.948,1691.092,1690.890,1690.902,18
SQ:XAUUSD,2020-04-21T01:18:00+02:00,1690.912,1691.018,1690.690,1690.710,26
SQ:XAUUSD,2020-04-21T01:19:00+02:00,1690.710,1690.732,1690.498,1690.660,14
SQ:XAUUSD,2020-04-21T01:20:00+02:00,1690.660,1690.660,1690.610,1690.610,2
SQ:XAUUSD,2020-04-21T01:21:00+02:00,1690.750,1690.948,1690.738,1690.738,13
SQ:XAUUSD,2020-04-21T01:22:00+02:00,1690.738,1690.862,1690.452,1690.750,21
SQ:XAUUSD,2020-04-21T01:23:00+02:00,1690.750,1690.750,1690.570,1690.570,4
SQ:XAUUSD,2020-04-21T01:24:00+02:00,1690.570,1691.058,1690.570,1691.058,5
SQ:XAUUSD,2020-04-21T01:25:00+02:00,1690.862,1691.052,1690.820,1690.908,5
SQ:XAUUSD,2020-04-21T01:26:00+02:00,1690.908,1690.958,1690.760,1690.930,6
SQ:XAUUSD,2020-04-21T01:27:00+02:00,1690.952,1691.378,1690.948,1691.258,24
SQ:XAUUSD,2020-04-21T01:28:00+02:00,1691.230,1691.368,1691.170,1691.288,16
SQ:XAUUSD,2020-04-21T01:29:00+02:00,1691.288,1691.420,1691.220,1691.220,22
SQ:XAUUSD,2020-04-21T01:30:00+02:00,1691.220,1691.220,1691.000,1691.000,13
SQ:XAUUSD,2020-04-21T01:31:00+02:00,1691.000,1691.080,1690.920,1691.000,9
SQ:XAUUSD,2020-04-21T01:32:00+02:00,1691.000,1691.080,1690.930,1690.930,4
SQ:XAUUSD,2020-04-21T01:33:00+02:00,1690.930,1690.930,1690.660,1690.780,6
SQ:XAUUSD,2020-04-21T01:34:00+02:00,1690.780,1690.780,1690.650,1690.730,5
SQ:XAUUSD,2020-04-21T01:35:00+02:00,1690.730,1690.730,1690.710,1690.710,2
SQ:XAUUSD,2020-04-21T01:36:00+02:00,1690.710,1691.140,1690.710,1691.140,10
SQ:XAUUSD,2020-04-21T01:37:00+02:00,1691.140,1691.210,1691.140,1691.210,4
SQ:XAUUSD,2020-04-21T01:38:00+02:00,1691.210,1691.290,1691.210,1691.290,3
SQ:XAUUSD,2020-04-21T01:39:00+02:00,1691.290,1691.290,1691.090,1691.240,7
SQ:XAUUSD,2020-04-21T01:40:00+02:00,1691.240,1691.400,1691.018,1691.018,19
SQ:XAUUSD,2020-04-21T01:41:00+02:00,1690.890,1690.890,1690.668,1690.770,6
SQ:XAUUSD,2020-04-21T01:42:00+02:00,1690.770,1690.900,1690.352,1690.352,43
SQ:XAUUSD,2020-04-21T01:43:00+02:00,1690.358,1691.350,1690.330,1691.260,30
SQ:XAUUSD,2020-04-21T01:44:00+02:00,1691.260,1691.360,1691.260,1691.270,3
SQ:XAUUSD,2020-04-21T01:45:00+02:00,1691.270,1691.270,1691.050,1691.050,13
SQ:XAUUSD,2020-04-21T01:46:00+02:00,1691.050,1691.110,1690.860,1690.860,7
SQ:XAUUSD,2020-04-21T01:47:00+02:00,1690.860,1690.940,1690.840,1690.840,7
SQ:XAUUSD,2020-04-21T01:48:00+02:00,1690.840,1691.020,1690.660,1691.020,11
SQ:XAUUSD,2020-04-21T01:49:00+02:00,1691.020,1691.180,1690.990,1690.990,3
SQ:XAUUSD,2020-04-21T01:50:00+02:00,1690.990,1690.990,1690.752,1690.880,6
SQ:XAUUSD,2020-04-21T01:51:00+02:00,1690.880,1690.950,1690.720,1690.720,11
SQ:XAUUSD,2020-04-21T01:52:00+02:00,1690.580,1690.920,1690.580,1690.750,9
SQ:XAUUSD,2020-04-21T01:53:00+02:00,1690.750,1690.750,1690.590,1690.750,8
SQ:XAUUSD,2020-04-21T01:54:00+02:00,1690.750,1690.750,1690.498,1690.630,9
SQ:XAUUSD,2020-04-21T01:55:00+02:00,1690.630,1691.110,1690.482,1690.930,7
SQ:XAUUSD,2020-04-21T01:56:00+02:00,1690.930,1690.930,1690.520,1690.682,33
SQ:XAUUSD,2020-04-21T01:57:00+02:00,1690.682,1690.712,1690.658,1690.688,14
SQ:XAUUSD,2020-04-21T01:58:00+02:00,1690.688,1690.698,1690.480,1690.648,20
SQ:XAUUSD,2020-04-21T01:59:00+02:00,1690.648,1690.648,1690.390,1690.478,32
SQ:XAUUSD,2020-04-21T02:00:00+02:00,1690.478,1690.708,1690.190,1690.400,38
SQ:XAUUSD,2020-04-21T02:01:00+02:00,1690.400,1690.738,1690.220,1690.580,31
SQ:XAUUSD,2020-04-21T02:02:00+02:00,1690.580,1690.590,1688.870,1689.510,51
SQ:XAUUSD,2020-04-21T02:03:00+02:00,1689.510,1689.910,1689.040,1689.890,24
SQ:XAUUSD,2020-04-21T02:04:00+02:00,1689.772,1689.850,1688.900,1688.940,32
SQ:XAUUSD,2020-04-21T02:05:00+02:00,1688.940,1689.560,1688.940,1689.070,70
SQ:XAUUSD,2020-04-21T02:06:00+02:00,1689.080,1689.780,1689.060,1689.420,26
SQ:XAUUSD,2020-04-21T02:07:00+02:00,1689.420,1689.470,1689.090,1689.230,12
SQ:XAUUSD,2020-04-21T02:08:00+02:00,1689.020,1689.910,1689.010,1689.430,33
SQ:XAUUSD,2020-04-21T02:09:00+02:00,1689.430,1689.750,1689.280,1689.750,12
SQ:XAUUSD,2020-04-21T02:10:00+02:00,1689.530,1690.040,1689.270,1689.370,21
SQ:XAUUSD,2020-04-21T02:11:00+02:00,1689.450,1690.630,1689.200,1690.178,34
SQ:XAUUSD,2020-04-21T02:12:00+02:00,1690.070,1690.490,1689.240,1689.600,45
SQ:XAUUSD,2020-04-21T02:13:00+02:00,1689.960,1690.630,1689.070,1689.070,43
SQ:XAUUSD,2020-04-21T02:14:00+02:00,1689.140,1689.780,1688.410,1688.830,68
SQ:XAUUSD,2020-04-21T02:15:00+02:00,1688.830,1689.150,1688.480,1688.790,41
SQ:XAUUSD,2020-04-21T02:16:00+02:00,1688.660,1689.330,1688.170,1688.880,78
SQ:XAUUSD,2020-04-21T02:17:00+02:00,1688.880,1688.880,1688.280,1688.430,55
SQ:XAUUSD,2020-04-21T02:18:00+02:00,1688.430,1688.780,1688.338,1688.660,53
SQ:XAUUSD,2020-04-21T02:19:00+02:00,1688.670,1689.090,1688.450,1688.970,46
SQ:XAUUSD,2020-04-21T02:20:00+02:00,1688.970,1688.970,1688.590,1688.820,27
SQ:XAUUSD,2020-04-21T02:21:00+02:00,1688.830,1688.940,1688.210,1688.320,37
SQ:XAUUSD,2020-04-21T02:22:00+02:00,1688.320,1688.570,1688.260,1688.410,27
SQ:XAUUSD,2020-04-21T02:23:00+02:00,1688.460,1688.610,1688.310,1688.480,37
SQ:XAUUSD,2020-04-21T02:24:00+02:00,1688.440,1688.930,1688.440,1688.610,35
SQ:XAUUSD,2020-04-21T02:25:00+02:00,1688.620,1689.010,1688.590,1688.780,31
SQ:XAUUSD,2020-04-21T02:26:00+02:00,1688.780,1688.820,1687.900,1688.330,55
SQ:XAUUSD,2020-04-21T02:27:00+02:00,1688.650,1688.960,1688.160,1688.250,45
SQ:XAUUSD,2020-04-21T02:28:00+02:00,1688.330,1688.980,1688.230,1688.570,30
SQ:XAUUSD,2020-04-21T02:29:00+02:00,1688.570,1688.830,1688.300,1688.390,44
SQ:XAUUSD,2020-04-21T02:30:00+02:00,1688.720,1689.050,1688.420,1688.930,44
SQ:XAUUSD,2020-04-21T02:31:00+02:00,1688.740,1689.090,1688.400,1688.670,25
SQ:XAUUSD,2020-04-21T02:32:00+02:00,1688.690,1688.790,1688.090,1688.090,44
SQ:XAUUSD,2020-04-21T02:33:00+02:00,1688.060,1688.710,1687.990,1688.690,34
SQ:XAUUSD,2020-04-21T02:34:00+02:00,1688.690,1688.800,1688.180,1688.530,40
SQ:XAUUSD,2020-04-21T02:35:00+02:00,1688.050,1688.560,1688.050,1688.410,31
SQ:XAUUSD,2020-04-21T02:36:00+02:00,1688.410,1688.680,1687.820,1688.620,56
SQ:XAUUSD,2020-04-21T02:37:00+02:00,1688.620,1690.340,1688.230,1690.270,60
SQ:XAUUSD,2020-04-21T02:38:00+02:00,1690.270,1690.490,1689.600,1690.130,26
SQ:XAUUSD,2020-04-21T02:39:00+02:00,1690.130,1690.460,1689.160,1690.280,17
SQ:XAUUSD,2020-04-21T02:40:00+02:00,1690.280,1690.280,1689.030,1689.350,28
SQ:XAUUSD,2020-04-21T02:41:00+02:00,1689.350,1690.520,1689.300,1689.720,20
SQ:XAUUSD,2020-04-21T02:42:00+02:00,1689.720,1690.580,1689.480,1689.864,27
SQ:XAUUSD,2020-04-21T02:43:00+02:00,1689.850,1690.660,1689.800,1690.290,22
SQ:XAUUSD,2020-04-21T02:44:00+02:00,1690.290,1690.440,1689.720,1690.230,18
SQ:XAUUSD,2020-04-21T02:45:00+02:00,1690.580,1690.940,1690.070,1690.120,23
SQ:XAUUSD,2020-04-21T02:46:00+02:00,1690.140,1691.340,1690.100,1691.340,30
SQ:XAUUSD,2020-04-21T02:47:00+02:00,1691.340,1691.410,1690.540,1690.630,48
SQ:XAUUSD,2020-04-21T02:48:00+02:00,1690.710,1691.870,1690.460,1690.890,85
SQ:XAUUSD,2020-04-21T02:49:00+02:00,1690.910,1691.050,1690.320,1690.330,31
SQ:XAUUSD,2020-04-21T02:50:00+02:00,1690.330,1690.410,1689.990,1689.990,24
SQ:XAUUSD,2020-04-21T02:51:00+02:00,1689.960,1689.970,1689.590,1689.660,13
SQ:XAUUSD,2020-04-21T02:52:00+02:00,1689.640,1690.300,1689.640,1689.960,31
SQ:XAUUSD,2020-04-21T02:53:00+02:00,1689.960,1690.110,1689.500,1689.510,30
SQ:XAUUSD,2020-04-21T02:54:00+02:00,1689.510,1689.590,1689.350,1689.498,21
SQ:XAUUSD,2020-04-21T02:55:00+02:00,1689.498,1689.710,1689.330,1689.538,33
SQ:XAUUSD,2020-04-21T02:56:00+02:00,1689.542,1689.980,1689.478,1689.920,47
SQ:XAUUSD,2020-04-21T02:57:00+02:00,1689.850,1689.850,1689.300,1689.510,23
SQ:XAUUSD,2020-04-21T02:58:00+02:00,1689.510,1689.760,1689.160,1689.160,26
SQ:XAUUSD,2020-04-21T02:59:00+02:00,1689.230,1689.370,1688.550,1689.360,46
SQ:XAUUSD,2020-04-21T03:00:00+02:00,1689.218,1690.070,1687.930,1688.130,175
SQ:XAUUSD,2020-04-21T03:01:00+02:00,1687.970,1688.390,1687.862,1688.310,91
SQ:XAUUSD,2020-04-21T03:02:00+02:00,1688.370,1688.490,1687.770,1687.890,102
SQ:XAUUSD,2020-04-21T03:03:00+02:00,1687.890,1689.150,1687.590,1688.910,92
SQ:XAUUSD,2020-04-21T03:04:00+02:00,1688.910,1689.830,1688.560,1689.250,70
SQ:XAUUSD,2020-04-21T03:05:00+02:00,1689.230,1689.600,1688.830,1688.870,58
SQ:XAUUSD,2020-04-21T03:06:00+02:00,1688.870,1689.170,1688.530,1688.680,29
SQ:XAUUSD,2020-04-21T03:07:00+02:00,1688.530,1688.940,1688.370,1688.480,32
SQ:XAUUSD,2020-04-21T03:08:00+02:00,1688.480,1688.990,1688.460,1688.870,38
SQ:XAUUSD,2020-04-21T03:09:00+02:00,1688.870,1688.870,1687.900,1688.140,38
SQ:XAUUSD,2020-04-21T03:10:00+02:00,1688.140,1688.270,1687.690,1687.820,63
SQ:XAUUSD,2020-04-21T03:11:00+02:00,1687.860,1688.030,1687.590,1687.810,57
SQ:XAUUSD,2020-04-21T03:12:00+02:00,1687.810,1688.310,1687.720,1688.120,53
SQ:XAUUSD,2020-04-21T03:13:00+02:00,1688.120,1689.190,1688.110,1689.010,41
SQ:XAUUSD,2020-04-21T03:14:00+02:00,1689.010,1689.900,1688.930,1689.530,64
SQ:XAUUSD,2020-04-21T03:15:00+02:00,1689.530,1689.650,1689.220,1689.310,32
SQ:XAUUSD,2020-04-21T03:16:00+02:00,1689.270,1690.220,1689.270,1689.890,28
SQ:XAUUSD,2020-04-21T03:17:00+02:00,1690.150,1690.150,1689.430,1689.620,75
SQ:XAUUSD,2020-04-21T03:18:00+02:00,1689.612,1689.872,1689.510,1689.840,52
SQ:XAUUSD,2020-04-21T03:19:00+02:00,1689.840,1691.100,1689.840,1691.100,69
SQ:XAUUSD,2020-04-21T03:20:00+02:00,1691.130,1691.240,1690.370,1690.560,103
SQ:XAUUSD,2020-04-21T03:21:00+02:00,1690.688,1690.688,1690.130,1690.130,50
SQ:XAUUSD,2020-04-21T03:22:00+02:00,1690.130,1690.710,1690.130,1690.130,24
SQ:XAUUSD,2020-04-21T03:23:00+02:00,1690.130,1690.658,1690.130,1690.160,8
SQ:XAUUSD,2020-04-21T03:24:00+02:00,1690.130,1690.580,1690.130,1690.220,27
SQ:XAUUSD,2020-04-21T03:25:00+02:00,1690.220,1690.220,1690.130,1690.130,16
SQ:XAUUSD,2020-04-21T03:26:00+02:00,1690.130,1690.460,1690.130,1690.330,10
SQ:XAUUSD,2020-04-21T03:27:00+02:00,1690.330,1690.330,1690.330,1690.330,1
SQ:XAUUSD,2020-04-21T03:28:00+02:00,1690.330,1690.330,1689.880,1689.920,4
SQ:XAUUSD,2020-04-21T03:29:00+02:00,1689.920,1690.360,1689.570,1690.180,27
SQ:XAUUSD,2020-04-21T03:30:00+02:00,1690.180,1690.398,1690.180,1690.180,24
SQ:XAUUSD,2020-04-21T03:31:00+02:00,1690.180,1690.410,1690.180,1690.180,5
SQ:XAUUSD,2020-04-21T03:32:00+02:00,1690.180,1690.180,1689.840,1690.160,28
SQ:XAUUSD,2020-04-21T03:33:00+02:00,1690.160,1690.216,1689.680,1689.900,33
SQ:XAUUSD,2020-04-21T03:34:00+02:00,1689.900,1690.070,1689.430,1689.510,17
SQ:XAUUSD,2020-04-21T03:35:00+02:00,1689.720,1689.920,1689.500,1689.610,38
SQ:XAUUSD,2020-04-21T03:36:00+02:00,1689.560,1689.750,1689.540,1689.540,18
SQ:XAUUSD,2020-04-21T03:37:00+02:00,1689.540,1689.570,1688.990,1689.360,101
SQ:XAUUSD,2020-04-21T03:38:00+02:00,1689.270,1689.560,1689.230,1689.390,55
SQ:XAUUSD,2020-04-21T03:39:00+02:00,1689.390,1689.590,1689.240,1689.240,60
SQ:XAUUSD,2020-04-21T03:40:00+02:00,1689.240,1689.430,1688.950,1689.430,63
SQ:XAUUSD,2020-04-21T03:41:00+02:00,1689.430,1689.680,1689.390,1689.660,21
SQ:XAUUSD,2020-04-21T03:42:00+02:00,1689.730,1689.840,1689.540,1689.630,38
SQ:XAUUSD,2020-04-21T03:43:00+02:00,1689.630,1689.840,1689.540,1689.630,24
SQ:XAUUSD,2020-04-21T03:44:00+02:00,1689.630,1690.020,1689.070,1689.590,60
SQ:XAUUSD,2020-04-21T03:45:00+02:00,1689.770,1689.880,1689.470,1689.830,67
SQ:XAUUSD,2020-04-21T03:46:00+02:00,1689.880,1690.750,1689.880,1690.680,64
SQ:XAUUSD,2020-04-21T03:47:00+02:00,1690.710,1690.900,1690.180,1690.470,69
SQ:XAUUSD,2020-04-21T03:48:00+02:00,1690.480,1690.730,1689.920,1690.290,67
SQ:XAUUSD,2020-04-21T03:49:00+02:00,1690.290,1690.840,1690.040,1690.470,62
SQ:XAUUSD,2020-04-21T03:50:00+02:00,1690.470,1690.480,1689.990,1689.990,20
SQ:XAUUSD,2020-04-21T03:51:00+02:00,1689.990,1689.990,1689.930,1689.940,7
SQ:XAUUSD,2020-04-21T03:52:00+02:00,1689.930,1690.660,1689.930,1690.040,40
SQ:XAUUSD,2020-04-21T03:53:00+02:00,1690.040,1690.480,1689.710,1689.750,26
SQ:XAUUSD,2020-04-21T03:54:00+02:00,1689.710,1690.400,1689.710,1689.720,12
SQ:XAUUSD,2020-04-21T03:55:00+02:00,1689.710,1690.100,1689.710,1689.840,13
SQ:XAUUSD,2020-04-21T03:56:00+02:00,1689.820,1689.820,1689.710,1689.710,5
SQ:XAUUSD,2020-04-21T03:57:00+02:00,1689.710,1689.710,1688.916,1689.660,23
SQ:XAUUSD,2020-04-21T03:58:00+02:00,1689.660,1689.660,1689.290,1689.340,31
SQ:XAUUSD,2020-04-21T03:59:00+02:00,1689.350,1689.390,1688.990,1689.110,40
SQ:XAUUSD,2020-04-21T04:00:00+02:00,1689.070,1689.740,1688.878,1689.660,88
SQ:XAUUSD,2020-04-21T04:01:00+02:00,1689.700,1689.740,1688.960,1689.080,83
SQ:XAUUSD,2020-04-21T04:02:00+02:00,1689.310,1689.720,1689.220,1689.640,54
SQ:XAUUSD,2020-04-21T04:03:00+02:00,1689.610,1689.668,1688.110,1688.400,57
SQ:XAUUSD,2020-04-21T04:04:00+02:00,1688.400,1688.510,1688.146,1688.270,42
SQ:XAUUSD,2020-04-21T04:05:00+02:00,1688.380,1688.620,1688.006,1688.430,108
SQ:XAUUSD,2020-04-21T04:06:00+02:00,1688.430,1689.860,1688.176,1689.840,74
SQ:XAUUSD,2020-04-21T04:07:00+02:00,1689.840,1690.430,1689.160,1689.160,73
SQ:XAUUSD,2020-04-21T04:08:00+02:00,1689.160,1689.470,1688.840,1688.950,35
SQ:XAUUSD,2020-04-21T04:09:00+02:00,1688.940,1689.220,1688.770,1689.100,46
SQ:XAUUSD,2020-04-21T04:10:00+02:00,1689.100,1689.990,1689.010,1689.910,41
SQ:XAUUSD,2020-04-21T04:11:00+02:00,1689.910,1690.070,1689.320,1689.410,42
SQ:XAUUSD,2020-04-21T04:12:00+02:00,1689.410,1689.410,1688.180,1688.638,85
SQ:XAUUSD,2020-04-21T04:13:00+02:00,1688.626,1688.678,1686.450,1686.560,96
SQ:XAUUSD,2020-04-21T04:14:00+02:00,1686.560,1687.030,1686.476,1686.670,137
SQ:XAUUSD,2020-04-21T04:15:00+02:00,1686.670,1687.150,1686.100,1687.150,99
SQ:XAUUSD,2020-04-21T04:16:00+02:00,1686.608,1688.030,1686.180,1687.200,121
SQ:XAUUSD,2020-04-21T04:17:00+02:00,1687.200,1688.306,1686.936,1687.320,90
SQ:XAUUSD,2020-04-21T04:18:00+02:00,1687.320,1687.700,1686.900,1687.310,86
SQ:XAUUSD,2020-04-21T04:19:00+02:00,1687.310,1687.460,1686.958,1687.090,48
SQ:XAUUSD,2020-04-21T04:20:00+02:00,1687.090,1687.250,1686.906,1686.986,41
SQ:XAUUSD,2020-04-21T04:21:00+02:00,1686.978,1687.210,1686.640,1687.056,49
SQ:XAUUSD,2020-04-21T04:22:00+02:00,1687.058,1687.630,1686.900,1687.110,61
SQ:XAUUSD,2020-04-21T04:23:00+02:00,1687.110,1687.800,1687.110,1687.740,71
SQ:XAUUSD,2020-04-21T04:24:00+02:00,1687.740,1688.010,1687.590,1687.730,45
SQ:XAUUSD,2020-04-21T04:25:00+02:00,1687.730,1688.370,1687.730,1688.240,39
SQ:XAUUSD,2020-04-21T04:26:00+02:00,1688.240,1688.920,1688.240,1688.880,39
SQ:XAUUSD,2020-04-21T04:27:00+02:00,1688.930,1689.630,1688.880,1689.560,65
SQ:XAUUSD,2020-04-21T04:28:00+02:00,1689.560,1689.680,1689.050,1689.680,43
SQ:XAUUSD,2020-04-21T04:29:00+02:00,1689.630,1690.360,1689.520,1689.590,59
SQ:XAUUSD,2020-04-21T04:30:00+02:00,1689.590,1689.890,1689.190,1689.720,105
SQ:XAUUSD,2020-04-21T04:31:00+02:00,1689.770,1691.160,1688.260,1689.160,177
SQ:XAUUSD,2020-04-21T04:32:00+02:00,1689.160,1689.160,1688.720,1688.940,42
SQ:XAUUSD,2020-04-21T04:33:00+02:00,1688.940,1689.120,1688.420,1688.620,52
SQ:XAUUSD,2020-04-21T04:34:00+02:00,1688.620,1688.700,1687.770,1688.390,59
SQ:XAUUSD,2020-04-21T04:35:00+02:00,1688.410,1688.610,1687.430,1687.720,80
SQ:XAUUSD,2020-04-21T04:36:00+02:00,1687.720,1687.850,1686.800,1687.080,105
SQ:XAUUSD,2020-04-21T04:37:00+02:00,1687.080,1687.696,1686.970,1687.280,112
SQ:XAUUSD,2020-04-21T04:38:00+02:00,1687.280,1688.840,1687.130,1688.300,90
SQ:XAUUSD,2020-04-21T04:39:00+02:00,1688.390,1688.670,1687.780,1688.070,62
SQ:XAUUSD,2020-04-21T04:40:00+02:00,1688.070,1688.480,1687.880,1688.050,48
SQ:XAUUSD,2020-04-21T04:41:00+02:00,1687.870,1688.560,1687.840,1688.440,61
SQ:XAUUSD,2020-04-21T04:42:00+02:00,1688.490,1688.550,1687.990,1688.170,40
SQ:XAUUSD,2020-04-21T04:43:00+02:00,1688.210,1688.300,1687.150,1687.340,62
SQ:XAUUSD,2020-04-21T04:44:00+02:00,1687.340,1688.280,1687.060,1687.630,69
SQ:XAUUSD,2020-04-21T04:45:00+02:00,1687.630,1688.440,1687.430,1688.330,48
SQ:XAUUSD,2020-04-21T04:46:00+02:00,1688.340,1688.380,1687.990,1688.230,39
SQ:XAUUSD,2020-04-21T04:47:00+02:00,1688.200,1688.460,1687.698,1688.320,37
SQ:XAUUSD,2020-04-21T04:48:00+02:00,1688.380,1688.460,1687.890,1687.990,30
SQ:XAUUSD,2020-04-21T04:49:00+02:00,1687.960,1688.620,1687.960,1688.530,47
SQ:XAUUSD,2020-04-21T04:50:00+02:00,1688.530,1688.530,1688.170,1688.340,40
SQ:XAUUSD,2020-04-21T04:51:00+02:00,1688.340,1688.520,1688.180,1688.230,25
SQ:XAUUSD,2020-04-21T04:52:00+02:00,1688.058,1688.100,1687.640,1687.790,38
SQ:XAUUSD,2020-04-21T04:53:00+02:00,1687.790,1688.140,1687.710,1687.990,26
SQ:XAUUSD,2020-04-21T04:54:00+02:00,1687.990,1688.170,1687.700,1688.010,65
SQ:XAUUSD,2020-04-21T04:55:00+02:00,1688.010,1688.630,1688.010,1688.598,22
SQ:XAUUSD,2020-04-21T04:56:00+02:00,1688.590,1688.600,1688.510,1688.590,23
SQ:XAUUSD,2020-04-21T04:57:00+02:00,1688.590,1688.590,1688.110,1688.580,46
SQ:XAUUSD,2020-04-21T04:58:00+02:00,1688.580,1688.590,1688.180,1688.580,40
SQ:XAUUSD,2020-04-21T04:59:00+02:00,1688.580,1688.590,1688.330,1688.590,32
SQ:XAUUSD,2020-04-21T05:00:00+02:00,1688.590,1689.050,1688.590,1688.700,26
SQ:XAUUSD,2020-04-21T05:01:00+02:00,1688.730,1689.090,1688.600,1688.830,38
SQ:XAUUSD,2020-04-21T05:02:00+02:00,1688.820,1688.910,1688.010,1688.010,36
SQ:XAUUSD,2020-04-21T05:03:00+02:00,1688.010,1688.120,1686.970,1687.030,106
SQ:XAUUSD,2020-04-21T05:04:00+02:00,1687.030,1687.330,1686.890,1686.970,101
SQ:XAUUSD,2020-04-21T05:05:00+02:00,1686.980,1688.340,1686.980,1687.840,84
SQ:XAUUSD,2020-04-21T05:06:00+02:00,1687.830,1688.100,1687.630,1687.970,61
SQ:XAUUSD,2020-04-21T05:07:00+02:00,1687.970,1688.430,1687.880,1687.880,36
SQ:XAUUSD,2020-04-21T05:08:00+02:00,1687.890,1688.260,1687.790,1688.170,25
SQ:XAUUSD,2020-04-21T05:09:00+02:00,1688.220,1688.450,1688.200,1688.260,19
SQ:XAUUSD,2020-04-21T05:10:00+02:00,1688.300,1688.350,1687.790,1687.850,19
SQ:XAUUSD,2020-04-21T05:11:00+02:00,1687.890,1687.890,1687.390,1687.580,18
SQ:XAUUSD,2020-04-21T05:12:00+02:00,1687.580,1687.900,1687.570,1687.790,25
SQ:XAUUSD,2020-04-21T05:13:00+02:00,1687.790,1687.810,1687.400,1687.470,14
SQ:XAUUSD,2020-04-21T05:14:00+02:00,1687.690,1687.850,1687.400,1687.848,24
SQ:XAUUSD,2020-04-21T05:15:00+02:00,1687.830,1687.888,1687.450,1687.530,34
SQ:XAUUSD,2020-04-21T05:16:00+02:00,1687.550,1687.690,1687.300,1687.578,48
SQ:XAUUSD,2020-04-21T05:17:00+02:00,1687.558,1687.608,1687.500,1687.500,20
SQ:XAUUSD,2020-04-21T05:18:00+02:00,1687.500,1687.900,1687.500,1687.830,10
SQ:XAUUSD,2020-04-21T05:19:00+02:00,1687.830,1687.830,1687.830,1687.830,1
SQ:XAUUSD,2020-04-21T05:20:00+02:00,1687.830,1687.830,1687.618,1687.830,12
SQ:XAUUSD,2020-04-21T05:21:00+02:00,1687.830,1687.830,1687.790,1687.830,3
SQ:XAUUSD,2020-04-21T05:22:00+02:00,1687.830,1687.960,1687.500,1687.500,28
SQ:XAUUSD,2020-04-21T05:23:00+02:00,1687.500,1687.688,1687.360,1687.430,13
SQ:XAUUSD,2020-04-21T05:24:00+02:00,1687.678,1687.790,1687.430,1687.730,10
SQ:XAUUSD,2020-04-21T05:25:00+02:00,1687.730,1687.790,1687.450,1687.450,19
SQ:XAUUSD,2020-04-21T05:26:00+02:00,1687.450,1687.670,1687.380,1687.590,16
SQ:XAUUSD,2020-04-21T05:27:00+02:00,1687.630,1687.830,1687.630,1687.830,15
SQ:XAUUSD,2020-04-21T05:28:00+02:00,1687.830,1687.840,1687.620,1687.750,13
SQ:XAUUSD,2020-04-21T05:29:00+02:00,1687.750,1687.760,1687.240,1687.640,41
SQ:XAUUSD,2020-04-21T05:30:00+02:00,1687.640,1687.938,1687.440,1687.716,64
SQ:XAUUSD,2020-04-21T05:31:00+02:00,1687.750,1687.808,1687.656,1687.670,38
SQ:XAUUSD,2020-04-21T05:32:00+02:00,1687.700,1687.830,1687.680,1687.794,62
SQ:XAUUSD,2020-04-21T05:33:00+02:00,1687.794,1688.130,1687.720,1687.790,51
SQ:XAUUSD,2020-04-21T05:34:00+02:00,1687.910,1688.180,1687.380,1688.028,36
SQ:XAUUSD,2020-04-21T05:35:00+02:00,1688.036,1688.260,1688.036,1688.250,20
SQ:XAUUSD,2020-04-21T05:36:00+02:00,1688.320,1688.840,1688.060,1688.830,47
SQ:XAUUSD,2020-04-21T05:37:00+02:00,1688.130,1690.410,1688.130,1690.110,93
SQ:XAUUSD,2020-04-21T05:38:00+02:00,1690.110,1690.680,1690.060,1690.420,58
SQ:XAUUSD,2020-04-21T05:39:00+02:00,1690.530,1690.530,1689.860,1690.290,37
SQ:XAUUSD,2020-04-21T05:40:00+02:00,1690.290,1690.290,1688.980,1689.160,41
SQ:XAUUSD,2020-04-21T05:41:00+02:00,1689.160,1689.160,1688.660,1688.930,47
SQ:XAUUSD,2020-04-21T05:42:00+02:00,1688.930,1690.200,1688.860,1689.750,119
SQ:XAUUSD,2020-04-21T05:43:00+02:00,1689.750,1690.490,1688.530,1688.760,109
SQ:XAUUSD,2020-04-21T05:44:00+02:00,1688.720,1689.110,1688.320,1688.320,62
SQ:XAUUSD,2020-04-21T05:45:00+02:00,1688.320,1688.590,1687.660,1688.076,96
SQ:XAUUSD,2020-04-21T05:46:00+02:00,1688.070,1688.210,1687.740,1688.010,49
SQ:XAUUSD,2020-04-21T05:47:00+02:00,1688.010,1688.820,1687.970,1688.450,36
SQ:XAUUSD,2020-04-21T05:48:00+02:00,1688.450,1688.450,1688.038,1688.048,30
SQ:XAUUSD,2020-04-21T05:49:00+02:00,1688.046,1688.880,1688.020,1688.280,55
SQ:XAUUSD,2020-04-21T05:50:00+02:00,1688.280,1688.620,1688.050,1688.170,34
SQ:XAUUSD,2020-04-21T05:51:00+02:00,1688.170,1689.680,1687.958,1689.578,77
SQ:XAUUSD,2020-04-21T05:52:00+02:00,1689.550,1690.170,1689.450,1689.600,46
SQ:XAUUSD,2020-04-21T05:53:00+02:00,1689.600,1689.670,1689.410,1689.540,14
SQ:XAUUSD,2020-04-21T05:54:00+02:00,1689.500,1689.540,1688.548,1689.380,17
SQ:XAUUSD,2020-04-21T05:55:00+02:00,1689.380,1689.380,1688.250,1689.270,13
SQ:XAUUSD,2020-04-21T05:56:00+02:00,1689.270,1689.350,1688.980,1689.020,13
SQ:XAUUSD,2020-04-21T05:57:00+02:00,1689.020,1689.030,1688.760,1689.030,31
SQ:XAUUSD,2020-04-21T05:58:00+02:00,1689.030,1689.030,1688.330,1688.510,26
SQ:XAUUSD,2020-04-21T05:59:00+02:00,1688.500,1688.670,1688.280,1688.460,15
SQ:XAUUSD,2020-04-21T06:00:00+02:00,1688.460,1688.690,1688.290,1688.490,20
SQ:XAUUSD,2020-04-21T06:01:00+02:00,1688.490,1688.700,1688.320,1688.510,16
SQ:XAUUSD,2020-04-21T06:02:00+02:00,1688.510,1688.850,1688.380,1688.790,20
SQ:XAUUSD,2020-04-21T06:03:00+02:00,1688.790,1689.230,1688.610,1688.960,43
SQ:XAUUSD,2020-04-21T06:04:00+02:00,1688.960,1689.340,1688.790,1688.860,27
SQ:XAUUSD,2020-04-21T06:05:00+02:00,1688.870,1688.980,1688.810,1688.920,16
SQ:XAUUSD,2020-04-21T06:06:00+02:00,1688.920,1689.000,1688.340,1688.490,29
SQ:XAUUSD,2020-04-21T06:07:00+02:00,1688.490,1688.960,1688.490,1688.750,9
SQ:XAUUSD,2020-04-21T06:08:00+02:00,1688.760,1689.170,1688.750,1689.170,18
SQ:XAUUSD,2020-04-21T06:09:00+02:00,1689.130,1689.160,1688.740,1688.870,24
SQ:XAUUSD,2020-04-21T06:10:00+02:00,1688.870,1689.090,1688.780,1689.090,9
SQ:XAUUSD,2020-04-21T06:11:00+02:00,1689.100,1689.240,1688.530,1688.530,20
SQ:XAUUSD,2020-04-21T06:12:00+02:00,1688.750,1689.030,1688.450,1688.870,19
SQ:XAUUSD,2020-04-21T06:13:00+02:00,1688.870,1688.880,1688.450,1688.490,41
SQ:XAUUSD,2020-04-21T06:14:00+02:00,1688.400,1688.610,1688.170,1688.500,20
SQ:XAUUSD,2020-04-21T06:15:00+02:00,1688.500,1688.510,1688.500,1688.500,3
SQ:XAUUSD,2020-04-21T06:16:00+02:00,1688.500,1688.570,1687.620,1688.150,30
SQ:XAUUSD,2020-04-21T06:17:00+02:00,1688.150,1688.350,1687.580,1688.270,13
SQ:XAUUSD,2020-04-21T06:18:00+02:00,1688.270,1688.750,1687.630,1688.100,22
SQ:XAUUSD,2020-04-21T06:19:00+02:00,1688.060,1688.630,1688.060,1688.530,15
SQ:XAUUSD,2020-04-21T06:20:00+02:00,1688.530,1688.600,1687.640,1688.090,29
SQ:XAUUSD,2020-04-21T06:21:00+02:00,1688.090,1689.010,1688.060,1688.330,27
SQ:XAUUSD,2020-04-21T06:22:00+02:00,1688.330,1688.630,1688.240,1688.280,37
SQ:XAUUSD,2020-04-21T06:23:00+02:00,1688.280,1688.550,1688.280,1688.530,16
SQ:XAUUSD,2020-04-21T06:24:00+02:00,1688.500,1688.580,1688.450,1688.510,17
SQ:XAUUSD,2020-04-21T06:25:00+02:00,1688.510,1688.510,1688.110,1688.240,15
SQ:XAUUSD,2020-04-21T06:26:00+02:00,1688.240,1688.270,1688.010,1688.220,17
SQ:XAUUSD,2020-04-21T06:27:00+02:00,1688.230,1688.420,1688.220,1688.420,18
SQ:XAUUSD,2020-04-21T06:28:00+02:00,1688.420,1688.460,1688.140,1688.340,17
SQ:XAUUSD,2020-04-21T06:29:00+02:00,1688.340,1688.340,1687.720,1687.940,43
SQ:XAUUSD,2020-04-21T06:30:00+02:00,1687.940,1688.040,1687.580,1687.730,33
SQ:XAUUSD,2020-04-21T06:31:00+02:00,1687.730,1687.780,1687.420,1687.530,67
SQ:XAUUSD,2020-04-21T06:32:00+02:00,1687.530,1687.790,1687.240,1687.530,71
SQ:XAUUSD,2020-04-21T06:33:00+02:00,1687.530,1687.790,1687.470,1687.790,34
SQ:XAUUSD,2020-04-21T06:34:00+02:00,1687.790,1687.790,1687.790,1687.790,1
SQ:XAUUSD,2020-04-21T06:35:00+02:00,1687.790,1687.790,1687.290,1687.580,27
SQ:XAUUSD,2020-04-21T06:36:00+02:00,1687.580,1687.860,1687.520,1687.696,22
SQ:XAUUSD,2020-04-21T06:37:00+02:00,1687.686,1687.698,1687.646,1687.698,23
SQ:XAUUSD,2020-04-21T06:38:00+02:00,1687.696,1687.738,1687.060,1687.678,30
SQ:XAUUSD,2020-04-21T06:39:00+02:00,1687.708,1687.718,1687.290,1687.410,36
SQ:XAUUSD,2020-04-21T06:40:00+02:00,1687.410,1687.530,1687.290,1687.370,24
SQ:XAUUSD,2020-04-21T06:41:00+02:00,1687.370,1687.370,1687.070,1687.150,7
SQ:XAUUSD,2020-04-21T06:42:00+02:00,1687.150,1687.290,1687.150,1687.260,10
SQ:XAUUSD,2020-04-21T06:43:00+02:00,1687.260,1687.260,1686.680,1686.960,23
SQ:XAUUSD,2020-04-21T06:44:00+02:00,1686.960,1687.250,1686.960,1687.240,20
SQ:XAUUSD,2020-04-21T06:45:00+02:00,1687.240,1687.320,1686.940,1686.940,29
SQ:XAUUSD,2020-04-21T06:46:00+02:00,1686.940,1687.440,1686.940,1687.220,34
SQ:XAUUSD,2020-04-21T06:47:00+02:00,1687.220,1687.250,1687.100,1687.220,13
SQ:XAUUSD,2020-04-21T06:48:00+02:00,1687.230,1687.520,1687.230,1687.450,23
SQ:XAUUSD,2020-04-21T06:49:00+02:00,1687.450,1687.780,1687.450,1687.570,25
SQ:XAUUSD,2020-04-21T06:50:00+02:00,1687.570,1687.650,1687.040,1687.080,21
SQ:XAUUSD,2020-04-21T06:51:00+02:00,1687.080,1687.360,1686.830,1686.830,24
SQ:XAUUSD,2020-04-21T06:52:00+02:00,1686.830,1686.960,1686.410,1686.490,26
SQ:XAUUSD,2020-04-21T06:53:00+02:00,1686.770,1686.770,1686.190,1686.190,18
SQ:XAUUSD,2020-04-21T06:54:00+02:00,1686.190,1686.770,1685.890,1685.930,60
SQ:XAUUSD,2020-04-21T06:55:00+02:00,1686.210,1686.420,1685.820,1686.130,78
SQ:XAUUSD,2020-04-21T06:56:00+02:00,1686.260,1686.620,1685.800,1686.160,66
SQ:XAUUSD,2020-04-21T06:57:00+02:00,1686.130,1686.940,1686.130,1686.510,33
SQ:XAUUSD,2020-04-21T06:58:00+02:00,1686.460,1686.530,1686.310,1686.310,20
SQ:XAUUSD,2020-04-21T06:59:00+02:00,1686.340,1686.520,1686.250,1686.420,18
SQ:XAUUSD,2020-04-21T07:00:00+02:00,1686.380,1686.860,1686.140,1686.470,33
SQ:XAUUSD,2020-04-21T07:01:00+02:00,1686.490,1686.770,1686.470,1686.620,26
SQ:XAUUSD,2020-04-21T07:02:00+02:00,1686.620,1686.850,1686.520,1686.710,23
SQ:XAUUSD,2020-04-21T07:03:00+02:00,1686.710,1686.740,1686.230,1686.470,31
SQ:XAUUSD,2020-04-21T07:04:00+02:00,1686.470,1686.920,1686.470,1686.690,34
SQ:XAUUSD,2020-04-21T07:05:00+02:00,1686.710,1686.710,1685.538,1685.978,67
SQ:XAUUSD,2020-04-21T07:06:00+02:00,1685.700,1686.286,1685.550,1685.836,88
SQ:XAUUSD,2020-04-21T07:07:00+02:00,1685.838,1686.780,1685.640,1686.720,93
SQ:XAUUSD,2020-04-21T07:08:00+02:00,1686.780,1686.780,1686.050,1686.610,37
SQ:XAUUSD,2020-04-21T07:09:00+02:00,1686.600,1686.750,1686.320,1686.320,23
SQ:XAUUSD,2020-04-21T07:10:00+02:00,1686.320,1686.320,1686.050,1686.170,29
SQ:XAUUSD,2020-04-21T07:11:00+02:00,1686.170,1686.938,1686.030,1686.140,42
SQ:XAUUSD,2020-04-21T07:12:00+02:00,1686.140,1686.890,1686.090,1686.270,41
SQ:XAUUSD,2020-04-21T07:13:00+02:00,1686.280,1686.550,1686.090,1686.280,33
SQ:XAUUSD,2020-04-21T07:14:00+02:00,1686.280,1686.650,1686.110,1686.300,23
SQ:XAUUSD,2020-04-21T07:15:00+02:00,1686.270,1686.990,1686.260,1686.990,20
SQ:XAUUSD,2020-04-21T07:16:00+02:00,1686.990,1687.230,1686.560,1686.900,45
SQ:XAUUSD,2020-04-21T07:17:00+02:00,1686.900,1687.600,1686.880,1687.600,55
SQ:XAUUSD,2020-04-21T07:18:00+02:00,1687.810,1688.350,1687.350,1687.880,78
SQ:XAUUSD,2020-04-21T07:19:00+02:00,1687.880,1689.140,1687.880,1688.570,83
SQ:XAUUSD,2020-04-21T07:20:00+02:00,1688.570,1689.150,1688.540,1688.920,46
SQ:XAUUSD,2020-04-21T07:21:00+02:00,1688.870,1691.110,1688.140,1690.430,115
SQ:XAUUSD,2020-04-21T07:22:00+02:00,1690.420,1691.640,1689.760,1690.136,112
SQ:XAUUSD,2020-04-21T07:23:00+02:00,1690.130,1691.610,1690.070,1690.780,85
SQ:XAUUSD,2020-04-21T07:24:00+02:00,1690.780,1691.228,1690.360,1690.470,71
SQ:XAUUSD,2020-04-21T07:25:00+02:00,1690.480,1690.820,1690.210,1690.240,49
SQ:XAUUSD,2020-04-21T07:26:00+02:00,1690.240,1691.780,1689.830,1690.880,104
SQ:XAUUSD,2020-04-21T07:27:00+02:00,1690.880,1691.900,1688.686,1689.380,106
SQ:XAUUSD,2020-04-21T07:28:00+02:00,1689.380,1689.698,1688.590,1689.360,69
SQ:XAUUSD,2020-04-21T07:29:00+02:00,1689.250,1689.650,1688.890,1688.970,39
SQ:XAUUSD,2020-04-21T07:30:00+02:00,1688.970,1690.170,1688.970,1689.888,66
SQ:XAUUSD,2020-04-21T07:31:00+02:00,1689.886,1690.790,1689.886,1690.240,75
SQ:XAUUSD,2020-04-21T07:32:00+02:00,1690.110,1690.750,1689.338,1689.650,68
SQ:XAUUSD,2020-04-21T07:33:00+02:00,1689.780,1690.298,1689.780,1689.960,36
SQ:XAUUSD,2020-04-21T07:34:00+02:00,1689.960,1690.870,1689.960,1690.340,42
SQ:XAUUSD,2020-04-21T07:35:00+02:00,1690.340,1690.960,1690.180,1690.630,43
SQ:XAUUSD,2020-04-21T07:36:00+02:00,1690.630,1690.790,1690.220,1690.630,28
SQ:XAUUSD,2020-04-21T07:37:00+02:00,1690.630,1691.190,1690.600,1691.190,40
SQ:XAUUSD,2020-04-21T07:38:00+02:00,1691.190,1691.230,1690.710,1690.710,26
SQ:XAUUSD,2020-04-21T07:39:00+02:00,1690.690,1691.890,1690.620,1691.750,61
SQ:XAUUSD,2020-04-21T07:40:00+02:00,1691.750,1691.760,1690.700,1690.880,56
SQ:XAUUSD,2020-04-21T07:41:00+02:00,1690.880,1690.920,1690.220,1690.220,39
SQ:XAUUSD,2020-04-21T07:42:00+02:00,1690.440,1690.580,1690.130,1690.260,34
SQ:XAUUSD,2020-04-21T07:43:00+02:00,1690.340,1690.590,1690.060,1690.250,34
SQ:XAUUSD,2020-04-21T07:44:00+02:00,1690.370,1690.420,1690.350,1690.350,5
SQ:XAUUSD,2020-04-21T07:45:00+02:00,1690.350,1690.600,1690.350,1690.430,47
SQ:XAUUSD,2020-04-21T07:46:00+02:00,1690.520,1690.520,1690.140,1690.160,45
SQ:XAUUSD,2020-04-21T07:47:00+02:00,1690.310,1690.420,1690.030,1690.060,52
SQ:XAUUSD,2020-04-21T07:48:00+02:00,1690.060,1690.180,1688.780,1688.890,54
SQ:XAUUSD,2020-04-21T07:49:00+02:00,1688.890,1689.030,1688.150,1688.200,64
SQ:XAUUSD,2020-04-21T07:50:00+02:00,1688.170,1688.330,1687.770,1687.830,48
SQ:XAUUSD,2020-04-21T07:51:00+02:00,1687.840,1688.750,1687.840,1688.610,41
SQ:XAUUSD,2020-04-21T07:52:00+02:00,1688.710,1689.520,1688.690,1689.010,64
SQ:XAUUSD,2020-04-21T07:53:00+02:00,1689.030,1689.040,1687.998,1688.068,30
SQ:XAUUSD,2020-04-21T07:54:00+02:00,1688.058,1688.960,1687.900,1688.220,91
SQ:XAUUSD,2020-04-21T07:55:00+02:00,1688.220,1688.220,1688.190,1688.190,2
SQ:XAUUSD,2020-04-21T07:56:00+02:00,1688.190,1688.770,1688.190,1688.460,37
SQ:XAUUSD,2020-04-21T07:57:00+02:00,1688.460,1689.490,1688.330,1689.490,44
SQ:XAUUSD,2020-04-21T07:58:00+02:00,1689.558,1689.960,1688.890,1689.090,42
SQ:XAUUSD,2020-04-21T07:59:00+02:00,1689.090,1689.720,1688.410,1688.708,60
SQ:XAUUSD,2020-04-21T08:00:00+02:00,1688.700,1689.770,1688.700,1689.220,94
SQ:XAUUSD,2020-04-21T08:01:00+02:00,1689.220,1689.810,1688.950,1689.710,60
SQ:XAUUSD,2020-04-21T08:02:00+02:00,1689.710,1690.870,1689.700,1690.720,95
SQ:XAUUSD,2020-04-21T08:03:00+02:00,1690.720,1690.730,1690.060,1690.130,53
SQ:XAUUSD,2020-04-21T08:04:00+02:00,1690.120,1691.190,1690.120,1691.190,39
SQ:XAUUSD,2020-04-21T08:05:00+02:00,1691.190,1691.190,1690.170,1690.270,39
SQ:XAUUSD,2020-04-21T08:06:00+02:00,1690.230,1690.270,1689.790,1689.910,28
SQ:XAUUSD,2020-04-21T08:07:00+02:00,1689.910,1690.000,1689.050,1689.310,33
SQ:XAUUSD,2020-04-21T08:08:00+02:00,1689.310,1689.500,1689.310,1689.460,10
SQ:XAUUSD,2020-04-21T08:09:00+02:00,1689.460,1689.520,1689.230,1689.250,21
SQ:XAUUSD,2020-04-21T08:10:00+02:00,1689.250,1689.860,1688.990,1689.650,45
SQ:XAUUSD,2020-04-21T08:11:00+02:00,1689.650,1690.070,1689.290,1689.310,41
SQ:XAUUSD,2020-04-21T08:12:00+02:00,1689.410,1690.180,1689.400,1690.180,29
SQ:XAUUSD,2020-04-21T08:13:00+02:00,1690.180,1690.420,1689.480,1689.640,49
SQ:XAUUSD,2020-04-21T08:14:00+02:00,1689.640,1689.750,1689.250,1689.420,49
SQ:XAUUSD,2020-04-21T08:15:00+02:00,1689.420,1690.258,1689.290,1689.570,63
SQ:XAUUSD,2020-04-21T08:16:00+02:00,1689.370,1690.130,1689.150,1689.590,47
SQ:XAUUSD,2020-04-21T08:17:00+02:00,1689.590,1691.410,1689.590,1689.710,61
SQ:XAUUSD,2020-04-21T08:18:00+02:00,1689.740,1692.090,1689.740,1690.540,135
SQ:XAUUSD,2020-04-21T08:19:00+02:00,1690.540,1691.290,1690.470,1690.800,117
SQ:XAUUSD,2020-04-21T08:20:00+02:00,1690.800,1690.860,1690.030,1690.290,104
SQ:XAUUSD,2020-04-21T08:21:00+02:00,1690.120,1691.190,1689.850,1690.000,112
SQ:XAUUSD,2020-04-21T08:22:00+02:00,1689.980,1690.940,1689.970,1690.768,70
SQ:XAUUSD,2020-04-21T08:23:00+02:00,1690.758,1691.468,1690.340,1690.610,120
SQ:XAUUSD,2020-04-21T08:24:00+02:00,1690.610,1693.670,1690.560,1691.460,281
SQ:XAUUSD,2020-04-21T08:25:00+02:00,1691.360,1692.870,1691.050,1692.620,153
SQ:XAUUSD,2020-04-21T08:26:00+02:00,1692.620,1692.768,1690.790,1691.630,259
SQ:XAUUSD,2020-04-21T08:27:00+02:00,1691.570,1692.060,1690.480,1691.040,172
SQ:XAUUSD,2020-04-21T08:28:00+02:00,1691.030,1691.944,1690.450,1691.098,185
SQ:XAUUSD,2020-04-21T08:29:00+02:00,1691.148,1691.168,1690.510,1690.820,81
SQ:XAUUSD,2020-04-21T08:30:00+02:00,1690.830,1691.930,1690.760,1691.800,83
SQ:XAUUSD,2020-04-21T08:31:00+02:00,1691.800,1692.510,1691.800,1692.250,66
SQ:XAUUSD,2020-04-21T08:32:00+02:00,1692.250,1693.750,1691.840,1692.100,124
SQ:XAUUSD,2020-04-21T08:33:00+02:00,1692.100,1692.726,1691.250,1691.994,123
SQ:XAUUSD,2020-04-21T08:34:00+02:00,1691.994,1692.196,1690.940,1691.184,100
SQ:XAUUSD,2020-04-21T08:35:00+02:00,1691.304,1692.314,1690.710,1691.280,154
SQ:XAUUSD,2020-04-21T08:36:00+02:00,1691.280,1692.404,1691.280,1691.640,106
SQ:XAUUSD,2020-04-21T08:37:00+02:00,1691.640,1692.324,1691.220,1691.708,87
SQ:XAUUSD,2020-04-21T08:38:00+02:00,1691.720,1692.146,1690.600,1691.066,117
SQ:XAUUSD,2020-04-21T08:39:00+02:00,1691.004,1691.174,1690.740,1690.980,80
SQ:XAUUSD,2020-04-21T08:40:00+02:00,1690.980,1691.284,1690.820,1691.274,51
SQ:XAUUSD,2020-04-21T08:41:00+02:00,1691.254,1691.482,1690.820,1690.930,124
SQ:XAUUSD,2020-04-21T08:42:00+02:00,1690.930,1691.170,1690.800,1691.170,81
SQ:XAUUSD,2020-04-21T08:43:00+02:00,1691.170,1691.170,1691.000,1691.130,40
SQ:XAUUSD,2020-04-21T08:44:00+02:00,1691.130,1691.210,1690.960,1691.200,55
SQ:XAUUSD,2020-04-21T08:45:00+02:00,1691.220,1691.480,1690.940,1690.940,67
SQ:XAUUSD,2020-04-21T08:46:00+02:00,1690.940,1691.170,1690.770,1690.990,84
SQ:XAUUSD,2020-04-21T08:47:00+02:00,1690.990,1691.790,1690.960,1691.780,45
SQ:XAUUSD,2020-04-21T08:48:00+02:00,1691.740,1692.404,1691.720,1692.310,78
SQ:XAUUSD,2020-04-21T08:49:00+02:00,1692.310,1692.610,1692.110,1692.280,47
SQ:XAUUSD,2020-04-21T08:50:00+02:00,1692.310,1693.020,1692.180,1693.020,56
SQ:XAUUSD,2020-04-21T08:51:00+02:00,1693.020,1693.050,1691.300,1691.450,36
SQ:XAUUSD,2020-04-21T08:52:00+02:00,1691.450,1691.640,1691.230,1691.340,68
SQ:XAUUSD,2020-04-21T08:53:00+02:00,1691.360,1691.470,1691.260,1691.430,35
SQ:XAUUSD,2020-04-21T08:54:00+02:00,1691.430,1691.600,1691.210,1691.310,24
SQ:XAUUSD,2020-04-21T08:55:00+02:00,1691.310,1693.630,1691.260,1692.620,92
SQ:XAUUSD,2020-04-21T08:56:00+02:00,1692.620,1694.610,1692.620,1693.860,191
SQ:XAUUSD,2020-04-21T08:57:00+02:00,1693.820,1694.750,1693.380,1693.880,275
SQ:XAUUSD,2020-04-21T08:58:00+02:00,1693.880,1694.480,1693.100,1693.730,129
SQ:XAUUSD,2020-04-21T08:59:00+02:00,1693.730,1694.480,1693.600,1694.190,89
SQ:XAUUSD,2020-04-21T09:00:00+02:00,1694.030,1696.730,1693.590,1696.590,168
SQ:XAUUSD,2020-04-21T09:01:00+02:00,1696.350,1696.470,1694.210,1694.910,302
SQ:XAUUSD,2020-04-21T09:02:00+02:00,1694.970,1696.230,1694.320,1694.440,251
SQ:XAUUSD,2020-04-21T09:03:00+02:00,1694.440,1696.030,1694.120,1695.780,140
SQ:XAUUSD,2020-04-21T09:04:00+02:00,1695.850,1695.850,1694.540,1694.620,126
SQ:XAUUSD,2020-04-21T09:05:00+02:00,1694.620,1695.320,1693.930,1695.290,191
SQ:XAUUSD,2020-04-21T09:06:00+02:00,1695.290,1696.860,1695.290,1696.810,151
SQ:XAUUSD,2020-04-21T09:07:00+02:00,1696.830,1697.470,1696.690,1696.900,157
SQ:XAUUSD,2020-04-21T09:08:00+02:00,1696.930,1696.940,1696.210,1696.370,91
SQ:XAUUSD,2020-04-21T09:09:00+02:00,1696.360,1696.360,1694.760,1695.180,91
SQ:XAUUSD,2020-04-21T09:10:00+02:00,1695.080,1696.510,1695.080,1696.380,84
SQ:XAUUSD,2020-04-21T09:11:00+02:00,1696.260,1696.260,1695.470,1695.570,57
SQ:XAUUSD,2020-04-21T09:12:00+02:00,1695.570,1695.720,1695.410,1695.570,107
SQ:XAUUSD,2020-04-21T09:13:00+02:00,1695.580,1695.580,1693.840,1694.660,295
SQ:XAUUSD,2020-04-21T09:14:00+02:00,1694.444,1695.820,1694.290,1695.280,126
SQ:XAUUSD,2020-04-21T09:15:00+02:00,1695.276,1696.416,1694.930,1696.416,123
SQ:XAUUSD,2020-04-21T09:16:00+02:00,1696.416,1696.730,1695.820,1695.970,54
SQ:XAUUSD,2020-04-21T09:17:00+02:00,1695.970,1696.080,1695.480,1695.640,127
SQ:XAUUSD,2020-04-21T09:18:00+02:00,1695.700,1695.930,1695.410,1695.410,81
SQ:XAUUSD,2020-04-21T09:19:00+02:00,1695.480,1695.770,1694.750,1694.810,90
SQ:XAUUSD,2020-04-21T09:20:00+02:00,1694.810,1694.960,1693.750,1693.960,169
SQ:XAUUSD,2020-04-21T09:21:00+02:00,1694.010,1694.080,1693.110,1693.520,263
SQ:XAUUSD,2020-04-21T09:22:00+02:00,1693.300,1694.114,1692.910,1693.680,386
SQ:XAUUSD,2020-04-21T09:23:00+02:00,1693.680,1694.930,1693.530,1693.890,74
SQ:XAUUSD,2020-04-21T09:24:00+02:00,1693.890,1694.730,1693.450,1694.490,38
SQ:XAUUSD,2020-04-21T09:25:00+02:00,1694.490,1694.730,1694.020,1694.660,46
SQ:XAUUSD,2020-04-21T09:26:00+02:00,1694.660,1695.546,1694.570,1695.300,82
SQ:XAUUSD,2020-04-21T09:27:00+02:00,1695.300,1695.750,1694.870,1695.344,64
SQ:XAUUSD,2020-04-21T09:28:00+02:00,1695.496,1695.816,1694.988,1695.230,139
SQ:XAUUSD,2020-04-21T09:29:00+02:00,1695.230,1696.046,1695.230,1695.586,137
SQ:XAUUSD,2020-04-21T09:30:00+02:00,1695.370,1696.230,1695.370,1696.150,129
SQ:XAUUSD,2020-04-21T09:31:00+02:00,1696.150,1696.620,1695.530,1695.960,117
SQ:XAUUSD,2020-04-21T09:32:00+02:00,1695.960,1695.970,1694.940,1695.330,59
SQ:XAUUSD,2020-04-21T09:33:00+02:00,1695.330,1695.330,1694.650,1694.820,78
SQ:XAUUSD,2020-04-21T09:34:00+02:00,1694.820,1695.890,1694.380,1695.290,102
SQ:XAUUSD,2020-04-21T09:35:00+02:00,1695.290,1695.360,1695.140,1695.360,25
SQ:XAUUSD,2020-04-21T09:36:00+02:00,1695.360,1695.920,1694.960,1695.290,203
SQ:XAUUSD,2020-04-21T09:37:00+02:00,1695.290,1696.610,1695.130,1695.330,117
SQ:XAUUSD,2020-04-21T09:38:00+02:00,1695.330,1695.590,1695.240,1695.440,58
SQ:XAUUSD,2020-04-21T09:39:00+02:00,1695.440,1695.714,1695.060,1695.360,30
SQ:XAUUSD,2020-04-21T09:40:00+02:00,1695.390,1695.610,1694.060,1694.658,432
SQ:XAUUSD,2020-04-21T09:41:00+02:00,1694.658,1695.124,1693.930,1694.140,433
SQ:XAUUSD,2020-04-21T09:42:00+02:00,1694.050,1694.716,1693.300,1694.096,494
SQ:XAUUSD,2020-04-21T09:43:00+02:00,1694.362,1694.604,1694.010,1694.358,227
SQ:XAUUSD,2020-04-21T09:44:00+02:00,1694.358,1694.576,1694.110,1694.210,239
SQ:XAUUSD,2020-04-21T09:45:00+02:00,1694.210,1694.920,1694.190,1694.620,116
SQ:XAUUSD,2020-04-21T09:46:00+02:00,1694.750,1695.220,1694.540,1694.710,110
SQ:XAUUSD,2020-04-21T09:47:00+02:00,1694.630,1695.980,1694.610,1695.200,87
SQ:XAUUSD,2020-04-21T09:48:00+02:00,1695.200,1695.890,1694.860,1695.510,117
SQ:XAUUSD,2020-04-21T09:49:00+02:00,1695.510,1695.620,1694.930,1695.270,80
SQ:XAUUSD,2020-04-21T09:50:00+02:00,1695.270,1695.600,1694.680,1695.200,85
SQ:XAUUSD,2020-04-21T09:51:00+02:00,1695.200,1696.070,1695.140,1695.870,42
SQ:XAUUSD,2020-04-21T09:52:00+02:00,1695.870,1696.820,1695.480,1696.410,90
SQ:XAUUSD,2020-04-21T09:53:00+02:00,1696.410,1696.460,1695.640,1695.720,74
SQ:XAUUSD,2020-04-21T09:54:00+02:00,1695.720,1695.980,1695.350,1695.540,64
SQ:XAUUSD,2020-04-21T09:55:00+02:00,1695.540,1695.990,1695.310,1695.520,50
SQ:XAUUSD,2020-04-21T09:56:00+02:00,1695.520,1695.550,1695.030,1695.090,59
SQ:XAUUSD,2020-04-21T09:57:00+02:00,1695.090,1695.690,1694.950,1695.480,74
SQ:XAUUSD,2020-04-21T09:58:00+02:00,1695.480,1695.890,1695.110,1695.210,80
SQ:XAUUSD,2020-04-21T09:59:00+02:00,1695.210,1696.180,1695.170,1695.540,88
SQ:XAUUSD,2020-04-21T10:00:00+02:00,1695.510,1695.580,1694.690,1694.780,83
SQ:XAUUSD,2020-04-21T10:01:00+02:00,1694.780,1694.790,1692.750,1693.650,149
SQ:XAUUSD,2020-04-21T10:02:00+02:00,1693.650,1694.090,1692.080,1692.960,243
SQ:XAUUSD,2020-04-21T10:03:00+02:00,1692.960,1693.340,1692.210,1692.780,228
SQ:XAUUSD,2020-04-21T10:04:00+02:00,1692.880,1693.480,1691.970,1692.260,142
SQ:XAUUSD,2020-04-21T10:05:00+02:00,1692.340,1693.230,1692.210,1692.740,119
SQ:XAUUSD,2020-04-21T10:06:00+02:00,1692.700,1693.100,1692.370,1692.660,69
SQ:XAUUSD,2020-04-21T10:07:00+02:00,1692.660,1693.880,1692.630,1693.630,55
SQ:XAUUSD,2020-04-21T10:08:00+02:00,1693.630,1694.140,1693.230,1693.260,60
SQ:XAUUSD,2020-04-21T10:09:00+02:00,1693.260,1694.510,1693.230,1694.380,65
SQ:XAUUSD,2020-04-21T10:10:00+02:00,1694.380,1694.540,1693.920,1694.050,34
SQ:XAUUSD,2020-04-21T10:11:00+02:00,1694.050,1694.190,1692.850,1693.450,65
SQ:XAUUSD,2020-04-21T10:12:00+02:00,1693.450,1693.950,1693.220,1693.820,96
SQ:XAUUSD,2020-04-21T10:13:00+02:00,1693.860,1694.500,1693.570,1694.480,75
SQ:XAUUSD,2020-04-21T10:14:00+02:00,1694.520,1694.980,1693.680,1693.740,99
SQ:XAUUSD,2020-04-21T10:15:00+02:00,1693.740,1693.740,1693.000,1693.000,67
SQ:XAUUSD,2020-04-21T10:16:00+02:00,1692.980,1693.590,1692.780,1693.250,66
SQ:XAUUSD,2020-04-21T10:17:00+02:00,1693.250,1694.030,1693.220,1693.540,55
SQ:XAUUSD,2020-04-21T10:18:00+02:00,1693.620,1693.620,1693.130,1693.350,41
SQ:XAUUSD,2020-04-21T10:19:00+02:00,1693.350,1694.510,1693.150,1694.020,95
SQ:XAUUSD,2020-04-21T10:20:00+02:00,1694.020,1694.680,1693.830,1694.000,109
SQ:XAUUSD,2020-04-21T10:21:00+02:00,1694.020,1695.400,1693.540,1693.540,152
SQ:XAUUSD,2020-04-21T10:22:00+02:00,1693.460,1694.250,1692.270,1692.614,230
SQ:XAUUSD,2020-04-21T10:23:00+02:00,1692.614,1692.980,1692.290,1692.490,153
SQ:XAUUSD,2020-04-21T10:24:00+02:00,1692.490,1692.990,1692.060,1692.090,104
SQ:XAUUSD,2020-04-21T10:25:00+02:00,1692.160,1693.010,1691.920,1693.010,94
SQ:XAUUSD,2020-04-21T10:26:00+02:00,1693.010,1693.450,1692.780,1693.250,89
SQ:XAUUSD,2020-04-21T10:27:00+02:00,1693.210,1693.500,1692.590,1692.860,62
SQ:XAUUSD,2020-04-21T10:28:00+02:00,1692.860,1693.350,1692.860,1692.920,68
SQ:XAUUSD,2020-04-21T10:29:00+02:00,1692.920,1693.350,1692.490,1693.200,84
SQ:XAUUSD,2020-04-21T10:30:00+02:00,1693.320,1693.940,1693.210,1693.290,82
SQ:XAUUSD,2020-04-21T10:31:00+02:00,1693.290,1693.530,1692.960,1693.410,41
SQ:XAUUSD,2020-04-21T10:32:00+02:00,1693.400,1693.910,1692.730,1693.810,48
SQ:XAUUSD,2020-04-21T10:33:00+02:00,1693.810,1693.810,1693.220,1693.340,56
SQ:XAUUSD,2020-04-21T10:34:00+02:00,1693.310,1693.860,1693.310,1693.670,61
SQ:XAUUSD,2020-04-21T10:35:00+02:00,1693.680,1693.980,1693.640,1693.830,57
SQ:XAUUSD,2020-04-21T10:36:00+02:00,1693.830,1693.930,1693.180,1693.230,31
SQ:XAUUSD,2020-04-21T10:37:00+02:00,1693.230,1693.530,1693.080,1693.230,35
SQ:XAUUSD,2020-04-21T10:38:00+02:00,1693.230,1693.280,1692.980,1693.030,38
SQ:XAUUSD,2020-04-21T10:39:00+02:00,1693.080,1693.180,1692.550,1692.570,48
SQ:XAUUSD,2020-04-21T10:40:00+02:00,1692.570,1693.230,1692.550,1693.230,67
SQ:XAUUSD,2020-04-21T10:41:00+02:00,1693.200,1693.380,1692.880,1693.380,41
SQ:XAUUSD,2020-04-21T10:42:00+02:00,1693.280,1693.880,1693.280,1693.880,39
SQ:XAUUSD,2020-04-21T10:43:00+02:00,1693.880,1694.870,1693.640,1694.040,119
SQ:XAUUSD,2020-04-21T10:44:00+02:00,1694.040,1694.650,1694.020,1694.520,68
SQ:XAUUSD,2020-04-21T10:45:00+02:00,1694.520,1694.660,1693.630,1693.630,43
SQ:XAUUSD,2020-04-21T10:46:00+02:00,1693.580,1694.130,1693.580,1693.880,30
SQ:XAUUSD,2020-04-21T10:47:00+02:00,1694.080,1694.590,1694.060,1694.100,113
SQ:XAUUSD,2020-04-21T10:48:00+02:00,1694.080,1694.170,1693.040,1693.480,104
SQ:XAUUSD,2020-04-21T10:49:00+02:00,1693.380,1695.300,1693.380,1694.630,136
SQ:XAUUSD,2020-04-21T10:50:00+02:00,1694.630,1695.980,1694.580,1695.620,107
SQ:XAUUSD,2020-04-21T10:51:00+02:00,1695.620,1695.780,1694.990,1695.180,102
SQ:XAUUSD,2020-04-21T10:52:00+02:00,1695.180,1695.180,1694.590,1694.740,71
SQ:XAUUSD,2020-04-21T10:53:00+02:00,1694.700,1694.950,1694.070,1694.710,49
SQ:XAUUSD,2020-04-21T10:54:00+02:00,1694.730,1694.960,1694.540,1694.700,41
SQ:XAUUSD,2020-04-21T10:55:00+02:00,1694.700,1694.910,1694.110,1694.700,74
SQ:XAUUSD,2020-04-21T10:56:00+02:00,1694.700,1694.700,1693.504,1694.180,67
SQ:XAUUSD,2020-04-21T10:57:00+02:00,1694.150,1694.390,1693.264,1693.510,74
SQ:XAUUSD,2020-04-21T10:58:00+02:00,1693.510,1693.710,1692.600,1692.980,76
SQ:XAUUSD,2020-04-21T10:59:00+02:00,1693.020,1693.270,1692.880,1693.030,61
SQ:XAUUSD,2020-04-21T11:00:00+02:00,1693.020,1693.780,1692.930,1693.280,87
SQ:XAUUSD,2020-04-21T11:01:00+02:00,1693.280,1693.930,1692.300,1692.300,51
SQ:XAUUSD,2020-04-21T11:02:00+02:00,1692.350,1692.510,1691.860,1692.000,62
SQ:XAUUSD,2020-04-21T11:03:00+02:00,1692.000,1692.500,1691.740,1692.100,101
SQ:XAUUSD,2020-04-21T11:04:00+02:00,1692.140,1692.270,1692.030,1692.090,42
SQ:XAUUSD,2020-04-21T11:05:00+02:00,1692.090,1692.220,1691.180,1691.430,97
SQ:XAUUSD,2020-04-21T11:06:00+02:00,1691.430,1691.940,1691.310,1691.920,71
SQ:XAUUSD,2020-04-21T11:07:00+02:00,1691.840,1692.320,1691.600,1692.270,65
SQ:XAUUSD,2020-04-21T11:08:00+02:00,1692.300,1692.770,1692.080,1692.200,63
SQ:XAUUSD,2020-04-21T11:09:00+02:00,1692.200,1692.230,1691.090,1692.230,115
SQ:XAUUSD,2020-04-21T11:10:00+02:00,1692.230,1692.230,1691.500,1691.940,67
SQ:XAUUSD,2020-04-21T11:11:00+02:00,1691.980,1692.190,1691.790,1692.030,45
SQ:XAUUSD,2020-04-21T11:12:00+02:00,1692.030,1692.180,1691.056,1691.880,98
SQ:XAUUSD,2020-04-21T11:13:00+02:00,1691.880,1691.880,1687.850,1688.550,312
SQ:XAUUSD,2020-04-21T11:14:00+02:00,1688.670,1690.820,1688.150,1689.206,230
SQ:XAUUSD,2020-04-21T11:15:00+02:00,1689.138,1689.450,1687.210,1688.780,202
SQ:XAUUSD,2020-04-21T11:16:00+02:00,1689.080,1690.250,1688.380,1688.830,153
SQ:XAUUSD,2020-04-21T11:17:00+02:00,1688.780,1689.130,1687.510,1688.340,194
SQ:XAUUSD,2020-04-21T11:18:00+02:00,1688.340,1688.540,1687.590,1688.330,130
SQ:XAUUSD,2020-04-21T11:19:00+02:00,1688.330,1688.330,1686.810,1687.410,129
SQ:XAUUSD,2020-04-21T11:20:00+02:00,1687.410,1687.840,1686.210,1687.200,144
SQ:XAUUSD,2020-04-21T11:21:00+02:00,1687.230,1687.230,1668.970,1674.520,532
SQ:XAUUSD,2020-04-21T11:22:00+02:00,1673.870,1677.916,1673.190,1674.660,306
SQ:XAUUSD,2020-04-21T11:23:00+02:00,1674.870,1681.090,1674.870,1680.840,249
SQ:XAUUSD,2020-04-21T11:24:00+02:00,1680.670,1681.750,1677.770,1678.374,294
SQ:XAUUSD,2020-04-21T11:25:00+02:00,1678.374,1678.374,1675.880,1676.550,236
SQ:XAUUSD,2020-04-21T11:26:00+02:00,1676.700,1678.720,1676.100,1678.720,190
SQ:XAUUSD,2020-04-21T11:27:00+02:00,1678.840,1680.160,1678.430,1679.150,134
SQ:XAUUSD,2020-04-21T11:28:00+02:00,1679.220,1683.730,1679.140,1683.420,166
SQ:XAUUSD,2020-04-21T11:29:00+02:00,1683.420,1684.240,1681.400,1682.690,147
SQ:XAUUSD,2020-04-21T11:30:00+02:00,1682.620,1682.960,1677.340,1678.820,153
SQ:XAUUSD,2020-04-21T11:31:00+02:00,1678.790,1679.970,1677.700,1678.650,83
SQ:XAUUSD,2020-04-21T11:32:00+02:00,1678.570,1678.620,1676.150,1676.270,58
SQ:XAUUSD,2020-04-21T11:33:00+02:00,1676.270,1676.320,1674.270,1675.400,236
SQ:XAUUSD,2020-04-21T11:34:00+02:00,1675.410,1677.840,1675.130,1677.700,171
SQ:XAUUSD,2020-04-21T11:35:00+02:00,1677.740,1678.450,1675.600,1675.680,166
SQ:XAUUSD,2020-04-21T11:36:00+02:00,1675.680,1675.680,1674.400,1674.970,186
SQ:XAUUSD,2020-04-21T11:37:00+02:00,1674.970,1675.640,1674.180,1675.020,130
SQ:XAUUSD,2020-04-21T11:38:00+02:00,1675.060,1676.290,1674.860,1676.020,121
SQ:XAUUSD,2020-04-21T11:39:00+02:00,1676.020,1677.000,1675.630,1677.000,87
SQ:XAUUSD,2020-04-21T11:40:00+02:00,1676.890,1678.980,1675.340,1678.230,131
SQ:XAUUSD,2020-04-21T11:41:00+02:00,1678.240,1679.220,1677.920,1678.510,80
SQ:XAUUSD,2020-04-21T11:42:00+02:00,1678.550,1679.200,1676.610,1678.540,128
SQ:XAUUSD,2020-04-21T11:43:00+02:00,1678.600,1679.680,1677.510,1677.510,110
SQ:XAUUSD,2020-04-21T11:44:00+02:00,1677.710,1678.230,1676.950,1677.590,55
SQ:XAUUSD,2020-04-21T11:45:00+02:00,1677.540,1678.120,1674.840,1675.410,89
SQ:XAUUSD,2020-04-21T11:46:00+02:00,1675.490,1675.490,1674.270,1674.380,83
SQ:XAUUSD,2020-04-21T11:47:00+02:00,1674.380,1674.760,1672.690,1673.590,129
SQ:XAUUSD,2020-04-21T11:48:00+02:00,1673.520,1676.220,1673.520,1675.140,86
SQ:XAUUSD,2020-04-21T11:49:00+02:00,1675.130,1677.500,1675.130,1677.500,74
SQ:XAUUSD,2020-04-21T11:50:00+02:00,1677.560,1677.560,1675.510,1675.540,68
SQ:XAUUSD,2020-04-21T11:51:00+02:00,1675.540,1676.270,1675.540,1676.000,37
SQ:XAUUSD,2020-04-21T11:52:00+02:00,1676.000,1676.590,1675.700,1676.270,51
SQ:XAUUSD,2020-04-21T11:53:00+02:00,1676.270,1677.890,1676.180,1676.230,69
SQ:XAUUSD,2020-04-21T11:54:00+02:00,1676.190,1676.800,1676.070,1676.800,39
SQ:XAUUSD,2020-04-21T11:55:00+02:00,1676.850,1677.540,1674.640,1675.000,118
SQ:XAUUSD,2020-04-21T11:56:00+02:00,1675.000,1676.080,1674.640,1675.200,67
SQ:XAUUSD,2020-04-21T11:57:00+02:00,1675.200,1676.660,1675.200,1675.790,41
SQ:XAUUSD,2020-04-21T11:58:00+02:00,1675.630,1675.630,1674.740,1674.870,37
SQ:XAUUSD,2020-04-21T11:59:00+02:00,1674.870,1678.370,1674.870,1677.920,79
SQ:XAUUSD,2020-04-21T12:00:00+02:00,1677.920,1680.150,1676.190,1679.960,103
SQ:XAUUSD,2020-04-21T12:01:00+02:00,1679.960,1680.730,1679.300,1679.560,236
SQ:XAUUSD,2020-04-21T12:02:00+02:00,1679.490,1679.690,1678.930,1678.940,137
SQ:XAUUSD,2020-04-21T12:03:00+02:00,1678.940,1678.980,1677.870,1678.970,54
SQ:XAUUSD,2020-04-21T12:04:00+02:00,1678.970,1678.970,1677.840,1677.840,29
SQ:XAUUSD,2020-04-21T12:05:00+02:00,1677.840,1678.210,1675.910,1675.980,132
SQ:XAUUSD,2020-04-21T12:06:00+02:00,1675.980,1677.490,1675.920,1677.010,109
SQ:XAUUSD,2020-04-21T12:07:00+02:00,1677.010,1677.960,1676.440,1677.320,70
SQ:XAUUSD,2020-04-21T12:08:00+02:00,1677.330,1677.990,1676.980,1677.940,63
SQ:XAUUSD,2020-04-21T12:09:00+02:00,1677.860,1679.360,1677.860,1678.650,63
SQ:XAUUSD,2020-04-21T12:10:00+02:00,1678.640,1678.700,1678.410,1678.420,9
SQ:XAUUSD,2020-04-21T12:11:00+02:00,1678.420,1678.690,1678.100,1678.140,33
SQ:XAUUSD,2020-04-21T12:12:00+02:00,1678.110,1679.280,1677.820,1678.020,76
SQ:XAUUSD,2020-04-21T12:13:00+02:00,1678.020,1678.440,1677.590,1677.640,53
SQ:XAUUSD,2020-04-21T12:14:00+02:00,1677.640,1677.830,1675.780,1676.260,62
SQ:XAUUSD,2020-04-21T12:15:00+02:00,1676.230,1676.370,1675.210,1675.950,66
SQ:XAUUSD,2020-04-21T12:16:00+02:00,1675.950,1676.160,1675.410,1675.520,100
SQ:XAUUSD,2020-04-21T12:17:00+02:00,1675.520,1677.340,1675.500,1676.680,132
SQ:XAUUSD,2020-04-21T12:18:00+02:00,1676.680,1677.430,1676.270,1676.270,110
SQ:XAUUSD,2020-04-21T12:19:00+02:00,1676.270,1676.270,1675.460,1675.550,69
SQ:XAUUSD,2020-04-21T12:20:00+02:00,1675.550,1675.600,1673.450,1674.370,108
SQ:XAUUSD,2020-04-21T12:21:00+02:00,1674.410,1675.160,1673.520,1674.700,131
SQ:XAUUSD,2020-04-21T12:22:00+02:00,1674.820,1674.850,1674.440,1674.720,70
SQ:XAUUSD,2020-04-21T12:23:00+02:00,1674.720,1675.840,1674.580,1675.020,50
SQ:XAUUSD,2020-04-21T12:24:00+02:00,1675.020,1675.780,1674.630,1675.380,53
SQ:XAUUSD,2020-04-21T12:25:00+02:00,1675.340,1676.190,1675.060,1676.040,64
SQ:XAUUSD,2020-04-21T12:26:00+02:00,1676.040,1676.100,1675.330,1675.330,55
SQ:XAUUSD,2020-04-21T12:27:00+02:00,1675.330,1675.330,1674.800,1674.820,40
SQ:XAUUSD,2020-04-21T12:28:00+02:00,1674.820,1675.140,1674.750,1675.000,62
SQ:XAUUSD,2020-04-21T12:29:00+02:00,1675.000,1676.180,1675.000,1675.940,29
SQ:XAUUSD,2020-04-21T12:30:00+02:00,1675.940,1677.780,1675.840,1676.280,86
SQ:XAUUSD,2020-04-21T12:31:00+02:00,1676.280,1678.550,1676.170,1678.220,113
SQ:XAUUSD,2020-04-21T12:32:00+02:00,1678.220,1679.160,1677.810,1677.810,89
SQ:XAUUSD,2020-04-21T12:33:00+02:00,1677.900,1678.890,1677.780,1677.880,138
SQ:XAUUSD,2020-04-21T12:34:00+02:00,1677.830,1679.420,1677.020,1679.060,86
SQ:XAUUSD,2020-04-21T12:35:00+02:00,1679.070,1679.220,1677.920,1678.220,70
SQ:XAUUSD,2020-04-21T12:36:00+02:00,1678.250,1680.930,1678.150,1680.370,172
SQ:XAUUSD,2020-04-21T12:37:00+02:00,1680.450,1680.470,1678.180,1678.340,95
SQ:XAUUSD,2020-04-21T12:38:00+02:00,1678.450,1679.370,1678.450,1679.210,39
SQ:XAUUSD,2020-04-21T12:39:00+02:00,1679.190,1679.880,1678.480,1678.870,87
SQ:XAUUSD,2020-04-21T12:40:00+02:00,1678.850,1679.060,1677.730,1677.920,71
SQ:XAUUSD,2020-04-21T12:41:00+02:00,1677.890,1678.840,1677.620,1677.720,50
SQ:XAUUSD,2020-04-21T12:42:00+02:00,1678.030,1679.210,1678.020,1678.980,34
SQ:XAUUSD,2020-04-21T12:43:00+02:00,1678.980,1680.660,1678.980,1680.300,58
SQ:XAUUSD,2020-04-21T12:44:00+02:00,1680.300,1680.520,1680.050,1680.100,36
SQ:XAUUSD,2020-04-21T12:45:00+02:00,1680.100,1680.530,1679.900,1680.240,43
SQ:XAUUSD,2020-04-21T12:46:00+02:00,1680.450,1680.500,1679.530,1679.680,75
SQ:XAUUSD,2020-04-21T12:47:00+02:00,1679.680,1680.360,1679.480,1680.360,37
SQ:XAUUSD,2020-04-21T12:48:00+02:00,1680.350,1680.720,1680.050,1680.290,43
SQ:XAUUSD,2020-04-21T12:49:00+02:00,1680.400,1680.400,1679.620,1679.650,42
SQ:XAUUSD,2020-04-21T12:50:00+02:00,1679.720,1679.750,1678.990,1679.190,33
SQ:XAUUSD,2020-04-21T12:51:00+02:00,1679.180,1680.040,1679.180,1679.750,37
SQ:XAUUSD,2020-04-21T12:52:00+02:00,1679.750,1680.000,1679.460,1679.530,48
SQ:XAUUSD,2020-04-21T12:53:00+02:00,1679.490,1680.500,1679.210,1680.320,32
SQ:XAUUSD,2020-04-21T12:54:00+02:00,1680.550,1682.150,1680.550,1681.610,95
SQ:XAUUSD,2020-04-21T12:55:00+02:00,1681.610,1681.660,1679.790,1680.180,44
SQ:XAUUSD,2020-04-21T12:56:00+02:00,1680.090,1680.190,1676.990,1678.760,129
SQ:XAUUSD,2020-04-21T12:57:00+02:00,1678.320,1679.560,1677.000,1678.420,51
SQ:XAUUSD,2020-04-21T12:58:00+02:00,1678.420,1678.420,1677.760,1678.130,24
SQ:XAUUSD,2020-04-21T12:59:00+02:00,1678.130,1678.710,1678.130,1678.520,17
SQ:XAUUSD,2020-04-21T13:00:00+02:00,1678.520,1678.800,1677.990,1678.340,39
SQ:XAUUSD,2020-04-21T13:01:00+02:00,1678.340,1678.750,1677.340,1677.660,45
SQ:XAUUSD,2020-04-21T13:02:00+02:00,1677.660,1677.730,1676.600,1676.870,33
SQ:XAUUSD,2020-04-21T13:03:00+02:00,1676.870,1677.900,1676.320,1676.450,47
SQ:XAUUSD,2020-04-21T13:04:00+02:00,1676.460,1676.710,1676.000,1676.120,42
SQ:XAUUSD,2020-04-21T13:05:00+02:00,1676.120,1676.570,1675.810,1675.880,36
SQ:XAUUSD,2020-04-21T13:06:00+02:00,1675.880,1676.770,1675.510,1676.050,89
SQ:XAUUSD,2020-04-21T13:07:00+02:00,1675.900,1676.580,1675.480,1675.930,74
SQ:XAUUSD,2020-04-21T13:08:00+02:00,1675.930,1676.330,1674.420,1675.340,106
SQ:XAUUSD,2020-04-21T13:09:00+02:00,1675.340,1675.430,1675.000,1675.340,33
SQ:XAUUSD,2020-04-21T13:10:00+02:00,1675.340,1675.340,1674.420,1674.540,76
SQ:XAUUSD,2020-04-21T13:11:00+02:00,1674.540,1676.000,1674.500,1675.420,90
SQ:XAUUSD,2020-04-21T13:12:00+02:00,1675.290,1675.540,1674.890,1675.530,122
SQ:XAUUSD,2020-04-21T13:13:00+02:00,1675.530,1675.590,1674.910,1675.280,107
SQ:XAUUSD,2020-04-21T13:14:00+02:00,1675.280,1675.580,1674.910,1675.000,129
SQ:XAUUSD,2020-04-21T13:15:00+02:00,1675.000,1675.000,1674.110,1674.130,101
SQ:XAUUSD,2020-04-21T13:16:00+02:00,1674.140,1674.570,1674.040,1674.110,136
SQ:XAUUSD,2020-04-21T13:17:00+02:00,1674.170,1674.210,1665.550,1666.060,395
SQ:XAUUSD,2020-04-21T13:18:00+02:00,1665.960,1665.960,1658.800,1661.920,338
SQ:XAUUSD,2020-04-21T13:19:00+02:00,1661.930,1668.520,1661.930,1667.640,314
SQ:XAUUSD,2020-04-21T13:20:00+02:00,1667.690,1669.160,1665.420,1667.340,285
SQ:XAUUSD,2020-04-21T13:21:00+02:00,1667.300,1673.190,1666.950,1672.860,322
SQ:XAUUSD,2020-04-21T13:22:00+02:00,1672.860,1679.860,1671.150,1676.120,379
SQ:XAUUSD,2020-04-21T13:23:00+02:00,1676.120,1678.830,1676.120,1677.660,224
SQ:XAUUSD,2020-04-21T13:24:00+02:00,1677.660,1677.820,1676.440,1677.510,134
SQ:XAUUSD,2020-04-21T13:25:00+02:00,1677.480,1678.870,1675.060,1675.780,205
SQ:XAUUSD,2020-04-21T13:26:00+02:00,1675.780,1676.070,1673.090,1673.680,248
SQ:XAUUSD,2020-04-21T13:27:00+02:00,1673.760,1674.320,1670.740,1670.950,166
SQ:XAUUSD,2020-04-21T13:28:00+02:00,1671.030,1671.700,1670.660,1670.670,83
SQ:XAUUSD,2020-04-21T13:29:00+02:00,1670.610,1671.350,1669.490,1671.310,123
SQ:XAUUSD,2020-04-21T13:30:00+02:00,1671.280,1671.370,1669.260,1669.590,106
SQ:XAUUSD,2020-04-21T13:31:00+02:00,1669.050,1669.190,1668.130,1668.600,124
SQ:XAUUSD,2020-04-21T13:32:00+02:00,1668.680,1668.680,1667.340,1667.480,113
SQ:XAUUSD,2020-04-21T13:33:00+02:00,1667.480,1668.660,1665.080,1668.660,219
SQ:XAUUSD,2020-04-21T13:34:00+02:00,1668.660,1669.030,1667.320,1667.630,87
SQ:XAUUSD,2020-04-21T13:35:00+02:00,1667.630,1668.910,1667.480,1668.570,98
SQ:XAUUSD,2020-04-21T13:36:00+02:00,1668.570,1670.070,1667.750,1668.500,87
SQ:XAUUSD,2020-04-21T13:37:00+02:00,1668.500,1668.500,1667.130,1667.800,58
SQ:XAUUSD,2020-04-21T13:38:00+02:00,1667.790,1667.790,1664.220,1665.090,275
SQ:XAUUSD,2020-04-21T13:39:00+02:00,1665.090,1665.350,1663.820,1664.920,158
SQ:XAUUSD,2020-04-21T13:40:00+02:00,1664.920,1666.010,1663.310,1663.330,155
SQ:XAUUSD,2020-04-21T13:41:00+02:00,1663.330,1665.290,1662.200,1664.300,363
SQ:XAUUSD,2020-04-21T13:42:00+02:00,1664.300,1665.190,1663.400,1664.400,190
SQ:XAUUSD,2020-04-21T13:43:00+02:00,1664.440,1664.440,1662.570,1663.620,159
SQ:XAUUSD,2020-04-21T13:44:00+02:00,1663.620,1665.030,1663.220,1664.990,207
SQ:XAUUSD,2020-04-21T13:45:00+02:00,1665.030,1667.330,1663.370,1667.330,261
SQ:XAUUSD,2020-04-21T13:46:00+02:00,1667.330,1669.840,1667.330,1668.830,256
SQ:XAUUSD,2020-04-21T13:47:00+02:00,1668.830,1669.110,1667.090,1668.060,89
SQ:XAUUSD,2020-04-21T13:48:00+02:00,1668.060,1668.060,1664.190,1665.480,135
SQ:XAUUSD,2020-04-21T13:49:00+02:00,1665.480,1667.670,1665.370,1667.070,125
SQ:XAUUSD,2020-04-21T13:50:00+02:00,1666.940,1667.690,1666.470,1667.450,104
SQ:XAUUSD,2020-04-21T13:51:00+02:00,1667.450,1667.550,1666.550,1666.900,62
SQ:XAUUSD,2020-04-21T13:52:00+02:00,1666.900,1668.660,1666.080,1667.930,99
SQ:XAUUSD,2020-04-21T13:53:00+02:00,1667.930,1668.640,1667.500,1668.410,70
SQ:XAUUSD,2020-04-21T13:54:00+02:00,1668.410,1669.290,1668.150,1668.760,110
SQ:XAUUSD,2020-04-21T13:55:00+02:00,1668.760,1669.340,1667.610,1667.710,83
SQ:XAUUSD,2020-04-21T13:56:00+02:00,1667.670,1668.030,1666.800,1667.650,82
SQ:XAUUSD,2020-04-21T13:57:00+02:00,1667.650,1667.650,1666.480,1666.790,71
SQ:XAUUSD,2020-04-21T13:58:00+02:00,1666.790,1667.900,1666.560,1667.560,53
SQ:XAUUSD,2020-04-21T13:59:00+02:00,1667.560,1668.410,1666.000,1666.340,92
SQ:XAUUSD,2020-04-21T14:00:00+02:00,1666.400,1670.900,1666.080,1669.640,319
SQ:XAUUSD,2020-04-21T14:01:00+02:00,1669.850,1671.210,1668.690,1670.580,167
SQ:XAUUSD,2020-04-21T14:02:00+02:00,1670.530,1670.650,1669.230,1669.810,124
SQ:XAUUSD,2020-04-21T14:03:00+02:00,1669.810,1669.810,1667.570,1668.000,111
SQ:XAUUSD,2020-04-21T14:04:00+02:00,1667.960,1669.070,1667.800,1668.860,97
SQ:XAUUSD,2020-04-21T14:05:00+02:00,1668.860,1669.320,1667.630,1668.760,102
SQ:XAUUSD,2020-04-21T14:06:00+02:00,1668.760,1669.600,1668.010,1668.010,68
SQ:XAUUSD,2020-04-21T14:07:00+02:00,1668.010,1668.340,1667.010,1667.130,111
SQ:XAUUSD,2020-04-21T14:08:00+02:00,1667.180,1667.420,1665.830,1665.830,96
SQ:XAUUSD,2020-04-21T14:09:00+02:00,1665.910,1667.710,1665.510,1667.470,116
SQ:XAUUSD,2020-04-21T14:10:00+02:00,1667.510,1670.330,1667.460,1669.750,268
SQ:XAUUSD,2020-04-21T14:11:00+02:00,1669.750,1671.080,1669.450,1670.990,193
SQ:XAUUSD,2020-04-21T14:12:00+02:00,1671.060,1671.230,1670.180,1670.690,105
SQ:XAUUSD,2020-04-21T14:13:00+02:00,1670.820,1672.270,1670.660,1672.270,103
SQ:XAUUSD,2020-04-21T14:14:00+02:00,1672.270,1672.610,1671.720,1672.230,148
SQ:XAUUSD,2020-04-21T14:15:00+02:00,1672.260,1672.580,1670.600,1671.820,101
SQ:XAUUSD,2020-04-21T14:16:00+02:00,1671.940,1673.580,1671.490,1673.170,119
SQ:XAUUSD,2020-04-21T14:17:00+02:00,1673.170,1674.600,1673.170,1673.880,161
SQ:XAUUSD,2020-04-21T14:18:00+02:00,1673.880,1674.570,1673.220,1674.250,115
SQ:XAUUSD,2020-04-21T14:19:00+02:00,1674.250,1674.340,1673.270,1673.940,100
SQ:XAUUSD,2020-04-21T14:20:00+02:00,1673.930,1675.080,1673.870,1674.540,150
SQ:XAUUSD,2020-04-21T14:21:00+02:00,1674.490,1675.050,1673.280,1673.580,151
SQ:XAUUSD,2020-04-21T14:22:00+02:00,1673.580,1673.980,1671.170,1671.310,143
SQ:XAUUSD,2020-04-21T14:23:00+02:00,1671.320,1671.870,1670.140,1670.270,125
SQ:XAUUSD,2020-04-21T14:24:00+02:00,1670.240,1671.490,1669.330,1671.060,128
SQ:XAUUSD,2020-04-21T14:25:00+02:00,1670.980,1671.130,1669.780,1670.680,101
SQ:XAUUSD,2020-04-21T14:26:00+02:00,1670.680,1670.990,1668.896,1668.986,104
SQ:XAUUSD,2020-04-21T14:27:00+02:00,1668.906,1669.622,1668.680,1669.100,173
SQ:XAUUSD,2020-04-21T14:28:00+02:00,1669.100,1670.520,1668.650,1670.120,81
SQ:XAUUSD,2020-04-21T14:29:00+02:00,1670.020,1670.570,1669.120,1670.570,95
SQ:XAUUSD,2020-04-21T14:30:00+02:00,1670.570,1670.640,1668.870,1669.790,88
SQ:XAUUSD,2020-04-21T14:31:00+02:00,1669.790,1671.140,1669.200,1670.640,98
SQ:XAUUSD,2020-04-21T14:32:00+02:00,1670.640,1670.770,1669.508,1669.570,120
SQ:XAUUSD,2020-04-21T14:33:00+02:00,1669.570,1670.888,1669.570,1670.190,134
SQ:XAUUSD,2020-04-21T14:34:00+02:00,1670.180,1670.720,1669.960,1670.500,65
SQ:XAUUSD,2020-04-21T14:35:00+02:00,1670.560,1671.712,1670.300,1671.712,88
SQ:XAUUSD,2020-04-21T14:36:00+02:00,1671.712,1672.248,1669.580,1670.974,160
SQ:XAUUSD,2020-04-21T14:37:00+02:00,1670.954,1670.974,1669.160,1669.160,115
SQ:XAUUSD,2020-04-21T14:38:00+02:00,1669.160,1670.142,1668.130,1668.462,140
SQ:XAUUSD,2020-04-21T14:39:00+02:00,1668.462,1668.662,1668.270,1668.378,123
SQ:XAUUSD,2020-04-21T14:40:00+02:00,1668.398,1669.552,1667.350,1667.632,201
SQ:XAUUSD,2020-04-21T14:41:00+02:00,1667.632,1667.632,1665.026,1665.066,268
SQ:XAUUSD,2020-04-21T14:42:00+02:00,1665.036,1665.476,1663.600,1663.620,314
SQ:XAUUSD,2020-04-21T14:43:00+02:00,1663.620,1666.550,1662.220,1666.510,244
SQ:XAUUSD,2020-04-21T14:44:00+02:00,1666.460,1666.550,1664.820,1665.340,192
SQ:XAUUSD,2020-04-21T14:45:00+02:00,1665.310,1665.830,1664.970,1665.110,136
SQ:XAUUSD,2020-04-21T14:46:00+02:00,1665.100,1665.380,1664.230,1664.974,164
SQ:XAUUSD,2020-04-21T14:47:00+02:00,1664.780,1666.100,1664.780,1665.480,134
SQ:XAUUSD,2020-04-21T14:48:00+02:00,1665.480,1666.190,1664.990,1666.030,187
SQ:XAUUSD,2020-04-21T14:49:00+02:00,1666.030,1666.750,1665.428,1665.920,180
SQ:XAUUSD,2020-04-21T14:50:00+02:00,1665.920,1666.590,1664.140,1664.210,273
SQ:XAUUSD,2020-04-21T14:51:00+02:00,1664.190,1664.370,1662.610,1662.750,202
SQ:XAUUSD,2020-04-21T14:52:00+02:00,1662.700,1663.660,1661.670,1662.970,296
SQ:XAUUSD,2020-04-21T14:53:00+02:00,1663.090,1666.080,1662.570,1665.460,337
SQ:XAUUSD,2020-04-21T14:54:00+02:00,1665.460,1666.820,1664.870,1664.960,247
SQ:XAUUSD,2020-04-21T14:55:00+02:00,1664.950,1665.480,1663.600,1665.170,94
SQ:XAUUSD,2020-04-21T14:56:00+02:00,1665.170,1665.910,1665.030,1665.700,103
SQ:XAUUSD,2020-04-21T14:57:00+02:00,1665.650,1666.600,1664.390,1666.460,109
SQ:XAUUSD,2020-04-21T14:58:00+02:00,1666.480,1667.180,1665.780,1665.960,81
SQ:XAUUSD,2020-04-21T14:59:00+02:00,1665.960,1665.960,1664.570,1664.810,86
SQ:XAUUSD,2020-04-21T15:00:00+02:00,1664.880,1665.230,1663.670,1664.510,119
SQ:XAUUSD,2020-04-21T15:01:00+02:00,1664.510,1664.830,1663.120,1663.120,90
SQ:XAUUSD,2020-04-21T15:02:00+02:00,1663.170,1664.180,1663.046,1663.086,115
SQ:XAUUSD,2020-04-21T15:03:00+02:00,1662.840,1665.120,1662.840,1664.950,114
SQ:XAUUSD,2020-04-21T15:04:00+02:00,1664.950,1665.040,1663.870,1664.810,86
SQ:XAUUSD,2020-04-21T15:05:00+02:00,1664.810,1665.620,1664.330,1665.090,93
SQ:XAUUSD,2020-04-21T15:06:00+02:00,1665.140,1667.800,1665.060,1666.908,247
SQ:XAUUSD,2020-04-21T15:07:00+02:00,1666.868,1668.450,1666.730,1668.254,266
SQ:XAUUSD,2020-04-21T15:08:00+02:00,1668.254,1669.156,1667.670,1668.576,299
SQ:XAUUSD,2020-04-21T15:09:00+02:00,1668.556,1668.840,1667.244,1667.610,185
SQ:XAUUSD,2020-04-21T15:10:00+02:00,1667.610,1668.210,1666.094,1666.870,160
SQ:XAUUSD,2020-04-21T15:11:00+02:00,1666.870,1667.250,1666.370,1666.410,92
SQ:XAUUSD,2020-04-21T15:12:00+02:00,1666.410,1666.980,1664.860,1665.720,178
SQ:XAUUSD,2020-04-21T15:13:00+02:00,1665.680,1666.998,1665.672,1666.070,172
SQ:XAUUSD,2020-04-21T15:14:00+02:00,1666.238,1667.170,1665.610,1665.940,193
SQ:XAUUSD,2020-04-21T15:15:00+02:00,1665.930,1666.484,1665.820,1666.198,128
SQ:XAUUSD,2020-04-21T15:16:00+02:00,1666.198,1666.324,1664.000,1664.430,153
SQ:XAUUSD,2020-04-21T15:17:00+02:00,1664.430,1665.390,1663.660,1664.780,75
SQ:XAUUSD,2020-04-21T15:18:00+02:00,1664.720,1664.720,1663.750,1663.940,86
SQ:XAUUSD,2020-04-21T15:19:00+02:00,1664.130,1665.250,1663.950,1665.180,111
SQ:XAUUSD,2020-04-21T15:20:00+02:00,1665.180,1666.188,1664.390,1665.020,180
SQ:XAUUSD,2020-04-21T15:21:00+02:00,1665.030,1665.676,1664.140,1664.180,121
SQ:XAUUSD,2020-04-21T15:22:00+02:00,1664.180,1664.530,1663.730,1663.760,72
SQ:XAUUSD,2020-04-21T15:23:00+02:00,1663.670,1665.096,1663.020,1664.740,147
SQ:XAUUSD,2020-04-21T15:24:00+02:00,1664.720,1667.570,1664.490,1667.570,216
SQ:XAUUSD,2020-04-21T15:25:00+02:00,1667.780,1669.670,1666.840,1668.160,269
SQ:XAUUSD,2020-04-21T15:26:00+02:00,1668.160,1669.120,1667.360,1667.890,156
SQ:XAUUSD,2020-04-21T15:27:00+02:00,1667.890,1668.530,1667.346,1667.396,59
SQ:XAUUSD,2020-04-21T15:28:00+02:00,1667.396,1670.352,1667.396,1670.038,213
SQ:XAUUSD,2020-04-21T15:29:00+02:00,1670.038,1672.756,1669.608,1672.010,276
SQ:XAUUSD,2020-04-21T15:30:00+02:00,1672.010,1672.750,1671.660,1672.336,245
SQ:XAUUSD,2020-04-21T15:31:00+02:00,1672.336,1672.336,1670.038,1670.324,291
SQ:XAUUSD,2020-04-21T15:32:00+02:00,1670.324,1672.020,1670.310,1671.830,203
SQ:XAUUSD,2020-04-21T15:33:00+02:00,1671.830,1673.600,1671.770,1673.600,146
SQ:XAUUSD,2020-04-21T15:34:00+02:00,1673.600,1675.240,1673.140,1674.430,267
SQ:XAUUSD,2020-04-21T15:35:00+02:00,1674.430,1674.430,1671.430,1672.586,245
SQ:XAUUSD,2020-04-21T15:36:00+02:00,1672.586,1672.586,1671.294,1671.464,258
SQ:XAUUSD,2020-04-21T15:37:00+02:00,1671.474,1671.714,1668.680,1668.770,359
SQ:XAUUSD,2020-04-21T15:38:00+02:00,1668.800,1670.154,1668.270,1669.020,293
SQ:XAUUSD,2020-04-21T15:39:00+02:00,1669.020,1669.368,1667.710,1669.138,252
SQ:XAUUSD,2020-04-21T15:40:00+02:00,1669.138,1671.030,1667.960,1670.910,245
SQ:XAUUSD,2020-04-21T15:41:00+02:00,1670.910,1671.880,1670.660,1671.850,142
SQ:XAUUSD,2020-04-21T15:42:00+02:00,1671.840,1673.460,1671.840,1673.320,287
SQ:XAUUSD,2020-04-21T15:43:00+02:00,1673.390,1676.890,1673.128,1676.090,311
SQ:XAUUSD,2020-04-21T15:44:00+02:00,1675.840,1677.490,1675.430,1676.890,191
SQ:XAUUSD,2020-04-21T15:45:00+02:00,1676.890,1678.870,1676.530,1678.170,219
SQ:XAUUSD,2020-04-21T15:46:00+02:00,1678.170,1678.170,1676.430,1677.220,293
SQ:XAUUSD,2020-04-21T15:47:00+02:00,1677.220,1677.986,1676.190,1676.190,304
SQ:XAUUSD,2020-04-21T15:48:00+02:00,1676.250,1677.260,1675.580,1676.592,372
SQ:XAUUSD,2020-04-21T15:49:00+02:00,1676.572,1678.390,1676.090,1677.434,164
SQ:XAUUSD,2020-04-21T15:50:00+02:00,1677.514,1682.880,1677.096,1681.750,361
SQ:XAUUSD,2020-04-21T15:51:00+02:00,1681.790,1683.580,1679.320,1679.560,408
SQ:XAUUSD,2020-04-21T15:52:00+02:00,1680.204,1680.308,1677.840,1678.264,340
SQ:XAUUSD,2020-04-21T15:53:00+02:00,1678.286,1679.786,1677.540,1678.812,459
SQ:XAUUSD,2020-04-21T15:54:00+02:00,1679.102,1679.134,1677.260,1677.710,156
SQ:XAUUSD,2020-04-21T15:55:00+02:00,1677.682,1677.972,1676.750,1677.320,286
SQ:XAUUSD,2020-04-21T15:56:00+02:00,1677.300,1680.004,1676.990,1679.650,219
SQ:XAUUSD,2020-04-21T15:57:00+02:00,1679.764,1681.190,1679.060,1679.682,271
SQ:XAUUSD,2020-04-21T15:58:00+02:00,1679.762,1680.380,1677.150,1677.300,265
SQ:XAUUSD,2020-04-21T15:59:00+02:00,1677.266,1679.116,1677.210,1678.956,356
SQ:XAUUSD,2020-04-21T16:00:00+02:00,1678.550,1680.200,1677.890,1678.240,479
SQ:XAUUSD,2020-04-21T16:01:00+02:00,1678.200,1680.230,1677.960,1679.920,313
SQ:XAUUSD,2020-04-21T16:02:00+02:00,1679.940,1681.870,1679.350,1681.210,335
SQ:XAUUSD,2020-04-21T16:03:00+02:00,1681.210,1681.840,1680.160,1680.460,185
SQ:XAUUSD,2020-04-21T16:04:00+02:00,1680.250,1683.210,1680.010,1681.370,257
SQ:XAUUSD,2020-04-21T16:05:00+02:00,1681.370,1681.450,1678.110,1678.662,376
SQ:XAUUSD,2020-04-21T16:06:00+02:00,1678.602,1678.796,1676.150,1677.590,303
SQ:XAUUSD,2020-04-21T16:07:00+02:00,1677.570,1678.986,1677.390,1678.660,149
SQ:XAUUSD,2020-04-21T16:08:00+02:00,1678.660,1679.326,1678.030,1678.030,276
SQ:XAUUSD,2020-04-21T16:09:00+02:00,1677.890,1679.310,1677.890,1678.730,121
SQ:XAUUSD,2020-04-21T16:10:00+02:00,1678.730,1680.310,1678.730,1679.530,221
SQ:XAUUSD,2020-04-21T16:11:00+02:00,1679.730,1680.240,1678.750,1678.990,191
SQ:XAUUSD,2020-04-21T16:12:00+02:00,1678.990,1680.170,1678.426,1678.428,153
SQ:XAUUSD,2020-04-21T16:13:00+02:00,1678.436,1679.680,1678.408,1679.680,105
SQ:XAUUSD,2020-04-21T16:14:00+02:00,1679.680,1681.390,1679.680,1679.930,149
SQ:XAUUSD,2020-04-21T16:15:00+02:00,1680.050,1680.848,1679.170,1680.656,152
SQ:XAUUSD,2020-04-21T16:16:00+02:00,1680.838,1682.280,1680.150,1680.880,288
SQ:XAUUSD,2020-04-21T16:17:00+02:00,1680.880,1680.970,1678.680,1678.910,206
SQ:XAUUSD,2020-04-21T16:18:00+02:00,1678.940,1680.120,1678.020,1679.070,226
SQ:XAUUSD,2020-04-21T16:19:00+02:00,1679.070,1680.250,1678.330,1680.090,127
SQ:XAUUSD,2020-04-21T16:20:00+02:00,1680.150,1682.070,1680.000,1681.350,137
SQ:XAUUSD,2020-04-21T16:21:00+02:00,1681.620,1683.550,1681.180,1683.470,151
SQ:XAUUSD,2020-04-21T16:22:00+02:00,1683.470,1687.900,1682.320,1687.720,411
SQ:XAUUSD,2020-04-21T16:23:00+02:00,1687.590,1691.210,1687.000,1688.890,477
SQ:XAUUSD,2020-04-21T16:24:00+02:00,1688.790,1690.150,1685.860,1686.480,387
SQ:XAUUSD,2020-04-21T16:25:00+02:00,1686.520,1686.810,1684.500,1685.320,354
SQ:XAUUSD,2020-04-21T16:26:00+02:00,1685.300,1685.660,1682.660,1682.880,206
SQ:XAUUSD,2020-04-21T16:27:00+02:00,1682.970,1684.430,1681.820,1681.910,391
SQ:XAUUSD,2020-04-21T16:28:00+02:00,1682.200,1682.998,1680.590,1682.388,330
SQ:XAUUSD,2020-04-21T16:29:00+02:00,1682.448,1683.730,1681.540,1682.610,233
SQ:XAUUSD,2020-04-21T16:30:00+02:00,1682.530,1683.710,1681.430,1681.880,144
SQ:XAUUSD,2020-04-21T16:31:00+02:00,1681.880,1682.650,1681.230,1681.840,104
SQ:XAUUSD,2020-04-21T16:32:00+02:00,1681.840,1683.010,1681.630,1682.450,115
SQ:XAUUSD,2020-04-21T16:33:00+02:00,1682.450,1683.610,1681.830,1683.100,142
SQ:XAUUSD,2020-04-21T16:34:00+02:00,1683.100,1683.210,1682.110,1682.900,87
SQ:XAUUSD,2020-04-21T16:35:00+02:00,1682.900,1683.300,1682.360,1683.140,99
SQ:XAUUSD,2020-04-21T16:36:00+02:00,1683.140,1683.460,1683.130,1683.130,75
SQ:XAUUSD,2020-04-21T16:37:00+02:00,1683.130,1683.420,1682.850,1683.280,81
SQ:XAUUSD,2020-04-21T16:38:00+02:00,1683.280,1684.830,1683.080,1683.790,113
SQ:XAUUSD,2020-04-21T16:39:00+02:00,1683.670,1684.730,1683.180,1684.110,134
SQ:XAUUSD,2020-04-21T16:40:00+02:00,1684.110,1684.590,1682.520,1683.410,197
SQ:XAUUSD,2020-04-21T16:41:00+02:00,1683.470,1683.940,1682.900,1683.070,122
SQ:XAUUSD,2020-04-21T16:42:00+02:00,1682.840,1682.980,1680.950,1680.950,239
SQ:XAUUSD,2020-04-21T16:43:00+02:00,1680.950,1681.130,1679.770,1680.130,267
SQ:XAUUSD,2020-04-21T16:44:00+02:00,1680.080,1680.210,1678.610,1679.490,274
SQ:XAUUSD,2020-04-21T16:45:00+02:00,1679.490,1681.870,1679.450,1681.490,192
SQ:XAUUSD,2020-04-21T16:46:00+02:00,1681.340,1682.360,1680.150,1681.670,188
SQ:XAUUSD,2020-04-21T16:47:00+02:00,1681.840,1682.030,1681.030,1681.640,162
SQ:XAUUSD,2020-04-21T16:48:00+02:00,1681.640,1683.300,1681.610,1683.300,112
SQ:XAUUSD,2020-04-21T16:49:00+02:00,1683.300,1684.070,1683.180,1684.050,123
SQ:XAUUSD,2020-04-21T16:50:00+02:00,1684.110,1685.970,1683.360,1684.910,206
SQ:XAUUSD,2020-04-21T16:51:00+02:00,1684.860,1687.020,1684.300,1686.030,198
SQ:XAUUSD,2020-04-21T16:52:00+02:00,1686.020,1686.040,1683.210,1684.110,165
SQ:XAUUSD,2020-04-21T16:53:00+02:00,1684.020,1684.860,1682.670,1682.780,119
SQ:XAUUSD,2020-04-21T16:54:00+02:00,1682.790,1683.676,1681.650,1682.140,136
SQ:XAUUSD,2020-04-21T16:55:00+02:00,1682.120,1682.700,1680.400,1680.890,164
SQ:XAUUSD,2020-04-21T16:56:00+02:00,1681.010,1685.140,1681.010,1683.520,199
SQ:XAUUSD,2020-04-21T16:57:00+02:00,1683.360,1683.880,1682.590,1682.770,141
SQ:XAUUSD,2020-04-21T16:58:00+02:00,1682.770,1684.050,1682.610,1683.672,214
SQ:XAUUSD,2020-04-21T16:59:00+02:00,1683.660,1683.892,1682.100,1682.780,140
SQ:XAUUSD,2020-04-21T17:00:00+02:00,1682.770,1682.880,1680.630,1681.346,228
SQ:XAUUSD,2020-04-21T17:01:00+02:00,1681.500,1683.906,1681.136,1683.906,218
SQ:XAUUSD,2020-04-21T17:02:00+02:00,1683.804,1685.382,1683.402,1684.230,198
SQ:XAUUSD,2020-04-21T17:03:00+02:00,1684.230,1685.640,1683.470,1685.350,182
SQ:XAUUSD,2020-04-21T17:04:00+02:00,1685.320,1685.460,1683.820,1684.290,125
SQ:XAUUSD,2020-04-21T17:05:00+02:00,1684.000,1684.950,1683.250,1683.400,95
SQ:XAUUSD,2020-04-21T17:06:00+02:00,1683.460,1683.780,1681.990,1682.590,91
SQ:XAUUSD,2020-04-21T17:07:00+02:00,1682.710,1683.940,1682.520,1683.530,123
SQ:XAUUSD,2020-04-21T17:08:00+02:00,1683.660,1683.660,1682.160,1682.660,82
SQ:XAUUSD,2020-04-21T17:09:00+02:00,1682.620,1683.160,1682.280,1682.490,68
SQ:XAUUSD,2020-04-21T17:10:00+02:00,1682.450,1682.600,1680.860,1680.860,153
SQ:XAUUSD,2020-04-21T17:11:00+02:00,1681.192,1681.866,1679.370,1680.560,254
SQ:XAUUSD,2020-04-21T17:12:00+02:00,1680.560,1681.090,1679.920,1680.600,99
SQ:XAUUSD,2020-04-21T17:13:00+02:00,1680.660,1681.690,1680.390,1680.900,99
SQ:XAUUSD,2020-04-21T17:14:00+02:00,1680.790,1681.110,1679.910,1680.580,81
SQ:XAUUSD,2020-04-21T17:15:00+02:00,1680.580,1680.770,1679.340,1680.070,123
SQ:XAUUSD,2020-04-21T17:16:00+02:00,1680.330,1681.200,1679.320,1680.430,111
SQ:XAUUSD,2020-04-21T17:17:00+02:00,1680.390,1680.460,1679.050,1679.130,116
SQ:XAUUSD,2020-04-21T17:18:00+02:00,1679.190,1680.370,1678.810,1679.310,121
SQ:XAUUSD,2020-04-21T17:19:00+02:00,1679.310,1679.690,1678.230,1678.900,144
SQ:XAUUSD,2020-04-21T17:20:00+02:00,1678.750,1680.180,1678.230,1679.960,108
SQ:XAUUSD,2020-04-21T17:21:00+02:00,1680.050,1681.480,1679.630,1679.700,145
SQ:XAUUSD,2020-04-21T17:22:00+02:00,1679.700,1680.290,1679.580,1679.580,62
SQ:XAUUSD,2020-04-21T17:23:00+02:00,1679.590,1681.190,1679.590,1680.940,62
SQ:XAUUSD,2020-04-21T17:24:00+02:00,1680.650,1680.750,1679.120,1679.560,67
SQ:XAUUSD,2020-04-21T17:25:00+02:00,1679.560,1680.520,1679.020,1680.320,70
SQ:XAUUSD,2020-04-21T17:26:00+02:00,1680.410,1680.410,1678.820,1679.096,96
SQ:XAUUSD,2020-04-21T17:27:00+02:00,1679.122,1679.482,1677.760,1677.830,154
SQ:XAUUSD,2020-04-21T17:28:00+02:00,1677.870,1679.430,1677.870,1678.990,60
SQ:XAUUSD,2020-04-21T17:29:00+02:00,1678.940,1679.800,1675.430,1676.670,142
SQ:XAUUSD,2020-04-21T17:30:00+02:00,1676.740,1678.640,1676.600,1678.380,147
SQ:XAUUSD,2020-04-21T17:31:00+02:00,1678.370,1679.470,1677.680,1679.130,216
SQ:XAUUSD,2020-04-21T17:32:00+02:00,1679.370,1680.380,1678.860,1679.560,177
SQ:XAUUSD,2020-04-21T17:33:00+02:00,1679.620,1679.950,1678.520,1679.170,125
SQ:XAUUSD,2020-04-21T17:34:00+02:00,1679.170,1679.870,1678.890,1679.160,112
SQ:XAUUSD,2020-04-21T17:35:00+02:00,1679.130,1679.500,1678.050,1678.250,135
SQ:XAUUSD,2020-04-21T17:36:00+02:00,1678.280,1680.020,1678.280,1679.220,119
SQ:XAUUSD,2020-04-21T17:37:00+02:00,1679.210,1679.920,1678.530,1679.630,84
SQ:XAUUSD,2020-04-21T17:38:00+02:00,1679.740,1680.930,1678.740,1680.890,151
SQ:XAUUSD,2020-04-21T17:39:00+02:00,1680.890,1683.780,1680.740,1683.580,179
SQ:XAUUSD,2020-04-21T17:40:00+02:00,1683.590,1684.330,1681.880,1682.350,174
SQ:XAUUSD,2020-04-21T17:41:00+02:00,1682.380,1683.100,1681.670,1682.290,124
SQ:XAUUSD,2020-04-21T17:42:00+02:00,1682.260,1682.580,1681.020,1682.040,113
SQ:XAUUSD,2020-04-21T17:43:00+02:00,1682.010,1682.190,1680.490,1680.870,171
SQ:XAUUSD,2020-04-21T17:44:00+02:00,1680.820,1681.400,1679.160,1679.860,229
SQ:XAUUSD,2020-04-21T17:45:00+02:00,1679.860,1679.860,1677.600,1677.860,308
SQ:XAUUSD,2020-04-21T17:46:00+02:00,1677.920,1679.690,1677.480,1679.020,256
SQ:XAUUSD,2020-04-21T17:47:00+02:00,1678.930,1679.380,1677.880,1678.560,185
SQ:XAUUSD,2020-04-21T17:48:00+02:00,1678.350,1679.190,1678.150,1678.940,101
SQ:XAUUSD,2020-04-21T17:49:00+02:00,1678.630,1679.740,1678.630,1678.840,54
SQ:XAUUSD,2020-04-21T17:50:00+02:00,1678.840,1678.920,1678.010,1678.330,151
SQ:XAUUSD,2020-04-21T17:51:00+02:00,1678.380,1678.380,1677.290,1677.440,115
SQ:XAUUSD,2020-04-21T17:52:00+02:00,1677.440,1677.520,1674.700,1676.278,310
SQ:XAUUSD,2020-04-21T17:53:00+02:00,1676.288,1676.780,1675.220,1676.440,154
SQ:XAUUSD,2020-04-21T17:54:00+02:00,1676.530,1677.160,1675.960,1676.650,74
SQ:XAUUSD,2020-04-21T17:55:00+02:00,1676.680,1677.330,1676.260,1677.330,72
SQ:XAUUSD,2020-04-21T17:56:00+02:00,1677.300,1677.630,1677.020,1677.460,56
SQ:XAUUSD,2020-04-21T17:57:00+02:00,1677.460,1677.940,1677.320,1677.510,64
SQ:XAUUSD,2020-04-21T17:58:00+02:00,1677.500,1678.400,1677.230,1677.490,112
SQ:XAUUSD,2020-04-21T17:59:00+02:00,1677.410,1677.870,1676.930,1677.220,122
SQ:XAUUSD,2020-04-21T18:00:00+02:00,1677.030,1677.670,1675.720,1676.030,183
SQ:XAUUSD,2020-04-21T18:01:00+02:00,1676.030,1677.290,1676.030,1676.770,77
SQ:XAUUSD,2020-04-21T18:02:00+02:00,1676.770,1677.040,1674.580,1675.110,131
SQ:XAUUSD,2020-04-21T18:03:00+02:00,1674.910,1675.140,1674.240,1674.690,131
SQ:XAUUSD,2020-04-21T18:04:00+02:00,1674.690,1677.080,1674.640,1676.886,90
SQ:XAUUSD,2020-04-21T18:05:00+02:00,1676.886,1677.758,1676.886,1677.596,185
SQ:XAUUSD,2020-04-21T18:06:00+02:00,1677.628,1678.120,1677.230,1677.530,108
SQ:XAUUSD,2020-04-21T18:07:00+02:00,1677.680,1680.480,1677.430,1679.310,126
SQ:XAUUSD,2020-04-21T18:08:00+02:00,1679.310,1679.570,1678.050,1679.310,69
SQ:XAUUSD,2020-04-21T18:09:00+02:00,1679.310,1680.040,1678.600,1679.970,53
SQ:XAUUSD,2020-04-21T18:10:00+02:00,1679.970,1680.550,1679.900,1680.370,94
SQ:XAUUSD,2020-04-21T18:11:00+02:00,1680.450,1681.060,1680.370,1680.670,136
SQ:XAUUSD,2020-04-21T18:12:00+02:00,1680.720,1680.980,1679.470,1679.920,74
SQ:XAUUSD,2020-04-21T18:13:00+02:00,1679.920,1680.080,1678.830,1679.300,65
SQ:XAUUSD,2020-04-21T18:14:00+02:00,1679.300,1679.990,1678.520,1679.380,70
SQ:XAUUSD,2020-04-21T18:15:00+02:00,1679.380,1679.380,1678.250,1678.840,54
SQ:XAUUSD,2020-04-21T18:16:00+02:00,1678.830,1678.850,1676.930,1677.410,69
SQ:XAUUSD,2020-04-21T18:17:00+02:00,1677.410,1678.170,1677.410,1677.600,78
SQ:XAUUSD,2020-04-21T18:18:00+02:00,1677.600,1678.290,1677.470,1678.290,49
SQ:XAUUSD,2020-04-21T18:19:00+02:00,1678.290,1678.510,1677.330,1677.740,128
SQ:XAUUSD,2020-04-21T18:20:00+02:00,1677.740,1677.970,1677.330,1677.620,149
SQ:XAUUSD,2020-04-21T18:21:00+02:00,1677.620,1678.190,1676.540,1676.540,74
SQ:XAUUSD,2020-04-21T18:22:00+02:00,1676.540,1677.320,1675.910,1676.000,122
SQ:XAUUSD,2020-04-21T18:23:00+02:00,1676.000,1677.420,1675.910,1676.690,67
SQ:XAUUSD,2020-04-21T18:24:00+02:00,1676.690,1677.210,1676.590,1677.120,32
SQ:XAUUSD,2020-04-21T18:25:00+02:00,1677.120,1677.620,1676.920,1677.280,47
SQ:XAUUSD,2020-04-21T18:26:00+02:00,1677.280,1678.700,1677.280,1677.830,90
SQ:XAUUSD,2020-04-21T18:27:00+02:00,1677.830,1678.250,1676.670,1677.500,152
SQ:XAUUSD,2020-04-21T18:28:00+02:00,1677.390,1677.980,1676.780,1677.610,118
SQ:XAUUSD,2020-04-21T18:29:00+02:00,1677.610,1678.100,1677.120,1678.060,102
SQ:XAUUSD,2020-04-21T18:30:00+02:00,1678.060,1678.180,1676.520,1676.790,121
SQ:XAUUSD,2020-04-21T18:31:00+02:00,1676.790,1677.410,1676.350,1677.410,84
SQ:XAUUSD,2020-04-21T18:32:00+02:00,1677.520,1678.150,1677.100,1678.150,73
SQ:XAUUSD,2020-04-21T18:33:00+02:00,1678.150,1678.710,1677.830,1678.290,55
SQ:XAUUSD,2020-04-21T18:34:00+02:00,1678.290,1678.290,1677.620,1678.280,68
SQ:XAUUSD,2020-04-21T18:35:00+02:00,1678.290,1678.540,1677.880,1677.940,88
SQ:XAUUSD,2020-04-21T18:36:00+02:00,1677.940,1678.880,1677.850,1678.080,167
SQ:XAUUSD,2020-04-21T18:37:00+02:00,1678.080,1678.440,1676.960,1677.420,64
SQ:XAUUSD,2020-04-21T18:38:00+02:00,1677.470,1678.350,1676.230,1677.020,72
SQ:XAUUSD,2020-04-21T18:39:00+02:00,1677.020,1677.990,1677.020,1677.400,48
SQ:XAUUSD,2020-04-21T18:40:00+02:00,1677.400,1681.180,1677.270,1680.970,136
SQ:XAUUSD,2020-04-21T18:41:00+02:00,1680.970,1681.170,1676.950,1678.490,152
SQ:XAUUSD,2020-04-21T18:42:00+02:00,1678.490,1678.490,1676.440,1676.630,74
SQ:XAUUSD,2020-04-21T18:43:00+02:00,1676.570,1676.740,1675.750,1675.750,79
SQ:XAUUSD,2020-04-21T18:44:00+02:00,1675.750,1675.980,1674.700,1675.100,76
SQ:XAUUSD,2020-04-21T18:45:00+02:00,1674.890,1675.830,1674.380,1675.760,165
SQ:XAUUSD,2020-04-21T18:46:00+02:00,1675.390,1676.420,1674.680,1674.760,161
SQ:XAUUSD,2020-04-21T18:47:00+02:00,1674.700,1675.100,1672.800,1672.900,271
SQ:XAUUSD,2020-04-21T18:48:00+02:00,1672.900,1674.140,1671.330,1673.220,305
SQ:XAUUSD,2020-04-21T18:49:00+02:00,1673.220,1674.680,1673.220,1673.600,165
SQ:XAUUSD,2020-04-21T18:50:00+02:00,1673.650,1675.500,1673.570,1675.390,224
SQ:XAUUSD,2020-04-21T18:51:00+02:00,1675.460,1675.470,1674.050,1674.210,195
SQ:XAUUSD,2020-04-21T18:52:00+02:00,1674.210,1675.960,1674.190,1675.430,206
SQ:XAUUSD,2020-04-21T18:53:00+02:00,1675.530,1675.950,1674.480,1675.050,162
SQ:XAUUSD,2020-04-21T18:54:00+02:00,1675.050,1675.620,1673.950,1675.020,157
SQ:XAUUSD,2020-04-21T18:55:00+02:00,1675.020,1675.810,1674.090,1675.020,193
SQ:XAUUSD,2020-04-21T18:56:00+02:00,1675.020,1675.580,1674.180,1674.410,157
SQ:XAUUSD,2020-04-21T18:57:00+02:00,1674.410,1675.220,1672.860,1673.700,311
SQ:XAUUSD,2020-04-21T18:58:00+02:00,1673.660,1674.850,1672.620,1672.880,382
SQ:XAUUSD,2020-04-21T18:59:00+02:00,1672.610,1673.310,1671.950,1672.280,376
SQ:XAUUSD,2020-04-21T19:00:00+02:00,1672.640,1674.630,1672.060,1673.800,292
SQ:XAUUSD,2020-04-21T19:01:00+02:00,1673.800,1674.220,1672.570,1673.070,259
SQ:XAUUSD,2020-04-21T19:02:00+02:00,1673.070,1674.160,1672.700,1673.160,139
SQ:XAUUSD,2020-04-21T19:03:00+02:00,1673.160,1674.190,1672.950,1674.190,145
SQ:XAUUSD,2020-04-21T19:04:00+02:00,1674.160,1675.220,1673.210,1673.750,184
SQ:XAUUSD,2020-04-21T19:05:00+02:00,1674.090,1674.490,1673.430,1674.360,145
SQ:XAUUSD,2020-04-21T19:06:00+02:00,1674.190,1674.860,1673.550,1673.680,142
SQ:XAUUSD,2020-04-21T19:07:00+02:00,1673.650,1673.830,1671.790,1672.980,290
SQ:XAUUSD,2020-04-21T19:08:00+02:00,1672.980,1673.128,1671.530,1671.570,193
SQ:XAUUSD,2020-04-21T19:09:00+02:00,1671.570,1672.390,1671.210,1671.270,102
SQ:XAUUSD,2020-04-21T19:10:00+02:00,1671.140,1672.290,1671.030,1671.688,92
SQ:XAUUSD,2020-04-21T19:11:00+02:00,1671.728,1672.728,1671.238,1672.728,186
SQ:XAUUSD,2020-04-21T19:12:00+02:00,1672.748,1672.798,1671.458,1671.750,141
SQ:XAUUSD,2020-04-21T19:13:00+02:00,1671.750,1673.350,1671.550,1671.820,264
SQ:XAUUSD,2020-04-21T19:14:00+02:00,1671.820,1674.380,1671.820,1673.820,213
SQ:XAUUSD,2020-04-21T19:15:00+02:00,1673.820,1674.310,1672.810,1672.920,215
SQ:XAUUSD,2020-04-21T19:16:00+02:00,1672.920,1673.310,1672.524,1672.990,126
SQ:XAUUSD,2020-04-21T19:17:00+02:00,1672.990,1673.930,1672.898,1673.840,102
SQ:XAUUSD,2020-04-21T19:18:00+02:00,1673.840,1675.240,1673.310,1673.750,109
SQ:XAUUSD,2020-04-21T19:19:00+02:00,1673.520,1674.070,1673.440,1673.920,130
SQ:XAUUSD,2020-04-21T19:20:00+02:00,1673.930,1675.030,1673.840,1674.476,164
SQ:XAUUSD,2020-04-21T19:21:00+02:00,1674.476,1676.080,1674.198,1675.950,210
SQ:XAUUSD,2020-04-21T19:22:00+02:00,1675.950,1676.230,1675.050,1675.688,137
SQ:XAUUSD,2020-04-21T19:23:00+02:00,1675.688,1675.760,1674.860,1675.600,133
SQ:XAUUSD,2020-04-21T19:24:00+02:00,1675.600,1675.600,1674.230,1674.340,137
SQ:XAUUSD,2020-04-21T19:25:00+02:00,1674.450,1675.060,1674.098,1674.388,108
SQ:XAUUSD,2020-04-21T19:26:00+02:00,1674.388,1674.668,1673.990,1674.058,134
SQ:XAUUSD,2020-04-21T19:27:00+02:00,1674.058,1674.300,1673.230,1673.670,106
SQ:XAUUSD,2020-04-21T19:28:00+02:00,1673.570,1674.150,1672.770,1672.858,157
SQ:XAUUSD,2020-04-21T19:29:00+02:00,1672.918,1675.410,1672.620,1674.020,370
SQ:XAUUSD,2020-04-21T19:30:00+02:00,1674.340,1674.400,1672.790,1674.080,187
SQ:XAUUSD,2020-04-21T19:31:00+02:00,1674.140,1674.510,1672.280,1673.220,147
SQ:XAUUSD,2020-04-21T19:32:00+02:00,1673.220,1673.680,1672.110,1672.240,131
SQ:XAUUSD,2020-04-21T19:33:00+02:00,1672.240,1673.410,1671.480,1672.620,173
SQ:XAUUSD,2020-04-21T19:34:00+02:00,1672.620,1672.660,1670.870,1671.430,116
SQ:XAUUSD,2020-04-21T19:35:00+02:00,1671.480,1672.460,1671.300,1672.180,71
SQ:XAUUSD,2020-04-21T19:36:00+02:00,1672.210,1672.240,1671.220,1672.030,125
SQ:XAUUSD,2020-04-21T19:37:00+02:00,1672.030,1674.660,1671.650,1673.970,188
SQ:XAUUSD,2020-04-21T19:38:00+02:00,1673.970,1674.420,1673.360,1673.910,103
SQ:XAUUSD,2020-04-21T19:39:00+02:00,1673.960,1674.820,1673.550,1674.640,89
SQ:XAUUSD,2020-04-21T19:40:00+02:00,1674.640,1674.660,1673.540,1674.660,106
SQ:XAUUSD,2020-04-21T19:41:00+02:00,1674.660,1674.660,1674.090,1674.400,40
SQ:XAUUSD,2020-04-21T19:42:00+02:00,1674.400,1675.130,1674.030,1674.740,87
SQ:XAUUSD,2020-04-21T19:43:00+02:00,1674.740,1675.020,1673.540,1674.170,121
SQ:XAUUSD,2020-04-21T19:44:00+02:00,1674.170,1676.170,1673.750,1675.190,135
SQ:XAUUSD,2020-04-21T19:45:00+02:00,1675.190,1675.800,1673.750,1674.300,156
SQ:XAUUSD,2020-04-21T19:46:00+02:00,1674.300,1675.430,1673.950,1674.140,139
SQ:XAUUSD,2020-04-21T19:47:00+02:00,1674.140,1674.820,1674.140,1674.820,52
SQ:XAUUSD,2020-04-21T19:48:00+02:00,1674.820,1675.040,1673.620,1673.940,63
SQ:XAUUSD,2020-04-21T19:49:00+02:00,1673.940,1674.770,1672.630,1673.400,165
SQ:XAUUSD,2020-04-21T19:50:00+02:00,1673.400,1673.660,1672.610,1673.620,51
SQ:XAUUSD,2020-04-21T19:51:00+02:00,1673.620,1673.940,1673.510,1673.670,43
SQ:XAUUSD,2020-04-21T19:52:00+02:00,1673.670,1673.760,1672.230,1672.550,128
SQ:XAUUSD,2020-04-21T19:53:00+02:00,1672.690,1675.462,1672.590,1675.120,193
SQ:XAUUSD,2020-04-21T19:54:00+02:00,1675.120,1676.920,1674.440,1676.890,220
SQ:XAUUSD,2020-04-21T19:55:00+02:00,1676.990,1676.990,1675.150,1676.660,161
SQ:XAUUSD,2020-04-21T19:56:00+02:00,1676.860,1677.200,1674.910,1674.910,104
SQ:XAUUSD,2020-04-21T19:57:00+02:00,1675.020,1676.370,1675.020,1675.900,46
SQ:XAUUSD,2020-04-21T19:58:00+02:00,1675.900,1676.150,1675.070,1675.290,65
SQ:XAUUSD,2020-04-21T19:59:00+02:00,1675.290,1676.934,1675.290,1676.702,129
SQ:XAUUSD,2020-04-21T20:00:00+02:00,1676.712,1676.802,1674.950,1675.570,221
SQ:XAUUSD,2020-04-21T20:01:00+02:00,1675.640,1675.640,1674.420,1675.420,200
SQ:XAUUSD,2020-04-21T20:02:00+02:00,1675.420,1676.334,1674.926,1675.852,180
SQ:XAUUSD,2020-04-21T20:03:00+02:00,1675.852,1677.132,1675.410,1677.114,193
SQ:XAUUSD,2020-04-21T20:04:00+02:00,1677.084,1677.450,1676.160,1676.900,177
SQ:XAUUSD,2020-04-21T20:05:00+02:00,1676.970,1676.970,1675.420,1676.660,84
SQ:XAUUSD,2020-04-21T20:06:00+02:00,1676.660,1676.990,1675.980,1676.070,57
SQ:XAUUSD,2020-04-21T20:07:00+02:00,1676.070,1676.890,1675.900,1676.490,59
SQ:XAUUSD,2020-04-21T20:08:00+02:00,1676.490,1677.090,1676.150,1676.380,65
SQ:XAUUSD,2020-04-21T20:09:00+02:00,1676.280,1676.750,1675.790,1676.110,86
SQ:XAUUSD,2020-04-21T20:10:00+02:00,1676.110,1677.270,1676.000,1676.910,86
SQ:XAUUSD,2020-04-21T20:11:00+02:00,1676.980,1677.110,1676.330,1676.750,75
SQ:XAUUSD,2020-04-21T20:12:00+02:00,1676.410,1676.920,1675.850,1676.400,89
SQ:XAUUSD,2020-04-21T20:13:00+02:00,1676.400,1676.430,1675.350,1676.060,127
SQ:XAUUSD,2020-04-21T20:14:00+02:00,1676.060,1677.330,1675.770,1676.690,131
SQ:XAUUSD,2020-04-21T20:15:00+02:00,1676.770,1677.890,1676.440,1676.780,186
SQ:XAUUSD,2020-04-21T20:16:00+02:00,1676.560,1676.890,1675.270,1675.400,157
SQ:XAUUSD,2020-04-21T20:17:00+02:00,1675.480,1675.980,1675.120,1675.870,86
SQ:XAUUSD,2020-04-21T20:18:00+02:00,1675.870,1676.100,1675.390,1675.940,76
SQ:XAUUSD,2020-04-21T20:19:00+02:00,1676.100,1677.500,1675.950,1676.320,141
SQ:XAUUSD,2020-04-21T20:20:00+02:00,1676.320,1677.830,1676.280,1677.450,162
SQ:XAUUSD,2020-04-21T20:21:00+02:00,1677.450,1677.600,1677.070,1677.500,71
SQ:XAUUSD,2020-04-21T20:22:00+02:00,1677.500,1677.920,1677.370,1677.680,119
SQ:XAUUSD,2020-04-21T20:23:00+02:00,1677.720,1679.350,1677.170,1679.290,212
SQ:XAUUSD,2020-04-21T20:24:00+02:00,1679.290,1679.670,1677.120,1677.120,172
SQ:XAUUSD,2020-04-21T20:25:00+02:00,1677.470,1679.070,1676.710,1678.660,248
SQ:XAUUSD,2020-04-21T20:26:00+02:00,1678.470,1679.610,1678.060,1679.250,154
SQ:XAUUSD,2020-04-21T20:27:00+02:00,1679.250,1679.570,1678.220,1678.370,126
SQ:XAUUSD,2020-04-21T20:28:00+02:00,1678.300,1679.500,1677.690,1678.120,110
SQ:XAUUSD,2020-04-21T20:29:00+02:00,1678.120,1679.200,1677.770,1678.600,76
SQ:XAUUSD,2020-04-21T20:30:00+02:00,1678.600,1679.080,1678.600,1678.610,61
SQ:XAUUSD,2020-04-21T20:31:00+02:00,1678.610,1679.240,1678.610,1679.100,59
SQ:XAUUSD,2020-04-21T20:32:00+02:00,1679.100,1680.356,1678.900,1679.960,112
SQ:XAUUSD,2020-04-21T20:33:00+02:00,1679.990,1680.360,1679.330,1679.700,75
SQ:XAUUSD,2020-04-21T20:34:00+02:00,1679.650,1679.710,1678.500,1679.090,109
SQ:XAUUSD,2020-04-21T20:35:00+02:00,1679.090,1679.318,1678.650,1679.110,82
SQ:XAUUSD,2020-04-21T20:36:00+02:00,1679.110,1680.030,1678.720,1679.560,146
SQ:XAUUSD,2020-04-21T20:37:00+02:00,1679.560,1679.830,1679.190,1679.310,37
SQ:XAUUSD,2020-04-21T20:38:00+02:00,1679.320,1680.320,1679.310,1679.880,44
SQ:XAUUSD,2020-04-21T20:39:00+02:00,1679.950,1680.740,1679.800,1680.420,74
SQ:XAUUSD,2020-04-21T20:40:00+02:00,1680.420,1680.440,1679.900,1680.210,52
SQ:XAUUSD,2020-04-21T20:41:00+02:00,1680.210,1680.610,1679.760,1679.760,50
SQ:XAUUSD,2020-04-21T20:42:00+02:00,1679.760,1680.500,1679.760,1679.960,45
SQ:XAUUSD,2020-04-21T20:43:00+02:00,1679.960,1680.960,1679.560,1680.350,75
SQ:XAUUSD,2020-04-21T20:44:00+02:00,1680.550,1681.240,1680.280,1680.880,85
SQ:XAUUSD,2020-04-21T20:45:00+02:00,1680.880,1680.880,1679.210,1679.260,128
SQ:XAUUSD,2020-04-21T20:46:00+02:00,1679.300,1679.850,1678.710,1679.040,162
SQ:XAUUSD,2020-04-21T20:47:00+02:00,1679.040,1679.590,1678.680,1678.890,127
SQ:XAUUSD,2020-04-21T20:48:00+02:00,1678.890,1679.594,1677.940,1678.740,182
SQ:XAUUSD,2020-04-21T20:49:00+02:00,1678.740,1679.580,1678.010,1678.360,151
SQ:XAUUSD,2020-04-21T20:50:00+02:00,1678.450,1678.690,1677.520,1677.690,163
SQ:XAUUSD,2020-04-21T20:51:00+02:00,1677.700,1678.550,1677.060,1677.160,77
SQ:XAUUSD,2020-04-21T20:52:00+02:00,1677.160,1677.570,1676.960,1677.070,67
SQ:XAUUSD,2020-04-21T20:53:00+02:00,1677.060,1677.690,1676.950,1677.520,130
SQ:XAUUSD,2020-04-21T20:54:00+02:00,1677.430,1677.840,1677.370,1677.470,88
SQ:XAUUSD,2020-04-21T20:55:00+02:00,1677.470,1678.820,1677.470,1678.640,116
SQ:XAUUSD,2020-04-21T20:56:00+02:00,1678.640,1679.520,1678.240,1678.940,129
SQ:XAUUSD,2020-04-21T20:57:00+02:00,1679.000,1679.050,1678.240,1678.940,119
SQ:XAUUSD,2020-04-21T20:58:00+02:00,1678.940,1679.610,1678.850,1679.540,89
SQ:XAUUSD,2020-04-21T20:59:00+02:00,1679.600,1680.200,1679.540,1680.090,72
SQ:XAUUSD,2020-04-21T21:00:00+02:00,1680.090,1680.600,1679.720,1680.380,140
SQ:XAUUSD,2020-04-21T21:01:00+02:00,1680.380,1681.090,1680.210,1680.950,163
SQ:XAUUSD,2020-04-21T21:02:00+02:00,1681.090,1682.010,1680.970,1681.370,111
SQ:XAUUSD,2020-04-21T21:03:00+02:00,1681.370,1681.510,1680.770,1680.930,46
SQ:XAUUSD,2020-04-21T21:04:00+02:00,1680.940,1681.520,1680.910,1681.070,49
SQ:XAUUSD,2020-04-21T21:05:00+02:00,1681.080,1681.540,1680.540,1680.860,48
SQ:XAUUSD,2020-04-21T21:06:00+02:00,1680.860,1680.860,1678.850,1679.020,152
SQ:XAUUSD,2020-04-21T21:07:00+02:00,1679.020,1679.570,1678.790,1679.490,69
SQ:XAUUSD,2020-04-21T21:08:00+02:00,1679.510,1679.660,1679.290,1679.520,27
SQ:XAUUSD,2020-04-21T21:09:00+02:00,1679.520,1679.930,1679.480,1679.870,33
SQ:XAUUSD,2020-04-21T21:10:00+02:00,1679.870,1681.560,1679.870,1680.760,98
SQ:XAUUSD,2020-04-21T21:11:00+02:00,1680.760,1681.240,1680.740,1680.930,43
SQ:XAUUSD,2020-04-21T21:12:00+02:00,1680.930,1681.450,1680.890,1681.320,31
SQ:XAUUSD,2020-04-21T21:13:00+02:00,1681.310,1681.510,1681.090,1681.390,43
SQ:XAUUSD,2020-04-21T21:14:00+02:00,1681.390,1681.520,1681.250,1681.370,42
SQ:XAUUSD,2020-04-21T21:15:00+02:00,1681.370,1681.470,1681.070,1681.240,78
SQ:XAUUSD,2020-04-21T21:16:00+02:00,1681.250,1682.030,1681.170,1681.810,87
SQ:XAUUSD,2020-04-21T21:17:00+02:00,1681.810,1682.080,1680.820,1681.080,183
SQ:XAUUSD,2020-04-21T21:18:00+02:00,1681.080,1681.830,1680.730,1681.400,170
SQ:XAUUSD,2020-04-21T21:19:00+02:00,1681.420,1682.140,1679.970,1681.040,166
SQ:XAUUSD,2020-04-21T21:20:00+02:00,1681.040,1682.370,1680.900,1681.720,115
SQ:XAUUSD,2020-04-21T21:21:00+02:00,1681.780,1682.070,1681.490,1681.790,137
SQ:XAUUSD,2020-04-21T21:22:00+02:00,1681.860,1682.430,1681.270,1681.620,121
SQ:XAUUSD,2020-04-21T21:23:00+02:00,1681.740,1681.940,1681.270,1681.610,88
SQ:XAUUSD,2020-04-21T21:24:00+02:00,1681.630,1681.800,1679.910,1680.710,138
SQ:XAUUSD,2020-04-21T21:25:00+02:00,1680.820,1682.160,1680.540,1681.660,126
SQ:XAUUSD,2020-04-21T21:26:00+02:00,1682.020,1682.510,1681.320,1681.570,119
SQ:XAUUSD,2020-04-21T21:27:00+02:00,1681.570,1682.480,1681.110,1682.190,175
SQ:XAUUSD,2020-04-21T21:28:00+02:00,1682.100,1682.430,1682.010,1682.390,84
SQ:XAUUSD,2020-04-21T21:29:00+02:00,1682.390,1682.550,1682.110,1682.300,144
SQ:XAUUSD,2020-04-21T21:30:00+02:00,1682.300,1682.960,1681.920,1682.670,217
SQ:XAUUSD,2020-04-21T21:31:00+02:00,1682.660,1685.890,1682.490,1685.830,256
SQ:XAUUSD,2020-04-21T21:32:00+02:00,1685.700,1686.200,1683.250,1684.330,192
SQ:XAUUSD,2020-04-21T21:33:00+02:00,1684.550,1684.830,1683.290,1684.670,192
SQ:XAUUSD,2020-04-21T21:34:00+02:00,1684.660,1687.420,1684.500,1687.180,104
SQ:XAUUSD,2020-04-21T21:35:00+02:00,1687.250,1687.710,1685.930,1687.360,144
SQ:XAUUSD,2020-04-21T21:36:00+02:00,1687.360,1687.560,1684.310,1684.350,135
SQ:XAUUSD,2020-04-21T21:37:00+02:00,1684.350,1685.630,1683.790,1685.540,180
SQ:XAUUSD,2020-04-21T21:38:00+02:00,1685.540,1685.730,1683.160,1683.550,209
SQ:XAUUSD,2020-04-21T21:39:00+02:00,1683.350,1684.460,1682.670,1684.100,194
SQ:XAUUSD,2020-04-21T21:40:00+02:00,1684.360,1684.360,1682.630,1683.240,167
SQ:XAUUSD,2020-04-21T21:41:00+02:00,1683.240,1684.860,1682.480,1683.650,170
SQ:XAUUSD,2020-04-21T21:42:00+02:00,1683.540,1684.080,1683.160,1683.240,131
SQ:XAUUSD,2020-04-21T21:43:00+02:00,1683.330,1683.490,1681.540,1682.520,170
SQ:XAUUSD,2020-04-21T21:44:00+02:00,1682.520,1682.840,1681.690,1681.780,108
SQ:XAUUSD,2020-04-21T21:45:00+02:00,1681.690,1683.150,1681.690,1682.400,129
SQ:XAUUSD,2020-04-21T21:46:00+02:00,1682.400,1682.590,1681.410,1682.220,178
SQ:XAUUSD,2020-04-21T21:47:00+02:00,1681.670,1682.240,1681.530,1681.860,118
SQ:XAUUSD,2020-04-21T21:48:00+02:00,1681.900,1682.170,1680.860,1681.850,122
SQ:XAUUSD,2020-04-21T21:49:00+02:00,1681.890,1683.300,1681.640,1682.540,106
SQ:XAUUSD,2020-04-21T21:50:00+02:00,1682.540,1683.660,1682.060,1683.260,112
SQ:XAUUSD,2020-04-21T21:51:00+02:00,1683.270,1684.180,1682.650,1683.120,84
SQ:XAUUSD,2020-04-21T21:52:00+02:00,1683.120,1683.380,1681.500,1683.130,121
SQ:XAUUSD,2020-04-21T21:53:00+02:00,1682.850,1683.690,1682.710,1683.400,98
SQ:XAUUSD,2020-04-21T21:54:00+02:00,1683.400,1683.690,1682.290,1683.510,126
SQ:XAUUSD,2020-04-21T21:55:00+02:00,1683.510,1684.348,1682.156,1684.180,269
SQ:XAUUSD,2020-04-21T21:56:00+02:00,1684.180,1684.974,1682.920,1683.420,172
SQ:XAUUSD,2020-04-21T21:57:00+02:00,1683.420,1684.298,1682.830,1683.960,127
SQ:XAUUSD,2020-04-21T21:58:00+02:00,1683.960,1686.506,1683.580,1684.240,177
SQ:XAUUSD,2020-04-21T21:59:00+02:00,1684.240,1685.180,1684.100,1684.210,195
SQ:XAUUSD,2020-04-21T22:00:00+02:00,1684.210,1685.330,1684.070,1685.260,61
SQ:XAUUSD,2020-04-21T22:01:00+02:00,1685.250,1685.450,1683.518,1685.050,33
SQ:XAUUSD,2020-04-21T22:02:00+02:00,1685.050,1685.050,1683.200,1684.210,31
SQ:XAUUSD,2020-04-21T22:03:00+02:00,1684.210,1684.440,1683.540,1684.140,28
SQ:XAUUSD,2020-04-21T22:04:00+02:00,1684.150,1684.150,1682.450,1683.160,37
SQ:XAUUSD,2020-04-21T22:05:00+02:00,1683.160,1683.600,1681.450,1683.420,57
SQ:XAUUSD,2020-04-21T22:06:00+02:00,1683.430,1683.670,1683.430,1683.640,11
SQ:XAUUSD,2020-04-21T22:07:00+02:00,1683.640,1683.710,1683.070,1683.110,28
SQ:XAUUSD,2020-04-21T22:08:00+02:00,1683.110,1683.290,1682.990,1683.290,13
SQ:XAUUSD,2020-04-21T22:09:00+02:00,1683.290,1683.290,1683.170,1683.190,14
SQ:XAUUSD,2020-04-21T22:10:00+02:00,1683.190,1683.200,1682.740,1683.030,14
SQ:XAUUSD,2020-04-21T22:11:00+02:00,1683.030,1683.350,1681.770,1682.000,35
SQ:XAUUSD,2020-04-21T22:12:00+02:00,1682.000,1682.180,1681.440,1682.180,35
SQ:XAUUSD,2020-04-21T22:13:00+02:00,1682.180,1682.680,1682.160,1682.210,20
SQ:XAUUSD,2020-04-21T22:14:00+02:00,1682.210,1682.720,1682.200,1682.340,16
SQ:XAUUSD,2020-04-21T22:15:00+02:00,1682.340,1682.350,1681.850,1681.850,15
SQ:XAUUSD,2020-04-21T22:16:00+02:00,1682.110,1682.110,1679.790,1681.370,22
SQ:XAUUSD,2020-04-21T22:17:00+02:00,1681.420,1681.570,1681.100,1681.210,23
SQ:XAUUSD,2020-04-21T22:18:00+02:00,1681.210,1681.880,1681.210,1681.830,19
SQ:XAUUSD,2020-04-21T22:19:00+02:00,1681.850,1681.850,1681.670,1681.680,13
SQ:XAUUSD,2020-04-21T22:20:00+02:00,1681.680,1681.940,1680.250,1681.730,17
SQ:XAUUSD,2020-04-21T22:21:00+02:00,1681.740,1682.280,1680.470,1682.120,16
SQ:XAUUSD,2020-04-21T22:22:00+02:00,1682.120,1682.580,1681.180,1681.290,20
SQ:XAUUSD,2020-04-21T22:23:00+02:00,1681.290,1682.630,1681.290,1682.460,17
SQ:XAUUSD,2020-04-21T22:24:00+02:00,1682.460,1682.820,1681.540,1681.540,15
SQ:XAUUSD,2020-04-21T22:25:00+02:00,1681.540,1682.670,1678.700,1680.260,35
SQ:XAUUSD,2020-04-21T22:26:00+02:00,1680.250,1680.370,1678.080,1679.860,35
SQ:XAUUSD,2020-04-21T22:27:00+02:00,1679.890,1680.110,1679.870,1680.110,15
SQ:XAUUSD,2020-04-21T22:28:00+02:00,1680.120,1680.630,1680.120,1680.620,9
SQ:XAUUSD,2020-04-21T22:29:00+02:00,1680.620,1680.660,1679.170,1679.640,24
SQ:XAUUSD,2020-04-21T22:30:00+02:00,1679.640,1679.780,1679.030,1679.050,35
SQ:XAUUSD,2020-04-21T22:31:00+02:00,1679.050,1679.910,1678.950,1679.850,21
SQ:XAUUSD,2020-04-21T22:32:00+02:00,1679.860,1680.110,1679.760,1679.930,22
SQ:XAUUSD,2020-04-21T22:33:00+02:00,1679.930,1679.940,1679.840,1679.840,9
SQ:XAUUSD,2020-04-21T22:34:00+02:00,1679.850,1680.890,1679.850,1680.630,16
SQ:XAUUSD,2020-04-21T22:35:00+02:00,1680.630,1680.850,1680.240,1680.740,22
SQ:XAUUSD,2020-04-21T22:36:00+02:00,1680.740,1681.130,1680.740,1680.950,31
SQ:XAUUSD,2020-04-21T22:37:00+02:00,1680.950,1681.030,1680.420,1680.570,26
SQ:XAUUSD,2020-04-21T22:38:00+02:00,1680.600,1680.750,1680.350,1680.350,14
SQ:XAUUSD,2020-04-21T22:39:00+02:00,1680.350,1680.630,1680.350,1680.540,14
SQ:XAUUSD,2020-04-21T22:40:00+02:00,1680.550,1681.000,1680.550,1680.810,11
SQ:XAUUSD,2020-04-21T22:41:00+02:00,1680.810,1682.800,1680.810,1682.800,29
SQ:XAUUSD,2020-04-21T22:42:00+02:00,1682.800,1682.800,1681.630,1681.910,11
SQ:XAUUSD,2020-04-21T22:43:00+02:00,1681.980,1682.070,1681.720,1682.070,8
SQ:XAUUSD,2020-04-21T22:44:00+02:00,1682.060,1682.060,1682.020,1682.020,2
SQ:XAUUSD,2020-04-21T22:45:00+02:00,1682.020,1682.210,1681.650,1681.650,14
SQ:XAUUSD,2020-04-21T22:46:00+02:00,1681.660,1681.830,1681.390,1681.800,13
SQ:XAUUSD,2020-04-21T22:47:00+02:00,1681.750,1682.310,1681.750,1682.260,12
SQ:XAUUSD,2020-04-21T22:48:00+02:00,1682.270,1682.830,1682.220,1682.830,22
SQ:XAUUSD,2020-04-21T22:49:00+02:00,1682.510,1682.670,1682.190,1682.290,49
SQ:XAUUSD,2020-04-21T22:50:00+02:00,1682.300,1684.000,1682.280,1682.460,20
SQ:XAUUSD,2020-04-21T22:51:00+02:00,1682.490,1683.040,1682.490,1682.800,12
SQ:XAUUSD,2020-04-21T22:52:00+02:00,1682.820,1684.600,1682.570,1682.700,14
SQ:XAUUSD,2020-04-21T22:53:00+02:00,1682.710,1684.700,1682.710,1682.870,12
SQ:XAUUSD,2020-04-21T22:54:00+02:00,1682.840,1682.960,1682.690,1682.910,11
SQ:XAUUSD,2020-04-22T00:01:00+02:00,1681.460,1686.460,1681.460,1686.400,40
SQ:XAUUSD,2020-04-22T00:02:00+02:00,1686.400,1686.790,1686.030,1686.030,20
SQ:XAUUSD,2020-04-22T00:03:00+02:00,1686.030,1686.030,1684.940,1684.940,18
SQ:XAUUSD,2020-04-22T00:04:00+02:00,1684.940,1685.650,1682.670,1683.270,49
SQ:XAUUSD,2020-04-22T00:05:00+02:00,1683.270,1684.890,1682.840,1684.840,89
SQ:XAUUSD,2020-04-22T00:06:00+02:00,1684.840,1685.570,1684.740,1685.570,41
SQ:XAUUSD,2020-04-22T00:07:00+02:00,1685.570,1686.050,1684.970,1686.050,39
SQ:XAUUSD,2020-04-22T00:08:00+02:00,1686.050,1687.728,1685.560,1687.728,63
SQ:XAUUSD,2020-04-22T00:09:00+02:00,1687.728,1688.608,1687.020,1688.060,50
SQ:XAUUSD,2020-04-22T00:10:00+02:00,1687.930,1687.930,1686.168,1686.168,97
SQ:XAUUSD,2020-04-22T00:11:00+02:00,1686.172,1687.440,1685.728,1686.810,74
SQ:XAUUSD,2020-04-22T00:12:00+02:00,1686.740,1687.900,1686.342,1686.560,62
SQ:XAUUSD,2020-04-22T00:13:00+02:00,1686.540,1687.160,1686.320,1687.110,32
SQ:XAUUSD,2020-04-22T00:14:00+02:00,1687.110,1687.110,1686.620,1686.690,13
SQ:XAUUSD,2020-04-22T00:15:00+02:00,1686.750,1687.590,1686.750,1687.480,45
SQ:XAUUSD,2020-04-22T00:16:00+02:00,1687.410,1688.090,1687.340,1687.660,33
SQ:XAUUSD,2020-04-22T00:17:00+02:00,1687.660,1687.950,1687.290,1687.900,45
SQ:XAUUSD,2020-04-22T00:18:00+02:00,1687.860,1688.310,1687.490,1687.670,40
SQ:XAUUSD,2020-04-22T00:19:00+02:00,1687.670,1687.860,1687.320,1687.560,31
SQ:XAUUSD,2020-04-22T00:20:00+02:00,1687.560,1687.770,1686.522,1686.592,26
SQ:XAUUSD,2020-04-22T00:21:00+02:00,1686.598,1686.718,1686.514,1686.648,27
SQ:XAUUSD,2020-04-22T00:22:00+02:00,1686.602,1686.698,1686.328,1686.330,25
SQ:XAUUSD,2020-04-22T00:23:00+02:00,1686.326,1686.788,1686.326,1686.662,29
SQ:XAUUSD,2020-04-22T00:24:00+02:00,1686.650,1687.192,1686.130,1686.160,23
SQ:XAUUSD,2020-04-22T00:25:00+02:00,1686.160,1686.270,1685.848,1686.070,22
SQ:XAUUSD,2020-04-22T00:26:00+02:00,1686.020,1686.290,1686.020,1686.060,9
SQ:XAUUSD,2020-04-22T00:27:00+02:00,1686.060,1686.300,1685.830,1686.040,17
SQ:XAUUSD,2020-04-22T00:28:00+02:00,1686.040,1686.200,1684.840,1685.130,42
SQ:XAUUSD,2020-04-22T00:29:00+02:00,1685.130,1685.130,1684.920,1685.010,9
SQ:XAUUSD,2020-04-22T00:30:00+02:00,1685.010,1685.680,1685.010,1685.680,18
SQ:XAUUSD,2020-04-22T00:31:00+02:00,1685.700,1686.500,1685.700,1686.400,23
SQ:XAUUSD,2020-04-22T00:32:00+02:00,1686.390,1686.410,1686.250,1686.280,13
SQ:XAUUSD,2020-04-22T00:33:00+02:00,1686.280,1686.280,1685.690,1685.810,18
SQ:XAUUSD,2020-04-22T00:34:00+02:00,1685.810,1686.400,1685.810,1686.390,20
SQ:XAUUSD,2020-04-22T00:35:00+02:00,1686.690,1686.930,1686.640,1686.900,20
SQ:XAUUSD,2020-04-22T00:36:00+02:00,1686.820,1686.990,1686.520,1686.540,20
SQ:XAUUSD,2020-04-22T00:37:00+02:00,1686.540,1686.540,1686.360,1686.530,9
SQ:XAUUSD,2020-04-22T00:38:00+02:00,1686.530,1686.630,1686.520,1686.630,15
SQ:XAUUSD,2020-04-22T00:39:00+02:00,1686.630,1687.190,1686.470,1687.190,18
SQ:XAUUSD,2020-04-22T00:40:00+02:00,1687.180,1687.220,1686.800,1686.998,29
SQ:XAUUSD,2020-04-22T00:41:00+02:00,1686.998,1687.100,1686.860,1686.860,27
SQ:XAUUSD,2020-04-22T00:42:00+02:00,1686.840,1686.840,1686.740,1686.740,9
SQ:XAUUSD,2020-04-22T00:43:00+02:00,1686.740,1686.740,1686.520,1686.570,9
SQ:XAUUSD,2020-04-22T00:44:00+02:00,1686.540,1686.650,1685.918,1686.430,20
SQ:XAUUSD,2020-04-22T00:45:00+02:00,1686.410,1686.820,1686.410,1686.550,11
SQ:XAUUSD,2020-04-22T00:46:00+02:00,1686.580,1686.730,1686.580,1686.670,11
SQ:XAUUSD,2020-04-22T00:47:00+02:00,1686.640,1686.640,1686.090,1686.310,20
SQ:XAUUSD,2020-04-22T00:48:00+02:00,1686.330,1686.330,1685.334,1685.414,28
SQ:XAUUSD,2020-04-22T00:49:00+02:00,1685.408,1685.562,1685.254,1685.498,30
SQ:XAUUSD,2020-04-22T00:50:00+02:00,1685.538,1685.830,1685.500,1685.760,18
SQ:XAUUSD,2020-04-22T00:51:00+02:00,1685.770,1685.790,1684.790,1684.910,17
SQ:XAUUSD,2020-04-22T00:52:00+02:00,1684.950,1685.030,1684.670,1685.000,18
SQ:XAUUSD,2020-04-22T00:53:00+02:00,1685.000,1685.000,1684.320,1684.380,29
SQ:XAUUSD,2020-04-22T00:54:00+02:00,1684.380,1684.420,1683.700,1683.700,25
SQ:XAUUSD,2020-04-22T00:55:00+02:00,1683.700,1684.570,1683.700,1684.570,16
SQ:XAUUSD,2020-04-22T00:56:00+02:00,1684.570,1685.130,1684.530,1685.090,17
SQ:XAUUSD,2020-04-22T00:57:00+02:00,1685.110,1685.390,1684.650,1684.680,17
SQ:XAUUSD,2020-04-22T00:58:00+02:00,1684.700,1685.560,1684.700,1685.320,26
SQ:XAUUSD,2020-04-22T00:59:00+02:00,1685.320,1685.560,1685.150,1685.460,6
SQ:XAUUSD,2020-04-22T01:00:00+02:00,1685.460,1685.610,1685.030,1685.320,16
SQ:XAUUSD,2020-04-22T01:01:00+02:00,1685.320,1685.460,1685.060,1685.460,12
SQ:XAUUSD,2020-04-22T01:02:00+02:00,1685.610,1685.610,1685.610,1685.610,1
SQ:XAUUSD,2020-04-22T01:03:00+02:00,1685.610,1685.930,1685.570,1685.570,15
SQ:XAUUSD,2020-04-22T01:04:00+02:00,1685.700,1685.760,1685.430,1685.730,9
SQ:XAUUSD,2020-04-22T01:05:00+02:00,1685.410,1685.710,1684.900,1685.270,28
SQ:XAUUSD,2020-04-22T01:06:00+02:00,1685.310,1685.310,1684.890,1684.970,13
SQ:XAUUSD,2020-04-22T01:07:00+02:00,1684.960,1684.990,1684.400,1684.400,19
SQ:XAUUSD,2020-04-22T01:08:00+02:00,1684.410,1684.690,1683.920,1684.250,25
SQ:XAUUSD,2020-04-22T01:09:00+02:00,1684.250,1684.650,1683.750,1683.750,18
SQ:XAUUSD,2020-04-22T01:10:00+02:00,1683.660,1684.110,1683.640,1684.110,8
SQ:XAUUSD,2020-04-22T01:11:00+02:00,1684.110,1684.290,1684.110,1684.250,6
SQ:XAUUSD,2020-04-22T01:12:00+02:00,1684.250,1684.250,1684.170,1684.250,4
SQ:XAUUSD,2020-04-22T01:13:00+02:00,1684.250,1684.250,1684.180,1684.190,3
SQ:XAUUSD,2020-04-22T01:14:00+02:00,1684.140,1684.290,1683.970,1684.040,16
SQ:XAUUSD,2020-04-22T01:15:00+02:00,1684.060,1684.460,1683.840,1684.040,10
SQ:XAUUSD,2020-04-22T01:16:00+02:00,1684.040,1684.040,1683.342,1683.490,27
SQ:XAUUSD,2020-04-22T01:17:00+02:00,1683.500,1683.750,1683.292,1683.520,36
SQ:XAUUSD,2020-04-22T01:18:00+02:00,1683.520,1684.260,1683.520,1684.260,11
SQ:XAUUSD,2020-04-22T01:19:00+02:00,1684.310,1684.790,1684.140,1684.510,36
SQ:XAUUSD,2020-04-22T01:20:00+02:00,1684.510,1684.790,1683.980,1684.470,24
SQ:XAUUSD,2020-04-22T01:21:00+02:00,1684.470,1684.790,1684.460,1684.460,12
SQ:XAUUSD,2020-04-22T01:22:00+02:00,1684.460,1684.830,1684.460,1684.830,6
SQ:XAUUSD,2020-04-22T01:23:00+02:00,1684.600,1684.790,1684.260,1684.610,27
SQ:XAUUSD,2020-04-22T01:24:00+02:00,1684.610,1684.730,1684.310,1684.690,9
SQ:XAUUSD,2020-04-22T01:25:00+02:00,1684.730,1685.530,1684.730,1685.340,21
SQ:XAUUSD,2020-04-22T01:26:00+02:00,1685.340,1685.920,1685.270,1685.920,37
SQ:XAUUSD,2020-04-22T01:27:00+02:00,1685.940,1685.980,1685.388,1685.770,37
SQ:XAUUSD,2020-04-22T01:28:00+02:00,1685.770,1685.770,1685.232,1685.258,11
SQ:XAUUSD,2020-04-22T01:29:00+02:00,1685.290,1685.518,1685.150,1685.512,19
SQ:XAUUSD,2020-04-22T01:30:00+02:00,1685.522,1685.522,1684.948,1684.968,26
SQ:XAUUSD,2020-04-22T01:31:00+02:00,1684.968,1685.220,1684.968,1685.080,14
SQ:XAUUSD,2020-04-22T01:32:00+02:00,1685.220,1685.360,1685.100,1685.120,10
SQ:XAUUSD,2020-04-22T01:33:00+02:00,1685.120,1685.130,1684.770,1684.840,24
SQ:XAUUSD,2020-04-22T01:34:00+02:00,1684.772,1686.130,1684.672,1686.040,27
SQ:XAUUSD,2020-04-22T01:35:00+02:00,1686.090,1686.180,1685.810,1685.850,23
SQ:XAUUSD,2020-04-22T01:36:00+02:00,1685.850,1685.860,1684.930,1685.248,35
SQ:XAUUSD,2020-04-22T01:37:00+02:00,1685.268,1685.892,1685.248,1685.742,33
SQ:XAUUSD,2020-04-22T01:38:00+02:00,1685.762,1686.262,1685.762,1685.968,44
SQ:XAUUSD,2020-04-22T01:39:00+02:00,1685.968,1686.720,1685.962,1686.710,38
SQ:XAUUSD,2020-04-22T01:40:00+02:00,1686.710,1687.160,1686.470,1686.470,39
SQ:XAUUSD,2020-04-22T01:41:00+02:00,1686.470,1686.950,1686.310,1686.830,20
SQ:XAUUSD,2020-04-22T01:42:00+02:00,1686.830,1687.000,1686.250,1686.420,47
SQ:XAUUSD,2020-04-22T01:43:00+02:00,1686.420,1686.660,1686.210,1686.660,16
SQ:XAUUSD,2020-04-22T01:44:00+02:00,1686.660,1687.790,1686.380,1687.310,48
SQ:XAUUSD,2020-04-22T01:45:00+02:00,1687.170,1688.542,1687.170,1687.388,97
SQ:XAUUSD,2020-04-22T01:46:00+02:00,1687.358,1688.138,1687.180,1688.138,90
SQ:XAUUSD,2020-04-22T01:47:00+02:00,1688.154,1688.284,1686.908,1687.230,53
SQ:XAUUSD,2020-04-22T01:48:00+02:00,1688.078,1688.078,1687.240,1687.730,31
SQ:XAUUSD,2020-04-22T01:49:00+02:00,1687.750,1688.636,1687.270,1687.750,44
SQ:XAUUSD,2020-04-22T01:50:00+02:00,1687.700,1687.700,1687.270,1687.488,22
SQ:XAUUSD,2020-04-22T01:51:00+02:00,1687.550,1688.330,1687.540,1687.610,13
SQ:XAUUSD,2020-04-22T01:52:00+02:00,1687.610,1689.450,1687.590,1688.304,78
SQ:XAUUSD,2020-04-22T01:53:00+02:00,1688.384,1689.422,1687.950,1688.096,86
SQ:XAUUSD,2020-04-22T01:54:00+02:00,1689.166,1689.348,1688.150,1688.576,46
SQ:XAUUSD,2020-04-22T01:55:00+02:00,1688.576,1689.322,1686.910,1687.560,107
SQ:XAUUSD,2020-04-22T01:56:00+02:00,1687.786,1688.302,1687.130,1687.680,58
SQ:XAUUSD,2020-04-22T01:57:00+02:00,1687.680,1688.410,1687.370,1687.370,28
SQ:XAUUSD,2020-04-22T01:58:00+02:00,1687.370,1688.602,1687.370,1687.780,45
SQ:XAUUSD,2020-04-22T01:59:00+02:00,1687.780,1687.800,1686.960,1687.422,55
SQ:XAUUSD,2020-04-22T02:00:00+02:00,1687.488,1687.790,1686.320,1686.390,54
SQ:XAUUSD,2020-04-22T02:01:00+02:00,1686.400,1687.230,1686.390,1687.220,35
SQ:XAUUSD,2020-04-22T02:02:00+02:00,1687.240,1687.540,1686.710,1687.330,53
SQ:XAUUSD,2020-04-22T02:03:00+02:00,1686.860,1687.210,1686.250,1687.140,58
SQ:XAUUSD,2020-04-22T02:04:00+02:00,1687.140,1687.630,1686.500,1686.500,33
SQ:XAUUSD,2020-04-22T02:05:00+02:00,1686.500,1687.000,1686.090,1686.540,41
SQ:XAUUSD,2020-04-22T02:06:00+02:00,1686.540,1687.060,1686.400,1686.410,38
SQ:XAUUSD,2020-04-22T02:07:00+02:00,1686.722,1686.942,1686.190,1686.620,72
SQ:XAUUSD,2020-04-22T02:08:00+02:00,1686.620,1686.620,1685.280,1685.480,131
SQ:XAUUSD,2020-04-22T02:09:00+02:00,1685.522,1686.318,1685.470,1686.150,68
SQ:XAUUSD,2020-04-22T02:10:00+02:00,1686.254,1686.540,1686.170,1686.350,39
SQ:XAUUSD,2020-04-22T02:11:00+02:00,1686.350,1686.482,1686.030,1686.170,29
SQ:XAUUSD,2020-04-22T02:12:00+02:00,1686.170,1686.388,1685.570,1685.790,43
SQ:XAUUSD,2020-04-22T02:13:00+02:00,1685.790,1686.458,1685.520,1685.560,41
SQ:XAUUSD,2020-04-22T02:14:00+02:00,1685.560,1686.506,1685.560,1685.760,38
SQ:XAUUSD,2020-04-22T02:15:00+02:00,1685.760,1685.918,1685.400,1685.548,54
SQ:XAUUSD,2020-04-22T02:16:00+02:00,1685.472,1686.728,1685.470,1685.520,35
SQ:XAUUSD,2020-04-22T02:17:00+02:00,1685.540,1686.990,1685.510,1686.840,47
SQ:XAUUSD,2020-04-22T02:18:00+02:00,1686.890,1687.230,1686.400,1687.130,38
SQ:XAUUSD,2020-04-22T02:19:00+02:00,1687.130,1688.868,1687.090,1688.090,80
SQ:XAUUSD,2020-04-22T02:20:00+02:00,1688.100,1688.484,1686.550,1686.560,37
SQ:XAUUSD,2020-04-22T02:21:00+02:00,1686.560,1687.170,1686.310,1687.030,42
SQ:XAUUSD,2020-04-22T02:22:00+02:00,1687.030,1687.808,1686.660,1687.090,51
SQ:XAUUSD,2020-04-22T02:23:00+02:00,1687.090,1687.520,1686.500,1686.878,75
SQ:XAUUSD,2020-04-22T02:24:00+02:00,1686.998,1687.008,1686.110,1686.290,57
SQ:XAUUSD,2020-04-22T02:25:00+02:00,1686.300,1686.600,1685.340,1686.228,66
SQ:XAUUSD,2020-04-22T02:26:00+02:00,1686.018,1686.032,1684.710,1684.750,96
SQ:XAUUSD,2020-04-22T02:27:00+02:00,1685.060,1685.140,1683.880,1684.560,79
SQ:XAUUSD,2020-04-22T02:28:00+02:00,1684.560,1684.560,1683.580,1684.382,191
SQ:XAUUSD,2020-04-22T02:29:00+02:00,1684.430,1684.430,1683.740,1683.830,143
SQ:XAUUSD,2020-04-22T02:30:00+02:00,1683.830,1684.690,1683.620,1684.520,130
SQ:XAUUSD,2020-04-22T02:31:00+02:00,1684.520,1684.810,1684.140,1684.810,51
SQ:XAUUSD,2020-04-22T02:32:00+02:00,1684.750,1685.630,1684.370,1684.880,62
SQ:XAUUSD,2020-04-22T02:33:00+02:00,1684.880,1685.550,1684.490,1685.110,51
SQ:XAUUSD,2020-04-22T02:34:00+02:00,1685.110,1685.540,1684.880,1685.190,57
SQ:XAUUSD,2020-04-22T02:35:00+02:00,1685.190,1687.030,1685.190,1686.340,96
SQ:XAUUSD,2020-04-22T02:36:00+02:00,1686.340,1686.480,1685.258,1685.670,74
SQ:XAUUSD,2020-04-22T02:37:00+02:00,1685.630,1686.670,1685.220,1686.420,50
SQ:XAUUSD,2020-04-22T02:38:00+02:00,1686.420,1686.710,1686.130,1686.310,58
SQ:XAUUSD,2020-04-22T02:39:00+02:00,1686.310,1686.690,1686.020,1686.330,28
SQ:XAUUSD,2020-04-22T02:40:00+02:00,1686.330,1686.610,1686.030,1686.150,25
SQ:XAUUSD,2020-04-22T02:41:00+02:00,1686.150,1687.228,1686.000,1687.030,49
SQ:XAUUSD,2020-04-22T02:42:00+02:00,1687.030,1687.362,1686.180,1686.268,72
SQ:XAUUSD,2020-04-22T02:43:00+02:00,1686.328,1686.940,1686.070,1686.412,63
SQ:XAUUSD,2020-04-22T02:44:00+02:00,1686.410,1687.840,1686.410,1687.130,155
SQ:XAUUSD,2020-04-22T02:45:00+02:00,1687.130,1687.210,1686.440,1686.730,48
SQ:XAUUSD,2020-04-22T02:46:00+02:00,1686.730,1686.910,1686.340,1686.610,31
SQ:XAUUSD,2020-04-22T02:47:00+02:00,1686.610,1686.932,1686.610,1686.750,27
SQ:XAUUSD,2020-04-22T02:48:00+02:00,1686.650,1686.980,1686.590,1686.900,53
SQ:XAUUSD,2020-04-22T02:49:00+02:00,1686.920,1686.970,1686.500,1686.500,38
SQ:XAUUSD,2020-04-22T02:50:00+02:00,1686.500,1686.958,1686.162,1686.740,73
SQ:XAUUSD,2020-04-22T02:51:00+02:00,1686.700,1686.740,1686.570,1686.570,23
SQ:XAUUSD,2020-04-22T02:52:00+02:00,1686.570,1686.570,1686.570,1686.570,1
SQ:XAUUSD,2020-04-22T02:53:00+02:00,1686.570,1686.570,1686.370,1686.430,10
SQ:XAUUSD,2020-04-22T02:54:00+02:00,1686.430,1687.240,1686.370,1686.960,46
SQ:XAUUSD,2020-04-22T02:55:00+02:00,1686.960,1687.050,1686.770,1686.860,37
SQ:XAUUSD,2020-04-22T02:56:00+02:00,1686.830,1686.980,1686.770,1686.810,36
SQ:XAUUSD,2020-04-22T02:57:00+02:00,1686.810,1686.810,1686.770,1686.810,15
SQ:XAUUSD,2020-04-22T02:58:00+02:00,1686.770,1686.810,1686.590,1686.650,21
SQ:XAUUSD,2020-04-22T02:59:00+02:00,1686.650,1686.840,1686.590,1686.760,41
SQ:XAUUSD,2020-04-22T03:00:00+02:00,1686.680,1687.950,1685.780,1686.090,148
SQ:XAUUSD,2020-04-22T03:01:00+02:00,1686.090,1686.174,1684.330,1685.430,236
SQ:XAUUSD,2020-04-22T03:02:00+02:00,1685.390,1685.960,1684.600,1685.650,134
SQ:XAUUSD,2020-04-22T03:03:00+02:00,1685.650,1686.550,1685.550,1685.980,97
SQ:XAUUSD,2020-04-22T03:04:00+02:00,1685.980,1687.470,1685.850,1687.440,121
SQ:XAUUSD,2020-04-22T03:05:00+02:00,1687.530,1687.590,1686.490,1686.800,80
SQ:XAUUSD,2020-04-22T03:06:00+02:00,1686.800,1687.730,1686.610,1686.800,79
SQ:XAUUSD,2020-04-22T03:07:00+02:00,1687.040,1687.040,1685.440,1686.460,110
SQ:XAUUSD,2020-04-22T03:08:00+02:00,1686.460,1687.390,1686.460,1687.190,59
SQ:XAUUSD,2020-04-22T03:09:00+02:00,1687.190,1687.190,1686.230,1686.760,43
SQ:XAUUSD,2020-04-22T03:10:00+02:00,1686.760,1689.358,1686.740,1689.280,123
SQ:XAUUSD,2020-04-22T03:11:00+02:00,1689.280,1689.760,1688.560,1689.760,387
SQ:XAUUSD,2020-04-22T03:12:00+02:00,1689.820,1690.680,1688.960,1689.950,165
SQ:XAUUSD,2020-04-22T03:13:00+02:00,1689.910,1689.910,1688.800,1689.170,77
SQ:XAUUSD,2020-04-22T03:14:00+02:00,1689.110,1689.600,1689.110,1689.210,59
SQ:XAUUSD,2020-04-22T03:15:00+02:00,1689.210,1691.090,1689.210,1689.880,144
SQ:XAUUSD,2020-04-22T03:16:00+02:00,1689.820,1689.980,1688.910,1689.310,70
SQ:XAUUSD,2020-04-22T03:17:00+02:00,1689.280,1689.280,1687.930,1688.230,66
SQ:XAUUSD,2020-04-22T03:18:00+02:00,1688.260,1688.910,1688.010,1688.300,75
SQ:XAUUSD,2020-04-22T03:19:00+02:00,1688.320,1689.520,1687.760,1689.520,61
SQ:XAUUSD,2020-04-22T03:20:00+02:00,1689.520,1689.830,1689.440,1689.830,13
SQ:XAUUSD,2020-04-22T03:21:00+02:00,1689.830,1691.090,1689.830,1690.330,128
SQ:XAUUSD,2020-04-22T03:22:00+02:00,1690.330,1690.530,1689.810,1690.120,25
SQ:XAUUSD,2020-04-22T03:23:00+02:00,1690.140,1691.440,1689.960,1690.000,119
SQ:XAUUSD,2020-04-22T03:24:00+02:00,1690.000,1690.440,1689.760,1689.880,73
SQ:XAUUSD,2020-04-22T03:25:00+02:00,1689.880,1689.880,1689.480,1689.550,26
SQ:XAUUSD,2020-04-22T03:26:00+02:00,1689.500,1689.500,1687.630,1687.730,88
SQ:XAUUSD,2020-04-22T03:27:00+02:00,1687.800,1688.110,1687.030,1687.400,90
SQ:XAUUSD,2020-04-22T03:28:00+02:00,1687.400,1688.450,1687.310,1687.820,36
SQ:XAUUSD,2020-04-22T03:29:00+02:00,1687.850,1688.090,1687.240,1687.970,71
SQ:XAUUSD,2020-04-22T03:30:00+02:00,1688.030,1689.460,1686.770,1687.200,142
SQ:XAUUSD,2020-04-22T03:31:00+02:00,1687.300,1687.920,1687.120,1687.760,74
SQ:XAUUSD,2020-04-22T03:32:00+02:00,1687.760,1688.324,1686.860,1687.620,66
SQ:XAUUSD,2020-04-22T03:33:00+02:00,1687.620,1688.166,1686.980,1687.510,201
SQ:XAUUSD,2020-04-22T03:34:00+02:00,1687.510,1688.150,1686.110,1688.040,71
SQ:XAUUSD,2020-04-22T03:35:00+02:00,1688.040,1688.460,1688.040,1688.390,41
SQ:XAUUSD,2020-04-22T03:36:00+02:00,1688.390,1688.978,1687.768,1688.510,64
SQ:XAUUSD,2020-04-22T03:37:00+02:00,1688.738,1689.110,1688.650,1689.050,47
SQ:XAUUSD,2020-04-22T03:38:00+02:00,1689.050,1689.080,1687.250,1687.380,55
SQ:XAUUSD,2020-04-22T03:39:00+02:00,1687.450,1687.990,1686.010,1686.300,73
SQ:XAUUSD,2020-04-22T03:40:00+02:00,1686.460,1687.800,1685.780,1687.390,83
SQ:XAUUSD,2020-04-22T03:41:00+02:00,1687.390,1687.840,1687.290,1687.450,28
SQ:XAUUSD,2020-04-22T03:42:00+02:00,1687.450,1687.450,1686.890,1686.910,35
SQ:XAUUSD,2020-04-22T03:43:00+02:00,1686.910,1687.280,1686.640,1687.120,40
SQ:XAUUSD,2020-04-22T03:44:00+02:00,1687.160,1687.658,1686.710,1687.220,50
SQ:XAUUSD,2020-04-22T03:45:00+02:00,1687.220,1687.628,1686.830,1687.388,38
SQ:XAUUSD,2020-04-22T03:46:00+02:00,1687.308,1687.308,1686.130,1686.340,76
SQ:XAUUSD,2020-04-22T03:47:00+02:00,1686.340,1686.700,1685.498,1686.130,110
SQ:XAUUSD,2020-04-22T03:48:00+02:00,1686.130,1686.740,1685.830,1685.990,100
SQ:XAUUSD,2020-04-22T03:49:00+02:00,1685.980,1686.580,1685.730,1686.430,42
SQ:XAUUSD,2020-04-22T03:50:00+02:00,1686.390,1686.770,1686.000,1686.240,53
SQ:XAUUSD,2020-04-22T03:51:00+02:00,1686.270,1687.240,1686.200,1686.860,77
SQ:XAUUSD,2020-04-22T03:52:00+02:00,1686.880,1687.210,1686.200,1687.150,76
SQ:XAUUSD,2020-04-22T03:53:00+02:00,1687.150,1687.450,1686.370,1687.180,54
SQ:XAUUSD,2020-04-22T03:54:00+02:00,1687.180,1687.990,1687.010,1687.990,48
SQ:XAUUSD,2020-04-22T03:55:00+02:00,1687.960,1688.630,1687.910,1688.460,62
SQ:XAUUSD,2020-04-22T03:56:00+02:00,1688.460,1688.830,1688.080,1688.180,50
SQ:XAUUSD,2020-04-22T03:57:00+02:00,1688.370,1688.620,1687.480,1687.516,58
SQ:XAUUSD,2020-04-22T03:58:00+02:00,1687.550,1688.150,1687.540,1687.760,26
SQ:XAUUSD,2020-04-22T03:59:00+02:00,1687.720,1687.760,1687.000,1687.200,52
SQ:XAUUSD,2020-04-22T04:00:00+02:00,1687.200,1687.480,1687.180,1687.280,12
SQ:XAUUSD,2020-04-22T04:01:00+02:00,1687.280,1687.280,1687.280,1687.280,1
SQ:XAUUSD,2020-04-22T04:02:00+02:00,1687.280,1687.280,1685.680,1685.860,68
SQ:XAUUSD,2020-04-22T04:03:00+02:00,1685.920,1685.920,1685.220,1685.740,51
SQ:XAUUSD,2020-04-22T04:04:00+02:00,1685.740,1686.000,1685.460,1685.770,47
SQ:XAUUSD,2020-04-22T04:05:00+02:00,1685.840,1686.510,1685.740,1686.280,53
SQ:XAUUSD,2020-04-22T04:06:00+02:00,1686.280,1686.470,1686.110,1686.110,30
SQ:XAUUSD,2020-04-22T04:07:00+02:00,1686.110,1686.280,1686.020,1686.200,41
SQ:XAUUSD,2020-04-22T04:08:00+02:00,1686.200,1687.320,1686.110,1687.026,34
SQ:XAUUSD,2020-04-22T04:09:00+02:00,1687.040,1688.550,1686.970,1688.180,93
SQ:XAUUSD,2020-04-22T04:10:00+02:00,1688.180,1688.180,1686.820,1687.270,308
SQ:XAUUSD,2020-04-22T04:11:00+02:00,1687.270,1688.198,1687.190,1687.750,138
SQ:XAUUSD,2020-04-22T04:12:00+02:00,1687.810,1688.020,1687.430,1687.540,55
SQ:XAUUSD,2020-04-22T04:13:00+02:00,1687.520,1688.600,1687.520,1687.760,72
SQ:XAUUSD,2020-04-22T04:14:00+02:00,1687.700,1687.930,1687.460,1687.720,53
SQ:XAUUSD,2020-04-22T04:15:00+02:00,1687.720,1689.024,1687.720,1688.204,87
SQ:XAUUSD,2020-04-22T04:16:00+02:00,1688.204,1689.224,1687.900,1688.810,50
SQ:XAUUSD,2020-04-22T04:17:00+02:00,1688.810,1688.964,1688.100,1688.150,31
SQ:XAUUSD,2020-04-22T04:18:00+02:00,1688.150,1688.680,1687.150,1687.330,32
SQ:XAUUSD,2020-04-22T04:19:00+02:00,1687.300,1687.300,1686.050,1686.850,78
SQ:XAUUSD,2020-04-22T04:20:00+02:00,1686.850,1687.674,1685.670,1686.410,101
SQ:XAUUSD,2020-04-22T04:21:00+02:00,1686.400,1686.964,1685.630,1686.064,45
SQ:XAUUSD,2020-04-22T04:22:00+02:00,1686.474,1686.784,1685.950,1686.526,53
SQ:XAUUSD,2020-04-22T04:23:00+02:00,1686.544,1687.214,1686.174,1686.340,63
SQ:XAUUSD,2020-04-22T04:24:00+02:00,1686.340,1686.734,1686.030,1686.504,25
SQ:XAUUSD,2020-04-22T04:25:00+02:00,1686.504,1686.584,1686.030,1686.584,33
SQ:XAUUSD,2020-04-22T04:26:00+02:00,1686.564,1687.014,1686.030,1686.310,36
SQ:XAUUSD,2020-04-22T04:27:00+02:00,1686.310,1686.410,1686.030,1686.340,33
SQ:XAUUSD,2020-04-22T04:28:00+02:00,1686.340,1686.664,1686.200,1686.250,18
SQ:XAUUSD,2020-04-22T04:29:00+02:00,1686.250,1686.440,1686.076,1686.420,19
SQ:XAUUSD,2020-04-22T04:30:00+02:00,1686.390,1686.450,1686.320,1686.450,15
SQ:XAUUSD,2020-04-22T04:31:00+02:00,1686.450,1686.450,1685.390,1685.390,34
SQ:XAUUSD,2020-04-22T04:32:00+02:00,1685.380,1685.920,1685.340,1685.640,41
SQ:XAUUSD,2020-04-22T04:33:00+02:00,1685.600,1685.740,1685.480,1685.690,36
SQ:XAUUSD,2020-04-22T04:34:00+02:00,1685.690,1685.790,1685.580,1685.610,33
SQ:XAUUSD,2020-04-22T04:35:00+02:00,1685.620,1685.620,1685.010,1685.230,79
SQ:XAUUSD,2020-04-22T04:36:00+02:00,1685.230,1685.840,1684.970,1685.330,69
SQ:XAUUSD,2020-04-22T04:37:00+02:00,1685.310,1686.000,1685.130,1685.430,67
SQ:XAUUSD,2020-04-22T04:38:00+02:00,1685.410,1685.650,1685.330,1685.580,26
SQ:XAUUSD,2020-04-22T04:39:00+02:00,1685.510,1686.520,1685.430,1686.390,55
SQ:XAUUSD,2020-04-22T04:40:00+02:00,1686.390,1686.500,1685.360,1685.630,42
SQ:XAUUSD,2020-04-22T04:41:00+02:00,1685.670,1685.700,1685.400,1685.430,26
SQ:XAUUSD,2020-04-22T04:42:00+02:00,1685.500,1686.340,1685.500,1686.290,51
SQ:XAUUSD,2020-04-22T04:43:00+02:00,1686.330,1686.330,1683.150,1684.280,92
SQ:XAUUSD,2020-04-22T04:44:00+02:00,1684.250,1684.430,1682.710,1682.850,94
SQ:XAUUSD,2020-04-22T04:45:00+02:00,1682.850,1684.410,1682.370,1683.320,85
SQ:XAUUSD,2020-04-22T04:46:00+02:00,1683.370,1683.784,1682.870,1683.180,83
SQ:XAUUSD,2020-04-22T04:47:00+02:00,1683.180,1684.166,1682.860,1684.006,133
SQ:XAUUSD,2020-04-22T04:48:00+02:00,1684.006,1684.582,1683.750,1684.300,49
SQ:XAUUSD,2020-04-22T04:49:00+02:00,1684.362,1684.624,1684.270,1684.500,24
SQ:XAUUSD,2020-04-22T04:50:00+02:00,1684.500,1684.884,1683.950,1684.664,50
SQ:XAUUSD,2020-04-22T04:51:00+02:00,1684.654,1685.154,1684.214,1684.854,66
SQ:XAUUSD,2020-04-22T04:52:00+02:00,1684.644,1684.894,1684.350,1684.804,46
SQ:XAUUSD,2020-04-22T04:53:00+02:00,1684.824,1684.990,1684.600,1684.990,41
SQ:XAUUSD,2020-04-22T04:54:00+02:00,1684.924,1684.924,1684.380,1684.554,33
SQ:XAUUSD,2020-04-22T04:55:00+02:00,1684.554,1684.554,1684.360,1684.520,30
SQ:XAUUSD,2020-04-22T04:56:00+02:00,1684.510,1685.080,1684.140,1685.020,41
SQ:XAUUSD,2020-04-22T04:57:00+02:00,1685.020,1685.084,1684.870,1684.944,55
SQ:XAUUSD,2020-04-22T04:58:00+02:00,1684.924,1685.090,1684.924,1685.080,112
SQ:XAUUSD,2020-04-22T04:59:00+02:00,1685.050,1685.090,1685.050,1685.090,7
SQ:XAUUSD,2020-04-22T05:00:00+02:00,1685.090,1685.090,1684.330,1684.330,14
SQ:XAUUSD,2020-04-22T05:01:00+02:00,1684.330,1684.330,1683.760,1684.250,43
SQ:XAUUSD,2020-04-22T05:02:00+02:00,1684.250,1684.604,1683.966,1684.170,41
SQ:XAUUSD,2020-04-22T05:03:00+02:00,1684.170,1684.170,1683.730,1683.880,31
SQ:XAUUSD,2020-04-22T05:04:00+02:00,1683.880,1684.774,1683.654,1683.998,106
SQ:XAUUSD,2020-04-22T05:05:00+02:00,1684.004,1684.800,1684.004,1684.110,56
SQ:XAUUSD,2020-04-22T05:06:00+02:00,1684.110,1684.970,1683.516,1683.874,116
SQ:XAUUSD,2020-04-22T05:07:00+02:00,1683.874,1684.800,1683.850,1683.850,64
SQ:XAUUSD,2020-04-22T05:08:00+02:00,1683.930,1684.960,1683.930,1684.450,88
SQ:XAUUSD,2020-04-22T05:09:00+02:00,1684.450,1685.060,1684.060,1684.140,41
SQ:XAUUSD,2020-04-22T05:10:00+02:00,1684.140,1684.440,1684.030,1684.350,33
SQ:XAUUSD,2020-04-22T05:11:00+02:00,1684.340,1685.320,1684.340,1684.830,23
SQ:XAUUSD,2020-04-22T05:12:00+02:00,1684.820,1685.120,1684.490,1684.870,40
SQ:XAUUSD,2020-04-22T05:13:00+02:00,1685.000,1685.180,1684.870,1685.050,28
SQ:XAUUSD,2020-04-22T05:14:00+02:00,1685.020,1685.200,1684.670,1685.200,17
SQ:XAUUSD,2020-04-22T05:15:00+02:00,1685.200,1685.200,1684.980,1685.130,8
SQ:XAUUSD,2020-04-22T05:16:00+02:00,1685.070,1685.184,1684.460,1685.184,25
SQ:XAUUSD,2020-04-22T05:17:00+02:00,1685.198,1685.378,1684.370,1684.820,44
SQ:XAUUSD,2020-04-22T05:18:00+02:00,1684.860,1684.960,1684.290,1684.770,35
SQ:XAUUSD,2020-04-22T05:19:00+02:00,1684.800,1684.800,1683.040,1683.040,35
SQ:XAUUSD,2020-04-22T05:20:00+02:00,1683.110,1683.558,1683.100,1683.458,45
SQ:XAUUSD,2020-04-22T05:21:00+02:00,1683.448,1683.550,1682.038,1682.390,97
SQ:XAUUSD,2020-04-22T05:22:00+02:00,1682.318,1682.408,1681.520,1681.900,74
SQ:XAUUSD,2020-04-22T05:23:00+02:00,1681.900,1682.030,1681.420,1681.420,33
SQ:XAUUSD,2020-04-22T05:24:00+02:00,1681.420,1681.820,1681.150,1681.250,28
SQ:XAUUSD,2020-04-22T05:25:00+02:00,1681.190,1682.330,1681.150,1681.840,63
SQ:XAUUSD,2020-04-22T05:26:00+02:00,1681.860,1682.900,1681.820,1682.340,106
SQ:XAUUSD,2020-04-22T05:27:00+02:00,1682.368,1682.658,1681.980,1682.500,53
SQ:XAUUSD,2020-04-22T05:28:00+02:00,1682.500,1683.310,1682.500,1682.890,58
SQ:XAUUSD,2020-04-22T05:29:00+02:00,1682.930,1683.310,1682.850,1683.280,31
SQ:XAUUSD,2020-04-22T05:30:00+02:00,1683.280,1684.220,1683.280,1683.610,69
SQ:XAUUSD,2020-04-22T05:31:00+02:00,1683.540,1684.058,1683.280,1683.450,55
SQ:XAUUSD,2020-04-22T05:32:00+02:00,1683.460,1683.918,1682.400,1682.928,118
SQ:XAUUSD,2020-04-22T05:33:00+02:00,1682.928,1683.608,1682.296,1683.190,52
SQ:XAUUSD,2020-04-22T05:34:00+02:00,1683.190,1683.670,1682.350,1682.640,60
SQ:XAUUSD,2020-04-22T05:35:00+02:00,1682.640,1682.690,1682.040,1682.080,35
SQ:XAUUSD,2020-04-22T05:36:00+02:00,1682.080,1682.360,1682.080,1682.288,55
SQ:XAUUSD,2020-04-22T05:37:00+02:00,1682.278,1682.546,1682.138,1682.178,57
SQ:XAUUSD,2020-04-22T05:38:00+02:00,1682.188,1682.198,1682.060,1682.060,24
SQ:XAUUSD,2020-04-22T05:39:00+02:00,1682.060,1682.210,1681.580,1681.760,36
SQ:XAUUSD,2020-04-22T05:40:00+02:00,1681.810,1681.810,1681.490,1681.620,20
SQ:XAUUSD,2020-04-22T05:41:00+02:00,1681.620,1681.700,1681.410,1681.470,23
SQ:XAUUSD,2020-04-22T05:42:00+02:00,1681.470,1681.940,1681.400,1681.940,10
SQ:XAUUSD,2020-04-22T05:43:00+02:00,1681.940,1682.390,1681.910,1682.340,35
SQ:XAUUSD,2020-04-22T05:44:00+02:00,1682.340,1682.570,1682.110,1682.110,23
SQ:XAUUSD,2020-04-22T05:45:00+02:00,1682.110,1682.350,1682.070,1682.330,15
SQ:XAUUSD,2020-04-22T05:46:00+02:00,1682.380,1683.300,1682.220,1683.300,59
SQ:XAUUSD,2020-04-22T05:47:00+02:00,1683.226,1683.448,1683.000,1683.020,42
SQ:XAUUSD,2020-04-22T05:48:00+02:00,1683.020,1683.210,1682.190,1682.190,45
SQ:XAUUSD,2020-04-22T05:49:00+02:00,1682.190,1682.198,1682.168,1682.178,4
SQ:XAUUSD,2020-04-22T05:50:00+02:00,1682.178,1682.218,1682.168,1682.206,16
SQ:XAUUSD,2020-04-22T05:51:00+02:00,1682.208,1682.390,1682.160,1682.170,25
SQ:XAUUSD,2020-04-22T05:52:00+02:00,1682.200,1682.410,1682.170,1682.260,40
SQ:XAUUSD,2020-04-22T05:53:00+02:00,1682.270,1682.480,1681.970,1682.070,44
SQ:XAUUSD,2020-04-22T05:54:00+02:00,1682.070,1682.260,1681.920,1682.100,53
SQ:XAUUSD,2020-04-22T05:55:00+02:00,1682.100,1682.830,1682.100,1682.570,42
SQ:XAUUSD,2020-04-22T05:56:00+02:00,1682.490,1682.800,1682.480,1682.710,33
SQ:XAUUSD,2020-04-22T05:57:00+02:00,1682.740,1682.870,1682.490,1682.840,36
SQ:XAUUSD,2020-04-22T05:58:00+02:00,1682.840,1683.050,1682.720,1682.760,37
SQ:XAUUSD,2020-04-22T05:59:00+02:00,1682.760,1682.900,1682.200,1682.870,60
SQ:XAUUSD,2020-04-22T06:00:00+02:00,1682.860,1682.880,1682.390,1682.840,83
SQ:XAUUSD,2020-04-22T06:01:00+02:00,1682.850,1682.890,1682.350,1682.740,71
SQ:XAUUSD,2020-04-22T06:02:00+02:00,1682.650,1682.820,1682.310,1682.520,93
SQ:XAUUSD,2020-04-22T06:03:00+02:00,1682.560,1683.960,1682.550,1683.810,108
SQ:XAUUSD,2020-04-22T06:04:00+02:00,1683.860,1683.940,1683.430,1683.640,68
SQ:XAUUSD,2020-04-22T06:05:00+02:00,1683.690,1684.450,1683.690,1684.220,81
SQ:XAUUSD,2020-04-22T06:06:00+02:00,1684.270,1684.440,1683.770,1683.820,44
SQ:XAUUSD,2020-04-22T06:07:00+02:00,1683.720,1684.090,1682.520,1682.600,51
SQ:XAUUSD,2020-04-22T06:08:00+02:00,1682.600,1683.030,1682.550,1682.990,49
SQ:XAUUSD,2020-04-22T06:09:00+02:00,1683.030,1683.060,1682.440,1682.490,39
SQ:XAUUSD,2020-04-22T06:10:00+02:00,1682.490,1683.070,1682.360,1682.630,64
SQ:XAUUSD,2020-04-22T06:11:00+02:00,1682.630,1683.060,1682.610,1682.750,27
SQ:XAUUSD,2020-04-22T06:12:00+02:00,1682.750,1682.750,1682.750,1682.750,1
SQ:XAUUSD,2020-04-22T06:13:00+02:00,1682.750,1683.550,1682.750,1683.470,43
SQ:XAUUSD,2020-04-22T06:14:00+02:00,1683.480,1684.430,1683.470,1683.630,44
SQ:XAUUSD,2020-04-22T06:15:00+02:00,1683.630,1683.760,1683.280,1683.390,82
SQ:XAUUSD,2020-04-22T06:16:00+02:00,1683.390,1683.720,1683.240,1683.480,72
SQ:XAUUSD,2020-04-22T06:17:00+02:00,1683.390,1684.220,1683.390,1683.500,65
SQ:XAUUSD,2020-04-22T06:18:00+02:00,1683.850,1684.490,1683.480,1683.550,62
SQ:XAUUSD,2020-04-22T06:19:00+02:00,1683.550,1683.950,1682.900,1682.960,49
SQ:XAUUSD,2020-04-22T06:20:00+02:00,1683.230,1683.420,1682.930,1682.940,25
SQ:XAUUSD,2020-04-22T06:21:00+02:00,1682.760,1683.030,1682.700,1682.700,33
SQ:XAUUSD,2020-04-22T06:22:00+02:00,1682.710,1682.730,1682.530,1682.530,28
SQ:XAUUSD,2020-04-22T06:23:00+02:00,1682.530,1682.660,1681.960,1682.580,73
SQ:XAUUSD,2020-04-22T06:24:00+02:00,1682.600,1682.690,1681.930,1682.650,73
SQ:XAUUSD,2020-04-22T06:25:00+02:00,1682.650,1682.770,1682.510,1682.770,38
SQ:XAUUSD,2020-04-22T06:26:00+02:00,1682.750,1682.790,1682.600,1682.690,25
SQ:XAUUSD,2020-04-22T06:27:00+02:00,1682.690,1682.780,1682.550,1682.760,44
SQ:XAUUSD,2020-04-22T06:28:00+02:00,1682.760,1683.090,1682.610,1683.060,38
SQ:XAUUSD,2020-04-22T06:29:00+02:00,1683.030,1683.030,1682.750,1682.750,4
SQ:XAUUSD,2020-04-22T06:30:00+02:00,1682.750,1682.770,1679.740,1680.660,130
SQ:XAUUSD,2020-04-22T06:31:00+02:00,1680.740,1681.720,1680.150,1681.720,96
SQ:XAUUSD,2020-04-22T06:32:00+02:00,1681.720,1681.790,1680.570,1680.920,81
SQ:XAUUSD,2020-04-22T06:33:00+02:00,1680.970,1681.540,1680.910,1681.200,69
SQ:XAUUSD,2020-04-22T06:34:00+02:00,1681.200,1682.090,1681.080,1681.410,62
SQ:XAUUSD,2020-04-22T06:35:00+02:00,1681.460,1681.820,1680.430,1680.510,86
SQ:XAUUSD,2020-04-22T06:36:00+02:00,1680.780,1681.000,1679.770,1680.920,84
SQ:XAUUSD,2020-04-22T06:37:00+02:00,1680.920,1681.200,1680.920,1681.120,48
SQ:XAUUSD,2020-04-22T06:38:00+02:00,1681.120,1681.200,1681.070,1681.200,32
SQ:XAUUSD,2020-04-22T06:39:00+02:00,1681.200,1681.980,1681.110,1681.830,65
SQ:XAUUSD,2020-04-22T06:40:00+02:00,1681.830,1682.190,1681.340,1682.190,91
SQ:XAUUSD,2020-04-22T06:41:00+02:00,1682.270,1682.450,1681.910,1682.090,53
SQ:XAUUSD,2020-04-22T06:42:00+02:00,1682.140,1682.790,1682.040,1682.310,53
SQ:XAUUSD,2020-04-22T06:43:00+02:00,1682.390,1683.180,1682.390,1683.000,50
SQ:XAUUSD,2020-04-22T06:44:00+02:00,1683.000,1683.080,1682.290,1682.600,59
SQ:XAUUSD,2020-04-22T06:45:00+02:00,1682.500,1682.770,1682.480,1682.750,39
SQ:XAUUSD,2020-04-22T06:46:00+02:00,1682.760,1682.760,1682.340,1682.470,26
SQ:XAUUSD,2020-04-22T06:47:00+02:00,1682.490,1682.600,1681.950,1682.510,48
SQ:XAUUSD,2020-04-22T06:48:00+02:00,1682.510,1682.720,1682.230,1682.700,35
SQ:XAUUSD,2020-04-22T06:49:00+02:00,1682.700,1683.540,1682.700,1683.230,48
SQ:XAUUSD,2020-04-22T06:50:00+02:00,1683.160,1683.870,1683.160,1683.750,52
SQ:XAUUSD,2020-04-22T06:51:00+02:00,1683.810,1683.860,1683.470,1683.660,44
SQ:XAUUSD,2020-04-22T06:52:00+02:00,1683.690,1684.010,1683.440,1683.440,29
SQ:XAUUSD,2020-04-22T06:53:00+02:00,1683.450,1683.680,1683.310,1683.650,28
SQ:XAUUSD,2020-04-22T06:54:00+02:00,1683.650,1684.570,1683.560,1684.460,92
SQ:XAUUSD,2020-04-22T06:55:00+02:00,1684.470,1685.130,1683.850,1684.010,73
SQ:XAUUSD,2020-04-22T06:56:00+02:00,1684.010,1684.470,1683.930,1684.250,41
SQ:XAUUSD,2020-04-22T06:57:00+02:00,1684.250,1685.280,1684.210,1685.220,67
SQ:XAUUSD,2020-04-22T06:58:00+02:00,1685.220,1685.440,1684.600,1684.990,69
SQ:XAUUSD,2020-04-22T06:59:00+02:00,1685.120,1685.120,1684.340,1684.550,71
SQ:XAUUSD,2020-04-22T07:00:00+02:00,1684.690,1684.690,1684.080,1684.440,84
SQ:XAUUSD,2020-04-22T07:01:00+02:00,1684.500,1684.500,1683.940,1684.320,41
SQ:XAUUSD,2020-04-22T07:02:00+02:00,1684.320,1684.760,1683.790,1684.330,67
SQ:XAUUSD,2020-04-22T07:03:00+02:00,1684.330,1685.360,1684.240,1684.750,78
SQ:XAUUSD,2020-04-22T07:04:00+02:00,1684.750,1686.700,1684.750,1686.110,132
SQ:XAUUSD,2020-04-22T07:05:00+02:00,1686.100,1686.490,1682.990,1684.430,76
SQ:XAUUSD,2020-04-22T07:06:00+02:00,1684.450,1684.710,1683.710,1683.870,50
SQ:XAUUSD,2020-04-22T07:07:00+02:00,1683.870,1684.970,1683.870,1684.780,33
SQ:XAUUSD,2020-04-22T07:08:00+02:00,1684.780,1685.130,1683.860,1683.990,35
SQ:XAUUSD,2020-04-22T07:09:00+02:00,1684.040,1684.140,1683.100,1683.130,49
SQ:XAUUSD,2020-04-22T07:10:00+02:00,1683.130,1684.540,1683.050,1683.590,97
SQ:XAUUSD,2020-04-22T07:11:00+02:00,1683.590,1684.370,1683.340,1683.650,61
SQ:XAUUSD,2020-04-22T07:12:00+02:00,1683.650,1684.570,1683.420,1684.110,48
SQ:XAUUSD,2020-04-22T07:13:00+02:00,1684.110,1685.150,1683.940,1684.260,62
SQ:XAUUSD,2020-04-22T07:14:00+02:00,1684.260,1685.070,1684.160,1684.170,45
SQ:XAUUSD,2020-04-22T07:15:00+02:00,1684.170,1685.110,1683.180,1684.340,64
SQ:XAUUSD,2020-04-22T07:16:00+02:00,1684.340,1684.900,1683.050,1684.160,40
SQ:XAUUSD,2020-04-22T07:17:00+02:00,1684.160,1684.260,1683.120,1683.400,45
SQ:XAUUSD,2020-04-22T07:18:00+02:00,1683.400,1683.580,1683.170,1683.390,33
SQ:XAUUSD,2020-04-22T07:19:00+02:00,1683.390,1685.020,1683.390,1684.870,49
SQ:XAUUSD,2020-04-22T07:20:00+02:00,1684.870,1685.420,1683.900,1683.900,70
SQ:XAUUSD,2020-04-22T07:21:00+02:00,1683.900,1684.180,1683.600,1683.850,45
SQ:XAUUSD,2020-04-22T07:22:00+02:00,1683.850,1684.020,1683.360,1683.640,32
SQ:XAUUSD,2020-04-22T07:23:00+02:00,1683.640,1683.770,1683.280,1683.310,21
SQ:XAUUSD,2020-04-22T07:24:00+02:00,1683.310,1683.690,1682.940,1683.620,32
SQ:XAUUSD,2020-04-22T07:25:00+02:00,1683.620,1684.220,1683.620,1683.970,37
SQ:XAUUSD,2020-04-22T07:26:00+02:00,1683.970,1684.790,1683.970,1684.310,51
SQ:XAUUSD,2020-04-22T07:27:00+02:00,1684.310,1684.500,1683.580,1684.120,47
SQ:XAUUSD,2020-04-22T07:28:00+02:00,1684.120,1685.630,1683.542,1684.370,137
SQ:XAUUSD,2020-04-22T07:29:00+02:00,1684.320,1684.870,1684.270,1684.460,64
SQ:XAUUSD,2020-04-22T07:30:00+02:00,1684.480,1685.752,1684.070,1685.440,126
SQ:XAUUSD,2020-04-22T07:31:00+02:00,1685.440,1685.570,1684.180,1684.630,90
SQ:XAUUSD,2020-04-22T07:32:00+02:00,1684.630,1684.810,1684.020,1684.520,56
SQ:XAUUSD,2020-04-22T07:33:00+02:00,1684.520,1684.520,1682.880,1683.790,70
SQ:XAUUSD,2020-04-22T07:34:00+02:00,1683.790,1683.790,1683.200,1683.550,38
SQ:XAUUSD,2020-04-22T07:35:00+02:00,1683.490,1685.110,1683.490,1684.990,73
SQ:XAUUSD,2020-04-22T07:36:00+02:00,1684.990,1685.250,1684.800,1685.100,89
SQ:XAUUSD,2020-04-22T07:37:00+02:00,1685.100,1685.170,1684.710,1684.870,80
SQ:XAUUSD,2020-04-22T07:38:00+02:00,1684.890,1685.250,1684.790,1685.040,85
SQ:XAUUSD,2020-04-22T07:39:00+02:00,1685.010,1685.090,1682.850,1683.700,54
SQ:XAUUSD,2020-04-22T07:40:00+02:00,1683.700,1684.810,1683.630,1684.620,48
SQ:XAUUSD,2020-04-22T07:41:00+02:00,1684.620,1685.260,1683.920,1684.690,86
SQ:XAUUSD,2020-04-22T07:42:00+02:00,1684.690,1686.330,1684.120,1686.090,122
SQ:XAUUSD,2020-04-22T07:43:00+02:00,1686.090,1686.090,1684.850,1685.470,79
SQ:XAUUSD,2020-04-22T07:44:00+02:00,1685.440,1685.874,1684.190,1684.190,120
SQ:XAUUSD,2020-04-22T07:45:00+02:00,1684.190,1684.740,1683.400,1683.560,41
SQ:XAUUSD,2020-04-22T07:46:00+02:00,1683.560,1683.880,1683.260,1683.760,47
SQ:XAUUSD,2020-04-22T07:47:00+02:00,1683.910,1684.690,1683.910,1684.530,47
SQ:XAUUSD,2020-04-22T07:48:00+02:00,1684.490,1684.740,1683.760,1684.740,15
SQ:XAUUSD,2020-04-22T07:49:00+02:00,1684.610,1685.250,1682.110,1683.810,175
SQ:XAUUSD,2020-04-22T07:50:00+02:00,1683.810,1685.400,1682.780,1685.040,86
SQ:XAUUSD,2020-04-22T07:51:00+02:00,1684.980,1685.470,1682.830,1685.270,132
SQ:XAUUSD,2020-04-22T07:52:00+02:00,1685.180,1685.560,1683.624,1684.930,180
SQ:XAUUSD,2020-04-22T07:53:00+02:00,1684.960,1685.000,1683.600,1684.670,26
SQ:XAUUSD,2020-04-22T07:54:00+02:00,1684.670,1684.690,1683.160,1683.820,117
SQ:XAUUSD,2020-04-22T07:55:00+02:00,1683.820,1684.580,1683.490,1683.870,70
SQ:XAUUSD,2020-04-22T07:56:00+02:00,1683.910,1684.400,1682.750,1684.220,62
SQ:XAUUSD,2020-04-22T07:57:00+02:00,1684.220,1684.740,1683.440,1684.540,60
SQ:XAUUSD,2020-04-22T07:58:00+02:00,1684.540,1684.940,1683.860,1684.010,32
SQ:XAUUSD,2020-04-22T07:59:00+02:00,1684.010,1684.220,1683.790,1684.000,61
SQ:XAUUSD,2020-04-22T08:00:00+02:00,1684.000,1684.140,1682.660,1683.140,172
SQ:XAUUSD,2020-04-22T08:01:00+02:00,1683.140,1683.590,1681.140,1682.320,140
SQ:XAUUSD,2020-04-22T08:02:00+02:00,1682.320,1683.250,1682.220,1682.380,142
SQ:XAUUSD,2020-04-22T08:03:00+02:00,1682.380,1682.620,1682.310,1682.560,65
SQ:XAUUSD,2020-04-22T08:04:00+02:00,1682.560,1682.740,1682.210,1682.420,70
SQ:XAUUSD,2020-04-22T08:05:00+02:00,1682.420,1682.490,1682.190,1682.400,51
SQ:XAUUSD,2020-04-22T08:06:00+02:00,1682.400,1682.490,1682.370,1682.460,65
SQ:XAUUSD,2020-04-22T08:07:00+02:00,1682.450,1682.800,1682.370,1682.650,63
SQ:XAUUSD,2020-04-22T08:08:00+02:00,1682.690,1683.610,1682.570,1683.080,73
SQ:XAUUSD,2020-04-22T08:09:00+02:00,1683.100,1684.370,1683.100,1684.300,72
SQ:XAUUSD,2020-04-22T08:10:00+02:00,1684.350,1684.500,1682.610,1683.480,126
SQ:XAUUSD,2020-04-22T08:11:00+02:00,1683.470,1684.490,1683.220,1684.170,45
SQ:XAUUSD,2020-04-22T08:12:00+02:00,1684.090,1684.090,1683.120,1683.560,33
SQ:XAUUSD,2020-04-22T08:13:00+02:00,1683.650,1683.670,1683.280,1683.280,33
SQ:XAUUSD,2020-04-22T08:14:00+02:00,1683.280,1684.010,1683.280,1683.690,40
SQ:XAUUSD,2020-04-22T08:15:00+02:00,1683.690,1684.590,1683.510,1684.040,97
SQ:XAUUSD,2020-04-22T08:16:00+02:00,1684.020,1685.020,1683.890,1684.370,140
SQ:XAUUSD,2020-04-22T08:17:00+02:00,1684.410,1685.190,1684.380,1684.490,112
SQ:XAUUSD,2020-04-22T08:18:00+02:00,1684.490,1684.658,1684.010,1684.260,86
SQ:XAUUSD,2020-04-22T08:19:00+02:00,1684.490,1684.770,1684.260,1684.490,28
SQ:XAUUSD,2020-04-22T08:20:00+02:00,1684.490,1684.646,1684.360,1684.360,46
SQ:XAUUSD,2020-04-22T08:21:00+02:00,1684.390,1684.400,1683.030,1683.180,72
SQ:XAUUSD,2020-04-22T08:22:00+02:00,1683.180,1683.856,1683.020,1683.318,106
SQ:XAUUSD,2020-04-22T08:23:00+02:00,1683.318,1683.650,1682.290,1683.160,119
SQ:XAUUSD,2020-04-22T08:24:00+02:00,1683.160,1683.490,1682.436,1683.040,103
SQ:XAUUSD,2020-04-22T08:25:00+02:00,1683.040,1683.740,1682.760,1683.080,129
SQ:XAUUSD,2020-04-22T08:26:00+02:00,1683.040,1683.490,1682.210,1682.260,91
SQ:XAUUSD,2020-04-22T08:27:00+02:00,1682.260,1682.370,1682.000,1682.340,36
SQ:XAUUSD,2020-04-22T08:28:00+02:00,1682.340,1682.680,1682.290,1682.350,49
SQ:XAUUSD,2020-04-22T08:29:00+02:00,1682.350,1682.870,1681.522,1681.530,86
SQ:XAUUSD,2020-04-22T08:30:00+02:00,1682.150,1682.730,1681.140,1681.420,96
SQ:XAUUSD,2020-04-22T08:31:00+02:00,1681.370,1681.400,1680.890,1681.140,106
SQ:XAUUSD,2020-04-22T08:32:00+02:00,1681.140,1681.690,1680.600,1681.380,88
SQ:XAUUSD,2020-04-22T08:33:00+02:00,1681.370,1681.940,1681.240,1681.458,72
SQ:XAUUSD,2020-04-22T08:34:00+02:00,1681.540,1682.190,1681.420,1682.190,120
SQ:XAUUSD,2020-04-22T08:35:00+02:00,1682.100,1683.560,1681.310,1682.470,143
SQ:XAUUSD,2020-04-22T08:36:00+02:00,1682.390,1683.450,1681.750,1682.930,131
SQ:XAUUSD,2020-04-22T08:37:00+02:00,1682.930,1683.390,1682.470,1682.940,123
SQ:XAUUSD,2020-04-22T08:38:00+02:00,1682.890,1683.840,1682.430,1682.430,60
SQ:XAUUSD,2020-04-22T08:39:00+02:00,1682.500,1683.170,1681.950,1682.250,53
SQ:XAUUSD,2020-04-22T08:40:00+02:00,1682.250,1682.250,1681.740,1681.810,16
SQ:XAUUSD,2020-04-22T08:41:00+02:00,1681.780,1681.850,1681.440,1681.500,33
SQ:XAUUSD,2020-04-22T08:42:00+02:00,1681.500,1681.520,1681.230,1681.250,63
SQ:XAUUSD,2020-04-22T08:43:00+02:00,1681.250,1681.250,1681.220,1681.240,18
SQ:XAUUSD,2020-04-22T08:44:00+02:00,1681.240,1681.440,1681.150,1681.200,66
SQ:XAUUSD,2020-04-22T08:45:00+02:00,1681.200,1681.300,1681.070,1681.150,89
SQ:XAUUSD,2020-04-22T08:46:00+02:00,1681.140,1681.290,1681.140,1681.220,35
SQ:XAUUSD,2020-04-22T08:47:00+02:00,1681.220,1682.820,1681.220,1682.810,113
SQ:XAUUSD,2020-04-22T08:48:00+02:00,1682.810,1683.020,1682.170,1682.960,85
SQ:XAUUSD,2020-04-22T08:49:00+02:00,1682.960,1683.500,1682.100,1682.920,84
SQ:XAUUSD,2020-04-22T08:50:00+02:00,1682.920,1683.100,1681.770,1682.360,42
SQ:XAUUSD,2020-04-22T08:51:00+02:00,1682.360,1683.020,1682.360,1682.680,56
SQ:XAUUSD,2020-04-22T08:52:00+02:00,1682.680,1682.760,1681.750,1682.330,133
SQ:XAUUSD,2020-04-22T08:53:00+02:00,1682.330,1682.790,1681.600,1682.000,127
SQ:XAUUSD,2020-04-22T08:54:00+02:00,1682.000,1682.390,1680.900,1681.810,154
SQ:XAUUSD,2020-04-22T08:55:00+02:00,1681.660,1682.150,1681.160,1681.890,163
SQ:XAUUSD,2020-04-22T08:56:00+02:00,1681.890,1682.770,1681.890,1682.250,178
SQ:XAUUSD,2020-04-22T08:57:00+02:00,1682.280,1682.800,1681.830,1682.140,134
SQ:XAUUSD,2020-04-22T08:58:00+02:00,1682.190,1683.500,1682.190,1683.420,108
SQ:XAUUSD,2020-04-22T08:59:00+02:00,1683.390,1683.830,1683.060,1683.650,86
SQ:XAUUSD,2020-04-22T09:00:00+02:00,1683.650,1685.970,1683.330,1685.720,273
SQ:XAUUSD,2020-04-22T09:01:00+02:00,1685.680,1688.010,1685.430,1686.600,298
SQ:XAUUSD,2020-04-22T09:02:00+02:00,1686.600,1686.600,1685.720,1686.100,121
SQ:XAUUSD,2020-04-22T09:03:00+02:00,1686.100,1686.450,1685.700,1686.100,71
SQ:XAUUSD,2020-04-22T09:04:00+02:00,1686.150,1686.450,1685.540,1685.600,77
SQ:XAUUSD,2020-04-22T09:05:00+02:00,1685.600,1685.910,1685.410,1685.550,110
SQ:XAUUSD,2020-04-22T09:06:00+02:00,1685.550,1686.420,1685.410,1686.420,105
SQ:XAUUSD,2020-04-22T09:07:00+02:00,1686.420,1686.500,1685.550,1685.610,76
SQ:XAUUSD,2020-04-22T09:08:00+02:00,1685.610,1686.000,1685.470,1685.840,98
SQ:XAUUSD,2020-04-22T09:09:00+02:00,1685.900,1686.970,1685.840,1686.600,89
SQ:XAUUSD,2020-04-22T09:10:00+02:00,1686.550,1689.290,1686.500,1688.780,206
SQ:XAUUSD,2020-04-22T09:11:00+02:00,1688.780,1689.670,1687.580,1689.320,225
SQ:XAUUSD,2020-04-22T09:12:00+02:00,1689.320,1690.320,1688.340,1689.920,236
SQ:XAUUSD,2020-04-22T09:13:00+02:00,1689.900,1690.170,1688.090,1689.150,150
SQ:XAUUSD,2020-04-22T09:14:00+02:00,1689.150,1689.190,1687.340,1687.670,168
SQ:XAUUSD,2020-04-22T09:15:00+02:00,1687.640,1688.940,1687.640,1688.330,149
SQ:XAUUSD,2020-04-22T09:16:00+02:00,1688.330,1688.860,1687.770,1688.480,114
SQ:XAUUSD,2020-04-22T09:17:00+02:00,1688.480,1690.010,1687.990,1689.390,152
SQ:XAUUSD,2020-04-22T09:18:00+02:00,1689.390,1689.770,1688.380,1689.410,128
SQ:XAUUSD,2020-04-22T09:19:00+02:00,1689.410,1690.680,1688.670,1690.260,139
SQ:XAUUSD,2020-04-22T09:20:00+02:00,1690.260,1691.420,1689.600,1691.090,195
SQ:XAUUSD,2020-04-22T09:21:00+02:00,1691.080,1692.170,1690.830,1691.320,214
SQ:XAUUSD,2020-04-22T09:22:00+02:00,1691.350,1691.970,1690.650,1690.670,200
SQ:XAUUSD,2020-04-22T09:23:00+02:00,1690.960,1691.260,1689.480,1690.890,204
SQ:XAUUSD,2020-04-22T09:24:00+02:00,1690.710,1691.140,1688.910,1689.510,149
SQ:XAUUSD,2020-04-22T09:25:00+02:00,1689.510,1689.900,1687.670,1688.380,197
SQ:XAUUSD,2020-04-22T09:26:00+02:00,1688.380,1689.920,1688.380,1688.750,181
SQ:XAUUSD,2020-04-22T09:27:00+02:00,1688.710,1689.650,1688.510,1688.630,52
SQ:XAUUSD,2020-04-22T09:28:00+02:00,1688.630,1688.630,1687.470,1687.990,141
SQ:XAUUSD,2020-04-22T09:29:00+02:00,1688.020,1688.520,1687.840,1688.030,94
SQ:XAUUSD,2020-04-22T09:30:00+02:00,1688.030,1690.200,1688.030,1689.280,156
SQ:XAUUSD,2020-04-22T09:31:00+02:00,1689.280,1690.400,1689.000,1689.890,54
SQ:XAUUSD,2020-04-22T09:32:00+02:00,1689.890,1690.510,1689.320,1689.820,92
SQ:XAUUSD,2020-04-22T09:33:00+02:00,1689.860,1689.920,1687.940,1688.270,125
SQ:XAUUSD,2020-04-22T09:34:00+02:00,1688.270,1688.570,1686.970,1687.790,265
SQ:XAUUSD,2020-04-22T09:35:00+02:00,1687.790,1688.280,1685.960,1688.000,210
SQ:XAUUSD,2020-04-22T09:36:00+02:00,1688.040,1688.430,1687.480,1687.490,51
SQ:XAUUSD,2020-04-22T09:37:00+02:00,1687.590,1688.570,1687.390,1687.740,77
SQ:XAUUSD,2020-04-22T09:38:00+02:00,1687.740,1687.740,1686.280,1686.310,141
SQ:XAUUSD,2020-04-22T09:39:00+02:00,1686.230,1686.570,1685.820,1686.460,158
SQ:XAUUSD,2020-04-22T09:40:00+02:00,1686.460,1687.970,1686.460,1687.890,216
SQ:XAUUSD,2020-04-22T09:41:00+02:00,1687.890,1688.130,1687.660,1688.010,47
SQ:XAUUSD,2020-04-22T09:42:00+02:00,1687.990,1689.170,1687.840,1688.980,147
SQ:XAUUSD,2020-04-22T09:43:00+02:00,1688.980,1690.370,1688.790,1690.010,155
SQ:XAUUSD,2020-04-22T09:44:00+02:00,1689.950,1691.790,1689.460,1690.514,207
SQ:XAUUSD,2020-04-22T09:45:00+02:00,1690.474,1692.760,1690.230,1692.410,233
SQ:XAUUSD,2020-04-22T09:46:00+02:00,1692.410,1692.434,1690.870,1691.470,152
SQ:XAUUSD,2020-04-22T09:47:00+02:00,1691.470,1694.038,1691.200,1693.600,207
SQ:XAUUSD,2020-04-22T09:48:00+02:00,1693.600,1697.290,1693.360,1697.090,254
SQ:XAUUSD,2020-04-22T09:49:00+02:00,1696.910,1699.360,1695.330,1695.450,384
SQ:XAUUSD,2020-04-22T09:50:00+02:00,1695.480,1698.062,1695.420,1697.270,142
SQ:XAUUSD,2020-04-22T09:51:00+02:00,1697.310,1697.320,1693.410,1693.710,149
SQ:XAUUSD,2020-04-22T09:52:00+02:00,1693.750,1695.080,1693.290,1695.020,143
SQ:XAUUSD,2020-04-22T09:53:00+02:00,1695.110,1695.150,1693.030,1693.190,123
SQ:XAUUSD,2020-04-22T09:54:00+02:00,1693.280,1696.140,1693.280,1693.350,178
SQ:XAUUSD,2020-04-22T09:55:00+02:00,1693.260,1693.340,1691.690,1692.420,152
SQ:XAUUSD,2020-04-22T09:56:00+02:00,1692.420,1693.430,1692.070,1693.220,103
SQ:XAUUSD,2020-04-22T09:57:00+02:00,1693.220,1694.144,1692.700,1692.700,146
SQ:XAUUSD,2020-04-22T09:58:00+02:00,1692.700,1693.090,1691.600,1692.140,111
SQ:XAUUSD,2020-04-22T09:59:00+02:00,1692.140,1692.280,1691.800,1692.280,33
SQ:XAUUSD,2020-04-22T10:00:00+02:00,1692.240,1692.740,1691.390,1692.720,117
SQ:XAUUSD,2020-04-22T10:01:00+02:00,1692.720,1694.470,1692.720,1693.980,179
SQ:XAUUSD,2020-04-22T10:02:00+02:00,1693.990,1695.380,1693.780,1694.480,175
SQ:XAUUSD,2020-04-22T10:03:00+02:00,1694.510,1696.700,1693.620,1696.080,173
SQ:XAUUSD,2020-04-22T10:04:00+02:00,1696.080,1696.720,1694.760,1696.440,127
SQ:XAUUSD,2020-04-22T10:05:00+02:00,1696.760,1696.760,1694.720,1696.310,151
SQ:XAUUSD,2020-04-22T10:06:00+02:00,1696.310,1696.780,1695.300,1696.310,158
SQ:XAUUSD,2020-04-22T10:07:00+02:00,1696.270,1696.320,1693.560,1694.710,160
SQ:XAUUSD,2020-04-22T10:08:00+02:00,1694.710,1694.710,1692.550,1693.530,223
SQ:XAUUSD,2020-04-22T10:09:00+02:00,1693.440,1694.090,1692.350,1693.560,110
SQ:XAUUSD,2020-04-22T10:10:00+02:00,1693.560,1693.870,1692.450,1692.970,113
SQ:XAUUSD,2020-04-22T10:11:00+02:00,1692.970,1693.830,1692.560,1693.240,114
SQ:XAUUSD,2020-04-22T10:12:00+02:00,1693.240,1694.400,1692.990,1693.800,153
SQ:XAUUSD,2020-04-22T10:13:00+02:00,1693.840,1694.620,1693.580,1694.176,139
SQ:XAUUSD,2020-04-22T10:14:00+02:00,1694.226,1694.296,1692.750,1693.600,119
SQ:XAUUSD,2020-04-22T10:15:00+02:00,1693.600,1694.270,1693.340,1693.500,95
SQ:XAUUSD,2020-04-22T10:16:00+02:00,1693.510,1694.330,1693.480,1694.170,82
SQ:XAUUSD,2020-04-22T10:17:00+02:00,1694.170,1695.850,1694.060,1695.190,170
SQ:XAUUSD,2020-04-22T10:18:00+02:00,1695.230,1695.780,1695.050,1695.160,86
SQ:XAUUSD,2020-04-22T10:19:00+02:00,1695.130,1696.080,1695.080,1695.930,102
SQ:XAUUSD,2020-04-22T10:20:00+02:00,1695.910,1697.090,1695.470,1695.660,160
SQ:XAUUSD,2020-04-22T10:21:00+02:00,1695.720,1695.860,1694.140,1694.410,100
SQ:XAUUSD,2020-04-22T10:22:00+02:00,1694.410,1696.810,1694.410,1696.410,155
SQ:XAUUSD,2020-04-22T10:23:00+02:00,1696.410,1696.650,1694.750,1694.750,95
SQ:XAUUSD,2020-04-22T10:24:00+02:00,1694.810,1696.520,1694.480,1696.200,188
SQ:XAUUSD,2020-04-22T10:25:00+02:00,1696.440,1697.174,1695.590,1695.770,95
SQ:XAUUSD,2020-04-22T10:26:00+02:00,1695.790,1696.670,1695.000,1696.310,97
SQ:XAUUSD,2020-04-22T10:27:00+02:00,1696.310,1696.540,1695.890,1696.400,55
SQ:XAUUSD,2020-04-22T10:28:00+02:00,1696.400,1696.460,1695.460,1695.460,57
SQ:XAUUSD,2020-04-22T10:29:00+02:00,1695.460,1696.010,1694.090,1695.240,224
SQ:XAUUSD,2020-04-22T10:30:00+02:00,1695.550,1696.600,1694.910,1694.980,112
SQ:XAUUSD,2020-04-22T10:31:00+02:00,1694.980,1695.450,1694.270,1694.700,101
SQ:XAUUSD,2020-04-22T10:32:00+02:00,1694.780,1695.610,1694.330,1695.370,86
SQ:XAUUSD,2020-04-22T10:33:00+02:00,1695.410,1696.170,1694.790,1695.790,113
SQ:XAUUSD,2020-04-22T10:34:00+02:00,1695.750,1696.390,1695.460,1695.460,73
SQ:XAUUSD,2020-04-22T10:35:00+02:00,1695.460,1696.550,1695.460,1696.430,85
SQ:XAUUSD,2020-04-22T10:36:00+02:00,1696.430,1697.030,1696.180,1696.980,57
SQ:XAUUSD,2020-04-22T10:37:00+02:00,1696.930,1697.020,1696.020,1696.020,46
SQ:XAUUSD,2020-04-22T10:38:00+02:00,1696.020,1698.050,1696.020,1696.510,125
SQ:XAUUSD,2020-04-22T10:39:00+02:00,1696.510,1697.030,1696.510,1696.980,59
SQ:XAUUSD,2020-04-22T10:40:00+02:00,1696.990,1697.340,1696.220,1696.620,68
SQ:XAUUSD,2020-04-22T10:41:00+02:00,1696.620,1697.840,1695.580,1695.580,168
SQ:XAUUSD,2020-04-22T10:42:00+02:00,1695.670,1698.020,1695.670,1697.640,197
SQ:XAUUSD,2020-04-22T10:43:00+02:00,1697.640,1698.100,1697.460,1697.920,83
SQ:XAUUSD,2020-04-22T10:44:00+02:00,1697.920,1698.160,1696.420,1697.440,141
SQ:XAUUSD,2020-04-22T10:45:00+02:00,1697.440,1697.520,1696.290,1696.380,166
SQ:XAUUSD,2020-04-22T10:46:00+02:00,1696.380,1697.000,1695.340,1695.900,160
SQ:XAUUSD,2020-04-22T10:47:00+02:00,1695.960,1697.660,1695.430,1696.600,202
SQ:XAUUSD,2020-04-22T10:48:00+02:00,1696.600,1697.310,1696.290,1696.450,75
SQ:XAUUSD,2020-04-22T10:49:00+02:00,1696.450,1698.090,1696.420,1697.530,98
SQ:XAUUSD,2020-04-22T10:50:00+02:00,1697.450,1698.170,1697.300,1697.680,91
SQ:XAUUSD,2020-04-22T10:51:00+02:00,1697.730,1698.190,1697.390,1698.160,65
SQ:XAUUSD,2020-04-22T10:52:00+02:00,1698.190,1698.250,1697.470,1697.470,64
SQ:XAUUSD,2020-04-22T10:53:00+02:00,1697.480,1697.900,1697.430,1697.900,68
SQ:XAUUSD,2020-04-22T10:54:00+02:00,1697.900,1697.900,1697.450,1697.770,45
SQ:XAUUSD,2020-04-22T10:55:00+02:00,1697.790,1697.950,1697.480,1697.530,67
SQ:XAUUSD,2020-04-22T10:56:00+02:00,1697.530,1697.940,1696.400,1697.790,107
SQ:XAUUSD,2020-04-22T10:57:00+02:00,1697.680,1697.760,1697.120,1697.120,87
SQ:XAUUSD,2020-04-22T10:58:00+02:00,1697.120,1697.710,1696.550,1697.200,147
SQ:XAUUSD,2020-04-22T10:59:00+02:00,1697.200,1697.680,1695.270,1695.880,172
SQ:XAUUSD,2020-04-22T11:00:00+02:00,1695.880,1697.130,1695.100,1696.280,208
SQ:XAUUSD,2020-04-22T11:01:00+02:00,1696.320,1698.150,1696.320,1697.880,185
SQ:XAUUSD,2020-04-22T11:02:00+02:00,1697.880,1697.880,1697.100,1697.460,67
SQ:XAUUSD,2020-04-22T11:03:00+02:00,1697.460,1697.790,1697.290,1697.440,41
SQ:XAUUSD,2020-04-22T11:04:00+02:00,1697.480,1697.800,1697.290,1697.700,53
SQ:XAUUSD,2020-04-22T11:05:00+02:00,1697.700,1698.070,1697.240,1697.400,97
SQ:XAUUSD,2020-04-22T11:06:00+02:00,1697.400,1697.600,1696.800,1697.410,105
SQ:XAUUSD,2020-04-22T11:07:00+02:00,1697.360,1697.680,1697.030,1697.210,70
SQ:XAUUSD,2020-04-22T11:08:00+02:00,1697.210,1697.880,1697.020,1697.240,83
SQ:XAUUSD,2020-04-22T11:09:00+02:00,1697.250,1697.550,1697.120,1697.550,56
SQ:XAUUSD,2020-04-22T11:10:00+02:00,1697.310,1697.770,1696.910,1697.410,126
SQ:XAUUSD,2020-04-22T11:11:00+02:00,1697.430,1698.890,1697.430,1698.890,159
SQ:XAUUSD,2020-04-22T11:12:00+02:00,1698.820,1699.360,1698.250,1699.110,217
SQ:XAUUSD,2020-04-22T11:13:00+02:00,1699.110,1700.200,1698.080,1698.990,140
SQ:XAUUSD,2020-04-22T11:14:00+02:00,1698.970,1699.410,1697.780,1698.970,97
SQ:XAUUSD,2020-04-22T11:15:00+02:00,1698.980,1699.550,1698.980,1699.390,26
SQ:XAUUSD,2020-04-22T11:16:00+02:00,1699.390,1700.540,1699.060,1700.430,38
SQ:XAUUSD,2020-04-22T11:17:00+02:00,1700.480,1703.030,1699.430,1702.070,349
SQ:XAUUSD,2020-04-22T11:18:00+02:00,1702.070,1703.680,1701.370,1702.280,233
SQ:XAUUSD,2020-04-22T11:19:00+02:00,1702.290,1704.330,1701.300,1701.640,137
SQ:XAUUSD,2020-04-22T11:20:00+02:00,1701.740,1703.780,1701.740,1703.490,122
SQ:XAUUSD,2020-04-22T11:21:00+02:00,1703.570,1704.060,1702.980,1703.220,116
SQ:XAUUSD,2020-04-22T11:22:00+02:00,1703.170,1703.430,1701.990,1702.340,101
SQ:XAUUSD,2020-04-22T11:23:00+02:00,1702.360,1704.670,1702.360,1703.960,112
SQ:XAUUSD,2020-04-22T11:24:00+02:00,1703.960,1704.470,1703.800,1703.940,78
SQ:XAUUSD,2020-04-22T11:25:00+02:00,1703.940,1705.660,1703.790,1705.240,143
SQ:XAUUSD,2020-04-22T11:26:00+02:00,1705.260,1705.730,1704.290,1705.020,157
SQ:XAUUSD,2020-04-22T11:27:00+02:00,1705.080,1705.230,1704.290,1704.810,68
SQ:XAUUSD,2020-04-22T11:28:00+02:00,1704.810,1706.210,1704.010,1705.570,104
SQ:XAUUSD,2020-04-22T11:29:00+02:00,1705.590,1706.670,1705.350,1706.290,138
SQ:XAUUSD,2020-04-22T11:30:00+02:00,1706.370,1706.440,1702.760,1703.380,139
SQ:XAUUSD,2020-04-22T11:31:00+02:00,1703.440,1703.890,1702.500,1702.580,112
SQ:XAUUSD,2020-04-22T11:32:00+02:00,1702.580,1703.720,1702.160,1703.630,134
SQ:XAUUSD,2020-04-22T11:33:00+02:00,1703.660,1704.420,1702.850,1703.090,64
SQ:XAUUSD,2020-04-22T11:34:00+02:00,1703.080,1703.540,1703.050,1703.450,40
SQ:XAUUSD,2020-04-22T11:35:00+02:00,1703.450,1703.450,1700.670,1701.350,156
SQ:XAUUSD,2020-04-22T11:36:00+02:00,1701.350,1703.040,1701.350,1701.960,120
SQ:XAUUSD,2020-04-22T11:37:00+02:00,1701.960,1702.590,1701.940,1702.320,76
SQ:XAUUSD,2020-04-22T11:38:00+02:00,1702.320,1702.410,1702.140,1702.270,34
SQ:XAUUSD,2020-04-22T11:39:00+02:00,1702.200,1702.610,1702.140,1702.610,55
SQ:XAUUSD,2020-04-22T11:40:00+02:00,1702.520,1702.630,1702.140,1702.630,67
SQ:XAUUSD,2020-04-22T11:41:00+02:00,1702.630,1702.940,1702.180,1702.860,46
SQ:XAUUSD,2020-04-22T11:42:00+02:00,1702.860,1703.020,1702.730,1702.800,64
SQ:XAUUSD,2020-04-22T11:43:00+02:00,1702.800,1702.880,1701.740,1702.240,67
SQ:XAUUSD,2020-04-22T11:44:00+02:00,1702.240,1702.510,1701.700,1701.810,49
SQ:XAUUSD,2020-04-22T11:45:00+02:00,1701.810,1701.890,1699.360,1699.950,113
SQ:XAUUSD,2020-04-22T11:46:00+02:00,1699.950,1701.740,1699.500,1701.250,85
SQ:XAUUSD,2020-04-22T11:47:00+02:00,1701.250,1701.338,1700.500,1701.130,97
SQ:XAUUSD,2020-04-22T11:48:00+02:00,1701.060,1701.580,1700.624,1700.770,102
SQ:XAUUSD,2020-04-22T11:49:00+02:00,1700.750,1700.870,1699.500,1700.530,58
SQ:XAUUSD,2020-04-22T11:50:00+02:00,1700.500,1700.590,1699.420,1700.370,43
SQ:XAUUSD,2020-04-22T11:51:00+02:00,1700.360,1700.470,1699.980,1700.050,33
SQ:XAUUSD,2020-04-22T11:52:00+02:00,1700.060,1700.590,1700.010,1700.360,42
SQ:XAUUSD,2020-04-22T11:53:00+02:00,1700.370,1701.460,1700.370,1701.320,63
SQ:XAUUSD,2020-04-22T11:54:00+02:00,1701.410,1701.450,1701.060,1701.170,68
SQ:XAUUSD,2020-04-22T11:55:00+02:00,1701.120,1701.750,1700.570,1701.360,59
SQ:XAUUSD,2020-04-22T11:56:00+02:00,1701.340,1701.480,1700.620,1701.460,46
SQ:XAUUSD,2020-04-22T11:57:00+02:00,1701.480,1701.970,1700.980,1701.360,91
SQ:XAUUSD,2020-04-22T11:58:00+02:00,1701.360,1701.830,1700.650,1700.780,89
SQ:XAUUSD,2020-04-22T11:59:00+02:00,1700.780,1701.740,1700.500,1701.600,63
SQ:XAUUSD,2020-04-22T12:00:00+02:00,1701.600,1701.630,1700.950,1701.170,21
SQ:XAUUSD,2020-04-22T12:01:00+02:00,1701.170,1701.170,1699.730,1700.830,50
SQ:XAUUSD,2020-04-22T12:02:00+02:00,1700.820,1701.100,1700.460,1701.030,44
SQ:XAUUSD,2020-04-22T12:03:00+02:00,1701.030,1701.030,1700.400,1700.590,36
SQ:XAUUSD,2020-04-22T12:04:00+02:00,1700.590,1700.900,1699.820,1699.960,42
SQ:XAUUSD,2020-04-22T12:05:00+02:00,1699.960,1701.140,1699.470,1700.900,94
SQ:XAUUSD,2020-04-22T12:06:00+02:00,1700.900,1701.090,1700.720,1700.930,43
SQ:XAUUSD,2020-04-22T12:07:00+02:00,1700.930,1701.020,1699.820,1700.840,38
SQ:XAUUSD,2020-04-22T12:08:00+02:00,1700.840,1701.300,1700.120,1700.540,54
SQ:XAUUSD,2020-04-22T12:09:00+02:00,1700.540,1700.540,1699.860,1700.040,70
SQ:XAUUSD,2020-04-22T12:10:00+02:00,1700.040,1700.780,1699.980,1700.780,45
SQ:XAUUSD,2020-04-22T12:11:00+02:00,1700.780,1700.780,1700.260,1700.350,41
SQ:XAUUSD,2020-04-22T12:12:00+02:00,1700.350,1700.700,1700.140,1700.700,27
SQ:XAUUSD,2020-04-22T12:13:00+02:00,1700.700,1701.020,1700.110,1700.110,47
SQ:XAUUSD,2020-04-22T12:14:00+02:00,1700.110,1701.500,1700.060,1701.000,23
SQ:XAUUSD,2020-04-22T12:15:00+02:00,1701.000,1701.250,1700.960,1701.210,39
SQ:XAUUSD,2020-04-22T12:16:00+02:00,1701.210,1701.330,1700.820,1701.290,66
SQ:XAUUSD,2020-04-22T12:17:00+02:00,1701.290,1701.310,1700.640,1700.900,75
SQ:XAUUSD,2020-04-22T12:18:00+02:00,1700.900,1701.230,1700.650,1701.230,54
SQ:XAUUSD,2020-04-22T12:19:00+02:00,1701.230,1701.460,1700.910,1701.290,52
SQ:XAUUSD,2020-04-22T12:20:00+02:00,1701.200,1701.970,1700.990,1701.430,64
SQ:XAUUSD,2020-04-22T12:21:00+02:00,1701.430,1701.930,1701.210,1701.760,65
SQ:XAUUSD,2020-04-22T12:22:00+02:00,1701.760,1702.480,1701.670,1702.330,66
SQ:XAUUSD,2020-04-22T12:23:00+02:00,1702.330,1702.960,1701.490,1702.960,84
SQ:XAUUSD,2020-04-22T12:24:00+02:00,1702.960,1703.510,1702.190,1702.540,46
SQ:XAUUSD,2020-04-22T12:25:00+02:00,1702.540,1702.950,1702.310,1702.950,52
SQ:XAUUSD,2020-04-22T12:26:00+02:00,1702.950,1702.950,1702.050,1702.380,52
SQ:XAUUSD,2020-04-22T12:27:00+02:00,1702.380,1702.450,1701.300,1701.380,37
SQ:XAUUSD,2020-04-22T12:28:00+02:00,1701.270,1701.460,1700.970,1701.430,42
SQ:XAUUSD,2020-04-22T12:29:00+02:00,1701.430,1701.480,1700.700,1700.970,53
SQ:XAUUSD,2020-04-22T12:30:00+02:00,1700.970,1701.000,1700.820,1700.890,54
SQ:XAUUSD,2020-04-22T12:31:00+02:00,1700.880,1700.920,1700.600,1700.910,34
SQ:XAUUSD,2020-04-22T12:32:00+02:00,1700.910,1701.080,1700.910,1701.080,8
SQ:XAUUSD,2020-04-22T12:33:00+02:00,1701.080,1701.200,1701.070,1701.070,9
SQ:XAUUSD,2020-04-22T12:34:00+02:00,1701.070,1701.070,1701.070,1701.070,1
SQ:XAUUSD,2020-04-22T12:35:00+02:00,1701.070,1701.630,1700.920,1700.950,29
SQ:XAUUSD,2020-04-22T12:36:00+02:00,1700.950,1701.070,1700.920,1701.070,13
SQ:XAUUSD,2020-04-22T12:37:00+02:00,1701.070,1701.080,1701.070,1701.070,3
SQ:XAUUSD,2020-04-22T12:38:00+02:00,1701.070,1701.070,1700.560,1700.910,38
SQ:XAUUSD,2020-04-22T12:39:00+02:00,1700.910,1701.110,1700.600,1700.840,51
SQ:XAUUSD,2020-04-22T12:40:00+02:00,1700.840,1701.150,1700.810,1700.900,39
SQ:XAUUSD,2020-04-22T12:41:00+02:00,1700.900,1701.000,1700.250,1700.560,24
SQ:XAUUSD,2020-04-22T12:42:00+02:00,1700.560,1700.560,1699.160,1699.560,159
SQ:XAUUSD,2020-04-22T12:43:00+02:00,1699.560,1700.310,1699.360,1699.800,92
SQ:XAUUSD,2020-04-22T12:44:00+02:00,1699.800,1700.160,1699.470,1699.470,43
SQ:XAUUSD,2020-04-22T12:45:00+02:00,1699.530,1700.030,1699.280,1700.000,137
SQ:XAUUSD,2020-04-22T12:46:00+02:00,1700.020,1700.660,1699.440,1700.510,81
SQ:XAUUSD,2020-04-22T12:47:00+02:00,1700.510,1700.510,1699.970,1700.280,57
SQ:XAUUSD,2020-04-22T12:48:00+02:00,1700.280,1700.800,1700.030,1700.690,51
SQ:XAUUSD,2020-04-22T12:49:00+02:00,1700.610,1701.040,1699.910,1700.220,75
SQ:XAUUSD,2020-04-22T12:50:00+02:00,1700.180,1701.010,1700.010,1700.580,50
SQ:XAUUSD,2020-04-22T12:51:00+02:00,1700.500,1700.610,1699.750,1699.880,58
SQ:XAUUSD,2020-04-22T12:52:00+02:00,1699.880,1700.420,1699.650,1699.980,53
SQ:XAUUSD,2020-04-22T12:53:00+02:00,1699.980,1700.380,1699.630,1700.050,64
SQ:XAUUSD,2020-04-22T12:54:00+02:00,1700.300,1700.500,1700.050,1700.340,41
SQ:XAUUSD,2020-04-22T12:55:00+02:00,1700.340,1700.380,1699.500,1699.810,52
SQ:XAUUSD,2020-04-22T12:56:00+02:00,1699.810,1700.840,1699.800,1700.740,64
SQ:XAUUSD,2020-04-22T12:57:00+02:00,1700.770,1700.900,1700.690,1700.820,45
SQ:XAUUSD,2020-04-22T12:58:00+02:00,1700.860,1702.290,1700.820,1702.140,96
SQ:XAUUSD,2020-04-22T12:59:00+02:00,1702.180,1703.340,1701.640,1702.540,131
SQ:XAUUSD,2020-04-22T13:00:00+02:00,1702.540,1702.750,1701.370,1701.400,93
SQ:XAUUSD,2020-04-22T13:01:00+02:00,1701.400,1701.770,1700.750,1700.890,51
SQ:XAUUSD,2020-04-22T13:02:00+02:00,1700.890,1700.970,1700.600,1700.930,48
SQ:XAUUSD,2020-04-22T13:03:00+02:00,1700.930,1700.970,1700.670,1700.880,39
SQ:XAUUSD,2020-04-22T13:04:00+02:00,1700.880,1700.880,1699.430,1699.430,83
SQ:XAUUSD,2020-04-22T13:05:00+02:00,1699.470,1699.760,1699.290,1699.670,55
SQ:XAUUSD,2020-04-22T13:06:00+02:00,1699.670,1700.000,1699.290,1699.670,94
SQ:XAUUSD,2020-04-22T13:07:00+02:00,1699.670,1700.380,1699.580,1699.790,72
SQ:XAUUSD,2020-04-22T13:08:00+02:00,1699.760,1700.020,1699.580,1699.910,80
SQ:XAUUSD,2020-04-22T13:09:00+02:00,1699.910,1700.250,1699.760,1700.020,58
SQ:XAUUSD,2020-04-22T13:10:00+02:00,1699.990,1700.150,1699.750,1699.910,43
SQ:XAUUSD,2020-04-22T13:11:00+02:00,1699.910,1699.910,1699.510,1699.770,32
SQ:XAUUSD,2020-04-22T13:12:00+02:00,1699.760,1700.370,1699.540,1700.340,47
SQ:XAUUSD,2020-04-22T13:13:00+02:00,1700.340,1701.190,1700.120,1700.560,77
SQ:XAUUSD,2020-04-22T13:14:00+02:00,1700.560,1700.980,1699.850,1700.580,68
SQ:XAUUSD,2020-04-22T13:15:00+02:00,1700.580,1701.650,1700.360,1701.230,98
SQ:XAUUSD,2020-04-22T13:16:00+02:00,1701.200,1701.350,1701.000,1701.350,68
SQ:XAUUSD,2020-04-22T13:17:00+02:00,1701.350,1701.460,1700.960,1701.360,55
SQ:XAUUSD,2020-04-22T13:18:00+02:00,1701.310,1701.430,1700.900,1701.110,70
SQ:XAUUSD,2020-04-22T13:19:00+02:00,1701.110,1701.110,1700.880,1700.900,38
SQ:XAUUSD,2020-04-22T13:20:00+02:00,1700.900,1701.050,1700.550,1700.940,65
SQ:XAUUSD,2020-04-22T13:21:00+02:00,1700.940,1701.010,1700.590,1700.740,64
SQ:XAUUSD,2020-04-22T13:22:00+02:00,1700.700,1701.000,1700.700,1700.930,47
SQ:XAUUSD,2020-04-22T13:23:00+02:00,1700.960,1701.130,1700.310,1700.580,68
SQ:XAUUSD,2020-04-22T13:24:00+02:00,1700.580,1701.120,1700.430,1700.780,55
SQ:XAUUSD,2020-04-22T13:25:00+02:00,1700.780,1700.980,1700.450,1700.620,49
SQ:XAUUSD,2020-04-22T13:26:00+02:00,1700.620,1700.940,1700.550,1700.560,43
SQ:XAUUSD,2020-04-22T13:27:00+02:00,1700.560,1700.700,1699.940,1700.140,85
SQ:XAUUSD,2020-04-22T13:28:00+02:00,1700.120,1700.390,1699.190,1699.840,153
SQ:XAUUSD,2020-04-22T13:29:00+02:00,1699.840,1700.510,1699.840,1700.510,29
SQ:XAUUSD,2020-04-22T13:30:00+02:00,1700.510,1700.920,1700.480,1700.640,53
SQ:XAUUSD,2020-04-22T13:31:00+02:00,1700.640,1700.900,1700.300,1700.770,34
SQ:XAUUSD,2020-04-22T13:32:00+02:00,1700.770,1701.730,1700.770,1701.300,115
SQ:XAUUSD,2020-04-22T13:33:00+02:00,1701.300,1701.420,1699.750,1701.210,146
SQ:XAUUSD,2020-04-22T13:34:00+02:00,1701.210,1701.210,1699.800,1699.800,68
SQ:XAUUSD,2020-04-22T13:35:00+02:00,1699.800,1700.190,1697.270,1697.270,164
SQ:XAUUSD,2020-04-22T13:36:00+02:00,1697.360,1698.390,1695.800,1696.270,197
SQ:XAUUSD,2020-04-22T13:37:00+02:00,1696.360,1698.170,1696.360,1697.650,59
SQ:XAUUSD,2020-04-22T13:38:00+02:00,1697.650,1698.060,1697.040,1697.890,91
SQ:XAUUSD,2020-04-22T13:39:00+02:00,1697.890,1698.420,1697.490,1697.650,39
SQ:XAUUSD,2020-04-22T13:40:00+02:00,1697.690,1697.800,1697.180,1697.240,33
SQ:XAUUSD,2020-04-22T13:41:00+02:00,1697.290,1698.980,1697.160,1698.980,121
SQ:XAUUSD,2020-04-22T13:42:00+02:00,1698.980,1699.190,1698.080,1698.810,44
SQ:XAUUSD,2020-04-22T13:43:00+02:00,1698.810,1700.060,1698.570,1699.670,60
SQ:XAUUSD,2020-04-22T13:44:00+02:00,1699.630,1699.710,1698.990,1699.390,63
SQ:XAUUSD,2020-04-22T13:45:00+02:00,1699.390,1699.390,1696.910,1697.540,103
SQ:XAUUSD,2020-04-22T13:46:00+02:00,1697.530,1697.850,1697.530,1697.850,8
SQ:XAUUSD,2020-04-22T13:47:00+02:00,1697.850,1698.050,1696.040,1696.350,52
SQ:XAUUSD,2020-04-22T13:48:00+02:00,1696.350,1696.940,1696.350,1696.940,39
SQ:XAUUSD,2020-04-22T13:49:00+02:00,1696.940,1697.230,1696.780,1697.230,32
SQ:XAUUSD,2020-04-22T13:50:00+02:00,1697.230,1697.400,1696.050,1696.420,43
SQ:XAUUSD,2020-04-22T13:51:00+02:00,1696.420,1697.220,1695.900,1697.120,35
SQ:XAUUSD,2020-04-22T13:52:00+02:00,1697.120,1697.530,1696.690,1696.690,34
SQ:XAUUSD,2020-04-22T13:53:00+02:00,1696.630,1697.250,1696.600,1697.110,28
SQ:XAUUSD,2020-04-22T13:54:00+02:00,1697.110,1697.150,1696.480,1696.720,51
SQ:XAUUSD,2020-04-22T13:55:00+02:00,1696.670,1697.010,1696.410,1696.730,38
SQ:XAUUSD,2020-04-22T13:56:00+02:00,1696.730,1697.250,1695.780,1696.980,58
SQ:XAUUSD,2020-04-22T13:57:00+02:00,1696.980,1698.020,1696.270,1696.320,138
SQ:XAUUSD,2020-04-22T13:58:00+02:00,1696.250,1696.960,1694.230,1694.630,190
SQ:XAUUSD,2020-04-22T13:59:00+02:00,1694.630,1694.990,1694.530,1694.920,79
SQ:XAUUSD,2020-04-22T14:00:00+02:00,1695.080,1695.440,1692.840,1693.120,278
SQ:XAUUSD,2020-04-22T14:01:00+02:00,1693.120,1695.730,1693.090,1695.150,123
SQ:XAUUSD,2020-04-22T14:02:00+02:00,1695.150,1695.640,1693.990,1695.530,109
SQ:XAUUSD,2020-04-22T14:03:00+02:00,1695.490,1695.800,1695.230,1695.650,87
SQ:XAUUSD,2020-04-22T14:04:00+02:00,1695.650,1695.650,1694.540,1694.950,140
SQ:XAUUSD,2020-04-22T14:05:00+02:00,1695.010,1696.650,1694.970,1696.000,131
SQ:XAUUSD,2020-04-22T14:06:00+02:00,1696.030,1696.170,1695.630,1695.680,68
SQ:XAUUSD,2020-04-22T14:07:00+02:00,1695.680,1695.860,1695.120,1695.120,54
SQ:XAUUSD,2020-04-22T14:08:00+02:00,1695.120,1696.200,1695.040,1695.070,106
SQ:XAUUSD,2020-04-22T14:09:00+02:00,1695.130,1695.370,1694.330,1694.840,154
SQ:XAUUSD,2020-04-22T14:10:00+02:00,1694.840,1696.420,1694.570,1695.920,163
SQ:XAUUSD,2020-04-22T14:11:00+02:00,1695.920,1696.010,1695.640,1695.800,64
SQ:XAUUSD,2020-04-22T14:12:00+02:00,1695.800,1695.800,1694.980,1695.390,20
SQ:XAUUSD,2020-04-22T14:13:00+02:00,1695.390,1695.390,1694.960,1695.240,14
SQ:XAUUSD,2020-04-22T14:14:00+02:00,1695.270,1695.850,1695.270,1695.840,30
SQ:XAUUSD,2020-04-22T14:15:00+02:00,1695.790,1695.910,1694.690,1694.900,39
SQ:XAUUSD,2020-04-22T14:16:00+02:00,1694.870,1694.870,1694.570,1694.650,35
SQ:XAUUSD,2020-04-22T14:17:00+02:00,1694.780,1694.950,1694.620,1694.660,45
SQ:XAUUSD,2020-04-22T14:18:00+02:00,1694.660,1695.020,1693.790,1694.920,109
SQ:XAUUSD,2020-04-22T14:19:00+02:00,1694.920,1696.980,1694.410,1696.840,134
SQ:XAUUSD,2020-04-22T14:20:00+02:00,1696.720,1697.540,1696.240,1696.620,178
SQ:XAUUSD,2020-04-22T14:21:00+02:00,1696.630,1696.630,1694.470,1696.180,105
SQ:XAUUSD,2020-04-22T14:22:00+02:00,1696.190,1696.210,1694.410,1695.080,77
SQ:XAUUSD,2020-04-22T14:23:00+02:00,1695.150,1695.280,1693.670,1694.910,127
SQ:XAUUSD,2020-04-22T14:24:00+02:00,1694.870,1694.990,1694.320,1694.950,87
SQ:XAUUSD,2020-04-22T14:25:00+02:00,1694.950,1696.710,1694.950,1696.270,122
SQ:XAUUSD,2020-04-22T14:26:00+02:00,1696.270,1697.190,1695.710,1696.880,84
SQ:XAUUSD,2020-04-22T14:27:00+02:00,1696.880,1698.020,1696.880,1697.350,117
SQ:XAUUSD,2020-04-22T14:28:00+02:00,1697.350,1698.450,1697.350,1697.510,144
SQ:XAUUSD,2020-04-22T14:29:00+02:00,1697.480,1698.700,1697.330,1697.360,119
SQ:XAUUSD,2020-04-22T14:30:00+02:00,1697.250,1699.800,1697.250,1699.620,249
SQ:XAUUSD,2020-04-22T14:31:00+02:00,1699.620,1700.690,1698.070,1698.780,149
SQ:XAUUSD,2020-04-22T14:32:00+02:00,1698.780,1699.840,1697.460,1698.140,94
SQ:XAUUSD,2020-04-22T14:33:00+02:00,1698.140,1698.770,1697.340,1698.290,116
SQ:XAUUSD,2020-04-22T14:34:00+02:00,1698.290,1698.770,1698.080,1698.430,149
SQ:XAUUSD,2020-04-22T14:35:00+02:00,1698.430,1699.110,1697.490,1698.370,80
SQ:XAUUSD,2020-04-22T14:36:00+02:00,1698.370,1700.060,1698.160,1699.620,178
SQ:XAUUSD,2020-04-22T14:37:00+02:00,1699.680,1701.970,1699.480,1700.970,197
SQ:XAUUSD,2020-04-22T14:38:00+02:00,1700.890,1701.980,1700.720,1701.720,187
SQ:XAUUSD,2020-04-22T14:39:00+02:00,1701.720,1702.750,1701.340,1702.260,170
SQ:XAUUSD,2020-04-22T14:40:00+02:00,1702.220,1703.410,1701.590,1702.880,170
SQ:XAUUSD,2020-04-22T14:41:00+02:00,1702.880,1703.520,1701.980,1702.250,152
SQ:XAUUSD,2020-04-22T14:42:00+02:00,1702.250,1703.170,1700.740,1701.700,129
SQ:XAUUSD,2020-04-22T14:43:00+02:00,1701.760,1702.250,1701.490,1702.040,80
SQ:XAUUSD,2020-04-22T14:44:00+02:00,1701.990,1703.920,1701.860,1703.110,140
SQ:XAUUSD,2020-04-22T14:45:00+02:00,1703.110,1703.310,1702.290,1702.930,73
SQ:XAUUSD,2020-04-22T14:46:00+02:00,1702.930,1702.930,1701.210,1702.200,87
SQ:XAUUSD,2020-04-22T14:47:00+02:00,1702.200,1702.670,1701.500,1701.630,56
SQ:XAUUSD,2020-04-22T14:48:00+02:00,1701.680,1701.970,1701.140,1701.370,71
SQ:XAUUSD,2020-04-22T14:49:00+02:00,1701.370,1701.470,1700.820,1701.130,62
SQ:XAUUSD,2020-04-22T14:50:00+02:00,1701.130,1701.980,1701.030,1701.750,94
SQ:XAUUSD,2020-04-22T14:51:00+02:00,1701.730,1703.830,1701.730,1703.130,132
SQ:XAUUSD,2020-04-22T14:52:00+02:00,1703.130,1704.220,1702.410,1703.920,160
SQ:XAUUSD,2020-04-22T14:53:00+02:00,1703.920,1706.640,1703.520,1705.970,220
SQ:XAUUSD,2020-04-22T14:54:00+02:00,1705.970,1706.740,1704.480,1705.320,188
SQ:XAUUSD,2020-04-22T14:55:00+02:00,1705.320,1707.200,1705.320,1706.000,145
SQ:XAUUSD,2020-04-22T14:56:00+02:00,1706.000,1706.560,1706.000,1706.560,13
SQ:XAUUSD,2020-04-22T14:57:00+02:00,1706.610,1711.070,1706.220,1708.070,376
SQ:XAUUSD,2020-04-22T14:58:00+02:00,1708.070,1709.330,1706.480,1706.830,164
SQ:XAUUSD,2020-04-22T14:59:00+02:00,1706.880,1707.030,1705.470,1705.570,149
SQ:XAUUSD,2020-04-22T15:00:00+02:00,1705.680,1706.360,1703.830,1703.890,191
SQ:XAUUSD,2020-04-22T15:01:00+02:00,1703.890,1705.070,1703.710,1704.040,190
SQ:XAUUSD,2020-04-22T15:02:00+02:00,1704.070,1705.730,1704.070,1705.280,157
SQ:XAUUSD,2020-04-22T15:03:00+02:00,1705.280,1705.280,1703.480,1704.380,151
SQ:XAUUSD,2020-04-22T15:04:00+02:00,1704.380,1705.060,1703.580,1704.670,94
SQ:XAUUSD,2020-04-22T15:05:00+02:00,1704.870,1707.080,1704.230,1704.500,156
SQ:XAUUSD,2020-04-22T15:06:00+02:00,1704.500,1704.600,1702.090,1702.790,189
SQ:XAUUSD,2020-04-22T15:07:00+02:00,1702.790,1703.680,1701.590,1702.720,282
SQ:XAUUSD,2020-04-22T15:08:00+02:00,1702.710,1702.710,1700.950,1702.130,103
SQ:XAUUSD,2020-04-22T15:09:00+02:00,1702.140,1702.210,1700.630,1702.150,92
SQ:XAUUSD,2020-04-22T15:10:00+02:00,1702.150,1703.300,1702.000,1702.730,70
SQ:XAUUSD,2020-04-22T15:11:00+02:00,1702.730,1703.150,1702.290,1703.060,86
SQ:XAUUSD,2020-04-22T15:12:00+02:00,1703.060,1703.420,1702.500,1702.990,129
SQ:XAUUSD,2020-04-22T15:13:00+02:00,1703.020,1704.180,1702.780,1704.180,195
SQ:XAUUSD,2020-04-22T15:14:00+02:00,1704.180,1705.090,1703.370,1703.480,96
SQ:XAUUSD,2020-04-22T15:15:00+02:00,1703.480,1705.050,1703.480,1704.590,83
SQ:XAUUSD,2020-04-22T15:16:00+02:00,1704.540,1704.540,1703.330,1704.230,100
SQ:XAUUSD,2020-04-22T15:17:00+02:00,1704.230,1704.410,1703.810,1704.120,125
SQ:XAUUSD,2020-04-22T15:18:00+02:00,1704.120,1704.600,1703.910,1704.240,73
SQ:XAUUSD,2020-04-22T15:19:00+02:00,1704.290,1705.050,1703.790,1704.040,117
SQ:XAUUSD,2020-04-22T15:20:00+02:00,1704.040,1704.760,1703.870,1704.210,78
SQ:XAUUSD,2020-04-22T15:21:00+02:00,1704.210,1705.420,1704.000,1704.550,104
SQ:XAUUSD,2020-04-22T15:22:00+02:00,1704.550,1706.210,1704.390,1705.870,101
SQ:XAUUSD,2020-04-22T15:23:00+02:00,1705.870,1706.470,1704.960,1705.060,113
SQ:XAUUSD,2020-04-22T15:24:00+02:00,1705.060,1705.320,1704.500,1705.130,62
SQ:XAUUSD,2020-04-22T15:25:00+02:00,1705.130,1705.940,1704.240,1705.170,92
SQ:XAUUSD,2020-04-22T15:26:00+02:00,1705.150,1706.010,1704.740,1705.620,76
SQ:XAUUSD,2020-04-22T15:27:00+02:00,1705.620,1706.350,1705.440,1706.140,114
SQ:XAUUSD,2020-04-22T15:28:00+02:00,1706.140,1706.590,1705.230,1705.330,129
SQ:XAUUSD,2020-04-22T15:29:00+02:00,1705.370,1705.460,1704.580,1705.390,102
SQ:XAUUSD,2020-04-22T15:30:00+02:00,1705.470,1706.180,1704.690,1706.000,157
SQ:XAUUSD,2020-04-22T15:31:00+02:00,1705.990,1707.440,1705.760,1705.932,192
SQ:XAUUSD,2020-04-22T15:32:00+02:00,1705.940,1706.460,1704.000,1704.170,167
SQ:XAUUSD,2020-04-22T15:33:00+02:00,1704.170,1707.760,1704.170,1707.130,157
SQ:XAUUSD,2020-04-22T15:34:00+02:00,1707.130,1707.490,1706.410,1706.700,148
SQ:XAUUSD,2020-04-22T15:35:00+02:00,1706.720,1709.360,1706.520,1707.580,356
SQ:XAUUSD,2020-04-22T15:36:00+02:00,1707.960,1708.260,1706.130,1706.230,430
SQ:XAUUSD,2020-04-22T15:37:00+02:00,1706.240,1707.580,1705.770,1706.610,322
SQ:XAUUSD,2020-04-22T15:38:00+02:00,1706.970,1708.080,1706.530,1707.590,317
SQ:XAUUSD,2020-04-22T15:39:00+02:00,1707.590,1707.790,1706.750,1707.790,203
SQ:XAUUSD,2020-04-22T15:40:00+02:00,1707.840,1710.040,1707.840,1708.710,280
SQ:XAUUSD,2020-04-22T15:41:00+02:00,1708.750,1708.790,1707.290,1708.050,175
SQ:XAUUSD,2020-04-22T15:42:00+02:00,1708.050,1709.690,1707.530,1708.830,332
SQ:XAUUSD,2020-04-22T15:43:00+02:00,1709.340,1710.470,1708.440,1709.020,361
SQ:XAUUSD,2020-04-22T15:44:00+02:00,1708.970,1709.240,1707.960,1708.600,225
SQ:XAUUSD,2020-04-22T15:45:00+02:00,1708.600,1710.570,1708.600,1710.400,235
SQ:XAUUSD,2020-04-22T15:46:00+02:00,1710.470,1710.550,1708.730,1709.110,276
SQ:XAUUSD,2020-04-22T15:47:00+02:00,1708.830,1709.500,1704.500,1705.020,451
SQ:XAUUSD,2020-04-22T15:48:00+02:00,1704.890,1706.260,1704.450,1705.110,344
SQ:XAUUSD,2020-04-22T15:49:00+02:00,1705.120,1706.020,1704.330,1705.240,167
SQ:XAUUSD,2020-04-22T15:50:00+02:00,1705.450,1706.100,1705.010,1705.810,135
SQ:XAUUSD,2020-04-22T15:51:00+02:00,1705.810,1705.920,1704.950,1705.580,112
SQ:XAUUSD,2020-04-22T15:52:00+02:00,1705.490,1705.830,1704.300,1705.440,309
SQ:XAUUSD,2020-04-22T15:53:00+02:00,1705.470,1705.590,1704.370,1704.810,255
SQ:XAUUSD,2020-04-22T15:54:00+02:00,1704.840,1705.400,1704.070,1704.610,271
SQ:XAUUSD,2020-04-22T15:55:00+02:00,1704.650,1705.660,1704.160,1705.040,345
SQ:XAUUSD,2020-04-22T15:56:00+02:00,1705.040,1706.520,1704.700,1705.250,274
SQ:XAUUSD,2020-04-22T15:57:00+02:00,1705.250,1706.460,1705.060,1705.860,281
SQ:XAUUSD,2020-04-22T15:58:00+02:00,1705.820,1708.580,1705.610,1708.000,420
SQ:XAUUSD,2020-04-22T15:59:00+02:00,1708.350,1709.260,1707.060,1708.310,379
SQ:XAUUSD,2020-04-22T16:00:00+02:00,1708.250,1709.760,1708.030,1709.510,422
SQ:XAUUSD,2020-04-22T16:01:00+02:00,1709.520,1709.920,1707.520,1708.630,409
SQ:XAUUSD,2020-04-22T16:02:00+02:00,1708.870,1708.970,1707.716,1708.030,454
SQ:XAUUSD,2020-04-22T16:03:00+02:00,1708.030,1709.240,1707.700,1708.120,360
SQ:XAUUSD,2020-04-22T16:04:00+02:00,1708.120,1708.312,1706.908,1707.652,453
SQ:XAUUSD,2020-04-22T16:05:00+02:00,1707.600,1708.470,1707.300,1707.600,364
SQ:XAUUSD,2020-04-22T16:06:00+02:00,1707.550,1708.908,1706.600,1708.720,387
SQ:XAUUSD,2020-04-22T16:07:00+02:00,1708.810,1709.238,1707.898,1708.240,318
SQ:XAUUSD,2020-04-22T16:08:00+02:00,1708.300,1708.924,1707.630,1708.190,321
SQ:XAUUSD,2020-04-22T16:09:00+02:00,1708.338,1710.438,1707.890,1709.790,342
SQ:XAUUSD,2020-04-22T16:10:00+02:00,1709.870,1710.830,1709.580,1709.660,336
SQ:XAUUSD,2020-04-22T16:11:00+02:00,1709.510,1711.220,1708.048,1710.500,464
SQ:XAUUSD,2020-04-22T16:12:00+02:00,1710.420,1710.820,1708.670,1709.890,361
SQ:XAUUSD,2020-04-22T16:13:00+02:00,1709.890,1710.000,1708.308,1709.290,221
SQ:XAUUSD,2020-04-22T16:14:00+02:00,1709.260,1709.560,1706.728,1706.930,417
SQ:XAUUSD,2020-04-22T16:15:00+02:00,1706.768,1707.470,1705.670,1706.530,423
SQ:XAUUSD,2020-04-22T16:16:00+02:00,1706.876,1709.170,1706.368,1708.910,363
SQ:XAUUSD,2020-04-22T16:17:00+02:00,1708.910,1708.910,1706.740,1707.750,364
SQ:XAUUSD,2020-04-22T16:18:00+02:00,1707.470,1707.860,1706.200,1706.980,388
SQ:XAUUSD,2020-04-22T16:19:00+02:00,1707.100,1708.280,1706.070,1707.390,340
SQ:XAUUSD,2020-04-22T16:20:00+02:00,1707.360,1709.150,1706.900,1708.360,384
SQ:XAUUSD,2020-04-22T16:21:00+02:00,1708.360,1708.360,1706.828,1707.040,406
SQ:XAUUSD,2020-04-22T16:22:00+02:00,1707.036,1707.370,1705.100,1706.320,480
SQ:XAUUSD,2020-04-22T16:23:00+02:00,1706.168,1707.730,1705.390,1707.530,409
SQ:XAUUSD,2020-04-22T16:24:00+02:00,1707.498,1707.976,1706.386,1707.688,457
SQ:XAUUSD,2020-04-22T16:25:00+02:00,1707.700,1708.260,1707.100,1707.750,190
SQ:XAUUSD,2020-04-22T16:26:00+02:00,1707.750,1708.380,1706.420,1706.700,253
SQ:XAUUSD,2020-04-22T16:27:00+02:00,1706.700,1706.900,1705.520,1706.600,485
SQ:XAUUSD,2020-04-22T16:28:00+02:00,1706.670,1708.210,1706.180,1708.160,241
SQ:XAUUSD,2020-04-22T16:29:00+02:00,1708.160,1709.740,1707.860,1709.410,173
SQ:XAUUSD,2020-04-22T16:30:00+02:00,1709.410,1710.030,1708.470,1709.070,249
SQ:XAUUSD,2020-04-22T16:31:00+02:00,1709.100,1709.560,1708.840,1709.060,96
SQ:XAUUSD,2020-04-22T16:32:00+02:00,1709.060,1710.324,1708.590,1709.360,210
SQ:XAUUSD,2020-04-22T16:33:00+02:00,1709.230,1710.140,1707.900,1707.980,420
SQ:XAUUSD,2020-04-22T16:34:00+02:00,1708.230,1708.842,1706.420,1706.520,501
SQ:XAUUSD,2020-04-22T16:35:00+02:00,1706.390,1707.470,1706.000,1706.870,364
SQ:XAUUSD,2020-04-22T16:36:00+02:00,1706.770,1707.358,1705.260,1707.108,424
SQ:XAUUSD,2020-04-22T16:37:00+02:00,1706.896,1707.570,1705.486,1705.960,358
SQ:XAUUSD,2020-04-22T16:38:00+02:00,1706.210,1706.990,1705.730,1706.780,270
SQ:XAUUSD,2020-04-22T16:39:00+02:00,1706.620,1706.870,1705.488,1706.600,285
SQ:XAUUSD,2020-04-22T16:40:00+02:00,1706.570,1706.810,1705.480,1705.730,305
SQ:XAUUSD,2020-04-22T16:41:00+02:00,1705.860,1706.910,1705.500,1706.700,303
SQ:XAUUSD,2020-04-22T16:42:00+02:00,1706.700,1708.100,1706.680,1707.690,326
SQ:XAUUSD,2020-04-22T16:43:00+02:00,1707.800,1708.110,1706.610,1707.390,244
SQ:XAUUSD,2020-04-22T16:44:00+02:00,1707.390,1707.390,1705.940,1706.770,205
SQ:XAUUSD,2020-04-22T16:45:00+02:00,1706.610,1707.880,1706.540,1707.410,286
SQ:XAUUSD,2020-04-22T16:46:00+02:00,1707.170,1707.520,1706.400,1707.360,223
SQ:XAUUSD,2020-04-22T16:47:00+02:00,1707.360,1707.420,1705.560,1706.160,291
SQ:XAUUSD,2020-04-22T16:48:00+02:00,1706.110,1706.760,1704.770,1705.400,349
SQ:XAUUSD,2020-04-22T16:49:00+02:00,1705.400,1706.080,1704.200,1706.080,383
SQ:XAUUSD,2020-04-22T16:50:00+02:00,1706.080,1707.790,1705.980,1707.660,317
SQ:XAUUSD,2020-04-22T16:51:00+02:00,1707.660,1707.720,1706.460,1707.140,287
SQ:XAUUSD,2020-04-22T16:52:00+02:00,1707.090,1708.160,1707.030,1707.940,321
SQ:XAUUSD,2020-04-22T16:53:00+02:00,1708.010,1708.230,1706.730,1708.230,244
SQ:XAUUSD,2020-04-22T16:54:00+02:00,1708.170,1708.270,1705.796,1707.180,268
SQ:XAUUSD,2020-04-22T16:55:00+02:00,1707.180,1708.500,1707.110,1708.450,250
SQ:XAUUSD,2020-04-22T16:56:00+02:00,1708.450,1710.590,1708.450,1709.350,247
SQ:XAUUSD,2020-04-22T16:57:00+02:00,1709.410,1709.630,1707.960,1708.260,314
SQ:XAUUSD,2020-04-22T16:58:00+02:00,1708.260,1708.930,1707.790,1708.240,124
SQ:XAUUSD,2020-04-22T16:59:00+02:00,1708.210,1708.510,1707.590,1708.290,171
SQ:XAUUSD,2020-04-22T17:00:00+02:00,1708.310,1708.740,1707.540,1707.990,402
SQ:XAUUSD,2020-04-22T17:01:00+02:00,1707.810,1708.200,1706.920,1708.050,322
SQ:XAUUSD,2020-04-22T17:02:00+02:00,1708.050,1708.130,1705.810,1706.586,352
SQ:XAUUSD,2020-04-22T17:03:00+02:00,1706.568,1707.110,1705.470,1705.960,318
SQ:XAUUSD,2020-04-22T17:04:00+02:00,1705.960,1707.010,1705.778,1706.570,202
SQ:XAUUSD,2020-04-22T17:05:00+02:00,1706.550,1707.860,1706.470,1707.860,140
SQ:XAUUSD,2020-04-22T17:06:00+02:00,1707.740,1708.510,1707.310,1707.698,245
SQ:XAUUSD,2020-04-22T17:07:00+02:00,1707.480,1707.942,1706.938,1707.564,418
SQ:XAUUSD,2020-04-22T17:08:00+02:00,1707.564,1709.590,1707.564,1709.490,239
SQ:XAUUSD,2020-04-22T17:09:00+02:00,1709.580,1710.090,1709.220,1709.680,165
SQ:XAUUSD,2020-04-22T17:10:00+02:00,1709.680,1709.780,1708.550,1709.340,143
SQ:XAUUSD,2020-04-22T17:11:00+02:00,1709.380,1709.640,1708.560,1708.710,174
SQ:XAUUSD,2020-04-22T17:12:00+02:00,1708.786,1708.786,1707.630,1708.370,249
SQ:XAUUSD,2020-04-22T17:13:00+02:00,1708.370,1709.140,1708.020,1709.140,112
SQ:XAUUSD,2020-04-22T17:14:00+02:00,1709.130,1709.930,1709.090,1709.570,166
SQ:XAUUSD,2020-04-22T17:15:00+02:00,1709.570,1710.208,1708.648,1710.208,199
SQ:XAUUSD,2020-04-22T17:16:00+02:00,1710.300,1710.998,1709.950,1710.190,222
SQ:XAUUSD,2020-04-22T17:17:00+02:00,1710.190,1711.200,1709.450,1709.540,235
SQ:XAUUSD,2020-04-22T17:18:00+02:00,1709.650,1710.622,1708.898,1709.190,200
SQ:XAUUSD,2020-04-22T17:19:00+02:00,1709.216,1709.768,1708.860,1708.940,281
SQ:XAUUSD,2020-04-22T17:20:00+02:00,1709.020,1710.058,1709.020,1709.380,221
SQ:XAUUSD,2020-04-22T17:21:00+02:00,1709.380,1709.940,1709.290,1709.460,211
SQ:XAUUSD,2020-04-22T17:22:00+02:00,1709.560,1709.880,1708.580,1708.880,271
SQ:XAUUSD,2020-04-22T17:23:00+02:00,1708.710,1709.980,1708.590,1709.610,207
SQ:XAUUSD,2020-04-22T17:24:00+02:00,1709.610,1709.740,1709.120,1709.670,63
SQ:XAUUSD,2020-04-22T17:25:00+02:00,1709.670,1710.130,1709.350,1709.570,228
SQ:XAUUSD,2020-04-22T17:26:00+02:00,1709.570,1709.950,1709.350,1709.590,169
SQ:XAUUSD,2020-04-22T17:27:00+02:00,1709.590,1709.850,1708.210,1708.500,96
SQ:XAUUSD,2020-04-22T17:28:00+02:00,1708.500,1708.970,1707.080,1707.360,185
SQ:XAUUSD,2020-04-22T17:29:00+02:00,1707.360,1708.000,1707.050,1707.940,173
SQ:XAUUSD,2020-04-22T17:30:00+02:00,1707.940,1708.636,1707.350,1707.510,239
SQ:XAUUSD,2020-04-22T17:31:00+02:00,1707.510,1707.940,1706.950,1707.900,74
SQ:XAUUSD,2020-04-22T17:32:00+02:00,1707.900,1707.930,1707.160,1707.910,45
SQ:XAUUSD,2020-04-22T17:33:00+02:00,1707.900,1709.298,1707.900,1708.890,262
SQ:XAUUSD,2020-04-22T17:34:00+02:00,1708.890,1708.920,1707.840,1707.840,60
SQ:XAUUSD,2020-04-22T17:35:00+02:00,1707.840,1709.780,1707.710,1709.282,302
SQ:XAUUSD,2020-04-22T17:36:00+02:00,1709.042,1710.460,1708.720,1709.160,349
SQ:XAUUSD,2020-04-22T17:37:00+02:00,1709.010,1709.660,1708.600,1708.870,205
SQ:XAUUSD,2020-04-22T17:38:00+02:00,1708.870,1709.800,1708.070,1709.180,96
SQ:XAUUSD,2020-04-22T17:39:00+02:00,1709.180,1709.940,1708.080,1709.170,215
SQ:XAUUSD,2020-04-22T17:40:00+02:00,1709.370,1709.950,1708.690,1709.880,161
SQ:XAUUSD,2020-04-22T17:41:00+02:00,1709.860,1710.070,1709.490,1709.800,101
SQ:XAUUSD,2020-04-22T17:42:00+02:00,1709.818,1710.700,1709.528,1709.820,390
SQ:XAUUSD,2020-04-22T17:43:00+02:00,1709.820,1710.130,1708.860,1709.070,311
SQ:XAUUSD,2020-04-22T17:44:00+02:00,1709.110,1710.010,1708.668,1709.650,346
SQ:XAUUSD,2020-04-22T17:45:00+02:00,1709.520,1711.000,1709.290,1710.090,215
SQ:XAUUSD,2020-04-22T17:46:00+02:00,1710.090,1710.460,1709.200,1709.970,223
SQ:XAUUSD,2020-04-22T17:47:00+02:00,1709.970,1710.640,1709.250,1709.908,319
SQ:XAUUSD,2020-04-22T17:48:00+02:00,1709.980,1710.350,1709.200,1709.880,306
SQ:XAUUSD,2020-04-22T17:49:00+02:00,1709.880,1710.200,1709.320,1709.956,226
SQ:XAUUSD,2020-04-22T17:50:00+02:00,1709.976,1710.780,1709.260,1710.480,179
SQ:XAUUSD,2020-04-22T17:51:00+02:00,1710.290,1710.760,1710.040,1710.210,156
SQ:XAUUSD,2020-04-22T17:52:00+02:00,1710.210,1710.250,1709.988,1710.150,112
SQ:XAUUSD,2020-04-22T17:53:00+02:00,1710.150,1710.580,1710.000,1710.310,106
SQ:XAUUSD,2020-04-22T17:54:00+02:00,1710.310,1710.600,1709.240,1709.434,170
SQ:XAUUSD,2020-04-22T17:55:00+02:00,1709.430,1709.680,1707.860,1709.388,355
SQ:XAUUSD,2020-04-22T17:56:00+02:00,1709.930,1710.300,1709.618,1709.780,240
SQ:XAUUSD,2020-04-22T17:57:00+02:00,1709.780,1710.080,1708.648,1709.220,249
SQ:XAUUSD,2020-04-22T17:58:00+02:00,1709.250,1709.830,1708.496,1709.820,298
SQ:XAUUSD,2020-04-22T17:59:00+02:00,1709.840,1709.870,1709.160,1709.540,352
SQ:XAUUSD,2020-04-22T18:00:00+02:00,1709.580,1710.220,1709.120,1709.900,178
SQ:XAUUSD,2020-04-22T18:01:00+02:00,1709.900,1710.220,1709.700,1710.010,72
SQ:XAUUSD,2020-04-22T18:03:00+02:00,1709.710,1710.000,1708.940,1709.640,142
SQ:XAUUSD,2020-04-22T18:04:00+02:00,1709.600,1709.960,1708.600,1709.130,261
SQ:XAUUSD,2020-04-22T18:05:00+02:00,1709.130,1710.020,1708.740,1709.910,195
SQ:XAUUSD,2020-04-22T18:06:00+02:00,1709.930,1710.430,1708.890,1709.920,182
SQ:XAUUSD,2020-04-22T18:07:00+02:00,1709.890,1710.410,1709.470,1709.640,139
SQ:XAUUSD,2020-04-22T18:08:00+02:00,1709.640,1709.870,1708.100,1709.160,247
SQ:XAUUSD,2020-04-22T18:09:00+02:00,1709.090,1709.280,1707.700,1708.120,188
SQ:XAUUSD,2020-04-22T18:10:00+02:00,1708.200,1708.640,1707.540,1708.470,241
SQ:XAUUSD,2020-04-22T18:11:00+02:00,1708.470,1708.650,1707.680,1708.370,240
SQ:XAUUSD,2020-04-22T18:12:00+02:00,1708.400,1710.190,1708.130,1709.600,349
SQ:XAUUSD,2020-04-22T18:13:00+02:00,1709.720,1710.220,1709.370,1710.070,197
SQ:XAUUSD,2020-04-22T18:14:00+02:00,1709.850,1710.130,1708.790,1709.490,210
SQ:XAUUSD,2020-04-22T18:15:00+02:00,1709.390,1709.760,1708.850,1709.450,235
SQ:XAUUSD,2020-04-22T18:16:00+02:00,1709.450,1710.240,1708.890,1709.560,167
SQ:XAUUSD,2020-04-22T18:17:00+02:00,1709.410,1710.040,1709.170,1709.750,142
SQ:XAUUSD,2020-04-22T18:18:00+02:00,1709.760,1710.080,1709.320,1709.810,109
SQ:XAUUSD,2020-04-22T18:19:00+02:00,1709.810,1710.420,1709.400,1710.130,132
SQ:XAUUSD,2020-04-22T18:20:00+02:00,1710.130,1710.380,1709.760,1710.260,97
SQ:XAUUSD,2020-04-22T18:21:00+02:00,1710.260,1710.660,1709.850,1709.870,263
SQ:XAUUSD,2020-04-22T18:22:00+02:00,1709.930,1711.120,1709.840,1710.850,203
SQ:XAUUSD,2020-04-22T18:23:00+02:00,1710.850,1711.050,1710.270,1710.940,142
SQ:XAUUSD,2020-04-22T18:24:00+02:00,1710.940,1714.090,1710.800,1713.420,251
SQ:XAUUSD,2020-04-22T18:25:00+02:00,1713.420,1714.710,1712.860,1713.050,239
SQ:XAUUSD,2020-04-22T18:26:00+02:00,1713.050,1713.340,1712.190,1712.190,81
SQ:XAUUSD,2020-04-22T18:27:00+02:00,1712.200,1713.060,1711.820,1712.730,163
SQ:XAUUSD,2020-04-22T18:28:00+02:00,1712.660,1713.600,1712.530,1712.820,62
SQ:XAUUSD,2020-04-22T18:29:00+02:00,1712.820,1714.510,1712.630,1713.280,174
SQ:XAUUSD,2020-04-22T18:30:00+02:00,1713.560,1714.850,1713.210,1714.830,150
SQ:XAUUSD,2020-04-22T18:31:00+02:00,1714.830,1714.830,1713.360,1713.450,84
SQ:XAUUSD,2020-04-22T18:32:00+02:00,1713.450,1713.880,1713.320,1713.780,53
SQ:XAUUSD,2020-04-22T18:33:00+02:00,1713.780,1713.780,1711.800,1713.550,77
SQ:XAUUSD,2020-04-22T18:34:00+02:00,1713.550,1713.730,1712.840,1712.890,61
SQ:XAUUSD,2020-04-22T18:35:00+02:00,1712.890,1713.530,1712.700,1713.150,60
SQ:XAUUSD,2020-04-22T18:36:00+02:00,1713.150,1713.390,1712.580,1713.390,169
SQ:XAUUSD,2020-04-22T18:37:00+02:00,1713.390,1713.830,1712.890,1713.720,209
SQ:XAUUSD,2020-04-22T18:38:00+02:00,1713.720,1713.720,1712.720,1713.200,160
SQ:XAUUSD,2020-04-22T18:39:00+02:00,1713.200,1714.440,1712.970,1714.300,126
SQ:XAUUSD,2020-04-22T18:40:00+02:00,1714.300,1714.900,1713.650,1713.990,116
SQ:XAUUSD,2020-04-22T18:41:00+02:00,1713.810,1714.000,1713.230,1713.500,116
SQ:XAUUSD,2020-04-22T18:42:00+02:00,1713.540,1714.120,1713.410,1713.790,152
SQ:XAUUSD,2020-04-22T18:43:00+02:00,1713.790,1713.880,1713.170,1713.830,145
SQ:XAUUSD,2020-04-22T18:44:00+02:00,1713.560,1714.190,1713.470,1714.160,149
SQ:XAUUSD,2020-04-22T18:45:00+02:00,1714.140,1714.440,1713.190,1713.750,196
SQ:XAUUSD,2020-04-22T18:46:00+02:00,1713.800,1714.200,1713.070,1713.080,166
SQ:XAUUSD,2020-04-22T18:47:00+02:00,1713.590,1713.630,1711.540,1711.780,384
SQ:XAUUSD,2020-04-22T18:48:00+02:00,1711.670,1712.900,1711.480,1712.580,212
SQ:XAUUSD,2020-04-22T18:49:00+02:00,1712.470,1713.260,1712.270,1713.060,255
SQ:XAUUSD,2020-04-22T18:50:00+02:00,1713.060,1713.220,1711.380,1711.750,217
SQ:XAUUSD,2020-04-22T18:51:00+02:00,1711.790,1712.090,1710.520,1710.590,147
SQ:XAUUSD,2020-04-22T18:52:00+02:00,1710.590,1711.430,1710.180,1711.150,122
SQ:XAUUSD,2020-04-22T18:53:00+02:00,1711.150,1711.150,1710.200,1710.640,99
SQ:XAUUSD,2020-04-22T18:54:00+02:00,1710.590,1711.290,1710.100,1710.170,184
SQ:XAUUSD,2020-04-22T18:55:00+02:00,1710.260,1711.870,1709.630,1711.320,323
SQ:XAUUSD,2020-04-22T18:56:00+02:00,1711.410,1712.460,1711.030,1712.270,281
SQ:XAUUSD,2020-04-22T18:57:00+02:00,1712.300,1712.580,1711.510,1712.270,231
SQ:XAUUSD,2020-04-22T18:58:00+02:00,1712.270,1713.340,1711.850,1713.030,178
SQ:XAUUSD,2020-04-22T18:59:00+02:00,1712.950,1713.150,1712.150,1712.910,85
SQ:XAUUSD,2020-04-22T19:00:00+02:00,1712.830,1713.700,1712.830,1713.560,152
SQ:XAUUSD,2020-04-22T19:01:00+02:00,1713.560,1713.780,1713.440,1713.640,67
SQ:XAUUSD,2020-04-22T19:02:00+02:00,1713.630,1714.450,1713.420,1713.670,128
SQ:XAUUSD,2020-04-22T19:03:00+02:00,1713.670,1713.860,1712.080,1712.300,198
SQ:XAUUSD,2020-04-22T19:04:00+02:00,1712.300,1713.610,1712.050,1713.420,132
SQ:XAUUSD,2020-04-22T19:05:00+02:00,1713.600,1713.910,1712.970,1713.100,80
SQ:XAUUSD,2020-04-22T19:06:00+02:00,1713.100,1714.150,1713.060,1713.950,74
SQ:XAUUSD,2020-04-22T19:07:00+02:00,1714.000,1714.870,1713.430,1714.820,92
SQ:XAUUSD,2020-04-22T19:08:00+02:00,1714.810,1716.030,1713.690,1714.000,294
SQ:XAUUSD,2020-04-22T19:09:00+02:00,1714.010,1715.634,1713.770,1715.110,200
SQ:XAUUSD,2020-04-22T19:10:00+02:00,1715.130,1716.060,1714.490,1715.560,147
SQ:XAUUSD,2020-04-22T19:11:00+02:00,1715.600,1716.070,1714.460,1714.990,175
SQ:XAUUSD,2020-04-22T19:12:00+02:00,1715.176,1715.590,1714.556,1714.910,260
SQ:XAUUSD,2020-04-22T19:13:00+02:00,1714.880,1714.890,1713.760,1714.292,334
SQ:XAUUSD,2020-04-22T19:14:00+02:00,1714.192,1715.344,1714.070,1714.892,276
SQ:XAUUSD,2020-04-22T19:15:00+02:00,1714.910,1715.712,1714.010,1715.476,322
SQ:XAUUSD,2020-04-22T19:16:00+02:00,1715.480,1716.210,1714.800,1715.240,179
SQ:XAUUSD,2020-04-22T19:17:00+02:00,1715.240,1715.700,1714.880,1715.210,84
SQ:XAUUSD,2020-04-22T19:18:00+02:00,1715.210,1716.340,1714.740,1716.190,89
SQ:XAUUSD,2020-04-22T19:19:00+02:00,1716.190,1717.030,1715.700,1716.050,101
SQ:XAUUSD,2020-04-22T19:20:00+02:00,1716.050,1716.450,1714.790,1714.870,86
SQ:XAUUSD,2020-04-22T19:21:00+02:00,1714.870,1716.410,1714.870,1716.240,93
SQ:XAUUSD,2020-04-22T19:22:00+02:00,1716.240,1716.720,1714.890,1715.680,77
SQ:XAUUSD,2020-04-22T19:23:00+02:00,1715.680,1717.530,1715.460,1716.710,152
SQ:XAUUSD,2020-04-22T19:24:00+02:00,1716.710,1717.410,1716.350,1716.660,235
SQ:XAUUSD,2020-04-22T19:25:00+02:00,1716.660,1718.000,1716.550,1717.240,99
SQ:XAUUSD,2020-04-22T19:26:00+02:00,1717.240,1717.830,1717.020,1717.420,99
SQ:XAUUSD,2020-04-22T19:27:00+02:00,1717.400,1717.470,1715.740,1715.990,259
SQ:XAUUSD,2020-04-22T19:28:00+02:00,1715.990,1716.192,1713.970,1714.140,308
SQ:XAUUSD,2020-04-22T19:29:00+02:00,1714.120,1714.932,1713.230,1713.870,161
SQ:XAUUSD,2020-04-22T19:30:00+02:00,1713.870,1714.690,1713.030,1713.510,201
SQ:XAUUSD,2020-04-22T19:31:00+02:00,1713.860,1714.800,1713.480,1714.250,125
SQ:XAUUSD,2020-04-22T19:32:00+02:00,1714.250,1714.870,1711.200,1712.746,223
SQ:XAUUSD,2020-04-22T19:33:00+02:00,1712.836,1713.372,1712.090,1712.250,244
SQ:XAUUSD,2020-04-22T19:34:00+02:00,1712.250,1712.390,1711.940,1712.330,98
SQ:XAUUSD,2020-04-22T19:35:00+02:00,1712.390,1713.330,1712.060,1712.960,201
SQ:XAUUSD,2020-04-22T19:36:00+02:00,1712.830,1713.180,1712.570,1712.870,151
SQ:XAUUSD,2020-04-22T19:37:00+02:00,1712.870,1713.230,1712.060,1712.730,123
SQ:XAUUSD,2020-04-22T19:38:00+02:00,1712.730,1712.810,1711.130,1711.890,214
SQ:XAUUSD,2020-04-22T19:39:00+02:00,1711.890,1712.980,1711.810,1712.830,170
SQ:XAUUSD,2020-04-22T19:40:00+02:00,1712.660,1713.550,1712.080,1713.320,230
SQ:XAUUSD,2020-04-22T19:41:00+02:00,1713.320,1713.760,1713.100,1713.740,160
SQ:XAUUSD,2020-04-22T19:42:00+02:00,1713.740,1713.960,1712.940,1713.160,109
SQ:XAUUSD,2020-04-22T19:43:00+02:00,1713.160,1713.750,1712.660,1713.410,108
SQ:XAUUSD,2020-04-22T19:44:00+02:00,1713.410,1714.380,1713.410,1714.250,162
SQ:XAUUSD,2020-04-22T19:45:00+02:00,1714.190,1714.760,1713.890,1714.620,133
SQ:XAUUSD,2020-04-22T19:46:00+02:00,1714.460,1715.290,1713.750,1714.270,230
SQ:XAUUSD,2020-04-22T19:47:00+02:00,1714.270,1714.400,1712.810,1713.900,152
SQ:XAUUSD,2020-04-22T19:48:00+02:00,1713.900,1713.960,1712.670,1712.970,170
SQ:XAUUSD,2020-04-22T19:49:00+02:00,1712.970,1713.920,1712.180,1713.650,144
SQ:XAUUSD,2020-04-22T19:50:00+02:00,1713.650,1714.370,1712.930,1713.950,125
SQ:XAUUSD,2020-04-22T19:51:00+02:00,1713.760,1714.070,1712.480,1713.120,237
SQ:XAUUSD,2020-04-22T19:52:00+02:00,1712.870,1714.080,1712.620,1713.760,198
SQ:XAUUSD,2020-04-22T19:53:00+02:00,1713.560,1714.610,1713.480,1714.320,214
SQ:XAUUSD,2020-04-22T19:54:00+02:00,1714.320,1714.480,1713.700,1714.100,74
SQ:XAUUSD,2020-04-22T19:55:00+02:00,1714.100,1714.380,1713.690,1713.980,66
SQ:XAUUSD,2020-04-22T19:56:00+02:00,1713.970,1714.390,1713.890,1713.980,97
SQ:XAUUSD,2020-04-22T19:57:00+02:00,1713.890,1713.990,1713.560,1713.640,50
SQ:XAUUSD,2020-04-22T19:58:00+02:00,1713.640,1713.900,1713.260,1713.260,40
SQ:XAUUSD,2020-04-22T19:59:00+02:00,1713.260,1713.760,1712.620,1712.800,56
SQ:XAUUSD,2020-04-22T20:00:00+02:00,1712.800,1713.840,1712.800,1713.770,46
SQ:XAUUSD,2020-04-22T20:01:00+02:00,1713.730,1714.070,1713.670,1713.960,47
SQ:XAUUSD,2020-04-22T20:02:00+02:00,1713.960,1714.780,1713.730,1714.400,166
SQ:XAUUSD,2020-04-22T20:03:00+02:00,1714.400,1714.810,1713.820,1714.550,166
SQ:XAUUSD,2020-04-22T20:04:00+02:00,1714.290,1714.770,1713.950,1714.270,192
SQ:XAUUSD,2020-04-22T20:05:00+02:00,1714.270,1716.230,1714.040,1715.440,256
SQ:XAUUSD,2020-04-22T20:06:00+02:00,1715.440,1716.310,1714.310,1714.950,240
SQ:XAUUSD,2020-04-22T20:07:00+02:00,1714.950,1714.950,1713.890,1714.010,52
SQ:XAUUSD,2020-04-22T20:08:00+02:00,1714.040,1714.520,1713.290,1714.060,243
SQ:XAUUSD,2020-04-22T20:09:00+02:00,1714.110,1714.260,1713.290,1713.620,193
SQ:XAUUSD,2020-04-22T20:10:00+02:00,1713.650,1714.510,1713.110,1713.980,183
SQ:XAUUSD,2020-04-22T20:11:00+02:00,1713.980,1714.350,1713.090,1713.540,206
SQ:XAUUSD,2020-04-22T20:12:00+02:00,1713.530,1714.840,1713.290,1714.790,152
SQ:XAUUSD,2020-04-22T20:13:00+02:00,1714.650,1714.770,1713.960,1714.490,176
SQ:XAUUSD,2020-04-22T20:14:00+02:00,1714.410,1715.780,1714.410,1715.240,135
SQ:XAUUSD,2020-04-22T20:15:00+02:00,1715.220,1715.370,1714.990,1715.220,91
SQ:XAUUSD,2020-04-22T20:16:00+02:00,1715.220,1715.970,1714.930,1715.710,84
SQ:XAUUSD,2020-04-22T20:17:00+02:00,1715.650,1716.070,1715.430,1715.570,82
SQ:XAUUSD,2020-04-22T20:18:00+02:00,1715.570,1715.810,1715.110,1715.110,109
SQ:XAUUSD,2020-04-22T20:19:00+02:00,1715.110,1715.620,1715.110,1715.350,37
SQ:XAUUSD,2020-04-22T20:20:00+02:00,1715.350,1715.460,1715.200,1715.310,39
SQ:XAUUSD,2020-04-22T20:21:00+02:00,1715.310,1716.510,1715.310,1716.050,114
SQ:XAUUSD,2020-04-22T20:22:00+02:00,1716.050,1716.340,1715.880,1715.970,59
SQ:XAUUSD,2020-04-22T20:23:00+02:00,1715.970,1715.970,1715.440,1715.760,30
SQ:XAUUSD,2020-04-22T20:24:00+02:00,1715.760,1716.140,1715.410,1715.460,48
SQ:XAUUSD,2020-04-22T20:25:00+02:00,1715.510,1715.510,1713.420,1713.720,162
SQ:XAUUSD,2020-04-22T20:26:00+02:00,1713.640,1714.110,1713.510,1713.750,150
SQ:XAUUSD,2020-04-22T20:27:00+02:00,1713.670,1713.760,1712.930,1713.320,150
SQ:XAUUSD,2020-04-22T20:28:00+02:00,1713.320,1713.320,1712.240,1713.030,224
SQ:XAUUSD,2020-04-22T20:29:00+02:00,1713.030,1713.240,1712.760,1713.030,115
SQ:XAUUSD,2020-04-22T20:30:00+02:00,1713.030,1713.240,1712.920,1713.130,49
SQ:XAUUSD,2020-04-22T20:31:00+02:00,1713.130,1714.200,1713.020,1713.330,156
SQ:XAUUSD,2020-04-22T20:32:00+02:00,1713.330,1713.580,1712.610,1713.030,111
SQ:XAUUSD,2020-04-22T20:33:00+02:00,1713.240,1713.750,1712.870,1713.390,100
SQ:XAUUSD,2020-04-22T20:34:00+02:00,1713.130,1713.700,1712.910,1713.050,100
SQ:XAUUSD,2020-04-22T20:35:00+02:00,1713.100,1714.230,1712.670,1713.960,135
SQ:XAUUSD,2020-04-22T20:36:00+02:00,1714.030,1714.050,1713.290,1713.530,91
SQ:XAUUSD,2020-04-22T20:37:00+02:00,1713.830,1714.390,1713.410,1713.970,137
SQ:XAUUSD,2020-04-22T20:38:00+02:00,1713.970,1714.310,1713.570,1713.990,124
SQ:XAUUSD,2020-04-22T20:39:00+02:00,1713.990,1714.190,1713.410,1713.780,117
SQ:XAUUSD,2020-04-22T20:40:00+02:00,1713.780,1715.600,1713.470,1715.280,142
SQ:XAUUSD,2020-04-22T20:41:00+02:00,1715.330,1716.228,1714.830,1715.670,180
SQ:XAUUSD,2020-04-22T20:42:00+02:00,1715.670,1715.690,1715.210,1715.390,57
SQ:XAUUSD,2020-04-22T20:43:00+02:00,1715.400,1715.620,1715.250,1715.330,32
SQ:XAUUSD,2020-04-22T20:44:00+02:00,1715.350,1716.040,1715.320,1715.940,94
SQ:XAUUSD,2020-04-22T20:45:00+02:00,1715.980,1715.990,1715.380,1715.840,96
SQ:XAUUSD,2020-04-22T20:46:00+02:00,1715.890,1716.180,1715.490,1716.060,133
SQ:XAUUSD,2020-04-22T20:47:00+02:00,1716.000,1716.310,1715.820,1716.020,107
SQ:XAUUSD,2020-04-22T20:48:00+02:00,1715.950,1716.250,1715.610,1716.000,104
SQ:XAUUSD,2020-04-22T20:49:00+02:00,1715.750,1716.470,1715.700,1716.290,170
SQ:XAUUSD,2020-04-22T20:50:00+02:00,1716.320,1716.420,1715.780,1716.340,160
SQ:XAUUSD,2020-04-22T20:51:00+02:00,1716.340,1716.882,1715.380,1715.840,207
SQ:XAUUSD,2020-04-22T20:52:00+02:00,1715.920,1716.720,1715.360,1715.890,166
SQ:XAUUSD,2020-04-22T20:53:00+02:00,1715.890,1716.280,1714.550,1714.570,190
SQ:XAUUSD,2020-04-22T20:54:00+02:00,1714.600,1714.810,1714.280,1714.480,32
SQ:XAUUSD,2020-04-22T20:55:00+02:00,1714.480,1715.210,1714.310,1714.940,39
SQ:XAUUSD,2020-04-22T20:56:00+02:00,1714.890,1715.682,1714.560,1715.638,63
SQ:XAUUSD,2020-04-22T20:57:00+02:00,1715.668,1716.062,1714.172,1714.322,189
SQ:XAUUSD,2020-04-22T20:58:00+02:00,1714.272,1714.422,1714.006,1714.050,180
SQ:XAUUSD,2020-04-22T20:59:00+02:00,1714.130,1714.640,1713.770,1714.470,144
SQ:XAUUSD,2020-04-22T21:00:00+02:00,1714.610,1715.110,1714.100,1714.230,176
SQ:XAUUSD,2020-04-22T21:01:00+02:00,1714.280,1714.280,1713.250,1713.930,192
SQ:XAUUSD,2020-04-22T21:02:00+02:00,1713.930,1714.710,1713.490,1714.350,227
SQ:XAUUSD,2020-04-22T21:03:00+02:00,1714.580,1715.100,1714.200,1714.970,197
SQ:XAUUSD,2020-04-22T21:04:00+02:00,1714.970,1716.170,1714.510,1716.040,104
SQ:XAUUSD,2020-04-22T21:05:00+02:00,1716.040,1716.220,1715.390,1716.050,155
SQ:XAUUSD,2020-04-22T21:06:00+02:00,1716.110,1716.170,1715.120,1715.350,213
SQ:XAUUSD,2020-04-22T21:07:00+02:00,1715.580,1715.680,1714.362,1714.520,233
SQ:XAUUSD,2020-04-22T21:08:00+02:00,1714.372,1714.812,1713.872,1714.230,345
SQ:XAUUSD,2020-04-22T21:09:00+02:00,1714.290,1714.840,1713.302,1714.626,313
SQ:XAUUSD,2020-04-22T21:10:00+02:00,1714.626,1714.840,1713.632,1714.312,241
SQ:XAUUSD,2020-04-22T21:11:00+02:00,1714.322,1714.700,1713.772,1714.460,169
SQ:XAUUSD,2020-04-22T21:12:00+02:00,1714.400,1714.640,1714.040,1714.320,164
SQ:XAUUSD,2020-04-22T21:13:00+02:00,1714.320,1714.502,1713.670,1713.952,236
SQ:XAUUSD,2020-04-22T21:14:00+02:00,1713.772,1714.324,1713.630,1714.144,192
SQ:XAUUSD,2020-04-22T21:15:00+02:00,1714.114,1714.680,1713.266,1714.580,205
SQ:XAUUSD,2020-04-22T21:16:00+02:00,1714.580,1714.680,1714.210,1714.530,147
SQ:XAUUSD,2020-04-22T21:17:00+02:00,1714.530,1714.960,1714.280,1714.510,105
SQ:XAUUSD,2020-04-22T21:18:00+02:00,1714.510,1714.690,1713.700,1713.772,200
SQ:XAUUSD,2020-04-22T21:19:00+02:00,1713.770,1715.060,1713.680,1714.960,265
SQ:XAUUSD,2020-04-22T21:20:00+02:00,1714.960,1715.430,1713.770,1715.100,223
SQ:XAUUSD,2020-04-22T21:21:00+02:00,1715.100,1715.222,1714.212,1714.590,223
SQ:XAUUSD,2020-04-22T21:22:00+02:00,1714.560,1714.782,1713.114,1713.800,267
SQ:XAUUSD,2020-04-22T21:23:00+02:00,1713.744,1714.230,1713.190,1713.750,239
SQ:XAUUSD,2020-04-22T21:24:00+02:00,1713.750,1714.902,1713.520,1714.670,225
SQ:XAUUSD,2020-04-22T21:25:00+02:00,1714.670,1715.060,1714.200,1714.800,218
SQ:XAUUSD,2020-04-22T21:26:00+02:00,1714.612,1715.432,1714.338,1714.338,188
SQ:XAUUSD,2020-04-22T21:27:00+02:00,1714.388,1714.882,1714.350,1714.350,150
SQ:XAUUSD,2020-04-22T21:28:00+02:00,1714.350,1714.650,1713.690,1714.350,132
SQ:XAUUSD,2020-04-22T21:29:00+02:00,1714.540,1714.622,1713.840,1714.240,216
SQ:XAUUSD,2020-04-22T21:30:00+02:00,1714.080,1714.980,1713.530,1713.900,228
SQ:XAUUSD,2020-04-22T21:31:00+02:00,1714.030,1714.300,1712.690,1714.220,312
SQ:XAUUSD,2020-04-22T21:32:00+02:00,1714.220,1714.450,1713.382,1714.300,145
SQ:XAUUSD,2020-04-22T21:33:00+02:00,1714.380,1714.490,1713.510,1714.290,106
SQ:XAUUSD,2020-04-22T21:34:00+02:00,1714.470,1715.050,1714.100,1714.190,159
SQ:XAUUSD,2020-04-22T21:35:00+02:00,1714.430,1715.122,1713.850,1714.750,203
SQ:XAUUSD,2020-04-22T21:36:00+02:00,1714.750,1715.160,1714.200,1714.200,141
SQ:XAUUSD,2020-04-22T21:37:00+02:00,1714.220,1714.330,1713.298,1713.338,95
SQ:XAUUSD,2020-04-22T21:38:00+02:00,1713.328,1714.090,1713.328,1713.810,197
SQ:XAUUSD,2020-04-22T21:39:00+02:00,1714.000,1714.570,1713.150,1713.540,215
SQ:XAUUSD,2020-04-22T21:40:00+02:00,1713.730,1715.220,1713.260,1714.742,233
SQ:XAUUSD,2020-04-22T21:41:00+02:00,1714.732,1715.532,1714.580,1714.920,232
SQ:XAUUSD,2020-04-22T21:42:00+02:00,1714.920,1716.120,1714.630,1715.450,267
SQ:XAUUSD,2020-04-22T21:43:00+02:00,1715.600,1716.380,1715.380,1716.160,254
SQ:XAUUSD,2020-04-22T21:44:00+02:00,1716.000,1716.620,1715.510,1715.720,263
SQ:XAUUSD,2020-04-22T21:45:00+02:00,1715.720,1716.238,1714.850,1715.140,262
SQ:XAUUSD,2020-04-22T21:46:00+02:00,1714.860,1715.650,1714.432,1714.620,268
SQ:XAUUSD,2020-04-22T21:47:00+02:00,1714.620,1715.520,1714.390,1714.608,228
SQ:XAUUSD,2020-04-22T21:48:00+02:00,1714.590,1715.008,1714.050,1714.280,245
SQ:XAUUSD,2020-04-22T21:49:00+02:00,1714.230,1715.680,1714.230,1715.350,198
SQ:XAUUSD,2020-04-22T21:50:00+02:00,1715.450,1716.180,1714.840,1715.320,415
SQ:XAUUSD,2020-04-22T21:51:00+02:00,1715.320,1716.020,1714.720,1714.988,297
SQ:XAUUSD,2020-04-22T21:52:00+02:00,1714.990,1715.860,1714.240,1715.020,293
SQ:XAUUSD,2020-04-22T21:53:00+02:00,1715.020,1715.810,1714.200,1715.370,229
SQ:XAUUSD,2020-04-22T21:54:00+02:00,1715.370,1715.950,1714.970,1715.430,147
SQ:XAUUSD,2020-04-22T21:55:00+02:00,1714.940,1715.530,1714.790,1714.880,109
SQ:XAUUSD,2020-04-22T21:56:00+02:00,1714.900,1715.890,1714.460,1715.890,116
SQ:XAUUSD,2020-04-22T21:57:00+02:00,1715.890,1716.640,1714.870,1716.200,226
SQ:XAUUSD,2020-04-22T21:58:00+02:00,1716.200,1717.170,1715.760,1717.170,222
SQ:XAUUSD,2020-04-22T21:59:00+02:00,1716.880,1717.830,1716.140,1717.280,288
SQ:XAUUSD,2020-04-22T22:00:00+02:00,1717.140,1718.070,1716.100,1717.930,103
SQ:XAUUSD,2020-04-22T22:01:00+02:00,1718.040,1718.080,1717.360,1717.380,36
SQ:XAUUSD,2020-04-22T22:02:00+02:00,1717.380,1717.520,1716.820,1716.950,36
SQ:XAUUSD,2020-04-22T22:03:00+02:00,1716.920,1717.110,1716.680,1716.830,20
SQ:XAUUSD,2020-04-22T22:04:00+02:00,1716.860,1716.900,1716.540,1716.540,27
SQ:XAUUSD,2020-04-22T22:05:00+02:00,1716.700,1716.710,1716.360,1716.490,20
SQ:XAUUSD,2020-04-22T22:06:00+02:00,1716.490,1716.840,1716.410,1716.510,16
SQ:XAUUSD,2020-04-22T22:07:00+02:00,1716.460,1716.700,1716.370,1716.690,21
SQ:XAUUSD,2020-04-22T22:08:00+02:00,1716.690,1716.900,1716.650,1716.660,17
SQ:XAUUSD,2020-04-22T22:09:00+02:00,1716.690,1716.820,1716.620,1716.820,14
SQ:XAUUSD,2020-04-22T22:10:00+02:00,1716.820,1717.480,1716.690,1717.380,20
SQ:XAUUSD,2020-04-22T22:11:00+02:00,1717.380,1717.380,1717.010,1717.090,17
SQ:XAUUSD,2020-04-22T22:12:00+02:00,1717.090,1717.140,1716.370,1716.530,13
SQ:XAUUSD,2020-04-22T22:13:00+02:00,1716.530,1716.810,1716.250,1716.710,16
SQ:XAUUSD,2020-04-22T22:14:00+02:00,1716.810,1716.810,1715.680,1715.800,29
SQ:XAUUSD,2020-04-22T22:15:00+02:00,1715.570,1716.330,1715.570,1716.090,31
SQ:XAUUSD,2020-04-22T22:16:00+02:00,1716.080,1716.330,1715.970,1716.030,17
SQ:XAUUSD,2020-04-22T22:17:00+02:00,1716.330,1716.370,1715.840,1716.310,19
SQ:XAUUSD,2020-04-22T22:18:00+02:00,1716.090,1716.578,1715.448,1716.268,36
SQ:XAUUSD,2020-04-22T22:19:00+02:00,1716.070,1716.338,1715.210,1715.210,32
SQ:XAUUSD,2020-04-22T22:20:00+02:00,1715.210,1715.258,1714.990,1715.218,22
SQ:XAUUSD,2020-04-22T22:21:00+02:00,1715.298,1715.588,1715.000,1715.328,44
SQ:XAUUSD,2020-04-22T22:22:00+02:00,1715.328,1715.558,1714.450,1715.382,72
SQ:XAUUSD,2020-04-22T22:23:00+02:00,1715.408,1715.538,1714.380,1714.380,43
SQ:XAUUSD,2020-04-22T22:24:00+02:00,1714.370,1714.720,1714.370,1714.580,19
SQ:XAUUSD,2020-04-22T22:25:00+02:00,1714.580,1714.802,1714.550,1714.680,34
SQ:XAUUSD,2020-04-22T22:26:00+02:00,1714.652,1714.670,1714.050,1714.238,20
SQ:XAUUSD,2020-04-22T22:27:00+02:00,1714.238,1714.238,1713.440,1713.918,46
SQ:XAUUSD,2020-04-22T22:28:00+02:00,1713.910,1713.960,1713.760,1713.888,19
SQ:XAUUSD,2020-04-22T22:29:00+02:00,1713.888,1713.948,1713.630,1713.888,12
SQ:XAUUSD,2020-04-22T22:30:00+02:00,1713.888,1714.630,1713.878,1714.138,34
SQ:XAUUSD,2020-04-22T22:31:00+02:00,1714.268,1714.278,1713.630,1713.830,24
SQ:XAUUSD,2020-04-22T22:32:00+02:00,1713.830,1714.250,1713.790,1713.980,14
SQ:XAUUSD,2020-04-22T22:33:00+02:00,1713.990,1714.190,1713.530,1714.028,28
SQ:XAUUSD,2020-04-22T22:34:00+02:00,1713.938,1713.938,1713.550,1713.670,15
SQ:XAUUSD,2020-04-22T22:35:00+02:00,1713.670,1714.248,1713.600,1713.908,31
SQ:XAUUSD,2020-04-22T22:36:00+02:00,1713.908,1714.340,1713.532,1713.806,38
SQ:XAUUSD,2020-04-22T22:37:00+02:00,1713.806,1714.238,1713.400,1713.842,28
SQ:XAUUSD,2020-04-22T22:38:00+02:00,1713.842,1714.198,1713.378,1714.076,35
SQ:XAUUSD,2020-04-22T22:39:00+02:00,1714.046,1714.768,1713.420,1714.148,49
SQ:XAUUSD,2020-04-22T22:40:00+02:00,1714.608,1714.618,1712.900,1712.900,66
SQ:XAUUSD,2020-04-22T22:41:00+02:00,1712.910,1714.040,1712.540,1712.900,87
SQ:XAUUSD,2020-04-22T22:42:00+02:00,1713.048,1713.538,1712.240,1712.680,208
SQ:XAUUSD,2020-04-22T22:43:00+02:00,1712.620,1713.350,1712.480,1712.720,43
SQ:XAUUSD,2020-04-22T22:44:00+02:00,1712.726,1713.660,1712.260,1713.068,100
SQ:XAUUSD,2020-04-22T22:45:00+02:00,1713.178,1713.568,1711.520,1713.390,87
SQ:XAUUSD,2020-04-22T22:46:00+02:00,1713.330,1713.450,1713.020,1713.298,35
SQ:XAUUSD,2020-04-22T22:47:00+02:00,1713.328,1713.538,1713.216,1713.306,39
SQ:XAUUSD,2020-04-22T22:48:00+02:00,1713.310,1713.668,1712.990,1713.420,27
SQ:XAUUSD,2020-04-22T22:49:00+02:00,1713.420,1714.454,1713.420,1714.360,55
SQ:XAUUSD,2020-04-22T22:50:00+02:00,1714.360,1714.828,1713.740,1714.548,64
SQ:XAUUSD,2020-04-22T22:51:00+02:00,1714.558,1714.908,1713.990,1714.580,51
SQ:XAUUSD,2020-04-22T22:52:00+02:00,1714.580,1715.000,1714.580,1714.638,36
SQ:XAUUSD,2020-04-22T22:53:00+02:00,1714.570,1714.698,1714.250,1714.250,31
SQ:XAUUSD,2020-04-22T22:54:00+02:00,1714.200,1714.592,1713.936,1714.376,35
SQ:XAUUSD,2020-04-23T00:01:00+02:00,1710.990,1713.110,1710.990,1713.110,26
SQ:XAUUSD,2020-04-23T00:02:00+02:00,1713.170,1714.090,1712.910,1713.980,31
SQ:XAUUSD,2020-04-23T00:03:00+02:00,1713.980,1714.130,1713.650,1713.920,31
SQ:XAUUSD,2020-04-23T00:04:00+02:00,1713.930,1713.940,1713.100,1713.160,21
SQ:XAUUSD,2020-04-23T00:05:00+02:00,1713.210,1714.880,1713.080,1714.330,36
SQ:XAUUSD,2020-04-23T00:06:00+02:00,1714.330,1714.730,1713.790,1714.260,33
SQ:XAUUSD,2020-04-23T00:07:00+02:00,1714.260,1714.260,1713.950,1713.950,8
SQ:XAUUSD,2020-04-23T00:08:00+02:00,1713.950,1714.010,1713.950,1714.010,2
SQ:XAUUSD,2020-04-23T00:09:00+02:00,1714.010,1714.020,1713.970,1714.000,7
SQ:XAUUSD,2020-04-23T00:10:00+02:00,1714.000,1714.130,1713.920,1713.960,13
SQ:XAUUSD,2020-04-23T00:11:00+02:00,1713.960,1713.960,1713.700,1713.730,5
SQ:XAUUSD,2020-04-23T00:12:00+02:00,1713.730,1713.730,1713.550,1713.560,6
SQ:XAUUSD,2020-04-23T00:13:00+02:00,1713.500,1713.870,1713.390,1713.390,13
SQ:XAUUSD,2020-04-23T00:14:00+02:00,1713.390,1714.090,1713.380,1713.850,17
SQ:XAUUSD,2020-04-23T00:15:00+02:00,1713.850,1713.850,1713.810,1713.810,2
SQ:XAUUSD,2020-04-23T00:16:00+02:00,1713.740,1713.740,1713.460,1713.460,9
SQ:XAUUSD,2020-04-23T00:17:00+02:00,1713.460,1713.460,1713.150,1713.280,11
SQ:XAUUSD,2020-04-23T00:18:00+02:00,1713.280,1713.290,1713.070,1713.270,12
SQ:XAUUSD,2020-04-23T00:19:00+02:00,1713.270,1713.270,1713.030,1713.030,11
SQ:XAUUSD,2020-04-23T00:20:00+02:00,1713.030,1713.140,1713.000,1713.140,6
SQ:XAUUSD,2020-04-23T00:21:00+02:00,1713.140,1713.350,1713.120,1713.220,13
SQ:XAUUSD,2020-04-23T00:22:00+02:00,1713.090,1713.270,1712.950,1713.250,22
SQ:XAUUSD,2020-04-23T00:23:00+02:00,1713.250,1713.250,1713.210,1713.210,2
SQ:XAUUSD,2020-04-23T00:24:00+02:00,1713.180,1713.250,1713.050,1713.250,15
SQ:XAUUSD,2020-04-23T00:25:00+02:00,1713.280,1713.610,1713.280,1713.550,10
SQ:XAUUSD,2020-04-23T00:26:00+02:00,1713.550,1713.550,1713.460,1713.550,10
SQ:XAUUSD,2020-04-23T00:27:00+02:00,1713.550,1713.550,1713.440,1713.470,8
SQ:XAUUSD,2020-04-23T00:28:00+02:00,1713.470,1713.470,1713.220,1713.250,15
SQ:XAUUSD,2020-04-23T00:29:00+02:00,1713.250,1713.250,1713.100,1713.120,6
SQ:XAUUSD,2020-04-23T00:30:00+02:00,1713.070,1713.130,1712.870,1712.950,17
SQ:XAUUSD,2020-04-23T00:31:00+02:00,1712.950,1713.000,1712.790,1712.810,9
SQ:XAUUSD,2020-04-23T00:32:00+02:00,1712.810,1712.900,1712.710,1712.870,17
SQ:XAUUSD,2020-04-23T00:33:00+02:00,1712.880,1713.070,1712.860,1712.910,9
SQ:XAUUSD,2020-04-23T00:34:00+02:00,1712.910,1713.070,1712.890,1712.890,8
SQ:XAUUSD,2020-04-23T00:35:00+02:00,1712.900,1712.900,1712.640,1712.750,14
SQ:XAUUSD,2020-04-23T00:36:00+02:00,1712.740,1712.770,1712.450,1712.450,11
SQ:XAUUSD,2020-04-23T00:37:00+02:00,1712.520,1712.780,1712.520,1712.530,13
SQ:XAUUSD,2020-04-23T00:38:00+02:00,1712.550,1712.590,1712.460,1712.480,13
SQ:XAUUSD,2020-04-23T00:39:00+02:00,1712.480,1712.550,1712.430,1712.510,6
SQ:XAUUSD,2020-04-23T00:40:00+02:00,1712.510,1712.600,1712.510,1712.600,9
SQ:XAUUSD,2020-04-23T00:41:00+02:00,1712.570,1712.620,1712.450,1712.570,9
SQ:XAUUSD,2020-04-23T00:42:00+02:00,1712.660,1712.720,1712.470,1712.470,13
SQ:XAUUSD,2020-04-23T00:43:00+02:00,1712.510,1712.770,1712.510,1712.670,13
SQ:XAUUSD,2020-04-23T00:44:00+02:00,1712.680,1712.680,1712.470,1712.600,8
SQ:XAUUSD,2020-04-23T00:45:00+02:00,1712.600,1712.690,1712.550,1712.630,9
SQ:XAUUSD,2020-04-23T00:46:00+02:00,1712.620,1712.700,1712.580,1712.580,8
SQ:XAUUSD,2020-04-23T00:47:00+02:00,1712.580,1712.700,1712.570,1712.700,17
SQ:XAUUSD,2020-04-23T00:48:00+02:00,1712.700,1712.700,1712.610,1712.630,10
SQ:XAUUSD,2020-04-23T00:49:00+02:00,1712.630,1712.630,1712.136,1712.250,25
SQ:XAUUSD,2020-04-23T00:50:00+02:00,1712.250,1712.460,1712.130,1712.420,9
SQ:XAUUSD,2020-04-23T00:51:00+02:00,1712.420,1712.480,1712.420,1712.480,4
SQ:XAUUSD,2020-04-23T00:52:00+02:00,1712.480,1712.550,1711.950,1712.060,14
SQ:XAUUSD,2020-04-23T00:53:00+02:00,1712.060,1712.350,1712.060,1712.090,16
SQ:XAUUSD,2020-04-23T00:54:00+02:00,1712.080,1712.570,1712.080,1712.400,11
SQ:XAUUSD,2020-04-23T00:55:00+02:00,1712.390,1712.450,1712.070,1712.100,14
SQ:XAUUSD,2020-04-23T00:56:00+02:00,1712.100,1712.140,1711.580,1711.780,13
SQ:XAUUSD,2020-04-23T00:57:00+02:00,1711.770,1711.780,1711.620,1711.740,15
SQ:XAUUSD,2020-04-23T00:58:00+02:00,1711.740,1711.740,1711.390,1711.400,11
SQ:XAUUSD,2020-04-23T00:59:00+02:00,1711.400,1711.690,1711.240,1711.660,22
SQ:XAUUSD,2020-04-23T01:00:00+02:00,1711.670,1711.930,1711.670,1711.820,12
SQ:XAUUSD,2020-04-23T01:01:00+02:00,1711.750,1711.770,1711.140,1711.140,14
SQ:XAUUSD,2020-04-23T01:02:00+02:00,1711.140,1711.290,1710.980,1711.280,15
SQ:XAUUSD,2020-04-23T01:03:00+02:00,1711.330,1711.330,1710.970,1710.970,11
SQ:XAUUSD,2020-04-23T01:04:00+02:00,1710.970,1710.980,1710.960,1710.960,4
SQ:XAUUSD,2020-04-23T01:05:00+02:00,1710.960,1710.960,1710.730,1710.870,11
SQ:XAUUSD,2020-04-23T01:06:00+02:00,1710.870,1710.900,1710.870,1710.900,2
SQ:XAUUSD,2020-04-23T01:07:00+02:00,1710.900,1710.900,1710.670,1710.760,33
SQ:XAUUSD,2020-04-23T01:08:00+02:00,1710.760,1710.850,1710.740,1710.780,42
SQ:XAUUSD,2020-04-23T01:09:00+02:00,1710.780,1710.850,1710.750,1710.780,31
SQ:XAUUSD,2020-04-23T01:10:00+02:00,1710.780,1710.950,1709.810,1709.810,22
SQ:XAUUSD,2020-04-23T01:11:00+02:00,1709.810,1709.840,1709.266,1709.500,30
SQ:XAUUSD,2020-04-23T01:12:00+02:00,1709.500,1709.810,1709.470,1709.700,25
SQ:XAUUSD,2020-04-23T01:13:00+02:00,1709.790,1710.210,1709.790,1710.150,19
SQ:XAUUSD,2020-04-23T01:14:00+02:00,1710.160,1710.170,1710.020,1710.130,9
SQ:XAUUSD,2020-04-23T01:15:00+02:00,1710.120,1710.630,1710.090,1710.630,26
SQ:XAUUSD,2020-04-23T01:16:00+02:00,1710.620,1710.940,1709.930,1710.240,20
SQ:XAUUSD,2020-04-23T01:17:00+02:00,1710.240,1710.360,1710.070,1710.070,15
SQ:XAUUSD,2020-04-23T01:18:00+02:00,1710.070,1710.290,1710.020,1710.060,15
SQ:XAUUSD,2020-04-23T01:19:00+02:00,1710.030,1710.230,1710.030,1710.100,17
SQ:XAUUSD,2020-04-23T01:20:00+02:00,1710.100,1710.200,1710.010,1710.020,10
SQ:XAUUSD,2020-04-23T01:21:00+02:00,1710.020,1710.250,1710.020,1710.250,12
SQ:XAUUSD,2020-04-23T01:22:00+02:00,1710.260,1710.260,1710.150,1710.180,13
SQ:XAUUSD,2020-04-23T01:23:00+02:00,1710.230,1710.320,1710.040,1710.050,13
SQ:XAUUSD,2020-04-23T01:24:00+02:00,1710.060,1710.060,1709.260,1709.350,24
SQ:XAUUSD,2020-04-23T01:25:00+02:00,1709.350,1709.470,1709.280,1709.470,22
SQ:XAUUSD,2020-04-23T01:26:00+02:00,1709.460,1710.990,1709.460,1710.710,28
SQ:XAUUSD,2020-04-23T01:27:00+02:00,1710.670,1711.230,1710.350,1711.230,50
SQ:XAUUSD,2020-04-23T01:28:00+02:00,1711.230,1711.310,1711.020,1711.220,19
SQ:XAUUSD,2020-04-23T01:29:00+02:00,1711.020,1711.240,1711.020,1711.220,33
SQ:XAUUSD,2020-04-23T01:30:00+02:00,1711.230,1711.280,1711.170,1711.220,34
SQ:XAUUSD,2020-04-23T01:31:00+02:00,1711.220,1711.270,1711.160,1711.260,23
SQ:XAUUSD,2020-04-23T01:32:00+02:00,1711.290,1711.340,1710.910,1710.956,18
SQ:XAUUSD,2020-04-23T01:33:00+02:00,1710.956,1713.140,1710.680,1712.660,54
SQ:XAUUSD,2020-04-23T01:34:00+02:00,1712.660,1712.760,1712.200,1712.660,44
SQ:XAUUSD,2020-04-23T01:35:00+02:00,1712.660,1712.660,1712.080,1712.310,34
SQ:XAUUSD,2020-04-23T01:36:00+02:00,1712.310,1713.190,1712.170,1713.190,53
SQ:XAUUSD,2020-04-23T01:37:00+02:00,1712.970,1713.680,1712.970,1713.540,42
SQ:XAUUSD,2020-04-23T01:38:00+02:00,1713.540,1713.990,1713.540,1713.930,31
SQ:XAUUSD,2020-04-23T01:39:00+02:00,1713.930,1714.360,1713.870,1714.300,49
SQ:XAUUSD,2020-04-23T01:40:00+02:00,1714.370,1714.780,1714.290,1714.610,42
SQ:XAUUSD,2020-04-23T01:41:00+02:00,1714.610,1714.750,1713.010,1713.140,42
SQ:XAUUSD,2020-04-23T01:42:00+02:00,1712.970,1713.410,1712.820,1713.050,37
SQ:XAUUSD,2020-04-23T01:43:00+02:00,1713.050,1713.070,1712.660,1712.660,14
SQ:XAUUSD,2020-04-23T01:44:00+02:00,1712.660,1713.020,1712.560,1713.020,23
SQ:XAUUSD,2020-04-23T01:45:00+02:00,1713.020,1713.150,1712.600,1712.870,36
SQ:XAUUSD,2020-04-23T01:46:00+02:00,1712.870,1712.870,1712.240,1712.310,32
SQ:XAUUSD,2020-04-23T01:47:00+02:00,1712.310,1712.440,1711.408,1711.936,64
SQ:XAUUSD,2020-04-23T01:48:00+02:00,1711.854,1712.016,1711.444,1711.764,75
SQ:XAUUSD,2020-04-23T01:49:00+02:00,1711.764,1712.352,1711.330,1711.374,55
SQ:XAUUSD,2020-04-23T01:50:00+02:00,1711.378,1711.420,1711.020,1711.232,44
SQ:XAUUSD,2020-04-23T01:51:00+02:00,1711.242,1711.330,1710.824,1711.330,80
SQ:XAUUSD,2020-04-23T01:52:00+02:00,1711.330,1711.330,1710.870,1711.060,28
SQ:XAUUSD,2020-04-23T01:53:00+02:00,1711.060,1712.100,1711.060,1711.250,67
SQ:XAUUSD,2020-04-23T01:54:00+02:00,1711.250,1711.550,1711.080,1711.100,30
SQ:XAUUSD,2020-04-23T01:55:00+02:00,1711.100,1711.310,1710.750,1711.134,30
SQ:XAUUSD,2020-04-23T01:56:00+02:00,1711.134,1711.380,1710.940,1711.038,35
SQ:XAUUSD,2020-04-23T01:57:00+02:00,1711.148,1711.974,1710.980,1711.194,46
SQ:XAUUSD,2020-04-23T01:58:00+02:00,1711.204,1711.204,1711.000,1711.000,13
SQ:XAUUSD,2020-04-23T01:59:00+02:00,1711.000,1711.000,1710.690,1710.780,15
SQ:XAUUSD,2020-04-23T02:00:00+02:00,1710.780,1710.910,1710.440,1710.800,32
SQ:XAUUSD,2020-04-23T02:01:00+02:00,1710.810,1710.996,1710.370,1710.520,67
SQ:XAUUSD,2020-04-23T02:02:00+02:00,1710.470,1711.270,1709.570,1709.870,80
SQ:XAUUSD,2020-04-23T02:03:00+02:00,1709.870,1710.344,1709.740,1709.740,25
SQ:XAUUSD,2020-04-23T02:04:00+02:00,1709.740,1709.740,1709.500,1709.550,5
SQ:XAUUSD,2020-04-23T02:05:00+02:00,1709.550,1709.624,1709.520,1709.520,13
SQ:XAUUSD,2020-04-23T02:06:00+02:00,1709.520,1709.910,1709.050,1709.910,19
SQ:XAUUSD,2020-04-23T02:07:00+02:00,1709.910,1711.090,1709.880,1710.540,16
SQ:XAUUSD,2020-04-23T02:08:00+02:00,1710.540,1710.600,1708.860,1708.970,57
SQ:XAUUSD,2020-04-23T02:09:00+02:00,1709.010,1710.320,1708.830,1709.790,72
SQ:XAUUSD,2020-04-23T02:10:00+02:00,1709.750,1710.290,1709.590,1709.950,71
SQ:XAUUSD,2020-04-23T02:11:00+02:00,1709.950,1710.250,1709.790,1710.070,51
SQ:XAUUSD,2020-04-23T02:12:00+02:00,1710.070,1710.670,1709.770,1710.170,37
SQ:XAUUSD,2020-04-23T02:13:00+02:00,1710.180,1710.210,1709.310,1709.310,40
SQ:XAUUSD,2020-04-23T02:14:00+02:00,1709.260,1709.280,1709.040,1709.280,26
SQ:XAUUSD,2020-04-23T02:15:00+02:00,1709.280,1710.090,1709.280,1709.730,35
SQ:XAUUSD,2020-04-23T02:16:00+02:00,1709.730,1710.300,1709.730,1710.120,51
SQ:XAUUSD,2020-04-23T02:17:00+02:00,1710.110,1710.440,1709.790,1710.090,54
SQ:XAUUSD,2020-04-23T02:18:00+02:00,1710.030,1710.380,1709.810,1710.050,43
SQ:XAUUSD,2020-04-23T02:19:00+02:00,1710.020,1710.180,1709.510,1710.070,54
SQ:XAUUSD,2020-04-23T02:20:00+02:00,1710.070,1710.170,1709.630,1709.760,65
SQ:XAUUSD,2020-04-23T02:21:00+02:00,1709.760,1710.184,1709.620,1710.042,83
SQ:XAUUSD,2020-04-23T02:22:00+02:00,1710.042,1710.102,1709.066,1709.294,120
SQ:XAUUSD,2020-04-23T02:23:00+02:00,1709.438,1710.752,1709.250,1710.540,141
SQ:XAUUSD,2020-04-23T02:24:00+02:00,1710.540,1710.750,1710.050,1710.640,80
SQ:XAUUSD,2020-04-23T02:25:00+02:00,1710.640,1711.200,1710.300,1711.060,58
SQ:XAUUSD,2020-04-23T02:26:00+02:00,1711.060,1713.300,1711.060,1711.840,78
SQ:XAUUSD,2020-04-23T02:27:00+02:00,1711.840,1711.990,1711.310,1711.730,67
SQ:XAUUSD,2020-04-23T02:28:00+02:00,1711.730,1711.940,1711.180,1711.520,64
SQ:XAUUSD,2020-04-23T02:29:00+02:00,1711.520,1712.000,1711.230,1711.570,42
SQ:XAUUSD,2020-04-23T02:30:00+02:00,1711.570,1712.350,1711.110,1712.280,65
SQ:XAUUSD,2020-04-23T02:31:00+02:00,1712.280,1712.470,1710.690,1711.290,82
SQ:XAUUSD,2020-04-23T02:32:00+02:00,1711.290,1711.860,1710.580,1711.020,60
SQ:XAUUSD,2020-04-23T02:33:00+02:00,1710.970,1711.158,1710.230,1710.580,75
SQ:XAUUSD,2020-04-23T02:34:00+02:00,1710.580,1710.700,1710.470,1710.470,17
SQ:XAUUSD,2020-04-23T02:35:00+02:00,1710.470,1710.560,1710.300,1710.470,15
SQ:XAUUSD,2020-04-23T02:36:00+02:00,1710.470,1710.860,1710.100,1710.750,57
SQ:XAUUSD,2020-04-23T02:37:00+02:00,1710.750,1710.950,1710.160,1710.910,34
SQ:XAUUSD,2020-04-23T02:38:00+02:00,1710.910,1711.050,1710.060,1710.180,32
SQ:XAUUSD,2020-04-23T02:39:00+02:00,1710.020,1710.170,1709.350,1710.020,22
SQ:XAUUSD,2020-04-23T02:40:00+02:00,1710.020,1710.330,1709.590,1709.910,67
SQ:XAUUSD,2020-04-23T02:41:00+02:00,1709.910,1711.150,1709.880,1711.150,41
SQ:XAUUSD,2020-04-23T02:42:00+02:00,1711.150,1711.250,1710.750,1710.790,41
SQ:XAUUSD,2020-04-23T02:43:00+02:00,1710.790,1710.930,1710.740,1710.840,26
SQ:XAUUSD,2020-04-23T02:44:00+02:00,1710.850,1711.850,1710.790,1711.770,21
SQ:XAUUSD,2020-04-23T02:45:00+02:00,1711.770,1711.940,1711.380,1711.800,31
SQ:XAUUSD,2020-04-23T02:46:00+02:00,1711.800,1712.040,1711.590,1711.790,13
SQ:XAUUSD,2020-04-23T02:47:00+02:00,1711.840,1711.980,1710.780,1710.880,31
SQ:XAUUSD,2020-04-23T02:48:00+02:00,1710.880,1711.130,1710.080,1710.850,92
SQ:XAUUSD,2020-04-23T02:49:00+02:00,1710.850,1711.030,1710.190,1710.350,72
SQ:XAUUSD,2020-04-23T02:50:00+02:00,1710.350,1710.500,1710.030,1710.330,77
SQ:XAUUSD,2020-04-23T02:51:00+02:00,1710.460,1710.930,1709.850,1710.400,65
SQ:XAUUSD,2020-04-23T02:52:00+02:00,1710.330,1710.620,1710.100,1710.440,38
SQ:XAUUSD,2020-04-23T02:53:00+02:00,1710.440,1711.290,1710.410,1710.410,25
SQ:XAUUSD,2020-04-23T02:54:00+02:00,1710.410,1710.750,1709.930,1710.120,45
SQ:XAUUSD,2020-04-23T02:55:00+02:00,1710.300,1710.850,1710.110,1710.120,31
SQ:XAUUSD,2020-04-23T02:56:00+02:00,1710.050,1711.160,1709.980,1710.270,30
SQ:XAUUSD,2020-04-23T02:57:00+02:00,1710.270,1710.920,1710.270,1710.270,30
SQ:XAUUSD,2020-04-23T02:58:00+02:00,1710.210,1711.230,1709.900,1710.650,51
SQ:XAUUSD,2020-04-23T02:59:00+02:00,1710.650,1711.640,1710.270,1711.370,44
SQ:XAUUSD,2020-04-23T03:00:00+02:00,1711.370,1711.370,1709.470,1709.940,231
SQ:XAUUSD,2020-04-23T03:01:00+02:00,1710.230,1711.420,1710.040,1710.650,111
SQ:XAUUSD,2020-04-23T03:02:00+02:00,1710.650,1710.750,1710.230,1710.260,20
SQ:XAUUSD,2020-04-23T03:03:00+02:00,1710.260,1710.650,1710.260,1710.510,32
SQ:XAUUSD,2020-04-23T03:04:00+02:00,1710.510,1710.510,1710.260,1710.270,21
SQ:XAUUSD,2020-04-23T03:05:00+02:00,1710.270,1710.410,1709.620,1710.270,14
SQ:XAUUSD,2020-04-23T03:06:00+02:00,1710.270,1710.340,1709.330,1709.460,72
SQ:XAUUSD,2020-04-23T03:07:00+02:00,1709.460,1709.460,1709.130,1709.130,119
SQ:XAUUSD,2020-04-23T03:08:00+02:00,1709.130,1709.790,1709.090,1709.560,84
SQ:XAUUSD,2020-04-23T03:09:00+02:00,1709.560,1710.170,1709.550,1709.560,101
SQ:XAUUSD,2020-04-23T03:10:00+02:00,1709.560,1709.620,1709.560,1709.620,10
SQ:XAUUSD,2020-04-23T03:11:00+02:00,1709.620,1709.720,1709.600,1709.720,40
SQ:XAUUSD,2020-04-23T03:12:00+02:00,1709.720,1709.740,1708.490,1708.970,51
SQ:XAUUSD,2020-04-23T03:13:00+02:00,1708.970,1708.970,1708.690,1708.720,35
SQ:XAUUSD,2020-04-23T03:14:00+02:00,1708.790,1709.980,1708.710,1709.980,65
SQ:XAUUSD,2020-04-23T03:15:00+02:00,1709.980,1710.480,1709.840,1710.460,37
SQ:XAUUSD,2020-04-23T03:16:00+02:00,1710.440,1710.960,1710.270,1710.590,42
SQ:XAUUSD,2020-04-23T03:17:00+02:00,1710.590,1711.330,1710.470,1710.570,74
SQ:XAUUSD,2020-04-23T03:18:00+02:00,1710.570,1710.840,1710.090,1710.480,62
SQ:XAUUSD,2020-04-23T03:19:00+02:00,1710.480,1710.480,1709.970,1710.320,62
SQ:XAUUSD,2020-04-23T03:20:00+02:00,1710.340,1711.250,1710.230,1710.960,94
SQ:XAUUSD,2020-04-23T03:21:00+02:00,1710.990,1712.510,1710.750,1712.170,75
SQ:XAUUSD,2020-04-23T03:22:00+02:00,1712.300,1714.600,1712.280,1713.680,180
SQ:XAUUSD,2020-04-23T03:23:00+02:00,1713.510,1714.330,1712.720,1713.440,121
SQ:XAUUSD,2020-04-23T03:24:00+02:00,1713.440,1717.320,1713.440,1715.740,260
SQ:XAUUSD,2020-04-23T03:25:00+02:00,1715.740,1718.370,1715.200,1717.160,305
SQ:XAUUSD,2020-04-23T03:26:00+02:00,1717.240,1719.030,1716.670,1716.990,260
SQ:XAUUSD,2020-04-23T03:27:00+02:00,1716.830,1717.002,1715.640,1715.760,264
SQ:XAUUSD,2020-04-23T03:28:00+02:00,1715.760,1716.140,1714.240,1714.880,285
SQ:XAUUSD,2020-04-23T03:29:00+02:00,1714.880,1715.150,1713.780,1714.190,343
SQ:XAUUSD,2020-04-23T03:30:00+02:00,1714.214,1715.278,1713.890,1714.896,313
SQ:XAUUSD,2020-04-23T03:31:00+02:00,1714.826,1715.410,1714.630,1714.872,208
SQ:XAUUSD,2020-04-23T03:32:00+02:00,1714.852,1715.736,1714.348,1715.348,192
SQ:XAUUSD,2020-04-23T03:33:00+02:00,1715.348,1717.690,1715.272,1716.300,247
SQ:XAUUSD,2020-04-23T03:34:00+02:00,1716.340,1716.630,1714.940,1715.000,216
SQ:XAUUSD,2020-04-23T03:35:00+02:00,1715.000,1716.110,1714.304,1714.658,314
SQ:XAUUSD,2020-04-23T03:36:00+02:00,1714.658,1715.780,1714.340,1714.680,116
SQ:XAUUSD,2020-04-23T03:37:00+02:00,1714.680,1715.430,1712.980,1713.790,85
SQ:XAUUSD,2020-04-23T03:38:00+02:00,1713.790,1714.730,1712.950,1714.730,108
SQ:XAUUSD,2020-04-23T03:39:00+02:00,1714.730,1714.730,1713.120,1713.830,69
SQ:XAUUSD,2020-04-23T03:40:00+02:00,1713.830,1713.930,1713.020,1713.530,69
SQ:XAUUSD,2020-04-23T03:41:00+02:00,1713.530,1714.430,1713.190,1713.580,70
SQ:XAUUSD,2020-04-23T03:42:00+02:00,1713.580,1713.910,1712.840,1712.982,100
SQ:XAUUSD,2020-04-23T03:43:00+02:00,1712.986,1714.970,1712.820,1714.760,163
SQ:XAUUSD,2020-04-23T03:44:00+02:00,1714.760,1715.668,1713.760,1713.760,135
SQ:XAUUSD,2020-04-23T03:45:00+02:00,1713.760,1714.290,1712.990,1713.200,89
SQ:XAUUSD,2020-04-23T03:46:00+02:00,1713.200,1714.688,1713.030,1714.250,102
SQ:XAUUSD,2020-04-23T03:47:00+02:00,1714.740,1714.956,1713.580,1714.370,159
SQ:XAUUSD,2020-04-23T03:48:00+02:00,1714.622,1714.756,1713.974,1714.370,138
SQ:XAUUSD,2020-04-23T03:49:00+02:00,1714.620,1715.470,1714.460,1715.046,151
SQ:XAUUSD,2020-04-23T03:50:00+02:00,1715.046,1715.326,1713.860,1714.404,141
SQ:XAUUSD,2020-04-23T03:51:00+02:00,1714.218,1714.948,1713.850,1714.528,132
SQ:XAUUSD,2020-04-23T03:52:00+02:00,1714.498,1714.924,1714.360,1714.672,85
SQ:XAUUSD,2020-04-23T03:53:00+02:00,1714.652,1714.750,1713.670,1713.780,89
SQ:XAUUSD,2020-04-23T03:54:00+02:00,1713.780,1714.440,1712.320,1712.720,76
SQ:XAUUSD,2020-04-23T03:55:00+02:00,1712.720,1712.860,1711.720,1711.760,57
SQ:XAUUSD,2020-04-23T03:56:00+02:00,1711.760,1711.890,1709.850,1709.990,95
SQ:XAUUSD,2020-04-23T03:57:00+02:00,1709.950,1711.030,1708.830,1708.830,93
SQ:XAUUSD,2020-04-23T03:58:00+02:00,1708.830,1709.840,1708.500,1709.840,62
SQ:XAUUSD,2020-04-23T03:59:00+02:00,1709.840,1710.560,1708.770,1709.950,81
SQ:XAUUSD,2020-04-23T04:00:00+02:00,1710.010,1710.170,1708.780,1709.670,81
SQ:XAUUSD,2020-04-23T04:01:00+02:00,1709.730,1709.970,1708.870,1709.340,115
SQ:XAUUSD,2020-04-23T04:02:00+02:00,1709.340,1709.930,1708.890,1709.390,96
SQ:XAUUSD,2020-04-23T04:03:00+02:00,1709.390,1710.650,1709.390,1710.600,46
SQ:XAUUSD,2020-04-23T04:04:00+02:00,1710.600,1710.600,1709.170,1709.680,98
SQ:XAUUSD,2020-04-23T04:05:00+02:00,1709.688,1709.810,1709.090,1709.440,81
SQ:XAUUSD,2020-04-23T04:06:00+02:00,1709.446,1709.660,1708.978,1708.978,56
SQ:XAUUSD,2020-04-23T04:07:00+02:00,1708.978,1709.330,1708.070,1708.990,130
SQ:XAUUSD,2020-04-23T04:08:00+02:00,1709.040,1710.020,1708.650,1709.540,79
SQ:XAUUSD,2020-04-23T04:09:00+02:00,1709.640,1710.678,1709.400,1709.970,139
SQ:XAUUSD,2020-04-23T04:10:00+02:00,1709.970,1711.230,1709.960,1710.820,91
SQ:XAUUSD,2020-04-23T04:11:00+02:00,1710.820,1711.090,1709.970,1710.720,68
SQ:XAUUSD,2020-04-23T04:12:00+02:00,1710.720,1711.570,1710.590,1711.130,61
SQ:XAUUSD,2020-04-23T04:13:00+02:00,1711.100,1711.190,1709.920,1710.140,74
SQ:XAUUSD,2020-04-23T04:14:00+02:00,1710.140,1710.740,1709.670,1709.760,77
SQ:XAUUSD,2020-04-23T04:15:00+02:00,1709.760,1710.970,1709.730,1709.880,55
SQ:XAUUSD,2020-04-23T04:16:00+02:00,1709.880,1710.890,1709.830,1710.080,75
SQ:XAUUSD,2020-04-23T04:17:00+02:00,1710.080,1711.260,1710.080,1710.620,48
SQ:XAUUSD,2020-04-23T04:18:00+02:00,1710.620,1711.310,1710.130,1710.640,74
SQ:XAUUSD,2020-04-23T04:19:00+02:00,1710.700,1711.680,1710.430,1711.350,69
SQ:XAUUSD,2020-04-23T04:20:00+02:00,1711.350,1711.720,1710.840,1710.920,59
SQ:XAUUSD,2020-04-23T04:21:00+02:00,1711.220,1711.670,1710.810,1710.830,75
SQ:XAUUSD,2020-04-23T04:22:00+02:00,1710.830,1710.990,1710.350,1710.460,79
SQ:XAUUSD,2020-04-23T04:23:00+02:00,1710.440,1710.660,1710.210,1710.420,82
SQ:XAUUSD,2020-04-23T04:24:00+02:00,1710.380,1710.690,1710.220,1710.260,50
SQ:XAUUSD,2020-04-23T04:25:00+02:00,1710.260,1710.590,1709.540,1710.420,52
SQ:XAUUSD,2020-04-23T04:26:00+02:00,1710.480,1710.510,1709.930,1709.950,50
SQ:XAUUSD,2020-04-23T04:27:00+02:00,1709.960,1710.150,1709.190,1709.470,107
SQ:XAUUSD,2020-04-23T04:28:00+02:00,1709.470,1710.170,1709.470,1709.770,52
SQ:XAUUSD,2020-04-23T04:29:00+02:00,1709.770,1710.320,1709.670,1710.260,43
SQ:XAUUSD,2020-04-23T04:30:00+02:00,1710.360,1710.510,1709.310,1709.560,68
SQ:XAUUSD,2020-04-23T04:31:00+02:00,1709.560,1710.200,1709.550,1709.730,44
SQ:XAUUSD,2020-04-23T04:32:00+02:00,1709.790,1711.050,1709.790,1710.880,61
SQ:XAUUSD,2020-04-23T04:33:00+02:00,1710.800,1711.220,1710.470,1711.030,69
SQ:XAUUSD,2020-04-23T04:34:00+02:00,1711.100,1711.210,1710.770,1711.080,49
SQ:XAUUSD,2020-04-23T04:35:00+02:00,1711.060,1711.730,1710.900,1711.260,54
SQ:XAUUSD,2020-04-23T04:36:00+02:00,1711.260,1711.600,1711.260,1711.560,10
SQ:XAUUSD,2020-04-23T04:37:00+02:00,1711.560,1711.560,1710.560,1710.730,33
SQ:XAUUSD,2020-04-23T04:38:00+02:00,1710.580,1710.710,1710.470,1710.520,42
SQ:XAUUSD,2020-04-23T04:39:00+02:00,1710.590,1710.880,1710.520,1710.700,30
SQ:XAUUSD,2020-04-23T04:40:00+02:00,1710.690,1710.830,1710.550,1710.670,45
SQ:XAUUSD,2020-04-23T04:41:00+02:00,1710.800,1711.110,1710.160,1710.600,62
SQ:XAUUSD,2020-04-23T04:42:00+02:00,1710.860,1711.190,1710.220,1710.220,63
SQ:XAUUSD,2020-04-23T04:43:00+02:00,1710.410,1711.260,1710.110,1710.270,60
SQ:XAUUSD,2020-04-23T04:44:00+02:00,1710.270,1710.730,1710.160,1710.330,48
SQ:XAUUSD,2020-04-23T04:45:00+02:00,1710.330,1710.330,1709.800,1710.040,51
SQ:XAUUSD,2020-04-23T04:46:00+02:00,1709.970,1710.090,1709.950,1710.050,41
SQ:XAUUSD,2020-04-23T04:47:00+02:00,1710.050,1710.050,1709.520,1709.940,38
SQ:XAUUSD,2020-04-23T04:48:00+02:00,1709.940,1710.040,1709.520,1709.630,40
SQ:XAUUSD,2020-04-23T04:49:00+02:00,1709.630,1709.770,1709.550,1709.680,26
SQ:XAUUSD,2020-04-23T04:50:00+02:00,1709.680,1710.290,1709.470,1709.470,51
SQ:XAUUSD,2020-04-23T04:51:00+02:00,1709.470,1709.550,1709.260,1709.390,19
SQ:XAUUSD,2020-04-23T04:52:00+02:00,1709.390,1709.510,1709.370,1709.400,11
SQ:XAUUSD,2020-04-23T04:53:00+02:00,1709.400,1709.500,1709.360,1709.400,11
SQ:XAUUSD,2020-04-23T04:54:00+02:00,1709.400,1709.480,1708.050,1708.620,87
SQ:XAUUSD,2020-04-23T04:55:00+02:00,1708.620,1708.770,1708.224,1708.770,39
SQ:XAUUSD,2020-04-23T04:56:00+02:00,1708.720,1708.800,1708.512,1708.550,45
SQ:XAUUSD,2020-04-23T04:57:00+02:00,1708.550,1709.734,1707.950,1707.950,46
SQ:XAUUSD,2020-04-23T04:58:00+02:00,1707.950,1708.710,1707.950,1708.300,42
SQ:XAUUSD,2020-04-23T04:59:00+02:00,1708.250,1708.980,1708.140,1708.530,42
SQ:XAUUSD,2020-04-23T05:00:00+02:00,1708.330,1709.190,1708.020,1709.080,54
SQ:XAUUSD,2020-04-23T05:01:00+02:00,1709.080,1709.080,1707.510,1707.680,53
SQ:XAUUSD,2020-04-23T05:02:00+02:00,1707.690,1708.290,1707.690,1708.280,44
SQ:XAUUSD,2020-04-23T05:03:00+02:00,1708.330,1709.240,1708.330,1708.960,49
SQ:XAUUSD,2020-04-23T05:04:00+02:00,1708.960,1709.330,1708.270,1708.300,34
SQ:XAUUSD,2020-04-23T05:05:00+02:00,1708.300,1708.540,1708.230,1708.500,34
SQ:XAUUSD,2020-04-23T05:06:00+02:00,1708.500,1709.050,1708.480,1708.510,34
SQ:XAUUSD,2020-04-23T05:07:00+02:00,1708.510,1709.550,1708.490,1709.330,26
SQ:XAUUSD,2020-04-23T05:08:00+02:00,1709.330,1709.330,1708.790,1708.790,7
SQ:XAUUSD,2020-04-23T05:09:00+02:00,1708.790,1709.580,1708.540,1708.640,21
SQ:XAUUSD,2020-04-23T05:10:00+02:00,1708.640,1709.050,1708.380,1708.510,45
SQ:XAUUSD,2020-04-23T05:11:00+02:00,1708.510,1709.240,1706.990,1708.090,170
SQ:XAUUSD,2020-04-23T05:12:00+02:00,1708.320,1709.450,1707.570,1709.110,118
SQ:XAUUSD,2020-04-23T05:13:00+02:00,1709.110,1709.790,1708.950,1709.450,27
SQ:XAUUSD,2020-04-23T05:14:00+02:00,1709.450,1709.780,1709.450,1709.780,15
SQ:XAUUSD,2020-04-23T05:15:00+02:00,1709.780,1710.500,1708.810,1709.100,49
SQ:XAUUSD,2020-04-23T05:16:00+02:00,1709.210,1709.880,1708.830,1709.530,38
SQ:XAUUSD,2020-04-23T05:17:00+02:00,1709.530,1710.260,1709.530,1710.090,58
SQ:XAUUSD,2020-04-23T05:18:00+02:00,1710.180,1710.420,1710.070,1710.420,46
SQ:XAUUSD,2020-04-23T05:19:00+02:00,1710.420,1710.820,1709.470,1709.890,40
SQ:XAUUSD,2020-04-23T05:20:00+02:00,1709.890,1711.620,1709.460,1710.450,61
SQ:XAUUSD,2020-04-23T05:21:00+02:00,1710.450,1710.690,1710.020,1710.350,52
SQ:XAUUSD,2020-04-23T05:22:00+02:00,1710.350,1710.460,1708.200,1708.980,79
SQ:XAUUSD,2020-04-23T05:23:00+02:00,1708.920,1709.050,1707.740,1708.620,55
SQ:XAUUSD,2020-04-23T05:24:00+02:00,1708.600,1708.600,1707.690,1707.970,21
SQ:XAUUSD,2020-04-23T05:25:00+02:00,1707.940,1708.950,1707.850,1708.910,21
SQ:XAUUSD,2020-04-23T05:26:00+02:00,1708.910,1709.300,1708.410,1708.450,46
SQ:XAUUSD,2020-04-23T05:27:00+02:00,1708.540,1709.020,1708.420,1708.950,30
SQ:XAUUSD,2020-04-23T05:28:00+02:00,1708.950,1708.980,1708.910,1708.930,25
SQ:XAUUSD,2020-04-23T05:29:00+02:00,1708.930,1709.810,1708.930,1709.520,45
SQ:XAUUSD,2020-04-23T05:30:00+02:00,1709.430,1710.830,1709.300,1709.790,60
SQ:XAUUSD,2020-04-23T05:31:00+02:00,1709.870,1710.490,1709.630,1709.780,59
SQ:XAUUSD,2020-04-23T05:32:00+02:00,1709.780,1709.930,1709.380,1709.410,15
SQ:XAUUSD,2020-04-23T05:33:00+02:00,1709.410,1710.080,1709.410,1709.770,15
SQ:XAUUSD,2020-04-23T05:34:00+02:00,1709.770,1710.210,1709.250,1709.350,41
SQ:XAUUSD,2020-04-23T05:35:00+02:00,1709.350,1709.370,1709.220,1709.220,12
SQ:XAUUSD,2020-04-23T05:36:00+02:00,1709.220,1709.240,1709.130,1709.220,25
SQ:XAUUSD,2020-04-23T05:37:00+02:00,1709.220,1709.280,1709.070,1709.240,12
SQ:XAUUSD,2020-04-23T05:38:00+02:00,1709.240,1709.390,1709.090,1709.310,46
SQ:XAUUSD,2020-04-23T05:39:00+02:00,1709.380,1709.600,1709.280,1709.592,26
SQ:XAUUSD,2020-04-23T05:40:00+02:00,1709.596,1710.200,1709.310,1709.550,35
SQ:XAUUSD,2020-04-23T05:41:00+02:00,1709.550,1710.260,1709.400,1709.668,37
SQ:XAUUSD,2020-04-23T05:42:00+02:00,1709.668,1710.060,1709.530,1709.650,28
SQ:XAUUSD,2020-04-23T05:43:00+02:00,1709.646,1710.150,1709.310,1709.644,21
SQ:XAUUSD,2020-04-23T05:44:00+02:00,1709.644,1709.644,1709.556,1709.626,27
SQ:XAUUSD,2020-04-23T05:45:00+02:00,1709.616,1709.820,1709.610,1709.790,23
SQ:XAUUSD,2020-04-23T05:46:00+02:00,1709.800,1709.980,1709.620,1709.760,26
SQ:XAUUSD,2020-04-23T05:47:00+02:00,1709.760,1709.870,1709.630,1709.870,15
SQ:XAUUSD,2020-04-23T05:48:00+02:00,1709.860,1710.200,1709.860,1710.190,24
SQ:XAUUSD,2020-04-23T05:49:00+02:00,1710.180,1710.190,1709.860,1709.920,27
SQ:XAUUSD,2020-04-23T05:50:00+02:00,1709.930,1710.030,1709.080,1709.380,61
SQ:XAUUSD,2020-04-23T05:51:00+02:00,1709.380,1710.080,1709.310,1709.620,56
SQ:XAUUSD,2020-04-23T05:52:00+02:00,1709.620,1709.860,1709.560,1709.790,22
SQ:XAUUSD,2020-04-23T05:53:00+02:00,1709.790,1710.142,1709.780,1709.870,30
SQ:XAUUSD,2020-04-23T05:54:00+02:00,1709.870,1709.950,1709.710,1709.780,14
SQ:XAUUSD,2020-04-23T05:55:00+02:00,1709.800,1709.930,1709.680,1709.740,20
SQ:XAUUSD,2020-04-23T05:56:00+02:00,1709.740,1709.880,1709.570,1709.878,19
SQ:XAUUSD,2020-04-23T05:57:00+02:00,1709.710,1710.280,1709.670,1710.200,33
SQ:XAUUSD,2020-04-23T05:58:00+02:00,1710.200,1710.200,1709.680,1709.800,22
SQ:XAUUSD,2020-04-23T05:59:00+02:00,1709.790,1710.040,1709.620,1709.750,28
SQ:XAUUSD,2020-04-23T06:00:00+02:00,1709.690,1710.070,1709.450,1709.812,70
SQ:XAUUSD,2020-04-23T06:01:00+02:00,1709.750,1710.120,1709.590,1709.780,31
SQ:XAUUSD,2020-04-23T06:02:00+02:00,1709.870,1710.250,1709.800,1710.210,31
SQ:XAUUSD,2020-04-23T06:03:00+02:00,1710.210,1710.260,1709.980,1710.010,23
SQ:XAUUSD,2020-04-23T06:04:00+02:00,1710.000,1710.250,1709.870,1710.140,19
SQ:XAUUSD,2020-04-23T06:05:00+02:00,1710.178,1710.480,1709.680,1709.840,17
SQ:XAUUSD,2020-04-23T06:06:00+02:00,1709.840,1710.580,1709.790,1710.150,29
SQ:XAUUSD,2020-04-23T06:07:00+02:00,1710.150,1710.460,1710.150,1710.290,22
SQ:XAUUSD,2020-04-23T06:08:00+02:00,1710.290,1710.290,1709.840,1710.030,19
SQ:XAUUSD,2020-04-23T06:09:00+02:00,1710.020,1710.280,1709.380,1709.470,24
SQ:XAUUSD,2020-04-23T06:10:00+02:00,1709.470,1709.600,1709.140,1709.600,37
SQ:XAUUSD,2020-04-23T06:11:00+02:00,1709.610,1709.840,1709.166,1709.570,54
SQ:XAUUSD,2020-04-23T06:12:00+02:00,1709.570,1710.120,1709.380,1709.770,63
SQ:XAUUSD,2020-04-23T06:13:00+02:00,1709.770,1711.520,1709.770,1711.370,67
SQ:XAUUSD,2020-04-23T06:14:00+02:00,1711.370,1711.840,1709.950,1711.590,99
SQ:XAUUSD,2020-04-23T06:15:00+02:00,1711.590,1711.960,1710.750,1711.700,78
SQ:XAUUSD,2020-04-23T06:16:00+02:00,1711.700,1712.260,1711.650,1712.060,36
SQ:XAUUSD,2020-04-23T06:17:00+02:00,1712.060,1712.060,1711.650,1711.780,38
SQ:XAUUSD,2020-04-23T06:18:00+02:00,1711.780,1712.130,1711.590,1712.060,33
SQ:XAUUSD,2020-04-23T06:19:00+02:00,1712.060,1713.060,1711.810,1712.560,97
SQ:XAUUSD,2020-04-23T06:20:00+02:00,1712.640,1712.910,1712.410,1712.890,68
SQ:XAUUSD,2020-04-23T06:21:00+02:00,1712.890,1712.890,1712.370,1712.660,37
SQ:XAUUSD,2020-04-23T06:22:00+02:00,1712.660,1713.550,1712.600,1713.550,76
SQ:XAUUSD,2020-04-23T06:23:00+02:00,1713.490,1713.490,1712.040,1712.290,94
SQ:XAUUSD,2020-04-23T06:24:00+02:00,1712.190,1712.360,1711.508,1712.260,66
SQ:XAUUSD,2020-04-23T06:25:00+02:00,1712.310,1712.480,1712.100,1712.410,36
SQ:XAUUSD,2020-04-23T06:26:00+02:00,1712.270,1712.440,1711.890,1712.230,52
SQ:XAUUSD,2020-04-23T06:27:00+02:00,1712.230,1712.400,1712.000,1712.010,40
SQ:XAUUSD,2020-04-23T06:28:00+02:00,1712.010,1712.090,1712.000,1712.000,21
SQ:XAUUSD,2020-04-23T06:29:00+02:00,1712.000,1712.190,1712.000,1712.000,25
SQ:XAUUSD,2020-04-23T06:30:00+02:00,1712.000,1712.260,1712.000,1712.260,20
SQ:XAUUSD,2020-04-23T06:31:00+02:00,1712.190,1712.350,1712.110,1712.140,42
SQ:XAUUSD,2020-04-23T06:32:00+02:00,1712.140,1712.350,1712.020,1712.100,31
SQ:XAUUSD,2020-04-23T06:33:00+02:00,1712.060,1712.100,1711.990,1711.990,9
SQ:XAUUSD,2020-04-23T06:34:00+02:00,1711.990,1712.090,1711.990,1712.000,13
SQ:XAUUSD,2020-04-23T06:35:00+02:00,1712.000,1712.080,1712.000,1712.000,21
SQ:XAUUSD,2020-04-23T06:36:00+02:00,1712.000,1712.090,1712.000,1712.030,37
SQ:XAUUSD,2020-04-23T06:37:00+02:00,1712.030,1712.030,1711.890,1711.930,5
SQ:XAUUSD,2020-04-23T06:38:00+02:00,1711.930,1712.530,1711.930,1712.470,60
SQ:XAUUSD,2020-04-23T06:39:00+02:00,1712.470,1712.610,1711.890,1711.990,37
SQ:XAUUSD,2020-04-23T06:40:00+02:00,1712.040,1712.450,1712.000,1712.340,49
SQ:XAUUSD,2020-04-23T06:41:00+02:00,1712.350,1712.820,1712.350,1712.560,31
SQ:XAUUSD,2020-04-23T06:42:00+02:00,1712.560,1712.800,1712.370,1712.550,34
SQ:XAUUSD,2020-04-23T06:43:00+02:00,1712.690,1712.690,1712.430,1712.452,23
SQ:XAUUSD,2020-04-23T06:44:00+02:00,1712.452,1712.480,1712.452,1712.466,6
SQ:XAUUSD,2020-04-23T06:45:00+02:00,1712.466,1712.500,1712.250,1712.500,13
SQ:XAUUSD,2020-04-23T06:46:00+02:00,1712.500,1712.500,1712.310,1712.390,18
SQ:XAUUSD,2020-04-23T06:47:00+02:00,1712.390,1712.430,1712.020,1712.190,54
SQ:XAUUSD,2020-04-23T06:48:00+02:00,1712.190,1712.190,1712.000,1712.000,23
SQ:XAUUSD,2020-04-23T06:49:00+02:00,1712.060,1712.994,1712.000,1712.930,46
SQ:XAUUSD,2020-04-23T06:50:00+02:00,1712.880,1713.400,1712.790,1712.920,64
SQ:XAUUSD,2020-04-23T06:51:00+02:00,1712.920,1712.970,1712.910,1712.930,5
SQ:XAUUSD,2020-04-23T06:52:00+02:00,1712.930,1713.040,1711.840,1713.020,27
SQ:XAUUSD,2020-04-23T06:53:00+02:00,1713.020,1713.500,1711.986,1713.100,60
SQ:XAUUSD,2020-04-23T06:54:00+02:00,1713.100,1713.790,1712.480,1712.846,108
SQ:XAUUSD,2020-04-23T06:55:00+02:00,1712.846,1712.942,1712.280,1712.580,87
SQ:XAUUSD,2020-04-23T06:56:00+02:00,1712.580,1713.134,1712.530,1712.898,65
SQ:XAUUSD,2020-04-23T06:57:00+02:00,1712.898,1713.448,1712.868,1713.282,48
SQ:XAUUSD,2020-04-23T06:58:00+02:00,1713.292,1713.292,1712.860,1713.230,41
SQ:XAUUSD,2020-04-23T06:59:00+02:00,1713.230,1713.510,1712.820,1713.308,26
SQ:XAUUSD,2020-04-23T07:00:00+02:00,1713.312,1713.554,1713.110,1713.358,63
SQ:XAUUSD,2020-04-23T07:01:00+02:00,1713.318,1713.860,1713.082,1713.290,46
SQ:XAUUSD,2020-04-23T07:02:00+02:00,1713.290,1713.442,1713.250,1713.350,63
SQ:XAUUSD,2020-04-23T07:03:00+02:00,1713.350,1713.550,1713.210,1713.310,77
SQ:XAUUSD,2020-04-23T07:04:00+02:00,1713.310,1714.000,1713.300,1713.760,81
SQ:XAUUSD,2020-04-23T07:05:00+02:00,1713.750,1714.100,1713.730,1713.770,70
SQ:XAUUSD,2020-04-23T07:06:00+02:00,1713.810,1714.090,1713.760,1713.810,54
SQ:XAUUSD,2020-04-23T07:07:00+02:00,1713.800,1714.030,1712.490,1712.690,41
SQ:XAUUSD,2020-04-23T07:08:00+02:00,1712.680,1713.010,1712.640,1712.830,40
SQ:XAUUSD,2020-04-23T07:09:00+02:00,1712.830,1713.150,1712.330,1712.560,67
SQ:XAUUSD,2020-04-23T07:10:00+02:00,1712.570,1712.718,1712.410,1712.590,91
SQ:XAUUSD,2020-04-23T07:11:00+02:00,1712.590,1712.776,1712.490,1712.640,93
SQ:XAUUSD,2020-04-23T07:12:00+02:00,1712.640,1713.298,1712.480,1713.008,82
SQ:XAUUSD,2020-04-23T07:13:00+02:00,1712.998,1713.082,1712.556,1713.044,62
SQ:XAUUSD,2020-04-23T07:14:00+02:00,1713.044,1713.290,1712.920,1713.216,62
SQ:XAUUSD,2020-04-23T07:15:00+02:00,1713.216,1713.320,1712.704,1712.822,51
SQ:XAUUSD,2020-04-23T07:16:00+02:00,1712.822,1712.948,1712.210,1712.232,79
SQ:XAUUSD,2020-04-23T07:17:00+02:00,1712.232,1712.946,1711.996,1712.946,92
SQ:XAUUSD,2020-04-23T07:18:00+02:00,1712.936,1713.190,1712.674,1712.936,69
SQ:XAUUSD,2020-04-23T07:19:00+02:00,1713.082,1713.216,1712.554,1712.962,74
SQ:XAUUSD,2020-04-23T07:20:00+02:00,1712.962,1713.610,1712.670,1713.470,108
SQ:XAUUSD,2020-04-23T07:21:00+02:00,1713.410,1713.620,1712.680,1712.960,72
SQ:XAUUSD,2020-04-23T07:22:00+02:00,1712.974,1713.334,1712.870,1713.020,80
SQ:XAUUSD,2020-04-23T07:23:00+02:00,1713.020,1713.332,1712.840,1713.030,107
SQ:XAUUSD,2020-04-23T07:24:00+02:00,1712.950,1713.304,1712.920,1713.210,68
SQ:XAUUSD,2020-04-23T07:25:00+02:00,1713.210,1713.310,1712.760,1713.200,64
SQ:XAUUSD,2020-04-23T07:26:00+02:00,1713.150,1713.330,1712.910,1713.250,61
SQ:XAUUSD,2020-04-23T07:27:00+02:00,1713.280,1713.350,1712.920,1712.970,68
SQ:XAUUSD,2020-04-23T07:28:00+02:00,1713.030,1713.290,1713.030,1713.090,35
SQ:XAUUSD,2020-04-23T07:29:00+02:00,1713.090,1713.490,1712.870,1713.080,85
SQ:XAUUSD,2020-04-23T07:30:00+02:00,1713.040,1713.610,1713.000,1713.440,124
SQ:XAUUSD,2020-04-23T07:31:00+02:00,1713.440,1714.080,1712.950,1713.920,68
SQ:XAUUSD,2020-04-23T07:32:00+02:00,1713.920,1715.902,1713.520,1715.590,143
SQ:XAUUSD,2020-04-23T07:33:00+02:00,1715.590,1716.210,1714.830,1715.440,234
SQ:XAUUSD,2020-04-23T07:34:00+02:00,1715.440,1715.580,1714.220,1714.650,136
SQ:XAUUSD,2020-04-23T07:35:00+02:00,1714.650,1714.910,1714.100,1714.910,43
SQ:XAUUSD,2020-04-23T07:36:00+02:00,1714.910,1714.910,1714.110,1714.570,38
SQ:XAUUSD,2020-04-23T07:37:00+02:00,1714.530,1715.810,1714.130,1715.230,89
SQ:XAUUSD,2020-04-23T07:38:00+02:00,1715.210,1715.680,1715.210,1715.530,67
SQ:XAUUSD,2020-04-23T07:39:00+02:00,1715.530,1715.530,1714.670,1715.386,77
SQ:XAUUSD,2020-04-23T07:40:00+02:00,1715.416,1715.448,1714.560,1714.596,99
SQ:XAUUSD,2020-04-23T07:41:00+02:00,1714.636,1714.660,1713.940,1714.386,96
SQ:XAUUSD,2020-04-23T07:42:00+02:00,1714.386,1714.816,1714.160,1714.260,81
SQ:XAUUSD,2020-04-23T07:43:00+02:00,1714.260,1715.040,1713.360,1714.670,67
SQ:XAUUSD,2020-04-23T07:44:00+02:00,1714.670,1715.630,1714.670,1714.890,25
SQ:XAUUSD,2020-04-23T07:45:00+02:00,1714.890,1715.170,1713.560,1714.860,29
SQ:XAUUSD,2020-04-23T07:46:00+02:00,1714.860,1714.980,1714.730,1714.950,29
SQ:XAUUSD,2020-04-23T07:47:00+02:00,1714.950,1714.950,1714.210,1714.210,18
SQ:XAUUSD,2020-04-23T07:48:00+02:00,1714.210,1714.740,1714.020,1714.350,27
SQ:XAUUSD,2020-04-23T07:49:00+02:00,1714.350,1714.940,1714.290,1714.850,10
SQ:XAUUSD,2020-04-23T07:50:00+02:00,1714.850,1715.190,1714.850,1714.950,26
SQ:XAUUSD,2020-04-23T07:51:00+02:00,1714.930,1715.280,1714.600,1714.890,38
SQ:XAUUSD,2020-04-23T07:52:00+02:00,1714.890,1716.120,1714.850,1715.500,20
SQ:XAUUSD,2020-04-23T07:53:00+02:00,1715.500,1716.670,1715.390,1715.830,57
SQ:XAUUSD,2020-04-23T07:54:00+02:00,1715.830,1716.050,1715.370,1715.780,51
SQ:XAUUSD,2020-04-23T07:55:00+02:00,1715.770,1715.960,1715.380,1715.540,49
SQ:XAUUSD,2020-04-23T07:56:00+02:00,1715.540,1715.700,1715.190,1715.660,42
SQ:XAUUSD,2020-04-23T07:57:00+02:00,1715.680,1716.150,1715.630,1715.870,30
SQ:XAUUSD,2020-04-23T07:58:00+02:00,1715.870,1716.100,1715.680,1716.040,30
SQ:XAUUSD,2020-04-23T07:59:00+02:00,1716.040,1716.080,1715.670,1715.820,27
SQ:XAUUSD,2020-04-23T08:00:00+02:00,1715.880,1716.250,1715.690,1715.880,64
SQ:XAUUSD,2020-04-23T08:01:00+02:00,1715.880,1716.240,1715.740,1716.080,41
SQ:XAUUSD,2020-04-23T08:02:00+02:00,1716.090,1716.990,1716.020,1716.990,56
SQ:XAUUSD,2020-04-23T08:03:00+02:00,1716.990,1717.930,1716.980,1717.300,114
SQ:XAUUSD,2020-04-23T08:04:00+02:00,1717.220,1717.850,1716.810,1717.390,94
SQ:XAUUSD,2020-04-23T08:05:00+02:00,1717.420,1717.540,1717.320,1717.500,52
SQ:XAUUSD,2020-04-23T08:06:00+02:00,1717.500,1718.000,1717.210,1717.610,91
SQ:XAUUSD,2020-04-23T08:07:00+02:00,1717.610,1718.170,1716.180,1716.790,202
SQ:XAUUSD,2020-04-23T08:08:00+02:00,1716.790,1717.606,1716.130,1716.950,283
SQ:XAUUSD,2020-04-23T08:09:00+02:00,1717.070,1717.824,1716.652,1717.440,193
SQ:XAUUSD,2020-04-23T08:10:00+02:00,1717.000,1717.680,1716.400,1717.160,162
SQ:XAUUSD,2020-04-23T08:11:00+02:00,1717.160,1717.280,1716.380,1717.150,77
SQ:XAUUSD,2020-04-23T08:12:00+02:00,1717.150,1717.290,1716.910,1717.270,53
SQ:XAUUSD,2020-04-23T08:13:00+02:00,1717.280,1717.300,1717.220,1717.240,35
SQ:XAUUSD,2020-04-23T08:14:00+02:00,1717.240,1717.290,1717.200,1717.270,26
SQ:XAUUSD,2020-04-23T08:15:00+02:00,1717.270,1717.792,1717.200,1717.534,64
SQ:XAUUSD,2020-04-23T08:16:00+02:00,1717.540,1717.830,1717.270,1717.830,49
SQ:XAUUSD,2020-04-23T08:17:00+02:00,1717.830,1717.830,1716.070,1716.160,64
SQ:XAUUSD,2020-04-23T08:18:00+02:00,1716.140,1717.020,1715.960,1716.190,94
SQ:XAUUSD,2020-04-23T08:19:00+02:00,1716.190,1716.990,1715.690,1716.340,97
SQ:XAUUSD,2020-04-23T08:20:00+02:00,1716.340,1717.010,1715.520,1715.880,292
SQ:XAUUSD,2020-04-23T08:21:00+02:00,1715.820,1716.940,1714.780,1715.130,148
SQ:XAUUSD,2020-04-23T08:22:00+02:00,1715.090,1715.180,1713.950,1714.090,149
SQ:XAUUSD,2020-04-23T08:23:00+02:00,1714.150,1715.230,1711.600,1714.180,295
SQ:XAUUSD,2020-04-23T08:24:00+02:00,1714.180,1714.950,1712.830,1714.440,80
SQ:XAUUSD,2020-04-23T08:25:00+02:00,1714.440,1714.810,1714.440,1714.580,16
SQ:XAUUSD,2020-04-23T08:26:00+02:00,1714.580,1714.800,1713.600,1714.640,125
SQ:XAUUSD,2020-04-23T08:27:00+02:00,1714.550,1715.360,1714.050,1714.290,152
SQ:XAUUSD,2020-04-23T08:28:00+02:00,1714.290,1715.640,1714.160,1715.350,89
SQ:XAUUSD,2020-04-23T08:29:00+02:00,1715.340,1715.580,1715.050,1715.380,47
SQ:XAUUSD,2020-04-23T08:30:00+02:00,1715.380,1716.700,1715.110,1716.680,80
SQ:XAUUSD,2020-04-23T08:31:00+02:00,1716.680,1717.020,1715.940,1716.350,113
SQ:XAUUSD,2020-04-23T08:32:00+02:00,1716.350,1717.060,1715.470,1716.010,53
SQ:XAUUSD,2020-04-23T08:33:00+02:00,1716.060,1716.120,1715.880,1716.060,51
SQ:XAUUSD,2020-04-23T08:34:00+02:00,1716.060,1716.090,1715.630,1715.710,37
SQ:XAUUSD,2020-04-23T08:35:00+02:00,1715.710,1716.290,1715.680,1716.290,23
SQ:XAUUSD,2020-04-23T08:36:00+02:00,1716.290,1716.290,1715.360,1715.970,33
SQ:XAUUSD,2020-04-23T08:37:00+02:00,1715.970,1715.970,1714.750,1715.680,44
SQ:XAUUSD,2020-04-23T08:38:00+02:00,1715.680,1715.930,1715.590,1715.780,26
SQ:XAUUSD,2020-04-23T08:39:00+02:00,1715.780,1716.100,1715.180,1715.580,35
SQ:XAUUSD,2020-04-23T08:40:00+02:00,1715.540,1715.930,1714.630,1715.840,47
SQ:XAUUSD,2020-04-23T08:41:00+02:00,1715.830,1716.170,1714.920,1715.460,58
SQ:XAUUSD,2020-04-23T08:42:00+02:00,1715.460,1715.720,1715.400,1715.550,34
SQ:XAUUSD,2020-04-23T08:43:00+02:00,1715.480,1715.720,1715.360,1715.620,32
SQ:XAUUSD,2020-04-23T08:44:00+02:00,1715.620,1715.650,1714.880,1715.140,63
SQ:XAUUSD,2020-04-23T08:45:00+02:00,1715.180,1715.510,1715.030,1715.370,51
SQ:XAUUSD,2020-04-23T08:46:00+02:00,1715.510,1717.170,1715.310,1716.720,105
SQ:XAUUSD,2020-04-23T08:47:00+02:00,1716.720,1716.720,1716.060,1716.250,75
SQ:XAUUSD,2020-04-23T08:48:00+02:00,1716.250,1716.250,1715.190,1715.550,61
SQ:XAUUSD,2020-04-23T08:49:00+02:00,1715.550,1715.750,1715.050,1715.190,61
SQ:XAUUSD,2020-04-23T08:50:00+02:00,1715.190,1715.890,1715.180,1715.770,63
SQ:XAUUSD,2020-04-23T08:51:00+02:00,1715.670,1715.770,1715.050,1715.740,37
SQ:XAUUSD,2020-04-23T08:52:00+02:00,1715.740,1716.290,1715.220,1716.280,69
SQ:XAUUSD,2020-04-23T08:53:00+02:00,1716.280,1717.200,1715.370,1716.370,86
SQ:XAUUSD,2020-04-23T08:54:00+02:00,1716.370,1717.780,1716.150,1716.150,91
SQ:XAUUSD,2020-04-23T08:55:00+02:00,1716.150,1716.230,1715.570,1716.200,45
SQ:XAUUSD,2020-04-23T08:56:00+02:00,1716.170,1716.260,1715.720,1715.780,27
SQ:XAUUSD,2020-04-23T08:57:00+02:00,1715.780,1715.860,1715.040,1715.330,45
SQ:XAUUSD,2020-04-23T08:58:00+02:00,1715.250,1715.390,1714.950,1715.160,47
SQ:XAUUSD,2020-04-23T08:59:00+02:00,1715.210,1715.530,1714.800,1715.250,59
SQ:XAUUSD,2020-04-23T09:00:00+02:00,1715.250,1715.370,1714.310,1715.140,120
SQ:XAUUSD,2020-04-23T09:01:00+02:00,1715.140,1715.970,1714.280,1715.720,101
SQ:XAUUSD,2020-04-23T09:02:00+02:00,1715.740,1716.430,1714.900,1716.300,123
SQ:XAUUSD,2020-04-23T09:03:00+02:00,1716.300,1719.170,1716.098,1716.990,160
SQ:XAUUSD,2020-04-23T09:04:00+02:00,1716.990,1718.080,1716.520,1716.580,129
SQ:XAUUSD,2020-04-23T09:05:00+02:00,1716.580,1716.580,1714.110,1715.930,136
SQ:XAUUSD,2020-04-23T09:06:00+02:00,1715.930,1716.390,1714.600,1715.750,156
SQ:XAUUSD,2020-04-23T09:07:00+02:00,1715.750,1716.810,1715.414,1716.110,94
SQ:XAUUSD,2020-04-23T09:08:00+02:00,1716.110,1716.390,1714.600,1714.750,90
SQ:XAUUSD,2020-04-23T09:09:00+02:00,1714.750,1716.170,1714.270,1714.270,55
SQ:XAUUSD,2020-04-23T09:10:00+02:00,1714.310,1715.240,1712.960,1713.320,120
SQ:XAUUSD,2020-04-23T09:11:00+02:00,1713.320,1714.300,1712.730,1713.050,137
SQ:XAUUSD,2020-04-23T09:12:00+02:00,1713.050,1713.780,1711.960,1712.420,144
SQ:XAUUSD,2020-04-23T09:13:00+02:00,1712.420,1713.460,1711.470,1712.950,99
SQ:XAUUSD,2020-04-23T09:14:00+02:00,1712.980,1713.220,1711.590,1712.310,155
SQ:XAUUSD,2020-04-23T09:15:00+02:00,1712.250,1712.900,1711.540,1712.420,175
SQ:XAUUSD,2020-04-23T09:16:00+02:00,1712.420,1712.730,1711.620,1712.620,202
SQ:XAUUSD,2020-04-23T09:17:00+02:00,1712.470,1712.800,1711.336,1712.340,122
SQ:XAUUSD,2020-04-23T09:18:00+02:00,1712.340,1713.570,1712.130,1712.920,112
SQ:XAUUSD,2020-04-23T09:19:00+02:00,1712.920,1713.180,1712.190,1712.970,68
SQ:XAUUSD,2020-04-23T09:20:00+02:00,1713.020,1713.560,1712.140,1713.400,76
SQ:XAUUSD,2020-04-23T09:21:00+02:00,1713.400,1713.490,1712.360,1712.540,57
SQ:XAUUSD,2020-04-23T09:22:00+02:00,1712.540,1712.680,1711.410,1711.880,142
SQ:XAUUSD,2020-04-23T09:23:00+02:00,1712.030,1712.260,1709.870,1711.010,216
SQ:XAUUSD,2020-04-23T09:24:00+02:00,1711.010,1711.810,1710.730,1711.250,120
SQ:XAUUSD,2020-04-23T09:25:00+02:00,1711.220,1711.320,1710.550,1711.190,79
SQ:XAUUSD,2020-04-23T09:26:00+02:00,1711.220,1712.310,1711.220,1711.850,63
SQ:XAUUSD,2020-04-23T09:27:00+02:00,1711.850,1712.560,1711.460,1711.830,53
SQ:XAUUSD,2020-04-23T09:28:00+02:00,1711.840,1711.970,1711.280,1711.390,52
SQ:XAUUSD,2020-04-23T09:29:00+02:00,1711.390,1714.090,1711.290,1713.940,147
SQ:XAUUSD,2020-04-23T09:30:00+02:00,1713.790,1715.660,1713.120,1714.940,157
SQ:XAUUSD,2020-04-23T09:31:00+02:00,1714.910,1715.130,1713.610,1714.220,79
SQ:XAUUSD,2020-04-23T09:32:00+02:00,1714.250,1714.620,1714.130,1714.470,78
SQ:XAUUSD,2020-04-23T09:33:00+02:00,1714.470,1716.620,1714.160,1715.760,161
SQ:XAUUSD,2020-04-23T09:34:00+02:00,1715.760,1715.820,1714.290,1714.490,61
SQ:XAUUSD,2020-04-23T09:35:00+02:00,1714.550,1715.540,1714.440,1715.290,53
SQ:XAUUSD,2020-04-23T09:36:00+02:00,1715.290,1715.330,1714.840,1714.920,78
SQ:XAUUSD,2020-04-23T09:37:00+02:00,1714.920,1715.000,1713.770,1713.840,81
SQ:XAUUSD,2020-04-23T09:38:00+02:00,1713.840,1715.660,1713.820,1715.140,60
SQ:XAUUSD,2020-04-23T09:39:00+02:00,1715.140,1715.700,1714.650,1714.660,55
SQ:XAUUSD,2020-04-23T09:40:00+02:00,1714.670,1715.470,1714.580,1714.700,65
SQ:XAUUSD,2020-04-23T09:41:00+02:00,1714.690,1715.630,1714.310,1715.020,75
SQ:XAUUSD,2020-04-23T09:42:00+02:00,1715.020,1716.720,1714.830,1716.500,123
SQ:XAUUSD,2020-04-23T09:43:00+02:00,1716.500,1717.380,1715.890,1716.100,173
SQ:XAUUSD,2020-04-23T09:44:00+02:00,1716.100,1717.400,1716.100,1716.750,115
SQ:XAUUSD,2020-04-23T09:45:00+02:00,1716.710,1718.240,1716.110,1716.910,115
SQ:XAUUSD,2020-04-23T09:46:00+02:00,1716.910,1717.070,1716.430,1716.580,59
SQ:XAUUSD,2020-04-23T09:47:00+02:00,1716.560,1717.700,1716.190,1716.650,89
SQ:XAUUSD,2020-04-23T09:48:00+02:00,1716.650,1717.770,1716.150,1716.210,47
SQ:XAUUSD,2020-04-23T09:49:00+02:00,1716.210,1718.170,1716.210,1717.160,81
SQ:XAUUSD,2020-04-23T09:50:00+02:00,1717.080,1717.776,1716.480,1717.100,63
SQ:XAUUSD,2020-04-23T09:51:00+02:00,1717.100,1717.720,1716.450,1716.740,68
SQ:XAUUSD,2020-04-23T09:52:00+02:00,1716.740,1717.540,1716.610,1717.040,97
SQ:XAUUSD,2020-04-23T09:53:00+02:00,1717.040,1717.450,1716.472,1717.180,57
SQ:XAUUSD,2020-04-23T09:54:00+02:00,1717.180,1717.310,1716.750,1716.800,41
SQ:XAUUSD,2020-04-23T09:55:00+02:00,1716.800,1717.420,1716.760,1716.830,42
SQ:XAUUSD,2020-04-23T09:56:00+02:00,1716.830,1717.310,1716.650,1716.920,81
SQ:XAUUSD,2020-04-23T09:57:00+02:00,1716.890,1716.960,1716.350,1716.500,118
SQ:XAUUSD,2020-04-23T09:58:00+02:00,1716.530,1717.350,1716.070,1716.690,159
SQ:XAUUSD,2020-04-23T09:59:00+02:00,1716.810,1717.440,1716.790,1716.850,75
SQ:XAUUSD,2020-04-23T10:00:00+02:00,1716.850,1718.690,1716.850,1717.620,175
SQ:XAUUSD,2020-04-23T10:01:00+02:00,1717.660,1718.310,1717.620,1718.100,116
SQ:XAUUSD,2020-04-23T10:02:00+02:00,1718.100,1719.190,1718.070,1718.580,129
SQ:XAUUSD,2020-04-23T10:03:00+02:00,1718.490,1719.140,1718.040,1718.660,148
SQ:XAUUSD,2020-04-23T10:04:00+02:00,1718.660,1719.850,1718.220,1718.410,149
SQ:XAUUSD,2020-04-23T10:05:00+02:00,1718.380,1719.220,1717.750,1719.030,109
SQ:XAUUSD,2020-04-23T10:06:00+02:00,1719.030,1721.540,1718.340,1720.320,234
SQ:XAUUSD,2020-04-23T10:07:00+02:00,1720.400,1720.750,1719.460,1720.610,281
SQ:XAUUSD,2020-04-23T10:08:00+02:00,1720.670,1721.600,1719.760,1721.090,274
SQ:XAUUSD,2020-04-23T10:09:00+02:00,1721.200,1721.650,1720.180,1720.330,408
SQ:XAUUSD,2020-04-23T10:10:00+02:00,1720.280,1721.146,1719.610,1719.660,297
SQ:XAUUSD,2020-04-23T10:11:00+02:00,1720.250,1721.610,1719.480,1720.950,337
SQ:XAUUSD,2020-04-23T10:12:00+02:00,1720.950,1721.150,1720.230,1720.560,119
SQ:XAUUSD,2020-04-23T10:13:00+02:00,1720.590,1720.850,1720.040,1720.638,241
SQ:XAUUSD,2020-04-23T10:14:00+02:00,1720.638,1720.800,1720.470,1720.610,87
SQ:XAUUSD,2020-04-23T10:15:00+02:00,1720.570,1720.990,1719.760,1719.760,97
SQ:XAUUSD,2020-04-23T10:16:00+02:00,1719.790,1720.020,1719.470,1719.650,163
SQ:XAUUSD,2020-04-23T10:17:00+02:00,1719.650,1720.430,1719.570,1720.280,65
SQ:XAUUSD,2020-04-23T10:18:00+02:00,1720.280,1721.880,1719.940,1721.850,126
SQ:XAUUSD,2020-04-23T10:19:00+02:00,1721.860,1722.240,1720.860,1721.190,191
SQ:XAUUSD,2020-04-23T10:20:00+02:00,1721.110,1724.040,1720.970,1723.260,280
SQ:XAUUSD,2020-04-23T10:21:00+02:00,1723.260,1724.020,1722.880,1723.580,178
SQ:XAUUSD,2020-04-23T10:22:00+02:00,1723.580,1724.530,1722.960,1723.980,212
SQ:XAUUSD,2020-04-23T10:23:00+02:00,1724.000,1724.960,1723.710,1724.310,172
SQ:XAUUSD,2020-04-23T10:24:00+02:00,1724.310,1725.970,1723.890,1725.470,253
SQ:XAUUSD,2020-04-23T10:25:00+02:00,1725.470,1727.140,1725.410,1725.650,231
SQ:XAUUSD,2020-04-23T10:26:00+02:00,1725.530,1727.340,1724.900,1725.300,242
SQ:XAUUSD,2020-04-23T10:27:00+02:00,1725.300,1725.330,1722.900,1723.780,242
SQ:XAUUSD,2020-04-23T10:28:00+02:00,1723.780,1724.430,1722.510,1723.190,142
SQ:XAUUSD,2020-04-23T10:29:00+02:00,1722.970,1724.460,1722.760,1723.540,141
SQ:XAUUSD,2020-04-23T10:30:00+02:00,1723.450,1724.140,1722.920,1723.890,134
SQ:XAUUSD,2020-04-23T10:31:00+02:00,1723.890,1723.950,1723.320,1723.540,136
SQ:XAUUSD,2020-04-23T10:32:00+02:00,1723.590,1724.590,1723.590,1723.830,114
SQ:XAUUSD,2020-04-23T10:33:00+02:00,1723.830,1724.610,1723.742,1724.470,178
SQ:XAUUSD,2020-04-23T10:34:00+02:00,1724.470,1724.740,1723.330,1723.330,134
SQ:XAUUSD,2020-04-23T10:35:00+02:00,1723.440,1724.530,1723.280,1723.990,151
SQ:XAUUSD,2020-04-23T10:36:00+02:00,1723.990,1724.590,1723.540,1724.590,126
SQ:XAUUSD,2020-04-23T10:37:00+02:00,1724.410,1725.170,1723.440,1723.690,131
SQ:XAUUSD,2020-04-23T10:38:00+02:00,1723.690,1725.690,1723.670,1725.310,129
SQ:XAUUSD,2020-04-23T10:39:00+02:00,1725.600,1725.640,1723.810,1724.390,152
SQ:XAUUSD,2020-04-23T10:40:00+02:00,1724.310,1724.950,1723.680,1724.950,107
SQ:XAUUSD,2020-04-23T10:41:00+02:00,1724.950,1725.220,1722.810,1723.050,182
SQ:XAUUSD,2020-04-23T10:42:00+02:00,1723.020,1724.620,1722.670,1723.990,126
SQ:XAUUSD,2020-04-23T10:43:00+02:00,1723.990,1725.110,1723.090,1724.030,94
SQ:XAUUSD,2020-04-23T10:44:00+02:00,1724.050,1724.540,1723.630,1724.170,22
SQ:XAUUSD,2020-04-23T10:45:00+02:00,1724.170,1724.700,1723.330,1724.570,140
SQ:XAUUSD,2020-04-23T10:46:00+02:00,1724.570,1724.770,1724.220,1724.370,54
SQ:XAUUSD,2020-04-23T10:47:00+02:00,1724.410,1724.890,1724.260,1724.560,55
SQ:XAUUSD,2020-04-23T10:48:00+02:00,1724.560,1725.060,1724.090,1724.090,57
SQ:XAUUSD,2020-04-23T10:49:00+02:00,1724.100,1724.960,1724.100,1724.790,75
SQ:XAUUSD,2020-04-23T10:50:00+02:00,1724.790,1725.270,1724.600,1724.720,74
SQ:XAUUSD,2020-04-23T10:51:00+02:00,1724.720,1725.460,1724.550,1725.340,88
SQ:XAUUSD,2020-04-23T10:52:00+02:00,1725.330,1727.010,1725.310,1726.440,178
SQ:XAUUSD,2020-04-23T10:53:00+02:00,1726.440,1726.930,1725.470,1726.680,168
SQ:XAUUSD,2020-04-23T10:54:00+02:00,1726.680,1727.340,1725.580,1726.890,115
SQ:XAUUSD,2020-04-23T10:55:00+02:00,1726.890,1726.930,1725.730,1725.860,110
SQ:XAUUSD,2020-04-23T10:56:00+02:00,1725.860,1725.940,1724.340,1725.650,138
SQ:XAUUSD,2020-04-23T10:57:00+02:00,1725.570,1725.940,1724.830,1725.240,66
SQ:XAUUSD,2020-04-23T10:58:00+02:00,1725.240,1725.550,1725.240,1725.500,30
SQ:XAUUSD,2020-04-23T10:59:00+02:00,1725.500,1725.800,1724.220,1725.360,80
SQ:XAUUSD,2020-04-23T11:00:00+02:00,1725.330,1725.600,1724.990,1725.360,68
SQ:XAUUSD,2020-04-23T11:01:00+02:00,1725.360,1725.360,1724.510,1725.210,75
SQ:XAUUSD,2020-04-23T11:02:00+02:00,1725.210,1726.360,1725.050,1726.150,85
SQ:XAUUSD,2020-04-23T11:03:00+02:00,1726.080,1726.380,1725.440,1725.710,61
SQ:XAUUSD,2020-04-23T11:04:00+02:00,1725.710,1726.130,1724.980,1725.940,73
SQ:XAUUSD,2020-04-23T11:05:00+02:00,1725.980,1726.160,1725.160,1725.290,65
SQ:XAUUSD,2020-04-23T11:06:00+02:00,1725.290,1726.300,1725.070,1726.010,81
SQ:XAUUSD,2020-04-23T11:07:00+02:00,1726.010,1726.050,1725.370,1725.680,59
SQ:XAUUSD,2020-04-23T11:08:00+02:00,1725.680,1725.680,1725.450,1725.460,37
SQ:XAUUSD,2020-04-23T11:09:00+02:00,1725.430,1726.172,1725.216,1725.840,122
SQ:XAUUSD,2020-04-23T11:10:00+02:00,1725.716,1725.830,1724.840,1725.090,86
SQ:XAUUSD,2020-04-23T11:11:00+02:00,1725.030,1725.080,1724.610,1724.700,58
SQ:XAUUSD,2020-04-23T11:12:00+02:00,1724.740,1725.050,1724.410,1724.720,66
SQ:XAUUSD,2020-04-23T11:13:00+02:00,1724.700,1725.360,1724.620,1725.280,74
SQ:XAUUSD,2020-04-23T11:14:00+02:00,1725.280,1726.060,1725.140,1725.470,121
SQ:XAUUSD,2020-04-23T11:15:00+02:00,1725.420,1725.550,1724.730,1725.040,93
SQ:XAUUSD,2020-04-23T11:16:00+02:00,1725.040,1725.230,1724.930,1725.020,35
SQ:XAUUSD,2020-04-23T11:17:00+02:00,1725.020,1726.520,1725.020,1726.290,141
SQ:XAUUSD,2020-04-23T11:18:00+02:00,1726.036,1726.260,1725.650,1725.920,55
SQ:XAUUSD,2020-04-23T11:19:00+02:00,1725.860,1726.160,1725.500,1725.850,53
SQ:XAUUSD,2020-04-23T11:20:00+02:00,1725.850,1726.230,1725.590,1725.840,71
SQ:XAUUSD,2020-04-23T11:21:00+02:00,1725.780,1725.960,1725.630,1725.870,41
SQ:XAUUSD,2020-04-23T11:22:00+02:00,1725.910,1726.290,1725.800,1726.226,60
SQ:XAUUSD,2020-04-23T11:23:00+02:00,1726.226,1726.550,1725.770,1725.770,67
SQ:XAUUSD,2020-04-23T11:24:00+02:00,1725.880,1726.240,1725.468,1725.648,48
SQ:XAUUSD,2020-04-23T11:25:00+02:00,1725.648,1726.350,1725.438,1726.310,47
SQ:XAUUSD,2020-04-23T11:26:00+02:00,1726.310,1726.310,1724.860,1725.630,25
SQ:XAUUSD,2020-04-23T11:27:00+02:00,1725.630,1725.800,1724.700,1724.770,61
SQ:XAUUSD,2020-04-23T11:28:00+02:00,1724.770,1726.280,1724.700,1725.660,84
SQ:XAUUSD,2020-04-23T11:29:00+02:00,1725.660,1725.660,1725.090,1725.500,57
SQ:XAUUSD,2020-04-23T11:30:00+02:00,1725.480,1726.750,1725.480,1726.310,117
SQ:XAUUSD,2020-04-23T11:31:00+02:00,1726.340,1726.760,1725.810,1726.130,98
SQ:XAUUSD,2020-04-23T11:32:00+02:00,1726.130,1726.300,1725.670,1725.860,67
SQ:XAUUSD,2020-04-23T11:33:00+02:00,1725.860,1726.300,1725.190,1725.730,111
SQ:XAUUSD,2020-04-23T11:34:00+02:00,1725.700,1725.960,1725.350,1725.680,106
SQ:XAUUSD,2020-04-23T11:35:00+02:00,1725.650,1725.720,1724.960,1725.230,66
SQ:XAUUSD,2020-04-23T11:36:00+02:00,1725.230,1726.450,1725.230,1725.810,128
SQ:XAUUSD,2020-04-23T11:37:00+02:00,1725.908,1726.392,1725.630,1726.160,88
SQ:XAUUSD,2020-04-23T11:38:00+02:00,1726.160,1726.390,1725.720,1725.720,155
SQ:XAUUSD,2020-04-23T11:39:00+02:00,1725.720,1726.150,1725.500,1725.600,87
SQ:XAUUSD,2020-04-23T11:40:00+02:00,1725.836,1726.390,1725.190,1725.710,104
SQ:XAUUSD,2020-04-23T11:41:00+02:00,1725.710,1726.220,1724.980,1725.550,123
SQ:XAUUSD,2020-04-23T11:42:00+02:00,1725.550,1726.270,1725.410,1726.030,91
SQ:XAUUSD,2020-04-23T11:43:00+02:00,1726.030,1726.270,1725.750,1726.030,70
SQ:XAUUSD,2020-04-23T11:44:00+02:00,1726.030,1726.320,1725.090,1725.350,77
SQ:XAUUSD,2020-04-23T11:45:00+02:00,1725.300,1726.700,1725.180,1726.370,86
SQ:XAUUSD,2020-04-23T11:46:00+02:00,1726.370,1726.800,1725.910,1726.640,47
SQ:XAUUSD,2020-04-23T11:47:00+02:00,1726.640,1727.000,1725.870,1726.850,64
SQ:XAUUSD,2020-04-23T11:48:00+02:00,1726.850,1727.600,1725.810,1725.920,127
SQ:XAUUSD,2020-04-23T11:49:00+02:00,1726.320,1726.600,1725.760,1725.930,143
SQ:XAUUSD,2020-04-23T11:50:00+02:00,1725.850,1726.890,1725.730,1726.620,72
SQ:XAUUSD,2020-04-23T11:51:00+02:00,1726.570,1726.860,1725.940,1726.040,56
SQ:XAUUSD,2020-04-23T11:52:00+02:00,1726.040,1726.500,1725.970,1726.420,31
SQ:XAUUSD,2020-04-23T11:53:00+02:00,1726.420,1727.340,1726.180,1726.910,60
SQ:XAUUSD,2020-04-23T11:54:00+02:00,1726.910,1727.710,1726.570,1726.750,48
SQ:XAUUSD,2020-04-23T11:55:00+02:00,1726.720,1726.820,1726.070,1726.230,246
SQ:XAUUSD,2020-04-23T11:56:00+02:00,1726.230,1726.500,1725.720,1726.280,89
SQ:XAUUSD,2020-04-23T11:57:00+02:00,1726.280,1726.500,1723.470,1723.700,205
SQ:XAUUSD,2020-04-23T11:58:00+02:00,1723.700,1724.760,1723.160,1724.390,178
SQ:XAUUSD,2020-04-23T11:59:00+02:00,1724.390,1725.190,1723.640,1724.940,264
SQ:XAUUSD,2020-04-23T12:00:00+02:00,1724.876,1725.282,1723.780,1725.090,123
SQ:XAUUSD,2020-04-23T12:01:00+02:00,1725.090,1725.630,1724.230,1724.580,116
SQ:XAUUSD,2020-04-23T12:02:00+02:00,1724.760,1724.760,1723.480,1724.070,122
SQ:XAUUSD,2020-04-23T12:03:00+02:00,1724.400,1724.570,1722.970,1724.380,166
SQ:XAUUSD,2020-04-23T12:04:00+02:00,1724.380,1725.330,1724.380,1725.330,26
SQ:XAUUSD,2020-04-23T12:05:00+02:00,1725.330,1725.390,1724.650,1725.220,91
SQ:XAUUSD,2020-04-23T12:06:00+02:00,1725.220,1727.210,1725.130,1726.620,156
SQ:XAUUSD,2020-04-23T12:07:00+02:00,1726.630,1726.682,1725.924,1726.520,73
SQ:XAUUSD,2020-04-23T12:08:00+02:00,1726.520,1726.656,1725.840,1726.520,39
SQ:XAUUSD,2020-04-23T12:09:00+02:00,1726.520,1726.758,1726.190,1726.190,36
SQ:XAUUSD,2020-04-23T12:10:00+02:00,1726.190,1726.190,1724.270,1725.080,110
SQ:XAUUSD,2020-04-23T12:11:00+02:00,1725.080,1725.990,1725.000,1725.810,38
SQ:XAUUSD,2020-04-23T12:12:00+02:00,1725.810,1726.050,1725.480,1725.740,59
SQ:XAUUSD,2020-04-23T12:13:00+02:00,1725.810,1726.080,1725.650,1725.840,49
SQ:XAUUSD,2020-04-23T12:14:00+02:00,1725.840,1725.850,1725.600,1725.640,27
SQ:XAUUSD,2020-04-23T12:15:00+02:00,1725.640,1725.870,1725.240,1725.400,94
SQ:XAUUSD,2020-04-23T12:16:00+02:00,1725.400,1725.620,1725.220,1725.360,84
SQ:XAUUSD,2020-04-23T12:17:00+02:00,1725.320,1726.380,1725.200,1726.280,105
SQ:XAUUSD,2020-04-23T12:18:00+02:00,1726.340,1726.690,1725.340,1725.820,87
SQ:XAUUSD,2020-04-23T12:19:00+02:00,1725.820,1726.300,1725.460,1725.750,68
SQ:XAUUSD,2020-04-23T12:20:00+02:00,1725.760,1726.020,1725.670,1725.820,32
SQ:XAUUSD,2020-04-23T12:21:00+02:00,1725.810,1726.380,1725.800,1726.180,35
SQ:XAUUSD,2020-04-23T12:22:00+02:00,1726.180,1726.440,1725.940,1726.360,33
SQ:XAUUSD,2020-04-23T12:23:00+02:00,1726.360,1726.520,1725.550,1725.640,30
SQ:XAUUSD,2020-04-23T12:24:00+02:00,1725.640,1726.180,1725.640,1725.940,34
SQ:XAUUSD,2020-04-23T12:25:00+02:00,1725.940,1726.380,1725.890,1726.380,36
SQ:XAUUSD,2020-04-23T12:26:00+02:00,1726.380,1726.620,1726.300,1726.300,29
SQ:XAUUSD,2020-04-23T12:27:00+02:00,1726.300,1727.130,1726.070,1727.110,37
SQ:XAUUSD,2020-04-23T12:28:00+02:00,1727.130,1727.860,1726.970,1727.540,117
SQ:XAUUSD,2020-04-23T12:29:00+02:00,1727.540,1727.540,1726.630,1726.700,53
SQ:XAUUSD,2020-04-23T12:30:00+02:00,1726.700,1727.110,1726.610,1726.740,49
SQ:XAUUSD,2020-04-23T12:31:00+02:00,1726.740,1726.910,1725.760,1725.830,71
SQ:XAUUSD,2020-04-23T12:32:00+02:00,1725.960,1726.370,1725.460,1726.140,60
SQ:XAUUSD,2020-04-23T12:33:00+02:00,1726.140,1726.140,1725.680,1725.960,20
SQ:XAUUSD,2020-04-23T12:34:00+02:00,1726.060,1726.930,1725.860,1726.400,56
SQ:XAUUSD,2020-04-23T12:35:00+02:00,1726.440,1727.200,1725.960,1725.960,58
SQ:XAUUSD,2020-04-23T12:36:00+02:00,1725.970,1725.970,1725.560,1725.800,44
SQ:XAUUSD,2020-04-23T12:37:00+02:00,1725.800,1726.380,1725.200,1725.560,86
SQ:XAUUSD,2020-04-23T12:38:00+02:00,1725.560,1726.130,1725.090,1726.060,117
SQ:XAUUSD,2020-04-23T12:39:00+02:00,1726.060,1726.140,1725.230,1725.260,72
SQ:XAUUSD,2020-04-23T12:40:00+02:00,1725.260,1725.670,1724.760,1725.450,150
SQ:XAUUSD,2020-04-23T12:41:00+02:00,1725.420,1725.800,1725.330,1725.560,85
SQ:XAUUSD,2020-04-23T12:42:00+02:00,1725.530,1725.690,1725.310,1725.550,53
SQ:XAUUSD,2020-04-23T12:43:00+02:00,1725.580,1725.820,1725.490,1725.820,45
SQ:XAUUSD,2020-04-23T12:44:00+02:00,1725.730,1726.580,1725.450,1726.440,53
SQ:XAUUSD,2020-04-23T12:45:00+02:00,1726.450,1726.650,1726.130,1726.550,35
SQ:XAUUSD,2020-04-23T12:46:00+02:00,1726.550,1727.410,1726.190,1726.500,64
SQ:XAUUSD,2020-04-23T12:47:00+02:00,1726.500,1727.330,1726.500,1727.230,37
SQ:XAUUSD,2020-04-23T12:48:00+02:00,1727.230,1727.360,1725.960,1727.150,46
SQ:XAUUSD,2020-04-23T12:49:00+02:00,1727.150,1727.230,1726.430,1726.840,52
SQ:XAUUSD,2020-04-23T12:50:00+02:00,1726.840,1727.090,1726.730,1726.850,40
SQ:XAUUSD,2020-04-23T12:51:00+02:00,1726.850,1727.440,1726.840,1727.440,52
SQ:XAUUSD,2020-04-23T12:52:00+02:00,1727.440,1727.470,1727.080,1727.310,66
SQ:XAUUSD,2020-04-23T12:53:00+02:00,1727.310,1727.360,1726.270,1727.100,65
SQ:XAUUSD,2020-04-23T12:54:00+02:00,1727.100,1727.480,1726.750,1727.390,63
SQ:XAUUSD,2020-04-23T12:55:00+02:00,1727.390,1727.650,1726.820,1727.650,113
SQ:XAUUSD,2020-04-23T12:56:00+02:00,1727.650,1727.830,1726.570,1727.140,61
SQ:XAUUSD,2020-04-23T12:57:00+02:00,1727.170,1727.340,1726.720,1726.950,81
SQ:XAUUSD,2020-04-23T12:58:00+02:00,1726.950,1727.460,1726.860,1727.360,44
SQ:XAUUSD,2020-04-23T12:59:00+02:00,1727.360,1727.410,1726.860,1727.400,41
SQ:XAUUSD,2020-04-23T13:00:00+02:00,1727.400,1731.150,1727.390,1729.860,235
SQ:XAUUSD,2020-04-23T13:01:00+02:00,1729.990,1731.030,1728.210,1728.810,330
SQ:XAUUSD,2020-04-23T13:02:00+02:00,1728.810,1729.900,1728.810,1729.480,190
SQ:XAUUSD,2020-04-23T13:03:00+02:00,1729.440,1729.620,1728.440,1728.960,193
SQ:XAUUSD,2020-04-23T13:04:00+02:00,1728.960,1729.218,1728.572,1728.690,132
SQ:XAUUSD,2020-04-23T13:05:00+02:00,1728.690,1730.000,1728.550,1729.640,150
SQ:XAUUSD,2020-04-23T13:06:00+02:00,1729.640,1730.030,1728.850,1729.010,242
SQ:XAUUSD,2020-04-23T13:07:00+02:00,1729.000,1729.590,1728.910,1729.420,137
SQ:XAUUSD,2020-04-23T13:08:00+02:00,1729.420,1730.920,1729.220,1730.200,261
SQ:XAUUSD,2020-04-23T13:09:00+02:00,1730.240,1731.170,1729.900,1730.510,226
SQ:XAUUSD,2020-04-23T13:10:00+02:00,1730.280,1730.780,1729.550,1730.750,221
SQ:XAUUSD,2020-04-23T13:11:00+02:00,1730.750,1730.960,1729.900,1729.920,120
SQ:XAUUSD,2020-04-23T13:12:00+02:00,1729.920,1730.280,1729.720,1730.040,75
SQ:XAUUSD,2020-04-23T13:13:00+02:00,1730.040,1730.640,1729.940,1730.330,46
SQ:XAUUSD,2020-04-23T13:14:00+02:00,1730.330,1730.650,1730.200,1730.520,46
SQ:XAUUSD,2020-04-23T13:15:00+02:00,1730.480,1731.180,1729.700,1729.890,92
SQ:XAUUSD,2020-04-23T13:16:00+02:00,1729.860,1730.140,1729.560,1729.710,95
SQ:XAUUSD,2020-04-23T13:17:00+02:00,1729.700,1731.220,1729.680,1731.040,108
SQ:XAUUSD,2020-04-23T13:18:00+02:00,1731.040,1731.210,1730.740,1730.970,48
SQ:XAUUSD,2020-04-23T13:19:00+02:00,1731.020,1731.970,1730.440,1731.520,160
SQ:XAUUSD,2020-04-23T13:20:00+02:00,1731.480,1731.480,1730.520,1730.730,82
SQ:XAUUSD,2020-04-23T13:21:00+02:00,1730.730,1731.070,1729.320,1729.530,111
SQ:XAUUSD,2020-04-23T13:22:00+02:00,1729.510,1729.760,1728.600,1728.840,110
SQ:XAUUSD,2020-04-23T13:23:00+02:00,1728.810,1729.600,1728.590,1729.470,65
SQ:XAUUSD,2020-04-23T13:24:00+02:00,1729.380,1729.580,1728.500,1728.500,87
SQ:XAUUSD,2020-04-23T13:25:00+02:00,1728.480,1728.730,1728.090,1728.680,77
SQ:XAUUSD,2020-04-23T13:26:00+02:00,1728.680,1728.710,1727.760,1727.850,84
SQ:XAUUSD,2020-04-23T13:27:00+02:00,1727.850,1728.720,1727.580,1727.760,127
SQ:XAUUSD,2020-04-23T13:28:00+02:00,1727.760,1728.670,1727.310,1727.380,108
SQ:XAUUSD,2020-04-23T13:29:00+02:00,1727.380,1728.850,1727.320,1728.830,110
SQ:XAUUSD,2020-04-23T13:30:00+02:00,1728.860,1729.650,1728.860,1729.430,106
SQ:XAUUSD,2020-04-23T13:31:00+02:00,1729.380,1729.560,1728.700,1729.510,93
SQ:XAUUSD,2020-04-23T13:32:00+02:00,1729.510,1729.510,1727.940,1728.460,70
SQ:XAUUSD,2020-04-23T13:33:00+02:00,1728.460,1728.910,1727.990,1727.990,52
SQ:XAUUSD,2020-04-23T13:34:00+02:00,1727.990,1728.860,1727.700,1727.820,99
SQ:XAUUSD,2020-04-23T13:35:00+02:00,1727.820,1728.080,1727.270,1728.080,76
SQ:XAUUSD,2020-04-23T13:36:00+02:00,1728.080,1728.080,1726.740,1727.730,113
SQ:XAUUSD,2020-04-23T13:37:00+02:00,1727.730,1727.880,1727.440,1727.800,47
SQ:XAUUSD,2020-04-23T13:38:00+02:00,1727.800,1727.870,1727.280,1727.860,51
SQ:XAUUSD,2020-04-23T13:39:00+02:00,1727.860,1729.680,1727.860,1729.520,87
SQ:XAUUSD,2020-04-23T13:40:00+02:00,1729.490,1730.490,1729.310,1730.150,77
SQ:XAUUSD,2020-04-23T13:41:00+02:00,1730.150,1731.210,1730.060,1730.240,81
SQ:XAUUSD,2020-04-23T13:42:00+02:00,1730.240,1731.320,1729.620,1730.490,62
SQ:XAUUSD,2020-04-23T13:43:00+02:00,1730.470,1731.570,1730.230,1731.060,98
SQ:XAUUSD,2020-04-23T13:44:00+02:00,1731.060,1731.140,1730.190,1731.060,62
SQ:XAUUSD,2020-04-23T13:45:00+02:00,1731.060,1731.870,1729.990,1730.490,127
SQ:XAUUSD,2020-04-23T13:46:00+02:00,1730.480,1730.670,1729.510,1729.910,101
SQ:XAUUSD,2020-04-23T13:47:00+02:00,1729.940,1730.660,1729.400,1729.540,77
SQ:XAUUSD,2020-04-23T13:48:00+02:00,1729.540,1729.650,1728.590,1729.330,55
SQ:XAUUSD,2020-04-23T13:49:00+02:00,1729.330,1729.430,1728.760,1729.140,56
SQ:XAUUSD,2020-04-23T13:50:00+02:00,1729.050,1730.050,1728.970,1730.050,60
SQ:XAUUSD,2020-04-23T13:51:00+02:00,1730.050,1730.190,1728.360,1728.430,63
SQ:XAUUSD,2020-04-23T13:52:00+02:00,1728.430,1728.900,1727.640,1728.400,73
SQ:XAUUSD,2020-04-23T13:53:00+02:00,1728.400,1728.570,1727.380,1727.870,81
SQ:XAUUSD,2020-04-23T13:54:00+02:00,1727.870,1728.660,1727.450,1728.530,84
SQ:XAUUSD,2020-04-23T13:55:00+02:00,1728.530,1728.540,1726.570,1727.070,96
SQ:XAUUSD,2020-04-23T13:56:00+02:00,1727.070,1727.960,1726.950,1727.700,72
SQ:XAUUSD,2020-04-23T13:57:00+02:00,1727.700,1728.460,1727.360,1727.600,52
SQ:XAUUSD,2020-04-23T13:58:00+02:00,1727.600,1728.090,1726.850,1728.090,59
SQ:XAUUSD,2020-04-23T13:59:00+02:00,1728.090,1728.090,1727.030,1727.570,45
SQ:XAUUSD,2020-04-23T14:00:00+02:00,1727.570,1728.080,1726.540,1727.560,213
SQ:XAUUSD,2020-04-23T14:01:00+02:00,1727.560,1727.970,1726.550,1727.120,129
SQ:XAUUSD,2020-04-23T14:02:00+02:00,1727.100,1727.100,1724.980,1726.130,135
SQ:XAUUSD,2020-04-23T14:03:00+02:00,1726.120,1727.580,1725.890,1727.080,144
SQ:XAUUSD,2020-04-23T14:04:00+02:00,1727.080,1727.620,1726.910,1727.300,85
SQ:XAUUSD,2020-04-23T14:05:00+02:00,1727.330,1727.760,1726.980,1727.080,80
SQ:XAUUSD,2020-04-23T14:06:00+02:00,1727.080,1727.720,1726.610,1727.720,100
SQ:XAUUSD,2020-04-23T14:07:00+02:00,1727.570,1728.440,1727.330,1727.700,86
SQ:XAUUSD,2020-04-23T14:08:00+02:00,1727.710,1728.270,1727.040,1727.870,101
SQ:XAUUSD,2020-04-23T14:09:00+02:00,1727.860,1728.760,1727.310,1727.910,176
SQ:XAUUSD,2020-04-23T14:10:00+02:00,1727.880,1727.880,1726.940,1727.310,297
SQ:XAUUSD,2020-04-23T14:11:00+02:00,1727.310,1728.190,1727.310,1728.190,89
SQ:XAUUSD,2020-04-23T14:12:00+02:00,1728.190,1728.780,1728.190,1728.520,93
SQ:XAUUSD,2020-04-23T14:13:00+02:00,1728.610,1729.000,1728.480,1728.980,90
SQ:XAUUSD,2020-04-23T14:14:00+02:00,1728.980,1729.030,1728.340,1728.570,55
SQ:XAUUSD,2020-04-23T14:15:00+02:00,1728.560,1728.600,1726.830,1726.840,99
SQ:XAUUSD,2020-04-23T14:16:00+02:00,1726.840,1727.450,1726.290,1726.590,124
SQ:XAUUSD,2020-04-23T14:17:00+02:00,1726.540,1727.510,1726.540,1727.300,53
SQ:XAUUSD,2020-04-23T14:18:00+02:00,1727.310,1727.630,1727.080,1727.590,47
SQ:XAUUSD,2020-04-23T14:19:00+02:00,1727.560,1728.650,1727.420,1728.160,89
SQ:XAUUSD,2020-04-23T14:20:00+02:00,1728.160,1728.570,1726.390,1726.600,170
SQ:XAUUSD,2020-04-23T14:21:00+02:00,1726.550,1726.760,1725.540,1726.510,129
SQ:XAUUSD,2020-04-23T14:22:00+02:00,1726.510,1727.870,1726.510,1726.980,136
SQ:XAUUSD,2020-04-23T14:23:00+02:00,1727.050,1728.730,1726.930,1727.070,113
SQ:XAUUSD,2020-04-23T14:24:00+02:00,1727.070,1728.000,1725.794,1726.960,161
SQ:XAUUSD,2020-04-23T14:25:00+02:00,1726.930,1727.540,1726.558,1726.940,184
SQ:XAUUSD,2020-04-23T14:26:00+02:00,1726.940,1727.740,1725.670,1726.100,223
SQ:XAUUSD,2020-04-23T14:27:00+02:00,1726.100,1726.340,1725.940,1726.270,60
SQ:XAUUSD,2020-04-23T14:28:00+02:00,1726.340,1726.340,1723.410,1724.890,215
SQ:XAUUSD,2020-04-23T14:29:00+02:00,1724.960,1725.940,1724.840,1724.900,168
SQ:XAUUSD,2020-04-23T14:30:00+02:00,1724.780,1726.890,1724.120,1725.580,195
SQ:XAUUSD,2020-04-23T14:31:00+02:00,1725.580,1725.640,1721.538,1723.740,288
SQ:XAUUSD,2020-04-23T14:32:00+02:00,1723.680,1723.730,1722.360,1723.420,176
SQ:XAUUSD,2020-04-23T14:33:00+02:00,1723.360,1725.040,1722.280,1724.800,209
SQ:XAUUSD,2020-04-23T14:34:00+02:00,1724.800,1725.250,1722.890,1723.870,150
SQ:XAUUSD,2020-04-23T14:35:00+02:00,1723.720,1724.150,1722.100,1723.380,200
SQ:XAUUSD,2020-04-23T14:36:00+02:00,1723.420,1724.190,1722.550,1722.710,142
SQ:XAUUSD,2020-04-23T14:37:00+02:00,1722.760,1723.430,1722.320,1722.840,159
SQ:XAUUSD,2020-04-23T14:38:00+02:00,1722.870,1724.420,1722.520,1723.780,162
SQ:XAUUSD,2020-04-23T14:39:00+02:00,1723.780,1723.990,1722.510,1723.360,131
SQ:XAUUSD,2020-04-23T14:40:00+02:00,1723.140,1723.970,1722.912,1723.660,133
SQ:XAUUSD,2020-04-23T14:41:00+02:00,1723.640,1724.820,1722.966,1724.090,117
SQ:XAUUSD,2020-04-23T14:42:00+02:00,1724.010,1726.200,1723.020,1725.130,231
SQ:XAUUSD,2020-04-23T14:43:00+02:00,1725.130,1726.900,1725.010,1726.260,226
SQ:XAUUSD,2020-04-23T14:44:00+02:00,1726.210,1727.580,1725.292,1726.060,186
SQ:XAUUSD,2020-04-23T14:45:00+02:00,1726.100,1726.970,1725.144,1726.580,137
SQ:XAUUSD,2020-04-23T14:46:00+02:00,1726.550,1727.840,1726.100,1726.450,154
SQ:XAUUSD,2020-04-23T14:47:00+02:00,1726.450,1726.570,1724.950,1725.720,195
SQ:XAUUSD,2020-04-23T14:48:00+02:00,1725.770,1726.660,1725.320,1726.220,168
SQ:XAUUSD,2020-04-23T14:49:00+02:00,1726.170,1727.040,1725.390,1725.390,134
SQ:XAUUSD,2020-04-23T14:50:00+02:00,1725.390,1725.560,1724.730,1724.890,112
SQ:XAUUSD,2020-04-23T14:51:00+02:00,1724.880,1725.460,1724.160,1724.370,182
SQ:XAUUSD,2020-04-23T14:52:00+02:00,1724.360,1725.720,1724.130,1725.720,122
SQ:XAUUSD,2020-04-23T14:53:00+02:00,1725.690,1726.620,1725.380,1725.810,99
SQ:XAUUSD,2020-04-23T14:54:00+02:00,1725.810,1725.820,1725.100,1725.510,102
SQ:XAUUSD,2020-04-23T14:55:00+02:00,1725.300,1725.530,1724.390,1724.660,277
SQ:XAUUSD,2020-04-23T14:56:00+02:00,1724.672,1724.890,1723.190,1724.090,131
SQ:XAUUSD,2020-04-23T14:57:00+02:00,1724.110,1724.340,1722.330,1723.420,156
SQ:XAUUSD,2020-04-23T14:58:00+02:00,1723.450,1723.460,1722.440,1723.310,152
SQ:XAUUSD,2020-04-23T14:59:00+02:00,1723.310,1724.090,1722.840,1723.730,146
SQ:XAUUSD,2020-04-23T15:00:00+02:00,1723.670,1724.000,1723.030,1723.170,135
SQ:XAUUSD,2020-04-23T15:01:00+02:00,1723.170,1723.350,1722.520,1722.880,159
SQ:XAUUSD,2020-04-23T15:02:00+02:00,1722.940,1723.390,1722.520,1722.600,93
SQ:XAUUSD,2020-04-23T15:03:00+02:00,1722.570,1723.550,1722.340,1723.190,104
SQ:XAUUSD,2020-04-23T15:04:00+02:00,1723.190,1724.150,1722.720,1723.470,222
SQ:XAUUSD,2020-04-23T15:05:00+02:00,1723.450,1725.490,1723.210,1724.850,204
SQ:XAUUSD,2020-04-23T15:06:00+02:00,1724.910,1725.400,1723.210,1723.690,189
SQ:XAUUSD,2020-04-23T15:07:00+02:00,1723.690,1725.070,1723.440,1724.710,125
SQ:XAUUSD,2020-04-23T15:08:00+02:00,1724.920,1725.340,1724.050,1725.280,134
SQ:XAUUSD,2020-04-23T15:09:00+02:00,1725.280,1725.540,1723.710,1724.200,186
SQ:XAUUSD,2020-04-23T15:10:00+02:00,1724.250,1724.300,1723.950,1724.040,62
SQ:XAUUSD,2020-04-23T15:11:00+02:00,1724.010,1724.080,1719.678,1722.820,231
SQ:XAUUSD,2020-04-23T15:12:00+02:00,1722.820,1722.850,1721.930,1722.450,98
SQ:XAUUSD,2020-04-23T15:13:00+02:00,1722.450,1722.610,1721.620,1721.660,65
SQ:XAUUSD,2020-04-23T15:14:00+02:00,1721.700,1723.770,1721.430,1723.580,236
SQ:XAUUSD,2020-04-23T15:15:00+02:00,1723.580,1723.930,1722.530,1722.740,295
SQ:XAUUSD,2020-04-23T15:16:00+02:00,1722.600,1723.510,1721.990,1723.230,126
SQ:XAUUSD,2020-04-23T15:17:00+02:00,1723.220,1724.680,1723.180,1724.450,160
SQ:XAUUSD,2020-04-23T15:18:00+02:00,1724.450,1725.460,1723.970,1725.230,115
SQ:XAUUSD,2020-04-23T15:19:00+02:00,1725.190,1725.600,1723.980,1724.810,78
SQ:XAUUSD,2020-04-23T15:20:00+02:00,1724.810,1725.140,1724.070,1724.410,100
SQ:XAUUSD,2020-04-23T15:21:00+02:00,1724.410,1724.560,1724.010,1724.420,84
SQ:XAUUSD,2020-04-23T15:22:00+02:00,1724.420,1724.960,1723.450,1724.650,140
SQ:XAUUSD,2020-04-23T15:23:00+02:00,1724.610,1724.670,1724.300,1724.340,56
SQ:XAUUSD,2020-04-23T15:24:00+02:00,1724.340,1724.600,1723.610,1723.960,59
SQ:XAUUSD,2020-04-23T15:25:00+02:00,1724.120,1724.250,1723.220,1723.290,130
SQ:XAUUSD,2020-04-23T15:26:00+02:00,1723.300,1723.650,1722.900,1723.490,79
SQ:XAUUSD,2020-04-23T15:27:00+02:00,1723.490,1723.970,1723.070,1723.890,61
SQ:XAUUSD,2020-04-23T15:28:00+02:00,1723.870,1725.580,1723.640,1724.740,77
SQ:XAUUSD,2020-04-23T15:29:00+02:00,1724.740,1725.040,1723.890,1724.320,146
SQ:XAUUSD,2020-04-23T15:30:00+02:00,1724.060,1726.140,1724.040,1724.460,456
SQ:XAUUSD,2020-04-23T15:31:00+02:00,1724.480,1725.020,1724.200,1724.560,125
SQ:XAUUSD,2020-04-23T15:32:00+02:00,1724.560,1729.430,1724.290,1729.430,277
SQ:XAUUSD,2020-04-23T15:33:00+02:00,1729.480,1731.480,1728.630,1731.480,317
SQ:XAUUSD,2020-04-23T15:34:00+02:00,1731.480,1733.330,1730.520,1731.330,314
SQ:XAUUSD,2020-04-23T15:35:00+02:00,1731.190,1731.490,1729.470,1729.930,305
SQ:XAUUSD,2020-04-23T15:36:00+02:00,1729.940,1731.010,1729.750,1730.820,137
SQ:XAUUSD,2020-04-23T15:37:00+02:00,1730.820,1730.820,1729.670,1729.770,105
SQ:XAUUSD,2020-04-23T15:38:00+02:00,1729.770,1730.810,1729.330,1730.170,176
SQ:XAUUSD,2020-04-23T15:39:00+02:00,1730.130,1730.170,1728.880,1728.940,156
SQ:XAUUSD,2020-04-23T15:40:00+02:00,1728.940,1729.850,1728.764,1729.180,194
SQ:XAUUSD,2020-04-23T15:41:00+02:00,1729.180,1730.070,1728.990,1729.510,227
SQ:XAUUSD,2020-04-23T15:42:00+02:00,1729.500,1732.360,1729.380,1730.290,316
SQ:XAUUSD,2020-04-23T15:43:00+02:00,1730.250,1731.350,1730.250,1730.720,179
SQ:XAUUSD,2020-04-23T15:44:00+02:00,1730.690,1730.870,1729.730,1730.150,134
SQ:XAUUSD,2020-04-23T15:45:00+02:00,1730.230,1730.920,1729.730,1729.980,124
SQ:XAUUSD,2020-04-23T15:46:00+02:00,1730.030,1730.760,1728.960,1730.390,333
SQ:XAUUSD,2020-04-23T15:47:00+02:00,1730.400,1731.940,1730.200,1731.880,303
SQ:XAUUSD,2020-04-23T15:48:00+02:00,1731.880,1732.270,1730.590,1730.980,171
SQ:XAUUSD,2020-04-23T15:49:00+02:00,1731.130,1731.550,1730.450,1730.670,94
SQ:XAUUSD,2020-04-23T15:50:00+02:00,1730.710,1731.680,1729.240,1729.268,142
SQ:XAUUSD,2020-04-23T15:51:00+02:00,1729.278,1731.240,1728.850,1730.410,238
SQ:XAUUSD,2020-04-23T15:52:00+02:00,1730.420,1730.690,1729.610,1729.800,135
SQ:XAUUSD,2020-04-23T15:53:00+02:00,1729.730,1730.270,1729.020,1730.210,104
SQ:XAUUSD,2020-04-23T15:54:00+02:00,1730.250,1730.690,1729.650,1730.200,111
SQ:XAUUSD,2020-04-23T15:55:00+02:00,1730.200,1730.650,1728.800,1730.380,137
SQ:XAUUSD,2020-04-23T15:56:00+02:00,1730.380,1732.030,1729.490,1729.830,185
SQ:XAUUSD,2020-04-23T15:57:00+02:00,1729.830,1730.120,1728.580,1729.150,210
SQ:XAUUSD,2020-04-23T15:58:00+02:00,1728.820,1729.340,1727.240,1727.850,371
SQ:XAUUSD,2020-04-23T15:59:00+02:00,1727.950,1728.760,1727.460,1727.460,129
SQ:XAUUSD,2020-04-23T16:00:00+02:00,1727.430,1733.410,1727.410,1732.090,478
SQ:XAUUSD,2020-04-23T16:01:00+02:00,1732.120,1732.550,1730.954,1731.070,332
SQ:XAUUSD,2020-04-23T16:02:00+02:00,1731.060,1732.798,1730.832,1732.400,192
SQ:XAUUSD,2020-04-23T16:03:00+02:00,1732.450,1733.990,1731.054,1732.830,326
SQ:XAUUSD,2020-04-23T16:04:00+02:00,1732.750,1733.550,1732.020,1733.070,210
SQ:XAUUSD,2020-04-23T16:05:00+02:00,1733.110,1734.200,1732.870,1733.630,206
SQ:XAUUSD,2020-04-23T16:06:00+02:00,1733.630,1733.940,1732.450,1732.644,184
SQ:XAUUSD,2020-04-23T16:07:00+02:00,1732.610,1732.940,1731.960,1732.640,197
SQ:XAUUSD,2020-04-23T16:08:00+02:00,1732.270,1733.790,1732.270,1732.990,181
SQ:XAUUSD,2020-04-23T16:09:00+02:00,1732.930,1733.330,1732.150,1732.240,128
SQ:XAUUSD,2020-04-23T16:10:00+02:00,1732.300,1732.550,1731.590,1731.690,191
SQ:XAUUSD,2020-04-23T16:11:00+02:00,1731.660,1733.150,1731.620,1732.190,122
SQ:XAUUSD,2020-04-23T16:12:00+02:00,1732.100,1733.160,1731.910,1732.930,71
SQ:XAUUSD,2020-04-23T16:13:00+02:00,1732.860,1734.230,1732.670,1733.240,168
SQ:XAUUSD,2020-04-23T16:14:00+02:00,1733.350,1735.220,1733.010,1734.640,359
SQ:XAUUSD,2020-04-23T16:15:00+02:00,1734.640,1735.380,1733.310,1733.530,320
SQ:XAUUSD,2020-04-23T16:16:00+02:00,1733.500,1734.370,1732.840,1733.090,221
SQ:XAUUSD,2020-04-23T16:17:00+02:00,1733.120,1733.720,1732.660,1732.780,130
SQ:XAUUSD,2020-04-23T16:18:00+02:00,1733.000,1733.760,1732.390,1733.540,237
SQ:XAUUSD,2020-04-23T16:19:00+02:00,1733.390,1734.870,1732.810,1734.810,175
SQ:XAUUSD,2020-04-23T16:20:00+02:00,1734.810,1735.010,1734.250,1734.410,86
SQ:XAUUSD,2020-04-23T16:21:00+02:00,1734.410,1734.410,1732.950,1733.470,179
SQ:XAUUSD,2020-04-23T16:22:00+02:00,1733.470,1734.890,1733.470,1734.890,155
SQ:XAUUSD,2020-04-23T16:23:00+02:00,1734.890,1735.754,1734.730,1735.560,174
SQ:XAUUSD,2020-04-23T16:24:00+02:00,1735.670,1736.720,1734.020,1735.180,302
SQ:XAUUSD,2020-04-23T16:25:00+02:00,1735.270,1736.720,1734.740,1735.830,212
SQ:XAUUSD,2020-04-23T16:26:00+02:00,1735.830,1736.690,1735.150,1736.210,241
SQ:XAUUSD,2020-04-23T16:27:00+02:00,1736.220,1737.170,1735.530,1736.920,218
SQ:XAUUSD,2020-04-23T16:28:00+02:00,1737.180,1737.380,1736.370,1736.910,160
SQ:XAUUSD,2020-04-23T16:29:00+02:00,1736.950,1737.050,1734.760,1735.290,184
SQ:XAUUSD,2020-04-23T16:30:00+02:00,1735.260,1735.800,1732.320,1733.090,224
SQ:XAUUSD,2020-04-23T16:31:00+02:00,1733.040,1733.260,1731.530,1731.800,245
SQ:XAUUSD,2020-04-23T16:32:00+02:00,1731.750,1733.660,1731.590,1732.750,209
SQ:XAUUSD,2020-04-23T16:33:00+02:00,1733.030,1733.320,1732.410,1732.602,218
SQ:XAUUSD,2020-04-23T16:34:00+02:00,1733.140,1734.150,1732.570,1734.070,208
SQ:XAUUSD,2020-04-23T16:35:00+02:00,1734.070,1734.070,1731.790,1732.410,217
SQ:XAUUSD,2020-04-23T16:36:00+02:00,1732.380,1732.520,1730.720,1731.800,384
SQ:XAUUSD,2020-04-23T16:37:00+02:00,1731.790,1732.660,1731.534,1732.260,390
SQ:XAUUSD,2020-04-23T16:38:00+02:00,1732.260,1733.180,1731.780,1732.950,198
SQ:XAUUSD,2020-04-23T16:39:00+02:00,1732.950,1733.360,1731.510,1733.010,158
SQ:XAUUSD,2020-04-23T16:40:00+02:00,1733.010,1734.240,1732.910,1733.756,324
SQ:XAUUSD,2020-04-23T16:41:00+02:00,1733.796,1734.660,1732.520,1733.974,215
SQ:XAUUSD,2020-04-23T16:42:00+02:00,1733.974,1733.974,1732.080,1732.270,187
SQ:XAUUSD,2020-04-23T16:43:00+02:00,1732.270,1733.280,1732.230,1732.840,82
SQ:XAUUSD,2020-04-23T16:44:00+02:00,1732.960,1733.980,1732.960,1733.650,106
SQ:XAUUSD,2020-04-23T16:45:00+02:00,1733.650,1734.520,1733.650,1733.950,76
SQ:XAUUSD,2020-04-23T16:46:00+02:00,1733.900,1734.500,1733.660,1734.250,87
SQ:XAUUSD,2020-04-23T16:47:00+02:00,1734.250,1734.270,1733.420,1733.860,73
SQ:XAUUSD,2020-04-23T16:48:00+02:00,1733.860,1733.950,1733.280,1733.620,67
SQ:XAUUSD,2020-04-23T16:49:00+02:00,1733.620,1733.898,1733.044,1733.630,223
SQ:XAUUSD,2020-04-23T16:50:00+02:00,1733.630,1734.324,1733.630,1733.860,119
SQ:XAUUSD,2020-04-23T16:51:00+02:00,1733.900,1734.470,1733.460,1734.340,229
SQ:XAUUSD,2020-04-23T16:52:00+02:00,1734.360,1734.650,1733.940,1734.150,107
SQ:XAUUSD,2020-04-23T16:53:00+02:00,1734.150,1734.150,1733.010,1733.520,219
SQ:XAUUSD,2020-04-23T16:54:00+02:00,1733.570,1733.910,1732.010,1733.140,395
SQ:XAUUSD,2020-04-23T16:55:00+02:00,1733.230,1733.950,1732.890,1733.730,264
SQ:XAUUSD,2020-04-23T16:56:00+02:00,1733.730,1734.140,1733.510,1733.990,176
SQ:XAUUSD,2020-04-23T16:57:00+02:00,1733.990,1734.060,1733.100,1733.210,118
SQ:XAUUSD,2020-04-23T16:58:00+02:00,1733.210,1734.070,1733.210,1733.690,52
SQ:XAUUSD,2020-04-23T16:59:00+02:00,1733.640,1734.390,1733.610,1734.210,91
SQ:XAUUSD,2020-04-23T17:00:00+02:00,1734.250,1734.460,1732.910,1732.910,156
SQ:XAUUSD,2020-04-23T17:01:00+02:00,1733.000,1733.766,1732.750,1732.990,274
SQ:XAUUSD,2020-04-23T17:02:00+02:00,1732.990,1733.830,1732.620,1733.830,101
SQ:XAUUSD,2020-04-23T17:03:00+02:00,1733.830,1734.760,1733.790,1734.230,112
SQ:XAUUSD,2020-04-23T17:04:00+02:00,1734.230,1734.790,1734.190,1734.190,109
SQ:XAUUSD,2020-04-23T17:05:00+02:00,1734.190,1734.690,1733.880,1734.440,191
SQ:XAUUSD,2020-04-23T17:06:00+02:00,1734.440,1734.790,1733.860,1734.600,211
SQ:XAUUSD,2020-04-23T17:07:00+02:00,1734.600,1734.840,1734.100,1734.830,114
SQ:XAUUSD,2020-04-23T17:08:00+02:00,1734.830,1735.550,1734.390,1735.350,122
SQ:XAUUSD,2020-04-23T17:09:00+02:00,1735.350,1736.650,1735.290,1736.540,135
SQ:XAUUSD,2020-04-23T17:10:00+02:00,1736.580,1737.500,1736.080,1736.540,162
SQ:XAUUSD,2020-04-23T17:11:00+02:00,1737.410,1737.450,1736.310,1736.560,88
SQ:XAUUSD,2020-04-23T17:12:00+02:00,1737.390,1737.850,1736.490,1737.420,143
SQ:XAUUSD,2020-04-23T17:13:00+02:00,1737.420,1738.010,1736.960,1737.660,97
SQ:XAUUSD,2020-04-23T17:14:00+02:00,1737.660,1738.040,1736.950,1737.210,94
SQ:XAUUSD,2020-04-23T17:15:00+02:00,1737.210,1737.820,1736.780,1737.660,90
SQ:XAUUSD,2020-04-23T17:16:00+02:00,1737.660,1737.880,1737.420,1737.550,63
SQ:XAUUSD,2020-04-23T17:17:00+02:00,1737.550,1737.930,1737.510,1737.810,61
SQ:XAUUSD,2020-04-23T17:18:00+02:00,1737.810,1738.200,1736.870,1737.320,151
SQ:XAUUSD,2020-04-23T17:19:00+02:00,1737.338,1737.338,1735.430,1736.200,241
SQ:XAUUSD,2020-04-23T17:20:00+02:00,1736.180,1736.290,1734.610,1734.860,408
SQ:XAUUSD,2020-04-23T17:21:00+02:00,1734.880,1735.200,1734.130,1734.420,209
SQ:XAUUSD,2020-04-23T17:22:00+02:00,1734.420,1734.860,1734.220,1734.500,156
SQ:XAUUSD,2020-04-23T17:23:00+02:00,1734.440,1734.670,1733.040,1733.140,209
SQ:XAUUSD,2020-04-23T17:24:00+02:00,1733.140,1733.330,1732.070,1732.410,199
SQ:XAUUSD,2020-04-23T17:25:00+02:00,1732.410,1733.580,1731.750,1733.530,256
SQ:XAUUSD,2020-04-23T17:26:00+02:00,1733.480,1734.750,1733.160,1734.270,332
SQ:XAUUSD,2020-04-23T17:27:00+02:00,1734.360,1734.854,1733.534,1734.160,239
SQ:XAUUSD,2020-04-23T17:28:00+02:00,1734.160,1734.300,1733.630,1734.150,154
SQ:XAUUSD,2020-04-23T17:29:00+02:00,1734.150,1734.270,1733.050,1733.060,127
SQ:XAUUSD,2020-04-23T17:30:00+02:00,1733.080,1734.060,1732.910,1733.470,169
SQ:XAUUSD,2020-04-23T17:31:00+02:00,1733.470,1733.550,1732.170,1732.330,217
SQ:XAUUSD,2020-04-23T17:32:00+02:00,1732.380,1732.630,1730.270,1730.320,329
SQ:XAUUSD,2020-04-23T17:33:00+02:00,1730.270,1731.320,1729.850,1731.018,251
SQ:XAUUSD,2020-04-23T17:34:00+02:00,1730.790,1731.840,1730.750,1731.730,193
SQ:XAUUSD,2020-04-23T17:35:00+02:00,1731.730,1732.710,1731.730,1732.450,147
SQ:XAUUSD,2020-04-23T17:36:00+02:00,1732.450,1732.532,1731.340,1731.780,94
SQ:XAUUSD,2020-04-23T17:37:00+02:00,1731.780,1732.360,1731.350,1732.360,78
SQ:XAUUSD,2020-04-23T17:38:00+02:00,1732.360,1732.570,1731.420,1731.420,118
SQ:XAUUSD,2020-04-23T17:39:00+02:00,1731.420,1731.680,1730.440,1730.720,226
SQ:XAUUSD,2020-04-23T17:40:00+02:00,1730.720,1731.940,1729.950,1731.780,308
SQ:XAUUSD,2020-04-23T17:41:00+02:00,1731.690,1732.230,1731.230,1732.070,228
SQ:XAUUSD,2020-04-23T17:42:00+02:00,1732.070,1732.070,1730.460,1730.460,128
SQ:XAUUSD,2020-04-23T17:43:00+02:00,1730.460,1730.710,1729.600,1729.880,204
SQ:XAUUSD,2020-04-23T17:44:00+02:00,1729.880,1731.060,1729.490,1729.550,354
SQ:XAUUSD,2020-04-23T17:45:00+02:00,1729.490,1730.650,1729.020,1729.650,389
SQ:XAUUSD,2020-04-23T17:46:00+02:00,1729.650,1730.540,1729.236,1729.450,352
SQ:XAUUSD,2020-04-23T17:47:00+02:00,1729.276,1730.040,1727.770,1728.150,366
SQ:XAUUSD,2020-04-23T17:48:00+02:00,1728.066,1729.200,1727.784,1728.310,370
SQ:XAUUSD,2020-04-23T17:49:00+02:00,1728.550,1728.940,1727.320,1727.370,559
SQ:XAUUSD,2020-04-23T17:50:00+02:00,1727.370,1728.774,1727.230,1728.000,453
SQ:XAUUSD,2020-04-23T17:51:00+02:00,1728.000,1729.260,1727.330,1728.968,396
SQ:XAUUSD,2020-04-23T17:52:00+02:00,1728.890,1729.290,1727.850,1728.100,378
SQ:XAUUSD,2020-04-23T17:53:00+02:00,1728.100,1728.880,1727.220,1728.734,424
SQ:XAUUSD,2020-04-23T17:54:00+02:00,1728.754,1729.458,1727.990,1728.630,354
SQ:XAUUSD,2020-04-23T17:55:00+02:00,1728.600,1729.710,1728.440,1729.380,276
SQ:XAUUSD,2020-04-23T17:56:00+02:00,1729.380,1730.232,1729.350,1729.520,273
SQ:XAUUSD,2020-04-23T17:57:00+02:00,1729.450,1730.320,1729.110,1729.600,182
SQ:XAUUSD,2020-04-23T17:58:00+02:00,1729.600,1730.350,1729.300,1729.300,272
SQ:XAUUSD,2020-04-23T17:59:00+02:00,1729.300,1730.200,1729.290,1729.580,233
SQ:XAUUSD,2020-04-23T18:00:00+02:00,1729.580,1730.210,1728.480,1728.710,266
SQ:XAUUSD,2020-04-23T18:01:00+02:00,1728.710,1729.090,1726.766,1727.312,438
SQ:XAUUSD,2020-04-23T18:02:00+02:00,1727.298,1728.094,1726.708,1727.506,427
SQ:XAUUSD,2020-04-23T18:03:00+02:00,1727.240,1728.490,1727.230,1727.546,287
SQ:XAUUSD,2020-04-23T18:04:00+02:00,1727.566,1727.886,1727.140,1727.536,373
SQ:XAUUSD,2020-04-23T18:05:00+02:00,1727.506,1727.554,1725.900,1726.280,291
SQ:XAUUSD,2020-04-23T18:06:00+02:00,1726.280,1727.560,1725.930,1726.880,250
SQ:XAUUSD,2020-04-23T18:07:00+02:00,1726.880,1728.406,1726.820,1728.310,245
SQ:XAUUSD,2020-04-23T18:08:00+02:00,1728.332,1728.690,1727.360,1727.960,298
SQ:XAUUSD,2020-04-23T18:09:00+02:00,1727.960,1729.420,1727.610,1728.680,369
SQ:XAUUSD,2020-04-23T18:10:00+02:00,1728.800,1729.084,1727.750,1728.110,289
SQ:XAUUSD,2020-04-23T18:11:00+02:00,1728.170,1728.820,1727.620,1728.180,282
SQ:XAUUSD,2020-04-23T18:12:00+02:00,1728.340,1728.560,1727.020,1727.680,300
SQ:XAUUSD,2020-04-23T18:13:00+02:00,1727.680,1728.290,1727.332,1727.720,351
SQ:XAUUSD,2020-04-23T18:14:00+02:00,1727.830,1728.476,1727.180,1727.730,319
SQ:XAUUSD,2020-04-23T18:15:00+02:00,1727.730,1728.524,1726.586,1727.470,426
SQ:XAUUSD,2020-04-23T18:16:00+02:00,1727.370,1728.100,1727.186,1727.690,227
SQ:XAUUSD,2020-04-23T18:17:00+02:00,1727.590,1728.280,1727.304,1728.126,258
SQ:XAUUSD,2020-04-23T18:18:00+02:00,1728.000,1728.670,1727.636,1728.076,219
SQ:XAUUSD,2020-04-23T18:19:00+02:00,1728.084,1729.300,1727.642,1728.920,335
SQ:XAUUSD,2020-04-23T18:20:00+02:00,1728.920,1729.464,1728.294,1728.900,268
SQ:XAUUSD,2020-04-23T18:21:00+02:00,1728.900,1729.080,1728.090,1728.730,248
SQ:XAUUSD,2020-04-23T18:22:00+02:00,1728.730,1729.170,1728.084,1728.422,182
SQ:XAUUSD,2020-04-23T18:23:00+02:00,1728.422,1729.100,1727.890,1728.710,259
SQ:XAUUSD,2020-04-23T18:24:00+02:00,1728.640,1728.990,1727.840,1728.150,146
SQ:XAUUSD,2020-04-23T18:25:00+02:00,1728.150,1730.090,1727.920,1729.590,375
SQ:XAUUSD,2020-04-23T18:26:00+02:00,1729.590,1731.160,1729.490,1731.120,184
SQ:XAUUSD,2020-04-23T18:27:00+02:00,1731.120,1732.020,1730.410,1730.990,366
SQ:XAUUSD,2020-04-23T18:28:00+02:00,1731.030,1731.740,1730.530,1731.470,220
SQ:XAUUSD,2020-04-23T18:29:00+02:00,1731.470,1732.040,1731.450,1731.750,184
SQ:XAUUSD,2020-04-23T18:30:00+02:00,1731.750,1731.790,1730.900,1731.340,159
SQ:XAUUSD,2020-04-23T18:31:00+02:00,1731.340,1731.640,1731.150,1731.180,40
SQ:XAUUSD,2020-04-23T18:32:00+02:00,1731.180,1731.190,1730.760,1730.800,64
SQ:XAUUSD,2020-04-23T18:33:00+02:00,1730.800,1731.072,1730.440,1730.600,110
SQ:XAUUSD,2020-04-23T18:34:00+02:00,1730.650,1731.600,1730.580,1730.970,219
SQ:XAUUSD,2020-04-23T18:35:00+02:00,1730.970,1731.142,1729.940,1729.940,101
SQ:XAUUSD,2020-04-23T18:36:00+02:00,1729.940,1730.550,1729.940,1730.550,34
SQ:XAUUSD,2020-04-23T18:37:00+02:00,1730.550,1731.520,1730.130,1731.410,72
SQ:XAUUSD,2020-04-23T18:38:00+02:00,1731.420,1731.860,1731.060,1731.370,71
SQ:XAUUSD,2020-04-23T18:39:00+02:00,1731.520,1732.330,1731.520,1731.560,75
SQ:XAUUSD,2020-04-23T18:40:00+02:00,1731.560,1731.790,1730.810,1731.000,45
SQ:XAUUSD,2020-04-23T18:41:00+02:00,1731.000,1731.350,1730.560,1730.750,38
SQ:XAUUSD,2020-04-23T18:42:00+02:00,1730.780,1730.810,1730.170,1730.380,44
SQ:XAUUSD,2020-04-23T18:43:00+02:00,1730.380,1730.720,1730.000,1730.550,41
SQ:XAUUSD,2020-04-23T18:44:00+02:00,1730.550,1730.700,1729.010,1729.570,367
SQ:XAUUSD,2020-04-23T18:45:00+02:00,1729.570,1730.490,1726.590,1727.230,613
SQ:XAUUSD,2020-04-23T18:46:00+02:00,1727.170,1727.626,1723.790,1724.520,573
SQ:XAUUSD,2020-04-23T18:47:00+02:00,1724.500,1726.680,1724.404,1726.360,484
SQ:XAUUSD,2020-04-23T18:48:00+02:00,1726.360,1728.540,1726.200,1726.730,414
SQ:XAUUSD,2020-04-23T18:49:00+02:00,1726.830,1727.280,1725.550,1726.300,463
SQ:XAUUSD,2020-04-23T18:50:00+02:00,1726.430,1727.020,1725.470,1726.080,331
SQ:XAUUSD,2020-04-23T18:51:00+02:00,1726.130,1726.320,1725.280,1725.950,522
SQ:XAUUSD,2020-04-23T18:52:00+02:00,1725.626,1727.890,1725.400,1727.810,549
SQ:XAUUSD,2020-04-23T18:53:00+02:00,1727.560,1728.070,1726.060,1726.120,533
SQ:XAUUSD,2020-04-23T18:54:00+02:00,1726.120,1728.612,1725.830,1727.850,535
SQ:XAUUSD,2020-04-23T18:55:00+02:00,1727.850,1728.086,1726.750,1727.088,213
SQ:XAUUSD,2020-04-23T18:56:00+02:00,1727.088,1727.170,1725.872,1726.300,227
SQ:XAUUSD,2020-04-23T18:57:00+02:00,1726.304,1727.054,1725.580,1726.180,448
SQ:XAUUSD,2020-04-23T18:58:00+02:00,1726.290,1727.070,1725.004,1725.690,404
SQ:XAUUSD,2020-04-23T18:59:00+02:00,1725.516,1726.530,1724.710,1725.060,370
SQ:XAUUSD,2020-04-23T19:00:00+02:00,1725.060,1726.820,1724.480,1725.244,423
SQ:XAUUSD,2020-04-23T19:01:00+02:00,1725.252,1727.152,1725.152,1727.000,332
SQ:XAUUSD,2020-04-23T19:02:00+02:00,1726.944,1727.172,1725.040,1725.260,225
SQ:XAUUSD,2020-04-23T19:03:00+02:00,1725.340,1726.190,1724.620,1724.820,351
SQ:XAUUSD,2020-04-23T19:04:00+02:00,1725.600,1726.990,1724.820,1725.750,376
SQ:XAUUSD,2020-04-23T19:05:00+02:00,1725.750,1728.090,1725.530,1727.120,422
SQ:XAUUSD,2020-04-23T19:06:00+02:00,1727.130,1727.950,1725.790,1726.080,343
SQ:XAUUSD,2020-04-23T19:07:00+02:00,1726.730,1726.824,1724.940,1725.540,336
SQ:XAUUSD,2020-04-23T19:08:00+02:00,1725.540,1726.940,1724.920,1725.230,366
SQ:XAUUSD,2020-04-23T19:09:00+02:00,1725.230,1727.210,1725.050,1726.670,436
SQ:XAUUSD,2020-04-23T19:10:00+02:00,1726.506,1727.050,1725.190,1726.080,398
SQ:XAUUSD,2020-04-23T19:11:00+02:00,1725.570,1726.670,1725.170,1725.590,418
SQ:XAUUSD,2020-04-23T19:12:00+02:00,1725.590,1726.556,1724.770,1725.010,388
SQ:XAUUSD,2020-04-23T19:13:00+02:00,1725.010,1726.042,1724.660,1725.220,350
SQ:XAUUSD,2020-04-23T19:14:00+02:00,1725.220,1727.310,1724.960,1726.090,355
SQ:XAUUSD,2020-04-23T19:15:00+02:00,1726.180,1727.360,1725.230,1725.330,397
SQ:XAUUSD,2020-04-23T19:16:00+02:00,1725.330,1726.830,1725.170,1725.700,401
SQ:XAUUSD,2020-04-23T19:17:00+02:00,1725.700,1726.830,1725.330,1725.680,309
SQ:XAUUSD,2020-04-23T19:18:00+02:00,1725.680,1727.060,1725.510,1726.540,399
SQ:XAUUSD,2020-04-23T19:19:00+02:00,1726.750,1727.540,1725.440,1725.570,316
SQ:XAUUSD,2020-04-23T19:20:00+02:00,1725.938,1726.362,1724.450,1724.450,444
SQ:XAUUSD,2020-04-23T19:21:00+02:00,1724.450,1725.860,1723.980,1724.410,351
SQ:XAUUSD,2020-04-23T19:22:00+02:00,1724.410,1725.562,1720.700,1721.340,402
SQ:XAUUSD,2020-04-23T19:23:00+02:00,1721.340,1722.710,1721.120,1722.120,313
SQ:XAUUSD,2020-04-23T19:24:00+02:00,1722.044,1724.090,1721.590,1723.790,490
SQ:XAUUSD,2020-04-23T19:25:00+02:00,1723.800,1724.222,1722.700,1723.034,335
SQ:XAUUSD,2020-04-23T19:26:00+02:00,1722.810,1724.030,1722.080,1722.660,375
SQ:XAUUSD,2020-04-23T19:27:00+02:00,1722.720,1723.540,1720.832,1720.832,409
SQ:XAUUSD,2020-04-23T19:28:00+02:00,1720.740,1722.202,1720.650,1721.420,513
SQ:XAUUSD,2020-04-23T19:29:00+02:00,1721.660,1725.820,1721.470,1723.870,644
SQ:XAUUSD,2020-04-23T19:30:00+02:00,1723.830,1726.440,1723.700,1725.210,421
SQ:XAUUSD,2020-04-23T19:31:00+02:00,1725.210,1726.950,1724.960,1725.740,300
SQ:XAUUSD,2020-04-23T19:32:00+02:00,1725.740,1727.090,1725.160,1725.810,370
SQ:XAUUSD,2020-04-23T19:33:00+02:00,1725.810,1727.060,1724.920,1726.060,321
SQ:XAUUSD,2020-04-23T19:34:00+02:00,1726.040,1726.980,1725.640,1725.890,388
SQ:XAUUSD,2020-04-23T19:35:00+02:00,1725.940,1727.800,1725.430,1727.318,407
SQ:XAUUSD,2020-04-23T19:36:00+02:00,1726.940,1728.150,1725.430,1725.920,436
SQ:XAUUSD,2020-04-23T19:37:00+02:00,1725.860,1727.224,1725.750,1726.660,296
SQ:XAUUSD,2020-04-23T19:38:00+02:00,1726.390,1727.504,1724.680,1724.990,375
SQ:XAUUSD,2020-04-23T19:39:00+02:00,1724.970,1726.906,1724.970,1725.100,200
SQ:XAUUSD,2020-04-23T19:40:00+02:00,1725.320,1726.570,1724.790,1725.490,273
SQ:XAUUSD,2020-04-23T19:41:00+02:00,1725.780,1726.736,1724.990,1725.926,312
SQ:XAUUSD,2020-04-23T19:42:00+02:00,1724.990,1726.280,1724.870,1725.500,224
SQ:XAUUSD,2020-04-23T19:43:00+02:00,1725.460,1726.660,1725.390,1725.740,291
SQ:XAUUSD,2020-04-23T19:44:00+02:00,1725.700,1726.672,1725.120,1725.598,288
SQ:XAUUSD,2020-04-23T19:45:00+02:00,1725.598,1726.400,1724.800,1725.320,352
SQ:XAUUSD,2020-04-23T19:46:00+02:00,1725.330,1725.650,1724.730,1724.970,243
SQ:XAUUSD,2020-04-23T19:47:00+02:00,1724.970,1725.230,1724.610,1724.880,204
SQ:XAUUSD,2020-04-23T19:48:00+02:00,1724.880,1725.174,1723.210,1723.560,251
SQ:XAUUSD,2020-04-23T19:49:00+02:00,1723.560,1724.820,1722.650,1723.220,263
SQ:XAUUSD,2020-04-23T19:50:00+02:00,1723.430,1724.680,1722.190,1724.660,332
SQ:XAUUSD,2020-04-23T19:51:00+02:00,1724.150,1724.720,1722.960,1723.840,273
SQ:XAUUSD,2020-04-23T19:52:00+02:00,1723.100,1724.170,1722.130,1722.280,304
SQ:XAUUSD,2020-04-23T19:53:00+02:00,1722.280,1722.850,1722.100,1722.230,258
SQ:XAUUSD,2020-04-23T19:54:00+02:00,1722.230,1722.330,1720.970,1721.330,219
SQ:XAUUSD,2020-04-23T19:55:00+02:00,1721.840,1722.800,1721.100,1721.500,253
SQ:XAUUSD,2020-04-23T19:56:00+02:00,1721.460,1723.140,1721.340,1722.400,292
SQ:XAUUSD,2020-04-23T19:57:00+02:00,1722.500,1723.520,1721.980,1722.530,203
SQ:XAUUSD,2020-04-23T19:58:00+02:00,1722.130,1723.110,1721.590,1722.360,270
SQ:XAUUSD,2020-04-23T19:59:00+02:00,1722.550,1723.650,1721.940,1723.430,226
SQ:XAUUSD,2020-04-23T20:00:00+02:00,1723.740,1724.140,1722.392,1722.972,348
SQ:XAUUSD,2020-04-23T20:01:00+02:00,1722.932,1723.300,1721.780,1722.350,276
SQ:XAUUSD,2020-04-23T20:02:00+02:00,1722.332,1722.890,1721.658,1722.040,272
SQ:XAUUSD,2020-04-23T20:03:00+02:00,1722.030,1723.490,1721.750,1722.942,267
SQ:XAUUSD,2020-04-23T20:04:00+02:00,1722.942,1723.882,1722.160,1723.120,263
SQ:XAUUSD,2020-04-23T20:05:00+02:00,1723.120,1723.850,1722.240,1723.232,190
SQ:XAUUSD,2020-04-23T20:06:00+02:00,1723.234,1723.530,1721.760,1723.180,246
SQ:XAUUSD,2020-04-23T20:07:00+02:00,1723.180,1723.660,1721.960,1723.150,221
SQ:XAUUSD,2020-04-23T20:08:00+02:00,1723.150,1723.430,1722.390,1723.150,166
SQ:XAUUSD,2020-04-23T20:09:00+02:00,1723.070,1723.240,1722.100,1722.820,290
SQ:XAUUSD,2020-04-23T20:10:00+02:00,1722.560,1723.182,1722.278,1722.866,217
SQ:XAUUSD,2020-04-23T20:11:00+02:00,1722.800,1724.094,1722.690,1724.046,271
SQ:XAUUSD,2020-04-23T20:12:00+02:00,1723.920,1724.990,1723.830,1724.990,203
SQ:XAUUSD,2020-04-23T20:13:00+02:00,1725.160,1726.320,1724.400,1725.754,359
SQ:XAUUSD,2020-04-23T20:14:00+02:00,1725.644,1726.270,1725.410,1725.970,226
SQ:XAUUSD,2020-04-23T20:15:00+02:00,1726.000,1726.870,1725.550,1726.710,247
SQ:XAUUSD,2020-04-23T20:16:00+02:00,1726.574,1726.994,1725.592,1726.610,385
SQ:XAUUSD,2020-04-23T20:17:00+02:00,1726.640,1727.380,1725.690,1725.770,267
SQ:XAUUSD,2020-04-23T20:18:00+02:00,1725.770,1726.770,1725.690,1726.680,248
SQ:XAUUSD,2020-04-23T20:19:00+02:00,1726.632,1726.784,1725.830,1726.072,209
SQ:XAUUSD,2020-04-23T20:20:00+02:00,1725.970,1726.936,1725.930,1726.690,304
SQ:XAUUSD,2020-04-23T20:21:00+02:00,1726.660,1726.750,1725.690,1726.490,357
SQ:XAUUSD,2020-04-23T20:22:00+02:00,1726.490,1727.510,1726.058,1727.500,276
SQ:XAUUSD,2020-04-23T20:23:00+02:00,1727.500,1727.530,1726.770,1727.020,252
SQ:XAUUSD,2020-04-23T20:24:00+02:00,1726.970,1727.930,1726.780,1727.440,223
SQ:XAUUSD,2020-04-23T20:25:00+02:00,1727.262,1728.200,1727.010,1727.962,284
SQ:XAUUSD,2020-04-23T20:26:00+02:00,1728.140,1728.810,1727.310,1728.340,319
SQ:XAUUSD,2020-04-23T20:27:00+02:00,1728.370,1728.670,1727.250,1727.780,292
SQ:XAUUSD,2020-04-23T20:28:00+02:00,1727.780,1728.466,1727.270,1727.690,190
SQ:XAUUSD,2020-04-23T20:29:00+02:00,1727.660,1728.390,1727.350,1727.850,213
SQ:XAUUSD,2020-04-23T20:30:00+02:00,1727.850,1728.630,1727.240,1728.620,218
SQ:XAUUSD,2020-04-23T20:31:00+02:00,1728.550,1728.920,1727.370,1728.060,194
SQ:XAUUSD,2020-04-23T20:32:00+02:00,1727.940,1728.750,1727.280,1728.102,237
SQ:XAUUSD,2020-04-23T20:33:00+02:00,1728.000,1729.110,1727.650,1728.660,214
SQ:XAUUSD,2020-04-23T20:34:00+02:00,1728.660,1728.890,1727.880,1728.570,147
SQ:XAUUSD,2020-04-23T20:35:00+02:00,1728.570,1728.860,1728.070,1728.680,102
SQ:XAUUSD,2020-04-23T20:36:00+02:00,1728.350,1728.810,1727.950,1728.020,140
SQ:XAUUSD,2020-04-23T20:37:00+02:00,1727.970,1728.580,1727.610,1728.510,192
SQ:XAUUSD,2020-04-23T20:38:00+02:00,1728.520,1728.806,1727.490,1727.940,255
SQ:XAUUSD,2020-04-23T20:39:00+02:00,1727.940,1728.260,1727.600,1728.060,206
SQ:XAUUSD,2020-04-23T20:40:00+02:00,1728.060,1728.632,1727.780,1728.284,119
SQ:XAUUSD,2020-04-23T20:41:00+02:00,1728.264,1728.850,1728.240,1728.810,72
SQ:XAUUSD,2020-04-23T20:42:00+02:00,1728.700,1728.830,1727.970,1728.150,93
SQ:XAUUSD,2020-04-23T20:43:00+02:00,1728.010,1728.250,1727.480,1727.720,155
SQ:XAUUSD,2020-04-23T20:44:00+02:00,1727.720,1728.260,1727.570,1728.070,120
SQ:XAUUSD,2020-04-23T20:45:00+02:00,1728.040,1728.130,1727.200,1727.730,157
SQ:XAUUSD,2020-04-23T20:46:00+02:00,1727.730,1728.310,1727.430,1727.680,200
SQ:XAUUSD,2020-04-23T20:47:00+02:00,1727.810,1728.130,1727.430,1727.800,114
SQ:XAUUSD,2020-04-23T20:48:00+02:00,1727.800,1728.140,1727.510,1727.690,145
SQ:XAUUSD,2020-04-23T20:49:00+02:00,1727.570,1727.590,1727.010,1727.300,152
SQ:XAUUSD,2020-04-23T20:50:00+02:00,1727.220,1728.130,1727.070,1728.040,144
SQ:XAUUSD,2020-04-23T20:51:00+02:00,1728.040,1728.040,1727.540,1727.930,163
SQ:XAUUSD,2020-04-23T20:52:00+02:00,1727.930,1728.170,1727.660,1727.902,183
SQ:XAUUSD,2020-04-23T20:53:00+02:00,1727.700,1727.920,1727.130,1727.340,136
SQ:XAUUSD,2020-04-23T20:54:00+02:00,1727.390,1728.474,1727.006,1728.030,237
SQ:XAUUSD,2020-04-23T20:55:00+02:00,1727.910,1728.916,1727.910,1728.720,265
SQ:XAUUSD,2020-04-23T20:56:00+02:00,1728.720,1729.190,1728.310,1729.190,217
SQ:XAUUSD,2020-04-23T20:57:00+02:00,1729.140,1729.510,1728.500,1728.990,255
SQ:XAUUSD,2020-04-23T20:58:00+02:00,1728.616,1729.314,1728.550,1729.174,211
SQ:XAUUSD,2020-04-23T20:59:00+02:00,1729.184,1729.510,1728.470,1728.520,236
SQ:XAUUSD,2020-04-23T21:00:00+02:00,1728.520,1729.020,1728.390,1728.500,279
SQ:XAUUSD,2020-04-23T21:01:00+02:00,1728.550,1728.880,1728.020,1728.730,210
SQ:XAUUSD,2020-04-23T21:02:00+02:00,1728.720,1728.950,1728.390,1728.740,212
SQ:XAUUSD,2020-04-23T21:03:00+02:00,1728.770,1729.090,1728.380,1728.770,248
SQ:XAUUSD,2020-04-23T21:04:00+02:00,1728.770,1728.990,1728.350,1728.730,201
SQ:XAUUSD,2020-04-23T21:05:00+02:00,1728.360,1728.790,1727.710,1727.900,227
SQ:XAUUSD,2020-04-23T21:06:00+02:00,1727.900,1728.120,1727.780,1727.960,96
SQ:XAUUSD,2020-04-23T21:07:00+02:00,1727.970,1728.030,1727.660,1727.840,59
SQ:XAUUSD,2020-04-23T21:08:00+02:00,1727.840,1727.960,1727.690,1727.740,62
SQ:XAUUSD,2020-04-23T21:09:00+02:00,1727.740,1727.950,1727.650,1727.880,83
SQ:XAUUSD,2020-04-23T21:10:00+02:00,1727.890,1728.010,1727.690,1727.930,116
SQ:XAUUSD,2020-04-23T21:11:00+02:00,1727.890,1728.010,1727.520,1727.710,57
SQ:XAUUSD,2020-04-23T21:12:00+02:00,1727.710,1727.710,1727.450,1727.530,54
SQ:XAUUSD,2020-04-23T21:13:00+02:00,1727.460,1727.890,1727.460,1727.750,96
SQ:XAUUSD,2020-04-23T21:14:00+02:00,1727.730,1727.890,1727.490,1727.730,143
SQ:XAUUSD,2020-04-23T21:15:00+02:00,1727.730,1728.060,1727.650,1727.700,87
SQ:XAUUSD,2020-04-23T21:16:00+02:00,1727.700,1727.880,1727.700,1727.710,40
SQ:XAUUSD,2020-04-23T21:17:00+02:00,1727.710,1727.940,1727.490,1727.810,134
SQ:XAUUSD,2020-04-23T21:18:00+02:00,1727.810,1728.230,1727.640,1728.030,128
SQ:XAUUSD,2020-04-23T21:19:00+02:00,1728.060,1728.470,1727.700,1728.080,138
SQ:XAUUSD,2020-04-23T21:20:00+02:00,1728.030,1728.110,1727.670,1727.710,141
SQ:XAUUSD,2020-04-23T21:21:00+02:00,1727.860,1728.100,1727.660,1728.010,138
SQ:XAUUSD,2020-04-23T21:22:00+02:00,1728.030,1728.170,1727.690,1727.990,157
SQ:XAUUSD,2020-04-23T21:23:00+02:00,1727.990,1729.590,1727.780,1728.626,325
SQ:XAUUSD,2020-04-23T21:24:00+02:00,1728.934,1730.540,1728.590,1730.260,328
SQ:XAUUSD,2020-04-23T21:25:00+02:00,1730.260,1730.800,1729.880,1730.800,171
SQ:XAUUSD,2020-04-23T21:26:00+02:00,1730.760,1732.270,1730.400,1731.790,309
SQ:XAUUSD,2020-04-23T21:27:00+02:00,1731.830,1731.970,1731.160,1731.970,143
SQ:XAUUSD,2020-04-23T21:28:00+02:00,1731.970,1733.000,1731.970,1732.880,87
SQ:XAUUSD,2020-04-23T21:29:00+02:00,1732.880,1734.070,1732.590,1733.880,105
SQ:XAUUSD,2020-04-23T21:30:00+02:00,1733.800,1733.800,1731.670,1732.350,454
SQ:XAUUSD,2020-04-23T21:31:00+02:00,1732.320,1733.460,1731.550,1732.962,320
SQ:XAUUSD,2020-04-23T21:32:00+02:00,1733.390,1734.160,1732.340,1733.350,277
SQ:XAUUSD,2020-04-23T21:33:00+02:00,1733.350,1734.280,1733.120,1734.200,185
SQ:XAUUSD,2020-04-23T21:34:00+02:00,1734.190,1734.300,1732.480,1733.090,235
SQ:XAUUSD,2020-04-23T21:35:00+02:00,1732.740,1733.570,1732.150,1733.570,86
SQ:XAUUSD,2020-04-23T21:36:00+02:00,1733.570,1734.300,1733.370,1733.930,77
SQ:XAUUSD,2020-04-23T21:37:00+02:00,1733.930,1734.280,1733.330,1733.900,147
SQ:XAUUSD,2020-04-23T21:38:00+02:00,1733.630,1733.860,1733.340,1733.720,176
SQ:XAUUSD,2020-04-23T21:39:00+02:00,1733.760,1734.090,1732.510,1732.920,199
SQ:XAUUSD,2020-04-23T21:40:00+02:00,1732.920,1733.860,1732.530,1733.000,192
SQ:XAUUSD,2020-04-23T21:41:00+02:00,1733.000,1733.020,1732.650,1732.660,49
SQ:XAUUSD,2020-04-23T21:42:00+02:00,1732.660,1732.660,1731.960,1732.250,25
SQ:XAUUSD,2020-04-23T21:43:00+02:00,1732.250,1732.870,1732.090,1732.780,133
SQ:XAUUSD,2020-04-23T21:44:00+02:00,1732.300,1732.980,1732.110,1732.230,172
SQ:XAUUSD,2020-04-23T21:45:00+02:00,1732.850,1733.010,1732.130,1732.840,140
SQ:XAUUSD,2020-04-23T21:46:00+02:00,1732.760,1732.870,1732.220,1732.440,148
SQ:XAUUSD,2020-04-23T21:47:00+02:00,1732.440,1733.020,1732.440,1732.900,85
SQ:XAUUSD,2020-04-23T21:48:00+02:00,1732.900,1733.010,1732.010,1732.560,63
SQ:XAUUSD,2020-04-23T21:49:00+02:00,1732.560,1732.890,1731.470,1731.930,179
SQ:XAUUSD,2020-04-23T21:50:00+02:00,1731.930,1732.360,1731.020,1731.280,239
SQ:XAUUSD,2020-04-23T21:51:00+02:00,1731.280,1731.320,1730.110,1730.120,167
SQ:XAUUSD,2020-04-23T21:52:00+02:00,1730.210,1730.750,1729.840,1730.160,187
SQ:XAUUSD,2020-04-23T21:53:00+02:00,1730.230,1730.700,1730.230,1730.420,145
SQ:XAUUSD,2020-04-23T21:54:00+02:00,1730.440,1730.590,1730.000,1730.130,71
SQ:XAUUSD,2020-04-23T21:55:00+02:00,1730.130,1730.640,1730.130,1730.480,123
SQ:XAUUSD,2020-04-23T21:56:00+02:00,1730.600,1731.010,1729.680,1730.090,222
SQ:XAUUSD,2020-04-23T21:57:00+02:00,1730.090,1731.080,1729.880,1730.720,202
SQ:XAUUSD,2020-04-23T21:58:00+02:00,1730.280,1731.920,1730.280,1730.840,252
SQ:XAUUSD,2020-04-23T21:59:00+02:00,1730.960,1733.010,1730.870,1732.350,309
SQ:XAUUSD,2020-04-23T22:00:00+02:00,1732.350,1733.340,1731.250,1733.130,71
SQ:XAUUSD,2020-04-23T22:01:00+02:00,1733.130,1733.560,1733.080,1733.510,26
SQ:XAUUSD,2020-04-23T22:02:00+02:00,1733.510,1733.950,1733.310,1733.880,42
SQ:XAUUSD,2020-04-23T22:03:00+02:00,1733.680,1733.690,1733.080,1733.080,28
SQ:XAUUSD,2020-04-23T22:04:00+02:00,1733.190,1733.350,1732.630,1732.680,20
SQ:XAUUSD,2020-04-23T22:05:00+02:00,1732.680,1732.750,1732.300,1732.640,38
SQ:XAUUSD,2020-04-23T22:06:00+02:00,1732.640,1732.790,1732.570,1732.640,15
SQ:XAUUSD,2020-04-23T22:07:00+02:00,1732.650,1732.680,1732.240,1732.240,14
SQ:XAUUSD,2020-04-23T22:08:00+02:00,1732.240,1732.350,1731.730,1731.730,23
SQ:XAUUSD,2020-04-23T22:09:00+02:00,1731.730,1731.730,1730.690,1730.910,34
SQ:XAUUSD,2020-04-23T22:10:00+02:00,1730.700,1731.290,1730.670,1731.140,34
SQ:XAUUSD,2020-04-23T22:11:00+02:00,1731.140,1731.470,1730.710,1730.770,22
SQ:XAUUSD,2020-04-23T22:12:00+02:00,1730.770,1731.040,1730.510,1730.550,28
SQ:XAUUSD,2020-04-23T22:13:00+02:00,1730.740,1732.170,1730.260,1731.710,33
SQ:XAUUSD,2020-04-23T22:14:00+02:00,1731.710,1731.710,1730.670,1731.270,13
SQ:XAUUSD,2020-04-23T22:15:00+02:00,1731.340,1731.850,1731.170,1731.740,18
SQ:XAUUSD,2020-04-23T22:16:00+02:00,1731.730,1731.750,1731.480,1731.480,8
SQ:XAUUSD,2020-04-23T22:17:00+02:00,1731.220,1731.420,1730.960,1731.130,12
SQ:XAUUSD,2020-04-23T22:18:00+02:00,1731.010,1731.340,1731.010,1731.260,6
SQ:XAUUSD,2020-04-23T22:19:00+02:00,1731.260,1731.330,1731.260,1731.330,2
SQ:XAUUSD,2020-04-23T22:20:00+02:00,1731.330,1731.460,1731.330,1731.440,5
SQ:XAUUSD,2020-04-23T22:21:00+02:00,1731.440,1731.630,1731.440,1731.630,3
SQ:XAUUSD,2020-04-23T22:22:00+02:00,1731.630,1732.210,1731.450,1732.210,12
SQ:XAUUSD,2020-04-23T22:23:00+02:00,1732.210,1732.210,1731.930,1732.120,8
SQ:XAUUSD,2020-04-23T22:24:00+02:00,1732.120,1732.250,1732.120,1732.250,4
SQ:XAUUSD,2020-04-23T22:25:00+02:00,1732.250,1732.250,1731.680,1731.910,15
SQ:XAUUSD,2020-04-23T22:26:00+02:00,1731.820,1731.890,1731.660,1731.660,8
SQ:XAUUSD,2020-04-23T22:27:00+02:00,1731.660,1731.820,1731.350,1731.420,10
SQ:XAUUSD,2020-04-23T22:28:00+02:00,1731.420,1731.550,1730.600,1730.680,17
SQ:XAUUSD,2020-04-23T22:29:00+02:00,1730.680,1730.770,1730.520,1730.770,5
SQ:XAUUSD,2020-04-23T22:30:00+02:00,1730.770,1731.310,1730.770,1731.150,25
SQ:XAUUSD,2020-04-23T22:31:00+02:00,1731.180,1731.280,1731.010,1731.010,14
SQ:XAUUSD,2020-04-23T22:32:00+02:00,1731.010,1731.010,1730.910,1731.000,6
SQ:XAUUSD,2020-04-23T22:33:00+02:00,1731.000,1731.000,1730.580,1730.700,13
SQ:XAUUSD,2020-04-23T22:34:00+02:00,1730.700,1731.010,1730.700,1731.010,5
SQ:XAUUSD,2020-04-23T22:35:00+02:00,1731.010,1731.480,1731.010,1731.480,9
SQ:XAUUSD,2020-04-23T22:36:00+02:00,1731.480,1731.580,1731.340,1731.350,16
SQ:XAUUSD,2020-04-23T22:37:00+02:00,1731.350,1731.350,1730.940,1731.040,12
SQ:XAUUSD,2020-04-23T22:38:00+02:00,1731.030,1731.470,1731.030,1731.430,17
SQ:XAUUSD,2020-04-23T22:39:00+02:00,1731.390,1731.420,1730.560,1730.760,10
SQ:XAUUSD,2020-04-23T22:40:00+02:00,1730.800,1731.010,1730.650,1730.840,25
SQ:XAUUSD,2020-04-23T22:41:00+02:00,1730.840,1731.110,1730.840,1730.930,13
SQ:XAUUSD,2020-04-23T22:42:00+02:00,1730.930,1731.010,1730.930,1731.000,4
SQ:XAUUSD,2020-04-23T22:43:00+02:00,1731.010,1731.070,1730.110,1730.380,20
SQ:XAUUSD,2020-04-23T22:44:00+02:00,1730.380,1730.620,1730.230,1730.620,16
SQ:XAUUSD,2020-04-23T22:45:00+02:00,1730.610,1730.800,1730.470,1730.540,18
SQ:XAUUSD,2020-04-23T22:46:00+02:00,1730.540,1730.980,1730.540,1730.800,17
SQ:XAUUSD,2020-04-23T22:47:00+02:00,1730.760,1730.900,1730.220,1730.410,26
SQ:XAUUSD,2020-04-23T22:48:00+02:00,1730.410,1730.780,1730.380,1730.780,17
SQ:XAUUSD,2020-04-23T22:49:00+02:00,1730.780,1731.020,1730.430,1730.470,35
SQ:XAUUSD,2020-04-23T22:50:00+02:00,1730.250,1730.250,1729.850,1729.980,23
SQ:XAUUSD,2020-04-23T22:51:00+02:00,1729.980,1730.350,1729.310,1729.320,17
SQ:XAUUSD,2020-04-23T22:52:00+02:00,1729.320,1729.390,1729.310,1729.360,12
SQ:XAUUSD,2020-04-23T22:53:00+02:00,1729.380,1729.500,1729.380,1729.440,19
SQ:XAUUSD,2020-04-23T22:54:00+02:00,1729.440,1729.492,1729.204,1729.490,25
SQ:XAUUSD,2020-04-24T00:01:00+02:00,1729.286,1729.308,1728.950,1728.960,26
SQ:XAUUSD,2020-04-24T00:02:00+02:00,1728.940,1729.030,1728.940,1729.010,9
SQ:XAUUSD,2020-04-24T00:03:00+02:00,1729.010,1729.040,1729.010,1729.020,4
SQ:XAUUSD,2020-04-24T00:04:00+02:00,1729.020,1729.110,1729.020,1729.050,10
SQ:XAUUSD,2020-04-24T00:05:00+02:00,1729.050,1729.300,1728.780,1729.300,31
SQ:XAUUSD,2020-04-24T00:06:00+02:00,1729.300,1729.300,1728.770,1729.200,32
SQ:XAUUSD,2020-04-24T00:07:00+02:00,1729.200,1729.204,1728.960,1729.138,20
SQ:XAUUSD,2020-04-24T00:08:00+02:00,1729.138,1729.138,1729.008,1729.008,23
SQ:XAUUSD,2020-04-24T00:09:00+02:00,1729.006,1729.050,1728.918,1728.998,48
SQ:XAUUSD,2020-04-24T00:10:00+02:00,1729.038,1729.108,1728.934,1729.108,22
SQ:XAUUSD,2020-04-24T00:11:00+02:00,1729.116,1729.182,1729.116,1729.134,13
SQ:XAUUSD,2020-04-24T00:12:00+02:00,1729.254,1729.262,1729.254,1729.262,5
SQ:XAUUSD,2020-04-24T00:13:00+02:00,1729.262,1729.690,1729.242,1729.460,27
SQ:XAUUSD,2020-04-24T00:14:00+02:00,1729.460,1729.538,1729.178,1729.184,18
SQ:XAUUSD,2020-04-24T00:15:00+02:00,1729.244,1729.276,1728.606,1728.606,31
SQ:XAUUSD,2020-04-24T00:16:00+02:00,1728.606,1728.730,1728.438,1728.570,44
SQ:XAUUSD,2020-04-24T00:17:00+02:00,1728.570,1728.570,1728.310,1728.460,28
SQ:XAUUSD,2020-04-24T00:18:00+02:00,1728.450,1728.470,1728.410,1728.470,6
SQ:XAUUSD,2020-04-24T00:19:00+02:00,1728.470,1728.470,1728.430,1728.460,9
SQ:XAUUSD,2020-04-24T00:20:00+02:00,1728.450,1728.480,1728.450,1728.470,6
SQ:XAUUSD,2020-04-24T00:21:00+02:00,1728.470,1728.500,1728.470,1728.500,4
SQ:XAUUSD,2020-04-24T00:22:00+02:00,1728.500,1728.510,1728.500,1728.510,2
SQ:XAUUSD,2020-04-24T00:23:00+02:00,1728.510,1728.520,1728.510,1728.520,2
SQ:XAUUSD,2020-04-24T00:24:00+02:00,1728.520,1728.530,1728.330,1728.470,14
SQ:XAUUSD,2020-04-24T00:25:00+02:00,1728.470,1728.480,1728.330,1728.470,6
SQ:XAUUSD,2020-04-24T00:26:00+02:00,1728.470,1728.520,1728.430,1728.520,5
SQ:XAUUSD,2020-04-24T00:27:00+02:00,1728.520,1728.540,1728.470,1728.470,3
SQ:XAUUSD,2020-04-24T00:28:00+02:00,1728.500,1728.590,1728.280,1728.570,18
SQ:XAUUSD,2020-04-24T00:29:00+02:00,1728.550,1728.570,1728.250,1728.480,35
SQ:XAUUSD,2020-04-24T00:30:00+02:00,1728.490,1728.490,1728.330,1728.380,30
SQ:XAUUSD,2020-04-24T00:31:00+02:00,1728.410,1728.610,1728.410,1728.440,19
SQ:XAUUSD,2020-04-24T00:32:00+02:00,1728.450,1728.450,1728.380,1728.390,8
SQ:XAUUSD,2020-04-24T00:33:00+02:00,1728.390,1728.570,1728.378,1728.410,20
SQ:XAUUSD,2020-04-24T00:34:00+02:00,1728.470,1728.590,1728.470,1728.580,8
SQ:XAUUSD,2020-04-24T00:35:00+02:00,1728.580,1728.580,1728.428,1728.428,10
SQ:XAUUSD,2020-04-24T00:36:00+02:00,1728.428,1728.430,1728.390,1728.410,11
SQ:XAUUSD,2020-04-24T00:37:00+02:00,1728.410,1728.570,1728.360,1728.500,17
SQ:XAUUSD,2020-04-24T00:38:00+02:00,1728.500,1728.520,1728.190,1728.380,52
SQ:XAUUSD,2020-04-24T00:39:00+02:00,1728.290,1728.570,1728.290,1728.520,17
SQ:XAUUSD,2020-04-24T00:40:00+02:00,1728.550,1728.550,1728.250,1728.290,17
SQ:XAUUSD,2020-04-24T00:41:00+02:00,1728.250,1728.440,1728.230,1728.230,27
SQ:XAUUSD,2020-04-24T00:42:00+02:00,1728.230,1728.290,1728.230,1728.290,5
SQ:XAUUSD,2020-04-24T00:43:00+02:00,1728.230,1728.340,1728.220,1728.340,15
SQ:XAUUSD,2020-04-24T00:44:00+02:00,1728.340,1728.550,1728.290,1728.550,10
SQ:XAUUSD,2020-04-24T00:45:00+02:00,1728.430,1728.470,1728.250,1728.250,21
SQ:XAUUSD,2020-04-24T00:46:00+02:00,1728.540,1729.110,1728.540,1728.800,25
SQ:XAUUSD,2020-04-24T00:47:00+02:00,1728.800,1729.180,1728.790,1729.180,19
SQ:XAUUSD,2020-04-24T00:48:00+02:00,1729.190,1729.260,1728.840,1728.840,16
SQ:XAUUSD,2020-04-24T00:49:00+02:00,1728.820,1728.820,1728.560,1728.580,10
SQ:XAUUSD,2020-04-24T00:50:00+02:00,1728.580,1728.610,1728.270,1728.340,16
SQ:XAUUSD,2020-04-24T00:51:00+02:00,1728.320,1728.470,1728.320,1728.470,13
SQ:XAUUSD,2020-04-24T00:52:00+02:00,1728.510,1728.570,1728.450,1728.570,17
SQ:XAUUSD,2020-04-24T00:53:00+02:00,1728.570,1728.570,1728.330,1728.430,17
SQ:XAUUSD,2020-04-24T00:54:00+02:00,1728.340,1728.480,1728.300,1728.420,11
SQ:XAUUSD,2020-04-24T00:55:00+02:00,1728.420,1728.590,1728.350,1728.410,17
SQ:XAUUSD,2020-04-24T00:56:00+02:00,1728.400,1728.440,1728.330,1728.350,10
SQ:XAUUSD,2020-04-24T00:57:00+02:00,1728.320,1728.490,1728.320,1728.470,10
SQ:XAUUSD,2020-04-24T00:58:00+02:00,1728.480,1728.600,1728.480,1728.480,7
SQ:XAUUSD,2020-04-24T00:59:00+02:00,1728.510,1728.640,1728.510,1728.620,11
SQ:XAUUSD,2020-04-24T01:00:00+02:00,1728.620,1728.930,1728.620,1728.800,21
SQ:XAUUSD,2020-04-24T01:01:00+02:00,1728.780,1728.980,1728.780,1728.920,8
SQ:XAUUSD,2020-04-24T01:02:00+02:00,1728.910,1728.990,1728.640,1728.800,24
SQ:XAUUSD,2020-04-24T01:03:00+02:00,1728.810,1728.810,1728.690,1728.780,10
SQ:XAUUSD,2020-04-24T01:04:00+02:00,1728.780,1728.940,1728.780,1728.870,9
SQ:XAUUSD,2020-04-24T01:05:00+02:00,1728.860,1728.920,1728.830,1728.870,12
SQ:XAUUSD,2020-04-24T01:06:00+02:00,1728.880,1728.920,1728.780,1728.800,9
SQ:XAUUSD,2020-04-24T01:07:00+02:00,1728.840,1728.840,1728.780,1728.790,6
SQ:XAUUSD,2020-04-24T01:08:00+02:00,1728.780,1728.890,1728.780,1728.840,8
SQ:XAUUSD,2020-04-24T01:09:00+02:00,1728.830,1728.900,1728.810,1728.810,8
SQ:XAUUSD,2020-04-24T01:10:00+02:00,1728.760,1728.850,1728.660,1728.690,10
SQ:XAUUSD,2020-04-24T01:11:00+02:00,1728.700,1728.750,1728.660,1728.720,11
SQ:XAUUSD,2020-04-24T01:12:00+02:00,1728.710,1728.720,1728.660,1728.660,3
SQ:XAUUSD,2020-04-24T01:13:00+02:00,1728.620,1728.890,1728.620,1728.880,13
SQ:XAUUSD,2020-04-24T01:14:00+02:00,1728.890,1729.260,1728.890,1729.250,13
SQ:XAUUSD,2020-04-24T01:15:00+02:00,1729.250,1729.560,1729.250,1729.430,22
SQ:XAUUSD,2020-04-24T01:16:00+02:00,1729.430,1729.440,1729.260,1729.260,12
SQ:XAUUSD,2020-04-24T01:17:00+02:00,1729.260,1730.050,1729.260,1729.650,25
SQ:XAUUSD,2020-04-24T01:18:00+02:00,1729.650,1730.040,1729.550,1729.720,15
SQ:XAUUSD,2020-04-24T01:19:00+02:00,1729.910,1730.040,1729.660,1729.720,19
SQ:XAUUSD,2020-04-24T01:20:00+02:00,1729.720,1729.990,1729.440,1729.550,25
SQ:XAUUSD,2020-04-24T01:21:00+02:00,1729.550,1730.030,1729.480,1729.670,17
SQ:XAUUSD,2020-04-24T01:22:00+02:00,1729.670,1729.910,1729.610,1729.610,5
SQ:XAUUSD,2020-04-24T01:23:00+02:00,1729.610,1729.940,1729.610,1729.690,5
SQ:XAUUSD,2020-04-24T01:24:00+02:00,1729.690,1729.690,1729.230,1729.230,5
SQ:XAUUSD,2020-04-24T01:25:00+02:00,1729.230,1729.540,1729.000,1729.050,10
SQ:XAUUSD,2020-04-24T01:26:00+02:00,1729.050,1729.410,1729.050,1729.100,10
SQ:XAUUSD,2020-04-24T01:27:00+02:00,1729.380,1729.680,1729.170,1729.290,10
SQ:XAUUSD,2020-04-24T01:28:00+02:00,1729.490,1730.230,1729.380,1729.510,23
SQ:XAUUSD,2020-04-24T01:29:00+02:00,1729.510,1729.800,1729.150,1729.150,13
SQ:XAUUSD,2020-04-24T01:30:00+02:00,1729.150,1729.740,1728.830,1729.580,17
SQ:XAUUSD,2020-04-24T01:31:00+02:00,1729.580,1729.730,1729.460,1729.600,13
SQ:XAUUSD,2020-04-24T01:32:00+02:00,1729.600,1729.680,1729.020,1729.190,15
SQ:XAUUSD,2020-04-24T01:33:00+02:00,1729.190,1729.190,1728.870,1728.870,7
SQ:XAUUSD,2020-04-24T01:34:00+02:00,1728.870,1729.030,1728.870,1728.960,6
SQ:XAUUSD,2020-04-24T01:35:00+02:00,1728.960,1729.050,1728.870,1728.950,5
SQ:XAUUSD,2020-04-24T01:36:00+02:00,1728.950,1729.050,1728.500,1728.500,30
SQ:XAUUSD,2020-04-24T01:37:00+02:00,1728.500,1729.008,1728.500,1728.790,32
SQ:XAUUSD,2020-04-24T01:38:00+02:00,1728.790,1728.830,1728.520,1728.620,12
SQ:XAUUSD,2020-04-24T01:39:00+02:00,1728.620,1728.780,1728.480,1728.592,9
SQ:XAUUSD,2020-04-24T01:40:00+02:00,1728.760,1728.760,1727.490,1727.490,35
SQ:XAUUSD,2020-04-24T01:41:00+02:00,1727.490,1727.730,1727.150,1727.550,52
SQ:XAUUSD,2020-04-24T01:42:00+02:00,1727.550,1727.680,1727.300,1727.300,19
SQ:XAUUSD,2020-04-24T01:43:00+02:00,1727.300,1727.500,1726.830,1727.320,28
SQ:XAUUSD,2020-04-24T01:44:00+02:00,1727.320,1727.890,1727.320,1727.890,9
SQ:XAUUSD,2020-04-24T01:45:00+02:00,1727.890,1727.890,1727.380,1727.470,13
SQ:XAUUSD,2020-04-24T01:46:00+02:00,1727.470,1727.720,1727.450,1727.510,12
SQ:XAUUSD,2020-04-24T01:47:00+02:00,1727.510,1727.590,1725.750,1726.430,42
SQ:XAUUSD,2020-04-24T01:48:00+02:00,1726.430,1727.200,1726.350,1726.350,10
SQ:XAUUSD,2020-04-24T01:49:00+02:00,1726.350,1726.840,1725.410,1725.410,31
SQ:XAUUSD,2020-04-24T01:50:00+02:00,1725.410,1726.530,1725.410,1726.530,36
SQ:XAUUSD,2020-04-24T01:51:00+02:00,1726.530,1726.800,1726.330,1726.480,27
SQ:XAUUSD,2020-04-24T01:52:00+02:00,1726.480,1727.120,1726.440,1726.910,18
SQ:XAUUSD,2020-04-24T01:53:00+02:00,1726.910,1726.910,1726.550,1726.550,10
SQ:XAUUSD,2020-04-24T01:54:00+02:00,1726.550,1727.130,1726.500,1726.740,23
SQ:XAUUSD,2020-04-24T01:55:00+02:00,1726.740,1728.330,1726.740,1728.270,28
SQ:XAUUSD,2020-04-24T01:56:00+02:00,1728.270,1728.410,1727.940,1728.036,27
SQ:XAUUSD,2020-04-24T01:57:00+02:00,1727.990,1728.090,1727.820,1728.000,22
SQ:XAUUSD,2020-04-24T01:58:00+02:00,1728.000,1728.200,1727.890,1727.900,23
SQ:XAUUSD,2020-04-24T01:59:00+02:00,1727.900,1728.160,1727.840,1728.160,17
SQ:XAUUSD,2020-04-24T02:00:00+02:00,1728.160,1728.250,1727.410,1728.250,9
SQ:XAUUSD,2020-04-24T02:01:00+02:00,1728.330,1728.770,1728.290,1728.680,17
SQ:XAUUSD,2020-04-24T02:02:00+02:00,1728.680,1728.970,1728.400,1728.970,10
SQ:XAUUSD,2020-04-24T02:03:00+02:00,1728.970,1729.030,1728.640,1728.640,12
SQ:XAUUSD,2020-04-24T02:04:00+02:00,1728.640,1728.640,1728.120,1728.120,9
SQ:XAUUSD,2020-04-24T02:05:00+02:00,1728.120,1728.120,1727.840,1727.840,5
SQ:XAUUSD,2020-04-24T02:06:00+02:00,1727.840,1727.840,1727.070,1727.070,12
SQ:XAUUSD,2020-04-24T02:07:00+02:00,1727.070,1727.070,1727.040,1727.040,2
SQ:XAUUSD,2020-04-24T02:08:00+02:00,1727.040,1728.200,1726.160,1728.200,21
SQ:XAUUSD,2020-04-24T02:09:00+02:00,1728.200,1728.450,1728.200,1728.280,7
SQ:XAUUSD,2020-04-24T02:10:00+02:00,1728.280,1728.550,1728.280,1728.320,11
SQ:XAUUSD,2020-04-24T02:11:00+02:00,1728.320,1728.320,1727.100,1727.100,20
SQ:XAUUSD,2020-04-24T02:12:00+02:00,1727.100,1727.100,1726.690,1726.690,9
SQ:XAUUSD,2020-04-24T02:13:00+02:00,1726.690,1726.690,1726.550,1726.650,7
SQ:XAUUSD,2020-04-24T02:14:00+02:00,1726.650,1726.810,1726.610,1726.690,5
SQ:XAUUSD,2020-04-24T02:15:00+02:00,1726.690,1726.740,1726.690,1726.740,2
SQ:XAUUSD,2020-04-24T02:16:00+02:00,1726.740,1726.770,1726.700,1726.720,6
SQ:XAUUSD,2020-04-24T02:17:00+02:00,1726.720,1727.150,1726.510,1726.550,17
SQ:XAUUSD,2020-04-24T02:18:00+02:00,1726.550,1726.550,1726.092,1726.320,31
SQ:XAUUSD,2020-04-24T02:19:00+02:00,1726.320,1726.500,1725.190,1725.190,25
SQ:XAUUSD,2020-04-24T02:20:00+02:00,1725.180,1725.870,1725.162,1725.590,77
SQ:XAUUSD,2020-04-24T02:21:00+02:00,1725.590,1726.150,1725.410,1725.660,53
SQ:XAUUSD,2020-04-24T02:22:00+02:00,1725.660,1726.000,1725.220,1725.220,21
SQ:XAUUSD,2020-04-24T02:23:00+02:00,1725.220,1725.850,1725.220,1725.540,29
SQ:XAUUSD,2020-04-24T02:24:00+02:00,1725.540,1725.734,1725.220,1725.320,32
SQ:XAUUSD,2020-04-24T02:25:00+02:00,1725.320,1725.660,1724.350,1725.060,45
SQ:XAUUSD,2020-04-24T02:26:00+02:00,1724.880,1725.550,1724.570,1724.710,155
SQ:XAUUSD,2020-04-24T02:27:00+02:00,1724.710,1724.710,1724.120,1724.320,43
SQ:XAUUSD,2020-04-24T02:28:00+02:00,1724.410,1724.878,1724.252,1724.648,109
SQ:XAUUSD,2020-04-24T02:29:00+02:00,1724.730,1724.962,1724.200,1724.518,96
SQ:XAUUSD,2020-04-24T02:30:00+02:00,1724.538,1725.070,1724.140,1725.000,142
SQ:XAUUSD,2020-04-24T02:31:00+02:00,1725.008,1725.590,1724.928,1725.116,114
SQ:XAUUSD,2020-04-24T02:32:00+02:00,1725.070,1725.530,1724.830,1725.050,105
SQ:XAUUSD,2020-04-24T02:33:00+02:00,1725.050,1725.820,1724.750,1724.910,82
SQ:XAUUSD,2020-04-24T02:34:00+02:00,1724.918,1725.800,1724.800,1725.390,55
SQ:XAUUSD,2020-04-24T02:35:00+02:00,1725.390,1725.840,1725.210,1725.310,40
SQ:XAUUSD,2020-04-24T02:36:00+02:00,1725.310,1725.880,1724.930,1725.040,25
SQ:XAUUSD,2020-04-24T02:37:00+02:00,1725.040,1725.150,1723.740,1724.880,75
SQ:XAUUSD,2020-04-24T02:38:00+02:00,1724.880,1724.910,1724.350,1724.880,34
SQ:XAUUSD,2020-04-24T02:39:00+02:00,1724.930,1725.000,1724.740,1724.780,20
SQ:XAUUSD,2020-04-24T02:40:00+02:00,1724.780,1724.920,1724.080,1724.780,91
SQ:XAUUSD,2020-04-24T02:41:00+02:00,1724.780,1725.770,1724.780,1725.770,22
SQ:XAUUSD,2020-04-24T02:42:00+02:00,1725.770,1725.790,1725.430,1725.430,21
SQ:XAUUSD,2020-04-24T02:43:00+02:00,1725.430,1725.430,1725.170,1725.240,7
SQ:XAUUSD,2020-04-24T02:44:00+02:00,1725.190,1725.240,1725.190,1725.240,2
SQ:XAUUSD,2020-04-24T02:45:00+02:00,1725.240,1725.420,1725.130,1725.130,7
SQ:XAUUSD,2020-04-24T02:46:00+02:00,1725.130,1725.520,1725.130,1725.520,9
SQ:XAUUSD,2020-04-24T02:47:00+02:00,1725.520,1725.920,1725.300,1725.710,27
SQ:XAUUSD,2020-04-24T02:48:00+02:00,1725.730,1725.920,1725.120,1725.160,44
SQ:XAUUSD,2020-04-24T02:49:00+02:00,1725.160,1725.330,1724.010,1724.010,29
SQ:XAUUSD,2020-04-24T02:50:00+02:00,1724.010,1724.200,1723.410,1723.776,42
SQ:XAUUSD,2020-04-24T02:51:00+02:00,1723.776,1724.284,1723.440,1723.440,54
SQ:XAUUSD,2020-04-24T02:52:00+02:00,1723.440,1723.620,1723.360,1723.470,66
SQ:XAUUSD,2020-04-24T02:53:00+02:00,1723.470,1723.660,1723.360,1723.400,43
SQ:XAUUSD,2020-04-24T02:54:00+02:00,1723.380,1724.180,1723.380,1724.030,40
SQ:XAUUSD,2020-04-24T02:55:00+02:00,1724.160,1724.600,1723.450,1723.450,79
SQ:XAUUSD,2020-04-24T02:56:00+02:00,1723.450,1723.510,1722.830,1722.830,32
SQ:XAUUSD,2020-04-24T02:57:00+02:00,1722.820,1722.870,1722.410,1722.780,39
SQ:XAUUSD,2020-04-24T02:58:00+02:00,1722.780,1722.990,1722.400,1722.800,34
SQ:XAUUSD,2020-04-24T02:59:00+02:00,1722.630,1722.810,1721.210,1721.622,89
SQ:XAUUSD,2020-04-24T03:00:00+02:00,1721.618,1722.810,1721.270,1721.380,277
SQ:XAUUSD,2020-04-24T03:01:00+02:00,1721.380,1722.394,1721.280,1722.186,265
SQ:XAUUSD,2020-04-24T03:02:00+02:00,1721.956,1723.650,1721.942,1723.160,160
SQ:XAUUSD,2020-04-24T03:03:00+02:00,1723.160,1723.826,1722.370,1722.660,144
SQ:XAUUSD,2020-04-24T03:04:00+02:00,1722.660,1723.640,1722.462,1722.760,107
SQ:XAUUSD,2020-04-24T03:05:00+02:00,1722.760,1722.760,1722.090,1722.170,70
SQ:XAUUSD,2020-04-24T03:06:00+02:00,1722.180,1723.070,1722.150,1722.240,50
SQ:XAUUSD,2020-04-24T03:07:00+02:00,1722.230,1722.270,1721.450,1721.740,56
SQ:XAUUSD,2020-04-24T03:08:00+02:00,1721.740,1721.980,1721.230,1721.280,43
SQ:XAUUSD,2020-04-24T03:09:00+02:00,1721.280,1721.820,1721.090,1721.820,68
SQ:XAUUSD,2020-04-24T03:10:00+02:00,1721.820,1722.450,1721.550,1721.960,67
SQ:XAUUSD,2020-04-24T03:11:00+02:00,1721.960,1723.320,1721.960,1722.750,70
SQ:XAUUSD,2020-04-24T03:12:00+02:00,1722.750,1723.810,1722.620,1723.620,70
SQ:XAUUSD,2020-04-24T03:13:00+02:00,1723.620,1723.620,1723.220,1723.380,24
SQ:XAUUSD,2020-04-24T03:14:00+02:00,1723.380,1723.380,1722.660,1722.750,32
SQ:XAUUSD,2020-04-24T03:15:00+02:00,1722.750,1723.250,1722.480,1722.590,141
SQ:XAUUSD,2020-04-24T03:16:00+02:00,1722.590,1722.820,1722.560,1722.810,38
SQ:XAUUSD,2020-04-24T03:17:00+02:00,1722.810,1722.820,1721.960,1722.620,40
SQ:XAUUSD,2020-04-24T03:18:00+02:00,1722.620,1722.620,1721.870,1722.110,31
SQ:XAUUSD,2020-04-24T03:19:00+02:00,1722.160,1723.190,1722.000,1723.190,16
SQ:XAUUSD,2020-04-24T03:20:00+02:00,1723.190,1723.240,1723.010,1723.210,9
SQ:XAUUSD,2020-04-24T03:21:00+02:00,1723.290,1723.740,1723.140,1723.190,16
SQ:XAUUSD,2020-04-24T03:22:00+02:00,1723.190,1723.190,1722.900,1723.010,41
SQ:XAUUSD,2020-04-24T03:23:00+02:00,1723.010,1723.040,1722.580,1722.600,61
SQ:XAUUSD,2020-04-24T03:24:00+02:00,1722.640,1722.700,1722.310,1722.370,74
SQ:XAUUSD,2020-04-24T03:25:00+02:00,1722.370,1722.590,1722.250,1722.470,123
SQ:XAUUSD,2020-04-24T03:26:00+02:00,1722.470,1722.822,1722.228,1722.268,103
SQ:XAUUSD,2020-04-24T03:27:00+02:00,1722.242,1722.718,1722.170,1722.320,109
SQ:XAUUSD,2020-04-24T03:28:00+02:00,1722.320,1722.460,1721.700,1722.450,69
SQ:XAUUSD,2020-04-24T03:29:00+02:00,1722.450,1722.450,1721.650,1722.030,56
SQ:XAUUSD,2020-04-24T03:30:00+02:00,1722.030,1722.090,1721.350,1722.090,69
SQ:XAUUSD,2020-04-24T03:31:00+02:00,1722.090,1723.160,1722.090,1723.000,16
SQ:XAUUSD,2020-04-24T03:32:00+02:00,1723.000,1723.050,1722.710,1722.760,21
SQ:XAUUSD,2020-04-24T03:33:00+02:00,1722.760,1722.810,1722.520,1722.520,9
SQ:XAUUSD,2020-04-24T03:34:00+02:00,1722.520,1722.960,1722.520,1722.960,52
SQ:XAUUSD,2020-04-24T03:35:00+02:00,1722.930,1723.050,1722.560,1722.900,83
SQ:XAUUSD,2020-04-24T03:36:00+02:00,1722.900,1722.930,1721.964,1722.430,71
SQ:XAUUSD,2020-04-24T03:37:00+02:00,1722.430,1722.470,1721.920,1722.470,37
SQ:XAUUSD,2020-04-24T03:38:00+02:00,1722.470,1722.570,1722.160,1722.430,37
SQ:XAUUSD,2020-04-24T03:39:00+02:00,1722.430,1723.380,1722.430,1723.110,96
SQ:XAUUSD,2020-04-24T03:40:00+02:00,1723.120,1723.270,1722.710,1722.780,57
SQ:XAUUSD,2020-04-24T03:41:00+02:00,1722.780,1723.080,1722.730,1723.080,37
SQ:XAUUSD,2020-04-24T03:42:00+02:00,1723.080,1723.160,1722.740,1722.850,135
SQ:XAUUSD,2020-04-24T03:43:00+02:00,1722.850,1723.160,1722.730,1723.040,70
SQ:XAUUSD,2020-04-24T03:44:00+02:00,1723.040,1723.530,1722.880,1723.340,88
SQ:XAUUSD,2020-04-24T03:45:00+02:00,1723.290,1723.340,1722.770,1722.790,88
SQ:XAUUSD,2020-04-24T03:46:00+02:00,1722.790,1723.120,1722.650,1722.990,20
SQ:XAUUSD,2020-04-24T03:47:00+02:00,1722.990,1723.500,1722.990,1723.500,5
SQ:XAUUSD,2020-04-24T03:48:00+02:00,1723.500,1723.500,1723.470,1723.470,3
SQ:XAUUSD,2020-04-24T03:49:00+02:00,1723.470,1723.880,1723.108,1723.330,43
SQ:XAUUSD,2020-04-24T03:50:00+02:00,1723.200,1723.340,1723.040,1723.040,31
SQ:XAUUSD,2020-04-24T03:51:00+02:00,1723.040,1723.040,1723.030,1723.040,5
SQ:XAUUSD,2020-04-24T03:52:00+02:00,1723.040,1723.040,1722.930,1723.040,5
SQ:XAUUSD,2020-04-24T03:53:00+02:00,1723.040,1723.130,1723.040,1723.080,17
SQ:XAUUSD,2020-04-24T03:54:00+02:00,1723.040,1723.070,1722.680,1722.700,25
SQ:XAUUSD,2020-04-24T03:55:00+02:00,1722.780,1723.020,1722.750,1722.820,50
SQ:XAUUSD,2020-04-24T03:56:00+02:00,1722.820,1722.910,1722.410,1722.410,50
SQ:XAUUSD,2020-04-24T03:57:00+02:00,1722.410,1722.680,1722.060,1722.630,25
SQ:XAUUSD,2020-04-24T03:58:00+02:00,1722.630,1723.030,1722.630,1723.030,14
SQ:XAUUSD,2020-04-24T03:59:00+02:00,1723.050,1723.050,1722.590,1722.830,43
SQ:XAUUSD,2020-04-24T04:00:00+02:00,1722.830,1723.270,1722.550,1723.190,66
SQ:XAUUSD,2020-04-24T04:01:00+02:00,1723.190,1724.310,1723.160,1723.950,58
SQ:XAUUSD,2020-04-24T04:02:00+02:00,1723.950,1724.040,1723.750,1723.870,32
SQ:XAUUSD,2020-04-24T04:03:00+02:00,1723.870,1724.970,1723.640,1724.480,76
SQ:XAUUSD,2020-04-24T04:04:00+02:00,1724.480,1725.170,1724.150,1724.930,60
SQ:XAUUSD,2020-04-24T04:05:00+02:00,1724.930,1725.040,1724.590,1724.680,30
SQ:XAUUSD,2020-04-24T04:06:00+02:00,1724.680,1724.760,1723.710,1723.990,55
SQ:XAUUSD,2020-04-24T04:07:00+02:00,1724.010,1724.010,1723.650,1723.760,52
SQ:XAUUSD,2020-04-24T04:08:00+02:00,1723.710,1723.790,1723.590,1723.680,74
SQ:XAUUSD,2020-04-24T04:09:00+02:00,1723.660,1724.260,1723.510,1723.880,66
SQ:XAUUSD,2020-04-24T04:10:00+02:00,1724.000,1724.900,1723.720,1724.520,70
SQ:XAUUSD,2020-04-24T04:11:00+02:00,1724.710,1724.750,1723.960,1724.000,42
SQ:XAUUSD,2020-04-24T04:12:00+02:00,1724.000,1724.000,1723.700,1723.910,33
SQ:XAUUSD,2020-04-24T04:13:00+02:00,1723.970,1723.970,1723.760,1723.850,23
SQ:XAUUSD,2020-04-24T04:14:00+02:00,1723.880,1724.540,1723.800,1724.160,123
SQ:XAUUSD,2020-04-24T04:15:00+02:00,1724.240,1724.270,1723.620,1723.990,50
SQ:XAUUSD,2020-04-24T04:16:00+02:00,1723.990,1724.200,1723.860,1724.120,33
SQ:XAUUSD,2020-04-24T04:17:00+02:00,1724.120,1724.690,1724.120,1724.590,87
SQ:XAUUSD,2020-04-24T04:18:00+02:00,1724.590,1724.590,1723.440,1723.560,45
SQ:XAUUSD,2020-04-24T04:19:00+02:00,1723.570,1723.570,1723.080,1723.320,34
SQ:XAUUSD,2020-04-24T04:20:00+02:00,1723.320,1723.444,1723.030,1723.154,29
SQ:XAUUSD,2020-04-24T04:21:00+02:00,1723.158,1723.590,1723.018,1723.470,28
SQ:XAUUSD,2020-04-24T04:22:00+02:00,1723.470,1723.580,1723.280,1723.280,25
SQ:XAUUSD,2020-04-24T04:23:00+02:00,1723.280,1723.280,1723.100,1723.110,14
SQ:XAUUSD,2020-04-24T04:24:00+02:00,1723.110,1723.250,1723.110,1723.250,4
SQ:XAUUSD,2020-04-24T04:25:00+02:00,1723.250,1723.280,1722.980,1722.980,14
SQ:XAUUSD,2020-04-24T04:26:00+02:00,1722.980,1723.140,1722.950,1722.950,16
SQ:XAUUSD,2020-04-24T04:27:00+02:00,1723.000,1723.530,1722.780,1722.830,83
SQ:XAUUSD,2020-04-24T04:28:00+02:00,1722.830,1722.830,1722.830,1722.830,1
SQ:XAUUSD,2020-04-24T04:29:00+02:00,1722.830,1722.830,1722.194,1722.756,31
SQ:XAUUSD,2020-04-24T04:30:00+02:00,1722.870,1722.890,1722.210,1722.430,83
SQ:XAUUSD,2020-04-24T04:31:00+02:00,1722.490,1722.600,1721.820,1722.070,36
SQ:XAUUSD,2020-04-24T04:32:00+02:00,1722.070,1722.160,1721.730,1721.730,29
SQ:XAUUSD,2020-04-24T04:33:00+02:00,1721.730,1721.870,1721.260,1721.380,31
SQ:XAUUSD,2020-04-24T04:34:00+02:00,1721.370,1722.430,1721.370,1722.180,54
SQ:XAUUSD,2020-04-24T04:35:00+02:00,1722.180,1722.850,1722.130,1722.850,60
SQ:XAUUSD,2020-04-24T04:36:00+02:00,1722.880,1723.050,1722.820,1722.900,38
SQ:XAUUSD,2020-04-24T04:37:00+02:00,1722.900,1723.180,1722.850,1723.150,9
SQ:XAUUSD,2020-04-24T04:38:00+02:00,1723.170,1723.210,1723.140,1723.150,19
SQ:XAUUSD,2020-04-24T04:39:00+02:00,1723.100,1723.670,1723.100,1723.670,19
SQ:XAUUSD,2020-04-24T04:40:00+02:00,1723.610,1723.850,1723.400,1723.400,44
SQ:XAUUSD,2020-04-24T04:41:00+02:00,1723.400,1724.120,1723.260,1723.780,64
SQ:XAUUSD,2020-04-24T04:42:00+02:00,1723.760,1723.930,1723.490,1723.610,45
SQ:XAUUSD,2020-04-24T04:43:00+02:00,1723.670,1724.210,1723.560,1724.150,44
SQ:XAUUSD,2020-04-24T04:44:00+02:00,1724.170,1724.310,1723.820,1723.890,50
SQ:XAUUSD,2020-04-24T04:45:00+02:00,1723.890,1723.890,1723.550,1723.840,36
SQ:XAUUSD,2020-04-24T04:46:00+02:00,1723.830,1724.160,1723.530,1724.150,30
SQ:XAUUSD,2020-04-24T04:47:00+02:00,1724.170,1724.190,1723.840,1723.860,28
SQ:XAUUSD,2020-04-24T04:48:00+02:00,1723.860,1724.120,1723.330,1723.330,34
SQ:XAUUSD,2020-04-24T04:49:00+02:00,1723.570,1723.850,1723.300,1723.330,62
SQ:XAUUSD,2020-04-24T04:50:00+02:00,1723.330,1723.410,1723.170,1723.270,40
SQ:XAUUSD,2020-04-24T04:51:00+02:00,1723.160,1723.350,1722.990,1723.020,53
SQ:XAUUSD,2020-04-24T04:52:00+02:00,1723.020,1723.240,1722.930,1722.950,23
SQ:XAUUSD,2020-04-24T04:53:00+02:00,1722.940,1722.950,1722.650,1722.750,35
SQ:XAUUSD,2020-04-24T04:54:00+02:00,1722.680,1722.950,1722.650,1722.750,18
SQ:XAUUSD,2020-04-24T04:55:00+02:00,1722.770,1723.190,1722.660,1723.010,39
SQ:XAUUSD,2020-04-24T04:56:00+02:00,1722.980,1723.410,1722.980,1723.160,30
SQ:XAUUSD,2020-04-24T04:57:00+02:00,1723.160,1723.190,1722.900,1723.100,31
SQ:XAUUSD,2020-04-24T04:58:00+02:00,1723.100,1723.280,1722.850,1722.910,25
SQ:XAUUSD,2020-04-24T04:59:00+02:00,1722.880,1723.000,1722.560,1722.750,32
SQ:XAUUSD,2020-04-24T05:00:00+02:00,1722.750,1722.950,1722.610,1722.720,40
SQ:XAUUSD,2020-04-24T05:01:00+02:00,1722.730,1723.290,1722.720,1722.900,31
SQ:XAUUSD,2020-04-24T05:02:00+02:00,1722.830,1722.830,1722.690,1722.790,12
SQ:XAUUSD,2020-04-24T05:03:00+02:00,1722.700,1723.130,1722.700,1722.990,31
SQ:XAUUSD,2020-04-24T05:04:00+02:00,1722.990,1723.060,1722.870,1722.870,21
SQ:XAUUSD,2020-04-24T05:05:00+02:00,1722.860,1722.860,1722.640,1722.740,20
SQ:XAUUSD,2020-04-24T05:06:00+02:00,1722.740,1722.820,1722.540,1722.810,18
SQ:XAUUSD,2020-04-24T05:07:00+02:00,1722.810,1723.660,1722.780,1723.220,34
SQ:XAUUSD,2020-04-24T05:08:00+02:00,1723.120,1723.170,1722.820,1723.000,28
SQ:XAUUSD,2020-04-24T05:09:00+02:00,1723.000,1723.150,1723.000,1723.120,17
SQ:XAUUSD,2020-04-24T05:10:00+02:00,1723.140,1723.270,1722.970,1723.050,29
SQ:XAUUSD,2020-04-24T05:11:00+02:00,1723.040,1723.040,1722.880,1722.880,16
SQ:XAUUSD,2020-04-24T05:12:00+02:00,1722.920,1723.190,1722.880,1723.080,16
SQ:XAUUSD,2020-04-24T05:13:00+02:00,1723.080,1723.080,1722.560,1722.730,34
SQ:XAUUSD,2020-04-24T05:14:00+02:00,1722.730,1722.950,1722.630,1722.920,16
SQ:XAUUSD,2020-04-24T05:15:00+02:00,1722.950,1723.070,1722.720,1722.730,18
SQ:XAUUSD,2020-04-24T05:16:00+02:00,1722.720,1722.720,1721.950,1722.020,19
SQ:XAUUSD,2020-04-24T05:17:00+02:00,1722.020,1722.120,1721.770,1722.020,46
SQ:XAUUSD,2020-04-24T05:18:00+02:00,1722.020,1722.120,1721.980,1722.000,13
SQ:XAUUSD,2020-04-24T05:19:00+02:00,1722.000,1722.250,1722.000,1722.130,10
SQ:XAUUSD,2020-04-24T05:20:00+02:00,1722.050,1722.440,1721.890,1722.060,56
SQ:XAUUSD,2020-04-24T05:21:00+02:00,1722.040,1722.370,1721.940,1722.110,45
SQ:XAUUSD,2020-04-24T05:22:00+02:00,1722.110,1722.770,1722.090,1722.770,48
SQ:XAUUSD,2020-04-24T05:23:00+02:00,1722.770,1723.040,1722.580,1723.040,34
SQ:XAUUSD,2020-04-24T05:24:00+02:00,1723.040,1723.040,1722.080,1722.170,43
SQ:XAUUSD,2020-04-24T05:25:00+02:00,1722.180,1722.640,1721.910,1722.140,34
SQ:XAUUSD,2020-04-24T05:26:00+02:00,1722.150,1722.320,1722.120,1722.270,23
SQ:XAUUSD,2020-04-24T05:27:00+02:00,1722.310,1722.560,1722.230,1722.550,16
SQ:XAUUSD,2020-04-24T05:28:00+02:00,1722.520,1722.600,1722.410,1722.550,18
SQ:XAUUSD,2020-04-24T05:29:00+02:00,1722.550,1723.070,1722.520,1722.520,31
SQ:XAUUSD,2020-04-24T05:30:00+02:00,1722.520,1722.670,1722.470,1722.570,28
SQ:XAUUSD,2020-04-24T05:31:00+02:00,1722.670,1722.670,1722.560,1722.570,5
SQ:XAUUSD,2020-04-24T05:32:00+02:00,1722.570,1722.610,1722.570,1722.570,11
SQ:XAUUSD,2020-04-24T05:33:00+02:00,1722.600,1722.600,1722.570,1722.600,6
SQ:XAUUSD,2020-04-24T05:34:00+02:00,1722.600,1722.660,1722.410,1722.510,28
SQ:XAUUSD,2020-04-24T05:35:00+02:00,1722.510,1722.540,1722.470,1722.510,6
SQ:XAUUSD,2020-04-24T05:36:00+02:00,1722.640,1722.650,1722.470,1722.520,26
SQ:XAUUSD,2020-04-24T05:37:00+02:00,1722.470,1722.500,1722.280,1722.410,32
SQ:XAUUSD,2020-04-24T05:38:00+02:00,1722.410,1722.590,1722.410,1722.550,23
SQ:XAUUSD,2020-04-24T05:39:00+02:00,1722.550,1722.710,1722.500,1722.590,21
SQ:XAUUSD,2020-04-24T05:40:00+02:00,1722.590,1722.710,1722.570,1722.610,15
SQ:XAUUSD,2020-04-24T05:41:00+02:00,1722.600,1722.610,1722.430,1722.500,22
SQ:XAUUSD,2020-04-24T05:42:00+02:00,1722.430,1722.470,1722.090,1722.110,19
SQ:XAUUSD,2020-04-24T05:43:00+02:00,1722.110,1722.620,1722.110,1722.600,14
SQ:XAUUSD,2020-04-24T05:44:00+02:00,1722.600,1722.650,1722.310,1722.320,10
SQ:XAUUSD,2020-04-24T05:45:00+02:00,1722.320,1722.330,1721.450,1721.740,27
SQ:XAUUSD,2020-04-24T05:46:00+02:00,1721.700,1722.450,1721.640,1721.810,44
SQ:XAUUSD,2020-04-24T05:47:00+02:00,1721.810,1722.560,1721.810,1722.490,35
SQ:XAUUSD,2020-04-24T05:48:00+02:00,1722.490,1722.490,1722.190,1722.230,9
SQ:XAUUSD,2020-04-24T05:49:00+02:00,1722.230,1722.230,1722.090,1722.110,10
SQ:XAUUSD,2020-04-24T05:50:00+02:00,1722.110,1722.550,1722.030,1722.430,17
SQ:XAUUSD,2020-04-24T05:51:00+02:00,1722.430,1722.510,1722.330,1722.330,12
SQ:XAUUSD,2020-04-24T05:52:00+02:00,1722.330,1722.490,1722.140,1722.410,21
SQ:XAUUSD,2020-04-24T05:53:00+02:00,1722.410,1722.510,1722.410,1722.470,5
SQ:XAUUSD,2020-04-24T05:54:00+02:00,1722.470,1722.540,1722.470,1722.540,5
SQ:XAUUSD,2020-04-24T05:55:00+02:00,1722.540,1722.680,1722.290,1722.630,16
SQ:XAUUSD,2020-04-24T05:56:00+02:00,1722.630,1723.140,1722.630,1723.140,12
SQ:XAUUSD,2020-04-24T05:57:00+02:00,1723.120,1723.490,1723.110,1723.420,22
SQ:XAUUSD,2020-04-24T05:58:00+02:00,1723.420,1723.700,1723.420,1723.670,7
SQ:XAUUSD,2020-04-24T05:59:00+02:00,1723.670,1723.670,1723.200,1723.240,12
SQ:XAUUSD,2020-04-24T06:00:00+02:00,1723.200,1723.470,1723.000,1723.470,28
SQ:XAUUSD,2020-04-24T06:01:00+02:00,1723.470,1723.630,1723.350,1723.350,33
SQ:XAUUSD,2020-04-24T06:02:00+02:00,1723.410,1724.130,1723.340,1723.890,73
SQ:XAUUSD,2020-04-24T06:03:00+02:00,1723.870,1725.530,1723.830,1725.470,80
SQ:XAUUSD,2020-04-24T06:04:00+02:00,1725.470,1725.470,1725.090,1725.110,30
SQ:XAUUSD,2020-04-24T06:05:00+02:00,1725.110,1725.110,1724.150,1724.150,35
SQ:XAUUSD,2020-04-24T06:06:00+02:00,1724.240,1724.390,1723.880,1724.290,40
SQ:XAUUSD,2020-04-24T06:07:00+02:00,1724.270,1724.750,1724.140,1724.350,55
SQ:XAUUSD,2020-04-24T06:08:00+02:00,1724.350,1724.770,1724.260,1724.410,14
SQ:XAUUSD,2020-04-24T06:09:00+02:00,1724.410,1724.410,1724.410,1724.410,1
SQ:XAUUSD,2020-04-24T06:10:00+02:00,1724.410,1724.410,1723.740,1723.790,15
SQ:XAUUSD,2020-04-24T06:11:00+02:00,1723.820,1724.500,1723.270,1724.130,14
SQ:XAUUSD,2020-04-24T06:12:00+02:00,1724.130,1724.130,1723.600,1724.060,36
SQ:XAUUSD,2020-04-24T06:13:00+02:00,1724.060,1724.130,1724.060,1724.130,3
SQ:XAUUSD,2020-04-24T06:14:00+02:00,1724.130,1724.130,1723.980,1723.980,2
SQ:XAUUSD,2020-04-24T06:15:00+02:00,1723.980,1724.650,1723.810,1723.900,23
SQ:XAUUSD,2020-04-24T06:16:00+02:00,1723.900,1724.850,1723.890,1723.890,25
SQ:XAUUSD,2020-04-24T06:17:00+02:00,1723.890,1723.890,1723.660,1723.870,15
SQ:XAUUSD,2020-04-24T06:18:00+02:00,1723.830,1723.830,1723.500,1723.500,11
SQ:XAUUSD,2020-04-24T06:19:00+02:00,1723.500,1723.890,1723.500,1723.890,3
SQ:XAUUSD,2020-04-24T06:20:00+02:00,1723.890,1723.890,1723.260,1723.260,5
SQ:XAUUSD,2020-04-24T06:21:00+02:00,1723.260,1723.410,1723.260,1723.410,7
SQ:XAUUSD,2020-04-24T06:22:00+02:00,1723.410,1723.510,1723.160,1723.270,23
SQ:XAUUSD,2020-04-24T06:23:00+02:00,1723.250,1723.640,1723.250,1723.640,13
SQ:XAUUSD,2020-04-24T06:24:00+02:00,1723.610,1724.070,1723.550,1724.070,11
SQ:XAUUSD,2020-04-24T06:25:00+02:00,1724.070,1724.100,1724.070,1724.100,2
SQ:XAUUSD,2020-04-24T06:26:00+02:00,1724.100,1724.110,1724.100,1724.110,2
SQ:XAUUSD,2020-04-24T06:27:00+02:00,1724.110,1724.120,1724.110,1724.120,2
SQ:XAUUSD,2020-04-24T06:28:00+02:00,1724.120,1724.230,1724.060,1724.170,83
SQ:XAUUSD,2020-04-24T06:29:00+02:00,1724.140,1724.440,1724.110,1724.320,34
SQ:XAUUSD,2020-04-24T06:30:00+02:00,1724.290,1724.370,1724.040,1724.170,25
SQ:XAUUSD,2020-04-24T06:31:00+02:00,1724.170,1724.180,1724.130,1724.130,3
SQ:XAUUSD,2020-04-24T06:32:00+02:00,1724.130,1724.140,1724.090,1724.130,5
SQ:XAUUSD,2020-04-24T06:33:00+02:00,1724.170,1724.170,1723.670,1724.120,18
SQ:XAUUSD,2020-04-24T06:34:00+02:00,1724.120,1724.120,1723.680,1724.020,13
SQ:XAUUSD,2020-04-24T06:35:00+02:00,1723.970,1723.970,1723.510,1723.550,32
SQ:XAUUSD,2020-04-24T06:36:00+02:00,1723.510,1723.800,1723.420,1723.550,24
SQ:XAUUSD,2020-04-24T06:37:00+02:00,1723.600,1723.640,1723.250,1723.290,24
SQ:XAUUSD,2020-04-24T06:38:00+02:00,1723.290,1723.290,1723.070,1723.260,8
SQ:XAUUSD,2020-04-24T06:39:00+02:00,1723.170,1723.250,1723.050,1723.150,17
SQ:XAUUSD,2020-04-24T06:40:00+02:00,1723.150,1723.190,1723.050,1723.190,8
SQ:XAUUSD,2020-04-24T06:41:00+02:00,1723.090,1723.230,1723.060,1723.230,18
SQ:XAUUSD,2020-04-24T06:42:00+02:00,1723.230,1723.250,1723.130,1723.250,8
SQ:XAUUSD,2020-04-24T06:43:00+02:00,1723.150,1723.390,1723.120,1723.210,16
SQ:XAUUSD,2020-04-24T06:44:00+02:00,1723.260,1723.480,1723.260,1723.480,18
SQ:XAUUSD,2020-04-24T06:45:00+02:00,1723.480,1723.580,1723.400,1723.480,8
SQ:XAUUSD,2020-04-24T06:46:00+02:00,1723.530,1723.550,1723.070,1723.240,28
SQ:XAUUSD,2020-04-24T06:47:00+02:00,1723.240,1723.420,1723.240,1723.330,9
SQ:XAUUSD,2020-04-24T06:48:00+02:00,1723.290,1723.410,1723.220,1723.340,22
SQ:XAUUSD,2020-04-24T06:49:00+02:00,1723.340,1723.340,1723.220,1723.310,9
SQ:XAUUSD,2020-04-24T06:50:00+02:00,1723.270,1723.400,1723.120,1723.400,18
SQ:XAUUSD,2020-04-24T06:51:00+02:00,1723.220,1723.350,1723.120,1723.210,25
SQ:XAUUSD,2020-04-24T06:52:00+02:00,1723.210,1723.830,1723.120,1723.670,31
SQ:XAUUSD,2020-04-24T06:53:00+02:00,1723.670,1723.720,1723.650,1723.660,7
SQ:XAUUSD,2020-04-24T06:54:00+02:00,1723.660,1723.790,1723.660,1723.790,2
SQ:XAUUSD,2020-04-24T06:55:00+02:00,1723.790,1723.840,1723.790,1723.790,3
SQ:XAUUSD,2020-04-24T06:56:00+02:00,1723.790,1723.870,1723.790,1723.790,3
SQ:XAUUSD,2020-04-24T06:57:00+02:00,1723.790,1723.790,1723.770,1723.770,2
SQ:XAUUSD,2020-04-24T06:58:00+02:00,1723.770,1723.770,1723.770,1723.770,1
SQ:XAUUSD,2020-04-24T06:59:00+02:00,1723.770,1723.770,1723.560,1723.560,6
SQ:XAUUSD,2020-04-24T07:00:00+02:00,1723.560,1723.560,1723.370,1723.370,5
SQ:XAUUSD,2020-04-24T07:01:00+02:00,1723.370,1723.440,1722.930,1722.930,32
SQ:XAUUSD,2020-04-24T07:02:00+02:00,1722.930,1723.030,1722.930,1722.930,23
SQ:XAUUSD,2020-04-24T07:03:00+02:00,1722.930,1723.250,1722.840,1723.210,38
SQ:XAUUSD,2020-04-24T07:04:00+02:00,1723.210,1723.210,1722.890,1722.930,7
SQ:XAUUSD,2020-04-24T07:05:00+02:00,1722.930,1722.950,1722.860,1722.950,11
SQ:XAUUSD,2020-04-24T07:06:00+02:00,1722.950,1722.950,1721.860,1722.370,125
SQ:XAUUSD,2020-04-24T07:07:00+02:00,1722.410,1722.410,1721.680,1721.870,80
SQ:XAUUSD,2020-04-24T07:08:00+02:00,1721.850,1721.870,1720.880,1720.880,43
SQ:XAUUSD,2020-04-24T07:09:00+02:00,1720.810,1721.690,1720.300,1721.490,91
SQ:XAUUSD,2020-04-24T07:10:00+02:00,1721.490,1721.880,1721.190,1721.880,52
SQ:XAUUSD,2020-04-24T07:11:00+02:00,1721.880,1722.210,1721.780,1721.910,36
SQ:XAUUSD,2020-04-24T07:12:00+02:00,1721.910,1722.000,1720.570,1721.630,59
SQ:XAUUSD,2020-04-24T07:13:00+02:00,1721.630,1721.660,1721.160,1721.500,109
SQ:XAUUSD,2020-04-24T07:14:00+02:00,1721.500,1721.710,1721.350,1721.710,42
SQ:XAUUSD,2020-04-24T07:15:00+02:00,1721.640,1722.380,1721.570,1722.130,62
SQ:XAUUSD,2020-04-24T07:16:00+02:00,1722.130,1722.460,1721.850,1722.460,32
SQ:XAUUSD,2020-04-24T07:17:00+02:00,1722.460,1722.650,1722.230,1722.320,30
SQ:XAUUSD,2020-04-24T07:18:00+02:00,1722.320,1722.570,1722.170,1722.570,19
SQ:XAUUSD,2020-04-24T07:19:00+02:00,1722.730,1723.700,1722.730,1723.650,30
SQ:XAUUSD,2020-04-24T07:20:00+02:00,1723.650,1723.750,1723.460,1723.610,31
SQ:XAUUSD,2020-04-24T07:21:00+02:00,1723.610,1723.720,1723.570,1723.620,21
SQ:XAUUSD,2020-04-24T07:22:00+02:00,1723.620,1723.650,1723.530,1723.560,22
SQ:XAUUSD,2020-04-24T07:23:00+02:00,1723.560,1723.610,1722.960,1723.140,23
SQ:XAUUSD,2020-04-24T07:24:00+02:00,1723.140,1723.250,1722.990,1723.200,15
SQ:XAUUSD,2020-04-24T07:25:00+02:00,1723.200,1723.250,1722.950,1723.110,22
SQ:XAUUSD,2020-04-24T07:26:00+02:00,1723.110,1723.240,1722.860,1723.000,24
SQ:XAUUSD,2020-04-24T07:27:00+02:00,1722.980,1723.070,1722.870,1723.010,26
SQ:XAUUSD,2020-04-24T07:28:00+02:00,1723.010,1723.340,1722.950,1723.150,23
SQ:XAUUSD,2020-04-24T07:29:00+02:00,1723.150,1724.060,1723.150,1723.710,85
SQ:XAUUSD,2020-04-24T07:30:00+02:00,1723.710,1723.800,1723.400,1723.770,70
SQ:XAUUSD,2020-04-24T07:31:00+02:00,1723.770,1723.900,1723.640,1723.820,39
SQ:XAUUSD,2020-04-24T07:32:00+02:00,1723.820,1724.230,1723.720,1723.780,39
SQ:XAUUSD,2020-04-24T07:33:00+02:00,1723.780,1723.960,1722.900,1723.110,35
SQ:XAUUSD,2020-04-24T07:34:00+02:00,1723.110,1723.340,1722.270,1722.350,69
SQ:XAUUSD,2020-04-24T07:35:00+02:00,1722.350,1723.150,1722.330,1722.908,35
SQ:XAUUSD,2020-04-24T07:36:00+02:00,1722.760,1723.460,1722.760,1722.900,51
SQ:XAUUSD,2020-04-24T07:37:00+02:00,1723.010,1723.250,1722.500,1722.850,41
SQ:XAUUSD,2020-04-24T07:38:00+02:00,1722.850,1724.030,1722.770,1723.360,73
SQ:XAUUSD,2020-04-24T07:39:00+02:00,1723.360,1724.030,1723.130,1723.340,43
SQ:XAUUSD,2020-04-24T07:40:00+02:00,1723.350,1724.040,1723.160,1723.590,20
SQ:XAUUSD,2020-04-24T07:41:00+02:00,1723.790,1724.000,1723.160,1723.560,50
SQ:XAUUSD,2020-04-24T07:42:00+02:00,1723.560,1723.820,1723.350,1723.522,18
SQ:XAUUSD,2020-04-24T07:43:00+02:00,1723.510,1723.940,1723.160,1723.340,18
SQ:XAUUSD,2020-04-24T07:44:00+02:00,1723.340,1723.820,1723.120,1723.420,37
SQ:XAUUSD,2020-04-24T07:45:00+02:00,1723.370,1724.130,1723.370,1724.020,26
SQ:XAUUSD,2020-04-24T07:46:00+02:00,1724.020,1724.130,1722.850,1723.050,52
SQ:XAUUSD,2020-04-24T07:47:00+02:00,1723.050,1723.540,1723.050,1723.290,55
SQ:XAUUSD,2020-04-24T07:48:00+02:00,1723.290,1723.670,1722.870,1723.570,71
SQ:XAUUSD,2020-04-24T07:49:00+02:00,1723.490,1723.990,1723.410,1723.560,72
SQ:XAUUSD,2020-04-24T07:50:00+02:00,1723.560,1723.870,1723.510,1723.800,64
SQ:XAUUSD,2020-04-24T07:51:00+02:00,1723.530,1724.050,1723.370,1723.960,40
SQ:XAUUSD,2020-04-24T07:52:00+02:00,1723.850,1723.980,1723.670,1723.690,45
SQ:XAUUSD,2020-04-24T07:53:00+02:00,1723.690,1723.690,1723.310,1723.450,22
SQ:XAUUSD,2020-04-24T07:54:00+02:00,1723.450,1723.600,1723.420,1723.490,30
SQ:XAUUSD,2020-04-24T07:55:00+02:00,1723.490,1723.490,1723.310,1723.310,15
SQ:XAUUSD,2020-04-24T07:56:00+02:00,1723.310,1723.760,1722.630,1723.750,52
SQ:XAUUSD,2020-04-24T07:57:00+02:00,1723.750,1724.190,1723.370,1723.770,126
SQ:XAUUSD,2020-04-24T07:58:00+02:00,1723.770,1724.840,1723.600,1724.710,60
SQ:XAUUSD,2020-04-24T07:59:00+02:00,1724.830,1724.880,1723.460,1723.980,56
SQ:XAUUSD,2020-04-24T08:00:00+02:00,1723.980,1725.360,1723.950,1724.810,172
SQ:XAUUSD,2020-04-24T08:01:00+02:00,1724.810,1725.410,1724.760,1724.950,96
SQ:XAUUSD,2020-04-24T08:02:00+02:00,1724.950,1725.640,1724.840,1725.080,81
SQ:XAUUSD,2020-04-24T08:03:00+02:00,1725.080,1725.510,1724.580,1725.390,81
SQ:XAUUSD,2020-04-24T08:04:00+02:00,1725.390,1725.540,1724.290,1724.530,105
SQ:XAUUSD,2020-04-24T08:05:00+02:00,1724.660,1725.340,1724.660,1724.940,53
SQ:XAUUSD,2020-04-24T08:06:00+02:00,1725.040,1725.320,1724.070,1724.600,68
SQ:XAUUSD,2020-04-24T08:07:00+02:00,1724.600,1725.150,1722.566,1724.760,181
SQ:XAUUSD,2020-04-24T08:08:00+02:00,1724.760,1724.760,1724.640,1724.690,4
SQ:XAUUSD,2020-04-24T08:09:00+02:00,1724.690,1724.700,1723.438,1724.270,57
SQ:XAUUSD,2020-04-24T08:10:00+02:00,1724.270,1724.500,1723.140,1723.410,77
SQ:XAUUSD,2020-04-24T08:11:00+02:00,1723.410,1723.680,1723.090,1723.160,35
SQ:XAUUSD,2020-04-24T08:12:00+02:00,1723.160,1723.950,1722.680,1723.100,74
SQ:XAUUSD,2020-04-24T08:13:00+02:00,1722.740,1724.080,1722.322,1723.290,158
SQ:XAUUSD,2020-04-24T08:14:00+02:00,1723.290,1724.090,1722.360,1722.410,114
SQ:XAUUSD,2020-04-24T08:15:00+02:00,1722.410,1723.370,1722.370,1722.450,164
SQ:XAUUSD,2020-04-24T08:16:00+02:00,1722.470,1723.190,1722.430,1723.140,123
SQ:XAUUSD,2020-04-24T08:17:00+02:00,1723.140,1724.420,1723.070,1723.490,157
SQ:XAUUSD,2020-04-24T08:18:00+02:00,1723.490,1725.050,1723.430,1724.400,174
SQ:XAUUSD,2020-04-24T08:19:00+02:00,1724.420,1725.080,1723.980,1724.490,190
SQ:XAUUSD,2020-04-24T08:20:00+02:00,1724.500,1724.840,1724.110,1724.180,103
SQ:XAUUSD,2020-04-24T08:21:00+02:00,1724.130,1724.220,1724.090,1724.160,65
SQ:XAUUSD,2020-04-24T08:22:00+02:00,1724.180,1724.320,1724.090,1724.190,59
SQ:XAUUSD,2020-04-24T08:23:00+02:00,1723.920,1726.550,1723.630,1724.730,149
SQ:XAUUSD,2020-04-24T08:24:00+02:00,1724.880,1726.710,1724.220,1724.220,99
SQ:XAUUSD,2020-04-24T08:25:00+02:00,1724.410,1726.310,1724.410,1725.690,138
SQ:XAUUSD,2020-04-24T08:26:00+02:00,1725.740,1726.810,1725.690,1726.420,138
SQ:XAUUSD,2020-04-24T08:27:00+02:00,1726.370,1727.330,1725.710,1725.760,45
SQ:XAUUSD,2020-04-24T08:28:00+02:00,1725.760,1727.450,1725.660,1726.910,101
SQ:XAUUSD,2020-04-24T08:29:00+02:00,1726.360,1726.980,1725.510,1726.580,144
SQ:XAUUSD,2020-04-24T08:30:00+02:00,1726.600,1728.400,1726.120,1727.740,290
SQ:XAUUSD,2020-04-24T08:31:00+02:00,1727.740,1728.510,1726.800,1727.980,166
SQ:XAUUSD,2020-04-24T08:32:00+02:00,1728.040,1730.390,1727.440,1729.380,223
SQ:XAUUSD,2020-04-24T08:33:00+02:00,1729.420,1730.060,1727.960,1729.060,185
SQ:XAUUSD,2020-04-24T08:34:00+02:00,1729.080,1730.120,1727.440,1727.740,184
SQ:XAUUSD,2020-04-24T08:35:00+02:00,1727.640,1728.680,1727.230,1728.670,74
SQ:XAUUSD,2020-04-24T08:36:00+02:00,1728.670,1728.700,1727.400,1727.460,64
SQ:XAUUSD,2020-04-24T08:37:00+02:00,1727.460,1727.900,1726.800,1727.484,94
SQ:XAUUSD,2020-04-24T08:38:00+02:00,1727.484,1728.970,1726.880,1728.970,155
SQ:XAUUSD,2020-04-24T08:39:00+02:00,1728.970,1729.270,1728.320,1728.990,108
SQ:XAUUSD,2020-04-24T08:40:00+02:00,1728.990,1730.060,1728.520,1729.036,266
SQ:XAUUSD,2020-04-24T08:41:00+02:00,1729.036,1729.450,1728.470,1728.910,181
SQ:XAUUSD,2020-04-24T08:42:00+02:00,1728.980,1728.980,1728.230,1728.384,94
SQ:XAUUSD,2020-04-24T08:43:00+02:00,1728.390,1728.514,1727.290,1727.440,171
SQ:XAUUSD,2020-04-24T08:44:00+02:00,1727.490,1728.562,1726.680,1727.460,129
SQ:XAUUSD,2020-04-24T08:45:00+02:00,1727.500,1729.530,1727.500,1728.690,168
SQ:XAUUSD,2020-04-24T08:46:00+02:00,1728.690,1728.920,1727.170,1727.340,114
SQ:XAUUSD,2020-04-24T08:47:00+02:00,1727.340,1727.970,1725.920,1727.740,198
SQ:XAUUSD,2020-04-24T08:48:00+02:00,1727.530,1728.484,1727.100,1728.150,200
SQ:XAUUSD,2020-04-24T08:49:00+02:00,1728.150,1728.910,1728.040,1728.140,194
SQ:XAUUSD,2020-04-24T08:50:00+02:00,1728.190,1728.660,1727.650,1728.340,101
SQ:XAUUSD,2020-04-24T08:51:00+02:00,1728.340,1728.750,1727.570,1728.400,92
SQ:XAUUSD,2020-04-24T08:52:00+02:00,1728.450,1728.520,1727.850,1728.210,82
SQ:XAUUSD,2020-04-24T08:53:00+02:00,1728.250,1729.030,1727.880,1728.180,75
SQ:XAUUSD,2020-04-24T08:54:00+02:00,1728.180,1729.080,1728.080,1728.880,104
SQ:XAUUSD,2020-04-24T08:55:00+02:00,1728.730,1729.330,1728.140,1729.250,114
SQ:XAUUSD,2020-04-24T08:56:00+02:00,1729.250,1730.170,1728.930,1730.080,65
SQ:XAUUSD,2020-04-24T08:57:00+02:00,1730.080,1730.080,1728.320,1729.090,108
SQ:XAUUSD,2020-04-24T08:58:00+02:00,1729.090,1729.090,1728.400,1728.630,90
SQ:XAUUSD,2020-04-24T08:59:00+02:00,1728.670,1729.520,1728.010,1729.280,103
SQ:XAUUSD,2020-04-24T09:00:00+02:00,1729.400,1729.620,1728.770,1728.770,154
SQ:XAUUSD,2020-04-24T09:01:00+02:00,1728.780,1730.210,1728.780,1729.850,108
SQ:XAUUSD,2020-04-24T09:02:00+02:00,1729.730,1730.170,1729.230,1729.910,103
SQ:XAUUSD,2020-04-24T09:03:00+02:00,1729.910,1730.060,1729.690,1729.900,68
SQ:XAUUSD,2020-04-24T09:04:00+02:00,1729.900,1730.090,1729.890,1730.090,45
SQ:XAUUSD,2020-04-24T09:05:00+02:00,1730.030,1730.230,1729.840,1729.850,85
SQ:XAUUSD,2020-04-24T09:06:00+02:00,1729.880,1730.720,1729.750,1730.630,155
SQ:XAUUSD,2020-04-24T09:07:00+02:00,1730.630,1730.630,1729.750,1730.440,98
SQ:XAUUSD,2020-04-24T09:08:00+02:00,1730.440,1730.770,1729.810,1730.440,142
SQ:XAUUSD,2020-04-24T09:09:00+02:00,1730.120,1730.780,1729.640,1730.000,129
SQ:XAUUSD,2020-04-24T09:10:00+02:00,1729.960,1730.010,1728.920,1729.190,96
SQ:XAUUSD,2020-04-24T09:11:00+02:00,1729.310,1729.750,1728.330,1728.480,188
SQ:XAUUSD,2020-04-24T09:12:00+02:00,1728.480,1729.920,1728.380,1728.900,154
SQ:XAUUSD,2020-04-24T09:13:00+02:00,1728.900,1729.480,1728.410,1728.980,93
SQ:XAUUSD,2020-04-24T09:14:00+02:00,1728.970,1729.400,1728.360,1729.280,112
SQ:XAUUSD,2020-04-24T09:15:00+02:00,1729.240,1729.820,1728.360,1729.450,164
SQ:XAUUSD,2020-04-24T09:16:00+02:00,1729.030,1729.630,1728.500,1728.740,134
SQ:XAUUSD,2020-04-24T09:17:00+02:00,1728.740,1729.470,1728.450,1729.360,92
SQ:XAUUSD,2020-04-24T09:18:00+02:00,1729.360,1729.460,1728.800,1729.180,54
SQ:XAUUSD,2020-04-24T09:19:00+02:00,1729.180,1729.500,1728.924,1729.140,46
SQ:XAUUSD,2020-04-24T09:20:00+02:00,1729.140,1729.500,1728.970,1729.440,67
SQ:XAUUSD,2020-04-24T09:21:00+02:00,1729.410,1729.610,1728.192,1728.952,99
SQ:XAUUSD,2020-04-24T09:22:00+02:00,1728.750,1728.810,1728.180,1728.480,124
SQ:XAUUSD,2020-04-24T09:23:00+02:00,1728.470,1728.910,1728.430,1728.780,57
SQ:XAUUSD,2020-04-24T09:24:00+02:00,1728.780,1729.090,1728.620,1728.680,66
SQ:XAUUSD,2020-04-24T09:25:00+02:00,1728.680,1728.820,1728.560,1728.700,124
SQ:XAUUSD,2020-04-24T09:26:00+02:00,1728.700,1729.040,1728.590,1728.900,73
SQ:XAUUSD,2020-04-24T09:27:00+02:00,1728.900,1729.790,1728.900,1729.720,93
SQ:XAUUSD,2020-04-24T09:28:00+02:00,1729.720,1729.740,1728.120,1728.300,167
SQ:XAUUSD,2020-04-24T09:29:00+02:00,1728.300,1728.500,1728.120,1728.480,111
SQ:XAUUSD,2020-04-24T09:30:00+02:00,1728.450,1728.480,1727.650,1728.000,81
SQ:XAUUSD,2020-04-24T09:31:00+02:00,1728.000,1728.120,1727.950,1728.050,52
SQ:XAUUSD,2020-04-24T09:32:00+02:00,1728.000,1728.520,1727.330,1728.250,95
SQ:XAUUSD,2020-04-24T09:33:00+02:00,1728.280,1728.790,1727.830,1728.000,54
SQ:XAUUSD,2020-04-24T09:34:00+02:00,1728.000,1728.840,1727.240,1727.940,138
SQ:XAUUSD,2020-04-24T09:35:00+02:00,1727.970,1728.630,1727.270,1727.290,65
SQ:XAUUSD,2020-04-24T09:36:00+02:00,1727.290,1727.750,1727.290,1727.720,38
SQ:XAUUSD,2020-04-24T09:37:00+02:00,1727.720,1728.550,1727.720,1728.110,56
SQ:XAUUSD,2020-04-24T09:38:00+02:00,1728.110,1728.480,1727.730,1727.820,41
SQ:XAUUSD,2020-04-24T09:39:00+02:00,1727.840,1728.280,1727.700,1728.050,41
SQ:XAUUSD,2020-04-24T09:40:00+02:00,1728.050,1728.900,1728.000,1728.730,43
SQ:XAUUSD,2020-04-24T09:41:00+02:00,1728.730,1729.130,1728.610,1728.680,38
SQ:XAUUSD,2020-04-24T09:42:00+02:00,1728.820,1728.830,1728.260,1728.520,29
SQ:XAUUSD,2020-04-24T09:43:00+02:00,1728.520,1728.660,1728.010,1728.360,41
SQ:XAUUSD,2020-04-24T09:44:00+02:00,1728.360,1728.520,1727.370,1727.500,93
SQ:XAUUSD,2020-04-24T09:45:00+02:00,1727.460,1729.750,1727.460,1729.400,106
SQ:XAUUSD,2020-04-24T09:46:00+02:00,1729.350,1729.750,1728.900,1728.900,93
SQ:XAUUSD,2020-04-24T09:47:00+02:00,1728.900,1729.070,1728.260,1728.390,39
SQ:XAUUSD,2020-04-24T09:48:00+02:00,1728.390,1728.390,1726.320,1726.730,95
SQ:XAUUSD,2020-04-24T09:49:00+02:00,1726.770,1726.770,1726.190,1726.470,61
SQ:XAUUSD,2020-04-24T09:50:00+02:00,1726.470,1726.990,1725.770,1726.990,123
SQ:XAUUSD,2020-04-24T09:51:00+02:00,1726.770,1727.090,1726.250,1726.310,72
SQ:XAUUSD,2020-04-24T09:52:00+02:00,1726.260,1726.870,1725.830,1726.140,87
SQ:XAUUSD,2020-04-24T09:53:00+02:00,1726.190,1727.430,1726.190,1727.040,62
SQ:XAUUSD,2020-04-24T09:54:00+02:00,1727.040,1727.700,1726.160,1727.080,71
SQ:XAUUSD,2020-04-24T09:55:00+02:00,1727.020,1727.510,1726.660,1726.980,80
SQ:XAUUSD,2020-04-24T09:56:00+02:00,1726.900,1727.270,1726.340,1726.420,42
SQ:XAUUSD,2020-04-24T09:57:00+02:00,1726.500,1726.620,1726.440,1726.520,35
SQ:XAUUSD,2020-04-24T09:58:00+02:00,1726.520,1728.340,1726.520,1728.290,48
SQ:XAUUSD,2020-04-24T09:59:00+02:00,1728.270,1729.500,1727.830,1729.310,118
SQ:XAUUSD,2020-04-24T10:00:00+02:00,1729.310,1729.680,1728.040,1728.620,69
SQ:XAUUSD,2020-04-24T10:01:00+02:00,1728.670,1728.670,1728.030,1728.190,44
SQ:XAUUSD,2020-04-24T10:02:00+02:00,1728.240,1728.390,1727.840,1728.000,58
SQ:XAUUSD,2020-04-24T10:03:00+02:00,1728.000,1728.020,1727.300,1727.920,62
SQ:XAUUSD,2020-04-24T10:04:00+02:00,1727.970,1728.500,1727.690,1727.690,54
SQ:XAUUSD,2020-04-24T10:05:00+02:00,1727.700,1727.770,1726.080,1727.170,98
SQ:XAUUSD,2020-04-24T10:06:00+02:00,1727.170,1727.700,1726.270,1726.700,42
SQ:XAUUSD,2020-04-24T10:07:00+02:00,1726.700,1726.740,1726.620,1726.620,9
SQ:XAUUSD,2020-04-24T10:08:00+02:00,1726.620,1726.620,1725.570,1726.100,59
SQ:XAUUSD,2020-04-24T10:09:00+02:00,1726.220,1727.610,1725.600,1726.060,79
SQ:XAUUSD,2020-04-24T10:10:00+02:00,1726.060,1727.150,1726.030,1726.880,59
SQ:XAUUSD,2020-04-24T10:11:00+02:00,1726.840,1727.150,1726.770,1726.830,24
SQ:XAUUSD,2020-04-24T10:12:00+02:00,1726.830,1726.830,1726.540,1726.700,18
SQ:XAUUSD,2020-04-24T10:13:00+02:00,1726.700,1726.760,1725.890,1725.890,43
SQ:XAUUSD,2020-04-24T10:14:00+02:00,1725.890,1725.980,1725.530,1725.980,63
SQ:XAUUSD,2020-04-24T10:15:00+02:00,1725.980,1726.530,1725.550,1726.450,84
SQ:XAUUSD,2020-04-24T10:16:00+02:00,1726.460,1726.560,1725.530,1725.980,71
SQ:XAUUSD,2020-04-24T10:17:00+02:00,1725.930,1726.200,1725.560,1725.580,55
SQ:XAUUSD,2020-04-24T10:18:00+02:00,1725.580,1725.770,1725.420,1725.620,76
SQ:XAUUSD,2020-04-24T10:19:00+02:00,1725.620,1725.690,1725.080,1725.220,44
SQ:XAUUSD,2020-04-24T10:20:00+02:00,1725.220,1725.600,1725.220,1725.540,15
SQ:XAUUSD,2020-04-24T10:21:00+02:00,1725.540,1726.280,1725.520,1726.090,36
SQ:XAUUSD,2020-04-24T10:22:00+02:00,1726.070,1727.000,1725.970,1726.780,67
SQ:XAUUSD,2020-04-24T10:23:00+02:00,1726.780,1727.430,1726.560,1727.370,66
SQ:XAUUSD,2020-04-24T10:24:00+02:00,1727.350,1727.440,1726.720,1727.340,92
SQ:XAUUSD,2020-04-24T10:25:00+02:00,1727.350,1727.810,1727.040,1727.810,70
SQ:XAUUSD,2020-04-24T10:26:00+02:00,1727.810,1728.260,1727.790,1728.230,72
SQ:XAUUSD,2020-04-24T10:27:00+02:00,1728.270,1728.290,1727.860,1727.880,46
SQ:XAUUSD,2020-04-24T10:28:00+02:00,1727.890,1728.140,1727.860,1727.930,66
SQ:XAUUSD,2020-04-24T10:29:00+02:00,1727.910,1728.000,1727.820,1727.940,57
SQ:XAUUSD,2020-04-24T10:30:00+02:00,1727.910,1728.540,1727.770,1727.970,70
SQ:XAUUSD,2020-04-24T10:31:00+02:00,1727.970,1728.000,1727.900,1727.940,56
SQ:XAUUSD,2020-04-24T10:32:00+02:00,1727.940,1728.170,1727.260,1727.480,67
SQ:XAUUSD,2020-04-24T10:33:00+02:00,1727.480,1727.490,1727.016,1727.016,13
SQ:XAUUSD,2020-04-24T10:34:00+02:00,1727.022,1728.120,1726.630,1727.980,96
SQ:XAUUSD,2020-04-24T10:35:00+02:00,1728.020,1729.240,1727.830,1729.000,115
SQ:XAUUSD,2020-04-24T10:36:00+02:00,1729.000,1729.160,1728.200,1728.370,60
SQ:XAUUSD,2020-04-24T10:37:00+02:00,1728.370,1728.740,1728.030,1728.100,55
SQ:XAUUSD,2020-04-24T10:38:00+02:00,1728.080,1728.950,1728.080,1728.850,57
SQ:XAUUSD,2020-04-24T10:39:00+02:00,1728.960,1729.580,1728.820,1729.360,120
SQ:XAUUSD,2020-04-24T10:40:00+02:00,1729.360,1729.950,1728.150,1729.240,128
SQ:XAUUSD,2020-04-24T10:41:00+02:00,1729.200,1729.950,1729.000,1729.920,79
SQ:XAUUSD,2020-04-24T10:42:00+02:00,1729.920,1730.140,1728.790,1729.520,83
SQ:XAUUSD,2020-04-24T10:43:00+02:00,1729.570,1729.990,1729.180,1729.600,87
SQ:XAUUSD,2020-04-24T10:44:00+02:00,1729.570,1729.860,1728.720,1728.940,134
SQ:XAUUSD,2020-04-24T10:45:00+02:00,1728.930,1729.290,1728.710,1729.290,103
SQ:XAUUSD,2020-04-24T10:46:00+02:00,1729.280,1729.730,1729.076,1729.240,130
SQ:XAUUSD,2020-04-24T10:47:00+02:00,1729.240,1729.380,1728.530,1728.530,41
SQ:XAUUSD,2020-04-24T10:48:00+02:00,1728.530,1728.980,1727.420,1727.700,69
SQ:XAUUSD,2020-04-24T10:49:00+02:00,1727.640,1727.640,1726.990,1727.180,60
SQ:XAUUSD,2020-04-24T10:50:00+02:00,1727.180,1728.190,1727.160,1727.540,63
SQ:XAUUSD,2020-04-24T10:51:00+02:00,1727.530,1727.540,1727.210,1727.410,23
SQ:XAUUSD,2020-04-24T10:52:00+02:00,1727.440,1728.330,1727.400,1728.330,46
SQ:XAUUSD,2020-04-24T10:53:00+02:00,1728.330,1728.970,1727.510,1727.550,38
SQ:XAUUSD,2020-04-24T10:54:00+02:00,1727.650,1728.160,1726.940,1727.720,69
SQ:XAUUSD,2020-04-24T10:55:00+02:00,1727.720,1727.780,1727.370,1727.640,31
SQ:XAUUSD,2020-04-24T10:56:00+02:00,1727.640,1727.650,1727.360,1727.370,31
SQ:XAUUSD,2020-04-24T10:57:00+02:00,1727.360,1728.230,1727.150,1728.080,37
SQ:XAUUSD,2020-04-24T10:58:00+02:00,1728.130,1729.640,1728.130,1729.490,65
SQ:XAUUSD,2020-04-24T10:59:00+02:00,1729.490,1730.070,1729.160,1729.910,66
SQ:XAUUSD,2020-04-24T11:00:00+02:00,1729.910,1730.000,1729.190,1729.250,64
SQ:XAUUSD,2020-04-24T11:01:00+02:00,1729.280,1730.820,1729.160,1730.410,103
SQ:XAUUSD,2020-04-24T11:02:00+02:00,1730.410,1730.730,1729.770,1729.800,70
SQ:XAUUSD,2020-04-24T11:03:00+02:00,1729.830,1729.910,1728.940,1729.670,192
SQ:XAUUSD,2020-04-24T11:04:00+02:00,1729.710,1729.870,1729.100,1729.460,112
SQ:XAUUSD,2020-04-24T11:05:00+02:00,1729.460,1729.950,1729.090,1729.632,129
SQ:XAUUSD,2020-04-24T11:06:00+02:00,1729.700,1730.580,1729.160,1729.860,197
SQ:XAUUSD,2020-04-24T11:07:00+02:00,1729.840,1730.110,1729.440,1729.750,161
SQ:XAUUSD,2020-04-24T11:08:00+02:00,1729.780,1729.980,1727.610,1728.250,199
SQ:XAUUSD,2020-04-24T11:09:00+02:00,1728.250,1729.104,1728.240,1728.910,70
SQ:XAUUSD,2020-04-24T11:10:00+02:00,1728.920,1729.322,1728.290,1728.290,144
SQ:XAUUSD,2020-04-24T11:11:00+02:00,1728.290,1728.830,1727.800,1728.040,72
SQ:XAUUSD,2020-04-24T11:12:00+02:00,1728.040,1729.010,1727.880,1729.010,65
SQ:XAUUSD,2020-04-24T11:13:00+02:00,1729.010,1731.880,1728.630,1730.290,106
SQ:XAUUSD,2020-04-24T11:14:00+02:00,1730.290,1731.280,1729.450,1729.810,96
SQ:XAUUSD,2020-04-24T11:15:00+02:00,1729.810,1729.980,1729.270,1729.450,53
SQ:XAUUSD,2020-04-24T11:16:00+02:00,1729.450,1730.480,1728.850,1729.300,78
SQ:XAUUSD,2020-04-24T11:17:00+02:00,1729.300,1731.020,1729.250,1730.950,44
SQ:XAUUSD,2020-04-24T11:18:00+02:00,1730.950,1730.950,1729.540,1730.280,74
SQ:XAUUSD,2020-04-24T11:19:00+02:00,1730.280,1730.980,1730.260,1730.890,43
SQ:XAUUSD,2020-04-24T11:20:00+02:00,1730.890,1730.890,1729.570,1729.680,66
SQ:XAUUSD,2020-04-24T11:21:00+02:00,1729.680,1729.760,1728.810,1729.010,183
SQ:XAUUSD,2020-04-24T11:22:00+02:00,1729.040,1729.286,1728.950,1729.140,180
SQ:XAUUSD,2020-04-24T11:23:00+02:00,1729.170,1730.210,1728.650,1728.700,336
SQ:XAUUSD,2020-04-24T11:24:00+02:00,1728.690,1728.960,1728.190,1728.370,140
SQ:XAUUSD,2020-04-24T11:25:00+02:00,1728.360,1729.190,1728.120,1728.910,154
SQ:XAUUSD,2020-04-24T11:26:00+02:00,1728.910,1729.980,1728.620,1729.020,334
SQ:XAUUSD,2020-04-24T11:27:00+02:00,1729.100,1729.840,1728.960,1729.840,320
SQ:XAUUSD,2020-04-24T11:28:00+02:00,1729.840,1730.190,1729.680,1729.820,164
SQ:XAUUSD,2020-04-24T11:29:00+02:00,1729.820,1729.870,1728.820,1729.290,75
SQ:XAUUSD,2020-04-24T11:30:00+02:00,1729.300,1729.350,1727.670,1727.920,185
SQ:XAUUSD,2020-04-24T11:31:00+02:00,1727.920,1728.130,1727.620,1727.710,104
SQ:XAUUSD,2020-04-24T11:32:00+02:00,1727.710,1728.470,1727.710,1728.200,50
SQ:XAUUSD,2020-04-24T11:33:00+02:00,1728.210,1728.490,1728.040,1728.190,40
SQ:XAUUSD,2020-04-24T11:34:00+02:00,1728.190,1728.190,1727.320,1727.518,87
SQ:XAUUSD,2020-04-24T11:35:00+02:00,1727.518,1728.520,1727.484,1727.860,93
SQ:XAUUSD,2020-04-24T11:36:00+02:00,1727.860,1728.020,1726.950,1727.130,102
SQ:XAUUSD,2020-04-24T11:37:00+02:00,1727.130,1727.480,1726.920,1727.160,139
SQ:XAUUSD,2020-04-24T11:38:00+02:00,1727.160,1727.230,1727.040,1727.120,58
SQ:XAUUSD,2020-04-24T11:39:00+02:00,1727.110,1727.230,1727.020,1727.220,52
SQ:XAUUSD,2020-04-24T11:40:00+02:00,1727.220,1728.240,1727.180,1728.050,77
SQ:XAUUSD,2020-04-24T11:41:00+02:00,1728.050,1728.050,1727.260,1727.860,49
SQ:XAUUSD,2020-04-24T11:42:00+02:00,1727.870,1727.870,1727.230,1727.530,39
SQ:XAUUSD,2020-04-24T11:43:00+02:00,1727.530,1727.630,1727.210,1727.210,40
SQ:XAUUSD,2020-04-24T11:44:00+02:00,1727.210,1728.050,1727.110,1727.660,68
SQ:XAUUSD,2020-04-24T11:45:00+02:00,1727.670,1727.840,1727.450,1727.470,48
SQ:XAUUSD,2020-04-24T11:46:00+02:00,1727.470,1728.040,1727.430,1727.800,43
SQ:XAUUSD,2020-04-24T11:47:00+02:00,1727.800,1728.280,1727.800,1727.960,71
SQ:XAUUSD,2020-04-24T11:48:00+02:00,1727.960,1728.060,1727.660,1728.060,49
SQ:XAUUSD,2020-04-24T11:49:00+02:00,1728.060,1728.330,1727.730,1727.730,58
SQ:XAUUSD,2020-04-24T11:50:00+02:00,1727.730,1728.000,1727.150,1727.360,63
SQ:XAUUSD,2020-04-24T11:51:00+02:00,1727.440,1727.460,1727.090,1727.330,136
SQ:XAUUSD,2020-04-24T11:52:00+02:00,1727.350,1727.600,1727.200,1727.360,29
SQ:XAUUSD,2020-04-24T11:53:00+02:00,1727.360,1727.530,1727.180,1727.320,45
SQ:XAUUSD,2020-04-24T11:54:00+02:00,1727.310,1728.280,1727.310,1727.830,51
SQ:XAUUSD,2020-04-24T11:55:00+02:00,1727.800,1727.920,1727.250,1727.300,40
SQ:XAUUSD,2020-04-24T11:56:00+02:00,1727.300,1727.750,1727.100,1727.680,56
SQ:XAUUSD,2020-04-24T11:57:00+02:00,1727.680,1728.520,1727.620,1728.340,85
SQ:XAUUSD,2020-04-24T11:58:00+02:00,1728.350,1729.210,1728.170,1728.650,165
SQ:XAUUSD,2020-04-24T11:59:00+02:00,1728.540,1728.870,1728.210,1728.330,213
SQ:XAUUSD,2020-04-24T12:00:00+02:00,1728.330,1728.490,1727.380,1727.460,110
SQ:XAUUSD,2020-04-24T12:01:00+02:00,1727.460,1728.840,1727.390,1728.560,97
SQ:XAUUSD,2020-04-24T12:02:00+02:00,1728.560,1728.980,1728.410,1728.930,32
SQ:XAUUSD,2020-04-24T12:03:00+02:00,1728.920,1729.710,1728.820,1729.150,74
SQ:XAUUSD,2020-04-24T12:04:00+02:00,1729.150,1729.150,1728.560,1728.710,42
SQ:XAUUSD,2020-04-24T12:05:00+02:00,1728.680,1728.730,1728.140,1728.180,61
SQ:XAUUSD,2020-04-24T12:06:00+02:00,1728.190,1728.440,1728.130,1728.420,86
SQ:XAUUSD,2020-04-24T12:07:00+02:00,1728.460,1728.630,1728.330,1728.620,57
SQ:XAUUSD,2020-04-24T12:08:00+02:00,1728.640,1729.070,1728.230,1729.070,81
SQ:XAUUSD,2020-04-24T12:09:00+02:00,1729.070,1729.120,1728.740,1728.810,59
SQ:XAUUSD,2020-04-24T12:10:00+02:00,1728.850,1728.850,1727.850,1728.160,61
SQ:XAUUSD,2020-04-24T12:11:00+02:00,1728.160,1728.500,1727.530,1728.400,78
SQ:XAUUSD,2020-04-24T12:12:00+02:00,1728.410,1728.760,1728.390,1728.470,91
SQ:XAUUSD,2020-04-24T12:13:00+02:00,1728.470,1729.090,1728.430,1728.980,57
SQ:XAUUSD,2020-04-24T12:14:00+02:00,1728.980,1729.140,1728.160,1728.200,89
SQ:XAUUSD,2020-04-24T12:15:00+02:00,1728.200,1729.060,1728.020,1728.500,72
SQ:XAUUSD,2020-04-24T12:16:00+02:00,1728.510,1728.710,1728.360,1728.390,83
SQ:XAUUSD,2020-04-24T12:17:00+02:00,1728.380,1729.370,1728.360,1729.060,51
SQ:XAUUSD,2020-04-24T12:18:00+02:00,1729.060,1729.180,1728.080,1728.850,113
SQ:XAUUSD,2020-04-24T12:19:00+02:00,1728.820,1729.060,1728.350,1728.800,71
SQ:XAUUSD,2020-04-24T12:20:00+02:00,1728.780,1728.790,1728.310,1728.500,66
SQ:XAUUSD,2020-04-24T12:21:00+02:00,1728.500,1729.360,1728.470,1729.360,89
SQ:XAUUSD,2020-04-24T12:22:00+02:00,1729.360,1729.740,1729.000,1729.050,42
SQ:XAUUSD,2020-04-24T12:23:00+02:00,1729.020,1729.510,1728.800,1729.510,107
SQ:XAUUSD,2020-04-24T12:24:00+02:00,1729.510,1729.540,1729.240,1729.340,60
SQ:XAUUSD,2020-04-24T12:25:00+02:00,1729.340,1729.420,1729.040,1729.330,55
SQ:XAUUSD,2020-04-24T12:26:00+02:00,1729.330,1730.120,1729.230,1730.000,30
SQ:XAUUSD,2020-04-24T12:27:00+02:00,1729.970,1731.020,1729.670,1729.880,55
SQ:XAUUSD,2020-04-24T12:28:00+02:00,1729.850,1729.920,1728.810,1729.380,130
SQ:XAUUSD,2020-04-24T12:29:00+02:00,1729.430,1730.010,1729.250,1729.810,168
SQ:XAUUSD,2020-04-24T12:30:00+02:00,1729.790,1730.750,1729.740,1730.070,208
SQ:XAUUSD,2020-04-24T12:31:00+02:00,1730.070,1730.380,1729.530,1729.640,130
SQ:XAUUSD,2020-04-24T12:32:00+02:00,1729.640,1730.110,1729.640,1729.800,73
SQ:XAUUSD,2020-04-24T12:33:00+02:00,1729.800,1730.100,1729.490,1729.830,120
SQ:XAUUSD,2020-04-24T12:34:00+02:00,1729.800,1729.950,1729.030,1729.260,134
SQ:XAUUSD,2020-04-24T12:35:00+02:00,1729.240,1729.650,1728.050,1729.170,147
SQ:XAUUSD,2020-04-24T12:36:00+02:00,1729.200,1729.320,1729.100,1729.320,59
SQ:XAUUSD,2020-04-24T12:37:00+02:00,1729.370,1729.680,1729.340,1729.600,91
SQ:XAUUSD,2020-04-24T12:38:00+02:00,1729.580,1730.210,1729.320,1729.880,84
SQ:XAUUSD,2020-04-24T12:39:00+02:00,1729.880,1731.020,1729.430,1731.020,99
SQ:XAUUSD,2020-04-24T12:40:00+02:00,1731.020,1731.560,1730.740,1731.270,299
SQ:XAUUSD,2020-04-24T12:41:00+02:00,1731.250,1731.950,1731.090,1731.760,231
SQ:XAUUSD,2020-04-24T12:42:00+02:00,1731.760,1732.930,1731.420,1732.530,275
SQ:XAUUSD,2020-04-24T12:43:00+02:00,1732.560,1732.770,1731.990,1732.520,126
SQ:XAUUSD,2020-04-24T12:44:00+02:00,1732.510,1733.100,1732.140,1732.550,229
SQ:XAUUSD,2020-04-24T12:45:00+02:00,1732.550,1733.920,1732.500,1733.400,233
SQ:XAUUSD,2020-04-24T12:46:00+02:00,1733.350,1733.820,1733.100,1733.110,171
SQ:XAUUSD,2020-04-24T12:47:00+02:00,1733.110,1734.370,1732.180,1732.220,174
SQ:XAUUSD,2020-04-24T12:48:00+02:00,1732.230,1733.610,1731.670,1732.990,147
SQ:XAUUSD,2020-04-24T12:49:00+02:00,1733.030,1733.660,1733.010,1733.440,100
SQ:XAUUSD,2020-04-24T12:50:00+02:00,1733.440,1734.040,1732.670,1733.260,109
SQ:XAUUSD,2020-04-24T12:51:00+02:00,1733.250,1734.220,1733.140,1733.840,107
SQ:XAUUSD,2020-04-24T12:52:00+02:00,1733.840,1734.050,1733.112,1733.520,151
SQ:XAUUSD,2020-04-24T12:53:00+02:00,1733.520,1734.520,1733.050,1734.230,77
SQ:XAUUSD,2020-04-24T12:54:00+02:00,1734.230,1735.110,1734.050,1734.310,106
SQ:XAUUSD,2020-04-24T12:55:00+02:00,1734.330,1735.070,1733.980,1734.390,145
SQ:XAUUSD,2020-04-24T12:56:00+02:00,1734.390,1735.630,1734.380,1734.980,110
SQ:XAUUSD,2020-04-24T12:57:00+02:00,1734.980,1735.330,1734.240,1734.540,109
SQ:XAUUSD,2020-04-24T12:58:00+02:00,1734.440,1735.250,1734.180,1734.880,94
SQ:XAUUSD,2020-04-24T12:59:00+02:00,1734.880,1735.310,1734.570,1735.310,94
SQ:XAUUSD,2020-04-24T13:00:00+02:00,1735.370,1735.930,1735.200,1735.330,103
SQ:XAUUSD,2020-04-24T13:01:00+02:00,1735.300,1735.430,1734.750,1734.870,78
SQ:XAUUSD,2020-04-24T13:02:00+02:00,1734.660,1734.660,1732.770,1733.570,116
SQ:XAUUSD,2020-04-24T13:03:00+02:00,1732.900,1733.830,1732.510,1733.410,138
SQ:XAUUSD,2020-04-24T13:04:00+02:00,1733.520,1733.780,1733.400,1733.710,71
SQ:XAUUSD,2020-04-24T13:05:00+02:00,1733.710,1734.210,1733.670,1733.730,78
SQ:XAUUSD,2020-04-24T13:06:00+02:00,1733.680,1733.810,1733.680,1733.720,48
SQ:XAUUSD,2020-04-24T13:07:00+02:00,1733.720,1733.720,1732.420,1732.480,95
SQ:XAUUSD,2020-04-24T13:08:00+02:00,1732.480,1733.050,1732.360,1732.410,118
SQ:XAUUSD,2020-04-24T13:09:00+02:00,1732.410,1732.590,1731.750,1732.440,47
SQ:XAUUSD,2020-04-24T13:10:00+02:00,1732.440,1732.440,1731.180,1731.470,64
SQ:XAUUSD,2020-04-24T13:11:00+02:00,1731.470,1732.540,1731.290,1732.340,126
SQ:XAUUSD,2020-04-24T13:12:00+02:00,1732.340,1733.010,1732.330,1732.810,115
SQ:XAUUSD,2020-04-24T13:13:00+02:00,1732.810,1732.880,1732.350,1732.440,53
SQ:XAUUSD,2020-04-24T13:14:00+02:00,1732.440,1732.950,1732.220,1732.710,68
SQ:XAUUSD,2020-04-24T13:15:00+02:00,1732.700,1733.170,1732.010,1732.010,118
SQ:XAUUSD,2020-04-24T13:16:00+02:00,1732.010,1732.410,1731.930,1732.140,37
SQ:XAUUSD,2020-04-24T13:17:00+02:00,1732.140,1732.510,1731.840,1732.370,66
SQ:XAUUSD,2020-04-24T13:18:00+02:00,1732.390,1733.350,1732.390,1732.410,38
SQ:XAUUSD,2020-04-24T13:19:00+02:00,1732.410,1732.630,1732.250,1732.400,24
SQ:XAUUSD,2020-04-24T13:20:00+02:00,1732.350,1732.910,1732.170,1732.190,86
SQ:XAUUSD,2020-04-24T13:21:00+02:00,1732.190,1732.450,1731.570,1732.060,76
SQ:XAUUSD,2020-04-24T13:22:00+02:00,1732.060,1733.090,1731.430,1732.970,96
SQ:XAUUSD,2020-04-24T13:23:00+02:00,1732.940,1733.250,1732.690,1732.850,103
SQ:XAUUSD,2020-04-24T13:24:00+02:00,1732.850,1732.860,1732.510,1732.530,64
SQ:XAUUSD,2020-04-24T13:25:00+02:00,1732.530,1733.190,1732.490,1732.950,67
SQ:XAUUSD,2020-04-24T13:26:00+02:00,1732.990,1733.190,1732.690,1733.080,78
SQ:XAUUSD,2020-04-24T13:27:00+02:00,1733.130,1733.990,1733.020,1733.920,157
SQ:XAUUSD,2020-04-24T13:28:00+02:00,1733.970,1734.380,1733.540,1734.120,216
SQ:XAUUSD,2020-04-24T13:29:00+02:00,1734.140,1734.150,1732.290,1733.140,217
SQ:XAUUSD,2020-04-24T13:30:00+02:00,1733.160,1733.230,1732.230,1732.430,198
SQ:XAUUSD,2020-04-24T13:31:00+02:00,1732.400,1732.410,1731.830,1731.980,195
SQ:XAUUSD,2020-04-24T13:32:00+02:00,1731.950,1732.160,1731.390,1731.570,416
SQ:XAUUSD,2020-04-24T13:33:00+02:00,1731.560,1731.960,1731.540,1731.770,290
SQ:XAUUSD,2020-04-24T13:34:00+02:00,1731.770,1731.850,1731.020,1731.110,263
SQ:XAUUSD,2020-04-24T13:35:00+02:00,1731.120,1732.420,1730.980,1732.110,379
SQ:XAUUSD,2020-04-24T13:36:00+02:00,1732.110,1733.090,1732.110,1732.920,36
SQ:XAUUSD,2020-04-24T13:37:00+02:00,1732.920,1733.840,1732.830,1733.240,172
SQ:XAUUSD,2020-04-24T13:38:00+02:00,1733.240,1733.430,1732.590,1733.050,373
SQ:XAUUSD,2020-04-24T13:39:00+02:00,1732.980,1733.220,1732.310,1732.700,401
SQ:XAUUSD,2020-04-24T13:40:00+02:00,1732.610,1733.290,1732.530,1733.140,413
SQ:XAUUSD,2020-04-24T13:41:00+02:00,1733.020,1733.430,1732.920,1733.420,463
SQ:XAUUSD,2020-04-24T13:42:00+02:00,1733.384,1733.460,1732.960,1733.210,91
SQ:XAUUSD,2020-04-24T13:43:00+02:00,1733.210,1733.652,1733.210,1733.652,80
SQ:XAUUSD,2020-04-24T13:44:00+02:00,1733.652,1733.652,1732.840,1733.000,143
SQ:XAUUSD,2020-04-24T13:45:00+02:00,1733.000,1733.000,1732.230,1732.630,68
SQ:XAUUSD,2020-04-24T13:46:00+02:00,1732.630,1732.852,1732.380,1732.852,176
SQ:XAUUSD,2020-04-24T13:47:00+02:00,1732.810,1734.064,1732.650,1732.850,205
SQ:XAUUSD,2020-04-24T13:48:00+02:00,1732.940,1733.314,1732.810,1733.070,108
SQ:XAUUSD,2020-04-24T13:49:00+02:00,1733.070,1733.410,1732.230,1732.242,78
SQ:XAUUSD,2020-04-24T13:50:00+02:00,1732.242,1732.382,1731.520,1731.840,123
SQ:XAUUSD,2020-04-24T13:51:00+02:00,1731.830,1732.072,1731.154,1731.396,402
SQ:XAUUSD,2020-04-24T13:52:00+02:00,1731.410,1731.890,1731.110,1731.110,278
SQ:XAUUSD,2020-04-24T13:53:00+02:00,1731.150,1732.080,1731.130,1731.760,356
SQ:XAUUSD,2020-04-24T13:54:00+02:00,1731.760,1731.810,1731.210,1731.630,114
SQ:XAUUSD,2020-04-24T13:55:00+02:00,1731.630,1732.070,1731.630,1731.930,309
SQ:XAUUSD,2020-04-24T13:56:00+02:00,1731.970,1732.050,1730.880,1730.920,380
SQ:XAUUSD,2020-04-24T13:57:00+02:00,1730.920,1731.796,1730.800,1731.776,105
SQ:XAUUSD,2020-04-24T13:58:00+02:00,1731.776,1731.796,1730.000,1730.424,172
SQ:XAUUSD,2020-04-24T13:59:00+02:00,1730.374,1730.678,1729.790,1730.150,154
SQ:XAUUSD,2020-04-24T14:00:00+02:00,1730.150,1731.620,1730.040,1731.310,79
SQ:XAUUSD,2020-04-24T14:01:00+02:00,1731.310,1732.960,1731.310,1732.510,88
SQ:XAUUSD,2020-04-24T14:02:00+02:00,1732.620,1733.720,1732.560,1732.820,154
SQ:XAUUSD,2020-04-24T14:03:00+02:00,1732.820,1733.030,1732.270,1732.580,75
SQ:XAUUSD,2020-04-24T14:04:00+02:00,1732.580,1733.000,1732.440,1732.740,55
SQ:XAUUSD,2020-04-24T14:05:00+02:00,1732.740,1733.500,1732.640,1733.350,111
SQ:XAUUSD,2020-04-24T14:06:00+02:00,1733.350,1733.810,1731.660,1732.860,159
SQ:XAUUSD,2020-04-24T14:07:00+02:00,1732.820,1733.380,1732.480,1733.180,98
SQ:XAUUSD,2020-04-24T14:08:00+02:00,1733.180,1733.280,1732.530,1732.660,39
SQ:XAUUSD,2020-04-24T14:09:00+02:00,1732.760,1733.200,1732.240,1732.450,250
SQ:XAUUSD,2020-04-24T14:10:00+02:00,1732.450,1732.450,1731.630,1732.060,195
SQ:XAUUSD,2020-04-24T14:11:00+02:00,1732.060,1732.820,1731.910,1732.820,50
SQ:XAUUSD,2020-04-24T14:12:00+02:00,1732.820,1733.100,1732.660,1733.090,43
SQ:XAUUSD,2020-04-24T14:13:00+02:00,1733.100,1733.370,1732.980,1733.080,35
SQ:XAUUSD,2020-04-24T14:14:00+02:00,1733.110,1734.060,1733.110,1733.740,77
SQ:XAUUSD,2020-04-24T14:15:00+02:00,1733.680,1733.760,1732.860,1733.250,107
SQ:XAUUSD,2020-04-24T14:16:00+02:00,1733.120,1733.590,1731.950,1732.600,510
SQ:XAUUSD,2020-04-24T14:17:00+02:00,1732.600,1733.800,1732.560,1733.760,337
SQ:XAUUSD,2020-04-24T14:18:00+02:00,1733.760,1734.080,1733.114,1733.730,410
SQ:XAUUSD,2020-04-24T14:19:00+02:00,1733.740,1734.064,1732.438,1733.008,171
SQ:XAUUSD,2020-04-24T14:20:00+02:00,1733.148,1734.060,1732.578,1733.420,493
SQ:XAUUSD,2020-04-24T14:21:00+02:00,1733.400,1734.000,1732.630,1733.010,421
SQ:XAUUSD,2020-04-24T14:22:00+02:00,1732.990,1733.096,1729.174,1729.710,594
SQ:XAUUSD,2020-04-24T14:23:00+02:00,1729.610,1730.650,1729.410,1730.090,425
SQ:XAUUSD,2020-04-24T14:24:00+02:00,1730.090,1730.490,1729.920,1730.270,374
SQ:XAUUSD,2020-04-24T14:25:00+02:00,1730.270,1730.740,1729.310,1730.410,201
SQ:XAUUSD,2020-04-24T14:26:00+02:00,1730.410,1732.320,1730.410,1731.690,204
SQ:XAUUSD,2020-04-24T14:27:00+02:00,1731.690,1732.380,1731.320,1732.070,158
SQ:XAUUSD,2020-04-24T14:28:00+02:00,1732.030,1732.050,1731.330,1731.830,83
SQ:XAUUSD,2020-04-24T14:29:00+02:00,1731.870,1732.120,1731.290,1731.360,72
SQ:XAUUSD,2020-04-24T14:30:00+02:00,1731.360,1732.850,1731.330,1732.170,100
SQ:XAUUSD,2020-04-24T14:31:00+02:00,1732.170,1732.270,1731.300,1731.330,58
SQ:XAUUSD,2020-04-24T14:32:00+02:00,1731.330,1731.760,1730.870,1731.570,95
SQ:XAUUSD,2020-04-24T14:33:00+02:00,1731.750,1732.860,1731.720,1732.860,130
SQ:XAUUSD,2020-04-24T14:34:00+02:00,1732.860,1733.020,1731.500,1732.060,47
SQ:XAUUSD,2020-04-24T14:35:00+02:00,1732.060,1732.390,1731.530,1732.330,69
SQ:XAUUSD,2020-04-24T14:36:00+02:00,1732.330,1733.910,1732.230,1733.390,81
SQ:XAUUSD,2020-04-24T14:37:00+02:00,1733.390,1733.640,1731.700,1731.850,123
SQ:XAUUSD,2020-04-24T14:38:00+02:00,1731.910,1733.250,1731.540,1733.250,97
SQ:XAUUSD,2020-04-24T14:39:00+02:00,1733.200,1733.974,1732.780,1733.966,121
SQ:XAUUSD,2020-04-24T14:40:00+02:00,1733.910,1734.660,1733.480,1734.230,169
SQ:XAUUSD,2020-04-24T14:41:00+02:00,1734.370,1734.714,1733.560,1734.350,152
SQ:XAUUSD,2020-04-24T14:42:00+02:00,1734.350,1734.838,1733.970,1734.460,128
SQ:XAUUSD,2020-04-24T14:43:00+02:00,1734.460,1734.870,1732.810,1732.900,138
SQ:XAUUSD,2020-04-24T14:44:00+02:00,1733.070,1733.760,1732.780,1733.700,180
SQ:XAUUSD,2020-04-24T14:45:00+02:00,1733.720,1734.540,1733.410,1734.000,220
SQ:XAUUSD,2020-04-24T14:46:00+02:00,1734.010,1734.268,1733.000,1733.530,225
SQ:XAUUSD,2020-04-24T14:47:00+02:00,1733.530,1734.380,1732.330,1733.730,250
SQ:XAUUSD,2020-04-24T14:48:00+02:00,1733.730,1734.760,1732.440,1732.480,227
SQ:XAUUSD,2020-04-24T14:49:00+02:00,1732.470,1732.910,1730.810,1732.330,221
SQ:XAUUSD,2020-04-24T14:50:00+02:00,1732.260,1732.960,1731.830,1732.200,235
SQ:XAUUSD,2020-04-24T14:51:00+02:00,1732.170,1733.380,1732.170,1732.480,202
SQ:XAUUSD,2020-04-24T14:52:00+02:00,1732.480,1732.700,1731.390,1731.700,193
SQ:XAUUSD,2020-04-24T14:53:00+02:00,1731.700,1733.024,1731.700,1731.770,118
SQ:XAUUSD,2020-04-24T14:54:00+02:00,1731.770,1732.030,1730.460,1730.650,242
SQ:XAUUSD,2020-04-24T14:55:00+02:00,1730.480,1730.880,1729.380,1730.200,183
SQ:XAUUSD,2020-04-24T14:56:00+02:00,1730.200,1730.810,1729.822,1730.590,208
SQ:XAUUSD,2020-04-24T14:57:00+02:00,1730.560,1731.720,1729.850,1731.400,151
SQ:XAUUSD,2020-04-24T14:58:00+02:00,1731.400,1732.162,1731.050,1731.530,141
SQ:XAUUSD,2020-04-24T14:59:00+02:00,1731.550,1731.558,1730.180,1731.210,104
SQ:XAUUSD,2020-04-24T15:00:00+02:00,1731.210,1731.980,1730.510,1731.950,216
SQ:XAUUSD,2020-04-24T15:01:00+02:00,1731.990,1732.240,1730.950,1731.650,189
SQ:XAUUSD,2020-04-24T15:02:00+02:00,1731.360,1732.220,1731.360,1731.780,122
SQ:XAUUSD,2020-04-24T15:03:00+02:00,1731.770,1731.900,1731.490,1731.520,138
SQ:XAUUSD,2020-04-24T15:04:00+02:00,1731.530,1732.784,1731.530,1732.260,170
SQ:XAUUSD,2020-04-24T15:05:00+02:00,1732.260,1732.330,1731.540,1731.550,112
SQ:XAUUSD,2020-04-24T15:06:00+02:00,1731.540,1732.704,1731.490,1732.704,119
SQ:XAUUSD,2020-04-24T15:07:00+02:00,1732.714,1733.480,1732.420,1732.660,303
SQ:XAUUSD,2020-04-24T15:08:00+02:00,1732.740,1733.570,1732.490,1733.330,150
SQ:XAUUSD,2020-04-24T15:09:00+02:00,1733.380,1733.888,1732.590,1733.050,195
SQ:XAUUSD,2020-04-24T15:10:00+02:00,1733.050,1733.070,1732.360,1732.870,170
SQ:XAUUSD,2020-04-24T15:11:00+02:00,1732.920,1733.290,1732.490,1732.510,66
SQ:XAUUSD,2020-04-24T15:12:00+02:00,1732.510,1733.530,1731.890,1732.870,167
SQ:XAUUSD,2020-04-24T15:13:00+02:00,1732.880,1733.220,1732.300,1732.700,99
SQ:XAUUSD,2020-04-24T15:14:00+02:00,1732.700,1732.700,1731.480,1731.830,110
SQ:XAUUSD,2020-04-24T15:15:00+02:00,1731.830,1732.490,1731.830,1731.980,61
SQ:XAUUSD,2020-04-24T15:16:00+02:00,1731.980,1732.940,1731.700,1732.720,96
SQ:XAUUSD,2020-04-24T15:17:00+02:00,1732.730,1734.560,1732.570,1733.990,240
SQ:XAUUSD,2020-04-24T15:18:00+02:00,1733.970,1734.370,1733.580,1733.650,141
SQ:XAUUSD,2020-04-24T15:19:00+02:00,1733.650,1734.050,1733.250,1733.790,181
SQ:XAUUSD,2020-04-24T15:20:00+02:00,1733.740,1734.036,1733.100,1733.270,111
SQ:XAUUSD,2020-04-24T15:21:00+02:00,1733.270,1733.310,1732.600,1732.760,127
SQ:XAUUSD,2020-04-24T15:22:00+02:00,1732.760,1733.280,1731.900,1732.420,231
SQ:XAUUSD,2020-04-24T15:23:00+02:00,1732.420,1733.350,1732.130,1733.350,176
SQ:XAUUSD,2020-04-24T15:24:00+02:00,1733.350,1733.350,1731.496,1732.294,187
SQ:XAUUSD,2020-04-24T15:25:00+02:00,1732.374,1733.182,1732.374,1732.620,138
SQ:XAUUSD,2020-04-24T15:26:00+02:00,1732.620,1733.024,1732.082,1732.776,120
SQ:XAUUSD,2020-04-24T15:27:00+02:00,1732.620,1732.976,1731.910,1731.914,143
SQ:XAUUSD,2020-04-24T15:28:00+02:00,1731.874,1733.280,1731.844,1733.016,189
SQ:XAUUSD,2020-04-24T15:29:00+02:00,1733.006,1733.360,1732.500,1733.030,205
SQ:XAUUSD,2020-04-24T15:30:00+02:00,1733.030,1735.060,1732.660,1734.190,326
SQ:XAUUSD,2020-04-24T15:31:00+02:00,1734.190,1734.980,1732.820,1733.570,250
SQ:XAUUSD,2020-04-24T15:32:00+02:00,1733.610,1734.120,1732.880,1732.940,193
SQ:XAUUSD,2020-04-24T15:33:00+02:00,1732.940,1733.190,1731.790,1733.170,337
SQ:XAUUSD,2020-04-24T15:34:00+02:00,1733.150,1734.840,1733.140,1734.200,329
SQ:XAUUSD,2020-04-24T15:35:00+02:00,1734.540,1734.730,1733.310,1733.410,223
SQ:XAUUSD,2020-04-24T15:36:00+02:00,1733.410,1734.340,1732.730,1733.020,479
SQ:XAUUSD,2020-04-24T15:37:00+02:00,1733.180,1734.520,1733.110,1734.330,202
SQ:XAUUSD,2020-04-24T15:38:00+02:00,1734.330,1736.040,1733.930,1734.040,297
SQ:XAUUSD,2020-04-24T15:39:00+02:00,1734.040,1734.160,1732.380,1733.130,320
SQ:XAUUSD,2020-04-24T15:40:00+02:00,1733.130,1733.240,1731.820,1732.770,407
SQ:XAUUSD,2020-04-24T15:41:00+02:00,1732.800,1732.970,1730.540,1731.290,399
SQ:XAUUSD,2020-04-24T15:42:00+02:00,1731.290,1732.420,1730.822,1732.200,262
SQ:XAUUSD,2020-04-24T15:43:00+02:00,1732.160,1732.410,1731.090,1731.350,348
SQ:XAUUSD,2020-04-24T15:44:00+02:00,1731.350,1732.630,1731.350,1732.540,241
SQ:XAUUSD,2020-04-24T15:45:00+02:00,1732.540,1733.160,1731.690,1732.820,211
SQ:XAUUSD,2020-04-24T15:46:00+02:00,1732.690,1733.100,1731.820,1732.090,270
SQ:XAUUSD,2020-04-24T15:47:00+02:00,1732.120,1732.220,1730.810,1730.990,228
SQ:XAUUSD,2020-04-24T15:48:00+02:00,1730.660,1731.410,1729.830,1730.470,245
SQ:XAUUSD,2020-04-24T15:49:00+02:00,1730.470,1731.320,1729.780,1730.080,173
SQ:XAUUSD,2020-04-24T15:50:00+02:00,1729.900,1730.440,1729.180,1729.240,188
SQ:XAUUSD,2020-04-24T15:51:00+02:00,1729.290,1730.470,1729.290,1729.800,167
SQ:XAUUSD,2020-04-24T15:52:00+02:00,1729.800,1730.140,1728.740,1728.840,302
SQ:XAUUSD,2020-04-24T15:53:00+02:00,1728.840,1729.420,1728.640,1729.040,243
SQ:XAUUSD,2020-04-24T15:54:00+02:00,1729.040,1729.330,1728.070,1729.330,226
SQ:XAUUSD,2020-04-24T15:55:00+02:00,1729.410,1729.570,1728.330,1728.820,240
SQ:XAUUSD,2020-04-24T15:56:00+02:00,1728.820,1729.250,1728.700,1728.940,135
SQ:XAUUSD,2020-04-24T15:57:00+02:00,1728.830,1729.760,1728.440,1729.330,269
SQ:XAUUSD,2020-04-24T15:58:00+02:00,1729.420,1729.630,1728.750,1728.850,264
SQ:XAUUSD,2020-04-24T15:59:00+02:00,1728.850,1728.850,1728.000,1728.180,322
SQ:XAUUSD,2020-04-24T16:00:00+02:00,1728.180,1728.790,1725.900,1727.150,376
SQ:XAUUSD,2020-04-24T16:01:00+02:00,1726.370,1727.350,1723.970,1724.650,234
SQ:XAUUSD,2020-04-24T16:02:00+02:00,1724.650,1724.850,1716.820,1717.880,602
SQ:XAUUSD,2020-04-24T16:03:00+02:00,1717.920,1719.940,1717.020,1717.210,311
SQ:XAUUSD,2020-04-24T16:04:00+02:00,1717.210,1719.190,1715.270,1719.130,390
SQ:XAUUSD,2020-04-24T16:05:00+02:00,1719.110,1719.500,1717.370,1718.280,305
SQ:XAUUSD,2020-04-24T16:06:00+02:00,1718.100,1718.650,1715.420,1717.700,272
SQ:XAUUSD,2020-04-24T16:07:00+02:00,1717.600,1718.850,1716.530,1717.390,162
SQ:XAUUSD,2020-04-24T16:08:00+02:00,1718.700,1721.450,1718.120,1720.020,218
SQ:XAUUSD,2020-04-24T16:09:00+02:00,1720.020,1720.540,1719.080,1719.370,368
SQ:XAUUSD,2020-04-24T16:10:00+02:00,1719.180,1719.620,1716.580,1716.580,301
SQ:XAUUSD,2020-04-24T16:11:00+02:00,1716.610,1718.190,1716.440,1717.800,170
SQ:XAUUSD,2020-04-24T16:12:00+02:00,1717.830,1719.550,1717.750,1718.200,173
SQ:XAUUSD,2020-04-24T16:13:00+02:00,1718.200,1720.410,1717.730,1720.200,198
SQ:XAUUSD,2020-04-24T16:14:00+02:00,1720.240,1720.620,1718.760,1719.590,245
SQ:XAUUSD,2020-04-24T16:15:00+02:00,1719.590,1721.540,1719.590,1720.560,216
SQ:XAUUSD,2020-04-24T16:16:00+02:00,1720.510,1720.810,1719.070,1719.560,206
SQ:XAUUSD,2020-04-24T16:17:00+02:00,1719.500,1720.290,1717.960,1718.740,260
SQ:XAUUSD,2020-04-24T16:18:00+02:00,1718.740,1719.560,1718.430,1719.210,222
SQ:XAUUSD,2020-04-24T16:19:00+02:00,1719.210,1722.150,1719.210,1721.590,504
SQ:XAUUSD,2020-04-24T16:20:00+02:00,1721.590,1723.340,1721.490,1722.200,327
SQ:XAUUSD,2020-04-24T16:21:00+02:00,1722.200,1722.950,1721.530,1722.910,175
SQ:XAUUSD,2020-04-24T16:22:00+02:00,1722.910,1723.270,1722.040,1722.150,199
SQ:XAUUSD,2020-04-24T16:23:00+02:00,1722.150,1722.260,1719.450,1720.900,187
SQ:XAUUSD,2020-04-24T16:24:00+02:00,1720.860,1721.690,1720.250,1721.260,160
SQ:XAUUSD,2020-04-24T16:25:00+02:00,1721.300,1723.250,1721.300,1722.320,280
SQ:XAUUSD,2020-04-24T16:26:00+02:00,1722.330,1722.630,1721.720,1722.160,168
SQ:XAUUSD,2020-04-24T16:27:00+02:00,1722.160,1723.140,1721.810,1723.020,182
SQ:XAUUSD,2020-04-24T16:28:00+02:00,1723.090,1723.550,1722.240,1723.110,135
SQ:XAUUSD,2020-04-24T16:29:00+02:00,1723.110,1724.270,1722.450,1723.260,223
SQ:XAUUSD,2020-04-24T16:30:00+02:00,1723.430,1725.160,1721.120,1724.990,380
SQ:XAUUSD,2020-04-24T16:31:00+02:00,1724.980,1725.710,1724.310,1725.600,172
SQ:XAUUSD,2020-04-24T16:32:00+02:00,1725.610,1725.950,1723.334,1723.700,200
SQ:XAUUSD,2020-04-24T16:33:00+02:00,1723.650,1725.386,1723.580,1724.890,374
SQ:XAUUSD,2020-04-24T16:34:00+02:00,1724.890,1725.690,1724.000,1724.960,173
SQ:XAUUSD,2020-04-24T16:35:00+02:00,1724.960,1725.640,1724.320,1724.880,147
SQ:XAUUSD,2020-04-24T16:36:00+02:00,1724.880,1725.420,1723.880,1725.150,282
SQ:XAUUSD,2020-04-24T16:37:00+02:00,1725.150,1725.450,1724.500,1724.940,284
SQ:XAUUSD,2020-04-24T16:38:00+02:00,1724.940,1725.060,1724.150,1724.460,276
SQ:XAUUSD,2020-04-24T16:39:00+02:00,1724.490,1724.580,1723.410,1724.270,358
SQ:XAUUSD,2020-04-24T16:40:00+02:00,1724.290,1724.732,1723.790,1723.840,363
SQ:XAUUSD,2020-04-24T16:41:00+02:00,1723.840,1724.420,1723.248,1724.110,268
SQ:XAUUSD,2020-04-24T16:42:00+02:00,1724.040,1724.830,1723.920,1724.730,224
SQ:XAUUSD,2020-04-24T16:43:00+02:00,1724.730,1724.810,1723.990,1724.120,229
SQ:XAUUSD,2020-04-24T16:44:00+02:00,1724.140,1724.170,1723.550,1723.810,219
SQ:XAUUSD,2020-04-24T16:45:00+02:00,1723.750,1724.130,1722.710,1722.800,302
SQ:XAUUSD,2020-04-24T16:46:00+02:00,1722.800,1723.250,1721.290,1722.910,470
SQ:XAUUSD,2020-04-24T16:47:00+02:00,1722.920,1724.080,1722.870,1723.460,308
SQ:XAUUSD,2020-04-24T16:48:00+02:00,1723.870,1724.840,1723.130,1724.166,347
SQ:XAUUSD,2020-04-24T16:49:00+02:00,1724.166,1724.910,1723.900,1724.130,287
SQ:XAUUSD,2020-04-24T16:50:00+02:00,1724.060,1725.420,1723.988,1724.770,297
SQ:XAUUSD,2020-04-24T16:51:00+02:00,1724.770,1725.360,1724.580,1725.200,210
SQ:XAUUSD,2020-04-24T16:52:00+02:00,1725.200,1725.240,1724.230,1724.620,257
SQ:XAUUSD,2020-04-24T16:53:00+02:00,1724.640,1724.740,1723.500,1724.490,342
SQ:XAUUSD,2020-04-24T16:54:00+02:00,1724.420,1725.100,1724.350,1724.920,178
SQ:XAUUSD,2020-04-24T16:55:00+02:00,1725.010,1725.140,1723.940,1724.340,288
SQ:XAUUSD,2020-04-24T16:56:00+02:00,1724.230,1725.010,1723.750,1724.730,277
SQ:XAUUSD,2020-04-24T16:57:00+02:00,1724.730,1724.970,1724.160,1724.700,293
SQ:XAUUSD,2020-04-24T16:58:00+02:00,1724.700,1724.730,1724.180,1724.520,310
SQ:XAUUSD,2020-04-24T16:59:00+02:00,1724.530,1724.870,1724.070,1724.800,282
SQ:XAUUSD,2020-04-24T17:00:00+02:00,1724.830,1724.860,1723.600,1724.160,360
SQ:XAUUSD,2020-04-24T17:01:00+02:00,1724.130,1724.200,1722.840,1722.870,375
SQ:XAUUSD,2020-04-24T17:02:00+02:00,1722.820,1723.820,1720.760,1720.800,356
SQ:XAUUSD,2020-04-24T17:03:00+02:00,1720.800,1721.990,1720.270,1720.550,344
SQ:XAUUSD,2020-04-24T17:04:00+02:00,1720.550,1720.840,1718.620,1719.990,339
SQ:XAUUSD,2020-04-24T17:05:00+02:00,1719.920,1722.120,1719.430,1721.840,400
SQ:XAUUSD,2020-04-24T17:06:00+02:00,1721.840,1722.410,1721.020,1721.490,236
SQ:XAUUSD,2020-04-24T17:07:00+02:00,1721.580,1721.950,1720.720,1721.650,244
SQ:XAUUSD,2020-04-24T17:08:00+02:00,1721.660,1721.850,1720.720,1721.190,190
SQ:XAUUSD,2020-04-24T17:09:00+02:00,1721.340,1721.580,1720.500,1720.660,266
SQ:XAUUSD,2020-04-24T17:10:00+02:00,1720.660,1720.680,1717.930,1718.990,211
SQ:XAUUSD,2020-04-24T17:11:00+02:00,1718.990,1718.990,1716.060,1716.540,404
SQ:XAUUSD,2020-04-24T17:12:00+02:00,1716.540,1718.160,1716.370,1717.070,300
SQ:XAUUSD,2020-04-24T17:13:00+02:00,1717.100,1718.850,1716.840,1718.850,198
SQ:XAUUSD,2020-04-24T17:14:00+02:00,1718.850,1718.970,1717.610,1718.720,291
SQ:XAUUSD,2020-04-24T17:15:00+02:00,1718.730,1719.280,1717.870,1717.900,283
SQ:XAUUSD,2020-04-24T17:16:00+02:00,1718.100,1718.470,1717.470,1717.620,324
SQ:XAUUSD,2020-04-24T17:17:00+02:00,1717.620,1717.920,1715.410,1715.410,258
SQ:XAUUSD,2020-04-24T17:18:00+02:00,1715.410,1715.940,1714.370,1714.730,300
SQ:XAUUSD,2020-04-24T17:19:00+02:00,1714.730,1714.870,1712.600,1713.360,243
SQ:XAUUSD,2020-04-24T17:20:00+02:00,1713.360,1715.970,1713.320,1715.060,241
SQ:XAUUSD,2020-04-24T17:21:00+02:00,1715.060,1716.670,1714.620,1715.510,186
SQ:XAUUSD,2020-04-24T17:22:00+02:00,1715.420,1716.460,1714.930,1716.260,142
SQ:XAUUSD,2020-04-24T17:23:00+02:00,1716.260,1716.900,1715.430,1716.480,139
SQ:XAUUSD,2020-04-24T17:24:00+02:00,1716.480,1716.480,1715.050,1715.900,129
SQ:XAUUSD,2020-04-24T17:25:00+02:00,1715.900,1717.140,1715.510,1716.150,175
SQ:XAUUSD,2020-04-24T17:26:00+02:00,1716.150,1717.290,1716.150,1716.950,256
SQ:XAUUSD,2020-04-24T17:27:00+02:00,1716.940,1717.350,1715.780,1716.600,340
SQ:XAUUSD,2020-04-24T17:28:00+02:00,1716.520,1717.050,1715.980,1716.050,202
SQ:XAUUSD,2020-04-24T17:29:00+02:00,1716.130,1716.130,1715.110,1715.460,193
SQ:XAUUSD,2020-04-24T17:30:00+02:00,1715.530,1715.560,1713.960,1714.110,280
SQ:XAUUSD,2020-04-24T17:31:00+02:00,1714.210,1715.150,1713.580,1714.950,170
SQ:XAUUSD,2020-04-24T17:32:00+02:00,1715.000,1715.000,1713.800,1713.930,163
SQ:XAUUSD,2020-04-24T17:33:00+02:00,1713.980,1715.010,1713.580,1713.870,212
SQ:XAUUSD,2020-04-24T17:34:00+02:00,1713.870,1714.390,1713.540,1713.970,325
SQ:XAUUSD,2020-04-24T17:35:00+02:00,1714.000,1714.680,1713.810,1713.990,196
SQ:XAUUSD,2020-04-24T17:36:00+02:00,1713.990,1714.730,1713.510,1714.170,96
SQ:XAUUSD,2020-04-24T17:37:00+02:00,1714.220,1715.090,1713.900,1714.250,159
SQ:XAUUSD,2020-04-24T17:38:00+02:00,1714.250,1714.260,1713.230,1713.560,134
SQ:XAUUSD,2020-04-24T17:39:00+02:00,1713.500,1713.660,1712.190,1712.190,199
SQ:XAUUSD,2020-04-24T17:40:00+02:00,1712.190,1712.720,1710.680,1710.900,410
SQ:XAUUSD,2020-04-24T17:41:00+02:00,1711.230,1712.040,1710.740,1711.310,339
SQ:XAUUSD,2020-04-24T17:42:00+02:00,1711.272,1711.730,1710.610,1711.210,183
SQ:XAUUSD,2020-04-24T17:43:00+02:00,1711.210,1711.560,1711.010,1711.470,96
SQ:XAUUSD,2020-04-24T17:44:00+02:00,1711.470,1713.710,1711.470,1712.980,286
SQ:XAUUSD,2020-04-24T17:45:00+02:00,1712.980,1713.610,1712.690,1713.170,167
SQ:XAUUSD,2020-04-24T17:46:00+02:00,1713.170,1714.130,1712.580,1713.060,184
SQ:XAUUSD,2020-04-24T17:47:00+02:00,1713.010,1713.010,1711.230,1711.370,165
SQ:XAUUSD,2020-04-24T17:48:00+02:00,1711.370,1712.350,1711.260,1711.730,345
SQ:XAUUSD,2020-04-24T17:49:00+02:00,1711.850,1713.210,1711.570,1712.470,330
SQ:XAUUSD,2020-04-24T17:50:00+02:00,1712.470,1714.050,1712.470,1713.430,300
SQ:XAUUSD,2020-04-24T17:51:00+02:00,1713.430,1713.670,1712.440,1712.760,188
SQ:XAUUSD,2020-04-24T17:52:00+02:00,1712.760,1712.880,1711.580,1712.080,133
SQ:XAUUSD,2020-04-24T17:53:00+02:00,1712.050,1713.250,1711.830,1711.950,104
SQ:XAUUSD,2020-04-24T17:54:00+02:00,1711.950,1712.640,1711.920,1712.100,129
SQ:XAUUSD,2020-04-24T17:55:00+02:00,1712.100,1712.250,1710.580,1710.640,133
SQ:XAUUSD,2020-04-24T17:56:00+02:00,1710.640,1711.470,1710.230,1711.040,200
SQ:XAUUSD,2020-04-24T17:57:00+02:00,1711.040,1712.030,1710.830,1711.700,269
SQ:XAUUSD,2020-04-24T17:58:00+02:00,1711.620,1712.140,1710.820,1711.930,217
SQ:XAUUSD,2020-04-24T17:59:00+02:00,1711.930,1712.780,1711.930,1712.350,307
SQ:XAUUSD,2020-04-24T18:00:00+02:00,1712.350,1712.650,1712.150,1712.570,256
SQ:XAUUSD,2020-04-24T18:01:00+02:00,1712.570,1713.360,1712.130,1713.150,234
SQ:XAUUSD,2020-04-24T18:02:00+02:00,1713.160,1713.546,1712.410,1712.950,225
SQ:XAUUSD,2020-04-24T18:03:00+02:00,1712.950,1713.300,1712.690,1713.110,125
SQ:XAUUSD,2020-04-24T18:04:00+02:00,1713.110,1713.860,1713.060,1713.830,57
SQ:XAUUSD,2020-04-24T18:05:00+02:00,1713.830,1715.050,1713.150,1714.980,256
SQ:XAUUSD,2020-04-24T18:06:00+02:00,1714.980,1715.920,1714.650,1715.310,429
SQ:XAUUSD,2020-04-24T18:07:00+02:00,1715.420,1715.650,1714.460,1714.990,282
SQ:XAUUSD,2020-04-24T18:08:00+02:00,1714.990,1715.470,1714.790,1715.190,81
SQ:XAUUSD,2020-04-24T18:09:00+02:00,1715.190,1715.670,1715.010,1715.550,68
SQ:XAUUSD,2020-04-24T18:10:00+02:00,1715.550,1715.680,1715.040,1715.140,30
SQ:XAUUSD,2020-04-24T18:11:00+02:00,1715.140,1715.240,1714.400,1714.760,60
SQ:XAUUSD,2020-04-24T18:12:00+02:00,1714.760,1715.410,1714.760,1715.380,47
SQ:XAUUSD,2020-04-24T18:13:00+02:00,1715.400,1715.436,1714.810,1715.300,148
SQ:XAUUSD,2020-04-24T18:14:00+02:00,1715.250,1715.290,1714.010,1714.354,293
SQ:XAUUSD,2020-04-24T18:15:00+02:00,1714.390,1714.690,1714.190,1714.510,69
SQ:XAUUSD,2020-04-24T18:16:00+02:00,1714.510,1715.740,1714.500,1715.460,87
SQ:XAUUSD,2020-04-24T18:17:00+02:00,1715.530,1717.200,1715.530,1717.170,196
SQ:XAUUSD,2020-04-24T18:18:00+02:00,1717.180,1717.630,1715.640,1716.030,160
SQ:XAUUSD,2020-04-24T18:19:00+02:00,1716.030,1716.080,1714.940,1714.950,150
SQ:XAUUSD,2020-04-24T18:20:00+02:00,1714.950,1715.330,1713.400,1713.400,383
SQ:XAUUSD,2020-04-24T18:21:00+02:00,1713.450,1714.920,1713.450,1714.410,269
SQ:XAUUSD,2020-04-24T18:22:00+02:00,1714.450,1714.460,1713.410,1714.280,291
SQ:XAUUSD,2020-04-24T18:23:00+02:00,1714.310,1714.700,1713.650,1713.950,333
SQ:XAUUSD,2020-04-24T18:24:00+02:00,1713.960,1714.780,1713.660,1714.300,273
SQ:XAUUSD,2020-04-24T18:25:00+02:00,1714.330,1714.950,1713.280,1714.050,187
SQ:XAUUSD,2020-04-24T18:26:00+02:00,1713.990,1714.750,1713.420,1714.540,233
SQ:XAUUSD,2020-04-24T18:27:00+02:00,1714.580,1715.310,1714.370,1714.610,242
SQ:XAUUSD,2020-04-24T18:28:00+02:00,1714.720,1715.680,1714.630,1715.400,182
SQ:XAUUSD,2020-04-24T18:29:00+02:00,1715.410,1716.030,1715.290,1715.880,134
SQ:XAUUSD,2020-04-24T18:30:00+02:00,1715.870,1716.670,1714.830,1715.950,327
SQ:XAUUSD,2020-04-24T18:31:00+02:00,1716.090,1716.320,1715.170,1716.180,186
SQ:XAUUSD,2020-04-24T18:32:00+02:00,1716.200,1716.560,1715.680,1716.320,188
SQ:XAUUSD,2020-04-24T18:33:00+02:00,1716.310,1716.690,1715.460,1715.750,168
SQ:XAUUSD,2020-04-24T18:34:00+02:00,1715.770,1716.430,1715.620,1716.350,165
SQ:XAUUSD,2020-04-24T18:35:00+02:00,1716.370,1716.610,1715.860,1716.560,112
SQ:XAUUSD,2020-04-24T18:36:00+02:00,1716.660,1716.850,1716.120,1716.250,170
SQ:XAUUSD,2020-04-24T18:37:00+02:00,1716.290,1717.120,1715.730,1717.010,177
SQ:XAUUSD,2020-04-24T18:38:00+02:00,1717.100,1717.490,1716.820,1717.390,194
SQ:XAUUSD,2020-04-24T18:39:00+02:00,1717.390,1719.010,1717.330,1718.240,192
SQ:XAUUSD,2020-04-24T18:40:00+02:00,1718.320,1718.500,1717.420,1717.880,242
SQ:XAUUSD,2020-04-24T18:41:00+02:00,1717.910,1718.810,1717.300,1718.790,207
SQ:XAUUSD,2020-04-24T18:42:00+02:00,1718.790,1718.830,1718.280,1718.470,65
SQ:XAUUSD,2020-04-24T18:43:00+02:00,1718.470,1719.080,1718.470,1718.770,111
SQ:XAUUSD,2020-04-24T18:44:00+02:00,1718.770,1719.080,1718.030,1718.090,60
SQ:XAUUSD,2020-04-24T18:45:00+02:00,1718.040,1718.920,1717.680,1718.300,91
SQ:XAUUSD,2020-04-24T18:46:00+02:00,1718.260,1720.210,1718.130,1719.790,189
SQ:XAUUSD,2020-04-24T18:47:00+02:00,1719.790,1720.530,1719.560,1720.080,97
SQ:XAUUSD,2020-04-24T18:48:00+02:00,1719.930,1721.370,1719.930,1720.310,183
SQ:XAUUSD,2020-04-24T18:49:00+02:00,1720.270,1720.310,1718.700,1718.890,149
SQ:XAUUSD,2020-04-24T18:50:00+02:00,1718.940,1720.462,1718.940,1720.290,188
SQ:XAUUSD,2020-04-24T18:51:00+02:00,1720.290,1720.290,1718.920,1718.960,117
SQ:XAUUSD,2020-04-24T18:52:00+02:00,1718.960,1719.090,1718.090,1718.860,82
SQ:XAUUSD,2020-04-24T18:53:00+02:00,1718.860,1718.950,1717.740,1718.320,238
SQ:XAUUSD,2020-04-24T18:54:00+02:00,1718.320,1718.370,1717.690,1718.230,149
SQ:XAUUSD,2020-04-24T18:55:00+02:00,1718.230,1719.370,1718.200,1718.500,72
SQ:XAUUSD,2020-04-24T18:56:00+02:00,1718.500,1718.530,1717.960,1718.120,105
SQ:XAUUSD,2020-04-24T18:57:00+02:00,1718.120,1719.010,1718.020,1718.910,196
SQ:XAUUSD,2020-04-24T18:58:00+02:00,1718.980,1718.980,1717.230,1718.080,438
SQ:XAUUSD,2020-04-24T18:59:00+02:00,1718.130,1718.910,1717.410,1718.060,273
SQ:XAUUSD,2020-04-24T19:00:00+02:00,1718.030,1718.220,1717.170,1717.510,236
SQ:XAUUSD,2020-04-24T19:01:00+02:00,1717.550,1717.960,1717.140,1717.650,266
SQ:XAUUSD,2020-04-24T19:02:00+02:00,1717.650,1717.960,1717.430,1717.930,64
SQ:XAUUSD,2020-04-24T19:03:00+02:00,1717.930,1718.230,1716.360,1716.630,83
SQ:XAUUSD,2020-04-24T19:04:00+02:00,1716.630,1717.930,1716.510,1717.560,88
SQ:XAUUSD,2020-04-24T19:05:00+02:00,1717.450,1717.640,1717.180,1717.420,44
SQ:XAUUSD,2020-04-24T19:06:00+02:00,1717.420,1717.550,1716.630,1716.900,83
SQ:XAUUSD,2020-04-24T19:07:00+02:00,1716.900,1716.970,1716.600,1716.740,32
SQ:XAUUSD,2020-04-24T19:08:00+02:00,1716.740,1718.050,1716.586,1717.790,78
SQ:XAUUSD,2020-04-24T19:09:00+02:00,1717.820,1719.240,1717.760,1718.370,96
SQ:XAUUSD,2020-04-24T19:10:00+02:00,1718.370,1718.870,1717.496,1718.830,166
SQ:XAUUSD,2020-04-24T19:11:00+02:00,1718.730,1719.140,1718.440,1718.830,206
SQ:XAUUSD,2020-04-24T19:12:00+02:00,1718.870,1719.130,1717.910,1718.510,246
SQ:XAUUSD,2020-04-24T19:13:00+02:00,1718.510,1719.060,1718.190,1718.580,281
SQ:XAUUSD,2020-04-24T19:14:00+02:00,1718.560,1718.990,1718.110,1718.570,171
SQ:XAUUSD,2020-04-24T19:15:00+02:00,1718.540,1718.630,1717.370,1718.100,272
SQ:XAUUSD,2020-04-24T19:16:00+02:00,1718.180,1718.370,1717.430,1718.120,271
SQ:XAUUSD,2020-04-24T19:17:00+02:00,1718.160,1718.510,1717.590,1718.210,245
SQ:XAUUSD,2020-04-24T19:18:00+02:00,1718.250,1718.870,1717.670,1718.730,244
SQ:XAUUSD,2020-04-24T19:19:00+02:00,1718.750,1718.820,1718.040,1718.740,127
SQ:XAUUSD,2020-04-24T19:20:00+02:00,1718.740,1719.340,1718.590,1719.120,124
SQ:XAUUSD,2020-04-24T19:21:00+02:00,1719.120,1719.460,1718.590,1718.730,160
SQ:XAUUSD,2020-04-24T19:22:00+02:00,1718.730,1719.650,1718.730,1719.080,191
SQ:XAUUSD,2020-04-24T19:23:00+02:00,1719.150,1720.150,1719.020,1719.900,135
SQ:XAUUSD,2020-04-24T19:24:00+02:00,1719.900,1721.020,1719.890,1720.500,294
SQ:XAUUSD,2020-04-24T19:25:00+02:00,1720.500,1721.410,1719.890,1720.240,154
SQ:XAUUSD,2020-04-24T19:26:00+02:00,1720.280,1720.810,1720.150,1720.470,226
SQ:XAUUSD,2020-04-24T19:27:00+02:00,1720.470,1721.280,1719.890,1720.960,173
SQ:XAUUSD,2020-04-24T19:28:00+02:00,1720.960,1720.960,1719.510,1719.730,197
SQ:XAUUSD,2020-04-24T19:29:00+02:00,1719.760,1721.100,1718.940,1719.600,452
SQ:XAUUSD,2020-04-24T19:30:00+02:00,1719.620,1720.460,1719.000,1720.260,199
SQ:XAUUSD,2020-04-24T19:31:00+02:00,1720.260,1720.390,1719.310,1719.460,212
SQ:XAUUSD,2020-04-24T19:32:00+02:00,1719.460,1719.850,1719.150,1719.300,254
SQ:XAUUSD,2020-04-24T19:33:00+02:00,1719.300,1720.460,1719.190,1720.210,261
SQ:XAUUSD,2020-04-24T19:34:00+02:00,1720.240,1720.850,1720.090,1720.830,210
SQ:XAUUSD,2020-04-24T19:35:00+02:00,1720.800,1721.000,1720.260,1720.920,163
SQ:XAUUSD,2020-04-24T19:36:00+02:00,1720.960,1721.040,1720.690,1720.990,202
SQ:XAUUSD,2020-04-24T19:37:00+02:00,1721.070,1722.264,1720.930,1722.010,263
SQ:XAUUSD,2020-04-24T19:38:00+02:00,1722.060,1722.060,1721.040,1721.680,197
SQ:XAUUSD,2020-04-24T19:39:00+02:00,1721.650,1722.010,1720.780,1721.530,183
SQ:XAUUSD,2020-04-24T19:40:00+02:00,1721.530,1722.200,1721.520,1722.050,323
SQ:XAUUSD,2020-04-24T19:41:00+02:00,1722.090,1723.300,1722.040,1723.190,169
SQ:XAUUSD,2020-04-24T19:42:00+02:00,1723.190,1723.760,1722.906,1723.230,140
SQ:XAUUSD,2020-04-24T19:43:00+02:00,1723.230,1723.380,1722.480,1722.490,92
SQ:XAUUSD,2020-04-24T19:44:00+02:00,1722.490,1723.040,1722.310,1722.890,111
SQ:XAUUSD,2020-04-24T19:45:00+02:00,1722.890,1723.042,1722.430,1722.590,165
SQ:XAUUSD,2020-04-24T19:46:00+02:00,1722.590,1722.946,1721.572,1721.920,354
SQ:XAUUSD,2020-04-24T19:47:00+02:00,1721.576,1722.448,1721.576,1722.220,234
SQ:XAUUSD,2020-04-24T19:48:00+02:00,1722.220,1722.696,1721.970,1722.420,158
SQ:XAUUSD,2020-04-24T19:49:00+02:00,1722.420,1722.794,1722.060,1722.460,172
SQ:XAUUSD,2020-04-24T19:50:00+02:00,1722.300,1722.700,1721.782,1722.300,163
SQ:XAUUSD,2020-04-24T19:51:00+02:00,1722.320,1722.606,1721.890,1722.110,205
SQ:XAUUSD,2020-04-24T19:52:00+02:00,1722.110,1722.244,1721.196,1721.932,275
SQ:XAUUSD,2020-04-24T19:53:00+02:00,1721.962,1722.844,1721.770,1722.570,149
SQ:XAUUSD,2020-04-24T19:54:00+02:00,1722.570,1722.650,1721.920,1722.460,198
SQ:XAUUSD,2020-04-24T19:55:00+02:00,1722.460,1723.120,1722.020,1722.910,246
SQ:XAUUSD,2020-04-24T19:56:00+02:00,1722.910,1724.094,1722.640,1723.672,291
SQ:XAUUSD,2020-04-24T19:57:00+02:00,1723.530,1724.620,1723.090,1724.450,162
SQ:XAUUSD,2020-04-24T19:58:00+02:00,1724.450,1724.820,1723.850,1724.560,247
SQ:XAUUSD,2020-04-24T19:59:00+02:00,1724.560,1724.710,1723.240,1723.630,262
SQ:XAUUSD,2020-04-24T20:00:00+02:00,1723.520,1724.250,1723.030,1724.120,215
SQ:XAUUSD,2020-04-24T20:01:00+02:00,1724.120,1724.200,1723.280,1723.310,207
SQ:XAUUSD,2020-04-24T20:02:00+02:00,1723.470,1723.780,1723.100,1723.700,181
SQ:XAUUSD,2020-04-24T20:03:00+02:00,1723.730,1724.850,1723.660,1724.490,230
SQ:XAUUSD,2020-04-24T20:04:00+02:00,1724.490,1724.690,1723.680,1724.020,233
SQ:XAUUSD,2020-04-24T20:05:00+02:00,1724.120,1724.760,1723.770,1724.160,248
SQ:XAUUSD,2020-04-24T20:06:00+02:00,1724.000,1724.540,1723.780,1724.490,213
SQ:XAUUSD,2020-04-24T20:07:00+02:00,1724.520,1724.800,1723.550,1724.390,239
SQ:XAUUSD,2020-04-24T20:08:00+02:00,1724.390,1724.450,1723.470,1723.750,56
SQ:XAUUSD,2020-04-24T20:09:00+02:00,1723.750,1723.860,1723.070,1723.480,144
SQ:XAUUSD,2020-04-24T20:10:00+02:00,1723.480,1723.730,1723.040,1723.260,257
SQ:XAUUSD,2020-04-24T20:11:00+02:00,1723.200,1723.500,1722.730,1723.330,232
SQ:XAUUSD,2020-04-24T20:12:00+02:00,1722.930,1723.840,1722.830,1723.300,205
SQ:XAUUSD,2020-04-24T20:13:00+02:00,1723.290,1723.870,1722.960,1723.460,188
SQ:XAUUSD,2020-04-24T20:14:00+02:00,1723.460,1723.760,1723.030,1723.680,197
SQ:XAUUSD,2020-04-24T20:15:00+02:00,1723.280,1723.760,1722.920,1723.670,185
SQ:XAUUSD,2020-04-24T20:16:00+02:00,1723.670,1724.010,1723.140,1723.860,179
SQ:XAUUSD,2020-04-24T20:17:00+02:00,1723.860,1724.560,1723.530,1724.470,163
SQ:XAUUSD,2020-04-24T20:18:00+02:00,1724.470,1724.510,1723.840,1724.290,64
SQ:XAUUSD,2020-04-24T20:19:00+02:00,1724.320,1724.690,1723.620,1724.100,101
SQ:XAUUSD,2020-04-24T20:20:00+02:00,1724.100,1724.710,1722.620,1723.250,296
SQ:XAUUSD,2020-04-24T20:21:00+02:00,1723.250,1723.290,1721.352,1722.120,306
SQ:XAUUSD,2020-04-24T20:22:00+02:00,1722.020,1722.640,1721.650,1721.880,315
SQ:XAUUSD,2020-04-24T20:23:00+02:00,1721.910,1722.420,1721.720,1722.290,148
SQ:XAUUSD,2020-04-24T20:24:00+02:00,1722.290,1723.560,1722.030,1723.260,123
SQ:XAUUSD,2020-04-24T20:25:00+02:00,1723.260,1723.490,1722.684,1723.280,100
SQ:XAUUSD,2020-04-24T20:26:00+02:00,1723.280,1723.590,1722.110,1722.150,233
SQ:XAUUSD,2020-04-24T20:27:00+02:00,1722.450,1723.140,1722.050,1722.990,221
SQ:XAUUSD,2020-04-24T20:28:00+02:00,1723.080,1723.920,1722.690,1723.140,215
SQ:XAUUSD,2020-04-24T20:29:00+02:00,1723.130,1723.890,1722.880,1723.770,156
SQ:XAUUSD,2020-04-24T20:30:00+02:00,1723.770,1724.880,1723.520,1724.800,216
SQ:XAUUSD,2020-04-24T20:31:00+02:00,1724.840,1725.940,1724.780,1725.780,141
SQ:XAUUSD,2020-04-24T20:32:00+02:00,1725.780,1725.940,1725.290,1725.590,229
SQ:XAUUSD,2020-04-24T20:33:00+02:00,1725.590,1725.678,1724.660,1724.984,211
SQ:XAUUSD,2020-04-24T20:34:00+02:00,1724.740,1725.450,1724.530,1724.710,176
SQ:XAUUSD,2020-04-24T20:35:00+02:00,1724.710,1725.270,1724.480,1725.110,61
SQ:XAUUSD,2020-04-24T20:36:00+02:00,1724.996,1725.580,1724.810,1725.030,108
SQ:XAUUSD,2020-04-24T20:37:00+02:00,1725.030,1725.230,1724.280,1724.290,112
SQ:XAUUSD,2020-04-24T20:38:00+02:00,1724.290,1725.190,1724.290,1724.990,64
SQ:XAUUSD,2020-04-24T20:39:00+02:00,1724.990,1725.740,1724.590,1725.690,54
SQ:XAUUSD,2020-04-24T20:40:00+02:00,1725.680,1725.690,1724.510,1724.950,45
SQ:XAUUSD,2020-04-24T20:41:00+02:00,1724.890,1725.390,1724.390,1725.190,31
SQ:XAUUSD,2020-04-24T20:42:00+02:00,1725.190,1725.370,1724.380,1725.290,67
SQ:XAUUSD,2020-04-24T20:43:00+02:00,1725.290,1725.290,1725.000,1725.250,30
SQ:XAUUSD,2020-04-24T20:44:00+02:00,1725.000,1725.540,1724.730,1725.160,67
SQ:XAUUSD,2020-04-24T20:45:00+02:00,1725.140,1725.720,1724.810,1725.210,149
SQ:XAUUSD,2020-04-24T20:46:00+02:00,1725.120,1725.690,1724.880,1725.100,84
SQ:XAUUSD,2020-04-24T20:47:00+02:00,1725.124,1725.232,1724.820,1724.820,55
SQ:XAUUSD,2020-04-24T20:48:00+02:00,1724.870,1725.258,1724.820,1724.870,93
SQ:XAUUSD,2020-04-24T20:49:00+02:00,1724.870,1724.920,1724.130,1724.360,183
SQ:XAUUSD,2020-04-24T20:50:00+02:00,1724.360,1724.400,1723.230,1723.600,269
SQ:XAUUSD,2020-04-24T20:51:00+02:00,1723.600,1724.150,1723.340,1724.150,167
SQ:XAUUSD,2020-04-24T20:52:00+02:00,1724.150,1724.380,1723.700,1724.170,52
SQ:XAUUSD,2020-04-24T20:53:00+02:00,1724.170,1724.170,1723.720,1723.960,71
SQ:XAUUSD,2020-04-24T20:54:00+02:00,1723.960,1723.980,1722.980,1723.370,159
SQ:XAUUSD,2020-04-24T20:55:00+02:00,1723.390,1723.542,1721.550,1722.140,258
SQ:XAUUSD,2020-04-24T20:56:00+02:00,1722.270,1723.110,1722.100,1722.590,165
SQ:XAUUSD,2020-04-24T20:57:00+02:00,1722.590,1723.812,1722.540,1723.772,242
SQ:XAUUSD,2020-04-24T20:58:00+02:00,1723.380,1724.050,1723.370,1723.740,142
SQ:XAUUSD,2020-04-24T20:59:00+02:00,1723.740,1724.430,1723.730,1723.950,171
SQ:XAUUSD,2020-04-24T21:00:00+02:00,1723.860,1724.070,1723.130,1723.620,295
SQ:XAUUSD,2020-04-24T21:01:00+02:00,1723.620,1723.820,1723.330,1723.770,97
SQ:XAUUSD,2020-04-24T21:02:00+02:00,1723.720,1724.190,1723.630,1723.820,117
SQ:XAUUSD,2020-04-24T21:03:00+02:00,1723.820,1724.650,1723.820,1724.340,130
SQ:XAUUSD,2020-04-24T21:04:00+02:00,1724.340,1724.812,1724.200,1724.812,113
SQ:XAUUSD,2020-04-24T21:05:00+02:00,1724.912,1725.052,1724.380,1724.472,136
SQ:XAUUSD,2020-04-24T21:06:00+02:00,1724.472,1724.754,1723.784,1724.532,173
SQ:XAUUSD,2020-04-24T21:07:00+02:00,1724.524,1724.524,1723.960,1723.970,86
SQ:XAUUSD,2020-04-24T21:08:00+02:00,1723.960,1724.612,1723.770,1724.090,234
SQ:XAUUSD,2020-04-24T21:09:00+02:00,1724.090,1724.500,1724.050,1724.340,298
SQ:XAUUSD,2020-04-24T21:10:00+02:00,1724.350,1724.740,1724.250,1724.540,108
SQ:XAUUSD,2020-04-24T21:11:00+02:00,1724.540,1724.540,1723.560,1724.350,263
SQ:XAUUSD,2020-04-24T21:12:00+02:00,1724.070,1724.470,1723.310,1723.480,147
SQ:XAUUSD,2020-04-24T21:13:00+02:00,1723.420,1723.560,1722.860,1723.500,168
SQ:XAUUSD,2020-04-24T21:14:00+02:00,1723.520,1724.340,1723.460,1724.120,70
SQ:XAUUSD,2020-04-24T21:15:00+02:00,1724.140,1724.180,1723.880,1724.120,31
SQ:XAUUSD,2020-04-24T21:16:00+02:00,1724.120,1724.320,1723.980,1724.150,63
SQ:XAUUSD,2020-04-24T21:17:00+02:00,1724.140,1724.420,1723.930,1723.980,77
SQ:XAUUSD,2020-04-24T21:18:00+02:00,1723.970,1724.230,1723.780,1724.230,61
SQ:XAUUSD,2020-04-24T21:19:00+02:00,1724.250,1724.280,1724.020,1724.030,27
SQ:XAUUSD,2020-04-24T21:20:00+02:00,1724.030,1724.280,1723.830,1724.100,44
SQ:XAUUSD,2020-04-24T21:21:00+02:00,1724.100,1724.610,1723.990,1724.360,36
SQ:XAUUSD,2020-04-24T21:22:00+02:00,1724.380,1724.620,1724.090,1724.270,53
SQ:XAUUSD,2020-04-24T21:23:00+02:00,1724.270,1725.140,1724.240,1724.990,86
SQ:XAUUSD,2020-04-24T21:24:00+02:00,1724.990,1726.150,1724.650,1726.080,101
SQ:XAUUSD,2020-04-24T21:25:00+02:00,1726.080,1726.270,1725.490,1725.510,51
SQ:XAUUSD,2020-04-24T21:26:00+02:00,1725.500,1726.250,1725.420,1726.180,39
SQ:XAUUSD,2020-04-24T21:27:00+02:00,1726.180,1727.100,1725.638,1726.920,102
SQ:XAUUSD,2020-04-24T21:28:00+02:00,1726.890,1726.900,1725.270,1726.090,62
SQ:XAUUSD,2020-04-24T21:29:00+02:00,1726.080,1726.230,1724.650,1726.150,97
SQ:XAUUSD,2020-04-24T21:30:00+02:00,1726.150,1726.160,1725.410,1725.870,56
SQ:XAUUSD,2020-04-24T21:31:00+02:00,1725.870,1726.540,1725.870,1725.920,75
SQ:XAUUSD,2020-04-24T21:32:00+02:00,1725.920,1726.810,1725.920,1726.500,161
SQ:XAUUSD,2020-04-24T21:33:00+02:00,1726.510,1727.070,1726.340,1726.950,136
SQ:XAUUSD,2020-04-24T21:34:00+02:00,1727.030,1727.110,1726.190,1726.560,37
SQ:XAUUSD,2020-04-24T21:35:00+02:00,1726.560,1726.620,1725.970,1726.350,27
SQ:XAUUSD,2020-04-24T21:36:00+02:00,1726.350,1726.410,1726.040,1726.240,31
SQ:XAUUSD,2020-04-24T21:37:00+02:00,1726.240,1726.290,1725.650,1726.000,39
SQ:XAUUSD,2020-04-24T21:38:00+02:00,1726.000,1726.290,1725.750,1725.950,38
SQ:XAUUSD,2020-04-24T21:39:00+02:00,1725.950,1726.570,1725.420,1725.850,41
SQ:XAUUSD,2020-04-24T21:40:00+02:00,1725.850,1725.850,1724.600,1725.660,206
SQ:XAUUSD,2020-04-24T21:41:00+02:00,1725.660,1725.870,1724.810,1725.850,113
SQ:XAUUSD,2020-04-24T21:42:00+02:00,1725.850,1725.850,1725.370,1725.470,28
SQ:XAUUSD,2020-04-24T21:43:00+02:00,1725.470,1725.680,1724.330,1725.210,265
SQ:XAUUSD,2020-04-24T21:44:00+02:00,1725.260,1725.680,1724.040,1725.180,259
SQ:XAUUSD,2020-04-24T21:45:00+02:00,1725.180,1725.400,1724.100,1725.230,187
SQ:XAUUSD,2020-04-24T21:46:00+02:00,1724.690,1725.770,1724.690,1725.550,209
SQ:XAUUSD,2020-04-24T21:47:00+02:00,1725.510,1725.990,1725.220,1725.910,136
SQ:XAUUSD,2020-04-24T21:48:00+02:00,1725.930,1725.930,1724.500,1725.750,271
SQ:XAUUSD,2020-04-24T21:49:00+02:00,1725.230,1725.740,1724.760,1724.970,167
SQ:XAUUSD,2020-04-24T21:50:00+02:00,1725.000,1725.230,1724.300,1724.380,94
SQ:XAUUSD,2020-04-24T21:51:00+02:00,1724.380,1724.480,1723.710,1724.100,85
SQ:XAUUSD,2020-04-24T21:52:00+02:00,1724.040,1724.190,1723.860,1724.040,75
SQ:XAUUSD,2020-04-24T21:53:00+02:00,1723.900,1725.420,1723.650,1725.100,191
SQ:XAUUSD,2020-04-24T21:54:00+02:00,1725.100,1725.870,1724.920,1725.870,203
SQ:XAUUSD,2020-04-24T21:55:00+02:00,1725.920,1726.410,1725.790,1726.320,91
SQ:XAUUSD,2020-04-24T21:56:00+02:00,1726.320,1726.360,1725.640,1726.260,102
SQ:XAUUSD,2020-04-24T21:57:00+02:00,1726.270,1727.490,1726.270,1727.470,201
SQ:XAUUSD,2020-04-24T21:58:00+02:00,1726.950,1727.370,1725.940,1726.850,304
SQ:XAUUSD,2020-04-24T21:59:00+02:00,1726.870,1728.010,1726.270,1728.010,362
SQ:XAUUSD,2020-04-24T22:00:00+02:00,1728.050,1728.050,1726.930,1727.120,83
SQ:XAUUSD,2020-04-24T22:01:00+02:00,1727.120,1728.490,1726.780,1727.220,106
SQ:XAUUSD,2020-04-24T22:02:00+02:00,1727.220,1728.530,1726.720,1727.440,66
SQ:XAUUSD,2020-04-24T22:03:00+02:00,1727.440,1727.480,1727.250,1727.340,23
SQ:XAUUSD,2020-04-24T22:04:00+02:00,1727.340,1727.350,1727.040,1727.040,24
SQ:XAUUSD,2020-04-24T22:05:00+02:00,1727.050,1727.250,1726.830,1727.250,20
SQ:XAUUSD,2020-04-24T22:06:00+02:00,1727.250,1727.280,1726.660,1726.660,26
SQ:XAUUSD,2020-04-24T22:07:00+02:00,1726.700,1726.750,1726.380,1726.400,34
SQ:XAUUSD,2020-04-24T22:08:00+02:00,1726.400,1726.400,1725.630,1725.890,87
SQ:XAUUSD,2020-04-24T22:09:00+02:00,1725.890,1726.080,1725.750,1725.750,16
SQ:XAUUSD,2020-04-24T22:10:00+02:00,1725.750,1726.110,1725.600,1725.860,53
SQ:XAUUSD,2020-04-24T22:11:00+02:00,1725.700,1725.880,1725.320,1725.470,32
SQ:XAUUSD,2020-04-24T22:12:00+02:00,1725.470,1726.270,1725.434,1725.970,31
SQ:XAUUSD,2020-04-24T22:13:00+02:00,1725.950,1726.372,1725.870,1726.080,42
SQ:XAUUSD,2020-04-24T22:14:00+02:00,1726.080,1726.270,1725.710,1725.822,29
SQ:XAUUSD,2020-04-24T22:15:00+02:00,1725.822,1725.910,1725.250,1725.554,32
SQ:XAUUSD,2020-04-24T22:16:00+02:00,1725.554,1725.854,1725.410,1725.854,21
SQ:XAUUSD,2020-04-24T22:17:00+02:00,1725.854,1726.110,1725.850,1726.050,21
SQ:XAUUSD,2020-04-24T22:18:00+02:00,1726.100,1726.190,1725.930,1725.930,19
SQ:XAUUSD,2020-04-24T22:19:00+02:00,1725.930,1725.930,1725.170,1725.270,28
SQ:XAUUSD,2020-04-24T22:20:00+02:00,1725.270,1725.270,1725.130,1725.150,30
SQ:XAUUSD,2020-04-24T22:21:00+02:00,1725.150,1725.230,1724.694,1724.912,41
SQ:XAUUSD,2020-04-24T22:22:00+02:00,1724.912,1725.090,1724.810,1725.040,30
SQ:XAUUSD,2020-04-24T22:23:00+02:00,1725.040,1725.330,1725.040,1725.330,19
SQ:XAUUSD,2020-04-24T22:24:00+02:00,1725.300,1725.430,1725.270,1725.350,21
SQ:XAUUSD,2020-04-24T22:25:00+02:00,1725.350,1725.730,1725.320,1725.730,30
SQ:XAUUSD,2020-04-24T22:26:00+02:00,1725.730,1725.910,1725.600,1725.760,35
SQ:XAUUSD,2020-04-24T22:27:00+02:00,1725.760,1725.760,1725.270,1725.380,24
SQ:XAUUSD,2020-04-24T22:28:00+02:00,1725.380,1725.470,1725.220,1725.330,25
SQ:XAUUSD,2020-04-24T22:29:00+02:00,1725.430,1725.650,1725.300,1725.540,24
SQ:XAUUSD,2020-04-24T22:30:00+02:00,1725.540,1725.980,1724.770,1724.830,50
SQ:XAUUSD,2020-04-24T22:31:00+02:00,1724.830,1724.840,1724.810,1724.840,5
SQ:XAUUSD,2020-04-24T22:32:00+02:00,1724.840,1724.890,1724.630,1724.880,24
SQ:XAUUSD,2020-04-24T22:33:00+02:00,1724.880,1724.900,1724.290,1724.450,28
SQ:XAUUSD,2020-04-24T22:34:00+02:00,1724.450,1724.690,1724.380,1724.690,11
SQ:XAUUSD,2020-04-24T22:35:00+02:00,1724.710,1726.090,1724.690,1726.090,31
SQ:XAUUSD,2020-04-24T22:36:00+02:00,1726.090,1726.150,1725.500,1725.840,35
SQ:XAUUSD,2020-04-24T22:37:00+02:00,1725.840,1726.120,1725.670,1725.680,18
SQ:XAUUSD,2020-04-24T22:38:00+02:00,1725.680,1726.230,1725.680,1725.780,14
SQ:XAUUSD,2020-04-24T22:39:00+02:00,1725.780,1726.460,1725.714,1726.040,17
SQ:XAUUSD,2020-04-24T22:40:00+02:00,1725.960,1726.660,1725.960,1726.160,23
SQ:XAUUSD,2020-04-24T22:41:00+02:00,1726.220,1726.390,1726.010,1726.110,21
SQ:XAUUSD,2020-04-24T22:42:00+02:00,1726.026,1726.090,1725.956,1725.964,22
SQ:XAUUSD,2020-04-24T22:43:00+02:00,1725.966,1726.370,1725.886,1726.370,13
SQ:XAUUSD,2020-04-24T22:44:00+02:00,1726.330,1726.450,1726.050,1726.450,16
SQ:XAUUSD,2020-04-24T22:45:00+02:00,1726.450,1726.450,1726.030,1726.130,16
SQ:XAUUSD,2020-04-24T22:46:00+02:00,1726.120,1726.220,1726.050,1726.180,9
SQ:XAUUSD,2020-04-24T22:47:00+02:00,1726.120,1726.170,1726.050,1726.070,13
SQ:XAUUSD,2020-04-24T22:48:00+02:00,1726.070,1726.120,1725.810,1725.810,9
SQ:XAUUSD,2020-04-24T22:49:00+02:00,1725.840,1726.470,1725.720,1726.400,30
SQ:XAUUSD,2020-04-24T22:50:00+02:00,1726.400,1726.550,1726.350,1726.460,21
SQ:XAUUSD,2020-04-24T22:51:00+02:00,1726.460,1726.470,1726.010,1726.150,14
SQ:XAUUSD,2020-04-24T22:52:00+02:00,1726.150,1726.150,1725.830,1726.040,15
SQ:XAUUSD,2020-04-24T22:53:00+02:00,1725.964,1726.042,1725.820,1725.840,17
SQ:XAUUSD,2020-04-24T22:54:00+02:00,1725.840,1725.970,1725.770,1725.950,22
SQ:XAUUSD,2020-04-27T00:01:00+02:00,1723.938,1724.610,1723.938,1724.400,24
SQ:XAUUSD,2020-04-27T00:02:00+02:00,1724.400,1725.210,1724.330,1724.660,45
SQ:XAUUSD,2020-04-27T00:03:00+02:00,1724.660,1724.870,1723.720,1723.720,28
SQ:XAUUSD,2020-04-27T00:04:00+02:00,1723.720,1723.720,1721.030,1721.030,35
SQ:XAUUSD,2020-04-27T00:05:00+02:00,1721.030,1722.030,1720.840,1720.840,43
SQ:XAUUSD,2020-04-27T00:06:00+02:00,1720.840,1721.020,1719.570,1719.570,59
SQ:XAUUSD,2020-04-27T00:07:00+02:00,1719.550,1721.180,1718.780,1719.540,93
SQ:XAUUSD,2020-04-27T00:08:00+02:00,1719.540,1719.970,1718.670,1718.740,31
SQ:XAUUSD,2020-04-27T00:09:00+02:00,1718.740,1720.520,1718.628,1720.020,45
SQ:XAUUSD,2020-04-27T00:10:00+02:00,1720.020,1720.640,1719.520,1720.580,71
SQ:XAUUSD,2020-04-27T00:11:00+02:00,1720.630,1720.800,1719.230,1720.800,71
SQ:XAUUSD,2020-04-27T00:12:00+02:00,1720.800,1720.890,1719.810,1719.920,46
SQ:XAUUSD,2020-04-27T00:13:00+02:00,1719.920,1720.710,1719.480,1720.090,49
SQ:XAUUSD,2020-04-27T00:14:00+02:00,1720.090,1720.130,1719.220,1719.620,77
SQ:XAUUSD,2020-04-27T00:15:00+02:00,1719.630,1719.670,1719.420,1719.450,49
SQ:XAUUSD,2020-04-27T00:16:00+02:00,1719.420,1719.490,1719.290,1719.480,49
SQ:XAUUSD,2020-04-27T00:17:00+02:00,1719.480,1719.950,1719.010,1719.940,47
SQ:XAUUSD,2020-04-27T00:18:00+02:00,1719.940,1719.940,1718.500,1719.150,50
SQ:XAUUSD,2020-04-27T00:19:00+02:00,1719.190,1720.300,1719.080,1719.820,54
SQ:XAUUSD,2020-04-27T00:20:00+02:00,1719.890,1719.920,1719.270,1719.270,37
SQ:XAUUSD,2020-04-27T00:21:00+02:00,1719.270,1719.510,1719.250,1719.480,21
SQ:XAUUSD,2020-04-27T00:22:00+02:00,1719.550,1720.270,1719.550,1719.940,31
SQ:XAUUSD,2020-04-27T00:23:00+02:00,1719.930,1720.220,1719.830,1719.870,20
SQ:XAUUSD,2020-04-27T00:24:00+02:00,1719.870,1720.320,1718.970,1719.840,59
SQ:XAUUSD,2020-04-27T00:25:00+02:00,1719.880,1720.530,1719.790,1720.510,42
SQ:XAUUSD,2020-04-27T00:26:00+02:00,1720.560,1720.830,1720.080,1720.400,37
SQ:XAUUSD,2020-04-27T00:27:00+02:00,1720.400,1721.070,1720.190,1721.070,31
SQ:XAUUSD,2020-04-27T00:28:00+02:00,1721.030,1721.080,1719.640,1720.220,48
SQ:XAUUSD,2020-04-27T00:29:00+02:00,1720.260,1720.460,1720.260,1720.460,11
SQ:XAUUSD,2020-04-27T00:30:00+02:00,1720.500,1720.750,1720.030,1720.280,49
SQ:XAUUSD,2020-04-27T00:31:00+02:00,1720.280,1720.600,1720.050,1720.350,42
SQ:XAUUSD,2020-04-27T00:32:00+02:00,1720.640,1720.870,1719.770,1719.870,49
SQ:XAUUSD,2020-04-27T00:33:00+02:00,1719.910,1720.160,1718.770,1719.120,110
SQ:XAUUSD,2020-04-27T00:34:00+02:00,1719.120,1719.570,1718.830,1719.010,57
SQ:XAUUSD,2020-04-27T00:35:00+02:00,1719.010,1719.420,1718.870,1718.940,55
SQ:XAUUSD,2020-04-27T00:36:00+02:00,1718.968,1719.578,1718.920,1719.500,45
SQ:XAUUSD,2020-04-27T00:37:00+02:00,1719.546,1719.642,1719.546,1719.572,47
SQ:XAUUSD,2020-04-27T00:38:00+02:00,1719.572,1720.430,1719.410,1719.830,50
SQ:XAUUSD,2020-04-27T00:39:00+02:00,1719.830,1721.640,1719.700,1721.120,147
SQ:XAUUSD,2020-04-27T00:40:00+02:00,1721.120,1721.680,1720.430,1720.880,126
SQ:XAUUSD,2020-04-27T00:41:00+02:00,1720.880,1721.400,1720.310,1720.698,74
SQ:XAUUSD,2020-04-27T00:42:00+02:00,1720.820,1721.130,1719.850,1720.470,68
SQ:XAUUSD,2020-04-27T00:43:00+02:00,1720.470,1720.530,1719.370,1719.520,48
SQ:XAUUSD,2020-04-27T00:44:00+02:00,1719.520,1720.700,1719.280,1719.370,92
SQ:XAUUSD,2020-04-27T00:45:00+02:00,1719.370,1720.260,1719.310,1719.340,24
SQ:XAUUSD,2020-04-27T00:46:00+02:00,1719.330,1720.090,1719.290,1719.640,46
SQ:XAUUSD,2020-04-27T00:47:00+02:00,1719.610,1721.500,1719.610,1720.500,89
SQ:XAUUSD,2020-04-27T00:48:00+02:00,1720.470,1721.450,1720.290,1720.510,72
SQ:XAUUSD,2020-04-27T00:49:00+02:00,1720.540,1720.790,1720.310,1720.680,47
SQ:XAUUSD,2020-04-27T00:50:00+02:00,1720.800,1720.980,1720.570,1720.580,47
SQ:XAUUSD,2020-04-27T00:51:00+02:00,1720.580,1721.450,1720.580,1720.980,36
SQ:XAUUSD,2020-04-27T00:52:00+02:00,1720.980,1721.640,1720.790,1720.790,27
SQ:XAUUSD,2020-04-27T00:53:00+02:00,1721.010,1721.420,1720.910,1720.960,34
SQ:XAUUSD,2020-04-27T00:54:00+02:00,1720.960,1721.430,1720.730,1721.224,24
SQ:XAUUSD,2020-04-27T00:55:00+02:00,1721.100,1721.510,1720.880,1721.060,33
SQ:XAUUSD,2020-04-27T00:56:00+02:00,1721.060,1721.710,1721.060,1721.530,49
SQ:XAUUSD,2020-04-27T00:57:00+02:00,1721.530,1722.090,1721.200,1721.410,38
SQ:XAUUSD,2020-04-27T00:58:00+02:00,1721.410,1721.570,1721.170,1721.400,11
SQ:XAUUSD,2020-04-27T00:59:00+02:00,1721.680,1722.770,1721.500,1722.190,55
SQ:XAUUSD,2020-04-27T01:00:00+02:00,1722.190,1722.330,1721.780,1722.330,43
SQ:XAUUSD,2020-04-27T01:01:00+02:00,1722.330,1722.400,1722.190,1722.340,22
SQ:XAUUSD,2020-04-27T01:02:00+02:00,1722.330,1722.350,1722.230,1722.300,14
SQ:XAUUSD,2020-04-27T01:03:00+02:00,1722.300,1722.910,1722.090,1722.320,59
SQ:XAUUSD,2020-04-27T01:04:00+02:00,1722.320,1722.570,1722.320,1722.380,51
SQ:XAUUSD,2020-04-27T01:05:00+02:00,1722.400,1722.920,1722.270,1722.910,30
SQ:XAUUSD,2020-04-27T01:06:00+02:00,1722.910,1723.400,1722.910,1723.120,33
SQ:XAUUSD,2020-04-27T01:07:00+02:00,1723.120,1723.680,1723.030,1723.030,39
SQ:XAUUSD,2020-04-27T01:08:00+02:00,1723.030,1723.460,1722.720,1723.200,23
SQ:XAUUSD,2020-04-27T01:09:00+02:00,1723.200,1723.910,1722.970,1723.550,24
SQ:XAUUSD,2020-04-27T01:10:00+02:00,1723.550,1723.550,1722.570,1722.570,40
SQ:XAUUSD,2020-04-27T01:11:00+02:00,1722.570,1723.670,1721.770,1723.620,51
SQ:XAUUSD,2020-04-27T01:12:00+02:00,1723.620,1723.890,1723.460,1723.840,31
SQ:XAUUSD,2020-04-27T01:13:00+02:00,1723.840,1723.840,1723.580,1723.730,15
SQ:XAUUSD,2020-04-27T01:14:00+02:00,1723.730,1723.900,1723.540,1723.630,13
SQ:XAUUSD,2020-04-27T01:15:00+02:00,1723.630,1723.770,1723.470,1723.470,25
SQ:XAUUSD,2020-04-27T01:16:00+02:00,1723.420,1723.530,1723.270,1723.390,15
SQ:XAUUSD,2020-04-27T01:17:00+02:00,1723.360,1723.380,1723.060,1723.280,16
SQ:XAUUSD,2020-04-27T01:18:00+02:00,1723.350,1723.580,1723.260,1723.510,17
SQ:XAUUSD,2020-04-27T01:19:00+02:00,1723.510,1723.580,1723.350,1723.580,21
SQ:XAUUSD,2020-04-27T01:20:00+02:00,1723.530,1723.670,1723.310,1723.570,17
SQ:XAUUSD,2020-04-27T01:21:00+02:00,1723.570,1723.650,1723.420,1723.570,14
SQ:XAUUSD,2020-04-27T01:22:00+02:00,1723.570,1723.940,1723.570,1723.840,22
SQ:XAUUSD,2020-04-27T01:23:00+02:00,1723.750,1723.890,1723.690,1723.880,16
SQ:XAUUSD,2020-04-27T01:24:00+02:00,1723.900,1724.030,1723.650,1724.030,28
SQ:XAUUSD,2020-04-27T01:25:00+02:00,1723.920,1724.360,1723.830,1723.890,32
SQ:XAUUSD,2020-04-27T01:26:00+02:00,1723.910,1723.930,1723.830,1723.880,9
SQ:XAUUSD,2020-04-27T01:27:00+02:00,1723.880,1723.930,1723.670,1723.770,27
SQ:XAUUSD,2020-04-27T01:28:00+02:00,1723.770,1723.910,1723.700,1723.840,16
SQ:XAUUSD,2020-04-27T01:29:00+02:00,1723.840,1724.330,1723.730,1723.830,56
SQ:XAUUSD,2020-04-27T01:30:00+02:00,1723.830,1724.590,1723.830,1724.310,38
SQ:XAUUSD,2020-04-27T01:31:00+02:00,1723.930,1724.430,1723.700,1724.310,20
SQ:XAUUSD,2020-04-27T01:32:00+02:00,1723.920,1724.350,1723.920,1724.350,11
SQ:XAUUSD,2020-04-27T01:33:00+02:00,1724.350,1724.350,1723.660,1723.660,39
SQ:XAUUSD,2020-04-27T01:34:00+02:00,1723.660,1724.030,1723.560,1723.960,19
SQ:XAUUSD,2020-04-27T01:35:00+02:00,1723.910,1724.490,1723.910,1724.490,17
SQ:XAUUSD,2020-04-27T01:36:00+02:00,1724.420,1724.720,1723.470,1723.870,41
SQ:XAUUSD,2020-04-27T01:37:00+02:00,1723.750,1724.160,1723.600,1724.020,23
SQ:XAUUSD,2020-04-27T01:38:00+02:00,1723.990,1724.090,1723.850,1724.090,21
SQ:XAUUSD,2020-04-27T01:39:00+02:00,1724.090,1724.140,1723.730,1723.860,32
SQ:XAUUSD,2020-04-27T01:40:00+02:00,1723.860,1724.090,1723.310,1723.310,37
SQ:XAUUSD,2020-04-27T01:41:00+02:00,1723.310,1723.490,1722.980,1723.490,26
SQ:XAUUSD,2020-04-27T01:42:00+02:00,1723.490,1724.030,1723.490,1723.970,8
SQ:XAUUSD,2020-04-27T01:43:00+02:00,1723.970,1723.970,1723.860,1723.860,3
SQ:XAUUSD,2020-04-27T01:44:00+02:00,1723.860,1723.930,1723.860,1723.930,2
SQ:XAUUSD,2020-04-27T01:45:00+02:00,1723.930,1723.930,1723.160,1723.170,13
SQ:XAUUSD,2020-04-27T01:46:00+02:00,1723.170,1723.170,1722.480,1722.570,30
SQ:XAUUSD,2020-04-27T01:47:00+02:00,1722.560,1722.720,1721.940,1722.610,55
SQ:XAUUSD,2020-04-27T01:48:00+02:00,1722.610,1722.960,1722.340,1722.960,31
SQ:XAUUSD,2020-04-27T01:49:00+02:00,1722.940,1723.320,1722.940,1723.320,17
SQ:XAUUSD,2020-04-27T01:50:00+02:00,1723.320,1723.350,1723.290,1723.330,8
SQ:XAUUSD,2020-04-27T01:51:00+02:00,1723.350,1723.370,1723.340,1723.370,5
SQ:XAUUSD,2020-04-27T01:52:00+02:00,1723.380,1723.890,1723.380,1723.840,24
SQ:XAUUSD,2020-04-27T01:53:00+02:00,1723.860,1724.410,1723.840,1724.270,34
SQ:XAUUSD,2020-04-27T01:54:00+02:00,1724.270,1724.270,1723.770,1724.180,30
SQ:XAUUSD,2020-04-27T01:55:00+02:00,1724.180,1724.330,1723.550,1723.550,33
SQ:XAUUSD,2020-04-27T01:56:00+02:00,1723.720,1724.200,1723.710,1724.090,31
SQ:XAUUSD,2020-04-27T01:57:00+02:00,1724.230,1725.630,1724.230,1724.470,61
SQ:XAUUSD,2020-04-27T01:58:00+02:00,1724.440,1726.530,1724.440,1724.740,57
SQ:XAUUSD,2020-04-27T01:59:00+02:00,1724.790,1724.790,1724.350,1724.430,35
SQ:XAUUSD,2020-04-27T02:00:00+02:00,1724.400,1727.060,1724.310,1725.540,165
SQ:XAUUSD,2020-04-27T02:01:00+02:00,1725.540,1726.030,1725.240,1725.710,101
SQ:XAUUSD,2020-04-27T02:02:00+02:00,1725.710,1726.170,1725.630,1725.830,40
SQ:XAUUSD,2020-04-27T02:03:00+02:00,1725.830,1725.940,1725.370,1725.380,38
SQ:XAUUSD,2020-04-27T02:04:00+02:00,1725.380,1725.700,1725.060,1725.510,49
SQ:XAUUSD,2020-04-27T02:05:00+02:00,1725.510,1725.670,1725.080,1725.230,40
SQ:XAUUSD,2020-04-27T02:06:00+02:00,1725.230,1725.640,1724.880,1725.330,78
SQ:XAUUSD,2020-04-27T02:07:00+02:00,1725.440,1725.560,1725.150,1725.320,82
SQ:XAUUSD,2020-04-27T02:08:00+02:00,1725.320,1725.530,1725.100,1725.180,50
SQ:XAUUSD,2020-04-27T02:09:00+02:00,1725.180,1725.220,1723.640,1723.790,25
SQ:XAUUSD,2020-04-27T02:10:00+02:00,1723.790,1724.030,1723.270,1723.600,52
SQ:XAUUSD,2020-04-27T02:11:00+02:00,1723.600,1723.780,1723.530,1723.680,13
SQ:XAUUSD,2020-04-27T02:12:00+02:00,1723.680,1723.780,1723.510,1723.510,16
SQ:XAUUSD,2020-04-27T02:13:00+02:00,1723.510,1723.950,1723.140,1723.890,90
SQ:XAUUSD,2020-04-27T02:14:00+02:00,1723.890,1723.990,1723.570,1723.570,44
SQ:XAUUSD,2020-04-27T02:15:00+02:00,1723.490,1723.580,1722.940,1723.040,55
SQ:XAUUSD,2020-04-27T02:16:00+02:00,1723.040,1723.250,1722.710,1723.250,15
SQ:XAUUSD,2020-04-27T02:17:00+02:00,1723.250,1723.250,1722.400,1723.070,38
SQ:XAUUSD,2020-04-27T02:18:00+02:00,1723.070,1723.080,1722.500,1722.500,14
SQ:XAUUSD,2020-04-27T02:19:00+02:00,1722.500,1722.710,1722.380,1722.420,34
SQ:XAUUSD,2020-04-27T02:20:00+02:00,1722.380,1722.750,1722.320,1722.750,11
SQ:XAUUSD,2020-04-27T02:21:00+02:00,1722.750,1722.750,1722.730,1722.730,2
SQ:XAUUSD,2020-04-27T02:22:00+02:00,1722.730,1723.630,1722.730,1723.380,25
SQ:XAUUSD,2020-04-27T02:23:00+02:00,1723.380,1723.380,1723.010,1723.010,43
SQ:XAUUSD,2020-04-27T02:24:00+02:00,1723.010,1723.190,1722.630,1722.660,60
SQ:XAUUSD,2020-04-27T02:25:00+02:00,1722.660,1722.810,1722.590,1722.760,42
SQ:XAUUSD,2020-04-27T02:26:00+02:00,1722.760,1722.760,1722.690,1722.710,19
SQ:XAUUSD,2020-04-27T02:27:00+02:00,1722.710,1722.880,1722.710,1722.850,8
SQ:XAUUSD,2020-04-27T02:28:00+02:00,1722.810,1722.850,1722.750,1722.810,24
SQ:XAUUSD,2020-04-27T02:29:00+02:00,1722.810,1722.850,1722.750,1722.850,17
SQ:XAUUSD,2020-04-27T02:30:00+02:00,1722.850,1723.280,1722.650,1723.040,52
SQ:XAUUSD,2020-04-27T02:31:00+02:00,1723.070,1723.280,1722.760,1722.950,50
SQ:XAUUSD,2020-04-27T02:32:00+02:00,1722.950,1723.020,1722.710,1722.940,18
SQ:XAUUSD,2020-04-27T02:33:00+02:00,1722.890,1722.950,1722.730,1722.860,32
SQ:XAUUSD,2020-04-27T02:34:00+02:00,1722.860,1722.860,1722.560,1722.840,22
SQ:XAUUSD,2020-04-27T02:35:00+02:00,1722.840,1722.860,1722.250,1722.820,24
SQ:XAUUSD,2020-04-27T02:36:00+02:00,1722.850,1722.850,1722.120,1722.280,17
SQ:XAUUSD,2020-04-27T02:37:00+02:00,1722.230,1722.230,1721.360,1721.370,40
SQ:XAUUSD,2020-04-27T02:38:00+02:00,1721.370,1721.870,1721.350,1721.740,24
SQ:XAUUSD,2020-04-27T02:39:00+02:00,1721.740,1722.240,1721.740,1722.230,24
SQ:XAUUSD,2020-04-27T02:40:00+02:00,1722.230,1722.230,1722.060,1722.060,7
SQ:XAUUSD,2020-04-27T02:41:00+02:00,1722.060,1722.310,1722.060,1722.310,5
SQ:XAUUSD,2020-04-27T02:42:00+02:00,1722.310,1722.488,1722.310,1722.488,22
SQ:XAUUSD,2020-04-27T02:43:00+02:00,1722.510,1722.560,1722.482,1722.504,18
SQ:XAUUSD,2020-04-27T02:44:00+02:00,1722.508,1722.580,1721.870,1721.870,25
SQ:XAUUSD,2020-04-27T02:45:00+02:00,1721.880,1722.730,1721.880,1722.630,25
SQ:XAUUSD,2020-04-27T02:46:00+02:00,1722.630,1722.640,1722.410,1722.510,18
SQ:XAUUSD,2020-04-27T02:47:00+02:00,1722.510,1723.420,1722.330,1723.190,35
SQ:XAUUSD,2020-04-27T02:48:00+02:00,1723.190,1723.840,1723.190,1723.670,51
SQ:XAUUSD,2020-04-27T02:49:00+02:00,1723.720,1723.720,1723.650,1723.650,6
SQ:XAUUSD,2020-04-27T02:50:00+02:00,1723.650,1723.680,1723.650,1723.680,2
SQ:XAUUSD,2020-04-27T02:51:00+02:00,1723.680,1723.680,1723.670,1723.670,2
SQ:XAUUSD,2020-04-27T02:52:00+02:00,1723.670,1723.670,1722.940,1723.320,44
SQ:XAUUSD,2020-04-27T02:53:00+02:00,1723.370,1723.880,1723.370,1723.520,56
SQ:XAUUSD,2020-04-27T02:54:00+02:00,1723.520,1723.520,1723.100,1723.440,39
SQ:XAUUSD,2020-04-27T02:55:00+02:00,1723.500,1723.760,1723.500,1723.680,50
SQ:XAUUSD,2020-04-27T02:56:00+02:00,1723.620,1724.090,1723.560,1723.910,82
SQ:XAUUSD,2020-04-27T02:57:00+02:00,1723.910,1723.940,1723.390,1723.540,35
SQ:XAUUSD,2020-04-27T02:58:00+02:00,1723.460,1723.870,1723.260,1723.690,38
SQ:XAUUSD,2020-04-27T02:59:00+02:00,1723.600,1723.960,1722.910,1723.950,60
SQ:XAUUSD,2020-04-27T03:00:00+02:00,1723.920,1724.210,1721.910,1722.400,190
SQ:XAUUSD,2020-04-27T03:01:00+02:00,1722.380,1722.930,1722.310,1722.820,85
SQ:XAUUSD,2020-04-27T03:02:00+02:00,1722.900,1723.160,1722.660,1722.770,76
SQ:XAUUSD,2020-04-27T03:03:00+02:00,1722.740,1723.230,1722.650,1723.170,65
SQ:XAUUSD,2020-04-27T03:04:00+02:00,1723.170,1723.380,1722.980,1723.350,86
SQ:XAUUSD,2020-04-27T03:05:00+02:00,1723.390,1723.840,1723.370,1723.670,136
SQ:XAUUSD,2020-04-27T03:06:00+02:00,1723.670,1724.010,1723.450,1723.890,107
SQ:XAUUSD,2020-04-27T03:07:00+02:00,1723.920,1724.360,1723.760,1724.130,96
SQ:XAUUSD,2020-04-27T03:08:00+02:00,1724.200,1724.290,1723.680,1723.900,111
SQ:XAUUSD,2020-04-27T03:09:00+02:00,1723.940,1724.020,1723.180,1723.370,73
SQ:XAUUSD,2020-04-27T03:10:00+02:00,1723.390,1723.710,1722.790,1723.240,110
SQ:XAUUSD,2020-04-27T03:11:00+02:00,1723.210,1723.930,1722.970,1723.290,45
SQ:XAUUSD,2020-04-27T03:12:00+02:00,1723.290,1723.340,1723.120,1723.120,20
SQ:XAUUSD,2020-04-27T03:13:00+02:00,1723.120,1723.120,1722.290,1722.380,36
SQ:XAUUSD,2020-04-27T03:14:00+02:00,1722.380,1722.440,1722.310,1722.340,15
SQ:XAUUSD,2020-04-27T03:15:00+02:00,1722.350,1723.320,1722.350,1723.220,88
SQ:XAUUSD,2020-04-27T03:16:00+02:00,1723.220,1724.200,1723.120,1724.190,107
SQ:XAUUSD,2020-04-27T03:17:00+02:00,1724.180,1724.280,1723.590,1724.260,115
SQ:XAUUSD,2020-04-27T03:18:00+02:00,1724.280,1724.530,1723.690,1724.370,61
SQ:XAUUSD,2020-04-27T03:19:00+02:00,1724.380,1724.770,1723.800,1724.620,103
SQ:XAUUSD,2020-04-27T03:20:00+02:00,1724.640,1724.850,1724.360,1724.690,59
SQ:XAUUSD,2020-04-27T03:21:00+02:00,1724.690,1724.780,1724.660,1724.780,39
SQ:XAUUSD,2020-04-27T03:22:00+02:00,1724.800,1724.860,1724.550,1724.550,24
SQ:XAUUSD,2020-04-27T03:23:00+02:00,1724.550,1724.720,1723.970,1724.060,44
SQ:XAUUSD,2020-04-27T03:24:00+02:00,1724.020,1724.050,1723.290,1723.940,37
SQ:XAUUSD,2020-04-27T03:25:00+02:00,1723.940,1723.940,1723.220,1723.370,26
SQ:XAUUSD,2020-04-27T03:26:00+02:00,1723.370,1723.650,1723.370,1723.370,12
SQ:XAUUSD,2020-04-27T03:27:00+02:00,1723.370,1723.400,1723.270,1723.270,12
SQ:XAUUSD,2020-04-27T03:28:00+02:00,1723.270,1723.370,1723.180,1723.370,51
SQ:XAUUSD,2020-04-27T03:29:00+02:00,1723.370,1723.400,1723.270,1723.350,38
SQ:XAUUSD,2020-04-27T03:30:00+02:00,1723.390,1723.390,1722.910,1723.100,112
SQ:XAUUSD,2020-04-27T03:31:00+02:00,1723.070,1723.150,1722.650,1722.990,46
SQ:XAUUSD,2020-04-27T03:32:00+02:00,1723.120,1723.370,1723.000,1723.000,47
SQ:XAUUSD,2020-04-27T03:33:00+02:00,1723.000,1723.000,1722.150,1722.620,65
SQ:XAUUSD,2020-04-27T03:34:00+02:00,1722.620,1722.750,1722.250,1722.260,52
SQ:XAUUSD,2020-04-27T03:35:00+02:00,1722.250,1722.420,1722.240,1722.370,45
SQ:XAUUSD,2020-04-27T03:36:00+02:00,1722.370,1722.740,1721.980,1722.740,54
SQ:XAUUSD,2020-04-27T03:37:00+02:00,1722.930,1723.200,1722.850,1722.910,49
SQ:XAUUSD,2020-04-27T03:38:00+02:00,1722.910,1723.130,1722.780,1723.080,111
SQ:XAUUSD,2020-04-27T03:39:00+02:00,1723.080,1723.120,1722.900,1722.930,120
SQ:XAUUSD,2020-04-27T03:40:00+02:00,1722.880,1723.070,1720.910,1721.230,320
SQ:XAUUSD,2020-04-27T03:41:00+02:00,1721.120,1722.330,1720.600,1722.210,282
SQ:XAUUSD,2020-04-27T03:42:00+02:00,1722.210,1722.620,1721.800,1722.150,220
SQ:XAUUSD,2020-04-27T03:43:00+02:00,1722.110,1722.650,1722.020,1722.300,167
SQ:XAUUSD,2020-04-27T03:44:00+02:00,1722.300,1722.790,1722.130,1722.390,172
SQ:XAUUSD,2020-04-27T03:45:00+02:00,1722.360,1722.610,1721.910,1722.070,221
SQ:XAUUSD,2020-04-27T03:46:00+02:00,1722.040,1722.280,1721.400,1721.400,139
SQ:XAUUSD,2020-04-27T03:47:00+02:00,1721.400,1722.470,1721.070,1721.430,91
SQ:XAUUSD,2020-04-27T03:48:00+02:00,1721.430,1722.100,1720.490,1721.860,104
SQ:XAUUSD,2020-04-27T03:49:00+02:00,1721.860,1721.870,1720.490,1721.670,71
SQ:XAUUSD,2020-04-27T03:50:00+02:00,1721.670,1721.720,1720.970,1721.050,56
SQ:XAUUSD,2020-04-27T03:51:00+02:00,1721.050,1721.100,1720.260,1720.500,50
SQ:XAUUSD,2020-04-27T03:52:00+02:00,1720.500,1721.090,1720.500,1720.800,46
SQ:XAUUSD,2020-04-27T03:53:00+02:00,1720.850,1720.910,1720.610,1720.630,29
SQ:XAUUSD,2020-04-27T03:54:00+02:00,1720.670,1720.840,1720.620,1720.770,42
SQ:XAUUSD,2020-04-27T03:55:00+02:00,1720.820,1721.190,1720.640,1720.860,56
SQ:XAUUSD,2020-04-27T03:56:00+02:00,1720.920,1721.790,1720.750,1721.500,86
SQ:XAUUSD,2020-04-27T03:57:00+02:00,1721.550,1722.010,1721.350,1721.980,46
SQ:XAUUSD,2020-04-27T03:58:00+02:00,1722.010,1722.600,1721.920,1722.290,52
SQ:XAUUSD,2020-04-27T03:59:00+02:00,1722.200,1722.430,1722.200,1722.270,44
SQ:XAUUSD,2020-04-27T04:00:00+02:00,1722.260,1722.320,1722.100,1722.160,49
SQ:XAUUSD,2020-04-27T04:01:00+02:00,1722.250,1722.300,1721.830,1722.090,52
SQ:XAUUSD,2020-04-27T04:02:00+02:00,1722.080,1722.850,1722.030,1722.850,46
SQ:XAUUSD,2020-04-27T04:03:00+02:00,1722.820,1722.860,1722.610,1722.630,64
SQ:XAUUSD,2020-04-27T04:04:00+02:00,1722.630,1722.730,1721.970,1722.010,32
SQ:XAUUSD,2020-04-27T04:05:00+02:00,1722.030,1722.090,1721.770,1721.770,52
SQ:XAUUSD,2020-04-27T04:06:00+02:00,1721.830,1722.080,1720.550,1721.370,84
SQ:XAUUSD,2020-04-27T04:07:00+02:00,1721.370,1721.980,1721.310,1721.710,39
SQ:XAUUSD,2020-04-27T04:08:00+02:00,1721.720,1722.010,1721.560,1721.890,29
SQ:XAUUSD,2020-04-27T04:09:00+02:00,1721.910,1722.000,1721.710,1721.990,36
SQ:XAUUSD,2020-04-27T04:10:00+02:00,1721.990,1722.640,1721.960,1722.250,69
SQ:XAUUSD,2020-04-27T04:11:00+02:00,1722.260,1722.370,1721.720,1722.060,85
SQ:XAUUSD,2020-04-27T04:12:00+02:00,1722.040,1722.040,1721.710,1721.710,34
SQ:XAUUSD,2020-04-27T04:13:00+02:00,1721.710,1721.940,1721.690,1721.800,49
SQ:XAUUSD,2020-04-27T04:14:00+02:00,1721.800,1722.120,1721.800,1721.940,76
SQ:XAUUSD,2020-04-27T04:15:00+02:00,1721.920,1722.190,1721.880,1721.940,36
SQ:XAUUSD,2020-04-27T04:16:00+02:00,1721.940,1722.590,1721.880,1722.220,46
SQ:XAUUSD,2020-04-27T04:17:00+02:00,1722.370,1722.800,1722.050,1722.140,45
SQ:XAUUSD,2020-04-27T04:18:00+02:00,1722.140,1722.490,1722.140,1722.260,30
SQ:XAUUSD,2020-04-27T04:19:00+02:00,1722.260,1722.450,1722.080,1722.200,36
SQ:XAUUSD,2020-04-27T04:20:00+02:00,1722.200,1722.450,1721.804,1721.810,32
SQ:XAUUSD,2020-04-27T04:21:00+02:00,1721.810,1722.210,1721.788,1722.000,25
SQ:XAUUSD,2020-04-27T04:22:00+02:00,1722.000,1722.180,1721.878,1721.960,31
SQ:XAUUSD,2020-04-27T04:23:00+02:00,1721.960,1722.230,1721.820,1722.070,19
SQ:XAUUSD,2020-04-27T04:24:00+02:00,1722.070,1722.270,1721.980,1722.150,21
SQ:XAUUSD,2020-04-27T04:25:00+02:00,1722.150,1722.170,1721.840,1721.840,31
SQ:XAUUSD,2020-04-27T04:26:00+02:00,1721.840,1721.980,1721.680,1721.820,27
SQ:XAUUSD,2020-04-27T04:27:00+02:00,1721.820,1722.080,1721.710,1721.770,20
SQ:XAUUSD,2020-04-27T04:28:00+02:00,1721.770,1721.980,1721.770,1721.940,10
SQ:XAUUSD,2020-04-27T04:29:00+02:00,1721.950,1722.050,1721.930,1721.942,21
SQ:XAUUSD,2020-04-27T04:30:00+02:00,1721.930,1722.198,1721.620,1722.198,52
SQ:XAUUSD,2020-04-27T04:31:00+02:00,1722.198,1722.252,1721.910,1722.180,55
SQ:XAUUSD,2020-04-27T04:32:00+02:00,1722.180,1722.610,1721.860,1722.110,100
SQ:XAUUSD,2020-04-27T04:33:00+02:00,1722.020,1722.590,1721.870,1721.922,117
SQ:XAUUSD,2020-04-27T04:34:00+02:00,1722.352,1722.538,1721.810,1722.030,102
SQ:XAUUSD,2020-04-27T04:35:00+02:00,1722.030,1722.858,1721.970,1722.190,103
SQ:XAUUSD,2020-04-27T04:36:00+02:00,1722.140,1722.990,1722.140,1722.650,110
SQ:XAUUSD,2020-04-27T04:37:00+02:00,1722.640,1722.910,1722.160,1722.910,147
SQ:XAUUSD,2020-04-27T04:38:00+02:00,1722.910,1722.978,1722.250,1722.580,152
SQ:XAUUSD,2020-04-27T04:39:00+02:00,1722.550,1723.090,1722.480,1722.950,103
SQ:XAUUSD,2020-04-27T04:40:00+02:00,1722.960,1723.040,1722.130,1722.740,66
SQ:XAUUSD,2020-04-27T04:41:00+02:00,1722.740,1722.750,1722.250,1722.640,35
SQ:XAUUSD,2020-04-27T04:42:00+02:00,1722.640,1723.150,1722.490,1722.690,35
SQ:XAUUSD,2020-04-27T04:43:00+02:00,1722.790,1722.840,1722.110,1722.740,24
SQ:XAUUSD,2020-04-27T04:44:00+02:00,1722.670,1722.750,1722.020,1722.100,38
SQ:XAUUSD,2020-04-27T04:45:00+02:00,1722.100,1722.540,1722.100,1722.190,32
SQ:XAUUSD,2020-04-27T04:46:00+02:00,1722.230,1722.580,1721.950,1722.370,53
SQ:XAUUSD,2020-04-27T04:47:00+02:00,1722.370,1722.520,1722.060,1722.420,41
SQ:XAUUSD,2020-04-27T04:48:00+02:00,1722.420,1722.620,1722.310,1722.310,36
SQ:XAUUSD,2020-04-27T04:49:00+02:00,1722.320,1722.330,1722.120,1722.220,27
SQ:XAUUSD,2020-04-27T04:50:00+02:00,1722.220,1722.490,1722.170,1722.310,25
SQ:XAUUSD,2020-04-27T04:51:00+02:00,1722.310,1722.410,1721.830,1722.100,45
SQ:XAUUSD,2020-04-27T04:52:00+02:00,1722.100,1722.100,1721.710,1722.000,21
SQ:XAUUSD,2020-04-27T04:53:00+02:00,1722.010,1722.090,1720.850,1720.940,36
SQ:XAUUSD,2020-04-27T04:54:00+02:00,1721.920,1722.450,1721.360,1721.860,48
SQ:XAUUSD,2020-04-27T04:55:00+02:00,1721.850,1722.660,1721.770,1721.890,19
SQ:XAUUSD,2020-04-27T04:56:00+02:00,1722.150,1722.360,1721.710,1721.880,59
SQ:XAUUSD,2020-04-27T04:57:00+02:00,1721.810,1722.500,1721.800,1722.200,93
SQ:XAUUSD,2020-04-27T04:58:00+02:00,1722.160,1722.350,1722.160,1722.260,28
SQ:XAUUSD,2020-04-27T04:59:00+02:00,1722.260,1722.360,1721.910,1721.970,47
SQ:XAUUSD,2020-04-27T05:00:00+02:00,1721.950,1722.130,1721.740,1721.790,29
SQ:XAUUSD,2020-04-27T05:01:00+02:00,1721.790,1722.070,1721.760,1721.920,40
SQ:XAUUSD,2020-04-27T05:02:00+02:00,1721.970,1722.520,1721.910,1722.440,28
SQ:XAUUSD,2020-04-27T05:03:00+02:00,1722.440,1722.510,1721.980,1721.990,45
SQ:XAUUSD,2020-04-27T05:04:00+02:00,1722.010,1722.070,1721.740,1722.000,36
SQ:XAUUSD,2020-04-27T05:05:00+02:00,1722.000,1722.020,1721.670,1721.730,41
SQ:XAUUSD,2020-04-27T05:06:00+02:00,1721.730,1721.820,1721.710,1721.710,21
SQ:XAUUSD,2020-04-27T05:07:00+02:00,1721.710,1721.850,1721.710,1721.800,31
SQ:XAUUSD,2020-04-27T05:08:00+02:00,1721.800,1721.950,1721.670,1721.730,39
SQ:XAUUSD,2020-04-27T05:09:00+02:00,1721.680,1721.860,1721.510,1721.770,45
SQ:XAUUSD,2020-04-27T05:10:00+02:00,1721.770,1721.850,1721.590,1721.720,34
SQ:XAUUSD,2020-04-27T05:11:00+02:00,1721.720,1721.870,1721.480,1721.680,68
SQ:XAUUSD,2020-04-27T05:12:00+02:00,1721.680,1721.860,1721.550,1721.670,54
SQ:XAUUSD,2020-04-27T05:13:00+02:00,1721.670,1722.000,1721.600,1721.680,40
SQ:XAUUSD,2020-04-27T05:14:00+02:00,1721.690,1721.830,1721.670,1721.820,40
SQ:XAUUSD,2020-04-27T05:15:00+02:00,1721.770,1722.030,1721.700,1721.710,46
SQ:XAUUSD,2020-04-27T05:16:00+02:00,1721.710,1721.810,1721.710,1721.770,19
SQ:XAUUSD,2020-04-27T05:17:00+02:00,1721.770,1721.860,1721.690,1721.730,28
SQ:XAUUSD,2020-04-27T05:18:00+02:00,1721.730,1721.980,1721.670,1721.980,29
SQ:XAUUSD,2020-04-27T05:19:00+02:00,1722.030,1722.130,1721.960,1722.010,24
SQ:XAUUSD,2020-04-27T05:20:00+02:00,1722.090,1722.260,1721.880,1722.240,34
SQ:XAUUSD,2020-04-27T05:21:00+02:00,1722.240,1722.250,1721.960,1722.030,23
SQ:XAUUSD,2020-04-27T05:22:00+02:00,1722.090,1722.210,1721.740,1721.900,36
SQ:XAUUSD,2020-04-27T05:23:00+02:00,1721.900,1722.050,1721.730,1721.750,26
SQ:XAUUSD,2020-04-27T05:24:00+02:00,1721.750,1721.870,1721.730,1721.740,30
SQ:XAUUSD,2020-04-27T05:25:00+02:00,1721.740,1721.900,1721.740,1721.760,33
SQ:XAUUSD,2020-04-27T05:26:00+02:00,1721.760,1721.948,1721.760,1721.948,49
SQ:XAUUSD,2020-04-27T05:27:00+02:00,1721.948,1722.010,1721.800,1722.000,38
SQ:XAUUSD,2020-04-27T05:28:00+02:00,1722.000,1722.100,1721.990,1722.060,26
SQ:XAUUSD,2020-04-27T05:29:00+02:00,1722.060,1722.100,1721.860,1721.930,35
SQ:XAUUSD,2020-04-27T05:30:00+02:00,1721.970,1722.020,1721.880,1722.000,44
SQ:XAUUSD,2020-04-27T05:31:00+02:00,1721.990,1722.090,1721.980,1722.030,32
SQ:XAUUSD,2020-04-27T05:32:00+02:00,1722.040,1722.070,1721.910,1721.910,30
SQ:XAUUSD,2020-04-27T05:33:00+02:00,1721.910,1722.000,1721.760,1721.770,40
SQ:XAUUSD,2020-04-27T05:34:00+02:00,1721.760,1722.270,1721.760,1722.190,56
SQ:XAUUSD,2020-04-27T05:35:00+02:00,1722.200,1722.270,1721.800,1721.960,33
SQ:XAUUSD,2020-04-27T05:36:00+02:00,1721.960,1722.100,1721.920,1722.040,31
SQ:XAUUSD,2020-04-27T05:37:00+02:00,1722.040,1722.050,1721.750,1722.000,34
SQ:XAUUSD,2020-04-27T05:38:00+02:00,1722.000,1722.040,1721.870,1721.920,28
SQ:XAUUSD,2020-04-27T05:39:00+02:00,1721.910,1721.980,1721.700,1721.970,35
SQ:XAUUSD,2020-04-27T05:40:00+02:00,1721.980,1722.010,1721.930,1721.950,16
SQ:XAUUSD,2020-04-27T05:41:00+02:00,1721.960,1722.040,1721.760,1721.760,17
SQ:XAUUSD,2020-04-27T05:42:00+02:00,1721.910,1722.000,1721.740,1721.950,25
SQ:XAUUSD,2020-04-27T05:43:00+02:00,1721.970,1721.970,1721.670,1721.890,15
SQ:XAUUSD,2020-04-27T05:44:00+02:00,1721.890,1722.120,1721.700,1722.120,52
SQ:XAUUSD,2020-04-27T05:45:00+02:00,1722.100,1722.160,1722.050,1722.100,27
SQ:XAUUSD,2020-04-27T05:46:00+02:00,1722.100,1722.100,1721.790,1722.020,32
SQ:XAUUSD,2020-04-27T05:47:00+02:00,1722.040,1722.060,1721.960,1722.000,16
SQ:XAUUSD,2020-04-27T05:48:00+02:00,1722.070,1722.110,1721.530,1721.660,68
SQ:XAUUSD,2020-04-27T05:49:00+02:00,1721.660,1722.440,1721.180,1721.560,129
SQ:XAUUSD,2020-04-27T05:50:00+02:00,1721.610,1722.150,1721.540,1722.030,83
SQ:XAUUSD,2020-04-27T05:51:00+02:00,1722.030,1722.080,1721.540,1721.730,34
SQ:XAUUSD,2020-04-27T05:52:00+02:00,1721.730,1721.730,1721.300,1721.450,34
SQ:XAUUSD,2020-04-27T05:53:00+02:00,1721.500,1721.500,1721.350,1721.350,17
SQ:XAUUSD,2020-04-27T05:54:00+02:00,1721.320,1721.330,1721.150,1721.210,33
SQ:XAUUSD,2020-04-27T05:55:00+02:00,1721.250,1721.640,1721.230,1721.600,43
SQ:XAUUSD,2020-04-27T05:56:00+02:00,1721.600,1721.700,1721.540,1721.680,23
SQ:XAUUSD,2020-04-27T05:57:00+02:00,1721.680,1721.680,1721.280,1721.280,18
SQ:XAUUSD,2020-04-27T05:58:00+02:00,1721.300,1721.390,1721.250,1721.390,26
SQ:XAUUSD,2020-04-27T05:59:00+02:00,1721.330,1721.520,1721.330,1721.470,12
SQ:XAUUSD,2020-04-27T06:00:00+02:00,1721.450,1721.930,1721.440,1721.820,54
SQ:XAUUSD,2020-04-27T06:01:00+02:00,1721.910,1722.050,1721.820,1721.830,39
SQ:XAUUSD,2020-04-27T06:02:00+02:00,1721.760,1722.100,1721.590,1721.870,52
SQ:XAUUSD,2020-04-27T06:03:00+02:00,1721.860,1721.860,1721.430,1721.640,31
SQ:XAUUSD,2020-04-27T06:04:00+02:00,1721.640,1721.740,1721.410,1721.670,16
SQ:XAUUSD,2020-04-27T06:05:00+02:00,1721.670,1721.950,1721.390,1721.870,31
SQ:XAUUSD,2020-04-27T06:06:00+02:00,1721.870,1721.920,1721.410,1721.740,53
SQ:XAUUSD,2020-04-27T06:07:00+02:00,1721.740,1722.160,1721.580,1721.740,56
SQ:XAUUSD,2020-04-27T06:08:00+02:00,1721.800,1722.140,1721.660,1722.130,104
SQ:XAUUSD,2020-04-27T06:09:00+02:00,1722.130,1723.080,1721.800,1721.830,83
SQ:XAUUSD,2020-04-27T06:10:00+02:00,1721.900,1722.120,1720.970,1721.130,87
SQ:XAUUSD,2020-04-27T06:11:00+02:00,1721.130,1721.400,1721.130,1721.330,37
SQ:XAUUSD,2020-04-27T06:12:00+02:00,1721.270,1722.690,1721.270,1722.150,70
SQ:XAUUSD,2020-04-27T06:13:00+02:00,1722.150,1722.430,1722.010,1722.010,101
SQ:XAUUSD,2020-04-27T06:14:00+02:00,1721.980,1722.710,1721.960,1722.610,78
SQ:XAUUSD,2020-04-27T06:15:00+02:00,1722.610,1722.690,1721.670,1721.840,87
SQ:XAUUSD,2020-04-27T06:16:00+02:00,1721.840,1721.840,1721.060,1721.120,76
SQ:XAUUSD,2020-04-27T06:17:00+02:00,1721.150,1721.260,1721.040,1721.240,43
SQ:XAUUSD,2020-04-27T06:18:00+02:00,1721.280,1721.310,1721.210,1721.310,45
SQ:XAUUSD,2020-04-27T06:19:00+02:00,1721.310,1721.320,1721.180,1721.280,51
SQ:XAUUSD,2020-04-27T06:20:00+02:00,1721.230,1721.290,1721.120,1721.160,49
SQ:XAUUSD,2020-04-27T06:21:00+02:00,1721.180,1721.320,1720.990,1721.320,64
SQ:XAUUSD,2020-04-27T06:22:00+02:00,1721.360,1721.590,1721.340,1721.590,36
SQ:XAUUSD,2020-04-27T06:23:00+02:00,1721.560,1721.730,1721.550,1721.670,29
SQ:XAUUSD,2020-04-27T06:24:00+02:00,1721.680,1721.790,1721.270,1721.360,30
SQ:XAUUSD,2020-04-27T06:25:00+02:00,1721.360,1721.390,1721.270,1721.340,35
SQ:XAUUSD,2020-04-27T06:26:00+02:00,1721.320,1721.350,1721.080,1721.200,19
SQ:XAUUSD,2020-04-27T06:27:00+02:00,1721.150,1721.180,1720.030,1720.320,60
SQ:XAUUSD,2020-04-27T06:28:00+02:00,1720.300,1720.610,1720.270,1720.600,41
SQ:XAUUSD,2020-04-27T06:29:00+02:00,1720.600,1720.660,1720.490,1720.490,24
SQ:XAUUSD,2020-04-27T06:30:00+02:00,1720.530,1720.540,1720.250,1720.280,51
SQ:XAUUSD,2020-04-27T06:31:00+02:00,1720.280,1720.550,1720.270,1720.530,70
SQ:XAUUSD,2020-04-27T06:32:00+02:00,1720.570,1721.370,1720.450,1721.310,94
SQ:XAUUSD,2020-04-27T06:33:00+02:00,1721.330,1721.330,1720.970,1720.970,41
SQ:XAUUSD,2020-04-27T06:34:00+02:00,1721.010,1721.690,1720.950,1721.690,71
SQ:XAUUSD,2020-04-27T06:35:00+02:00,1721.720,1722.110,1721.330,1721.330,58
SQ:XAUUSD,2020-04-27T06:36:00+02:00,1721.350,1721.950,1721.320,1721.740,36
SQ:XAUUSD,2020-04-27T06:37:00+02:00,1721.740,1721.740,1721.500,1721.590,25
SQ:XAUUSD,2020-04-27T06:38:00+02:00,1721.580,1721.640,1720.940,1721.050,44
SQ:XAUUSD,2020-04-27T06:39:00+02:00,1720.990,1721.000,1719.860,1720.070,49
SQ:XAUUSD,2020-04-27T06:40:00+02:00,1720.070,1720.260,1720.070,1720.210,21
SQ:XAUUSD,2020-04-27T06:41:00+02:00,1720.210,1720.290,1720.130,1720.290,9
SQ:XAUUSD,2020-04-27T06:42:00+02:00,1720.290,1720.290,1720.060,1720.140,33
SQ:XAUUSD,2020-04-27T06:43:00+02:00,1720.160,1720.320,1720.120,1720.290,22
SQ:XAUUSD,2020-04-27T06:44:00+02:00,1720.290,1720.450,1720.260,1720.350,22
SQ:XAUUSD,2020-04-27T06:45:00+02:00,1720.350,1720.550,1720.270,1720.550,11
SQ:XAUUSD,2020-04-27T06:46:00+02:00,1720.550,1720.600,1720.480,1720.580,13
SQ:XAUUSD,2020-04-27T06:47:00+02:00,1720.510,1720.650,1720.430,1720.500,19
SQ:XAUUSD,2020-04-27T06:48:00+02:00,1720.500,1720.500,1720.380,1720.450,10
SQ:XAUUSD,2020-04-27T06:49:00+02:00,1720.470,1720.820,1720.470,1720.810,14
SQ:XAUUSD,2020-04-27T06:50:00+02:00,1720.850,1721.000,1720.850,1720.940,12
SQ:XAUUSD,2020-04-27T06:51:00+02:00,1720.910,1720.910,1720.790,1720.790,24
SQ:XAUUSD,2020-04-27T06:52:00+02:00,1720.800,1720.800,1720.730,1720.760,13
SQ:XAUUSD,2020-04-27T06:53:00+02:00,1720.760,1721.030,1720.760,1721.000,14
SQ:XAUUSD,2020-04-27T06:54:00+02:00,1721.000,1721.010,1720.900,1720.900,19
SQ:XAUUSD,2020-04-27T06:55:00+02:00,1720.930,1721.000,1720.920,1720.980,17
SQ:XAUUSD,2020-04-27T06:56:00+02:00,1720.990,1721.660,1720.930,1721.290,16
SQ:XAUUSD,2020-04-27T06:57:00+02:00,1721.220,1721.310,1721.130,1721.160,30
SQ:XAUUSD,2020-04-27T06:58:00+02:00,1721.130,1721.310,1721.110,1721.120,12
SQ:XAUUSD,2020-04-27T06:59:00+02:00,1721.110,1721.110,1720.380,1720.450,20
SQ:XAUUSD,2020-04-27T07:00:00+02:00,1720.450,1721.080,1720.350,1721.000,21
SQ:XAUUSD,2020-04-27T07:01:00+02:00,1721.000,1721.000,1720.010,1720.130,33
SQ:XAUUSD,2020-04-27T07:02:00+02:00,1720.130,1720.490,1720.130,1720.360,31
SQ:XAUUSD,2020-04-27T07:03:00+02:00,1720.340,1720.440,1720.220,1720.380,38
SQ:XAUUSD,2020-04-27T07:04:00+02:00,1720.380,1720.410,1720.360,1720.410,18
SQ:XAUUSD,2020-04-27T07:05:00+02:00,1720.420,1720.730,1720.270,1720.540,80
SQ:XAUUSD,2020-04-27T07:06:00+02:00,1720.600,1720.910,1720.140,1720.650,142
SQ:XAUUSD,2020-04-27T07:07:00+02:00,1720.780,1721.190,1720.580,1721.000,100
SQ:XAUUSD,2020-04-27T07:08:00+02:00,1721.000,1721.320,1720.530,1720.650,79
SQ:XAUUSD,2020-04-27T07:09:00+02:00,1720.650,1721.150,1720.620,1720.720,72
SQ:XAUUSD,2020-04-27T07:10:00+02:00,1720.910,1721.300,1720.310,1720.320,48
SQ:XAUUSD,2020-04-27T07:11:00+02:00,1720.320,1721.150,1720.160,1720.680,93
SQ:XAUUSD,2020-04-27T07:12:00+02:00,1720.670,1721.170,1720.600,1720.990,82
SQ:XAUUSD,2020-04-27T07:13:00+02:00,1720.990,1721.350,1720.610,1720.910,69
SQ:XAUUSD,2020-04-27T07:14:00+02:00,1720.890,1721.350,1720.710,1720.750,37
SQ:XAUUSD,2020-04-27T07:15:00+02:00,1720.740,1721.610,1720.740,1721.590,77
SQ:XAUUSD,2020-04-27T07:16:00+02:00,1721.550,1721.650,1721.140,1721.210,49
SQ:XAUUSD,2020-04-27T07:17:00+02:00,1721.210,1721.350,1721.040,1721.150,32
SQ:XAUUSD,2020-04-27T07:18:00+02:00,1721.150,1721.380,1720.610,1720.690,79
SQ:XAUUSD,2020-04-27T07:19:00+02:00,1720.690,1721.310,1720.430,1720.820,149
SQ:XAUUSD,2020-04-27T07:20:00+02:00,1720.820,1721.420,1720.590,1721.018,52
SQ:XAUUSD,2020-04-27T07:21:00+02:00,1721.018,1721.480,1720.610,1720.640,58
SQ:XAUUSD,2020-04-27T07:22:00+02:00,1720.630,1721.320,1720.470,1720.750,59
SQ:XAUUSD,2020-04-27T07:23:00+02:00,1720.810,1721.030,1720.490,1720.670,56
SQ:XAUUSD,2020-04-27T07:24:00+02:00,1720.720,1721.100,1720.670,1720.930,41
SQ:XAUUSD,2020-04-27T07:25:00+02:00,1720.910,1721.140,1720.660,1721.080,55
SQ:XAUUSD,2020-04-27T07:26:00+02:00,1721.080,1721.360,1720.820,1721.360,49
SQ:XAUUSD,2020-04-27T07:27:00+02:00,1721.360,1721.360,1720.690,1721.040,78
SQ:XAUUSD,2020-04-27T07:28:00+02:00,1721.040,1721.630,1720.990,1721.370,97
SQ:XAUUSD,2020-04-27T07:29:00+02:00,1721.370,1721.870,1721.350,1721.730,59
SQ:XAUUSD,2020-04-27T07:30:00+02:00,1721.730,1721.870,1721.130,1721.870,90
SQ:XAUUSD,2020-04-27T07:31:00+02:00,1721.870,1722.000,1721.730,1721.930,64
SQ:XAUUSD,2020-04-27T07:32:00+02:00,1721.910,1722.010,1721.690,1722.010,32
SQ:XAUUSD,2020-04-27T07:33:00+02:00,1722.000,1722.470,1721.970,1722.380,74
SQ:XAUUSD,2020-04-27T07:34:00+02:00,1722.320,1722.430,1722.270,1722.290,48
SQ:XAUUSD,2020-04-27T07:35:00+02:00,1722.290,1722.590,1722.220,1722.590,33
SQ:XAUUSD,2020-04-27T07:36:00+02:00,1722.590,1722.600,1721.800,1722.140,73
SQ:XAUUSD,2020-04-27T07:37:00+02:00,1722.140,1722.160,1721.670,1721.670,41
SQ:XAUUSD,2020-04-27T07:38:00+02:00,1721.670,1721.670,1720.510,1721.290,59
SQ:XAUUSD,2020-04-27T07:39:00+02:00,1721.290,1721.290,1721.040,1721.050,45
SQ:XAUUSD,2020-04-27T07:40:00+02:00,1721.050,1721.220,1720.880,1720.920,59
SQ:XAUUSD,2020-04-27T07:41:00+02:00,1720.920,1721.500,1720.770,1721.430,125
SQ:XAUUSD,2020-04-27T07:42:00+02:00,1721.430,1721.630,1720.970,1721.100,101
SQ:XAUUSD,2020-04-27T07:43:00+02:00,1721.060,1721.920,1721.010,1721.820,95
SQ:XAUUSD,2020-04-27T07:44:00+02:00,1721.820,1721.880,1720.330,1720.520,130
SQ:XAUUSD,2020-04-27T07:45:00+02:00,1720.540,1721.750,1720.410,1721.700,99
SQ:XAUUSD,2020-04-27T07:46:00+02:00,1721.770,1722.030,1721.570,1721.760,64
SQ:XAUUSD,2020-04-27T07:47:00+02:00,1721.780,1722.830,1721.780,1722.750,70
SQ:XAUUSD,2020-04-27T07:48:00+02:00,1722.830,1722.830,1722.590,1722.830,34
SQ:XAUUSD,2020-04-27T07:49:00+02:00,1722.790,1722.830,1722.420,1722.420,23
SQ:XAUUSD,2020-04-27T07:50:00+02:00,1722.420,1722.990,1722.190,1722.360,61
SQ:XAUUSD,2020-04-27T07:51:00+02:00,1722.330,1722.330,1720.820,1720.980,80
SQ:XAUUSD,2020-04-27T07:52:00+02:00,1721.020,1721.280,1720.640,1720.840,51
SQ:XAUUSD,2020-04-27T07:53:00+02:00,1720.840,1721.650,1720.800,1721.150,57
SQ:XAUUSD,2020-04-27T07:54:00+02:00,1721.150,1721.530,1720.570,1720.570,102
SQ:XAUUSD,2020-04-27T07:55:00+02:00,1720.570,1720.980,1720.400,1720.470,84
SQ:XAUUSD,2020-04-27T07:56:00+02:00,1720.470,1721.330,1720.450,1721.150,101
SQ:XAUUSD,2020-04-27T07:57:00+02:00,1721.150,1721.480,1720.990,1720.990,56
SQ:XAUUSD,2020-04-27T07:58:00+02:00,1721.080,1721.270,1720.910,1721.130,45
SQ:XAUUSD,2020-04-27T07:59:00+02:00,1721.160,1721.940,1720.910,1721.430,40
SQ:XAUUSD,2020-04-27T08:00:00+02:00,1721.480,1721.940,1721.150,1721.820,61
SQ:XAUUSD,2020-04-27T08:01:00+02:00,1721.820,1721.950,1721.280,1721.490,57
SQ:XAUUSD,2020-04-27T08:02:00+02:00,1721.510,1722.110,1721.510,1721.680,68
SQ:XAUUSD,2020-04-27T08:03:00+02:00,1721.680,1722.940,1721.680,1722.600,68
SQ:XAUUSD,2020-04-27T08:04:00+02:00,1722.600,1722.960,1721.970,1722.340,92
SQ:XAUUSD,2020-04-27T08:05:00+02:00,1722.340,1722.400,1721.640,1721.820,102
SQ:XAUUSD,2020-04-27T08:06:00+02:00,1721.860,1723.030,1721.860,1722.750,208
SQ:XAUUSD,2020-04-27T08:07:00+02:00,1722.800,1723.340,1722.710,1723.160,134
SQ:XAUUSD,2020-04-27T08:08:00+02:00,1723.160,1723.280,1721.940,1722.420,114
SQ:XAUUSD,2020-04-27T08:09:00+02:00,1722.480,1722.630,1722.160,1722.390,81
SQ:XAUUSD,2020-04-27T08:10:00+02:00,1722.390,1722.390,1721.830,1722.110,62
SQ:XAUUSD,2020-04-27T08:11:00+02:00,1722.110,1722.110,1722.050,1722.110,9
SQ:XAUUSD,2020-04-27T08:12:00+02:00,1722.110,1722.200,1722.050,1722.110,22
SQ:XAUUSD,2020-04-27T08:13:00+02:00,1722.110,1722.610,1722.060,1722.110,73
SQ:XAUUSD,2020-04-27T08:14:00+02:00,1722.110,1722.110,1721.190,1721.360,155
SQ:XAUUSD,2020-04-27T08:15:00+02:00,1721.360,1721.450,1721.260,1721.380,86
SQ:XAUUSD,2020-04-27T08:16:00+02:00,1721.420,1721.510,1721.360,1721.360,29
SQ:XAUUSD,2020-04-27T08:17:00+02:00,1721.360,1721.360,1721.050,1721.360,123
SQ:XAUUSD,2020-04-27T08:18:00+02:00,1721.360,1721.360,1720.960,1721.360,7
SQ:XAUUSD,2020-04-27T08:19:00+02:00,1721.360,1721.440,1721.120,1721.120,7
SQ:XAUUSD,2020-04-27T08:20:00+02:00,1721.120,1721.520,1721.120,1721.520,85
SQ:XAUUSD,2020-04-27T08:21:00+02:00,1721.460,1721.720,1721.300,1721.310,39
SQ:XAUUSD,2020-04-27T08:22:00+02:00,1721.310,1721.360,1719.510,1720.580,78
SQ:XAUUSD,2020-04-27T08:23:00+02:00,1720.570,1721.020,1720.310,1720.550,55
SQ:XAUUSD,2020-04-27T08:24:00+02:00,1720.550,1720.860,1720.240,1720.550,19
SQ:XAUUSD,2020-04-27T08:25:00+02:00,1720.550,1720.550,1720.290,1720.380,37
SQ:XAUUSD,2020-04-27T08:26:00+02:00,1720.390,1720.550,1720.050,1720.110,61
SQ:XAUUSD,2020-04-27T08:27:00+02:00,1720.120,1720.140,1719.440,1720.080,81
SQ:XAUUSD,2020-04-27T08:28:00+02:00,1720.070,1720.700,1719.320,1719.970,78
SQ:XAUUSD,2020-04-27T08:29:00+02:00,1719.970,1720.160,1719.830,1719.890,17
SQ:XAUUSD,2020-04-27T08:30:00+02:00,1719.880,1720.120,1719.260,1719.600,81
SQ:XAUUSD,2020-04-27T08:31:00+02:00,1719.600,1719.860,1719.530,1719.750,60
SQ:XAUUSD,2020-04-27T08:32:00+02:00,1719.750,1720.740,1719.630,1720.380,58
SQ:XAUUSD,2020-04-27T08:33:00+02:00,1720.380,1721.780,1720.210,1720.210,112
SQ:XAUUSD,2020-04-27T08:34:00+02:00,1720.250,1720.600,1720.110,1720.220,46
SQ:XAUUSD,2020-04-27T08:35:00+02:00,1720.220,1720.490,1719.990,1720.130,38
SQ:XAUUSD,2020-04-27T08:36:00+02:00,1720.130,1720.490,1720.130,1720.210,16
SQ:XAUUSD,2020-04-27T08:37:00+02:00,1720.210,1720.566,1720.060,1720.436,41
SQ:XAUUSD,2020-04-27T08:38:00+02:00,1720.436,1720.582,1718.000,1719.280,166
SQ:XAUUSD,2020-04-27T08:39:00+02:00,1719.280,1719.440,1717.860,1719.240,197
SQ:XAUUSD,2020-04-27T08:40:00+02:00,1719.240,1719.880,1718.100,1719.540,180
SQ:XAUUSD,2020-04-27T08:41:00+02:00,1719.510,1720.260,1718.700,1719.508,165
SQ:XAUUSD,2020-04-27T08:42:00+02:00,1719.438,1719.712,1718.310,1718.350,181
SQ:XAUUSD,2020-04-27T08:43:00+02:00,1718.370,1719.260,1718.160,1718.800,143
SQ:XAUUSD,2020-04-27T08:44:00+02:00,1718.780,1719.310,1717.550,1717.880,190
SQ:XAUUSD,2020-04-27T08:45:00+02:00,1717.880,1718.550,1717.480,1718.480,78
SQ:XAUUSD,2020-04-27T08:46:00+02:00,1718.520,1718.740,1718.000,1718.040,73
SQ:XAUUSD,2020-04-27T08:47:00+02:00,1718.040,1718.320,1717.320,1717.900,127
SQ:XAUUSD,2020-04-27T08:48:00+02:00,1717.730,1717.730,1714.180,1715.640,242
SQ:XAUUSD,2020-04-27T08:49:00+02:00,1715.640,1716.590,1714.730,1715.900,274
SQ:XAUUSD,2020-04-27T08:50:00+02:00,1715.900,1716.500,1714.520,1715.810,290
SQ:XAUUSD,2020-04-27T08:51:00+02:00,1715.810,1716.190,1714.980,1716.040,183
SQ:XAUUSD,2020-04-27T08:52:00+02:00,1716.040,1716.220,1714.950,1715.750,90
SQ:XAUUSD,2020-04-27T08:53:00+02:00,1715.750,1715.750,1714.610,1715.310,84
SQ:XAUUSD,2020-04-27T08:54:00+02:00,1715.310,1715.840,1714.700,1714.980,82
SQ:XAUUSD,2020-04-27T08:55:00+02:00,1714.980,1715.770,1714.470,1715.420,131
SQ:XAUUSD,2020-04-27T08:56:00+02:00,1715.420,1715.620,1714.520,1715.330,114
SQ:XAUUSD,2020-04-27T08:57:00+02:00,1715.330,1715.430,1714.050,1714.630,197
SQ:XAUUSD,2020-04-27T08:58:00+02:00,1714.680,1715.200,1712.990,1713.130,120
SQ:XAUUSD,2020-04-27T08:59:00+02:00,1712.990,1715.030,1712.990,1714.450,163
SQ:XAUUSD,2020-04-27T09:00:00+02:00,1714.420,1714.940,1712.700,1714.770,371
SQ:XAUUSD,2020-04-27T09:01:00+02:00,1714.830,1715.930,1714.550,1715.880,227
SQ:XAUUSD,2020-04-27T09:02:00+02:00,1715.870,1715.900,1715.050,1715.220,220
SQ:XAUUSD,2020-04-27T09:03:00+02:00,1715.230,1716.870,1714.780,1716.290,256
SQ:XAUUSD,2020-04-27T09:04:00+02:00,1716.220,1716.850,1715.750,1716.500,388
SQ:XAUUSD,2020-04-27T09:05:00+02:00,1716.380,1717.310,1716.260,1716.880,392
SQ:XAUUSD,2020-04-27T09:06:00+02:00,1716.450,1717.930,1716.200,1717.680,256
SQ:XAUUSD,2020-04-27T09:07:00+02:00,1717.730,1717.780,1717.500,1717.550,250
SQ:XAUUSD,2020-04-27T09:08:00+02:00,1717.550,1719.360,1717.440,1718.700,233
SQ:XAUUSD,2020-04-27T09:09:00+02:00,1718.700,1718.750,1718.180,1718.560,203
SQ:XAUUSD,2020-04-27T09:10:00+02:00,1718.570,1719.040,1718.500,1718.550,175
SQ:XAUUSD,2020-04-27T09:11:00+02:00,1718.550,1718.780,1718.250,1718.580,97
SQ:XAUUSD,2020-04-27T09:12:00+02:00,1718.580,1719.200,1718.310,1719.020,58
SQ:XAUUSD,2020-04-27T09:13:00+02:00,1719.000,1720.250,1718.550,1719.230,111
SQ:XAUUSD,2020-04-27T09:14:00+02:00,1719.230,1720.970,1718.680,1720.210,258
SQ:XAUUSD,2020-04-27T09:15:00+02:00,1720.250,1720.250,1718.700,1719.070,266
SQ:XAUUSD,2020-04-27T09:16:00+02:00,1719.160,1719.230,1717.570,1717.860,128
SQ:XAUUSD,2020-04-27T09:17:00+02:00,1717.860,1717.860,1716.740,1717.560,147
SQ:XAUUSD,2020-04-27T09:18:00+02:00,1717.550,1718.050,1717.250,1717.940,249
SQ:XAUUSD,2020-04-27T09:19:00+02:00,1717.960,1718.290,1717.470,1717.620,298
SQ:XAUUSD,2020-04-27T09:20:00+02:00,1717.620,1718.540,1717.410,1717.920,150
SQ:XAUUSD,2020-04-27T09:21:00+02:00,1717.860,1719.700,1717.310,1718.810,249
SQ:XAUUSD,2020-04-27T09:22:00+02:00,1718.810,1719.450,1718.090,1718.300,140
SQ:XAUUSD,2020-04-27T09:23:00+02:00,1718.330,1719.190,1718.330,1718.930,162
SQ:XAUUSD,2020-04-27T09:24:00+02:00,1718.930,1718.940,1717.880,1717.950,179
SQ:XAUUSD,2020-04-27T09:25:00+02:00,1718.060,1718.470,1717.760,1718.120,144
SQ:XAUUSD,2020-04-27T09:26:00+02:00,1718.100,1719.700,1717.890,1719.030,276
SQ:XAUUSD,2020-04-27T09:27:00+02:00,1719.380,1719.710,1718.570,1719.060,395
SQ:XAUUSD,2020-04-27T09:28:00+02:00,1719.060,1720.280,1719.060,1719.590,177
SQ:XAUUSD,2020-04-27T09:29:00+02:00,1719.540,1720.140,1718.190,1718.190,220
SQ:XAUUSD,2020-04-27T09:30:00+02:00,1718.230,1718.940,1718.230,1718.630,175
SQ:XAUUSD,2020-04-27T09:31:00+02:00,1718.670,1719.340,1718.380,1718.580,153
SQ:XAUUSD,2020-04-27T09:32:00+02:00,1718.570,1719.720,1718.560,1718.910,216
SQ:XAUUSD,2020-04-27T09:33:00+02:00,1718.890,1719.130,1718.480,1718.840,243
SQ:XAUUSD,2020-04-27T09:34:00+02:00,1718.830,1719.010,1718.400,1718.480,355
SQ:XAUUSD,2020-04-27T09:35:00+02:00,1718.510,1718.540,1716.700,1718.470,549
SQ:XAUUSD,2020-04-27T09:36:00+02:00,1718.480,1719.170,1717.120,1717.610,419
SQ:XAUUSD,2020-04-27T09:37:00+02:00,1717.660,1718.510,1717.030,1717.600,385
SQ:XAUUSD,2020-04-27T09:38:00+02:00,1717.600,1718.320,1717.400,1717.930,175
SQ:XAUUSD,2020-04-27T09:39:00+02:00,1717.930,1718.900,1717.690,1717.860,204
SQ:XAUUSD,2020-04-27T09:40:00+02:00,1717.860,1719.190,1717.860,1718.640,213
SQ:XAUUSD,2020-04-27T09:41:00+02:00,1718.640,1719.560,1717.790,1718.340,242
SQ:XAUUSD,2020-04-27T09:42:00+02:00,1718.340,1719.730,1718.040,1718.610,305
SQ:XAUUSD,2020-04-27T09:43:00+02:00,1718.650,1718.830,1717.690,1718.200,69
SQ:XAUUSD,2020-04-27T09:44:00+02:00,1718.200,1718.540,1717.860,1718.470,69
SQ:XAUUSD,2020-04-27T09:45:00+02:00,1718.470,1719.510,1718.470,1719.110,102
SQ:XAUUSD,2020-04-27T09:46:00+02:00,1719.110,1719.670,1718.970,1719.330,80
SQ:XAUUSD,2020-04-27T09:47:00+02:00,1719.280,1722.180,1719.140,1720.670,451
SQ:XAUUSD,2020-04-27T09:48:00+02:00,1720.720,1721.550,1720.050,1720.310,164
SQ:XAUUSD,2020-04-27T09:49:00+02:00,1720.270,1720.340,1719.250,1719.640,67
SQ:XAUUSD,2020-04-27T09:50:00+02:00,1719.640,1720.340,1719.134,1719.802,315
SQ:XAUUSD,2020-04-27T09:51:00+02:00,1719.802,1720.440,1719.600,1720.190,77
SQ:XAUUSD,2020-04-27T09:52:00+02:00,1720.200,1721.110,1719.720,1719.800,336
SQ:XAUUSD,2020-04-27T09:53:00+02:00,1719.800,1720.130,1719.320,1719.960,256
SQ:XAUUSD,2020-04-27T09:54:00+02:00,1719.980,1720.030,1719.340,1719.800,297
SQ:XAUUSD,2020-04-27T09:55:00+02:00,1719.780,1720.080,1719.440,1720.030,361
SQ:XAUUSD,2020-04-27T09:56:00+02:00,1720.030,1721.250,1719.620,1720.370,214
SQ:XAUUSD,2020-04-27T09:57:00+02:00,1720.370,1720.420,1719.420,1719.440,94
SQ:XAUUSD,2020-04-27T09:58:00+02:00,1719.460,1720.190,1719.100,1720.070,82
SQ:XAUUSD,2020-04-27T09:59:00+02:00,1720.070,1720.870,1719.680,1720.470,83
SQ:XAUUSD,2020-04-27T10:00:00+02:00,1720.400,1720.550,1719.690,1719.840,91
SQ:XAUUSD,2020-04-27T10:01:00+02:00,1719.840,1720.010,1719.380,1719.580,146
SQ:XAUUSD,2020-04-27T10:02:00+02:00,1719.580,1719.650,1719.170,1719.540,169
SQ:XAUUSD,2020-04-27T10:03:00+02:00,1719.560,1719.790,1719.240,1719.640,156
SQ:XAUUSD,2020-04-27T10:04:00+02:00,1719.450,1721.182,1719.450,1720.438,218
SQ:XAUUSD,2020-04-27T10:05:00+02:00,1720.438,1720.438,1719.630,1719.968,100
SQ:XAUUSD,2020-04-27T10:06:00+02:00,1720.010,1720.140,1719.660,1720.140,145
SQ:XAUUSD,2020-04-27T10:07:00+02:00,1720.120,1720.150,1719.340,1719.530,161
SQ:XAUUSD,2020-04-27T10:08:00+02:00,1719.530,1719.700,1718.980,1719.510,234
SQ:XAUUSD,2020-04-27T10:09:00+02:00,1719.520,1719.520,1718.940,1719.030,103
SQ:XAUUSD,2020-04-27T10:10:00+02:00,1718.990,1719.650,1718.890,1719.250,173
SQ:XAUUSD,2020-04-27T10:11:00+02:00,1719.250,1719.570,1719.110,1719.110,142
SQ:XAUUSD,2020-04-27T10:12:00+02:00,1719.110,1719.420,1718.890,1718.980,42
SQ:XAUUSD,2020-04-27T10:13:00+02:00,1718.980,1719.260,1718.830,1718.960,84
SQ:XAUUSD,2020-04-27T10:14:00+02:00,1718.990,1719.400,1718.710,1719.190,128
SQ:XAUUSD,2020-04-27T10:15:00+02:00,1719.170,1720.230,1718.630,1719.090,262
SQ:XAUUSD,2020-04-27T10:16:00+02:00,1719.110,1720.150,1719.110,1719.850,106
SQ:XAUUSD,2020-04-27T10:17:00+02:00,1719.850,1720.440,1719.300,1719.330,75
SQ:XAUUSD,2020-04-27T10:18:00+02:00,1719.330,1720.370,1719.140,1719.610,93
SQ:XAUUSD,2020-04-27T10:19:00+02:00,1719.570,1719.980,1719.180,1719.250,39
SQ:XAUUSD,2020-04-27T10:20:00+02:00,1719.250,1719.540,1718.870,1719.540,123
SQ:XAUUSD,2020-04-27T10:21:00+02:00,1719.540,1720.800,1719.540,1720.660,199
SQ:XAUUSD,2020-04-27T10:22:00+02:00,1720.660,1720.750,1719.700,1719.760,141
SQ:XAUUSD,2020-04-27T10:23:00+02:00,1719.730,1720.270,1719.730,1720.080,144
SQ:XAUUSD,2020-04-27T10:24:00+02:00,1720.110,1720.570,1719.540,1720.100,287
SQ:XAUUSD,2020-04-27T10:25:00+02:00,1720.010,1720.300,1719.690,1719.820,296
SQ:XAUUSD,2020-04-27T10:26:00+02:00,1719.820,1720.060,1719.370,1719.460,298
SQ:XAUUSD,2020-04-27T10:27:00+02:00,1719.460,1720.460,1719.200,1720.210,339
SQ:XAUUSD,2020-04-27T10:28:00+02:00,1720.120,1722.030,1719.720,1721.060,334
SQ:XAUUSD,2020-04-27T10:29:00+02:00,1721.050,1721.060,1720.100,1720.200,186
SQ:XAUUSD,2020-04-27T10:30:00+02:00,1720.200,1720.492,1719.720,1720.250,243
SQ:XAUUSD,2020-04-27T10:31:00+02:00,1720.260,1720.502,1718.920,1719.980,297
SQ:XAUUSD,2020-04-27T10:32:00+02:00,1719.980,1720.682,1719.370,1720.262,187
SQ:XAUUSD,2020-04-27T10:33:00+02:00,1720.262,1720.262,1719.350,1719.960,178
SQ:XAUUSD,2020-04-27T10:34:00+02:00,1719.960,1720.440,1719.360,1720.070,142
SQ:XAUUSD,2020-04-27T10:35:00+02:00,1720.090,1720.702,1719.440,1719.630,240
SQ:XAUUSD,2020-04-27T10:36:00+02:00,1719.630,1720.460,1719.630,1719.800,75
SQ:XAUUSD,2020-04-27T10:37:00+02:00,1719.740,1720.230,1719.440,1719.820,216
SQ:XAUUSD,2020-04-27T10:38:00+02:00,1719.820,1720.438,1719.320,1719.320,311
SQ:XAUUSD,2020-04-27T10:39:00+02:00,1719.320,1720.448,1719.320,1720.270,171
SQ:XAUUSD,2020-04-27T10:40:00+02:00,1720.212,1720.342,1719.410,1719.520,191
SQ:XAUUSD,2020-04-27T10:41:00+02:00,1719.530,1720.410,1719.240,1720.410,182
SQ:XAUUSD,2020-04-27T10:42:00+02:00,1720.440,1720.690,1720.160,1720.440,145
SQ:XAUUSD,2020-04-27T10:43:00+02:00,1720.460,1720.594,1719.920,1719.940,135
SQ:XAUUSD,2020-04-27T10:44:00+02:00,1719.930,1720.200,1719.540,1719.550,141
SQ:XAUUSD,2020-04-27T10:45:00+02:00,1719.550,1719.690,1718.850,1719.010,209
SQ:XAUUSD,2020-04-27T10:46:00+02:00,1719.010,1719.390,1718.520,1718.990,239
SQ:XAUUSD,2020-04-27T10:47:00+02:00,1719.060,1719.580,1718.950,1719.400,191
SQ:XAUUSD,2020-04-27T10:48:00+02:00,1719.390,1719.570,1718.790,1718.850,109
SQ:XAUUSD,2020-04-27T10:49:00+02:00,1718.810,1719.580,1718.310,1719.460,293
SQ:XAUUSD,2020-04-27T10:50:00+02:00,1719.460,1720.060,1717.900,1719.960,363
SQ:XAUUSD,2020-04-27T10:51:00+02:00,1719.960,1720.870,1719.210,1720.610,284
SQ:XAUUSD,2020-04-27T10:52:00+02:00,1720.780,1722.434,1719.620,1720.210,377
SQ:XAUUSD,2020-04-27T10:53:00+02:00,1720.210,1720.780,1719.840,1720.190,223
SQ:XAUUSD,2020-04-27T10:54:00+02:00,1720.190,1722.070,1720.150,1721.170,374
SQ:XAUUSD,2020-04-27T10:55:00+02:00,1721.170,1722.520,1721.080,1721.970,327
SQ:XAUUSD,2020-04-27T10:56:00+02:00,1721.910,1723.470,1721.780,1722.440,470
SQ:XAUUSD,2020-04-27T10:57:00+02:00,1722.440,1723.150,1722.110,1723.016,244
SQ:XAUUSD,2020-04-27T10:58:00+02:00,1722.630,1723.170,1721.550,1721.690,199
SQ:XAUUSD,2020-04-27T10:59:00+02:00,1721.710,1722.302,1721.230,1722.060,107
SQ:XAUUSD,2020-04-27T11:00:00+02:00,1722.060,1722.130,1721.260,1721.610,160
SQ:XAUUSD,2020-04-27T11:01:00+02:00,1721.610,1722.178,1720.700,1721.290,192
SQ:XAUUSD,2020-04-27T11:02:00+02:00,1721.290,1721.860,1719.760,1719.950,373
SQ:XAUUSD,2020-04-27T11:03:00+02:00,1719.950,1720.840,1719.860,1719.890,148
SQ:XAUUSD,2020-04-27T11:04:00+02:00,1719.890,1720.670,1719.890,1720.320,60
SQ:XAUUSD,2020-04-27T11:05:00+02:00,1720.320,1721.580,1720.320,1721.380,135
SQ:XAUUSD,2020-04-27T11:06:00+02:00,1721.340,1721.480,1719.990,1720.080,204
SQ:XAUUSD,2020-04-27T11:07:00+02:00,1720.050,1721.210,1719.820,1721.050,258
SQ:XAUUSD,2020-04-27T11:08:00+02:00,1721.060,1721.110,1720.080,1720.930,159
SQ:XAUUSD,2020-04-27T11:09:00+02:00,1720.950,1721.210,1720.810,1721.080,82
SQ:XAUUSD,2020-04-27T11:10:00+02:00,1721.090,1721.220,1720.610,1720.770,89
SQ:XAUUSD,2020-04-27T11:11:00+02:00,1720.870,1721.480,1720.810,1721.260,101
SQ:XAUUSD,2020-04-27T11:12:00+02:00,1721.240,1721.490,1721.110,1721.266,146
SQ:XAUUSD,2020-04-27T11:13:00+02:00,1721.266,1722.250,1721.140,1721.344,198
SQ:XAUUSD,2020-04-27T11:14:00+02:00,1721.354,1721.524,1720.730,1720.780,103
SQ:XAUUSD,2020-04-27T11:15:00+02:00,1720.780,1721.340,1720.730,1721.240,77
SQ:XAUUSD,2020-04-27T11:16:00+02:00,1721.240,1722.040,1720.790,1721.380,218
SQ:XAUUSD,2020-04-27T11:17:00+02:00,1721.350,1722.460,1720.902,1721.630,252
SQ:XAUUSD,2020-04-27T11:18:00+02:00,1721.630,1722.270,1721.350,1722.150,105
SQ:XAUUSD,2020-04-27T11:19:00+02:00,1722.110,1722.320,1721.150,1721.570,160
SQ:XAUUSD,2020-04-27T11:20:00+02:00,1721.570,1721.600,1721.120,1721.300,80
SQ:XAUUSD,2020-04-27T11:21:00+02:00,1721.260,1721.700,1720.640,1720.860,96
SQ:XAUUSD,2020-04-27T11:22:00+02:00,1720.880,1721.360,1720.810,1721.360,34
SQ:XAUUSD,2020-04-27T11:23:00+02:00,1721.360,1722.090,1720.840,1721.130,57
SQ:XAUUSD,2020-04-27T11:24:00+02:00,1721.130,1721.230,1721.120,1721.120,11
SQ:XAUUSD,2020-04-27T11:25:00+02:00,1721.170,1722.110,1721.070,1721.300,90
SQ:XAUUSD,2020-04-27T11:26:00+02:00,1721.110,1722.100,1720.970,1721.820,139
SQ:XAUUSD,2020-04-27T11:27:00+02:00,1721.820,1721.940,1721.170,1721.380,151
SQ:XAUUSD,2020-04-27T11:28:00+02:00,1721.380,1722.070,1721.100,1721.640,191
SQ:XAUUSD,2020-04-27T11:29:00+02:00,1721.370,1721.650,1721.080,1721.250,93
SQ:XAUUSD,2020-04-27T11:30:00+02:00,1721.270,1721.480,1719.180,1719.960,94
SQ:XAUUSD,2020-04-27T11:31:00+02:00,1719.860,1720.100,1718.300,1718.630,284
SQ:XAUUSD,2020-04-27T11:32:00+02:00,1718.480,1719.030,1715.410,1716.550,302
SQ:XAUUSD,2020-04-27T11:33:00+02:00,1716.590,1717.060,1715.790,1716.680,149
SQ:XAUUSD,2020-04-27T11:34:00+02:00,1716.680,1717.450,1716.160,1716.760,198
SQ:XAUUSD,2020-04-27T11:35:00+02:00,1716.760,1717.880,1716.670,1717.630,170
SQ:XAUUSD,2020-04-27T11:36:00+02:00,1717.430,1718.000,1715.640,1716.040,275
SQ:XAUUSD,2020-04-27T11:37:00+02:00,1715.970,1717.340,1715.910,1716.940,369
SQ:XAUUSD,2020-04-27T11:38:00+02:00,1716.890,1717.270,1716.480,1716.530,126
SQ:XAUUSD,2020-04-27T11:39:00+02:00,1716.590,1718.020,1716.580,1717.480,172
SQ:XAUUSD,2020-04-27T11:40:00+02:00,1717.480,1718.210,1716.894,1717.660,122
SQ:XAUUSD,2020-04-27T11:41:00+02:00,1717.660,1718.010,1716.670,1717.060,105
SQ:XAUUSD,2020-04-27T11:42:00+02:00,1717.020,1717.650,1716.820,1717.190,126
SQ:XAUUSD,2020-04-27T11:43:00+02:00,1717.210,1717.580,1717.070,1717.220,56
SQ:XAUUSD,2020-04-27T11:44:00+02:00,1717.220,1717.690,1717.050,1717.460,254
SQ:XAUUSD,2020-04-27T11:45:00+02:00,1717.430,1717.690,1716.380,1717.450,273
SQ:XAUUSD,2020-04-27T11:46:00+02:00,1717.440,1717.500,1715.950,1716.890,222
SQ:XAUUSD,2020-04-27T11:47:00+02:00,1716.960,1717.430,1716.830,1717.160,175
SQ:XAUUSD,2020-04-27T11:48:00+02:00,1717.170,1717.290,1716.880,1717.010,123
SQ:XAUUSD,2020-04-27T11:49:00+02:00,1716.960,1717.300,1716.790,1716.940,150
SQ:XAUUSD,2020-04-27T11:50:00+02:00,1716.940,1718.060,1716.750,1717.740,186
SQ:XAUUSD,2020-04-27T11:51:00+02:00,1717.710,1718.120,1716.910,1717.630,183
SQ:XAUUSD,2020-04-27T11:52:00+02:00,1717.640,1717.870,1716.090,1717.080,229
SQ:XAUUSD,2020-04-27T11:53:00+02:00,1716.910,1717.670,1715.880,1717.160,181
SQ:XAUUSD,2020-04-27T11:54:00+02:00,1717.160,1717.940,1716.580,1717.220,135
SQ:XAUUSD,2020-04-27T11:55:00+02:00,1717.200,1718.700,1717.180,1717.610,272
SQ:XAUUSD,2020-04-27T11:56:00+02:00,1717.630,1717.930,1716.830,1716.870,142
SQ:XAUUSD,2020-04-27T11:57:00+02:00,1716.830,1717.480,1716.810,1716.870,109
SQ:XAUUSD,2020-04-27T11:58:00+02:00,1716.860,1717.650,1716.790,1717.030,144
SQ:XAUUSD,2020-04-27T11:59:00+02:00,1717.030,1717.650,1716.600,1716.880,221
SQ:XAUUSD,2020-04-27T12:00:00+02:00,1716.880,1717.130,1716.050,1716.240,172
SQ:XAUUSD,2020-04-27T12:01:00+02:00,1716.300,1717.150,1716.070,1716.230,164
SQ:XAUUSD,2020-04-27T12:02:00+02:00,1716.270,1717.330,1716.160,1716.750,157
SQ:XAUUSD,2020-04-27T12:03:00+02:00,1716.730,1717.250,1716.350,1716.910,156
SQ:XAUUSD,2020-04-27T12:04:00+02:00,1716.910,1717.570,1716.130,1716.640,140
SQ:XAUUSD,2020-04-27T12:05:00+02:00,1716.560,1717.470,1716.400,1716.620,78
SQ:XAUUSD,2020-04-27T12:06:00+02:00,1716.620,1716.760,1715.820,1716.050,123
SQ:XAUUSD,2020-04-27T12:07:00+02:00,1716.090,1716.940,1715.290,1715.290,275
SQ:XAUUSD,2020-04-27T12:08:00+02:00,1715.280,1715.970,1715.220,1715.590,152
SQ:XAUUSD,2020-04-27T12:09:00+02:00,1715.590,1715.880,1715.350,1715.790,124
SQ:XAUUSD,2020-04-27T12:10:00+02:00,1715.830,1716.680,1715.550,1716.620,130
SQ:XAUUSD,2020-04-27T12:11:00+02:00,1716.620,1717.480,1716.010,1716.530,118
SQ:XAUUSD,2020-04-27T12:12:00+02:00,1716.520,1717.410,1715.960,1716.830,113
SQ:XAUUSD,2020-04-27T12:13:00+02:00,1716.790,1717.050,1716.150,1716.510,58
SQ:XAUUSD,2020-04-27T12:14:00+02:00,1716.510,1716.550,1716.390,1716.510,21
SQ:XAUUSD,2020-04-27T12:15:00+02:00,1716.510,1716.760,1716.500,1716.730,20
SQ:XAUUSD,2020-04-27T12:16:00+02:00,1716.710,1717.140,1716.690,1717.020,62
SQ:XAUUSD,2020-04-27T12:17:00+02:00,1717.020,1717.120,1716.870,1716.960,60
SQ:XAUUSD,2020-04-27T12:18:00+02:00,1716.980,1717.580,1716.940,1717.180,62
SQ:XAUUSD,2020-04-27T12:19:00+02:00,1717.210,1717.680,1716.860,1716.910,78
SQ:XAUUSD,2020-04-27T12:20:00+02:00,1716.900,1716.940,1716.500,1716.830,66
SQ:XAUUSD,2020-04-27T12:21:00+02:00,1716.830,1717.080,1716.720,1717.070,27
SQ:XAUUSD,2020-04-27T12:22:00+02:00,1717.080,1717.730,1717.080,1717.500,65
SQ:XAUUSD,2020-04-27T12:23:00+02:00,1717.500,1717.730,1716.330,1716.720,61
SQ:XAUUSD,2020-04-27T12:24:00+02:00,1716.720,1716.830,1716.470,1716.730,41
SQ:XAUUSD,2020-04-27T12:25:00+02:00,1716.730,1716.970,1716.730,1716.750,40
SQ:XAUUSD,2020-04-27T12:26:00+02:00,1716.750,1717.050,1716.510,1716.910,43
SQ:XAUUSD,2020-04-27T12:27:00+02:00,1716.880,1717.070,1716.850,1716.970,29
SQ:XAUUSD,2020-04-27T12:28:00+02:00,1716.880,1717.080,1716.790,1716.790,37
SQ:XAUUSD,2020-04-27T12:29:00+02:00,1716.790,1716.970,1716.710,1716.860,59
SQ:XAUUSD,2020-04-27T12:30:00+02:00,1716.860,1716.950,1715.580,1715.640,102
SQ:XAUUSD,2020-04-27T12:31:00+02:00,1715.610,1716.250,1715.480,1716.250,86
SQ:XAUUSD,2020-04-27T12:32:00+02:00,1716.250,1716.610,1715.870,1716.380,128
SQ:XAUUSD,2020-04-27T12:33:00+02:00,1716.370,1716.830,1716.370,1716.710,33
SQ:XAUUSD,2020-04-27T12:34:00+02:00,1716.740,1717.140,1716.620,1716.980,62
SQ:XAUUSD,2020-04-27T12:35:00+02:00,1716.980,1717.090,1716.520,1716.600,42
SQ:XAUUSD,2020-04-27T12:36:00+02:00,1716.600,1716.770,1716.540,1716.620,44
SQ:XAUUSD,2020-04-27T12:37:00+02:00,1716.590,1716.840,1716.100,1716.100,49
SQ:XAUUSD,2020-04-27T12:38:00+02:00,1716.140,1717.150,1715.290,1717.150,136
SQ:XAUUSD,2020-04-27T12:39:00+02:00,1717.150,1717.180,1716.580,1716.760,139
SQ:XAUUSD,2020-04-27T12:40:00+02:00,1716.760,1717.280,1716.760,1716.890,90
SQ:XAUUSD,2020-04-27T12:41:00+02:00,1716.860,1718.220,1716.840,1717.900,200
SQ:XAUUSD,2020-04-27T12:42:00+02:00,1717.920,1718.590,1716.850,1717.020,313
SQ:XAUUSD,2020-04-27T12:43:00+02:00,1716.900,1717.210,1715.690,1716.180,143
SQ:XAUUSD,2020-04-27T12:44:00+02:00,1716.190,1716.720,1715.700,1716.222,173
SQ:XAUUSD,2020-04-27T12:45:00+02:00,1716.232,1717.870,1716.232,1717.840,150
SQ:XAUUSD,2020-04-27T12:46:00+02:00,1717.870,1717.880,1717.450,1717.564,93
SQ:XAUUSD,2020-04-27T12:47:00+02:00,1717.330,1717.780,1716.300,1717.500,278
SQ:XAUUSD,2020-04-27T12:48:00+02:00,1717.500,1718.020,1716.710,1716.790,226
SQ:XAUUSD,2020-04-27T12:49:00+02:00,1716.790,1717.620,1716.130,1717.118,191
SQ:XAUUSD,2020-04-27T12:50:00+02:00,1717.128,1717.300,1715.440,1716.770,169
SQ:XAUUSD,2020-04-27T12:51:00+02:00,1716.580,1717.470,1716.514,1717.160,158
SQ:XAUUSD,2020-04-27T12:52:00+02:00,1717.160,1717.160,1716.210,1716.740,75
SQ:XAUUSD,2020-04-27T12:53:00+02:00,1716.770,1716.850,1715.830,1716.310,73
SQ:XAUUSD,2020-04-27T12:54:00+02:00,1716.310,1716.640,1715.730,1716.340,115
SQ:XAUUSD,2020-04-27T12:55:00+02:00,1716.280,1716.570,1715.280,1715.710,190
SQ:XAUUSD,2020-04-27T12:56:00+02:00,1715.710,1717.060,1715.550,1716.950,152
SQ:XAUUSD,2020-04-27T12:57:00+02:00,1716.950,1717.450,1715.840,1716.840,122
SQ:XAUUSD,2020-04-27T12:58:00+02:00,1716.840,1717.510,1716.620,1716.920,69
SQ:XAUUSD,2020-04-27T12:59:00+02:00,1716.920,1717.380,1716.600,1716.970,57
SQ:XAUUSD,2020-04-27T13:00:00+02:00,1716.990,1717.450,1716.510,1716.880,112
SQ:XAUUSD,2020-04-27T13:01:00+02:00,1716.870,1717.130,1716.120,1716.150,71
SQ:XAUUSD,2020-04-27T13:02:00+02:00,1716.120,1716.220,1715.050,1715.620,204
SQ:XAUUSD,2020-04-27T13:03:00+02:00,1715.650,1716.380,1715.480,1716.380,109
SQ:XAUUSD,2020-04-27T13:04:00+02:00,1716.380,1716.850,1716.120,1716.190,76
SQ:XAUUSD,2020-04-27T13:05:00+02:00,1716.220,1717.460,1715.840,1716.760,79
SQ:XAUUSD,2020-04-27T13:06:00+02:00,1716.820,1716.850,1715.780,1715.780,161
SQ:XAUUSD,2020-04-27T13:07:00+02:00,1715.760,1716.700,1715.720,1716.320,216
SQ:XAUUSD,2020-04-27T13:08:00+02:00,1716.320,1716.720,1715.950,1716.570,164
SQ:XAUUSD,2020-04-27T13:09:00+02:00,1716.550,1716.600,1715.600,1715.860,308
SQ:XAUUSD,2020-04-27T13:10:00+02:00,1715.860,1716.100,1715.330,1715.500,132
SQ:XAUUSD,2020-04-27T13:11:00+02:00,1715.500,1716.270,1715.500,1715.960,55
SQ:XAUUSD,2020-04-27T13:12:00+02:00,1715.960,1716.190,1715.490,1715.910,89
SQ:XAUUSD,2020-04-27T13:13:00+02:00,1715.910,1716.380,1715.800,1716.310,109
SQ:XAUUSD,2020-04-27T13:14:00+02:00,1716.220,1717.110,1715.860,1716.610,345
SQ:XAUUSD,2020-04-27T13:15:00+02:00,1716.640,1716.770,1715.540,1716.150,161
SQ:XAUUSD,2020-04-27T13:16:00+02:00,1716.260,1716.630,1715.550,1715.610,206
SQ:XAUUSD,2020-04-27T13:17:00+02:00,1715.650,1716.530,1715.580,1716.280,480
SQ:XAUUSD,2020-04-27T13:18:00+02:00,1716.240,1717.150,1715.860,1716.390,321
SQ:XAUUSD,2020-04-27T13:19:00+02:00,1716.450,1717.130,1716.040,1716.130,278
SQ:XAUUSD,2020-04-27T13:20:00+02:00,1716.130,1716.940,1716.020,1716.640,249
SQ:XAUUSD,2020-04-27T13:21:00+02:00,1716.590,1716.950,1715.910,1716.440,286
SQ:XAUUSD,2020-04-27T13:22:00+02:00,1716.440,1717.270,1716.010,1716.530,327
SQ:XAUUSD,2020-04-27T13:23:00+02:00,1716.540,1716.660,1715.410,1715.620,312
SQ:XAUUSD,2020-04-27T13:24:00+02:00,1715.610,1716.340,1715.440,1715.860,298
SQ:XAUUSD,2020-04-27T13:25:00+02:00,1715.890,1716.510,1715.850,1716.510,86
SQ:XAUUSD,2020-04-27T13:26:00+02:00,1716.510,1717.130,1715.720,1717.040,167
SQ:XAUUSD,2020-04-27T13:27:00+02:00,1717.000,1717.000,1716.010,1716.230,82
SQ:XAUUSD,2020-04-27T13:28:00+02:00,1716.370,1716.750,1716.110,1716.550,89
SQ:XAUUSD,2020-04-27T13:29:00+02:00,1716.550,1717.800,1716.490,1717.790,122
SQ:XAUUSD,2020-04-27T13:30:00+02:00,1717.790,1718.284,1716.780,1717.330,195
SQ:XAUUSD,2020-04-27T13:31:00+02:00,1717.080,1717.510,1716.800,1716.880,159
SQ:XAUUSD,2020-04-27T13:32:00+02:00,1716.880,1717.600,1716.510,1716.890,141
SQ:XAUUSD,2020-04-27T13:33:00+02:00,1716.730,1717.440,1716.520,1717.050,549
SQ:XAUUSD,2020-04-27T13:34:00+02:00,1717.050,1717.470,1716.400,1716.400,335
SQ:XAUUSD,2020-04-27T13:35:00+02:00,1716.400,1716.930,1716.400,1716.860,200
SQ:XAUUSD,2020-04-27T13:36:00+02:00,1716.680,1717.230,1716.160,1716.540,151
SQ:XAUUSD,2020-04-27T13:37:00+02:00,1716.560,1716.830,1716.090,1716.340,185
SQ:XAUUSD,2020-04-27T13:38:00+02:00,1716.350,1716.930,1716.180,1716.460,128
SQ:XAUUSD,2020-04-27T13:39:00+02:00,1716.460,1716.950,1716.250,1716.700,413
SQ:XAUUSD,2020-04-27T13:40:00+02:00,1716.670,1716.970,1716.020,1716.110,271
SQ:XAUUSD,2020-04-27T13:41:00+02:00,1716.130,1716.630,1715.640,1716.060,456
SQ:XAUUSD,2020-04-27T13:42:00+02:00,1716.060,1716.350,1715.630,1715.790,319
SQ:XAUUSD,2020-04-27T13:43:00+02:00,1715.790,1716.200,1715.750,1715.870,52
SQ:XAUUSD,2020-04-27T13:44:00+02:00,1715.870,1716.410,1715.770,1715.830,129
SQ:XAUUSD,2020-04-27T13:45:00+02:00,1715.930,1716.510,1715.380,1715.976,207
SQ:XAUUSD,2020-04-27T13:46:00+02:00,1715.992,1716.860,1715.430,1716.460,335
SQ:XAUUSD,2020-04-27T13:47:00+02:00,1716.450,1716.850,1716.010,1716.210,244
SQ:XAUUSD,2020-04-27T13:48:00+02:00,1716.210,1716.630,1716.110,1716.600,38
SQ:XAUUSD,2020-04-27T13:49:00+02:00,1716.600,1716.600,1715.710,1715.710,55
SQ:XAUUSD,2020-04-27T13:50:00+02:00,1715.710,1716.300,1714.700,1714.960,129
SQ:XAUUSD,2020-04-27T13:51:00+02:00,1714.930,1715.860,1714.560,1715.270,302
SQ:XAUUSD,2020-04-27T13:52:00+02:00,1715.280,1715.900,1715.180,1715.560,202
SQ:XAUUSD,2020-04-27T13:53:00+02:00,1715.610,1716.130,1715.330,1715.980,60
SQ:XAUUSD,2020-04-27T13:54:00+02:00,1715.950,1716.140,1715.350,1716.060,56
SQ:XAUUSD,2020-04-27T13:55:00+02:00,1715.950,1716.250,1715.460,1715.600,70
SQ:XAUUSD,2020-04-27T13:56:00+02:00,1715.600,1716.210,1715.600,1715.940,67
SQ:XAUUSD,2020-04-27T13:57:00+02:00,1715.950,1716.310,1715.550,1715.950,153
SQ:XAUUSD,2020-04-27T13:58:00+02:00,1715.950,1716.220,1715.120,1715.120,184
SQ:XAUUSD,2020-04-27T13:59:00+02:00,1715.150,1715.200,1713.870,1714.640,322
SQ:XAUUSD,2020-04-27T14:00:00+02:00,1714.600,1714.670,1712.010,1712.240,291
SQ:XAUUSD,2020-04-27T14:01:00+02:00,1712.240,1713.850,1712.240,1713.630,304
SQ:XAUUSD,2020-04-27T14:02:00+02:00,1713.580,1714.720,1713.420,1713.900,207
SQ:XAUUSD,2020-04-27T14:03:00+02:00,1713.880,1715.700,1713.730,1715.170,185
SQ:XAUUSD,2020-04-27T14:04:00+02:00,1715.170,1715.470,1713.930,1715.360,142
SQ:XAUUSD,2020-04-27T14:05:00+02:00,1715.360,1716.330,1715.050,1715.080,167
SQ:XAUUSD,2020-04-27T14:06:00+02:00,1715.080,1716.300,1714.780,1715.980,162
SQ:XAUUSD,2020-04-27T14:07:00+02:00,1715.980,1716.600,1715.850,1716.150,82
SQ:XAUUSD,2020-04-27T14:08:00+02:00,1716.150,1716.760,1715.730,1716.690,83
SQ:XAUUSD,2020-04-27T14:09:00+02:00,1716.720,1717.520,1716.540,1716.890,134
SQ:XAUUSD,2020-04-27T14:10:00+02:00,1716.890,1716.930,1715.410,1715.610,106
SQ:XAUUSD,2020-04-27T14:11:00+02:00,1715.610,1717.040,1715.610,1716.210,120
SQ:XAUUSD,2020-04-27T14:12:00+02:00,1716.210,1717.040,1715.770,1716.590,43
SQ:XAUUSD,2020-04-27T14:13:00+02:00,1716.590,1717.040,1716.020,1716.500,73
SQ:XAUUSD,2020-04-27T14:14:00+02:00,1716.530,1716.550,1716.090,1716.310,102
SQ:XAUUSD,2020-04-27T14:15:00+02:00,1716.310,1717.490,1716.150,1717.360,136
SQ:XAUUSD,2020-04-27T14:16:00+02:00,1717.310,1717.310,1716.090,1716.960,77
SQ:XAUUSD,2020-04-27T14:17:00+02:00,1716.960,1717.110,1716.570,1716.570,74
SQ:XAUUSD,2020-04-27T14:18:00+02:00,1716.590,1718.400,1716.330,1717.800,118
SQ:XAUUSD,2020-04-27T14:19:00+02:00,1717.800,1719.330,1717.570,1718.560,347
SQ:XAUUSD,2020-04-27T14:20:00+02:00,1718.640,1719.890,1718.000,1719.210,452
SQ:XAUUSD,2020-04-27T14:21:00+02:00,1719.570,1719.910,1718.170,1718.560,354
SQ:XAUUSD,2020-04-27T14:22:00+02:00,1718.580,1719.400,1717.910,1719.330,275
SQ:XAUUSD,2020-04-27T14:23:00+02:00,1719.330,1720.590,1718.510,1719.530,349
SQ:XAUUSD,2020-04-27T14:24:00+02:00,1719.530,1719.730,1718.580,1719.190,219
SQ:XAUUSD,2020-04-27T14:25:00+02:00,1719.150,1719.690,1718.740,1719.500,115
SQ:XAUUSD,2020-04-27T14:26:00+02:00,1719.500,1719.990,1718.610,1718.680,128
SQ:XAUUSD,2020-04-27T14:27:00+02:00,1718.680,1719.090,1718.170,1718.350,117
SQ:XAUUSD,2020-04-27T14:28:00+02:00,1718.350,1719.280,1718.330,1719.060,109
SQ:XAUUSD,2020-04-27T14:29:00+02:00,1719.010,1719.700,1718.620,1719.230,126
SQ:XAUUSD,2020-04-27T14:30:00+02:00,1719.230,1719.890,1718.560,1718.810,149
SQ:XAUUSD,2020-04-27T14:31:00+02:00,1718.810,1719.500,1718.400,1718.960,192
SQ:XAUUSD,2020-04-27T14:32:00+02:00,1718.960,1719.860,1718.730,1718.880,119
SQ:XAUUSD,2020-04-27T14:33:00+02:00,1718.860,1719.280,1718.420,1718.520,132
SQ:XAUUSD,2020-04-27T14:34:00+02:00,1718.550,1718.700,1718.140,1718.380,101
SQ:XAUUSD,2020-04-27T14:35:00+02:00,1718.380,1718.810,1718.230,1718.290,55
SQ:XAUUSD,2020-04-27T14:36:00+02:00,1718.260,1718.650,1717.170,1717.170,62
SQ:XAUUSD,2020-04-27T14:37:00+02:00,1717.280,1718.560,1716.910,1717.930,156
SQ:XAUUSD,2020-04-27T14:38:00+02:00,1717.930,1718.350,1717.370,1718.000,121
SQ:XAUUSD,2020-04-27T14:39:00+02:00,1718.000,1718.710,1717.790,1718.180,122
SQ:XAUUSD,2020-04-27T14:40:00+02:00,1718.180,1718.680,1717.900,1718.170,116
SQ:XAUUSD,2020-04-27T14:41:00+02:00,1718.210,1719.056,1718.160,1718.710,137
SQ:XAUUSD,2020-04-27T14:42:00+02:00,1718.822,1720.630,1718.460,1719.900,321
SQ:XAUUSD,2020-04-27T14:43:00+02:00,1719.900,1720.330,1719.150,1719.740,230
SQ:XAUUSD,2020-04-27T14:44:00+02:00,1719.740,1719.910,1719.190,1719.420,165
SQ:XAUUSD,2020-04-27T14:45:00+02:00,1719.430,1719.940,1718.790,1718.850,217
SQ:XAUUSD,2020-04-27T14:46:00+02:00,1718.870,1720.200,1718.870,1719.490,101
SQ:XAUUSD,2020-04-27T14:47:00+02:00,1719.470,1720.210,1719.260,1719.540,84
SQ:XAUUSD,2020-04-27T14:48:00+02:00,1719.540,1720.890,1719.530,1720.790,155
SQ:XAUUSD,2020-04-27T14:49:00+02:00,1720.500,1720.890,1719.770,1720.270,140
SQ:XAUUSD,2020-04-27T14:50:00+02:00,1720.280,1720.440,1720.060,1720.140,147
SQ:XAUUSD,2020-04-27T14:51:00+02:00,1720.200,1721.140,1720.040,1720.830,58
SQ:XAUUSD,2020-04-27T14:52:00+02:00,1720.890,1721.040,1720.110,1720.120,176
SQ:XAUUSD,2020-04-27T14:53:00+02:00,1720.240,1720.530,1719.270,1719.270,142
SQ:XAUUSD,2020-04-27T14:54:00+02:00,1719.260,1719.680,1718.720,1718.780,54
SQ:XAUUSD,2020-04-27T14:55:00+02:00,1718.780,1719.460,1717.900,1718.190,95
SQ:XAUUSD,2020-04-27T14:56:00+02:00,1718.190,1719.110,1717.980,1717.980,79
SQ:XAUUSD,2020-04-27T14:57:00+02:00,1718.030,1719.090,1717.980,1718.660,60
SQ:XAUUSD,2020-04-27T14:58:00+02:00,1718.660,1719.140,1718.520,1719.090,96
SQ:XAUUSD,2020-04-27T14:59:00+02:00,1718.980,1719.750,1718.910,1719.120,105
SQ:XAUUSD,2020-04-27T15:00:00+02:00,1719.190,1719.700,1718.510,1719.090,201
SQ:XAUUSD,2020-04-27T15:01:00+02:00,1719.090,1719.770,1718.670,1719.270,341
SQ:XAUUSD,2020-04-27T15:02:00+02:00,1719.280,1721.310,1718.970,1720.700,224
SQ:XAUUSD,2020-04-27T15:03:00+02:00,1720.700,1721.700,1720.260,1721.700,157
SQ:XAUUSD,2020-04-27T15:04:00+02:00,1721.700,1721.880,1721.370,1721.530,133
SQ:XAUUSD,2020-04-27T15:05:00+02:00,1721.490,1721.590,1720.240,1720.450,131
SQ:XAUUSD,2020-04-27T15:06:00+02:00,1720.450,1720.480,1720.270,1720.410,106
SQ:XAUUSD,2020-04-27T15:07:00+02:00,1720.428,1721.410,1720.410,1721.190,175
SQ:XAUUSD,2020-04-27T15:08:00+02:00,1721.190,1721.190,1720.234,1720.342,135
SQ:XAUUSD,2020-04-27T15:09:00+02:00,1720.332,1720.332,1719.110,1719.850,218
SQ:XAUUSD,2020-04-27T15:10:00+02:00,1719.850,1720.630,1719.600,1720.390,76
SQ:XAUUSD,2020-04-27T15:11:00+02:00,1720.430,1721.160,1720.330,1720.720,93
SQ:XAUUSD,2020-04-27T15:12:00+02:00,1720.720,1720.870,1720.260,1720.460,103
SQ:XAUUSD,2020-04-27T15:13:00+02:00,1720.390,1721.550,1720.330,1721.380,137
SQ:XAUUSD,2020-04-27T15:14:00+02:00,1721.390,1721.640,1720.640,1720.640,106
SQ:XAUUSD,2020-04-27T15:15:00+02:00,1720.640,1720.710,1719.990,1720.150,47
SQ:XAUUSD,2020-04-27T15:16:00+02:00,1720.160,1720.330,1719.300,1719.470,125
SQ:XAUUSD,2020-04-27T15:17:00+02:00,1719.470,1719.950,1719.050,1719.430,239
SQ:XAUUSD,2020-04-27T15:18:00+02:00,1719.620,1719.720,1718.850,1718.930,237
SQ:XAUUSD,2020-04-27T15:19:00+02:00,1718.930,1720.440,1718.910,1719.070,429
SQ:XAUUSD,2020-04-27T15:20:00+02:00,1719.080,1719.830,1718.160,1719.190,459
SQ:XAUUSD,2020-04-27T15:21:00+02:00,1719.110,1719.210,1717.170,1717.950,426
SQ:XAUUSD,2020-04-27T15:22:00+02:00,1717.950,1718.120,1716.292,1717.800,270
SQ:XAUUSD,2020-04-27T15:23:00+02:00,1717.800,1717.980,1715.980,1717.410,232
SQ:XAUUSD,2020-04-27T15:24:00+02:00,1717.410,1718.080,1717.190,1717.600,213
SQ:XAUUSD,2020-04-27T15:25:00+02:00,1717.690,1718.300,1716.880,1718.220,226
SQ:XAUUSD,2020-04-27T15:26:00+02:00,1718.200,1719.560,1717.670,1718.740,257
SQ:XAUUSD,2020-04-27T15:27:00+02:00,1718.860,1719.360,1717.800,1719.300,184
SQ:XAUUSD,2020-04-27T15:28:00+02:00,1719.300,1719.420,1718.590,1718.770,105
SQ:XAUUSD,2020-04-27T15:29:00+02:00,1718.740,1720.530,1718.670,1720.040,162
SQ:XAUUSD,2020-04-27T15:30:00+02:00,1720.150,1721.630,1719.070,1720.150,235
SQ:XAUUSD,2020-04-27T15:31:00+02:00,1720.150,1720.200,1718.300,1718.450,145
SQ:XAUUSD,2020-04-27T15:32:00+02:00,1718.450,1718.500,1716.680,1717.640,271
SQ:XAUUSD,2020-04-27T15:33:00+02:00,1717.570,1717.860,1716.140,1716.620,211
SQ:XAUUSD,2020-04-27T15:34:00+02:00,1716.620,1718.200,1716.570,1717.150,146
SQ:XAUUSD,2020-04-27T15:35:00+02:00,1717.188,1717.970,1717.130,1717.650,107
SQ:XAUUSD,2020-04-27T15:36:00+02:00,1717.650,1717.860,1717.080,1717.680,237
SQ:XAUUSD,2020-04-27T15:37:00+02:00,1717.680,1718.520,1717.670,1718.400,138
SQ:XAUUSD,2020-04-27T15:38:00+02:00,1718.350,1718.380,1717.390,1718.210,105
SQ:XAUUSD,2020-04-27T15:39:00+02:00,1718.210,1718.210,1717.240,1717.400,64
SQ:XAUUSD,2020-04-27T15:40:00+02:00,1717.400,1717.400,1715.810,1715.990,105
SQ:XAUUSD,2020-04-27T15:41:00+02:00,1715.990,1716.120,1713.940,1714.296,388
SQ:XAUUSD,2020-04-27T15:42:00+02:00,1714.218,1716.180,1714.062,1715.630,265
SQ:XAUUSD,2020-04-27T15:43:00+02:00,1715.630,1716.300,1715.310,1715.440,168
SQ:XAUUSD,2020-04-27T15:44:00+02:00,1715.440,1715.980,1715.138,1715.150,278
SQ:XAUUSD,2020-04-27T15:45:00+02:00,1715.150,1715.150,1713.490,1714.324,267
SQ:XAUUSD,2020-04-27T15:46:00+02:00,1714.512,1715.282,1714.170,1714.876,264
SQ:XAUUSD,2020-04-27T15:47:00+02:00,1715.016,1715.870,1714.320,1715.690,361
SQ:XAUUSD,2020-04-27T15:48:00+02:00,1715.680,1716.686,1715.520,1716.080,308
SQ:XAUUSD,2020-04-27T15:49:00+02:00,1716.250,1717.012,1715.590,1716.520,317
SQ:XAUUSD,2020-04-27T15:50:00+02:00,1716.530,1716.626,1715.060,1715.930,374
SQ:XAUUSD,2020-04-27T15:51:00+02:00,1715.920,1716.030,1714.820,1715.410,274
SQ:XAUUSD,2020-04-27T15:52:00+02:00,1715.410,1716.636,1715.350,1715.870,362
SQ:XAUUSD,2020-04-27T15:53:00+02:00,1716.050,1716.664,1714.320,1714.670,486
SQ:XAUUSD,2020-04-27T15:54:00+02:00,1714.680,1715.590,1714.520,1715.180,317
SQ:XAUUSD,2020-04-27T15:55:00+02:00,1715.200,1715.540,1714.470,1714.490,295
SQ:XAUUSD,2020-04-27T15:56:00+02:00,1714.510,1715.120,1712.970,1713.350,374
SQ:XAUUSD,2020-04-27T15:57:00+02:00,1713.350,1714.800,1713.140,1714.580,375
SQ:XAUUSD,2020-04-27T15:58:00+02:00,1714.580,1715.480,1713.820,1715.300,520
SQ:XAUUSD,2020-04-27T15:59:00+02:00,1715.330,1715.754,1714.960,1715.350,281
SQ:XAUUSD,2020-04-27T16:00:00+02:00,1715.350,1715.790,1714.730,1715.430,288
SQ:XAUUSD,2020-04-27T16:01:00+02:00,1715.380,1716.554,1715.370,1715.980,288
SQ:XAUUSD,2020-04-27T16:02:00+02:00,1716.080,1716.516,1715.010,1715.620,262
SQ:XAUUSD,2020-04-27T16:03:00+02:00,1715.616,1715.870,1714.970,1715.170,257
SQ:XAUUSD,2020-04-27T16:04:00+02:00,1715.100,1715.500,1713.230,1713.330,378
SQ:XAUUSD,2020-04-27T16:05:00+02:00,1713.370,1713.380,1709.250,1711.170,552
SQ:XAUUSD,2020-04-27T16:06:00+02:00,1711.210,1711.260,1709.490,1710.170,344
SQ:XAUUSD,2020-04-27T16:07:00+02:00,1710.170,1711.540,1710.170,1710.650,301
SQ:XAUUSD,2020-04-27T16:08:00+02:00,1710.640,1711.420,1710.370,1710.510,319
SQ:XAUUSD,2020-04-27T16:09:00+02:00,1710.530,1710.600,1707.380,1707.730,550
SQ:XAUUSD,2020-04-27T16:10:00+02:00,1707.720,1707.750,1706.040,1706.660,451
SQ:XAUUSD,2020-04-27T16:11:00+02:00,1706.640,1708.040,1705.920,1706.680,248
SQ:XAUUSD,2020-04-27T16:12:00+02:00,1706.680,1707.430,1705.790,1707.430,302
SQ:XAUUSD,2020-04-27T16:13:00+02:00,1707.430,1708.330,1706.990,1708.160,253
SQ:XAUUSD,2020-04-27T16:14:00+02:00,1708.160,1709.670,1708.000,1709.460,243
SQ:XAUUSD,2020-04-27T16:15:00+02:00,1709.430,1710.090,1709.140,1709.530,244
SQ:XAUUSD,2020-04-27T16:16:00+02:00,1709.530,1710.600,1709.290,1710.370,152
SQ:XAUUSD,2020-04-27T16:17:00+02:00,1710.370,1710.520,1709.790,1709.790,194
SQ:XAUUSD,2020-04-27T16:18:00+02:00,1709.770,1710.410,1709.770,1710.100,109
SQ:XAUUSD,2020-04-27T16:19:00+02:00,1710.100,1710.760,1709.760,1710.760,149
SQ:XAUUSD,2020-04-27T16:20:00+02:00,1710.810,1711.140,1710.160,1711.140,146
SQ:XAUUSD,2020-04-27T16:21:00+02:00,1711.140,1711.160,1709.950,1710.510,221
SQ:XAUUSD,2020-04-27T16:22:00+02:00,1710.510,1710.640,1709.840,1710.380,273
SQ:XAUUSD,2020-04-27T16:23:00+02:00,1710.380,1711.190,1710.240,1710.400,264
SQ:XAUUSD,2020-04-27T16:24:00+02:00,1710.400,1711.090,1710.330,1710.750,296
SQ:XAUUSD,2020-04-27T16:25:00+02:00,1710.750,1711.120,1710.250,1710.680,286
SQ:XAUUSD,2020-04-27T16:26:00+02:00,1710.680,1711.350,1710.300,1710.580,122
SQ:XAUUSD,2020-04-27T16:27:00+02:00,1710.580,1711.040,1709.970,1710.170,184
SQ:XAUUSD,2020-04-27T16:28:00+02:00,1710.170,1711.850,1710.170,1711.210,236
SQ:XAUUSD,2020-04-27T16:29:00+02:00,1711.210,1711.900,1710.540,1710.880,321
SQ:XAUUSD,2020-04-27T16:30:00+02:00,1710.600,1711.850,1710.300,1711.290,321
SQ:XAUUSD,2020-04-27T16:31:00+02:00,1711.310,1713.640,1711.310,1713.200,617
SQ:XAUUSD,2020-04-27T16:32:00+02:00,1713.030,1713.380,1711.840,1712.090,190
SQ:XAUUSD,2020-04-27T16:33:00+02:00,1712.090,1713.120,1711.970,1712.730,413
SQ:XAUUSD,2020-04-27T16:34:00+02:00,1712.710,1713.000,1711.980,1712.500,437
SQ:XAUUSD,2020-04-27T16:35:00+02:00,1712.420,1712.880,1712.100,1712.870,259
SQ:XAUUSD,2020-04-27T16:36:00+02:00,1712.910,1714.170,1712.440,1712.860,298
SQ:XAUUSD,2020-04-27T16:37:00+02:00,1712.850,1713.080,1712.310,1712.880,254
SQ:XAUUSD,2020-04-27T16:38:00+02:00,1712.880,1714.060,1712.440,1714.040,205
SQ:XAUUSD,2020-04-27T16:39:00+02:00,1713.980,1714.330,1713.710,1714.230,138
SQ:XAUUSD,2020-04-27T16:40:00+02:00,1714.230,1714.300,1713.400,1714.300,187
SQ:XAUUSD,2020-04-27T16:41:00+02:00,1714.320,1714.346,1713.790,1713.940,269
SQ:XAUUSD,2020-04-27T16:42:00+02:00,1713.920,1714.170,1713.770,1713.900,348
SQ:XAUUSD,2020-04-27T16:43:00+02:00,1713.940,1714.010,1713.500,1713.840,291
SQ:XAUUSD,2020-04-27T16:44:00+02:00,1713.830,1714.130,1713.390,1713.490,319
SQ:XAUUSD,2020-04-27T16:45:00+02:00,1713.470,1713.950,1713.320,1713.650,265
SQ:XAUUSD,2020-04-27T16:46:00+02:00,1713.640,1713.870,1713.180,1713.310,150
SQ:XAUUSD,2020-04-27T16:47:00+02:00,1713.330,1713.480,1713.150,1713.260,123
SQ:XAUUSD,2020-04-27T16:48:00+02:00,1713.260,1714.590,1713.000,1714.110,193
SQ:XAUUSD,2020-04-27T16:49:00+02:00,1714.170,1714.600,1713.550,1714.140,112
SQ:XAUUSD,2020-04-27T16:50:00+02:00,1714.150,1714.570,1713.920,1714.000,98
SQ:XAUUSD,2020-04-27T16:51:00+02:00,1714.000,1714.270,1713.710,1713.980,177
SQ:XAUUSD,2020-04-27T16:52:00+02:00,1713.990,1714.440,1713.510,1714.338,212
SQ:XAUUSD,2020-04-27T16:53:00+02:00,1714.324,1714.410,1713.694,1713.840,216
SQ:XAUUSD,2020-04-27T16:54:00+02:00,1713.840,1714.060,1713.410,1713.830,263
SQ:XAUUSD,2020-04-27T16:55:00+02:00,1713.830,1713.842,1712.870,1712.960,232
SQ:XAUUSD,2020-04-27T16:56:00+02:00,1712.960,1713.030,1711.900,1712.524,279
SQ:XAUUSD,2020-04-27T16:57:00+02:00,1712.516,1712.516,1710.700,1711.456,488
SQ:XAUUSD,2020-04-27T16:58:00+02:00,1711.388,1712.206,1711.150,1711.710,347
SQ:XAUUSD,2020-04-27T16:59:00+02:00,1711.706,1712.160,1711.270,1712.018,512
SQ:XAUUSD,2020-04-27T17:00:00+02:00,1712.098,1712.102,1710.630,1711.384,323
SQ:XAUUSD,2020-04-27T17:01:00+02:00,1711.394,1711.870,1710.070,1711.430,289
SQ:XAUUSD,2020-04-27T17:02:00+02:00,1711.430,1711.698,1710.490,1710.840,193
SQ:XAUUSD,2020-04-27T17:03:00+02:00,1711.046,1712.400,1710.750,1712.140,174
SQ:XAUUSD,2020-04-27T17:04:00+02:00,1712.140,1713.300,1711.850,1713.210,102
SQ:XAUUSD,2020-04-27T17:05:00+02:00,1713.210,1714.190,1713.110,1713.950,121
SQ:XAUUSD,2020-04-27T17:06:00+02:00,1713.950,1713.950,1713.350,1713.640,126
SQ:XAUUSD,2020-04-27T17:07:00+02:00,1713.640,1713.740,1713.010,1713.360,144
SQ:XAUUSD,2020-04-27T17:08:00+02:00,1713.360,1713.968,1713.270,1713.800,133
SQ:XAUUSD,2020-04-27T17:09:00+02:00,1713.760,1714.520,1713.560,1714.450,246
SQ:XAUUSD,2020-04-27T17:10:00+02:00,1714.400,1714.600,1713.480,1713.900,169
SQ:XAUUSD,2020-04-27T17:11:00+02:00,1713.900,1713.900,1712.660,1713.010,171
SQ:XAUUSD,2020-04-27T17:12:00+02:00,1713.010,1713.100,1711.860,1712.600,144
SQ:XAUUSD,2020-04-27T17:13:00+02:00,1712.600,1713.420,1712.600,1713.260,72
SQ:XAUUSD,2020-04-27T17:14:00+02:00,1713.270,1713.710,1712.580,1713.000,120
SQ:XAUUSD,2020-04-27T17:15:00+02:00,1713.000,1714.160,1713.000,1713.820,95
SQ:XAUUSD,2020-04-27T17:16:00+02:00,1713.820,1714.070,1712.840,1713.092,121
SQ:XAUUSD,2020-04-27T17:17:00+02:00,1713.084,1713.092,1712.150,1712.280,435
SQ:XAUUSD,2020-04-27T17:18:00+02:00,1712.380,1713.400,1712.190,1712.720,381
SQ:XAUUSD,2020-04-27T17:19:00+02:00,1712.500,1713.180,1712.430,1712.944,203
SQ:XAUUSD,2020-04-27T17:20:00+02:00,1712.946,1713.024,1711.320,1711.714,282
SQ:XAUUSD,2020-04-27T17:21:00+02:00,1711.714,1712.680,1710.972,1711.330,356
SQ:XAUUSD,2020-04-27T17:22:00+02:00,1711.550,1712.210,1711.170,1712.210,261
SQ:XAUUSD,2020-04-27T17:23:00+02:00,1712.210,1712.480,1711.356,1711.604,140
SQ:XAUUSD,2020-04-27T17:24:00+02:00,1711.592,1711.610,1710.920,1710.940,284
SQ:XAUUSD,2020-04-27T17:25:00+02:00,1710.940,1711.690,1710.930,1711.530,251
SQ:XAUUSD,2020-04-27T17:26:00+02:00,1711.550,1711.720,1710.970,1711.470,229
SQ:XAUUSD,2020-04-27T17:27:00+02:00,1711.350,1712.440,1711.000,1712.000,228
SQ:XAUUSD,2020-04-27T17:28:00+02:00,1712.030,1712.420,1711.270,1711.570,191
SQ:XAUUSD,2020-04-27T17:29:00+02:00,1711.580,1711.990,1711.250,1711.300,144
SQ:XAUUSD,2020-04-27T17:30:00+02:00,1711.340,1712.120,1711.260,1711.660,202
SQ:XAUUSD,2020-04-27T17:31:00+02:00,1711.660,1712.400,1711.380,1711.710,174
SQ:XAUUSD,2020-04-27T17:32:00+02:00,1711.550,1712.390,1711.550,1712.390,173
SQ:XAUUSD,2020-04-27T17:33:00+02:00,1712.300,1713.320,1711.856,1712.950,294
SQ:XAUUSD,2020-04-27T17:34:00+02:00,1712.950,1713.750,1712.680,1713.490,213
SQ:XAUUSD,2020-04-27T17:35:00+02:00,1713.490,1713.510,1712.590,1713.070,47
SQ:XAUUSD,2020-04-27T17:36:00+02:00,1713.070,1713.090,1712.030,1712.030,44
SQ:XAUUSD,2020-04-27T17:37:00+02:00,1712.060,1712.090,1711.390,1711.850,48
SQ:XAUUSD,2020-04-27T17:38:00+02:00,1711.850,1711.850,1711.206,1711.410,79
SQ:XAUUSD,2020-04-27T17:39:00+02:00,1711.390,1711.618,1711.210,1711.300,94
SQ:XAUUSD,2020-04-27T17:40:00+02:00,1711.300,1711.490,1710.820,1711.130,213
SQ:XAUUSD,2020-04-27T17:41:00+02:00,1711.320,1711.730,1710.680,1711.360,202
SQ:XAUUSD,2020-04-27T17:42:00+02:00,1711.370,1712.300,1711.370,1711.600,230
SQ:XAUUSD,2020-04-27T17:43:00+02:00,1711.600,1711.890,1711.360,1711.440,130
SQ:XAUUSD,2020-04-27T17:44:00+02:00,1711.410,1712.090,1711.390,1711.810,160
SQ:XAUUSD,2020-04-27T17:45:00+02:00,1711.810,1711.940,1710.540,1711.070,164
SQ:XAUUSD,2020-04-27T17:46:00+02:00,1711.070,1711.260,1710.850,1710.920,123
SQ:XAUUSD,2020-04-27T17:47:00+02:00,1710.920,1712.230,1710.920,1711.770,210
SQ:XAUUSD,2020-04-27T17:48:00+02:00,1711.650,1711.970,1711.380,1711.518,186
SQ:XAUUSD,2020-04-27T17:49:00+02:00,1711.490,1711.940,1711.360,1711.540,135
SQ:XAUUSD,2020-04-27T17:50:00+02:00,1711.540,1711.970,1711.050,1711.130,202
SQ:XAUUSD,2020-04-27T17:51:00+02:00,1711.150,1711.250,1710.540,1710.620,171
SQ:XAUUSD,2020-04-27T17:52:00+02:00,1710.620,1711.190,1710.280,1710.610,241
SQ:XAUUSD,2020-04-27T17:53:00+02:00,1710.620,1711.380,1710.580,1710.890,195
SQ:XAUUSD,2020-04-27T17:54:00+02:00,1710.630,1711.200,1710.560,1710.710,221
SQ:XAUUSD,2020-04-27T17:55:00+02:00,1710.700,1710.870,1709.940,1710.000,197
SQ:XAUUSD,2020-04-27T17:56:00+02:00,1710.030,1710.040,1708.550,1709.160,394
SQ:XAUUSD,2020-04-27T17:57:00+02:00,1709.140,1710.310,1709.030,1709.910,230
SQ:XAUUSD,2020-04-27T17:58:00+02:00,1710.240,1711.390,1709.700,1710.450,410
SQ:XAUUSD,2020-04-27T17:59:00+02:00,1710.450,1711.430,1710.290,1711.030,313
SQ:XAUUSD,2020-04-27T18:00:00+02:00,1710.920,1711.190,1710.200,1710.390,285
SQ:XAUUSD,2020-04-27T18:01:00+02:00,1710.390,1711.560,1710.290,1711.090,245
SQ:XAUUSD,2020-04-27T18:02:00+02:00,1711.090,1711.250,1710.310,1710.360,183
SQ:XAUUSD,2020-04-27T18:03:00+02:00,1710.350,1711.320,1710.270,1710.650,199
SQ:XAUUSD,2020-04-27T18:04:00+02:00,1710.650,1711.190,1710.350,1710.520,165
SQ:XAUUSD,2020-04-27T18:05:00+02:00,1710.520,1711.190,1710.440,1710.530,228
SQ:XAUUSD,2020-04-27T18:06:00+02:00,1710.570,1712.530,1710.570,1711.430,433
SQ:XAUUSD,2020-04-27T18:07:00+02:00,1711.460,1712.090,1710.930,1711.440,339
SQ:XAUUSD,2020-04-27T18:08:00+02:00,1711.650,1712.190,1711.060,1711.930,246
SQ:XAUUSD,2020-04-27T18:09:00+02:00,1711.820,1712.350,1711.140,1711.560,340
SQ:XAUUSD,2020-04-27T18:10:00+02:00,1711.450,1712.640,1711.400,1711.660,307
SQ:XAUUSD,2020-04-27T18:11:00+02:00,1711.640,1712.200,1711.390,1711.900,297
SQ:XAUUSD,2020-04-27T18:12:00+02:00,1711.940,1712.910,1711.860,1712.310,259
SQ:XAUUSD,2020-04-27T18:13:00+02:00,1712.340,1712.880,1712.190,1712.670,268
SQ:XAUUSD,2020-04-27T18:14:00+02:00,1712.630,1712.790,1711.640,1711.930,219
SQ:XAUUSD,2020-04-27T18:15:00+02:00,1711.930,1713.210,1711.930,1712.760,172
SQ:XAUUSD,2020-04-27T18:16:00+02:00,1712.760,1713.320,1712.670,1713.080,214
SQ:XAUUSD,2020-04-27T18:17:00+02:00,1713.080,1713.090,1712.950,1713.040,32
SQ:XAUUSD,2020-04-27T18:18:00+02:00,1713.040,1713.040,1712.530,1712.710,37
SQ:XAUUSD,2020-04-27T18:19:00+02:00,1712.710,1713.410,1712.670,1713.270,48
SQ:XAUUSD,2020-04-27T18:20:00+02:00,1713.270,1713.390,1712.922,1713.030,57
SQ:XAUUSD,2020-04-27T18:21:00+02:00,1713.040,1713.540,1712.820,1712.910,109
SQ:XAUUSD,2020-04-27T18:22:00+02:00,1712.890,1713.230,1712.440,1712.730,176
SQ:XAUUSD,2020-04-27T18:23:00+02:00,1712.832,1713.090,1712.370,1712.520,147
SQ:XAUUSD,2020-04-27T18:24:00+02:00,1712.550,1712.892,1712.470,1712.812,99
SQ:XAUUSD,2020-04-27T18:25:00+02:00,1712.822,1712.900,1712.260,1712.530,184
SQ:XAUUSD,2020-04-27T18:26:00+02:00,1712.530,1713.150,1712.300,1713.020,173
SQ:XAUUSD,2020-04-27T18:27:00+02:00,1713.020,1713.212,1712.640,1713.200,142
SQ:XAUUSD,2020-04-27T18:28:00+02:00,1713.200,1713.540,1712.962,1713.380,160
SQ:XAUUSD,2020-04-27T18:29:00+02:00,1713.350,1713.780,1713.230,1713.490,204
SQ:XAUUSD,2020-04-27T18:30:00+02:00,1713.480,1713.680,1712.780,1712.890,165
SQ:XAUUSD,2020-04-27T18:31:00+02:00,1712.950,1713.136,1712.530,1712.860,170
SQ:XAUUSD,2020-04-27T18:32:00+02:00,1712.936,1713.200,1712.740,1713.200,124
SQ:XAUUSD,2020-04-27T18:33:00+02:00,1713.204,1713.348,1712.794,1713.100,183
SQ:XAUUSD,2020-04-27T18:34:00+02:00,1713.040,1713.124,1712.530,1712.630,220
SQ:XAUUSD,2020-04-27T18:35:00+02:00,1712.630,1713.102,1712.580,1712.710,229
SQ:XAUUSD,2020-04-27T18:36:00+02:00,1712.710,1712.804,1712.440,1712.590,150
SQ:XAUUSD,2020-04-27T18:37:00+02:00,1712.610,1712.954,1711.768,1712.210,278
SQ:XAUUSD,2020-04-27T18:38:00+02:00,1712.170,1712.444,1711.970,1712.160,209
SQ:XAUUSD,2020-04-27T18:39:00+02:00,1712.170,1712.550,1711.930,1712.480,193
SQ:XAUUSD,2020-04-27T18:40:00+02:00,1712.480,1712.720,1712.190,1712.720,167
SQ:XAUUSD,2020-04-27T18:41:00+02:00,1712.740,1713.180,1712.640,1712.780,128
SQ:XAUUSD,2020-04-27T18:42:00+02:00,1712.770,1713.210,1712.700,1712.760,88
SQ:XAUUSD,2020-04-27T18:43:00+02:00,1712.760,1713.390,1712.750,1713.310,75
SQ:XAUUSD,2020-04-27T18:44:00+02:00,1713.310,1713.930,1713.284,1713.900,80
SQ:XAUUSD,2020-04-27T18:45:00+02:00,1713.870,1713.900,1712.920,1713.280,146
SQ:XAUUSD,2020-04-27T18:46:00+02:00,1713.280,1713.760,1713.110,1713.200,122
SQ:XAUUSD,2020-04-27T18:47:00+02:00,1713.110,1713.340,1712.450,1712.650,101
SQ:XAUUSD,2020-04-27T18:48:00+02:00,1712.650,1713.490,1712.650,1713.470,51
SQ:XAUUSD,2020-04-27T18:49:00+02:00,1713.430,1713.920,1713.400,1713.760,72
SQ:XAUUSD,2020-04-27T18:50:00+02:00,1713.760,1713.870,1713.190,1713.240,92
SQ:XAUUSD,2020-04-27T18:51:00+02:00,1713.270,1713.270,1712.330,1712.390,87
SQ:XAUUSD,2020-04-27T18:52:00+02:00,1712.390,1712.650,1711.570,1711.930,159
SQ:XAUUSD,2020-04-27T18:53:00+02:00,1711.736,1712.080,1711.240,1711.650,151
SQ:XAUUSD,2020-04-27T18:54:00+02:00,1711.730,1711.970,1710.940,1711.580,222
SQ:XAUUSD,2020-04-27T18:55:00+02:00,1711.580,1712.160,1711.078,1712.030,200
SQ:XAUUSD,2020-04-27T18:56:00+02:00,1712.030,1712.140,1711.530,1712.010,72
SQ:XAUUSD,2020-04-27T18:57:00+02:00,1712.010,1712.260,1711.440,1712.010,99
SQ:XAUUSD,2020-04-27T18:58:00+02:00,1712.010,1712.090,1711.380,1711.900,90
SQ:XAUUSD,2020-04-27T18:59:00+02:00,1711.900,1711.900,1711.260,1711.730,105
SQ:XAUUSD,2020-04-27T19:00:00+02:00,1711.730,1711.850,1711.268,1711.430,109
SQ:XAUUSD,2020-04-27T19:01:00+02:00,1711.610,1712.210,1711.490,1711.940,175
SQ:XAUUSD,2020-04-27T19:02:00+02:00,1711.940,1712.390,1711.900,1712.280,110
SQ:XAUUSD,2020-04-27T19:03:00+02:00,1712.300,1712.700,1712.170,1712.620,130
SQ:XAUUSD,2020-04-27T19:04:00+02:00,1712.620,1713.030,1712.400,1712.400,32
SQ:XAUUSD,2020-04-27T19:05:00+02:00,1712.380,1713.120,1712.280,1713.110,85
SQ:XAUUSD,2020-04-27T19:06:00+02:00,1713.110,1713.260,1712.870,1713.060,70
SQ:XAUUSD,2020-04-27T19:07:00+02:00,1713.040,1713.340,1712.950,1712.950,120
SQ:XAUUSD,2020-04-27T19:08:00+02:00,1712.950,1713.040,1712.150,1712.400,131
SQ:XAUUSD,2020-04-27T19:09:00+02:00,1712.400,1712.940,1712.278,1712.450,104
SQ:XAUUSD,2020-04-27T19:10:00+02:00,1712.450,1712.550,1712.274,1712.320,50
SQ:XAUUSD,2020-04-27T19:11:00+02:00,1712.276,1712.286,1711.810,1712.030,75
SQ:XAUUSD,2020-04-27T19:12:00+02:00,1712.030,1712.170,1711.940,1711.990,39
SQ:XAUUSD,2020-04-27T19:13:00+02:00,1711.990,1712.000,1711.550,1711.670,52
SQ:XAUUSD,2020-04-27T19:14:00+02:00,1711.670,1711.780,1711.438,1711.580,149
SQ:XAUUSD,2020-04-27T19:15:00+02:00,1711.490,1712.520,1711.398,1712.290,213
SQ:XAUUSD,2020-04-27T19:16:00+02:00,1712.270,1712.270,1712.040,1712.210,85
SQ:XAUUSD,2020-04-27T19:17:00+02:00,1712.230,1712.360,1711.650,1711.650,145
SQ:XAUUSD,2020-04-27T19:18:00+02:00,1711.650,1711.980,1710.490,1711.050,193
SQ:XAUUSD,2020-04-27T19:19:00+02:00,1711.050,1711.360,1710.230,1710.240,209
SQ:XAUUSD,2020-04-27T19:20:00+02:00,1710.190,1710.370,1709.480,1709.510,309
SQ:XAUUSD,2020-04-27T19:21:00+02:00,1709.510,1710.330,1709.280,1710.200,258
SQ:XAUUSD,2020-04-27T19:22:00+02:00,1710.200,1710.670,1710.072,1710.290,203
SQ:XAUUSD,2020-04-27T19:23:00+02:00,1710.290,1710.590,1709.992,1710.380,125
SQ:XAUUSD,2020-04-27T19:24:00+02:00,1710.380,1710.760,1710.340,1710.720,136
SQ:XAUUSD,2020-04-27T19:25:00+02:00,1710.740,1710.930,1710.290,1710.810,169
SQ:XAUUSD,2020-04-27T19:26:00+02:00,1710.810,1711.884,1710.750,1711.620,245
SQ:XAUUSD,2020-04-27T19:27:00+02:00,1711.610,1712.190,1711.320,1711.330,182
SQ:XAUUSD,2020-04-27T19:28:00+02:00,1711.330,1711.500,1710.860,1711.490,190
SQ:XAUUSD,2020-04-27T19:29:00+02:00,1711.490,1711.824,1711.360,1711.560,289
SQ:XAUUSD,2020-04-27T19:30:00+02:00,1711.520,1711.914,1711.400,1711.834,223
SQ:XAUUSD,2020-04-27T19:31:00+02:00,1711.834,1711.930,1711.580,1711.610,179
SQ:XAUUSD,2020-04-27T19:32:00+02:00,1711.610,1711.670,1711.090,1711.300,117
SQ:XAUUSD,2020-04-27T19:33:00+02:00,1711.300,1711.500,1710.790,1710.820,163
SQ:XAUUSD,2020-04-27T19:34:00+02:00,1710.820,1710.850,1710.620,1710.690,169
SQ:XAUUSD,2020-04-27T19:35:00+02:00,1710.690,1710.770,1710.590,1710.690,127
SQ:XAUUSD,2020-04-27T19:36:00+02:00,1710.660,1711.560,1710.340,1711.560,125
SQ:XAUUSD,2020-04-27T19:37:00+02:00,1711.560,1711.860,1711.450,1711.690,113
SQ:XAUUSD,2020-04-27T19:38:00+02:00,1711.690,1711.690,1711.450,1711.590,90
SQ:XAUUSD,2020-04-27T19:39:00+02:00,1711.580,1711.620,1711.500,1711.600,93
SQ:XAUUSD,2020-04-27T19:40:00+02:00,1711.610,1711.630,1711.490,1711.630,90
SQ:XAUUSD,2020-04-27T19:41:00+02:00,1711.630,1711.810,1711.410,1711.520,136
SQ:XAUUSD,2020-04-27T19:42:00+02:00,1711.490,1711.670,1710.790,1710.800,173
SQ:XAUUSD,2020-04-27T19:43:00+02:00,1710.820,1711.020,1710.670,1710.920,174
SQ:XAUUSD,2020-04-27T19:44:00+02:00,1710.880,1711.290,1710.880,1710.960,145
SQ:XAUUSD,2020-04-27T19:45:00+02:00,1710.910,1711.452,1710.730,1711.360,160
SQ:XAUUSD,2020-04-27T19:46:00+02:00,1711.350,1711.460,1710.834,1711.140,149
SQ:XAUUSD,2020-04-27T19:47:00+02:00,1711.140,1712.250,1711.120,1712.140,133
SQ:XAUUSD,2020-04-27T19:48:00+02:00,1712.140,1712.270,1711.900,1711.920,76
SQ:XAUUSD,2020-04-27T19:49:00+02:00,1711.930,1712.030,1711.360,1711.640,113
SQ:XAUUSD,2020-04-27T19:50:00+02:00,1711.690,1711.790,1711.640,1711.770,47
SQ:XAUUSD,2020-04-27T19:51:00+02:00,1711.770,1711.890,1711.570,1711.650,44
SQ:XAUUSD,2020-04-27T19:52:00+02:00,1711.650,1711.670,1711.280,1711.570,81
SQ:XAUUSD,2020-04-27T19:53:00+02:00,1711.550,1711.670,1711.300,1711.320,52
SQ:XAUUSD,2020-04-27T19:54:00+02:00,1711.320,1711.340,1711.100,1711.150,59
SQ:XAUUSD,2020-04-27T19:55:00+02:00,1711.150,1711.490,1711.030,1711.250,78
SQ:XAUUSD,2020-04-27T19:56:00+02:00,1711.250,1711.680,1711.150,1711.160,74
SQ:XAUUSD,2020-04-27T19:57:00+02:00,1711.150,1711.520,1710.830,1711.420,67
SQ:XAUUSD,2020-04-27T19:58:00+02:00,1711.420,1711.680,1711.330,1711.400,39
SQ:XAUUSD,2020-04-27T19:59:00+02:00,1711.400,1711.470,1711.170,1711.290,27
SQ:XAUUSD,2020-04-27T20:00:00+02:00,1711.290,1711.400,1711.160,1711.310,40
SQ:XAUUSD,2020-04-27T20:01:00+02:00,1711.310,1711.580,1710.660,1711.170,209
SQ:XAUUSD,2020-04-27T20:02:00+02:00,1711.170,1711.590,1711.080,1711.270,133
SQ:XAUUSD,2020-04-27T20:03:00+02:00,1711.280,1711.470,1711.050,1711.310,146
SQ:XAUUSD,2020-04-27T20:04:00+02:00,1711.310,1711.470,1710.960,1711.090,175
SQ:XAUUSD,2020-04-27T20:05:00+02:00,1711.300,1711.430,1711.010,1711.190,128
SQ:XAUUSD,2020-04-27T20:06:00+02:00,1711.120,1712.320,1711.100,1712.160,117
SQ:XAUUSD,2020-04-27T20:07:00+02:00,1712.150,1712.160,1711.420,1711.560,94
SQ:XAUUSD,2020-04-27T20:08:00+02:00,1711.560,1711.660,1710.780,1710.910,113
SQ:XAUUSD,2020-04-27T20:09:00+02:00,1710.910,1711.560,1710.890,1711.370,94
SQ:XAUUSD,2020-04-27T20:10:00+02:00,1711.350,1711.470,1711.130,1711.340,49
SQ:XAUUSD,2020-04-27T20:11:00+02:00,1711.330,1711.370,1710.760,1710.920,118
SQ:XAUUSD,2020-04-27T20:12:00+02:00,1710.950,1711.180,1710.730,1710.920,93
SQ:XAUUSD,2020-04-27T20:13:00+02:00,1710.880,1710.930,1709.820,1710.290,142
SQ:XAUUSD,2020-04-27T20:14:00+02:00,1710.450,1710.850,1710.030,1710.060,156
SQ:XAUUSD,2020-04-27T20:15:00+02:00,1710.050,1711.010,1709.980,1710.670,172
SQ:XAUUSD,2020-04-27T20:16:00+02:00,1710.670,1711.180,1710.570,1710.860,130
SQ:XAUUSD,2020-04-27T20:17:00+02:00,1710.870,1711.080,1710.870,1710.900,85
SQ:XAUUSD,2020-04-27T20:18:00+02:00,1710.900,1711.210,1710.870,1711.150,72
SQ:XAUUSD,2020-04-27T20:19:00+02:00,1711.190,1712.110,1711.090,1711.730,89
SQ:XAUUSD,2020-04-27T20:20:00+02:00,1711.730,1712.050,1711.650,1711.880,72
SQ:XAUUSD,2020-04-27T20:21:00+02:00,1711.830,1711.870,1711.010,1711.160,114
SQ:XAUUSD,2020-04-27T20:22:00+02:00,1711.160,1711.580,1711.130,1711.580,69
SQ:XAUUSD,2020-04-27T20:23:00+02:00,1711.570,1712.040,1711.540,1711.840,89
SQ:XAUUSD,2020-04-27T20:24:00+02:00,1711.750,1711.990,1711.460,1711.550,111
SQ:XAUUSD,2020-04-27T20:25:00+02:00,1711.550,1711.950,1711.380,1711.950,93
SQ:XAUUSD,2020-04-27T20:26:00+02:00,1711.950,1712.400,1711.550,1712.130,127
SQ:XAUUSD,2020-04-27T20:27:00+02:00,1712.100,1712.270,1711.410,1711.520,150
SQ:XAUUSD,2020-04-27T20:28:00+02:00,1711.430,1712.050,1711.280,1711.480,171
SQ:XAUUSD,2020-04-27T20:29:00+02:00,1711.470,1711.910,1711.140,1711.270,144
SQ:XAUUSD,2020-04-27T20:30:00+02:00,1711.270,1711.340,1711.020,1711.210,92
SQ:XAUUSD,2020-04-27T20:31:00+02:00,1711.210,1711.670,1711.090,1711.140,82
SQ:XAUUSD,2020-04-27T20:32:00+02:00,1711.170,1711.500,1711.020,1711.370,107
SQ:XAUUSD,2020-04-27T20:33:00+02:00,1711.330,1711.620,1711.170,1711.330,104
SQ:XAUUSD,2020-04-27T20:34:00+02:00,1711.350,1711.510,1710.830,1711.020,118
SQ:XAUUSD,2020-04-27T20:35:00+02:00,1711.020,1711.230,1710.700,1711.100,96
SQ:XAUUSD,2020-04-27T20:36:00+02:00,1711.090,1711.200,1710.830,1711.110,78
SQ:XAUUSD,2020-04-27T20:37:00+02:00,1711.080,1711.530,1711.060,1711.470,90
SQ:XAUUSD,2020-04-27T20:38:00+02:00,1711.460,1712.170,1711.450,1711.790,158
SQ:XAUUSD,2020-04-27T20:39:00+02:00,1711.790,1712.060,1711.680,1711.970,128
SQ:XAUUSD,2020-04-27T20:40:00+02:00,1712.080,1712.480,1711.900,1712.150,135
SQ:XAUUSD,2020-04-27T20:41:00+02:00,1712.130,1712.180,1711.430,1711.500,134
SQ:XAUUSD,2020-04-27T20:42:00+02:00,1711.530,1711.670,1711.280,1711.330,105
SQ:XAUUSD,2020-04-27T20:43:00+02:00,1711.330,1711.580,1711.260,1711.530,98
SQ:XAUUSD,2020-04-27T20:44:00+02:00,1711.530,1712.020,1711.520,1711.970,104
SQ:XAUUSD,2020-04-27T20:45:00+02:00,1711.950,1712.010,1711.340,1711.560,126
SQ:XAUUSD,2020-04-27T20:46:00+02:00,1711.370,1711.470,1711.240,1711.320,74
SQ:XAUUSD,2020-04-27T20:47:00+02:00,1711.320,1711.500,1711.290,1711.330,62
SQ:XAUUSD,2020-04-27T20:48:00+02:00,1711.330,1711.380,1711.040,1711.180,57
SQ:XAUUSD,2020-04-27T20:49:00+02:00,1711.160,1711.320,1710.700,1710.760,69
SQ:XAUUSD,2020-04-27T20:50:00+02:00,1710.760,1711.170,1710.740,1711.100,72
SQ:XAUUSD,2020-04-27T20:51:00+02:00,1711.100,1711.740,1711.060,1711.060,107
SQ:XAUUSD,2020-04-27T20:52:00+02:00,1711.060,1711.550,1710.880,1711.550,61
SQ:XAUUSD,2020-04-27T20:53:00+02:00,1711.550,1711.610,1711.110,1711.190,89
SQ:XAUUSD,2020-04-27T20:54:00+02:00,1711.190,1711.260,1711.030,1711.090,26
SQ:XAUUSD,2020-04-27T20:55:00+02:00,1711.090,1711.278,1711.090,1711.120,51
SQ:XAUUSD,2020-04-27T20:56:00+02:00,1711.130,1711.280,1711.110,1711.260,32
SQ:XAUUSD,2020-04-27T20:57:00+02:00,1711.290,1712.230,1711.290,1711.990,107
SQ:XAUUSD,2020-04-27T20:58:00+02:00,1712.090,1712.410,1711.840,1712.350,104
SQ:XAUUSD,2020-04-27T20:59:00+02:00,1712.350,1713.190,1711.990,1712.770,189
SQ:XAUUSD,2020-04-27T21:00:00+02:00,1712.730,1713.020,1712.070,1712.660,239
SQ:XAUUSD,2020-04-27T21:01:00+02:00,1712.660,1713.700,1712.660,1712.990,153
SQ:XAUUSD,2020-04-27T21:02:00+02:00,1713.000,1713.560,1712.940,1713.270,180
SQ:XAUUSD,2020-04-27T21:03:00+02:00,1713.280,1713.870,1713.030,1713.470,80
SQ:XAUUSD,2020-04-27T21:04:00+02:00,1713.470,1713.780,1713.400,1713.600,55
SQ:XAUUSD,2020-04-27T21:05:00+02:00,1713.600,1713.820,1713.430,1713.480,64
SQ:XAUUSD,2020-04-27T21:06:00+02:00,1713.470,1713.470,1712.890,1713.030,88
SQ:XAUUSD,2020-04-27T21:07:00+02:00,1713.030,1713.690,1712.910,1713.600,137
SQ:XAUUSD,2020-04-27T21:08:00+02:00,1713.600,1713.950,1713.470,1713.790,90
SQ:XAUUSD,2020-04-27T21:09:00+02:00,1713.830,1713.940,1713.640,1713.670,57
SQ:XAUUSD,2020-04-27T21:10:00+02:00,1713.770,1713.880,1713.620,1713.650,71
SQ:XAUUSD,2020-04-27T21:11:00+02:00,1713.650,1713.650,1713.310,1713.480,75
SQ:XAUUSD,2020-04-27T21:12:00+02:00,1713.490,1713.930,1713.410,1713.880,66
SQ:XAUUSD,2020-04-27T21:13:00+02:00,1713.880,1714.530,1713.880,1714.350,67
SQ:XAUUSD,2020-04-27T21:14:00+02:00,1714.380,1714.750,1714.230,1714.700,63
SQ:XAUUSD,2020-04-27T21:15:00+02:00,1714.710,1714.850,1713.780,1714.010,117
SQ:XAUUSD,2020-04-27T21:16:00+02:00,1714.122,1714.360,1713.970,1714.200,110
SQ:XAUUSD,2020-04-27T21:17:00+02:00,1714.270,1714.270,1713.600,1713.830,138
SQ:XAUUSD,2020-04-27T21:18:00+02:00,1713.840,1714.080,1713.600,1714.080,206
SQ:XAUUSD,2020-04-27T21:19:00+02:00,1714.080,1714.080,1713.650,1713.680,145
SQ:XAUUSD,2020-04-27T21:20:00+02:00,1713.790,1713.890,1713.600,1713.700,140
SQ:XAUUSD,2020-04-27T21:21:00+02:00,1713.710,1713.880,1713.480,1713.740,150
SQ:XAUUSD,2020-04-27T21:22:00+02:00,1713.750,1714.280,1713.730,1713.810,65
SQ:XAUUSD,2020-04-27T21:23:00+02:00,1713.810,1714.220,1713.650,1714.070,168
SQ:XAUUSD,2020-04-27T21:24:00+02:00,1714.070,1714.538,1714.032,1714.518,94
SQ:XAUUSD,2020-04-27T21:25:00+02:00,1714.518,1714.816,1714.430,1714.648,103
SQ:XAUUSD,2020-04-27T21:26:00+02:00,1714.618,1714.662,1714.530,1714.538,84
SQ:XAUUSD,2020-04-27T21:27:00+02:00,1714.542,1714.640,1714.150,1714.350,91
SQ:XAUUSD,2020-04-27T21:28:00+02:00,1714.360,1714.902,1714.310,1714.806,105
SQ:XAUUSD,2020-04-27T21:29:00+02:00,1714.806,1715.176,1714.610,1714.910,125
SQ:XAUUSD,2020-04-27T21:30:00+02:00,1714.944,1715.094,1714.360,1714.436,150
SQ:XAUUSD,2020-04-27T21:31:00+02:00,1714.410,1714.598,1714.380,1714.488,106
SQ:XAUUSD,2020-04-27T21:32:00+02:00,1714.510,1715.096,1714.360,1714.996,105
SQ:XAUUSD,2020-04-27T21:33:00+02:00,1714.854,1715.048,1714.750,1714.896,89
SQ:XAUUSD,2020-04-27T21:34:00+02:00,1714.906,1715.162,1714.670,1715.144,107
SQ:XAUUSD,2020-04-27T21:35:00+02:00,1714.868,1715.136,1714.730,1715.050,148
SQ:XAUUSD,2020-04-27T21:36:00+02:00,1715.054,1715.110,1714.710,1714.710,121
SQ:XAUUSD,2020-04-27T21:37:00+02:00,1714.710,1715.218,1714.710,1714.910,67
SQ:XAUUSD,2020-04-27T21:38:00+02:00,1714.910,1715.088,1714.240,1714.344,82
SQ:XAUUSD,2020-04-27T21:39:00+02:00,1714.344,1714.360,1713.860,1714.190,145
SQ:XAUUSD,2020-04-27T21:40:00+02:00,1714.190,1714.190,1713.450,1713.560,99
SQ:XAUUSD,2020-04-27T21:41:00+02:00,1713.544,1714.780,1713.534,1714.770,152
SQ:XAUUSD,2020-04-27T21:42:00+02:00,1714.540,1715.530,1714.510,1715.050,147
SQ:XAUUSD,2020-04-27T21:43:00+02:00,1715.520,1715.660,1714.670,1715.170,150
SQ:XAUUSD,2020-04-27T21:44:00+02:00,1715.170,1715.470,1714.840,1715.150,175
SQ:XAUUSD,2020-04-27T21:45:00+02:00,1715.150,1715.430,1714.460,1715.360,201
SQ:XAUUSD,2020-04-27T21:46:00+02:00,1715.400,1715.400,1714.700,1714.870,131
SQ:XAUUSD,2020-04-27T21:47:00+02:00,1714.870,1715.120,1714.510,1714.750,102
SQ:XAUUSD,2020-04-27T21:48:00+02:00,1714.770,1714.950,1714.610,1714.870,109
SQ:XAUUSD,2020-04-27T21:49:00+02:00,1714.790,1714.830,1714.450,1714.546,159
SQ:XAUUSD,2020-04-27T21:50:00+02:00,1714.566,1715.370,1714.490,1715.066,302
SQ:XAUUSD,2020-04-27T21:51:00+02:00,1715.066,1715.980,1714.880,1715.640,218
SQ:XAUUSD,2020-04-27T21:52:00+02:00,1715.600,1716.650,1715.530,1716.560,181
SQ:XAUUSD,2020-04-27T21:53:00+02:00,1716.290,1716.590,1716.150,1716.290,72
SQ:XAUUSD,2020-04-27T21:54:00+02:00,1716.340,1716.900,1716.260,1716.860,80
SQ:XAUUSD,2020-04-27T21:55:00+02:00,1716.870,1716.870,1715.710,1716.130,37
SQ:XAUUSD,2020-04-27T21:56:00+02:00,1716.130,1716.740,1715.830,1716.360,34
SQ:XAUUSD,2020-04-27T21:57:00+02:00,1716.370,1717.760,1715.730,1717.490,118
SQ:XAUUSD,2020-04-27T21:58:00+02:00,1717.490,1718.020,1716.832,1717.670,97
SQ:XAUUSD,2020-04-27T21:59:00+02:00,1717.670,1717.670,1716.410,1717.050,136
SQ:XAUUSD,2020-04-27T22:00:00+02:00,1717.210,1717.470,1716.800,1717.170,75
SQ:XAUUSD,2020-04-27T22:01:00+02:00,1717.100,1717.120,1716.470,1716.820,54
SQ:XAUUSD,2020-04-27T22:02:00+02:00,1716.890,1717.210,1716.670,1717.080,55
SQ:XAUUSD,2020-04-27T22:03:00+02:00,1717.080,1717.200,1716.550,1716.720,39
SQ:XAUUSD,2020-04-27T22:04:00+02:00,1716.720,1716.770,1716.070,1716.110,32
SQ:XAUUSD,2020-04-27T22:07:00+02:00,1715.600,1715.640,1715.580,1715.620,9
SQ:XAUUSD,2020-04-27T22:08:00+02:00,1715.580,1715.580,1715.050,1715.260,18
SQ:XAUUSD,2020-04-27T22:09:00+02:00,1715.260,1715.950,1715.050,1715.950,22
SQ:XAUUSD,2020-04-27T22:10:00+02:00,1715.950,1716.350,1715.900,1716.320,33
SQ:XAUUSD,2020-04-27T22:11:00+02:00,1716.280,1716.300,1715.560,1715.750,41
SQ:XAUUSD,2020-04-27T22:12:00+02:00,1715.750,1715.750,1715.010,1715.070,45
SQ:XAUUSD,2020-04-27T22:13:00+02:00,1715.070,1715.100,1714.560,1714.660,46
SQ:XAUUSD,2020-04-27T22:14:00+02:00,1714.660,1714.670,1714.450,1714.580,24
SQ:XAUUSD,2020-04-27T22:15:00+02:00,1714.580,1714.780,1714.470,1714.690,30
SQ:XAUUSD,2020-04-27T22:16:00+02:00,1714.690,1714.690,1714.340,1714.340,18
SQ:XAUUSD,2020-04-27T22:17:00+02:00,1714.370,1714.620,1714.260,1714.520,12
SQ:XAUUSD,2020-04-27T22:18:00+02:00,1714.520,1714.660,1714.510,1714.660,9
SQ:XAUUSD,2020-04-27T22:19:00+02:00,1714.640,1714.780,1714.400,1714.720,14
SQ:XAUUSD,2020-04-27T22:20:00+02:00,1714.720,1714.760,1714.210,1714.210,16
SQ:XAUUSD,2020-04-27T22:21:00+02:00,1714.210,1714.430,1714.140,1714.160,8
SQ:XAUUSD,2020-04-27T22:22:00+02:00,1714.150,1714.480,1714.100,1714.460,24
SQ:XAUUSD,2020-04-27T22:23:00+02:00,1714.460,1714.470,1714.310,1714.470,7
SQ:XAUUSD,2020-04-27T22:24:00+02:00,1714.470,1714.490,1714.320,1714.320,12
SQ:XAUUSD,2020-04-27T22:25:00+02:00,1714.320,1714.340,1714.150,1714.210,9
SQ:XAUUSD,2020-04-27T22:26:00+02:00,1714.210,1714.230,1714.050,1714.180,16
SQ:XAUUSD,2020-04-27T22:27:00+02:00,1714.190,1715.050,1714.190,1714.490,44
SQ:XAUUSD,2020-04-27T22:28:00+02:00,1714.490,1714.710,1714.320,1714.560,28
SQ:XAUUSD,2020-04-27T22:29:00+02:00,1714.600,1715.180,1714.540,1714.570,26
SQ:XAUUSD,2020-04-27T22:30:00+02:00,1714.540,1714.720,1714.340,1714.340,13
SQ:XAUUSD,2020-04-27T22:31:00+02:00,1714.340,1714.530,1714.280,1714.280,8
SQ:XAUUSD,2020-04-27T22:32:00+02:00,1714.270,1714.440,1714.190,1714.330,10
SQ:XAUUSD,2020-04-27T22:33:00+02:00,1714.330,1714.610,1714.220,1714.420,13
SQ:XAUUSD,2020-04-27T22:34:00+02:00,1714.420,1714.570,1714.400,1714.400,4
SQ:XAUUSD,2020-04-27T22:35:00+02:00,1714.400,1714.460,1714.210,1714.210,5
SQ:XAUUSD,2020-04-27T22:36:00+02:00,1714.210,1714.380,1714.150,1714.150,19
SQ:XAUUSD,2020-04-27T22:37:00+02:00,1714.100,1714.360,1714.100,1714.130,11
SQ:XAUUSD,2020-04-27T22:38:00+02:00,1714.150,1714.150,1714.120,1714.130,4
SQ:XAUUSD,2020-04-27T22:39:00+02:00,1714.130,1714.130,1714.020,1714.090,7
SQ:XAUUSD,2020-04-27T22:40:00+02:00,1714.070,1714.100,1714.050,1714.090,9
SQ:XAUUSD,2020-04-27T22:41:00+02:00,1714.110,1714.110,1714.080,1714.090,5
SQ:XAUUSD,2020-04-27T22:42:00+02:00,1714.100,1714.180,1714.090,1714.180,10
SQ:XAUUSD,2020-04-27T22:43:00+02:00,1714.180,1714.810,1714.170,1714.650,19
SQ:XAUUSD,2020-04-27T22:44:00+02:00,1714.660,1714.790,1714.550,1714.550,12
SQ:XAUUSD,2020-04-27T22:45:00+02:00,1714.530,1714.630,1714.080,1714.080,24
SQ:XAUUSD,2020-04-27T22:46:00+02:00,1714.070,1714.090,1713.750,1713.850,25
SQ:XAUUSD,2020-04-27T22:47:00+02:00,1713.870,1714.060,1713.830,1713.940,10
SQ:XAUUSD,2020-04-27T22:48:00+02:00,1713.950,1714.040,1713.570,1713.600,21
SQ:XAUUSD,2020-04-27T22:49:00+02:00,1713.640,1714.160,1713.640,1714.110,37
SQ:XAUUSD,2020-04-27T22:50:00+02:00,1714.170,1714.220,1713.570,1714.220,35
SQ:XAUUSD,2020-04-27T22:51:00+02:00,1714.270,1714.270,1714.090,1714.250,18
SQ:XAUUSD,2020-04-27T22:52:00+02:00,1714.200,1714.710,1714.160,1714.470,9
SQ:XAUUSD,2020-04-27T22:53:00+02:00,1714.430,1714.440,1714.060,1714.240,20
SQ:XAUUSD,2020-04-27T22:54:00+02:00,1714.250,1714.550,1714.200,1714.550,22
SQ:XAUUSD,2020-04-28T00:01:00+02:00,1709.756,1713.510,1709.616,1711.806,22
SQ:XAUUSD,2020-04-28T00:02:00+02:00,1711.796,1713.590,1711.796,1713.590,8
SQ:XAUUSD,2020-04-28T00:03:00+02:00,1713.590,1714.500,1712.090,1713.390,24
SQ:XAUUSD,2020-04-28T00:04:00+02:00,1713.390,1713.390,1711.992,1712.980,19
SQ:XAUUSD,2020-04-28T00:05:00+02:00,1713.020,1713.020,1712.500,1712.560,28
SQ:XAUUSD,2020-04-28T00:06:00+02:00,1712.580,1712.950,1712.580,1712.870,20
SQ:XAUUSD,2020-04-28T00:07:00+02:00,1712.850,1713.160,1712.680,1712.680,17
SQ:XAUUSD,2020-04-28T00:08:00+02:00,1712.680,1712.840,1712.590,1712.680,18
SQ:XAUUSD,2020-04-28T00:09:00+02:00,1712.730,1712.750,1712.510,1712.540,17
SQ:XAUUSD,2020-04-28T00:10:00+02:00,1712.570,1712.660,1712.480,1712.580,16
SQ:XAUUSD,2020-04-28T00:11:00+02:00,1712.530,1712.830,1712.500,1712.740,14
SQ:XAUUSD,2020-04-28T00:12:00+02:00,1712.740,1712.810,1712.650,1712.810,12
SQ:XAUUSD,2020-04-28T00:13:00+02:00,1712.810,1712.840,1712.720,1712.760,7
SQ:XAUUSD,2020-04-28T00:14:00+02:00,1712.760,1712.930,1712.670,1712.800,15
SQ:XAUUSD,2020-04-28T00:15:00+02:00,1712.820,1713.600,1711.600,1713.010,45
SQ:XAUUSD,2020-04-28T00:16:00+02:00,1713.020,1713.020,1712.290,1712.310,8
SQ:XAUUSD,2020-04-28T00:17:00+02:00,1712.260,1713.690,1712.240,1713.560,28
SQ:XAUUSD,2020-04-28T00:18:00+02:00,1713.560,1713.640,1713.330,1713.600,22
SQ:XAUUSD,2020-04-28T00:19:00+02:00,1713.600,1713.650,1713.400,1713.450,12
SQ:XAUUSD,2020-04-28T00:20:00+02:00,1713.450,1713.640,1713.450,1713.600,11
SQ:XAUUSD,2020-04-28T00:21:00+02:00,1713.600,1713.600,1713.580,1713.590,4
SQ:XAUUSD,2020-04-28T00:22:00+02:00,1713.600,1713.640,1713.500,1713.580,15
SQ:XAUUSD,2020-04-28T00:23:00+02:00,1713.580,1713.640,1713.440,1713.600,23
SQ:XAUUSD,2020-04-28T00:24:00+02:00,1713.600,1713.650,1713.560,1713.580,14
SQ:XAUUSD,2020-04-28T00:25:00+02:00,1713.590,1713.640,1712.940,1712.940,17
SQ:XAUUSD,2020-04-28T00:26:00+02:00,1712.940,1713.840,1712.790,1713.210,25
SQ:XAUUSD,2020-04-28T00:27:00+02:00,1713.300,1713.560,1712.770,1713.350,24
SQ:XAUUSD,2020-04-28T00:28:00+02:00,1713.470,1713.610,1712.790,1713.490,18
SQ:XAUUSD,2020-04-28T00:29:00+02:00,1713.510,1713.540,1713.110,1713.320,30
SQ:XAUUSD,2020-04-28T00:30:00+02:00,1713.340,1713.660,1713.320,1713.580,16
SQ:XAUUSD,2020-04-28T00:31:00+02:00,1713.530,1713.710,1713.480,1713.580,10
SQ:XAUUSD,2020-04-28T00:32:00+02:00,1713.570,1713.900,1713.570,1713.800,26
SQ:XAUUSD,2020-04-28T00:33:00+02:00,1713.800,1713.910,1712.970,1713.860,39
SQ:XAUUSD,2020-04-28T00:34:00+02:00,1713.760,1714.460,1712.910,1714.310,36
SQ:XAUUSD,2020-04-28T00:35:00+02:00,1714.320,1714.430,1713.560,1713.590,32
SQ:XAUUSD,2020-04-28T00:36:00+02:00,1713.560,1713.730,1713.450,1713.450,20
SQ:XAUUSD,2020-04-28T00:37:00+02:00,1713.450,1713.450,1712.630,1712.650,35
SQ:XAUUSD,2020-04-28T00:38:00+02:00,1712.630,1713.240,1712.610,1712.790,40
SQ:XAUUSD,2020-04-28T00:39:00+02:00,1712.790,1712.860,1712.220,1712.470,49
SQ:XAUUSD,2020-04-28T00:40:00+02:00,1712.470,1712.580,1712.280,1712.310,20
SQ:XAUUSD,2020-04-28T00:41:00+02:00,1712.310,1712.600,1712.250,1712.440,19
SQ:XAUUSD,2020-04-28T00:42:00+02:00,1712.590,1712.590,1712.110,1712.370,28
SQ:XAUUSD,2020-04-28T00:43:00+02:00,1712.180,1712.360,1712.180,1712.230,11
SQ:XAUUSD,2020-04-28T00:44:00+02:00,1712.230,1712.370,1712.230,1712.370,8
SQ:XAUUSD,2020-04-28T00:45:00+02:00,1712.370,1712.410,1711.560,1711.560,9
SQ:XAUUSD,2020-04-28T00:46:00+02:00,1711.560,1711.810,1710.950,1711.030,44
SQ:XAUUSD,2020-04-28T00:47:00+02:00,1711.030,1711.970,1710.920,1711.850,56
SQ:XAUUSD,2020-04-28T00:48:00+02:00,1711.850,1712.740,1711.730,1712.630,35
SQ:XAUUSD,2020-04-28T00:49:00+02:00,1712.630,1713.010,1712.500,1712.570,45
SQ:XAUUSD,2020-04-28T00:50:00+02:00,1712.570,1712.800,1711.860,1711.920,30
SQ:XAUUSD,2020-04-28T00:51:00+02:00,1711.920,1711.920,1711.200,1711.210,8
SQ:XAUUSD,2020-04-28T00:52:00+02:00,1711.210,1711.820,1711.210,1711.490,23
SQ:XAUUSD,2020-04-28T00:53:00+02:00,1711.470,1711.490,1711.260,1711.470,14
SQ:XAUUSD,2020-04-28T00:54:00+02:00,1711.470,1711.570,1711.300,1711.300,15
SQ:XAUUSD,2020-04-28T00:55:00+02:00,1711.290,1711.310,1711.060,1711.060,8
SQ:XAUUSD,2020-04-28T00:56:00+02:00,1711.070,1711.670,1711.070,1711.520,24
SQ:XAUUSD,2020-04-28T00:57:00+02:00,1711.520,1711.630,1711.290,1711.360,17
SQ:XAUUSD,2020-04-28T00:58:00+02:00,1711.360,1711.480,1711.200,1711.310,22
SQ:XAUUSD,2020-04-28T00:59:00+02:00,1711.310,1711.620,1711.310,1711.550,20
SQ:XAUUSD,2020-04-28T01:00:00+02:00,1711.530,1711.750,1711.470,1711.490,27
SQ:XAUUSD,2020-04-28T01:01:00+02:00,1711.490,1711.490,1711.170,1711.350,30
SQ:XAUUSD,2020-04-28T01:02:00+02:00,1711.390,1711.740,1711.390,1711.490,34
SQ:XAUUSD,2020-04-28T01:03:00+02:00,1711.490,1711.590,1711.130,1711.130,27
SQ:XAUUSD,2020-04-28T01:04:00+02:00,1711.130,1711.200,1710.562,1710.690,26
SQ:XAUUSD,2020-04-28T01:05:00+02:00,1710.650,1710.690,1710.020,1710.330,42
SQ:XAUUSD,2020-04-28T01:06:00+02:00,1710.330,1710.330,1709.910,1710.108,49
SQ:XAUUSD,2020-04-28T01:07:00+02:00,1709.980,1710.460,1709.160,1710.190,79
SQ:XAUUSD,2020-04-28T01:08:00+02:00,1710.190,1710.410,1709.830,1709.830,46
SQ:XAUUSD,2020-04-28T01:09:00+02:00,1709.780,1710.470,1709.330,1710.230,90
SQ:XAUUSD,2020-04-28T01:10:00+02:00,1710.270,1710.610,1710.030,1710.420,29
SQ:XAUUSD,2020-04-28T01:11:00+02:00,1710.420,1710.570,1709.810,1710.420,17
SQ:XAUUSD,2020-04-28T01:12:00+02:00,1710.460,1710.830,1710.210,1710.590,56
SQ:XAUUSD,2020-04-28T01:13:00+02:00,1710.590,1710.820,1710.590,1710.780,27
SQ:XAUUSD,2020-04-28T01:14:00+02:00,1710.820,1710.980,1710.410,1710.490,40
SQ:XAUUSD,2020-04-28T01:15:00+02:00,1710.520,1710.700,1710.110,1710.230,70
SQ:XAUUSD,2020-04-28T01:16:00+02:00,1710.230,1710.540,1710.140,1710.540,37
SQ:XAUUSD,2020-04-28T01:17:00+02:00,1710.540,1710.550,1710.180,1710.280,25
SQ:XAUUSD,2020-04-28T01:18:00+02:00,1710.240,1710.240,1709.910,1709.980,26
SQ:XAUUSD,2020-04-28T01:19:00+02:00,1709.980,1710.590,1709.940,1710.420,38
SQ:XAUUSD,2020-04-28T01:20:00+02:00,1710.420,1710.540,1710.250,1710.380,32
SQ:XAUUSD,2020-04-28T01:21:00+02:00,1710.230,1710.650,1710.120,1710.440,30
SQ:XAUUSD,2020-04-28T01:22:00+02:00,1710.490,1710.510,1710.120,1710.120,32
SQ:XAUUSD,2020-04-28T01:23:00+02:00,1710.150,1710.390,1710.150,1710.180,15
SQ:XAUUSD,2020-04-28T01:24:00+02:00,1710.150,1710.180,1709.850,1710.010,29
SQ:XAUUSD,2020-04-28T01:25:00+02:00,1709.980,1710.140,1709.590,1709.840,63
SQ:XAUUSD,2020-04-28T01:26:00+02:00,1709.840,1710.030,1709.840,1710.010,23
SQ:XAUUSD,2020-04-28T01:27:00+02:00,1710.010,1710.250,1709.870,1710.040,33
SQ:XAUUSD,2020-04-28T01:28:00+02:00,1710.050,1710.250,1709.770,1709.800,54
SQ:XAUUSD,2020-04-28T01:29:00+02:00,1709.850,1710.010,1706.940,1708.820,210
SQ:XAUUSD,2020-04-28T01:30:00+02:00,1708.820,1709.610,1708.460,1709.610,123
SQ:XAUUSD,2020-04-28T01:31:00+02:00,1709.610,1709.610,1709.150,1709.320,54
SQ:XAUUSD,2020-04-28T01:32:00+02:00,1709.320,1709.370,1708.690,1709.230,55
SQ:XAUUSD,2020-04-28T01:33:00+02:00,1709.160,1709.180,1708.260,1708.780,71
SQ:XAUUSD,2020-04-28T01:34:00+02:00,1708.930,1709.750,1708.640,1709.590,65
SQ:XAUUSD,2020-04-28T01:35:00+02:00,1709.570,1709.960,1709.190,1709.190,54
SQ:XAUUSD,2020-04-28T01:36:00+02:00,1709.240,1709.540,1708.950,1709.060,55
SQ:XAUUSD,2020-04-28T01:37:00+02:00,1709.060,1709.260,1708.430,1708.890,52
SQ:XAUUSD,2020-04-28T01:38:00+02:00,1708.890,1709.570,1708.860,1709.440,51
SQ:XAUUSD,2020-04-28T01:39:00+02:00,1709.380,1709.460,1708.720,1708.990,40
SQ:XAUUSD,2020-04-28T01:40:00+02:00,1709.030,1709.180,1708.720,1709.120,27
SQ:XAUUSD,2020-04-28T01:41:00+02:00,1709.050,1709.510,1708.840,1709.120,36
SQ:XAUUSD,2020-04-28T01:42:00+02:00,1709.150,1709.240,1708.990,1709.230,23
SQ:XAUUSD,2020-04-28T01:43:00+02:00,1709.260,1709.510,1709.210,1709.460,23
SQ:XAUUSD,2020-04-28T01:44:00+02:00,1709.390,1709.390,1708.910,1709.080,28
SQ:XAUUSD,2020-04-28T01:45:00+02:00,1709.080,1709.820,1709.080,1709.760,39
SQ:XAUUSD,2020-04-28T01:46:00+02:00,1709.790,1709.800,1709.560,1709.650,39
SQ:XAUUSD,2020-04-28T01:47:00+02:00,1709.730,1709.820,1709.330,1709.330,36
SQ:XAUUSD,2020-04-28T01:48:00+02:00,1709.420,1709.620,1709.260,1709.350,25
SQ:XAUUSD,2020-04-28T01:49:00+02:00,1709.350,1709.620,1708.900,1709.620,18
SQ:XAUUSD,2020-04-28T01:50:00+02:00,1709.620,1709.700,1708.710,1709.660,34
SQ:XAUUSD,2020-04-28T01:51:00+02:00,1709.660,1709.720,1709.450,1709.490,20
SQ:XAUUSD,2020-04-28T01:52:00+02:00,1709.490,1709.850,1709.490,1709.640,33
SQ:XAUUSD,2020-04-28T01:53:00+02:00,1709.640,1709.720,1709.550,1709.720,21
SQ:XAUUSD,2020-04-28T01:54:00+02:00,1709.720,1709.750,1709.620,1709.740,17
SQ:XAUUSD,2020-04-28T01:55:00+02:00,1709.710,1709.710,1709.480,1709.490,19
SQ:XAUUSD,2020-04-28T01:56:00+02:00,1709.510,1709.550,1709.360,1709.440,27
SQ:XAUUSD,2020-04-28T01:57:00+02:00,1709.380,1709.460,1708.870,1709.390,23
SQ:XAUUSD,2020-04-28T01:58:00+02:00,1709.390,1709.460,1709.160,1709.460,16
SQ:XAUUSD,2020-04-28T01:59:00+02:00,1709.460,1709.740,1709.410,1709.410,29
SQ:XAUUSD,2020-04-28T02:00:00+02:00,1709.410,1709.680,1709.220,1709.270,60
SQ:XAUUSD,2020-04-28T02:01:00+02:00,1709.270,1709.270,1707.450,1708.040,120
SQ:XAUUSD,2020-04-28T02:02:00+02:00,1708.040,1708.180,1707.550,1707.730,93
SQ:XAUUSD,2020-04-28T02:03:00+02:00,1707.692,1708.700,1707.370,1708.640,117
SQ:XAUUSD,2020-04-28T02:04:00+02:00,1708.590,1708.770,1707.580,1707.580,56
SQ:XAUUSD,2020-04-28T02:05:00+02:00,1707.580,1707.780,1706.930,1707.190,83
SQ:XAUUSD,2020-04-28T02:06:00+02:00,1707.160,1707.720,1707.160,1707.670,40
SQ:XAUUSD,2020-04-28T02:07:00+02:00,1707.670,1708.230,1707.380,1708.230,44
SQ:XAUUSD,2020-04-28T02:08:00+02:00,1708.230,1708.410,1707.920,1708.400,39
SQ:XAUUSD,2020-04-28T02:09:00+02:00,1708.400,1708.770,1708.200,1708.690,46
SQ:XAUUSD,2020-04-28T02:10:00+02:00,1708.690,1708.900,1708.420,1708.900,51
SQ:XAUUSD,2020-04-28T02:11:00+02:00,1708.890,1709.280,1708.670,1708.930,92
SQ:XAUUSD,2020-04-28T02:12:00+02:00,1708.910,1708.990,1708.590,1708.930,61
SQ:XAUUSD,2020-04-28T02:13:00+02:00,1708.930,1708.930,1708.370,1708.370,47
SQ:XAUUSD,2020-04-28T02:14:00+02:00,1708.330,1708.930,1708.310,1708.770,44
SQ:XAUUSD,2020-04-28T02:15:00+02:00,1708.770,1709.600,1708.770,1709.290,45
SQ:XAUUSD,2020-04-28T02:16:00+02:00,1709.290,1710.340,1709.140,1709.710,62
SQ:XAUUSD,2020-04-28T02:17:00+02:00,1709.710,1709.870,1709.570,1709.640,30
SQ:XAUUSD,2020-04-28T02:18:00+02:00,1709.710,1709.910,1709.290,1709.500,45
SQ:XAUUSD,2020-04-28T02:19:00+02:00,1709.500,1709.790,1709.430,1709.650,19
SQ:XAUUSD,2020-04-28T02:20:00+02:00,1709.650,1709.660,1709.370,1709.420,44
SQ:XAUUSD,2020-04-28T02:21:00+02:00,1709.420,1709.420,1706.760,1707.010,103
SQ:XAUUSD,2020-04-28T02:22:00+02:00,1707.010,1707.240,1706.700,1706.790,38
SQ:XAUUSD,2020-04-28T02:23:00+02:00,1706.790,1706.790,1705.600,1706.260,29
SQ:XAUUSD,2020-04-28T02:24:00+02:00,1706.350,1706.660,1706.180,1706.520,49
SQ:XAUUSD,2020-04-28T02:25:00+02:00,1706.590,1706.660,1704.420,1704.640,50
SQ:XAUUSD,2020-04-28T02:26:00+02:00,1704.640,1704.690,1704.550,1704.690,17
SQ:XAUUSD,2020-04-28T02:27:00+02:00,1704.690,1704.876,1704.550,1704.590,60
SQ:XAUUSD,2020-04-28T02:28:00+02:00,1704.600,1706.070,1704.590,1705.088,111
SQ:XAUUSD,2020-04-28T02:29:00+02:00,1705.088,1706.840,1705.088,1706.720,87
SQ:XAUUSD,2020-04-28T02:30:00+02:00,1706.720,1708.250,1706.670,1707.850,123
SQ:XAUUSD,2020-04-28T02:31:00+02:00,1707.850,1708.290,1707.600,1708.040,103
SQ:XAUUSD,2020-04-28T02:32:00+02:00,1708.090,1708.520,1707.490,1708.070,73
SQ:XAUUSD,2020-04-28T02:33:00+02:00,1708.010,1708.290,1707.720,1708.250,54
SQ:XAUUSD,2020-04-28T02:34:00+02:00,1708.250,1708.550,1708.160,1708.200,49
SQ:XAUUSD,2020-04-28T02:35:00+02:00,1708.200,1708.490,1707.930,1708.360,45
SQ:XAUUSD,2020-04-28T02:36:00+02:00,1708.330,1708.440,1707.800,1708.180,77
SQ:XAUUSD,2020-04-28T02:37:00+02:00,1708.140,1708.250,1707.670,1707.670,27
SQ:XAUUSD,2020-04-28T02:38:00+02:00,1707.670,1707.800,1707.610,1707.770,25
SQ:XAUUSD,2020-04-28T02:39:00+02:00,1707.720,1707.720,1707.180,1707.180,23
SQ:XAUUSD,2020-04-28T02:40:00+02:00,1707.180,1707.740,1707.160,1707.590,37
SQ:XAUUSD,2020-04-28T02:41:00+02:00,1707.590,1707.770,1707.130,1707.670,32
SQ:XAUUSD,2020-04-28T02:42:00+02:00,1707.730,1708.650,1707.690,1708.080,57
SQ:XAUUSD,2020-04-28T02:43:00+02:00,1708.130,1708.550,1707.950,1708.410,32
SQ:XAUUSD,2020-04-28T02:44:00+02:00,1708.350,1708.500,1707.680,1707.960,72
SQ:XAUUSD,2020-04-28T02:45:00+02:00,1707.970,1708.610,1707.810,1708.520,66
SQ:XAUUSD,2020-04-28T02:46:00+02:00,1708.520,1708.910,1708.410,1708.460,88
SQ:XAUUSD,2020-04-28T02:47:00+02:00,1708.480,1708.588,1708.350,1708.520,55
SQ:XAUUSD,2020-04-28T02:48:00+02:00,1708.530,1708.530,1708.340,1708.450,27
SQ:XAUUSD,2020-04-28T02:49:00+02:00,1708.470,1708.534,1708.364,1708.390,43
SQ:XAUUSD,2020-04-28T02:50:00+02:00,1708.368,1708.540,1708.162,1708.340,54
SQ:XAUUSD,2020-04-28T02:51:00+02:00,1708.360,1708.670,1708.360,1708.390,51
SQ:XAUUSD,2020-04-28T02:52:00+02:00,1708.390,1709.090,1708.310,1708.770,55
SQ:XAUUSD,2020-04-28T02:53:00+02:00,1708.776,1708.990,1708.506,1708.990,48
SQ:XAUUSD,2020-04-28T02:54:00+02:00,1708.990,1708.990,1708.370,1708.510,50
SQ:XAUUSD,2020-04-28T02:55:00+02:00,1708.524,1708.646,1707.620,1707.730,86
SQ:XAUUSD,2020-04-28T02:56:00+02:00,1707.770,1707.800,1707.400,1707.640,65
SQ:XAUUSD,2020-04-28T02:57:00+02:00,1707.690,1707.690,1707.280,1707.570,44
SQ:XAUUSD,2020-04-28T02:58:00+02:00,1707.580,1707.722,1707.150,1707.250,57
SQ:XAUUSD,2020-04-28T02:59:00+02:00,1707.260,1707.370,1706.980,1707.260,81
SQ:XAUUSD,2020-04-28T03:00:00+02:00,1707.240,1707.560,1706.690,1706.960,202
SQ:XAUUSD,2020-04-28T03:01:00+02:00,1706.950,1707.110,1706.520,1706.610,89
SQ:XAUUSD,2020-04-28T03:02:00+02:00,1706.610,1706.690,1706.230,1706.490,88
SQ:XAUUSD,2020-04-28T03:03:00+02:00,1706.490,1707.160,1706.490,1707.110,83
SQ:XAUUSD,2020-04-28T03:04:00+02:00,1707.110,1707.360,1706.450,1706.640,66
SQ:XAUUSD,2020-04-28T03:05:00+02:00,1706.600,1706.840,1706.500,1706.560,72
SQ:XAUUSD,2020-04-28T03:06:00+02:00,1706.560,1706.690,1706.098,1706.118,95
SQ:XAUUSD,2020-04-28T03:07:00+02:00,1706.094,1706.152,1704.992,1705.422,156
SQ:XAUUSD,2020-04-28T03:08:00+02:00,1705.422,1705.620,1703.440,1704.160,216
SQ:XAUUSD,2020-04-28T03:09:00+02:00,1704.160,1705.100,1704.160,1704.490,132
SQ:XAUUSD,2020-04-28T03:10:00+02:00,1704.490,1705.340,1704.360,1705.320,101
SQ:XAUUSD,2020-04-28T03:11:00+02:00,1705.320,1705.320,1704.620,1704.760,62
SQ:XAUUSD,2020-04-28T03:12:00+02:00,1704.760,1704.780,1704.250,1704.410,71
SQ:XAUUSD,2020-04-28T03:13:00+02:00,1704.360,1704.510,1703.800,1703.880,129
SQ:XAUUSD,2020-04-28T03:14:00+02:00,1703.940,1704.360,1703.150,1704.260,184
SQ:XAUUSD,2020-04-28T03:15:00+02:00,1704.250,1704.450,1703.410,1703.850,178
SQ:XAUUSD,2020-04-28T03:16:00+02:00,1703.850,1704.130,1703.330,1703.830,108
SQ:XAUUSD,2020-04-28T03:17:00+02:00,1703.830,1704.510,1703.824,1704.260,79
SQ:XAUUSD,2020-04-28T03:18:00+02:00,1704.260,1704.990,1704.060,1704.910,77
SQ:XAUUSD,2020-04-28T03:19:00+02:00,1704.910,1705.150,1704.320,1704.350,85
SQ:XAUUSD,2020-04-28T03:20:00+02:00,1704.290,1705.270,1704.220,1705.190,112
SQ:XAUUSD,2020-04-28T03:21:00+02:00,1705.240,1705.380,1704.930,1705.030,69
SQ:XAUUSD,2020-04-28T03:22:00+02:00,1705.030,1705.220,1704.440,1704.440,100
SQ:XAUUSD,2020-04-28T03:23:00+02:00,1704.450,1705.120,1704.420,1705.040,128
SQ:XAUUSD,2020-04-28T03:24:00+02:00,1705.040,1705.080,1704.500,1704.520,82
SQ:XAUUSD,2020-04-28T03:25:00+02:00,1704.520,1704.520,1704.030,1704.240,62
SQ:XAUUSD,2020-04-28T03:26:00+02:00,1704.250,1705.100,1704.240,1705.020,66
SQ:XAUUSD,2020-04-28T03:27:00+02:00,1705.000,1705.680,1704.960,1705.270,93
SQ:XAUUSD,2020-04-28T03:28:00+02:00,1705.240,1705.300,1705.150,1705.300,41
SQ:XAUUSD,2020-04-28T03:29:00+02:00,1705.300,1705.400,1704.710,1705.290,40
SQ:XAUUSD,2020-04-28T03:30:00+02:00,1705.290,1705.290,1704.850,1705.080,73
SQ:XAUUSD,2020-04-28T03:31:00+02:00,1705.080,1705.140,1704.890,1705.040,44
SQ:XAUUSD,2020-04-28T03:32:00+02:00,1705.030,1705.170,1704.920,1705.110,57
SQ:XAUUSD,2020-04-28T03:33:00+02:00,1705.110,1705.200,1704.950,1704.950,23
SQ:XAUUSD,2020-04-28T03:34:00+02:00,1704.970,1704.970,1704.010,1704.070,55
SQ:XAUUSD,2020-04-28T03:35:00+02:00,1704.070,1704.270,1703.840,1704.050,38
SQ:XAUUSD,2020-04-28T03:36:00+02:00,1704.050,1704.400,1703.580,1703.630,91
SQ:XAUUSD,2020-04-28T03:37:00+02:00,1703.590,1703.610,1702.450,1702.620,246
SQ:XAUUSD,2020-04-28T03:38:00+02:00,1702.640,1702.650,1701.710,1702.390,202
SQ:XAUUSD,2020-04-28T03:39:00+02:00,1702.390,1703.000,1702.350,1702.550,109
SQ:XAUUSD,2020-04-28T03:40:00+02:00,1702.610,1702.800,1702.040,1702.760,74
SQ:XAUUSD,2020-04-28T03:41:00+02:00,1702.760,1702.830,1701.490,1701.490,114
SQ:XAUUSD,2020-04-28T03:42:00+02:00,1701.430,1701.730,1700.080,1700.690,318
SQ:XAUUSD,2020-04-28T03:43:00+02:00,1700.730,1702.310,1700.730,1702.090,173
SQ:XAUUSD,2020-04-28T03:44:00+02:00,1702.090,1702.520,1701.520,1701.690,232
SQ:XAUUSD,2020-04-28T03:45:00+02:00,1701.690,1701.960,1700.070,1700.250,200
SQ:XAUUSD,2020-04-28T03:46:00+02:00,1700.320,1701.900,1700.130,1701.710,128
SQ:XAUUSD,2020-04-28T03:47:00+02:00,1701.710,1702.810,1701.710,1702.180,168
SQ:XAUUSD,2020-04-28T03:48:00+02:00,1702.180,1702.740,1702.180,1702.670,94
SQ:XAUUSD,2020-04-28T03:49:00+02:00,1702.660,1702.810,1701.410,1702.700,99
SQ:XAUUSD,2020-04-28T03:50:00+02:00,1702.700,1704.130,1702.680,1703.590,208
SQ:XAUUSD,2020-04-28T03:51:00+02:00,1703.540,1703.750,1703.380,1703.460,72
SQ:XAUUSD,2020-04-28T03:52:00+02:00,1703.460,1703.900,1703.370,1703.670,105
SQ:XAUUSD,2020-04-28T03:53:00+02:00,1703.690,1703.770,1702.990,1703.400,88
SQ:XAUUSD,2020-04-28T03:54:00+02:00,1703.400,1703.720,1703.360,1703.520,80
SQ:XAUUSD,2020-04-28T03:55:00+02:00,1703.520,1703.580,1703.220,1703.400,48
SQ:XAUUSD,2020-04-28T03:56:00+02:00,1703.410,1703.680,1703.040,1703.510,51
SQ:XAUUSD,2020-04-28T03:57:00+02:00,1703.620,1704.030,1703.280,1703.420,83
SQ:XAUUSD,2020-04-28T03:58:00+02:00,1703.370,1703.510,1703.030,1703.190,86
SQ:XAUUSD,2020-04-28T03:59:00+02:00,1703.190,1703.850,1703.050,1703.310,99
SQ:XAUUSD,2020-04-28T04:00:00+02:00,1703.294,1703.328,1702.530,1702.800,126
SQ:XAUUSD,2020-04-28T04:01:00+02:00,1702.870,1703.002,1702.466,1702.830,113
SQ:XAUUSD,2020-04-28T04:02:00+02:00,1702.830,1703.070,1702.310,1702.460,130
SQ:XAUUSD,2020-04-28T04:03:00+02:00,1702.460,1702.630,1702.320,1702.360,57
SQ:XAUUSD,2020-04-28T04:04:00+02:00,1702.360,1702.790,1702.350,1702.760,63
SQ:XAUUSD,2020-04-28T04:05:00+02:00,1702.770,1703.010,1702.410,1702.746,60
SQ:XAUUSD,2020-04-28T04:06:00+02:00,1702.746,1702.940,1702.640,1702.840,41
SQ:XAUUSD,2020-04-28T04:07:00+02:00,1702.840,1702.920,1702.400,1702.450,42
SQ:XAUUSD,2020-04-28T04:08:00+02:00,1702.420,1703.310,1702.420,1702.960,46
SQ:XAUUSD,2020-04-28T04:09:00+02:00,1703.020,1703.360,1702.830,1703.210,52
SQ:XAUUSD,2020-04-28T04:10:00+02:00,1703.210,1703.890,1703.200,1703.760,51
SQ:XAUUSD,2020-04-28T04:11:00+02:00,1703.710,1704.000,1703.340,1703.900,55
SQ:XAUUSD,2020-04-28T04:12:00+02:00,1703.900,1703.900,1703.040,1703.450,39
SQ:XAUUSD,2020-04-28T04:13:00+02:00,1703.500,1703.660,1702.790,1703.660,64
SQ:XAUUSD,2020-04-28T04:14:00+02:00,1703.660,1703.660,1702.730,1702.940,66
SQ:XAUUSD,2020-04-28T04:15:00+02:00,1703.070,1703.310,1701.990,1702.512,106
SQ:XAUUSD,2020-04-28T04:16:00+02:00,1702.484,1702.850,1702.420,1702.470,52
SQ:XAUUSD,2020-04-28T04:17:00+02:00,1702.450,1702.580,1701.830,1701.850,76
SQ:XAUUSD,2020-04-28T04:18:00+02:00,1701.850,1702.180,1701.470,1701.520,71
SQ:XAUUSD,2020-04-28T04:19:00+02:00,1701.520,1701.970,1701.410,1701.730,88
SQ:XAUUSD,2020-04-28T04:20:00+02:00,1701.730,1702.510,1701.506,1702.490,80
SQ:XAUUSD,2020-04-28T04:21:00+02:00,1702.490,1702.500,1701.940,1702.240,82
SQ:XAUUSD,2020-04-28T04:22:00+02:00,1702.240,1702.280,1701.950,1702.150,56
SQ:XAUUSD,2020-04-28T04:23:00+02:00,1702.170,1702.710,1702.090,1702.710,38
SQ:XAUUSD,2020-04-28T04:24:00+02:00,1702.710,1702.800,1702.180,1702.230,49
SQ:XAUUSD,2020-04-28T04:25:00+02:00,1702.240,1702.820,1702.240,1702.350,61
SQ:XAUUSD,2020-04-28T04:26:00+02:00,1702.350,1702.430,1701.830,1702.160,102
SQ:XAUUSD,2020-04-28T04:27:00+02:00,1702.160,1702.970,1701.860,1702.710,67
SQ:XAUUSD,2020-04-28T04:28:00+02:00,1702.700,1702.840,1702.240,1702.320,71
SQ:XAUUSD,2020-04-28T04:29:00+02:00,1702.320,1702.320,1702.150,1702.170,23
SQ:XAUUSD,2020-04-28T04:30:00+02:00,1702.190,1702.770,1702.100,1702.470,71
SQ:XAUUSD,2020-04-28T04:31:00+02:00,1702.640,1702.730,1702.190,1702.690,42
SQ:XAUUSD,2020-04-28T04:32:00+02:00,1702.730,1703.000,1702.270,1702.320,75
SQ:XAUUSD,2020-04-28T04:33:00+02:00,1702.440,1702.700,1701.950,1702.110,51
SQ:XAUUSD,2020-04-28T04:34:00+02:00,1702.110,1702.400,1702.050,1702.390,55
SQ:XAUUSD,2020-04-28T04:35:00+02:00,1702.570,1702.990,1702.280,1702.570,88
SQ:XAUUSD,2020-04-28T04:36:00+02:00,1702.740,1703.370,1702.740,1703.170,81
SQ:XAUUSD,2020-04-28T04:37:00+02:00,1703.170,1703.880,1703.090,1703.350,85
SQ:XAUUSD,2020-04-28T04:38:00+02:00,1703.350,1703.460,1703.170,1703.170,31
SQ:XAUUSD,2020-04-28T04:39:00+02:00,1703.170,1703.410,1703.170,1703.350,42
SQ:XAUUSD,2020-04-28T04:40:00+02:00,1703.420,1703.950,1703.070,1703.930,68
SQ:XAUUSD,2020-04-28T04:41:00+02:00,1703.800,1703.990,1703.420,1703.610,52
SQ:XAUUSD,2020-04-28T04:42:00+02:00,1703.666,1703.666,1703.070,1703.110,76
SQ:XAUUSD,2020-04-28T04:43:00+02:00,1703.180,1703.320,1702.760,1703.220,47
SQ:XAUUSD,2020-04-28T04:44:00+02:00,1703.220,1703.360,1702.924,1702.970,20
SQ:XAUUSD,2020-04-28T04:45:00+02:00,1703.008,1703.330,1702.556,1703.240,102
SQ:XAUUSD,2020-04-28T04:46:00+02:00,1703.250,1704.160,1702.910,1703.490,75
SQ:XAUUSD,2020-04-28T04:47:00+02:00,1703.490,1703.560,1702.980,1703.160,42
SQ:XAUUSD,2020-04-28T04:48:00+02:00,1703.170,1703.208,1702.910,1703.090,70
SQ:XAUUSD,2020-04-28T04:49:00+02:00,1703.100,1703.410,1702.990,1703.030,62
SQ:XAUUSD,2020-04-28T04:50:00+02:00,1703.050,1703.070,1702.480,1702.830,62
SQ:XAUUSD,2020-04-28T04:51:00+02:00,1702.820,1702.820,1702.360,1702.390,49
SQ:XAUUSD,2020-04-28T04:52:00+02:00,1702.374,1702.710,1702.340,1702.480,108
SQ:XAUUSD,2020-04-28T04:53:00+02:00,1702.470,1703.090,1702.450,1702.710,102
SQ:XAUUSD,2020-04-28T04:54:00+02:00,1702.730,1702.820,1702.660,1702.690,38
SQ:XAUUSD,2020-04-28T04:55:00+02:00,1702.710,1702.810,1702.390,1702.390,54
SQ:XAUUSD,2020-04-28T04:56:00+02:00,1702.390,1702.390,1701.710,1701.930,102
SQ:XAUUSD,2020-04-28T04:57:00+02:00,1701.930,1702.180,1701.920,1701.940,77
SQ:XAUUSD,2020-04-28T04:58:00+02:00,1701.930,1702.010,1701.890,1702.010,34
SQ:XAUUSD,2020-04-28T04:59:00+02:00,1702.010,1702.140,1701.920,1702.140,51
SQ:XAUUSD,2020-04-28T05:00:00+02:00,1702.150,1702.360,1701.950,1702.086,39
SQ:XAUUSD,2020-04-28T05:01:00+02:00,1702.066,1702.076,1701.710,1701.810,32
SQ:XAUUSD,2020-04-28T05:02:00+02:00,1701.810,1701.940,1701.150,1701.840,20
SQ:XAUUSD,2020-04-28T05:03:00+02:00,1701.840,1701.920,1701.790,1701.790,4
SQ:XAUUSD,2020-04-28T05:04:00+02:00,1701.790,1701.850,1700.900,1700.934,37
SQ:XAUUSD,2020-04-28T05:05:00+02:00,1700.974,1701.062,1700.300,1700.300,53
SQ:XAUUSD,2020-04-28T05:06:00+02:00,1700.300,1700.520,1700.100,1700.270,41
SQ:XAUUSD,2020-04-28T05:07:00+02:00,1700.270,1700.850,1700.270,1700.500,40
SQ:XAUUSD,2020-04-28T05:08:00+02:00,1700.490,1700.520,1700.100,1700.120,37
SQ:XAUUSD,2020-04-28T05:09:00+02:00,1700.120,1700.370,1699.890,1700.370,25
SQ:XAUUSD,2020-04-28T05:10:00+02:00,1700.370,1700.370,1699.890,1699.930,34
SQ:XAUUSD,2020-04-28T05:11:00+02:00,1699.930,1700.420,1699.720,1700.200,23
SQ:XAUUSD,2020-04-28T05:12:00+02:00,1700.200,1700.540,1699.990,1699.990,58
SQ:XAUUSD,2020-04-28T05:13:00+02:00,1699.990,1700.740,1699.950,1700.500,58
SQ:XAUUSD,2020-04-28T05:14:00+02:00,1700.380,1700.670,1700.310,1700.550,44
SQ:XAUUSD,2020-04-28T05:15:00+02:00,1700.550,1700.780,1700.390,1700.430,32
SQ:XAUUSD,2020-04-28T05:16:00+02:00,1700.430,1700.470,1700.000,1700.110,19
SQ:XAUUSD,2020-04-28T05:17:00+02:00,1700.140,1700.960,1699.920,1700.940,29
SQ:XAUUSD,2020-04-28T05:18:00+02:00,1700.940,1701.420,1700.920,1701.160,59
SQ:XAUUSD,2020-04-28T05:19:00+02:00,1701.170,1701.260,1701.010,1701.020,27
SQ:XAUUSD,2020-04-28T05:20:00+02:00,1701.020,1701.050,1700.870,1700.910,17
SQ:XAUUSD,2020-04-28T05:21:00+02:00,1700.910,1700.980,1700.780,1700.880,16
SQ:XAUUSD,2020-04-28T05:22:00+02:00,1700.830,1700.950,1700.430,1700.500,42
SQ:XAUUSD,2020-04-28T05:23:00+02:00,1700.500,1700.504,1699.620,1700.270,24
SQ:XAUUSD,2020-04-28T05:24:00+02:00,1700.270,1700.330,1699.670,1699.870,16
SQ:XAUUSD,2020-04-28T05:25:00+02:00,1699.870,1699.870,1699.340,1699.710,49
SQ:XAUUSD,2020-04-28T05:26:00+02:00,1699.710,1700.000,1699.628,1699.990,29
SQ:XAUUSD,2020-04-28T05:27:00+02:00,1700.000,1700.340,1699.990,1700.120,33
SQ:XAUUSD,2020-04-28T05:28:00+02:00,1700.120,1700.120,1699.470,1699.490,14
SQ:XAUUSD,2020-04-28T05:29:00+02:00,1699.490,1699.490,1698.390,1699.110,99
SQ:XAUUSD,2020-04-28T05:30:00+02:00,1699.186,1699.264,1697.760,1698.760,153
SQ:XAUUSD,2020-04-28T05:31:00+02:00,1698.820,1698.820,1696.860,1696.920,141
SQ:XAUUSD,2020-04-28T05:32:00+02:00,1697.190,1698.114,1695.780,1696.300,143
SQ:XAUUSD,2020-04-28T05:33:00+02:00,1696.300,1697.452,1695.730,1695.740,98
SQ:XAUUSD,2020-04-28T05:34:00+02:00,1695.790,1696.240,1695.600,1695.780,69
SQ:XAUUSD,2020-04-28T05:35:00+02:00,1695.780,1696.170,1695.560,1695.830,36
SQ:XAUUSD,2020-04-28T05:36:00+02:00,1695.830,1696.000,1695.450,1695.450,35
SQ:XAUUSD,2020-04-28T05:37:00+02:00,1695.450,1696.120,1695.440,1695.880,28
SQ:XAUUSD,2020-04-28T05:38:00+02:00,1695.850,1696.960,1695.850,1696.910,20
SQ:XAUUSD,2020-04-28T05:39:00+02:00,1696.910,1697.910,1696.910,1697.330,67
SQ:XAUUSD,2020-04-28T05:40:00+02:00,1697.330,1697.950,1696.640,1697.890,84
SQ:XAUUSD,2020-04-28T05:41:00+02:00,1697.890,1698.130,1697.410,1697.480,57
SQ:XAUUSD,2020-04-28T05:42:00+02:00,1697.420,1697.520,1696.470,1696.580,73
SQ:XAUUSD,2020-04-28T05:43:00+02:00,1696.580,1696.660,1696.080,1696.270,101
SQ:XAUUSD,2020-04-28T05:44:00+02:00,1696.270,1697.060,1696.156,1696.700,154
SQ:XAUUSD,2020-04-28T05:45:00+02:00,1696.700,1697.430,1696.700,1697.140,69
SQ:XAUUSD,2020-04-28T05:46:00+02:00,1697.140,1697.240,1696.930,1696.960,34
SQ:XAUUSD,2020-04-28T05:47:00+02:00,1696.960,1697.360,1696.930,1697.060,56
SQ:XAUUSD,2020-04-28T05:48:00+02:00,1697.040,1697.250,1696.970,1697.210,49
SQ:XAUUSD,2020-04-28T05:49:00+02:00,1697.210,1697.390,1697.130,1697.280,19
SQ:XAUUSD,2020-04-28T05:50:00+02:00,1697.310,1697.310,1696.910,1696.910,43
SQ:XAUUSD,2020-04-28T05:51:00+02:00,1696.960,1697.320,1696.920,1697.230,16
SQ:XAUUSD,2020-04-28T05:52:00+02:00,1697.280,1697.370,1697.080,1697.080,21
SQ:XAUUSD,2020-04-28T05:53:00+02:00,1697.100,1697.290,1696.750,1696.960,49
SQ:XAUUSD,2020-04-28T05:54:00+02:00,1696.950,1697.200,1696.940,1697.200,41
SQ:XAUUSD,2020-04-28T05:55:00+02:00,1697.200,1697.520,1696.940,1697.390,62
SQ:XAUUSD,2020-04-28T05:56:00+02:00,1697.390,1697.810,1697.220,1697.720,75
SQ:XAUUSD,2020-04-28T05:57:00+02:00,1697.670,1697.770,1697.230,1697.470,45
SQ:XAUUSD,2020-04-28T05:58:00+02:00,1697.470,1697.910,1697.410,1697.750,39
SQ:XAUUSD,2020-04-28T05:59:00+02:00,1697.720,1698.010,1697.650,1697.960,42
SQ:XAUUSD,2020-04-28T06:00:00+02:00,1697.910,1697.920,1697.640,1697.690,25
SQ:XAUUSD,2020-04-28T06:01:00+02:00,1697.690,1697.790,1697.380,1697.690,44
SQ:XAUUSD,2020-04-28T06:02:00+02:00,1697.690,1697.940,1697.556,1697.910,32
SQ:XAUUSD,2020-04-28T06:03:00+02:00,1697.880,1697.880,1696.720,1696.800,116
SQ:XAUUSD,2020-04-28T06:04:00+02:00,1696.850,1697.180,1696.430,1696.560,56
SQ:XAUUSD,2020-04-28T06:05:00+02:00,1696.580,1696.580,1696.120,1696.170,26
SQ:XAUUSD,2020-04-28T06:06:00+02:00,1696.170,1696.380,1696.170,1696.380,23
SQ:XAUUSD,2020-04-28T06:07:00+02:00,1696.460,1696.540,1696.010,1696.170,72
SQ:XAUUSD,2020-04-28T06:08:00+02:00,1696.180,1696.490,1695.570,1695.650,126
SQ:XAUUSD,2020-04-28T06:09:00+02:00,1695.650,1696.270,1695.650,1696.180,97
SQ:XAUUSD,2020-04-28T06:10:00+02:00,1696.180,1696.180,1695.610,1695.720,61
SQ:XAUUSD,2020-04-28T06:11:00+02:00,1695.720,1695.920,1695.580,1695.580,56
SQ:XAUUSD,2020-04-28T06:12:00+02:00,1695.630,1696.100,1695.630,1696.050,65
SQ:XAUUSD,2020-04-28T06:13:00+02:00,1696.014,1696.350,1695.874,1696.334,57
SQ:XAUUSD,2020-04-28T06:14:00+02:00,1696.344,1696.932,1696.174,1696.820,137
SQ:XAUUSD,2020-04-28T06:15:00+02:00,1696.818,1696.818,1696.288,1696.324,89
SQ:XAUUSD,2020-04-28T06:16:00+02:00,1696.324,1696.770,1696.208,1696.760,41
SQ:XAUUSD,2020-04-28T06:17:00+02:00,1696.760,1696.850,1696.510,1696.730,64
SQ:XAUUSD,2020-04-28T06:18:00+02:00,1696.720,1696.980,1696.690,1696.970,45
SQ:XAUUSD,2020-04-28T06:19:00+02:00,1696.964,1697.710,1696.924,1697.250,101
SQ:XAUUSD,2020-04-28T06:20:00+02:00,1697.250,1697.730,1696.860,1697.000,78
SQ:XAUUSD,2020-04-28T06:21:00+02:00,1696.970,1696.970,1695.830,1695.910,93
SQ:XAUUSD,2020-04-28T06:22:00+02:00,1695.938,1696.198,1695.820,1696.114,76
SQ:XAUUSD,2020-04-28T06:23:00+02:00,1696.114,1696.260,1695.904,1696.260,90
SQ:XAUUSD,2020-04-28T06:24:00+02:00,1696.250,1696.370,1696.204,1696.260,38
SQ:XAUUSD,2020-04-28T06:25:00+02:00,1696.280,1696.552,1696.260,1696.286,35
SQ:XAUUSD,2020-04-28T06:26:00+02:00,1696.286,1696.470,1696.022,1696.098,57
SQ:XAUUSD,2020-04-28T06:27:00+02:00,1696.094,1696.430,1695.856,1695.906,69
SQ:XAUUSD,2020-04-28T06:28:00+02:00,1695.990,1696.300,1695.990,1696.138,34
SQ:XAUUSD,2020-04-28T06:29:00+02:00,1696.138,1696.670,1696.134,1696.530,58
SQ:XAUUSD,2020-04-28T06:30:00+02:00,1696.570,1697.340,1696.570,1696.960,68
SQ:XAUUSD,2020-04-28T06:31:00+02:00,1696.990,1696.990,1696.600,1696.640,40
SQ:XAUUSD,2020-04-28T06:32:00+02:00,1696.710,1696.710,1696.510,1696.690,35
SQ:XAUUSD,2020-04-28T06:33:00+02:00,1696.690,1697.040,1696.250,1696.340,75
SQ:XAUUSD,2020-04-28T06:34:00+02:00,1696.340,1696.640,1696.220,1696.470,60
SQ:XAUUSD,2020-04-28T06:35:00+02:00,1696.510,1696.940,1696.420,1696.940,48
SQ:XAUUSD,2020-04-28T06:36:00+02:00,1696.970,1696.970,1696.410,1696.570,65
SQ:XAUUSD,2020-04-28T06:37:00+02:00,1696.570,1696.870,1696.460,1696.770,25
SQ:XAUUSD,2020-04-28T06:38:00+02:00,1696.830,1696.900,1696.470,1696.470,24
SQ:XAUUSD,2020-04-28T06:39:00+02:00,1696.570,1696.710,1696.440,1696.710,30
SQ:XAUUSD,2020-04-28T06:40:00+02:00,1696.710,1696.780,1696.540,1696.730,45
SQ:XAUUSD,2020-04-28T06:41:00+02:00,1696.730,1697.150,1696.690,1696.870,46
SQ:XAUUSD,2020-04-28T06:42:00+02:00,1696.870,1697.340,1696.820,1697.040,39
SQ:XAUUSD,2020-04-28T06:43:00+02:00,1697.090,1697.250,1697.010,1697.110,33
SQ:XAUUSD,2020-04-28T06:44:00+02:00,1697.120,1697.570,1697.120,1697.260,46
SQ:XAUUSD,2020-04-28T06:45:00+02:00,1697.260,1697.740,1697.260,1697.460,53
SQ:XAUUSD,2020-04-28T06:46:00+02:00,1697.460,1697.630,1697.410,1697.570,44
SQ:XAUUSD,2020-04-28T06:47:00+02:00,1697.570,1697.790,1697.320,1697.790,22
SQ:XAUUSD,2020-04-28T06:48:00+02:00,1697.790,1697.810,1697.690,1697.810,36
SQ:XAUUSD,2020-04-28T06:49:00+02:00,1697.800,1698.380,1697.770,1697.930,99
SQ:XAUUSD,2020-04-28T06:50:00+02:00,1697.970,1698.490,1697.720,1697.930,90
SQ:XAUUSD,2020-04-28T06:51:00+02:00,1697.960,1698.010,1697.410,1697.480,60
SQ:XAUUSD,2020-04-28T06:52:00+02:00,1697.480,1697.710,1697.360,1697.380,23
SQ:XAUUSD,2020-04-28T06:53:00+02:00,1697.380,1698.050,1697.380,1698.000,39
SQ:XAUUSD,2020-04-28T06:54:00+02:00,1697.860,1697.870,1697.540,1697.850,26
SQ:XAUUSD,2020-04-28T06:55:00+02:00,1697.630,1698.160,1697.610,1698.100,26
SQ:XAUUSD,2020-04-28T06:56:00+02:00,1698.100,1698.100,1697.690,1697.870,41
SQ:XAUUSD,2020-04-28T06:57:00+02:00,1697.668,1698.390,1697.570,1698.260,53
SQ:XAUUSD,2020-04-28T06:58:00+02:00,1698.260,1698.290,1697.770,1697.810,69
SQ:XAUUSD,2020-04-28T06:59:00+02:00,1697.810,1697.810,1697.020,1697.394,88
SQ:XAUUSD,2020-04-28T07:00:00+02:00,1697.344,1697.344,1696.450,1696.740,125
SQ:XAUUSD,2020-04-28T07:01:00+02:00,1696.740,1696.950,1696.520,1696.520,77
SQ:XAUUSD,2020-04-28T07:02:00+02:00,1696.520,1696.750,1696.460,1696.586,50
SQ:XAUUSD,2020-04-28T07:03:00+02:00,1696.586,1696.940,1696.410,1696.590,109
SQ:XAUUSD,2020-04-28T07:04:00+02:00,1696.590,1696.730,1692.900,1693.710,121
SQ:XAUUSD,2020-04-28T07:05:00+02:00,1693.660,1694.200,1693.250,1693.660,83
SQ:XAUUSD,2020-04-28T07:06:00+02:00,1693.660,1693.660,1692.080,1692.140,71
SQ:XAUUSD,2020-04-28T07:07:00+02:00,1692.190,1692.770,1691.880,1692.030,70
SQ:XAUUSD,2020-04-28T07:08:00+02:00,1692.030,1692.520,1691.990,1692.410,53
SQ:XAUUSD,2020-04-28T07:09:00+02:00,1692.330,1692.570,1692.210,1692.520,75
SQ:XAUUSD,2020-04-28T07:10:00+02:00,1692.520,1693.770,1692.490,1693.230,109
SQ:XAUUSD,2020-04-28T07:11:00+02:00,1693.230,1694.410,1693.170,1693.390,84
SQ:XAUUSD,2020-04-28T07:12:00+02:00,1693.390,1693.990,1693.130,1693.990,75
SQ:XAUUSD,2020-04-28T07:13:00+02:00,1693.990,1694.400,1693.890,1694.070,83
SQ:XAUUSD,2020-04-28T07:14:00+02:00,1694.070,1694.270,1693.610,1693.850,80
SQ:XAUUSD,2020-04-28T07:15:00+02:00,1693.830,1694.520,1693.750,1694.490,39
SQ:XAUUSD,2020-04-28T07:16:00+02:00,1694.560,1694.890,1694.410,1694.530,46
SQ:XAUUSD,2020-04-28T07:17:00+02:00,1694.530,1695.230,1694.500,1694.880,57
SQ:XAUUSD,2020-04-28T07:18:00+02:00,1694.910,1695.020,1694.720,1694.990,43
SQ:XAUUSD,2020-04-28T07:19:00+02:00,1695.030,1695.330,1694.530,1694.980,80
SQ:XAUUSD,2020-04-28T07:20:00+02:00,1694.980,1695.350,1694.910,1694.970,68
SQ:XAUUSD,2020-04-28T07:21:00+02:00,1694.970,1695.020,1694.210,1694.790,93
SQ:XAUUSD,2020-04-28T07:22:00+02:00,1694.790,1694.840,1694.310,1694.750,57
SQ:XAUUSD,2020-04-28T07:23:00+02:00,1694.750,1695.130,1694.350,1694.558,57
SQ:XAUUSD,2020-04-28T07:24:00+02:00,1694.540,1694.940,1694.360,1694.850,37
SQ:XAUUSD,2020-04-28T07:25:00+02:00,1694.840,1694.860,1694.650,1694.820,19
SQ:XAUUSD,2020-04-28T07:26:00+02:00,1694.820,1695.210,1694.700,1694.800,10
SQ:XAUUSD,2020-04-28T07:27:00+02:00,1694.810,1694.940,1694.740,1694.740,17
SQ:XAUUSD,2020-04-28T07:28:00+02:00,1694.580,1694.580,1694.340,1694.470,22
SQ:XAUUSD,2020-04-28T07:29:00+02:00,1694.470,1694.520,1693.740,1693.740,42
SQ:XAUUSD,2020-04-28T07:30:00+02:00,1693.770,1694.690,1693.330,1693.450,192
SQ:XAUUSD,2020-04-28T07:31:00+02:00,1693.370,1693.520,1692.850,1692.880,227
SQ:XAUUSD,2020-04-28T07:32:00+02:00,1692.880,1694.190,1692.850,1694.160,165
SQ:XAUUSD,2020-04-28T07:33:00+02:00,1694.160,1694.160,1693.610,1693.900,105
SQ:XAUUSD,2020-04-28T07:34:00+02:00,1693.930,1693.950,1692.690,1693.100,201
SQ:XAUUSD,2020-04-28T07:35:00+02:00,1693.090,1693.580,1692.720,1693.250,254
SQ:XAUUSD,2020-04-28T07:36:00+02:00,1693.250,1694.140,1693.070,1693.800,143
SQ:XAUUSD,2020-04-28T07:37:00+02:00,1693.810,1693.920,1693.020,1693.020,103
SQ:XAUUSD,2020-04-28T07:38:00+02:00,1693.000,1693.890,1692.820,1693.640,122
SQ:XAUUSD,2020-04-28T07:39:00+02:00,1693.610,1693.910,1693.280,1693.360,103
SQ:XAUUSD,2020-04-28T07:40:00+02:00,1693.360,1693.990,1693.330,1693.650,93
SQ:XAUUSD,2020-04-28T07:41:00+02:00,1693.670,1694.210,1693.500,1693.500,79
SQ:XAUUSD,2020-04-28T07:42:00+02:00,1693.570,1693.580,1693.020,1693.120,68
SQ:XAUUSD,2020-04-28T07:43:00+02:00,1693.060,1693.830,1692.910,1693.800,61
SQ:XAUUSD,2020-04-28T07:44:00+02:00,1693.800,1693.800,1693.250,1693.640,56
SQ:XAUUSD,2020-04-28T07:45:00+02:00,1693.640,1693.760,1693.020,1693.090,78
SQ:XAUUSD,2020-04-28T07:46:00+02:00,1693.090,1693.280,1692.980,1693.070,60
SQ:XAUUSD,2020-04-28T07:47:00+02:00,1693.290,1693.640,1693.290,1693.590,27
SQ:XAUUSD,2020-04-28T07:48:00+02:00,1693.590,1693.590,1693.020,1693.130,37
SQ:XAUUSD,2020-04-28T07:49:00+02:00,1693.140,1693.900,1693.140,1693.610,56
SQ:XAUUSD,2020-04-28T07:50:00+02:00,1693.610,1694.230,1693.580,1694.230,30
SQ:XAUUSD,2020-04-28T07:51:00+02:00,1694.220,1694.360,1693.990,1693.990,46
SQ:XAUUSD,2020-04-28T07:52:00+02:00,1693.960,1694.200,1693.800,1693.930,61
SQ:XAUUSD,2020-04-28T07:53:00+02:00,1693.930,1694.260,1693.630,1694.250,49
SQ:XAUUSD,2020-04-28T07:54:00+02:00,1694.180,1694.540,1693.920,1694.520,62
SQ:XAUUSD,2020-04-28T07:55:00+02:00,1694.560,1694.560,1694.000,1694.070,60
SQ:XAUUSD,2020-04-28T07:56:00+02:00,1694.070,1694.730,1693.900,1694.730,58
SQ:XAUUSD,2020-04-28T07:57:00+02:00,1694.720,1694.990,1694.610,1694.850,39
SQ:XAUUSD,2020-04-28T07:58:00+02:00,1694.850,1695.090,1694.500,1694.870,67
SQ:XAUUSD,2020-04-28T07:59:00+02:00,1695.040,1695.200,1694.700,1694.970,69
SQ:XAUUSD,2020-04-28T08:00:00+02:00,1694.980,1694.980,1694.370,1694.380,121
SQ:XAUUSD,2020-04-28T08:01:00+02:00,1694.380,1694.520,1693.320,1693.580,183
SQ:XAUUSD,2020-04-28T08:02:00+02:00,1693.610,1693.630,1693.120,1693.520,150
SQ:XAUUSD,2020-04-28T08:03:00+02:00,1693.480,1694.380,1693.480,1694.080,97
SQ:XAUUSD,2020-04-28T08:04:00+02:00,1694.130,1694.220,1693.590,1694.070,90
SQ:XAUUSD,2020-04-28T08:05:00+02:00,1694.070,1694.770,1693.690,1694.260,185
SQ:XAUUSD,2020-04-28T08:06:00+02:00,1694.260,1694.850,1694.250,1694.530,96
SQ:XAUUSD,2020-04-28T08:07:00+02:00,1694.510,1694.830,1694.070,1694.480,186
SQ:XAUUSD,2020-04-28T08:08:00+02:00,1694.480,1695.070,1694.470,1695.010,65
SQ:XAUUSD,2020-04-28T08:09:00+02:00,1695.010,1695.520,1694.840,1694.920,71
SQ:XAUUSD,2020-04-28T08:10:00+02:00,1694.920,1695.390,1694.790,1695.340,64
SQ:XAUUSD,2020-04-28T08:11:00+02:00,1695.120,1695.530,1694.760,1694.780,67
SQ:XAUUSD,2020-04-28T08:12:00+02:00,1694.790,1695.740,1694.790,1695.550,98
SQ:XAUUSD,2020-04-28T08:13:00+02:00,1695.240,1695.600,1694.520,1694.930,210
SQ:XAUUSD,2020-04-28T08:14:00+02:00,1694.930,1695.510,1694.860,1695.220,167
SQ:XAUUSD,2020-04-28T08:15:00+02:00,1695.250,1695.620,1695.040,1695.568,148
SQ:XAUUSD,2020-04-28T08:16:00+02:00,1695.560,1697.170,1695.300,1696.510,299
SQ:XAUUSD,2020-04-28T08:17:00+02:00,1696.500,1697.160,1696.280,1697.120,132
SQ:XAUUSD,2020-04-28T08:18:00+02:00,1697.150,1697.740,1696.428,1696.670,181
SQ:XAUUSD,2020-04-28T08:19:00+02:00,1696.720,1696.790,1696.108,1696.430,134
SQ:XAUUSD,2020-04-28T08:20:00+02:00,1696.430,1696.770,1695.970,1696.440,111
SQ:XAUUSD,2020-04-28T08:21:00+02:00,1696.440,1696.890,1695.980,1696.720,103
SQ:XAUUSD,2020-04-28T08:22:00+02:00,1696.720,1696.780,1696.280,1696.320,97
SQ:XAUUSD,2020-04-28T08:23:00+02:00,1696.298,1696.420,1695.650,1695.670,117
SQ:XAUUSD,2020-04-28T08:24:00+02:00,1695.710,1696.210,1695.710,1696.008,81
SQ:XAUUSD,2020-04-28T08:25:00+02:00,1696.018,1696.540,1695.910,1696.320,90
SQ:XAUUSD,2020-04-28T08:26:00+02:00,1696.290,1696.350,1694.510,1695.310,130
SQ:XAUUSD,2020-04-28T08:27:00+02:00,1695.200,1695.640,1695.120,1695.590,63
SQ:XAUUSD,2020-04-28T08:28:00+02:00,1695.540,1695.780,1695.290,1695.530,81
SQ:XAUUSD,2020-04-28T08:29:00+02:00,1695.530,1697.030,1695.420,1696.250,143
SQ:XAUUSD,2020-04-28T08:30:00+02:00,1696.250,1697.450,1695.930,1695.980,109
SQ:XAUUSD,2020-04-28T08:31:00+02:00,1695.980,1696.430,1695.600,1696.190,49
SQ:XAUUSD,2020-04-28T08:32:00+02:00,1696.270,1697.280,1695.910,1697.010,119
SQ:XAUUSD,2020-04-28T08:33:00+02:00,1697.020,1697.070,1696.790,1696.930,54
SQ:XAUUSD,2020-04-28T08:34:00+02:00,1696.930,1698.370,1696.910,1697.950,148
SQ:XAUUSD,2020-04-28T08:35:00+02:00,1697.960,1698.390,1697.250,1697.380,160
SQ:XAUUSD,2020-04-28T08:36:00+02:00,1697.380,1698.430,1697.010,1698.090,106
SQ:XAUUSD,2020-04-28T08:37:00+02:00,1698.090,1698.280,1697.540,1697.970,99
SQ:XAUUSD,2020-04-28T08:38:00+02:00,1697.970,1698.560,1697.920,1698.530,84
SQ:XAUUSD,2020-04-28T08:39:00+02:00,1698.510,1699.050,1698.110,1698.800,151
SQ:XAUUSD,2020-04-28T08:40:00+02:00,1698.800,1699.120,1698.350,1698.790,173
SQ:XAUUSD,2020-04-28T08:41:00+02:00,1698.790,1699.070,1698.066,1698.120,163
SQ:XAUUSD,2020-04-28T08:42:00+02:00,1698.470,1698.720,1697.930,1698.098,131
SQ:XAUUSD,2020-04-28T08:43:00+02:00,1698.000,1698.660,1697.970,1698.240,114
SQ:XAUUSD,2020-04-28T08:44:00+02:00,1698.240,1698.502,1697.680,1697.950,100
SQ:XAUUSD,2020-04-28T08:45:00+02:00,1697.950,1698.290,1697.020,1697.150,130
SQ:XAUUSD,2020-04-28T08:46:00+02:00,1697.150,1697.560,1696.430,1696.570,128
SQ:XAUUSD,2020-04-28T08:47:00+02:00,1696.700,1697.230,1696.630,1696.680,72
SQ:XAUUSD,2020-04-28T08:48:00+02:00,1696.630,1697.230,1696.630,1697.030,46
SQ:XAUUSD,2020-04-28T08:49:00+02:00,1697.030,1698.060,1697.030,1697.750,144
SQ:XAUUSD,2020-04-28T08:50:00+02:00,1697.750,1698.330,1697.380,1698.020,180
SQ:XAUUSD,2020-04-28T08:51:00+02:00,1697.990,1698.960,1697.760,1698.780,149
SQ:XAUUSD,2020-04-28T08:52:00+02:00,1698.740,1698.850,1698.270,1698.350,95
SQ:XAUUSD,2020-04-28T08:53:00+02:00,1698.410,1699.090,1698.330,1699.040,127
SQ:XAUUSD,2020-04-28T08:54:00+02:00,1699.040,1699.890,1698.730,1699.570,136
SQ:XAUUSD,2020-04-28T08:55:00+02:00,1699.570,1700.300,1699.140,1699.722,160
SQ:XAUUSD,2020-04-28T08:56:00+02:00,1699.722,1700.660,1698.680,1700.250,202
SQ:XAUUSD,2020-04-28T08:57:00+02:00,1700.340,1701.270,1700.040,1700.960,235
SQ:XAUUSD,2020-04-28T08:58:00+02:00,1700.920,1701.630,1700.430,1701.480,119
SQ:XAUUSD,2020-04-28T08:59:00+02:00,1701.480,1702.820,1701.080,1701.830,199
SQ:XAUUSD,2020-04-28T09:00:00+02:00,1701.740,1703.700,1701.740,1703.690,291
SQ:XAUUSD,2020-04-28T09:01:00+02:00,1703.690,1704.010,1702.690,1702.840,164
SQ:XAUUSD,2020-04-28T09:02:00+02:00,1702.820,1702.870,1702.110,1702.540,174
SQ:XAUUSD,2020-04-28T09:03:00+02:00,1702.540,1702.760,1702.320,1702.530,89
SQ:XAUUSD,2020-04-28T09:04:00+02:00,1702.530,1702.670,1701.710,1701.830,126
SQ:XAUUSD,2020-04-28T09:05:00+02:00,1701.780,1702.150,1701.090,1701.190,92
SQ:XAUUSD,2020-04-28T09:06:00+02:00,1701.150,1701.380,1700.650,1701.180,85
SQ:XAUUSD,2020-04-28T09:07:00+02:00,1701.180,1701.730,1700.810,1701.220,107
SQ:XAUUSD,2020-04-28T09:08:00+02:00,1701.220,1702.500,1701.140,1702.350,89
SQ:XAUUSD,2020-04-28T09:09:00+02:00,1702.350,1702.860,1701.930,1702.740,164
SQ:XAUUSD,2020-04-28T09:10:00+02:00,1702.720,1702.800,1702.360,1702.480,203
SQ:XAUUSD,2020-04-28T09:11:00+02:00,1702.480,1702.500,1702.090,1702.170,100
SQ:XAUUSD,2020-04-28T09:12:00+02:00,1702.170,1702.970,1701.480,1702.180,197
SQ:XAUUSD,2020-04-28T09:13:00+02:00,1702.150,1702.260,1701.740,1701.810,36
SQ:XAUUSD,2020-04-28T09:14:00+02:00,1701.810,1702.020,1701.490,1701.970,78
SQ:XAUUSD,2020-04-28T09:15:00+02:00,1701.970,1702.660,1701.730,1702.190,61
SQ:XAUUSD,2020-04-28T09:16:00+02:00,1702.190,1702.270,1701.780,1701.830,42
SQ:XAUUSD,2020-04-28T09:17:00+02:00,1701.830,1701.840,1701.402,1701.840,68
SQ:XAUUSD,2020-04-28T09:18:00+02:00,1701.840,1702.180,1701.710,1701.920,41
SQ:XAUUSD,2020-04-28T09:19:00+02:00,1701.920,1702.180,1701.498,1702.090,80
SQ:XAUUSD,2020-04-28T09:20:00+02:00,1702.080,1703.410,1702.080,1702.880,123
SQ:XAUUSD,2020-04-28T09:21:00+02:00,1702.880,1703.250,1702.330,1702.330,63
SQ:XAUUSD,2020-04-28T09:22:00+02:00,1702.330,1702.580,1702.030,1702.580,34
SQ:XAUUSD,2020-04-28T09:23:00+02:00,1702.580,1703.130,1702.430,1702.700,51
SQ:XAUUSD,2020-04-28T09:24:00+02:00,1702.700,1702.780,1701.010,1701.800,127
SQ:XAUUSD,2020-04-28T09:25:00+02:00,1701.770,1702.410,1701.600,1702.020,126
SQ:XAUUSD,2020-04-28T09:26:00+02:00,1702.020,1702.120,1700.926,1701.300,121
SQ:XAUUSD,2020-04-28T09:27:00+02:00,1701.300,1701.710,1700.980,1701.150,250
SQ:XAUUSD,2020-04-28T09:28:00+02:00,1701.120,1701.690,1699.930,1701.280,304
SQ:XAUUSD,2020-04-28T09:29:00+02:00,1701.090,1702.030,1700.760,1701.170,272
SQ:XAUUSD,2020-04-28T09:30:00+02:00,1701.170,1701.550,1699.680,1700.210,303
SQ:XAUUSD,2020-04-28T09:31:00+02:00,1700.210,1700.980,1699.600,1700.830,328
SQ:XAUUSD,2020-04-28T09:32:00+02:00,1700.830,1700.830,1699.430,1699.530,282
SQ:XAUUSD,2020-04-28T09:33:00+02:00,1699.530,1699.920,1698.920,1699.060,183
SQ:XAUUSD,2020-04-28T09:34:00+02:00,1699.050,1699.650,1699.020,1699.320,167
SQ:XAUUSD,2020-04-28T09:35:00+02:00,1699.380,1699.740,1699.080,1699.380,139
SQ:XAUUSD,2020-04-28T09:36:00+02:00,1699.410,1699.410,1698.750,1699.120,143
SQ:XAUUSD,2020-04-28T09:37:00+02:00,1699.140,1699.780,1699.090,1699.560,101
SQ:XAUUSD,2020-04-28T09:38:00+02:00,1699.560,1699.880,1699.470,1699.580,25
SQ:XAUUSD,2020-04-28T09:39:00+02:00,1699.530,1700.030,1699.530,1699.820,35
SQ:XAUUSD,2020-04-28T09:40:00+02:00,1699.820,1700.080,1699.530,1699.540,65
SQ:XAUUSD,2020-04-28T09:41:00+02:00,1699.540,1700.770,1699.540,1700.040,136
SQ:XAUUSD,2020-04-28T09:42:00+02:00,1700.040,1701.100,1700.030,1700.230,244
SQ:XAUUSD,2020-04-28T09:43:00+02:00,1700.220,1700.310,1699.154,1699.550,146
SQ:XAUUSD,2020-04-28T09:44:00+02:00,1699.550,1699.690,1698.940,1699.170,81
SQ:XAUUSD,2020-04-28T09:45:00+02:00,1699.130,1699.250,1698.800,1698.970,104
SQ:XAUUSD,2020-04-28T09:46:00+02:00,1698.970,1700.410,1698.910,1700.100,173
SQ:XAUUSD,2020-04-28T09:47:00+02:00,1700.100,1700.730,1699.680,1700.670,139
SQ:XAUUSD,2020-04-28T09:48:00+02:00,1700.670,1702.390,1700.600,1701.520,129
SQ:XAUUSD,2020-04-28T09:49:00+02:00,1701.530,1702.940,1701.530,1702.360,165
SQ:XAUUSD,2020-04-28T09:50:00+02:00,1702.320,1702.460,1701.480,1702.030,100
SQ:XAUUSD,2020-04-28T09:51:00+02:00,1702.030,1702.130,1700.510,1700.510,59
SQ:XAUUSD,2020-04-28T09:52:00+02:00,1700.510,1701.320,1700.290,1701.150,60
SQ:XAUUSD,2020-04-28T09:53:00+02:00,1701.130,1703.650,1700.610,1703.030,170
SQ:XAUUSD,2020-04-28T09:54:00+02:00,1703.130,1704.430,1702.970,1703.480,142
SQ:XAUUSD,2020-04-28T09:55:00+02:00,1703.480,1703.530,1702.280,1702.330,54
SQ:XAUUSD,2020-04-28T09:56:00+02:00,1702.330,1703.080,1702.330,1702.380,32
SQ:XAUUSD,2020-04-28T09:57:00+02:00,1702.380,1703.030,1701.910,1702.050,58
SQ:XAUUSD,2020-04-28T09:58:00+02:00,1702.050,1702.950,1701.852,1702.530,89
SQ:XAUUSD,2020-04-28T09:59:00+02:00,1702.530,1702.680,1701.300,1701.670,98
SQ:XAUUSD,2020-04-28T10:00:00+02:00,1701.670,1701.870,1700.990,1701.580,106
SQ:XAUUSD,2020-04-28T10:01:00+02:00,1701.580,1701.580,1701.020,1701.110,84
SQ:XAUUSD,2020-04-28T10:02:00+02:00,1701.140,1701.330,1700.850,1700.980,110
SQ:XAUUSD,2020-04-28T10:03:00+02:00,1700.980,1701.200,1700.800,1700.980,77
SQ:XAUUSD,2020-04-28T10:04:00+02:00,1700.980,1701.590,1700.620,1700.990,71
SQ:XAUUSD,2020-04-28T10:05:00+02:00,1700.990,1701.074,1700.090,1700.170,66
SQ:XAUUSD,2020-04-28T10:06:00+02:00,1700.140,1700.570,1700.020,1700.510,128
SQ:XAUUSD,2020-04-28T10:07:00+02:00,1700.510,1700.750,1700.120,1700.480,80
SQ:XAUUSD,2020-04-28T10:08:00+02:00,1700.490,1701.300,1700.490,1700.610,149
SQ:XAUUSD,2020-04-28T10:09:00+02:00,1700.610,1700.790,1700.060,1700.340,121
SQ:XAUUSD,2020-04-28T10:10:00+02:00,1700.260,1700.590,1699.810,1700.470,208
SQ:XAUUSD,2020-04-28T10:11:00+02:00,1700.470,1701.040,1700.070,1700.070,199
SQ:XAUUSD,2020-04-28T10:12:00+02:00,1700.080,1701.500,1700.080,1701.110,211
SQ:XAUUSD,2020-04-28T10:13:00+02:00,1701.110,1702.180,1700.960,1702.100,112
SQ:XAUUSD,2020-04-28T10:14:00+02:00,1702.100,1702.640,1701.440,1701.750,337
SQ:XAUUSD,2020-04-28T10:15:00+02:00,1701.750,1702.630,1701.590,1702.262,332
SQ:XAUUSD,2020-04-28T10:16:00+02:00,1702.262,1703.310,1702.260,1702.990,148
SQ:XAUUSD,2020-04-28T10:17:00+02:00,1703.030,1703.050,1701.300,1702.000,188
SQ:XAUUSD,2020-04-28T10:18:00+02:00,1702.000,1702.380,1701.530,1701.980,181
SQ:XAUUSD,2020-04-28T10:19:00+02:00,1701.910,1702.140,1700.480,1701.740,219
SQ:XAUUSD,2020-04-28T10:20:00+02:00,1701.740,1701.880,1700.320,1701.440,242
SQ:XAUUSD,2020-04-28T10:21:00+02:00,1701.440,1701.790,1701.070,1701.070,187
SQ:XAUUSD,2020-04-28T10:22:00+02:00,1701.070,1701.990,1700.950,1701.890,233
SQ:XAUUSD,2020-04-28T10:23:00+02:00,1701.890,1702.740,1701.500,1701.870,216
SQ:XAUUSD,2020-04-28T10:24:00+02:00,1701.610,1702.590,1701.430,1702.280,269
SQ:XAUUSD,2020-04-28T10:25:00+02:00,1702.280,1702.580,1701.700,1702.070,258
SQ:XAUUSD,2020-04-28T10:26:00+02:00,1702.070,1702.150,1701.360,1702.010,430
SQ:XAUUSD,2020-04-28T10:27:00+02:00,1702.080,1702.500,1701.370,1701.370,518
SQ:XAUUSD,2020-04-28T10:28:00+02:00,1701.390,1701.800,1700.590,1700.670,214
SQ:XAUUSD,2020-04-28T10:29:00+02:00,1700.760,1701.480,1700.760,1701.120,432
SQ:XAUUSD,2020-04-28T10:30:00+02:00,1701.160,1701.170,1700.170,1700.600,143
SQ:XAUUSD,2020-04-28T10:31:00+02:00,1700.600,1700.780,1699.090,1699.450,333
SQ:XAUUSD,2020-04-28T10:32:00+02:00,1699.510,1700.290,1699.320,1700.160,221
SQ:XAUUSD,2020-04-28T10:33:00+02:00,1700.100,1700.810,1699.830,1700.000,171
SQ:XAUUSD,2020-04-28T10:34:00+02:00,1700.000,1700.960,1699.970,1700.150,124
SQ:XAUUSD,2020-04-28T10:35:00+02:00,1700.180,1701.850,1700.000,1701.650,208
SQ:XAUUSD,2020-04-28T10:36:00+02:00,1701.630,1702.190,1701.020,1701.440,219
SQ:XAUUSD,2020-04-28T10:37:00+02:00,1701.440,1702.060,1700.210,1700.790,246
SQ:XAUUSD,2020-04-28T10:38:00+02:00,1700.750,1701.210,1700.170,1701.040,237
SQ:XAUUSD,2020-04-28T10:39:00+02:00,1701.030,1701.490,1700.950,1701.010,139
SQ:XAUUSD,2020-04-28T10:40:00+02:00,1701.010,1701.250,1700.010,1700.040,297
SQ:XAUUSD,2020-04-28T10:41:00+02:00,1700.050,1701.010,1699.890,1700.500,258
SQ:XAUUSD,2020-04-28T10:42:00+02:00,1700.470,1701.750,1700.160,1701.590,263
SQ:XAUUSD,2020-04-28T10:43:00+02:00,1701.590,1702.390,1701.210,1702.120,224
SQ:XAUUSD,2020-04-28T10:44:00+02:00,1702.020,1702.650,1701.300,1702.110,147
SQ:XAUUSD,2020-04-28T10:45:00+02:00,1702.110,1702.230,1701.440,1701.440,46
SQ:XAUUSD,2020-04-28T10:46:00+02:00,1701.440,1701.780,1701.280,1701.380,43
SQ:XAUUSD,2020-04-28T10:47:00+02:00,1701.380,1701.430,1700.680,1701.390,157
SQ:XAUUSD,2020-04-28T10:48:00+02:00,1701.360,1701.590,1700.680,1701.360,231
SQ:XAUUSD,2020-04-28T10:49:00+02:00,1701.360,1701.700,1700.720,1700.830,215
SQ:XAUUSD,2020-04-28T10:50:00+02:00,1700.830,1701.330,1700.630,1700.780,119
SQ:XAUUSD,2020-04-28T10:51:00+02:00,1700.700,1701.770,1700.700,1701.050,196
SQ:XAUUSD,2020-04-28T10:52:00+02:00,1701.070,1701.600,1700.870,1701.120,266
SQ:XAUUSD,2020-04-28T10:53:00+02:00,1701.120,1702.160,1701.050,1701.230,262
SQ:XAUUSD,2020-04-28T10:54:00+02:00,1701.460,1701.830,1701.170,1701.470,215
SQ:XAUUSD,2020-04-28T10:55:00+02:00,1701.470,1701.750,1701.070,1701.610,166
SQ:XAUUSD,2020-04-28T10:56:00+02:00,1701.610,1702.400,1701.610,1702.030,123
SQ:XAUUSD,2020-04-28T10:57:00+02:00,1702.030,1702.570,1701.220,1701.510,280
SQ:XAUUSD,2020-04-28T10:58:00+02:00,1701.510,1701.630,1701.210,1701.270,107
SQ:XAUUSD,2020-04-28T10:59:00+02:00,1701.270,1702.340,1701.190,1702.030,314
SQ:XAUUSD,2020-04-28T11:00:00+02:00,1702.070,1702.170,1700.860,1701.000,125
SQ:XAUUSD,2020-04-28T11:01:00+02:00,1700.990,1702.440,1700.990,1702.340,111
SQ:XAUUSD,2020-04-28T11:02:00+02:00,1702.180,1703.460,1701.710,1703.370,360
SQ:XAUUSD,2020-04-28T11:03:00+02:00,1703.340,1703.420,1702.340,1702.770,214
SQ:XAUUSD,2020-04-28T11:04:00+02:00,1702.770,1703.090,1702.280,1702.940,221
SQ:XAUUSD,2020-04-28T11:05:00+02:00,1702.940,1702.960,1702.040,1702.040,108
SQ:XAUUSD,2020-04-28T11:06:00+02:00,1702.040,1702.920,1702.040,1702.540,205
SQ:XAUUSD,2020-04-28T11:07:00+02:00,1702.540,1702.880,1701.870,1702.400,199
SQ:XAUUSD,2020-04-28T11:08:00+02:00,1702.400,1702.560,1701.950,1702.300,142
SQ:XAUUSD,2020-04-28T11:09:00+02:00,1702.330,1702.650,1701.860,1702.620,131
SQ:XAUUSD,2020-04-28T11:10:00+02:00,1702.620,1703.670,1702.610,1703.270,74
SQ:XAUUSD,2020-04-28T11:11:00+02:00,1703.270,1703.770,1703.120,1703.350,64
SQ:XAUUSD,2020-04-28T11:12:00+02:00,1703.350,1703.950,1703.310,1703.600,134
SQ:XAUUSD,2020-04-28T11:13:00+02:00,1703.630,1703.720,1703.370,1703.560,106
SQ:XAUUSD,2020-04-28T11:14:00+02:00,1703.560,1704.210,1703.500,1703.630,108
SQ:XAUUSD,2020-04-28T11:15:00+02:00,1703.630,1704.080,1703.370,1703.960,98
SQ:XAUUSD,2020-04-28T11:16:00+02:00,1703.960,1705.220,1703.650,1704.180,320
SQ:XAUUSD,2020-04-28T11:17:00+02:00,1704.180,1704.860,1703.730,1704.450,205
SQ:XAUUSD,2020-04-28T11:18:00+02:00,1704.450,1706.070,1704.350,1706.070,323
SQ:XAUUSD,2020-04-28T11:19:00+02:00,1705.970,1707.690,1705.240,1706.950,324
SQ:XAUUSD,2020-04-28T11:20:00+02:00,1707.030,1708.390,1706.950,1707.940,421
SQ:XAUUSD,2020-04-28T11:21:00+02:00,1707.960,1709.610,1707.920,1708.760,400
SQ:XAUUSD,2020-04-28T11:22:00+02:00,1708.760,1711.580,1707.930,1711.260,502
SQ:XAUUSD,2020-04-28T11:23:00+02:00,1711.260,1711.970,1710.100,1711.150,484
SQ:XAUUSD,2020-04-28T11:24:00+02:00,1711.100,1712.020,1710.380,1711.700,312
SQ:XAUUSD,2020-04-28T11:25:00+02:00,1711.700,1714.310,1711.680,1713.380,407
SQ:XAUUSD,2020-04-28T11:26:00+02:00,1713.380,1713.840,1711.530,1712.120,400
SQ:XAUUSD,2020-04-28T11:27:00+02:00,1712.240,1713.440,1710.590,1711.310,375
SQ:XAUUSD,2020-04-28T11:28:00+02:00,1711.550,1712.230,1710.530,1711.070,501
SQ:XAUUSD,2020-04-28T11:29:00+02:00,1710.980,1711.420,1709.342,1710.910,403
SQ:XAUUSD,2020-04-28T11:30:00+02:00,1710.990,1711.020,1708.700,1708.900,339
SQ:XAUUSD,2020-04-28T11:31:00+02:00,1709.060,1710.960,1708.690,1709.610,262
SQ:XAUUSD,2020-04-28T11:32:00+02:00,1709.590,1709.790,1707.610,1708.020,322
SQ:XAUUSD,2020-04-28T11:33:00+02:00,1708.800,1710.180,1707.970,1709.490,123
SQ:XAUUSD,2020-04-28T11:34:00+02:00,1709.470,1709.820,1707.860,1707.860,199
SQ:XAUUSD,2020-04-28T11:35:00+02:00,1707.860,1709.080,1707.590,1709.010,137
SQ:XAUUSD,2020-04-28T11:36:00+02:00,1709.010,1709.720,1708.690,1709.280,122
SQ:XAUUSD,2020-04-28T11:37:00+02:00,1709.280,1710.080,1708.800,1710.070,146
SQ:XAUUSD,2020-04-28T11:38:00+02:00,1710.070,1710.190,1708.980,1709.230,190
SQ:XAUUSD,2020-04-28T11:39:00+02:00,1709.230,1709.780,1708.410,1709.410,128
SQ:XAUUSD,2020-04-28T11:40:00+02:00,1709.410,1711.860,1709.390,1711.000,206
SQ:XAUUSD,2020-04-28T11:41:00+02:00,1711.000,1711.820,1709.820,1711.680,135
SQ:XAUUSD,2020-04-28T11:42:00+02:00,1711.590,1711.800,1710.332,1710.372,279
SQ:XAUUSD,2020-04-28T11:43:00+02:00,1710.498,1711.510,1709.780,1711.130,122
SQ:XAUUSD,2020-04-28T11:44:00+02:00,1710.990,1711.070,1709.960,1710.010,46
SQ:XAUUSD,2020-04-28T11:45:00+02:00,1710.010,1710.780,1709.510,1710.100,93
SQ:XAUUSD,2020-04-28T11:46:00+02:00,1710.100,1710.790,1709.740,1709.780,66
SQ:XAUUSD,2020-04-28T11:47:00+02:00,1709.820,1710.240,1709.630,1709.750,133
SQ:XAUUSD,2020-04-28T11:48:00+02:00,1709.770,1709.784,1708.450,1708.506,106
SQ:XAUUSD,2020-04-28T11:49:00+02:00,1708.550,1709.000,1708.508,1708.790,60
SQ:XAUUSD,2020-04-28T11:50:00+02:00,1708.790,1709.510,1708.268,1709.170,171
SQ:XAUUSD,2020-04-28T11:51:00+02:00,1709.170,1709.286,1708.610,1708.610,241
SQ:XAUUSD,2020-04-28T11:52:00+02:00,1708.690,1708.780,1708.020,1708.600,162
SQ:XAUUSD,2020-04-28T11:53:00+02:00,1708.570,1709.360,1708.180,1708.420,58
SQ:XAUUSD,2020-04-28T11:54:00+02:00,1708.420,1709.050,1708.410,1708.410,45
SQ:XAUUSD,2020-04-28T11:55:00+02:00,1708.410,1708.440,1707.640,1707.690,77
SQ:XAUUSD,2020-04-28T11:56:00+02:00,1707.690,1707.870,1706.910,1707.120,246
SQ:XAUUSD,2020-04-28T11:57:00+02:00,1707.240,1708.030,1706.930,1707.480,82
SQ:XAUUSD,2020-04-28T11:58:00+02:00,1707.430,1708.260,1707.080,1707.760,135
SQ:XAUUSD,2020-04-28T11:59:00+02:00,1707.760,1707.980,1707.300,1707.820,171
SQ:XAUUSD,2020-04-28T12:00:00+02:00,1707.750,1708.160,1706.530,1706.630,288
SQ:XAUUSD,2020-04-28T12:01:00+02:00,1706.600,1706.930,1706.010,1706.260,140
SQ:XAUUSD,2020-04-28T12:02:00+02:00,1706.260,1707.010,1705.910,1705.980,195
SQ:XAUUSD,2020-04-28T12:03:00+02:00,1705.900,1706.450,1705.460,1706.120,303
SQ:XAUUSD,2020-04-28T12:04:00+02:00,1706.030,1706.660,1705.710,1705.830,115
SQ:XAUUSD,2020-04-28T12:05:00+02:00,1705.830,1707.040,1705.830,1706.860,100
SQ:XAUUSD,2020-04-28T12:06:00+02:00,1706.860,1707.460,1706.660,1706.700,94
SQ:XAUUSD,2020-04-28T12:07:00+02:00,1706.700,1707.580,1706.690,1707.270,114
SQ:XAUUSD,2020-04-28T12:08:00+02:00,1707.270,1708.130,1706.970,1708.060,122
SQ:XAUUSD,2020-04-28T12:09:00+02:00,1708.070,1708.310,1707.660,1707.840,124
SQ:XAUUSD,2020-04-28T12:10:00+02:00,1707.840,1708.070,1707.140,1707.280,61
SQ:XAUUSD,2020-04-28T12:11:00+02:00,1707.280,1708.850,1707.280,1708.360,106
SQ:XAUUSD,2020-04-28T12:12:00+02:00,1708.360,1708.690,1708.090,1708.300,123
SQ:XAUUSD,2020-04-28T12:13:00+02:00,1708.310,1709.410,1708.250,1709.370,74
SQ:XAUUSD,2020-04-28T12:14:00+02:00,1709.370,1710.010,1709.060,1709.430,71
SQ:XAUUSD,2020-04-28T12:15:00+02:00,1709.430,1710.120,1709.430,1709.600,99
SQ:XAUUSD,2020-04-28T12:16:00+02:00,1709.600,1709.800,1708.710,1708.800,344
SQ:XAUUSD,2020-04-28T12:17:00+02:00,1708.730,1709.270,1708.330,1708.980,137
SQ:XAUUSD,2020-04-28T12:18:00+02:00,1708.980,1709.320,1708.550,1708.610,59
SQ:XAUUSD,2020-04-28T12:19:00+02:00,1708.630,1708.780,1708.320,1708.780,51
SQ:XAUUSD,2020-04-28T12:20:00+02:00,1708.770,1709.610,1708.590,1709.410,56
SQ:XAUUSD,2020-04-28T12:21:00+02:00,1709.360,1709.360,1708.280,1708.520,159
SQ:XAUUSD,2020-04-28T12:22:00+02:00,1708.520,1709.050,1708.490,1709.020,256
SQ:XAUUSD,2020-04-28T12:23:00+02:00,1709.010,1709.460,1708.590,1709.400,324
SQ:XAUUSD,2020-04-28T12:24:00+02:00,1709.460,1709.730,1709.070,1709.700,231
SQ:XAUUSD,2020-04-28T12:25:00+02:00,1709.710,1709.830,1708.590,1708.790,205
SQ:XAUUSD,2020-04-28T12:26:00+02:00,1708.840,1708.940,1708.480,1708.870,320
SQ:XAUUSD,2020-04-28T12:27:00+02:00,1708.920,1709.800,1708.860,1709.320,79
SQ:XAUUSD,2020-04-28T12:28:00+02:00,1709.320,1710.030,1709.190,1709.810,48
SQ:XAUUSD,2020-04-28T12:29:00+02:00,1709.840,1710.480,1709.650,1710.110,107
SQ:XAUUSD,2020-04-28T12:30:00+02:00,1710.110,1710.110,1708.850,1708.970,276
SQ:XAUUSD,2020-04-28T12:31:00+02:00,1708.930,1709.020,1707.490,1708.380,157
SQ:XAUUSD,2020-04-28T12:32:00+02:00,1708.380,1708.960,1708.380,1708.830,121
SQ:XAUUSD,2020-04-28T12:33:00+02:00,1708.860,1709.710,1708.780,1709.310,145
SQ:XAUUSD,2020-04-28T12:34:00+02:00,1709.350,1709.460,1708.530,1708.540,103
SQ:XAUUSD,2020-04-28T12:35:00+02:00,1708.530,1708.860,1708.310,1708.420,165
SQ:XAUUSD,2020-04-28T12:36:00+02:00,1708.550,1708.970,1708.180,1708.280,246
SQ:XAUUSD,2020-04-28T12:37:00+02:00,1708.280,1708.360,1706.850,1706.880,322
SQ:XAUUSD,2020-04-28T12:38:00+02:00,1706.880,1707.650,1706.830,1706.950,83
SQ:XAUUSD,2020-04-28T12:39:00+02:00,1706.950,1707.410,1706.550,1706.550,163
SQ:XAUUSD,2020-04-28T12:40:00+02:00,1706.550,1707.890,1706.550,1707.820,99
SQ:XAUUSD,2020-04-28T12:41:00+02:00,1707.830,1708.990,1707.660,1708.390,74
SQ:XAUUSD,2020-04-28T12:42:00+02:00,1708.390,1708.990,1708.210,1708.930,28
SQ:XAUUSD,2020-04-28T12:43:00+02:00,1708.880,1708.880,1708.040,1708.140,56
SQ:XAUUSD,2020-04-28T12:44:00+02:00,1708.140,1709.280,1708.050,1708.740,258
SQ:XAUUSD,2020-04-28T12:45:00+02:00,1708.740,1709.070,1708.050,1708.720,184
SQ:XAUUSD,2020-04-28T12:46:00+02:00,1708.720,1708.780,1707.010,1707.190,151
SQ:XAUUSD,2020-04-28T12:47:00+02:00,1707.190,1708.190,1706.950,1708.190,161
SQ:XAUUSD,2020-04-28T12:48:00+02:00,1708.190,1709.230,1708.050,1708.580,117
SQ:XAUUSD,2020-04-28T12:49:00+02:00,1708.530,1708.550,1707.990,1708.240,109
SQ:XAUUSD,2020-04-28T12:50:00+02:00,1708.240,1708.710,1708.020,1708.540,127
SQ:XAUUSD,2020-04-28T12:51:00+02:00,1708.540,1708.640,1707.800,1708.290,117
SQ:XAUUSD,2020-04-28T12:52:00+02:00,1708.290,1708.460,1707.250,1707.430,123
SQ:XAUUSD,2020-04-28T12:53:00+02:00,1707.430,1707.850,1707.360,1707.560,108
SQ:XAUUSD,2020-04-28T12:54:00+02:00,1707.560,1708.790,1707.460,1708.340,195
SQ:XAUUSD,2020-04-28T12:55:00+02:00,1708.340,1709.720,1708.340,1709.350,239
SQ:XAUUSD,2020-04-28T12:56:00+02:00,1709.350,1709.700,1708.560,1708.850,272
SQ:XAUUSD,2020-04-28T12:57:00+02:00,1708.890,1709.670,1708.700,1709.240,351
SQ:XAUUSD,2020-04-28T12:58:00+02:00,1709.260,1709.700,1709.120,1709.300,336
SQ:XAUUSD,2020-04-28T12:59:00+02:00,1709.300,1709.670,1708.440,1708.690,468
SQ:XAUUSD,2020-04-28T13:00:00+02:00,1708.690,1709.390,1707.880,1708.140,331
SQ:XAUUSD,2020-04-28T13:01:00+02:00,1708.130,1708.720,1707.710,1707.840,275
SQ:XAUUSD,2020-04-28T13:02:00+02:00,1707.840,1708.280,1707.440,1708.010,261
SQ:XAUUSD,2020-04-28T13:03:00+02:00,1708.040,1708.280,1707.310,1707.410,327
SQ:XAUUSD,2020-04-28T13:04:00+02:00,1707.410,1707.900,1707.320,1707.870,409
SQ:XAUUSD,2020-04-28T13:05:00+02:00,1707.800,1708.530,1707.570,1708.240,405
SQ:XAUUSD,2020-04-28T13:06:00+02:00,1708.290,1708.770,1707.950,1708.770,269
SQ:XAUUSD,2020-04-28T13:07:00+02:00,1708.770,1709.310,1708.460,1708.670,257
SQ:XAUUSD,2020-04-28T13:08:00+02:00,1708.640,1708.790,1707.560,1708.010,392
SQ:XAUUSD,2020-04-28T13:09:00+02:00,1708.030,1709.110,1707.900,1708.600,270
SQ:XAUUSD,2020-04-28T13:10:00+02:00,1708.600,1709.060,1708.450,1709.000,297
SQ:XAUUSD,2020-04-28T13:11:00+02:00,1709.030,1709.370,1708.540,1708.680,301
SQ:XAUUSD,2020-04-28T13:12:00+02:00,1708.680,1709.340,1708.480,1708.960,323
SQ:XAUUSD,2020-04-28T13:13:00+02:00,1708.960,1709.040,1707.950,1708.620,196
SQ:XAUUSD,2020-04-28T13:14:00+02:00,1708.620,1708.990,1708.070,1708.470,292
SQ:XAUUSD,2020-04-28T13:15:00+02:00,1708.460,1709.270,1708.370,1708.610,425
SQ:XAUUSD,2020-04-28T13:16:00+02:00,1708.560,1709.120,1708.470,1708.590,412
SQ:XAUUSD,2020-04-28T13:17:00+02:00,1708.710,1711.320,1708.660,1711.130,283
SQ:XAUUSD,2020-04-28T13:18:00+02:00,1711.130,1711.210,1710.350,1710.950,254
SQ:XAUUSD,2020-04-28T13:19:00+02:00,1711.080,1711.110,1709.780,1709.780,214
SQ:XAUUSD,2020-04-28T13:20:00+02:00,1709.850,1710.540,1709.710,1710.060,299
SQ:XAUUSD,2020-04-28T13:21:00+02:00,1710.060,1710.970,1710.060,1710.540,343
SQ:XAUUSD,2020-04-28T13:22:00+02:00,1710.540,1710.840,1709.500,1710.420,235
SQ:XAUUSD,2020-04-28T13:23:00+02:00,1710.450,1710.950,1709.480,1709.740,154
SQ:XAUUSD,2020-04-28T13:24:00+02:00,1709.730,1709.840,1708.820,1709.690,69
SQ:XAUUSD,2020-04-28T13:25:00+02:00,1709.690,1710.610,1709.680,1709.990,91
SQ:XAUUSD,2020-04-28T13:26:00+02:00,1709.990,1710.220,1709.670,1709.930,44
SQ:XAUUSD,2020-04-28T13:27:00+02:00,1709.930,1711.020,1709.850,1710.550,113
SQ:XAUUSD,2020-04-28T13:28:00+02:00,1710.600,1711.100,1710.030,1710.830,193
SQ:XAUUSD,2020-04-28T13:29:00+02:00,1710.830,1711.490,1710.700,1711.230,303
SQ:XAUUSD,2020-04-28T13:30:00+02:00,1711.230,1711.230,1710.110,1710.750,370
SQ:XAUUSD,2020-04-28T13:31:00+02:00,1710.750,1711.160,1710.410,1710.870,194
SQ:XAUUSD,2020-04-28T13:32:00+02:00,1710.870,1711.210,1710.860,1711.080,280
SQ:XAUUSD,2020-04-28T13:33:00+02:00,1711.010,1711.210,1710.840,1711.120,194
SQ:XAUUSD,2020-04-28T13:34:00+02:00,1711.080,1711.760,1710.970,1711.530,264
SQ:XAUUSD,2020-04-28T13:35:00+02:00,1711.570,1711.930,1711.030,1711.540,115
SQ:XAUUSD,2020-04-28T13:36:00+02:00,1711.540,1711.850,1710.840,1710.840,77
SQ:XAUUSD,2020-04-28T13:37:00+02:00,1710.840,1711.894,1710.840,1711.340,143
SQ:XAUUSD,2020-04-28T13:38:00+02:00,1711.340,1711.888,1711.170,1711.480,133
SQ:XAUUSD,2020-04-28T13:39:00+02:00,1711.490,1711.520,1711.100,1711.346,219
SQ:XAUUSD,2020-04-28T13:40:00+02:00,1711.348,1711.380,1711.030,1711.080,189
SQ:XAUUSD,2020-04-28T13:41:00+02:00,1711.080,1711.380,1710.580,1711.062,196
SQ:XAUUSD,2020-04-28T13:42:00+02:00,1711.062,1711.134,1709.830,1710.730,270
SQ:XAUUSD,2020-04-28T13:43:00+02:00,1710.740,1711.050,1709.540,1710.370,287
SQ:XAUUSD,2020-04-28T13:44:00+02:00,1710.320,1710.390,1709.260,1710.040,244
SQ:XAUUSD,2020-04-28T13:45:00+02:00,1710.040,1710.610,1709.840,1710.070,261
SQ:XAUUSD,2020-04-28T13:46:00+02:00,1710.110,1710.400,1709.610,1709.950,291
SQ:XAUUSD,2020-04-28T13:47:00+02:00,1709.880,1710.500,1709.620,1710.260,196
SQ:XAUUSD,2020-04-28T13:48:00+02:00,1710.340,1711.110,1710.220,1710.290,172
SQ:XAUUSD,2020-04-28T13:49:00+02:00,1710.290,1710.470,1709.960,1710.430,236
SQ:XAUUSD,2020-04-28T13:50:00+02:00,1710.430,1710.600,1710.240,1710.600,54
SQ:XAUUSD,2020-04-28T13:51:00+02:00,1710.600,1710.620,1710.070,1710.200,66
SQ:XAUUSD,2020-04-28T13:52:00+02:00,1710.140,1710.660,1709.990,1710.310,173
SQ:XAUUSD,2020-04-28T13:53:00+02:00,1710.310,1710.420,1709.900,1709.920,129
SQ:XAUUSD,2020-04-28T13:54:00+02:00,1709.920,1710.490,1709.830,1709.830,56
SQ:XAUUSD,2020-04-28T13:55:00+02:00,1709.830,1710.140,1709.240,1709.330,407
SQ:XAUUSD,2020-04-28T13:56:00+02:00,1709.330,1709.960,1709.110,1709.860,348
SQ:XAUUSD,2020-04-28T13:57:00+02:00,1709.860,1710.160,1709.180,1709.570,347
SQ:XAUUSD,2020-04-28T13:58:00+02:00,1709.650,1710.490,1709.490,1710.350,494
SQ:XAUUSD,2020-04-28T13:59:00+02:00,1710.290,1710.380,1709.060,1709.360,236
SQ:XAUUSD,2020-04-28T14:00:00+02:00,1709.230,1710.000,1708.040,1708.520,437
SQ:XAUUSD,2020-04-28T14:01:00+02:00,1708.520,1710.330,1708.520,1709.920,300
SQ:XAUUSD,2020-04-28T14:02:00+02:00,1709.930,1709.930,1708.590,1708.740,229
SQ:XAUUSD,2020-04-28T14:03:00+02:00,1708.770,1709.610,1708.470,1708.510,474
SQ:XAUUSD,2020-04-28T14:04:00+02:00,1708.540,1709.280,1708.010,1709.040,303
SQ:XAUUSD,2020-04-28T14:05:00+02:00,1709.040,1709.390,1708.480,1709.078,147
SQ:XAUUSD,2020-04-28T14:06:00+02:00,1709.060,1709.810,1709.040,1709.370,270
SQ:XAUUSD,2020-04-28T14:07:00+02:00,1709.370,1709.990,1708.570,1709.770,173
SQ:XAUUSD,2020-04-28T14:08:00+02:00,1709.770,1709.770,1709.180,1709.210,42
SQ:XAUUSD,2020-04-28T14:09:00+02:00,1709.290,1709.360,1708.750,1708.870,46
SQ:XAUUSD,2020-04-28T14:10:00+02:00,1708.870,1709.270,1708.870,1709.270,39
SQ:XAUUSD,2020-04-28T14:11:00+02:00,1709.270,1709.880,1709.130,1709.670,48
SQ:XAUUSD,2020-04-28T14:12:00+02:00,1709.720,1710.940,1709.590,1710.470,174
SQ:XAUUSD,2020-04-28T14:13:00+02:00,1710.470,1710.590,1709.810,1710.300,123
SQ:XAUUSD,2020-04-28T14:14:00+02:00,1710.350,1710.530,1710.140,1710.190,111
SQ:XAUUSD,2020-04-28T14:15:00+02:00,1710.180,1710.290,1709.550,1709.720,324
SQ:XAUUSD,2020-04-28T14:16:00+02:00,1709.720,1709.880,1708.860,1709.280,227
SQ:XAUUSD,2020-04-28T14:17:00+02:00,1709.280,1709.480,1708.340,1708.340,165
SQ:XAUUSD,2020-04-28T14:18:00+02:00,1708.380,1708.700,1707.850,1708.090,133
SQ:XAUUSD,2020-04-28T14:19:00+02:00,1708.110,1708.440,1707.460,1708.170,106
SQ:XAUUSD,2020-04-28T14:20:00+02:00,1708.230,1709.070,1708.120,1708.780,190
SQ:XAUUSD,2020-04-28T14:21:00+02:00,1708.780,1709.690,1708.540,1708.660,177
SQ:XAUUSD,2020-04-28T14:22:00+02:00,1708.660,1709.080,1707.530,1708.580,193
SQ:XAUUSD,2020-04-28T14:23:00+02:00,1708.580,1709.510,1708.220,1708.620,256
SQ:XAUUSD,2020-04-28T14:24:00+02:00,1708.620,1708.820,1707.470,1708.120,112
SQ:XAUUSD,2020-04-28T14:25:00+02:00,1708.060,1709.320,1708.030,1708.800,163
SQ:XAUUSD,2020-04-28T14:26:00+02:00,1708.800,1708.800,1708.100,1708.290,63
SQ:XAUUSD,2020-04-28T14:27:00+02:00,1708.290,1708.550,1707.110,1707.210,108
SQ:XAUUSD,2020-04-28T14:28:00+02:00,1707.210,1707.550,1707.020,1707.070,129
SQ:XAUUSD,2020-04-28T14:29:00+02:00,1707.050,1707.100,1705.730,1706.940,372
SQ:XAUUSD,2020-04-28T14:30:00+02:00,1706.970,1707.500,1706.490,1706.700,297
SQ:XAUUSD,2020-04-28T14:31:00+02:00,1706.770,1708.160,1706.760,1707.690,208
SQ:XAUUSD,2020-04-28T14:32:00+02:00,1707.700,1708.970,1707.586,1708.730,345
SQ:XAUUSD,2020-04-28T14:33:00+02:00,1708.720,1709.800,1708.630,1709.220,242
SQ:XAUUSD,2020-04-28T14:34:00+02:00,1709.220,1710.260,1709.040,1710.010,189
SQ:XAUUSD,2020-04-28T14:35:00+02:00,1710.020,1710.200,1708.900,1709.460,435
SQ:XAUUSD,2020-04-28T14:36:00+02:00,1709.440,1710.610,1708.840,1710.610,270
SQ:XAUUSD,2020-04-28T14:37:00+02:00,1710.610,1711.282,1709.500,1710.256,284
SQ:XAUUSD,2020-04-28T14:38:00+02:00,1710.192,1710.372,1709.090,1709.520,335
SQ:XAUUSD,2020-04-28T14:39:00+02:00,1709.522,1710.350,1709.522,1709.890,488
SQ:XAUUSD,2020-04-28T14:40:00+02:00,1709.770,1710.240,1709.150,1710.170,374
SQ:XAUUSD,2020-04-28T14:41:00+02:00,1710.170,1712.110,1710.110,1711.870,354
SQ:XAUUSD,2020-04-28T14:42:00+02:00,1711.870,1713.100,1710.400,1710.712,323
SQ:XAUUSD,2020-04-28T14:43:00+02:00,1710.724,1712.170,1710.360,1711.462,314
SQ:XAUUSD,2020-04-28T14:44:00+02:00,1711.340,1712.020,1711.060,1711.490,341
SQ:XAUUSD,2020-04-28T14:45:00+02:00,1711.500,1711.830,1710.890,1710.910,167
SQ:XAUUSD,2020-04-28T14:46:00+02:00,1710.920,1711.400,1710.890,1711.062,192
SQ:XAUUSD,2020-04-28T14:47:00+02:00,1711.090,1711.670,1710.380,1710.960,267
SQ:XAUUSD,2020-04-28T14:48:00+02:00,1710.960,1711.596,1710.830,1711.180,141
SQ:XAUUSD,2020-04-28T14:49:00+02:00,1711.132,1711.970,1711.120,1711.730,257
SQ:XAUUSD,2020-04-28T14:50:00+02:00,1711.770,1713.038,1711.770,1712.980,295
SQ:XAUUSD,2020-04-28T14:51:00+02:00,1713.000,1713.250,1712.090,1712.164,241
SQ:XAUUSD,2020-04-28T14:52:00+02:00,1712.180,1713.130,1711.690,1712.010,251
SQ:XAUUSD,2020-04-28T14:53:00+02:00,1712.040,1712.270,1711.370,1711.390,219
SQ:XAUUSD,2020-04-28T14:54:00+02:00,1711.390,1712.320,1711.328,1711.860,147
SQ:XAUUSD,2020-04-28T14:55:00+02:00,1711.880,1712.800,1711.790,1712.580,204
SQ:XAUUSD,2020-04-28T14:56:00+02:00,1712.580,1712.690,1711.400,1711.570,91
SQ:XAUUSD,2020-04-28T14:57:00+02:00,1711.570,1711.700,1710.590,1710.710,136
SQ:XAUUSD,2020-04-28T14:58:00+02:00,1710.670,1710.840,1710.230,1710.230,68
SQ:XAUUSD,2020-04-28T14:59:00+02:00,1710.210,1710.350,1710.010,1710.260,85
SQ:XAUUSD,2020-04-28T15:00:00+02:00,1710.270,1711.300,1709.970,1711.230,158
SQ:XAUUSD,2020-04-28T15:01:00+02:00,1711.250,1711.900,1711.000,1711.390,109
SQ:XAUUSD,2020-04-28T15:02:00+02:00,1711.390,1711.560,1711.190,1711.468,64
SQ:XAUUSD,2020-04-28T15:03:00+02:00,1711.490,1711.530,1711.220,1711.240,49
SQ:XAUUSD,2020-04-28T15:04:00+02:00,1711.240,1711.528,1711.210,1711.488,60
SQ:XAUUSD,2020-04-28T15:05:00+02:00,1711.436,1711.690,1711.300,1711.300,49
SQ:XAUUSD,2020-04-28T15:06:00+02:00,1711.320,1711.380,1710.160,1710.634,133
SQ:XAUUSD,2020-04-28T15:07:00+02:00,1710.614,1710.948,1710.440,1710.868,129
SQ:XAUUSD,2020-04-28T15:08:00+02:00,1710.902,1711.220,1710.394,1710.450,61
SQ:XAUUSD,2020-04-28T15:09:00+02:00,1710.450,1710.850,1710.450,1710.608,102
SQ:XAUUSD,2020-04-28T15:10:00+02:00,1710.620,1710.800,1710.320,1710.320,103
SQ:XAUUSD,2020-04-28T15:11:00+02:00,1710.320,1710.350,1709.500,1709.990,74
SQ:XAUUSD,2020-04-28T15:12:00+02:00,1709.990,1710.380,1708.998,1709.340,257
SQ:XAUUSD,2020-04-28T15:13:00+02:00,1709.344,1709.810,1709.222,1709.658,246
SQ:XAUUSD,2020-04-28T15:14:00+02:00,1709.658,1709.790,1708.650,1708.650,171
SQ:XAUUSD,2020-04-28T15:15:00+02:00,1708.650,1709.298,1708.140,1708.220,214
SQ:XAUUSD,2020-04-28T15:16:00+02:00,1708.270,1709.440,1707.670,1709.340,147
SQ:XAUUSD,2020-04-28T15:17:00+02:00,1709.340,1710.480,1709.230,1709.252,127
SQ:XAUUSD,2020-04-28T15:18:00+02:00,1709.230,1709.758,1708.980,1709.520,88
SQ:XAUUSD,2020-04-28T15:19:00+02:00,1709.520,1710.130,1709.430,1709.860,92
SQ:XAUUSD,2020-04-28T15:20:00+02:00,1709.860,1710.910,1709.290,1710.260,156
SQ:XAUUSD,2020-04-28T15:21:00+02:00,1710.260,1710.350,1709.380,1709.720,174
SQ:XAUUSD,2020-04-28T15:22:00+02:00,1709.720,1711.128,1708.990,1711.092,280
SQ:XAUUSD,2020-04-28T15:23:00+02:00,1711.098,1711.830,1711.024,1711.080,298
SQ:XAUUSD,2020-04-28T15:24:00+02:00,1711.090,1711.430,1711.080,1711.330,71
SQ:XAUUSD,2020-04-28T15:25:00+02:00,1711.290,1712.120,1711.190,1712.070,96
SQ:XAUUSD,2020-04-28T15:26:00+02:00,1712.070,1712.330,1711.730,1712.040,308
SQ:XAUUSD,2020-04-28T15:27:00+02:00,1711.870,1712.600,1711.780,1712.140,164
SQ:XAUUSD,2020-04-28T15:28:00+02:00,1712.140,1712.230,1711.260,1711.290,169
SQ:XAUUSD,2020-04-28T15:29:00+02:00,1711.290,1711.290,1710.360,1710.360,48
SQ:XAUUSD,2020-04-28T15:30:00+02:00,1710.330,1710.400,1709.080,1709.290,154
SQ:XAUUSD,2020-04-28T15:31:00+02:00,1709.290,1709.710,1708.380,1708.920,296
SQ:XAUUSD,2020-04-28T15:32:00+02:00,1708.920,1709.190,1707.750,1708.510,218
SQ:XAUUSD,2020-04-28T15:33:00+02:00,1708.530,1709.040,1707.580,1708.820,186
SQ:XAUUSD,2020-04-28T15:34:00+02:00,1708.820,1709.060,1707.810,1707.940,152
SQ:XAUUSD,2020-04-28T15:35:00+02:00,1707.962,1709.520,1707.400,1708.300,326
SQ:XAUUSD,2020-04-28T15:36:00+02:00,1708.320,1708.740,1707.310,1708.660,459
SQ:XAUUSD,2020-04-28T15:37:00+02:00,1708.660,1709.192,1707.910,1708.940,325
SQ:XAUUSD,2020-04-28T15:38:00+02:00,1708.890,1709.730,1708.670,1709.420,325
SQ:XAUUSD,2020-04-28T15:39:00+02:00,1709.400,1709.770,1708.660,1709.118,410
SQ:XAUUSD,2020-04-28T15:40:00+02:00,1709.118,1709.318,1707.330,1708.030,460
SQ:XAUUSD,2020-04-28T15:41:00+02:00,1708.040,1708.762,1706.440,1707.680,283
SQ:XAUUSD,2020-04-28T15:42:00+02:00,1707.680,1708.070,1706.050,1706.050,236
SQ:XAUUSD,2020-04-28T15:43:00+02:00,1706.050,1706.430,1705.930,1706.250,218
SQ:XAUUSD,2020-04-28T15:44:00+02:00,1706.250,1706.890,1705.966,1706.450,180
SQ:XAUUSD,2020-04-28T15:45:00+02:00,1706.450,1707.680,1706.360,1706.980,118
SQ:XAUUSD,2020-04-28T15:46:00+02:00,1706.980,1707.150,1706.280,1707.050,97
SQ:XAUUSD,2020-04-28T15:47:00+02:00,1707.050,1707.050,1704.650,1704.650,154
SQ:XAUUSD,2020-04-28T15:48:00+02:00,1704.670,1705.740,1704.640,1704.970,258
SQ:XAUUSD,2020-04-28T15:49:00+02:00,1704.970,1705.044,1703.790,1703.850,322
SQ:XAUUSD,2020-04-28T15:50:00+02:00,1703.850,1704.410,1701.800,1703.290,327
SQ:XAUUSD,2020-04-28T15:51:00+02:00,1703.290,1703.700,1701.460,1702.620,287
SQ:XAUUSD,2020-04-28T15:52:00+02:00,1702.620,1703.660,1702.470,1703.040,127
SQ:XAUUSD,2020-04-28T15:53:00+02:00,1703.040,1703.890,1703.010,1703.520,110
SQ:XAUUSD,2020-04-28T15:54:00+02:00,1703.520,1703.890,1702.120,1702.150,119
SQ:XAUUSD,2020-04-28T15:55:00+02:00,1702.200,1702.650,1697.220,1697.930,330
SQ:XAUUSD,2020-04-28T15:56:00+02:00,1698.148,1698.790,1696.420,1697.090,451
SQ:XAUUSD,2020-04-28T15:57:00+02:00,1697.130,1697.354,1695.810,1697.040,349
SQ:XAUUSD,2020-04-28T15:58:00+02:00,1697.040,1697.700,1696.650,1697.660,335
SQ:XAUUSD,2020-04-28T15:59:00+02:00,1697.690,1698.200,1696.640,1697.650,213
SQ:XAUUSD,2020-04-28T16:00:00+02:00,1697.650,1698.450,1695.580,1696.250,513
SQ:XAUUSD,2020-04-28T16:01:00+02:00,1696.260,1696.260,1693.700,1694.380,399
SQ:XAUUSD,2020-04-28T16:02:00+02:00,1694.260,1695.030,1691.130,1693.340,368
SQ:XAUUSD,2020-04-28T16:03:00+02:00,1693.350,1695.860,1693.350,1695.780,405
SQ:XAUUSD,2020-04-28T16:04:00+02:00,1695.720,1697.430,1695.680,1697.260,322
SQ:XAUUSD,2020-04-28T16:05:00+02:00,1697.160,1699.730,1696.610,1699.680,169
SQ:XAUUSD,2020-04-28T16:06:00+02:00,1699.680,1700.560,1699.240,1699.650,281
SQ:XAUUSD,2020-04-28T16:07:00+02:00,1699.740,1699.840,1698.450,1698.820,240
SQ:XAUUSD,2020-04-28T16:08:00+02:00,1698.730,1699.190,1696.600,1697.060,281
SQ:XAUUSD,2020-04-28T16:09:00+02:00,1697.060,1698.220,1696.190,1697.690,265
SQ:XAUUSD,2020-04-28T16:10:00+02:00,1697.798,1699.006,1697.450,1697.790,401
SQ:XAUUSD,2020-04-28T16:11:00+02:00,1697.790,1698.140,1697.030,1697.460,112
SQ:XAUUSD,2020-04-28T16:12:00+02:00,1697.460,1698.180,1697.000,1697.110,131
SQ:XAUUSD,2020-04-28T16:13:00+02:00,1697.110,1698.046,1697.090,1697.722,329
SQ:XAUUSD,2020-04-28T16:14:00+02:00,1697.710,1699.530,1697.310,1699.220,277
SQ:XAUUSD,2020-04-28T16:15:00+02:00,1699.190,1699.728,1698.650,1699.360,254
SQ:XAUUSD,2020-04-28T16:16:00+02:00,1699.340,1700.950,1699.240,1700.380,355
SQ:XAUUSD,2020-04-28T16:17:00+02:00,1700.380,1700.840,1699.960,1700.350,154
SQ:XAUUSD,2020-04-28T16:18:00+02:00,1700.350,1700.540,1699.450,1699.890,226
SQ:XAUUSD,2020-04-28T16:19:00+02:00,1699.930,1700.080,1698.350,1698.390,321
SQ:XAUUSD,2020-04-28T16:20:00+02:00,1698.450,1699.896,1698.440,1699.310,247
SQ:XAUUSD,2020-04-28T16:21:00+02:00,1699.310,1700.280,1697.620,1697.650,341
SQ:XAUUSD,2020-04-28T16:22:00+02:00,1697.600,1698.830,1696.010,1696.420,664
SQ:XAUUSD,2020-04-28T16:23:00+02:00,1696.650,1698.580,1696.470,1698.230,454
SQ:XAUUSD,2020-04-28T16:24:00+02:00,1698.140,1698.530,1697.080,1698.200,281
SQ:XAUUSD,2020-04-28T16:25:00+02:00,1698.200,1698.200,1696.630,1697.950,151
SQ:XAUUSD,2020-04-28T16:26:00+02:00,1697.950,1697.980,1696.480,1697.150,302
SQ:XAUUSD,2020-04-28T16:27:00+02:00,1697.170,1699.030,1697.150,1698.690,324
SQ:XAUUSD,2020-04-28T16:28:00+02:00,1698.680,1699.390,1697.750,1697.750,322
SQ:XAUUSD,2020-04-28T16:29:00+02:00,1697.750,1700.490,1697.510,1699.770,498
SQ:XAUUSD,2020-04-28T16:30:00+02:00,1699.770,1702.500,1699.140,1701.200,537
SQ:XAUUSD,2020-04-28T16:31:00+02:00,1701.124,1702.110,1700.880,1701.160,260
SQ:XAUUSD,2020-04-28T16:32:00+02:00,1701.160,1701.830,1700.180,1700.760,170
SQ:XAUUSD,2020-04-28T16:33:00+02:00,1700.760,1701.430,1699.520,1700.040,365
SQ:XAUUSD,2020-04-28T16:34:00+02:00,1700.080,1701.740,1700.070,1701.450,339
SQ:XAUUSD,2020-04-28T16:35:00+02:00,1701.450,1703.140,1701.450,1702.590,383
SQ:XAUUSD,2020-04-28T16:36:00+02:00,1702.720,1703.570,1701.950,1702.600,373
SQ:XAUUSD,2020-04-28T16:37:00+02:00,1702.600,1703.050,1702.080,1702.560,202
SQ:XAUUSD,2020-04-28T16:38:00+02:00,1702.590,1702.760,1701.160,1701.560,148
SQ:XAUUSD,2020-04-28T16:39:00+02:00,1701.560,1702.020,1700.950,1701.130,162
SQ:XAUUSD,2020-04-28T16:40:00+02:00,1701.000,1701.710,1700.810,1701.190,264
SQ:XAUUSD,2020-04-28T16:41:00+02:00,1701.100,1701.230,1700.840,1701.090,268
SQ:XAUUSD,2020-04-28T16:42:00+02:00,1701.090,1701.660,1701.020,1701.290,242
SQ:XAUUSD,2020-04-28T16:43:00+02:00,1701.330,1702.480,1701.070,1702.120,212
SQ:XAUUSD,2020-04-28T16:44:00+02:00,1702.190,1702.380,1700.370,1700.630,267
SQ:XAUUSD,2020-04-28T16:45:00+02:00,1700.540,1701.090,1699.810,1700.890,269
SQ:XAUUSD,2020-04-28T16:46:00+02:00,1700.910,1701.200,1700.680,1701.120,152
SQ:XAUUSD,2020-04-28T16:47:00+02:00,1701.120,1701.140,1699.530,1700.200,183
SQ:XAUUSD,2020-04-28T16:48:00+02:00,1700.200,1702.840,1700.190,1702.580,149
SQ:XAUUSD,2020-04-28T16:49:00+02:00,1702.580,1703.120,1701.970,1702.950,256
SQ:XAUUSD,2020-04-28T16:50:00+02:00,1702.940,1702.960,1701.550,1701.650,141
SQ:XAUUSD,2020-04-28T16:51:00+02:00,1701.650,1702.120,1701.620,1701.820,67
SQ:XAUUSD,2020-04-28T16:52:00+02:00,1701.820,1703.240,1701.790,1702.890,268
SQ:XAUUSD,2020-04-28T16:53:00+02:00,1702.720,1703.180,1702.390,1702.590,168
SQ:XAUUSD,2020-04-28T16:54:00+02:00,1702.590,1703.060,1701.950,1702.570,135
SQ:XAUUSD,2020-04-28T16:55:00+02:00,1702.550,1702.550,1701.590,1701.890,198
SQ:XAUUSD,2020-04-28T16:56:00+02:00,1701.890,1701.950,1700.600,1700.600,194
SQ:XAUUSD,2020-04-28T16:57:00+02:00,1700.580,1701.870,1700.580,1700.730,227
SQ:XAUUSD,2020-04-28T16:58:00+02:00,1700.730,1700.790,1698.410,1698.750,330
SQ:XAUUSD,2020-04-28T16:59:00+02:00,1698.710,1699.660,1698.360,1699.200,489
SQ:XAUUSD,2020-04-28T17:00:00+02:00,1699.140,1701.050,1698.790,1701.050,443
SQ:XAUUSD,2020-04-28T17:01:00+02:00,1700.810,1701.980,1700.770,1701.160,347
SQ:XAUUSD,2020-04-28T17:02:00+02:00,1701.160,1701.740,1700.150,1700.540,234
SQ:XAUUSD,2020-04-28T17:03:00+02:00,1700.450,1701.110,1700.410,1700.770,289
SQ:XAUUSD,2020-04-28T17:04:00+02:00,1700.770,1700.770,1699.790,1700.460,308
SQ:XAUUSD,2020-04-28T17:05:00+02:00,1700.890,1701.150,1700.450,1700.890,326
SQ:XAUUSD,2020-04-28T17:06:00+02:00,1700.890,1701.580,1700.560,1700.980,175
SQ:XAUUSD,2020-04-28T17:07:00+02:00,1701.000,1702.700,1700.770,1702.620,315
SQ:XAUUSD,2020-04-28T17:08:00+02:00,1702.490,1702.630,1701.490,1702.020,158
SQ:XAUUSD,2020-04-28T17:09:00+02:00,1702.020,1702.250,1701.540,1701.710,186
SQ:XAUUSD,2020-04-28T17:10:00+02:00,1701.590,1701.970,1701.260,1701.260,189
SQ:XAUUSD,2020-04-28T17:11:00+02:00,1701.260,1701.280,1700.300,1700.300,116
SQ:XAUUSD,2020-04-28T17:12:00+02:00,1700.300,1701.220,1700.300,1700.720,198
SQ:XAUUSD,2020-04-28T17:13:00+02:00,1700.720,1701.920,1700.720,1701.260,178
SQ:XAUUSD,2020-04-28T17:14:00+02:00,1701.260,1702.220,1701.200,1701.650,177
SQ:XAUUSD,2020-04-28T17:15:00+02:00,1701.650,1702.550,1701.220,1702.420,178
SQ:XAUUSD,2020-04-28T17:16:00+02:00,1702.420,1702.650,1701.060,1701.220,118
SQ:XAUUSD,2020-04-28T17:17:00+02:00,1701.220,1701.270,1699.740,1700.300,316
SQ:XAUUSD,2020-04-28T17:18:00+02:00,1700.220,1700.814,1699.960,1700.460,379
SQ:XAUUSD,2020-04-28T17:19:00+02:00,1700.460,1700.990,1700.142,1700.614,398
SQ:XAUUSD,2020-04-28T17:20:00+02:00,1700.614,1701.342,1700.614,1700.870,275
SQ:XAUUSD,2020-04-28T17:21:00+02:00,1700.872,1701.970,1700.670,1701.370,298
SQ:XAUUSD,2020-04-28T17:22:00+02:00,1701.370,1702.200,1700.770,1700.910,242
SQ:XAUUSD,2020-04-28T17:23:00+02:00,1700.910,1701.160,1700.480,1700.730,216
SQ:XAUUSD,2020-04-28T17:24:00+02:00,1700.720,1701.890,1700.070,1701.770,295
SQ:XAUUSD,2020-04-28T17:25:00+02:00,1701.780,1702.390,1701.070,1702.080,141
SQ:XAUUSD,2020-04-28T17:26:00+02:00,1702.080,1702.690,1701.640,1702.520,134
SQ:XAUUSD,2020-04-28T17:27:00+02:00,1702.550,1703.750,1701.360,1703.440,141
SQ:XAUUSD,2020-04-28T17:28:00+02:00,1703.440,1703.440,1702.560,1702.790,119
SQ:XAUUSD,2020-04-28T17:29:00+02:00,1702.760,1703.200,1702.150,1702.740,310
SQ:XAUUSD,2020-04-28T17:30:00+02:00,1702.740,1702.870,1701.500,1701.850,158
SQ:XAUUSD,2020-04-28T17:31:00+02:00,1701.850,1702.030,1700.810,1701.060,384
SQ:XAUUSD,2020-04-28T17:32:00+02:00,1701.060,1701.460,1700.490,1701.000,213
SQ:XAUUSD,2020-04-28T17:33:00+02:00,1701.000,1703.080,1700.770,1702.920,121
SQ:XAUUSD,2020-04-28T17:34:00+02:00,1702.180,1702.950,1701.400,1702.260,94
SQ:XAUUSD,2020-04-28T17:35:00+02:00,1702.260,1703.750,1702.260,1703.070,95
SQ:XAUUSD,2020-04-28T17:36:00+02:00,1703.070,1703.310,1702.030,1702.870,125
SQ:XAUUSD,2020-04-28T17:37:00+02:00,1702.870,1704.520,1702.550,1704.110,157
SQ:XAUUSD,2020-04-28T17:38:00+02:00,1704.110,1705.160,1703.630,1704.510,192
SQ:XAUUSD,2020-04-28T17:39:00+02:00,1704.510,1704.660,1702.950,1703.570,130
SQ:XAUUSD,2020-04-28T17:40:00+02:00,1703.570,1704.860,1703.220,1704.180,410
SQ:XAUUSD,2020-04-28T17:41:00+02:00,1704.190,1705.420,1703.680,1704.360,455
SQ:XAUUSD,2020-04-28T17:42:00+02:00,1704.640,1705.230,1703.820,1704.830,261
SQ:XAUUSD,2020-04-28T17:43:00+02:00,1704.830,1705.170,1704.160,1704.840,162
SQ:XAUUSD,2020-04-28T17:44:00+02:00,1704.840,1707.380,1704.800,1706.290,355
SQ:XAUUSD,2020-04-28T17:45:00+02:00,1706.290,1708.640,1705.920,1708.080,267
SQ:XAUUSD,2020-04-28T17:46:00+02:00,1708.140,1708.480,1707.170,1707.610,221
SQ:XAUUSD,2020-04-28T17:47:00+02:00,1707.610,1707.630,1706.600,1706.600,230
SQ:XAUUSD,2020-04-28T17:48:00+02:00,1706.600,1707.050,1706.030,1706.250,333
SQ:XAUUSD,2020-04-28T17:49:00+02:00,1706.300,1707.710,1706.300,1706.420,385
SQ:XAUUSD,2020-04-28T17:50:00+02:00,1706.620,1706.900,1705.530,1705.610,254
SQ:XAUUSD,2020-04-28T17:51:00+02:00,1706.090,1706.270,1704.890,1705.490,368
SQ:XAUUSD,2020-04-28T17:52:00+02:00,1705.240,1705.650,1704.670,1705.110,418
SQ:XAUUSD,2020-04-28T17:53:00+02:00,1705.050,1705.240,1704.308,1705.010,402
SQ:XAUUSD,2020-04-28T17:54:00+02:00,1704.690,1705.210,1704.570,1704.570,401
SQ:XAUUSD,2020-04-28T17:55:00+02:00,1704.570,1705.620,1703.840,1705.510,329
SQ:XAUUSD,2020-04-28T17:56:00+02:00,1705.590,1705.720,1704.490,1704.540,189
SQ:XAUUSD,2020-04-28T17:57:00+02:00,1704.540,1704.570,1703.260,1704.010,274
SQ:XAUUSD,2020-04-28T17:58:00+02:00,1704.010,1704.180,1703.520,1703.810,158
SQ:XAUUSD,2020-04-28T17:59:00+02:00,1703.810,1704.160,1703.708,1703.864,134
SQ:XAUUSD,2020-04-28T18:00:00+02:00,1703.786,1704.560,1702.910,1703.010,213
SQ:XAUUSD,2020-04-28T18:01:00+02:00,1703.010,1704.030,1702.840,1703.690,178
SQ:XAUUSD,2020-04-28T18:02:00+02:00,1703.690,1704.030,1702.906,1703.870,420
SQ:XAUUSD,2020-04-28T18:03:00+02:00,1703.820,1704.380,1703.080,1704.270,385
SQ:XAUUSD,2020-04-28T18:04:00+02:00,1704.230,1705.550,1703.890,1705.450,289
SQ:XAUUSD,2020-04-28T18:05:00+02:00,1705.450,1706.920,1705.140,1706.760,509
SQ:XAUUSD,2020-04-28T18:06:00+02:00,1707.030,1707.030,1705.990,1706.320,283
SQ:XAUUSD,2020-04-28T18:07:00+02:00,1706.400,1707.260,1706.210,1707.080,288
SQ:XAUUSD,2020-04-28T18:08:00+02:00,1707.080,1707.510,1706.760,1707.130,116
SQ:XAUUSD,2020-04-28T18:09:00+02:00,1707.130,1707.290,1706.500,1706.686,160
SQ:XAUUSD,2020-04-28T18:10:00+02:00,1706.686,1707.100,1706.520,1706.650,155
SQ:XAUUSD,2020-04-28T18:11:00+02:00,1706.670,1707.180,1706.360,1707.060,207
SQ:XAUUSD,2020-04-28T18:12:00+02:00,1707.220,1707.500,1706.750,1707.040,161
SQ:XAUUSD,2020-04-28T18:13:00+02:00,1707.080,1707.480,1706.860,1706.990,130
SQ:XAUUSD,2020-04-28T18:14:00+02:00,1706.990,1707.340,1706.820,1707.240,118
SQ:XAUUSD,2020-04-28T18:15:00+02:00,1707.110,1707.110,1705.690,1706.100,305
SQ:XAUUSD,2020-04-28T18:16:00+02:00,1706.240,1707.150,1706.190,1706.690,252
SQ:XAUUSD,2020-04-28T18:17:00+02:00,1706.840,1706.840,1705.290,1705.330,249
SQ:XAUUSD,2020-04-28T18:18:00+02:00,1705.330,1706.450,1705.050,1705.100,268
SQ:XAUUSD,2020-04-28T18:19:00+02:00,1705.100,1706.260,1705.100,1705.800,297
SQ:XAUUSD,2020-04-28T18:20:00+02:00,1706.010,1707.910,1705.830,1707.800,309
SQ:XAUUSD,2020-04-28T18:21:00+02:00,1707.910,1707.910,1706.200,1706.460,209
SQ:XAUUSD,2020-04-28T18:22:00+02:00,1706.640,1707.490,1706.310,1707.150,267
SQ:XAUUSD,2020-04-28T18:23:00+02:00,1707.110,1707.470,1706.500,1707.010,178
SQ:XAUUSD,2020-04-28T18:24:00+02:00,1707.240,1707.730,1706.790,1707.480,185
SQ:XAUUSD,2020-04-28T18:25:00+02:00,1707.360,1707.540,1706.620,1707.020,187
SQ:XAUUSD,2020-04-28T18:26:00+02:00,1707.090,1708.280,1706.870,1707.740,162
SQ:XAUUSD,2020-04-28T18:27:00+02:00,1707.740,1707.990,1706.850,1707.540,57
SQ:XAUUSD,2020-04-28T18:28:00+02:00,1707.400,1707.500,1706.560,1707.220,54
SQ:XAUUSD,2020-04-28T18:29:00+02:00,1707.220,1707.220,1705.710,1706.260,73
SQ:XAUUSD,2020-04-28T18:30:00+02:00,1706.220,1706.220,1705.160,1705.690,85
SQ:XAUUSD,2020-04-28T18:31:00+02:00,1705.700,1707.120,1705.320,1706.500,145
SQ:XAUUSD,2020-04-28T18:32:00+02:00,1706.500,1706.940,1705.650,1706.470,95
SQ:XAUUSD,2020-04-28T18:33:00+02:00,1706.430,1706.540,1705.420,1706.110,73
SQ:XAUUSD,2020-04-28T18:34:00+02:00,1706.120,1706.400,1704.680,1705.700,44
SQ:XAUUSD,2020-04-28T18:35:00+02:00,1705.700,1706.040,1704.682,1705.280,99
SQ:XAUUSD,2020-04-28T18:36:00+02:00,1705.490,1705.690,1704.140,1704.390,141
SQ:XAUUSD,2020-04-28T18:37:00+02:00,1704.390,1704.400,1703.440,1704.080,261
SQ:XAUUSD,2020-04-28T18:38:00+02:00,1704.080,1704.690,1703.860,1704.220,235
SQ:XAUUSD,2020-04-28T18:39:00+02:00,1704.230,1704.330,1703.050,1703.640,243
SQ:XAUUSD,2020-04-28T18:40:00+02:00,1703.470,1704.800,1703.470,1704.780,264
SQ:XAUUSD,2020-04-28T18:41:00+02:00,1704.780,1704.940,1704.120,1704.560,235
SQ:XAUUSD,2020-04-28T18:42:00+02:00,1704.560,1704.560,1703.640,1704.010,176
SQ:XAUUSD,2020-04-28T18:43:00+02:00,1704.310,1704.990,1703.760,1704.720,307
SQ:XAUUSD,2020-04-28T18:44:00+02:00,1704.910,1705.280,1704.500,1705.090,225
SQ:XAUUSD,2020-04-28T18:45:00+02:00,1705.200,1705.570,1704.230,1705.000,195
SQ:XAUUSD,2020-04-28T18:46:00+02:00,1705.000,1705.410,1703.990,1704.590,207
SQ:XAUUSD,2020-04-28T18:47:00+02:00,1704.910,1705.510,1704.340,1704.680,240
SQ:XAUUSD,2020-04-28T18:48:00+02:00,1704.730,1705.950,1704.490,1705.830,183
SQ:XAUUSD,2020-04-28T18:49:00+02:00,1705.830,1706.070,1704.370,1704.920,185
SQ:XAUUSD,2020-04-28T18:50:00+02:00,1704.920,1705.250,1703.970,1704.620,188
SQ:XAUUSD,2020-04-28T18:51:00+02:00,1704.620,1705.380,1703.270,1703.840,277
SQ:XAUUSD,2020-04-28T18:52:00+02:00,1703.650,1706.210,1703.570,1705.590,284
SQ:XAUUSD,2020-04-28T18:53:00+02:00,1705.590,1706.130,1705.170,1705.440,255
SQ:XAUUSD,2020-04-28T18:54:00+02:00,1705.440,1705.850,1704.000,1705.190,165
SQ:XAUUSD,2020-04-28T18:55:00+02:00,1705.270,1705.740,1704.350,1705.290,271
SQ:XAUUSD,2020-04-28T18:56:00+02:00,1705.220,1705.800,1704.950,1705.390,180
SQ:XAUUSD,2020-04-28T18:57:00+02:00,1705.390,1705.610,1704.770,1704.980,205
SQ:XAUUSD,2020-04-28T18:58:00+02:00,1705.180,1705.470,1704.450,1704.840,181
SQ:XAUUSD,2020-04-28T18:59:00+02:00,1704.890,1705.360,1704.250,1704.940,163
SQ:XAUUSD,2020-04-28T19:00:00+02:00,1704.800,1705.270,1703.950,1704.560,269
SQ:XAUUSD,2020-04-28T19:01:00+02:00,1704.210,1705.810,1704.000,1705.640,306
SQ:XAUUSD,2020-04-28T19:02:00+02:00,1705.100,1705.860,1704.610,1705.650,200
SQ:XAUUSD,2020-04-28T19:03:00+02:00,1705.730,1705.930,1704.420,1705.660,213
SQ:XAUUSD,2020-04-28T19:04:00+02:00,1705.310,1705.900,1704.130,1704.800,204
SQ:XAUUSD,2020-04-28T19:05:00+02:00,1704.720,1705.270,1704.020,1704.860,205
SQ:XAUUSD,2020-04-28T19:06:00+02:00,1704.860,1705.540,1704.310,1705.370,207
SQ:XAUUSD,2020-04-28T19:07:00+02:00,1705.070,1705.200,1704.390,1704.870,170
SQ:XAUUSD,2020-04-28T19:08:00+02:00,1704.730,1705.510,1704.130,1704.960,211
SQ:XAUUSD,2020-04-28T19:09:00+02:00,1704.990,1705.690,1704.670,1705.470,188
SQ:XAUUSD,2020-04-28T19:10:00+02:00,1705.430,1705.740,1704.770,1705.460,213
SQ:XAUUSD,2020-04-28T19:11:00+02:00,1705.450,1705.820,1704.780,1705.160,201
SQ:XAUUSD,2020-04-28T19:12:00+02:00,1705.210,1705.940,1704.350,1705.310,222
SQ:XAUUSD,2020-04-28T19:13:00+02:00,1705.310,1706.310,1705.010,1705.960,257
SQ:XAUUSD,2020-04-28T19:14:00+02:00,1705.960,1706.490,1705.460,1705.540,303
SQ:XAUUSD,2020-04-28T19:15:00+02:00,1705.470,1706.900,1705.360,1705.770,230
SQ:XAUUSD,2020-04-28T19:16:00+02:00,1706.000,1706.180,1705.290,1705.370,166
SQ:XAUUSD,2020-04-28T19:17:00+02:00,1705.370,1706.440,1705.320,1705.500,166
SQ:XAUUSD,2020-04-28T19:18:00+02:00,1705.500,1706.070,1705.500,1705.680,60
SQ:XAUUSD,2020-04-28T19:19:00+02:00,1705.690,1705.770,1705.430,1705.610,31
SQ:XAUUSD,2020-04-28T19:20:00+02:00,1705.610,1706.760,1705.610,1706.400,224
SQ:XAUUSD,2020-04-28T19:21:00+02:00,1706.400,1707.250,1706.400,1706.980,300
SQ:XAUUSD,2020-04-28T19:22:00+02:00,1707.240,1707.590,1706.610,1707.010,203
SQ:XAUUSD,2020-04-28T19:23:00+02:00,1707.340,1707.380,1705.980,1706.840,185
SQ:XAUUSD,2020-04-28T19:24:00+02:00,1706.790,1707.780,1706.740,1707.640,324
SQ:XAUUSD,2020-04-28T19:25:00+02:00,1707.640,1707.650,1706.370,1706.920,366
SQ:XAUUSD,2020-04-28T19:26:00+02:00,1707.250,1707.630,1705.860,1706.770,372
SQ:XAUUSD,2020-04-28T19:27:00+02:00,1706.580,1707.810,1706.200,1707.070,241
SQ:XAUUSD,2020-04-28T19:28:00+02:00,1707.070,1707.910,1706.690,1707.710,245
SQ:XAUUSD,2020-04-28T19:29:00+02:00,1707.710,1708.220,1706.720,1707.690,401
SQ:XAUUSD,2020-04-28T19:30:00+02:00,1707.620,1708.310,1707.570,1708.160,211
SQ:XAUUSD,2020-04-28T19:31:00+02:00,1708.250,1708.460,1707.540,1707.610,203
SQ:XAUUSD,2020-04-28T19:32:00+02:00,1707.610,1708.320,1707.510,1707.874,159
SQ:XAUUSD,2020-04-28T19:33:00+02:00,1708.000,1708.560,1707.440,1708.470,174
SQ:XAUUSD,2020-04-28T19:34:00+02:00,1708.500,1709.560,1708.500,1708.910,179
SQ:XAUUSD,2020-04-28T19:35:00+02:00,1708.680,1709.340,1708.680,1709.190,174
SQ:XAUUSD,2020-04-28T19:36:00+02:00,1709.190,1709.610,1709.040,1709.340,107
SQ:XAUUSD,2020-04-28T19:37:00+02:00,1709.340,1710.830,1709.190,1709.510,213
SQ:XAUUSD,2020-04-28T19:38:00+02:00,1709.580,1710.190,1709.080,1709.690,208
SQ:XAUUSD,2020-04-28T19:39:00+02:00,1709.690,1710.070,1708.990,1709.040,146
SQ:XAUUSD,2020-04-28T19:40:00+02:00,1709.090,1709.360,1708.740,1708.980,82
SQ:XAUUSD,2020-04-28T19:41:00+02:00,1708.980,1709.210,1708.740,1708.808,75
SQ:XAUUSD,2020-04-28T19:42:00+02:00,1708.750,1708.980,1708.680,1708.850,164
SQ:XAUUSD,2020-04-28T19:43:00+02:00,1708.780,1708.898,1708.170,1708.450,135
SQ:XAUUSD,2020-04-28T19:44:00+02:00,1708.450,1708.864,1708.250,1708.846,212
SQ:XAUUSD,2020-04-28T19:45:00+02:00,1708.850,1708.982,1707.970,1708.478,235
SQ:XAUUSD,2020-04-28T19:46:00+02:00,1708.468,1708.618,1707.050,1707.872,373
SQ:XAUUSD,2020-04-28T19:47:00+02:00,1707.872,1708.140,1707.090,1707.758,132
SQ:XAUUSD,2020-04-28T19:48:00+02:00,1707.490,1708.360,1707.020,1708.140,184
SQ:XAUUSD,2020-04-28T19:49:00+02:00,1708.140,1708.648,1707.848,1708.648,195
SQ:XAUUSD,2020-04-28T19:50:00+02:00,1708.648,1708.668,1707.540,1708.130,227
SQ:XAUUSD,2020-04-28T19:51:00+02:00,1708.130,1708.350,1707.300,1707.856,139
SQ:XAUUSD,2020-04-28T19:52:00+02:00,1708.070,1708.220,1707.260,1707.390,185
SQ:XAUUSD,2020-04-28T19:53:00+02:00,1707.390,1707.690,1706.910,1707.280,195
SQ:XAUUSD,2020-04-28T19:54:00+02:00,1707.600,1707.730,1706.194,1706.574,348
SQ:XAUUSD,2020-04-28T19:55:00+02:00,1706.508,1707.510,1706.120,1707.020,203
SQ:XAUUSD,2020-04-28T19:56:00+02:00,1706.904,1707.870,1706.650,1707.300,238
SQ:XAUUSD,2020-04-28T19:57:00+02:00,1707.300,1707.770,1706.670,1707.618,153
SQ:XAUUSD,2020-04-28T19:58:00+02:00,1707.500,1707.880,1706.990,1707.500,279
SQ:XAUUSD,2020-04-28T19:59:00+02:00,1707.580,1707.770,1706.660,1707.610,293
SQ:XAUUSD,2020-04-28T20:00:00+02:00,1707.610,1708.020,1707.220,1707.960,234
SQ:XAUUSD,2020-04-28T20:01:00+02:00,1707.960,1708.370,1707.450,1707.700,346
SQ:XAUUSD,2020-04-28T20:02:00+02:00,1707.650,1707.960,1707.180,1707.290,230
SQ:XAUUSD,2020-04-28T20:03:00+02:00,1707.410,1707.600,1706.570,1706.810,165
SQ:XAUUSD,2020-04-28T20:04:00+02:00,1706.810,1707.420,1706.760,1707.210,194
SQ:XAUUSD,2020-04-28T20:05:00+02:00,1707.276,1707.580,1706.990,1707.392,163
SQ:XAUUSD,2020-04-28T20:06:00+02:00,1707.392,1707.620,1706.910,1707.010,225
SQ:XAUUSD,2020-04-28T20:07:00+02:00,1707.000,1707.330,1706.866,1706.950,188
SQ:XAUUSD,2020-04-28T20:08:00+02:00,1706.926,1707.370,1706.848,1707.024,126
SQ:XAUUSD,2020-04-28T20:09:00+02:00,1707.034,1707.370,1706.300,1706.310,230
SQ:XAUUSD,2020-04-28T20:10:00+02:00,1706.310,1706.440,1705.690,1706.030,177
SQ:XAUUSD,2020-04-28T20:11:00+02:00,1706.030,1706.470,1705.500,1705.990,179
SQ:XAUUSD,2020-04-28T20:12:00+02:00,1705.990,1706.180,1705.450,1705.690,258
SQ:XAUUSD,2020-04-28T20:13:00+02:00,1705.670,1705.890,1705.358,1705.526,128
SQ:XAUUSD,2020-04-28T20:14:00+02:00,1705.510,1706.290,1705.400,1706.160,177
SQ:XAUUSD,2020-04-28T20:15:00+02:00,1706.180,1706.610,1705.980,1706.600,159
SQ:XAUUSD,2020-04-28T20:16:00+02:00,1706.540,1707.100,1706.340,1706.740,130
SQ:XAUUSD,2020-04-28T20:17:00+02:00,1706.830,1707.080,1706.380,1706.820,224
SQ:XAUUSD,2020-04-28T20:18:00+02:00,1706.880,1707.160,1706.330,1706.760,221
SQ:XAUUSD,2020-04-28T20:19:00+02:00,1706.760,1706.880,1705.950,1706.340,274
SQ:XAUUSD,2020-04-28T20:20:00+02:00,1706.340,1706.930,1706.130,1706.180,201
SQ:XAUUSD,2020-04-28T20:21:00+02:00,1706.180,1706.630,1705.430,1706.420,278
SQ:XAUUSD,2020-04-28T20:22:00+02:00,1706.420,1707.000,1706.270,1706.720,190
SQ:XAUUSD,2020-04-28T20:23:00+02:00,1706.760,1707.190,1706.370,1707.090,202
SQ:XAUUSD,2020-04-28T20:24:00+02:00,1707.100,1707.430,1706.290,1706.360,163
SQ:XAUUSD,2020-04-28T20:25:00+02:00,1706.360,1707.030,1706.190,1706.720,158
SQ:XAUUSD,2020-04-28T20:26:00+02:00,1706.560,1707.580,1706.360,1706.420,274
SQ:XAUUSD,2020-04-28T20:27:00+02:00,1706.420,1706.490,1705.752,1705.850,255
SQ:XAUUSD,2020-04-28T20:28:00+02:00,1705.850,1706.310,1705.324,1705.800,227
SQ:XAUUSD,2020-04-28T20:29:00+02:00,1705.800,1706.390,1705.780,1706.270,307
SQ:XAUUSD,2020-04-28T20:30:00+02:00,1706.260,1706.590,1706.130,1706.330,178
SQ:XAUUSD,2020-04-28T20:31:00+02:00,1706.330,1706.750,1706.170,1706.370,168
SQ:XAUUSD,2020-04-28T20:32:00+02:00,1706.360,1706.810,1706.310,1706.660,210
SQ:XAUUSD,2020-04-28T20:33:00+02:00,1706.740,1706.900,1706.250,1706.250,165
SQ:XAUUSD,2020-04-28T20:34:00+02:00,1706.260,1706.580,1706.210,1706.320,155
SQ:XAUUSD,2020-04-28T20:35:00+02:00,1706.370,1706.910,1706.200,1706.740,157
SQ:XAUUSD,2020-04-28T20:36:00+02:00,1706.730,1706.910,1706.390,1706.610,228
SQ:XAUUSD,2020-04-28T20:37:00+02:00,1706.610,1706.910,1706.600,1706.720,169
SQ:XAUUSD,2020-04-28T20:38:00+02:00,1706.760,1707.180,1706.660,1706.730,218
SQ:XAUUSD,2020-04-28T20:39:00+02:00,1706.990,1707.150,1706.400,1706.440,159
SQ:XAUUSD,2020-04-28T20:40:00+02:00,1706.440,1706.570,1706.430,1706.540,35
SQ:XAUUSD,2020-04-28T20:41:00+02:00,1706.540,1706.746,1706.480,1706.744,43
SQ:XAUUSD,2020-04-28T20:42:00+02:00,1706.744,1707.016,1706.684,1706.924,151
SQ:XAUUSD,2020-04-28T20:43:00+02:00,1706.924,1706.992,1706.422,1706.502,153
SQ:XAUUSD,2020-04-28T20:44:00+02:00,1706.502,1706.520,1706.098,1706.452,163
SQ:XAUUSD,2020-04-28T20:45:00+02:00,1706.450,1706.716,1706.440,1706.470,150
SQ:XAUUSD,2020-04-28T20:46:00+02:00,1706.570,1706.860,1706.320,1706.802,250
SQ:XAUUSD,2020-04-28T20:47:00+02:00,1706.784,1706.914,1706.472,1706.914,204
SQ:XAUUSD,2020-04-28T20:48:00+02:00,1706.834,1707.254,1706.630,1706.830,195
SQ:XAUUSD,2020-04-28T20:49:00+02:00,1706.830,1707.330,1706.660,1707.040,127
SQ:XAUUSD,2020-04-28T20:50:00+02:00,1707.030,1707.160,1706.580,1706.880,212
SQ:XAUUSD,2020-04-28T20:51:00+02:00,1706.880,1707.084,1706.740,1706.810,124
SQ:XAUUSD,2020-04-28T20:52:00+02:00,1706.920,1707.430,1706.560,1707.170,171
SQ:XAUUSD,2020-04-28T20:53:00+02:00,1707.170,1707.170,1706.570,1706.800,60
SQ:XAUUSD,2020-04-28T20:54:00+02:00,1706.800,1706.820,1706.370,1706.540,55
SQ:XAUUSD,2020-04-28T20:55:00+02:00,1706.550,1707.230,1706.450,1707.060,50
SQ:XAUUSD,2020-04-28T20:56:00+02:00,1707.040,1707.172,1706.750,1706.970,35
SQ:XAUUSD,2020-04-28T20:57:00+02:00,1706.970,1706.970,1706.750,1706.790,28
SQ:XAUUSD,2020-04-28T20:58:00+02:00,1706.790,1707.170,1706.700,1706.860,60
SQ:XAUUSD,2020-04-28T20:59:00+02:00,1706.860,1707.124,1706.530,1706.530,161
SQ:XAUUSD,2020-04-28T21:00:00+02:00,1706.530,1706.910,1706.330,1706.620,224
SQ:XAUUSD,2020-04-28T21:01:00+02:00,1706.682,1707.160,1706.520,1706.950,76
SQ:XAUUSD,2020-04-28T21:02:00+02:00,1707.000,1707.530,1706.950,1707.240,144
SQ:XAUUSD,2020-04-28T21:03:00+02:00,1707.200,1707.240,1707.000,1707.050,46
SQ:XAUUSD,2020-04-28T21:04:00+02:00,1707.030,1707.290,1706.600,1707.120,136
SQ:XAUUSD,2020-04-28T21:05:00+02:00,1707.190,1707.470,1706.200,1706.210,185
SQ:XAUUSD,2020-04-28T21:06:00+02:00,1706.210,1706.210,1704.910,1705.210,190
SQ:XAUUSD,2020-04-28T21:07:00+02:00,1705.210,1705.440,1703.310,1703.310,258
SQ:XAUUSD,2020-04-28T21:08:00+02:00,1703.570,1704.990,1703.230,1704.460,249
SQ:XAUUSD,2020-04-28T21:09:00+02:00,1704.830,1705.110,1704.250,1704.970,139
SQ:XAUUSD,2020-04-28T21:10:00+02:00,1704.970,1704.990,1702.930,1703.440,207
SQ:XAUUSD,2020-04-28T21:11:00+02:00,1703.340,1704.600,1703.090,1704.430,201
SQ:XAUUSD,2020-04-28T21:12:00+02:00,1704.350,1705.220,1704.030,1704.950,178
SQ:XAUUSD,2020-04-28T21:13:00+02:00,1704.950,1705.270,1704.070,1704.350,116
SQ:XAUUSD,2020-04-28T21:14:00+02:00,1704.430,1704.800,1704.020,1704.210,141
SQ:XAUUSD,2020-04-28T21:15:00+02:00,1704.410,1704.800,1704.070,1704.070,123
SQ:XAUUSD,2020-04-28T21:16:00+02:00,1704.070,1704.380,1703.970,1704.100,125
SQ:XAUUSD,2020-04-28T21:17:00+02:00,1704.080,1704.850,1704.020,1704.410,52
SQ:XAUUSD,2020-04-28T21:18:00+02:00,1704.430,1704.940,1703.760,1704.150,73
SQ:XAUUSD,2020-04-28T21:19:00+02:00,1704.150,1704.370,1703.550,1704.300,43
SQ:XAUUSD,2020-04-28T21:20:00+02:00,1704.300,1704.880,1703.540,1704.250,47
SQ:XAUUSD,2020-04-28T21:21:00+02:00,1704.250,1704.530,1702.820,1703.050,68
SQ:XAUUSD,2020-04-28T21:22:00+02:00,1703.050,1703.360,1702.420,1702.850,354
SQ:XAUUSD,2020-04-28T21:23:00+02:00,1702.760,1703.370,1702.280,1702.420,188
SQ:XAUUSD,2020-04-28T21:24:00+02:00,1702.420,1702.800,1702.240,1702.490,94
SQ:XAUUSD,2020-04-28T21:25:00+02:00,1702.490,1703.060,1702.450,1703.030,41
SQ:XAUUSD,2020-04-28T21:26:00+02:00,1703.030,1703.030,1702.400,1702.780,42
SQ:XAUUSD,2020-04-28T21:27:00+02:00,1702.780,1703.710,1702.730,1702.850,117
SQ:XAUUSD,2020-04-28T21:28:00+02:00,1702.850,1703.530,1702.490,1703.220,208
SQ:XAUUSD,2020-04-28T21:29:00+02:00,1703.260,1703.770,1702.810,1703.570,308
SQ:XAUUSD,2020-04-28T21:30:00+02:00,1703.570,1703.940,1702.800,1703.790,197
SQ:XAUUSD,2020-04-28T21:31:00+02:00,1703.790,1704.040,1703.460,1703.760,103
SQ:XAUUSD,2020-04-28T21:32:00+02:00,1704.010,1704.310,1703.480,1704.310,155
SQ:XAUUSD,2020-04-28T21:33:00+02:00,1704.320,1704.720,1703.900,1704.660,162
SQ:XAUUSD,2020-04-28T21:34:00+02:00,1704.660,1705.730,1704.330,1705.530,301
SQ:XAUUSD,2020-04-28T21:35:00+02:00,1705.570,1706.000,1704.930,1706.000,278
SQ:XAUUSD,2020-04-28T21:36:00+02:00,1705.890,1706.160,1705.250,1705.910,239
SQ:XAUUSD,2020-04-28T21:37:00+02:00,1705.910,1706.250,1705.270,1705.860,182
SQ:XAUUSD,2020-04-28T21:38:00+02:00,1705.860,1706.780,1705.290,1705.970,247
SQ:XAUUSD,2020-04-28T21:39:00+02:00,1706.150,1707.300,1705.810,1706.800,229
SQ:XAUUSD,2020-04-28T21:40:00+02:00,1706.800,1707.890,1706.140,1706.990,151
SQ:XAUUSD,2020-04-28T21:41:00+02:00,1706.990,1708.660,1706.990,1707.140,183
SQ:XAUUSD,2020-04-28T21:42:00+02:00,1707.140,1707.490,1705.100,1706.550,120
SQ:XAUUSD,2020-04-28T21:43:00+02:00,1706.550,1706.880,1705.028,1706.680,81
SQ:XAUUSD,2020-04-28T21:44:00+02:00,1706.680,1707.070,1705.430,1706.610,52
SQ:XAUUSD,2020-04-28T21:45:00+02:00,1706.610,1706.950,1706.550,1706.740,49
SQ:XAUUSD,2020-04-28T21:46:00+02:00,1706.840,1707.030,1706.580,1706.870,126
SQ:XAUUSD,2020-04-28T21:47:00+02:00,1706.870,1707.150,1705.890,1706.680,52
SQ:XAUUSD,2020-04-28T21:48:00+02:00,1706.680,1706.710,1705.560,1706.660,35
SQ:XAUUSD,2020-04-28T21:49:00+02:00,1705.850,1706.660,1703.690,1704.470,89
SQ:XAUUSD,2020-04-28T21:50:00+02:00,1704.430,1706.380,1703.480,1705.880,172
SQ:XAUUSD,2020-04-28T21:51:00+02:00,1706.190,1706.450,1704.410,1705.860,226
SQ:XAUUSD,2020-04-28T21:52:00+02:00,1705.860,1706.590,1704.720,1706.230,225
SQ:XAUUSD,2020-04-28T21:53:00+02:00,1705.980,1707.750,1705.820,1707.480,215
SQ:XAUUSD,2020-04-28T21:54:00+02:00,1707.380,1707.670,1706.620,1707.350,210
SQ:XAUUSD,2020-04-28T21:55:00+02:00,1707.200,1707.310,1706.460,1706.580,129
SQ:XAUUSD,2020-04-28T21:56:00+02:00,1706.580,1707.070,1705.960,1706.850,89
SQ:XAUUSD,2020-04-28T21:57:00+02:00,1706.850,1707.160,1706.230,1707.020,65
SQ:XAUUSD,2020-04-28T21:58:00+02:00,1707.020,1707.090,1706.130,1706.990,58
SQ:XAUUSD,2020-04-28T21:59:00+02:00,1706.990,1708.940,1706.990,1708.410,244
SQ:XAUUSD,2020-04-28T22:00:00+02:00,1708.410,1709.670,1707.800,1709.510,83
SQ:XAUUSD,2020-04-28T22:01:00+02:00,1709.510,1709.840,1708.070,1708.260,55
SQ:XAUUSD,2020-04-28T22:02:00+02:00,1708.260,1708.380,1708.040,1708.280,52
SQ:XAUUSD,2020-04-28T22:03:00+02:00,1708.290,1708.400,1708.110,1708.300,38
SQ:XAUUSD,2020-04-28T22:04:00+02:00,1708.350,1708.360,1708.180,1708.310,20
SQ:XAUUSD,2020-04-28T22:05:00+02:00,1708.310,1708.450,1707.950,1708.210,26
SQ:XAUUSD,2020-04-28T22:06:00+02:00,1708.220,1708.680,1707.870,1708.080,33
SQ:XAUUSD,2020-04-28T22:07:00+02:00,1707.990,1708.040,1707.450,1707.780,54
SQ:XAUUSD,2020-04-28T22:08:00+02:00,1707.780,1707.890,1706.760,1707.100,91
SQ:XAUUSD,2020-04-28T22:09:00+02:00,1707.100,1708.680,1706.840,1708.480,93
SQ:XAUUSD,2020-04-28T22:10:00+02:00,1708.550,1708.630,1708.360,1708.610,36
SQ:XAUUSD,2020-04-28T22:11:00+02:00,1708.610,1708.930,1708.610,1708.690,19
SQ:XAUUSD,2020-04-28T22:12:00+02:00,1708.720,1708.870,1708.550,1708.770,23
SQ:XAUUSD,2020-04-28T22:13:00+02:00,1708.770,1708.870,1708.770,1708.770,8
SQ:XAUUSD,2020-04-28T22:14:00+02:00,1708.750,1708.930,1708.750,1708.880,12
SQ:XAUUSD,2020-04-28T22:15:00+02:00,1708.880,1708.880,1708.640,1708.770,5
SQ:XAUUSD,2020-04-28T22:16:00+02:00,1708.770,1708.770,1708.330,1708.400,20
SQ:XAUUSD,2020-04-28T22:17:00+02:00,1708.280,1708.370,1708.140,1708.150,30
SQ:XAUUSD,2020-04-28T22:18:00+02:00,1708.150,1708.300,1708.150,1708.170,33
SQ:XAUUSD,2020-04-28T22:19:00+02:00,1708.170,1708.490,1708.150,1708.490,11
SQ:XAUUSD,2020-04-28T22:20:00+02:00,1708.490,1708.510,1707.946,1708.000,24
SQ:XAUUSD,2020-04-28T22:21:00+02:00,1707.930,1708.110,1707.920,1707.920,15
SQ:XAUUSD,2020-04-28T22:22:00+02:00,1707.970,1708.260,1707.970,1708.150,14
SQ:XAUUSD,2020-04-28T22:23:00+02:00,1708.160,1708.160,1708.048,1708.084,15
SQ:XAUUSD,2020-04-28T22:24:00+02:00,1708.084,1708.238,1708.084,1708.220,9
SQ:XAUUSD,2020-04-28T22:25:00+02:00,1708.214,1708.354,1708.048,1708.048,19
SQ:XAUUSD,2020-04-28T22:26:00+02:00,1708.142,1708.252,1708.126,1708.232,6
SQ:XAUUSD,2020-04-28T22:27:00+02:00,1708.242,1708.300,1708.242,1708.242,10
SQ:XAUUSD,2020-04-28T22:28:00+02:00,1708.260,1708.260,1707.860,1707.860,10
SQ:XAUUSD,2020-04-28T22:29:00+02:00,1707.860,1707.900,1707.830,1707.900,8
SQ:XAUUSD,2020-04-28T22:30:00+02:00,1707.894,1707.950,1707.610,1707.720,25
SQ:XAUUSD,2020-04-28T22:31:00+02:00,1707.730,1707.734,1707.654,1707.710,21
SQ:XAUUSD,2020-04-28T22:32:00+02:00,1707.710,1707.844,1707.578,1707.578,14
SQ:XAUUSD,2020-04-28T22:33:00+02:00,1707.586,1707.620,1707.538,1707.580,8
SQ:XAUUSD,2020-04-28T22:34:00+02:00,1707.580,1707.646,1707.538,1707.576,13
SQ:XAUUSD,2020-04-28T22:35:00+02:00,1707.560,1707.638,1707.530,1707.560,23
SQ:XAUUSD,2020-04-28T22:36:00+02:00,1707.560,1707.616,1707.550,1707.550,7
SQ:XAUUSD,2020-04-28T22:37:00+02:00,1707.540,1707.620,1707.530,1707.540,11
SQ:XAUUSD,2020-04-28T22:38:00+02:00,1707.540,1707.598,1707.540,1707.570,8
SQ:XAUUSD,2020-04-28T22:39:00+02:00,1707.570,1707.832,1707.570,1707.830,12
SQ:XAUUSD,2020-04-28T22:40:00+02:00,1707.830,1707.830,1707.620,1707.680,9
SQ:XAUUSD,2020-04-28T22:41:00+02:00,1707.680,1707.778,1707.600,1707.600,9
SQ:XAUUSD,2020-04-28T22:42:00+02:00,1707.600,1707.700,1707.520,1707.700,14
SQ:XAUUSD,2020-04-28T22:43:00+02:00,1707.706,1707.740,1707.660,1707.726,11
SQ:XAUUSD,2020-04-28T22:44:00+02:00,1707.728,1707.728,1707.450,1707.504,20
SQ:XAUUSD,2020-04-28T22:45:00+02:00,1707.606,1707.606,1707.020,1707.110,24
SQ:XAUUSD,2020-04-28T22:46:00+02:00,1707.120,1708.680,1707.120,1708.630,39
SQ:XAUUSD,2020-04-28T22:47:00+02:00,1708.630,1708.630,1707.750,1707.750,16
SQ:XAUUSD,2020-04-28T22:48:00+02:00,1707.760,1707.970,1707.760,1707.880,12
SQ:XAUUSD,2020-04-28T22:49:00+02:00,1707.694,1708.230,1707.694,1707.850,27
SQ:XAUUSD,2020-04-28T22:50:00+02:00,1707.910,1707.950,1706.570,1706.570,38
SQ:XAUUSD,2020-04-28T22:51:00+02:00,1706.550,1707.150,1706.420,1707.080,23
SQ:XAUUSD,2020-04-28T22:52:00+02:00,1707.070,1707.438,1707.030,1707.328,29
SQ:XAUUSD,2020-04-28T22:53:00+02:00,1707.320,1707.562,1707.180,1707.540,38
SQ:XAUUSD,2020-04-28T22:54:00+02:00,1707.588,1707.618,1707.300,1707.384,33
SQ:XAUUSD,2020-04-29T00:01:00+02:00,1708.178,1708.196,1706.720,1707.240,73
SQ:XAUUSD,2020-04-29T00:02:00+02:00,1707.250,1707.290,1706.810,1707.180,27
SQ:XAUUSD,2020-04-29T00:03:00+02:00,1707.190,1707.230,1706.750,1706.770,17
SQ:XAUUSD,2020-04-29T00:04:00+02:00,1706.780,1706.940,1706.680,1706.680,27
SQ:XAUUSD,2020-04-29T00:05:00+02:00,1706.680,1707.630,1706.080,1707.360,90
SQ:XAUUSD,2020-04-29T00:06:00+02:00,1707.360,1707.360,1706.150,1706.150,31
SQ:XAUUSD,2020-04-29T00:07:00+02:00,1706.150,1706.150,1704.740,1704.990,96
SQ:XAUUSD,2020-04-29T00:08:00+02:00,1704.990,1705.670,1702.700,1704.420,64
SQ:XAUUSD,2020-04-29T00:09:00+02:00,1704.540,1706.200,1704.330,1705.550,38
SQ:XAUUSD,2020-04-29T00:10:00+02:00,1705.550,1705.640,1704.810,1705.290,31
SQ:XAUUSD,2020-04-29T00:11:00+02:00,1705.290,1705.800,1705.290,1705.350,19
SQ:XAUUSD,2020-04-29T00:12:00+02:00,1705.350,1705.740,1705.290,1705.380,25
SQ:XAUUSD,2020-04-29T00:13:00+02:00,1705.380,1705.580,1704.720,1704.840,15
SQ:XAUUSD,2020-04-29T00:14:00+02:00,1704.840,1705.010,1704.780,1705.010,9
SQ:XAUUSD,2020-04-29T00:15:00+02:00,1705.010,1705.320,1704.720,1704.780,26
SQ:XAUUSD,2020-04-29T00:16:00+02:00,1704.780,1704.920,1704.050,1704.280,30
SQ:XAUUSD,2020-04-29T00:17:00+02:00,1704.280,1704.630,1704.280,1704.360,8
SQ:XAUUSD,2020-04-29T00:18:00+02:00,1704.380,1704.380,1703.910,1703.910,7
SQ:XAUUSD,2020-04-29T00:19:00+02:00,1703.910,1703.910,1703.730,1703.780,5
SQ:XAUUSD,2020-04-29T00:20:00+02:00,1703.780,1704.080,1703.780,1704.080,6
SQ:XAUUSD,2020-04-29T00:21:00+02:00,1704.080,1704.080,1704.020,1704.020,2
SQ:XAUUSD,2020-04-29T00:22:00+02:00,1704.020,1704.550,1703.940,1704.550,10
SQ:XAUUSD,2020-04-29T00:23:00+02:00,1704.550,1704.700,1704.550,1704.700,2
SQ:XAUUSD,2020-04-29T00:24:00+02:00,1704.700,1705.040,1704.700,1704.780,5
SQ:XAUUSD,2020-04-29T00:25:00+02:00,1704.780,1704.780,1704.730,1704.730,2
SQ:XAUUSD,2020-04-29T00:26:00+02:00,1704.730,1704.730,1703.900,1703.900,9
SQ:XAUUSD,2020-04-29T00:27:00+02:00,1703.900,1704.130,1703.900,1703.980,5
SQ:XAUUSD,2020-04-29T00:28:00+02:00,1704.210,1704.310,1704.050,1704.050,11
SQ:XAUUSD,2020-04-29T00:29:00+02:00,1704.050,1704.070,1704.030,1704.070,3
SQ:XAUUSD,2020-04-29T00:30:00+02:00,1704.060,1705.550,1704.060,1704.330,34
SQ:XAUUSD,2020-04-29T00:31:00+02:00,1704.330,1704.380,1704.330,1704.380,4
SQ:XAUUSD,2020-04-29T00:32:00+02:00,1704.380,1704.720,1704.380,1704.560,14
SQ:XAUUSD,2020-04-29T00:33:00+02:00,1704.610,1704.620,1704.430,1704.430,12
SQ:XAUUSD,2020-04-29T00:34:00+02:00,1704.430,1704.590,1704.430,1704.590,5
SQ:XAUUSD,2020-04-29T00:35:00+02:00,1704.590,1704.730,1704.450,1704.560,26
SQ:XAUUSD,2020-04-29T00:36:00+02:00,1704.590,1704.670,1704.380,1704.400,20
SQ:XAUUSD,2020-04-29T00:37:00+02:00,1704.410,1704.450,1704.130,1704.130,28
SQ:XAUUSD,2020-04-29T00:38:00+02:00,1704.150,1704.290,1704.130,1704.260,22
SQ:XAUUSD,2020-04-29T00:39:00+02:00,1704.280,1704.280,1704.150,1704.260,20
SQ:XAUUSD,2020-04-29T00:40:00+02:00,1704.250,1704.530,1704.250,1704.420,13
SQ:XAUUSD,2020-04-29T00:41:00+02:00,1704.450,1704.450,1703.800,1703.820,40
SQ:XAUUSD,2020-04-29T00:42:00+02:00,1703.820,1703.970,1703.580,1703.970,38
SQ:XAUUSD,2020-04-29T00:43:00+02:00,1703.940,1704.210,1703.850,1704.180,26
SQ:XAUUSD,2020-04-29T00:44:00+02:00,1704.180,1704.420,1704.150,1704.260,29
SQ:XAUUSD,2020-04-29T00:45:00+02:00,1704.280,1704.280,1703.970,1704.250,16
SQ:XAUUSD,2020-04-29T00:46:00+02:00,1704.250,1704.790,1704.230,1704.610,28
SQ:XAUUSD,2020-04-29T00:47:00+02:00,1704.610,1704.610,1704.270,1704.380,15
SQ:XAUUSD,2020-04-29T00:48:00+02:00,1704.380,1704.600,1704.380,1704.500,21
SQ:XAUUSD,2020-04-29T00:49:00+02:00,1704.530,1704.530,1703.950,1704.070,35
SQ:XAUUSD,2020-04-29T00:50:00+02:00,1704.070,1704.140,1703.700,1703.790,29
SQ:XAUUSD,2020-04-29T00:51:00+02:00,1703.800,1703.900,1703.790,1703.840,13
SQ:XAUUSD,2020-04-29T00:52:00+02:00,1703.840,1703.870,1703.470,1703.670,43
SQ:XAUUSD,2020-04-29T00:53:00+02:00,1703.710,1703.710,1703.460,1703.460,17
SQ:XAUUSD,2020-04-29T00:54:00+02:00,1703.480,1703.560,1703.470,1703.550,15
SQ:XAUUSD,2020-04-29T00:55:00+02:00,1703.490,1703.610,1703.490,1703.510,10
SQ:XAUUSD,2020-04-29T00:56:00+02:00,1703.590,1704.260,1703.590,1704.110,22
SQ:XAUUSD,2020-04-29T00:57:00+02:00,1704.110,1704.670,1704.110,1704.670,23
SQ:XAUUSD,2020-04-29T00:58:00+02:00,1704.650,1704.650,1704.340,1704.370,30
SQ:XAUUSD,2020-04-29T00:59:00+02:00,1704.360,1704.390,1704.350,1704.390,9
SQ:XAUUSD,2020-04-29T01:00:00+02:00,1704.370,1704.650,1704.370,1704.650,14
SQ:XAUUSD,2020-04-29T01:01:00+02:00,1704.520,1704.820,1704.490,1704.790,26
SQ:XAUUSD,2020-04-29T01:02:00+02:00,1704.790,1704.880,1704.790,1704.880,9
SQ:XAUUSD,2020-04-29T01:03:00+02:00,1704.880,1704.910,1704.740,1704.750,18
SQ:XAUUSD,2020-04-29T01:04:00+02:00,1704.750,1704.770,1704.720,1704.750,7
SQ:XAUUSD,2020-04-29T01:05:00+02:00,1704.760,1705.380,1704.740,1705.380,34
SQ:XAUUSD,2020-04-29T01:06:00+02:00,1705.380,1705.500,1704.660,1704.660,32
SQ:XAUUSD,2020-04-29T01:07:00+02:00,1704.660,1705.310,1704.280,1705.310,66
SQ:XAUUSD,2020-04-29T01:08:00+02:00,1705.310,1705.360,1705.200,1705.200,23
SQ:XAUUSD,2020-04-29T01:09:00+02:00,1705.200,1705.290,1705.200,1705.200,5
SQ:XAUUSD,2020-04-29T01:10:00+02:00,1705.200,1705.370,1705.200,1705.330,18
SQ:XAUUSD,2020-04-29T01:11:00+02:00,1705.330,1705.400,1705.330,1705.360,21
SQ:XAUUSD,2020-04-29T01:12:00+02:00,1705.360,1705.360,1705.240,1705.240,8
SQ:XAUUSD,2020-04-29T01:13:00+02:00,1705.240,1705.320,1705.240,1705.300,11
SQ:XAUUSD,2020-04-29T01:14:00+02:00,1705.260,1705.450,1705.260,1705.450,8
SQ:XAUUSD,2020-04-29T01:15:00+02:00,1705.450,1705.960,1705.430,1705.470,39
SQ:XAUUSD,2020-04-29T01:16:00+02:00,1705.470,1705.510,1705.080,1705.270,14
SQ:XAUUSD,2020-04-29T01:17:00+02:00,1705.270,1705.600,1705.240,1705.600,19
SQ:XAUUSD,2020-04-29T01:18:00+02:00,1705.640,1705.790,1705.470,1705.560,33
SQ:XAUUSD,2020-04-29T01:19:00+02:00,1705.580,1705.880,1705.330,1705.380,25
SQ:XAUUSD,2020-04-29T01:20:00+02:00,1705.400,1705.590,1705.260,1705.420,23
SQ:XAUUSD,2020-04-29T01:21:00+02:00,1705.380,1705.550,1705.360,1705.460,22
SQ:XAUUSD,2020-04-29T01:22:00+02:00,1705.460,1705.460,1705.120,1705.160,15
SQ:XAUUSD,2020-04-29T01:23:00+02:00,1705.220,1705.400,1705.170,1705.290,17
SQ:XAUUSD,2020-04-29T01:24:00+02:00,1705.250,1705.320,1705.060,1705.160,17
SQ:XAUUSD,2020-04-29T01:25:00+02:00,1705.160,1705.410,1705.120,1705.380,14
SQ:XAUUSD,2020-04-29T01:26:00+02:00,1705.380,1705.390,1705.160,1705.350,14
SQ:XAUUSD,2020-04-29T01:27:00+02:00,1705.360,1705.500,1705.110,1705.460,16
SQ:XAUUSD,2020-04-29T01:28:00+02:00,1705.450,1705.520,1704.900,1704.910,23
SQ:XAUUSD,2020-04-29T01:29:00+02:00,1704.930,1705.090,1704.910,1705.010,9
SQ:XAUUSD,2020-04-29T01:30:00+02:00,1705.020,1705.030,1704.640,1704.720,16
SQ:XAUUSD,2020-04-29T01:31:00+02:00,1704.720,1704.830,1704.640,1704.640,12
SQ:XAUUSD,2020-04-29T01:32:00+02:00,1704.690,1705.130,1704.690,1705.080,18
SQ:XAUUSD,2020-04-29T01:33:00+02:00,1705.080,1705.330,1705.040,1705.100,14
SQ:XAUUSD,2020-04-29T01:34:00+02:00,1705.100,1705.160,1705.040,1705.120,16
SQ:XAUUSD,2020-04-29T01:35:00+02:00,1705.070,1705.360,1705.040,1705.110,37
SQ:XAUUSD,2020-04-29T01:36:00+02:00,1705.110,1705.160,1704.860,1705.110,23
SQ:XAUUSD,2020-04-29T01:37:00+02:00,1705.110,1705.110,1704.770,1704.770,8
SQ:XAUUSD,2020-04-29T01:38:00+02:00,1704.770,1704.770,1704.310,1704.580,15
SQ:XAUUSD,2020-04-29T01:39:00+02:00,1704.580,1704.590,1704.280,1704.590,35
SQ:XAUUSD,2020-04-29T01:40:00+02:00,1704.610,1705.220,1704.610,1704.950,35
SQ:XAUUSD,2020-04-29T01:41:00+02:00,1704.960,1705.180,1704.910,1704.930,15
SQ:XAUUSD,2020-04-29T01:42:00+02:00,1705.090,1705.120,1704.920,1705.010,22
SQ:XAUUSD,2020-04-29T01:43:00+02:00,1705.000,1705.120,1704.900,1704.990,23
SQ:XAUUSD,2020-04-29T01:44:00+02:00,1705.030,1705.050,1704.760,1704.800,19
SQ:XAUUSD,2020-04-29T01:45:00+02:00,1704.800,1704.980,1704.760,1704.860,15
SQ:XAUUSD,2020-04-29T01:46:00+02:00,1704.860,1704.870,1704.770,1704.780,10
SQ:XAUUSD,2020-04-29T01:47:00+02:00,1704.750,1704.800,1704.600,1704.600,6
SQ:XAUUSD,2020-04-29T01:48:00+02:00,1704.600,1704.610,1704.600,1704.610,2
SQ:XAUUSD,2020-04-29T01:49:00+02:00,1704.610,1704.660,1704.610,1704.610,5
SQ:XAUUSD,2020-04-29T01:50:00+02:00,1704.610,1705.060,1704.560,1704.570,13
SQ:XAUUSD,2020-04-29T01:51:00+02:00,1704.570,1704.570,1703.730,1703.810,29
SQ:XAUUSD,2020-04-29T01:52:00+02:00,1703.850,1704.020,1703.780,1704.020,22
SQ:XAUUSD,2020-04-29T01:53:00+02:00,1704.010,1704.030,1703.590,1703.590,34
SQ:XAUUSD,2020-04-29T01:54:00+02:00,1703.590,1703.720,1703.590,1703.720,21
SQ:XAUUSD,2020-04-29T01:55:00+02:00,1703.710,1704.720,1703.630,1704.720,34
SQ:XAUUSD,2020-04-29T01:56:00+02:00,1704.720,1704.780,1704.410,1704.460,24
SQ:XAUUSD,2020-04-29T01:57:00+02:00,1704.460,1704.660,1704.240,1704.300,32
SQ:XAUUSD,2020-04-29T01:58:00+02:00,1704.300,1704.630,1704.280,1704.630,35
SQ:XAUUSD,2020-04-29T01:59:00+02:00,1704.630,1704.670,1704.420,1704.580,23
SQ:XAUUSD,2020-04-29T02:00:00+02:00,1704.580,1704.910,1704.560,1704.870,66
SQ:XAUUSD,2020-04-29T02:01:00+02:00,1704.880,1705.150,1704.760,1705.070,42
SQ:XAUUSD,2020-04-29T02:02:00+02:00,1705.070,1706.090,1705.060,1706.090,33
SQ:XAUUSD,2020-04-29T02:03:00+02:00,1706.090,1706.290,1705.490,1705.880,84
SQ:XAUUSD,2020-04-29T02:04:00+02:00,1705.880,1705.900,1705.610,1705.610,56
SQ:XAUUSD,2020-04-29T02:05:00+02:00,1705.600,1706.070,1705.600,1706.050,41
SQ:XAUUSD,2020-04-29T02:06:00+02:00,1706.000,1706.530,1705.990,1706.480,40
SQ:XAUUSD,2020-04-29T02:07:00+02:00,1706.530,1706.550,1706.410,1706.530,34
SQ:XAUUSD,2020-04-29T02:08:00+02:00,1706.520,1706.530,1706.220,1706.330,24
SQ:XAUUSD,2020-04-29T02:09:00+02:00,1706.330,1706.340,1705.970,1705.970,29
SQ:XAUUSD,2020-04-29T02:10:00+02:00,1705.990,1706.250,1705.970,1705.970,22
SQ:XAUUSD,2020-04-29T02:11:00+02:00,1705.970,1706.020,1705.960,1705.960,6
SQ:XAUUSD,2020-04-29T02:12:00+02:00,1705.970,1706.260,1705.970,1706.260,15
SQ:XAUUSD,2020-04-29T02:13:00+02:00,1706.200,1706.390,1706.190,1706.370,44
SQ:XAUUSD,2020-04-29T02:14:00+02:00,1706.370,1706.400,1705.690,1706.400,34
SQ:XAUUSD,2020-04-29T02:15:00+02:00,1706.410,1706.420,1706.010,1706.050,32
SQ:XAUUSD,2020-04-29T02:16:00+02:00,1706.050,1706.340,1706.050,1706.320,19
SQ:XAUUSD,2020-04-29T02:17:00+02:00,1706.340,1706.530,1706.230,1706.340,34
SQ:XAUUSD,2020-04-29T02:18:00+02:00,1706.340,1706.340,1706.190,1706.280,41
SQ:XAUUSD,2020-04-29T02:19:00+02:00,1706.280,1706.280,1706.050,1706.120,26
SQ:XAUUSD,2020-04-29T02:20:00+02:00,1706.120,1706.920,1706.050,1706.510,55
SQ:XAUUSD,2020-04-29T02:21:00+02:00,1706.250,1706.430,1706.240,1706.360,27
SQ:XAUUSD,2020-04-29T02:22:00+02:00,1706.370,1706.370,1705.900,1706.210,16
SQ:XAUUSD,2020-04-29T02:23:00+02:00,1706.210,1706.350,1706.200,1706.310,37
SQ:XAUUSD,2020-04-29T02:24:00+02:00,1706.310,1706.350,1706.250,1706.250,21
SQ:XAUUSD,2020-04-29T02:25:00+02:00,1706.250,1706.310,1705.950,1705.960,26
SQ:XAUUSD,2020-04-29T02:26:00+02:00,1705.960,1705.980,1705.910,1705.920,18
SQ:XAUUSD,2020-04-29T02:27:00+02:00,1705.920,1705.920,1705.490,1705.590,25
SQ:XAUUSD,2020-04-29T02:28:00+02:00,1705.590,1705.890,1705.540,1705.890,23
SQ:XAUUSD,2020-04-29T02:29:00+02:00,1705.870,1705.980,1705.450,1705.450,29
SQ:XAUUSD,2020-04-29T02:30:00+02:00,1705.290,1705.780,1705.290,1705.730,52
SQ:XAUUSD,2020-04-29T02:31:00+02:00,1705.730,1706.020,1705.660,1706.020,27
SQ:XAUUSD,2020-04-29T02:32:00+02:00,1706.020,1706.040,1705.640,1705.640,21
SQ:XAUUSD,2020-04-29T02:33:00+02:00,1705.680,1705.720,1705.670,1705.700,6
SQ:XAUUSD,2020-04-29T02:34:00+02:00,1705.700,1705.920,1705.640,1705.860,36
SQ:XAUUSD,2020-04-29T02:35:00+02:00,1705.870,1706.250,1705.430,1705.850,92
SQ:XAUUSD,2020-04-29T02:36:00+02:00,1705.850,1706.060,1705.410,1705.530,32
SQ:XAUUSD,2020-04-29T02:37:00+02:00,1705.530,1705.750,1705.380,1705.510,30
SQ:XAUUSD,2020-04-29T02:38:00+02:00,1705.550,1705.580,1705.140,1705.140,26
SQ:XAUUSD,2020-04-29T02:39:00+02:00,1705.150,1705.540,1705.140,1705.420,23
SQ:XAUUSD,2020-04-29T02:40:00+02:00,1705.420,1705.420,1705.370,1705.370,21
SQ:XAUUSD,2020-04-29T02:41:00+02:00,1705.390,1705.470,1705.370,1705.440,21
SQ:XAUUSD,2020-04-29T02:42:00+02:00,1705.470,1705.540,1705.420,1705.460,23
SQ:XAUUSD,2020-04-29T02:43:00+02:00,1705.410,1705.460,1705.410,1705.410,8
SQ:XAUUSD,2020-04-29T02:44:00+02:00,1705.450,1705.590,1705.320,1705.590,14
SQ:XAUUSD,2020-04-29T02:45:00+02:00,1705.590,1705.690,1705.550,1705.690,11
SQ:XAUUSD,2020-04-29T02:46:00+02:00,1705.710,1705.740,1705.710,1705.740,2
SQ:XAUUSD,2020-04-29T02:47:00+02:00,1705.740,1705.750,1705.660,1705.660,5
SQ:XAUUSD,2020-04-29T02:48:00+02:00,1705.660,1705.690,1705.660,1705.690,3
SQ:XAUUSD,2020-04-29T02:49:00+02:00,1705.690,1705.690,1705.590,1705.620,5
SQ:XAUUSD,2020-04-29T02:50:00+02:00,1705.590,1705.590,1705.520,1705.520,3
SQ:XAUUSD,2020-04-29T02:51:00+02:00,1705.520,1705.540,1705.280,1705.280,9
SQ:XAUUSD,2020-04-29T02:52:00+02:00,1705.280,1705.550,1705.280,1705.550,12
SQ:XAUUSD,2020-04-29T02:53:00+02:00,1705.550,1705.660,1705.550,1705.600,6
SQ:XAUUSD,2020-04-29T02:54:00+02:00,1705.600,1705.600,1705.580,1705.580,4
SQ:XAUUSD,2020-04-29T02:55:00+02:00,1705.590,1705.680,1705.420,1705.680,13
SQ:XAUUSD,2020-04-29T02:56:00+02:00,1705.640,1706.000,1705.630,1705.730,20
SQ:XAUUSD,2020-04-29T02:57:00+02:00,1705.750,1705.760,1705.710,1705.730,7
SQ:XAUUSD,2020-04-29T02:58:00+02:00,1705.740,1705.740,1705.690,1705.690,19
SQ:XAUUSD,2020-04-29T02:59:00+02:00,1705.700,1705.810,1705.680,1705.750,15
SQ:XAUUSD,2020-04-29T03:00:00+02:00,1705.690,1706.670,1705.690,1705.900,144
SQ:XAUUSD,2020-04-29T03:01:00+02:00,1705.950,1706.940,1705.950,1706.550,51
SQ:XAUUSD,2020-04-29T03:02:00+02:00,1706.550,1707.580,1706.540,1707.030,50
SQ:XAUUSD,2020-04-29T03:03:00+02:00,1707.030,1707.420,1706.890,1707.280,51
SQ:XAUUSD,2020-04-29T03:04:00+02:00,1707.290,1707.540,1707.280,1707.520,29
SQ:XAUUSD,2020-04-29T03:05:00+02:00,1707.580,1708.610,1707.580,1708.360,91
SQ:XAUUSD,2020-04-29T03:06:00+02:00,1708.370,1709.040,1707.830,1707.930,104
SQ:XAUUSD,2020-04-29T03:07:00+02:00,1707.940,1708.230,1707.620,1707.780,66
SQ:XAUUSD,2020-04-29T03:08:00+02:00,1707.890,1707.980,1707.670,1707.840,76
SQ:XAUUSD,2020-04-29T03:09:00+02:00,1707.900,1708.350,1707.900,1708.190,49
SQ:XAUUSD,2020-04-29T03:10:00+02:00,1708.200,1708.780,1708.190,1708.750,58
SQ:XAUUSD,2020-04-29T03:11:00+02:00,1708.750,1708.830,1708.590,1708.800,53
SQ:XAUUSD,2020-04-29T03:12:00+02:00,1708.800,1709.470,1708.340,1709.470,86
SQ:XAUUSD,2020-04-29T03:13:00+02:00,1709.510,1710.030,1709.160,1709.840,119
SQ:XAUUSD,2020-04-29T03:14:00+02:00,1709.760,1709.800,1709.130,1709.180,63
SQ:XAUUSD,2020-04-29T03:15:00+02:00,1709.130,1709.630,1709.120,1709.450,73
SQ:XAUUSD,2020-04-29T03:16:00+02:00,1709.450,1710.990,1709.400,1710.290,91
SQ:XAUUSD,2020-04-29T03:17:00+02:00,1710.200,1710.630,1709.590,1710.470,99
SQ:XAUUSD,2020-04-29T03:18:00+02:00,1710.430,1710.490,1709.690,1710.210,79
SQ:XAUUSD,2020-04-29T03:19:00+02:00,1710.170,1710.430,1709.600,1709.760,73
SQ:XAUUSD,2020-04-29T03:20:00+02:00,1709.760,1710.120,1709.040,1709.080,71
SQ:XAUUSD,2020-04-29T03:21:00+02:00,1709.080,1709.090,1708.380,1708.700,37
SQ:XAUUSD,2020-04-29T03:22:00+02:00,1708.700,1709.300,1708.700,1709.090,43
SQ:XAUUSD,2020-04-29T03:23:00+02:00,1709.020,1709.110,1708.690,1708.790,24
SQ:XAUUSD,2020-04-29T03:24:00+02:00,1708.750,1709.140,1708.690,1709.140,48
SQ:XAUUSD,2020-04-29T03:25:00+02:00,1709.150,1709.150,1708.500,1708.760,28
SQ:XAUUSD,2020-04-29T03:26:00+02:00,1708.680,1708.680,1708.370,1708.430,18
SQ:XAUUSD,2020-04-29T03:27:00+02:00,1708.400,1708.480,1707.870,1708.430,59
SQ:XAUUSD,2020-04-29T03:28:00+02:00,1708.420,1708.580,1708.410,1708.440,28
SQ:XAUUSD,2020-04-29T03:29:00+02:00,1708.460,1708.870,1708.360,1708.380,38
SQ:XAUUSD,2020-04-29T03:30:00+02:00,1708.380,1709.220,1708.310,1708.550,100
SQ:XAUUSD,2020-04-29T03:31:00+02:00,1708.560,1708.790,1708.380,1708.710,43
SQ:XAUUSD,2020-04-29T03:32:00+02:00,1708.660,1709.040,1708.370,1708.410,41
SQ:XAUUSD,2020-04-29T03:33:00+02:00,1708.420,1708.760,1708.370,1708.610,55
SQ:XAUUSD,2020-04-29T03:34:00+02:00,1708.710,1708.820,1708.280,1708.320,45
SQ:XAUUSD,2020-04-29T03:35:00+02:00,1708.320,1708.770,1708.300,1708.400,38
SQ:XAUUSD,2020-04-29T03:36:00+02:00,1708.380,1709.310,1708.300,1709.270,20
SQ:XAUUSD,2020-04-29T03:37:00+02:00,1709.270,1709.270,1709.190,1709.190,2
SQ:XAUUSD,2020-04-29T03:38:00+02:00,1709.190,1709.450,1709.070,1709.340,47
SQ:XAUUSD,2020-04-29T03:39:00+02:00,1709.330,1709.820,1709.100,1709.470,78
SQ:XAUUSD,2020-04-29T03:40:00+02:00,1709.470,1710.010,1709.350,1709.920,21
SQ:XAUUSD,2020-04-29T03:41:00+02:00,1709.920,1709.920,1709.920,1709.920,1
SQ:XAUUSD,2020-04-29T03:42:00+02:00,1709.920,1709.990,1709.700,1709.990,7
SQ:XAUUSD,2020-04-29T03:43:00+02:00,1709.990,1710.200,1709.880,1710.170,30
SQ:XAUUSD,2020-04-29T03:44:00+02:00,1710.170,1710.190,1710.040,1710.090,22
SQ:XAUUSD,2020-04-29T03:45:00+02:00,1710.090,1710.220,1709.750,1709.930,57
SQ:XAUUSD,2020-04-29T03:46:00+02:00,1709.930,1710.250,1709.930,1710.250,24
SQ:XAUUSD,2020-04-29T03:47:00+02:00,1710.250,1710.250,1710.250,1710.250,1
SQ:XAUUSD,2020-04-29T03:48:00+02:00,1710.250,1710.350,1710.110,1710.250,18
SQ:XAUUSD,2020-04-29T03:49:00+02:00,1710.300,1711.050,1710.160,1711.050,5
SQ:XAUUSD,2020-04-29T03:50:00+02:00,1711.050,1711.050,1711.050,1711.050,1
SQ:XAUUSD,2020-04-29T03:51:00+02:00,1711.050,1711.180,1711.050,1711.120,11
SQ:XAUUSD,2020-04-29T03:52:00+02:00,1711.130,1711.310,1711.050,1711.210,85
SQ:XAUUSD,2020-04-29T03:53:00+02:00,1711.210,1711.520,1711.180,1711.480,61
SQ:XAUUSD,2020-04-29T03:54:00+02:00,1711.480,1711.790,1711.240,1711.710,47
SQ:XAUUSD,2020-04-29T03:55:00+02:00,1711.710,1711.790,1711.170,1711.190,68
SQ:XAUUSD,2020-04-29T03:56:00+02:00,1711.190,1711.190,1711.080,1711.080,4
SQ:XAUUSD,2020-04-29T03:57:00+02:00,1711.090,1711.150,1711.070,1711.070,13
SQ:XAUUSD,2020-04-29T03:58:00+02:00,1711.100,1711.110,1711.080,1711.100,11
SQ:XAUUSD,2020-04-29T03:59:00+02:00,1711.100,1711.300,1711.080,1711.300,17
SQ:XAUUSD,2020-04-29T04:00:00+02:00,1711.240,1711.310,1711.080,1711.080,45
SQ:XAUUSD,2020-04-29T04:01:00+02:00,1711.080,1711.150,1711.080,1711.150,8
SQ:XAUUSD,2020-04-29T04:02:00+02:00,1711.150,1711.380,1711.070,1711.150,33
SQ:XAUUSD,2020-04-29T04:03:00+02:00,1711.150,1711.560,1711.000,1711.010,57
SQ:XAUUSD,2020-04-29T04:04:00+02:00,1711.010,1711.750,1710.860,1711.530,28
SQ:XAUUSD,2020-04-29T04:05:00+02:00,1711.570,1711.620,1711.460,1711.500,8
SQ:XAUUSD,2020-04-29T04:06:00+02:00,1711.500,1711.520,1711.170,1711.520,8
SQ:XAUUSD,2020-04-29T04:07:00+02:00,1711.520,1711.520,1711.260,1711.520,3
SQ:XAUUSD,2020-04-29T04:08:00+02:00,1711.520,1711.520,1711.190,1711.190,5
SQ:XAUUSD,2020-04-29T04:09:00+02:00,1711.190,1711.520,1710.850,1711.510,41
SQ:XAUUSD,2020-04-29T04:10:00+02:00,1710.860,1711.410,1710.600,1711.060,33
SQ:XAUUSD,2020-04-29T04:11:00+02:00,1711.050,1711.430,1710.850,1711.430,48
SQ:XAUUSD,2020-04-29T04:12:00+02:00,1711.300,1711.320,1710.890,1711.300,34
SQ:XAUUSD,2020-04-29T04:13:00+02:00,1711.300,1711.360,1711.250,1711.270,27
SQ:XAUUSD,2020-04-29T04:14:00+02:00,1711.260,1711.290,1711.230,1711.240,24
SQ:XAUUSD,2020-04-29T04:15:00+02:00,1711.120,1711.190,1710.880,1710.950,63
SQ:XAUUSD,2020-04-29T04:16:00+02:00,1710.950,1711.010,1710.770,1710.900,45
SQ:XAUUSD,2020-04-29T04:17:00+02:00,1710.900,1711.190,1710.880,1710.990,41
SQ:XAUUSD,2020-04-29T04:18:00+02:00,1711.010,1711.320,1711.010,1711.260,25
SQ:XAUUSD,2020-04-29T04:19:00+02:00,1711.260,1711.480,1711.220,1711.430,19
SQ:XAUUSD,2020-04-29T04:20:00+02:00,1711.460,1711.460,1711.040,1711.040,34
SQ:XAUUSD,2020-04-29T04:21:00+02:00,1711.010,1711.100,1710.970,1710.980,32
SQ:XAUUSD,2020-04-29T04:22:00+02:00,1710.950,1711.350,1710.900,1711.220,32
SQ:XAUUSD,2020-04-29T04:23:00+02:00,1711.270,1711.560,1711.270,1711.560,40
SQ:XAUUSD,2020-04-29T04:24:00+02:00,1711.560,1711.560,1711.220,1711.300,21
SQ:XAUUSD,2020-04-29T04:25:00+02:00,1711.300,1711.340,1711.240,1711.240,15
SQ:XAUUSD,2020-04-29T04:26:00+02:00,1711.240,1711.410,1711.170,1711.170,19
SQ:XAUUSD,2020-04-29T04:27:00+02:00,1711.130,1711.270,1710.860,1711.110,17
SQ:XAUUSD,2020-04-29T04:28:00+02:00,1711.030,1711.120,1710.910,1711.000,24
SQ:XAUUSD,2020-04-29T04:29:00+02:00,1711.010,1711.120,1710.840,1710.840,32
SQ:XAUUSD,2020-04-29T04:30:00+02:00,1710.840,1710.840,1710.840,1710.840,1
SQ:XAUUSD,2020-04-29T04:31:00+02:00,1710.840,1710.910,1710.840,1710.840,17
SQ:XAUUSD,2020-04-29T04:32:00+02:00,1710.840,1710.870,1710.840,1710.840,14
SQ:XAUUSD,2020-04-29T04:33:00+02:00,1710.840,1710.840,1710.840,1710.840,1
SQ:XAUUSD,2020-04-29T04:34:00+02:00,1710.840,1710.840,1710.020,1710.280,26
SQ:XAUUSD,2020-04-29T04:35:00+02:00,1710.340,1710.570,1710.130,1710.230,33
SQ:XAUUSD,2020-04-29T04:36:00+02:00,1710.180,1710.290,1709.950,1709.950,34
SQ:XAUUSD,2020-04-29T04:37:00+02:00,1709.950,1710.020,1709.720,1709.720,43
SQ:XAUUSD,2020-04-29T04:38:00+02:00,1709.820,1709.960,1709.770,1709.770,32
SQ:XAUUSD,2020-04-29T04:39:00+02:00,1709.770,1709.770,1709.290,1709.380,55
SQ:XAUUSD,2020-04-29T04:40:00+02:00,1709.370,1709.420,1708.720,1708.750,45
SQ:XAUUSD,2020-04-29T04:41:00+02:00,1708.750,1708.790,1708.400,1708.500,33
SQ:XAUUSD,2020-04-29T04:42:00+02:00,1708.540,1709.190,1708.480,1709.050,91
SQ:XAUUSD,2020-04-29T04:43:00+02:00,1709.070,1709.130,1708.910,1708.980,36
SQ:XAUUSD,2020-04-29T04:44:00+02:00,1708.980,1709.050,1708.640,1708.970,42
SQ:XAUUSD,2020-04-29T04:45:00+02:00,1709.020,1709.090,1708.650,1708.650,36
SQ:XAUUSD,2020-04-29T04:46:00+02:00,1708.590,1709.010,1708.590,1708.950,31
SQ:XAUUSD,2020-04-29T04:47:00+02:00,1708.940,1708.950,1708.740,1708.890,22
SQ:XAUUSD,2020-04-29T04:48:00+02:00,1708.890,1708.890,1708.890,1708.890,1
SQ:XAUUSD,2020-04-29T04:49:00+02:00,1708.890,1708.890,1708.690,1708.740,14
SQ:XAUUSD,2020-04-29T04:50:00+02:00,1708.740,1708.740,1707.950,1708.080,72
SQ:XAUUSD,2020-04-29T04:51:00+02:00,1708.080,1708.410,1708.080,1708.380,31
SQ:XAUUSD,2020-04-29T04:52:00+02:00,1708.380,1708.790,1708.310,1708.790,16
SQ:XAUUSD,2020-04-29T04:53:00+02:00,1708.790,1708.970,1708.710,1708.710,18
SQ:XAUUSD,2020-04-29T04:54:00+02:00,1708.730,1708.860,1708.730,1708.760,12
SQ:XAUUSD,2020-04-29T04:55:00+02:00,1708.760,1708.760,1708.502,1708.650,25
SQ:XAUUSD,2020-04-29T04:56:00+02:00,1708.650,1708.740,1708.460,1708.580,40
SQ:XAUUSD,2020-04-29T04:57:00+02:00,1708.580,1708.950,1708.580,1708.940,21
SQ:XAUUSD,2020-04-29T04:58:00+02:00,1708.940,1708.940,1708.760,1708.870,16
SQ:XAUUSD,2020-04-29T04:59:00+02:00,1708.870,1708.890,1708.750,1708.760,19
SQ:XAUUSD,2020-04-29T05:00:00+02:00,1708.790,1708.970,1708.760,1708.970,19
SQ:XAUUSD,2020-04-29T05:01:00+02:00,1708.970,1709.120,1708.930,1709.040,17
SQ:XAUUSD,2020-04-29T05:02:00+02:00,1709.130,1709.430,1708.990,1709.090,41
SQ:XAUUSD,2020-04-29T05:03:00+02:00,1709.070,1709.190,1709.070,1709.190,22
SQ:XAUUSD,2020-04-29T05:04:00+02:00,1709.180,1709.250,1709.070,1709.250,21
SQ:XAUUSD,2020-04-29T05:05:00+02:00,1709.270,1709.450,1709.130,1709.230,14
SQ:XAUUSD,2020-04-29T05:06:00+02:00,1709.230,1709.260,1709.230,1709.230,5
SQ:XAUUSD,2020-04-29T05:07:00+02:00,1709.230,1709.230,1709.040,1709.120,8
SQ:XAUUSD,2020-04-29T05:08:00+02:00,1709.130,1709.730,1709.130,1709.500,3
SQ:XAUUSD,2020-04-29T05:09:00+02:00,1709.500,1709.820,1709.500,1709.780,39
SQ:XAUUSD,2020-04-29T05:10:00+02:00,1709.780,1709.810,1709.490,1709.700,15
SQ:XAUUSD,2020-04-29T05:11:00+02:00,1709.700,1710.170,1709.700,1710.130,5
SQ:XAUUSD,2020-04-29T05:12:00+02:00,1710.034,1710.034,1709.410,1709.480,26
SQ:XAUUSD,2020-04-29T05:13:00+02:00,1709.480,1709.550,1709.280,1709.420,23
SQ:XAUUSD,2020-04-29T05:14:00+02:00,1709.420,1709.670,1709.340,1709.630,28
SQ:XAUUSD,2020-04-29T05:15:00+02:00,1709.630,1709.770,1709.630,1709.730,10
SQ:XAUUSD,2020-04-29T05:16:00+02:00,1709.770,1710.050,1709.740,1710.050,10
SQ:XAUUSD,2020-04-29T05:17:00+02:00,1710.000,1710.340,1709.950,1710.340,14
SQ:XAUUSD,2020-04-29T05:18:00+02:00,1710.070,1710.590,1709.910,1710.270,11
SQ:XAUUSD,2020-04-29T05:19:00+02:00,1709.910,1710.080,1709.490,1710.080,16
SQ:XAUUSD,2020-04-29T05:20:00+02:00,1709.980,1710.380,1709.980,1710.030,20
SQ:XAUUSD,2020-04-29T05:21:00+02:00,1710.080,1710.490,1710.080,1710.270,32
SQ:XAUUSD,2020-04-29T05:22:00+02:00,1710.270,1710.280,1710.030,1710.230,20
SQ:XAUUSD,2020-04-29T05:23:00+02:00,1710.230,1710.290,1709.860,1710.200,18
SQ:XAUUSD,2020-04-29T05:24:00+02:00,1710.200,1710.260,1710.190,1710.240,11
SQ:XAUUSD,2020-04-29T05:25:00+02:00,1710.240,1710.240,1709.990,1710.010,17
SQ:XAUUSD,2020-04-29T05:26:00+02:00,1710.010,1710.160,1709.590,1710.100,43
SQ:XAUUSD,2020-04-29T05:27:00+02:00,1710.150,1710.250,1709.960,1709.960,22
SQ:XAUUSD,2020-04-29T05:28:00+02:00,1709.960,1710.060,1709.760,1710.000,24
SQ:XAUUSD,2020-04-29T05:29:00+02:00,1710.010,1710.060,1709.860,1710.060,11
SQ:XAUUSD,2020-04-29T05:30:00+02:00,1710.110,1710.140,1710.000,1710.110,18
SQ:XAUUSD,2020-04-29T05:31:00+02:00,1710.110,1710.150,1709.820,1709.860,16
SQ:XAUUSD,2020-04-29T05:32:00+02:00,1709.860,1709.870,1709.670,1709.730,18
SQ:XAUUSD,2020-04-29T05:33:00+02:00,1709.740,1709.750,1709.580,1709.710,17
SQ:XAUUSD,2020-04-29T05:34:00+02:00,1709.690,1709.710,1709.610,1709.670,15
SQ:XAUUSD,2020-04-29T05:35:00+02:00,1709.670,1709.730,1709.530,1709.530,17
SQ:XAUUSD,2020-04-29T05:36:00+02:00,1709.530,1709.610,1709.480,1709.580,20
SQ:XAUUSD,2020-04-29T05:37:00+02:00,1709.600,1709.990,1709.600,1709.990,23
SQ:XAUUSD,2020-04-29T05:38:00+02:00,1709.930,1710.390,1709.930,1710.180,37
SQ:XAUUSD,2020-04-29T05:39:00+02:00,1710.180,1710.180,1709.770,1709.910,19
SQ:XAUUSD,2020-04-29T05:40:00+02:00,1709.890,1709.890,1709.520,1709.800,12
SQ:XAUUSD,2020-04-29T05:41:00+02:00,1709.800,1709.870,1709.570,1709.690,19
SQ:XAUUSD,2020-04-29T05:42:00+02:00,1709.680,1709.900,1709.680,1709.820,16
SQ:XAUUSD,2020-04-29T05:43:00+02:00,1709.810,1710.100,1709.810,1709.950,15
SQ:XAUUSD,2020-04-29T05:44:00+02:00,1709.950,1710.440,1709.950,1710.420,14
SQ:XAUUSD,2020-04-29T05:45:00+02:00,1709.970,1710.300,1709.930,1710.300,7
SQ:XAUUSD,2020-04-29T05:46:00+02:00,1710.300,1710.300,1710.250,1710.250,2
SQ:XAUUSD,2020-04-29T05:47:00+02:00,1710.250,1710.380,1710.110,1710.290,19
SQ:XAUUSD,2020-04-29T05:48:00+02:00,1710.450,1710.670,1710.320,1710.420,37
SQ:XAUUSD,2020-04-29T05:49:00+02:00,1710.420,1710.690,1710.370,1710.640,22
SQ:XAUUSD,2020-04-29T05:50:00+02:00,1710.580,1710.720,1710.570,1710.690,24
SQ:XAUUSD,2020-04-29T05:51:00+02:00,1710.740,1710.860,1710.670,1710.790,25
SQ:XAUUSD,2020-04-29T05:52:00+02:00,1710.790,1710.800,1710.360,1710.430,32
SQ:XAUUSD,2020-04-29T05:53:00+02:00,1710.430,1710.700,1710.420,1710.660,11
SQ:XAUUSD,2020-04-29T05:54:00+02:00,1710.660,1710.660,1710.660,1710.660,1
SQ:XAUUSD,2020-04-29T05:55:00+02:00,1710.660,1710.660,1710.430,1710.530,16
SQ:XAUUSD,2020-04-29T05:56:00+02:00,1710.530,1710.630,1710.490,1710.530,23
SQ:XAUUSD,2020-04-29T05:57:00+02:00,1710.530,1710.660,1710.530,1710.620,16
SQ:XAUUSD,2020-04-29T05:58:00+02:00,1710.620,1710.620,1709.960,1709.960,12
SQ:XAUUSD,2020-04-29T05:59:00+02:00,1709.960,1709.960,1709.810,1709.820,3
SQ:XAUUSD,2020-04-29T06:00:00+02:00,1709.850,1710.490,1709.660,1710.490,69
SQ:XAUUSD,2020-04-29T06:01:00+02:00,1710.490,1710.490,1710.270,1710.290,30
SQ:XAUUSD,2020-04-29T06:02:00+02:00,1710.290,1710.290,1709.970,1710.100,18
SQ:XAUUSD,2020-04-29T06:03:00+02:00,1710.110,1710.230,1710.100,1710.230,16
SQ:XAUUSD,2020-04-29T06:04:00+02:00,1710.230,1710.280,1710.200,1710.230,21
SQ:XAUUSD,2020-04-29T06:05:00+02:00,1710.230,1710.230,1710.140,1710.180,20
SQ:XAUUSD,2020-04-29T06:06:00+02:00,1710.170,1710.240,1710.130,1710.180,21
SQ:XAUUSD,2020-04-29T06:07:00+02:00,1710.160,1710.470,1710.150,1710.470,25
SQ:XAUUSD,2020-04-29T06:08:00+02:00,1710.480,1710.530,1710.340,1710.340,12
SQ:XAUUSD,2020-04-29T06:09:00+02:00,1710.340,1710.430,1710.240,1710.320,18
SQ:XAUUSD,2020-04-29T06:10:00+02:00,1710.320,1710.460,1710.260,1710.460,20
SQ:XAUUSD,2020-04-29T06:11:00+02:00,1710.500,1710.560,1710.390,1710.430,22
SQ:XAUUSD,2020-04-29T06:12:00+02:00,1710.430,1710.760,1710.410,1710.630,23
SQ:XAUUSD,2020-04-29T06:13:00+02:00,1710.650,1710.730,1710.480,1710.480,21
SQ:XAUUSD,2020-04-29T06:14:00+02:00,1710.480,1710.480,1710.420,1710.440,6
SQ:XAUUSD,2020-04-29T06:15:00+02:00,1710.440,1710.440,1710.020,1710.170,32
SQ:XAUUSD,2020-04-29T06:16:00+02:00,1710.170,1710.210,1710.010,1710.160,31
SQ:XAUUSD,2020-04-29T06:17:00+02:00,1710.160,1710.160,1710.140,1710.140,4
SQ:XAUUSD,2020-04-29T06:18:00+02:00,1710.140,1710.170,1710.090,1710.160,20
SQ:XAUUSD,2020-04-29T06:19:00+02:00,1710.160,1710.170,1709.920,1710.100,29
SQ:XAUUSD,2020-04-29T06:20:00+02:00,1710.100,1710.160,1710.060,1710.090,17
SQ:XAUUSD,2020-04-29T06:21:00+02:00,1710.090,1710.140,1710.080,1710.120,14
SQ:XAUUSD,2020-04-29T06:22:00+02:00,1710.120,1710.180,1710.100,1710.170,13
SQ:XAUUSD,2020-04-29T06:23:00+02:00,1710.170,1710.170,1709.930,1710.070,17
SQ:XAUUSD,2020-04-29T06:24:00+02:00,1710.070,1710.170,1709.900,1709.910,14
SQ:XAUUSD,2020-04-29T06:25:00+02:00,1709.910,1709.910,1709.680,1709.850,14
SQ:XAUUSD,2020-04-29T06:26:00+02:00,1709.850,1709.860,1709.850,1709.860,8
SQ:XAUUSD,2020-04-29T06:27:00+02:00,1709.860,1709.860,1709.860,1709.860,1
SQ:XAUUSD,2020-04-29T06:28:00+02:00,1709.860,1709.860,1709.810,1709.820,7
SQ:XAUUSD,2020-04-29T06:29:00+02:00,1709.820,1709.830,1709.630,1709.670,13
SQ:XAUUSD,2020-04-29T06:30:00+02:00,1709.670,1710.040,1709.670,1710.000,20
SQ:XAUUSD,2020-04-29T06:31:00+02:00,1709.960,1710.040,1709.562,1709.568,36
SQ:XAUUSD,2020-04-29T06:32:00+02:00,1709.578,1709.640,1709.578,1709.610,17
SQ:XAUUSD,2020-04-29T06:33:00+02:00,1709.600,1709.660,1709.570,1709.620,24
SQ:XAUUSD,2020-04-29T06:34:00+02:00,1709.620,1709.690,1709.620,1709.660,21
SQ:XAUUSD,2020-04-29T06:35:00+02:00,1709.670,1709.760,1709.640,1709.730,22
SQ:XAUUSD,2020-04-29T06:36:00+02:00,1709.730,1709.750,1709.670,1709.740,17
SQ:XAUUSD,2020-04-29T06:37:00+02:00,1709.730,1709.760,1709.590,1709.640,30
SQ:XAUUSD,2020-04-29T06:38:00+02:00,1709.640,1709.710,1709.600,1709.710,21
SQ:XAUUSD,2020-04-29T06:39:00+02:00,1709.650,1709.900,1709.650,1709.840,14
SQ:XAUUSD,2020-04-29T06:40:00+02:00,1709.840,1709.900,1709.632,1709.900,21
SQ:XAUUSD,2020-04-29T06:41:00+02:00,1709.830,1710.240,1709.810,1710.100,25
SQ:XAUUSD,2020-04-29T06:42:00+02:00,1710.100,1710.210,1709.860,1709.930,35
SQ:XAUUSD,2020-04-29T06:43:00+02:00,1709.970,1710.040,1709.960,1709.960,18
SQ:XAUUSD,2020-04-29T06:44:00+02:00,1709.970,1710.360,1709.950,1710.300,27
SQ:XAUUSD,2020-04-29T06:45:00+02:00,1710.360,1710.420,1710.090,1710.090,35
SQ:XAUUSD,2020-04-29T06:46:00+02:00,1710.150,1710.180,1710.080,1710.090,12
SQ:XAUUSD,2020-04-29T06:47:00+02:00,1710.080,1710.440,1709.880,1710.440,32
SQ:XAUUSD,2020-04-29T06:48:00+02:00,1710.450,1710.590,1709.950,1710.220,49
SQ:XAUUSD,2020-04-29T06:49:00+02:00,1709.900,1710.000,1709.870,1709.880,35
SQ:XAUUSD,2020-04-29T06:50:00+02:00,1709.870,1709.910,1709.860,1709.900,10
SQ:XAUUSD,2020-04-29T06:51:00+02:00,1709.900,1709.950,1709.880,1709.940,25
SQ:XAUUSD,2020-04-29T06:52:00+02:00,1709.910,1710.360,1709.900,1710.310,26
SQ:XAUUSD,2020-04-29T06:53:00+02:00,1710.260,1710.470,1710.180,1710.200,29
SQ:XAUUSD,2020-04-29T06:54:00+02:00,1710.200,1710.200,1709.860,1709.900,54
SQ:XAUUSD,2020-04-29T06:55:00+02:00,1709.890,1710.190,1709.860,1709.890,23
SQ:XAUUSD,2020-04-29T06:56:00+02:00,1709.890,1710.080,1709.870,1710.080,12
SQ:XAUUSD,2020-04-29T06:57:00+02:00,1709.990,1709.990,1709.870,1709.880,16
SQ:XAUUSD,2020-04-29T06:58:00+02:00,1709.880,1710.140,1709.880,1710.050,30
SQ:XAUUSD,2020-04-29T06:59:00+02:00,1710.040,1710.040,1709.900,1709.960,25
SQ:XAUUSD,2020-04-29T07:00:00+02:00,1709.960,1709.960,1709.870,1709.870,13
SQ:XAUUSD,2020-04-29T07:01:00+02:00,1709.870,1709.920,1709.840,1709.900,19
SQ:XAUUSD,2020-04-29T07:02:00+02:00,1709.920,1709.990,1709.860,1709.870,31
SQ:XAUUSD,2020-04-29T07:03:00+02:00,1709.850,1709.940,1709.800,1709.870,26
SQ:XAUUSD,2020-04-29T07:04:00+02:00,1709.880,1710.340,1709.860,1710.340,29
SQ:XAUUSD,2020-04-29T07:05:00+02:00,1710.340,1710.450,1710.050,1710.050,37
SQ:XAUUSD,2020-04-29T07:06:00+02:00,1710.050,1710.050,1709.900,1709.950,23
SQ:XAUUSD,2020-04-29T07:07:00+02:00,1709.940,1709.960,1709.910,1709.940,16
SQ:XAUUSD,2020-04-29T07:08:00+02:00,1709.940,1710.020,1709.930,1710.020,12
SQ:XAUUSD,2020-04-29T07:09:00+02:00,1710.020,1710.050,1709.770,1709.770,20
SQ:XAUUSD,2020-04-29T07:10:00+02:00,1709.770,1709.810,1709.590,1709.710,46
SQ:XAUUSD,2020-04-29T07:11:00+02:00,1709.680,1709.860,1709.680,1709.840,17
SQ:XAUUSD,2020-04-29T07:12:00+02:00,1709.840,1710.060,1709.810,1709.960,25
SQ:XAUUSD,2020-04-29T07:13:00+02:00,1709.960,1710.030,1709.870,1709.880,12
SQ:XAUUSD,2020-04-29T07:14:00+02:00,1709.850,1710.270,1709.840,1710.120,15
SQ:XAUUSD,2020-04-29T07:15:00+02:00,1710.100,1710.360,1709.990,1710.260,23
SQ:XAUUSD,2020-04-29T07:16:00+02:00,1710.290,1710.510,1710.170,1710.500,29
SQ:XAUUSD,2020-04-29T07:17:00+02:00,1710.500,1710.820,1710.350,1710.790,34
SQ:XAUUSD,2020-04-29T07:18:00+02:00,1710.810,1711.340,1710.730,1711.000,65
SQ:XAUUSD,2020-04-29T07:19:00+02:00,1710.990,1711.240,1710.930,1711.240,49
SQ:XAUUSD,2020-04-29T07:20:00+02:00,1711.220,1711.640,1711.210,1711.510,63
SQ:XAUUSD,2020-04-29T07:21:00+02:00,1711.550,1711.750,1711.028,1711.190,77
SQ:XAUUSD,2020-04-29T07:22:00+02:00,1711.190,1711.810,1711.130,1711.230,141
SQ:XAUUSD,2020-04-29T07:23:00+02:00,1711.230,1711.650,1711.090,1711.320,58
SQ:XAUUSD,2020-04-29T07:24:00+02:00,1711.320,1712.650,1711.220,1712.340,88
SQ:XAUUSD,2020-04-29T07:25:00+02:00,1712.340,1712.590,1712.170,1712.170,32
SQ:XAUUSD,2020-04-29T07:26:00+02:00,1712.270,1712.500,1712.120,1712.280,48
SQ:XAUUSD,2020-04-29T07:27:00+02:00,1712.250,1712.530,1711.506,1711.790,37
SQ:XAUUSD,2020-04-29T07:28:00+02:00,1711.790,1711.790,1710.940,1710.980,65
SQ:XAUUSD,2020-04-29T07:29:00+02:00,1710.940,1711.430,1710.730,1710.730,55
SQ:XAUUSD,2020-04-29T07:30:00+02:00,1710.730,1711.330,1710.730,1711.330,69
SQ:XAUUSD,2020-04-29T07:31:00+02:00,1711.280,1711.280,1710.700,1710.890,62
SQ:XAUUSD,2020-04-29T07:32:00+02:00,1710.890,1711.120,1710.710,1710.970,55
SQ:XAUUSD,2020-04-29T07:33:00+02:00,1710.970,1711.050,1710.600,1710.760,46
SQ:XAUUSD,2020-04-29T07:34:00+02:00,1710.760,1710.900,1710.520,1710.850,27
SQ:XAUUSD,2020-04-29T07:35:00+02:00,1710.850,1711.220,1710.590,1711.210,79
SQ:XAUUSD,2020-04-29T07:36:00+02:00,1711.220,1711.740,1711.040,1711.740,52
SQ:XAUUSD,2020-04-29T07:37:00+02:00,1711.690,1711.700,1711.230,1711.540,47
SQ:XAUUSD,2020-04-29T07:38:00+02:00,1711.540,1712.080,1711.480,1712.030,39
SQ:XAUUSD,2020-04-29T07:39:00+02:00,1712.080,1712.230,1711.380,1711.870,31
SQ:XAUUSD,2020-04-29T07:40:00+02:00,1711.820,1712.230,1711.350,1711.400,32
SQ:XAUUSD,2020-04-29T07:41:00+02:00,1711.350,1712.040,1711.030,1711.750,74
SQ:XAUUSD,2020-04-29T07:42:00+02:00,1711.700,1711.820,1711.560,1711.560,24
SQ:XAUUSD,2020-04-29T07:43:00+02:00,1711.560,1711.570,1711.190,1711.550,37
SQ:XAUUSD,2020-04-29T07:44:00+02:00,1711.550,1711.560,1711.530,1711.560,15
SQ:XAUUSD,2020-04-29T07:45:00+02:00,1711.560,1711.780,1711.260,1711.750,37
SQ:XAUUSD,2020-04-29T07:46:00+02:00,1711.780,1711.790,1711.650,1711.790,17
SQ:XAUUSD,2020-04-29T07:47:00+02:00,1711.840,1711.920,1710.790,1711.020,69
SQ:XAUUSD,2020-04-29T07:48:00+02:00,1711.020,1711.140,1710.980,1711.060,44
SQ:XAUUSD,2020-04-29T07:49:00+02:00,1711.060,1711.060,1710.440,1710.580,43
SQ:XAUUSD,2020-04-29T07:50:00+02:00,1710.660,1710.740,1710.220,1710.530,57
SQ:XAUUSD,2020-04-29T07:51:00+02:00,1710.590,1710.630,1710.310,1710.330,59
SQ:XAUUSD,2020-04-29T07:52:00+02:00,1710.380,1710.710,1710.380,1710.520,70
SQ:XAUUSD,2020-04-29T07:53:00+02:00,1710.520,1710.530,1710.160,1710.340,44
SQ:XAUUSD,2020-04-29T07:54:00+02:00,1710.290,1710.380,1710.150,1710.370,16
SQ:XAUUSD,2020-04-29T07:55:00+02:00,1710.370,1711.060,1710.370,1710.910,19
SQ:XAUUSD,2020-04-29T07:56:00+02:00,1710.910,1710.920,1710.620,1710.750,22
SQ:XAUUSD,2020-04-29T07:57:00+02:00,1710.750,1710.870,1710.540,1710.860,25
SQ:XAUUSD,2020-04-29T07:58:00+02:00,1710.840,1711.140,1710.840,1711.090,27
SQ:XAUUSD,2020-04-29T07:59:00+02:00,1711.070,1711.640,1711.070,1711.510,44
SQ:XAUUSD,2020-04-29T08:00:00+02:00,1711.550,1711.930,1711.230,1711.230,104
SQ:XAUUSD,2020-04-29T08:01:00+02:00,1711.350,1711.660,1711.080,1711.200,67
SQ:XAUUSD,2020-04-29T08:02:00+02:00,1711.120,1711.480,1710.580,1710.580,93
SQ:XAUUSD,2020-04-29T08:03:00+02:00,1710.610,1710.650,1710.250,1710.300,57
SQ:XAUUSD,2020-04-29T08:04:00+02:00,1710.300,1710.450,1709.850,1710.080,66
SQ:XAUUSD,2020-04-29T08:05:00+02:00,1710.080,1710.090,1710.030,1710.080,16
SQ:XAUUSD,2020-04-29T08:06:00+02:00,1710.080,1710.200,1710.070,1710.070,40
SQ:XAUUSD,2020-04-29T08:07:00+02:00,1710.070,1710.160,1709.790,1710.160,38
SQ:XAUUSD,2020-04-29T08:08:00+02:00,1710.130,1710.166,1709.860,1710.142,32
SQ:XAUUSD,2020-04-29T08:09:00+02:00,1710.142,1710.162,1709.960,1710.110,43
SQ:XAUUSD,2020-04-29T08:10:00+02:00,1710.130,1710.910,1710.130,1710.320,86
SQ:XAUUSD,2020-04-29T08:11:00+02:00,1710.320,1710.770,1710.240,1710.370,59
SQ:XAUUSD,2020-04-29T08:12:00+02:00,1710.370,1710.400,1708.730,1709.700,151
SQ:XAUUSD,2020-04-29T08:13:00+02:00,1709.700,1709.870,1708.930,1709.230,132
SQ:XAUUSD,2020-04-29T08:14:00+02:00,1709.150,1709.450,1709.080,1709.400,62
SQ:XAUUSD,2020-04-29T08:15:00+02:00,1709.400,1709.580,1709.120,1709.390,40
SQ:XAUUSD,2020-04-29T08:16:00+02:00,1709.440,1709.470,1708.820,1708.850,80
SQ:XAUUSD,2020-04-29T08:17:00+02:00,1708.850,1709.050,1708.380,1708.380,165
SQ:XAUUSD,2020-04-29T08:18:00+02:00,1708.612,1708.780,1708.030,1708.510,218
SQ:XAUUSD,2020-04-29T08:19:00+02:00,1708.510,1708.950,1708.200,1708.900,107
SQ:XAUUSD,2020-04-29T08:20:00+02:00,1708.900,1708.900,1707.950,1708.260,68
SQ:XAUUSD,2020-04-29T08:21:00+02:00,1708.210,1708.480,1708.030,1708.440,112
SQ:XAUUSD,2020-04-29T08:22:00+02:00,1708.410,1708.590,1707.910,1708.500,144
SQ:XAUUSD,2020-04-29T08:23:00+02:00,1708.490,1708.760,1708.060,1708.760,49
SQ:XAUUSD,2020-04-29T08:24:00+02:00,1708.760,1708.760,1708.290,1708.570,51
SQ:XAUUSD,2020-04-29T08:25:00+02:00,1708.520,1709.240,1707.910,1709.240,62
SQ:XAUUSD,2020-04-29T08:26:00+02:00,1709.290,1709.290,1708.760,1708.970,65
SQ:XAUUSD,2020-04-29T08:27:00+02:00,1708.990,1709.090,1708.710,1708.840,37
SQ:XAUUSD,2020-04-29T08:28:00+02:00,1708.770,1708.830,1708.050,1708.050,35
SQ:XAUUSD,2020-04-29T08:29:00+02:00,1708.040,1708.550,1708.040,1708.520,44
SQ:XAUUSD,2020-04-29T08:30:00+02:00,1708.520,1708.830,1707.990,1708.810,90
SQ:XAUUSD,2020-04-29T08:31:00+02:00,1708.890,1709.910,1708.810,1709.580,135
SQ:XAUUSD,2020-04-29T08:32:00+02:00,1709.530,1709.580,1709.230,1709.290,62
SQ:XAUUSD,2020-04-29T08:33:00+02:00,1709.290,1709.330,1708.890,1709.120,39
SQ:XAUUSD,2020-04-29T08:34:00+02:00,1709.120,1709.460,1708.820,1709.070,63
SQ:XAUUSD,2020-04-29T08:35:00+02:00,1709.080,1709.720,1708.330,1709.620,84
SQ:XAUUSD,2020-04-29T08:36:00+02:00,1709.620,1710.210,1709.190,1709.940,71
SQ:XAUUSD,2020-04-29T08:37:00+02:00,1709.960,1710.480,1709.630,1710.480,36
SQ:XAUUSD,2020-04-29T08:38:00+02:00,1710.480,1710.480,1709.600,1710.020,33
SQ:XAUUSD,2020-04-29T08:39:00+02:00,1710.020,1710.050,1709.840,1709.840,21
SQ:XAUUSD,2020-04-29T08:40:00+02:00,1709.840,1709.930,1709.580,1709.650,15
SQ:XAUUSD,2020-04-29T08:41:00+02:00,1709.630,1709.650,1708.490,1708.900,28
SQ:XAUUSD,2020-04-29T08:42:00+02:00,1708.860,1708.860,1708.520,1708.520,13
SQ:XAUUSD,2020-04-29T08:43:00+02:00,1708.470,1708.630,1707.570,1708.590,61
SQ:XAUUSD,2020-04-29T08:44:00+02:00,1708.590,1708.790,1708.010,1708.090,40
SQ:XAUUSD,2020-04-29T08:45:00+02:00,1708.090,1708.330,1707.610,1708.180,62
SQ:XAUUSD,2020-04-29T08:46:00+02:00,1708.180,1708.330,1708.060,1708.060,34
SQ:XAUUSD,2020-04-29T08:47:00+02:00,1708.060,1708.230,1708.060,1708.060,13
SQ:XAUUSD,2020-04-29T08:48:00+02:00,1708.060,1709.170,1708.060,1708.930,61
SQ:XAUUSD,2020-04-29T08:49:00+02:00,1708.930,1709.160,1708.570,1708.690,59
SQ:XAUUSD,2020-04-29T08:50:00+02:00,1708.690,1708.850,1708.570,1708.570,32
SQ:XAUUSD,2020-04-29T08:51:00+02:00,1708.570,1708.740,1708.090,1708.090,20
SQ:XAUUSD,2020-04-29T08:52:00+02:00,1708.040,1708.410,1708.040,1708.410,21
SQ:XAUUSD,2020-04-29T08:53:00+02:00,1708.410,1708.450,1708.260,1708.440,24
SQ:XAUUSD,2020-04-29T08:54:00+02:00,1708.440,1708.570,1708.410,1708.410,15
SQ:XAUUSD,2020-04-29T08:55:00+02:00,1708.410,1708.600,1708.260,1708.260,34
SQ:XAUUSD,2020-04-29T08:56:00+02:00,1708.260,1708.520,1708.050,1708.400,82
SQ:XAUUSD,2020-04-29T08:57:00+02:00,1708.390,1708.650,1708.360,1708.430,70
SQ:XAUUSD,2020-04-29T08:58:00+02:00,1708.430,1708.600,1708.410,1708.570,27
SQ:XAUUSD,2020-04-29T08:59:00+02:00,1708.580,1708.880,1708.360,1708.500,123
SQ:XAUUSD,2020-04-29T09:00:00+02:00,1708.750,1709.050,1708.220,1708.630,302
SQ:XAUUSD,2020-04-29T09:01:00+02:00,1708.630,1709.050,1708.330,1708.530,331
SQ:XAUUSD,2020-04-29T09:02:00+02:00,1708.530,1709.440,1708.410,1708.880,132
SQ:XAUUSD,2020-04-29T09:03:00+02:00,1708.920,1709.830,1708.850,1709.280,96
SQ:XAUUSD,2020-04-29T09:04:00+02:00,1709.310,1709.450,1708.880,1709.280,204
SQ:XAUUSD,2020-04-29T09:05:00+02:00,1709.280,1709.540,1709.160,1709.290,99
SQ:XAUUSD,2020-04-29T09:06:00+02:00,1709.290,1709.340,1708.500,1708.830,201
SQ:XAUUSD,2020-04-29T09:07:00+02:00,1708.890,1709.230,1708.730,1708.960,63
SQ:XAUUSD,2020-04-29T09:08:00+02:00,1708.960,1708.970,1708.440,1708.630,113
SQ:XAUUSD,2020-04-29T09:09:00+02:00,1708.630,1709.550,1708.570,1709.380,93
SQ:XAUUSD,2020-04-29T09:10:00+02:00,1709.380,1709.380,1708.560,1708.670,102
SQ:XAUUSD,2020-04-29T09:11:00+02:00,1708.670,1709.420,1708.670,1709.230,67
SQ:XAUUSD,2020-04-29T09:12:00+02:00,1709.230,1709.240,1708.730,1708.810,62
SQ:XAUUSD,2020-04-29T09:13:00+02:00,1708.860,1709.230,1708.820,1709.000,50
SQ:XAUUSD,2020-04-29T09:14:00+02:00,1709.000,1709.590,1709.000,1709.530,60
SQ:XAUUSD,2020-04-29T09:15:00+02:00,1709.530,1709.600,1708.680,1709.260,68
SQ:XAUUSD,2020-04-29T09:16:00+02:00,1709.260,1709.410,1708.970,1709.140,106
SQ:XAUUSD,2020-04-29T09:17:00+02:00,1709.180,1709.430,1708.890,1708.930,176
SQ:XAUUSD,2020-04-29T09:18:00+02:00,1708.940,1709.640,1708.890,1709.590,48
SQ:XAUUSD,2020-04-29T09:19:00+02:00,1709.590,1709.640,1708.960,1708.960,46
SQ:XAUUSD,2020-04-29T09:20:00+02:00,1708.910,1708.980,1708.310,1708.550,108
SQ:XAUUSD,2020-04-29T09:21:00+02:00,1708.550,1708.650,1707.990,1708.400,76
SQ:XAUUSD,2020-04-29T09:22:00+02:00,1708.400,1709.300,1707.750,1708.100,162
SQ:XAUUSD,2020-04-29T09:23:00+02:00,1708.100,1708.720,1707.730,1708.570,113
SQ:XAUUSD,2020-04-29T09:24:00+02:00,1708.610,1708.770,1707.750,1708.400,67
SQ:XAUUSD,2020-04-29T09:25:00+02:00,1708.450,1709.250,1708.400,1709.100,25
SQ:XAUUSD,2020-04-29T09:26:00+02:00,1709.100,1709.300,1708.780,1709.250,54
SQ:XAUUSD,2020-04-29T09:27:00+02:00,1709.250,1709.310,1708.700,1708.850,28
SQ:XAUUSD,2020-04-29T09:28:00+02:00,1708.850,1709.200,1708.550,1709.000,36
SQ:XAUUSD,2020-04-29T09:29:00+02:00,1709.000,1709.400,1708.850,1709.250,38
SQ:XAUUSD,2020-04-29T09:30:00+02:00,1709.250,1709.550,1708.940,1709.150,46
SQ:XAUUSD,2020-04-29T09:31:00+02:00,1709.150,1709.250,1708.250,1708.250,108
SQ:XAUUSD,2020-04-29T09:32:00+02:00,1708.240,1708.280,1706.450,1707.244,124
SQ:XAUUSD,2020-04-29T09:33:00+02:00,1707.246,1707.256,1705.410,1706.030,312
SQ:XAUUSD,2020-04-29T09:34:00+02:00,1706.020,1706.250,1705.190,1706.160,266
SQ:XAUUSD,2020-04-29T09:35:00+02:00,1706.160,1706.960,1705.490,1706.200,185
SQ:XAUUSD,2020-04-29T09:36:00+02:00,1706.200,1706.960,1705.850,1706.940,91
SQ:XAUUSD,2020-04-29T09:37:00+02:00,1706.970,1707.600,1706.800,1707.340,174
SQ:XAUUSD,2020-04-29T09:38:00+02:00,1707.360,1707.520,1706.850,1707.440,179
SQ:XAUUSD,2020-04-29T09:39:00+02:00,1707.440,1707.890,1707.120,1707.550,151
SQ:XAUUSD,2020-04-29T09:40:00+02:00,1707.550,1707.920,1707.300,1707.700,108
SQ:XAUUSD,2020-04-29T09:41:00+02:00,1707.700,1708.360,1707.650,1708.220,107
SQ:XAUUSD,2020-04-29T09:42:00+02:00,1708.210,1708.220,1706.950,1706.950,100
SQ:XAUUSD,2020-04-29T09:43:00+02:00,1706.950,1707.200,1706.620,1707.050,64
SQ:XAUUSD,2020-04-29T09:44:00+02:00,1707.050,1707.420,1706.860,1706.860,53
SQ:XAUUSD,2020-04-29T09:45:00+02:00,1706.860,1707.970,1706.450,1707.890,175
SQ:XAUUSD,2020-04-29T09:46:00+02:00,1707.910,1707.960,1707.490,1707.650,103
SQ:XAUUSD,2020-04-29T09:47:00+02:00,1707.650,1708.520,1707.600,1708.250,144
SQ:XAUUSD,2020-04-29T09:48:00+02:00,1708.230,1709.490,1708.230,1708.770,182
SQ:XAUUSD,2020-04-29T09:49:00+02:00,1708.770,1709.500,1707.870,1708.700,128
SQ:XAUUSD,2020-04-29T09:50:00+02:00,1708.710,1708.720,1707.670,1707.690,89
SQ:XAUUSD,2020-04-29T09:51:00+02:00,1707.670,1707.720,1707.040,1707.200,110
SQ:XAUUSD,2020-04-29T09:52:00+02:00,1707.200,1707.400,1706.200,1706.510,162
SQ:XAUUSD,2020-04-29T09:53:00+02:00,1706.470,1706.720,1706.190,1706.650,84
SQ:XAUUSD,2020-04-29T09:54:00+02:00,1706.690,1706.740,1706.230,1706.400,57
SQ:XAUUSD,2020-04-29T09:55:00+02:00,1706.410,1706.410,1705.030,1705.230,183
SQ:XAUUSD,2020-04-29T09:56:00+02:00,1705.230,1705.480,1704.970,1705.050,119
SQ:XAUUSD,2020-04-29T09:57:00+02:00,1705.070,1706.500,1705.030,1706.320,142
SQ:XAUUSD,2020-04-29T09:58:00+02:00,1706.300,1706.360,1704.860,1704.860,178
SQ:XAUUSD,2020-04-29T09:59:00+02:00,1704.830,1704.890,1703.760,1704.230,179
SQ:XAUUSD,2020-04-29T10:00:00+02:00,1704.230,1705.240,1703.600,1704.570,153
SQ:XAUUSD,2020-04-29T10:01:00+02:00,1704.570,1705.160,1704.570,1704.710,100
SQ:XAUUSD,2020-04-29T10:02:00+02:00,1704.710,1705.890,1704.550,1705.300,101
SQ:XAUUSD,2020-04-29T10:03:00+02:00,1705.300,1705.340,1704.490,1705.180,58
SQ:XAUUSD,2020-04-29T10:04:00+02:00,1705.180,1705.340,1702.510,1702.820,187
SQ:XAUUSD,2020-04-29T10:05:00+02:00,1702.800,1703.710,1701.950,1703.710,226
SQ:XAUUSD,2020-04-29T10:06:00+02:00,1703.710,1704.280,1702.880,1703.320,132
SQ:XAUUSD,2020-04-29T10:07:00+02:00,1703.370,1703.880,1703.300,1703.840,74
SQ:XAUUSD,2020-04-29T10:08:00+02:00,1703.840,1704.010,1703.520,1703.770,165
SQ:XAUUSD,2020-04-29T10:09:00+02:00,1703.810,1704.540,1703.740,1704.540,214
SQ:XAUUSD,2020-04-29T10:10:00+02:00,1704.540,1704.890,1704.470,1704.510,224
SQ:XAUUSD,2020-04-29T10:11:00+02:00,1704.510,1705.520,1704.510,1705.350,81
SQ:XAUUSD,2020-04-29T10:12:00+02:00,1705.350,1705.660,1704.350,1704.350,87
SQ:XAUUSD,2020-04-29T10:13:00+02:00,1704.310,1704.310,1703.690,1703.910,71
SQ:XAUUSD,2020-04-29T10:14:00+02:00,1703.950,1704.090,1703.760,1704.090,25
SQ:XAUUSD,2020-04-29T10:15:00+02:00,1704.090,1705.250,1704.090,1705.070,76
SQ:XAUUSD,2020-04-29T10:16:00+02:00,1705.070,1706.830,1704.990,1706.460,94
SQ:XAUUSD,2020-04-29T10:17:00+02:00,1706.460,1707.550,1706.460,1706.940,146
SQ:XAUUSD,2020-04-29T10:18:00+02:00,1706.940,1707.130,1706.200,1706.200,65
SQ:XAUUSD,2020-04-29T10:19:00+02:00,1706.200,1706.690,1705.930,1706.190,67
SQ:XAUUSD,2020-04-29T10:20:00+02:00,1706.190,1706.350,1705.850,1705.860,64
SQ:XAUUSD,2020-04-29T10:21:00+02:00,1705.860,1706.470,1705.860,1706.470,43
SQ:XAUUSD,2020-04-29T10:22:00+02:00,1706.470,1706.750,1705.430,1706.030,59
SQ:XAUUSD,2020-04-29T10:23:00+02:00,1706.050,1706.470,1705.460,1705.790,76
SQ:XAUUSD,2020-04-29T10:24:00+02:00,1705.790,1705.830,1705.490,1705.490,36
SQ:XAUUSD,2020-04-29T10:25:00+02:00,1705.490,1706.540,1705.420,1706.330,196
SQ:XAUUSD,2020-04-29T10:26:00+02:00,1706.330,1707.010,1706.010,1706.330,193
SQ:XAUUSD,2020-04-29T10:27:00+02:00,1706.280,1706.580,1705.980,1706.360,147
SQ:XAUUSD,2020-04-29T10:28:00+02:00,1706.360,1707.060,1706.330,1706.630,114
SQ:XAUUSD,2020-04-29T10:29:00+02:00,1706.630,1706.830,1706.050,1706.560,166
SQ:XAUUSD,2020-04-29T10:30:00+02:00,1706.510,1706.650,1706.020,1706.290,75
SQ:XAUUSD,2020-04-29T10:31:00+02:00,1706.370,1706.520,1705.930,1706.510,49
SQ:XAUUSD,2020-04-29T10:32:00+02:00,1706.510,1707.870,1706.510,1707.650,125
SQ:XAUUSD,2020-04-29T10:33:00+02:00,1707.600,1707.780,1707.050,1707.110,66
SQ:XAUUSD,2020-04-29T10:34:00+02:00,1707.110,1707.390,1707.040,1707.180,36
SQ:XAUUSD,2020-04-29T10:35:00+02:00,1707.130,1707.130,1706.040,1706.410,68
SQ:XAUUSD,2020-04-29T10:36:00+02:00,1706.410,1706.860,1706.280,1706.860,58
SQ:XAUUSD,2020-04-29T10:37:00+02:00,1706.860,1707.080,1706.700,1706.890,35
SQ:XAUUSD,2020-04-29T10:38:00+02:00,1706.890,1707.380,1706.710,1707.200,45
SQ:XAUUSD,2020-04-29T10:39:00+02:00,1707.210,1707.370,1707.130,1707.260,57
SQ:XAUUSD,2020-04-29T10:40:00+02:00,1707.260,1707.300,1706.510,1706.870,61
SQ:XAUUSD,2020-04-29T10:41:00+02:00,1706.870,1707.230,1706.870,1707.060,64
SQ:XAUUSD,2020-04-29T10:42:00+02:00,1707.060,1707.060,1706.710,1706.800,34
SQ:XAUUSD,2020-04-29T10:43:00+02:00,1706.800,1706.860,1706.480,1706.650,51
SQ:XAUUSD,2020-04-29T10:44:00+02:00,1706.650,1706.740,1706.530,1706.530,37
SQ:XAUUSD,2020-04-29T10:45:00+02:00,1706.530,1706.730,1705.880,1706.190,134
SQ:XAUUSD,2020-04-29T10:46:00+02:00,1706.160,1706.330,1706.020,1706.050,41
SQ:XAUUSD,2020-04-29T10:47:00+02:00,1706.060,1706.770,1706.060,1706.300,50
SQ:XAUUSD,2020-04-29T10:48:00+02:00,1706.310,1706.390,1705.980,1706.150,70
SQ:XAUUSD,2020-04-29T10:49:00+02:00,1706.150,1707.130,1706.010,1706.920,69
SQ:XAUUSD,2020-04-29T10:50:00+02:00,1706.920,1707.930,1705.418,1705.540,167
SQ:XAUUSD,2020-04-29T10:51:00+02:00,1705.530,1705.950,1705.120,1705.210,137
SQ:XAUUSD,2020-04-29T10:52:00+02:00,1705.200,1705.990,1704.920,1705.990,152
SQ:XAUUSD,2020-04-29T10:53:00+02:00,1705.990,1706.290,1704.850,1704.880,99
SQ:XAUUSD,2020-04-29T10:54:00+02:00,1704.880,1705.350,1704.650,1704.850,44
SQ:XAUUSD,2020-04-29T10:55:00+02:00,1704.850,1704.960,1704.150,1704.430,79
SQ:XAUUSD,2020-04-29T10:56:00+02:00,1704.470,1704.470,1703.760,1703.780,56
SQ:XAUUSD,2020-04-29T10:57:00+02:00,1703.770,1703.960,1703.620,1703.780,91
SQ:XAUUSD,2020-04-29T10:58:00+02:00,1703.780,1704.590,1703.690,1704.520,94
SQ:XAUUSD,2020-04-29T10:59:00+02:00,1704.510,1704.550,1704.080,1704.190,57
SQ:XAUUSD,2020-04-29T11:00:00+02:00,1704.190,1704.490,1703.830,1704.170,106
SQ:XAUUSD,2020-04-29T11:01:00+02:00,1704.190,1705.030,1704.190,1704.910,114
SQ:XAUUSD,2020-04-29T11:02:00+02:00,1704.870,1705.660,1704.820,1705.400,80
SQ:XAUUSD,2020-04-29T11:03:00+02:00,1705.400,1705.570,1705.190,1705.260,113
SQ:XAUUSD,2020-04-29T11:04:00+02:00,1705.260,1705.540,1704.610,1705.280,71
SQ:XAUUSD,2020-04-29T11:05:00+02:00,1705.270,1705.900,1705.180,1705.700,66
SQ:XAUUSD,2020-04-29T11:06:00+02:00,1705.700,1706.110,1705.650,1705.880,161
SQ:XAUUSD,2020-04-29T11:07:00+02:00,1705.890,1706.140,1705.030,1705.030,92
SQ:XAUUSD,2020-04-29T11:08:00+02:00,1705.030,1705.460,1704.000,1705.440,138
SQ:XAUUSD,2020-04-29T11:09:00+02:00,1705.440,1705.440,1704.910,1705.100,50
SQ:XAUUSD,2020-04-29T11:10:00+02:00,1705.100,1705.750,1705.100,1705.640,59
SQ:XAUUSD,2020-04-29T11:11:00+02:00,1705.640,1705.650,1705.190,1705.210,44
SQ:XAUUSD,2020-04-29T11:12:00+02:00,1705.210,1705.530,1705.060,1705.360,89
SQ:XAUUSD,2020-04-29T11:13:00+02:00,1705.530,1705.890,1704.860,1704.930,64
SQ:XAUUSD,2020-04-29T11:14:00+02:00,1704.930,1705.780,1704.580,1705.480,87
SQ:XAUUSD,2020-04-29T11:15:00+02:00,1705.530,1705.830,1705.480,1705.730,30
SQ:XAUUSD,2020-04-29T11:16:00+02:00,1705.630,1705.880,1705.580,1705.580,19
SQ:XAUUSD,2020-04-29T11:17:00+02:00,1705.630,1706.180,1705.580,1705.880,36
SQ:XAUUSD,2020-04-29T11:18:00+02:00,1705.880,1706.680,1705.120,1705.220,116
SQ:XAUUSD,2020-04-29T11:19:00+02:00,1705.220,1705.320,1704.940,1705.220,152
SQ:XAUUSD,2020-04-29T11:20:00+02:00,1705.240,1705.370,1704.860,1705.050,254
SQ:XAUUSD,2020-04-29T11:21:00+02:00,1705.050,1705.360,1705.000,1705.140,224
SQ:XAUUSD,2020-04-29T11:22:00+02:00,1705.090,1705.320,1704.050,1704.190,161
SQ:XAUUSD,2020-04-29T11:23:00+02:00,1704.080,1704.510,1704.000,1704.420,87
SQ:XAUUSD,2020-04-29T11:24:00+02:00,1704.420,1704.420,1703.890,1703.890,62
SQ:XAUUSD,2020-04-29T11:25:00+02:00,1703.910,1704.680,1703.880,1704.570,56
SQ:XAUUSD,2020-04-29T11:26:00+02:00,1704.570,1705.650,1704.570,1705.410,48
SQ:XAUUSD,2020-04-29T11:27:00+02:00,1705.460,1705.670,1705.140,1705.470,56
SQ:XAUUSD,2020-04-29T11:28:00+02:00,1705.420,1706.470,1705.370,1705.940,87
SQ:XAUUSD,2020-04-29T11:29:00+02:00,1705.940,1706.120,1705.370,1705.480,207
SQ:XAUUSD,2020-04-29T11:30:00+02:00,1705.440,1705.530,1704.450,1704.750,156
SQ:XAUUSD,2020-04-29T11:31:00+02:00,1704.760,1705.660,1704.730,1705.460,138
SQ:XAUUSD,2020-04-29T11:32:00+02:00,1705.460,1705.460,1705.050,1705.230,61
SQ:XAUUSD,2020-04-29T11:33:00+02:00,1705.230,1705.610,1705.060,1705.370,67
SQ:XAUUSD,2020-04-29T11:34:00+02:00,1705.370,1705.940,1705.340,1705.380,293
SQ:XAUUSD,2020-04-29T11:35:00+02:00,1705.430,1705.580,1705.050,1705.400,150
SQ:XAUUSD,2020-04-29T11:36:00+02:00,1705.410,1705.480,1704.950,1705.140,153
SQ:XAUUSD,2020-04-29T11:37:00+02:00,1705.140,1705.540,1705.000,1705.320,100
SQ:XAUUSD,2020-04-29T11:38:00+02:00,1705.350,1705.590,1705.040,1705.170,145
SQ:XAUUSD,2020-04-29T11:39:00+02:00,1705.140,1705.640,1704.580,1705.280,324
SQ:XAUUSD,2020-04-29T11:40:00+02:00,1705.260,1705.870,1704.940,1705.610,346
SQ:XAUUSD,2020-04-29T11:41:00+02:00,1705.390,1705.750,1704.960,1705.020,390
SQ:XAUUSD,2020-04-29T11:42:00+02:00,1705.020,1705.520,1704.600,1704.940,344
SQ:XAUUSD,2020-04-29T11:43:00+02:00,1705.000,1705.620,1704.880,1705.310,315
SQ:XAUUSD,2020-04-29T11:44:00+02:00,1705.300,1705.900,1705.270,1705.690,382
SQ:XAUUSD,2020-04-29T11:45:00+02:00,1705.690,1706.080,1705.520,1705.800,242
SQ:XAUUSD,2020-04-29T11:46:00+02:00,1705.800,1706.080,1705.320,1705.490,151
SQ:XAUUSD,2020-04-29T11:47:00+02:00,1705.430,1706.070,1705.430,1705.540,120
SQ:XAUUSD,2020-04-29T11:48:00+02:00,1705.540,1705.870,1705.450,1705.560,63
SQ:XAUUSD,2020-04-29T11:49:00+02:00,1705.560,1705.820,1705.410,1705.620,76
SQ:XAUUSD,2020-04-29T11:50:00+02:00,1705.620,1705.960,1705.500,1705.520,33
SQ:XAUUSD,2020-04-29T11:51:00+02:00,1705.520,1705.870,1705.430,1705.710,34
SQ:XAUUSD,2020-04-29T11:52:00+02:00,1705.870,1706.100,1705.680,1705.940,50
SQ:XAUUSD,2020-04-29T11:53:00+02:00,1705.940,1706.430,1705.880,1706.230,53
SQ:XAUUSD,2020-04-29T11:54:00+02:00,1706.230,1706.450,1706.040,1706.040,37
SQ:XAUUSD,2020-04-29T11:55:00+02:00,1706.040,1706.350,1705.830,1706.200,62
SQ:XAUUSD,2020-04-29T11:56:00+02:00,1706.200,1706.500,1706.150,1706.290,32
SQ:XAUUSD,2020-04-29T11:57:00+02:00,1706.290,1706.350,1706.010,1706.120,65
SQ:XAUUSD,2020-04-29T11:58:00+02:00,1706.120,1706.460,1706.120,1706.310,33
SQ:XAUUSD,2020-04-29T11:59:00+02:00,1706.310,1706.310,1705.940,1705.970,56
SQ:XAUUSD,2020-04-29T12:00:00+02:00,1706.030,1706.120,1705.830,1705.970,59
SQ:XAUUSD,2020-04-29T12:01:00+02:00,1705.970,1706.020,1705.590,1705.720,38
SQ:XAUUSD,2020-04-29T12:02:00+02:00,1705.720,1706.020,1705.720,1705.970,15
SQ:XAUUSD,2020-04-29T12:03:00+02:00,1705.840,1706.420,1705.840,1706.200,19
SQ:XAUUSD,2020-04-29T12:04:00+02:00,1706.150,1706.290,1705.780,1706.010,31
SQ:XAUUSD,2020-04-29T12:05:00+02:00,1706.010,1706.060,1705.550,1705.670,78
SQ:XAUUSD,2020-04-29T12:06:00+02:00,1705.640,1705.800,1705.530,1705.570,90
SQ:XAUUSD,2020-04-29T12:07:00+02:00,1705.570,1706.260,1705.530,1706.180,44
SQ:XAUUSD,2020-04-29T12:08:00+02:00,1706.180,1706.890,1705.970,1706.780,69
SQ:XAUUSD,2020-04-29T12:09:00+02:00,1706.780,1706.830,1706.470,1706.770,59
SQ:XAUUSD,2020-04-29T12:10:00+02:00,1706.770,1708.210,1706.770,1708.110,134
SQ:XAUUSD,2020-04-29T12:11:00+02:00,1708.050,1708.340,1707.240,1708.210,142
SQ:XAUUSD,2020-04-29T12:12:00+02:00,1708.200,1708.370,1707.480,1707.520,73
SQ:XAUUSD,2020-04-29T12:13:00+02:00,1707.520,1707.656,1707.310,1707.510,90
SQ:XAUUSD,2020-04-29T12:14:00+02:00,1707.500,1707.650,1707.280,1707.370,113
SQ:XAUUSD,2020-04-29T12:15:00+02:00,1707.390,1707.680,1706.700,1706.700,111
SQ:XAUUSD,2020-04-29T12:16:00+02:00,1706.700,1706.750,1706.290,1706.290,39
SQ:XAUUSD,2020-04-29T12:17:00+02:00,1706.290,1706.390,1706.000,1706.110,117
SQ:XAUUSD,2020-04-29T12:18:00+02:00,1706.110,1706.270,1705.540,1705.770,78
SQ:XAUUSD,2020-04-29T12:19:00+02:00,1705.790,1705.940,1704.930,1705.240,226
SQ:XAUUSD,2020-04-29T12:20:00+02:00,1705.280,1706.200,1704.960,1705.700,283
SQ:XAUUSD,2020-04-29T12:21:00+02:00,1705.660,1706.040,1705.360,1705.850,296
SQ:XAUUSD,2020-04-29T12:22:00+02:00,1705.850,1706.050,1705.420,1705.770,212
SQ:XAUUSD,2020-04-29T12:23:00+02:00,1705.770,1707.310,1705.740,1706.580,248
SQ:XAUUSD,2020-04-29T12:24:00+02:00,1706.580,1706.700,1706.090,1706.240,186
SQ:XAUUSD,2020-04-29T12:25:00+02:00,1706.240,1706.330,1705.670,1705.720,140
SQ:XAUUSD,2020-04-29T12:26:00+02:00,1705.720,1705.880,1705.250,1705.480,75
SQ:XAUUSD,2020-04-29T12:27:00+02:00,1705.500,1705.630,1705.310,1705.340,97
SQ:XAUUSD,2020-04-29T12:28:00+02:00,1705.340,1705.640,1705.340,1705.450,188
SQ:XAUUSD,2020-04-29T12:29:00+02:00,1705.450,1705.480,1704.150,1704.460,193
SQ:XAUUSD,2020-04-29T12:30:00+02:00,1704.460,1704.890,1703.670,1703.940,181
SQ:XAUUSD,2020-04-29T12:31:00+02:00,1703.980,1704.980,1703.930,1704.730,144
SQ:XAUUSD,2020-04-29T12:32:00+02:00,1704.730,1704.940,1704.150,1704.330,136
SQ:XAUUSD,2020-04-29T12:33:00+02:00,1704.330,1704.900,1704.020,1704.850,209
SQ:XAUUSD,2020-04-29T12:34:00+02:00,1704.850,1704.940,1703.890,1704.760,250
SQ:XAUUSD,2020-04-29T12:35:00+02:00,1704.800,1705.170,1704.620,1704.670,106
SQ:XAUUSD,2020-04-29T12:36:00+02:00,1704.670,1705.110,1704.610,1704.760,92
SQ:XAUUSD,2020-04-29T12:37:00+02:00,1704.760,1704.850,1704.460,1704.640,76
SQ:XAUUSD,2020-04-29T12:38:00+02:00,1704.540,1704.940,1704.480,1704.700,55
SQ:XAUUSD,2020-04-29T12:39:00+02:00,1704.700,1705.150,1704.540,1704.960,60
SQ:XAUUSD,2020-04-29T12:40:00+02:00,1704.960,1705.490,1704.630,1704.940,62
SQ:XAUUSD,2020-04-29T12:41:00+02:00,1704.940,1705.210,1704.400,1705.050,124
SQ:XAUUSD,2020-04-29T12:42:00+02:00,1705.000,1705.090,1703.940,1704.150,169
SQ:XAUUSD,2020-04-29T12:43:00+02:00,1704.150,1704.300,1703.760,1704.220,173
SQ:XAUUSD,2020-04-29T12:44:00+02:00,1704.220,1704.660,1703.160,1703.770,279
SQ:XAUUSD,2020-04-29T12:45:00+02:00,1703.770,1704.260,1703.430,1703.930,60
SQ:XAUUSD,2020-04-29T12:46:00+02:00,1703.930,1703.930,1703.400,1703.490,183
SQ:XAUUSD,2020-04-29T12:47:00+02:00,1703.480,1704.090,1703.410,1703.680,164
SQ:XAUUSD,2020-04-29T12:48:00+02:00,1703.680,1703.820,1703.460,1703.700,67
SQ:XAUUSD,2020-04-29T12:49:00+02:00,1703.700,1704.410,1703.700,1704.320,50
SQ:XAUUSD,2020-04-29T12:50:00+02:00,1704.320,1704.510,1703.470,1703.750,201
SQ:XAUUSD,2020-04-29T12:51:00+02:00,1703.710,1703.890,1703.610,1703.720,156
SQ:XAUUSD,2020-04-29T12:52:00+02:00,1703.750,1703.830,1703.470,1703.470,322
SQ:XAUUSD,2020-04-29T12:53:00+02:00,1703.500,1703.840,1703.440,1703.640,361
SQ:XAUUSD,2020-04-29T12:54:00+02:00,1703.600,1703.920,1703.460,1703.750,274
SQ:XAUUSD,2020-04-29T12:55:00+02:00,1703.750,1703.870,1703.640,1703.760,178
SQ:XAUUSD,2020-04-29T12:56:00+02:00,1703.810,1703.950,1703.720,1703.760,117
SQ:XAUUSD,2020-04-29T12:57:00+02:00,1703.770,1704.040,1703.670,1703.780,216
SQ:XAUUSD,2020-04-29T12:58:00+02:00,1703.750,1703.780,1703.190,1703.490,129
SQ:XAUUSD,2020-04-29T12:59:00+02:00,1703.490,1703.590,1703.010,1703.170,214
SQ:XAUUSD,2020-04-29T13:00:00+02:00,1703.410,1703.410,1701.840,1702.360,267
SQ:XAUUSD,2020-04-29T13:01:00+02:00,1702.400,1702.680,1701.870,1702.550,112
SQ:XAUUSD,2020-04-29T13:02:00+02:00,1702.680,1703.250,1702.570,1702.910,101
SQ:XAUUSD,2020-04-29T13:03:00+02:00,1702.920,1703.490,1702.580,1703.480,255
SQ:XAUUSD,2020-04-29T13:04:00+02:00,1703.490,1704.540,1703.250,1704.410,255
SQ:XAUUSD,2020-04-29T13:05:00+02:00,1704.410,1704.900,1704.060,1704.210,64
SQ:XAUUSD,2020-04-29T13:06:00+02:00,1704.210,1704.860,1703.910,1704.450,60
SQ:XAUUSD,2020-04-29T13:07:00+02:00,1704.460,1704.620,1704.360,1704.480,65
SQ:XAUUSD,2020-04-29T13:08:00+02:00,1704.480,1704.620,1704.250,1704.360,88
SQ:XAUUSD,2020-04-29T13:09:00+02:00,1704.360,1704.600,1704.110,1704.520,113
SQ:XAUUSD,2020-04-29T13:10:00+02:00,1704.540,1705.300,1704.170,1705.300,89
SQ:XAUUSD,2020-04-29T13:11:00+02:00,1705.220,1706.210,1705.220,1706.010,228
SQ:XAUUSD,2020-04-29T13:12:00+02:00,1706.050,1706.300,1705.360,1706.300,360
SQ:XAUUSD,2020-04-29T13:13:00+02:00,1706.300,1706.470,1705.418,1705.622,284
SQ:XAUUSD,2020-04-29T13:14:00+02:00,1705.598,1706.450,1705.450,1706.420,247
SQ:XAUUSD,2020-04-29T13:15:00+02:00,1706.420,1706.794,1705.900,1706.280,297
SQ:XAUUSD,2020-04-29T13:16:00+02:00,1706.280,1706.370,1705.670,1705.780,181
SQ:XAUUSD,2020-04-29T13:17:00+02:00,1705.780,1706.568,1705.650,1706.438,242
SQ:XAUUSD,2020-04-29T13:18:00+02:00,1706.290,1706.766,1705.838,1705.990,268
SQ:XAUUSD,2020-04-29T13:19:00+02:00,1705.990,1706.596,1705.860,1706.550,380
SQ:XAUUSD,2020-04-29T13:20:00+02:00,1706.530,1706.820,1706.110,1706.110,267
SQ:XAUUSD,2020-04-29T13:21:00+02:00,1706.140,1706.710,1705.812,1706.030,292
SQ:XAUUSD,2020-04-29T13:22:00+02:00,1706.000,1706.360,1705.810,1706.140,270
SQ:XAUUSD,2020-04-29T13:23:00+02:00,1706.110,1706.530,1706.074,1706.380,176
SQ:XAUUSD,2020-04-29T13:24:00+02:00,1705.790,1705.930,1705.630,1705.650,51
SQ:XAUUSD,2020-04-29T13:25:00+02:00,1705.650,1706.190,1705.540,1705.820,58
SQ:XAUUSD,2020-04-29T13:26:00+02:00,1705.820,1706.050,1705.370,1705.660,55
SQ:XAUUSD,2020-04-29T13:27:00+02:00,1705.660,1706.620,1705.650,1705.970,96
SQ:XAUUSD,2020-04-29T13:28:00+02:00,1705.970,1706.190,1705.860,1706.190,31
SQ:XAUUSD,2020-04-29T13:29:00+02:00,1706.230,1707.000,1706.190,1706.650,92
SQ:XAUUSD,2020-04-29T13:30:00+02:00,1706.650,1707.370,1706.550,1706.910,91
SQ:XAUUSD,2020-04-29T13:31:00+02:00,1706.910,1707.110,1706.610,1706.860,49
SQ:XAUUSD,2020-04-29T13:32:00+02:00,1706.900,1708.600,1706.850,1708.350,177
SQ:XAUUSD,2020-04-29T13:33:00+02:00,1708.360,1708.450,1707.940,1708.110,82
SQ:XAUUSD,2020-04-29T13:34:00+02:00,1708.150,1708.240,1707.260,1707.690,101
SQ:XAUUSD,2020-04-29T13:35:00+02:00,1707.740,1707.850,1707.140,1707.200,108
SQ:XAUUSD,2020-04-29T13:36:00+02:00,1707.200,1707.630,1706.930,1707.020,79
SQ:XAUUSD,2020-04-29T13:37:00+02:00,1707.020,1707.520,1706.760,1706.860,81
SQ:XAUUSD,2020-04-29T13:38:00+02:00,1706.870,1707.280,1706.630,1707.020,57
SQ:XAUUSD,2020-04-29T13:39:00+02:00,1707.040,1708.200,1706.920,1707.310,159
SQ:XAUUSD,2020-04-29T13:40:00+02:00,1707.300,1707.922,1707.294,1707.570,159
SQ:XAUUSD,2020-04-29T13:41:00+02:00,1707.570,1708.170,1707.570,1707.650,131
SQ:XAUUSD,2020-04-29T13:42:00+02:00,1707.650,1708.880,1707.650,1707.800,144
SQ:XAUUSD,2020-04-29T13:43:00+02:00,1707.830,1707.860,1707.010,1707.770,157
SQ:XAUUSD,2020-04-29T13:44:00+02:00,1707.720,1708.120,1706.930,1707.410,85
SQ:XAUUSD,2020-04-29T13:45:00+02:00,1707.480,1708.080,1707.340,1707.430,169
SQ:XAUUSD,2020-04-29T13:46:00+02:00,1707.450,1708.270,1707.450,1707.980,186
SQ:XAUUSD,2020-04-29T13:47:00+02:00,1707.950,1708.110,1707.520,1707.620,137
SQ:XAUUSD,2020-04-29T13:48:00+02:00,1707.620,1707.960,1707.370,1707.620,94
SQ:XAUUSD,2020-04-29T13:49:00+02:00,1707.620,1708.060,1707.620,1707.740,113
SQ:XAUUSD,2020-04-29T13:50:00+02:00,1707.740,1708.570,1707.740,1708.460,123
SQ:XAUUSD,2020-04-29T13:51:00+02:00,1708.550,1708.850,1708.310,1708.690,179
SQ:XAUUSD,2020-04-29T13:52:00+02:00,1708.660,1709.270,1708.640,1708.970,83
SQ:XAUUSD,2020-04-29T13:53:00+02:00,1708.970,1709.030,1708.530,1708.780,76
SQ:XAUUSD,2020-04-29T13:54:00+02:00,1708.850,1708.890,1708.350,1708.680,60
SQ:XAUUSD,2020-04-29T13:55:00+02:00,1708.680,1708.720,1708.340,1708.420,83
SQ:XAUUSD,2020-04-29T13:56:00+02:00,1708.420,1708.630,1707.850,1707.900,63
SQ:XAUUSD,2020-04-29T13:57:00+02:00,1707.900,1708.180,1707.810,1708.060,59
SQ:XAUUSD,2020-04-29T13:58:00+02:00,1708.060,1708.380,1708.010,1708.340,30
SQ:XAUUSD,2020-04-29T13:59:00+02:00,1708.340,1709.000,1708.340,1708.820,110
SQ:XAUUSD,2020-04-29T14:00:00+02:00,1708.790,1708.980,1708.600,1708.750,72
SQ:XAUUSD,2020-04-29T14:01:00+02:00,1708.750,1709.690,1708.690,1709.540,89
SQ:XAUUSD,2020-04-29T14:02:00+02:00,1709.540,1709.640,1708.950,1709.040,57
SQ:XAUUSD,2020-04-29T14:03:00+02:00,1709.090,1709.140,1708.000,1708.690,71
SQ:XAUUSD,2020-04-29T14:04:00+02:00,1708.740,1708.890,1708.540,1708.650,35
SQ:XAUUSD,2020-04-29T14:05:00+02:00,1708.650,1708.700,1707.550,1707.600,89
SQ:XAUUSD,2020-04-29T14:06:00+02:00,1707.600,1708.050,1707.530,1708.050,29
SQ:XAUUSD,2020-04-29T14:07:00+02:00,1707.960,1708.730,1707.960,1708.640,169
SQ:XAUUSD,2020-04-29T14:08:00+02:00,1708.640,1708.760,1708.430,1708.490,134
SQ:XAUUSD,2020-04-29T14:09:00+02:00,1708.490,1708.960,1708.430,1708.920,188
SQ:XAUUSD,2020-04-29T14:10:00+02:00,1708.920,1709.370,1708.880,1709.370,108
SQ:XAUUSD,2020-04-29T14:11:00+02:00,1708.980,1709.430,1708.910,1709.386,60
SQ:XAUUSD,2020-04-29T14:12:00+02:00,1709.420,1709.420,1709.168,1709.320,92
SQ:XAUUSD,2020-04-29T14:13:00+02:00,1709.320,1709.744,1709.106,1709.380,109
SQ:XAUUSD,2020-04-29T14:14:00+02:00,1709.340,1711.000,1709.270,1710.860,113
SQ:XAUUSD,2020-04-29T14:15:00+02:00,1710.860,1710.940,1710.290,1710.730,146
SQ:XAUUSD,2020-04-29T14:16:00+02:00,1710.730,1711.680,1710.730,1711.450,103
SQ:XAUUSD,2020-04-29T14:17:00+02:00,1711.450,1711.820,1709.880,1711.710,73
SQ:XAUUSD,2020-04-29T14:18:00+02:00,1711.710,1711.760,1710.770,1710.930,47
SQ:XAUUSD,2020-04-29T14:19:00+02:00,1710.930,1711.480,1710.590,1710.650,75
SQ:XAUUSD,2020-04-29T14:20:00+02:00,1710.600,1711.920,1710.600,1711.030,94
SQ:XAUUSD,2020-04-29T14:21:00+02:00,1711.030,1711.640,1710.830,1711.510,61
SQ:XAUUSD,2020-04-29T14:22:00+02:00,1711.510,1711.510,1709.340,1709.340,94
SQ:XAUUSD,2020-04-29T14:23:00+02:00,1709.320,1709.680,1708.340,1708.500,166
SQ:XAUUSD,2020-04-29T14:24:00+02:00,1708.500,1708.640,1707.920,1708.430,227
SQ:XAUUSD,2020-04-29T14:25:00+02:00,1708.430,1709.250,1707.730,1707.730,126
SQ:XAUUSD,2020-04-29T14:26:00+02:00,1707.670,1708.060,1706.640,1706.770,128
SQ:XAUUSD,2020-04-29T14:27:00+02:00,1706.810,1707.950,1706.600,1707.650,177
SQ:XAUUSD,2020-04-29T14:28:00+02:00,1707.650,1708.080,1707.030,1708.080,153
SQ:XAUUSD,2020-04-29T14:29:00+02:00,1708.140,1709.020,1707.680,1707.810,270
SQ:XAUUSD,2020-04-29T14:30:00+02:00,1707.870,1709.530,1707.460,1707.710,247
SQ:XAUUSD,2020-04-29T14:31:00+02:00,1707.680,1708.390,1703.260,1703.590,391
SQ:XAUUSD,2020-04-29T14:32:00+02:00,1703.590,1704.550,1701.770,1704.550,381
SQ:XAUUSD,2020-04-29T14:33:00+02:00,1704.630,1706.760,1704.630,1705.420,333
SQ:XAUUSD,2020-04-29T14:34:00+02:00,1705.420,1705.840,1704.740,1705.350,211
SQ:XAUUSD,2020-04-29T14:35:00+02:00,1705.350,1706.570,1704.530,1704.660,329
SQ:XAUUSD,2020-04-29T14:36:00+02:00,1704.690,1706.830,1703.880,1706.830,269
SQ:XAUUSD,2020-04-29T14:37:00+02:00,1706.830,1707.900,1705.990,1706.490,173
SQ:XAUUSD,2020-04-29T14:38:00+02:00,1706.490,1706.690,1704.780,1705.730,113
SQ:XAUUSD,2020-04-29T14:39:00+02:00,1705.730,1707.310,1705.570,1707.290,112
SQ:XAUUSD,2020-04-29T14:40:00+02:00,1707.290,1707.810,1706.750,1706.790,192
SQ:XAUUSD,2020-04-29T14:41:00+02:00,1706.790,1706.970,1706.080,1706.610,139
SQ:XAUUSD,2020-04-29T14:42:00+02:00,1706.570,1706.810,1705.300,1705.300,172
SQ:XAUUSD,2020-04-29T14:43:00+02:00,1705.300,1706.100,1705.040,1705.730,175
SQ:XAUUSD,2020-04-29T14:44:00+02:00,1705.720,1706.220,1704.570,1704.570,152
SQ:XAUUSD,2020-04-29T14:45:00+02:00,1704.590,1705.420,1703.040,1703.060,187
SQ:XAUUSD,2020-04-29T14:46:00+02:00,1703.140,1704.790,1702.840,1704.130,202
SQ:XAUUSD,2020-04-29T14:47:00+02:00,1704.130,1704.140,1702.610,1702.620,185
SQ:XAUUSD,2020-04-29T14:48:00+02:00,1702.620,1704.540,1701.500,1703.840,224
SQ:XAUUSD,2020-04-29T14:49:00+02:00,1703.840,1703.840,1700.580,1701.590,251
SQ:XAUUSD,2020-04-29T14:50:00+02:00,1701.540,1703.930,1701.090,1703.570,217
SQ:XAUUSD,2020-04-29T14:51:00+02:00,1703.570,1703.780,1702.360,1702.840,140
SQ:XAUUSD,2020-04-29T14:52:00+02:00,1702.840,1703.850,1702.590,1703.690,211
SQ:XAUUSD,2020-04-29T14:53:00+02:00,1703.640,1704.950,1703.590,1704.830,154
SQ:XAUUSD,2020-04-29T14:54:00+02:00,1704.840,1705.200,1704.540,1705.100,88
SQ:XAUUSD,2020-04-29T14:55:00+02:00,1705.100,1705.590,1704.800,1704.820,108
SQ:XAUUSD,2020-04-29T14:56:00+02:00,1704.820,1705.320,1704.060,1704.280,142
SQ:XAUUSD,2020-04-29T14:57:00+02:00,1704.280,1704.330,1702.610,1702.610,170
SQ:XAUUSD,2020-04-29T14:58:00+02:00,1702.620,1704.330,1702.480,1704.330,126
SQ:XAUUSD,2020-04-29T14:59:00+02:00,1704.320,1704.640,1704.070,1704.620,73
SQ:XAUUSD,2020-04-29T15:00:00+02:00,1704.620,1705.720,1704.370,1704.500,149
SQ:XAUUSD,2020-04-29T15:01:00+02:00,1704.420,1705.380,1704.020,1704.590,124
SQ:XAUUSD,2020-04-29T15:02:00+02:00,1704.530,1704.540,1703.230,1703.230,97
SQ:XAUUSD,2020-04-29T15:03:00+02:00,1703.170,1704.860,1702.910,1704.850,117
SQ:XAUUSD,2020-04-29T15:04:00+02:00,1704.840,1705.360,1703.650,1704.850,214
SQ:XAUUSD,2020-04-29T15:05:00+02:00,1704.890,1705.710,1704.020,1705.480,139
SQ:XAUUSD,2020-04-29T15:06:00+02:00,1705.460,1705.470,1703.950,1704.500,122
SQ:XAUUSD,2020-04-29T15:07:00+02:00,1704.470,1704.990,1704.120,1704.350,113
SQ:XAUUSD,2020-04-29T15:08:00+02:00,1704.370,1705.830,1703.900,1705.400,153
SQ:XAUUSD,2020-04-29T15:09:00+02:00,1705.340,1705.420,1703.870,1704.030,119
SQ:XAUUSD,2020-04-29T15:10:00+02:00,1704.080,1704.460,1702.440,1702.740,147
SQ:XAUUSD,2020-04-29T15:11:00+02:00,1702.740,1702.850,1702.060,1702.140,242
SQ:XAUUSD,2020-04-29T15:12:00+02:00,1702.250,1702.910,1701.650,1702.750,247
SQ:XAUUSD,2020-04-29T15:13:00+02:00,1702.800,1703.010,1699.810,1701.000,440
SQ:XAUUSD,2020-04-29T15:14:00+02:00,1701.000,1701.000,1698.790,1699.780,367
SQ:XAUUSD,2020-04-29T15:15:00+02:00,1699.830,1701.210,1699.060,1699.260,242
SQ:XAUUSD,2020-04-29T15:16:00+02:00,1699.260,1700.060,1697.600,1699.090,345
SQ:XAUUSD,2020-04-29T15:17:00+02:00,1699.110,1700.820,1698.370,1700.260,214
SQ:XAUUSD,2020-04-29T15:18:00+02:00,1700.250,1701.020,1699.700,1700.510,153
SQ:XAUUSD,2020-04-29T15:19:00+02:00,1700.530,1701.990,1700.410,1701.130,136
SQ:XAUUSD,2020-04-29T15:20:00+02:00,1701.170,1702.600,1701.170,1701.790,153
SQ:XAUUSD,2020-04-29T15:21:00+02:00,1701.790,1702.620,1701.180,1701.870,135
SQ:XAUUSD,2020-04-29T15:22:00+02:00,1701.870,1702.020,1700.140,1700.210,141
SQ:XAUUSD,2020-04-29T15:23:00+02:00,1700.210,1700.890,1699.350,1700.570,100
SQ:XAUUSD,2020-04-29T15:24:00+02:00,1700.570,1701.020,1700.250,1700.800,85
SQ:XAUUSD,2020-04-29T15:25:00+02:00,1700.800,1700.950,1698.840,1699.690,134
SQ:XAUUSD,2020-04-29T15:26:00+02:00,1699.690,1700.980,1699.690,1700.440,171
SQ:XAUUSD,2020-04-29T15:27:00+02:00,1700.440,1701.670,1699.916,1701.550,100
SQ:XAUUSD,2020-04-29T15:28:00+02:00,1701.550,1701.630,1700.310,1700.530,119
SQ:XAUUSD,2020-04-29T15:29:00+02:00,1700.530,1701.430,1700.460,1701.010,180
SQ:XAUUSD,2020-04-29T15:30:00+02:00,1701.020,1701.534,1700.540,1701.180,324
SQ:XAUUSD,2020-04-29T15:31:00+02:00,1701.180,1701.330,1699.440,1699.680,154
SQ:XAUUSD,2020-04-29T15:32:00+02:00,1699.680,1701.200,1699.370,1700.782,264
SQ:XAUUSD,2020-04-29T15:33:00+02:00,1700.760,1702.140,1700.580,1701.780,279
SQ:XAUUSD,2020-04-29T15:34:00+02:00,1701.810,1702.620,1701.540,1702.570,238
SQ:XAUUSD,2020-04-29T15:35:00+02:00,1702.570,1702.670,1700.620,1701.290,348
SQ:XAUUSD,2020-04-29T15:36:00+02:00,1701.292,1701.550,1700.680,1700.710,326
SQ:XAUUSD,2020-04-29T15:37:00+02:00,1700.700,1700.980,1699.680,1700.260,192
SQ:XAUUSD,2020-04-29T15:38:00+02:00,1700.518,1700.786,1700.050,1700.460,468
SQ:XAUUSD,2020-04-29T15:39:00+02:00,1700.450,1700.960,1700.170,1700.310,289
SQ:XAUUSD,2020-04-29T15:40:00+02:00,1700.270,1701.436,1700.250,1700.420,402
SQ:XAUUSD,2020-04-29T15:41:00+02:00,1700.496,1701.726,1700.416,1701.124,267
SQ:XAUUSD,2020-04-29T15:42:00+02:00,1701.138,1701.990,1700.890,1701.530,286
SQ:XAUUSD,2020-04-29T15:43:00+02:00,1701.490,1701.834,1700.920,1701.100,274
SQ:XAUUSD,2020-04-29T15:44:00+02:00,1701.128,1701.810,1699.640,1699.780,339
SQ:XAUUSD,2020-04-29T15:45:00+02:00,1699.720,1701.500,1699.710,1700.794,383
SQ:XAUUSD,2020-04-29T15:46:00+02:00,1700.804,1701.068,1699.874,1700.150,383
SQ:XAUUSD,2020-04-29T15:47:00+02:00,1700.150,1701.604,1699.690,1701.484,358
SQ:XAUUSD,2020-04-29T15:48:00+02:00,1701.484,1704.110,1701.300,1703.480,291
SQ:XAUUSD,2020-04-29T15:49:00+02:00,1703.018,1704.480,1703.010,1703.750,241
SQ:XAUUSD,2020-04-29T15:50:00+02:00,1703.810,1704.010,1703.140,1703.866,212
SQ:XAUUSD,2020-04-29T15:51:00+02:00,1703.858,1703.958,1703.140,1703.514,266
SQ:XAUUSD,2020-04-29T15:52:00+02:00,1703.524,1704.150,1702.980,1703.260,180
SQ:XAUUSD,2020-04-29T15:53:00+02:00,1703.260,1703.410,1702.480,1702.940,258
SQ:XAUUSD,2020-04-29T15:54:00+02:00,1703.008,1703.082,1702.410,1702.962,417
SQ:XAUUSD,2020-04-29T15:55:00+02:00,1702.962,1703.990,1702.800,1703.880,524
SQ:XAUUSD,2020-04-29T15:56:00+02:00,1703.890,1705.380,1703.520,1704.650,138
SQ:XAUUSD,2020-04-29T15:57:00+02:00,1704.650,1705.000,1704.490,1704.830,93
SQ:XAUUSD,2020-04-29T15:58:00+02:00,1704.830,1705.840,1704.460,1705.680,172
SQ:XAUUSD,2020-04-29T15:59:00+02:00,1705.742,1706.280,1704.630,1706.010,274
SQ:XAUUSD,2020-04-29T16:00:00+02:00,1705.990,1706.010,1704.260,1704.830,299
SQ:XAUUSD,2020-04-29T16:01:00+02:00,1704.910,1704.910,1703.430,1703.770,250
SQ:XAUUSD,2020-04-29T16:02:00+02:00,1703.790,1704.850,1703.660,1704.570,89
SQ:XAUUSD,2020-04-29T16:03:00+02:00,1704.618,1705.032,1704.020,1704.110,97
SQ:XAUUSD,2020-04-29T16:04:00+02:00,1704.110,1704.520,1703.810,1704.270,67
SQ:XAUUSD,2020-04-29T16:05:00+02:00,1704.270,1704.560,1703.430,1703.630,126
SQ:XAUUSD,2020-04-29T16:06:00+02:00,1703.630,1704.040,1703.160,1703.330,101
SQ:XAUUSD,2020-04-29T16:07:00+02:00,1703.330,1704.240,1703.160,1704.090,102
SQ:XAUUSD,2020-04-29T16:08:00+02:00,1704.090,1704.440,1703.830,1704.190,63
SQ:XAUUSD,2020-04-29T16:09:00+02:00,1704.190,1704.410,1703.590,1703.590,114
SQ:XAUUSD,2020-04-29T16:10:00+02:00,1703.590,1705.310,1703.590,1704.420,132
SQ:XAUUSD,2020-04-29T16:11:00+02:00,1704.420,1704.870,1704.150,1704.570,64
SQ:XAUUSD,2020-04-29T16:12:00+02:00,1704.570,1705.130,1704.500,1704.760,67
SQ:XAUUSD,2020-04-29T16:13:00+02:00,1704.760,1705.360,1704.580,1704.700,70
SQ:XAUUSD,2020-04-29T16:14:00+02:00,1704.700,1705.120,1703.900,1704.330,96
SQ:XAUUSD,2020-04-29T16:15:00+02:00,1704.330,1704.960,1704.120,1704.350,62
SQ:XAUUSD,2020-04-29T16:16:00+02:00,1704.350,1704.760,1703.890,1704.060,64
SQ:XAUUSD,2020-04-29T16:17:00+02:00,1704.060,1704.060,1703.070,1703.140,79
SQ:XAUUSD,2020-04-29T16:18:00+02:00,1703.160,1703.220,1702.640,1702.700,85
SQ:XAUUSD,2020-04-29T16:19:00+02:00,1702.700,1702.760,1701.570,1701.570,216
SQ:XAUUSD,2020-04-29T16:20:00+02:00,1701.570,1701.826,1700.670,1700.790,221
SQ:XAUUSD,2020-04-29T16:21:00+02:00,1700.790,1701.170,1700.560,1701.000,124
SQ:XAUUSD,2020-04-29T16:22:00+02:00,1701.000,1701.596,1700.830,1701.180,296
SQ:XAUUSD,2020-04-29T16:23:00+02:00,1701.180,1702.580,1701.080,1702.490,291
SQ:XAUUSD,2020-04-29T16:24:00+02:00,1702.490,1702.980,1702.490,1702.950,77
SQ:XAUUSD,2020-04-29T16:25:00+02:00,1702.950,1702.950,1702.080,1702.240,63
SQ:XAUUSD,2020-04-29T16:26:00+02:00,1702.240,1702.650,1702.160,1702.270,199
SQ:XAUUSD,2020-04-29T16:27:00+02:00,1702.350,1703.120,1701.740,1701.820,246
SQ:XAUUSD,2020-04-29T16:28:00+02:00,1701.820,1702.600,1701.720,1702.360,57
SQ:XAUUSD,2020-04-29T16:29:00+02:00,1702.360,1702.990,1702.070,1702.210,73
SQ:XAUUSD,2020-04-29T16:30:00+02:00,1702.210,1702.660,1702.010,1702.600,60
SQ:XAUUSD,2020-04-29T16:31:00+02:00,1702.600,1702.600,1702.020,1702.210,48
SQ:XAUUSD,2020-04-29T16:32:00+02:00,1702.210,1702.280,1700.004,1700.092,370
SQ:XAUUSD,2020-04-29T16:33:00+02:00,1700.124,1700.298,1699.340,1700.100,357
SQ:XAUUSD,2020-04-29T16:34:00+02:00,1700.050,1701.390,1699.810,1700.938,231
SQ:XAUUSD,2020-04-29T16:35:00+02:00,1700.904,1701.300,1700.496,1700.738,246
SQ:XAUUSD,2020-04-29T16:36:00+02:00,1700.744,1701.890,1700.668,1700.830,331
SQ:XAUUSD,2020-04-29T16:37:00+02:00,1700.830,1701.680,1700.766,1700.876,237
SQ:XAUUSD,2020-04-29T16:38:00+02:00,1700.878,1701.140,1700.110,1701.046,432
SQ:XAUUSD,2020-04-29T16:39:00+02:00,1701.046,1701.500,1700.900,1701.300,255
SQ:XAUUSD,2020-04-29T16:40:00+02:00,1701.300,1702.420,1701.200,1702.170,310
SQ:XAUUSD,2020-04-29T16:41:00+02:00,1702.170,1702.640,1701.910,1702.090,101
SQ:XAUUSD,2020-04-29T16:42:00+02:00,1702.090,1702.830,1700.680,1702.530,308
SQ:XAUUSD,2020-04-29T16:43:00+02:00,1702.720,1702.940,1701.440,1701.920,214
SQ:XAUUSD,2020-04-29T16:44:00+02:00,1701.920,1702.390,1701.550,1702.100,185
SQ:XAUUSD,2020-04-29T16:45:00+02:00,1702.100,1702.160,1701.230,1701.530,127
SQ:XAUUSD,2020-04-29T16:46:00+02:00,1701.530,1701.530,1700.370,1700.370,252
SQ:XAUUSD,2020-04-29T16:47:00+02:00,1700.360,1701.080,1700.270,1700.730,99
SQ:XAUUSD,2020-04-29T16:48:00+02:00,1700.840,1702.370,1700.790,1701.790,83
SQ:XAUUSD,2020-04-29T16:49:00+02:00,1701.790,1701.820,1700.590,1701.320,85
SQ:XAUUSD,2020-04-29T16:50:00+02:00,1701.320,1701.610,1700.650,1700.820,106
SQ:XAUUSD,2020-04-29T16:51:00+02:00,1700.820,1701.070,1700.650,1700.900,57
SQ:XAUUSD,2020-04-29T16:52:00+02:00,1700.900,1702.320,1700.760,1700.940,148
SQ:XAUUSD,2020-04-29T16:53:00+02:00,1700.940,1701.380,1699.820,1699.920,88
SQ:XAUUSD,2020-04-29T16:54:00+02:00,1699.920,1700.670,1699.670,1699.790,129
SQ:XAUUSD,2020-04-29T16:55:00+02:00,1699.790,1700.940,1699.600,1700.660,220
SQ:XAUUSD,2020-04-29T16:56:00+02:00,1700.660,1700.940,1699.490,1699.790,320
SQ:XAUUSD,2020-04-29T16:57:00+02:00,1699.790,1700.890,1699.660,1700.580,248
SQ:XAUUSD,2020-04-29T16:58:00+02:00,1700.620,1701.130,1700.030,1700.110,252
SQ:XAUUSD,2020-04-29T16:59:00+02:00,1700.070,1700.990,1699.760,1700.790,336
SQ:XAUUSD,2020-04-29T17:00:00+02:00,1700.790,1700.900,1699.760,1700.240,410
SQ:XAUUSD,2020-04-29T17:01:00+02:00,1700.240,1700.670,1699.600,1700.410,283
SQ:XAUUSD,2020-04-29T17:02:00+02:00,1700.490,1700.630,1699.410,1700.430,192
SQ:XAUUSD,2020-04-29T17:03:00+02:00,1700.430,1700.740,1699.910,1700.540,139
SQ:XAUUSD,2020-04-29T17:04:00+02:00,1700.480,1700.680,1699.960,1700.420,197
SQ:XAUUSD,2020-04-29T17:05:00+02:00,1700.420,1701.350,1699.920,1701.350,145
SQ:XAUUSD,2020-04-29T17:06:00+02:00,1701.300,1701.380,1700.450,1701.290,173
SQ:XAUUSD,2020-04-29T17:07:00+02:00,1701.290,1701.356,1700.744,1701.284,226
SQ:XAUUSD,2020-04-29T17:08:00+02:00,1701.350,1701.620,1700.460,1701.600,338
SQ:XAUUSD,2020-04-29T17:09:00+02:00,1701.500,1702.620,1701.500,1702.050,161
SQ:XAUUSD,2020-04-29T17:10:00+02:00,1702.050,1702.310,1701.610,1701.660,121
SQ:XAUUSD,2020-04-29T17:11:00+02:00,1701.640,1702.360,1701.000,1701.040,245
SQ:XAUUSD,2020-04-29T17:12:00+02:00,1701.040,1701.360,1700.750,1700.820,73
SQ:XAUUSD,2020-04-29T17:13:00+02:00,1700.820,1701.220,1699.620,1699.720,294
SQ:XAUUSD,2020-04-29T17:14:00+02:00,1699.790,1700.448,1699.530,1700.310,209
SQ:XAUUSD,2020-04-29T17:15:00+02:00,1700.328,1700.518,1699.900,1700.050,221
SQ:XAUUSD,2020-04-29T17:16:00+02:00,1700.070,1700.940,1699.540,1700.510,277
SQ:XAUUSD,2020-04-29T17:17:00+02:00,1700.510,1700.770,1700.280,1700.550,237
SQ:XAUUSD,2020-04-29T17:18:00+02:00,1700.550,1700.550,1700.140,1700.190,145
SQ:XAUUSD,2020-04-29T17:19:00+02:00,1700.160,1700.280,1699.570,1699.870,125
SQ:XAUUSD,2020-04-29T17:20:00+02:00,1699.870,1699.960,1699.200,1699.670,168
SQ:XAUUSD,2020-04-29T17:21:00+02:00,1699.670,1701.180,1699.660,1701.120,113
SQ:XAUUSD,2020-04-29T17:22:00+02:00,1701.130,1701.760,1700.680,1701.240,142
SQ:XAUUSD,2020-04-29T17:23:00+02:00,1701.240,1702.050,1701.220,1701.870,125
SQ:XAUUSD,2020-04-29T17:24:00+02:00,1701.870,1703.870,1701.860,1703.830,263
SQ:XAUUSD,2020-04-29T17:25:00+02:00,1703.800,1703.800,1702.850,1703.220,141
SQ:XAUUSD,2020-04-29T17:26:00+02:00,1703.220,1704.210,1703.010,1704.200,149
SQ:XAUUSD,2020-04-29T17:27:00+02:00,1704.160,1704.960,1703.042,1703.890,177
SQ:XAUUSD,2020-04-29T17:28:00+02:00,1703.890,1703.940,1703.050,1703.050,49
SQ:XAUUSD,2020-04-29T17:29:00+02:00,1703.050,1703.260,1702.720,1702.940,49
SQ:XAUUSD,2020-04-29T17:30:00+02:00,1702.940,1703.020,1702.520,1702.740,46
SQ:XAUUSD,2020-04-29T17:31:00+02:00,1702.740,1702.750,1702.170,1702.500,54
SQ:XAUUSD,2020-04-29T17:32:00+02:00,1702.500,1702.890,1702.500,1702.840,33
SQ:XAUUSD,2020-04-29T17:33:00+02:00,1702.840,1702.910,1702.180,1702.290,115
SQ:XAUUSD,2020-04-29T17:34:00+02:00,1702.290,1703.520,1702.280,1703.460,79
SQ:XAUUSD,2020-04-29T17:35:00+02:00,1703.460,1703.680,1702.200,1702.230,107
SQ:XAUUSD,2020-04-29T17:36:00+02:00,1702.260,1703.220,1701.760,1701.870,185
SQ:XAUUSD,2020-04-29T17:37:00+02:00,1701.870,1702.420,1701.670,1702.100,107
SQ:XAUUSD,2020-04-29T17:38:00+02:00,1702.100,1702.520,1701.670,1702.250,170
SQ:XAUUSD,2020-04-29T17:39:00+02:00,1702.270,1702.680,1701.930,1702.560,117
SQ:XAUUSD,2020-04-29T17:40:00+02:00,1702.560,1702.920,1702.390,1702.500,105
SQ:XAUUSD,2020-04-29T17:41:00+02:00,1702.500,1702.520,1701.670,1701.852,99
SQ:XAUUSD,2020-04-29T17:42:00+02:00,1701.852,1702.234,1701.740,1701.904,150
SQ:XAUUSD,2020-04-29T17:43:00+02:00,1701.940,1702.110,1701.720,1702.100,134
SQ:XAUUSD,2020-04-29T17:44:00+02:00,1702.020,1702.390,1702.010,1702.220,92
SQ:XAUUSD,2020-04-29T17:45:00+02:00,1702.220,1703.280,1702.160,1703.120,137
SQ:XAUUSD,2020-04-29T17:46:00+02:00,1703.120,1703.260,1702.890,1702.910,96
SQ:XAUUSD,2020-04-29T17:47:00+02:00,1702.950,1703.020,1702.630,1702.988,93
SQ:XAUUSD,2020-04-29T17:48:00+02:00,1702.988,1703.200,1702.580,1702.950,105
SQ:XAUUSD,2020-04-29T17:49:00+02:00,1702.950,1703.340,1702.946,1703.204,58
SQ:XAUUSD,2020-04-29T17:50:00+02:00,1703.200,1703.250,1702.580,1702.610,154
SQ:XAUUSD,2020-04-29T17:51:00+02:00,1702.610,1702.700,1702.280,1702.700,33
SQ:XAUUSD,2020-04-29T17:52:00+02:00,1702.640,1702.640,1702.170,1702.460,36
SQ:XAUUSD,2020-04-29T17:53:00+02:00,1702.460,1704.210,1702.440,1703.730,68
SQ:XAUUSD,2020-04-29T17:54:00+02:00,1703.440,1703.940,1703.440,1703.780,55
SQ:XAUUSD,2020-04-29T17:55:00+02:00,1703.780,1704.056,1703.200,1703.364,212
SQ:XAUUSD,2020-04-29T17:56:00+02:00,1703.260,1703.554,1702.920,1703.362,175
SQ:XAUUSD,2020-04-29T17:57:00+02:00,1703.360,1703.732,1702.860,1703.362,136
SQ:XAUUSD,2020-04-29T17:58:00+02:00,1702.950,1703.576,1702.500,1702.928,298
SQ:XAUUSD,2020-04-29T17:59:00+02:00,1702.928,1703.156,1702.340,1702.520,255
SQ:XAUUSD,2020-04-29T18:00:00+02:00,1702.644,1703.420,1702.430,1702.916,272
SQ:XAUUSD,2020-04-29T18:01:00+02:00,1702.968,1703.350,1702.670,1703.144,232
SQ:XAUUSD,2020-04-29T18:02:00+02:00,1703.144,1703.192,1701.850,1702.528,364
SQ:XAUUSD,2020-04-29T18:03:00+02:00,1702.384,1702.500,1701.390,1701.844,270
SQ:XAUUSD,2020-04-29T18:04:00+02:00,1701.670,1702.400,1701.540,1702.208,103
SQ:XAUUSD,2020-04-29T18:05:00+02:00,1702.228,1702.228,1701.550,1702.160,123
SQ:XAUUSD,2020-04-29T18:06:00+02:00,1701.890,1702.400,1701.820,1702.330,146
SQ:XAUUSD,2020-04-29T18:07:00+02:00,1702.330,1702.530,1702.080,1702.520,124
SQ:XAUUSD,2020-04-29T18:08:00+02:00,1702.520,1702.520,1702.130,1702.350,107
SQ:XAUUSD,2020-04-29T18:09:00+02:00,1702.350,1703.370,1702.150,1703.140,107
SQ:XAUUSD,2020-04-29T18:10:00+02:00,1703.140,1703.570,1703.070,1703.090,59
SQ:XAUUSD,2020-04-29T18:11:00+02:00,1703.090,1703.380,1702.830,1702.860,39
SQ:XAUUSD,2020-04-29T18:12:00+02:00,1702.830,1702.830,1702.440,1702.620,46
SQ:XAUUSD,2020-04-29T18:13:00+02:00,1702.700,1703.110,1702.380,1702.890,42
SQ:XAUUSD,2020-04-29T18:14:00+02:00,1702.910,1703.260,1702.680,1702.950,55
SQ:XAUUSD,2020-04-29T18:15:00+02:00,1702.950,1703.350,1702.870,1703.110,112
SQ:XAUUSD,2020-04-29T18:16:00+02:00,1703.110,1703.360,1702.890,1703.050,119
SQ:XAUUSD,2020-04-29T18:17:00+02:00,1703.060,1703.260,1702.940,1702.940,42
SQ:XAUUSD,2020-04-29T18:18:00+02:00,1702.940,1702.950,1701.950,1702.400,53
SQ:XAUUSD,2020-04-29T18:19:00+02:00,1702.400,1703.020,1702.180,1702.940,86
SQ:XAUUSD,2020-04-29T18:20:00+02:00,1702.920,1704.330,1702.450,1702.850,198
SQ:XAUUSD,2020-04-29T18:21:00+02:00,1702.920,1702.950,1701.910,1702.740,84
SQ:XAUUSD,2020-04-29T18:22:00+02:00,1702.780,1703.510,1702.290,1702.820,79
SQ:XAUUSD,2020-04-29T18:23:00+02:00,1702.820,1702.970,1702.140,1702.520,157
SQ:XAUUSD,2020-04-29T18:24:00+02:00,1702.520,1702.540,1701.630,1702.070,255
SQ:XAUUSD,2020-04-29T18:25:00+02:00,1702.030,1702.030,1701.100,1701.510,148
SQ:XAUUSD,2020-04-29T18:26:00+02:00,1701.370,1701.720,1700.700,1701.280,197
SQ:XAUUSD,2020-04-29T18:27:00+02:00,1701.280,1702.210,1701.280,1701.830,80
SQ:XAUUSD,2020-04-29T18:28:00+02:00,1701.830,1702.100,1701.480,1701.700,85
SQ:XAUUSD,2020-04-29T18:29:00+02:00,1701.700,1701.950,1701.350,1701.750,41
SQ:XAUUSD,2020-04-29T18:30:00+02:00,1701.750,1701.890,1701.050,1701.050,55
SQ:XAUUSD,2020-04-29T18:31:00+02:00,1701.050,1701.380,1700.370,1700.930,177
SQ:XAUUSD,2020-04-29T18:32:00+02:00,1701.150,1702.770,1700.920,1702.760,241
SQ:XAUUSD,2020-04-29T18:33:00+02:00,1702.760,1702.760,1701.840,1702.320,71
SQ:XAUUSD,2020-04-29T18:34:00+02:00,1702.420,1702.620,1701.160,1701.190,107
SQ:XAUUSD,2020-04-29T18:35:00+02:00,1701.220,1702.800,1701.000,1702.120,255
SQ:XAUUSD,2020-04-29T18:36:00+02:00,1702.090,1702.250,1701.660,1701.960,141
SQ:XAUUSD,2020-04-29T18:37:00+02:00,1701.860,1702.120,1701.610,1701.610,136
SQ:XAUUSD,2020-04-29T18:38:00+02:00,1701.610,1701.700,1701.280,1701.510,44
SQ:XAUUSD,2020-04-29T18:39:00+02:00,1701.510,1701.550,1701.020,1701.330,109
SQ:XAUUSD,2020-04-29T18:40:00+02:00,1701.330,1701.520,1700.870,1700.870,89
SQ:XAUUSD,2020-04-29T18:41:00+02:00,1700.870,1701.620,1700.870,1700.980,240
SQ:XAUUSD,2020-04-29T18:42:00+02:00,1700.980,1701.760,1700.320,1700.560,195
SQ:XAUUSD,2020-04-29T18:43:00+02:00,1700.560,1701.340,1699.810,1700.770,293
SQ:XAUUSD,2020-04-29T18:44:00+02:00,1700.770,1701.160,1700.230,1700.470,211
SQ:XAUUSD,2020-04-29T18:45:00+02:00,1700.560,1701.060,1699.850,1700.230,276
SQ:XAUUSD,2020-04-29T18:46:00+02:00,1700.230,1700.700,1699.860,1699.990,174
SQ:XAUUSD,2020-04-29T18:47:00+02:00,1699.990,1700.760,1699.170,1699.950,314
SQ:XAUUSD,2020-04-29T18:48:00+02:00,1699.380,1700.230,1699.230,1699.280,232
SQ:XAUUSD,2020-04-29T18:49:00+02:00,1699.560,1700.550,1699.270,1699.710,247
SQ:XAUUSD,2020-04-29T18:50:00+02:00,1700.350,1700.560,1699.700,1700.070,164
SQ:XAUUSD,2020-04-29T18:51:00+02:00,1700.070,1700.760,1699.630,1700.100,353
SQ:XAUUSD,2020-04-29T18:52:00+02:00,1700.100,1701.280,1699.900,1700.700,491
SQ:XAUUSD,2020-04-29T18:53:00+02:00,1700.700,1701.700,1700.490,1701.320,358
SQ:XAUUSD,2020-04-29T18:54:00+02:00,1701.320,1701.600,1700.340,1700.450,275
SQ:XAUUSD,2020-04-29T18:55:00+02:00,1700.400,1700.730,1699.890,1700.020,232
SQ:XAUUSD,2020-04-29T18:56:00+02:00,1700.150,1700.540,1699.760,1699.990,220
SQ:XAUUSD,2020-04-29T18:57:00+02:00,1699.990,1700.440,1699.200,1699.720,313
SQ:XAUUSD,2020-04-29T18:58:00+02:00,1699.490,1700.220,1699.260,1699.490,291
SQ:XAUUSD,2020-04-29T18:59:00+02:00,1699.910,1700.520,1699.260,1699.360,480
SQ:XAUUSD,2020-04-29T19:00:00+02:00,1700.050,1700.310,1699.460,1699.800,273
SQ:XAUUSD,2020-04-29T19:01:00+02:00,1699.750,1700.410,1699.330,1699.750,117
SQ:XAUUSD,2020-04-29T19:02:00+02:00,1699.750,1701.180,1699.600,1700.140,201
SQ:XAUUSD,2020-04-29T19:03:00+02:00,1700.140,1701.220,1700.030,1700.810,274
SQ:XAUUSD,2020-04-29T19:04:00+02:00,1700.810,1701.360,1699.600,1700.070,173
SQ:XAUUSD,2020-04-29T19:05:00+02:00,1700.050,1700.420,1698.000,1698.410,351
SQ:XAUUSD,2020-04-29T19:06:00+02:00,1698.410,1699.550,1698.310,1698.770,193
SQ:XAUUSD,2020-04-29T19:07:00+02:00,1698.770,1700.580,1698.550,1700.060,223
SQ:XAUUSD,2020-04-29T19:08:00+02:00,1700.060,1700.450,1699.390,1699.540,124
SQ:XAUUSD,2020-04-29T19:09:00+02:00,1699.540,1699.800,1699.170,1699.500,42
SQ:XAUUSD,2020-04-29T19:10:00+02:00,1699.460,1699.630,1699.310,1699.350,31
SQ:XAUUSD,2020-04-29T19:11:00+02:00,1699.350,1699.750,1698.910,1698.940,141
SQ:XAUUSD,2020-04-29T19:12:00+02:00,1698.940,1699.210,1698.680,1698.850,71
SQ:XAUUSD,2020-04-29T19:13:00+02:00,1698.850,1699.190,1698.770,1698.790,43
SQ:XAUUSD,2020-04-29T19:14:00+02:00,1698.790,1700.080,1698.750,1698.950,120
SQ:XAUUSD,2020-04-29T19:15:00+02:00,1698.950,1700.380,1698.950,1700.240,251
SQ:XAUUSD,2020-04-29T19:16:00+02:00,1700.240,1700.720,1700.160,1700.220,153
SQ:XAUUSD,2020-04-29T19:17:00+02:00,1700.210,1701.500,1700.170,1701.040,235
SQ:XAUUSD,2020-04-29T19:18:00+02:00,1701.040,1701.360,1700.920,1700.950,89
SQ:XAUUSD,2020-04-29T19:19:00+02:00,1700.950,1701.548,1700.450,1701.330,165
SQ:XAUUSD,2020-04-29T19:20:00+02:00,1701.330,1701.880,1701.170,1701.170,112
SQ:XAUUSD,2020-04-29T19:21:00+02:00,1701.170,1701.170,1700.170,1700.510,195
SQ:XAUUSD,2020-04-29T19:22:00+02:00,1700.590,1700.590,1699.948,1700.244,183
SQ:XAUUSD,2020-04-29T19:23:00+02:00,1700.244,1700.506,1699.736,1699.756,270
SQ:XAUUSD,2020-04-29T19:24:00+02:00,1699.808,1700.546,1699.700,1700.396,288
SQ:XAUUSD,2020-04-29T19:25:00+02:00,1700.396,1701.130,1700.200,1700.710,223
SQ:XAUUSD,2020-04-29T19:26:00+02:00,1700.750,1700.910,1699.930,1700.270,210
SQ:XAUUSD,2020-04-29T19:27:00+02:00,1700.280,1700.810,1699.590,1700.730,269
SQ:XAUUSD,2020-04-29T19:28:00+02:00,1700.730,1700.770,1700.040,1700.360,172
SQ:XAUUSD,2020-04-29T19:29:00+02:00,1700.310,1701.100,1700.160,1700.570,287
SQ:XAUUSD,2020-04-29T19:30:00+02:00,1700.570,1701.490,1700.570,1701.230,82
SQ:XAUUSD,2020-04-29T19:31:00+02:00,1701.280,1701.700,1700.680,1700.840,71
SQ:XAUUSD,2020-04-29T19:32:00+02:00,1700.840,1701.080,1700.450,1700.950,132
SQ:XAUUSD,2020-04-29T19:33:00+02:00,1700.950,1701.690,1700.930,1701.550,247
SQ:XAUUSD,2020-04-29T19:34:00+02:00,1701.550,1702.410,1701.550,1702.030,91
SQ:XAUUSD,2020-04-29T19:35:00+02:00,1702.030,1702.170,1701.530,1701.780,114
SQ:XAUUSD,2020-04-29T19:36:00+02:00,1701.780,1702.030,1701.650,1701.930,218
SQ:XAUUSD,2020-04-29T19:37:00+02:00,1701.930,1702.070,1701.620,1702.070,129
SQ:XAUUSD,2020-04-29T19:38:00+02:00,1702.070,1702.080,1701.650,1701.840,210
SQ:XAUUSD,2020-04-29T19:39:00+02:00,1701.990,1702.000,1701.480,1701.590,208
SQ:XAUUSD,2020-04-29T19:40:00+02:00,1701.620,1701.950,1701.460,1701.490,179
SQ:XAUUSD,2020-04-29T19:41:00+02:00,1701.510,1702.000,1701.420,1701.750,189
SQ:XAUUSD,2020-04-29T19:42:00+02:00,1701.790,1702.190,1701.730,1701.740,151
SQ:XAUUSD,2020-04-29T19:43:00+02:00,1701.740,1702.240,1701.660,1702.070,94
SQ:XAUUSD,2020-04-29T19:44:00+02:00,1702.070,1703.050,1702.030,1702.240,139
SQ:XAUUSD,2020-04-29T19:45:00+02:00,1702.240,1702.550,1701.690,1701.890,52
SQ:XAUUSD,2020-04-29T19:46:00+02:00,1701.890,1702.020,1701.480,1702.020,51
SQ:XAUUSD,2020-04-29T19:47:00+02:00,1702.020,1702.910,1701.920,1702.790,130
SQ:XAUUSD,2020-04-29T19:48:00+02:00,1702.790,1703.240,1702.540,1702.990,275
SQ:XAUUSD,2020-04-29T19:49:00+02:00,1702.990,1703.320,1702.690,1702.820,198
SQ:XAUUSD,2020-04-29T19:50:00+02:00,1702.840,1703.318,1702.710,1703.080,151
SQ:XAUUSD,2020-04-29T19:51:00+02:00,1703.100,1703.320,1702.906,1703.300,107
SQ:XAUUSD,2020-04-29T19:52:00+02:00,1703.300,1703.620,1703.200,1703.580,302
SQ:XAUUSD,2020-04-29T19:53:00+02:00,1703.620,1703.930,1703.480,1703.510,253
SQ:XAUUSD,2020-04-29T19:54:00+02:00,1703.510,1703.630,1703.340,1703.410,83
SQ:XAUUSD,2020-04-29T19:55:00+02:00,1703.410,1703.520,1703.170,1703.460,39
SQ:XAUUSD,2020-04-29T19:56:00+02:00,1703.490,1703.720,1703.410,1703.530,29
SQ:XAUUSD,2020-04-29T19:57:00+02:00,1703.530,1704.420,1703.520,1704.420,51
SQ:XAUUSD,2020-04-29T19:58:00+02:00,1704.510,1704.560,1704.150,1704.160,129
SQ:XAUUSD,2020-04-29T19:59:00+02:00,1704.160,1704.170,1702.250,1702.870,143
SQ:XAUUSD,2020-04-29T20:00:00+02:00,1702.870,1706.540,1702.870,1704.800,292
SQ:XAUUSD,2020-04-29T20:01:00+02:00,1704.800,1708.450,1704.770,1707.260,316
SQ:XAUUSD,2020-04-29T20:02:00+02:00,1707.260,1708.040,1705.256,1705.650,329
SQ:XAUUSD,2020-04-29T20:03:00+02:00,1705.650,1706.800,1703.710,1703.920,198
SQ:XAUUSD,2020-04-29T20:04:00+02:00,1703.920,1705.830,1703.720,1705.320,182
SQ:XAUUSD,2020-04-29T20:05:00+02:00,1705.320,1705.530,1704.090,1704.462,219
SQ:XAUUSD,2020-04-29T20:06:00+02:00,1704.466,1704.830,1702.250,1702.640,258
SQ:XAUUSD,2020-04-29T20:07:00+02:00,1702.580,1703.860,1702.250,1702.250,144
SQ:XAUUSD,2020-04-29T20:08:00+02:00,1702.250,1703.020,1702.250,1702.630,69
SQ:XAUUSD,2020-04-29T20:09:00+02:00,1702.650,1702.690,1700.550,1701.004,313
SQ:XAUUSD,2020-04-29T20:10:00+02:00,1701.018,1702.666,1700.720,1702.520,426
SQ:XAUUSD,2020-04-29T20:11:00+02:00,1702.540,1702.852,1701.610,1701.980,84
SQ:XAUUSD,2020-04-29T20:12:00+02:00,1701.990,1703.310,1701.980,1703.160,110
SQ:XAUUSD,2020-04-29T20:13:00+02:00,1703.160,1703.160,1701.390,1701.440,114
SQ:XAUUSD,2020-04-29T20:14:00+02:00,1701.470,1702.770,1701.470,1702.400,69
SQ:XAUUSD,2020-04-29T20:15:00+02:00,1702.400,1703.240,1701.970,1702.470,82
SQ:XAUUSD,2020-04-29T20:16:00+02:00,1702.470,1702.900,1699.870,1700.890,325
SQ:XAUUSD,2020-04-29T20:17:00+02:00,1700.840,1701.838,1700.500,1701.130,292
SQ:XAUUSD,2020-04-29T20:18:00+02:00,1701.002,1701.890,1700.986,1701.450,286
SQ:XAUUSD,2020-04-29T20:19:00+02:00,1701.440,1701.690,1700.110,1700.430,349
SQ:XAUUSD,2020-04-29T20:20:00+02:00,1700.420,1701.140,1699.370,1700.820,433
SQ:XAUUSD,2020-04-29T20:21:00+02:00,1700.910,1701.630,1700.220,1701.550,277
SQ:XAUUSD,2020-04-29T20:22:00+02:00,1701.570,1702.560,1701.150,1702.140,327
SQ:XAUUSD,2020-04-29T20:23:00+02:00,1701.870,1703.130,1701.540,1701.910,299
SQ:XAUUSD,2020-04-29T20:24:00+02:00,1702.180,1702.300,1701.330,1701.640,199
SQ:XAUUSD,2020-04-29T20:25:00+02:00,1701.640,1702.310,1700.780,1702.310,200
SQ:XAUUSD,2020-04-29T20:26:00+02:00,1702.310,1702.330,1701.200,1701.520,90
SQ:XAUUSD,2020-04-29T20:27:00+02:00,1701.360,1701.690,1700.680,1701.150,217
SQ:XAUUSD,2020-04-29T20:28:00+02:00,1701.050,1701.310,1700.600,1700.930,117
SQ:XAUUSD,2020-04-29T20:29:00+02:00,1700.950,1701.078,1700.040,1700.498,220
SQ:XAUUSD,2020-04-29T20:30:00+02:00,1700.504,1701.992,1700.504,1700.670,167
SQ:XAUUSD,2020-04-29T20:31:00+02:00,1700.670,1700.760,1699.900,1700.410,147
SQ:XAUUSD,2020-04-29T20:32:00+02:00,1700.410,1700.590,1698.810,1699.870,320
SQ:XAUUSD,2020-04-29T20:33:00+02:00,1699.870,1700.090,1699.190,1699.800,382
SQ:XAUUSD,2020-04-29T20:34:00+02:00,1699.694,1700.840,1699.030,1699.300,258
SQ:XAUUSD,2020-04-29T20:35:00+02:00,1699.300,1701.190,1699.110,1700.190,291
SQ:XAUUSD,2020-04-29T20:36:00+02:00,1700.170,1700.910,1700.080,1700.370,190
SQ:XAUUSD,2020-04-29T20:37:00+02:00,1700.370,1700.830,1700.160,1700.590,172
SQ:XAUUSD,2020-04-29T20:38:00+02:00,1700.590,1702.390,1700.340,1701.980,246
SQ:XAUUSD,2020-04-29T20:39:00+02:00,1701.860,1705.040,1701.190,1704.590,295
SQ:XAUUSD,2020-04-29T20:40:00+02:00,1704.590,1705.290,1702.980,1703.070,196
SQ:XAUUSD,2020-04-29T20:41:00+02:00,1703.070,1703.350,1702.930,1703.060,138
SQ:XAUUSD,2020-04-29T20:42:00+02:00,1703.080,1703.360,1702.900,1703.210,68
SQ:XAUUSD,2020-04-29T20:43:00+02:00,1703.210,1704.580,1703.200,1704.300,349
SQ:XAUUSD,2020-04-29T20:44:00+02:00,1704.270,1705.270,1703.910,1705.190,281
SQ:XAUUSD,2020-04-29T20:45:00+02:00,1705.270,1707.550,1705.120,1707.460,278
SQ:XAUUSD,2020-04-29T20:46:00+02:00,1707.460,1707.460,1704.780,1705.840,353
SQ:XAUUSD,2020-04-29T20:47:00+02:00,1705.840,1706.360,1704.230,1706.360,378
SQ:XAUUSD,2020-04-29T20:48:00+02:00,1706.360,1706.360,1705.450,1705.780,219
SQ:XAUUSD,2020-04-29T20:49:00+02:00,1705.790,1705.790,1703.910,1704.890,428
SQ:XAUUSD,2020-04-29T20:50:00+02:00,1704.820,1705.910,1704.810,1705.680,247
SQ:XAUUSD,2020-04-29T20:51:00+02:00,1705.680,1706.500,1705.590,1706.230,242
SQ:XAUUSD,2020-04-29T20:52:00+02:00,1706.230,1707.130,1705.620,1706.550,182
SQ:XAUUSD,2020-04-29T20:53:00+02:00,1706.550,1706.600,1705.360,1705.530,232
SQ:XAUUSD,2020-04-29T20:54:00+02:00,1705.560,1706.020,1705.350,1705.720,276
SQ:XAUUSD,2020-04-29T20:55:00+02:00,1705.540,1705.890,1705.120,1705.840,304
SQ:XAUUSD,2020-04-29T20:56:00+02:00,1705.840,1706.096,1705.600,1705.890,198
SQ:XAUUSD,2020-04-29T20:57:00+02:00,1705.910,1705.980,1705.100,1705.780,210
SQ:XAUUSD,2020-04-29T20:58:00+02:00,1705.780,1705.900,1705.220,1705.720,223
SQ:XAUUSD,2020-04-29T20:59:00+02:00,1705.710,1705.730,1703.380,1703.820,420
SQ:XAUUSD,2020-04-29T21:00:00+02:00,1703.800,1703.970,1702.910,1703.810,211
SQ:XAUUSD,2020-04-29T21:01:00+02:00,1703.810,1704.530,1703.680,1704.530,154
SQ:XAUUSD,2020-04-29T21:02:00+02:00,1704.530,1704.850,1704.260,1704.820,144
SQ:XAUUSD,2020-04-29T21:03:00+02:00,1704.700,1705.520,1704.700,1705.330,137
SQ:XAUUSD,2020-04-29T21:04:00+02:00,1705.030,1705.670,1704.830,1705.430,236
SQ:XAUUSD,2020-04-29T21:05:00+02:00,1705.430,1705.510,1704.260,1704.870,108
SQ:XAUUSD,2020-04-29T21:06:00+02:00,1704.870,1705.170,1704.560,1704.780,49
SQ:XAUUSD,2020-04-29T21:07:00+02:00,1704.780,1704.880,1704.400,1704.670,43
SQ:XAUUSD,2020-04-29T21:08:00+02:00,1704.670,1705.500,1704.530,1705.390,54
SQ:XAUUSD,2020-04-29T21:09:00+02:00,1705.440,1706.490,1705.310,1706.230,210
SQ:XAUUSD,2020-04-29T21:10:00+02:00,1706.290,1706.490,1705.500,1705.500,145
SQ:XAUUSD,2020-04-29T21:11:00+02:00,1705.500,1706.270,1705.230,1706.160,81
SQ:XAUUSD,2020-04-29T21:12:00+02:00,1706.160,1706.270,1705.390,1706.080,141
SQ:XAUUSD,2020-04-29T21:13:00+02:00,1706.080,1706.750,1705.640,1706.020,74
SQ:XAUUSD,2020-04-29T21:14:00+02:00,1706.020,1706.540,1705.900,1706.170,41
SQ:XAUUSD,2020-04-29T21:15:00+02:00,1706.170,1706.430,1705.630,1705.990,92
SQ:XAUUSD,2020-04-29T21:16:00+02:00,1705.990,1706.450,1705.750,1705.860,95
SQ:XAUUSD,2020-04-29T21:17:00+02:00,1705.860,1706.430,1705.300,1705.740,75
SQ:XAUUSD,2020-04-29T21:18:00+02:00,1705.740,1706.280,1705.280,1705.650,88
SQ:XAUUSD,2020-04-29T21:19:00+02:00,1705.650,1706.480,1705.380,1706.470,66
SQ:XAUUSD,2020-04-29T21:20:00+02:00,1706.470,1707.090,1706.290,1706.910,89
SQ:XAUUSD,2020-04-29T21:21:00+02:00,1706.910,1707.640,1706.860,1707.410,130
SQ:XAUUSD,2020-04-29T21:22:00+02:00,1707.410,1707.540,1707.110,1707.410,82
SQ:XAUUSD,2020-04-29T21:23:00+02:00,1707.410,1708.410,1706.740,1706.770,141
SQ:XAUUSD,2020-04-29T21:24:00+02:00,1706.770,1707.100,1705.990,1707.020,63
SQ:XAUUSD,2020-04-29T21:25:00+02:00,1707.020,1708.160,1707.020,1708.110,73
SQ:XAUUSD,2020-04-29T21:26:00+02:00,1708.110,1708.350,1707.560,1707.800,91
SQ:XAUUSD,2020-04-29T21:27:00+02:00,1708.010,1708.410,1707.320,1707.540,150
SQ:XAUUSD,2020-04-29T21:28:00+02:00,1707.540,1708.280,1707.470,1707.970,158
SQ:XAUUSD,2020-04-29T21:29:00+02:00,1707.950,1708.670,1707.920,1708.230,196
SQ:XAUUSD,2020-04-29T21:30:00+02:00,1708.290,1708.880,1707.820,1708.340,361
SQ:XAUUSD,2020-04-29T21:31:00+02:00,1708.610,1708.840,1708.080,1708.270,285
SQ:XAUUSD,2020-04-29T21:32:00+02:00,1708.180,1708.860,1707.950,1708.770,259
SQ:XAUUSD,2020-04-29T21:33:00+02:00,1708.820,1709.540,1708.300,1709.430,203
SQ:XAUUSD,2020-04-29T21:34:00+02:00,1709.430,1710.140,1709.320,1710.080,141
SQ:XAUUSD,2020-04-29T21:35:00+02:00,1710.080,1710.410,1709.540,1710.410,167
SQ:XAUUSD,2020-04-29T21:36:00+02:00,1710.430,1710.570,1709.470,1709.980,91
SQ:XAUUSD,2020-04-29T21:37:00+02:00,1709.980,1710.880,1709.930,1710.390,106
SQ:XAUUSD,2020-04-29T21:38:00+02:00,1710.390,1710.900,1709.610,1710.680,65
SQ:XAUUSD,2020-04-29T21:39:00+02:00,1710.680,1711.980,1709.810,1711.820,88
SQ:XAUUSD,2020-04-29T21:40:00+02:00,1711.900,1716.990,1711.130,1716.060,235
SQ:XAUUSD,2020-04-29T21:41:00+02:00,1715.390,1716.170,1713.460,1714.440,254
SQ:XAUUSD,2020-04-29T21:42:00+02:00,1714.440,1715.010,1713.340,1713.910,111
SQ:XAUUSD,2020-04-29T21:43:00+02:00,1713.810,1714.030,1713.430,1713.430,68
SQ:XAUUSD,2020-04-29T21:44:00+02:00,1713.490,1714.610,1713.100,1714.580,73
SQ:XAUUSD,2020-04-29T21:45:00+02:00,1714.740,1714.910,1713.050,1713.930,123
SQ:XAUUSD,2020-04-29T21:46:00+02:00,1713.930,1715.860,1713.820,1714.100,124
SQ:XAUUSD,2020-04-29T21:47:00+02:00,1714.100,1715.210,1714.080,1714.330,93
SQ:XAUUSD,2020-04-29T21:48:00+02:00,1714.430,1714.790,1713.800,1713.810,82
SQ:XAUUSD,2020-04-29T21:49:00+02:00,1713.810,1714.560,1713.810,1714.410,36
SQ:XAUUSD,2020-04-29T21:50:00+02:00,1714.410,1714.410,1712.950,1713.000,114
SQ:XAUUSD,2020-04-29T21:51:00+02:00,1713.000,1713.400,1712.660,1713.330,80
SQ:XAUUSD,2020-04-29T21:52:00+02:00,1713.280,1714.100,1713.220,1713.320,79
SQ:XAUUSD,2020-04-29T21:53:00+02:00,1713.320,1713.320,1712.700,1712.980,83
SQ:XAUUSD,2020-04-29T21:54:00+02:00,1712.980,1713.210,1712.850,1712.960,50
SQ:XAUUSD,2020-04-29T21:55:00+02:00,1713.000,1713.600,1712.600,1712.730,94
SQ:XAUUSD,2020-04-29T21:56:00+02:00,1712.820,1713.810,1712.770,1713.740,55
SQ:XAUUSD,2020-04-29T21:57:00+02:00,1713.740,1713.960,1713.180,1713.250,48
SQ:XAUUSD,2020-04-29T21:58:00+02:00,1713.200,1713.870,1712.950,1713.730,58
SQ:XAUUSD,2020-04-29T21:59:00+02:00,1713.730,1715.040,1713.630,1714.390,124
SQ:XAUUSD,2020-04-29T22:00:00+02:00,1714.440,1714.590,1713.580,1714.130,76
SQ:XAUUSD,2020-04-29T22:01:00+02:00,1714.130,1714.220,1713.880,1714.220,34
SQ:XAUUSD,2020-04-29T22:02:00+02:00,1714.220,1715.150,1713.980,1714.900,70
SQ:XAUUSD,2020-04-29T22:03:00+02:00,1714.900,1715.050,1714.340,1714.950,34
SQ:XAUUSD,2020-04-29T22:04:00+02:00,1714.950,1715.060,1714.630,1714.630,30
SQ:XAUUSD,2020-04-29T22:05:00+02:00,1714.630,1715.000,1714.630,1714.880,32
SQ:XAUUSD,2020-04-29T22:06:00+02:00,1714.880,1716.240,1714.350,1716.240,59
SQ:XAUUSD,2020-04-29T22:07:00+02:00,1716.190,1716.840,1715.020,1716.490,139
SQ:XAUUSD,2020-04-29T22:08:00+02:00,1716.490,1716.960,1715.570,1715.750,71
SQ:XAUUSD,2020-04-29T22:09:00+02:00,1715.780,1715.780,1714.180,1714.860,73
SQ:XAUUSD,2020-04-29T22:10:00+02:00,1714.860,1714.860,1713.760,1714.124,78
SQ:XAUUSD,2020-04-29T22:11:00+02:00,1714.074,1714.310,1712.550,1712.970,110
SQ:XAUUSD,2020-04-29T22:12:00+02:00,1712.970,1713.860,1712.710,1712.920,77
SQ:XAUUSD,2020-04-29T22:13:00+02:00,1712.920,1713.610,1711.960,1712.000,53
SQ:XAUUSD,2020-04-29T22:14:00+02:00,1711.930,1713.060,1710.370,1712.760,163
SQ:XAUUSD,2020-04-29T22:15:00+02:00,1712.760,1713.010,1712.370,1712.910,72
SQ:XAUUSD,2020-04-29T22:16:00+02:00,1712.860,1713.380,1712.860,1713.340,57
SQ:XAUUSD,2020-04-29T22:17:00+02:00,1713.340,1714.300,1713.340,1713.800,92
SQ:XAUUSD,2020-04-29T22:18:00+02:00,1713.830,1713.830,1713.340,1713.820,38
SQ:XAUUSD,2020-04-29T22:19:00+02:00,1713.820,1714.340,1713.550,1714.340,34
SQ:XAUUSD,2020-04-29T22:20:00+02:00,1714.340,1714.970,1714.340,1714.490,91
SQ:XAUUSD,2020-04-29T22:21:00+02:00,1714.470,1714.810,1714.370,1714.690,41
SQ:XAUUSD,2020-04-29T22:22:00+02:00,1714.690,1714.990,1714.440,1714.770,46
SQ:XAUUSD,2020-04-29T22:23:00+02:00,1714.770,1714.780,1714.420,1714.550,17
SQ:XAUUSD,2020-04-29T22:24:00+02:00,1714.550,1714.920,1714.050,1714.110,45
SQ:XAUUSD,2020-04-29T22:25:00+02:00,1714.240,1714.240,1713.220,1713.250,48
SQ:XAUUSD,2020-04-29T22:26:00+02:00,1713.250,1713.520,1712.510,1712.900,63
SQ:XAUUSD,2020-04-29T22:27:00+02:00,1712.900,1713.730,1712.850,1713.730,23
SQ:XAUUSD,2020-04-29T22:28:00+02:00,1713.730,1713.890,1713.200,1713.260,17
SQ:XAUUSD,2020-04-29T22:29:00+02:00,1713.260,1713.630,1713.220,1713.520,22
SQ:XAUUSD,2020-04-29T22:30:00+02:00,1713.520,1713.520,1712.530,1712.650,71
SQ:XAUUSD,2020-04-29T22:31:00+02:00,1712.580,1712.890,1712.420,1712.510,29
SQ:XAUUSD,2020-04-29T22:32:00+02:00,1712.600,1712.930,1712.590,1712.860,24
SQ:XAUUSD,2020-04-29T22:33:00+02:00,1712.930,1713.070,1712.850,1713.050,16
SQ:XAUUSD,2020-04-29T22:34:00+02:00,1713.050,1713.050,1712.780,1712.830,18
SQ:XAUUSD,2020-04-29T22:35:00+02:00,1712.630,1713.230,1712.630,1713.230,19
SQ:XAUUSD,2020-04-29T22:36:00+02:00,1713.290,1713.810,1713.130,1713.760,26
SQ:XAUUSD,2020-04-29T22:37:00+02:00,1713.700,1714.280,1713.630,1713.840,35
SQ:XAUUSD,2020-04-29T22:38:00+02:00,1713.940,1713.940,1713.460,1713.460,8
SQ:XAUUSD,2020-04-29T22:39:00+02:00,1713.310,1713.450,1712.980,1713.450,19
SQ:XAUUSD,2020-04-29T22:40:00+02:00,1713.400,1713.400,1712.740,1712.790,14
SQ:XAUUSD,2020-04-29T22:41:00+02:00,1712.790,1712.860,1712.690,1712.860,12
SQ:XAUUSD,2020-04-29T22:42:00+02:00,1712.910,1713.230,1712.760,1713.100,16
SQ:XAUUSD,2020-04-29T22:43:00+02:00,1713.090,1713.160,1712.810,1712.870,11
SQ:XAUUSD,2020-04-29T22:44:00+02:00,1712.870,1712.870,1712.660,1712.810,10
SQ:XAUUSD,2020-04-29T22:45:00+02:00,1712.880,1713.240,1712.750,1713.070,32
SQ:XAUUSD,2020-04-29T22:46:00+02:00,1713.070,1713.070,1712.790,1712.910,11
SQ:XAUUSD,2020-04-29T22:47:00+02:00,1712.860,1713.330,1712.600,1713.150,21
SQ:XAUUSD,2020-04-29T22:48:00+02:00,1713.160,1713.160,1712.040,1712.250,20
SQ:XAUUSD,2020-04-29T22:49:00+02:00,1712.300,1713.590,1712.290,1713.510,51
SQ:XAUUSD,2020-04-29T22:50:00+02:00,1713.510,1713.580,1712.510,1712.530,31
SQ:XAUUSD,2020-04-29T22:51:00+02:00,1712.520,1712.620,1712.360,1712.520,14
SQ:XAUUSD,2020-04-29T22:52:00+02:00,1712.530,1712.530,1712.060,1712.060,13
SQ:XAUUSD,2020-04-29T22:53:00+02:00,1712.010,1712.130,1712.000,1712.060,19
SQ:XAUUSD,2020-04-29T22:54:00+02:00,1712.070,1712.580,1711.900,1712.060,34
SQ:XAUUSD,2020-04-30T00:01:00+02:00,1710.246,1710.790,1709.430,1709.430,72
SQ:XAUUSD,2020-04-30T00:02:00+02:00,1709.430,1710.380,1709.430,1710.310,52
SQ:XAUUSD,2020-04-30T00:03:00+02:00,1710.320,1711.010,1710.290,1710.710,48
SQ:XAUUSD,2020-04-30T00:04:00+02:00,1710.710,1710.710,1710.040,1710.040,33
SQ:XAUUSD,2020-04-30T00:05:00+02:00,1710.070,1710.950,1710.070,1710.720,50
SQ:XAUUSD,2020-04-30T00:06:00+02:00,1710.750,1711.740,1710.700,1711.370,40
SQ:XAUUSD,2020-04-30T00:07:00+02:00,1711.390,1712.240,1711.240,1711.570,58
SQ:XAUUSD,2020-04-30T00:08:00+02:00,1711.540,1711.760,1711.010,1711.230,21
SQ:XAUUSD,2020-04-30T00:09:00+02:00,1711.640,1712.600,1711.620,1712.600,37
SQ:XAUUSD,2020-04-30T00:10:00+02:00,1712.610,1712.920,1712.190,1712.910,42
SQ:XAUUSD,2020-04-30T00:11:00+02:00,1712.950,1712.990,1712.550,1712.700,30
SQ:XAUUSD,2020-04-30T00:12:00+02:00,1712.670,1712.740,1712.650,1712.710,13
SQ:XAUUSD,2020-04-30T00:13:00+02:00,1712.730,1712.930,1712.110,1712.200,33
SQ:XAUUSD,2020-04-30T00:14:00+02:00,1712.200,1712.240,1712.130,1712.150,8
SQ:XAUUSD,2020-04-30T00:15:00+02:00,1712.150,1712.190,1711.990,1711.990,5
SQ:XAUUSD,2020-04-30T00:16:00+02:00,1712.000,1712.020,1711.710,1711.710,14
SQ:XAUUSD,2020-04-30T00:17:00+02:00,1711.710,1711.730,1711.710,1711.730,4
SQ:XAUUSD,2020-04-30T00:18:00+02:00,1711.730,1711.760,1711.730,1711.730,9
SQ:XAUUSD,2020-04-30T00:19:00+02:00,1711.730,1711.820,1711.730,1711.780,10
SQ:XAUUSD,2020-04-30T00:20:00+02:00,1711.780,1711.790,1711.760,1711.770,6
SQ:XAUUSD,2020-04-30T00:21:00+02:00,1711.770,1711.770,1711.590,1711.600,7
SQ:XAUUSD,2020-04-30T00:22:00+02:00,1711.610,1711.640,1711.590,1711.590,6
SQ:XAUUSD,2020-04-30T00:23:00+02:00,1711.590,1711.610,1711.570,1711.610,6
SQ:XAUUSD,2020-04-30T00:24:00+02:00,1711.620,1711.680,1711.000,1711.350,26
SQ:XAUUSD,2020-04-30T00:25:00+02:00,1711.360,1712.190,1711.360,1712.190,44
SQ:XAUUSD,2020-04-30T00:26:00+02:00,1712.250,1712.480,1711.950,1712.030,34
SQ:XAUUSD,2020-04-30T00:27:00+02:00,1712.050,1712.240,1711.950,1712.020,23
SQ:XAUUSD,2020-04-30T00:28:00+02:00,1712.020,1712.380,1712.020,1712.250,20
SQ:XAUUSD,2020-04-30T00:29:00+02:00,1712.250,1712.520,1712.250,1712.520,11
SQ:XAUUSD,2020-04-30T00:30:00+02:00,1712.520,1712.640,1712.100,1712.590,26
SQ:XAUUSD,2020-04-30T00:31:00+02:00,1712.590,1712.840,1712.150,1712.380,39
SQ:XAUUSD,2020-04-30T00:32:00+02:00,1712.380,1713.470,1712.370,1713.450,22
SQ:XAUUSD,2020-04-30T00:33:00+02:00,1713.450,1713.460,1713.410,1713.460,6
SQ:XAUUSD,2020-04-30T00:34:00+02:00,1713.500,1713.500,1713.410,1713.410,10
SQ:XAUUSD,2020-04-30T00:35:00+02:00,1713.410,1713.500,1713.410,1713.430,11
SQ:XAUUSD,2020-04-30T00:36:00+02:00,1713.430,1713.430,1713.430,1713.430,1
SQ:XAUUSD,2020-04-30T00:37:00+02:00,1713.430,1713.430,1713.430,1713.430,1
SQ:XAUUSD,2020-04-30T00:38:00+02:00,1713.430,1713.430,1713.430,1713.430,1
SQ:XAUUSD,2020-04-30T00:39:00+02:00,1713.430,1713.430,1712.840,1713.430,6
SQ:XAUUSD,2020-04-30T00:40:00+02:00,1713.430,1713.430,1713.430,1713.430,1
SQ:XAUUSD,2020-04-30T00:41:00+02:00,1713.430,1713.430,1712.410,1712.600,13
SQ:XAUUSD,2020-04-30T00:42:00+02:00,1712.580,1712.580,1712.410,1712.490,10
SQ:XAUUSD,2020-04-30T00:43:00+02:00,1712.480,1712.930,1712.180,1712.930,21
SQ:XAUUSD,2020-04-30T00:44:00+02:00,1712.940,1712.960,1712.390,1712.670,28
SQ:XAUUSD,2020-04-30T00:45:00+02:00,1712.670,1712.700,1712.130,1712.140,30
SQ:XAUUSD,2020-04-30T00:46:00+02:00,1712.150,1712.500,1712.110,1712.310,38
SQ:XAUUSD,2020-04-30T00:47:00+02:00,1712.310,1712.410,1712.180,1712.180,24
SQ:XAUUSD,2020-04-30T00:48:00+02:00,1712.200,1712.870,1712.090,1712.740,49
SQ:XAUUSD,2020-04-30T00:49:00+02:00,1712.780,1712.830,1712.130,1712.210,28
SQ:XAUUSD,2020-04-30T00:50:00+02:00,1712.270,1712.310,1712.180,1712.260,17
SQ:XAUUSD,2020-04-30T00:51:00+02:00,1712.300,1712.310,1711.910,1712.030,28
SQ:XAUUSD,2020-04-30T00:52:00+02:00,1712.030,1712.080,1711.870,1711.950,17
SQ:XAUUSD,2020-04-30T00:53:00+02:00,1711.990,1711.990,1711.620,1711.710,29
SQ:XAUUSD,2020-04-30T00:54:00+02:00,1711.760,1711.810,1711.630,1711.730,22
SQ:XAUUSD,2020-04-30T00:55:00+02:00,1711.760,1712.110,1711.760,1711.940,24
SQ:XAUUSD,2020-04-30T00:56:00+02:00,1711.840,1711.960,1711.820,1711.930,7
SQ:XAUUSD,2020-04-30T00:57:00+02:00,1711.970,1712.320,1711.890,1712.110,39
SQ:XAUUSD,2020-04-30T00:58:00+02:00,1712.140,1712.730,1712.140,1712.220,48
SQ:XAUUSD,2020-04-30T00:59:00+02:00,1712.220,1712.460,1712.190,1712.330,31
SQ:XAUUSD,2020-04-30T01:00:00+02:00,1712.320,1712.420,1711.990,1712.170,61
SQ:XAUUSD,2020-04-30T01:01:00+02:00,1712.230,1712.350,1711.760,1711.960,53
SQ:XAUUSD,2020-04-30T01:02:00+02:00,1712.110,1712.520,1711.990,1712.270,70
SQ:XAUUSD,2020-04-30T01:03:00+02:00,1712.270,1712.330,1711.560,1711.560,53
SQ:XAUUSD,2020-04-30T01:04:00+02:00,1711.580,1713.350,1711.360,1713.150,103
SQ:XAUUSD,2020-04-30T01:05:00+02:00,1713.150,1713.220,1712.600,1712.820,38
SQ:XAUUSD,2020-04-30T01:06:00+02:00,1712.860,1713.110,1712.760,1713.080,10
SQ:XAUUSD,2020-04-30T01:07:00+02:00,1713.080,1713.080,1712.570,1712.790,40
SQ:XAUUSD,2020-04-30T01:08:00+02:00,1712.770,1713.050,1712.720,1712.730,20
SQ:XAUUSD,2020-04-30T01:09:00+02:00,1712.730,1713.510,1712.730,1713.190,20
SQ:XAUUSD,2020-04-30T01:10:00+02:00,1713.420,1713.520,1713.130,1713.470,13
SQ:XAUUSD,2020-04-30T01:11:00+02:00,1713.470,1713.480,1712.800,1713.450,26
SQ:XAUUSD,2020-04-30T01:12:00+02:00,1713.450,1713.450,1712.870,1712.970,45
SQ:XAUUSD,2020-04-30T01:13:00+02:00,1712.970,1713.110,1712.650,1712.990,30
SQ:XAUUSD,2020-04-30T01:14:00+02:00,1712.940,1712.940,1712.350,1712.860,30
SQ:XAUUSD,2020-04-30T01:15:00+02:00,1712.870,1713.380,1712.870,1713.060,42
SQ:XAUUSD,2020-04-30T01:16:00+02:00,1713.050,1713.180,1712.770,1713.030,15
SQ:XAUUSD,2020-04-30T01:17:00+02:00,1713.030,1713.090,1712.680,1713.010,34
SQ:XAUUSD,2020-04-30T01:18:00+02:00,1713.010,1713.200,1712.820,1713.200,14
SQ:XAUUSD,2020-04-30T01:19:00+02:00,1713.200,1713.550,1713.010,1713.460,27
SQ:XAUUSD,2020-04-30T01:20:00+02:00,1713.450,1713.450,1713.320,1713.320,10
SQ:XAUUSD,2020-04-30T01:21:00+02:00,1713.320,1713.360,1713.320,1713.360,2
SQ:XAUUSD,2020-04-30T01:22:00+02:00,1713.360,1713.360,1713.360,1713.360,1
SQ:XAUUSD,2020-04-30T01:23:00+02:00,1713.330,1713.340,1713.210,1713.210,8
SQ:XAUUSD,2020-04-30T01:24:00+02:00,1713.210,1713.260,1713.060,1713.200,12
SQ:XAUUSD,2020-04-30T01:25:00+02:00,1713.150,1713.210,1713.150,1713.210,7
SQ:XAUUSD,2020-04-30T01:26:00+02:00,1713.210,1713.210,1712.950,1713.150,28
SQ:XAUUSD,2020-04-30T01:27:00+02:00,1713.150,1713.490,1713.150,1713.290,19
SQ:XAUUSD,2020-04-30T01:28:00+02:00,1713.320,1713.330,1713.220,1713.320,18
SQ:XAUUSD,2020-04-30T01:29:00+02:00,1713.300,1713.300,1713.010,1713.070,30
SQ:XAUUSD,2020-04-30T01:30:00+02:00,1713.020,1713.090,1712.960,1713.030,21
SQ:XAUUSD,2020-04-30T01:31:00+02:00,1713.050,1713.330,1713.020,1713.330,30
SQ:XAUUSD,2020-04-30T01:32:00+02:00,1713.330,1713.420,1713.240,1713.250,34
SQ:XAUUSD,2020-04-30T01:33:00+02:00,1713.250,1713.660,1713.240,1713.240,14
SQ:XAUUSD,2020-04-30T01:34:00+02:00,1713.240,1713.400,1713.240,1713.310,14
SQ:XAUUSD,2020-04-30T01:35:00+02:00,1713.300,1713.310,1713.250,1713.270,10
SQ:XAUUSD,2020-04-30T01:36:00+02:00,1713.270,1713.290,1713.250,1713.270,14
SQ:XAUUSD,2020-04-30T01:37:00+02:00,1713.270,1713.580,1713.240,1713.470,20
SQ:XAUUSD,2020-04-30T01:38:00+02:00,1713.470,1713.800,1713.240,1713.550,31
SQ:XAUUSD,2020-04-30T01:39:00+02:00,1713.580,1713.780,1713.320,1713.320,22
SQ:XAUUSD,2020-04-30T01:40:00+02:00,1713.320,1714.010,1713.320,1713.900,30
SQ:XAUUSD,2020-04-30T01:41:00+02:00,1713.900,1714.090,1713.870,1714.090,11
SQ:XAUUSD,2020-04-30T01:42:00+02:00,1714.100,1714.750,1713.820,1714.210,51
SQ:XAUUSD,2020-04-30T01:43:00+02:00,1714.230,1714.260,1713.870,1714.000,20
SQ:XAUUSD,2020-04-30T01:44:00+02:00,1714.020,1714.050,1713.270,1713.270,20
SQ:XAUUSD,2020-04-30T01:45:00+02:00,1713.270,1715.030,1713.170,1714.710,106
SQ:XAUUSD,2020-04-30T01:46:00+02:00,1714.740,1715.410,1714.600,1715.300,41
SQ:XAUUSD,2020-04-30T01:47:00+02:00,1715.370,1715.780,1713.950,1714.460,92
SQ:XAUUSD,2020-04-30T01:48:00+02:00,1714.720,1714.880,1714.140,1714.500,39
SQ:XAUUSD,2020-04-30T01:49:00+02:00,1714.500,1714.790,1714.150,1714.490,25
SQ:XAUUSD,2020-04-30T01:50:00+02:00,1714.800,1715.400,1714.140,1714.620,39
SQ:XAUUSD,2020-04-30T01:51:00+02:00,1714.660,1714.800,1714.070,1714.310,38
SQ:XAUUSD,2020-04-30T01:52:00+02:00,1714.300,1714.560,1713.700,1714.120,40
SQ:XAUUSD,2020-04-30T01:53:00+02:00,1714.120,1714.120,1713.400,1713.620,23
SQ:XAUUSD,2020-04-30T01:54:00+02:00,1713.630,1714.260,1713.500,1713.690,26
SQ:XAUUSD,2020-04-30T01:55:00+02:00,1713.710,1714.100,1713.530,1713.810,21
SQ:XAUUSD,2020-04-30T01:56:00+02:00,1713.760,1713.860,1713.350,1713.530,52
SQ:XAUUSD,2020-04-30T01:57:00+02:00,1713.850,1714.220,1713.550,1713.780,27
SQ:XAUUSD,2020-04-30T01:58:00+02:00,1713.750,1714.030,1713.200,1713.300,71
SQ:XAUUSD,2020-04-30T01:59:00+02:00,1713.290,1713.480,1713.200,1713.270,38
SQ:XAUUSD,2020-04-30T02:00:00+02:00,1713.270,1713.830,1711.790,1712.100,143
SQ:XAUUSD,2020-04-30T02:01:00+02:00,1712.380,1712.730,1711.780,1712.180,88
SQ:XAUUSD,2020-04-30T02:02:00+02:00,1712.170,1713.230,1711.978,1712.400,85
SQ:XAUUSD,2020-04-30T02:03:00+02:00,1712.400,1712.728,1711.842,1712.440,52
SQ:XAUUSD,2020-04-30T02:04:00+02:00,1712.460,1713.440,1712.460,1713.120,36
SQ:XAUUSD,2020-04-30T02:05:00+02:00,1713.170,1713.230,1712.740,1712.800,27
SQ:XAUUSD,2020-04-30T02:06:00+02:00,1712.850,1713.020,1712.650,1712.760,22
SQ:XAUUSD,2020-04-30T02:07:00+02:00,1712.770,1713.190,1712.680,1712.740,26
SQ:XAUUSD,2020-04-30T02:08:00+02:00,1712.740,1712.880,1712.490,1712.540,24
SQ:XAUUSD,2020-04-30T02:09:00+02:00,1712.490,1712.750,1712.230,1712.310,48
SQ:XAUUSD,2020-04-30T02:10:00+02:00,1712.310,1712.800,1712.210,1712.620,41
SQ:XAUUSD,2020-04-30T02:11:00+02:00,1712.570,1712.630,1712.280,1712.400,30
SQ:XAUUSD,2020-04-30T02:12:00+02:00,1712.450,1713.150,1712.450,1713.050,27
SQ:XAUUSD,2020-04-30T02:13:00+02:00,1713.050,1713.050,1712.580,1712.630,29
SQ:XAUUSD,2020-04-30T02:14:00+02:00,1712.680,1713.170,1712.020,1712.390,43
SQ:XAUUSD,2020-04-30T02:15:00+02:00,1712.340,1712.640,1712.230,1712.440,20
SQ:XAUUSD,2020-04-30T02:16:00+02:00,1712.440,1712.490,1712.100,1712.230,30
SQ:XAUUSD,2020-04-30T02:17:00+02:00,1712.230,1712.490,1712.070,1712.070,27
SQ:XAUUSD,2020-04-30T02:18:00+02:00,1712.070,1712.700,1712.070,1712.440,37
SQ:XAUUSD,2020-04-30T02:19:00+02:00,1712.440,1713.450,1712.440,1713.280,49
SQ:XAUUSD,2020-04-30T02:20:00+02:00,1713.280,1713.510,1713.090,1713.460,35
SQ:XAUUSD,2020-04-30T02:21:00+02:00,1713.440,1714.050,1713.290,1713.950,50
SQ:XAUUSD,2020-04-30T02:22:00+02:00,1713.940,1714.040,1713.730,1713.890,33
SQ:XAUUSD,2020-04-30T02:23:00+02:00,1713.870,1713.870,1713.420,1713.420,24
SQ:XAUUSD,2020-04-30T02:24:00+02:00,1713.420,1713.750,1713.420,1713.710,20
SQ:XAUUSD,2020-04-30T02:25:00+02:00,1713.690,1713.740,1713.580,1713.620,28
SQ:XAUUSD,2020-04-30T02:26:00+02:00,1713.620,1713.720,1713.370,1713.510,20
SQ:XAUUSD,2020-04-30T02:27:00+02:00,1713.510,1713.770,1713.460,1713.630,17
SQ:XAUUSD,2020-04-30T02:28:00+02:00,1713.630,1713.630,1713.170,1713.280,27
SQ:XAUUSD,2020-04-30T02:29:00+02:00,1713.280,1713.280,1712.980,1713.050,23
SQ:XAUUSD,2020-04-30T02:30:00+02:00,1713.040,1713.090,1712.830,1712.860,27
SQ:XAUUSD,2020-04-30T02:31:00+02:00,1712.860,1713.520,1712.860,1713.290,25
SQ:XAUUSD,2020-04-30T02:32:00+02:00,1713.290,1713.290,1712.420,1712.470,38
SQ:XAUUSD,2020-04-30T02:33:00+02:00,1712.470,1712.620,1712.230,1712.400,40
SQ:XAUUSD,2020-04-30T02:34:00+02:00,1712.400,1712.700,1712.040,1712.040,38
SQ:XAUUSD,2020-04-30T02:35:00+02:00,1712.040,1712.590,1711.400,1712.520,55
SQ:XAUUSD,2020-04-30T02:36:00+02:00,1712.520,1712.790,1712.000,1712.160,34
SQ:XAUUSD,2020-04-30T02:37:00+02:00,1712.160,1712.160,1710.820,1710.900,67
SQ:XAUUSD,2020-04-30T02:38:00+02:00,1710.900,1711.150,1710.840,1711.150,53
SQ:XAUUSD,2020-04-30T02:39:00+02:00,1711.150,1711.330,1710.250,1710.630,138
SQ:XAUUSD,2020-04-30T02:40:00+02:00,1710.630,1710.630,1709.560,1709.680,74
SQ:XAUUSD,2020-04-30T02:41:00+02:00,1709.740,1710.220,1709.460,1710.220,46
SQ:XAUUSD,2020-04-30T02:42:00+02:00,1710.220,1710.220,1709.460,1709.460,14
SQ:XAUUSD,2020-04-30T02:43:00+02:00,1709.540,1709.540,1709.120,1709.120,33
SQ:XAUUSD,2020-04-30T02:44:00+02:00,1709.120,1709.850,1709.120,1709.590,45
SQ:XAUUSD,2020-04-30T02:45:00+02:00,1709.640,1710.420,1709.610,1710.370,30
SQ:XAUUSD,2020-04-30T02:46:00+02:00,1710.360,1710.570,1710.230,1710.570,14
SQ:XAUUSD,2020-04-30T02:47:00+02:00,1710.570,1710.610,1710.570,1710.590,3
SQ:XAUUSD,2020-04-30T02:48:00+02:00,1710.590,1710.590,1710.470,1710.470,3
SQ:XAUUSD,2020-04-30T02:49:00+02:00,1710.470,1710.590,1710.150,1710.200,14
SQ:XAUUSD,2020-04-30T02:50:00+02:00,1710.200,1711.170,1710.200,1711.070,54
SQ:XAUUSD,2020-04-30T02:51:00+02:00,1711.060,1711.180,1710.700,1710.730,23
SQ:XAUUSD,2020-04-30T02:52:00+02:00,1710.740,1711.760,1710.740,1711.060,27
SQ:XAUUSD,2020-04-30T02:53:00+02:00,1711.070,1711.070,1710.260,1710.480,58
SQ:XAUUSD,2020-04-30T02:54:00+02:00,1710.500,1710.700,1710.430,1710.500,41
SQ:XAUUSD,2020-04-30T02:55:00+02:00,1710.450,1710.880,1710.450,1710.830,55
SQ:XAUUSD,2020-04-30T02:56:00+02:00,1710.830,1710.910,1710.670,1710.840,31
SQ:XAUUSD,2020-04-30T02:57:00+02:00,1710.840,1711.050,1710.820,1711.000,26
SQ:XAUUSD,2020-04-30T02:58:00+02:00,1711.010,1711.558,1710.800,1711.130,36
SQ:XAUUSD,2020-04-30T02:59:00+02:00,1711.220,1711.630,1711.120,1711.500,44
SQ:XAUUSD,2020-04-30T03:00:00+02:00,1711.468,1712.090,1710.510,1711.100,127
SQ:XAUUSD,2020-04-30T03:01:00+02:00,1711.070,1711.310,1710.090,1710.410,101
SQ:XAUUSD,2020-04-30T03:02:00+02:00,1710.400,1711.270,1710.170,1711.220,82
SQ:XAUUSD,2020-04-30T03:03:00+02:00,1711.220,1711.290,1711.170,1711.280,31
SQ:XAUUSD,2020-04-30T03:04:00+02:00,1711.280,1711.590,1711.210,1711.220,48
SQ:XAUUSD,2020-04-30T03:05:00+02:00,1711.230,1711.230,1710.280,1710.490,70
SQ:XAUUSD,2020-04-30T03:06:00+02:00,1710.480,1710.770,1710.300,1710.420,39
SQ:XAUUSD,2020-04-30T03:07:00+02:00,1710.420,1710.590,1709.950,1710.130,115
SQ:XAUUSD,2020-04-30T03:08:00+02:00,1710.130,1710.380,1709.630,1709.690,79
SQ:XAUUSD,2020-04-30T03:09:00+02:00,1709.690,1710.230,1709.690,1710.200,32
SQ:XAUUSD,2020-04-30T03:10:00+02:00,1710.200,1710.370,1710.110,1710.300,32
SQ:XAUUSD,2020-04-30T03:11:00+02:00,1710.320,1710.420,1710.110,1710.190,35
SQ:XAUUSD,2020-04-30T03:12:00+02:00,1710.170,1710.670,1710.160,1710.590,35
SQ:XAUUSD,2020-04-30T03:13:00+02:00,1710.590,1710.640,1710.390,1710.390,30
SQ:XAUUSD,2020-04-30T03:14:00+02:00,1710.320,1710.360,1710.150,1710.170,27
SQ:XAUUSD,2020-04-30T03:15:00+02:00,1710.170,1710.180,1710.110,1710.170,16
SQ:XAUUSD,2020-04-30T03:16:00+02:00,1710.170,1710.170,1709.120,1709.180,85
SQ:XAUUSD,2020-04-30T03:17:00+02:00,1709.180,1709.320,1709.180,1709.240,27
SQ:XAUUSD,2020-04-30T03:18:00+02:00,1709.240,1709.240,1709.080,1709.100,23
SQ:XAUUSD,2020-04-30T03:19:00+02:00,1709.120,1709.160,1709.100,1709.160,20
SQ:XAUUSD,2020-04-30T03:20:00+02:00,1709.140,1709.470,1709.050,1709.350,28
SQ:XAUUSD,2020-04-30T03:21:00+02:00,1709.350,1709.980,1709.350,1709.850,58
SQ:XAUUSD,2020-04-30T03:22:00+02:00,1709.850,1709.860,1709.270,1709.290,53
SQ:XAUUSD,2020-04-30T03:23:00+02:00,1709.290,1709.350,1709.110,1709.240,35
SQ:XAUUSD,2020-04-30T03:24:00+02:00,1709.140,1709.210,1708.700,1709.000,55
SQ:XAUUSD,2020-04-30T03:25:00+02:00,1708.940,1709.576,1708.930,1709.398,25
SQ:XAUUSD,2020-04-30T03:26:00+02:00,1709.398,1710.200,1709.380,1709.480,39
SQ:XAUUSD,2020-04-30T03:27:00+02:00,1709.490,1709.790,1709.480,1709.660,20
SQ:XAUUSD,2020-04-30T03:28:00+02:00,1709.660,1709.660,1709.150,1709.150,97
SQ:XAUUSD,2020-04-30T03:29:00+02:00,1709.170,1709.270,1708.640,1708.640,49
SQ:XAUUSD,2020-04-30T03:30:00+02:00,1708.640,1708.930,1708.460,1708.830,47
SQ:XAUUSD,2020-04-30T03:31:00+02:00,1708.830,1708.830,1708.530,1708.530,29
SQ:XAUUSD,2020-04-30T03:32:00+02:00,1708.530,1709.480,1708.410,1709.480,139
SQ:XAUUSD,2020-04-30T03:33:00+02:00,1709.476,1709.540,1708.950,1708.950,358
SQ:XAUUSD,2020-04-30T03:34:00+02:00,1708.950,1709.270,1708.950,1709.010,77
SQ:XAUUSD,2020-04-30T03:35:00+02:00,1709.010,1709.490,1709.010,1709.430,37
SQ:XAUUSD,2020-04-30T03:36:00+02:00,1709.400,1709.460,1709.220,1709.460,16
SQ:XAUUSD,2020-04-30T03:37:00+02:00,1709.460,1709.510,1709.460,1709.510,3
SQ:XAUUSD,2020-04-30T03:38:00+02:00,1709.510,1709.510,1709.490,1709.490,2
SQ:XAUUSD,2020-04-30T03:39:00+02:00,1709.490,1709.490,1709.430,1709.470,9
SQ:XAUUSD,2020-04-30T03:40:00+02:00,1709.430,1709.470,1709.430,1709.430,3
SQ:XAUUSD,2020-04-30T03:41:00+02:00,1709.430,1709.450,1709.430,1709.450,4
SQ:XAUUSD,2020-04-30T03:42:00+02:00,1709.480,1709.820,1709.480,1709.820,10
SQ:XAUUSD,2020-04-30T03:43:00+02:00,1709.820,1709.820,1709.810,1709.820,3
SQ:XAUUSD,2020-04-30T03:44:00+02:00,1709.820,1710.260,1709.820,1710.090,24
SQ:XAUUSD,2020-04-30T03:45:00+02:00,1710.090,1710.100,1709.230,1709.380,87
SQ:XAUUSD,2020-04-30T03:46:00+02:00,1709.380,1709.970,1708.990,1709.910,89
SQ:XAUUSD,2020-04-30T03:47:00+02:00,1709.910,1709.920,1709.770,1709.830,65
SQ:XAUUSD,2020-04-30T03:48:00+02:00,1709.830,1709.840,1709.750,1709.750,17
SQ:XAUUSD,2020-04-30T03:49:00+02:00,1709.750,1709.790,1708.890,1709.140,72
SQ:XAUUSD,2020-04-30T03:50:00+02:00,1709.140,1709.260,1709.090,1709.260,50
SQ:XAUUSD,2020-04-30T03:51:00+02:00,1709.260,1709.480,1709.240,1709.260,40
SQ:XAUUSD,2020-04-30T03:52:00+02:00,1709.260,1709.790,1709.250,1709.790,73
SQ:XAUUSD,2020-04-30T03:53:00+02:00,1709.790,1710.220,1709.760,1710.150,60
SQ:XAUUSD,2020-04-30T03:54:00+02:00,1710.150,1710.150,1709.630,1709.780,93
SQ:XAUUSD,2020-04-30T03:55:00+02:00,1709.780,1711.080,1709.690,1710.770,135
SQ:XAUUSD,2020-04-30T03:56:00+02:00,1710.770,1711.330,1710.670,1711.110,89
SQ:XAUUSD,2020-04-30T03:57:00+02:00,1711.170,1711.390,1710.480,1710.560,71
SQ:XAUUSD,2020-04-30T03:58:00+02:00,1710.560,1710.690,1710.370,1710.600,26
SQ:XAUUSD,2020-04-30T03:59:00+02:00,1710.610,1711.310,1710.610,1711.040,104
SQ:XAUUSD,2020-04-30T04:00:00+02:00,1711.040,1712.590,1710.760,1712.160,156
SQ:XAUUSD,2020-04-30T04:01:00+02:00,1712.160,1712.460,1711.730,1711.740,64
SQ:XAUUSD,2020-04-30T04:02:00+02:00,1711.810,1712.380,1711.150,1711.840,52
SQ:XAUUSD,2020-04-30T04:03:00+02:00,1711.190,1712.520,1711.160,1712.420,56
SQ:XAUUSD,2020-04-30T04:04:00+02:00,1712.440,1713.330,1712.220,1712.310,81
SQ:XAUUSD,2020-04-30T04:05:00+02:00,1712.310,1712.920,1712.310,1712.570,62
SQ:XAUUSD,2020-04-30T04:06:00+02:00,1712.520,1712.550,1711.750,1711.830,63
SQ:XAUUSD,2020-04-30T04:07:00+02:00,1711.830,1711.920,1711.500,1711.500,44
SQ:XAUUSD,2020-04-30T04:08:00+02:00,1711.520,1711.720,1711.440,1711.460,38
SQ:XAUUSD,2020-04-30T04:09:00+02:00,1711.460,1712.230,1711.340,1712.000,36
SQ:XAUUSD,2020-04-30T04:10:00+02:00,1711.960,1712.030,1711.940,1711.940,15
SQ:XAUUSD,2020-04-30T04:11:00+02:00,1711.940,1711.940,1711.720,1711.780,11
SQ:XAUUSD,2020-04-30T04:12:00+02:00,1711.780,1712.260,1711.690,1712.050,28
SQ:XAUUSD,2020-04-30T04:13:00+02:00,1712.280,1712.280,1711.750,1712.020,34
SQ:XAUUSD,2020-04-30T04:14:00+02:00,1712.040,1712.060,1711.760,1712.020,33
SQ:XAUUSD,2020-04-30T04:15:00+02:00,1712.020,1712.110,1711.810,1711.810,16
SQ:XAUUSD,2020-04-30T04:16:00+02:00,1711.810,1711.860,1711.480,1711.480,12
SQ:XAUUSD,2020-04-30T04:17:00+02:00,1711.510,1711.680,1711.460,1711.460,25
SQ:XAUUSD,2020-04-30T04:18:00+02:00,1711.460,1711.610,1711.460,1711.550,17
SQ:XAUUSD,2020-04-30T04:19:00+02:00,1711.550,1711.550,1711.340,1711.340,33
SQ:XAUUSD,2020-04-30T04:20:00+02:00,1711.340,1711.660,1711.320,1711.660,20
SQ:XAUUSD,2020-04-30T04:21:00+02:00,1711.640,1711.680,1711.420,1711.420,20
SQ:XAUUSD,2020-04-30T04:22:00+02:00,1711.400,1711.420,1711.130,1711.220,23
SQ:XAUUSD,2020-04-30T04:23:00+02:00,1711.230,1711.420,1711.110,1711.220,19
SQ:XAUUSD,2020-04-30T04:24:00+02:00,1711.240,1711.280,1711.030,1711.070,13
SQ:XAUUSD,2020-04-30T04:25:00+02:00,1711.070,1711.280,1711.070,1711.160,23
SQ:XAUUSD,2020-04-30T04:26:00+02:00,1711.160,1711.280,1710.920,1711.110,19
SQ:XAUUSD,2020-04-30T04:27:00+02:00,1711.110,1711.110,1710.640,1710.800,33
SQ:XAUUSD,2020-04-30T04:28:00+02:00,1710.860,1710.860,1710.350,1710.390,29
SQ:XAUUSD,2020-04-30T04:29:00+02:00,1710.390,1710.700,1709.920,1709.970,40
SQ:XAUUSD,2020-04-30T04:30:00+02:00,1709.970,1710.020,1709.630,1709.670,69
SQ:XAUUSD,2020-04-30T04:31:00+02:00,1709.670,1709.820,1709.160,1709.170,81
SQ:XAUUSD,2020-04-30T04:32:00+02:00,1709.242,1709.630,1708.950,1709.050,114
SQ:XAUUSD,2020-04-30T04:33:00+02:00,1709.000,1709.170,1708.830,1708.880,54
SQ:XAUUSD,2020-04-30T04:34:00+02:00,1708.880,1709.400,1708.880,1709.160,51
SQ:XAUUSD,2020-04-30T04:35:00+02:00,1709.160,1709.590,1709.080,1709.150,45
SQ:XAUUSD,2020-04-30T04:36:00+02:00,1709.150,1709.200,1708.820,1708.920,38
SQ:XAUUSD,2020-04-30T04:37:00+02:00,1708.970,1709.140,1708.880,1709.060,37
SQ:XAUUSD,2020-04-30T04:38:00+02:00,1709.180,1709.260,1708.850,1708.970,61
SQ:XAUUSD,2020-04-30T04:39:00+02:00,1708.940,1709.230,1708.910,1709.048,82
SQ:XAUUSD,2020-04-30T04:40:00+02:00,1709.020,1709.710,1708.990,1709.630,84
SQ:XAUUSD,2020-04-30T04:41:00+02:00,1709.510,1709.700,1709.060,1709.320,96
SQ:XAUUSD,2020-04-30T04:42:00+02:00,1709.310,1709.710,1709.070,1709.660,65
SQ:XAUUSD,2020-04-30T04:43:00+02:00,1709.640,1709.750,1709.010,1709.370,72
SQ:XAUUSD,2020-04-30T04:44:00+02:00,1709.380,1709.440,1708.790,1708.960,78
SQ:XAUUSD,2020-04-30T04:45:00+02:00,1708.950,1709.360,1708.800,1708.940,38
SQ:XAUUSD,2020-04-30T04:46:00+02:00,1709.100,1709.642,1708.920,1708.950,84
SQ:XAUUSD,2020-04-30T04:47:00+02:00,1708.930,1709.804,1708.880,1709.060,89
SQ:XAUUSD,2020-04-30T04:48:00+02:00,1709.080,1710.190,1709.040,1709.500,106
SQ:XAUUSD,2020-04-30T04:49:00+02:00,1709.510,1709.530,1709.000,1709.410,101
SQ:XAUUSD,2020-04-30T04:50:00+02:00,1709.490,1709.490,1709.470,1709.470,4
SQ:XAUUSD,2020-04-30T04:51:00+02:00,1709.470,1709.570,1709.310,1709.570,7
SQ:XAUUSD,2020-04-30T04:52:00+02:00,1709.570,1709.570,1709.570,1709.570,1
SQ:XAUUSD,2020-04-30T04:53:00+02:00,1709.570,1709.900,1709.110,1709.710,68
SQ:XAUUSD,2020-04-30T04:54:00+02:00,1709.740,1710.200,1709.610,1709.960,102
SQ:XAUUSD,2020-04-30T04:55:00+02:00,1710.040,1710.200,1709.740,1710.200,59
SQ:XAUUSD,2020-04-30T04:56:00+02:00,1710.040,1710.170,1709.620,1709.630,36
SQ:XAUUSD,2020-04-30T04:57:00+02:00,1709.760,1709.790,1709.430,1709.690,40
SQ:XAUUSD,2020-04-30T04:58:00+02:00,1709.690,1709.980,1709.510,1709.850,70
SQ:XAUUSD,2020-04-30T04:59:00+02:00,1709.850,1710.430,1709.850,1710.430,13
SQ:XAUUSD,2020-04-30T05:00:00+02:00,1710.430,1710.640,1710.430,1710.640,30
SQ:XAUUSD,2020-04-30T05:01:00+02:00,1710.640,1710.670,1709.770,1709.770,31
SQ:XAUUSD,2020-04-30T05:02:00+02:00,1709.770,1709.940,1709.650,1709.890,37
SQ:XAUUSD,2020-04-30T05:03:00+02:00,1709.910,1709.940,1709.600,1709.920,23
SQ:XAUUSD,2020-04-30T05:04:00+02:00,1709.910,1710.030,1709.890,1709.930,33
SQ:XAUUSD,2020-04-30T05:05:00+02:00,1709.930,1709.980,1709.930,1709.930,15
SQ:XAUUSD,2020-04-30T05:06:00+02:00,1709.930,1710.200,1709.930,1710.110,29
SQ:XAUUSD,2020-04-30T05:07:00+02:00,1710.050,1710.486,1709.950,1710.380,50
SQ:XAUUSD,2020-04-30T05:08:00+02:00,1710.370,1710.760,1710.370,1710.760,24
SQ:XAUUSD,2020-04-30T05:09:00+02:00,1710.770,1710.870,1710.650,1710.650,22
SQ:XAUUSD,2020-04-30T05:10:00+02:00,1710.650,1710.650,1710.260,1710.380,34
SQ:XAUUSD,2020-04-30T05:11:00+02:00,1710.340,1710.440,1710.280,1710.280,7
SQ:XAUUSD,2020-04-30T05:12:00+02:00,1710.280,1710.800,1710.280,1710.750,26
SQ:XAUUSD,2020-04-30T05:13:00+02:00,1710.760,1710.940,1710.690,1710.690,25
SQ:XAUUSD,2020-04-30T05:14:00+02:00,1710.690,1710.870,1710.680,1710.850,23
SQ:XAUUSD,2020-04-30T05:15:00+02:00,1710.910,1710.930,1710.570,1710.840,28
SQ:XAUUSD,2020-04-30T05:16:00+02:00,1710.830,1710.970,1710.490,1710.500,26
SQ:XAUUSD,2020-04-30T05:17:00+02:00,1710.510,1710.870,1710.510,1710.740,18
SQ:XAUUSD,2020-04-30T05:18:00+02:00,1710.650,1710.740,1710.540,1710.630,24
SQ:XAUUSD,2020-04-30T05:19:00+02:00,1710.630,1710.630,1710.530,1710.530,13
SQ:XAUUSD,2020-04-30T05:20:00+02:00,1710.530,1710.770,1710.530,1710.650,25
SQ:XAUUSD,2020-04-30T05:21:00+02:00,1710.740,1710.740,1710.590,1710.640,9
SQ:XAUUSD,2020-04-30T05:22:00+02:00,1710.590,1710.730,1710.330,1710.620,20
SQ:XAUUSD,2020-04-30T05:23:00+02:00,1710.570,1710.570,1710.420,1710.510,9
SQ:XAUUSD,2020-04-30T05:24:00+02:00,1710.510,1710.610,1710.450,1710.550,13
SQ:XAUUSD,2020-04-30T05:25:00+02:00,1710.500,1710.500,1710.270,1710.460,25
SQ:XAUUSD,2020-04-30T05:26:00+02:00,1710.480,1711.080,1710.470,1711.080,34
SQ:XAUUSD,2020-04-30T05:27:00+02:00,1711.080,1711.110,1710.630,1711.110,48
SQ:XAUUSD,2020-04-30T05:28:00+02:00,1711.060,1711.330,1711.040,1711.220,44
SQ:XAUUSD,2020-04-30T05:29:00+02:00,1711.180,1711.190,1710.940,1711.000,32
SQ:XAUUSD,2020-04-30T05:30:00+02:00,1711.000,1711.230,1710.790,1711.230,34
SQ:XAUUSD,2020-04-30T05:31:00+02:00,1711.230,1711.230,1710.970,1711.020,28
SQ:XAUUSD,2020-04-30T05:32:00+02:00,1711.020,1711.430,1710.890,1711.170,27
SQ:XAUUSD,2020-04-30T05:33:00+02:00,1711.170,1711.380,1710.820,1711.100,45
SQ:XAUUSD,2020-04-30T05:34:00+02:00,1711.100,1711.620,1711.050,1711.520,47
SQ:XAUUSD,2020-04-30T05:35:00+02:00,1711.470,1712.080,1711.140,1711.140,61
SQ:XAUUSD,2020-04-30T05:36:00+02:00,1711.140,1711.980,1711.140,1711.520,56
SQ:XAUUSD,2020-04-30T05:37:00+02:00,1711.460,1711.720,1711.380,1711.490,30
SQ:XAUUSD,2020-04-30T05:38:00+02:00,1711.490,1711.660,1711.380,1711.590,34
SQ:XAUUSD,2020-04-30T05:39:00+02:00,1711.560,1712.150,1711.490,1711.860,51
SQ:XAUUSD,2020-04-30T05:40:00+02:00,1711.910,1712.110,1711.830,1711.990,36
SQ:XAUUSD,2020-04-30T05:41:00+02:00,1711.990,1712.286,1711.920,1712.260,43
SQ:XAUUSD,2020-04-30T05:42:00+02:00,1712.210,1712.210,1711.590,1711.690,81
SQ:XAUUSD,2020-04-30T05:43:00+02:00,1711.690,1711.934,1711.566,1711.602,60
SQ:XAUUSD,2020-04-30T05:44:00+02:00,1711.612,1712.176,1711.602,1712.036,51
SQ:XAUUSD,2020-04-30T05:45:00+02:00,1712.040,1712.086,1711.504,1711.664,72
SQ:XAUUSD,2020-04-30T05:46:00+02:00,1711.654,1711.910,1711.514,1711.910,79
SQ:XAUUSD,2020-04-30T05:47:00+02:00,1711.930,1712.214,1711.630,1712.034,67
SQ:XAUUSD,2020-04-30T05:48:00+02:00,1712.038,1712.194,1711.470,1711.760,60
SQ:XAUUSD,2020-04-30T05:49:00+02:00,1711.670,1712.054,1711.536,1711.644,95
SQ:XAUUSD,2020-04-30T05:50:00+02:00,1711.764,1712.300,1711.754,1712.130,78
SQ:XAUUSD,2020-04-30T05:51:00+02:00,1712.130,1712.228,1711.698,1711.708,79
SQ:XAUUSD,2020-04-30T05:52:00+02:00,1711.670,1712.250,1711.250,1711.960,87
SQ:XAUUSD,2020-04-30T05:53:00+02:00,1711.910,1712.300,1711.722,1711.868,101
SQ:XAUUSD,2020-04-30T05:54:00+02:00,1711.938,1712.374,1711.672,1712.374,127
SQ:XAUUSD,2020-04-30T05:55:00+02:00,1712.374,1712.580,1711.170,1711.520,124
SQ:XAUUSD,2020-04-30T05:56:00+02:00,1711.748,1712.456,1711.360,1712.066,105
SQ:XAUUSD,2020-04-30T05:57:00+02:00,1712.066,1712.240,1711.320,1711.976,85
SQ:XAUUSD,2020-04-30T05:58:00+02:00,1711.806,1712.520,1711.650,1712.142,158
SQ:XAUUSD,2020-04-30T05:59:00+02:00,1712.142,1712.580,1711.670,1712.110,114
SQ:XAUUSD,2020-04-30T06:00:00+02:00,1712.110,1712.288,1711.460,1711.616,127
SQ:XAUUSD,2020-04-30T06:01:00+02:00,1711.536,1711.696,1711.070,1711.240,79
SQ:XAUUSD,2020-04-30T06:02:00+02:00,1711.240,1711.340,1711.060,1711.210,33
SQ:XAUUSD,2020-04-30T06:03:00+02:00,1711.210,1711.340,1710.770,1710.770,33
SQ:XAUUSD,2020-04-30T06:04:00+02:00,1710.850,1710.870,1710.150,1710.240,35
SQ:XAUUSD,2020-04-30T06:05:00+02:00,1710.220,1712.070,1710.200,1711.390,78
SQ:XAUUSD,2020-04-30T06:06:00+02:00,1711.390,1711.950,1710.700,1710.700,38
SQ:XAUUSD,2020-04-30T06:07:00+02:00,1710.740,1710.840,1710.450,1710.660,27
SQ:XAUUSD,2020-04-30T06:08:00+02:00,1710.610,1710.770,1710.510,1710.680,19
SQ:XAUUSD,2020-04-30T06:09:00+02:00,1710.630,1710.790,1710.410,1710.510,31
SQ:XAUUSD,2020-04-30T06:10:00+02:00,1710.470,1710.850,1710.470,1710.800,28
SQ:XAUUSD,2020-04-30T06:11:00+02:00,1710.850,1711.290,1710.850,1710.860,44
SQ:XAUUSD,2020-04-30T06:12:00+02:00,1710.960,1711.820,1710.910,1711.820,34
SQ:XAUUSD,2020-04-30T06:13:00+02:00,1711.820,1711.860,1711.660,1711.820,14
SQ:XAUUSD,2020-04-30T06:14:00+02:00,1711.820,1711.820,1711.760,1711.796,9
SQ:XAUUSD,2020-04-30T06:15:00+02:00,1711.796,1711.800,1711.140,1711.220,41
SQ:XAUUSD,2020-04-30T06:16:00+02:00,1711.210,1711.360,1711.010,1711.160,34
SQ:XAUUSD,2020-04-30T06:17:00+02:00,1711.160,1711.440,1711.010,1711.250,25
SQ:XAUUSD,2020-04-30T06:18:00+02:00,1711.250,1711.820,1711.200,1711.250,36
SQ:XAUUSD,2020-04-30T06:19:00+02:00,1711.240,1711.880,1711.230,1711.410,33
SQ:XAUUSD,2020-04-30T06:20:00+02:00,1711.450,1711.740,1711.050,1711.180,44
SQ:XAUUSD,2020-04-30T06:21:00+02:00,1711.190,1711.800,1711.090,1711.480,53
SQ:XAUUSD,2020-04-30T06:22:00+02:00,1711.510,1711.860,1711.510,1711.750,32
SQ:XAUUSD,2020-04-30T06:23:00+02:00,1711.750,1712.000,1711.460,1711.640,38
SQ:XAUUSD,2020-04-30T06:24:00+02:00,1711.590,1711.990,1711.410,1711.490,38
SQ:XAUUSD,2020-04-30T06:25:00+02:00,1711.510,1712.140,1711.200,1712.140,54
SQ:XAUUSD,2020-04-30T06:26:00+02:00,1712.140,1712.340,1711.920,1712.070,18
SQ:XAUUSD,2020-04-30T06:27:00+02:00,1712.070,1712.650,1711.800,1711.910,39
SQ:XAUUSD,2020-04-30T06:28:00+02:00,1711.910,1712.440,1711.570,1712.270,76
SQ:XAUUSD,2020-04-30T06:29:00+02:00,1712.270,1712.850,1712.270,1712.460,61
SQ:XAUUSD,2020-04-30T06:30:00+02:00,1712.460,1713.300,1712.190,1712.240,72
SQ:XAUUSD,2020-04-30T06:31:00+02:00,1713.030,1713.100,1712.160,1712.700,35
SQ:XAUUSD,2020-04-30T06:32:00+02:00,1712.710,1712.740,1712.480,1712.480,32
SQ:XAUUSD,2020-04-30T06:33:00+02:00,1712.490,1712.530,1712.180,1712.250,41
SQ:XAUUSD,2020-04-30T06:34:00+02:00,1712.250,1712.390,1711.890,1712.030,29
SQ:XAUUSD,2020-04-30T06:35:00+02:00,1712.030,1712.290,1711.920,1711.970,42
SQ:XAUUSD,2020-04-30T06:36:00+02:00,1711.940,1712.180,1711.810,1712.120,31
SQ:XAUUSD,2020-04-30T06:37:00+02:00,1712.120,1712.140,1711.390,1711.480,53
SQ:XAUUSD,2020-04-30T06:38:00+02:00,1711.480,1712.270,1711.420,1712.270,30
SQ:XAUUSD,2020-04-30T06:39:00+02:00,1712.270,1712.340,1712.270,1712.270,3
SQ:XAUUSD,2020-04-30T06:40:00+02:00,1712.270,1712.420,1712.130,1712.330,18
SQ:XAUUSD,2020-04-30T06:41:00+02:00,1712.330,1712.480,1712.300,1712.390,31
SQ:XAUUSD,2020-04-30T06:42:00+02:00,1712.390,1712.570,1712.380,1712.470,15
SQ:XAUUSD,2020-04-30T06:43:00+02:00,1712.470,1712.520,1712.410,1712.420,14
SQ:XAUUSD,2020-04-30T06:44:00+02:00,1712.410,1712.520,1712.320,1712.520,19
SQ:XAUUSD,2020-04-30T06:45:00+02:00,1712.520,1712.670,1712.200,1712.270,15
SQ:XAUUSD,2020-04-30T06:46:00+02:00,1712.270,1712.270,1711.980,1712.080,18
SQ:XAUUSD,2020-04-30T06:47:00+02:00,1712.000,1712.100,1711.670,1711.670,28
SQ:XAUUSD,2020-04-30T06:48:00+02:00,1711.670,1711.870,1711.580,1711.770,26
SQ:XAUUSD,2020-04-30T06:49:00+02:00,1711.820,1711.880,1711.670,1711.740,24
SQ:XAUUSD,2020-04-30T06:50:00+02:00,1711.770,1711.870,1711.710,1711.790,14
SQ:XAUUSD,2020-04-30T06:51:00+02:00,1711.820,1712.100,1711.790,1712.100,23
SQ:XAUUSD,2020-04-30T06:52:00+02:00,1712.090,1712.110,1711.594,1711.790,20
SQ:XAUUSD,2020-04-30T06:53:00+02:00,1711.760,1711.960,1711.700,1711.840,25
SQ:XAUUSD,2020-04-30T06:54:00+02:00,1711.840,1711.920,1711.670,1711.670,33
SQ:XAUUSD,2020-04-30T06:55:00+02:00,1711.760,1711.900,1711.760,1711.800,18
SQ:XAUUSD,2020-04-30T06:56:00+02:00,1711.790,1711.930,1711.780,1711.830,20
SQ:XAUUSD,2020-04-30T06:57:00+02:00,1711.840,1711.920,1711.710,1711.730,26
SQ:XAUUSD,2020-04-30T06:58:00+02:00,1711.770,1711.770,1711.550,1711.660,23
SQ:XAUUSD,2020-04-30T06:59:00+02:00,1711.590,1711.830,1711.590,1711.720,18
SQ:XAUUSD,2020-04-30T07:00:00+02:00,1711.800,1711.920,1711.100,1711.610,30
SQ:XAUUSD,2020-04-30T07:01:00+02:00,1711.620,1711.650,1711.360,1711.650,15
SQ:XAUUSD,2020-04-30T07:02:00+02:00,1711.650,1711.900,1711.150,1711.760,26
SQ:XAUUSD,2020-04-30T07:03:00+02:00,1711.760,1711.900,1711.120,1711.640,20
SQ:XAUUSD,2020-04-30T07:04:00+02:00,1711.630,1711.770,1711.440,1711.710,25
SQ:XAUUSD,2020-04-30T07:05:00+02:00,1711.700,1711.810,1711.690,1711.760,11
SQ:XAUUSD,2020-04-30T07:06:00+02:00,1711.760,1711.820,1711.280,1711.370,25
SQ:XAUUSD,2020-04-30T07:07:00+02:00,1711.370,1711.370,1710.940,1710.960,20
SQ:XAUUSD,2020-04-30T07:08:00+02:00,1710.960,1710.990,1710.890,1710.990,14
SQ:XAUUSD,2020-04-30T07:09:00+02:00,1710.990,1711.050,1710.930,1711.050,9
SQ:XAUUSD,2020-04-30T07:10:00+02:00,1711.050,1711.110,1711.040,1711.090,15
SQ:XAUUSD,2020-04-30T07:11:00+02:00,1711.090,1711.090,1710.380,1710.690,80
SQ:XAUUSD,2020-04-30T07:12:00+02:00,1710.710,1710.710,1710.500,1710.560,26
SQ:XAUUSD,2020-04-30T07:13:00+02:00,1710.560,1710.610,1710.450,1710.520,46
SQ:XAUUSD,2020-04-30T07:14:00+02:00,1710.520,1710.710,1710.400,1710.610,31
SQ:XAUUSD,2020-04-30T07:15:00+02:00,1710.610,1711.140,1710.360,1711.140,26
SQ:XAUUSD,2020-04-30T07:16:00+02:00,1711.140,1711.230,1710.810,1710.810,31
SQ:XAUUSD,2020-04-30T07:17:00+02:00,1710.770,1710.770,1710.380,1710.490,32
SQ:XAUUSD,2020-04-30T07:18:00+02:00,1710.490,1710.590,1710.370,1710.500,38
SQ:XAUUSD,2020-04-30T07:19:00+02:00,1710.550,1710.550,1710.410,1710.520,19
SQ:XAUUSD,2020-04-30T07:20:00+02:00,1710.520,1710.780,1710.420,1710.500,30
SQ:XAUUSD,2020-04-30T07:21:00+02:00,1710.480,1710.770,1710.400,1710.540,30
SQ:XAUUSD,2020-04-30T07:22:00+02:00,1710.530,1710.780,1710.430,1710.770,22
SQ:XAUUSD,2020-04-30T07:23:00+02:00,1710.780,1711.170,1710.710,1711.040,32
SQ:XAUUSD,2020-04-30T07:24:00+02:00,1711.040,1711.710,1711.020,1711.590,33
SQ:XAUUSD,2020-04-30T07:25:00+02:00,1711.580,1711.730,1711.450,1711.730,44
SQ:XAUUSD,2020-04-30T07:26:00+02:00,1711.670,1711.730,1711.360,1711.650,30
SQ:XAUUSD,2020-04-30T07:27:00+02:00,1711.650,1711.710,1710.800,1711.320,50
SQ:XAUUSD,2020-04-30T07:28:00+02:00,1711.330,1711.940,1711.260,1711.370,45
SQ:XAUUSD,2020-04-30T07:29:00+02:00,1711.360,1711.420,1711.250,1711.280,12
SQ:XAUUSD,2020-04-30T07:30:00+02:00,1711.270,1711.990,1711.220,1711.680,106
SQ:XAUUSD,2020-04-30T07:31:00+02:00,1711.640,1711.710,1710.830,1711.210,48
SQ:XAUUSD,2020-04-30T07:32:00+02:00,1711.220,1711.850,1711.210,1711.660,75
SQ:XAUUSD,2020-04-30T07:33:00+02:00,1711.660,1711.660,1710.650,1710.950,85
SQ:XAUUSD,2020-04-30T07:34:00+02:00,1710.920,1710.940,1710.530,1710.630,33
SQ:XAUUSD,2020-04-30T07:35:00+02:00,1710.690,1711.050,1710.640,1710.890,28
SQ:XAUUSD,2020-04-30T07:36:00+02:00,1710.960,1711.090,1710.870,1710.880,33
SQ:XAUUSD,2020-04-30T07:37:00+02:00,1710.840,1712.400,1710.720,1712.190,109
SQ:XAUUSD,2020-04-30T07:38:00+02:00,1712.220,1712.360,1711.330,1712.070,173
SQ:XAUUSD,2020-04-30T07:39:00+02:00,1712.070,1712.620,1711.580,1711.650,39
SQ:XAUUSD,2020-04-30T07:40:00+02:00,1711.650,1712.820,1711.640,1711.820,66
SQ:XAUUSD,2020-04-30T07:41:00+02:00,1711.820,1711.900,1711.420,1711.530,26
SQ:XAUUSD,2020-04-30T07:42:00+02:00,1711.530,1713.080,1711.530,1712.360,137
SQ:XAUUSD,2020-04-30T07:43:00+02:00,1712.360,1713.420,1711.760,1713.110,111
SQ:XAUUSD,2020-04-30T07:44:00+02:00,1713.110,1713.310,1712.920,1713.170,38
SQ:XAUUSD,2020-04-30T07:45:00+02:00,1713.170,1714.220,1713.050,1713.290,78
SQ:XAUUSD,2020-04-30T07:46:00+02:00,1713.290,1713.930,1713.290,1713.740,49
SQ:XAUUSD,2020-04-30T07:47:00+02:00,1713.760,1714.580,1713.430,1713.870,94
SQ:XAUUSD,2020-04-30T07:48:00+02:00,1713.870,1714.260,1713.470,1714.170,54
SQ:XAUUSD,2020-04-30T07:49:00+02:00,1714.170,1715.168,1713.840,1714.370,157
SQ:XAUUSD,2020-04-30T07:50:00+02:00,1714.370,1714.690,1714.070,1714.590,124
SQ:XAUUSD,2020-04-30T07:51:00+02:00,1714.590,1714.700,1714.050,1714.530,86
SQ:XAUUSD,2020-04-30T07:52:00+02:00,1714.430,1714.910,1713.520,1713.700,136
SQ:XAUUSD,2020-04-30T07:53:00+02:00,1713.590,1714.616,1713.290,1714.018,172
SQ:XAUUSD,2020-04-30T07:54:00+02:00,1713.984,1714.430,1713.100,1713.610,303
SQ:XAUUSD,2020-04-30T07:55:00+02:00,1713.580,1714.192,1713.488,1714.050,239
SQ:XAUUSD,2020-04-30T07:56:00+02:00,1714.060,1715.840,1713.400,1714.770,139
SQ:XAUUSD,2020-04-30T07:57:00+02:00,1714.690,1715.690,1714.040,1715.530,130
SQ:XAUUSD,2020-04-30T07:58:00+02:00,1715.480,1715.480,1714.430,1714.440,83
SQ:XAUUSD,2020-04-30T07:59:00+02:00,1714.450,1715.530,1714.120,1714.860,142
SQ:XAUUSD,2020-04-30T08:00:00+02:00,1714.700,1715.500,1713.230,1713.830,275
SQ:XAUUSD,2020-04-30T08:01:00+02:00,1713.700,1714.070,1712.940,1712.940,172
SQ:XAUUSD,2020-04-30T08:02:00+02:00,1712.940,1712.940,1712.150,1712.530,121
SQ:XAUUSD,2020-04-30T08:03:00+02:00,1712.530,1713.750,1712.500,1713.600,102
SQ:XAUUSD,2020-04-30T08:04:00+02:00,1713.600,1714.520,1713.290,1714.020,93
SQ:XAUUSD,2020-04-30T08:05:00+02:00,1714.020,1714.300,1713.400,1713.400,50
SQ:XAUUSD,2020-04-30T08:06:00+02:00,1713.400,1716.058,1713.400,1715.980,109
SQ:XAUUSD,2020-04-30T08:07:00+02:00,1716.000,1716.280,1714.910,1715.030,100
SQ:XAUUSD,2020-04-30T08:08:00+02:00,1714.990,1716.060,1714.910,1715.750,104
SQ:XAUUSD,2020-04-30T08:09:00+02:00,1715.740,1716.280,1714.930,1716.070,87
SQ:XAUUSD,2020-04-30T08:10:00+02:00,1716.070,1717.070,1715.700,1716.660,113
SQ:XAUUSD,2020-04-30T08:11:00+02:00,1716.660,1717.570,1716.660,1717.390,103
SQ:XAUUSD,2020-04-30T08:12:00+02:00,1717.390,1717.670,1716.890,1717.330,103
SQ:XAUUSD,2020-04-30T08:13:00+02:00,1717.330,1717.710,1716.820,1717.340,91
SQ:XAUUSD,2020-04-30T08:14:00+02:00,1717.390,1717.390,1716.460,1716.810,114
SQ:XAUUSD,2020-04-30T08:15:00+02:00,1716.810,1717.788,1716.750,1717.780,130
SQ:XAUUSD,2020-04-30T08:16:00+02:00,1717.690,1718.180,1717.564,1717.572,164
SQ:XAUUSD,2020-04-30T08:17:00+02:00,1717.590,1718.140,1717.170,1718.050,132
SQ:XAUUSD,2020-04-30T08:18:00+02:00,1718.050,1718.130,1717.800,1718.036,57
SQ:XAUUSD,2020-04-30T08:19:00+02:00,1717.870,1718.140,1717.820,1717.992,67
SQ:XAUUSD,2020-04-30T08:20:00+02:00,1717.992,1718.250,1717.844,1718.040,98
SQ:XAUUSD,2020-04-30T08:21:00+02:00,1718.040,1718.870,1717.940,1718.780,126
SQ:XAUUSD,2020-04-30T08:22:00+02:00,1718.740,1719.250,1718.680,1719.240,71
SQ:XAUUSD,2020-04-30T08:23:00+02:00,1719.190,1719.210,1718.700,1718.790,74
SQ:XAUUSD,2020-04-30T08:24:00+02:00,1718.770,1718.980,1718.650,1718.730,56
SQ:XAUUSD,2020-04-30T08:25:00+02:00,1718.730,1719.020,1718.140,1718.310,58
SQ:XAUUSD,2020-04-30T08:26:00+02:00,1718.450,1718.950,1718.240,1718.900,63
SQ:XAUUSD,2020-04-30T08:27:00+02:00,1718.900,1719.020,1718.650,1718.850,75
SQ:XAUUSD,2020-04-30T08:28:00+02:00,1718.850,1718.880,1718.080,1718.350,52
SQ:XAUUSD,2020-04-30T08:29:00+02:00,1718.300,1719.440,1718.260,1719.010,81
SQ:XAUUSD,2020-04-30T08:30:00+02:00,1718.990,1719.600,1718.890,1719.350,71
SQ:XAUUSD,2020-04-30T08:31:00+02:00,1719.320,1719.320,1718.420,1718.540,56
SQ:XAUUSD,2020-04-30T08:32:00+02:00,1718.540,1718.790,1717.780,1717.980,106
SQ:XAUUSD,2020-04-30T08:33:00+02:00,1717.780,1718.430,1717.010,1717.010,95
SQ:XAUUSD,2020-04-30T08:34:00+02:00,1717.010,1717.250,1716.930,1717.170,65
SQ:XAUUSD,2020-04-30T08:35:00+02:00,1717.180,1717.270,1715.680,1715.680,73
SQ:XAUUSD,2020-04-30T08:36:00+02:00,1715.680,1716.176,1715.400,1715.950,159
SQ:XAUUSD,2020-04-30T08:37:00+02:00,1715.950,1716.710,1715.950,1716.620,96
SQ:XAUUSD,2020-04-30T08:38:00+02:00,1716.590,1716.590,1715.930,1716.560,112
SQ:XAUUSD,2020-04-30T08:39:00+02:00,1716.560,1716.750,1715.970,1716.070,58
SQ:XAUUSD,2020-04-30T08:40:00+02:00,1716.070,1716.962,1716.048,1716.760,84
SQ:XAUUSD,2020-04-30T08:41:00+02:00,1716.740,1717.160,1716.590,1716.870,52
SQ:XAUUSD,2020-04-30T08:42:00+02:00,1716.880,1717.680,1716.470,1716.980,73
SQ:XAUUSD,2020-04-30T08:43:00+02:00,1717.030,1717.520,1716.610,1717.320,84
SQ:XAUUSD,2020-04-30T08:44:00+02:00,1717.320,1717.560,1716.990,1717.330,40
SQ:XAUUSD,2020-04-30T08:45:00+02:00,1717.330,1717.870,1717.090,1717.710,98
SQ:XAUUSD,2020-04-30T08:46:00+02:00,1717.740,1718.080,1717.230,1717.890,66
SQ:XAUUSD,2020-04-30T08:47:00+02:00,1717.890,1718.630,1717.690,1718.080,69
SQ:XAUUSD,2020-04-30T08:48:00+02:00,1718.080,1718.750,1717.910,1718.480,101
SQ:XAUUSD,2020-04-30T08:49:00+02:00,1718.480,1718.880,1718.030,1718.030,70
SQ:XAUUSD,2020-04-30T08:50:00+02:00,1718.030,1718.030,1717.160,1717.500,108
SQ:XAUUSD,2020-04-30T08:51:00+02:00,1717.460,1717.870,1717.010,1717.710,111
SQ:XAUUSD,2020-04-30T08:52:00+02:00,1717.740,1717.930,1717.590,1717.680,33
SQ:XAUUSD,2020-04-30T08:53:00+02:00,1717.650,1717.660,1716.760,1716.830,67
SQ:XAUUSD,2020-04-30T08:54:00+02:00,1716.750,1717.330,1716.750,1717.290,37
SQ:XAUUSD,2020-04-30T08:55:00+02:00,1717.290,1718.130,1717.190,1717.670,55
SQ:XAUUSD,2020-04-30T08:56:00+02:00,1717.660,1718.480,1717.630,1717.680,64
SQ:XAUUSD,2020-04-30T08:57:00+02:00,1717.680,1717.830,1717.330,1717.580,76
SQ:XAUUSD,2020-04-30T08:58:00+02:00,1717.630,1718.160,1716.830,1716.830,141
SQ:XAUUSD,2020-04-30T08:59:00+02:00,1716.830,1718.030,1716.630,1717.190,147
SQ:XAUUSD,2020-04-30T09:00:00+02:00,1717.240,1718.830,1717.240,1718.830,144
SQ:XAUUSD,2020-04-30T09:01:00+02:00,1718.780,1719.290,1718.650,1718.890,93
SQ:XAUUSD,2020-04-30T09:02:00+02:00,1718.890,1718.890,1717.710,1717.940,126
SQ:XAUUSD,2020-04-30T09:03:00+02:00,1717.950,1719.000,1717.920,1718.480,65
SQ:XAUUSD,2020-04-30T09:04:00+02:00,1718.530,1718.930,1718.330,1718.930,64
SQ:XAUUSD,2020-04-30T09:05:00+02:00,1718.930,1719.780,1718.930,1719.190,155
SQ:XAUUSD,2020-04-30T09:06:00+02:00,1719.060,1719.120,1718.070,1718.350,130
SQ:XAUUSD,2020-04-30T09:07:00+02:00,1718.360,1719.630,1718.360,1719.290,120
SQ:XAUUSD,2020-04-30T09:08:00+02:00,1719.290,1719.432,1718.280,1718.630,117
SQ:XAUUSD,2020-04-30T09:09:00+02:00,1718.630,1719.220,1718.480,1719.180,95
SQ:XAUUSD,2020-04-30T09:10:00+02:00,1719.180,1719.452,1718.440,1718.640,189
SQ:XAUUSD,2020-04-30T09:11:00+02:00,1718.640,1719.310,1718.460,1718.730,326
SQ:XAUUSD,2020-04-30T09:12:00+02:00,1718.730,1719.240,1718.230,1718.780,486
SQ:XAUUSD,2020-04-30T09:13:00+02:00,1718.730,1719.320,1718.670,1718.810,411
SQ:XAUUSD,2020-04-30T09:14:00+02:00,1718.810,1719.340,1718.520,1718.690,247
SQ:XAUUSD,2020-04-30T09:15:00+02:00,1718.680,1719.310,1718.430,1719.150,197
SQ:XAUUSD,2020-04-30T09:16:00+02:00,1719.150,1719.310,1718.750,1718.830,156
SQ:XAUUSD,2020-04-30T09:17:00+02:00,1718.840,1719.240,1718.790,1718.870,291
SQ:XAUUSD,2020-04-30T09:18:00+02:00,1718.890,1719.140,1718.610,1718.690,258
SQ:XAUUSD,2020-04-30T09:19:00+02:00,1718.670,1719.280,1718.360,1719.110,180
SQ:XAUUSD,2020-04-30T09:20:00+02:00,1719.110,1719.670,1718.870,1719.310,68
SQ:XAUUSD,2020-04-30T09:21:00+02:00,1719.310,1719.730,1718.860,1718.950,151
SQ:XAUUSD,2020-04-30T09:22:00+02:00,1718.990,1719.060,1718.320,1718.560,311
SQ:XAUUSD,2020-04-30T09:23:00+02:00,1718.490,1719.120,1718.460,1719.050,281
SQ:XAUUSD,2020-04-30T09:24:00+02:00,1719.030,1719.620,1718.790,1719.500,90
SQ:XAUUSD,2020-04-30T09:25:00+02:00,1719.460,1720.020,1719.440,1720.020,99
SQ:XAUUSD,2020-04-30T09:26:00+02:00,1720.020,1720.390,1719.760,1719.830,146
SQ:XAUUSD,2020-04-30T09:27:00+02:00,1719.860,1719.980,1719.700,1719.900,162
SQ:XAUUSD,2020-04-30T09:28:00+02:00,1719.890,1719.970,1719.760,1719.950,31
SQ:XAUUSD,2020-04-30T09:29:00+02:00,1720.050,1720.370,1720.050,1720.250,60
SQ:XAUUSD,2020-04-30T09:30:00+02:00,1720.240,1720.470,1719.890,1720.420,110
SQ:XAUUSD,2020-04-30T09:31:00+02:00,1720.420,1720.550,1720.030,1720.380,104
SQ:XAUUSD,2020-04-30T09:32:00+02:00,1720.380,1720.520,1719.890,1720.140,228
SQ:XAUUSD,2020-04-30T09:33:00+02:00,1720.140,1720.450,1720.120,1720.170,185
SQ:XAUUSD,2020-04-30T09:34:00+02:00,1720.200,1720.830,1719.670,1720.690,117
SQ:XAUUSD,2020-04-30T09:35:00+02:00,1720.670,1720.820,1719.580,1720.390,101
SQ:XAUUSD,2020-04-30T09:36:00+02:00,1720.410,1720.410,1719.480,1719.480,54
SQ:XAUUSD,2020-04-30T09:37:00+02:00,1719.510,1720.230,1719.400,1720.000,68
SQ:XAUUSD,2020-04-30T09:38:00+02:00,1720.000,1720.550,1719.960,1720.170,186
SQ:XAUUSD,2020-04-30T09:39:00+02:00,1720.140,1721.480,1720.140,1720.840,269
SQ:XAUUSD,2020-04-30T09:40:00+02:00,1720.810,1721.010,1719.350,1720.040,217
SQ:XAUUSD,2020-04-30T09:41:00+02:00,1720.040,1720.530,1718.350,1719.080,321
SQ:XAUUSD,2020-04-30T09:42:00+02:00,1719.130,1719.490,1718.640,1718.640,119
SQ:XAUUSD,2020-04-30T09:43:00+02:00,1718.640,1720.190,1718.640,1719.670,230
SQ:XAUUSD,2020-04-30T09:44:00+02:00,1719.670,1719.910,1719.120,1719.320,330
SQ:XAUUSD,2020-04-30T09:45:00+02:00,1719.370,1719.790,1719.190,1719.330,72
SQ:XAUUSD,2020-04-30T09:46:00+02:00,1719.330,1719.390,1717.950,1718.910,171
SQ:XAUUSD,2020-04-30T09:47:00+02:00,1718.990,1720.200,1718.860,1719.820,356
SQ:XAUUSD,2020-04-30T09:48:00+02:00,1719.690,1719.860,1719.120,1719.230,339
SQ:XAUUSD,2020-04-30T09:49:00+02:00,1719.230,1719.550,1719.230,1719.370,36
SQ:XAUUSD,2020-04-30T09:50:00+02:00,1719.370,1719.580,1718.630,1719.470,141
SQ:XAUUSD,2020-04-30T09:51:00+02:00,1719.470,1719.870,1719.290,1719.740,49
SQ:XAUUSD,2020-04-30T09:52:00+02:00,1719.710,1719.850,1719.390,1719.540,159
SQ:XAUUSD,2020-04-30T09:53:00+02:00,1719.540,1719.550,1719.360,1719.410,193
SQ:XAUUSD,2020-04-30T09:54:00+02:00,1719.410,1719.410,1718.870,1718.950,97
SQ:XAUUSD,2020-04-30T09:55:00+02:00,1718.950,1718.970,1716.810,1718.310,154
SQ:XAUUSD,2020-04-30T09:56:00+02:00,1718.310,1718.480,1716.820,1716.840,244
SQ:XAUUSD,2020-04-30T09:57:00+02:00,1716.860,1717.650,1716.540,1717.210,177
SQ:XAUUSD,2020-04-30T09:58:00+02:00,1717.210,1717.460,1716.640,1717.390,200
SQ:XAUUSD,2020-04-30T09:59:00+02:00,1717.390,1717.390,1716.750,1717.000,244
SQ:XAUUSD,2020-04-30T10:00:00+02:00,1717.060,1717.830,1716.550,1717.140,251
SQ:XAUUSD,2020-04-30T10:01:00+02:00,1717.140,1717.140,1716.370,1716.420,122
SQ:XAUUSD,2020-04-30T10:02:00+02:00,1716.420,1718.100,1716.370,1717.960,135
SQ:XAUUSD,2020-04-30T10:03:00+02:00,1717.960,1718.110,1716.940,1717.660,127
SQ:XAUUSD,2020-04-30T10:04:00+02:00,1717.660,1718.160,1717.630,1717.800,43
SQ:XAUUSD,2020-04-30T10:05:00+02:00,1717.800,1718.180,1717.460,1717.850,187
SQ:XAUUSD,2020-04-30T10:06:00+02:00,1717.820,1717.960,1717.200,1717.250,69
SQ:XAUUSD,2020-04-30T10:07:00+02:00,1717.350,1717.620,1716.760,1716.760,30
SQ:XAUUSD,2020-04-30T10:08:00+02:00,1716.710,1716.870,1716.380,1716.570,152
SQ:XAUUSD,2020-04-30T10:09:00+02:00,1716.570,1716.570,1716.210,1716.280,34
SQ:XAUUSD,2020-04-30T10:10:00+02:00,1716.280,1716.510,1715.690,1716.190,105
SQ:XAUUSD,2020-04-30T10:11:00+02:00,1716.180,1716.460,1715.990,1716.030,96
SQ:XAUUSD,2020-04-30T10:12:00+02:00,1716.010,1716.410,1715.070,1716.030,175
SQ:XAUUSD,2020-04-30T10:13:00+02:00,1716.050,1716.150,1715.410,1715.720,115
SQ:XAUUSD,2020-04-30T10:14:00+02:00,1715.690,1715.960,1715.360,1715.680,90
SQ:XAUUSD,2020-04-30T10:15:00+02:00,1715.680,1716.330,1715.470,1715.910,101
SQ:XAUUSD,2020-04-30T10:16:00+02:00,1715.910,1716.160,1715.700,1715.700,115
SQ:XAUUSD,2020-04-30T10:17:00+02:00,1715.710,1716.120,1715.366,1716.010,152
SQ:XAUUSD,2020-04-30T10:18:00+02:00,1715.980,1716.380,1715.930,1716.080,121
SQ:XAUUSD,2020-04-30T10:19:00+02:00,1716.050,1716.120,1715.930,1716.100,75
SQ:XAUUSD,2020-04-30T10:20:00+02:00,1716.110,1716.350,1715.840,1715.920,49
SQ:XAUUSD,2020-04-30T10:21:00+02:00,1715.820,1716.060,1715.580,1716.050,102
SQ:XAUUSD,2020-04-30T10:22:00+02:00,1716.050,1716.260,1715.910,1715.940,54
SQ:XAUUSD,2020-04-30T10:23:00+02:00,1715.940,1716.490,1715.640,1715.810,140
SQ:XAUUSD,2020-04-30T10:24:00+02:00,1715.840,1716.280,1715.590,1715.820,193
SQ:XAUUSD,2020-04-30T10:25:00+02:00,1715.810,1716.220,1715.730,1715.750,91
SQ:XAUUSD,2020-04-30T10:26:00+02:00,1715.740,1716.020,1715.730,1715.770,84
SQ:XAUUSD,2020-04-30T10:27:00+02:00,1715.770,1716.770,1715.700,1715.800,256
SQ:XAUUSD,2020-04-30T10:28:00+02:00,1715.850,1716.100,1715.690,1715.780,114
SQ:XAUUSD,2020-04-30T10:29:00+02:00,1715.780,1716.010,1715.300,1715.860,143
SQ:XAUUSD,2020-04-30T10:30:00+02:00,1715.870,1716.430,1715.840,1715.910,92
SQ:XAUUSD,2020-04-30T10:31:00+02:00,1715.910,1716.060,1715.830,1715.870,48
SQ:XAUUSD,2020-04-30T10:32:00+02:00,1715.870,1716.080,1715.720,1715.770,165
SQ:XAUUSD,2020-04-30T10:33:00+02:00,1715.740,1715.930,1715.210,1715.330,119
SQ:XAUUSD,2020-04-30T10:34:00+02:00,1715.320,1715.720,1715.040,1715.270,137
SQ:XAUUSD,2020-04-30T10:35:00+02:00,1715.250,1715.670,1715.190,1715.260,135
SQ:XAUUSD,2020-04-30T10:36:00+02:00,1715.260,1715.520,1715.260,1715.500,66
SQ:XAUUSD,2020-04-30T10:37:00+02:00,1715.500,1715.810,1715.450,1715.620,62
SQ:XAUUSD,2020-04-30T10:38:00+02:00,1715.620,1715.720,1715.440,1715.470,68
SQ:XAUUSD,2020-04-30T10:39:00+02:00,1715.540,1716.200,1715.400,1715.620,319
SQ:XAUUSD,2020-04-30T10:40:00+02:00,1715.630,1715.876,1715.480,1715.730,137
SQ:XAUUSD,2020-04-30T10:41:00+02:00,1715.730,1716.074,1715.330,1715.830,59
SQ:XAUUSD,2020-04-30T10:42:00+02:00,1715.830,1716.310,1715.580,1715.680,37
SQ:XAUUSD,2020-04-30T10:43:00+02:00,1715.680,1716.640,1715.680,1715.880,65
SQ:XAUUSD,2020-04-30T10:44:00+02:00,1715.880,1716.270,1715.400,1716.260,300
SQ:XAUUSD,2020-04-30T10:45:00+02:00,1716.260,1716.980,1715.870,1716.700,282
SQ:XAUUSD,2020-04-30T10:46:00+02:00,1716.700,1716.910,1716.400,1716.830,248
SQ:XAUUSD,2020-04-30T10:47:00+02:00,1716.830,1716.910,1715.730,1716.700,198
SQ:XAUUSD,2020-04-30T10:48:00+02:00,1716.700,1717.040,1716.080,1716.280,107
SQ:XAUUSD,2020-04-30T10:49:00+02:00,1716.280,1716.380,1716.140,1716.250,23
SQ:XAUUSD,2020-04-30T10:50:00+02:00,1716.250,1716.600,1715.770,1716.510,59
SQ:XAUUSD,2020-04-30T10:51:00+02:00,1716.580,1716.580,1715.880,1716.130,43
SQ:XAUUSD,2020-04-30T10:52:00+02:00,1716.130,1716.380,1715.828,1716.280,35
SQ:XAUUSD,2020-04-30T10:53:00+02:00,1716.230,1716.860,1716.080,1716.080,102
SQ:XAUUSD,2020-04-30T10:54:00+02:00,1716.080,1716.730,1715.020,1715.960,237
SQ:XAUUSD,2020-04-30T10:55:00+02:00,1715.950,1717.100,1715.930,1716.970,72
SQ:XAUUSD,2020-04-30T10:56:00+02:00,1716.970,1717.080,1716.180,1716.580,144
SQ:XAUUSD,2020-04-30T10:57:00+02:00,1716.580,1717.080,1716.060,1716.220,65
SQ:XAUUSD,2020-04-30T10:58:00+02:00,1716.240,1716.870,1715.650,1716.120,85
SQ:XAUUSD,2020-04-30T10:59:00+02:00,1716.120,1716.650,1716.094,1716.380,102
SQ:XAUUSD,2020-04-30T11:00:00+02:00,1716.390,1717.690,1716.370,1717.160,303
SQ:XAUUSD,2020-04-30T11:01:00+02:00,1717.190,1718.180,1716.772,1718.180,158
SQ:XAUUSD,2020-04-30T11:02:00+02:00,1718.240,1718.340,1716.750,1717.090,86
SQ:XAUUSD,2020-04-30T11:03:00+02:00,1717.030,1717.940,1716.390,1717.360,77
SQ:XAUUSD,2020-04-30T11:04:00+02:00,1717.380,1717.870,1716.454,1717.870,67
SQ:XAUUSD,2020-04-30T11:05:00+02:00,1717.870,1718.100,1717.780,1717.940,57
SQ:XAUUSD,2020-04-30T11:06:00+02:00,1717.920,1717.930,1716.870,1717.370,146
SQ:XAUUSD,2020-04-30T11:07:00+02:00,1717.370,1718.140,1717.330,1717.880,91
SQ:XAUUSD,2020-04-30T11:08:00+02:00,1717.880,1718.410,1717.820,1718.270,72
SQ:XAUUSD,2020-04-30T11:09:00+02:00,1718.270,1718.360,1717.880,1718.180,58
SQ:XAUUSD,2020-04-30T11:10:00+02:00,1718.180,1718.910,1717.500,1717.700,154
SQ:XAUUSD,2020-04-30T11:11:00+02:00,1717.680,1718.100,1717.240,1717.240,59
SQ:XAUUSD,2020-04-30T11:12:00+02:00,1717.230,1718.610,1717.230,1717.670,197
SQ:XAUUSD,2020-04-30T11:13:00+02:00,1717.680,1718.060,1716.930,1717.330,112
SQ:XAUUSD,2020-04-30T11:14:00+02:00,1717.330,1717.400,1717.140,1717.300,42
SQ:XAUUSD,2020-04-30T11:15:00+02:00,1717.300,1717.860,1717.300,1717.830,25
SQ:XAUUSD,2020-04-30T11:16:00+02:00,1717.830,1717.830,1717.390,1717.750,24
SQ:XAUUSD,2020-04-30T11:17:00+02:00,1717.750,1718.180,1717.380,1717.940,42
SQ:XAUUSD,2020-04-30T11:18:00+02:00,1717.940,1718.180,1717.330,1717.960,40
SQ:XAUUSD,2020-04-30T11:19:00+02:00,1717.960,1718.130,1717.330,1717.950,33
SQ:XAUUSD,2020-04-30T11:20:00+02:00,1717.870,1718.490,1717.840,1718.380,52
SQ:XAUUSD,2020-04-30T11:21:00+02:00,1718.240,1718.330,1717.670,1718.190,59
SQ:XAUUSD,2020-04-30T11:22:00+02:00,1718.190,1718.240,1717.530,1717.890,140
SQ:XAUUSD,2020-04-30T11:23:00+02:00,1717.920,1718.110,1717.910,1718.110,30
SQ:XAUUSD,2020-04-30T11:24:00+02:00,1718.090,1718.520,1717.920,1718.230,95
SQ:XAUUSD,2020-04-30T11:25:00+02:00,1718.230,1718.740,1718.020,1718.520,141
SQ:XAUUSD,2020-04-30T11:26:00+02:00,1718.520,1719.030,1718.040,1718.850,182
SQ:XAUUSD,2020-04-30T11:27:00+02:00,1718.910,1719.300,1718.420,1718.940,80
SQ:XAUUSD,2020-04-30T11:28:00+02:00,1718.940,1719.340,1718.400,1718.420,120
SQ:XAUUSD,2020-04-30T11:29:00+02:00,1718.460,1718.610,1717.730,1717.970,123
SQ:XAUUSD,2020-04-30T11:30:00+02:00,1718.010,1718.170,1717.040,1717.150,144
SQ:XAUUSD,2020-04-30T11:31:00+02:00,1717.090,1717.200,1716.810,1716.950,44
SQ:XAUUSD,2020-04-30T11:32:00+02:00,1716.950,1717.280,1716.770,1717.060,42
SQ:XAUUSD,2020-04-30T11:33:00+02:00,1717.060,1717.540,1716.600,1717.120,53
SQ:XAUUSD,2020-04-30T11:34:00+02:00,1717.130,1717.350,1716.700,1716.700,20
SQ:XAUUSD,2020-04-30T11:35:00+02:00,1716.700,1716.990,1715.200,1715.810,206
SQ:XAUUSD,2020-04-30T11:36:00+02:00,1715.810,1716.420,1715.500,1716.070,156
SQ:XAUUSD,2020-04-30T11:37:00+02:00,1716.070,1716.180,1715.510,1715.740,39
SQ:XAUUSD,2020-04-30T11:38:00+02:00,1715.740,1716.970,1715.740,1716.450,156
SQ:XAUUSD,2020-04-30T11:39:00+02:00,1716.470,1717.000,1716.310,1716.710,122
SQ:XAUUSD,2020-04-30T11:40:00+02:00,1716.710,1717.220,1716.480,1717.030,90
SQ:XAUUSD,2020-04-30T11:41:00+02:00,1717.030,1717.080,1716.220,1716.240,204
SQ:XAUUSD,2020-04-30T11:42:00+02:00,1716.250,1716.510,1715.800,1716.410,108
SQ:XAUUSD,2020-04-30T11:43:00+02:00,1716.410,1717.070,1715.730,1716.700,42
SQ:XAUUSD,2020-04-30T11:44:00+02:00,1716.700,1717.090,1716.700,1716.940,26
SQ:XAUUSD,2020-04-30T11:45:00+02:00,1716.940,1717.030,1715.730,1716.760,42
SQ:XAUUSD,2020-04-30T11:46:00+02:00,1716.610,1716.710,1714.940,1716.710,47
SQ:XAUUSD,2020-04-30T11:47:00+02:00,1716.710,1717.100,1715.804,1717.100,40
SQ:XAUUSD,2020-04-30T11:48:00+02:00,1717.100,1717.210,1716.630,1716.750,46
SQ:XAUUSD,2020-04-30T11:49:00+02:00,1716.750,1716.790,1716.000,1716.110,35
SQ:XAUUSD,2020-04-30T11:50:00+02:00,1716.120,1716.370,1716.050,1716.100,37
SQ:XAUUSD,2020-04-30T11:51:00+02:00,1716.100,1716.140,1715.660,1715.680,40
SQ:XAUUSD,2020-04-30T11:52:00+02:00,1715.670,1716.380,1715.460,1716.030,179
SQ:XAUUSD,2020-04-30T11:53:00+02:00,1716.030,1716.230,1715.980,1716.180,23
SQ:XAUUSD,2020-04-30T11:54:00+02:00,1716.180,1716.250,1715.540,1715.540,84
SQ:XAUUSD,2020-04-30T11:55:00+02:00,1715.540,1715.790,1714.870,1715.450,76
SQ:XAUUSD,2020-04-30T11:56:00+02:00,1715.590,1715.590,1714.770,1714.800,93
SQ:XAUUSD,2020-04-30T11:57:00+02:00,1714.800,1715.410,1714.780,1715.350,38
SQ:XAUUSD,2020-04-30T11:58:00+02:00,1715.350,1715.860,1714.860,1715.080,52
SQ:XAUUSD,2020-04-30T11:59:00+02:00,1715.080,1715.530,1715.060,1715.390,196
SQ:XAUUSD,2020-04-30T12:00:00+02:00,1715.390,1715.610,1714.860,1715.450,214
SQ:XAUUSD,2020-04-30T12:01:00+02:00,1715.450,1715.480,1714.950,1714.980,84
SQ:XAUUSD,2020-04-30T12:02:00+02:00,1714.960,1715.470,1714.410,1715.380,179
SQ:XAUUSD,2020-04-30T12:03:00+02:00,1715.380,1715.580,1714.700,1714.740,67
SQ:XAUUSD,2020-04-30T12:04:00+02:00,1714.740,1714.830,1714.330,1714.590,196
SQ:XAUUSD,2020-04-30T12:05:00+02:00,1714.550,1715.130,1714.250,1714.930,187
SQ:XAUUSD,2020-04-30T12:06:00+02:00,1715.080,1715.080,1714.280,1714.430,298
SQ:XAUUSD,2020-04-30T12:07:00+02:00,1714.470,1714.870,1714.360,1714.710,139
SQ:XAUUSD,2020-04-30T12:08:00+02:00,1714.710,1714.890,1714.040,1714.160,256
SQ:XAUUSD,2020-04-30T12:09:00+02:00,1714.160,1715.060,1714.100,1715.020,165
SQ:XAUUSD,2020-04-30T12:10:00+02:00,1715.080,1715.420,1714.740,1715.150,60
SQ:XAUUSD,2020-04-30T12:11:00+02:00,1715.150,1715.400,1714.910,1715.020,40
SQ:XAUUSD,2020-04-30T12:12:00+02:00,1715.020,1715.170,1714.900,1715.080,39
SQ:XAUUSD,2020-04-30T12:13:00+02:00,1715.080,1715.380,1714.600,1714.690,59
SQ:XAUUSD,2020-04-30T12:14:00+02:00,1714.690,1714.720,1714.460,1714.490,133
SQ:XAUUSD,2020-04-30T12:15:00+02:00,1714.490,1714.590,1714.380,1714.490,52
SQ:XAUUSD,2020-04-30T12:16:00+02:00,1714.490,1714.920,1714.440,1714.810,28
SQ:XAUUSD,2020-04-30T12:17:00+02:00,1714.830,1715.070,1714.730,1714.800,36
SQ:XAUUSD,2020-04-30T12:18:00+02:00,1714.800,1715.090,1714.650,1715.010,124
SQ:XAUUSD,2020-04-30T12:19:00+02:00,1715.010,1715.250,1714.970,1715.060,41
SQ:XAUUSD,2020-04-30T12:20:00+02:00,1715.060,1715.190,1714.800,1714.900,36
SQ:XAUUSD,2020-04-30T12:21:00+02:00,1714.900,1715.060,1714.790,1714.890,27
SQ:XAUUSD,2020-04-30T12:22:00+02:00,1714.890,1715.390,1714.890,1715.390,27
SQ:XAUUSD,2020-04-30T12:23:00+02:00,1715.480,1715.720,1715.240,1715.710,46
SQ:XAUUSD,2020-04-30T12:24:00+02:00,1715.710,1716.070,1715.540,1715.900,97
SQ:XAUUSD,2020-04-30T12:25:00+02:00,1715.900,1716.050,1715.400,1715.570,46
SQ:XAUUSD,2020-04-30T12:26:00+02:00,1715.570,1715.690,1715.010,1715.120,23
SQ:XAUUSD,2020-04-30T12:27:00+02:00,1715.120,1715.480,1715.120,1715.400,28
SQ:XAUUSD,2020-04-30T12:28:00+02:00,1715.350,1715.580,1715.100,1715.490,29
SQ:XAUUSD,2020-04-30T12:29:00+02:00,1715.490,1715.546,1715.390,1715.480,33
SQ:XAUUSD,2020-04-30T12:30:00+02:00,1715.480,1715.480,1714.230,1714.240,144
SQ:XAUUSD,2020-04-30T12:31:00+02:00,1714.280,1714.660,1714.030,1714.290,279
SQ:XAUUSD,2020-04-30T12:32:00+02:00,1714.290,1714.930,1714.180,1714.790,129
SQ:XAUUSD,2020-04-30T12:33:00+02:00,1714.800,1714.980,1714.650,1714.700,143
SQ:XAUUSD,2020-04-30T12:34:00+02:00,1714.720,1714.740,1713.870,1714.060,148
SQ:XAUUSD,2020-04-30T12:35:00+02:00,1713.960,1714.550,1713.810,1714.090,166
SQ:XAUUSD,2020-04-30T12:36:00+02:00,1714.100,1714.290,1713.830,1714.110,53
SQ:XAUUSD,2020-04-30T12:37:00+02:00,1713.990,1714.120,1713.690,1713.800,57
SQ:XAUUSD,2020-04-30T12:38:00+02:00,1713.920,1714.594,1713.910,1714.422,88
SQ:XAUUSD,2020-04-30T12:39:00+02:00,1714.450,1714.592,1714.108,1714.310,84
SQ:XAUUSD,2020-04-30T12:40:00+02:00,1714.310,1715.070,1714.200,1715.050,55
SQ:XAUUSD,2020-04-30T12:41:00+02:00,1715.050,1715.110,1714.930,1714.930,31
SQ:XAUUSD,2020-04-30T12:42:00+02:00,1714.940,1715.150,1714.940,1715.120,40
SQ:XAUUSD,2020-04-30T12:43:00+02:00,1715.120,1715.120,1714.650,1714.770,61
SQ:XAUUSD,2020-04-30T12:44:00+02:00,1714.770,1715.060,1714.390,1714.970,42
SQ:XAUUSD,2020-04-30T12:45:00+02:00,1714.990,1715.070,1714.238,1714.260,124
SQ:XAUUSD,2020-04-30T12:46:00+02:00,1714.260,1714.450,1713.870,1713.890,51
SQ:XAUUSD,2020-04-30T12:47:00+02:00,1713.980,1714.630,1713.670,1714.630,52
SQ:XAUUSD,2020-04-30T12:48:00+02:00,1714.670,1714.940,1713.720,1713.800,51
SQ:XAUUSD,2020-04-30T12:49:00+02:00,1713.800,1714.736,1713.510,1714.472,82
SQ:XAUUSD,2020-04-30T12:50:00+02:00,1714.482,1714.740,1714.080,1714.420,98
SQ:XAUUSD,2020-04-30T12:51:00+02:00,1714.430,1714.920,1714.410,1714.920,135
SQ:XAUUSD,2020-04-30T12:52:00+02:00,1714.920,1714.930,1713.994,1714.500,284
SQ:XAUUSD,2020-04-30T12:53:00+02:00,1714.500,1714.500,1714.008,1714.310,219
SQ:XAUUSD,2020-04-30T12:54:00+02:00,1714.338,1714.820,1713.960,1714.020,186
SQ:XAUUSD,2020-04-30T12:55:00+02:00,1714.040,1714.650,1713.780,1714.240,266
SQ:XAUUSD,2020-04-30T12:56:00+02:00,1714.290,1715.300,1714.076,1715.110,342
SQ:XAUUSD,2020-04-30T12:57:00+02:00,1715.100,1715.380,1714.768,1715.210,320
SQ:XAUUSD,2020-04-30T12:58:00+02:00,1715.180,1715.520,1714.950,1715.330,217
SQ:XAUUSD,2020-04-30T12:59:00+02:00,1715.340,1715.510,1715.010,1715.260,205
SQ:XAUUSD,2020-04-30T13:00:00+02:00,1715.260,1715.570,1714.730,1715.170,409
SQ:XAUUSD,2020-04-30T13:01:00+02:00,1715.180,1715.280,1714.768,1715.076,327
SQ:XAUUSD,2020-04-30T13:02:00+02:00,1715.106,1715.260,1714.768,1714.832,250
SQ:XAUUSD,2020-04-30T13:03:00+02:00,1714.890,1714.990,1713.720,1713.990,261
SQ:XAUUSD,2020-04-30T13:04:00+02:00,1714.100,1714.620,1713.900,1714.280,220
SQ:XAUUSD,2020-04-30T13:05:00+02:00,1714.280,1714.520,1713.020,1713.620,142
SQ:XAUUSD,2020-04-30T13:06:00+02:00,1713.620,1714.230,1713.620,1713.960,55
SQ:XAUUSD,2020-04-30T13:07:00+02:00,1713.960,1714.170,1711.160,1712.250,358
SQ:XAUUSD,2020-04-30T13:08:00+02:00,1712.250,1712.782,1711.780,1712.628,338
SQ:XAUUSD,2020-04-30T13:09:00+02:00,1712.578,1712.628,1711.310,1711.938,266
SQ:XAUUSD,2020-04-30T13:10:00+02:00,1711.948,1712.410,1710.790,1711.950,370
SQ:XAUUSD,2020-04-30T13:11:00+02:00,1711.950,1712.840,1711.700,1712.184,220
SQ:XAUUSD,2020-04-30T13:12:00+02:00,1712.224,1712.830,1711.788,1712.350,264
SQ:XAUUSD,2020-04-30T13:13:00+02:00,1712.310,1713.280,1712.216,1712.960,349
SQ:XAUUSD,2020-04-30T13:14:00+02:00,1713.080,1713.540,1712.900,1713.360,271
SQ:XAUUSD,2020-04-30T13:15:00+02:00,1713.360,1713.610,1712.760,1713.360,315
SQ:XAUUSD,2020-04-30T13:16:00+02:00,1713.360,1714.210,1713.150,1713.420,304
SQ:XAUUSD,2020-04-30T13:17:00+02:00,1713.430,1713.480,1712.890,1713.250,299
SQ:XAUUSD,2020-04-30T13:18:00+02:00,1713.250,1713.400,1712.290,1712.700,264
SQ:XAUUSD,2020-04-30T13:19:00+02:00,1712.720,1713.570,1712.650,1713.570,233
SQ:XAUUSD,2020-04-30T13:20:00+02:00,1713.580,1714.646,1713.510,1714.300,253
SQ:XAUUSD,2020-04-30T13:21:00+02:00,1714.300,1714.430,1713.780,1714.070,136
SQ:XAUUSD,2020-04-30T13:22:00+02:00,1714.070,1714.450,1713.930,1714.340,85
SQ:XAUUSD,2020-04-30T13:23:00+02:00,1714.340,1714.490,1713.460,1713.620,117
SQ:XAUUSD,2020-04-30T13:24:00+02:00,1713.580,1713.810,1713.420,1713.590,115
SQ:XAUUSD,2020-04-30T13:25:00+02:00,1713.590,1713.740,1712.930,1713.660,63
SQ:XAUUSD,2020-04-30T13:26:00+02:00,1713.660,1714.020,1713.540,1713.730,34
SQ:XAUUSD,2020-04-30T13:27:00+02:00,1713.730,1714.080,1713.040,1713.040,71
SQ:XAUUSD,2020-04-30T13:28:00+02:00,1713.040,1713.360,1712.970,1713.050,27
SQ:XAUUSD,2020-04-30T13:29:00+02:00,1713.000,1714.610,1712.610,1714.020,128
SQ:XAUUSD,2020-04-30T13:30:00+02:00,1714.060,1714.590,1713.360,1714.050,258
SQ:XAUUSD,2020-04-30T13:31:00+02:00,1714.010,1714.550,1713.650,1714.440,133
SQ:XAUUSD,2020-04-30T13:32:00+02:00,1714.300,1714.410,1713.880,1713.880,123
SQ:XAUUSD,2020-04-30T13:33:00+02:00,1713.880,1714.750,1713.830,1714.450,148
SQ:XAUUSD,2020-04-30T13:34:00+02:00,1714.490,1715.860,1714.310,1715.710,138
SQ:XAUUSD,2020-04-30T13:35:00+02:00,1715.710,1716.370,1715.460,1716.110,128
SQ:XAUUSD,2020-04-30T13:36:00+02:00,1716.110,1716.110,1715.630,1715.680,61
SQ:XAUUSD,2020-04-30T13:37:00+02:00,1715.680,1715.800,1715.520,1715.750,59
SQ:XAUUSD,2020-04-30T13:38:00+02:00,1715.750,1715.930,1715.380,1715.610,47
SQ:XAUUSD,2020-04-30T13:39:00+02:00,1715.610,1715.980,1715.330,1715.700,57
SQ:XAUUSD,2020-04-30T13:40:00+02:00,1715.700,1715.780,1715.240,1715.480,122
SQ:XAUUSD,2020-04-30T13:41:00+02:00,1715.300,1715.660,1715.280,1715.440,217
SQ:XAUUSD,2020-04-30T13:42:00+02:00,1715.460,1716.140,1715.370,1715.780,122
SQ:XAUUSD,2020-04-30T13:43:00+02:00,1715.860,1715.920,1715.250,1715.250,250
SQ:XAUUSD,2020-04-30T13:44:00+02:00,1715.300,1715.930,1715.040,1715.810,199
SQ:XAUUSD,2020-04-30T13:45:00+02:00,1715.850,1716.070,1715.250,1715.990,197
SQ:XAUUSD,2020-04-30T13:46:00+02:00,1716.010,1716.620,1715.280,1716.240,170
SQ:XAUUSD,2020-04-30T13:47:00+02:00,1716.240,1716.750,1715.830,1716.720,180
SQ:XAUUSD,2020-04-30T13:48:00+02:00,1716.650,1716.750,1716.030,1716.380,124
SQ:XAUUSD,2020-04-30T13:49:00+02:00,1716.380,1716.380,1715.890,1716.130,139
SQ:XAUUSD,2020-04-30T13:50:00+02:00,1716.140,1716.820,1716.090,1716.480,246
SQ:XAUUSD,2020-04-30T13:51:00+02:00,1716.880,1716.940,1716.330,1716.770,160
SQ:XAUUSD,2020-04-30T13:52:00+02:00,1716.770,1716.870,1715.660,1716.190,190
SQ:XAUUSD,2020-04-30T13:53:00+02:00,1716.330,1716.990,1716.330,1716.680,117
SQ:XAUUSD,2020-04-30T13:54:00+02:00,1716.700,1716.960,1715.930,1715.940,115
SQ:XAUUSD,2020-04-30T13:55:00+02:00,1715.940,1716.180,1715.210,1715.870,165
SQ:XAUUSD,2020-04-30T13:56:00+02:00,1715.860,1716.040,1714.450,1714.550,142
SQ:XAUUSD,2020-04-30T13:57:00+02:00,1714.500,1715.360,1714.480,1715.290,109
SQ:XAUUSD,2020-04-30T13:58:00+02:00,1715.300,1715.730,1715.090,1715.460,189
SQ:XAUUSD,2020-04-30T13:59:00+02:00,1715.340,1716.420,1715.250,1716.100,210
SQ:XAUUSD,2020-04-30T14:00:00+02:00,1716.160,1716.160,1714.770,1715.100,230
SQ:XAUUSD,2020-04-30T14:01:00+02:00,1715.090,1715.420,1714.030,1714.610,341
SQ:XAUUSD,2020-04-30T14:02:00+02:00,1714.650,1715.080,1713.690,1715.080,251
SQ:XAUUSD,2020-04-30T14:03:00+02:00,1715.150,1715.450,1714.940,1715.360,268
SQ:XAUUSD,2020-04-30T14:04:00+02:00,1715.380,1715.380,1714.220,1714.480,344
SQ:XAUUSD,2020-04-30T14:05:00+02:00,1714.490,1714.710,1714.050,1714.270,382
SQ:XAUUSD,2020-04-30T14:06:00+02:00,1714.330,1714.500,1712.910,1713.540,192
SQ:XAUUSD,2020-04-30T14:07:00+02:00,1713.580,1713.710,1712.780,1713.530,167
SQ:XAUUSD,2020-04-30T14:08:00+02:00,1713.440,1714.040,1712.470,1713.010,433
SQ:XAUUSD,2020-04-30T14:09:00+02:00,1713.010,1713.390,1712.360,1712.840,330
SQ:XAUUSD,2020-04-30T14:10:00+02:00,1712.880,1713.310,1712.650,1712.950,193
SQ:XAUUSD,2020-04-30T14:11:00+02:00,1712.950,1713.880,1712.950,1713.850,176
SQ:XAUUSD,2020-04-30T14:12:00+02:00,1713.870,1713.890,1712.840,1713.270,213
SQ:XAUUSD,2020-04-30T14:13:00+02:00,1713.270,1713.350,1712.500,1712.960,276
SQ:XAUUSD,2020-04-30T14:14:00+02:00,1713.040,1713.360,1712.610,1713.200,289
SQ:XAUUSD,2020-04-30T14:15:00+02:00,1713.280,1713.410,1712.680,1713.220,348
SQ:XAUUSD,2020-04-30T14:16:00+02:00,1713.250,1713.370,1712.500,1712.680,336
SQ:XAUUSD,2020-04-30T14:17:00+02:00,1712.890,1714.210,1712.890,1714.040,359
SQ:XAUUSD,2020-04-30T14:18:00+02:00,1713.990,1714.330,1713.240,1714.330,346
SQ:XAUUSD,2020-04-30T14:19:00+02:00,1714.290,1714.390,1713.520,1714.210,280
SQ:XAUUSD,2020-04-30T14:20:00+02:00,1714.250,1715.300,1714.190,1714.440,350
SQ:XAUUSD,2020-04-30T14:21:00+02:00,1714.440,1714.630,1713.450,1713.800,286
SQ:XAUUSD,2020-04-30T14:22:00+02:00,1713.810,1713.850,1712.420,1712.880,321
SQ:XAUUSD,2020-04-30T14:23:00+02:00,1712.870,1713.770,1712.510,1713.580,310
SQ:XAUUSD,2020-04-30T14:24:00+02:00,1713.540,1713.710,1713.490,1713.580,44
SQ:XAUUSD,2020-04-30T14:25:00+02:00,1713.730,1714.100,1712.630,1713.280,388
SQ:XAUUSD,2020-04-30T14:26:00+02:00,1713.380,1713.620,1712.520,1713.620,372
SQ:XAUUSD,2020-04-30T14:27:00+02:00,1713.620,1713.660,1711.680,1712.520,304
SQ:XAUUSD,2020-04-30T14:28:00+02:00,1712.420,1712.530,1710.790,1711.190,205
SQ:XAUUSD,2020-04-30T14:29:00+02:00,1711.110,1711.690,1710.940,1711.170,340
SQ:XAUUSD,2020-04-30T14:30:00+02:00,1711.280,1713.360,1711.210,1712.780,280
SQ:XAUUSD,2020-04-30T14:31:00+02:00,1712.590,1713.080,1712.140,1712.560,98
SQ:XAUUSD,2020-04-30T14:32:00+02:00,1712.650,1712.680,1711.440,1711.510,104
SQ:XAUUSD,2020-04-30T14:33:00+02:00,1711.500,1712.320,1711.290,1711.920,120
SQ:XAUUSD,2020-04-30T14:34:00+02:00,1711.920,1712.340,1711.280,1711.440,211
SQ:XAUUSD,2020-04-30T14:35:00+02:00,1711.490,1712.330,1711.390,1711.990,103
SQ:XAUUSD,2020-04-30T14:36:00+02:00,1711.910,1712.150,1711.450,1711.450,124
SQ:XAUUSD,2020-04-30T14:37:00+02:00,1711.430,1711.430,1708.410,1709.430,277
SQ:XAUUSD,2020-04-30T14:38:00+02:00,1709.430,1710.550,1707.900,1708.040,218
SQ:XAUUSD,2020-04-30T14:39:00+02:00,1708.030,1709.280,1706.462,1708.760,221
SQ:XAUUSD,2020-04-30T14:40:00+02:00,1708.720,1708.750,1706.620,1708.730,228
SQ:XAUUSD,2020-04-30T14:41:00+02:00,1708.730,1708.900,1705.140,1706.430,342
SQ:XAUUSD,2020-04-30T14:42:00+02:00,1706.480,1706.530,1693.570,1696.560,540
SQ:XAUUSD,2020-04-30T14:43:00+02:00,1696.530,1700.950,1695.550,1699.690,498
SQ:XAUUSD,2020-04-30T14:44:00+02:00,1699.670,1701.380,1696.786,1700.150,439
SQ:XAUUSD,2020-04-30T14:45:00+02:00,1700.210,1701.960,1697.880,1700.920,366
SQ:XAUUSD,2020-04-30T14:46:00+02:00,1701.670,1702.570,1699.110,1702.170,268
SQ:XAUUSD,2020-04-30T14:47:00+02:00,1702.140,1703.980,1700.680,1703.040,381
SQ:XAUUSD,2020-04-30T14:48:00+02:00,1702.980,1705.350,1701.260,1704.390,332
SQ:XAUUSD,2020-04-30T14:49:00+02:00,1704.390,1706.120,1703.040,1704.370,245
SQ:XAUUSD,2020-04-30T14:50:00+02:00,1704.430,1706.360,1703.140,1706.050,214
SQ:XAUUSD,2020-04-30T14:51:00+02:00,1705.990,1706.300,1703.390,1703.420,200
SQ:XAUUSD,2020-04-30T14:52:00+02:00,1703.490,1705.510,1703.350,1705.140,182
SQ:XAUUSD,2020-04-30T14:53:00+02:00,1705.240,1705.920,1704.830,1705.250,148
SQ:XAUUSD,2020-04-30T14:54:00+02:00,1705.070,1706.930,1704.890,1706.060,159
SQ:XAUUSD,2020-04-30T14:55:00+02:00,1706.060,1706.720,1704.970,1705.100,194
SQ:XAUUSD,2020-04-30T14:56:00+02:00,1705.200,1705.420,1703.680,1704.350,174
SQ:XAUUSD,2020-04-30T14:57:00+02:00,1704.300,1704.300,1702.620,1703.430,193
SQ:XAUUSD,2020-04-30T14:58:00+02:00,1703.610,1705.980,1703.530,1705.630,211
SQ:XAUUSD,2020-04-30T14:59:00+02:00,1705.630,1707.060,1705.490,1706.310,175
SQ:XAUUSD,2020-04-30T15:00:00+02:00,1706.330,1706.560,1703.200,1704.810,227
SQ:XAUUSD,2020-04-30T15:01:00+02:00,1704.570,1704.740,1703.240,1703.970,150
SQ:XAUUSD,2020-04-30T15:02:00+02:00,1703.970,1704.640,1703.250,1704.340,144
SQ:XAUUSD,2020-04-30T15:03:00+02:00,1704.360,1704.450,1701.890,1702.470,201
SQ:XAUUSD,2020-04-30T15:04:00+02:00,1702.300,1702.970,1701.360,1701.590,136
SQ:XAUUSD,2020-04-30T15:05:00+02:00,1701.610,1702.630,1701.020,1702.200,165
SQ:XAUUSD,2020-04-30T15:06:00+02:00,1702.180,1702.420,1700.290,1700.510,167
SQ:XAUUSD,2020-04-30T15:07:00+02:00,1700.510,1702.290,1700.480,1700.700,137
SQ:XAUUSD,2020-04-30T15:08:00+02:00,1700.660,1701.020,1699.570,1699.570,224
SQ:XAUUSD,2020-04-30T15:09:00+02:00,1699.570,1699.740,1698.850,1699.140,179
SQ:XAUUSD,2020-04-30T15:10:00+02:00,1699.150,1700.110,1698.900,1698.930,153
SQ:XAUUSD,2020-04-30T15:11:00+02:00,1698.930,1699.320,1698.020,1698.110,288
SQ:XAUUSD,2020-04-30T15:12:00+02:00,1698.120,1699.080,1697.780,1698.890,287
SQ:XAUUSD,2020-04-30T15:13:00+02:00,1698.890,1702.630,1698.740,1702.620,273
SQ:XAUUSD,2020-04-30T15:14:00+02:00,1702.630,1702.650,1701.250,1701.690,149
SQ:XAUUSD,2020-04-30T15:15:00+02:00,1701.600,1702.210,1701.410,1702.150,128
SQ:XAUUSD,2020-04-30T15:16:00+02:00,1702.150,1703.710,1702.050,1702.580,158
SQ:XAUUSD,2020-04-30T15:17:00+02:00,1702.580,1703.040,1702.300,1702.840,163
SQ:XAUUSD,2020-04-30T15:18:00+02:00,1702.840,1703.440,1702.510,1703.170,140
SQ:XAUUSD,2020-04-30T15:19:00+02:00,1703.190,1705.360,1702.320,1704.910,163
SQ:XAUUSD,2020-04-30T15:20:00+02:00,1704.910,1704.930,1703.260,1703.520,143
SQ:XAUUSD,2020-04-30T15:21:00+02:00,1703.570,1703.570,1702.870,1703.010,86
SQ:XAUUSD,2020-04-30T15:22:00+02:00,1702.960,1703.370,1702.520,1703.020,40
SQ:XAUUSD,2020-04-30T15:23:00+02:00,1702.980,1703.420,1701.520,1701.770,150
SQ:XAUUSD,2020-04-30T15:24:00+02:00,1701.700,1701.750,1700.560,1701.190,172
SQ:XAUUSD,2020-04-30T15:25:00+02:00,1701.150,1701.840,1700.740,1701.270,176
SQ:XAUUSD,2020-04-30T15:26:00+02:00,1701.240,1701.370,1699.920,1700.398,122
SQ:XAUUSD,2020-04-30T15:27:00+02:00,1700.408,1702.020,1700.348,1701.240,136
SQ:XAUUSD,2020-04-30T15:28:00+02:00,1701.270,1701.370,1700.280,1701.050,82
SQ:XAUUSD,2020-04-30T15:29:00+02:00,1701.060,1702.330,1700.840,1702.270,86
SQ:XAUUSD,2020-04-30T15:30:00+02:00,1702.270,1703.860,1702.050,1703.270,230
SQ:XAUUSD,2020-04-30T15:31:00+02:00,1703.290,1703.340,1702.340,1702.480,161
SQ:XAUUSD,2020-04-30T15:32:00+02:00,1702.440,1702.580,1701.800,1701.860,132
SQ:XAUUSD,2020-04-30T15:33:00+02:00,1701.860,1703.250,1701.860,1702.800,101
SQ:XAUUSD,2020-04-30T15:34:00+02:00,1702.760,1703.520,1702.740,1703.120,118
SQ:XAUUSD,2020-04-30T15:35:00+02:00,1703.300,1704.400,1703.030,1703.250,265
SQ:XAUUSD,2020-04-30T15:36:00+02:00,1703.190,1703.810,1702.480,1703.670,280
SQ:XAUUSD,2020-04-30T15:37:00+02:00,1703.670,1704.380,1703.420,1704.050,140
SQ:XAUUSD,2020-04-30T15:38:00+02:00,1704.270,1705.310,1703.830,1705.210,124
SQ:XAUUSD,2020-04-30T15:39:00+02:00,1705.220,1706.260,1704.890,1705.550,171
SQ:XAUUSD,2020-04-30T15:40:00+02:00,1705.530,1705.660,1704.060,1705.310,125
SQ:XAUUSD,2020-04-30T15:41:00+02:00,1705.380,1705.580,1703.900,1704.220,99
SQ:XAUUSD,2020-04-30T15:42:00+02:00,1704.220,1705.210,1704.220,1705.130,145
SQ:XAUUSD,2020-04-30T15:43:00+02:00,1705.070,1706.400,1705.070,1705.930,157
SQ:XAUUSD,2020-04-30T15:44:00+02:00,1705.930,1705.980,1703.896,1704.620,194
SQ:XAUUSD,2020-04-30T15:45:00+02:00,1704.810,1704.950,1702.390,1702.610,189
SQ:XAUUSD,2020-04-30T15:46:00+02:00,1702.610,1702.610,1700.720,1701.330,202
SQ:XAUUSD,2020-04-30T15:47:00+02:00,1701.280,1703.540,1701.000,1702.630,249
SQ:XAUUSD,2020-04-30T15:48:00+02:00,1702.630,1702.850,1701.760,1701.760,222
SQ:XAUUSD,2020-04-30T15:49:00+02:00,1702.060,1703.100,1700.920,1701.140,148
SQ:XAUUSD,2020-04-30T15:50:00+02:00,1701.140,1702.080,1699.690,1700.120,166
SQ:XAUUSD,2020-04-30T15:51:00+02:00,1700.120,1701.050,1698.790,1700.650,233
SQ:XAUUSD,2020-04-30T15:52:00+02:00,1701.010,1701.970,1700.350,1701.630,177
SQ:XAUUSD,2020-04-30T15:53:00+02:00,1701.630,1701.940,1700.540,1701.340,135
SQ:XAUUSD,2020-04-30T15:54:00+02:00,1701.340,1704.370,1701.060,1703.960,205
SQ:XAUUSD,2020-04-30T15:55:00+02:00,1703.930,1704.000,1702.160,1702.780,200
SQ:XAUUSD,2020-04-30T15:56:00+02:00,1702.780,1703.360,1701.420,1703.220,130
SQ:XAUUSD,2020-04-30T15:57:00+02:00,1703.220,1704.730,1702.990,1704.580,178
SQ:XAUUSD,2020-04-30T15:58:00+02:00,1704.580,1704.600,1702.370,1702.810,157
SQ:XAUUSD,2020-04-30T15:59:00+02:00,1702.810,1703.100,1702.180,1702.860,74
SQ:XAUUSD,2020-04-30T16:00:00+02:00,1702.860,1704.550,1701.530,1701.800,236
SQ:XAUUSD,2020-04-30T16:01:00+02:00,1701.800,1703.250,1700.900,1702.970,150
SQ:XAUUSD,2020-04-30T16:02:00+02:00,1703.010,1703.960,1701.590,1702.860,124
SQ:XAUUSD,2020-04-30T16:03:00+02:00,1702.860,1702.860,1701.370,1701.370,93
SQ:XAUUSD,2020-04-30T16:04:00+02:00,1701.370,1701.590,1700.890,1701.270,173
SQ:XAUUSD,2020-04-30T16:05:00+02:00,1701.270,1703.250,1701.270,1702.810,144
SQ:XAUUSD,2020-04-30T16:06:00+02:00,1702.810,1702.980,1702.320,1702.860,126
SQ:XAUUSD,2020-04-30T16:07:00+02:00,1702.820,1702.860,1701.770,1702.860,104
SQ:XAUUSD,2020-04-30T16:08:00+02:00,1702.860,1703.080,1702.050,1702.310,82
SQ:XAUUSD,2020-04-30T16:09:00+02:00,1702.290,1704.070,1702.240,1703.430,169
SQ:XAUUSD,2020-04-30T16:10:00+02:00,1703.430,1703.730,1702.910,1703.390,167
SQ:XAUUSD,2020-04-30T16:11:00+02:00,1703.350,1703.350,1702.040,1702.160,213
SQ:XAUUSD,2020-04-30T16:12:00+02:00,1702.160,1702.980,1701.720,1702.050,232
SQ:XAUUSD,2020-04-30T16:13:00+02:00,1702.070,1702.400,1701.730,1701.810,181
SQ:XAUUSD,2020-04-30T16:14:00+02:00,1701.810,1702.280,1701.520,1701.850,213
SQ:XAUUSD,2020-04-30T16:15:00+02:00,1701.830,1703.060,1701.770,1702.140,158
SQ:XAUUSD,2020-04-30T16:16:00+02:00,1702.120,1703.280,1702.030,1702.880,146
SQ:XAUUSD,2020-04-30T16:17:00+02:00,1702.920,1703.250,1702.260,1702.400,113
SQ:XAUUSD,2020-04-30T16:18:00+02:00,1702.400,1704.300,1701.530,1703.760,175
SQ:XAUUSD,2020-04-30T16:19:00+02:00,1703.760,1703.770,1703.110,1703.520,131
SQ:XAUUSD,2020-04-30T16:20:00+02:00,1703.520,1703.630,1702.110,1702.560,105
SQ:XAUUSD,2020-04-30T16:21:00+02:00,1702.560,1703.940,1702.560,1703.300,134
SQ:XAUUSD,2020-04-30T16:22:00+02:00,1703.290,1703.500,1702.110,1702.170,113
SQ:XAUUSD,2020-04-30T16:23:00+02:00,1702.260,1702.840,1702.200,1702.770,97
SQ:XAUUSD,2020-04-30T16:24:00+02:00,1702.770,1702.770,1702.130,1702.130,112
SQ:XAUUSD,2020-04-30T16:25:00+02:00,1702.130,1702.730,1701.720,1702.330,87
SQ:XAUUSD,2020-04-30T16:26:00+02:00,1702.320,1703.200,1701.880,1703.170,196
SQ:XAUUSD,2020-04-30T16:27:00+02:00,1703.270,1704.350,1703.220,1704.180,124
SQ:XAUUSD,2020-04-30T16:28:00+02:00,1704.180,1707.110,1704.120,1705.550,322
SQ:XAUUSD,2020-04-30T16:29:00+02:00,1705.580,1705.940,1704.770,1705.150,171
SQ:XAUUSD,2020-04-30T16:30:00+02:00,1705.150,1705.720,1704.140,1704.250,173
SQ:XAUUSD,2020-04-30T16:31:00+02:00,1704.250,1706.370,1704.120,1705.910,187
SQ:XAUUSD,2020-04-30T16:32:00+02:00,1705.910,1705.930,1704.270,1705.550,297
SQ:XAUUSD,2020-04-30T16:33:00+02:00,1705.536,1705.980,1704.590,1704.590,409
SQ:XAUUSD,2020-04-30T16:34:00+02:00,1704.630,1705.530,1704.050,1705.530,303
SQ:XAUUSD,2020-04-30T16:35:00+02:00,1704.836,1705.930,1704.610,1704.890,288
SQ:XAUUSD,2020-04-30T16:36:00+02:00,1704.830,1705.430,1704.590,1704.760,236
SQ:XAUUSD,2020-04-30T16:37:00+02:00,1704.616,1705.660,1703.760,1705.660,265
SQ:XAUUSD,2020-04-30T16:38:00+02:00,1705.700,1707.360,1705.420,1706.680,325
SQ:XAUUSD,2020-04-30T16:39:00+02:00,1706.680,1707.040,1706.020,1706.560,268
SQ:XAUUSD,2020-04-30T16:40:00+02:00,1706.560,1707.170,1706.000,1706.200,204
SQ:XAUUSD,2020-04-30T16:41:00+02:00,1706.210,1707.620,1706.020,1706.210,276
SQ:XAUUSD,2020-04-30T16:42:00+02:00,1706.210,1707.170,1705.560,1705.680,234
SQ:XAUUSD,2020-04-30T16:43:00+02:00,1705.620,1706.000,1704.610,1705.340,230
SQ:XAUUSD,2020-04-30T16:44:00+02:00,1705.200,1705.930,1704.510,1705.780,311
SQ:XAUUSD,2020-04-30T16:45:00+02:00,1705.960,1706.420,1704.862,1705.130,261
SQ:XAUUSD,2020-04-30T16:46:00+02:00,1705.130,1706.150,1704.810,1704.890,308
SQ:XAUUSD,2020-04-30T16:47:00+02:00,1704.930,1705.180,1704.250,1704.740,187
SQ:XAUUSD,2020-04-30T16:48:00+02:00,1704.740,1705.910,1704.220,1704.580,248
SQ:XAUUSD,2020-04-30T16:49:00+02:00,1704.580,1704.580,1703.810,1703.990,94
SQ:XAUUSD,2020-04-30T16:50:00+02:00,1703.990,1704.270,1703.770,1704.240,92
SQ:XAUUSD,2020-04-30T16:51:00+02:00,1704.260,1704.480,1704.110,1704.280,85
SQ:XAUUSD,2020-04-30T16:52:00+02:00,1704.310,1705.260,1704.250,1704.530,130
SQ:XAUUSD,2020-04-30T16:53:00+02:00,1704.530,1704.570,1703.480,1704.230,212
SQ:XAUUSD,2020-04-30T16:54:00+02:00,1704.340,1704.560,1704.100,1704.180,173
SQ:XAUUSD,2020-04-30T16:55:00+02:00,1704.190,1704.350,1703.490,1704.230,240
SQ:XAUUSD,2020-04-30T16:56:00+02:00,1704.230,1704.580,1703.600,1703.980,363
SQ:XAUUSD,2020-04-30T16:57:00+02:00,1703.970,1705.360,1703.880,1704.890,234
SQ:XAUUSD,2020-04-30T16:58:00+02:00,1704.970,1705.680,1704.790,1705.436,265
SQ:XAUUSD,2020-04-30T16:59:00+02:00,1705.226,1706.486,1705.086,1705.334,508
SQ:XAUUSD,2020-04-30T17:00:00+02:00,1705.296,1705.506,1703.550,1705.288,338
SQ:XAUUSD,2020-04-30T17:01:00+02:00,1705.340,1708.380,1705.340,1707.580,487
SQ:XAUUSD,2020-04-30T17:02:00+02:00,1707.630,1708.228,1706.586,1707.336,562
SQ:XAUUSD,2020-04-30T17:03:00+02:00,1707.334,1707.448,1706.160,1706.574,336
SQ:XAUUSD,2020-04-30T17:04:00+02:00,1706.534,1707.446,1706.290,1706.586,340
SQ:XAUUSD,2020-04-30T17:05:00+02:00,1706.626,1707.596,1706.606,1707.124,344
SQ:XAUUSD,2020-04-30T17:06:00+02:00,1707.094,1707.552,1705.960,1705.960,279
SQ:XAUUSD,2020-04-30T17:07:00+02:00,1705.900,1707.218,1705.460,1707.152,323
SQ:XAUUSD,2020-04-30T17:08:00+02:00,1707.142,1707.466,1706.326,1706.326,243
SQ:XAUUSD,2020-04-30T17:09:00+02:00,1706.516,1707.044,1706.042,1706.864,281
SQ:XAUUSD,2020-04-30T17:10:00+02:00,1706.844,1706.894,1704.360,1705.142,342
SQ:XAUUSD,2020-04-30T17:11:00+02:00,1705.120,1705.716,1704.982,1705.502,286
SQ:XAUUSD,2020-04-30T17:12:00+02:00,1705.492,1705.736,1704.788,1704.868,245
SQ:XAUUSD,2020-04-30T17:13:00+02:00,1704.954,1705.258,1704.450,1704.998,214
SQ:XAUUSD,2020-04-30T17:14:00+02:00,1704.998,1705.078,1703.990,1703.990,197
SQ:XAUUSD,2020-04-30T17:15:00+02:00,1703.990,1704.806,1703.990,1704.384,168
SQ:XAUUSD,2020-04-30T17:16:00+02:00,1704.314,1704.662,1703.824,1704.210,212
SQ:XAUUSD,2020-04-30T17:17:00+02:00,1704.210,1704.426,1703.520,1703.540,277
SQ:XAUUSD,2020-04-30T17:18:00+02:00,1703.540,1704.858,1703.400,1704.390,168
SQ:XAUUSD,2020-04-30T17:19:00+02:00,1704.390,1704.470,1703.410,1703.886,173
SQ:XAUUSD,2020-04-30T17:20:00+02:00,1703.898,1704.136,1702.300,1702.780,321
SQ:XAUUSD,2020-04-30T17:21:00+02:00,1702.780,1703.660,1702.750,1702.940,114
SQ:XAUUSD,2020-04-30T17:22:00+02:00,1702.940,1703.290,1702.390,1702.490,101
SQ:XAUUSD,2020-04-30T17:23:00+02:00,1702.490,1703.210,1702.380,1703.200,83
SQ:XAUUSD,2020-04-30T17:24:00+02:00,1703.180,1703.950,1702.730,1702.858,140
SQ:XAUUSD,2020-04-30T17:25:00+02:00,1702.880,1703.620,1702.380,1703.570,166
SQ:XAUUSD,2020-04-30T17:26:00+02:00,1703.570,1703.580,1702.890,1703.070,248
SQ:XAUUSD,2020-04-30T17:27:00+02:00,1703.080,1704.200,1703.040,1704.200,164
SQ:XAUUSD,2020-04-30T17:28:00+02:00,1704.180,1704.250,1703.920,1703.960,126
SQ:XAUUSD,2020-04-30T17:29:00+02:00,1703.960,1704.420,1703.740,1704.110,115
SQ:XAUUSD,2020-04-30T17:30:00+02:00,1704.110,1704.540,1703.980,1704.490,123
SQ:XAUUSD,2020-04-30T17:31:00+02:00,1704.490,1704.550,1704.040,1704.040,78
SQ:XAUUSD,2020-04-30T17:32:00+02:00,1704.100,1704.620,1703.850,1704.378,115
SQ:XAUUSD,2020-04-30T17:33:00+02:00,1704.378,1704.510,1703.950,1704.010,101
SQ:XAUUSD,2020-04-30T17:34:00+02:00,1703.980,1704.060,1701.450,1702.560,272
SQ:XAUUSD,2020-04-30T17:35:00+02:00,1702.560,1703.680,1702.270,1703.090,169
SQ:XAUUSD,2020-04-30T17:36:00+02:00,1703.010,1703.840,1703.010,1703.660,78
SQ:XAUUSD,2020-04-30T17:37:00+02:00,1703.660,1704.440,1703.550,1704.380,91
SQ:XAUUSD,2020-04-30T17:38:00+02:00,1704.380,1704.520,1703.840,1704.270,126
SQ:XAUUSD,2020-04-30T17:39:00+02:00,1704.270,1704.610,1704.270,1704.300,87
SQ:XAUUSD,2020-04-30T17:40:00+02:00,1704.330,1704.500,1703.760,1703.930,101
SQ:XAUUSD,2020-04-30T17:41:00+02:00,1703.930,1704.000,1702.180,1703.498,162
SQ:XAUUSD,2020-04-30T17:42:00+02:00,1703.496,1704.590,1703.020,1703.810,153
SQ:XAUUSD,2020-04-30T17:43:00+02:00,1703.700,1703.720,1702.950,1703.070,103
SQ:XAUUSD,2020-04-30T17:44:00+02:00,1703.080,1703.440,1702.050,1702.200,116
SQ:XAUUSD,2020-04-30T17:45:00+02:00,1702.200,1702.600,1702.190,1702.510,65
SQ:XAUUSD,2020-04-30T17:46:00+02:00,1702.470,1703.090,1702.170,1703.090,63
SQ:XAUUSD,2020-04-30T17:47:00+02:00,1703.090,1703.090,1702.240,1702.350,88
SQ:XAUUSD,2020-04-30T17:48:00+02:00,1702.350,1702.820,1702.170,1702.760,59
SQ:XAUUSD,2020-04-30T17:49:00+02:00,1702.760,1702.780,1699.590,1699.800,174
SQ:XAUUSD,2020-04-30T17:50:00+02:00,1699.780,1700.530,1698.690,1698.730,205
SQ:XAUUSD,2020-04-30T17:51:00+02:00,1698.730,1699.880,1698.650,1699.340,259
SQ:XAUUSD,2020-04-30T17:52:00+02:00,1699.300,1699.520,1696.180,1697.070,408
SQ:XAUUSD,2020-04-30T17:53:00+02:00,1697.070,1698.900,1697.070,1698.800,204
SQ:XAUUSD,2020-04-30T17:54:00+02:00,1698.790,1698.920,1697.520,1698.400,262
SQ:XAUUSD,2020-04-30T17:55:00+02:00,1698.530,1699.510,1697.620,1699.170,259
SQ:XAUUSD,2020-04-30T17:56:00+02:00,1699.170,1699.860,1698.120,1698.190,211
SQ:XAUUSD,2020-04-30T17:57:00+02:00,1698.220,1698.220,1696.830,1697.360,255
SQ:XAUUSD,2020-04-30T17:58:00+02:00,1697.370,1697.370,1695.370,1696.100,408
SQ:XAUUSD,2020-04-30T17:59:00+02:00,1696.220,1696.530,1691.870,1693.040,670
SQ:XAUUSD,2020-04-30T18:00:00+02:00,1693.970,1694.850,1693.050,1694.460,275
SQ:XAUUSD,2020-04-30T18:01:00+02:00,1694.460,1695.980,1694.260,1695.970,157
SQ:XAUUSD,2020-04-30T18:02:00+02:00,1695.970,1696.090,1694.200,1695.450,206
SQ:XAUUSD,2020-04-30T18:03:00+02:00,1695.450,1695.680,1694.450,1695.150,121
SQ:XAUUSD,2020-04-30T18:04:00+02:00,1695.150,1696.010,1694.640,1694.770,290
SQ:XAUUSD,2020-04-30T18:05:00+02:00,1694.770,1695.510,1691.850,1692.570,378
SQ:XAUUSD,2020-04-30T18:06:00+02:00,1692.490,1692.560,1689.390,1691.250,498
SQ:XAUUSD,2020-04-30T18:07:00+02:00,1691.260,1692.490,1689.410,1690.750,304
SQ:XAUUSD,2020-04-30T18:08:00+02:00,1690.750,1691.660,1689.650,1691.500,131
SQ:XAUUSD,2020-04-30T18:09:00+02:00,1691.500,1693.090,1691.380,1691.930,275
SQ:XAUUSD,2020-04-30T18:10:00+02:00,1691.850,1692.740,1691.490,1692.720,175
SQ:XAUUSD,2020-04-30T18:11:00+02:00,1692.720,1693.170,1691.850,1692.480,236
SQ:XAUUSD,2020-04-30T18:12:00+02:00,1692.480,1692.550,1691.110,1691.910,273
SQ:XAUUSD,2020-04-30T18:13:00+02:00,1691.910,1692.060,1691.520,1691.750,98
SQ:XAUUSD,2020-04-30T18:14:00+02:00,1691.750,1691.964,1691.180,1691.740,193
SQ:XAUUSD,2020-04-30T18:15:00+02:00,1691.750,1691.780,1686.070,1687.304,541
SQ:XAUUSD,2020-04-30T18:16:00+02:00,1687.344,1687.344,1683.258,1685.230,468
SQ:XAUUSD,2020-04-30T18:17:00+02:00,1685.230,1686.320,1681.190,1682.620,431
SQ:XAUUSD,2020-04-30T18:18:00+02:00,1682.640,1684.960,1681.320,1684.650,402
SQ:XAUUSD,2020-04-30T18:19:00+02:00,1684.550,1685.100,1683.920,1684.750,192
SQ:XAUUSD,2020-04-30T18:20:00+02:00,1684.750,1686.190,1683.880,1685.940,364
SQ:XAUUSD,2020-04-30T18:21:00+02:00,1685.940,1686.940,1685.582,1686.390,324
SQ:XAUUSD,2020-04-30T18:22:00+02:00,1686.500,1688.570,1685.450,1688.170,549
SQ:XAUUSD,2020-04-30T18:23:00+02:00,1688.160,1689.430,1687.660,1688.060,494
SQ:XAUUSD,2020-04-30T18:24:00+02:00,1688.020,1688.840,1687.530,1688.240,214
SQ:XAUUSD,2020-04-30T18:25:00+02:00,1688.240,1688.302,1685.660,1686.114,317
SQ:XAUUSD,2020-04-30T18:26:00+02:00,1686.124,1687.390,1685.780,1687.162,270
SQ:XAUUSD,2020-04-30T18:27:00+02:00,1687.202,1687.672,1686.310,1687.412,283
SQ:XAUUSD,2020-04-30T18:28:00+02:00,1687.450,1687.650,1685.550,1685.740,314
SQ:XAUUSD,2020-04-30T18:29:00+02:00,1685.740,1687.650,1685.460,1687.400,258
SQ:XAUUSD,2020-04-30T18:30:00+02:00,1687.400,1687.400,1685.090,1685.468,247
SQ:XAUUSD,2020-04-30T18:31:00+02:00,1685.478,1686.750,1685.260,1685.260,162
SQ:XAUUSD,2020-04-30T18:32:00+02:00,1685.260,1686.900,1685.210,1686.550,120
SQ:XAUUSD,2020-04-30T18:33:00+02:00,1686.510,1688.140,1685.960,1687.820,114
SQ:XAUUSD,2020-04-30T18:34:00+02:00,1687.880,1691.380,1687.540,1689.940,325
SQ:XAUUSD,2020-04-30T18:35:00+02:00,1689.940,1689.940,1688.450,1688.660,172
SQ:XAUUSD,2020-04-30T18:36:00+02:00,1688.660,1690.710,1687.708,1690.310,170
SQ:XAUUSD,2020-04-30T18:37:00+02:00,1690.290,1690.290,1688.670,1688.670,111
SQ:XAUUSD,2020-04-30T18:38:00+02:00,1688.670,1689.240,1687.660,1688.200,84
SQ:XAUUSD,2020-04-30T18:39:00+02:00,1688.200,1688.230,1686.410,1687.610,112
SQ:XAUUSD,2020-04-30T18:40:00+02:00,1687.790,1687.790,1685.980,1686.350,198
SQ:XAUUSD,2020-04-30T18:41:00+02:00,1686.300,1687.060,1685.790,1685.840,121
SQ:XAUUSD,2020-04-30T18:42:00+02:00,1686.530,1688.010,1685.810,1687.750,131
SQ:XAUUSD,2020-04-30T18:43:00+02:00,1687.750,1687.880,1687.360,1687.570,67
SQ:XAUUSD,2020-04-30T18:44:00+02:00,1687.500,1687.680,1686.560,1687.490,149
SQ:XAUUSD,2020-04-30T18:45:00+02:00,1687.490,1688.800,1687.090,1687.740,150
SQ:XAUUSD,2020-04-30T18:46:00+02:00,1687.690,1687.690,1685.612,1685.780,88
SQ:XAUUSD,2020-04-30T18:47:00+02:00,1685.720,1685.950,1684.800,1685.090,211
SQ:XAUUSD,2020-04-30T18:48:00+02:00,1685.230,1686.460,1684.970,1685.940,272
SQ:XAUUSD,2020-04-30T18:49:00+02:00,1685.940,1686.990,1685.840,1686.950,100
SQ:XAUUSD,2020-04-30T18:50:00+02:00,1686.950,1687.000,1684.700,1685.550,122
SQ:XAUUSD,2020-04-30T18:51:00+02:00,1685.550,1687.100,1685.550,1686.500,120
SQ:XAUUSD,2020-04-30T18:52:00+02:00,1686.440,1688.110,1686.300,1687.310,172
SQ:XAUUSD,2020-04-30T18:53:00+02:00,1687.290,1688.068,1686.310,1687.570,287
SQ:XAUUSD,2020-04-30T18:54:00+02:00,1687.570,1688.190,1686.420,1686.570,288
SQ:XAUUSD,2020-04-30T18:55:00+02:00,1687.012,1687.948,1686.550,1687.580,198
SQ:XAUUSD,2020-04-30T18:56:00+02:00,1687.580,1688.108,1686.010,1686.010,272
SQ:XAUUSD,2020-04-30T18:57:00+02:00,1686.050,1687.808,1686.020,1687.000,252
SQ:XAUUSD,2020-04-30T18:58:00+02:00,1686.920,1688.080,1685.800,1687.830,320
SQ:XAUUSD,2020-04-30T18:59:00+02:00,1687.640,1688.056,1686.920,1687.458,358
SQ:XAUUSD,2020-04-30T19:00:00+02:00,1687.190,1688.860,1687.128,1688.360,427
SQ:XAUUSD,2020-04-30T19:01:00+02:00,1688.000,1689.330,1687.400,1688.110,320
SQ:XAUUSD,2020-04-30T19:02:00+02:00,1688.120,1690.640,1688.110,1689.786,665
SQ:XAUUSD,2020-04-30T19:03:00+02:00,1689.784,1690.600,1689.420,1689.720,485
SQ:XAUUSD,2020-04-30T19:04:00+02:00,1690.180,1691.170,1688.830,1688.850,300
SQ:XAUUSD,2020-04-30T19:05:00+02:00,1688.850,1689.920,1688.390,1688.940,206
SQ:XAUUSD,2020-04-30T19:06:00+02:00,1689.100,1689.530,1688.370,1689.210,109
SQ:XAUUSD,2020-04-30T19:07:00+02:00,1689.160,1689.450,1687.580,1688.340,123
SQ:XAUUSD,2020-04-30T19:08:00+02:00,1688.340,1689.380,1688.200,1688.590,167
SQ:XAUUSD,2020-04-30T19:09:00+02:00,1688.590,1689.330,1687.880,1689.250,61
SQ:XAUUSD,2020-04-30T19:10:00+02:00,1689.250,1690.620,1688.870,1689.120,160
SQ:XAUUSD,2020-04-30T19:11:00+02:00,1689.110,1689.510,1687.730,1687.800,186
SQ:XAUUSD,2020-04-30T19:12:00+02:00,1687.880,1688.140,1685.950,1686.270,322
SQ:XAUUSD,2020-04-30T19:13:00+02:00,1686.320,1688.280,1685.920,1688.280,199
SQ:XAUUSD,2020-04-30T19:14:00+02:00,1688.280,1690.110,1687.880,1689.850,294
SQ:XAUUSD,2020-04-30T19:15:00+02:00,1690.110,1690.370,1688.030,1688.130,246
SQ:XAUUSD,2020-04-30T19:16:00+02:00,1688.160,1688.800,1686.770,1686.770,188
SQ:XAUUSD,2020-04-30T19:17:00+02:00,1686.750,1687.192,1685.820,1686.680,290
SQ:XAUUSD,2020-04-30T19:18:00+02:00,1686.680,1686.854,1685.520,1686.500,404
SQ:XAUUSD,2020-04-30T19:19:00+02:00,1686.500,1687.470,1686.450,1686.880,234
SQ:XAUUSD,2020-04-30T19:20:00+02:00,1686.660,1686.940,1686.250,1686.610,240
SQ:XAUUSD,2020-04-30T19:21:00+02:00,1686.580,1686.930,1685.370,1685.930,348
SQ:XAUUSD,2020-04-30T19:22:00+02:00,1685.900,1686.160,1685.310,1685.578,323
SQ:XAUUSD,2020-04-30T19:23:00+02:00,1685.596,1685.980,1684.740,1685.000,370
SQ:XAUUSD,2020-04-30T19:24:00+02:00,1685.000,1685.830,1684.740,1685.600,210
SQ:XAUUSD,2020-04-30T19:25:00+02:00,1685.590,1685.640,1684.400,1684.630,244
SQ:XAUUSD,2020-04-30T19:26:00+02:00,1684.630,1685.420,1684.578,1685.210,109
SQ:XAUUSD,2020-04-30T19:27:00+02:00,1685.210,1685.300,1684.344,1685.230,169
SQ:XAUUSD,2020-04-30T19:28:00+02:00,1685.230,1685.230,1684.410,1684.610,186
SQ:XAUUSD,2020-04-30T19:29:00+02:00,1684.660,1685.970,1684.660,1684.820,385
SQ:XAUUSD,2020-04-30T19:30:00+02:00,1684.770,1685.960,1684.740,1685.840,234
SQ:XAUUSD,2020-04-30T19:31:00+02:00,1685.840,1686.072,1685.140,1685.812,101
SQ:XAUUSD,2020-04-30T19:32:00+02:00,1685.620,1686.300,1685.260,1685.260,143
SQ:XAUUSD,2020-04-30T19:33:00+02:00,1685.260,1686.050,1685.198,1685.296,267
SQ:XAUUSD,2020-04-30T19:34:00+02:00,1685.350,1685.830,1684.150,1684.640,295
SQ:XAUUSD,2020-04-30T19:35:00+02:00,1684.640,1684.850,1684.240,1684.320,144
SQ:XAUUSD,2020-04-30T19:36:00+02:00,1684.320,1684.648,1683.630,1684.350,147
SQ:XAUUSD,2020-04-30T19:37:00+02:00,1684.360,1685.270,1684.310,1685.004,96
SQ:XAUUSD,2020-04-30T19:38:00+02:00,1685.004,1685.280,1684.780,1685.220,46
SQ:XAUUSD,2020-04-30T19:39:00+02:00,1685.220,1685.740,1684.940,1685.550,66
SQ:XAUUSD,2020-04-30T19:40:00+02:00,1685.520,1685.520,1684.730,1685.100,192
SQ:XAUUSD,2020-04-30T19:41:00+02:00,1685.160,1685.590,1684.290,1684.450,259
SQ:XAUUSD,2020-04-30T19:42:00+02:00,1684.450,1685.240,1684.210,1684.820,335
SQ:XAUUSD,2020-04-30T19:43:00+02:00,1684.770,1685.460,1684.470,1684.600,265
SQ:XAUUSD,2020-04-30T19:44:00+02:00,1684.490,1685.630,1684.440,1684.640,163
SQ:XAUUSD,2020-04-30T19:45:00+02:00,1684.630,1685.380,1684.280,1684.680,239
SQ:XAUUSD,2020-04-30T19:46:00+02:00,1684.640,1685.110,1683.660,1684.740,247
SQ:XAUUSD,2020-04-30T19:47:00+02:00,1684.740,1684.800,1683.860,1684.180,171
SQ:XAUUSD,2020-04-30T19:48:00+02:00,1684.180,1684.330,1683.970,1684.120,69
SQ:XAUUSD,2020-04-30T19:49:00+02:00,1684.050,1684.820,1684.000,1684.390,159
SQ:XAUUSD,2020-04-30T19:50:00+02:00,1684.390,1684.480,1683.590,1683.800,90
SQ:XAUUSD,2020-04-30T19:51:00+02:00,1683.800,1684.192,1683.570,1683.932,122
SQ:XAUUSD,2020-04-30T19:52:00+02:00,1683.948,1684.162,1683.170,1683.810,232
SQ:XAUUSD,2020-04-30T19:53:00+02:00,1683.770,1684.118,1683.400,1683.752,153
SQ:XAUUSD,2020-04-30T19:54:00+02:00,1683.752,1684.040,1683.470,1683.870,233
SQ:XAUUSD,2020-04-30T19:55:00+02:00,1683.840,1684.476,1683.554,1683.918,319
SQ:XAUUSD,2020-04-30T19:56:00+02:00,1683.918,1684.324,1683.598,1683.800,331
SQ:XAUUSD,2020-04-30T19:57:00+02:00,1683.590,1684.386,1683.310,1684.370,392
SQ:XAUUSD,2020-04-30T19:58:00+02:00,1684.380,1684.442,1683.356,1684.160,349
SQ:XAUUSD,2020-04-30T19:59:00+02:00,1684.160,1684.292,1683.330,1683.340,431
SQ:XAUUSD,2020-04-30T20:00:00+02:00,1683.340,1684.088,1683.340,1684.058,105
SQ:XAUUSD,2020-04-30T20:01:00+02:00,1684.058,1684.088,1683.270,1683.610,252
SQ:XAUUSD,2020-04-30T20:02:00+02:00,1683.620,1684.540,1683.600,1684.250,356
SQ:XAUUSD,2020-04-30T20:03:00+02:00,1684.250,1684.390,1684.030,1684.120,154
SQ:XAUUSD,2020-04-30T20:04:00+02:00,1684.250,1684.368,1683.710,1684.060,200
SQ:XAUUSD,2020-04-30T20:05:00+02:00,1684.340,1684.340,1683.590,1684.030,137
SQ:XAUUSD,2020-04-30T20:06:00+02:00,1684.030,1684.040,1683.374,1683.890,78
SQ:XAUUSD,2020-04-30T20:07:00+02:00,1683.890,1684.130,1683.580,1683.930,73
SQ:XAUUSD,2020-04-30T20:08:00+02:00,1683.930,1684.570,1683.900,1684.400,85
SQ:XAUUSD,2020-04-30T20:09:00+02:00,1684.400,1684.730,1684.000,1684.674,93
SQ:XAUUSD,2020-04-30T20:10:00+02:00,1684.650,1685.200,1683.870,1684.630,139
SQ:XAUUSD,2020-04-30T20:11:00+02:00,1684.630,1684.862,1683.980,1684.130,48
SQ:XAUUSD,2020-04-30T20:12:00+02:00,1684.130,1684.240,1683.880,1684.240,68
SQ:XAUUSD,2020-04-30T20:13:00+02:00,1684.240,1684.390,1683.370,1683.730,175
SQ:XAUUSD,2020-04-30T20:14:00+02:00,1683.730,1684.690,1683.520,1684.380,60
SQ:XAUUSD,2020-04-30T20:15:00+02:00,1684.380,1685.070,1684.030,1685.030,51
SQ:XAUUSD,2020-04-30T20:16:00+02:00,1685.030,1685.030,1683.968,1684.610,50
SQ:XAUUSD,2020-04-30T20:17:00+02:00,1684.560,1684.820,1684.420,1684.480,26
SQ:XAUUSD,2020-04-30T20:18:00+02:00,1684.490,1684.490,1683.810,1683.886,107
SQ:XAUUSD,2020-04-30T20:19:00+02:00,1683.886,1684.170,1683.820,1683.860,64
SQ:XAUUSD,2020-04-30T20:20:00+02:00,1683.860,1684.070,1683.720,1684.040,47
SQ:XAUUSD,2020-04-30T20:21:00+02:00,1684.040,1684.420,1683.980,1684.410,28
SQ:XAUUSD,2020-04-30T20:22:00+02:00,1684.410,1684.590,1684.130,1684.250,61
SQ:XAUUSD,2020-04-30T20:23:00+02:00,1684.250,1684.572,1684.180,1684.260,36
SQ:XAUUSD,2020-04-30T20:24:00+02:00,1684.260,1684.340,1684.120,1684.218,48
SQ:XAUUSD,2020-04-30T20:25:00+02:00,1684.228,1684.260,1684.060,1684.090,110
SQ:XAUUSD,2020-04-30T20:26:00+02:00,1684.060,1684.530,1683.758,1684.530,58
SQ:XAUUSD,2020-04-30T20:27:00+02:00,1684.530,1684.840,1683.460,1684.288,57
SQ:XAUUSD,2020-04-30T20:28:00+02:00,1684.248,1686.020,1683.890,1685.820,213
SQ:XAUUSD,2020-04-30T20:29:00+02:00,1685.820,1687.090,1685.790,1686.570,153
SQ:XAUUSD,2020-04-30T20:30:00+02:00,1686.570,1686.890,1685.700,1686.050,87
SQ:XAUUSD,2020-04-30T20:31:00+02:00,1686.050,1686.320,1684.930,1685.626,109
SQ:XAUUSD,2020-04-30T20:32:00+02:00,1685.656,1686.810,1685.424,1685.982,302
SQ:XAUUSD,2020-04-30T20:33:00+02:00,1685.984,1686.320,1685.108,1686.190,220
SQ:XAUUSD,2020-04-30T20:34:00+02:00,1686.170,1686.454,1685.880,1685.948,104
SQ:XAUUSD,2020-04-30T20:35:00+02:00,1685.960,1686.148,1685.342,1685.882,261
SQ:XAUUSD,2020-04-30T20:36:00+02:00,1685.882,1686.516,1685.590,1686.308,165
SQ:XAUUSD,2020-04-30T20:37:00+02:00,1686.184,1686.184,1685.520,1685.900,320
SQ:XAUUSD,2020-04-30T20:38:00+02:00,1685.880,1686.474,1685.300,1686.384,242
SQ:XAUUSD,2020-04-30T20:39:00+02:00,1686.554,1687.330,1686.010,1686.920,176
SQ:XAUUSD,2020-04-30T20:40:00+02:00,1686.920,1688.110,1686.590,1687.264,435
SQ:XAUUSD,2020-04-30T20:41:00+02:00,1687.294,1688.242,1686.680,1686.760,392
SQ:XAUUSD,2020-04-30T20:42:00+02:00,1686.760,1687.626,1686.690,1687.190,106
SQ:XAUUSD,2020-04-30T20:43:00+02:00,1687.180,1687.416,1686.690,1687.110,119
SQ:XAUUSD,2020-04-30T20:44:00+02:00,1687.100,1687.402,1684.310,1684.310,222
SQ:XAUUSD,2020-04-30T20:45:00+02:00,1684.310,1684.320,1682.400,1682.860,214
SQ:XAUUSD,2020-04-30T20:46:00+02:00,1682.850,1683.612,1682.740,1683.582,209
SQ:XAUUSD,2020-04-30T20:47:00+02:00,1683.582,1683.582,1682.740,1683.060,172
SQ:XAUUSD,2020-04-30T20:48:00+02:00,1683.040,1683.450,1682.910,1683.030,78
SQ:XAUUSD,2020-04-30T20:49:00+02:00,1683.030,1683.210,1683.030,1683.080,36
SQ:XAUUSD,2020-04-30T20:50:00+02:00,1683.060,1683.640,1682.850,1682.890,133
SQ:XAUUSD,2020-04-30T20:51:00+02:00,1682.890,1683.140,1682.830,1683.100,104
SQ:XAUUSD,2020-04-30T20:52:00+02:00,1683.040,1683.640,1682.470,1682.610,105
SQ:XAUUSD,2020-04-30T20:53:00+02:00,1682.650,1683.540,1682.650,1682.760,101
SQ:XAUUSD,2020-04-30T20:54:00+02:00,1682.710,1683.230,1682.190,1682.890,109
SQ:XAUUSD,2020-04-30T20:55:00+02:00,1682.890,1683.060,1681.190,1681.190,122
SQ:XAUUSD,2020-04-30T20:56:00+02:00,1681.050,1684.050,1680.950,1683.690,211
SQ:XAUUSD,2020-04-30T20:57:00+02:00,1683.690,1684.450,1683.690,1683.860,172
SQ:XAUUSD,2020-04-30T20:58:00+02:00,1683.910,1684.820,1683.700,1684.680,97
SQ:XAUUSD,2020-04-30T20:59:00+02:00,1684.680,1684.680,1684.130,1684.260,72
SQ:XAUUSD,2020-04-30T21:00:00+02:00,1684.220,1684.610,1682.750,1682.970,170
SQ:XAUUSD,2020-04-30T21:01:00+02:00,1682.970,1684.320,1681.990,1683.910,166
SQ:XAUUSD,2020-04-30T21:02:00+02:00,1683.910,1684.920,1683.760,1684.720,87
SQ:XAUUSD,2020-04-30T21:03:00+02:00,1684.720,1685.190,1684.510,1684.780,95
SQ:XAUUSD,2020-04-30T21:04:00+02:00,1684.780,1684.780,1684.050,1684.420,51
SQ:XAUUSD,2020-04-30T21:05:00+02:00,1684.420,1684.580,1684.120,1684.270,50
SQ:XAUUSD,2020-04-30T21:06:00+02:00,1684.270,1685.660,1684.110,1685.660,94
SQ:XAUUSD,2020-04-30T21:07:00+02:00,1685.660,1686.770,1685.200,1686.730,74
SQ:XAUUSD,2020-04-30T21:08:00+02:00,1686.750,1687.420,1685.904,1686.480,113
SQ:XAUUSD,2020-04-30T21:09:00+02:00,1686.480,1687.110,1685.210,1685.740,149
SQ:XAUUSD,2020-04-30T21:10:00+02:00,1685.730,1686.080,1685.110,1685.124,250
SQ:XAUUSD,2020-04-30T21:11:00+02:00,1685.140,1685.708,1684.620,1684.662,153
SQ:XAUUSD,2020-04-30T21:12:00+02:00,1684.620,1687.100,1684.600,1686.260,186
SQ:XAUUSD,2020-04-30T21:13:00+02:00,1686.260,1686.830,1686.260,1686.560,97
SQ:XAUUSD,2020-04-30T21:14:00+02:00,1686.560,1686.730,1686.100,1686.730,62
SQ:XAUUSD,2020-04-30T21:15:00+02:00,1686.730,1686.890,1686.130,1686.500,104
SQ:XAUUSD,2020-04-30T21:16:00+02:00,1686.500,1687.130,1686.230,1686.800,113
SQ:XAUUSD,2020-04-30T21:17:00+02:00,1686.800,1687.280,1686.250,1686.760,69
SQ:XAUUSD,2020-04-30T21:18:00+02:00,1686.760,1687.340,1686.320,1686.320,50
SQ:XAUUSD,2020-04-30T21:19:00+02:00,1686.320,1687.080,1686.110,1686.890,48
SQ:XAUUSD,2020-04-30T21:20:00+02:00,1686.890,1687.450,1686.730,1686.820,47
SQ:XAUUSD,2020-04-30T21:21:00+02:00,1686.820,1687.630,1686.820,1687.450,43
SQ:XAUUSD,2020-04-30T21:22:00+02:00,1687.530,1688.060,1687.032,1688.010,117
SQ:XAUUSD,2020-04-30T21:23:00+02:00,1688.010,1688.750,1687.150,1688.110,90
SQ:XAUUSD,2020-04-30T21:24:00+02:00,1688.110,1688.110,1686.870,1686.890,46
SQ:XAUUSD,2020-04-30T21:25:00+02:00,1686.890,1687.270,1686.660,1686.770,65
SQ:XAUUSD,2020-04-30T21:26:00+02:00,1686.820,1686.910,1685.902,1686.290,150
SQ:XAUUSD,2020-04-30T21:27:00+02:00,1686.250,1686.300,1685.080,1685.140,238
SQ:XAUUSD,2020-04-30T21:28:00+02:00,1685.120,1686.460,1685.100,1685.940,232
SQ:XAUUSD,2020-04-30T21:29:00+02:00,1685.900,1686.120,1685.190,1685.330,268
SQ:XAUUSD,2020-04-30T21:30:00+02:00,1685.290,1685.810,1685.250,1685.630,255
SQ:XAUUSD,2020-04-30T21:31:00+02:00,1685.630,1685.720,1685.240,1685.420,271
SQ:XAUUSD,2020-04-30T21:32:00+02:00,1685.500,1685.550,1684.410,1684.800,235
SQ:XAUUSD,2020-04-30T21:33:00+02:00,1684.800,1685.160,1684.630,1684.870,120
SQ:XAUUSD,2020-04-30T21:34:00+02:00,1684.790,1685.440,1684.594,1684.910,239
SQ:XAUUSD,2020-04-30T21:35:00+02:00,1684.950,1686.514,1684.710,1686.390,287
SQ:XAUUSD,2020-04-30T21:36:00+02:00,1686.238,1687.228,1685.990,1686.370,225
SQ:XAUUSD,2020-04-30T21:37:00+02:00,1686.370,1686.850,1685.330,1685.900,222
SQ:XAUUSD,2020-04-30T21:38:00+02:00,1685.900,1686.860,1685.600,1685.988,190
SQ:XAUUSD,2020-04-30T21:39:00+02:00,1686.028,1686.850,1685.870,1686.850,304
SQ:XAUUSD,2020-04-30T21:40:00+02:00,1686.670,1687.120,1686.410,1687.040,240
SQ:XAUUSD,2020-04-30T21:41:00+02:00,1687.050,1687.190,1686.370,1687.050,167
SQ:XAUUSD,2020-04-30T21:42:00+02:00,1686.860,1687.370,1686.380,1687.070,244
SQ:XAUUSD,2020-04-30T21:43:00+02:00,1687.090,1687.790,1686.530,1687.020,271
SQ:XAUUSD,2020-04-30T21:44:00+02:00,1687.090,1687.630,1686.350,1686.470,219
SQ:XAUUSD,2020-04-30T21:45:00+02:00,1686.470,1687.600,1686.420,1686.910,199
SQ:XAUUSD,2020-04-30T21:46:00+02:00,1686.910,1687.330,1686.350,1686.410,183
SQ:XAUUSD,2020-04-30T21:47:00+02:00,1686.440,1687.330,1685.850,1685.990,130
SQ:XAUUSD,2020-04-30T21:48:00+02:00,1685.990,1686.580,1685.990,1686.250,116
SQ:XAUUSD,2020-04-30T21:49:00+02:00,1686.310,1687.020,1686.250,1686.500,163
SQ:XAUUSD,2020-04-30T21:50:00+02:00,1686.660,1687.970,1686.660,1687.510,134
SQ:XAUUSD,2020-04-30T21:51:00+02:00,1687.510,1688.036,1687.340,1687.570,90
SQ:XAUUSD,2020-04-30T21:52:00+02:00,1687.570,1688.060,1687.560,1687.800,42
SQ:XAUUSD,2020-04-30T21:53:00+02:00,1687.808,1687.950,1687.690,1687.730,61
SQ:XAUUSD,2020-04-30T21:54:00+02:00,1687.730,1688.980,1687.730,1688.710,203
SQ:XAUUSD,2020-04-30T21:55:00+02:00,1688.710,1689.560,1688.660,1689.260,112
SQ:XAUUSD,2020-04-30T21:56:00+02:00,1689.260,1689.550,1689.040,1689.130,43
SQ:XAUUSD,2020-04-30T21:57:00+02:00,1689.130,1689.880,1689.130,1689.400,46
SQ:XAUUSD,2020-04-30T21:58:00+02:00,1689.400,1689.540,1688.450,1688.870,123
SQ:XAUUSD,2020-04-30T21:59:00+02:00,1688.770,1689.170,1685.540,1685.850,174
SQ:XAUUSD,2020-04-30T22:00:00+02:00,1685.850,1687.230,1685.850,1687.230,82
SQ:XAUUSD,2020-04-30T22:01:00+02:00,1687.260,1687.460,1686.280,1686.960,50
SQ:XAUUSD,2020-04-30T22:02:00+02:00,1686.960,1687.290,1686.450,1686.590,34
SQ:XAUUSD,2020-04-30T22:03:00+02:00,1686.590,1686.770,1685.940,1686.750,25
SQ:XAUUSD,2020-04-30T22:04:00+02:00,1686.780,1686.970,1686.000,1686.160,25
SQ:XAUUSD,2020-04-30T22:05:00+02:00,1686.160,1686.400,1685.960,1685.960,24
SQ:XAUUSD,2020-04-30T22:06:00+02:00,1686.010,1686.070,1685.480,1685.620,51
SQ:XAUUSD,2020-04-30T22:07:00+02:00,1685.620,1685.850,1684.930,1685.530,80
SQ:XAUUSD,2020-04-30T22:08:00+02:00,1685.530,1686.500,1685.500,1686.500,29
SQ:XAUUSD,2020-04-30T22:09:00+02:00,1686.500,1686.560,1686.290,1686.330,65
SQ:XAUUSD,2020-04-30T22:10:00+02:00,1686.330,1686.440,1685.990,1686.070,11
SQ:XAUUSD,2020-04-30T22:11:00+02:00,1686.110,1686.150,1685.700,1686.010,11
SQ:XAUUSD,2020-04-30T22:12:00+02:00,1686.010,1686.660,1685.720,1686.660,17
SQ:XAUUSD,2020-04-30T22:13:00+02:00,1686.660,1686.660,1685.680,1686.340,21
SQ:XAUUSD,2020-04-30T22:14:00+02:00,1686.340,1686.520,1686.160,1686.260,15
SQ:XAUUSD,2020-04-30T22:15:00+02:00,1686.260,1686.260,1686.140,1686.210,7
SQ:XAUUSD,2020-04-30T22:16:00+02:00,1686.210,1686.260,1685.760,1685.860,16
SQ:XAUUSD,2020-04-30T22:17:00+02:00,1685.860,1685.860,1685.560,1685.720,16
SQ:XAUUSD,2020-04-30T22:18:00+02:00,1685.730,1686.450,1685.730,1686.160,9
SQ:XAUUSD,2020-04-30T22:19:00+02:00,1686.210,1686.230,1685.280,1685.860,30
SQ:XAUUSD,2020-04-30T22:20:00+02:00,1685.860,1685.860,1684.700,1685.360,40
SQ:XAUUSD,2020-04-30T22:21:00+02:00,1685.330,1686.020,1685.160,1685.630,22
SQ:XAUUSD,2020-04-30T22:22:00+02:00,1685.630,1686.160,1685.630,1686.160,16
SQ:XAUUSD,2020-04-30T22:23:00+02:00,1686.160,1686.460,1686.060,1686.260,18
SQ:XAUUSD,2020-04-30T22:24:00+02:00,1686.260,1686.260,1685.750,1685.860,19
SQ:XAUUSD,2020-04-30T22:25:00+02:00,1685.860,1685.860,1684.890,1685.800,12
SQ:XAUUSD,2020-04-30T22:26:00+02:00,1685.810,1686.140,1685.810,1686.140,6
SQ:XAUUSD,2020-04-30T22:27:00+02:00,1686.150,1686.460,1685.610,1686.460,17
SQ:XAUUSD,2020-04-30T22:28:00+02:00,1686.460,1686.460,1685.340,1686.160,20
SQ:XAUUSD,2020-04-30T22:29:00+02:00,1686.160,1686.160,1683.920,1685.490,26
SQ:XAUUSD,2020-04-30T22:30:00+02:00,1685.080,1685.790,1684.880,1685.580,25
SQ:XAUUSD,2020-04-30T22:31:00+02:00,1685.740,1685.740,1685.250,1685.490,29
SQ:XAUUSD,2020-04-30T22:32:00+02:00,1685.490,1685.500,1685.340,1685.390,19
SQ:XAUUSD,2020-04-30T22:33:00+02:00,1685.390,1685.390,1684.910,1684.980,19
SQ:XAUUSD,2020-04-30T22:34:00+02:00,1684.980,1684.980,1683.590,1684.200,47
SQ:XAUUSD,2020-04-30T22:35:00+02:00,1684.300,1684.350,1682.790,1682.890,56
SQ:XAUUSD,2020-04-30T22:36:00+02:00,1682.890,1684.780,1682.790,1684.370,42
SQ:XAUUSD,2020-04-30T22:37:00+02:00,1684.320,1684.320,1682.870,1683.590,26
SQ:XAUUSD,2020-04-30T22:38:00+02:00,1683.590,1683.650,1682.630,1683.640,33
SQ:XAUUSD,2020-04-30T22:39:00+02:00,1683.570,1684.640,1683.230,1683.300,13
SQ:XAUUSD,2020-04-30T22:40:00+02:00,1683.370,1684.390,1683.300,1684.290,11
SQ:XAUUSD,2020-04-30T22:41:00+02:00,1684.240,1684.240,1683.010,1683.080,11
SQ:XAUUSD,2020-04-30T22:42:00+02:00,1683.080,1683.330,1682.000,1682.080,36
SQ:XAUUSD,2020-04-30T22:43:00+02:00,1682.080,1683.680,1681.380,1682.420,46
SQ:XAUUSD,2020-04-30T22:44:00+02:00,1683.690,1683.690,1681.650,1682.320,41
SQ:XAUUSD,2020-04-30T22:45:00+02:00,1682.320,1682.990,1681.700,1682.960,46
SQ:XAUUSD,2020-04-30T22:46:00+02:00,1682.960,1683.060,1681.720,1682.720,36
SQ:XAUUSD,2020-04-30T22:47:00+02:00,1682.650,1683.390,1682.060,1682.940,46
SQ:XAUUSD,2020-04-30T22:48:00+02:00,1682.940,1683.110,1682.560,1682.980,29
SQ:XAUUSD,2020-04-30T22:49:00+02:00,1682.980,1683.360,1682.440,1682.700,46
SQ:XAUUSD,2020-04-30T22:50:00+02:00,1682.700,1683.900,1682.100,1683.420,60
SQ:XAUUSD,2020-04-30T22:51:00+02:00,1683.420,1685.160,1683.420,1685.110,41
SQ:XAUUSD,2020-04-30T22:52:00+02:00,1685.110,1685.680,1684.830,1685.680,46
SQ:XAUUSD,2020-04-30T22:53:00+02:00,1685.680,1685.940,1685.510,1685.910,13
SQ:XAUUSD,2020-04-30T22:54:00+02:00,1685.910,1685.910,1685.380,1685.690,12
